Copyright 1986-2022 Xilinx, Inc. All Rights Reserved. Copyright 2022-2025 Advanced Micro Devices, Inc. All Rights Reserved.
----------------------------------------------------------------------------------------------------------------------------------------------------------------------------------------------------------------------------------------
| Tool Version      : Vivado v.2025.2 (lin64) Build 6299465 Fri Nov 14 12:34:56 MST 2025
| Date              : Thu May  7 15:29:57 2026
| Host              : 11c2efc5f272 running 64-bit Ubuntu 22.04.5 LTS
| Command           : report_timing_summary -max_paths 10 -file vitis_design_wrapper_timing_summary_routed.rpt -pb vitis_design_wrapper_timing_summary_routed.pb -rpx vitis_design_wrapper_timing_summary_routed.rpx -warn_on_violation
| Design            : vitis_design_wrapper
| Device            : xck26-sfvc784
| Speed File        : -2LV  PRODUCTION 1.30 05-15-2022
| Design State      : Routed
| Temperature Grade : C
----------------------------------------------------------------------------------------------------------------------------------------------------------------------------------------------------------------------------------------

Timing Summary Report

------------------------------------------------------------------------------------------------
| Timer Settings
| --------------
------------------------------------------------------------------------------------------------

  Enable Multi Corner Analysis               :  Yes
  Enable Pessimism Removal                   :  Yes
  Pessimism Removal Resolution               :  Nearest Common Node
  Enable Input Delay Default Clock           :  No
  Enable Preset / Clear Arcs                 :  No
  Disable Flight Delays                      :  No
  Ignore I/O Paths                           :  No
  Timing Early Launch at Borrowing Latches   :  No
  Borrow Time for Max Delay Exceptions       :  Yes
  Merge Timing Exceptions                    :  Yes
  Inter-SLR Compensation                     :  Conservative

  Corner  Analyze    Analyze    
  Name    Max Paths  Min Paths  
  ------  ---------  ---------  
  Slow    Yes        Yes        
  Fast    Yes        Yes        


------------------------------------------------------------------------------------------------
| Report Methodology
| ------------------
------------------------------------------------------------------------------------------------

No report available as report_methodology has not been run prior. Run report_methodology on the current design for the summary of methodology violations.



check_timing report

Table of Contents
-----------------
1. checking no_clock (0)
2. checking constant_clock (0)
3. checking pulse_width_clock (0)
4. checking unconstrained_internal_endpoints (0)
5. checking no_input_delay (0)
6. checking no_output_delay (0)
7. checking multiple_clock (0)
8. checking generated_clocks (0)
9. checking loops (0)
10. checking partial_input_delay (0)
11. checking partial_output_delay (0)
12. checking latch_loops (0)

1. checking no_clock (0)
------------------------
 There are 0 register/latch pins with no clock.


2. checking constant_clock (0)
------------------------------
 There are 0 register/latch pins with constant_clock.


3. checking pulse_width_clock (0)
---------------------------------
 There are 0 register/latch pins which need pulse_width check


4. checking unconstrained_internal_endpoints (0)
------------------------------------------------
 There are 0 pins that are not constrained for maximum delay.

 There are 0 pins that are not constrained for maximum delay due to constant clock.


5. checking no_input_delay (0)
------------------------------
 There are 0 input ports with no input delay specified.

 There are 0 input ports with no input delay but user has a false path constraint.


6. checking no_output_delay (0)
-------------------------------
 There are 0 ports with no output delay specified.

 There are 0 ports with no output delay but user has a false path constraint

 There are 0 ports with no output delay but with a timing clock defined on it or propagating through it


7. checking multiple_clock (0)
------------------------------
 There are 0 register/latch pins with multiple clocks.


8. checking generated_clocks (0)
--------------------------------
 There are 0 generated clocks that are not connected to a clock source.


9. checking loops (0)
---------------------
 There are 0 combinational loops in the design.


10. checking partial_input_delay (0)
------------------------------------
 There are 0 input ports with partial input delay specified.


11. checking partial_output_delay (0)
-------------------------------------
 There are 0 ports with partial output delay specified.


12. checking latch_loops (0)
----------------------------
 There are 0 combinational latch loops in the design through latch input



------------------------------------------------------------------------------------------------
| Design Timing Summary
| ---------------------
------------------------------------------------------------------------------------------------

    WNS(ns)      TNS(ns)  TNS Failing Endpoints  TNS Total Endpoints      WHS(ns)      THS(ns)  THS Failing Endpoints  THS Total Endpoints     WPWS(ns)     TPWS(ns)  TPWS Failing Endpoints  TPWS Total Endpoints  
    -------      -------  ---------------------  -------------------      -------      -------  ---------------------  -------------------     --------     --------  ----------------------  --------------------  
      3.146        0.000                      0                56629        0.011        0.000                      0                56629        3.500        0.000                       0                 19431  


All user specified timing constraints are met.


------------------------------------------------------------------------------------------------
| Clock Summary
| -------------
------------------------------------------------------------------------------------------------

Clock     Waveform(ns)       Period(ns)      Frequency(MHz)
-----     ------------       ----------      --------------
clk_pl_0  {0.000 5.000}      10.000          100.000         
clk_pl_1  {0.000 5.000}      10.000          100.000         


------------------------------------------------------------------------------------------------
| Intra Clock Table
| -----------------
------------------------------------------------------------------------------------------------

Clock             WNS(ns)      TNS(ns)  TNS Failing Endpoints  TNS Total Endpoints      WHS(ns)      THS(ns)  THS Failing Endpoints  THS Total Endpoints     WPWS(ns)     TPWS(ns)  TPWS Failing Endpoints  TPWS Total Endpoints  
-----             -------      -------  ---------------------  -------------------      -------      -------  ---------------------  -------------------     --------     --------  ----------------------  --------------------  
clk_pl_0            3.146        0.000                      0                56629        0.011        0.000                      0                56629        3.500        0.000                       0                 19431  


------------------------------------------------------------------------------------------------
| Inter Clock Table
| -----------------
------------------------------------------------------------------------------------------------

From Clock    To Clock          WNS(ns)      TNS(ns)  TNS Failing Endpoints  TNS Total Endpoints      WHS(ns)      THS(ns)  THS Failing Endpoints  THS Total Endpoints  
----------    --------          -------      -------  ---------------------  -------------------      -------      -------  ---------------------  -------------------  


------------------------------------------------------------------------------------------------
| Other Path Groups Table
| -----------------------
------------------------------------------------------------------------------------------------

Path Group    From Clock    To Clock          WNS(ns)      TNS(ns)  TNS Failing Endpoints  TNS Total Endpoints      WHS(ns)      THS(ns)  THS Failing Endpoints  THS Total Endpoints  
----------    ----------    --------          -------      -------  ---------------------  -------------------      -------      -------  ---------------------  -------------------  


------------------------------------------------------------------------------------------------
| Timing Details
| --------------
------------------------------------------------------------------------------------------------


---------------------------------------------------------------------------------------------------
From Clock:  clk_pl_0
  To Clock:  clk_pl_0

Setup :            0  Failing Endpoints,  Worst Slack        3.146ns,  Total Violation        0.000ns
Hold  :            0  Failing Endpoints,  Worst Slack        0.011ns,  Total Violation        0.000ns
PW    :            0  Failing Endpoints,  Worst Slack        3.500ns,  Total Violation        0.000ns
---------------------------------------------------------------------------------------------------


Max Delay Paths
--------------------------------------------------------------------------------------
Slack (MET) :             3.146ns  (required time - arrival time)
  Source:                 vitis_design_i/myproject_axi_master_1/inst/load_input_float_array_ap_fixed_10_7_0_3_0_60u_U0/grp_load_input_float_array_ap_fixed_60u_Pipeline_VITIS_LOOP_13_1_fu_90/fpext_32ns_64_2_no_dsp_1_U3/din0_buf1_reg[28]/C
                            (rising edge-triggered cell FDRE clocked by clk_pl_0  {rise@0.000ns fall@5.000ns period=10.000ns})
  Destination:            vitis_design_i/myproject_axi_master_1/inst/load_input_float_array_ap_fixed_10_7_0_3_0_60u_U0/grp_load_input_float_array_ap_fixed_60u_Pipeline_VITIS_LOOP_13_1_fu_90/trunc_ln17_265_reg_19004_reg[31]/D
                            (rising edge-triggered cell FDRE clocked by clk_pl_0  {rise@0.000ns fall@5.000ns period=10.000ns})
  Path Group:             clk_pl_0
  Path Type:              Setup (Max at Slow Process Corner)
  Requirement:            10.000ns  (clk_pl_0 rise@10.000ns - clk_pl_0 rise@0.000ns)
  Data Path Delay:        6.732ns  (logic 0.662ns (9.834%)  route 6.070ns (90.166%))
  Logic Levels:           3  (LUT3=1 LUT4=1 LUT5=1)
  Clock Path Skew:        -0.036ns (DCD - SCD + CPR)
    Destination Clock Delay (DCD):    2.546ns = ( 12.546 - 10.000 ) 
    Source Clock Delay      (SCD):    2.729ns
    Clock Pessimism Removal (CPR):    0.147ns
  Clock Uncertainty:      0.130ns  ((TSJ^2 + DJ^2)^1/2) / 2 + PE
    Total System Jitter     (TSJ):    0.071ns
    Discrete Jitter          (DJ):    0.250ns
    Phase Error              (PE):    0.000ns
  Clock Net Delay (Source):      2.462ns (routing 1.045ns, distribution 1.417ns)
  Clock Net Delay (Destination): 2.330ns (routing 0.955ns, distribution 1.375ns)

    Location             Delay type                Incr(ns)  Path(ns)    Netlist Resource(s)
  -------------------------------------------------------------------    -------------------
                         (clock clk_pl_0 rise edge)
                                                      0.000     0.000 r  
    PS8_X0Y0             PS8                          0.000     0.000 r  vitis_design_i/zynq_ultra_ps_e_0/inst/PS8_i/PLCLK[0]
                         net (fo=1, routed)           0.229     0.229    vitis_design_i/zynq_ultra_ps_e_0/inst/pl_clk_unbuffered[0]
    BUFG_PS_X0Y80        BUFG_PS (Prop_BUFG_PS_I_O)
                                                      0.038     0.267 r  vitis_design_i/zynq_ultra_ps_e_0/inst/buffer_pl_clk_0.PL_CLK_0_BUFG/O
    X0Y1 (CLOCK_ROOT)    net (fo=19431, routed)       2.462     2.729    vitis_design_i/myproject_axi_master_1/inst/load_input_float_array_ap_fixed_10_7_0_3_0_60u_U0/grp_load_input_float_array_ap_fixed_60u_Pipeline_VITIS_LOOP_13_1_fu_90/fpext_32ns_64_2_no_dsp_1_U3/ap_clk
    SLICE_X18Y137        FDRE                                         r  vitis_design_i/myproject_axi_master_1/inst/load_input_float_array_ap_fixed_10_7_0_3_0_60u_U0/grp_load_input_float_array_ap_fixed_60u_Pipeline_VITIS_LOOP_13_1_fu_90/fpext_32ns_64_2_no_dsp_1_U3/din0_buf1_reg[28]/C
  -------------------------------------------------------------------    -------------------
    SLICE_X18Y137        FDRE (Prop_GFF2_SLICEM_C_Q)
                                                      0.118     2.847 r  vitis_design_i/myproject_axi_master_1/inst/load_input_float_array_ap_fixed_10_7_0_3_0_60u_U0/grp_load_input_float_array_ap_fixed_60u_Pipeline_VITIS_LOOP_13_1_fu_90/fpext_32ns_64_2_no_dsp_1_U3/din0_buf1_reg[28]/Q
                         net (fo=3, routed)           0.166     3.013    vitis_design_wrapper/vitis_design/vitis_design_myproject_axi_master_1_0/vitis_design_myproject_axi_master_1_0_myproject_axi_master/vitis_design_myproject_axi_master_1_0_myproject_axi_master_load_input_float_array_ap_fixed_10_7_0_3_0_60u_s/vitis_design_myproject_axi_master_1_0_myproject_axi_master_load_input_float_array_ap_fixed_60u_Pipeline_VITIS_LOOP_13_1/vitis_design_myproject_axi_master_1_0_myproject_axi_master_fpext_32ns_64_2_no_dsp_1/vitis_design_myproject_axi_master_1_0_myproject_axi_master_fpext_32ns_64_2_no_dsp_1_ip/<hidden>/<hidden>/<hidden>/<hidden>
    SLICE_X18Y137        LUT4 (Prop_D6LUT_SLICEM_I3_O)
                                                      0.220     3.233 r  vitis_design_wrapper/vitis_design/vitis_design_myproject_axi_master_1_0/vitis_design_myproject_axi_master_1_0_myproject_axi_master/vitis_design_myproject_axi_master_1_0_myproject_axi_master_load_input_float_array_ap_fixed_10_7_0_3_0_60u_s/vitis_design_myproject_axi_master_1_0_myproject_axi_master_load_input_float_array_ap_fixed_60u_Pipeline_VITIS_LOOP_13_1/vitis_design_myproject_axi_master_1_0_myproject_axi_master_fpext_32ns_64_2_no_dsp_1/vitis_design_myproject_axi_master_1_0_myproject_axi_master_fpext_32ns_64_2_no_dsp_1_ip/<hidden>/<hidden>/<hidden>/<hidden>
                         net (fo=32, routed)          0.212     3.445    vitis_design_wrapper/vitis_design/vitis_design_myproject_axi_master_1_0/vitis_design_myproject_axi_master_1_0_myproject_axi_master/vitis_design_myproject_axi_master_1_0_myproject_axi_master_load_input_float_array_ap_fixed_10_7_0_3_0_60u_s/vitis_design_myproject_axi_master_1_0_myproject_axi_master_load_input_float_array_ap_fixed_60u_Pipeline_VITIS_LOOP_13_1/vitis_design_myproject_axi_master_1_0_myproject_axi_master_fpext_32ns_64_2_no_dsp_1/vitis_design_myproject_axi_master_1_0_myproject_axi_master_fpext_32ns_64_2_no_dsp_1_ip/<hidden>/<hidden>/<hidden>/<hidden>
    SLICE_X20Y139        LUT5 (Prop_B6LUT_SLICEM_I3_O)
                                                      0.188     3.633 r  vitis_design_wrapper/vitis_design/vitis_design_myproject_axi_master_1_0/vitis_design_myproject_axi_master_1_0_myproject_axi_master/vitis_design_myproject_axi_master_1_0_myproject_axi_master_load_input_float_array_ap_fixed_10_7_0_3_0_60u_s/vitis_design_myproject_axi_master_1_0_myproject_axi_master_load_input_float_array_ap_fixed_60u_Pipeline_VITIS_LOOP_13_1/vitis_design_myproject_axi_master_1_0_myproject_axi_master_fpext_32ns_64_2_no_dsp_1/vitis_design_myproject_axi_master_1_0_myproject_axi_master_fpext_32ns_64_2_no_dsp_1_ip/<hidden>/<hidden>/<hidden>/<hidden>
                         net (fo=2, routed)           0.104     3.737    vitis_design_i/myproject_axi_master_1/inst/load_input_float_array_ap_fixed_10_7_0_3_0_60u_U0/grp_load_input_float_array_ap_fixed_60u_Pipeline_VITIS_LOOP_13_1_fu_90/fpext_32ns_64_2_no_dsp_1_U3/r_tdata[31]
    SLICE_X19Y139        LUT3 (Prop_D6LUT_SLICEL_I0_O)
                                                      0.136     3.873 r  vitis_design_i/myproject_axi_master_1/inst/load_input_float_array_ap_fixed_10_7_0_3_0_60u_U0/grp_load_input_float_array_ap_fixed_60u_Pipeline_VITIS_LOOP_13_1_fu_90/fpext_32ns_64_2_no_dsp_1_U3/trunc_ln17_145_reg_18239[31]_i_1/O
                         net (fo=44, routed)          5.588     9.461    vitis_design_i/myproject_axi_master_1/inst/load_input_float_array_ap_fixed_10_7_0_3_0_60u_U0/grp_load_input_float_array_ap_fixed_60u_Pipeline_VITIS_LOOP_13_1_fu_90/grp_fu_140_p1[31]
    SLICE_X24Y225        FDRE                                         r  vitis_design_i/myproject_axi_master_1/inst/load_input_float_array_ap_fixed_10_7_0_3_0_60u_U0/grp_load_input_float_array_ap_fixed_60u_Pipeline_VITIS_LOOP_13_1_fu_90/trunc_ln17_265_reg_19004_reg[31]/D
  -------------------------------------------------------------------    -------------------

                         (clock clk_pl_0 rise edge)
                                                     10.000    10.000 r  
    PS8_X0Y0             PS8                          0.000    10.000 r  vitis_design_i/zynq_ultra_ps_e_0/inst/PS8_i/PLCLK[0]
                         net (fo=1, routed)           0.181    10.181    vitis_design_i/zynq_ultra_ps_e_0/inst/pl_clk_unbuffered[0]
    BUFG_PS_X0Y80        BUFG_PS (Prop_BUFG_PS_I_O)
                                                      0.035    10.216 r  vitis_design_i/zynq_ultra_ps_e_0/inst/buffer_pl_clk_0.PL_CLK_0_BUFG/O
    X0Y1 (CLOCK_ROOT)    net (fo=19431, routed)       2.330    12.546    vitis_design_i/myproject_axi_master_1/inst/load_input_float_array_ap_fixed_10_7_0_3_0_60u_U0/grp_load_input_float_array_ap_fixed_60u_Pipeline_VITIS_LOOP_13_1_fu_90/ap_clk
    SLICE_X24Y225        FDRE                                         r  vitis_design_i/myproject_axi_master_1/inst/load_input_float_array_ap_fixed_10_7_0_3_0_60u_U0/grp_load_input_float_array_ap_fixed_60u_Pipeline_VITIS_LOOP_13_1_fu_90/trunc_ln17_265_reg_19004_reg[31]/C
                         clock pessimism              0.147    12.693    
                         clock uncertainty           -0.130    12.563    
    SLICE_X24Y225        FDRE (Setup_HFF_SLICEM_C_D)
                                                      0.044    12.607    vitis_design_i/myproject_axi_master_1/inst/load_input_float_array_ap_fixed_10_7_0_3_0_60u_U0/grp_load_input_float_array_ap_fixed_60u_Pipeline_VITIS_LOOP_13_1_fu_90/trunc_ln17_265_reg_19004_reg[31]
  -------------------------------------------------------------------
                         required time                         12.607    
                         arrival time                          -9.461    
  -------------------------------------------------------------------
                         slack                                  3.146    

Slack (MET) :             3.302ns  (required time - arrival time)
  Source:                 vitis_design_i/myproject_axi_master_1/inst/load_input_float_array_ap_fixed_10_7_0_3_0_60u_U0/grp_load_input_float_array_ap_fixed_60u_Pipeline_VITIS_LOOP_13_1_fu_90/fpext_32ns_64_2_no_dsp_1_U3/din0_buf1_reg[28]/C
                            (rising edge-triggered cell FDRE clocked by clk_pl_0  {rise@0.000ns fall@5.000ns period=10.000ns})
  Destination:            vitis_design_i/myproject_axi_master_1/inst/load_input_float_array_ap_fixed_10_7_0_3_0_60u_U0/grp_load_input_float_array_ap_fixed_60u_Pipeline_VITIS_LOOP_13_1_fu_90/trunc_ln17_265_reg_19004_reg[38]/D
                            (rising edge-triggered cell FDRE clocked by clk_pl_0  {rise@0.000ns fall@5.000ns period=10.000ns})
  Path Group:             clk_pl_0
  Path Type:              Setup (Max at Slow Process Corner)
  Requirement:            10.000ns  (clk_pl_0 rise@10.000ns - clk_pl_0 rise@0.000ns)
  Data Path Delay:        6.576ns  (logic 0.756ns (11.496%)  route 5.820ns (88.504%))
  Logic Levels:           3  (LUT3=1 LUT4=1 LUT5=1)
  Clock Path Skew:        -0.036ns (DCD - SCD + CPR)
    Destination Clock Delay (DCD):    2.546ns = ( 12.546 - 10.000 ) 
    Source Clock Delay      (SCD):    2.729ns
    Clock Pessimism Removal (CPR):    0.147ns
  Clock Uncertainty:      0.130ns  ((TSJ^2 + DJ^2)^1/2) / 2 + PE
    Total System Jitter     (TSJ):    0.071ns
    Discrete Jitter          (DJ):    0.250ns
    Phase Error              (PE):    0.000ns
  Clock Net Delay (Source):      2.462ns (routing 1.045ns, distribution 1.417ns)
  Clock Net Delay (Destination): 2.330ns (routing 0.955ns, distribution 1.375ns)

    Location             Delay type                Incr(ns)  Path(ns)    Netlist Resource(s)
  -------------------------------------------------------------------    -------------------
                         (clock clk_pl_0 rise edge)
                                                      0.000     0.000 r  
    PS8_X0Y0             PS8                          0.000     0.000 r  vitis_design_i/zynq_ultra_ps_e_0/inst/PS8_i/PLCLK[0]
                         net (fo=1, routed)           0.229     0.229    vitis_design_i/zynq_ultra_ps_e_0/inst/pl_clk_unbuffered[0]
    BUFG_PS_X0Y80        BUFG_PS (Prop_BUFG_PS_I_O)
                                                      0.038     0.267 r  vitis_design_i/zynq_ultra_ps_e_0/inst/buffer_pl_clk_0.PL_CLK_0_BUFG/O
    X0Y1 (CLOCK_ROOT)    net (fo=19431, routed)       2.462     2.729    vitis_design_i/myproject_axi_master_1/inst/load_input_float_array_ap_fixed_10_7_0_3_0_60u_U0/grp_load_input_float_array_ap_fixed_60u_Pipeline_VITIS_LOOP_13_1_fu_90/fpext_32ns_64_2_no_dsp_1_U3/ap_clk
    SLICE_X18Y137        FDRE                                         r  vitis_design_i/myproject_axi_master_1/inst/load_input_float_array_ap_fixed_10_7_0_3_0_60u_U0/grp_load_input_float_array_ap_fixed_60u_Pipeline_VITIS_LOOP_13_1_fu_90/fpext_32ns_64_2_no_dsp_1_U3/din0_buf1_reg[28]/C
  -------------------------------------------------------------------    -------------------
    SLICE_X18Y137        FDRE (Prop_GFF2_SLICEM_C_Q)
                                                      0.118     2.847 f  vitis_design_i/myproject_axi_master_1/inst/load_input_float_array_ap_fixed_10_7_0_3_0_60u_U0/grp_load_input_float_array_ap_fixed_60u_Pipeline_VITIS_LOOP_13_1_fu_90/fpext_32ns_64_2_no_dsp_1_U3/din0_buf1_reg[28]/Q
                         net (fo=3, routed)           0.166     3.013    vitis_design_wrapper/vitis_design/vitis_design_myproject_axi_master_1_0/vitis_design_myproject_axi_master_1_0_myproject_axi_master/vitis_design_myproject_axi_master_1_0_myproject_axi_master_load_input_float_array_ap_fixed_10_7_0_3_0_60u_s/vitis_design_myproject_axi_master_1_0_myproject_axi_master_load_input_float_array_ap_fixed_60u_Pipeline_VITIS_LOOP_13_1/vitis_design_myproject_axi_master_1_0_myproject_axi_master_fpext_32ns_64_2_no_dsp_1/vitis_design_myproject_axi_master_1_0_myproject_axi_master_fpext_32ns_64_2_no_dsp_1_ip/<hidden>/<hidden>/<hidden>/<hidden>
    SLICE_X18Y137        LUT4 (Prop_D5LUT_SLICEM_I3_O)
                                                      0.220     3.233 r  vitis_design_wrapper/vitis_design/vitis_design_myproject_axi_master_1_0/vitis_design_myproject_axi_master_1_0_myproject_axi_master/vitis_design_myproject_axi_master_1_0_myproject_axi_master_load_input_float_array_ap_fixed_10_7_0_3_0_60u_s/vitis_design_myproject_axi_master_1_0_myproject_axi_master_load_input_float_array_ap_fixed_60u_Pipeline_VITIS_LOOP_13_1/vitis_design_myproject_axi_master_1_0_myproject_axi_master_fpext_32ns_64_2_no_dsp_1/vitis_design_myproject_axi_master_1_0_myproject_axi_master_fpext_32ns_64_2_no_dsp_1_ip/<hidden>/<hidden>/<hidden>/<hidden>
                         net (fo=33, routed)          0.552     3.785    vitis_design_wrapper/vitis_design/vitis_design_myproject_axi_master_1_0/vitis_design_myproject_axi_master_1_0_myproject_axi_master/vitis_design_myproject_axi_master_1_0_myproject_axi_master_load_input_float_array_ap_fixed_10_7_0_3_0_60u_s/vitis_design_myproject_axi_master_1_0_myproject_axi_master_load_input_float_array_ap_fixed_60u_Pipeline_VITIS_LOOP_13_1/vitis_design_myproject_axi_master_1_0_myproject_axi_master_fpext_32ns_64_2_no_dsp_1/vitis_design_myproject_axi_master_1_0_myproject_axi_master_fpext_32ns_64_2_no_dsp_1_ip/<hidden>/<hidden>/<hidden>/<hidden>
    SLICE_X21Y139        LUT5 (Prop_B6LUT_SLICEM_I2_O)
                                                      0.225     4.010 r  vitis_design_wrapper/vitis_design/vitis_design_myproject_axi_master_1_0/vitis_design_myproject_axi_master_1_0_myproject_axi_master/vitis_design_myproject_axi_master_1_0_myproject_axi_master_load_input_float_array_ap_fixed_10_7_0_3_0_60u_s/vitis_design_myproject_axi_master_1_0_myproject_axi_master_load_input_float_array_ap_fixed_60u_Pipeline_VITIS_LOOP_13_1/vitis_design_myproject_axi_master_1_0_myproject_axi_master_fpext_32ns_64_2_no_dsp_1/vitis_design_myproject_axi_master_1_0_myproject_axi_master_fpext_32ns_64_2_no_dsp_1_ip/<hidden>/<hidden>/<hidden>/<hidden>
                         net (fo=2, routed)           0.113     4.123    vitis_design_i/myproject_axi_master_1/inst/load_input_float_array_ap_fixed_10_7_0_3_0_60u_U0/grp_load_input_float_array_ap_fixed_60u_Pipeline_VITIS_LOOP_13_1_fu_90/fpext_32ns_64_2_no_dsp_1_U3/r_tdata[38]
    SLICE_X21Y139        LUT3 (Prop_C5LUT_SLICEM_I0_O)
                                                      0.193     4.316 r  vitis_design_i/myproject_axi_master_1/inst/load_input_float_array_ap_fixed_10_7_0_3_0_60u_U0/grp_load_input_float_array_ap_fixed_60u_Pipeline_VITIS_LOOP_13_1_fu_90/fpext_32ns_64_2_no_dsp_1_U3/trunc_ln17_145_reg_18239[38]_i_1/O
                         net (fo=44, routed)          4.990     9.305    vitis_design_i/myproject_axi_master_1/inst/load_input_float_array_ap_fixed_10_7_0_3_0_60u_U0/grp_load_input_float_array_ap_fixed_60u_Pipeline_VITIS_LOOP_13_1_fu_90/grp_fu_140_p1[38]
    SLICE_X25Y226        FDRE                                         r  vitis_design_i/myproject_axi_master_1/inst/load_input_float_array_ap_fixed_10_7_0_3_0_60u_U0/grp_load_input_float_array_ap_fixed_60u_Pipeline_VITIS_LOOP_13_1_fu_90/trunc_ln17_265_reg_19004_reg[38]/D
  -------------------------------------------------------------------    -------------------

                         (clock clk_pl_0 rise edge)
                                                     10.000    10.000 r  
    PS8_X0Y0             PS8                          0.000    10.000 r  vitis_design_i/zynq_ultra_ps_e_0/inst/PS8_i/PLCLK[0]
                         net (fo=1, routed)           0.181    10.181    vitis_design_i/zynq_ultra_ps_e_0/inst/pl_clk_unbuffered[0]
    BUFG_PS_X0Y80        BUFG_PS (Prop_BUFG_PS_I_O)
                                                      0.035    10.216 r  vitis_design_i/zynq_ultra_ps_e_0/inst/buffer_pl_clk_0.PL_CLK_0_BUFG/O
    X0Y1 (CLOCK_ROOT)    net (fo=19431, routed)       2.330    12.546    vitis_design_i/myproject_axi_master_1/inst/load_input_float_array_ap_fixed_10_7_0_3_0_60u_U0/grp_load_input_float_array_ap_fixed_60u_Pipeline_VITIS_LOOP_13_1_fu_90/ap_clk
    SLICE_X25Y226        FDRE                                         r  vitis_design_i/myproject_axi_master_1/inst/load_input_float_array_ap_fixed_10_7_0_3_0_60u_U0/grp_load_input_float_array_ap_fixed_60u_Pipeline_VITIS_LOOP_13_1_fu_90/trunc_ln17_265_reg_19004_reg[38]/C
                         clock pessimism              0.147    12.693    
                         clock uncertainty           -0.130    12.563    
    SLICE_X25Y226        FDRE (Setup_EFF_SLICEM_C_D)
                                                      0.044    12.607    vitis_design_i/myproject_axi_master_1/inst/load_input_float_array_ap_fixed_10_7_0_3_0_60u_U0/grp_load_input_float_array_ap_fixed_60u_Pipeline_VITIS_LOOP_13_1_fu_90/trunc_ln17_265_reg_19004_reg[38]
  -------------------------------------------------------------------
                         required time                         12.607    
                         arrival time                          -9.305    
  -------------------------------------------------------------------
                         slack                                  3.302    

Slack (MET) :             3.311ns  (required time - arrival time)
  Source:                 vitis_design_i/myproject_axi_master_1/inst/load_input_float_array_ap_fixed_10_7_0_3_0_60u_U0/grp_load_input_float_array_ap_fixed_60u_Pipeline_VITIS_LOOP_13_1_fu_90/fpext_32ns_64_2_no_dsp_1_U3/din0_buf1_reg[28]/C
                            (rising edge-triggered cell FDRE clocked by clk_pl_0  {rise@0.000ns fall@5.000ns period=10.000ns})
  Destination:            vitis_design_i/myproject_axi_master_1/inst/load_input_float_array_ap_fixed_10_7_0_3_0_60u_U0/grp_load_input_float_array_ap_fixed_60u_Pipeline_VITIS_LOOP_13_1_fu_90/trunc_ln17_121_reg_18086_reg[31]/D
                            (rising edge-triggered cell FDRE clocked by clk_pl_0  {rise@0.000ns fall@5.000ns period=10.000ns})
  Path Group:             clk_pl_0
  Path Type:              Setup (Max at Slow Process Corner)
  Requirement:            10.000ns  (clk_pl_0 rise@10.000ns - clk_pl_0 rise@0.000ns)
  Data Path Delay:        6.551ns  (logic 0.662ns (10.106%)  route 5.889ns (89.894%))
  Logic Levels:           3  (LUT3=1 LUT4=1 LUT5=1)
  Clock Path Skew:        -0.051ns (DCD - SCD + CPR)
    Destination Clock Delay (DCD):    2.531ns = ( 12.531 - 10.000 ) 
    Source Clock Delay      (SCD):    2.729ns
    Clock Pessimism Removal (CPR):    0.147ns
  Clock Uncertainty:      0.130ns  ((TSJ^2 + DJ^2)^1/2) / 2 + PE
    Total System Jitter     (TSJ):    0.071ns
    Discrete Jitter          (DJ):    0.250ns
    Phase Error              (PE):    0.000ns
  Clock Net Delay (Source):      2.462ns (routing 1.045ns, distribution 1.417ns)
  Clock Net Delay (Destination): 2.315ns (routing 0.955ns, distribution 1.360ns)

    Location             Delay type                Incr(ns)  Path(ns)    Netlist Resource(s)
  -------------------------------------------------------------------    -------------------
                         (clock clk_pl_0 rise edge)
                                                      0.000     0.000 r  
    PS8_X0Y0             PS8                          0.000     0.000 r  vitis_design_i/zynq_ultra_ps_e_0/inst/PS8_i/PLCLK[0]
                         net (fo=1, routed)           0.229     0.229    vitis_design_i/zynq_ultra_ps_e_0/inst/pl_clk_unbuffered[0]
    BUFG_PS_X0Y80        BUFG_PS (Prop_BUFG_PS_I_O)
                                                      0.038     0.267 r  vitis_design_i/zynq_ultra_ps_e_0/inst/buffer_pl_clk_0.PL_CLK_0_BUFG/O
    X0Y1 (CLOCK_ROOT)    net (fo=19431, routed)       2.462     2.729    vitis_design_i/myproject_axi_master_1/inst/load_input_float_array_ap_fixed_10_7_0_3_0_60u_U0/grp_load_input_float_array_ap_fixed_60u_Pipeline_VITIS_LOOP_13_1_fu_90/fpext_32ns_64_2_no_dsp_1_U3/ap_clk
    SLICE_X18Y137        FDRE                                         r  vitis_design_i/myproject_axi_master_1/inst/load_input_float_array_ap_fixed_10_7_0_3_0_60u_U0/grp_load_input_float_array_ap_fixed_60u_Pipeline_VITIS_LOOP_13_1_fu_90/fpext_32ns_64_2_no_dsp_1_U3/din0_buf1_reg[28]/C
  -------------------------------------------------------------------    -------------------
    SLICE_X18Y137        FDRE (Prop_GFF2_SLICEM_C_Q)
                                                      0.118     2.847 r  vitis_design_i/myproject_axi_master_1/inst/load_input_float_array_ap_fixed_10_7_0_3_0_60u_U0/grp_load_input_float_array_ap_fixed_60u_Pipeline_VITIS_LOOP_13_1_fu_90/fpext_32ns_64_2_no_dsp_1_U3/din0_buf1_reg[28]/Q
                         net (fo=3, routed)           0.166     3.013    vitis_design_wrapper/vitis_design/vitis_design_myproject_axi_master_1_0/vitis_design_myproject_axi_master_1_0_myproject_axi_master/vitis_design_myproject_axi_master_1_0_myproject_axi_master_load_input_float_array_ap_fixed_10_7_0_3_0_60u_s/vitis_design_myproject_axi_master_1_0_myproject_axi_master_load_input_float_array_ap_fixed_60u_Pipeline_VITIS_LOOP_13_1/vitis_design_myproject_axi_master_1_0_myproject_axi_master_fpext_32ns_64_2_no_dsp_1/vitis_design_myproject_axi_master_1_0_myproject_axi_master_fpext_32ns_64_2_no_dsp_1_ip/<hidden>/<hidden>/<hidden>/<hidden>
    SLICE_X18Y137        LUT4 (Prop_D6LUT_SLICEM_I3_O)
                                                      0.220     3.233 r  vitis_design_wrapper/vitis_design/vitis_design_myproject_axi_master_1_0/vitis_design_myproject_axi_master_1_0_myproject_axi_master/vitis_design_myproject_axi_master_1_0_myproject_axi_master_load_input_float_array_ap_fixed_10_7_0_3_0_60u_s/vitis_design_myproject_axi_master_1_0_myproject_axi_master_load_input_float_array_ap_fixed_60u_Pipeline_VITIS_LOOP_13_1/vitis_design_myproject_axi_master_1_0_myproject_axi_master_fpext_32ns_64_2_no_dsp_1/vitis_design_myproject_axi_master_1_0_myproject_axi_master_fpext_32ns_64_2_no_dsp_1_ip/<hidden>/<hidden>/<hidden>/<hidden>
                         net (fo=32, routed)          0.212     3.445    vitis_design_wrapper/vitis_design/vitis_design_myproject_axi_master_1_0/vitis_design_myproject_axi_master_1_0_myproject_axi_master/vitis_design_myproject_axi_master_1_0_myproject_axi_master_load_input_float_array_ap_fixed_10_7_0_3_0_60u_s/vitis_design_myproject_axi_master_1_0_myproject_axi_master_load_input_float_array_ap_fixed_60u_Pipeline_VITIS_LOOP_13_1/vitis_design_myproject_axi_master_1_0_myproject_axi_master_fpext_32ns_64_2_no_dsp_1/vitis_design_myproject_axi_master_1_0_myproject_axi_master_fpext_32ns_64_2_no_dsp_1_ip/<hidden>/<hidden>/<hidden>/<hidden>
    SLICE_X20Y139        LUT5 (Prop_B6LUT_SLICEM_I3_O)
                                                      0.188     3.633 r  vitis_design_wrapper/vitis_design/vitis_design_myproject_axi_master_1_0/vitis_design_myproject_axi_master_1_0_myproject_axi_master/vitis_design_myproject_axi_master_1_0_myproject_axi_master_load_input_float_array_ap_fixed_10_7_0_3_0_60u_s/vitis_design_myproject_axi_master_1_0_myproject_axi_master_load_input_float_array_ap_fixed_60u_Pipeline_VITIS_LOOP_13_1/vitis_design_myproject_axi_master_1_0_myproject_axi_master_fpext_32ns_64_2_no_dsp_1/vitis_design_myproject_axi_master_1_0_myproject_axi_master_fpext_32ns_64_2_no_dsp_1_ip/<hidden>/<hidden>/<hidden>/<hidden>
                         net (fo=2, routed)           0.104     3.737    vitis_design_i/myproject_axi_master_1/inst/load_input_float_array_ap_fixed_10_7_0_3_0_60u_U0/grp_load_input_float_array_ap_fixed_60u_Pipeline_VITIS_LOOP_13_1_fu_90/fpext_32ns_64_2_no_dsp_1_U3/r_tdata[31]
    SLICE_X19Y139        LUT3 (Prop_D6LUT_SLICEL_I0_O)
                                                      0.136     3.873 r  vitis_design_i/myproject_axi_master_1/inst/load_input_float_array_ap_fixed_10_7_0_3_0_60u_U0/grp_load_input_float_array_ap_fixed_60u_Pipeline_VITIS_LOOP_13_1_fu_90/fpext_32ns_64_2_no_dsp_1_U3/trunc_ln17_145_reg_18239[31]_i_1/O
                         net (fo=44, routed)          5.407     9.280    vitis_design_i/myproject_axi_master_1/inst/load_input_float_array_ap_fixed_10_7_0_3_0_60u_U0/grp_load_input_float_array_ap_fixed_60u_Pipeline_VITIS_LOOP_13_1_fu_90/grp_fu_140_p1[31]
    SLICE_X24Y215        FDRE                                         r  vitis_design_i/myproject_axi_master_1/inst/load_input_float_array_ap_fixed_10_7_0_3_0_60u_U0/grp_load_input_float_array_ap_fixed_60u_Pipeline_VITIS_LOOP_13_1_fu_90/trunc_ln17_121_reg_18086_reg[31]/D
  -------------------------------------------------------------------    -------------------

                         (clock clk_pl_0 rise edge)
                                                     10.000    10.000 r  
    PS8_X0Y0             PS8                          0.000    10.000 r  vitis_design_i/zynq_ultra_ps_e_0/inst/PS8_i/PLCLK[0]
                         net (fo=1, routed)           0.181    10.181    vitis_design_i/zynq_ultra_ps_e_0/inst/pl_clk_unbuffered[0]
    BUFG_PS_X0Y80        BUFG_PS (Prop_BUFG_PS_I_O)
                                                      0.035    10.216 r  vitis_design_i/zynq_ultra_ps_e_0/inst/buffer_pl_clk_0.PL_CLK_0_BUFG/O
    X0Y1 (CLOCK_ROOT)    net (fo=19431, routed)       2.315    12.531    vitis_design_i/myproject_axi_master_1/inst/load_input_float_array_ap_fixed_10_7_0_3_0_60u_U0/grp_load_input_float_array_ap_fixed_60u_Pipeline_VITIS_LOOP_13_1_fu_90/ap_clk
    SLICE_X24Y215        FDRE                                         r  vitis_design_i/myproject_axi_master_1/inst/load_input_float_array_ap_fixed_10_7_0_3_0_60u_U0/grp_load_input_float_array_ap_fixed_60u_Pipeline_VITIS_LOOP_13_1_fu_90/trunc_ln17_121_reg_18086_reg[31]/C
                         clock pessimism              0.147    12.678    
                         clock uncertainty           -0.130    12.548    
    SLICE_X24Y215        FDRE (Setup_FFF_SLICEM_C_D)
                                                      0.043    12.591    vitis_design_i/myproject_axi_master_1/inst/load_input_float_array_ap_fixed_10_7_0_3_0_60u_U0/grp_load_input_float_array_ap_fixed_60u_Pipeline_VITIS_LOOP_13_1_fu_90/trunc_ln17_121_reg_18086_reg[31]
  -------------------------------------------------------------------
                         required time                         12.591    
                         arrival time                          -9.280    
  -------------------------------------------------------------------
                         slack                                  3.311    

Slack (MET) :             3.367ns  (required time - arrival time)
  Source:                 vitis_design_i/myproject_axi_master_1/inst/load_input_float_array_ap_fixed_10_7_0_3_0_60u_U0/grp_load_input_float_array_ap_fixed_60u_Pipeline_VITIS_LOOP_13_1_fu_90/fpext_32ns_64_2_no_dsp_1_U3/din0_buf1_reg[28]/C
                            (rising edge-triggered cell FDRE clocked by clk_pl_0  {rise@0.000ns fall@5.000ns period=10.000ns})
  Destination:            vitis_design_i/myproject_axi_master_1/inst/load_input_float_array_ap_fixed_10_7_0_3_0_60u_U0/grp_load_input_float_array_ap_fixed_60u_Pipeline_VITIS_LOOP_13_1_fu_90/sub_ln17_100_reg_19016_reg[0]/D
                            (rising edge-triggered cell FDRE clocked by clk_pl_0  {rise@0.000ns fall@5.000ns period=10.000ns})
  Path Group:             clk_pl_0
  Path Type:              Setup (Max at Slow Process Corner)
  Requirement:            10.000ns  (clk_pl_0 rise@10.000ns - clk_pl_0 rise@0.000ns)
  Data Path Delay:        6.512ns  (logic 0.646ns (9.920%)  route 5.866ns (90.080%))
  Logic Levels:           3  (LUT3=1 LUT4=1 LUT5=1)
  Clock Path Skew:        -0.036ns (DCD - SCD + CPR)
    Destination Clock Delay (DCD):    2.546ns = ( 12.546 - 10.000 ) 
    Source Clock Delay      (SCD):    2.729ns
    Clock Pessimism Removal (CPR):    0.147ns
  Clock Uncertainty:      0.130ns  ((TSJ^2 + DJ^2)^1/2) / 2 + PE
    Total System Jitter     (TSJ):    0.071ns
    Discrete Jitter          (DJ):    0.250ns
    Phase Error              (PE):    0.000ns
  Clock Net Delay (Source):      2.462ns (routing 1.045ns, distribution 1.417ns)
  Clock Net Delay (Destination): 2.330ns (routing 0.955ns, distribution 1.375ns)

    Location             Delay type                Incr(ns)  Path(ns)    Netlist Resource(s)
  -------------------------------------------------------------------    -------------------
                         (clock clk_pl_0 rise edge)
                                                      0.000     0.000 r  
    PS8_X0Y0             PS8                          0.000     0.000 r  vitis_design_i/zynq_ultra_ps_e_0/inst/PS8_i/PLCLK[0]
                         net (fo=1, routed)           0.229     0.229    vitis_design_i/zynq_ultra_ps_e_0/inst/pl_clk_unbuffered[0]
    BUFG_PS_X0Y80        BUFG_PS (Prop_BUFG_PS_I_O)
                                                      0.038     0.267 r  vitis_design_i/zynq_ultra_ps_e_0/inst/buffer_pl_clk_0.PL_CLK_0_BUFG/O
    X0Y1 (CLOCK_ROOT)    net (fo=19431, routed)       2.462     2.729    vitis_design_i/myproject_axi_master_1/inst/load_input_float_array_ap_fixed_10_7_0_3_0_60u_U0/grp_load_input_float_array_ap_fixed_60u_Pipeline_VITIS_LOOP_13_1_fu_90/fpext_32ns_64_2_no_dsp_1_U3/ap_clk
    SLICE_X18Y137        FDRE                                         r  vitis_design_i/myproject_axi_master_1/inst/load_input_float_array_ap_fixed_10_7_0_3_0_60u_U0/grp_load_input_float_array_ap_fixed_60u_Pipeline_VITIS_LOOP_13_1_fu_90/fpext_32ns_64_2_no_dsp_1_U3/din0_buf1_reg[28]/C
  -------------------------------------------------------------------    -------------------
    SLICE_X18Y137        FDRE (Prop_GFF2_SLICEM_C_Q)
                                                      0.118     2.847 f  vitis_design_i/myproject_axi_master_1/inst/load_input_float_array_ap_fixed_10_7_0_3_0_60u_U0/grp_load_input_float_array_ap_fixed_60u_Pipeline_VITIS_LOOP_13_1_fu_90/fpext_32ns_64_2_no_dsp_1_U3/din0_buf1_reg[28]/Q
                         net (fo=3, routed)           0.166     3.013    vitis_design_wrapper/vitis_design/vitis_design_myproject_axi_master_1_0/vitis_design_myproject_axi_master_1_0_myproject_axi_master/vitis_design_myproject_axi_master_1_0_myproject_axi_master_load_input_float_array_ap_fixed_10_7_0_3_0_60u_s/vitis_design_myproject_axi_master_1_0_myproject_axi_master_load_input_float_array_ap_fixed_60u_Pipeline_VITIS_LOOP_13_1/vitis_design_myproject_axi_master_1_0_myproject_axi_master_fpext_32ns_64_2_no_dsp_1/vitis_design_myproject_axi_master_1_0_myproject_axi_master_fpext_32ns_64_2_no_dsp_1_ip/<hidden>/<hidden>/<hidden>/<hidden>
    SLICE_X18Y137        LUT4 (Prop_D5LUT_SLICEM_I3_O)
                                                      0.220     3.233 r  vitis_design_wrapper/vitis_design/vitis_design_myproject_axi_master_1_0/vitis_design_myproject_axi_master_1_0_myproject_axi_master/vitis_design_myproject_axi_master_1_0_myproject_axi_master_load_input_float_array_ap_fixed_10_7_0_3_0_60u_s/vitis_design_myproject_axi_master_1_0_myproject_axi_master_load_input_float_array_ap_fixed_60u_Pipeline_VITIS_LOOP_13_1/vitis_design_myproject_axi_master_1_0_myproject_axi_master_fpext_32ns_64_2_no_dsp_1/vitis_design_myproject_axi_master_1_0_myproject_axi_master_fpext_32ns_64_2_no_dsp_1_ip/<hidden>/<hidden>/<hidden>/<hidden>
                         net (fo=33, routed)          0.253     3.486    vitis_design_wrapper/vitis_design/vitis_design_myproject_axi_master_1_0/vitis_design_myproject_axi_master_1_0_myproject_axi_master/vitis_design_myproject_axi_master_1_0_myproject_axi_master_load_input_float_array_ap_fixed_10_7_0_3_0_60u_s/vitis_design_myproject_axi_master_1_0_myproject_axi_master_load_input_float_array_ap_fixed_60u_Pipeline_VITIS_LOOP_13_1/vitis_design_myproject_axi_master_1_0_myproject_axi_master_fpext_32ns_64_2_no_dsp_1/vitis_design_myproject_axi_master_1_0_myproject_axi_master_fpext_32ns_64_2_no_dsp_1_ip/<hidden>/<hidden>
    SLICE_X18Y138        LUT5 (Prop_G6LUT_SLICEM_I1_O)
                                                      0.226     3.712 f  vitis_design_wrapper/vitis_design/vitis_design_myproject_axi_master_1_0/vitis_design_myproject_axi_master_1_0_myproject_axi_master/vitis_design_myproject_axi_master_1_0_myproject_axi_master_load_input_float_array_ap_fixed_10_7_0_3_0_60u_s/vitis_design_myproject_axi_master_1_0_myproject_axi_master_load_input_float_array_ap_fixed_60u_Pipeline_VITIS_LOOP_13_1/vitis_design_myproject_axi_master_1_0_myproject_axi_master_fpext_32ns_64_2_no_dsp_1/vitis_design_myproject_axi_master_1_0_myproject_axi_master_fpext_32ns_64_2_no_dsp_1_ip/<hidden>/<hidden>
                         net (fo=3, routed)           0.198     3.910    vitis_design_i/myproject_axi_master_1/inst/load_input_float_array_ap_fixed_10_7_0_3_0_60u_U0/grp_load_input_float_array_ap_fixed_60u_Pipeline_VITIS_LOOP_13_1_fu_90/fpext_32ns_64_2_no_dsp_1_U3/r_tdata[52]
    SLICE_X18Y140        LUT3 (Prop_B6LUT_SLICEM_I2_O)
                                                      0.082     3.992 r  vitis_design_i/myproject_axi_master_1/inst/load_input_float_array_ap_fixed_10_7_0_3_0_60u_U0/grp_load_input_float_array_ap_fixed_60u_Pipeline_VITIS_LOOP_13_1_fu_90/fpext_32ns_64_2_no_dsp_1_U3/sub_ln17_55_reg_18251[0]_i_1/O
                         net (fo=43, routed)          5.250     9.241    vitis_design_i/myproject_axi_master_1/inst/load_input_float_array_ap_fixed_10_7_0_3_0_60u_U0/grp_load_input_float_array_ap_fixed_60u_Pipeline_VITIS_LOOP_13_1_fu_90/fpext_32ns_64_2_no_dsp_1_U3_n_66
    SLICE_X24Y225        FDRE                                         r  vitis_design_i/myproject_axi_master_1/inst/load_input_float_array_ap_fixed_10_7_0_3_0_60u_U0/grp_load_input_float_array_ap_fixed_60u_Pipeline_VITIS_LOOP_13_1_fu_90/sub_ln17_100_reg_19016_reg[0]/D
  -------------------------------------------------------------------    -------------------

                         (clock clk_pl_0 rise edge)
                                                     10.000    10.000 r  
    PS8_X0Y0             PS8                          0.000    10.000 r  vitis_design_i/zynq_ultra_ps_e_0/inst/PS8_i/PLCLK[0]
                         net (fo=1, routed)           0.181    10.181    vitis_design_i/zynq_ultra_ps_e_0/inst/pl_clk_unbuffered[0]
    BUFG_PS_X0Y80        BUFG_PS (Prop_BUFG_PS_I_O)
                                                      0.035    10.216 r  vitis_design_i/zynq_ultra_ps_e_0/inst/buffer_pl_clk_0.PL_CLK_0_BUFG/O
    X0Y1 (CLOCK_ROOT)    net (fo=19431, routed)       2.330    12.546    vitis_design_i/myproject_axi_master_1/inst/load_input_float_array_ap_fixed_10_7_0_3_0_60u_U0/grp_load_input_float_array_ap_fixed_60u_Pipeline_VITIS_LOOP_13_1_fu_90/ap_clk
    SLICE_X24Y225        FDRE                                         r  vitis_design_i/myproject_axi_master_1/inst/load_input_float_array_ap_fixed_10_7_0_3_0_60u_U0/grp_load_input_float_array_ap_fixed_60u_Pipeline_VITIS_LOOP_13_1_fu_90/sub_ln17_100_reg_19016_reg[0]/C
                         clock pessimism              0.147    12.693    
                         clock uncertainty           -0.130    12.563    
    SLICE_X24Y225        FDRE (Setup_EFF2_SLICEM_C_D)
                                                      0.045    12.608    vitis_design_i/myproject_axi_master_1/inst/load_input_float_array_ap_fixed_10_7_0_3_0_60u_U0/grp_load_input_float_array_ap_fixed_60u_Pipeline_VITIS_LOOP_13_1_fu_90/sub_ln17_100_reg_19016_reg[0]
  -------------------------------------------------------------------
                         required time                         12.608    
                         arrival time                          -9.241    
  -------------------------------------------------------------------
                         slack                                  3.367    

Slack (MET) :             3.619ns  (required time - arrival time)
  Source:                 vitis_design_i/myproject_axi_master_1/inst/load_input_float_array_ap_fixed_10_7_0_3_0_60u_U0/grp_load_input_float_array_ap_fixed_60u_Pipeline_VITIS_LOOP_13_1_fu_90/fpext_32ns_64_2_no_dsp_1_U3/din0_buf1_reg[28]/C
                            (rising edge-triggered cell FDRE clocked by clk_pl_0  {rise@0.000ns fall@5.000ns period=10.000ns})
  Destination:            vitis_design_i/myproject_axi_master_1/inst/load_input_float_array_ap_fixed_10_7_0_3_0_60u_U0/grp_load_input_float_array_ap_fixed_60u_Pipeline_VITIS_LOOP_13_1_fu_90/trunc_ln17_105_reg_17984_reg[31]/D
                            (rising edge-triggered cell FDRE clocked by clk_pl_0  {rise@0.000ns fall@5.000ns period=10.000ns})
  Path Group:             clk_pl_0
  Path Type:              Setup (Max at Slow Process Corner)
  Requirement:            10.000ns  (clk_pl_0 rise@10.000ns - clk_pl_0 rise@0.000ns)
  Data Path Delay:        6.264ns  (logic 0.662ns (10.568%)  route 5.602ns (89.432%))
  Logic Levels:           3  (LUT3=1 LUT4=1 LUT5=1)
  Clock Path Skew:        -0.031ns (DCD - SCD + CPR)
    Destination Clock Delay (DCD):    2.551ns = ( 12.551 - 10.000 ) 
    Source Clock Delay      (SCD):    2.729ns
    Clock Pessimism Removal (CPR):    0.147ns
  Clock Uncertainty:      0.130ns  ((TSJ^2 + DJ^2)^1/2) / 2 + PE
    Total System Jitter     (TSJ):    0.071ns
    Discrete Jitter          (DJ):    0.250ns
    Phase Error              (PE):    0.000ns
  Clock Net Delay (Source):      2.462ns (routing 1.045ns, distribution 1.417ns)
  Clock Net Delay (Destination): 2.335ns (routing 0.955ns, distribution 1.380ns)

    Location             Delay type                Incr(ns)  Path(ns)    Netlist Resource(s)
  -------------------------------------------------------------------    -------------------
                         (clock clk_pl_0 rise edge)
                                                      0.000     0.000 r  
    PS8_X0Y0             PS8                          0.000     0.000 r  vitis_design_i/zynq_ultra_ps_e_0/inst/PS8_i/PLCLK[0]
                         net (fo=1, routed)           0.229     0.229    vitis_design_i/zynq_ultra_ps_e_0/inst/pl_clk_unbuffered[0]
    BUFG_PS_X0Y80        BUFG_PS (Prop_BUFG_PS_I_O)
                                                      0.038     0.267 r  vitis_design_i/zynq_ultra_ps_e_0/inst/buffer_pl_clk_0.PL_CLK_0_BUFG/O
    X0Y1 (CLOCK_ROOT)    net (fo=19431, routed)       2.462     2.729    vitis_design_i/myproject_axi_master_1/inst/load_input_float_array_ap_fixed_10_7_0_3_0_60u_U0/grp_load_input_float_array_ap_fixed_60u_Pipeline_VITIS_LOOP_13_1_fu_90/fpext_32ns_64_2_no_dsp_1_U3/ap_clk
    SLICE_X18Y137        FDRE                                         r  vitis_design_i/myproject_axi_master_1/inst/load_input_float_array_ap_fixed_10_7_0_3_0_60u_U0/grp_load_input_float_array_ap_fixed_60u_Pipeline_VITIS_LOOP_13_1_fu_90/fpext_32ns_64_2_no_dsp_1_U3/din0_buf1_reg[28]/C
  -------------------------------------------------------------------    -------------------
    SLICE_X18Y137        FDRE (Prop_GFF2_SLICEM_C_Q)
                                                      0.118     2.847 r  vitis_design_i/myproject_axi_master_1/inst/load_input_float_array_ap_fixed_10_7_0_3_0_60u_U0/grp_load_input_float_array_ap_fixed_60u_Pipeline_VITIS_LOOP_13_1_fu_90/fpext_32ns_64_2_no_dsp_1_U3/din0_buf1_reg[28]/Q
                         net (fo=3, routed)           0.166     3.013    vitis_design_wrapper/vitis_design/vitis_design_myproject_axi_master_1_0/vitis_design_myproject_axi_master_1_0_myproject_axi_master/vitis_design_myproject_axi_master_1_0_myproject_axi_master_load_input_float_array_ap_fixed_10_7_0_3_0_60u_s/vitis_design_myproject_axi_master_1_0_myproject_axi_master_load_input_float_array_ap_fixed_60u_Pipeline_VITIS_LOOP_13_1/vitis_design_myproject_axi_master_1_0_myproject_axi_master_fpext_32ns_64_2_no_dsp_1/vitis_design_myproject_axi_master_1_0_myproject_axi_master_fpext_32ns_64_2_no_dsp_1_ip/<hidden>/<hidden>/<hidden>/<hidden>
    SLICE_X18Y137        LUT4 (Prop_D6LUT_SLICEM_I3_O)
                                                      0.220     3.233 r  vitis_design_wrapper/vitis_design/vitis_design_myproject_axi_master_1_0/vitis_design_myproject_axi_master_1_0_myproject_axi_master/vitis_design_myproject_axi_master_1_0_myproject_axi_master_load_input_float_array_ap_fixed_10_7_0_3_0_60u_s/vitis_design_myproject_axi_master_1_0_myproject_axi_master_load_input_float_array_ap_fixed_60u_Pipeline_VITIS_LOOP_13_1/vitis_design_myproject_axi_master_1_0_myproject_axi_master_fpext_32ns_64_2_no_dsp_1/vitis_design_myproject_axi_master_1_0_myproject_axi_master_fpext_32ns_64_2_no_dsp_1_ip/<hidden>/<hidden>/<hidden>/<hidden>
                         net (fo=32, routed)          0.212     3.445    vitis_design_wrapper/vitis_design/vitis_design_myproject_axi_master_1_0/vitis_design_myproject_axi_master_1_0_myproject_axi_master/vitis_design_myproject_axi_master_1_0_myproject_axi_master_load_input_float_array_ap_fixed_10_7_0_3_0_60u_s/vitis_design_myproject_axi_master_1_0_myproject_axi_master_load_input_float_array_ap_fixed_60u_Pipeline_VITIS_LOOP_13_1/vitis_design_myproject_axi_master_1_0_myproject_axi_master_fpext_32ns_64_2_no_dsp_1/vitis_design_myproject_axi_master_1_0_myproject_axi_master_fpext_32ns_64_2_no_dsp_1_ip/<hidden>/<hidden>/<hidden>/<hidden>
    SLICE_X20Y139        LUT5 (Prop_B6LUT_SLICEM_I3_O)
                                                      0.188     3.633 r  vitis_design_wrapper/vitis_design/vitis_design_myproject_axi_master_1_0/vitis_design_myproject_axi_master_1_0_myproject_axi_master/vitis_design_myproject_axi_master_1_0_myproject_axi_master_load_input_float_array_ap_fixed_10_7_0_3_0_60u_s/vitis_design_myproject_axi_master_1_0_myproject_axi_master_load_input_float_array_ap_fixed_60u_Pipeline_VITIS_LOOP_13_1/vitis_design_myproject_axi_master_1_0_myproject_axi_master_fpext_32ns_64_2_no_dsp_1/vitis_design_myproject_axi_master_1_0_myproject_axi_master_fpext_32ns_64_2_no_dsp_1_ip/<hidden>/<hidden>/<hidden>/<hidden>
                         net (fo=2, routed)           0.104     3.737    vitis_design_i/myproject_axi_master_1/inst/load_input_float_array_ap_fixed_10_7_0_3_0_60u_U0/grp_load_input_float_array_ap_fixed_60u_Pipeline_VITIS_LOOP_13_1_fu_90/fpext_32ns_64_2_no_dsp_1_U3/r_tdata[31]
    SLICE_X19Y139        LUT3 (Prop_D6LUT_SLICEL_I0_O)
                                                      0.136     3.873 r  vitis_design_i/myproject_axi_master_1/inst/load_input_float_array_ap_fixed_10_7_0_3_0_60u_U0/grp_load_input_float_array_ap_fixed_60u_Pipeline_VITIS_LOOP_13_1_fu_90/fpext_32ns_64_2_no_dsp_1_U3/trunc_ln17_145_reg_18239[31]_i_1/O
                         net (fo=44, routed)          5.121     8.994    vitis_design_i/myproject_axi_master_1/inst/load_input_float_array_ap_fixed_10_7_0_3_0_60u_U0/grp_load_input_float_array_ap_fixed_60u_Pipeline_VITIS_LOOP_13_1_fu_90/grp_fu_140_p1[31]
    SLICE_X29Y211        FDRE                                         r  vitis_design_i/myproject_axi_master_1/inst/load_input_float_array_ap_fixed_10_7_0_3_0_60u_U0/grp_load_input_float_array_ap_fixed_60u_Pipeline_VITIS_LOOP_13_1_fu_90/trunc_ln17_105_reg_17984_reg[31]/D
  -------------------------------------------------------------------    -------------------

                         (clock clk_pl_0 rise edge)
                                                     10.000    10.000 r  
    PS8_X0Y0             PS8                          0.000    10.000 r  vitis_design_i/zynq_ultra_ps_e_0/inst/PS8_i/PLCLK[0]
                         net (fo=1, routed)           0.181    10.181    vitis_design_i/zynq_ultra_ps_e_0/inst/pl_clk_unbuffered[0]
    BUFG_PS_X0Y80        BUFG_PS (Prop_BUFG_PS_I_O)
                                                      0.035    10.216 r  vitis_design_i/zynq_ultra_ps_e_0/inst/buffer_pl_clk_0.PL_CLK_0_BUFG/O
    X0Y1 (CLOCK_ROOT)    net (fo=19431, routed)       2.335    12.551    vitis_design_i/myproject_axi_master_1/inst/load_input_float_array_ap_fixed_10_7_0_3_0_60u_U0/grp_load_input_float_array_ap_fixed_60u_Pipeline_VITIS_LOOP_13_1_fu_90/ap_clk
    SLICE_X29Y211        FDRE                                         r  vitis_design_i/myproject_axi_master_1/inst/load_input_float_array_ap_fixed_10_7_0_3_0_60u_U0/grp_load_input_float_array_ap_fixed_60u_Pipeline_VITIS_LOOP_13_1_fu_90/trunc_ln17_105_reg_17984_reg[31]/C
                         clock pessimism              0.147    12.698    
                         clock uncertainty           -0.130    12.568    
    SLICE_X29Y211        FDRE (Setup_EFF_SLICEM_C_D)
                                                      0.044    12.612    vitis_design_i/myproject_axi_master_1/inst/load_input_float_array_ap_fixed_10_7_0_3_0_60u_U0/grp_load_input_float_array_ap_fixed_60u_Pipeline_VITIS_LOOP_13_1_fu_90/trunc_ln17_105_reg_17984_reg[31]
  -------------------------------------------------------------------
                         required time                         12.612    
                         arrival time                          -8.994    
  -------------------------------------------------------------------
                         slack                                  3.619    

Slack (MET) :             3.729ns  (required time - arrival time)
  Source:                 vitis_design_i/myproject_axi_master_1/inst/load_input_float_array_ap_fixed_10_7_0_3_0_60u_U0/grp_load_input_float_array_ap_fixed_60u_Pipeline_VITIS_LOOP_13_1_fu_90/fpext_32ns_64_2_no_dsp_1_U3/din0_buf1_reg[8]/C
                            (rising edge-triggered cell FDRE clocked by clk_pl_0  {rise@0.000ns fall@5.000ns period=10.000ns})
  Destination:            vitis_design_i/myproject_axi_master_1/inst/load_input_float_array_ap_fixed_10_7_0_3_0_60u_U0/grp_load_input_float_array_ap_fixed_60u_Pipeline_VITIS_LOOP_13_1_fu_90/tmp_461_reg_20221_reg[0]/D
                            (rising edge-triggered cell FDRE clocked by clk_pl_0  {rise@0.000ns fall@5.000ns period=10.000ns})
  Path Group:             clk_pl_0
  Path Type:              Setup (Max at Slow Process Corner)
  Requirement:            10.000ns  (clk_pl_0 rise@10.000ns - clk_pl_0 rise@0.000ns)
  Data Path Delay:        5.997ns  (logic 0.952ns (15.874%)  route 5.045ns (84.126%))
  Logic Levels:           4  (CARRY8=1 LUT3=1 LUT4=1 LUT6=1)
  Clock Path Skew:        -0.188ns (DCD - SCD + CPR)
    Destination Clock Delay (DCD):    2.399ns = ( 12.399 - 10.000 ) 
    Source Clock Delay      (SCD):    2.734ns
    Clock Pessimism Removal (CPR):    0.147ns
  Clock Uncertainty:      0.130ns  ((TSJ^2 + DJ^2)^1/2) / 2 + PE
    Total System Jitter     (TSJ):    0.071ns
    Discrete Jitter          (DJ):    0.250ns
    Phase Error              (PE):    0.000ns
  Clock Net Delay (Source):      2.467ns (routing 1.045ns, distribution 1.422ns)
  Clock Net Delay (Destination): 2.183ns (routing 0.955ns, distribution 1.228ns)

    Location             Delay type                Incr(ns)  Path(ns)    Netlist Resource(s)
  -------------------------------------------------------------------    -------------------
                         (clock clk_pl_0 rise edge)
                                                      0.000     0.000 r  
    PS8_X0Y0             PS8                          0.000     0.000 r  vitis_design_i/zynq_ultra_ps_e_0/inst/PS8_i/PLCLK[0]
                         net (fo=1, routed)           0.229     0.229    vitis_design_i/zynq_ultra_ps_e_0/inst/pl_clk_unbuffered[0]
    BUFG_PS_X0Y80        BUFG_PS (Prop_BUFG_PS_I_O)
                                                      0.038     0.267 r  vitis_design_i/zynq_ultra_ps_e_0/inst/buffer_pl_clk_0.PL_CLK_0_BUFG/O
    X0Y1 (CLOCK_ROOT)    net (fo=19431, routed)       2.467     2.734    vitis_design_i/myproject_axi_master_1/inst/load_input_float_array_ap_fixed_10_7_0_3_0_60u_U0/grp_load_input_float_array_ap_fixed_60u_Pipeline_VITIS_LOOP_13_1_fu_90/fpext_32ns_64_2_no_dsp_1_U3/ap_clk
    SLICE_X19Y141        FDRE                                         r  vitis_design_i/myproject_axi_master_1/inst/load_input_float_array_ap_fixed_10_7_0_3_0_60u_U0/grp_load_input_float_array_ap_fixed_60u_Pipeline_VITIS_LOOP_13_1_fu_90/fpext_32ns_64_2_no_dsp_1_U3/din0_buf1_reg[8]/C
  -------------------------------------------------------------------    -------------------
    SLICE_X19Y141        FDRE (Prop_HFF_SLICEL_C_Q)
                                                      0.113     2.847 f  vitis_design_i/myproject_axi_master_1/inst/load_input_float_array_ap_fixed_10_7_0_3_0_60u_U0/grp_load_input_float_array_ap_fixed_60u_Pipeline_VITIS_LOOP_13_1_fu_90/fpext_32ns_64_2_no_dsp_1_U3/din0_buf1_reg[8]/Q
                         net (fo=2, routed)           0.308     3.155    vitis_design_wrapper/vitis_design/vitis_design_myproject_axi_master_1_0/vitis_design_myproject_axi_master_1_0_myproject_axi_master/vitis_design_myproject_axi_master_1_0_myproject_axi_master_load_input_float_array_ap_fixed_10_7_0_3_0_60u_s/vitis_design_myproject_axi_master_1_0_myproject_axi_master_load_input_float_array_ap_fixed_60u_Pipeline_VITIS_LOOP_13_1/vitis_design_myproject_axi_master_1_0_myproject_axi_master_fpext_32ns_64_2_no_dsp_1/vitis_design_myproject_axi_master_1_0_myproject_axi_master_fpext_32ns_64_2_no_dsp_1_ip/<hidden>/<hidden>/<hidden>/<hidden>/<hidden>/<hidden>/<hidden>
    SLICE_X21Y138        LUT6 (Prop_B6LUT_SLICEM_I5_O)
                                                      0.225     3.380 r  vitis_design_wrapper/vitis_design/vitis_design_myproject_axi_master_1_0/vitis_design_myproject_axi_master_1_0_myproject_axi_master/vitis_design_myproject_axi_master_1_0_myproject_axi_master_load_input_float_array_ap_fixed_10_7_0_3_0_60u_s/vitis_design_myproject_axi_master_1_0_myproject_axi_master_load_input_float_array_ap_fixed_60u_Pipeline_VITIS_LOOP_13_1/vitis_design_myproject_axi_master_1_0_myproject_axi_master_fpext_32ns_64_2_no_dsp_1/vitis_design_myproject_axi_master_1_0_myproject_axi_master_fpext_32ns_64_2_no_dsp_1_ip/<hidden>/<hidden>/<hidden>/<hidden>/<hidden>/<hidden>/<hidden>
                         net (fo=1, routed)           0.022     3.402    vitis_design_wrapper/vitis_design/vitis_design_myproject_axi_master_1_0/vitis_design_myproject_axi_master_1_0_myproject_axi_master/vitis_design_myproject_axi_master_1_0_myproject_axi_master_load_input_float_array_ap_fixed_10_7_0_3_0_60u_s/vitis_design_myproject_axi_master_1_0_myproject_axi_master_load_input_float_array_ap_fixed_60u_Pipeline_VITIS_LOOP_13_1/vitis_design_myproject_axi_master_1_0_myproject_axi_master_fpext_32ns_64_2_no_dsp_1/vitis_design_myproject_axi_master_1_0_myproject_axi_master_fpext_32ns_64_2_no_dsp_1_ip/<hidden>/<hidden>/<hidden>/<hidden>/<hidden>/<hidden>/<hidden>
    SLICE_X21Y138        CARRY8 (Prop_CARRY8_SLICEM_S[1]_CO[3])
                                                      0.257     3.659 r  vitis_design_wrapper/vitis_design/vitis_design_myproject_axi_master_1_0/vitis_design_myproject_axi_master_1_0_myproject_axi_master/vitis_design_myproject_axi_master_1_0_myproject_axi_master_load_input_float_array_ap_fixed_10_7_0_3_0_60u_s/vitis_design_myproject_axi_master_1_0_myproject_axi_master_load_input_float_array_ap_fixed_60u_Pipeline_VITIS_LOOP_13_1/vitis_design_myproject_axi_master_1_0_myproject_axi_master_fpext_32ns_64_2_no_dsp_1/vitis_design_myproject_axi_master_1_0_myproject_axi_master_fpext_32ns_64_2_no_dsp_1_ip/<hidden>/<hidden>/<hidden>/<hidden>/<hidden>/<hidden>/<hidden>
                         net (fo=2, routed)           0.229     3.888    vitis_design_wrapper/vitis_design/vitis_design_myproject_axi_master_1_0/vitis_design_myproject_axi_master_1_0_myproject_axi_master/vitis_design_myproject_axi_master_1_0_myproject_axi_master_load_input_float_array_ap_fixed_10_7_0_3_0_60u_s/vitis_design_myproject_axi_master_1_0_myproject_axi_master_load_input_float_array_ap_fixed_60u_Pipeline_VITIS_LOOP_13_1/vitis_design_myproject_axi_master_1_0_myproject_axi_master_fpext_32ns_64_2_no_dsp_1/vitis_design_myproject_axi_master_1_0_myproject_axi_master_fpext_32ns_64_2_no_dsp_1_ip/<hidden>/<hidden>/<hidden>/<hidden>/<hidden>/<hidden>/<hidden>
    SLICE_X20Y138        LUT4 (Prop_G6LUT_SLICEM_I1_O)
                                                      0.137     4.025 r  vitis_design_wrapper/vitis_design/vitis_design_myproject_axi_master_1_0/vitis_design_myproject_axi_master_1_0_myproject_axi_master/vitis_design_myproject_axi_master_1_0_myproject_axi_master_load_input_float_array_ap_fixed_10_7_0_3_0_60u_s/vitis_design_myproject_axi_master_1_0_myproject_axi_master_load_input_float_array_ap_fixed_60u_Pipeline_VITIS_LOOP_13_1/vitis_design_myproject_axi_master_1_0_myproject_axi_master_fpext_32ns_64_2_no_dsp_1/vitis_design_myproject_axi_master_1_0_myproject_axi_master_fpext_32ns_64_2_no_dsp_1_ip/<hidden>/<hidden>/<hidden>/<hidden>/<hidden>/<hidden>/<hidden>
                         net (fo=2, routed)           0.211     4.236    vitis_design_i/myproject_axi_master_1/inst/load_input_float_array_ap_fixed_10_7_0_3_0_60u_U0/grp_load_input_float_array_ap_fixed_60u_Pipeline_VITIS_LOOP_13_1_fu_90/fpext_32ns_64_2_no_dsp_1_U3/r_tdata[63]
    SLICE_X20Y139        LUT3 (Prop_D5LUT_SLICEM_I0_O)
                                                      0.220     4.456 r  vitis_design_i/myproject_axi_master_1/inst/load_input_float_array_ap_fixed_10_7_0_3_0_60u_U0/grp_load_input_float_array_ap_fixed_60u_Pipeline_VITIS_LOOP_13_1_fu_90/fpext_32ns_64_2_no_dsp_1_U3/tmp_305_reg_18232[0]_i_1/O
                         net (fo=43, routed)          4.276     8.732    vitis_design_i/myproject_axi_master_1/inst/load_input_float_array_ap_fixed_10_7_0_3_0_60u_U0/grp_load_input_float_array_ap_fixed_60u_Pipeline_VITIS_LOOP_13_1_fu_90/grp_fu_140_p1[63]
    SLICE_X9Y196         FDRE                                         r  vitis_design_i/myproject_axi_master_1/inst/load_input_float_array_ap_fixed_10_7_0_3_0_60u_U0/grp_load_input_float_array_ap_fixed_60u_Pipeline_VITIS_LOOP_13_1_fu_90/tmp_461_reg_20221_reg[0]/D
  -------------------------------------------------------------------    -------------------

                         (clock clk_pl_0 rise edge)
                                                     10.000    10.000 r  
    PS8_X0Y0             PS8                          0.000    10.000 r  vitis_design_i/zynq_ultra_ps_e_0/inst/PS8_i/PLCLK[0]
                         net (fo=1, routed)           0.181    10.181    vitis_design_i/zynq_ultra_ps_e_0/inst/pl_clk_unbuffered[0]
    BUFG_PS_X0Y80        BUFG_PS (Prop_BUFG_PS_I_O)
                                                      0.035    10.216 r  vitis_design_i/zynq_ultra_ps_e_0/inst/buffer_pl_clk_0.PL_CLK_0_BUFG/O
    X0Y1 (CLOCK_ROOT)    net (fo=19431, routed)       2.183    12.399    vitis_design_i/myproject_axi_master_1/inst/load_input_float_array_ap_fixed_10_7_0_3_0_60u_U0/grp_load_input_float_array_ap_fixed_60u_Pipeline_VITIS_LOOP_13_1_fu_90/ap_clk
    SLICE_X9Y196         FDRE                                         r  vitis_design_i/myproject_axi_master_1/inst/load_input_float_array_ap_fixed_10_7_0_3_0_60u_U0/grp_load_input_float_array_ap_fixed_60u_Pipeline_VITIS_LOOP_13_1_fu_90/tmp_461_reg_20221_reg[0]/C
                         clock pessimism              0.147    12.546    
                         clock uncertainty           -0.130    12.417    
    SLICE_X9Y196         FDRE (Setup_EFF_SLICEL_C_D)
                                                      0.044    12.461    vitis_design_i/myproject_axi_master_1/inst/load_input_float_array_ap_fixed_10_7_0_3_0_60u_U0/grp_load_input_float_array_ap_fixed_60u_Pipeline_VITIS_LOOP_13_1_fu_90/tmp_461_reg_20221_reg[0]
  -------------------------------------------------------------------
                         required time                         12.461    
                         arrival time                          -8.732    
  -------------------------------------------------------------------
                         slack                                  3.729    

Slack (MET) :             3.739ns  (required time - arrival time)
  Source:                 vitis_design_i/myproject_axi_master_1/inst/load_input_float_array_ap_fixed_10_7_0_3_0_60u_U0/grp_load_input_float_array_ap_fixed_60u_Pipeline_VITIS_LOOP_13_1_fu_90/fpext_32ns_64_2_no_dsp_1_U3/din0_buf1_reg[28]/C
                            (rising edge-triggered cell FDRE clocked by clk_pl_0  {rise@0.000ns fall@5.000ns period=10.000ns})
  Destination:            vitis_design_i/myproject_axi_master_1/inst/load_input_float_array_ap_fixed_10_7_0_3_0_60u_U0/grp_load_input_float_array_ap_fixed_60u_Pipeline_VITIS_LOOP_13_1_fu_90/trunc_ln17_97_reg_17933_reg[31]/D
                            (rising edge-triggered cell FDRE clocked by clk_pl_0  {rise@0.000ns fall@5.000ns period=10.000ns})
  Path Group:             clk_pl_0
  Path Type:              Setup (Max at Slow Process Corner)
  Requirement:            10.000ns  (clk_pl_0 rise@10.000ns - clk_pl_0 rise@0.000ns)
  Data Path Delay:        6.149ns  (logic 0.662ns (10.767%)  route 5.487ns (89.233%))
  Logic Levels:           3  (LUT3=1 LUT4=1 LUT5=1)
  Clock Path Skew:        -0.026ns (DCD - SCD + CPR)
    Destination Clock Delay (DCD):    2.556ns = ( 12.556 - 10.000 ) 
    Source Clock Delay      (SCD):    2.729ns
    Clock Pessimism Removal (CPR):    0.147ns
  Clock Uncertainty:      0.130ns  ((TSJ^2 + DJ^2)^1/2) / 2 + PE
    Total System Jitter     (TSJ):    0.071ns
    Discrete Jitter          (DJ):    0.250ns
    Phase Error              (PE):    0.000ns
  Clock Net Delay (Source):      2.462ns (routing 1.045ns, distribution 1.417ns)
  Clock Net Delay (Destination): 2.340ns (routing 0.955ns, distribution 1.385ns)

    Location             Delay type                Incr(ns)  Path(ns)    Netlist Resource(s)
  -------------------------------------------------------------------    -------------------
                         (clock clk_pl_0 rise edge)
                                                      0.000     0.000 r  
    PS8_X0Y0             PS8                          0.000     0.000 r  vitis_design_i/zynq_ultra_ps_e_0/inst/PS8_i/PLCLK[0]
                         net (fo=1, routed)           0.229     0.229    vitis_design_i/zynq_ultra_ps_e_0/inst/pl_clk_unbuffered[0]
    BUFG_PS_X0Y80        BUFG_PS (Prop_BUFG_PS_I_O)
                                                      0.038     0.267 r  vitis_design_i/zynq_ultra_ps_e_0/inst/buffer_pl_clk_0.PL_CLK_0_BUFG/O
    X0Y1 (CLOCK_ROOT)    net (fo=19431, routed)       2.462     2.729    vitis_design_i/myproject_axi_master_1/inst/load_input_float_array_ap_fixed_10_7_0_3_0_60u_U0/grp_load_input_float_array_ap_fixed_60u_Pipeline_VITIS_LOOP_13_1_fu_90/fpext_32ns_64_2_no_dsp_1_U3/ap_clk
    SLICE_X18Y137        FDRE                                         r  vitis_design_i/myproject_axi_master_1/inst/load_input_float_array_ap_fixed_10_7_0_3_0_60u_U0/grp_load_input_float_array_ap_fixed_60u_Pipeline_VITIS_LOOP_13_1_fu_90/fpext_32ns_64_2_no_dsp_1_U3/din0_buf1_reg[28]/C
  -------------------------------------------------------------------    -------------------
    SLICE_X18Y137        FDRE (Prop_GFF2_SLICEM_C_Q)
                                                      0.118     2.847 r  vitis_design_i/myproject_axi_master_1/inst/load_input_float_array_ap_fixed_10_7_0_3_0_60u_U0/grp_load_input_float_array_ap_fixed_60u_Pipeline_VITIS_LOOP_13_1_fu_90/fpext_32ns_64_2_no_dsp_1_U3/din0_buf1_reg[28]/Q
                         net (fo=3, routed)           0.166     3.013    vitis_design_wrapper/vitis_design/vitis_design_myproject_axi_master_1_0/vitis_design_myproject_axi_master_1_0_myproject_axi_master/vitis_design_myproject_axi_master_1_0_myproject_axi_master_load_input_float_array_ap_fixed_10_7_0_3_0_60u_s/vitis_design_myproject_axi_master_1_0_myproject_axi_master_load_input_float_array_ap_fixed_60u_Pipeline_VITIS_LOOP_13_1/vitis_design_myproject_axi_master_1_0_myproject_axi_master_fpext_32ns_64_2_no_dsp_1/vitis_design_myproject_axi_master_1_0_myproject_axi_master_fpext_32ns_64_2_no_dsp_1_ip/<hidden>/<hidden>/<hidden>/<hidden>
    SLICE_X18Y137        LUT4 (Prop_D6LUT_SLICEM_I3_O)
                                                      0.220     3.233 r  vitis_design_wrapper/vitis_design/vitis_design_myproject_axi_master_1_0/vitis_design_myproject_axi_master_1_0_myproject_axi_master/vitis_design_myproject_axi_master_1_0_myproject_axi_master_load_input_float_array_ap_fixed_10_7_0_3_0_60u_s/vitis_design_myproject_axi_master_1_0_myproject_axi_master_load_input_float_array_ap_fixed_60u_Pipeline_VITIS_LOOP_13_1/vitis_design_myproject_axi_master_1_0_myproject_axi_master_fpext_32ns_64_2_no_dsp_1/vitis_design_myproject_axi_master_1_0_myproject_axi_master_fpext_32ns_64_2_no_dsp_1_ip/<hidden>/<hidden>/<hidden>/<hidden>
                         net (fo=32, routed)          0.212     3.445    vitis_design_wrapper/vitis_design/vitis_design_myproject_axi_master_1_0/vitis_design_myproject_axi_master_1_0_myproject_axi_master/vitis_design_myproject_axi_master_1_0_myproject_axi_master_load_input_float_array_ap_fixed_10_7_0_3_0_60u_s/vitis_design_myproject_axi_master_1_0_myproject_axi_master_load_input_float_array_ap_fixed_60u_Pipeline_VITIS_LOOP_13_1/vitis_design_myproject_axi_master_1_0_myproject_axi_master_fpext_32ns_64_2_no_dsp_1/vitis_design_myproject_axi_master_1_0_myproject_axi_master_fpext_32ns_64_2_no_dsp_1_ip/<hidden>/<hidden>/<hidden>/<hidden>
    SLICE_X20Y139        LUT5 (Prop_B6LUT_SLICEM_I3_O)
                                                      0.188     3.633 r  vitis_design_wrapper/vitis_design/vitis_design_myproject_axi_master_1_0/vitis_design_myproject_axi_master_1_0_myproject_axi_master/vitis_design_myproject_axi_master_1_0_myproject_axi_master_load_input_float_array_ap_fixed_10_7_0_3_0_60u_s/vitis_design_myproject_axi_master_1_0_myproject_axi_master_load_input_float_array_ap_fixed_60u_Pipeline_VITIS_LOOP_13_1/vitis_design_myproject_axi_master_1_0_myproject_axi_master_fpext_32ns_64_2_no_dsp_1/vitis_design_myproject_axi_master_1_0_myproject_axi_master_fpext_32ns_64_2_no_dsp_1_ip/<hidden>/<hidden>/<hidden>/<hidden>
                         net (fo=2, routed)           0.104     3.737    vitis_design_i/myproject_axi_master_1/inst/load_input_float_array_ap_fixed_10_7_0_3_0_60u_U0/grp_load_input_float_array_ap_fixed_60u_Pipeline_VITIS_LOOP_13_1_fu_90/fpext_32ns_64_2_no_dsp_1_U3/r_tdata[31]
    SLICE_X19Y139        LUT3 (Prop_D6LUT_SLICEL_I0_O)
                                                      0.136     3.873 r  vitis_design_i/myproject_axi_master_1/inst/load_input_float_array_ap_fixed_10_7_0_3_0_60u_U0/grp_load_input_float_array_ap_fixed_60u_Pipeline_VITIS_LOOP_13_1_fu_90/fpext_32ns_64_2_no_dsp_1_U3/trunc_ln17_145_reg_18239[31]_i_1/O
                         net (fo=44, routed)          5.005     8.878    vitis_design_i/myproject_axi_master_1/inst/load_input_float_array_ap_fixed_10_7_0_3_0_60u_U0/grp_load_input_float_array_ap_fixed_60u_Pipeline_VITIS_LOOP_13_1_fu_90/grp_fu_140_p1[31]
    SLICE_X28Y205        FDRE                                         r  vitis_design_i/myproject_axi_master_1/inst/load_input_float_array_ap_fixed_10_7_0_3_0_60u_U0/grp_load_input_float_array_ap_fixed_60u_Pipeline_VITIS_LOOP_13_1_fu_90/trunc_ln17_97_reg_17933_reg[31]/D
  -------------------------------------------------------------------    -------------------

                         (clock clk_pl_0 rise edge)
                                                     10.000    10.000 r  
    PS8_X0Y0             PS8                          0.000    10.000 r  vitis_design_i/zynq_ultra_ps_e_0/inst/PS8_i/PLCLK[0]
                         net (fo=1, routed)           0.181    10.181    vitis_design_i/zynq_ultra_ps_e_0/inst/pl_clk_unbuffered[0]
    BUFG_PS_X0Y80        BUFG_PS (Prop_BUFG_PS_I_O)
                                                      0.035    10.216 r  vitis_design_i/zynq_ultra_ps_e_0/inst/buffer_pl_clk_0.PL_CLK_0_BUFG/O
    X0Y1 (CLOCK_ROOT)    net (fo=19431, routed)       2.340    12.556    vitis_design_i/myproject_axi_master_1/inst/load_input_float_array_ap_fixed_10_7_0_3_0_60u_U0/grp_load_input_float_array_ap_fixed_60u_Pipeline_VITIS_LOOP_13_1_fu_90/ap_clk
    SLICE_X28Y205        FDRE                                         r  vitis_design_i/myproject_axi_master_1/inst/load_input_float_array_ap_fixed_10_7_0_3_0_60u_U0/grp_load_input_float_array_ap_fixed_60u_Pipeline_VITIS_LOOP_13_1_fu_90/trunc_ln17_97_reg_17933_reg[31]/C
                         clock pessimism              0.147    12.703    
                         clock uncertainty           -0.130    12.573    
    SLICE_X28Y205        FDRE (Setup_EFF_SLICEM_C_D)
                                                      0.044    12.617    vitis_design_i/myproject_axi_master_1/inst/load_input_float_array_ap_fixed_10_7_0_3_0_60u_U0/grp_load_input_float_array_ap_fixed_60u_Pipeline_VITIS_LOOP_13_1_fu_90/trunc_ln17_97_reg_17933_reg[31]
  -------------------------------------------------------------------
                         required time                         12.617    
                         arrival time                          -8.878    
  -------------------------------------------------------------------
                         slack                                  3.739    

Slack (MET) :             3.752ns  (required time - arrival time)
  Source:                 vitis_design_i/myproject_axi_master_1/inst/load_input_float_array_ap_fixed_10_7_0_3_0_60u_U0/grp_load_input_float_array_ap_fixed_60u_Pipeline_VITIS_LOOP_13_1_fu_90/fpext_32ns_64_2_no_dsp_1_U3/din0_buf1_reg[8]/C
                            (rising edge-triggered cell FDRE clocked by clk_pl_0  {rise@0.000ns fall@5.000ns period=10.000ns})
  Destination:            vitis_design_i/myproject_axi_master_1/inst/load_input_float_array_ap_fixed_10_7_0_3_0_60u_U0/grp_load_input_float_array_ap_fixed_60u_Pipeline_VITIS_LOOP_13_1_fu_90/icmp_ln17_198_reg_19009_reg[0]/D
                            (rising edge-triggered cell FDRE clocked by clk_pl_0  {rise@0.000ns fall@5.000ns period=10.000ns})
  Path Group:             clk_pl_0
  Path Type:              Setup (Max at Slow Process Corner)
  Requirement:            10.000ns  (clk_pl_0 rise@10.000ns - clk_pl_0 rise@0.000ns)
  Data Path Delay:        6.115ns  (logic 1.154ns (18.872%)  route 4.961ns (81.128%))
  Logic Levels:           7  (CARRY8=1 LUT3=1 LUT6=5)
  Clock Path Skew:        -0.047ns (DCD - SCD + CPR)
    Destination Clock Delay (DCD):    2.540ns = ( 12.540 - 10.000 ) 
    Source Clock Delay      (SCD):    2.734ns
    Clock Pessimism Removal (CPR):    0.147ns
  Clock Uncertainty:      0.130ns  ((TSJ^2 + DJ^2)^1/2) / 2 + PE
    Total System Jitter     (TSJ):    0.071ns
    Discrete Jitter          (DJ):    0.250ns
    Phase Error              (PE):    0.000ns
  Clock Net Delay (Source):      2.467ns (routing 1.045ns, distribution 1.422ns)
  Clock Net Delay (Destination): 2.324ns (routing 0.955ns, distribution 1.369ns)

    Location             Delay type                Incr(ns)  Path(ns)    Netlist Resource(s)
  -------------------------------------------------------------------    -------------------
                         (clock clk_pl_0 rise edge)
                                                      0.000     0.000 r  
    PS8_X0Y0             PS8                          0.000     0.000 r  vitis_design_i/zynq_ultra_ps_e_0/inst/PS8_i/PLCLK[0]
                         net (fo=1, routed)           0.229     0.229    vitis_design_i/zynq_ultra_ps_e_0/inst/pl_clk_unbuffered[0]
    BUFG_PS_X0Y80        BUFG_PS (Prop_BUFG_PS_I_O)
                                                      0.038     0.267 r  vitis_design_i/zynq_ultra_ps_e_0/inst/buffer_pl_clk_0.PL_CLK_0_BUFG/O
    X0Y1 (CLOCK_ROOT)    net (fo=19431, routed)       2.467     2.734    vitis_design_i/myproject_axi_master_1/inst/load_input_float_array_ap_fixed_10_7_0_3_0_60u_U0/grp_load_input_float_array_ap_fixed_60u_Pipeline_VITIS_LOOP_13_1_fu_90/fpext_32ns_64_2_no_dsp_1_U3/ap_clk
    SLICE_X19Y141        FDRE                                         r  vitis_design_i/myproject_axi_master_1/inst/load_input_float_array_ap_fixed_10_7_0_3_0_60u_U0/grp_load_input_float_array_ap_fixed_60u_Pipeline_VITIS_LOOP_13_1_fu_90/fpext_32ns_64_2_no_dsp_1_U3/din0_buf1_reg[8]/C
  -------------------------------------------------------------------    -------------------
    SLICE_X19Y141        FDRE (Prop_HFF_SLICEL_C_Q)
                                                      0.113     2.847 f  vitis_design_i/myproject_axi_master_1/inst/load_input_float_array_ap_fixed_10_7_0_3_0_60u_U0/grp_load_input_float_array_ap_fixed_60u_Pipeline_VITIS_LOOP_13_1_fu_90/fpext_32ns_64_2_no_dsp_1_U3/din0_buf1_reg[8]/Q
                         net (fo=2, routed)           0.308     3.155    vitis_design_wrapper/vitis_design/vitis_design_myproject_axi_master_1_0/vitis_design_myproject_axi_master_1_0_myproject_axi_master/vitis_design_myproject_axi_master_1_0_myproject_axi_master_load_input_float_array_ap_fixed_10_7_0_3_0_60u_s/vitis_design_myproject_axi_master_1_0_myproject_axi_master_load_input_float_array_ap_fixed_60u_Pipeline_VITIS_LOOP_13_1/vitis_design_myproject_axi_master_1_0_myproject_axi_master_fpext_32ns_64_2_no_dsp_1/vitis_design_myproject_axi_master_1_0_myproject_axi_master_fpext_32ns_64_2_no_dsp_1_ip/<hidden>/<hidden>/<hidden>/<hidden>/<hidden>/<hidden>/<hidden>
    SLICE_X21Y138        LUT6 (Prop_B6LUT_SLICEM_I5_O)
                                                      0.225     3.380 r  vitis_design_wrapper/vitis_design/vitis_design_myproject_axi_master_1_0/vitis_design_myproject_axi_master_1_0_myproject_axi_master/vitis_design_myproject_axi_master_1_0_myproject_axi_master_load_input_float_array_ap_fixed_10_7_0_3_0_60u_s/vitis_design_myproject_axi_master_1_0_myproject_axi_master_load_input_float_array_ap_fixed_60u_Pipeline_VITIS_LOOP_13_1/vitis_design_myproject_axi_master_1_0_myproject_axi_master_fpext_32ns_64_2_no_dsp_1/vitis_design_myproject_axi_master_1_0_myproject_axi_master_fpext_32ns_64_2_no_dsp_1_ip/<hidden>/<hidden>/<hidden>/<hidden>/<hidden>/<hidden>/<hidden>
                         net (fo=1, routed)           0.022     3.402    vitis_design_wrapper/vitis_design/vitis_design_myproject_axi_master_1_0/vitis_design_myproject_axi_master_1_0_myproject_axi_master/vitis_design_myproject_axi_master_1_0_myproject_axi_master_load_input_float_array_ap_fixed_10_7_0_3_0_60u_s/vitis_design_myproject_axi_master_1_0_myproject_axi_master_load_input_float_array_ap_fixed_60u_Pipeline_VITIS_LOOP_13_1/vitis_design_myproject_axi_master_1_0_myproject_axi_master_fpext_32ns_64_2_no_dsp_1/vitis_design_myproject_axi_master_1_0_myproject_axi_master_fpext_32ns_64_2_no_dsp_1_ip/<hidden>/<hidden>/<hidden>/<hidden>/<hidden>/<hidden>/<hidden>
    SLICE_X21Y138        CARRY8 (Prop_CARRY8_SLICEM_S[1]_CO[3])
                                                      0.257     3.659 r  vitis_design_wrapper/vitis_design/vitis_design_myproject_axi_master_1_0/vitis_design_myproject_axi_master_1_0_myproject_axi_master/vitis_design_myproject_axi_master_1_0_myproject_axi_master_load_input_float_array_ap_fixed_10_7_0_3_0_60u_s/vitis_design_myproject_axi_master_1_0_myproject_axi_master_load_input_float_array_ap_fixed_60u_Pipeline_VITIS_LOOP_13_1/vitis_design_myproject_axi_master_1_0_myproject_axi_master_fpext_32ns_64_2_no_dsp_1/vitis_design_myproject_axi_master_1_0_myproject_axi_master_fpext_32ns_64_2_no_dsp_1_ip/<hidden>/<hidden>/<hidden>/<hidden>/<hidden>/<hidden>/<hidden>
                         net (fo=2, routed)           0.231     3.890    vitis_design_wrapper/vitis_design/vitis_design_myproject_axi_master_1_0/vitis_design_myproject_axi_master_1_0_myproject_axi_master/vitis_design_myproject_axi_master_1_0_myproject_axi_master_load_input_float_array_ap_fixed_10_7_0_3_0_60u_s/vitis_design_myproject_axi_master_1_0_myproject_axi_master_load_input_float_array_ap_fixed_60u_Pipeline_VITIS_LOOP_13_1/vitis_design_myproject_axi_master_1_0_myproject_axi_master_fpext_32ns_64_2_no_dsp_1/vitis_design_myproject_axi_master_1_0_myproject_axi_master_fpext_32ns_64_2_no_dsp_1_ip/<hidden>/<hidden>/<hidden>/<hidden>/<hidden>/<hidden>/<hidden>
    SLICE_X20Y138        LUT6 (Prop_H6LUT_SLICEM_I3_O)
                                                      0.138     4.028 f  vitis_design_wrapper/vitis_design/vitis_design_myproject_axi_master_1_0/vitis_design_myproject_axi_master_1_0_myproject_axi_master/vitis_design_myproject_axi_master_1_0_myproject_axi_master_load_input_float_array_ap_fixed_10_7_0_3_0_60u_s/vitis_design_myproject_axi_master_1_0_myproject_axi_master_load_input_float_array_ap_fixed_60u_Pipeline_VITIS_LOOP_13_1/vitis_design_myproject_axi_master_1_0_myproject_axi_master_fpext_32ns_64_2_no_dsp_1/vitis_design_myproject_axi_master_1_0_myproject_axi_master_fpext_32ns_64_2_no_dsp_1_ip/<hidden>/<hidden>/<hidden>/<hidden>/<hidden>/<hidden>/<hidden>
                         net (fo=2, routed)           0.276     4.304    vitis_design_i/myproject_axi_master_1/inst/load_input_float_array_ap_fixed_10_7_0_3_0_60u_U0/grp_load_input_float_array_ap_fixed_60u_Pipeline_VITIS_LOOP_13_1_fu_90/fpext_32ns_64_2_no_dsp_1_U3/r_tdata[51]
    SLICE_X18Y140        LUT3 (Prop_D5LUT_SLICEM_I0_O)
                                                      0.091     4.395 f  vitis_design_i/myproject_axi_master_1/inst/load_input_float_array_ap_fixed_10_7_0_3_0_60u_U0/grp_load_input_float_array_ap_fixed_60u_Pipeline_VITIS_LOOP_13_1_fu_90/fpext_32ns_64_2_no_dsp_1_U3/trunc_ln17_145_reg_18239[51]_i_1/O
                         net (fo=44, routed)          0.224     4.619    vitis_design_i/myproject_axi_master_1/inst/load_input_float_array_ap_fixed_10_7_0_3_0_60u_U0/grp_load_input_float_array_ap_fixed_60u_Pipeline_VITIS_LOOP_13_1_fu_90/fpext_32ns_64_2_no_dsp_1_U3/grp_fu_140_p1[51]
    SLICE_X18Y140        LUT6 (Prop_H6LUT_SLICEM_I5_O)
                                                      0.189     4.808 r  vitis_design_i/myproject_axi_master_1/inst/load_input_float_array_ap_fixed_10_7_0_3_0_60u_U0/grp_load_input_float_array_ap_fixed_60u_Pipeline_VITIS_LOOP_13_1_fu_90/fpext_32ns_64_2_no_dsp_1_U3/icmp_ln17_306_reg_19927[0]_i_10/O
                         net (fo=1, routed)           0.051     4.859    vitis_design_i/myproject_axi_master_1/inst/load_input_float_array_ap_fixed_10_7_0_3_0_60u_U0/grp_load_input_float_array_ap_fixed_60u_Pipeline_VITIS_LOOP_13_1_fu_90/fpext_32ns_64_2_no_dsp_1_U3/icmp_ln17_306_reg_19927[0]_i_10_n_0
    SLICE_X18Y140        LUT6 (Prop_G6LUT_SLICEM_I5_O)
                                                      0.057     4.916 r  vitis_design_i/myproject_axi_master_1/inst/load_input_float_array_ap_fixed_10_7_0_3_0_60u_U0/grp_load_input_float_array_ap_fixed_60u_Pipeline_VITIS_LOOP_13_1_fu_90/fpext_32ns_64_2_no_dsp_1_U3/icmp_ln17_306_reg_19927[0]_i_4/O
                         net (fo=1, routed)           0.181     5.097    vitis_design_i/myproject_axi_master_1/inst/load_input_float_array_ap_fixed_10_7_0_3_0_60u_U0/grp_load_input_float_array_ap_fixed_60u_Pipeline_VITIS_LOOP_13_1_fu_90/fpext_32ns_64_2_no_dsp_1_U3/icmp_ln17_306_reg_19927[0]_i_4_n_0
    SLICE_X18Y144        LUT6 (Prop_H6LUT_SLICEM_I2_O)
                                                      0.084     5.181 r  vitis_design_i/myproject_axi_master_1/inst/load_input_float_array_ap_fixed_10_7_0_3_0_60u_U0/grp_load_input_float_array_ap_fixed_60u_Pipeline_VITIS_LOOP_13_1_fu_90/fpext_32ns_64_2_no_dsp_1_U3/icmp_ln17_306_reg_19927[0]_i_1/O
                         net (fo=43, routed)          3.668     8.849    vitis_design_i/myproject_axi_master_1/inst/load_input_float_array_ap_fixed_10_7_0_3_0_60u_U0/grp_load_input_float_array_ap_fixed_60u_Pipeline_VITIS_LOOP_13_1_fu_90/icmp_ln17_78_fu_3889_p2[0]
    SLICE_X24Y224        FDRE                                         r  vitis_design_i/myproject_axi_master_1/inst/load_input_float_array_ap_fixed_10_7_0_3_0_60u_U0/grp_load_input_float_array_ap_fixed_60u_Pipeline_VITIS_LOOP_13_1_fu_90/icmp_ln17_198_reg_19009_reg[0]/D
  -------------------------------------------------------------------    -------------------

                         (clock clk_pl_0 rise edge)
                                                     10.000    10.000 r  
    PS8_X0Y0             PS8                          0.000    10.000 r  vitis_design_i/zynq_ultra_ps_e_0/inst/PS8_i/PLCLK[0]
                         net (fo=1, routed)           0.181    10.181    vitis_design_i/zynq_ultra_ps_e_0/inst/pl_clk_unbuffered[0]
    BUFG_PS_X0Y80        BUFG_PS (Prop_BUFG_PS_I_O)
                                                      0.035    10.216 r  vitis_design_i/zynq_ultra_ps_e_0/inst/buffer_pl_clk_0.PL_CLK_0_BUFG/O
    X0Y1 (CLOCK_ROOT)    net (fo=19431, routed)       2.324    12.540    vitis_design_i/myproject_axi_master_1/inst/load_input_float_array_ap_fixed_10_7_0_3_0_60u_U0/grp_load_input_float_array_ap_fixed_60u_Pipeline_VITIS_LOOP_13_1_fu_90/ap_clk
    SLICE_X24Y224        FDRE                                         r  vitis_design_i/myproject_axi_master_1/inst/load_input_float_array_ap_fixed_10_7_0_3_0_60u_U0/grp_load_input_float_array_ap_fixed_60u_Pipeline_VITIS_LOOP_13_1_fu_90/icmp_ln17_198_reg_19009_reg[0]/C
                         clock pessimism              0.147    12.687    
                         clock uncertainty           -0.130    12.557    
    SLICE_X24Y224        FDRE (Setup_EFF_SLICEM_C_D)
                                                      0.044    12.601    vitis_design_i/myproject_axi_master_1/inst/load_input_float_array_ap_fixed_10_7_0_3_0_60u_U0/grp_load_input_float_array_ap_fixed_60u_Pipeline_VITIS_LOOP_13_1_fu_90/icmp_ln17_198_reg_19009_reg[0]
  -------------------------------------------------------------------
                         required time                         12.601    
                         arrival time                          -8.849    
  -------------------------------------------------------------------
                         slack                                  3.752    

Slack (MET) :             3.758ns  (required time - arrival time)
  Source:                 vitis_design_i/myproject_axi_master_1/inst/load_input_float_array_ap_fixed_10_7_0_3_0_60u_U0/grp_load_input_float_array_ap_fixed_60u_Pipeline_VITIS_LOOP_13_1_fu_90/fpext_32ns_64_2_no_dsp_1_U3/din0_buf1_reg[23]/C
                            (rising edge-triggered cell FDRE clocked by clk_pl_0  {rise@0.000ns fall@5.000ns period=10.000ns})
  Destination:            vitis_design_i/myproject_axi_master_1/inst/load_input_float_array_ap_fixed_10_7_0_3_0_60u_U0/grp_load_input_float_array_ap_fixed_60u_Pipeline_VITIS_LOOP_13_1_fu_90/sub_ln17_100_reg_19016_reg[9]/D
                            (rising edge-triggered cell FDRE clocked by clk_pl_0  {rise@0.000ns fall@5.000ns period=10.000ns})
  Path Group:             clk_pl_0
  Path Type:              Setup (Max at Slow Process Corner)
  Requirement:            10.000ns  (clk_pl_0 rise@10.000ns - clk_pl_0 rise@0.000ns)
  Data Path Delay:        6.130ns  (logic 0.997ns (16.265%)  route 5.133ns (83.735%))
  Logic Levels:           6  (LUT4=1 LUT5=3 LUT6=2)
  Clock Path Skew:        -0.027ns (DCD - SCD + CPR)
    Destination Clock Delay (DCD):    2.539ns = ( 12.539 - 10.000 ) 
    Source Clock Delay      (SCD):    2.713ns
    Clock Pessimism Removal (CPR):    0.147ns
  Clock Uncertainty:      0.130ns  ((TSJ^2 + DJ^2)^1/2) / 2 + PE
    Total System Jitter     (TSJ):    0.071ns
    Discrete Jitter          (DJ):    0.250ns
    Phase Error              (PE):    0.000ns
  Clock Net Delay (Source):      2.446ns (routing 1.045ns, distribution 1.401ns)
  Clock Net Delay (Destination): 2.323ns (routing 0.955ns, distribution 1.368ns)

    Location             Delay type                Incr(ns)  Path(ns)    Netlist Resource(s)
  -------------------------------------------------------------------    -------------------
                         (clock clk_pl_0 rise edge)
                                                      0.000     0.000 r  
    PS8_X0Y0             PS8                          0.000     0.000 r  vitis_design_i/zynq_ultra_ps_e_0/inst/PS8_i/PLCLK[0]
                         net (fo=1, routed)           0.229     0.229    vitis_design_i/zynq_ultra_ps_e_0/inst/pl_clk_unbuffered[0]
    BUFG_PS_X0Y80        BUFG_PS (Prop_BUFG_PS_I_O)
                                                      0.038     0.267 r  vitis_design_i/zynq_ultra_ps_e_0/inst/buffer_pl_clk_0.PL_CLK_0_BUFG/O
    X0Y1 (CLOCK_ROOT)    net (fo=19431, routed)       2.446     2.713    vitis_design_i/myproject_axi_master_1/inst/load_input_float_array_ap_fixed_10_7_0_3_0_60u_U0/grp_load_input_float_array_ap_fixed_60u_Pipeline_VITIS_LOOP_13_1_fu_90/fpext_32ns_64_2_no_dsp_1_U3/ap_clk
    SLICE_X18Y138        FDRE                                         r  vitis_design_i/myproject_axi_master_1/inst/load_input_float_array_ap_fixed_10_7_0_3_0_60u_U0/grp_load_input_float_array_ap_fixed_60u_Pipeline_VITIS_LOOP_13_1_fu_90/fpext_32ns_64_2_no_dsp_1_U3/din0_buf1_reg[23]/C
  -------------------------------------------------------------------    -------------------
    SLICE_X18Y138        FDRE (Prop_HFF2_SLICEM_C_Q)
                                                      0.114     2.827 r  vitis_design_i/myproject_axi_master_1/inst/load_input_float_array_ap_fixed_10_7_0_3_0_60u_U0/grp_load_input_float_array_ap_fixed_60u_Pipeline_VITIS_LOOP_13_1_fu_90/fpext_32ns_64_2_no_dsp_1_U3/din0_buf1_reg[23]/Q
                         net (fo=3, routed)           0.259     3.086    vitis_design_wrapper/vitis_design/vitis_design_myproject_axi_master_1_0/vitis_design_myproject_axi_master_1_0_myproject_axi_master/vitis_design_myproject_axi_master_1_0_myproject_axi_master_load_input_float_array_ap_fixed_10_7_0_3_0_60u_s/vitis_design_myproject_axi_master_1_0_myproject_axi_master_load_input_float_array_ap_fixed_60u_Pipeline_VITIS_LOOP_13_1/vitis_design_myproject_axi_master_1_0_myproject_axi_master_fpext_32ns_64_2_no_dsp_1/vitis_design_myproject_axi_master_1_0_myproject_axi_master_fpext_32ns_64_2_no_dsp_1_ip/<hidden>/<hidden>/<hidden>/<hidden>
    SLICE_X18Y138        LUT4 (Prop_D5LUT_SLICEM_I2_O)
                                                      0.135     3.221 f  vitis_design_wrapper/vitis_design/vitis_design_myproject_axi_master_1_0/vitis_design_myproject_axi_master_1_0_myproject_axi_master/vitis_design_myproject_axi_master_1_0_myproject_axi_master_load_input_float_array_ap_fixed_10_7_0_3_0_60u_s/vitis_design_myproject_axi_master_1_0_myproject_axi_master_load_input_float_array_ap_fixed_60u_Pipeline_VITIS_LOOP_13_1/vitis_design_myproject_axi_master_1_0_myproject_axi_master_fpext_32ns_64_2_no_dsp_1/vitis_design_myproject_axi_master_1_0_myproject_axi_master_fpext_32ns_64_2_no_dsp_1_ip/<hidden>/<hidden>/<hidden>/<hidden>
                         net (fo=33, routed)          0.345     3.566    vitis_design_wrapper/vitis_design/vitis_design_myproject_axi_master_1_0/vitis_design_myproject_axi_master_1_0_myproject_axi_master/vitis_design_myproject_axi_master_1_0_myproject_axi_master_load_input_float_array_ap_fixed_10_7_0_3_0_60u_s/vitis_design_myproject_axi_master_1_0_myproject_axi_master_load_input_float_array_ap_fixed_60u_Pipeline_VITIS_LOOP_13_1/vitis_design_myproject_axi_master_1_0_myproject_axi_master_fpext_32ns_64_2_no_dsp_1/vitis_design_myproject_axi_master_1_0_myproject_axi_master_fpext_32ns_64_2_no_dsp_1_ip/<hidden>/<hidden>
    SLICE_X18Y138        LUT5 (Prop_C6LUT_SLICEM_I2_O)
                                                      0.135     3.701 r  vitis_design_wrapper/vitis_design/vitis_design_myproject_axi_master_1_0/vitis_design_myproject_axi_master_1_0_myproject_axi_master/vitis_design_myproject_axi_master_1_0_myproject_axi_master_load_input_float_array_ap_fixed_10_7_0_3_0_60u_s/vitis_design_myproject_axi_master_1_0_myproject_axi_master_load_input_float_array_ap_fixed_60u_Pipeline_VITIS_LOOP_13_1/vitis_design_myproject_axi_master_1_0_myproject_axi_master_fpext_32ns_64_2_no_dsp_1/vitis_design_myproject_axi_master_1_0_myproject_axi_master_fpext_32ns_64_2_no_dsp_1_ip/<hidden>/<hidden>
                         net (fo=4, routed)           0.167     3.868    vitis_design_i/myproject_axi_master_1/inst/load_input_float_array_ap_fixed_10_7_0_3_0_60u_U0/grp_load_input_float_array_ap_fixed_60u_Pipeline_VITIS_LOOP_13_1_fu_90/fpext_32ns_64_2_no_dsp_1_U3/r_tdata[54]
    SLICE_X18Y141        LUT5 (Prop_B5LUT_SLICEM_I1_O)
                                                      0.141     4.009 r  vitis_design_i/myproject_axi_master_1/inst/load_input_float_array_ap_fixed_10_7_0_3_0_60u_U0/grp_load_input_float_array_ap_fixed_60u_Pipeline_VITIS_LOOP_13_1_fu_90/fpext_32ns_64_2_no_dsp_1_U3/sub_ln17_55_reg_18251[5]_i_2/O
                         net (fo=3, routed)           0.243     4.251    vitis_design_i/myproject_axi_master_1/inst/load_input_float_array_ap_fixed_10_7_0_3_0_60u_U0/grp_load_input_float_array_ap_fixed_60u_Pipeline_VITIS_LOOP_13_1_fu_90/fpext_32ns_64_2_no_dsp_1_U3/sub_ln17_55_reg_18251[5]_i_2_n_0
    SLICE_X17Y140        LUT6 (Prop_C6LUT_SLICEM_I2_O)
                                                      0.186     4.437 f  vitis_design_i/myproject_axi_master_1/inst/load_input_float_array_ap_fixed_10_7_0_3_0_60u_U0/grp_load_input_float_array_ap_fixed_60u_Pipeline_VITIS_LOOP_13_1_fu_90/fpext_32ns_64_2_no_dsp_1_U3/sub_ln17_55_reg_18251[7]_i_2/O
                         net (fo=2, routed)           0.109     4.547    vitis_design_i/myproject_axi_master_1/inst/load_input_float_array_ap_fixed_10_7_0_3_0_60u_U0/grp_load_input_float_array_ap_fixed_60u_Pipeline_VITIS_LOOP_13_1_fu_90/fpext_32ns_64_2_no_dsp_1_U3/sub_ln17_55_reg_18251[7]_i_2_n_0
    SLICE_X17Y140        LUT6 (Prop_G6LUT_SLICEM_I0_O)
                                                      0.137     4.684 r  vitis_design_i/myproject_axi_master_1/inst/load_input_float_array_ap_fixed_10_7_0_3_0_60u_U0/grp_load_input_float_array_ap_fixed_60u_Pipeline_VITIS_LOOP_13_1_fu_90/fpext_32ns_64_2_no_dsp_1_U3/sub_ln17_55_reg_18251[9]_i_2/O
                         net (fo=1, routed)           0.056     4.740    vitis_design_i/myproject_axi_master_1/inst/load_input_float_array_ap_fixed_10_7_0_3_0_60u_U0/grp_load_input_float_array_ap_fixed_60u_Pipeline_VITIS_LOOP_13_1_fu_90/fpext_32ns_64_2_no_dsp_1_U3/sub_ln17_55_reg_18251[9]_i_2_n_0
    SLICE_X17Y140        LUT5 (Prop_F6LUT_SLICEM_I2_O)
                                                      0.149     4.889 r  vitis_design_i/myproject_axi_master_1/inst/load_input_float_array_ap_fixed_10_7_0_3_0_60u_U0/grp_load_input_float_array_ap_fixed_60u_Pipeline_VITIS_LOOP_13_1_fu_90/fpext_32ns_64_2_no_dsp_1_U3/sub_ln17_55_reg_18251[9]_i_1/O
                         net (fo=44, routed)          3.954     8.843    vitis_design_i/myproject_axi_master_1/inst/load_input_float_array_ap_fixed_10_7_0_3_0_60u_U0/grp_load_input_float_array_ap_fixed_60u_Pipeline_VITIS_LOOP_13_1_fu_90/tmp_245_fu_525_p4[7]
    SLICE_X24Y223        FDRE                                         r  vitis_design_i/myproject_axi_master_1/inst/load_input_float_array_ap_fixed_10_7_0_3_0_60u_U0/grp_load_input_float_array_ap_fixed_60u_Pipeline_VITIS_LOOP_13_1_fu_90/sub_ln17_100_reg_19016_reg[9]/D
  -------------------------------------------------------------------    -------------------

                         (clock clk_pl_0 rise edge)
                                                     10.000    10.000 r  
    PS8_X0Y0             PS8                          0.000    10.000 r  vitis_design_i/zynq_ultra_ps_e_0/inst/PS8_i/PLCLK[0]
                         net (fo=1, routed)           0.181    10.181    vitis_design_i/zynq_ultra_ps_e_0/inst/pl_clk_unbuffered[0]
    BUFG_PS_X0Y80        BUFG_PS (Prop_BUFG_PS_I_O)
                                                      0.035    10.216 r  vitis_design_i/zynq_ultra_ps_e_0/inst/buffer_pl_clk_0.PL_CLK_0_BUFG/O
    X0Y1 (CLOCK_ROOT)    net (fo=19431, routed)       2.323    12.539    vitis_design_i/myproject_axi_master_1/inst/load_input_float_array_ap_fixed_10_7_0_3_0_60u_U0/grp_load_input_float_array_ap_fixed_60u_Pipeline_VITIS_LOOP_13_1_fu_90/ap_clk
    SLICE_X24Y223        FDRE                                         r  vitis_design_i/myproject_axi_master_1/inst/load_input_float_array_ap_fixed_10_7_0_3_0_60u_U0/grp_load_input_float_array_ap_fixed_60u_Pipeline_VITIS_LOOP_13_1_fu_90/sub_ln17_100_reg_19016_reg[9]/C
                         clock pessimism              0.147    12.686    
                         clock uncertainty           -0.130    12.556    
    SLICE_X24Y223        FDRE (Setup_EFF2_SLICEM_C_D)
                                                      0.045    12.601    vitis_design_i/myproject_axi_master_1/inst/load_input_float_array_ap_fixed_10_7_0_3_0_60u_U0/grp_load_input_float_array_ap_fixed_60u_Pipeline_VITIS_LOOP_13_1_fu_90/sub_ln17_100_reg_19016_reg[9]
  -------------------------------------------------------------------
                         required time                         12.601    
                         arrival time                          -8.843    
  -------------------------------------------------------------------
                         slack                                  3.758    

Slack (MET) :             3.759ns  (required time - arrival time)
  Source:                 vitis_design_i/myproject_axi_master_1/inst/load_input_float_array_ap_fixed_10_7_0_3_0_60u_U0/grp_load_input_float_array_ap_fixed_60u_Pipeline_VITIS_LOOP_13_1_fu_90/fpext_32ns_64_2_no_dsp_1_U3/din0_buf1_reg[28]/C
                            (rising edge-triggered cell FDRE clocked by clk_pl_0  {rise@0.000ns fall@5.000ns period=10.000ns})
  Destination:            vitis_design_i/myproject_axi_master_1/inst/load_input_float_array_ap_fixed_10_7_0_3_0_60u_U0/grp_load_input_float_array_ap_fixed_60u_Pipeline_VITIS_LOOP_13_1_fu_90/trunc_ln17_449_reg_20177_reg[42]/D
                            (rising edge-triggered cell FDRE clocked by clk_pl_0  {rise@0.000ns fall@5.000ns period=10.000ns})
  Path Group:             clk_pl_0
  Path Type:              Setup (Max at Slow Process Corner)
  Requirement:            10.000ns  (clk_pl_0 rise@10.000ns - clk_pl_0 rise@0.000ns)
  Data Path Delay:        5.946ns  (logic 0.556ns (9.351%)  route 5.390ns (90.649%))
  Logic Levels:           3  (LUT3=1 LUT4=1 LUT5=1)
  Clock Path Skew:        -0.211ns (DCD - SCD + CPR)
    Destination Clock Delay (DCD):    2.371ns = ( 12.371 - 10.000 ) 
    Source Clock Delay      (SCD):    2.729ns
    Clock Pessimism Removal (CPR):    0.147ns
  Clock Uncertainty:      0.130ns  ((TSJ^2 + DJ^2)^1/2) / 2 + PE
    Total System Jitter     (TSJ):    0.071ns
    Discrete Jitter          (DJ):    0.250ns
    Phase Error              (PE):    0.000ns
  Clock Net Delay (Source):      2.462ns (routing 1.045ns, distribution 1.417ns)
  Clock Net Delay (Destination): 2.155ns (routing 0.955ns, distribution 1.200ns)

    Location             Delay type                Incr(ns)  Path(ns)    Netlist Resource(s)
  -------------------------------------------------------------------    -------------------
                         (clock clk_pl_0 rise edge)
                                                      0.000     0.000 r  
    PS8_X0Y0             PS8                          0.000     0.000 r  vitis_design_i/zynq_ultra_ps_e_0/inst/PS8_i/PLCLK[0]
                         net (fo=1, routed)           0.229     0.229    vitis_design_i/zynq_ultra_ps_e_0/inst/pl_clk_unbuffered[0]
    BUFG_PS_X0Y80        BUFG_PS (Prop_BUFG_PS_I_O)
                                                      0.038     0.267 r  vitis_design_i/zynq_ultra_ps_e_0/inst/buffer_pl_clk_0.PL_CLK_0_BUFG/O
    X0Y1 (CLOCK_ROOT)    net (fo=19431, routed)       2.462     2.729    vitis_design_i/myproject_axi_master_1/inst/load_input_float_array_ap_fixed_10_7_0_3_0_60u_U0/grp_load_input_float_array_ap_fixed_60u_Pipeline_VITIS_LOOP_13_1_fu_90/fpext_32ns_64_2_no_dsp_1_U3/ap_clk
    SLICE_X18Y137        FDRE                                         r  vitis_design_i/myproject_axi_master_1/inst/load_input_float_array_ap_fixed_10_7_0_3_0_60u_U0/grp_load_input_float_array_ap_fixed_60u_Pipeline_VITIS_LOOP_13_1_fu_90/fpext_32ns_64_2_no_dsp_1_U3/din0_buf1_reg[28]/C
  -------------------------------------------------------------------    -------------------
    SLICE_X18Y137        FDRE (Prop_GFF2_SLICEM_C_Q)
                                                      0.118     2.847 f  vitis_design_i/myproject_axi_master_1/inst/load_input_float_array_ap_fixed_10_7_0_3_0_60u_U0/grp_load_input_float_array_ap_fixed_60u_Pipeline_VITIS_LOOP_13_1_fu_90/fpext_32ns_64_2_no_dsp_1_U3/din0_buf1_reg[28]/Q
                         net (fo=3, routed)           0.166     3.013    vitis_design_wrapper/vitis_design/vitis_design_myproject_axi_master_1_0/vitis_design_myproject_axi_master_1_0_myproject_axi_master/vitis_design_myproject_axi_master_1_0_myproject_axi_master_load_input_float_array_ap_fixed_10_7_0_3_0_60u_s/vitis_design_myproject_axi_master_1_0_myproject_axi_master_load_input_float_array_ap_fixed_60u_Pipeline_VITIS_LOOP_13_1/vitis_design_myproject_axi_master_1_0_myproject_axi_master_fpext_32ns_64_2_no_dsp_1/vitis_design_myproject_axi_master_1_0_myproject_axi_master_fpext_32ns_64_2_no_dsp_1_ip/<hidden>/<hidden>/<hidden>/<hidden>
    SLICE_X18Y137        LUT4 (Prop_D5LUT_SLICEM_I3_O)
                                                      0.220     3.233 r  vitis_design_wrapper/vitis_design/vitis_design_myproject_axi_master_1_0/vitis_design_myproject_axi_master_1_0_myproject_axi_master/vitis_design_myproject_axi_master_1_0_myproject_axi_master_load_input_float_array_ap_fixed_10_7_0_3_0_60u_s/vitis_design_myproject_axi_master_1_0_myproject_axi_master_load_input_float_array_ap_fixed_60u_Pipeline_VITIS_LOOP_13_1/vitis_design_myproject_axi_master_1_0_myproject_axi_master_fpext_32ns_64_2_no_dsp_1/vitis_design_myproject_axi_master_1_0_myproject_axi_master_fpext_32ns_64_2_no_dsp_1_ip/<hidden>/<hidden>/<hidden>/<hidden>
                         net (fo=33, routed)          0.288     3.521    vitis_design_wrapper/vitis_design/vitis_design_myproject_axi_master_1_0/vitis_design_myproject_axi_master_1_0_myproject_axi_master/vitis_design_myproject_axi_master_1_0_myproject_axi_master_load_input_float_array_ap_fixed_10_7_0_3_0_60u_s/vitis_design_myproject_axi_master_1_0_myproject_axi_master_load_input_float_array_ap_fixed_60u_Pipeline_VITIS_LOOP_13_1/vitis_design_myproject_axi_master_1_0_myproject_axi_master_fpext_32ns_64_2_no_dsp_1/vitis_design_myproject_axi_master_1_0_myproject_axi_master_fpext_32ns_64_2_no_dsp_1_ip/<hidden>/<hidden>/<hidden>/<hidden>
    SLICE_X19Y138        LUT5 (Prop_H6LUT_SLICEL_I2_O)
                                                      0.137     3.658 r  vitis_design_wrapper/vitis_design/vitis_design_myproject_axi_master_1_0/vitis_design_myproject_axi_master_1_0_myproject_axi_master/vitis_design_myproject_axi_master_1_0_myproject_axi_master_load_input_float_array_ap_fixed_10_7_0_3_0_60u_s/vitis_design_myproject_axi_master_1_0_myproject_axi_master_load_input_float_array_ap_fixed_60u_Pipeline_VITIS_LOOP_13_1/vitis_design_myproject_axi_master_1_0_myproject_axi_master_fpext_32ns_64_2_no_dsp_1/vitis_design_myproject_axi_master_1_0_myproject_axi_master_fpext_32ns_64_2_no_dsp_1_ip/<hidden>/<hidden>/<hidden>/<hidden>
                         net (fo=2, routed)           0.196     3.854    vitis_design_i/myproject_axi_master_1/inst/load_input_float_array_ap_fixed_10_7_0_3_0_60u_U0/grp_load_input_float_array_ap_fixed_60u_Pipeline_VITIS_LOOP_13_1_fu_90/fpext_32ns_64_2_no_dsp_1_U3/r_tdata[42]
    SLICE_X19Y140        LUT3 (Prop_C6LUT_SLICEL_I0_O)
                                                      0.081     3.935 r  vitis_design_i/myproject_axi_master_1/inst/load_input_float_array_ap_fixed_10_7_0_3_0_60u_U0/grp_load_input_float_array_ap_fixed_60u_Pipeline_VITIS_LOOP_13_1_fu_90/fpext_32ns_64_2_no_dsp_1_U3/trunc_ln17_145_reg_18239[42]_i_1/O
                         net (fo=44, routed)          4.740     8.675    vitis_design_i/myproject_axi_master_1/inst/load_input_float_array_ap_fixed_10_7_0_3_0_60u_U0/grp_load_input_float_array_ap_fixed_60u_Pipeline_VITIS_LOOP_13_1_fu_90/grp_fu_140_p1[42]
    SLICE_X6Y211         FDRE                                         r  vitis_design_i/myproject_axi_master_1/inst/load_input_float_array_ap_fixed_10_7_0_3_0_60u_U0/grp_load_input_float_array_ap_fixed_60u_Pipeline_VITIS_LOOP_13_1_fu_90/trunc_ln17_449_reg_20177_reg[42]/D
  -------------------------------------------------------------------    -------------------

                         (clock clk_pl_0 rise edge)
                                                     10.000    10.000 r  
    PS8_X0Y0             PS8                          0.000    10.000 r  vitis_design_i/zynq_ultra_ps_e_0/inst/PS8_i/PLCLK[0]
                         net (fo=1, routed)           0.181    10.181    vitis_design_i/zynq_ultra_ps_e_0/inst/pl_clk_unbuffered[0]
    BUFG_PS_X0Y80        BUFG_PS (Prop_BUFG_PS_I_O)
                                                      0.035    10.216 r  vitis_design_i/zynq_ultra_ps_e_0/inst/buffer_pl_clk_0.PL_CLK_0_BUFG/O
    X0Y1 (CLOCK_ROOT)    net (fo=19431, routed)       2.155    12.371    vitis_design_i/myproject_axi_master_1/inst/load_input_float_array_ap_fixed_10_7_0_3_0_60u_U0/grp_load_input_float_array_ap_fixed_60u_Pipeline_VITIS_LOOP_13_1_fu_90/ap_clk
    SLICE_X6Y211         FDRE                                         r  vitis_design_i/myproject_axi_master_1/inst/load_input_float_array_ap_fixed_10_7_0_3_0_60u_U0/grp_load_input_float_array_ap_fixed_60u_Pipeline_VITIS_LOOP_13_1_fu_90/trunc_ln17_449_reg_20177_reg[42]/C
                         clock pessimism              0.147    12.518    
                         clock uncertainty           -0.130    12.388    
    SLICE_X6Y211         FDRE (Setup_EFF2_SLICEL_C_D)
                                                      0.046    12.434    vitis_design_i/myproject_axi_master_1/inst/load_input_float_array_ap_fixed_10_7_0_3_0_60u_U0/grp_load_input_float_array_ap_fixed_60u_Pipeline_VITIS_LOOP_13_1_fu_90/trunc_ln17_449_reg_20177_reg[42]
  -------------------------------------------------------------------
                         required time                         12.434    
                         arrival time                          -8.675    
  -------------------------------------------------------------------
                         slack                                  3.759    





Min Delay Paths
--------------------------------------------------------------------------------------
Slack (MET) :             0.011ns  (arrival time - required time)
  Source:                 vitis_design_i/axi_smc/inst/m00_nodes/m00_r_node/inst/inst_mi_handler/gen_normal_area.inst_fifo_node_payld/gen_xpm_memory_fifo.inst_fifo/gen_mem_rep[0].inst_xpm_memory/xpm_memory_base_inst/gen_rd_b.gen_rd_b_synth_template.gen_rf_narrow_reg.doutb_reg_reg[126]/C
                            (rising edge-triggered cell FDRE clocked by clk_pl_0  {rise@0.000ns fall@5.000ns period=10.000ns})
  Destination:            vitis_design_i/axi_smc/inst/switchboards/r_switchboard/inst/gen_mi[0].inst_opipe_payld/gen_pipe[1].pipe_reg[1][126]/D
                            (rising edge-triggered cell FDRE clocked by clk_pl_0  {rise@0.000ns fall@5.000ns period=10.000ns})
  Path Group:             clk_pl_0
  Path Type:              Hold (Min at Slow Process Corner)
  Requirement:            0.000ns  (clk_pl_0 rise@0.000ns - clk_pl_0 rise@0.000ns)
  Data Path Delay:        0.231ns  (logic 0.114ns (49.351%)  route 0.117ns (50.649%))
  Logic Levels:           0  
  Clock Path Skew:        0.118ns (DCD - SCD - CPR)
    Destination Clock Delay (DCD):    2.663ns
    Source Clock Delay      (SCD):    2.352ns
    Clock Pessimism Removal (CPR):    0.192ns
  Clock Net Delay (Source):      2.136ns (routing 0.955ns, distribution 1.181ns)
  Clock Net Delay (Destination): 2.396ns (routing 1.045ns, distribution 1.351ns)

    Location             Delay type                Incr(ns)  Path(ns)    Netlist Resource(s)
  -------------------------------------------------------------------    -------------------
                         (clock clk_pl_0 rise edge)
                                                      0.000     0.000 r  
    PS8_X0Y0             PS8                          0.000     0.000 r  vitis_design_i/zynq_ultra_ps_e_0/inst/PS8_i/PLCLK[0]
                         net (fo=1, routed)           0.181     0.181    vitis_design_i/zynq_ultra_ps_e_0/inst/pl_clk_unbuffered[0]
    BUFG_PS_X0Y80        BUFG_PS (Prop_BUFG_PS_I_O)
                                                      0.035     0.216 r  vitis_design_i/zynq_ultra_ps_e_0/inst/buffer_pl_clk_0.PL_CLK_0_BUFG/O
    X0Y1 (CLOCK_ROOT)    net (fo=19431, routed)       2.136     2.352    vitis_design_i/axi_smc/inst/m00_nodes/m00_r_node/inst/inst_mi_handler/gen_normal_area.inst_fifo_node_payld/gen_xpm_memory_fifo.inst_fifo/gen_mem_rep[0].inst_xpm_memory/xpm_memory_base_inst/clka
    SLICE_X1Y73          FDRE                                         r  vitis_design_i/axi_smc/inst/m00_nodes/m00_r_node/inst/inst_mi_handler/gen_normal_area.inst_fifo_node_payld/gen_xpm_memory_fifo.inst_fifo/gen_mem_rep[0].inst_xpm_memory/xpm_memory_base_inst/gen_rd_b.gen_rd_b_synth_template.gen_rf_narrow_reg.doutb_reg_reg[126]/C
  -------------------------------------------------------------------    -------------------
    SLICE_X1Y73          FDRE (Prop_AFF2_SLICEM_C_Q)
                                                      0.114     2.466 r  vitis_design_i/axi_smc/inst/m00_nodes/m00_r_node/inst/inst_mi_handler/gen_normal_area.inst_fifo_node_payld/gen_xpm_memory_fifo.inst_fifo/gen_mem_rep[0].inst_xpm_memory/xpm_memory_base_inst/gen_rd_b.gen_rd_b_synth_template.gen_rf_narrow_reg.doutb_reg_reg[126]/Q
                         net (fo=1, routed)           0.117     2.583    vitis_design_i/axi_smc/inst/switchboards/r_switchboard/inst/gen_mi[0].inst_opipe_payld/s_sc_payld[116]
    SLICE_X2Y73          FDRE                                         r  vitis_design_i/axi_smc/inst/switchboards/r_switchboard/inst/gen_mi[0].inst_opipe_payld/gen_pipe[1].pipe_reg[1][126]/D
  -------------------------------------------------------------------    -------------------

                         (clock clk_pl_0 rise edge)
                                                      0.000     0.000 r  
    PS8_X0Y0             PS8                          0.000     0.000 r  vitis_design_i/zynq_ultra_ps_e_0/inst/PS8_i/PLCLK[0]
                         net (fo=1, routed)           0.229     0.229    vitis_design_i/zynq_ultra_ps_e_0/inst/pl_clk_unbuffered[0]
    BUFG_PS_X0Y80        BUFG_PS (Prop_BUFG_PS_I_O)
                                                      0.038     0.267 r  vitis_design_i/zynq_ultra_ps_e_0/inst/buffer_pl_clk_0.PL_CLK_0_BUFG/O
    X0Y1 (CLOCK_ROOT)    net (fo=19431, routed)       2.396     2.663    vitis_design_i/axi_smc/inst/switchboards/r_switchboard/inst/gen_mi[0].inst_opipe_payld/aclk
    SLICE_X2Y73          FDRE                                         r  vitis_design_i/axi_smc/inst/switchboards/r_switchboard/inst/gen_mi[0].inst_opipe_payld/gen_pipe[1].pipe_reg[1][126]/C
                         clock pessimism             -0.192     2.471    
    SLICE_X2Y73          FDRE (Hold_GFF2_SLICEM_C_D)
                                                      0.102     2.573    vitis_design_i/axi_smc/inst/switchboards/r_switchboard/inst/gen_mi[0].inst_opipe_payld/gen_pipe[1].pipe_reg[1][126]
  -------------------------------------------------------------------
                         required time                         -2.573    
                         arrival time                           2.583    
  -------------------------------------------------------------------
                         slack                                  0.011    

Slack (MET) :             0.011ns  (arrival time - required time)
  Source:                 vitis_design_i/smc_ic_zynq_ultra_ps_e_0_S_AXI_HP0_FPD/inst/s01_nodes/s01_w_node/inst/inst_mi_handler/gen_normal_area.inst_fifo_node_payld/gen_xpm_memory_fifo.inst_fifo/gen_mem_rep[0].inst_xpm_memory/xpm_memory_base_inst/gen_rd_b.gen_rd_b_synth_template.gen_rf_narrow_reg.doutb_reg_reg[98]/C
                            (rising edge-triggered cell FDRE clocked by clk_pl_0  {rise@0.000ns fall@5.000ns period=10.000ns})
  Destination:            vitis_design_i/smc_ic_zynq_ultra_ps_e_0_S_AXI_HP0_FPD/inst/switchboards/w_switchboard/inst/gen_mi[0].inst_opipe_payld/gen_pipe[1].pipe_reg[1][98]/D
                            (rising edge-triggered cell FDRE clocked by clk_pl_0  {rise@0.000ns fall@5.000ns period=10.000ns})
  Path Group:             clk_pl_0
  Path Type:              Hold (Min at Slow Process Corner)
  Requirement:            0.000ns  (clk_pl_0 rise@0.000ns - clk_pl_0 rise@0.000ns)
  Data Path Delay:        0.224ns  (logic 0.114ns (50.893%)  route 0.110ns (49.107%))
  Logic Levels:           0  
  Clock Path Skew:        0.112ns (DCD - SCD - CPR)
    Destination Clock Delay (DCD):    2.645ns
    Source Clock Delay      (SCD):    2.340ns
    Clock Pessimism Removal (CPR):    0.192ns
  Clock Net Delay (Source):      2.124ns (routing 0.955ns, distribution 1.169ns)
  Clock Net Delay (Destination): 2.378ns (routing 1.045ns, distribution 1.333ns)

    Location             Delay type                Incr(ns)  Path(ns)    Netlist Resource(s)
  -------------------------------------------------------------------    -------------------
                         (clock clk_pl_0 rise edge)
                                                      0.000     0.000 r  
    PS8_X0Y0             PS8                          0.000     0.000 r  vitis_design_i/zynq_ultra_ps_e_0/inst/PS8_i/PLCLK[0]
                         net (fo=1, routed)           0.181     0.181    vitis_design_i/zynq_ultra_ps_e_0/inst/pl_clk_unbuffered[0]
    BUFG_PS_X0Y80        BUFG_PS (Prop_BUFG_PS_I_O)
                                                      0.035     0.216 r  vitis_design_i/zynq_ultra_ps_e_0/inst/buffer_pl_clk_0.PL_CLK_0_BUFG/O
    X0Y1 (CLOCK_ROOT)    net (fo=19431, routed)       2.124     2.340    vitis_design_i/smc_ic_zynq_ultra_ps_e_0_S_AXI_HP0_FPD/inst/s01_nodes/s01_w_node/inst/inst_mi_handler/gen_normal_area.inst_fifo_node_payld/gen_xpm_memory_fifo.inst_fifo/gen_mem_rep[0].inst_xpm_memory/xpm_memory_base_inst/clka
    SLICE_X4Y85          FDRE                                         r  vitis_design_i/smc_ic_zynq_ultra_ps_e_0_S_AXI_HP0_FPD/inst/s01_nodes/s01_w_node/inst/inst_mi_handler/gen_normal_area.inst_fifo_node_payld/gen_xpm_memory_fifo.inst_fifo/gen_mem_rep[0].inst_xpm_memory/xpm_memory_base_inst/gen_rd_b.gen_rd_b_synth_template.gen_rf_narrow_reg.doutb_reg_reg[98]/C
  -------------------------------------------------------------------    -------------------
    SLICE_X4Y85          FDRE (Prop_AFF2_SLICEM_C_Q)
                                                      0.114     2.454 r  vitis_design_i/smc_ic_zynq_ultra_ps_e_0_S_AXI_HP0_FPD/inst/s01_nodes/s01_w_node/inst/inst_mi_handler/gen_normal_area.inst_fifo_node_payld/gen_xpm_memory_fifo.inst_fifo/gen_mem_rep[0].inst_xpm_memory/xpm_memory_base_inst/gen_rd_b.gen_rd_b_synth_template.gen_rf_narrow_reg.doutb_reg_reg[98]/Q
                         net (fo=1, routed)           0.110     2.564    vitis_design_i/smc_ic_zynq_ultra_ps_e_0_S_AXI_HP0_FPD/inst/switchboards/w_switchboard/inst/gen_mi[0].inst_opipe_payld/s_sc_payld[86]
    SLICE_X3Y85          FDRE                                         r  vitis_design_i/smc_ic_zynq_ultra_ps_e_0_S_AXI_HP0_FPD/inst/switchboards/w_switchboard/inst/gen_mi[0].inst_opipe_payld/gen_pipe[1].pipe_reg[1][98]/D
  -------------------------------------------------------------------    -------------------

                         (clock clk_pl_0 rise edge)
                                                      0.000     0.000 r  
    PS8_X0Y0             PS8                          0.000     0.000 r  vitis_design_i/zynq_ultra_ps_e_0/inst/PS8_i/PLCLK[0]
                         net (fo=1, routed)           0.229     0.229    vitis_design_i/zynq_ultra_ps_e_0/inst/pl_clk_unbuffered[0]
    BUFG_PS_X0Y80        BUFG_PS (Prop_BUFG_PS_I_O)
                                                      0.038     0.267 r  vitis_design_i/zynq_ultra_ps_e_0/inst/buffer_pl_clk_0.PL_CLK_0_BUFG/O
    X0Y1 (CLOCK_ROOT)    net (fo=19431, routed)       2.378     2.645    vitis_design_i/smc_ic_zynq_ultra_ps_e_0_S_AXI_HP0_FPD/inst/switchboards/w_switchboard/inst/gen_mi[0].inst_opipe_payld/aclk
    SLICE_X3Y85          FDRE                                         r  vitis_design_i/smc_ic_zynq_ultra_ps_e_0_S_AXI_HP0_FPD/inst/switchboards/w_switchboard/inst/gen_mi[0].inst_opipe_payld/gen_pipe[1].pipe_reg[1][98]/C
                         clock pessimism             -0.192     2.453    
    SLICE_X3Y85          FDRE (Hold_HFF_SLICEL_C_D)
                                                      0.101     2.554    vitis_design_i/smc_ic_zynq_ultra_ps_e_0_S_AXI_HP0_FPD/inst/switchboards/w_switchboard/inst/gen_mi[0].inst_opipe_payld/gen_pipe[1].pipe_reg[1][98]
  -------------------------------------------------------------------
                         required time                         -2.554    
                         arrival time                           2.564    
  -------------------------------------------------------------------
                         slack                                  0.011    

Slack (MET) :             0.011ns  (arrival time - required time)
  Source:                 vitis_design_i/myproject_axi_master_1/inst/compute_U0/grp_myproject_fu_62/dense_array_ap_ufixed_128u_array_ap_fixed_13_10_5_3_0_64u_config6_U0/res_reg_237_reg[6]/C
                            (rising edge-triggered cell FDRE clocked by clk_pl_0  {rise@0.000ns fall@5.000ns period=10.000ns})
  Destination:            vitis_design_i/myproject_axi_master_1/inst/compute_U0/grp_myproject_fu_62/layer6_out_U/U_myproject_axi_master_fifo_w832_d1_S_ShiftReg/SRL_SIG_reg[0][162]/D
                            (rising edge-triggered cell FDRE clocked by clk_pl_0  {rise@0.000ns fall@5.000ns period=10.000ns})
  Path Group:             clk_pl_0
  Path Type:              Hold (Min at Slow Process Corner)
  Requirement:            0.000ns  (clk_pl_0 rise@0.000ns - clk_pl_0 rise@0.000ns)
  Data Path Delay:        0.208ns  (logic 0.112ns (53.846%)  route 0.096ns (46.154%))
  Logic Levels:           0  
  Clock Path Skew:        0.094ns (DCD - SCD - CPR)
    Destination Clock Delay (DCD):    2.699ns
    Source Clock Delay      (SCD):    2.417ns
    Clock Pessimism Removal (CPR):    0.188ns
  Clock Net Delay (Source):      2.201ns (routing 0.955ns, distribution 1.246ns)
  Clock Net Delay (Destination): 2.432ns (routing 1.045ns, distribution 1.387ns)

    Location             Delay type                Incr(ns)  Path(ns)    Netlist Resource(s)
  -------------------------------------------------------------------    -------------------
                         (clock clk_pl_0 rise edge)
                                                      0.000     0.000 r  
    PS8_X0Y0             PS8                          0.000     0.000 r  vitis_design_i/zynq_ultra_ps_e_0/inst/PS8_i/PLCLK[0]
                         net (fo=1, routed)           0.181     0.181    vitis_design_i/zynq_ultra_ps_e_0/inst/pl_clk_unbuffered[0]
    BUFG_PS_X0Y80        BUFG_PS (Prop_BUFG_PS_I_O)
                                                      0.035     0.216 r  vitis_design_i/zynq_ultra_ps_e_0/inst/buffer_pl_clk_0.PL_CLK_0_BUFG/O
    X0Y1 (CLOCK_ROOT)    net (fo=19431, routed)       2.201     2.417    vitis_design_i/myproject_axi_master_1/inst/compute_U0/grp_myproject_fu_62/dense_array_ap_ufixed_128u_array_ap_fixed_13_10_5_3_0_64u_config6_U0/ap_clk
    SLICE_X15Y213        FDRE                                         r  vitis_design_i/myproject_axi_master_1/inst/compute_U0/grp_myproject_fu_62/dense_array_ap_ufixed_128u_array_ap_fixed_13_10_5_3_0_64u_config6_U0/res_reg_237_reg[6]/C
  -------------------------------------------------------------------    -------------------
    SLICE_X15Y213        FDRE (Prop_EFF_SLICEL_C_Q)
                                                      0.112     2.529 r  vitis_design_i/myproject_axi_master_1/inst/compute_U0/grp_myproject_fu_62/dense_array_ap_ufixed_128u_array_ap_fixed_13_10_5_3_0_64u_config6_U0/res_reg_237_reg[6]/Q
                         net (fo=1, routed)           0.096     2.625    vitis_design_i/myproject_axi_master_1/inst/compute_U0/grp_myproject_fu_62/layer6_out_U/U_myproject_axi_master_fifo_w832_d1_S_ShiftReg/SRL_SIG_reg[0][376]_0[5]
    SLICE_X14Y213        FDRE                                         r  vitis_design_i/myproject_axi_master_1/inst/compute_U0/grp_myproject_fu_62/layer6_out_U/U_myproject_axi_master_fifo_w832_d1_S_ShiftReg/SRL_SIG_reg[0][162]/D
  -------------------------------------------------------------------    -------------------

                         (clock clk_pl_0 rise edge)
                                                      0.000     0.000 r  
    PS8_X0Y0             PS8                          0.000     0.000 r  vitis_design_i/zynq_ultra_ps_e_0/inst/PS8_i/PLCLK[0]
                         net (fo=1, routed)           0.229     0.229    vitis_design_i/zynq_ultra_ps_e_0/inst/pl_clk_unbuffered[0]
    BUFG_PS_X0Y80        BUFG_PS (Prop_BUFG_PS_I_O)
                                                      0.038     0.267 r  vitis_design_i/zynq_ultra_ps_e_0/inst/buffer_pl_clk_0.PL_CLK_0_BUFG/O
    X0Y1 (CLOCK_ROOT)    net (fo=19431, routed)       2.432     2.699    vitis_design_i/myproject_axi_master_1/inst/compute_U0/grp_myproject_fu_62/layer6_out_U/U_myproject_axi_master_fifo_w832_d1_S_ShiftReg/ap_clk
    SLICE_X14Y213        FDRE                                         r  vitis_design_i/myproject_axi_master_1/inst/compute_U0/grp_myproject_fu_62/layer6_out_U/U_myproject_axi_master_fifo_w832_d1_S_ShiftReg/SRL_SIG_reg[0][162]/C
                         clock pessimism             -0.188     2.511    
    SLICE_X14Y213        FDRE (Hold_FFF2_SLICEL_C_D)
                                                      0.103     2.614    vitis_design_i/myproject_axi_master_1/inst/compute_U0/grp_myproject_fu_62/layer6_out_U/U_myproject_axi_master_fifo_w832_d1_S_ShiftReg/SRL_SIG_reg[0][162]
  -------------------------------------------------------------------
                         required time                         -2.614    
                         arrival time                           2.625    
  -------------------------------------------------------------------
                         slack                                  0.011    

Slack (MET) :             0.011ns  (arrival time - required time)
  Source:                 vitis_design_i/myproject_axi_master_1/inst/gmem_in0_m_axi_U/bus_read/rreq_burst_conv/burst_sequential/rs_req/data_p1_reg[66]/C
                            (rising edge-triggered cell FDRE clocked by clk_pl_0  {rise@0.000ns fall@5.000ns period=10.000ns})
  Destination:            vitis_design_i/myproject_axi_master_1/inst/gmem_in0_m_axi_U/bus_read/rreq_burst_conv/burst_sequential/beat_total_reg[0]/D
                            (rising edge-triggered cell FDRE clocked by clk_pl_0  {rise@0.000ns fall@5.000ns period=10.000ns})
  Path Group:             clk_pl_0
  Path Type:              Hold (Min at Slow Process Corner)
  Requirement:            0.000ns  (clk_pl_0 rise@0.000ns - clk_pl_0 rise@0.000ns)
  Data Path Delay:        0.238ns  (logic 0.111ns (46.607%)  route 0.127ns (53.393%))
  Logic Levels:           0  
  Clock Path Skew:        0.124ns (DCD - SCD - CPR)
    Destination Clock Delay (DCD):    2.704ns
    Source Clock Delay      (SCD):    2.388ns
    Clock Pessimism Removal (CPR):    0.192ns
  Clock Net Delay (Source):      2.172ns (routing 0.955ns, distribution 1.217ns)
  Clock Net Delay (Destination): 2.437ns (routing 1.045ns, distribution 1.392ns)

    Location             Delay type                Incr(ns)  Path(ns)    Netlist Resource(s)
  -------------------------------------------------------------------    -------------------
                         (clock clk_pl_0 rise edge)
                                                      0.000     0.000 r  
    PS8_X0Y0             PS8                          0.000     0.000 r  vitis_design_i/zynq_ultra_ps_e_0/inst/PS8_i/PLCLK[0]
                         net (fo=1, routed)           0.181     0.181    vitis_design_i/zynq_ultra_ps_e_0/inst/pl_clk_unbuffered[0]
    BUFG_PS_X0Y80        BUFG_PS (Prop_BUFG_PS_I_O)
                                                      0.035     0.216 r  vitis_design_i/zynq_ultra_ps_e_0/inst/buffer_pl_clk_0.PL_CLK_0_BUFG/O
    X0Y1 (CLOCK_ROOT)    net (fo=19431, routed)       2.172     2.388    vitis_design_i/myproject_axi_master_1/inst/gmem_in0_m_axi_U/bus_read/rreq_burst_conv/burst_sequential/rs_req/ap_clk
    SLICE_X20Y107        FDRE                                         r  vitis_design_i/myproject_axi_master_1/inst/gmem_in0_m_axi_U/bus_read/rreq_burst_conv/burst_sequential/rs_req/data_p1_reg[66]/C
  -------------------------------------------------------------------    -------------------
    SLICE_X20Y107        FDRE (Prop_FFF_SLICEM_C_Q)
                                                      0.111     2.499 r  vitis_design_i/myproject_axi_master_1/inst/gmem_in0_m_axi_U/bus_read/rreq_burst_conv/burst_sequential/rs_req/data_p1_reg[66]/Q
                         net (fo=3, routed)           0.127     2.626    vitis_design_i/myproject_axi_master_1/inst/gmem_in0_m_axi_U/bus_read/rreq_burst_conv/burst_sequential/p_1_in[2]
    SLICE_X19Y106        FDRE                                         r  vitis_design_i/myproject_axi_master_1/inst/gmem_in0_m_axi_U/bus_read/rreq_burst_conv/burst_sequential/beat_total_reg[0]/D
  -------------------------------------------------------------------    -------------------

                         (clock clk_pl_0 rise edge)
                                                      0.000     0.000 r  
    PS8_X0Y0             PS8                          0.000     0.000 r  vitis_design_i/zynq_ultra_ps_e_0/inst/PS8_i/PLCLK[0]
                         net (fo=1, routed)           0.229     0.229    vitis_design_i/zynq_ultra_ps_e_0/inst/pl_clk_unbuffered[0]
    BUFG_PS_X0Y80        BUFG_PS (Prop_BUFG_PS_I_O)
                                                      0.038     0.267 r  vitis_design_i/zynq_ultra_ps_e_0/inst/buffer_pl_clk_0.PL_CLK_0_BUFG/O
    X0Y1 (CLOCK_ROOT)    net (fo=19431, routed)       2.437     2.704    vitis_design_i/myproject_axi_master_1/inst/gmem_in0_m_axi_U/bus_read/rreq_burst_conv/burst_sequential/ap_clk
    SLICE_X19Y106        FDRE                                         r  vitis_design_i/myproject_axi_master_1/inst/gmem_in0_m_axi_U/bus_read/rreq_burst_conv/burst_sequential/beat_total_reg[0]/C
                         clock pessimism             -0.192     2.512    
    SLICE_X19Y106        FDRE (Hold_HFF2_SLICEL_C_D)
                                                      0.103     2.615    vitis_design_i/myproject_axi_master_1/inst/gmem_in0_m_axi_U/bus_read/rreq_burst_conv/burst_sequential/beat_total_reg[0]
  -------------------------------------------------------------------
                         required time                         -2.615    
                         arrival time                           2.626    
  -------------------------------------------------------------------
                         slack                                  0.011    

Slack (MET) :             0.011ns  (arrival time - required time)
  Source:                 vitis_design_i/axi_smc/inst/m00_nodes/m00_w_node/inst/inst_mi_handler/gen_normal_area.inst_fifo_node_payld/gen_xpm_memory_fifo.inst_fifo/gen_mem_rep[0].inst_xpm_memory/xpm_memory_base_inst/gen_rd_b.gen_rd_b_synth_template.gen_rf_narrow_reg.doutb_reg_reg[141]/C
                            (rising edge-triggered cell FDRE clocked by clk_pl_0  {rise@0.000ns fall@5.000ns period=10.000ns})
  Destination:            vitis_design_i/axi_smc/inst/m00_exit_pipeline/m00_exit/inst/w_reg/skid_buffer_reg[1136]/D
                            (rising edge-triggered cell FDRE clocked by clk_pl_0  {rise@0.000ns fall@5.000ns period=10.000ns})
  Path Group:             clk_pl_0
  Path Type:              Hold (Min at Slow Process Corner)
  Requirement:            0.000ns  (clk_pl_0 rise@0.000ns - clk_pl_0 rise@0.000ns)
  Data Path Delay:        0.228ns  (logic 0.112ns (49.209%)  route 0.116ns (50.791%))
  Logic Levels:           0  
  Clock Path Skew:        0.115ns (DCD - SCD - CPR)
    Destination Clock Delay (DCD):    2.660ns
    Source Clock Delay      (SCD):    2.352ns
    Clock Pessimism Removal (CPR):    0.192ns
  Clock Net Delay (Source):      2.136ns (routing 0.955ns, distribution 1.181ns)
  Clock Net Delay (Destination): 2.393ns (routing 1.045ns, distribution 1.348ns)

    Location             Delay type                Incr(ns)  Path(ns)    Netlist Resource(s)
  -------------------------------------------------------------------    -------------------
                         (clock clk_pl_0 rise edge)
                                                      0.000     0.000 r  
    PS8_X0Y0             PS8                          0.000     0.000 r  vitis_design_i/zynq_ultra_ps_e_0/inst/PS8_i/PLCLK[0]
                         net (fo=1, routed)           0.181     0.181    vitis_design_i/zynq_ultra_ps_e_0/inst/pl_clk_unbuffered[0]
    BUFG_PS_X0Y80        BUFG_PS (Prop_BUFG_PS_I_O)
                                                      0.035     0.216 r  vitis_design_i/zynq_ultra_ps_e_0/inst/buffer_pl_clk_0.PL_CLK_0_BUFG/O
    X0Y1 (CLOCK_ROOT)    net (fo=19431, routed)       2.136     2.352    vitis_design_i/axi_smc/inst/m00_nodes/m00_w_node/inst/inst_mi_handler/gen_normal_area.inst_fifo_node_payld/gen_xpm_memory_fifo.inst_fifo/gen_mem_rep[0].inst_xpm_memory/xpm_memory_base_inst/clka
    SLICE_X7Y64          FDRE                                         r  vitis_design_i/axi_smc/inst/m00_nodes/m00_w_node/inst/inst_mi_handler/gen_normal_area.inst_fifo_node_payld/gen_xpm_memory_fifo.inst_fifo/gen_mem_rep[0].inst_xpm_memory/xpm_memory_base_inst/gen_rd_b.gen_rd_b_synth_template.gen_rf_narrow_reg.doutb_reg_reg[141]/C
  -------------------------------------------------------------------    -------------------
    SLICE_X7Y64          FDRE (Prop_AFF_SLICEM_C_Q)
                                                      0.112     2.464 r  vitis_design_i/axi_smc/inst/m00_nodes/m00_w_node/inst/inst_mi_handler/gen_normal_area.inst_fifo_node_payld/gen_xpm_memory_fifo.inst_fifo/gen_mem_rep[0].inst_xpm_memory/xpm_memory_base_inst/gen_rd_b.gen_rd_b_synth_template.gen_rf_narrow_reg.doutb_reg_reg[141]/Q
                         net (fo=2, routed)           0.116     2.580    vitis_design_i/axi_smc/inst/m00_exit_pipeline/m00_exit/inst/w_reg/D[112]
    SLICE_X6Y64          FDRE                                         r  vitis_design_i/axi_smc/inst/m00_exit_pipeline/m00_exit/inst/w_reg/skid_buffer_reg[1136]/D
  -------------------------------------------------------------------    -------------------

                         (clock clk_pl_0 rise edge)
                                                      0.000     0.000 r  
    PS8_X0Y0             PS8                          0.000     0.000 r  vitis_design_i/zynq_ultra_ps_e_0/inst/PS8_i/PLCLK[0]
                         net (fo=1, routed)           0.229     0.229    vitis_design_i/zynq_ultra_ps_e_0/inst/pl_clk_unbuffered[0]
    BUFG_PS_X0Y80        BUFG_PS (Prop_BUFG_PS_I_O)
                                                      0.038     0.267 r  vitis_design_i/zynq_ultra_ps_e_0/inst/buffer_pl_clk_0.PL_CLK_0_BUFG/O
    X0Y1 (CLOCK_ROOT)    net (fo=19431, routed)       2.393     2.660    vitis_design_i/axi_smc/inst/m00_exit_pipeline/m00_exit/inst/w_reg/aclk
    SLICE_X6Y64          FDRE                                         r  vitis_design_i/axi_smc/inst/m00_exit_pipeline/m00_exit/inst/w_reg/skid_buffer_reg[1136]/C
                         clock pessimism             -0.192     2.468    
    SLICE_X6Y64          FDRE (Hold_FFF_SLICEL_C_D)
                                                      0.101     2.569    vitis_design_i/axi_smc/inst/m00_exit_pipeline/m00_exit/inst/w_reg/skid_buffer_reg[1136]
  -------------------------------------------------------------------
                         required time                         -2.569    
                         arrival time                           2.580    
  -------------------------------------------------------------------
                         slack                                  0.011    

Slack (MET) :             0.011ns  (arrival time - required time)
  Source:                 vitis_design_i/axi_smc/inst/m00_nodes/m00_r_node/inst/inst_mi_handler/gen_normal_area.inst_fifo_node_payld/gen_xpm_memory_fifo.inst_fifo/gen_mem_rep[0].inst_xpm_memory/xpm_memory_base_inst/gen_rd_b.gen_rd_b_synth_template.gen_rf_narrow_reg.doutb_reg_reg[101]/C
                            (rising edge-triggered cell FDRE clocked by clk_pl_0  {rise@0.000ns fall@5.000ns period=10.000ns})
  Destination:            vitis_design_i/axi_smc/inst/switchboards/r_switchboard/inst/gen_mi[0].inst_opipe_payld/gen_pipe[1].pipe_reg[1][101]/D
                            (rising edge-triggered cell FDRE clocked by clk_pl_0  {rise@0.000ns fall@5.000ns period=10.000ns})
  Path Group:             clk_pl_0
  Path Type:              Hold (Min at Slow Process Corner)
  Requirement:            0.000ns  (clk_pl_0 rise@0.000ns - clk_pl_0 rise@0.000ns)
  Data Path Delay:        0.237ns  (logic 0.111ns (46.835%)  route 0.126ns (53.165%))
  Logic Levels:           0  
  Clock Path Skew:        0.123ns (DCD - SCD - CPR)
    Destination Clock Delay (DCD):    2.668ns
    Source Clock Delay      (SCD):    2.353ns
    Clock Pessimism Removal (CPR):    0.192ns
  Clock Net Delay (Source):      2.137ns (routing 0.955ns, distribution 1.182ns)
  Clock Net Delay (Destination): 2.401ns (routing 1.045ns, distribution 1.356ns)

    Location             Delay type                Incr(ns)  Path(ns)    Netlist Resource(s)
  -------------------------------------------------------------------    -------------------
                         (clock clk_pl_0 rise edge)
                                                      0.000     0.000 r  
    PS8_X0Y0             PS8                          0.000     0.000 r  vitis_design_i/zynq_ultra_ps_e_0/inst/PS8_i/PLCLK[0]
                         net (fo=1, routed)           0.181     0.181    vitis_design_i/zynq_ultra_ps_e_0/inst/pl_clk_unbuffered[0]
    BUFG_PS_X0Y80        BUFG_PS (Prop_BUFG_PS_I_O)
                                                      0.035     0.216 r  vitis_design_i/zynq_ultra_ps_e_0/inst/buffer_pl_clk_0.PL_CLK_0_BUFG/O
    X0Y1 (CLOCK_ROOT)    net (fo=19431, routed)       2.137     2.353    vitis_design_i/axi_smc/inst/m00_nodes/m00_r_node/inst/inst_mi_handler/gen_normal_area.inst_fifo_node_payld/gen_xpm_memory_fifo.inst_fifo/gen_mem_rep[0].inst_xpm_memory/xpm_memory_base_inst/clka
    SLICE_X1Y70          FDRE                                         r  vitis_design_i/axi_smc/inst/m00_nodes/m00_r_node/inst/inst_mi_handler/gen_normal_area.inst_fifo_node_payld/gen_xpm_memory_fifo.inst_fifo/gen_mem_rep[0].inst_xpm_memory/xpm_memory_base_inst/gen_rd_b.gen_rd_b_synth_template.gen_rf_narrow_reg.doutb_reg_reg[101]/C
  -------------------------------------------------------------------    -------------------
    SLICE_X1Y70          FDRE (Prop_BFF_SLICEM_C_Q)
                                                      0.111     2.464 r  vitis_design_i/axi_smc/inst/m00_nodes/m00_r_node/inst/inst_mi_handler/gen_normal_area.inst_fifo_node_payld/gen_xpm_memory_fifo.inst_fifo/gen_mem_rep[0].inst_xpm_memory/xpm_memory_base_inst/gen_rd_b.gen_rd_b_synth_template.gen_rf_narrow_reg.doutb_reg_reg[101]/Q
                         net (fo=1, routed)           0.126     2.590    vitis_design_i/axi_smc/inst/switchboards/r_switchboard/inst/gen_mi[0].inst_opipe_payld/s_sc_payld[91]
    SLICE_X3Y70          FDRE                                         r  vitis_design_i/axi_smc/inst/switchboards/r_switchboard/inst/gen_mi[0].inst_opipe_payld/gen_pipe[1].pipe_reg[1][101]/D
  -------------------------------------------------------------------    -------------------

                         (clock clk_pl_0 rise edge)
                                                      0.000     0.000 r  
    PS8_X0Y0             PS8                          0.000     0.000 r  vitis_design_i/zynq_ultra_ps_e_0/inst/PS8_i/PLCLK[0]
                         net (fo=1, routed)           0.229     0.229    vitis_design_i/zynq_ultra_ps_e_0/inst/pl_clk_unbuffered[0]
    BUFG_PS_X0Y80        BUFG_PS (Prop_BUFG_PS_I_O)
                                                      0.038     0.267 r  vitis_design_i/zynq_ultra_ps_e_0/inst/buffer_pl_clk_0.PL_CLK_0_BUFG/O
    X0Y1 (CLOCK_ROOT)    net (fo=19431, routed)       2.401     2.668    vitis_design_i/axi_smc/inst/switchboards/r_switchboard/inst/gen_mi[0].inst_opipe_payld/aclk
    SLICE_X3Y70          FDRE                                         r  vitis_design_i/axi_smc/inst/switchboards/r_switchboard/inst/gen_mi[0].inst_opipe_payld/gen_pipe[1].pipe_reg[1][101]/C
                         clock pessimism             -0.192     2.476    
    SLICE_X3Y70          FDRE (Hold_CFF2_SLICEL_C_D)
                                                      0.103     2.579    vitis_design_i/axi_smc/inst/switchboards/r_switchboard/inst/gen_mi[0].inst_opipe_payld/gen_pipe[1].pipe_reg[1][101]
  -------------------------------------------------------------------
                         required time                         -2.579    
                         arrival time                           2.590    
  -------------------------------------------------------------------
                         slack                                  0.011    

Slack (MET) :             0.012ns  (arrival time - required time)
  Source:                 vitis_design_i/axi_dma_0/U0/I_PRMRY_DATAMOVER/GEN_S2MM_FULL.I_S2MM_FULL_WRAPPER/I_S2MM_MMAP_SKID_BUF/sig_data_reg_out_reg[16]/C
                            (rising edge-triggered cell FDRE clocked by clk_pl_0  {rise@0.000ns fall@5.000ns period=10.000ns})
  Destination:            vitis_design_i/axi_smc/inst/s01_entry_pipeline/s01_mmu/inst/w_sreg/skid_buffer_reg[1041]/D
                            (rising edge-triggered cell FDRE clocked by clk_pl_0  {rise@0.000ns fall@5.000ns period=10.000ns})
  Path Group:             clk_pl_0
  Path Type:              Hold (Min at Slow Process Corner)
  Requirement:            0.000ns  (clk_pl_0 rise@0.000ns - clk_pl_0 rise@0.000ns)
  Data Path Delay:        0.210ns  (logic 0.112ns (53.434%)  route 0.098ns (46.566%))
  Logic Levels:           0  
  Clock Path Skew:        0.095ns (DCD - SCD - CPR)
    Destination Clock Delay (DCD):    2.673ns
    Source Clock Delay      (SCD):    2.393ns
    Clock Pessimism Removal (CPR):    0.185ns
  Clock Net Delay (Source):      2.177ns (routing 0.955ns, distribution 1.222ns)
  Clock Net Delay (Destination): 2.406ns (routing 1.045ns, distribution 1.361ns)

    Location             Delay type                Incr(ns)  Path(ns)    Netlist Resource(s)
  -------------------------------------------------------------------    -------------------
                         (clock clk_pl_0 rise edge)
                                                      0.000     0.000 r  
    PS8_X0Y0             PS8                          0.000     0.000 r  vitis_design_i/zynq_ultra_ps_e_0/inst/PS8_i/PLCLK[0]
                         net (fo=1, routed)           0.181     0.181    vitis_design_i/zynq_ultra_ps_e_0/inst/pl_clk_unbuffered[0]
    BUFG_PS_X0Y80        BUFG_PS (Prop_BUFG_PS_I_O)
                                                      0.035     0.216 r  vitis_design_i/zynq_ultra_ps_e_0/inst/buffer_pl_clk_0.PL_CLK_0_BUFG/O
    X0Y1 (CLOCK_ROOT)    net (fo=19431, routed)       2.177     2.393    vitis_design_i/axi_dma_0/U0/I_PRMRY_DATAMOVER/GEN_S2MM_FULL.I_S2MM_FULL_WRAPPER/I_S2MM_MMAP_SKID_BUF/m_axi_s2mm_aclk
    SLICE_X17Y57         FDRE                                         r  vitis_design_i/axi_dma_0/U0/I_PRMRY_DATAMOVER/GEN_S2MM_FULL.I_S2MM_FULL_WRAPPER/I_S2MM_MMAP_SKID_BUF/sig_data_reg_out_reg[16]/C
  -------------------------------------------------------------------    -------------------
    SLICE_X17Y57         FDRE (Prop_HFF_SLICEM_C_Q)
                                                      0.112     2.505 r  vitis_design_i/axi_dma_0/U0/I_PRMRY_DATAMOVER/GEN_S2MM_FULL.I_S2MM_FULL_WRAPPER/I_S2MM_MMAP_SKID_BUF/sig_data_reg_out_reg[16]/Q
                         net (fo=2, routed)           0.098     2.603    vitis_design_i/axi_smc/inst/s01_entry_pipeline/s01_mmu/inst/w_sreg/D[17]
    SLICE_X16Y57         FDRE                                         r  vitis_design_i/axi_smc/inst/s01_entry_pipeline/s01_mmu/inst/w_sreg/skid_buffer_reg[1041]/D
  -------------------------------------------------------------------    -------------------

                         (clock clk_pl_0 rise edge)
                                                      0.000     0.000 r  
    PS8_X0Y0             PS8                          0.000     0.000 r  vitis_design_i/zynq_ultra_ps_e_0/inst/PS8_i/PLCLK[0]
                         net (fo=1, routed)           0.229     0.229    vitis_design_i/zynq_ultra_ps_e_0/inst/pl_clk_unbuffered[0]
    BUFG_PS_X0Y80        BUFG_PS (Prop_BUFG_PS_I_O)
                                                      0.038     0.267 r  vitis_design_i/zynq_ultra_ps_e_0/inst/buffer_pl_clk_0.PL_CLK_0_BUFG/O
    X0Y1 (CLOCK_ROOT)    net (fo=19431, routed)       2.406     2.673    vitis_design_i/axi_smc/inst/s01_entry_pipeline/s01_mmu/inst/w_sreg/aclk
    SLICE_X16Y57         FDRE                                         r  vitis_design_i/axi_smc/inst/s01_entry_pipeline/s01_mmu/inst/w_sreg/skid_buffer_reg[1041]/C
                         clock pessimism             -0.185     2.488    
    SLICE_X16Y57         FDRE (Hold_FFF2_SLICEL_C_D)
                                                      0.103     2.591    vitis_design_i/axi_smc/inst/s01_entry_pipeline/s01_mmu/inst/w_sreg/skid_buffer_reg[1041]
  -------------------------------------------------------------------
                         required time                         -2.591    
                         arrival time                           2.603    
  -------------------------------------------------------------------
                         slack                                  0.012    

Slack (MET) :             0.012ns  (arrival time - required time)
  Source:                 vitis_design_i/smc_ic_zynq_ultra_ps_e_0_S_AXI_HP0_FPD/inst/s01_nodes/s01_w_node/inst/inst_mi_handler/gen_normal_area.inst_fifo_node_payld/gen_xpm_memory_fifo.inst_fifo/gen_mem_rep[0].inst_xpm_memory/xpm_memory_base_inst/gen_rd_b.gen_rd_b_synth_template.gen_rf_narrow_reg.doutb_reg_reg[86]/C
                            (rising edge-triggered cell FDRE clocked by clk_pl_0  {rise@0.000ns fall@5.000ns period=10.000ns})
  Destination:            vitis_design_i/smc_ic_zynq_ultra_ps_e_0_S_AXI_HP0_FPD/inst/switchboards/w_switchboard/inst/gen_mi[0].inst_opipe_payld/gen_pipe[1].pipe_reg[1][86]/D
                            (rising edge-triggered cell FDRE clocked by clk_pl_0  {rise@0.000ns fall@5.000ns period=10.000ns})
  Path Group:             clk_pl_0
  Path Type:              Hold (Min at Slow Process Corner)
  Requirement:            0.000ns  (clk_pl_0 rise@0.000ns - clk_pl_0 rise@0.000ns)
  Data Path Delay:        0.226ns  (logic 0.114ns (50.443%)  route 0.112ns (49.558%))
  Logic Levels:           0  
  Clock Path Skew:        0.113ns (DCD - SCD - CPR)
    Destination Clock Delay (DCD):    2.648ns
    Source Clock Delay      (SCD):    2.342ns
    Clock Pessimism Removal (CPR):    0.192ns
  Clock Net Delay (Source):      2.126ns (routing 0.955ns, distribution 1.171ns)
  Clock Net Delay (Destination): 2.381ns (routing 1.045ns, distribution 1.336ns)

    Location             Delay type                Incr(ns)  Path(ns)    Netlist Resource(s)
  -------------------------------------------------------------------    -------------------
                         (clock clk_pl_0 rise edge)
                                                      0.000     0.000 r  
    PS8_X0Y0             PS8                          0.000     0.000 r  vitis_design_i/zynq_ultra_ps_e_0/inst/PS8_i/PLCLK[0]
                         net (fo=1, routed)           0.181     0.181    vitis_design_i/zynq_ultra_ps_e_0/inst/pl_clk_unbuffered[0]
    BUFG_PS_X0Y80        BUFG_PS (Prop_BUFG_PS_I_O)
                                                      0.035     0.216 r  vitis_design_i/zynq_ultra_ps_e_0/inst/buffer_pl_clk_0.PL_CLK_0_BUFG/O
    X0Y1 (CLOCK_ROOT)    net (fo=19431, routed)       2.126     2.342    vitis_design_i/smc_ic_zynq_ultra_ps_e_0_S_AXI_HP0_FPD/inst/s01_nodes/s01_w_node/inst/inst_mi_handler/gen_normal_area.inst_fifo_node_payld/gen_xpm_memory_fifo.inst_fifo/gen_mem_rep[0].inst_xpm_memory/xpm_memory_base_inst/clka
    SLICE_X4Y83          FDRE                                         r  vitis_design_i/smc_ic_zynq_ultra_ps_e_0_S_AXI_HP0_FPD/inst/s01_nodes/s01_w_node/inst/inst_mi_handler/gen_normal_area.inst_fifo_node_payld/gen_xpm_memory_fifo.inst_fifo/gen_mem_rep[0].inst_xpm_memory/xpm_memory_base_inst/gen_rd_b.gen_rd_b_synth_template.gen_rf_narrow_reg.doutb_reg_reg[86]/C
  -------------------------------------------------------------------    -------------------
    SLICE_X4Y83          FDRE (Prop_BFF2_SLICEM_C_Q)
                                                      0.114     2.456 r  vitis_design_i/smc_ic_zynq_ultra_ps_e_0_S_AXI_HP0_FPD/inst/s01_nodes/s01_w_node/inst/inst_mi_handler/gen_normal_area.inst_fifo_node_payld/gen_xpm_memory_fifo.inst_fifo/gen_mem_rep[0].inst_xpm_memory/xpm_memory_base_inst/gen_rd_b.gen_rd_b_synth_template.gen_rf_narrow_reg.doutb_reg_reg[86]/Q
                         net (fo=1, routed)           0.112     2.568    vitis_design_i/smc_ic_zynq_ultra_ps_e_0_S_AXI_HP0_FPD/inst/switchboards/w_switchboard/inst/gen_mi[0].inst_opipe_payld/s_sc_payld[74]
    SLICE_X3Y83          FDRE                                         r  vitis_design_i/smc_ic_zynq_ultra_ps_e_0_S_AXI_HP0_FPD/inst/switchboards/w_switchboard/inst/gen_mi[0].inst_opipe_payld/gen_pipe[1].pipe_reg[1][86]/D
  -------------------------------------------------------------------    -------------------

                         (clock clk_pl_0 rise edge)
                                                      0.000     0.000 r  
    PS8_X0Y0             PS8                          0.000     0.000 r  vitis_design_i/zynq_ultra_ps_e_0/inst/PS8_i/PLCLK[0]
                         net (fo=1, routed)           0.229     0.229    vitis_design_i/zynq_ultra_ps_e_0/inst/pl_clk_unbuffered[0]
    BUFG_PS_X0Y80        BUFG_PS (Prop_BUFG_PS_I_O)
                                                      0.038     0.267 r  vitis_design_i/zynq_ultra_ps_e_0/inst/buffer_pl_clk_0.PL_CLK_0_BUFG/O
    X0Y1 (CLOCK_ROOT)    net (fo=19431, routed)       2.381     2.648    vitis_design_i/smc_ic_zynq_ultra_ps_e_0_S_AXI_HP0_FPD/inst/switchboards/w_switchboard/inst/gen_mi[0].inst_opipe_payld/aclk
    SLICE_X3Y83          FDRE                                         r  vitis_design_i/smc_ic_zynq_ultra_ps_e_0_S_AXI_HP0_FPD/inst/switchboards/w_switchboard/inst/gen_mi[0].inst_opipe_payld/gen_pipe[1].pipe_reg[1][86]/C
                         clock pessimism             -0.192     2.456    
    SLICE_X3Y83          FDRE (Hold_EFF_SLICEL_C_D)
                                                      0.101     2.557    vitis_design_i/smc_ic_zynq_ultra_ps_e_0_S_AXI_HP0_FPD/inst/switchboards/w_switchboard/inst/gen_mi[0].inst_opipe_payld/gen_pipe[1].pipe_reg[1][86]
  -------------------------------------------------------------------
                         required time                         -2.557    
                         arrival time                           2.568    
  -------------------------------------------------------------------
                         slack                                  0.012    

Slack (MET) :             0.012ns  (arrival time - required time)
  Source:                 vitis_design_i/myproject_axi_master_1/inst/load_input_float_array_ap_fixed_10_7_0_3_0_60u_U0/grp_load_input_float_array_ap_fixed_60u_Pipeline_VITIS_LOOP_13_1_fu_90/tmp_276_reg_17870_reg[4]/C
                            (rising edge-triggered cell FDRE clocked by clk_pl_0  {rise@0.000ns fall@5.000ns period=10.000ns})
  Destination:            vitis_design_i/myproject_axi_master_1/inst/stream_in0_input_layer_U/U_myproject_axi_master_fifo_w960_d128_A_ram/mem_reg_2/DINADIN[20]
                            (rising edge-triggered cell RAMB36E2 clocked by clk_pl_0  {rise@0.000ns fall@5.000ns period=10.000ns})
  Path Group:             clk_pl_0
  Path Type:              Hold (Min at Slow Process Corner)
  Requirement:            0.000ns  (clk_pl_0 rise@0.000ns - clk_pl_0 rise@0.000ns)
  Data Path Delay:        0.243ns  (logic 0.112ns (46.091%)  route 0.131ns (53.909%))
  Logic Levels:           0  
  Clock Path Skew:        0.279ns (DCD - SCD - CPR)
    Destination Clock Delay (DCD):    3.028ns
    Source Clock Delay      (SCD):    2.549ns
    Clock Pessimism Removal (CPR):    0.200ns
  Clock Net Delay (Source):      2.333ns (routing 0.955ns, distribution 1.378ns)
  Clock Net Delay (Destination): 2.761ns (routing 1.045ns, distribution 1.716ns)

    Location             Delay type                Incr(ns)  Path(ns)    Netlist Resource(s)
  -------------------------------------------------------------------    -------------------
                         (clock clk_pl_0 rise edge)
                                                      0.000     0.000 r  
    PS8_X0Y0             PS8                          0.000     0.000 r  vitis_design_i/zynq_ultra_ps_e_0/inst/PS8_i/PLCLK[0]
                         net (fo=1, routed)           0.181     0.181    vitis_design_i/zynq_ultra_ps_e_0/inst/pl_clk_unbuffered[0]
    BUFG_PS_X0Y80        BUFG_PS (Prop_BUFG_PS_I_O)
                                                      0.035     0.216 r  vitis_design_i/zynq_ultra_ps_e_0/inst/buffer_pl_clk_0.PL_CLK_0_BUFG/O
    X0Y1 (CLOCK_ROOT)    net (fo=19431, routed)       2.333     2.549    vitis_design_i/myproject_axi_master_1/inst/load_input_float_array_ap_fixed_10_7_0_3_0_60u_U0/grp_load_input_float_array_ap_fixed_60u_Pipeline_VITIS_LOOP_13_1_fu_90/ap_clk
    SLICE_X26Y201        FDRE                                         r  vitis_design_i/myproject_axi_master_1/inst/load_input_float_array_ap_fixed_10_7_0_3_0_60u_U0/grp_load_input_float_array_ap_fixed_60u_Pipeline_VITIS_LOOP_13_1_fu_90/tmp_276_reg_17870_reg[4]/C
  -------------------------------------------------------------------    -------------------
    SLICE_X26Y201        FDRE (Prop_FFF_SLICEL_C_Q)
                                                      0.112     2.661 r  vitis_design_i/myproject_axi_master_1/inst/load_input_float_array_ap_fixed_10_7_0_3_0_60u_U0/grp_load_input_float_array_ap_fixed_60u_Pipeline_VITIS_LOOP_13_1_fu_90/tmp_276_reg_17870_reg[4]/Q
                         net (fo=1, routed)           0.131     2.792    vitis_design_i/myproject_axi_master_1/inst/stream_in0_input_layer_U/U_myproject_axi_master_fifo_w960_d128_A_ram/din[14]
    RAMB36_X0Y40         RAMB36E2                                     r  vitis_design_i/myproject_axi_master_1/inst/stream_in0_input_layer_U/U_myproject_axi_master_fifo_w960_d128_A_ram/mem_reg_2/DINADIN[20]
  -------------------------------------------------------------------    -------------------

                         (clock clk_pl_0 rise edge)
                                                      0.000     0.000 r  
    PS8_X0Y0             PS8                          0.000     0.000 r  vitis_design_i/zynq_ultra_ps_e_0/inst/PS8_i/PLCLK[0]
                         net (fo=1, routed)           0.229     0.229    vitis_design_i/zynq_ultra_ps_e_0/inst/pl_clk_unbuffered[0]
    BUFG_PS_X0Y80        BUFG_PS (Prop_BUFG_PS_I_O)
                                                      0.038     0.267 r  vitis_design_i/zynq_ultra_ps_e_0/inst/buffer_pl_clk_0.PL_CLK_0_BUFG/O
    X0Y1 (CLOCK_ROOT)    net (fo=19431, routed)       2.761     3.028    vitis_design_i/myproject_axi_master_1/inst/stream_in0_input_layer_U/U_myproject_axi_master_fifo_w960_d128_A_ram/ap_clk
    RAMB36_X0Y40         RAMB36E2                                     r  vitis_design_i/myproject_axi_master_1/inst/stream_in0_input_layer_U/U_myproject_axi_master_fifo_w960_d128_A_ram/mem_reg_2/CLKBWRCLK
                         clock pessimism             -0.200     2.828    
    RAMB36_X0Y40         RAMB36E2 (Hold_RAMB36E2_RAMB36_CLKBWRCLK_DINADIN[20])
                                                     -0.048     2.780    vitis_design_i/myproject_axi_master_1/inst/stream_in0_input_layer_U/U_myproject_axi_master_fifo_w960_d128_A_ram/mem_reg_2
  -------------------------------------------------------------------
                         required time                         -2.780    
                         arrival time                           2.792    
  -------------------------------------------------------------------
                         slack                                  0.012    

Slack (MET) :             0.012ns  (arrival time - required time)
  Source:                 vitis_design_i/myproject_axi_master_1/inst/gmem_in0_m_axi_U/load_unit_0/tmp_len_reg[4]/C
                            (rising edge-triggered cell FDRE clocked by clk_pl_0  {rise@0.000ns fall@5.000ns period=10.000ns})
  Destination:            vitis_design_i/myproject_axi_master_1/inst/gmem_in0_m_axi_U/bus_read/rreq_burst_conv/burst_sequential/rs_req/data_p2_reg[68]/D
                            (rising edge-triggered cell FDRE clocked by clk_pl_0  {rise@0.000ns fall@5.000ns period=10.000ns})
  Path Group:             clk_pl_0
  Path Type:              Hold (Min at Slow Process Corner)
  Requirement:            0.000ns  (clk_pl_0 rise@0.000ns - clk_pl_0 rise@0.000ns)
  Data Path Delay:        0.239ns  (logic 0.112ns (46.810%)  route 0.127ns (53.190%))
  Logic Levels:           0  
  Clock Path Skew:        0.125ns (DCD - SCD - CPR)
    Destination Clock Delay (DCD):    2.699ns
    Source Clock Delay      (SCD):    2.382ns
    Clock Pessimism Removal (CPR):    0.192ns
  Clock Net Delay (Source):      2.166ns (routing 0.955ns, distribution 1.211ns)
  Clock Net Delay (Destination): 2.432ns (routing 1.045ns, distribution 1.387ns)

    Location             Delay type                Incr(ns)  Path(ns)    Netlist Resource(s)
  -------------------------------------------------------------------    -------------------
                         (clock clk_pl_0 rise edge)
                                                      0.000     0.000 r  
    PS8_X0Y0             PS8                          0.000     0.000 r  vitis_design_i/zynq_ultra_ps_e_0/inst/PS8_i/PLCLK[0]
                         net (fo=1, routed)           0.181     0.181    vitis_design_i/zynq_ultra_ps_e_0/inst/pl_clk_unbuffered[0]
    BUFG_PS_X0Y80        BUFG_PS (Prop_BUFG_PS_I_O)
                                                      0.035     0.216 r  vitis_design_i/zynq_ultra_ps_e_0/inst/buffer_pl_clk_0.PL_CLK_0_BUFG/O
    X0Y1 (CLOCK_ROOT)    net (fo=19431, routed)       2.166     2.382    vitis_design_i/myproject_axi_master_1/inst/gmem_in0_m_axi_U/load_unit_0/ap_clk
    SLICE_X17Y107        FDRE                                         r  vitis_design_i/myproject_axi_master_1/inst/gmem_in0_m_axi_U/load_unit_0/tmp_len_reg[4]/C
  -------------------------------------------------------------------    -------------------
    SLICE_X17Y107        FDRE (Prop_DFF_SLICEM_C_Q)
                                                      0.112     2.494 r  vitis_design_i/myproject_axi_master_1/inst/gmem_in0_m_axi_U/load_unit_0/tmp_len_reg[4]/Q
                         net (fo=2, routed)           0.127     2.621    vitis_design_i/myproject_axi_master_1/inst/gmem_in0_m_axi_U/bus_read/rreq_burst_conv/burst_sequential/rs_req/data_p2_reg[95]_0[64]
    SLICE_X19Y107        FDRE                                         r  vitis_design_i/myproject_axi_master_1/inst/gmem_in0_m_axi_U/bus_read/rreq_burst_conv/burst_sequential/rs_req/data_p2_reg[68]/D
  -------------------------------------------------------------------    -------------------

                         (clock clk_pl_0 rise edge)
                                                      0.000     0.000 r  
    PS8_X0Y0             PS8                          0.000     0.000 r  vitis_design_i/zynq_ultra_ps_e_0/inst/PS8_i/PLCLK[0]
                         net (fo=1, routed)           0.229     0.229    vitis_design_i/zynq_ultra_ps_e_0/inst/pl_clk_unbuffered[0]
    BUFG_PS_X0Y80        BUFG_PS (Prop_BUFG_PS_I_O)
                                                      0.038     0.267 r  vitis_design_i/zynq_ultra_ps_e_0/inst/buffer_pl_clk_0.PL_CLK_0_BUFG/O
    X0Y1 (CLOCK_ROOT)    net (fo=19431, routed)       2.432     2.699    vitis_design_i/myproject_axi_master_1/inst/gmem_in0_m_axi_U/bus_read/rreq_burst_conv/burst_sequential/rs_req/ap_clk
    SLICE_X19Y107        FDRE                                         r  vitis_design_i/myproject_axi_master_1/inst/gmem_in0_m_axi_U/bus_read/rreq_burst_conv/burst_sequential/rs_req/data_p2_reg[68]/C
                         clock pessimism             -0.192     2.507    
    SLICE_X19Y107        FDRE (Hold_DFF2_SLICEL_C_D)
                                                      0.102     2.609    vitis_design_i/myproject_axi_master_1/inst/gmem_in0_m_axi_U/bus_read/rreq_burst_conv/burst_sequential/rs_req/data_p2_reg[68]
  -------------------------------------------------------------------
                         required time                         -2.609    
                         arrival time                           2.621    
  -------------------------------------------------------------------
                         slack                                  0.012    





Pulse Width Checks
--------------------------------------------------------------------------------------
Clock Name:         clk_pl_0
Waveform(ns):       { 0.000 5.000 }
Period(ns):         10.000
Sources:            { vitis_design_i/zynq_ultra_ps_e_0/inst/PS8_i/PLCLK[0] }

Check Type        Corner  Lib Pin             Reference Pin  Required(ns)  Actual(ns)  Slack(ns)  Location      Pin
Min Period        n/a     PS8/MAXIGP2ACLK     n/a            3.000         10.000      7.000      PS8_X0Y0      vitis_design_i/zynq_ultra_ps_e_0/inst/PS8_i/MAXIGP2ACLK
Min Period        n/a     PS8/SAXIGP0RCLK     n/a            3.000         10.000      7.000      PS8_X0Y0      vitis_design_i/zynq_ultra_ps_e_0/inst/PS8_i/SAXIGP0RCLK
Min Period        n/a     PS8/SAXIGP0WCLK     n/a            3.000         10.000      7.000      PS8_X0Y0      vitis_design_i/zynq_ultra_ps_e_0/inst/PS8_i/SAXIGP0WCLK
Min Period        n/a     PS8/SAXIGP2RCLK     n/a            3.000         10.000      7.000      PS8_X0Y0      vitis_design_i/zynq_ultra_ps_e_0/inst/PS8_i/SAXIGP2RCLK
Min Period        n/a     PS8/SAXIGP2WCLK     n/a            3.000         10.000      7.000      PS8_X0Y0      vitis_design_i/zynq_ultra_ps_e_0/inst/PS8_i/SAXIGP2WCLK
Min Period        n/a     RAMB18E2/CLKARDCLK  n/a            1.960         10.000      8.040      RAMB18_X0Y42  vitis_design_i/myproject_axi_master_1/inst/gmem_in0_m_axi_U/load_unit_0/buff_rdata/U_fifo_mem/mem_reg/CLKARDCLK
Min Period        n/a     RAMB18E2/CLKBWRCLK  n/a            1.960         10.000      8.040      RAMB18_X0Y42  vitis_design_i/myproject_axi_master_1/inst/gmem_in0_m_axi_U/load_unit_0/buff_rdata/U_fifo_mem/mem_reg/CLKBWRCLK
Min Period        n/a     RAMB36E2/CLKARDCLK  n/a            1.960         10.000      8.040      RAMB36_X0Y35  vitis_design_i/myproject_axi_master_1/inst/stream_in0_input_layer_U/U_myproject_axi_master_fifo_w960_d128_A_ram/mem_reg_11/CLKARDCLK
Min Period        n/a     RAMB36E2/CLKBWRCLK  n/a            1.960         10.000      8.040      RAMB36_X0Y35  vitis_design_i/myproject_axi_master_1/inst/stream_in0_input_layer_U/U_myproject_axi_master_fifo_w960_d128_A_ram/mem_reg_11/CLKBWRCLK
Min Period        n/a     RAMB36E2/CLKARDCLK  n/a            1.960         10.000      8.040      RAMB36_X0Y39  vitis_design_i/myproject_axi_master_1/inst/stream_in0_input_layer_U/U_myproject_axi_master_fifo_w960_d128_A_ram/mem_reg_12/CLKARDCLK
Low Pulse Width   Slow    PS8/MAXIGP2ACLK     n/a            1.500         5.000       3.500      PS8_X0Y0      vitis_design_i/zynq_ultra_ps_e_0/inst/PS8_i/MAXIGP2ACLK
Low Pulse Width   Fast    PS8/MAXIGP2ACLK     n/a            1.500         5.000       3.500      PS8_X0Y0      vitis_design_i/zynq_ultra_ps_e_0/inst/PS8_i/MAXIGP2ACLK
Low Pulse Width   Slow    PS8/SAXIGP0RCLK     n/a            1.500         5.000       3.500      PS8_X0Y0      vitis_design_i/zynq_ultra_ps_e_0/inst/PS8_i/SAXIGP0RCLK
Low Pulse Width   Fast    PS8/SAXIGP0RCLK     n/a            1.500         5.000       3.500      PS8_X0Y0      vitis_design_i/zynq_ultra_ps_e_0/inst/PS8_i/SAXIGP0RCLK
Low Pulse Width   Slow    PS8/SAXIGP0WCLK     n/a            1.500         5.000       3.500      PS8_X0Y0      vitis_design_i/zynq_ultra_ps_e_0/inst/PS8_i/SAXIGP0WCLK
Low Pulse Width   Fast    PS8/SAXIGP0WCLK     n/a            1.500         5.000       3.500      PS8_X0Y0      vitis_design_i/zynq_ultra_ps_e_0/inst/PS8_i/SAXIGP0WCLK
Low Pulse Width   Slow    PS8/SAXIGP2RCLK     n/a            1.500         5.000       3.500      PS8_X0Y0      vitis_design_i/zynq_ultra_ps_e_0/inst/PS8_i/SAXIGP2RCLK
Low Pulse Width   Fast    PS8/SAXIGP2RCLK     n/a            1.500         5.000       3.500      PS8_X0Y0      vitis_design_i/zynq_ultra_ps_e_0/inst/PS8_i/SAXIGP2RCLK
Low Pulse Width   Slow    PS8/SAXIGP2WCLK     n/a            1.500         5.000       3.500      PS8_X0Y0      vitis_design_i/zynq_ultra_ps_e_0/inst/PS8_i/SAXIGP2WCLK
Low Pulse Width   Fast    PS8/SAXIGP2WCLK     n/a            1.500         5.000       3.500      PS8_X0Y0      vitis_design_i/zynq_ultra_ps_e_0/inst/PS8_i/SAXIGP2WCLK
High Pulse Width  Slow    PS8/MAXIGP2ACLK     n/a            1.500         5.000       3.500      PS8_X0Y0      vitis_design_i/zynq_ultra_ps_e_0/inst/PS8_i/MAXIGP2ACLK
High Pulse Width  Fast    PS8/MAXIGP2ACLK     n/a            1.500         5.000       3.500      PS8_X0Y0      vitis_design_i/zynq_ultra_ps_e_0/inst/PS8_i/MAXIGP2ACLK
High Pulse Width  Slow    PS8/SAXIGP0RCLK     n/a            1.500         5.000       3.500      PS8_X0Y0      vitis_design_i/zynq_ultra_ps_e_0/inst/PS8_i/SAXIGP0RCLK
High Pulse Width  Fast    PS8/SAXIGP0RCLK     n/a            1.500         5.000       3.500      PS8_X0Y0      vitis_design_i/zynq_ultra_ps_e_0/inst/PS8_i/SAXIGP0RCLK
High Pulse Width  Slow    PS8/SAXIGP0WCLK     n/a            1.500         5.000       3.500      PS8_X0Y0      vitis_design_i/zynq_ultra_ps_e_0/inst/PS8_i/SAXIGP0WCLK
High Pulse Width  Fast    PS8/SAXIGP0WCLK     n/a            1.500         5.000       3.500      PS8_X0Y0      vitis_design_i/zynq_ultra_ps_e_0/inst/PS8_i/SAXIGP0WCLK
High Pulse Width  Slow    PS8/SAXIGP2RCLK     n/a            1.500         5.000       3.500      PS8_X0Y0      vitis_design_i/zynq_ultra_ps_e_0/inst/PS8_i/SAXIGP2RCLK
High Pulse Width  Fast    PS8/SAXIGP2RCLK     n/a            1.500         5.000       3.500      PS8_X0Y0      vitis_design_i/zynq_ultra_ps_e_0/inst/PS8_i/SAXIGP2RCLK
High Pulse Width  Slow    PS8/SAXIGP2WCLK     n/a            1.500         5.000       3.500      PS8_X0Y0      vitis_design_i/zynq_ultra_ps_e_0/inst/PS8_i/SAXIGP2WCLK
High Pulse Width  Fast    PS8/SAXIGP2WCLK     n/a            1.500         5.000       3.500      PS8_X0Y0      vitis_design_i/zynq_ultra_ps_e_0/inst/PS8_i/SAXIGP2WCLK



