

================================================================
== Vitis HLS Report for 'dense_latency_ap_fixed_16_6_5_3_0_ap_fixed_37_17_5_3_0_config10_s'
================================================================
* Date:           Thu May  7 20:50:53 2026

* Version:        2025.2 (Build 6295257 on Nov 14 2025)
* Project:        myproject_prj
* Solution:       solution1 (Vivado IP Flow Target)
* Product family: zynquplus
* Target device:  xck26-sfvc784-2LV-c


================================================================
== Performance Estimates
================================================================
+ Timing: 
    * Summary: 
    +--------+---------+----------+------------+
    |  Clock |  Target | Estimated| Uncertainty|
    +--------+---------+----------+------------+
    |ap_clk  |  5.00 ns|  3.233 ns|     1.35 ns|
    +--------+---------+----------+------------+

+ Latency: 
    * Summary: 
    +---------+---------+----------+----------+-----+-----+---------+
    |  Latency (cycles) |  Latency (absolute) |  Interval | Pipeline|
    |   min   |   max   |    min   |    max   | min | max |   Type  |
    +---------+---------+----------+----------+-----+-----+---------+
    |        1|        1|  5.000 ns|  5.000 ns|    1|    1|      yes|
    +---------+---------+----------+----------+-----+-----+---------+

    + Detail: 
        * Instance: 
        N/A

        * Loop: 
        N/A

============================================================
+ Verbose Summary: Synthesis Manager
============================================================
InlineROM: 1
ExposeGlobal: 0
============================================================
+ Verbose Summary: CDFG Model
============================================================
IsTopModel: 0
ResetActiveHigh: 1
IsCombinational: 0
IsDatapathOnly: 0
HasWiredReturn: 1
HasMFsm: 2
HasVarLatency: 0
IsPipeline: 1
IsRtlPipelined: 1
IsInstanceOverlapped: 0
IsDontTouch: 0
HasImplIP: 0
IsGatedGlobalClock: 0

+ Individual pipeline summary: 
  * Pipeline-0: initiation interval (II) = 1, depth = 2


============================================================
+ Verbose Summary: Schedule
============================================================
* Number of FSM states : 2
* Pipeline : 1
  Pipeline-0 : II = 1, D = 2, States = { 1 2 }
* Dataflow Pipeline: 0

* FSM state transitions: 
1 --> 2 
2 --> 

* FSM state operations: 

State 1 <SV = 0> <Delay = 3.23>
ST_1 : Operation 3 [1/1] (0.00ns)   --->   "%data_15_val_read = read i16 @_ssdm_op_Read.ap_auto.i16, i16 %data_15_val" [firmware/nnet_utils/nnet_mult.h:70->firmware/nnet_utils/nnet_dense_latency.h:42]   --->   Operation 3 'read' 'data_15_val_read' <Predicate = true> <Delay = 0.00>
ST_1 : Operation 4 [1/1] (0.00ns)   --->   "%data_14_val_read = read i16 @_ssdm_op_Read.ap_auto.i16, i16 %data_14_val" [firmware/nnet_utils/nnet_mult.h:70->firmware/nnet_utils/nnet_dense_latency.h:42]   --->   Operation 4 'read' 'data_14_val_read' <Predicate = true> <Delay = 0.00>
ST_1 : Operation 5 [1/1] (0.00ns)   --->   "%data_13_val_read = read i16 @_ssdm_op_Read.ap_auto.i16, i16 %data_13_val" [firmware/nnet_utils/nnet_mult.h:70->firmware/nnet_utils/nnet_dense_latency.h:42]   --->   Operation 5 'read' 'data_13_val_read' <Predicate = true> <Delay = 0.00>
ST_1 : Operation 6 [1/1] (0.00ns)   --->   "%data_12_val_read = read i16 @_ssdm_op_Read.ap_auto.i16, i16 %data_12_val" [firmware/nnet_utils/nnet_mult.h:70->firmware/nnet_utils/nnet_dense_latency.h:42]   --->   Operation 6 'read' 'data_12_val_read' <Predicate = true> <Delay = 0.00>
ST_1 : Operation 7 [1/1] (0.00ns)   --->   "%data_11_val_read = read i16 @_ssdm_op_Read.ap_auto.i16, i16 %data_11_val" [firmware/nnet_utils/nnet_mult.h:70->firmware/nnet_utils/nnet_dense_latency.h:42]   --->   Operation 7 'read' 'data_11_val_read' <Predicate = true> <Delay = 0.00>
ST_1 : Operation 8 [1/1] (0.00ns)   --->   "%data_10_val_read = read i16 @_ssdm_op_Read.ap_auto.i16, i16 %data_10_val" [firmware/nnet_utils/nnet_mult.h:70->firmware/nnet_utils/nnet_dense_latency.h:42]   --->   Operation 8 'read' 'data_10_val_read' <Predicate = true> <Delay = 0.00>
ST_1 : Operation 9 [1/1] (0.00ns)   --->   "%data_9_val_read = read i16 @_ssdm_op_Read.ap_auto.i16, i16 %data_9_val" [firmware/nnet_utils/nnet_mult.h:70->firmware/nnet_utils/nnet_dense_latency.h:42]   --->   Operation 9 'read' 'data_9_val_read' <Predicate = true> <Delay = 0.00>
ST_1 : Operation 10 [1/1] (0.00ns)   --->   "%data_8_val_read = read i16 @_ssdm_op_Read.ap_auto.i16, i16 %data_8_val" [firmware/nnet_utils/nnet_mult.h:70->firmware/nnet_utils/nnet_dense_latency.h:42]   --->   Operation 10 'read' 'data_8_val_read' <Predicate = true> <Delay = 0.00>
ST_1 : Operation 11 [1/1] (0.00ns)   --->   "%data_7_val_read = read i16 @_ssdm_op_Read.ap_auto.i16, i16 %data_7_val" [firmware/nnet_utils/nnet_mult.h:70->firmware/nnet_utils/nnet_dense_latency.h:42]   --->   Operation 11 'read' 'data_7_val_read' <Predicate = true> <Delay = 0.00>
ST_1 : Operation 12 [1/1] (0.00ns)   --->   "%data_6_val_read = read i16 @_ssdm_op_Read.ap_auto.i16, i16 %data_6_val" [firmware/nnet_utils/nnet_mult.h:70->firmware/nnet_utils/nnet_dense_latency.h:42]   --->   Operation 12 'read' 'data_6_val_read' <Predicate = true> <Delay = 0.00>
ST_1 : Operation 13 [1/1] (0.00ns)   --->   "%data_5_val_read = read i16 @_ssdm_op_Read.ap_auto.i16, i16 %data_5_val" [firmware/nnet_utils/nnet_mult.h:70->firmware/nnet_utils/nnet_dense_latency.h:42]   --->   Operation 13 'read' 'data_5_val_read' <Predicate = true> <Delay = 0.00>
ST_1 : Operation 14 [1/1] (0.00ns)   --->   "%data_4_val_read = read i16 @_ssdm_op_Read.ap_auto.i16, i16 %data_4_val" [firmware/nnet_utils/nnet_mult.h:70->firmware/nnet_utils/nnet_dense_latency.h:42]   --->   Operation 14 'read' 'data_4_val_read' <Predicate = true> <Delay = 0.00>
ST_1 : Operation 15 [1/1] (0.00ns)   --->   "%data_3_val_read = read i16 @_ssdm_op_Read.ap_auto.i16, i16 %data_3_val" [firmware/nnet_utils/nnet_mult.h:70->firmware/nnet_utils/nnet_dense_latency.h:42]   --->   Operation 15 'read' 'data_3_val_read' <Predicate = true> <Delay = 0.00>
ST_1 : Operation 16 [1/1] (0.00ns)   --->   "%data_2_val_read = read i16 @_ssdm_op_Read.ap_auto.i16, i16 %data_2_val" [firmware/nnet_utils/nnet_mult.h:70->firmware/nnet_utils/nnet_dense_latency.h:42]   --->   Operation 16 'read' 'data_2_val_read' <Predicate = true> <Delay = 0.00>
ST_1 : Operation 17 [1/1] (0.00ns)   --->   "%data_1_val_read = read i16 @_ssdm_op_Read.ap_auto.i16, i16 %data_1_val" [firmware/nnet_utils/nnet_mult.h:70->firmware/nnet_utils/nnet_dense_latency.h:42]   --->   Operation 17 'read' 'data_1_val_read' <Predicate = true> <Delay = 0.00>
ST_1 : Operation 18 [1/1] (0.00ns)   --->   "%data_0_val_read = read i16 @_ssdm_op_Read.ap_auto.i16, i16 %data_0_val" [firmware/nnet_utils/nnet_mult.h:70->firmware/nnet_utils/nnet_dense_latency.h:42]   --->   Operation 18 'read' 'data_0_val_read' <Predicate = true> <Delay = 0.00>
ST_1 : Operation 19 [1/1] (0.00ns)   --->   "%sext_ln70 = sext i16 %data_0_val_read" [firmware/nnet_utils/nnet_mult.h:70->firmware/nnet_utils/nnet_dense_latency.h:42]   --->   Operation 19 'sext' 'sext_ln70' <Predicate = true> <Delay = 0.00>
ST_1 : Operation 20 [1/1] (0.00ns)   --->   "%sext_ln70_1733 = sext i16 %data_0_val_read" [firmware/nnet_utils/nnet_mult.h:70->firmware/nnet_utils/nnet_dense_latency.h:42]   --->   Operation 20 'sext' 'sext_ln70_1733' <Predicate = true> <Delay = 0.00>
ST_1 : Operation 21 [1/1] (2.38ns)   --->   "%mul_ln42 = mul i26 %sext_ln70_1733, i26 67108190" [firmware/nnet_utils/nnet_dense_latency.h:42]   --->   Operation 21 'mul' 'mul_ln42' <Predicate = true> <Delay = 2.38> <CoreInst = "Multiplier">   --->   Core 3 'Multiplier' <Latency = 0> <II = 1> <Delay = 2.38> <FuncUnit> <Opcode : 'mul'> <InPorts = 2> <OutPorts = 1>
ST_1 : Operation 22 [1/1] (0.00ns)   --->   "%trunc_ln = partselect i16 @_ssdm_op_PartSelect.i16.i26.i32.i32, i26 %mul_ln42, i32 10, i32 25" [firmware/nnet_utils/nnet_dense_latency.h:42]   --->   Operation 22 'partselect' 'trunc_ln' <Predicate = true> <Delay = 0.00>
ST_1 : Operation 23 [1/1] (2.38ns)   --->   "%mul_ln73 = mul i26 %sext_ln70_1733, i26 67108433" [firmware/nnet_utils/nnet_mult.h:73->firmware/nnet_utils/nnet_dense_latency.h:42]   --->   Operation 23 'mul' 'mul_ln73' <Predicate = true> <Delay = 2.38> <CoreInst = "Multiplier">   --->   Core 3 'Multiplier' <Latency = 0> <II = 1> <Delay = 2.38> <FuncUnit> <Opcode : 'mul'> <InPorts = 2> <OutPorts = 1>
ST_1 : Operation 24 [1/1] (0.00ns)   --->   "%trunc_ln42_1 = partselect i16 @_ssdm_op_PartSelect.i16.i26.i32.i32, i26 %mul_ln73, i32 10, i32 25" [firmware/nnet_utils/nnet_dense_latency.h:42]   --->   Operation 24 'partselect' 'trunc_ln42_1' <Predicate = true> <Delay = 0.00>
ST_1 : Operation 25 [1/1] (2.38ns)   --->   "%mul_ln73_12328 = mul i25 %sext_ln70, i25 134" [firmware/nnet_utils/nnet_mult.h:73->firmware/nnet_utils/nnet_dense_latency.h:42]   --->   Operation 25 'mul' 'mul_ln73_12328' <Predicate = true> <Delay = 2.38> <CoreInst = "Multiplier">   --->   Core 3 'Multiplier' <Latency = 0> <II = 1> <Delay = 2.38> <FuncUnit> <Opcode : 'mul'> <InPorts = 2> <OutPorts = 1>
ST_1 : Operation 26 [1/1] (0.00ns)   --->   "%trunc_ln42_s = partselect i15 @_ssdm_op_PartSelect.i15.i25.i32.i32, i25 %mul_ln73_12328, i32 10, i32 24" [firmware/nnet_utils/nnet_dense_latency.h:42]   --->   Operation 26 'partselect' 'trunc_ln42_s' <Predicate = true> <Delay = 0.00>
ST_1 : Operation 27 [1/1] (0.00ns)   --->   "%sext_ln70_1734 = sext i16 %data_1_val_read" [firmware/nnet_utils/nnet_mult.h:70->firmware/nnet_utils/nnet_dense_latency.h:42]   --->   Operation 27 'sext' 'sext_ln70_1734' <Predicate = true> <Delay = 0.00>
ST_1 : Operation 28 [1/1] (0.00ns)   --->   "%sext_ln70_1735 = sext i16 %data_1_val_read" [firmware/nnet_utils/nnet_mult.h:70->firmware/nnet_utils/nnet_dense_latency.h:42]   --->   Operation 28 'sext' 'sext_ln70_1735' <Predicate = true> <Delay = 0.00>
ST_1 : Operation 29 [1/1] (2.38ns)   --->   "%mul_ln42_226 = mul i26 %sext_ln70_1734, i26 67108142" [firmware/nnet_utils/nnet_dense_latency.h:42]   --->   Operation 29 'mul' 'mul_ln42_226' <Predicate = true> <Delay = 2.38> <CoreInst = "Multiplier">   --->   Core 3 'Multiplier' <Latency = 0> <II = 1> <Delay = 2.38> <FuncUnit> <Opcode : 'mul'> <InPorts = 2> <OutPorts = 1>
ST_1 : Operation 30 [1/1] (0.00ns)   --->   "%trunc_ln42_3 = partselect i16 @_ssdm_op_PartSelect.i16.i26.i32.i32, i26 %mul_ln42_226, i32 10, i32 25" [firmware/nnet_utils/nnet_dense_latency.h:42]   --->   Operation 30 'partselect' 'trunc_ln42_3' <Predicate = true> <Delay = 0.00>
ST_1 : Operation 31 [1/1] (2.38ns)   --->   "%mul_ln73_12329 = mul i24 %sext_ln70_1735, i24 95" [firmware/nnet_utils/nnet_mult.h:73->firmware/nnet_utils/nnet_dense_latency.h:42]   --->   Operation 31 'mul' 'mul_ln73_12329' <Predicate = true> <Delay = 2.38> <CoreInst = "Multiplier">   --->   Core 3 'Multiplier' <Latency = 0> <II = 1> <Delay = 2.38> <FuncUnit> <Opcode : 'mul'> <InPorts = 2> <OutPorts = 1>
ST_1 : Operation 32 [1/1] (0.00ns)   --->   "%trunc_ln42_2 = partselect i14 @_ssdm_op_PartSelect.i14.i24.i32.i32, i24 %mul_ln73_12329, i32 10, i32 23" [firmware/nnet_utils/nnet_dense_latency.h:42]   --->   Operation 32 'partselect' 'trunc_ln42_2' <Predicate = true> <Delay = 0.00>
ST_1 : Operation 33 [1/1] (0.00ns)   --->   "%tmp = bitconcatenate i24 @_ssdm_op_BitConcatenate.i24.i16.i8, i16 %data_1_val_read, i8 0" [firmware/nnet_utils/nnet_mult.h:73->firmware/nnet_utils/nnet_dense_latency.h:42]   --->   Operation 33 'bitconcatenate' 'tmp' <Predicate = true> <Delay = 0.00>
ST_1 : Operation 34 [1/1] (0.00ns)   --->   "%sext_ln73_4231 = sext i24 %tmp" [firmware/nnet_utils/nnet_mult.h:73->firmware/nnet_utils/nnet_dense_latency.h:42]   --->   Operation 34 'sext' 'sext_ln73_4231' <Predicate = true> <Delay = 0.00>
ST_1 : Operation 35 [1/1] (0.93ns)   --->   "%add_ln73 = add i26 %sext_ln73_4231, i26 %sext_ln70_1734" [firmware/nnet_utils/nnet_mult.h:73->firmware/nnet_utils/nnet_dense_latency.h:42]   --->   Operation 35 'add' 'add_ln73' <Predicate = true> <Delay = 0.93> <CoreInst = "Adder">   --->   Core 1 'Adder' <Latency = 0> <II = 1> <Delay = 0.93> <FuncUnit> <Opcode : 'add' 'sub'> <InPorts = 2> <OutPorts = 1>
ST_1 : Operation 36 [1/1] (0.00ns)   --->   "%trunc_ln42_5 = partselect i16 @_ssdm_op_PartSelect.i16.i26.i32.i32, i26 %add_ln73, i32 10, i32 25" [firmware/nnet_utils/nnet_dense_latency.h:42]   --->   Operation 36 'partselect' 'trunc_ln42_5' <Predicate = true> <Delay = 0.00>
ST_1 : Operation 37 [1/1] (0.00ns)   --->   "%sext_ln70_1736 = sext i16 %data_2_val_read" [firmware/nnet_utils/nnet_mult.h:70->firmware/nnet_utils/nnet_dense_latency.h:42]   --->   Operation 37 'sext' 'sext_ln70_1736' <Predicate = true> <Delay = 0.00>
ST_1 : Operation 38 [1/1] (0.00ns)   --->   "%sext_ln42_8797 = sext i16 %data_2_val_read" [firmware/nnet_utils/nnet_dense_latency.h:42]   --->   Operation 38 'sext' 'sext_ln42_8797' <Predicate = true> <Delay = 0.00>
ST_1 : Operation 39 [1/1] (2.38ns)   --->   "%mul_ln73_12330 = mul i26 %sext_ln42_8797, i26 67108554" [firmware/nnet_utils/nnet_mult.h:73->firmware/nnet_utils/nnet_dense_latency.h:42]   --->   Operation 39 'mul' 'mul_ln73_12330' <Predicate = true> <Delay = 2.38> <CoreInst = "Multiplier">   --->   Core 3 'Multiplier' <Latency = 0> <II = 1> <Delay = 2.38> <FuncUnit> <Opcode : 'mul'> <InPorts = 2> <OutPorts = 1>
ST_1 : Operation 40 [1/1] (0.00ns)   --->   "%trunc_ln42_6 = partselect i16 @_ssdm_op_PartSelect.i16.i26.i32.i32, i26 %mul_ln73_12330, i32 10, i32 25" [firmware/nnet_utils/nnet_dense_latency.h:42]   --->   Operation 40 'partselect' 'trunc_ln42_6' <Predicate = true> <Delay = 0.00>
ST_1 : Operation 41 [1/1] (2.38ns)   --->   "%mul_ln42_227 = mul i26 %sext_ln42_8797, i26 67107800" [firmware/nnet_utils/nnet_dense_latency.h:42]   --->   Operation 41 'mul' 'mul_ln42_227' <Predicate = true> <Delay = 2.38> <CoreInst = "Multiplier">   --->   Core 3 'Multiplier' <Latency = 0> <II = 1> <Delay = 2.38> <FuncUnit> <Opcode : 'mul'> <InPorts = 2> <OutPorts = 1>
ST_1 : Operation 42 [1/1] (0.00ns)   --->   "%trunc_ln42_7 = partselect i16 @_ssdm_op_PartSelect.i16.i26.i32.i32, i26 %mul_ln42_227, i32 10, i32 25" [firmware/nnet_utils/nnet_dense_latency.h:42]   --->   Operation 42 'partselect' 'trunc_ln42_7' <Predicate = true> <Delay = 0.00>
ST_1 : Operation 43 [1/1] (2.38ns)   --->   "%mul_ln73_12331 = mul i25 %sext_ln70_1736, i25 244" [firmware/nnet_utils/nnet_mult.h:73->firmware/nnet_utils/nnet_dense_latency.h:42]   --->   Operation 43 'mul' 'mul_ln73_12331' <Predicate = true> <Delay = 2.38> <CoreInst = "Multiplier">   --->   Core 3 'Multiplier' <Latency = 0> <II = 1> <Delay = 2.38> <FuncUnit> <Opcode : 'mul'> <InPorts = 2> <OutPorts = 1>
ST_1 : Operation 44 [1/1] (0.00ns)   --->   "%trunc_ln42_4 = partselect i15 @_ssdm_op_PartSelect.i15.i25.i32.i32, i25 %mul_ln73_12331, i32 10, i32 24" [firmware/nnet_utils/nnet_dense_latency.h:42]   --->   Operation 44 'partselect' 'trunc_ln42_4' <Predicate = true> <Delay = 0.00>
ST_1 : Operation 45 [1/1] (0.00ns)   --->   "%sext_ln42_8798 = sext i15 %trunc_ln42_4" [firmware/nnet_utils/nnet_dense_latency.h:42]   --->   Operation 45 'sext' 'sext_ln42_8798' <Predicate = true> <Delay = 0.00>
ST_1 : Operation 46 [1/1] (0.00ns)   --->   "%sext_ln70_1737 = sext i16 %data_3_val_read" [firmware/nnet_utils/nnet_mult.h:70->firmware/nnet_utils/nnet_dense_latency.h:42]   --->   Operation 46 'sext' 'sext_ln70_1737' <Predicate = true> <Delay = 0.00>
ST_1 : Operation 47 [1/1] (2.38ns)   --->   "%mul_ln42_228 = mul i26 %sext_ln70_1737, i26 67108294" [firmware/nnet_utils/nnet_dense_latency.h:42]   --->   Operation 47 'mul' 'mul_ln42_228' <Predicate = true> <Delay = 2.38> <CoreInst = "Multiplier">   --->   Core 3 'Multiplier' <Latency = 0> <II = 1> <Delay = 2.38> <FuncUnit> <Opcode : 'mul'> <InPorts = 2> <OutPorts = 1>
ST_1 : Operation 48 [1/1] (0.00ns)   --->   "%trunc_ln42_9 = partselect i16 @_ssdm_op_PartSelect.i16.i26.i32.i32, i26 %mul_ln42_228, i32 10, i32 25" [firmware/nnet_utils/nnet_dense_latency.h:42]   --->   Operation 48 'partselect' 'trunc_ln42_9' <Predicate = true> <Delay = 0.00>
ST_1 : Operation 49 [1/1] (2.38ns)   --->   "%mul_ln42_229 = mul i26 %sext_ln70_1737, i26 639" [firmware/nnet_utils/nnet_dense_latency.h:42]   --->   Operation 49 'mul' 'mul_ln42_229' <Predicate = true> <Delay = 2.38> <CoreInst = "Multiplier">   --->   Core 3 'Multiplier' <Latency = 0> <II = 1> <Delay = 2.38> <FuncUnit> <Opcode : 'mul'> <InPorts = 2> <OutPorts = 1>
ST_1 : Operation 50 [1/1] (0.00ns)   --->   "%trunc_ln42_8 = partselect i16 @_ssdm_op_PartSelect.i16.i26.i32.i32, i26 %mul_ln42_229, i32 10, i32 25" [firmware/nnet_utils/nnet_dense_latency.h:42]   --->   Operation 50 'partselect' 'trunc_ln42_8' <Predicate = true> <Delay = 0.00>
ST_1 : Operation 51 [1/1] (2.38ns)   --->   "%mul_ln73_12332 = mul i26 %sext_ln70_1737, i26 298" [firmware/nnet_utils/nnet_mult.h:73->firmware/nnet_utils/nnet_dense_latency.h:42]   --->   Operation 51 'mul' 'mul_ln73_12332' <Predicate = true> <Delay = 2.38> <CoreInst = "Multiplier">   --->   Core 3 'Multiplier' <Latency = 0> <II = 1> <Delay = 2.38> <FuncUnit> <Opcode : 'mul'> <InPorts = 2> <OutPorts = 1>
ST_1 : Operation 52 [1/1] (0.00ns)   --->   "%trunc_ln42_10 = partselect i16 @_ssdm_op_PartSelect.i16.i26.i32.i32, i26 %mul_ln73_12332, i32 10, i32 25" [firmware/nnet_utils/nnet_dense_latency.h:42]   --->   Operation 52 'partselect' 'trunc_ln42_10' <Predicate = true> <Delay = 0.00>
ST_1 : Operation 53 [1/1] (0.00ns)   --->   "%sext_ln73 = sext i16 %data_4_val_read" [firmware/nnet_utils/nnet_mult.h:73->firmware/nnet_utils/nnet_dense_latency.h:42]   --->   Operation 53 'sext' 'sext_ln73' <Predicate = true> <Delay = 0.00>
ST_1 : Operation 54 [1/1] (2.38ns)   --->   "%mul_ln42_230 = mul i26 %sext_ln73, i26 628" [firmware/nnet_utils/nnet_dense_latency.h:42]   --->   Operation 54 'mul' 'mul_ln42_230' <Predicate = true> <Delay = 2.38> <CoreInst = "Multiplier">   --->   Core 3 'Multiplier' <Latency = 0> <II = 1> <Delay = 2.38> <FuncUnit> <Opcode : 'mul'> <InPorts = 2> <OutPorts = 1>
ST_1 : Operation 55 [1/1] (0.00ns)   --->   "%trunc_ln42_11 = partselect i16 @_ssdm_op_PartSelect.i16.i26.i32.i32, i26 %mul_ln42_230, i32 10, i32 25" [firmware/nnet_utils/nnet_dense_latency.h:42]   --->   Operation 55 'partselect' 'trunc_ln42_11' <Predicate = true> <Delay = 0.00>
ST_1 : Operation 56 [1/1] (2.38ns)   --->   "%mul_ln42_231 = mul i26 %sext_ln73, i26 67108220" [firmware/nnet_utils/nnet_dense_latency.h:42]   --->   Operation 56 'mul' 'mul_ln42_231' <Predicate = true> <Delay = 2.38> <CoreInst = "Multiplier">   --->   Core 3 'Multiplier' <Latency = 0> <II = 1> <Delay = 2.38> <FuncUnit> <Opcode : 'mul'> <InPorts = 2> <OutPorts = 1>
ST_1 : Operation 57 [1/1] (0.00ns)   --->   "%trunc_ln42_12 = partselect i16 @_ssdm_op_PartSelect.i16.i26.i32.i32, i26 %mul_ln42_231, i32 10, i32 25" [firmware/nnet_utils/nnet_dense_latency.h:42]   --->   Operation 57 'partselect' 'trunc_ln42_12' <Predicate = true> <Delay = 0.00>
ST_1 : Operation 58 [1/1] (2.38ns)   --->   "%mul_ln42_232 = mul i26 %sext_ln73, i26 681" [firmware/nnet_utils/nnet_dense_latency.h:42]   --->   Operation 58 'mul' 'mul_ln42_232' <Predicate = true> <Delay = 2.38> <CoreInst = "Multiplier">   --->   Core 3 'Multiplier' <Latency = 0> <II = 1> <Delay = 2.38> <FuncUnit> <Opcode : 'mul'> <InPorts = 2> <OutPorts = 1>
ST_1 : Operation 59 [1/1] (0.00ns)   --->   "%trunc_ln42_13 = partselect i16 @_ssdm_op_PartSelect.i16.i26.i32.i32, i26 %mul_ln42_232, i32 10, i32 25" [firmware/nnet_utils/nnet_dense_latency.h:42]   --->   Operation 59 'partselect' 'trunc_ln42_13' <Predicate = true> <Delay = 0.00>
ST_1 : Operation 60 [1/1] (0.00ns)   --->   "%sext_ln70_1738 = sext i16 %data_5_val_read" [firmware/nnet_utils/nnet_mult.h:70->firmware/nnet_utils/nnet_dense_latency.h:42]   --->   Operation 60 'sext' 'sext_ln70_1738' <Predicate = true> <Delay = 0.00>
ST_1 : Operation 61 [1/1] (0.00ns)   --->   "%sext_ln73_1 = sext i16 %data_5_val_read" [firmware/nnet_utils/nnet_mult.h:73->firmware/nnet_utils/nnet_dense_latency.h:42]   --->   Operation 61 'sext' 'sext_ln73_1' <Predicate = true> <Delay = 0.00>
ST_1 : Operation 62 [1/1] (2.38ns)   --->   "%mul_ln42_233 = mul i26 %sext_ln73_1, i26 67108172" [firmware/nnet_utils/nnet_dense_latency.h:42]   --->   Operation 62 'mul' 'mul_ln42_233' <Predicate = true> <Delay = 2.38> <CoreInst = "Multiplier">   --->   Core 3 'Multiplier' <Latency = 0> <II = 1> <Delay = 2.38> <FuncUnit> <Opcode : 'mul'> <InPorts = 2> <OutPorts = 1>
ST_1 : Operation 63 [1/1] (0.00ns)   --->   "%trunc_ln42_14 = partselect i16 @_ssdm_op_PartSelect.i16.i26.i32.i32, i26 %mul_ln42_233, i32 10, i32 25" [firmware/nnet_utils/nnet_dense_latency.h:42]   --->   Operation 63 'partselect' 'trunc_ln42_14' <Predicate = true> <Delay = 0.00>
ST_1 : Operation 64 [1/1] (2.38ns)   --->   "%mul_ln42_234 = mul i26 %sext_ln73_1, i26 67108341" [firmware/nnet_utils/nnet_dense_latency.h:42]   --->   Operation 64 'mul' 'mul_ln42_234' <Predicate = true> <Delay = 2.38> <CoreInst = "Multiplier">   --->   Core 3 'Multiplier' <Latency = 0> <II = 1> <Delay = 2.38> <FuncUnit> <Opcode : 'mul'> <InPorts = 2> <OutPorts = 1>
ST_1 : Operation 65 [1/1] (0.00ns)   --->   "%trunc_ln42_15 = partselect i16 @_ssdm_op_PartSelect.i16.i26.i32.i32, i26 %mul_ln42_234, i32 10, i32 25" [firmware/nnet_utils/nnet_dense_latency.h:42]   --->   Operation 65 'partselect' 'trunc_ln42_15' <Predicate = true> <Delay = 0.00>
ST_1 : Operation 66 [1/1] (2.38ns)   --->   "%mul_ln73_12333 = mul i25 %sext_ln70_1738, i25 33554276" [firmware/nnet_utils/nnet_mult.h:73->firmware/nnet_utils/nnet_dense_latency.h:42]   --->   Operation 66 'mul' 'mul_ln73_12333' <Predicate = true> <Delay = 2.38> <CoreInst = "Multiplier">   --->   Core 3 'Multiplier' <Latency = 0> <II = 1> <Delay = 2.38> <FuncUnit> <Opcode : 'mul'> <InPorts = 2> <OutPorts = 1>
ST_1 : Operation 67 [1/1] (0.00ns)   --->   "%trunc_ln42_16 = partselect i15 @_ssdm_op_PartSelect.i15.i25.i32.i32, i25 %mul_ln73_12333, i32 10, i32 24" [firmware/nnet_utils/nnet_dense_latency.h:42]   --->   Operation 67 'partselect' 'trunc_ln42_16' <Predicate = true> <Delay = 0.00>
ST_1 : Operation 68 [1/1] (0.00ns)   --->   "%sext_ln70_1739 = sext i16 %data_6_val_read" [firmware/nnet_utils/nnet_mult.h:70->firmware/nnet_utils/nnet_dense_latency.h:42]   --->   Operation 68 'sext' 'sext_ln70_1739' <Predicate = true> <Delay = 0.00>
ST_1 : Operation 69 [1/1] (0.00ns)   --->   "%sext_ln70_1740 = sext i16 %data_6_val_read" [firmware/nnet_utils/nnet_mult.h:70->firmware/nnet_utils/nnet_dense_latency.h:42]   --->   Operation 69 'sext' 'sext_ln70_1740' <Predicate = true> <Delay = 0.00>
ST_1 : Operation 70 [1/1] (2.38ns)   --->   "%mul_ln73_12334 = mul i26 %sext_ln70_1740, i26 364" [firmware/nnet_utils/nnet_mult.h:73->firmware/nnet_utils/nnet_dense_latency.h:42]   --->   Operation 70 'mul' 'mul_ln73_12334' <Predicate = true> <Delay = 2.38> <CoreInst = "Multiplier">   --->   Core 3 'Multiplier' <Latency = 0> <II = 1> <Delay = 2.38> <FuncUnit> <Opcode : 'mul'> <InPorts = 2> <OutPorts = 1>
ST_1 : Operation 71 [1/1] (0.00ns)   --->   "%trunc_ln42_17 = partselect i16 @_ssdm_op_PartSelect.i16.i26.i32.i32, i26 %mul_ln73_12334, i32 10, i32 25" [firmware/nnet_utils/nnet_dense_latency.h:42]   --->   Operation 71 'partselect' 'trunc_ln42_17' <Predicate = true> <Delay = 0.00>
ST_1 : Operation 72 [1/1] (2.38ns)   --->   "%mul_ln73_12335 = mul i22 %sext_ln70_1739, i22 21" [firmware/nnet_utils/nnet_mult.h:73->firmware/nnet_utils/nnet_dense_latency.h:42]   --->   Operation 72 'mul' 'mul_ln73_12335' <Predicate = true> <Delay = 2.38> <CoreInst = "Multiplier">   --->   Core 3 'Multiplier' <Latency = 0> <II = 1> <Delay = 2.38> <FuncUnit> <Opcode : 'mul'> <InPorts = 2> <OutPorts = 1>
ST_1 : Operation 73 [1/1] (0.00ns)   --->   "%trunc_ln42_18 = partselect i12 @_ssdm_op_PartSelect.i12.i22.i32.i32, i22 %mul_ln73_12335, i32 10, i32 21" [firmware/nnet_utils/nnet_dense_latency.h:42]   --->   Operation 73 'partselect' 'trunc_ln42_18' <Predicate = true> <Delay = 0.00>
ST_1 : Operation 74 [1/1] (0.00ns)   --->   "%sext_ln73_4232 = sext i12 %trunc_ln42_18" [firmware/nnet_utils/nnet_mult.h:73->firmware/nnet_utils/nnet_dense_latency.h:42]   --->   Operation 74 'sext' 'sext_ln73_4232' <Predicate = true> <Delay = 0.00>
ST_1 : Operation 75 [1/1] (2.38ns)   --->   "%mul_ln73_12336 = mul i26 %sext_ln70_1740, i26 325" [firmware/nnet_utils/nnet_mult.h:73->firmware/nnet_utils/nnet_dense_latency.h:42]   --->   Operation 75 'mul' 'mul_ln73_12336' <Predicate = true> <Delay = 2.38> <CoreInst = "Multiplier">   --->   Core 3 'Multiplier' <Latency = 0> <II = 1> <Delay = 2.38> <FuncUnit> <Opcode : 'mul'> <InPorts = 2> <OutPorts = 1>
ST_1 : Operation 76 [1/1] (0.00ns)   --->   "%trunc_ln42_19 = partselect i16 @_ssdm_op_PartSelect.i16.i26.i32.i32, i26 %mul_ln73_12336, i32 10, i32 25" [firmware/nnet_utils/nnet_dense_latency.h:42]   --->   Operation 76 'partselect' 'trunc_ln42_19' <Predicate = true> <Delay = 0.00>
ST_1 : Operation 77 [1/1] (0.00ns)   --->   "%sext_ln70_1741 = sext i16 %data_7_val_read" [firmware/nnet_utils/nnet_mult.h:70->firmware/nnet_utils/nnet_dense_latency.h:42]   --->   Operation 77 'sext' 'sext_ln70_1741' <Predicate = true> <Delay = 0.00>
ST_1 : Operation 78 [1/1] (0.00ns)   --->   "%sext_ln70_1742 = sext i16 %data_7_val_read" [firmware/nnet_utils/nnet_mult.h:70->firmware/nnet_utils/nnet_dense_latency.h:42]   --->   Operation 78 'sext' 'sext_ln70_1742' <Predicate = true> <Delay = 0.00>
ST_1 : Operation 79 [1/1] (2.38ns)   --->   "%mul_ln73_12337 = mul i25 %sext_ln70_1742, i25 155" [firmware/nnet_utils/nnet_mult.h:73->firmware/nnet_utils/nnet_dense_latency.h:42]   --->   Operation 79 'mul' 'mul_ln73_12337' <Predicate = true> <Delay = 2.38> <CoreInst = "Multiplier">   --->   Core 3 'Multiplier' <Latency = 0> <II = 1> <Delay = 2.38> <FuncUnit> <Opcode : 'mul'> <InPorts = 2> <OutPorts = 1>
ST_1 : Operation 80 [1/1] (0.00ns)   --->   "%trunc_ln42_20 = partselect i15 @_ssdm_op_PartSelect.i15.i25.i32.i32, i25 %mul_ln73_12337, i32 10, i32 24" [firmware/nnet_utils/nnet_dense_latency.h:42]   --->   Operation 80 'partselect' 'trunc_ln42_20' <Predicate = true> <Delay = 0.00>
ST_1 : Operation 81 [1/1] (0.00ns)   --->   "%sext_ln42_8800 = sext i15 %trunc_ln42_20" [firmware/nnet_utils/nnet_dense_latency.h:42]   --->   Operation 81 'sext' 'sext_ln42_8800' <Predicate = true> <Delay = 0.00>
ST_1 : Operation 82 [1/1] (0.00ns)   --->   "%tmp_11044 = bitconcatenate i22 @_ssdm_op_BitConcatenate.i22.i16.i6, i16 %data_7_val_read, i6 0" [firmware/nnet_utils/nnet_mult.h:73->firmware/nnet_utils/nnet_dense_latency.h:42]   --->   Operation 82 'bitconcatenate' 'tmp_11044' <Predicate = true> <Delay = 0.00>
ST_1 : Operation 83 [1/1] (0.00ns)   --->   "%sext_ln73_4233 = sext i22 %tmp_11044" [firmware/nnet_utils/nnet_mult.h:73->firmware/nnet_utils/nnet_dense_latency.h:42]   --->   Operation 83 'sext' 'sext_ln73_4233' <Predicate = true> <Delay = 0.00>
ST_1 : Operation 84 [1/1] (0.00ns) (grouped into TernaryAdder)   --->   "%sub_ln73 = sub i24 0, i24 %sext_ln73_4233" [firmware/nnet_utils/nnet_mult.h:73->firmware/nnet_utils/nnet_dense_latency.h:42]   --->   Operation 84 'sub' 'sub_ln73' <Predicate = true> <Delay = 0.00> <CoreInst = "TAddSub">   --->   Core 10 'TAddSub' <Latency = 0> <II = 1> <Delay = 0.34> <IPBlock> <Opcode : 'add' 'sub'> <InPorts = 3> <OutPorts = 1> <Sync> <CReg>
ST_1 : Operation 85 [1/1] (0.00ns)   --->   "%tmp_11045 = bitconcatenate i19 @_ssdm_op_BitConcatenate.i19.i16.i3, i16 %data_7_val_read, i3 0" [firmware/nnet_utils/nnet_mult.h:73->firmware/nnet_utils/nnet_dense_latency.h:42]   --->   Operation 85 'bitconcatenate' 'tmp_11045' <Predicate = true> <Delay = 0.00>
ST_1 : Operation 86 [1/1] (0.00ns)   --->   "%sext_ln73_4234 = sext i19 %tmp_11045" [firmware/nnet_utils/nnet_mult.h:73->firmware/nnet_utils/nnet_dense_latency.h:42]   --->   Operation 86 'sext' 'sext_ln73_4234' <Predicate = true> <Delay = 0.00>
ST_1 : Operation 87 [1/1] (0.70ns) (root node of TernaryAdder)   --->   "%sub_ln73_3629 = sub i24 %sub_ln73, i24 %sext_ln73_4234" [firmware/nnet_utils/nnet_mult.h:73->firmware/nnet_utils/nnet_dense_latency.h:42]   --->   Operation 87 'sub' 'sub_ln73_3629' <Predicate = true> <Delay = 0.70> <CoreInst = "TAddSub">   --->   Core 10 'TAddSub' <Latency = 0> <II = 1> <Delay = 0.34> <IPBlock> <Opcode : 'add' 'sub'> <InPorts = 3> <OutPorts = 1> <Sync> <CReg>
ST_1 : Operation 88 [1/1] (0.00ns)   --->   "%trunc_ln42_21 = partselect i14 @_ssdm_op_PartSelect.i14.i24.i32.i32, i24 %sub_ln73_3629, i32 10, i32 23" [firmware/nnet_utils/nnet_dense_latency.h:42]   --->   Operation 88 'partselect' 'trunc_ln42_21' <Predicate = true> <Delay = 0.00>
ST_1 : Operation 89 [1/1] (0.00ns)   --->   "%sext_ln73_4235 = sext i14 %trunc_ln42_21" [firmware/nnet_utils/nnet_mult.h:73->firmware/nnet_utils/nnet_dense_latency.h:42]   --->   Operation 89 'sext' 'sext_ln73_4235' <Predicate = true> <Delay = 0.00>
ST_1 : Operation 90 [1/1] (2.38ns)   --->   "%mul_ln73_12338 = mul i26 %sext_ln70_1741, i26 67108418" [firmware/nnet_utils/nnet_mult.h:73->firmware/nnet_utils/nnet_dense_latency.h:42]   --->   Operation 90 'mul' 'mul_ln73_12338' <Predicate = true> <Delay = 2.38> <CoreInst = "Multiplier">   --->   Core 3 'Multiplier' <Latency = 0> <II = 1> <Delay = 2.38> <FuncUnit> <Opcode : 'mul'> <InPorts = 2> <OutPorts = 1>
ST_1 : Operation 91 [1/1] (0.00ns)   --->   "%trunc_ln42_22 = partselect i16 @_ssdm_op_PartSelect.i16.i26.i32.i32, i26 %mul_ln73_12338, i32 10, i32 25" [firmware/nnet_utils/nnet_dense_latency.h:42]   --->   Operation 91 'partselect' 'trunc_ln42_22' <Predicate = true> <Delay = 0.00>
ST_1 : Operation 92 [1/1] (0.00ns)   --->   "%sext_ln70_1743 = sext i16 %data_8_val_read" [firmware/nnet_utils/nnet_mult.h:70->firmware/nnet_utils/nnet_dense_latency.h:42]   --->   Operation 92 'sext' 'sext_ln70_1743' <Predicate = true> <Delay = 0.00>
ST_1 : Operation 93 [1/1] (0.00ns)   --->   "%sext_ln70_1744 = sext i16 %data_8_val_read" [firmware/nnet_utils/nnet_mult.h:70->firmware/nnet_utils/nnet_dense_latency.h:42]   --->   Operation 93 'sext' 'sext_ln70_1744' <Predicate = true> <Delay = 0.00>
ST_1 : Operation 94 [1/1] (0.00ns)   --->   "%sext_ln70_1745 = sext i16 %data_8_val_read" [firmware/nnet_utils/nnet_mult.h:70->firmware/nnet_utils/nnet_dense_latency.h:42]   --->   Operation 94 'sext' 'sext_ln70_1745' <Predicate = true> <Delay = 0.00>
ST_1 : Operation 95 [1/1] (2.38ns)   --->   "%mul_ln73_12339 = mul i26 %sext_ln70_1745, i26 67108388" [firmware/nnet_utils/nnet_mult.h:73->firmware/nnet_utils/nnet_dense_latency.h:42]   --->   Operation 95 'mul' 'mul_ln73_12339' <Predicate = true> <Delay = 2.38> <CoreInst = "Multiplier">   --->   Core 3 'Multiplier' <Latency = 0> <II = 1> <Delay = 2.38> <FuncUnit> <Opcode : 'mul'> <InPorts = 2> <OutPorts = 1>
ST_1 : Operation 96 [1/1] (0.00ns)   --->   "%trunc_ln42_23 = partselect i16 @_ssdm_op_PartSelect.i16.i26.i32.i32, i26 %mul_ln73_12339, i32 10, i32 25" [firmware/nnet_utils/nnet_dense_latency.h:42]   --->   Operation 96 'partselect' 'trunc_ln42_23' <Predicate = true> <Delay = 0.00>
ST_1 : Operation 97 [1/1] (2.38ns)   --->   "%mul_ln73_12340 = mul i25 %sext_ln70_1744, i25 194" [firmware/nnet_utils/nnet_mult.h:73->firmware/nnet_utils/nnet_dense_latency.h:42]   --->   Operation 97 'mul' 'mul_ln73_12340' <Predicate = true> <Delay = 2.38> <CoreInst = "Multiplier">   --->   Core 3 'Multiplier' <Latency = 0> <II = 1> <Delay = 2.38> <FuncUnit> <Opcode : 'mul'> <InPorts = 2> <OutPorts = 1>
ST_1 : Operation 98 [1/1] (0.00ns)   --->   "%trunc_ln42_24 = partselect i15 @_ssdm_op_PartSelect.i15.i25.i32.i32, i25 %mul_ln73_12340, i32 10, i32 24" [firmware/nnet_utils/nnet_dense_latency.h:42]   --->   Operation 98 'partselect' 'trunc_ln42_24' <Predicate = true> <Delay = 0.00>
ST_1 : Operation 99 [1/1] (0.00ns)   --->   "%sext_ln42_8801 = sext i15 %trunc_ln42_24" [firmware/nnet_utils/nnet_dense_latency.h:42]   --->   Operation 99 'sext' 'sext_ln42_8801' <Predicate = true> <Delay = 0.00>
ST_1 : Operation 100 [1/1] (2.38ns)   --->   "%mul_ln73_12341 = mul i24 %sext_ln70_1743, i24 115" [firmware/nnet_utils/nnet_mult.h:73->firmware/nnet_utils/nnet_dense_latency.h:42]   --->   Operation 100 'mul' 'mul_ln73_12341' <Predicate = true> <Delay = 2.38> <CoreInst = "Multiplier">   --->   Core 3 'Multiplier' <Latency = 0> <II = 1> <Delay = 2.38> <FuncUnit> <Opcode : 'mul'> <InPorts = 2> <OutPorts = 1>
ST_1 : Operation 101 [1/1] (0.00ns)   --->   "%trunc_ln42_25 = partselect i14 @_ssdm_op_PartSelect.i14.i24.i32.i32, i24 %mul_ln73_12341, i32 10, i32 23" [firmware/nnet_utils/nnet_dense_latency.h:42]   --->   Operation 101 'partselect' 'trunc_ln42_25' <Predicate = true> <Delay = 0.00>
ST_1 : Operation 102 [1/1] (0.00ns)   --->   "%sext_ln42_8802 = sext i14 %trunc_ln42_25" [firmware/nnet_utils/nnet_dense_latency.h:42]   --->   Operation 102 'sext' 'sext_ln42_8802' <Predicate = true> <Delay = 0.00>
ST_1 : Operation 103 [1/1] (0.00ns)   --->   "%sext_ln42_8803 = sext i16 %data_9_val_read" [firmware/nnet_utils/nnet_dense_latency.h:42]   --->   Operation 103 'sext' 'sext_ln42_8803' <Predicate = true> <Delay = 0.00>
ST_1 : Operation 104 [1/1] (2.38ns)   --->   "%mul_ln42_235 = mul i26 %sext_ln42_8803, i26 826" [firmware/nnet_utils/nnet_dense_latency.h:42]   --->   Operation 104 'mul' 'mul_ln42_235' <Predicate = true> <Delay = 2.38> <CoreInst = "Multiplier">   --->   Core 3 'Multiplier' <Latency = 0> <II = 1> <Delay = 2.38> <FuncUnit> <Opcode : 'mul'> <InPorts = 2> <OutPorts = 1>
ST_1 : Operation 105 [1/1] (0.00ns)   --->   "%trunc_ln42_26 = partselect i16 @_ssdm_op_PartSelect.i16.i26.i32.i32, i26 %mul_ln42_235, i32 10, i32 25" [firmware/nnet_utils/nnet_dense_latency.h:42]   --->   Operation 105 'partselect' 'trunc_ln42_26' <Predicate = true> <Delay = 0.00>
ST_1 : Operation 106 [1/1] (0.00ns)   --->   "%tmp_11046 = bitconcatenate i23 @_ssdm_op_BitConcatenate.i23.i16.i7, i16 %data_9_val_read, i7 0" [firmware/nnet_utils/nnet_mult.h:73->firmware/nnet_utils/nnet_dense_latency.h:42]   --->   Operation 106 'bitconcatenate' 'tmp_11046' <Predicate = true> <Delay = 0.00>
ST_1 : Operation 107 [1/1] (0.00ns)   --->   "%sext_ln73_4236 = sext i23 %tmp_11046" [firmware/nnet_utils/nnet_mult.h:73->firmware/nnet_utils/nnet_dense_latency.h:42]   --->   Operation 107 'sext' 'sext_ln73_4236' <Predicate = true> <Delay = 0.00>
ST_1 : Operation 108 [1/1] (0.00ns)   --->   "%tmp_11047 = bitconcatenate i19 @_ssdm_op_BitConcatenate.i19.i16.i3, i16 %data_9_val_read, i3 0" [firmware/nnet_utils/nnet_mult.h:73->firmware/nnet_utils/nnet_dense_latency.h:42]   --->   Operation 108 'bitconcatenate' 'tmp_11047' <Predicate = true> <Delay = 0.00>
ST_1 : Operation 109 [1/1] (0.00ns)   --->   "%sext_ln73_4237 = sext i19 %tmp_11047" [firmware/nnet_utils/nnet_mult.h:73->firmware/nnet_utils/nnet_dense_latency.h:42]   --->   Operation 109 'sext' 'sext_ln73_4237' <Predicate = true> <Delay = 0.00>
ST_1 : Operation 110 [1/1] (0.92ns)   --->   "%sub_ln73_3630 = sub i24 %sext_ln73_4236, i24 %sext_ln73_4237" [firmware/nnet_utils/nnet_mult.h:73->firmware/nnet_utils/nnet_dense_latency.h:42]   --->   Operation 110 'sub' 'sub_ln73_3630' <Predicate = true> <Delay = 0.92> <CoreInst = "Adder">   --->   Core 1 'Adder' <Latency = 0> <II = 1> <Delay = 0.92> <FuncUnit> <Opcode : 'add' 'sub'> <InPorts = 2> <OutPorts = 1>
ST_1 : Operation 111 [1/1] (0.00ns)   --->   "%trunc_ln42_27 = partselect i14 @_ssdm_op_PartSelect.i14.i24.i32.i32, i24 %sub_ln73_3630, i32 10, i32 23" [firmware/nnet_utils/nnet_dense_latency.h:42]   --->   Operation 111 'partselect' 'trunc_ln42_27' <Predicate = true> <Delay = 0.00>
ST_1 : Operation 112 [1/1] (0.00ns)   --->   "%sext_ln42_8804 = sext i14 %trunc_ln42_27" [firmware/nnet_utils/nnet_dense_latency.h:42]   --->   Operation 112 'sext' 'sext_ln42_8804' <Predicate = true> <Delay = 0.00>
ST_1 : Operation 113 [1/1] (0.00ns)   --->   "%tmp_11048 = bitconcatenate i24 @_ssdm_op_BitConcatenate.i24.i16.i8, i16 %data_9_val_read, i8 0" [firmware/nnet_utils/nnet_mult.h:73->firmware/nnet_utils/nnet_dense_latency.h:42]   --->   Operation 113 'bitconcatenate' 'tmp_11048' <Predicate = true> <Delay = 0.00>
ST_1 : Operation 114 [1/1] (0.00ns)   --->   "%sext_ln73_4238 = sext i24 %tmp_11048" [firmware/nnet_utils/nnet_mult.h:73->firmware/nnet_utils/nnet_dense_latency.h:42]   --->   Operation 114 'sext' 'sext_ln73_4238' <Predicate = true> <Delay = 0.00>
ST_1 : Operation 115 [1/1] (0.00ns)   --->   "%tmp_11049 = bitconcatenate i20 @_ssdm_op_BitConcatenate.i20.i16.i4, i16 %data_9_val_read, i4 0" [firmware/nnet_utils/nnet_mult.h:73->firmware/nnet_utils/nnet_dense_latency.h:42]   --->   Operation 115 'bitconcatenate' 'tmp_11049' <Predicate = true> <Delay = 0.00>
ST_1 : Operation 116 [1/1] (0.00ns)   --->   "%sext_ln73_4239 = sext i20 %tmp_11049" [firmware/nnet_utils/nnet_mult.h:73->firmware/nnet_utils/nnet_dense_latency.h:42]   --->   Operation 116 'sext' 'sext_ln73_4239' <Predicate = true> <Delay = 0.00>
ST_1 : Operation 117 [1/1] (0.93ns)   --->   "%sub_ln73_3631 = sub i25 %sext_ln73_4239, i25 %sext_ln73_4238" [firmware/nnet_utils/nnet_mult.h:73->firmware/nnet_utils/nnet_dense_latency.h:42]   --->   Operation 117 'sub' 'sub_ln73_3631' <Predicate = true> <Delay = 0.93> <CoreInst = "Adder">   --->   Core 1 'Adder' <Latency = 0> <II = 1> <Delay = 0.93> <FuncUnit> <Opcode : 'add' 'sub'> <InPorts = 2> <OutPorts = 1>
ST_1 : Operation 118 [1/1] (0.00ns)   --->   "%trunc_ln42_28 = partselect i15 @_ssdm_op_PartSelect.i15.i25.i32.i32, i25 %sub_ln73_3631, i32 10, i32 24" [firmware/nnet_utils/nnet_dense_latency.h:42]   --->   Operation 118 'partselect' 'trunc_ln42_28' <Predicate = true> <Delay = 0.00>
ST_1 : Operation 119 [1/1] (0.00ns)   --->   "%sext_ln42_8805 = sext i15 %trunc_ln42_28" [firmware/nnet_utils/nnet_dense_latency.h:42]   --->   Operation 119 'sext' 'sext_ln42_8805' <Predicate = true> <Delay = 0.00>
ST_1 : Operation 120 [1/1] (0.00ns)   --->   "%sext_ln70_1746 = sext i16 %data_10_val_read" [firmware/nnet_utils/nnet_mult.h:70->firmware/nnet_utils/nnet_dense_latency.h:42]   --->   Operation 120 'sext' 'sext_ln70_1746' <Predicate = true> <Delay = 0.00>
ST_1 : Operation 121 [1/1] (2.38ns)   --->   "%mul_ln42_236 = mul i26 %sext_ln70_1746, i26 67107695" [firmware/nnet_utils/nnet_dense_latency.h:42]   --->   Operation 121 'mul' 'mul_ln42_236' <Predicate = true> <Delay = 2.38> <CoreInst = "Multiplier">   --->   Core 3 'Multiplier' <Latency = 0> <II = 1> <Delay = 2.38> <FuncUnit> <Opcode : 'mul'> <InPorts = 2> <OutPorts = 1>
ST_1 : Operation 122 [1/1] (0.00ns)   --->   "%trunc_ln42_29 = partselect i16 @_ssdm_op_PartSelect.i16.i26.i32.i32, i26 %mul_ln42_236, i32 10, i32 25" [firmware/nnet_utils/nnet_dense_latency.h:42]   --->   Operation 122 'partselect' 'trunc_ln42_29' <Predicate = true> <Delay = 0.00>
ST_1 : Operation 123 [1/1] (2.38ns)   --->   "%mul_ln42_237 = mul i26 %sext_ln70_1746, i26 834" [firmware/nnet_utils/nnet_dense_latency.h:42]   --->   Operation 123 'mul' 'mul_ln42_237' <Predicate = true> <Delay = 2.38> <CoreInst = "Multiplier">   --->   Core 3 'Multiplier' <Latency = 0> <II = 1> <Delay = 2.38> <FuncUnit> <Opcode : 'mul'> <InPorts = 2> <OutPorts = 1>
ST_1 : Operation 124 [1/1] (0.00ns)   --->   "%trunc_ln42_30 = partselect i16 @_ssdm_op_PartSelect.i16.i26.i32.i32, i26 %mul_ln42_237, i32 10, i32 25" [firmware/nnet_utils/nnet_dense_latency.h:42]   --->   Operation 124 'partselect' 'trunc_ln42_30' <Predicate = true> <Delay = 0.00>
ST_1 : Operation 125 [1/1] (2.38ns)   --->   "%mul_ln73_12342 = mul i26 %sext_ln70_1746, i26 67108586" [firmware/nnet_utils/nnet_mult.h:73->firmware/nnet_utils/nnet_dense_latency.h:42]   --->   Operation 125 'mul' 'mul_ln73_12342' <Predicate = true> <Delay = 2.38> <CoreInst = "Multiplier">   --->   Core 3 'Multiplier' <Latency = 0> <II = 1> <Delay = 2.38> <FuncUnit> <Opcode : 'mul'> <InPorts = 2> <OutPorts = 1>
ST_1 : Operation 126 [1/1] (0.00ns)   --->   "%trunc_ln42_31 = partselect i16 @_ssdm_op_PartSelect.i16.i26.i32.i32, i26 %mul_ln73_12342, i32 10, i32 25" [firmware/nnet_utils/nnet_dense_latency.h:42]   --->   Operation 126 'partselect' 'trunc_ln42_31' <Predicate = true> <Delay = 0.00>
ST_1 : Operation 127 [1/1] (0.00ns)   --->   "%sext_ln42_8806 = sext i16 %data_11_val_read" [firmware/nnet_utils/nnet_dense_latency.h:42]   --->   Operation 127 'sext' 'sext_ln42_8806' <Predicate = true> <Delay = 0.00>
ST_1 : Operation 128 [1/1] (0.00ns)   --->   "%tmp_11050 = bitconcatenate i23 @_ssdm_op_BitConcatenate.i23.i16.i7, i16 %data_11_val_read, i7 0" [firmware/nnet_utils/nnet_mult.h:73->firmware/nnet_utils/nnet_dense_latency.h:42]   --->   Operation 128 'bitconcatenate' 'tmp_11050' <Predicate = true> <Delay = 0.00>
ST_1 : Operation 129 [1/1] (0.00ns)   --->   "%sext_ln73_4240 = sext i23 %tmp_11050" [firmware/nnet_utils/nnet_mult.h:73->firmware/nnet_utils/nnet_dense_latency.h:42]   --->   Operation 129 'sext' 'sext_ln73_4240' <Predicate = true> <Delay = 0.00>
ST_1 : Operation 130 [1/1] (0.00ns)   --->   "%tmp_11051 = bitconcatenate i19 @_ssdm_op_BitConcatenate.i19.i16.i3, i16 %data_11_val_read, i3 0" [firmware/nnet_utils/nnet_mult.h:73->firmware/nnet_utils/nnet_dense_latency.h:42]   --->   Operation 130 'bitconcatenate' 'tmp_11051' <Predicate = true> <Delay = 0.00>
ST_1 : Operation 131 [1/1] (0.00ns)   --->   "%sext_ln73_4241 = sext i19 %tmp_11051" [firmware/nnet_utils/nnet_mult.h:73->firmware/nnet_utils/nnet_dense_latency.h:42]   --->   Operation 131 'sext' 'sext_ln73_4241' <Predicate = true> <Delay = 0.00>
ST_1 : Operation 132 [1/1] (0.92ns)   --->   "%sub_ln73_3632 = sub i24 %sext_ln73_4241, i24 %sext_ln73_4240" [firmware/nnet_utils/nnet_mult.h:73->firmware/nnet_utils/nnet_dense_latency.h:42]   --->   Operation 132 'sub' 'sub_ln73_3632' <Predicate = true> <Delay = 0.92> <CoreInst = "Adder">   --->   Core 1 'Adder' <Latency = 0> <II = 1> <Delay = 0.92> <FuncUnit> <Opcode : 'add' 'sub'> <InPorts = 2> <OutPorts = 1>
ST_1 : Operation 133 [1/1] (0.00ns)   --->   "%trunc_ln42_32 = partselect i14 @_ssdm_op_PartSelect.i14.i24.i32.i32, i24 %sub_ln73_3632, i32 10, i32 23" [firmware/nnet_utils/nnet_dense_latency.h:42]   --->   Operation 133 'partselect' 'trunc_ln42_32' <Predicate = true> <Delay = 0.00>
ST_1 : Operation 134 [1/1] (0.00ns)   --->   "%sext_ln42_8807 = sext i14 %trunc_ln42_32" [firmware/nnet_utils/nnet_dense_latency.h:42]   --->   Operation 134 'sext' 'sext_ln42_8807' <Predicate = true> <Delay = 0.00>
ST_1 : Operation 135 [1/1] (2.38ns)   --->   "%mul_ln42_238 = mul i26 %sext_ln42_8806, i26 67107636" [firmware/nnet_utils/nnet_dense_latency.h:42]   --->   Operation 135 'mul' 'mul_ln42_238' <Predicate = true> <Delay = 2.38> <CoreInst = "Multiplier">   --->   Core 3 'Multiplier' <Latency = 0> <II = 1> <Delay = 2.38> <FuncUnit> <Opcode : 'mul'> <InPorts = 2> <OutPorts = 1>
ST_1 : Operation 136 [1/1] (0.00ns)   --->   "%trunc_ln42_33 = partselect i16 @_ssdm_op_PartSelect.i16.i26.i32.i32, i26 %mul_ln42_238, i32 10, i32 25" [firmware/nnet_utils/nnet_dense_latency.h:42]   --->   Operation 136 'partselect' 'trunc_ln42_33' <Predicate = true> <Delay = 0.00>
ST_1 : Operation 137 [1/1] (0.00ns)   --->   "%tmp_11052 = bitconcatenate i25 @_ssdm_op_BitConcatenate.i25.i16.i9, i16 %data_11_val_read, i9 0" [firmware/nnet_utils/nnet_dense_latency.h:42]   --->   Operation 137 'bitconcatenate' 'tmp_11052' <Predicate = true> <Delay = 0.00>
ST_1 : Operation 138 [1/1] (0.00ns)   --->   "%sext_ln42_8808 = sext i25 %tmp_11052" [firmware/nnet_utils/nnet_dense_latency.h:42]   --->   Operation 138 'sext' 'sext_ln42_8808' <Predicate = true> <Delay = 0.00>
ST_1 : Operation 139 [1/1] (0.00ns)   --->   "%sext_ln42_8809 = sext i23 %tmp_11050" [firmware/nnet_utils/nnet_dense_latency.h:42]   --->   Operation 139 'sext' 'sext_ln42_8809' <Predicate = true> <Delay = 0.00>
ST_1 : Operation 140 [1/1] (0.94ns)   --->   "%add_ln42 = add i26 %sext_ln42_8808, i26 %sext_ln42_8809" [firmware/nnet_utils/nnet_dense_latency.h:42]   --->   Operation 140 'add' 'add_ln42' <Predicate = true> <Delay = 0.94> <CoreInst = "Adder">   --->   Core 1 'Adder' <Latency = 0> <II = 1> <Delay = 0.94> <FuncUnit> <Opcode : 'add' 'sub'> <InPorts = 2> <OutPorts = 1>
ST_1 : Operation 141 [1/1] (0.00ns)   --->   "%trunc_ln42_34 = partselect i16 @_ssdm_op_PartSelect.i16.i26.i32.i32, i26 %add_ln42, i32 10, i32 25" [firmware/nnet_utils/nnet_dense_latency.h:42]   --->   Operation 141 'partselect' 'trunc_ln42_34' <Predicate = true> <Delay = 0.00>
ST_1 : Operation 142 [1/1] (0.00ns)   --->   "%sext_ln70_1747 = sext i16 %data_12_val_read" [firmware/nnet_utils/nnet_mult.h:70->firmware/nnet_utils/nnet_dense_latency.h:42]   --->   Operation 142 'sext' 'sext_ln70_1747' <Predicate = true> <Delay = 0.00>
ST_1 : Operation 143 [1/1] (2.38ns)   --->   "%mul_ln42_239 = mul i26 %sext_ln70_1747, i26 67108048" [firmware/nnet_utils/nnet_dense_latency.h:42]   --->   Operation 143 'mul' 'mul_ln42_239' <Predicate = true> <Delay = 2.38> <CoreInst = "Multiplier">   --->   Core 3 'Multiplier' <Latency = 0> <II = 1> <Delay = 2.38> <FuncUnit> <Opcode : 'mul'> <InPorts = 2> <OutPorts = 1>
ST_1 : Operation 144 [1/1] (0.00ns)   --->   "%trunc_ln42_35 = partselect i16 @_ssdm_op_PartSelect.i16.i26.i32.i32, i26 %mul_ln42_239, i32 10, i32 25" [firmware/nnet_utils/nnet_dense_latency.h:42]   --->   Operation 144 'partselect' 'trunc_ln42_35' <Predicate = true> <Delay = 0.00>
ST_1 : Operation 145 [1/1] (0.00ns)   --->   "%tmp_11053 = bitconcatenate i20 @_ssdm_op_BitConcatenate.i20.i16.i4, i16 %data_12_val_read, i4 0" [firmware/nnet_utils/nnet_mult.h:73->firmware/nnet_utils/nnet_dense_latency.h:42]   --->   Operation 145 'bitconcatenate' 'tmp_11053' <Predicate = true> <Delay = 0.00>
ST_1 : Operation 146 [1/1] (0.00ns)   --->   "%sext_ln73_4242 = sext i20 %tmp_11053" [firmware/nnet_utils/nnet_mult.h:73->firmware/nnet_utils/nnet_dense_latency.h:42]   --->   Operation 146 'sext' 'sext_ln73_4242' <Predicate = true> <Delay = 0.00>
ST_1 : Operation 147 [1/1] (0.00ns)   --->   "%tmp_11054 = bitconcatenate i17 @_ssdm_op_BitConcatenate.i17.i16.i1, i16 %data_12_val_read, i1 0" [firmware/nnet_utils/nnet_mult.h:73->firmware/nnet_utils/nnet_dense_latency.h:42]   --->   Operation 147 'bitconcatenate' 'tmp_11054' <Predicate = true> <Delay = 0.00>
ST_1 : Operation 148 [1/1] (0.00ns)   --->   "%sext_ln73_4243 = sext i17 %tmp_11054" [firmware/nnet_utils/nnet_mult.h:73->firmware/nnet_utils/nnet_dense_latency.h:42]   --->   Operation 148 'sext' 'sext_ln73_4243' <Predicate = true> <Delay = 0.00>
ST_1 : Operation 149 [1/1] (0.89ns)   --->   "%add_ln73_943 = add i22 %sext_ln73_4242, i22 %sext_ln73_4243" [firmware/nnet_utils/nnet_mult.h:73->firmware/nnet_utils/nnet_dense_latency.h:42]   --->   Operation 149 'add' 'add_ln73_943' <Predicate = true> <Delay = 0.89> <CoreInst = "Adder">   --->   Core 1 'Adder' <Latency = 0> <II = 1> <Delay = 0.89> <FuncUnit> <Opcode : 'add' 'sub'> <InPorts = 2> <OutPorts = 1>
ST_1 : Operation 150 [1/1] (0.00ns)   --->   "%trunc_ln42_36 = partselect i12 @_ssdm_op_PartSelect.i12.i22.i32.i32, i22 %add_ln73_943, i32 10, i32 21" [firmware/nnet_utils/nnet_dense_latency.h:42]   --->   Operation 150 'partselect' 'trunc_ln42_36' <Predicate = true> <Delay = 0.00>
ST_1 : Operation 151 [1/1] (2.38ns)   --->   "%mul_ln73_12343 = mul i26 %sext_ln70_1747, i26 470" [firmware/nnet_utils/nnet_mult.h:73->firmware/nnet_utils/nnet_dense_latency.h:42]   --->   Operation 151 'mul' 'mul_ln73_12343' <Predicate = true> <Delay = 2.38> <CoreInst = "Multiplier">   --->   Core 3 'Multiplier' <Latency = 0> <II = 1> <Delay = 2.38> <FuncUnit> <Opcode : 'mul'> <InPorts = 2> <OutPorts = 1>
ST_1 : Operation 152 [1/1] (0.00ns)   --->   "%trunc_ln42_37 = partselect i16 @_ssdm_op_PartSelect.i16.i26.i32.i32, i26 %mul_ln73_12343, i32 10, i32 25" [firmware/nnet_utils/nnet_dense_latency.h:42]   --->   Operation 152 'partselect' 'trunc_ln42_37' <Predicate = true> <Delay = 0.00>
ST_1 : Operation 153 [1/1] (0.00ns)   --->   "%sext_ln42_8811 = sext i16 %data_13_val_read" [firmware/nnet_utils/nnet_dense_latency.h:42]   --->   Operation 153 'sext' 'sext_ln42_8811' <Predicate = true> <Delay = 0.00>
ST_1 : Operation 154 [1/1] (2.38ns)   --->   "%mul_ln73_12344 = mul i26 %sext_ln42_8811, i26 432" [firmware/nnet_utils/nnet_mult.h:73->firmware/nnet_utils/nnet_dense_latency.h:42]   --->   Operation 154 'mul' 'mul_ln73_12344' <Predicate = true> <Delay = 2.38> <CoreInst = "Multiplier">   --->   Core 3 'Multiplier' <Latency = 0> <II = 1> <Delay = 2.38> <FuncUnit> <Opcode : 'mul'> <InPorts = 2> <OutPorts = 1>
ST_1 : Operation 155 [1/1] (0.00ns)   --->   "%trunc_ln42_38 = partselect i16 @_ssdm_op_PartSelect.i16.i26.i32.i32, i26 %mul_ln73_12344, i32 10, i32 25" [firmware/nnet_utils/nnet_dense_latency.h:42]   --->   Operation 155 'partselect' 'trunc_ln42_38' <Predicate = true> <Delay = 0.00>
ST_1 : Operation 156 [1/1] (2.38ns)   --->   "%mul_ln73_12345 = mul i26 %sext_ln42_8811, i26 67108534" [firmware/nnet_utils/nnet_mult.h:73->firmware/nnet_utils/nnet_dense_latency.h:42]   --->   Operation 156 'mul' 'mul_ln73_12345' <Predicate = true> <Delay = 2.38> <CoreInst = "Multiplier">   --->   Core 3 'Multiplier' <Latency = 0> <II = 1> <Delay = 2.38> <FuncUnit> <Opcode : 'mul'> <InPorts = 2> <OutPorts = 1>
ST_1 : Operation 157 [1/1] (0.00ns)   --->   "%trunc_ln42_39 = partselect i16 @_ssdm_op_PartSelect.i16.i26.i32.i32, i26 %mul_ln73_12345, i32 10, i32 25" [firmware/nnet_utils/nnet_dense_latency.h:42]   --->   Operation 157 'partselect' 'trunc_ln42_39' <Predicate = true> <Delay = 0.00>
ST_1 : Operation 158 [1/1] (2.38ns)   --->   "%mul_ln42_240 = mul i26 %sext_ln42_8811, i26 67108246" [firmware/nnet_utils/nnet_dense_latency.h:42]   --->   Operation 158 'mul' 'mul_ln42_240' <Predicate = true> <Delay = 2.38> <CoreInst = "Multiplier">   --->   Core 3 'Multiplier' <Latency = 0> <II = 1> <Delay = 2.38> <FuncUnit> <Opcode : 'mul'> <InPorts = 2> <OutPorts = 1>
ST_1 : Operation 159 [1/1] (0.00ns)   --->   "%trunc_ln42_40 = partselect i16 @_ssdm_op_PartSelect.i16.i26.i32.i32, i26 %mul_ln42_240, i32 10, i32 25" [firmware/nnet_utils/nnet_dense_latency.h:42]   --->   Operation 159 'partselect' 'trunc_ln42_40' <Predicate = true> <Delay = 0.00>
ST_1 : Operation 160 [1/1] (0.00ns)   --->   "%sext_ln70_1748 = sext i16 %data_14_val_read" [firmware/nnet_utils/nnet_mult.h:70->firmware/nnet_utils/nnet_dense_latency.h:42]   --->   Operation 160 'sext' 'sext_ln70_1748' <Predicate = true> <Delay = 0.00>
ST_1 : Operation 161 [1/1] (0.00ns)   --->   "%sext_ln70_1749 = sext i16 %data_14_val_read" [firmware/nnet_utils/nnet_mult.h:70->firmware/nnet_utils/nnet_dense_latency.h:42]   --->   Operation 161 'sext' 'sext_ln70_1749' <Predicate = true> <Delay = 0.00>
ST_1 : Operation 162 [1/1] (2.38ns)   --->   "%mul_ln42_241 = mul i26 %sext_ln70_1749, i26 820" [firmware/nnet_utils/nnet_dense_latency.h:42]   --->   Operation 162 'mul' 'mul_ln42_241' <Predicate = true> <Delay = 2.38> <CoreInst = "Multiplier">   --->   Core 3 'Multiplier' <Latency = 0> <II = 1> <Delay = 2.38> <FuncUnit> <Opcode : 'mul'> <InPorts = 2> <OutPorts = 1>
ST_1 : Operation 163 [1/1] (0.00ns)   --->   "%trunc_ln42_41 = partselect i16 @_ssdm_op_PartSelect.i16.i26.i32.i32, i26 %mul_ln42_241, i32 10, i32 25" [firmware/nnet_utils/nnet_dense_latency.h:42]   --->   Operation 163 'partselect' 'trunc_ln42_41' <Predicate = true> <Delay = 0.00>
ST_1 : Operation 164 [1/1] (2.38ns)   --->   "%mul_ln73_12346 = mul i26 %sext_ln70_1749, i26 67108508" [firmware/nnet_utils/nnet_mult.h:73->firmware/nnet_utils/nnet_dense_latency.h:42]   --->   Operation 164 'mul' 'mul_ln73_12346' <Predicate = true> <Delay = 2.38> <CoreInst = "Multiplier">   --->   Core 3 'Multiplier' <Latency = 0> <II = 1> <Delay = 2.38> <FuncUnit> <Opcode : 'mul'> <InPorts = 2> <OutPorts = 1>
ST_1 : Operation 165 [1/1] (0.00ns)   --->   "%trunc_ln42_42 = partselect i16 @_ssdm_op_PartSelect.i16.i26.i32.i32, i26 %mul_ln73_12346, i32 10, i32 25" [firmware/nnet_utils/nnet_dense_latency.h:42]   --->   Operation 165 'partselect' 'trunc_ln42_42' <Predicate = true> <Delay = 0.00>
ST_1 : Operation 166 [1/1] (0.00ns)   --->   "%tmp_11055 = bitconcatenate i21 @_ssdm_op_BitConcatenate.i21.i16.i5, i16 %data_14_val_read, i5 0" [firmware/nnet_utils/nnet_mult.h:73->firmware/nnet_utils/nnet_dense_latency.h:42]   --->   Operation 166 'bitconcatenate' 'tmp_11055' <Predicate = true> <Delay = 0.00>
ST_1 : Operation 167 [1/1] (0.00ns)   --->   "%sext_ln73_4244 = sext i21 %tmp_11055" [firmware/nnet_utils/nnet_mult.h:73->firmware/nnet_utils/nnet_dense_latency.h:42]   --->   Operation 167 'sext' 'sext_ln73_4244' <Predicate = true> <Delay = 0.00>
ST_1 : Operation 168 [1/1] (0.00ns) (grouped into TernaryAdder)   --->   "%sub_ln73_3633 = sub i23 0, i23 %sext_ln73_4244" [firmware/nnet_utils/nnet_mult.h:73->firmware/nnet_utils/nnet_dense_latency.h:42]   --->   Operation 168 'sub' 'sub_ln73_3633' <Predicate = true> <Delay = 0.00> <CoreInst = "TAddSub">   --->   Core 10 'TAddSub' <Latency = 0> <II = 1> <Delay = 0.34> <IPBlock> <Opcode : 'add' 'sub'> <InPorts = 3> <OutPorts = 1> <Sync> <CReg>
ST_1 : Operation 169 [1/1] (0.70ns) (root node of TernaryAdder)   --->   "%sub_ln73_3634 = sub i23 %sub_ln73_3633, i23 %sext_ln70_1748" [firmware/nnet_utils/nnet_mult.h:73->firmware/nnet_utils/nnet_dense_latency.h:42]   --->   Operation 169 'sub' 'sub_ln73_3634' <Predicate = true> <Delay = 0.70> <CoreInst = "TAddSub">   --->   Core 10 'TAddSub' <Latency = 0> <II = 1> <Delay = 0.34> <IPBlock> <Opcode : 'add' 'sub'> <InPorts = 3> <OutPorts = 1> <Sync> <CReg>
ST_1 : Operation 170 [1/1] (0.00ns)   --->   "%trunc_ln42_43 = partselect i13 @_ssdm_op_PartSelect.i13.i23.i32.i32, i23 %sub_ln73_3634, i32 10, i32 22" [firmware/nnet_utils/nnet_dense_latency.h:42]   --->   Operation 170 'partselect' 'trunc_ln42_43' <Predicate = true> <Delay = 0.00>
ST_1 : Operation 171 [1/1] (0.00ns)   --->   "%sext_ln42_8812 = sext i13 %trunc_ln42_43" [firmware/nnet_utils/nnet_dense_latency.h:42]   --->   Operation 171 'sext' 'sext_ln42_8812' <Predicate = true> <Delay = 0.00>
ST_1 : Operation 172 [1/1] (0.00ns)   --->   "%sext_ln70_1750 = sext i16 %data_15_val_read" [firmware/nnet_utils/nnet_mult.h:70->firmware/nnet_utils/nnet_dense_latency.h:42]   --->   Operation 172 'sext' 'sext_ln70_1750' <Predicate = true> <Delay = 0.00>
ST_1 : Operation 173 [1/1] (2.38ns)   --->   "%mul_ln42_242 = mul i26 %sext_ln70_1750, i26 67108228" [firmware/nnet_utils/nnet_dense_latency.h:42]   --->   Operation 173 'mul' 'mul_ln42_242' <Predicate = true> <Delay = 2.38> <CoreInst = "Multiplier">   --->   Core 3 'Multiplier' <Latency = 0> <II = 1> <Delay = 2.38> <FuncUnit> <Opcode : 'mul'> <InPorts = 2> <OutPorts = 1>
ST_1 : Operation 174 [1/1] (0.00ns)   --->   "%trunc_ln42_44 = partselect i16 @_ssdm_op_PartSelect.i16.i26.i32.i32, i26 %mul_ln42_242, i32 10, i32 25" [firmware/nnet_utils/nnet_dense_latency.h:42]   --->   Operation 174 'partselect' 'trunc_ln42_44' <Predicate = true> <Delay = 0.00>
ST_1 : Operation 175 [1/1] (2.38ns)   --->   "%mul_ln42_243 = mul i26 %sext_ln70_1750, i26 710" [firmware/nnet_utils/nnet_dense_latency.h:42]   --->   Operation 175 'mul' 'mul_ln42_243' <Predicate = true> <Delay = 2.38> <CoreInst = "Multiplier">   --->   Core 3 'Multiplier' <Latency = 0> <II = 1> <Delay = 2.38> <FuncUnit> <Opcode : 'mul'> <InPorts = 2> <OutPorts = 1>
ST_1 : Operation 176 [1/1] (0.00ns)   --->   "%trunc_ln42_45 = partselect i16 @_ssdm_op_PartSelect.i16.i26.i32.i32, i26 %mul_ln42_243, i32 10, i32 25" [firmware/nnet_utils/nnet_dense_latency.h:42]   --->   Operation 176 'partselect' 'trunc_ln42_45' <Predicate = true> <Delay = 0.00>
ST_1 : Operation 177 [1/1] (2.38ns)   --->   "%mul_ln73_12347 = mul i26 %sext_ln70_1750, i26 67108527" [firmware/nnet_utils/nnet_mult.h:73->firmware/nnet_utils/nnet_dense_latency.h:42]   --->   Operation 177 'mul' 'mul_ln73_12347' <Predicate = true> <Delay = 2.38> <CoreInst = "Multiplier">   --->   Core 3 'Multiplier' <Latency = 0> <II = 1> <Delay = 2.38> <FuncUnit> <Opcode : 'mul'> <InPorts = 2> <OutPorts = 1>
ST_1 : Operation 178 [1/1] (0.00ns)   --->   "%trunc_ln42_46 = partselect i16 @_ssdm_op_PartSelect.i16.i26.i32.i32, i26 %mul_ln73_12347, i32 10, i32 25" [firmware/nnet_utils/nnet_dense_latency.h:42]   --->   Operation 178 'partselect' 'trunc_ln42_46' <Predicate = true> <Delay = 0.00>
ST_1 : Operation 179 [1/1] (0.85ns)   --->   "%add_ln58_18375 = add i16 %trunc_ln42_6, i16 %trunc_ln42_9" [firmware/nnet_utils/nnet_dense_latency.h:58]   --->   Operation 179 'add' 'add_ln58_18375' <Predicate = true> <Delay = 0.85> <CoreInst = "Adder">   --->   Core 1 'Adder' <Latency = 0> <II = 1> <Delay = 0.85> <FuncUnit> <Opcode : 'add' 'sub'> <InPorts = 2> <OutPorts = 1>
ST_1 : Operation 180 [1/1] (0.85ns)   --->   "%add_ln58_18378 = add i16 %trunc_ln42_17, i16 %sext_ln42_8800" [firmware/nnet_utils/nnet_dense_latency.h:58]   --->   Operation 180 'add' 'add_ln58_18378' <Predicate = true> <Delay = 0.85> <CoreInst = "Adder">   --->   Core 1 'Adder' <Latency = 0> <II = 1> <Delay = 0.85> <FuncUnit> <Opcode : 'add' 'sub'> <InPorts = 2> <OutPorts = 1>
ST_1 : Operation 181 [1/1] (0.85ns)   --->   "%add_ln58_18381 = add i16 %trunc_ln42_23, i16 %trunc_ln42_26" [firmware/nnet_utils/nnet_dense_latency.h:58]   --->   Operation 181 'add' 'add_ln58_18381' <Predicate = true> <Delay = 0.85> <CoreInst = "Adder">   --->   Core 1 'Adder' <Latency = 0> <II = 1> <Delay = 0.85> <FuncUnit> <Opcode : 'add' 'sub'> <InPorts = 2> <OutPorts = 1>
ST_1 : Operation 182 [1/1] (0.85ns)   --->   "%add_ln58_18382 = add i16 %trunc_ln42_29, i16 %sext_ln42_8807" [firmware/nnet_utils/nnet_dense_latency.h:58]   --->   Operation 182 'add' 'add_ln58_18382' <Predicate = true> <Delay = 0.85> <CoreInst = "Adder">   --->   Core 1 'Adder' <Latency = 0> <II = 1> <Delay = 0.85> <FuncUnit> <Opcode : 'add' 'sub'> <InPorts = 2> <OutPorts = 1>
ST_1 : Operation 183 [1/1] (0.00ns) (grouped into TernaryAdder)   --->   "%add_ln58_18385 = add i16 %trunc_ln42_44, i16 103" [firmware/nnet_utils/nnet_dense_latency.h:58]   --->   Operation 183 'add' 'add_ln58_18385' <Predicate = true> <Delay = 0.00> <CoreInst = "TAddSub">   --->   Core 10 'TAddSub' <Latency = 0> <II = 1> <Delay = 0.34> <IPBlock> <Opcode : 'add' 'sub'> <InPorts = 3> <OutPorts = 1> <Sync> <CReg>
ST_1 : Operation 184 [1/1] (0.68ns) (root node of TernaryAdder)   --->   "%add_ln58_18386 = add i16 %add_ln58_18385, i16 %trunc_ln42_41" [firmware/nnet_utils/nnet_dense_latency.h:58]   --->   Operation 184 'add' 'add_ln58_18386' <Predicate = true> <Delay = 0.68> <CoreInst = "TAddSub">   --->   Core 10 'TAddSub' <Latency = 0> <II = 1> <Delay = 0.34> <IPBlock> <Opcode : 'add' 'sub'> <InPorts = 3> <OutPorts = 1> <Sync> <CReg>
ST_1 : Operation 185 [1/1] (0.85ns)   --->   "%add_ln58_18391 = add i16 %trunc_ln42_7, i16 %trunc_ln42_8" [firmware/nnet_utils/nnet_dense_latency.h:58]   --->   Operation 185 'add' 'add_ln58_18391' <Predicate = true> <Delay = 0.85> <CoreInst = "Adder">   --->   Core 1 'Adder' <Latency = 0> <II = 1> <Delay = 0.85> <FuncUnit> <Opcode : 'add' 'sub'> <InPorts = 2> <OutPorts = 1>
ST_1 : Operation 186 [1/1] (0.83ns)   --->   "%add_ln58_18394 = add i15 %sext_ln73_4232, i15 %sext_ln73_4235" [firmware/nnet_utils/nnet_dense_latency.h:58]   --->   Operation 186 'add' 'add_ln58_18394' <Predicate = true> <Delay = 0.83> <CoreInst = "Adder">   --->   Core 1 'Adder' <Latency = 0> <II = 1> <Delay = 0.83> <FuncUnit> <Opcode : 'add' 'sub'> <InPorts = 2> <OutPorts = 1>
ST_1 : Operation 187 [1/1] (0.84ns)   --->   "%add_ln58_18397 = add i16 %sext_ln42_8801, i16 %sext_ln42_8804" [firmware/nnet_utils/nnet_dense_latency.h:58]   --->   Operation 187 'add' 'add_ln58_18397' <Predicate = true> <Delay = 0.84> <CoreInst = "Adder">   --->   Core 1 'Adder' <Latency = 0> <II = 1> <Delay = 0.84> <FuncUnit> <Opcode : 'add' 'sub'> <InPorts = 2> <OutPorts = 1>
ST_1 : Operation 188 [1/1] (0.85ns)   --->   "%add_ln58_18398 = add i16 %trunc_ln42_30, i16 %trunc_ln42_33" [firmware/nnet_utils/nnet_dense_latency.h:58]   --->   Operation 188 'add' 'add_ln58_18398' <Predicate = true> <Delay = 0.85> <CoreInst = "Adder">   --->   Core 1 'Adder' <Latency = 0> <II = 1> <Delay = 0.85> <FuncUnit> <Opcode : 'add' 'sub'> <InPorts = 2> <OutPorts = 1>
ST_1 : Operation 189 [1/1] (0.00ns) (grouped into TernaryAdder)   --->   "%add_ln58_18401 = add i16 %trunc_ln42_45, i16 65420" [firmware/nnet_utils/nnet_dense_latency.h:58]   --->   Operation 189 'add' 'add_ln58_18401' <Predicate = true> <Delay = 0.00> <CoreInst = "TAddSub">   --->   Core 10 'TAddSub' <Latency = 0> <II = 1> <Delay = 0.34> <IPBlock> <Opcode : 'add' 'sub'> <InPorts = 3> <OutPorts = 1> <Sync> <CReg>
ST_1 : Operation 190 [1/1] (0.68ns) (root node of TernaryAdder)   --->   "%add_ln58_18402 = add i16 %add_ln58_18401, i16 %trunc_ln42_42" [firmware/nnet_utils/nnet_dense_latency.h:58]   --->   Operation 190 'add' 'add_ln58_18402' <Predicate = true> <Delay = 0.68> <CoreInst = "TAddSub">   --->   Core 10 'TAddSub' <Latency = 0> <II = 1> <Delay = 0.34> <IPBlock> <Opcode : 'add' 'sub'> <InPorts = 3> <OutPorts = 1> <Sync> <CReg>
ST_1 : Operation 191 [1/1] (0.85ns)   --->   "%add_ln58_18407 = add i16 %sext_ln42_8798, i16 %trunc_ln42_10" [firmware/nnet_utils/nnet_dense_latency.h:58]   --->   Operation 191 'add' 'add_ln58_18407' <Predicate = true> <Delay = 0.85> <CoreInst = "Adder">   --->   Core 1 'Adder' <Latency = 0> <II = 1> <Delay = 0.85> <FuncUnit> <Opcode : 'add' 'sub'> <InPorts = 2> <OutPorts = 1>
ST_1 : Operation 192 [1/1] (0.85ns)   --->   "%add_ln58_18410 = add i16 %trunc_ln42_19, i16 %trunc_ln42_22" [firmware/nnet_utils/nnet_dense_latency.h:58]   --->   Operation 192 'add' 'add_ln58_18410' <Predicate = true> <Delay = 0.85> <CoreInst = "Adder">   --->   Core 1 'Adder' <Latency = 0> <II = 1> <Delay = 0.85> <FuncUnit> <Opcode : 'add' 'sub'> <InPorts = 2> <OutPorts = 1>
ST_1 : Operation 193 [1/1] (0.84ns)   --->   "%add_ln58_18413 = add i16 %sext_ln42_8802, i16 %sext_ln42_8805" [firmware/nnet_utils/nnet_dense_latency.h:58]   --->   Operation 193 'add' 'add_ln58_18413' <Predicate = true> <Delay = 0.84> <CoreInst = "Adder">   --->   Core 1 'Adder' <Latency = 0> <II = 1> <Delay = 0.84> <FuncUnit> <Opcode : 'add' 'sub'> <InPorts = 2> <OutPorts = 1>
ST_1 : Operation 194 [1/1] (0.85ns)   --->   "%add_ln58_18414 = add i16 %trunc_ln42_31, i16 %trunc_ln42_34" [firmware/nnet_utils/nnet_dense_latency.h:58]   --->   Operation 194 'add' 'add_ln58_18414' <Predicate = true> <Delay = 0.85> <CoreInst = "Adder">   --->   Core 1 'Adder' <Latency = 0> <II = 1> <Delay = 0.85> <FuncUnit> <Opcode : 'add' 'sub'> <InPorts = 2> <OutPorts = 1>
ST_1 : Operation 195 [1/1] (0.00ns) (grouped into TernaryAdder)   --->   "%add_ln58_18417 = add i16 %trunc_ln42_46, i16 27" [firmware/nnet_utils/nnet_dense_latency.h:58]   --->   Operation 195 'add' 'add_ln58_18417' <Predicate = true> <Delay = 0.00> <CoreInst = "TAddSub">   --->   Core 10 'TAddSub' <Latency = 0> <II = 1> <Delay = 0.34> <IPBlock> <Opcode : 'add' 'sub'> <InPorts = 3> <OutPorts = 1> <Sync> <CReg>
ST_1 : Operation 196 [1/1] (0.68ns) (root node of TernaryAdder)   --->   "%add_ln58_18418 = add i16 %add_ln58_18417, i16 %sext_ln42_8812" [firmware/nnet_utils/nnet_dense_latency.h:58]   --->   Operation 196 'add' 'add_ln58_18418' <Predicate = true> <Delay = 0.68> <CoreInst = "TAddSub">   --->   Core 10 'TAddSub' <Latency = 0> <II = 1> <Delay = 0.34> <IPBlock> <Opcode : 'add' 'sub'> <InPorts = 3> <OutPorts = 1> <Sync> <CReg>

State 2 <SV = 1> <Delay = 2.06>
ST_2 : Operation 197 [1/1] (0.00ns)   --->   "%specpipeline_ln26 = specpipeline void @_ssdm_op_SpecPipeline, i32 1, i32 0, i32 0, i32 0, i32 4294967295, void @empty_0" [firmware/nnet_utils/nnet_dense_latency.h:26]   --->   Operation 197 'specpipeline' 'specpipeline_ln26' <Predicate = true> <Delay = 0.00>
ST_2 : Operation 198 [1/1] (0.00ns)   --->   "%specresourcelimit_ln33 = specresourcelimit void @_ssdm_op_SpecResourceLimit, i64 48, void @empty_1, void @empty_0, void @empty_0, void @empty_0" [firmware/nnet_utils/nnet_dense_latency.h:33]   --->   Operation 198 'specresourcelimit' 'specresourcelimit_ln33' <Predicate = true> <Delay = 0.00>
ST_2 : Operation 199 [1/1] (0.00ns)   --->   "%sext_ln42 = sext i15 %trunc_ln42_s" [firmware/nnet_utils/nnet_dense_latency.h:42]   --->   Operation 199 'sext' 'sext_ln42' <Predicate = true> <Delay = 0.00>
ST_2 : Operation 200 [1/1] (0.00ns)   --->   "%sext_ln42_8796 = sext i14 %trunc_ln42_2" [firmware/nnet_utils/nnet_dense_latency.h:42]   --->   Operation 200 'sext' 'sext_ln42_8796' <Predicate = true> <Delay = 0.00>
ST_2 : Operation 201 [1/1] (0.00ns)   --->   "%sext_ln42_8799 = sext i15 %trunc_ln42_16" [firmware/nnet_utils/nnet_dense_latency.h:42]   --->   Operation 201 'sext' 'sext_ln42_8799' <Predicate = true> <Delay = 0.00>
ST_2 : Operation 202 [1/1] (0.00ns)   --->   "%sext_ln42_8810 = sext i12 %trunc_ln42_36" [firmware/nnet_utils/nnet_dense_latency.h:42]   --->   Operation 202 'sext' 'sext_ln42_8810' <Predicate = true> <Delay = 0.00>
ST_2 : Operation 203 [1/1] (0.00ns) (grouped into TernaryAdder)   --->   "%add_ln58 = add i16 %trunc_ln, i16 %trunc_ln42_3" [firmware/nnet_utils/nnet_dense_latency.h:58]   --->   Operation 203 'add' 'add_ln58' <Predicate = true> <Delay = 0.00> <CoreInst = "TAddSub">   --->   Core 10 'TAddSub' <Latency = 0> <II = 1> <Delay = 0.34> <IPBlock> <Opcode : 'add' 'sub'> <InPorts = 3> <OutPorts = 1> <Sync> <CReg>
ST_2 : Operation 204 [1/1] (0.68ns) (root node of TernaryAdder)   --->   "%add_ln58_18376 = add i16 %add_ln58_18375, i16 %add_ln58" [firmware/nnet_utils/nnet_dense_latency.h:58]   --->   Operation 204 'add' 'add_ln58_18376' <Predicate = true> <Delay = 0.68> <CoreInst = "TAddSub">   --->   Core 10 'TAddSub' <Latency = 0> <II = 1> <Delay = 0.34> <IPBlock> <Opcode : 'add' 'sub'> <InPorts = 3> <OutPorts = 1> <Sync> <CReg>
ST_2 : Operation 205 [1/1] (0.00ns) (grouped into TernaryAdder)   --->   "%add_ln58_18377 = add i16 %trunc_ln42_11, i16 %trunc_ln42_14" [firmware/nnet_utils/nnet_dense_latency.h:58]   --->   Operation 205 'add' 'add_ln58_18377' <Predicate = true> <Delay = 0.00> <CoreInst = "TAddSub">   --->   Core 10 'TAddSub' <Latency = 0> <II = 1> <Delay = 0.34> <IPBlock> <Opcode : 'add' 'sub'> <InPorts = 3> <OutPorts = 1> <Sync> <CReg>
ST_2 : Operation 206 [1/1] (0.68ns) (root node of TernaryAdder)   --->   "%add_ln58_18379 = add i16 %add_ln58_18378, i16 %add_ln58_18377" [firmware/nnet_utils/nnet_dense_latency.h:58]   --->   Operation 206 'add' 'add_ln58_18379' <Predicate = true> <Delay = 0.68> <CoreInst = "TAddSub">   --->   Core 10 'TAddSub' <Latency = 0> <II = 1> <Delay = 0.34> <IPBlock> <Opcode : 'add' 'sub'> <InPorts = 3> <OutPorts = 1> <Sync> <CReg>
ST_2 : Operation 207 [1/1] (0.00ns) (grouped into TernaryAdder)   --->   "%add_ln58_18380 = add i16 %add_ln58_18379, i16 %add_ln58_18376" [firmware/nnet_utils/nnet_dense_latency.h:58]   --->   Operation 207 'add' 'add_ln58_18380' <Predicate = true> <Delay = 0.00> <CoreInst = "TAddSub">   --->   Core 10 'TAddSub' <Latency = 0> <II = 1> <Delay = 0.34> <IPBlock> <Opcode : 'add' 'sub'> <InPorts = 3> <OutPorts = 1> <Sync> <CReg>
ST_2 : Operation 208 [1/1] (0.00ns) (grouped into TernaryAdder)   --->   "%add_ln58_18383 = add i16 %add_ln58_18382, i16 %add_ln58_18381" [firmware/nnet_utils/nnet_dense_latency.h:58]   --->   Operation 208 'add' 'add_ln58_18383' <Predicate = true> <Delay = 0.00> <CoreInst = "TAddSub">   --->   Core 10 'TAddSub' <Latency = 0> <II = 1> <Delay = 0.34> <IPBlock> <Opcode : 'add' 'sub'> <InPorts = 3> <OutPorts = 1> <Sync> <CReg>
ST_2 : Operation 209 [1/1] (0.00ns) (grouped into TernaryAdder)   --->   "%add_ln58_18384 = add i16 %trunc_ln42_35, i16 %trunc_ln42_38" [firmware/nnet_utils/nnet_dense_latency.h:58]   --->   Operation 209 'add' 'add_ln58_18384' <Predicate = true> <Delay = 0.00> <CoreInst = "TAddSub">   --->   Core 10 'TAddSub' <Latency = 0> <II = 1> <Delay = 0.34> <IPBlock> <Opcode : 'add' 'sub'> <InPorts = 3> <OutPorts = 1> <Sync> <CReg>
ST_2 : Operation 210 [1/1] (0.68ns) (root node of TernaryAdder)   --->   "%add_ln58_18387 = add i16 %add_ln58_18386, i16 %add_ln58_18384" [firmware/nnet_utils/nnet_dense_latency.h:58]   --->   Operation 210 'add' 'add_ln58_18387' <Predicate = true> <Delay = 0.68> <CoreInst = "TAddSub">   --->   Core 10 'TAddSub' <Latency = 0> <II = 1> <Delay = 0.34> <IPBlock> <Opcode : 'add' 'sub'> <InPorts = 3> <OutPorts = 1> <Sync> <CReg>
ST_2 : Operation 211 [1/1] (0.68ns) (root node of TernaryAdder)   --->   "%add_ln58_18388 = add i16 %add_ln58_18387, i16 %add_ln58_18383" [firmware/nnet_utils/nnet_dense_latency.h:58]   --->   Operation 211 'add' 'add_ln58_18388' <Predicate = true> <Delay = 0.68> <CoreInst = "TAddSub">   --->   Core 10 'TAddSub' <Latency = 0> <II = 1> <Delay = 0.34> <IPBlock> <Opcode : 'add' 'sub'> <InPorts = 3> <OutPorts = 1> <Sync> <CReg>
ST_2 : Operation 212 [1/1] (0.68ns) (root node of TernaryAdder)   --->   "%x = add i16 %add_ln58_18388, i16 %add_ln58_18380" [firmware/nnet_utils/nnet_dense_latency.h:58]   --->   Operation 212 'add' 'x' <Predicate = true> <Delay = 0.68> <CoreInst = "TAddSub">   --->   Core 10 'TAddSub' <Latency = 0> <II = 1> <Delay = 0.34> <IPBlock> <Opcode : 'add' 'sub'> <InPorts = 3> <OutPorts = 1> <Sync> <CReg>
ST_2 : Operation 213 [1/1] (0.00ns) (grouped into TernaryAdder)   --->   "%add_ln58_18390 = add i16 %trunc_ln42_1, i16 %sext_ln42_8796" [firmware/nnet_utils/nnet_dense_latency.h:58]   --->   Operation 213 'add' 'add_ln58_18390' <Predicate = true> <Delay = 0.00> <CoreInst = "TAddSub">   --->   Core 10 'TAddSub' <Latency = 0> <II = 1> <Delay = 0.34> <IPBlock> <Opcode : 'add' 'sub'> <InPorts = 3> <OutPorts = 1> <Sync> <CReg>
ST_2 : Operation 214 [1/1] (0.68ns) (root node of TernaryAdder)   --->   "%add_ln58_18392 = add i16 %add_ln58_18391, i16 %add_ln58_18390" [firmware/nnet_utils/nnet_dense_latency.h:58]   --->   Operation 214 'add' 'add_ln58_18392' <Predicate = true> <Delay = 0.68> <CoreInst = "TAddSub">   --->   Core 10 'TAddSub' <Latency = 0> <II = 1> <Delay = 0.34> <IPBlock> <Opcode : 'add' 'sub'> <InPorts = 3> <OutPorts = 1> <Sync> <CReg>
ST_2 : Operation 215 [1/1] (0.00ns) (grouped into TernaryAdder)   --->   "%add_ln58_18393 = add i16 %trunc_ln42_12, i16 %trunc_ln42_15" [firmware/nnet_utils/nnet_dense_latency.h:58]   --->   Operation 215 'add' 'add_ln58_18393' <Predicate = true> <Delay = 0.00> <CoreInst = "TAddSub">   --->   Core 10 'TAddSub' <Latency = 0> <II = 1> <Delay = 0.34> <IPBlock> <Opcode : 'add' 'sub'> <InPorts = 3> <OutPorts = 1> <Sync> <CReg>
ST_2 : Operation 216 [1/1] (0.00ns)   --->   "%sext_ln58 = sext i15 %add_ln58_18394" [firmware/nnet_utils/nnet_dense_latency.h:58]   --->   Operation 216 'sext' 'sext_ln58' <Predicate = true> <Delay = 0.00>
ST_2 : Operation 217 [1/1] (0.68ns) (root node of TernaryAdder)   --->   "%add_ln58_18395 = add i16 %sext_ln58, i16 %add_ln58_18393" [firmware/nnet_utils/nnet_dense_latency.h:58]   --->   Operation 217 'add' 'add_ln58_18395' <Predicate = true> <Delay = 0.68> <CoreInst = "TAddSub">   --->   Core 10 'TAddSub' <Latency = 0> <II = 1> <Delay = 0.34> <IPBlock> <Opcode : 'add' 'sub'> <InPorts = 3> <OutPorts = 1> <Sync> <CReg>
ST_2 : Operation 218 [1/1] (0.00ns) (grouped into TernaryAdder)   --->   "%add_ln58_18396 = add i16 %add_ln58_18395, i16 %add_ln58_18392" [firmware/nnet_utils/nnet_dense_latency.h:58]   --->   Operation 218 'add' 'add_ln58_18396' <Predicate = true> <Delay = 0.00> <CoreInst = "TAddSub">   --->   Core 10 'TAddSub' <Latency = 0> <II = 1> <Delay = 0.34> <IPBlock> <Opcode : 'add' 'sub'> <InPorts = 3> <OutPorts = 1> <Sync> <CReg>
ST_2 : Operation 219 [1/1] (0.00ns) (grouped into TernaryAdder)   --->   "%add_ln58_18399 = add i16 %add_ln58_18398, i16 %add_ln58_18397" [firmware/nnet_utils/nnet_dense_latency.h:58]   --->   Operation 219 'add' 'add_ln58_18399' <Predicate = true> <Delay = 0.00> <CoreInst = "TAddSub">   --->   Core 10 'TAddSub' <Latency = 0> <II = 1> <Delay = 0.34> <IPBlock> <Opcode : 'add' 'sub'> <InPorts = 3> <OutPorts = 1> <Sync> <CReg>
ST_2 : Operation 220 [1/1] (0.00ns) (grouped into TernaryAdder)   --->   "%add_ln58_18400 = add i16 %sext_ln42_8810, i16 %trunc_ln42_39" [firmware/nnet_utils/nnet_dense_latency.h:58]   --->   Operation 220 'add' 'add_ln58_18400' <Predicate = true> <Delay = 0.00> <CoreInst = "TAddSub">   --->   Core 10 'TAddSub' <Latency = 0> <II = 1> <Delay = 0.34> <IPBlock> <Opcode : 'add' 'sub'> <InPorts = 3> <OutPorts = 1> <Sync> <CReg>
ST_2 : Operation 221 [1/1] (0.68ns) (root node of TernaryAdder)   --->   "%add_ln58_18403 = add i16 %add_ln58_18402, i16 %add_ln58_18400" [firmware/nnet_utils/nnet_dense_latency.h:58]   --->   Operation 221 'add' 'add_ln58_18403' <Predicate = true> <Delay = 0.68> <CoreInst = "TAddSub">   --->   Core 10 'TAddSub' <Latency = 0> <II = 1> <Delay = 0.34> <IPBlock> <Opcode : 'add' 'sub'> <InPorts = 3> <OutPorts = 1> <Sync> <CReg>
ST_2 : Operation 222 [1/1] (0.68ns) (root node of TernaryAdder)   --->   "%add_ln58_18404 = add i16 %add_ln58_18403, i16 %add_ln58_18399" [firmware/nnet_utils/nnet_dense_latency.h:58]   --->   Operation 222 'add' 'add_ln58_18404' <Predicate = true> <Delay = 0.68> <CoreInst = "TAddSub">   --->   Core 10 'TAddSub' <Latency = 0> <II = 1> <Delay = 0.34> <IPBlock> <Opcode : 'add' 'sub'> <InPorts = 3> <OutPorts = 1> <Sync> <CReg>
ST_2 : Operation 223 [1/1] (0.68ns) (root node of TernaryAdder)   --->   "%x_239 = add i16 %add_ln58_18404, i16 %add_ln58_18396" [firmware/nnet_utils/nnet_dense_latency.h:58]   --->   Operation 223 'add' 'x_239' <Predicate = true> <Delay = 0.68> <CoreInst = "TAddSub">   --->   Core 10 'TAddSub' <Latency = 0> <II = 1> <Delay = 0.34> <IPBlock> <Opcode : 'add' 'sub'> <InPorts = 3> <OutPorts = 1> <Sync> <CReg>
ST_2 : Operation 224 [1/1] (0.00ns) (grouped into TernaryAdder)   --->   "%add_ln58_18406 = add i16 %sext_ln42, i16 %trunc_ln42_5" [firmware/nnet_utils/nnet_dense_latency.h:58]   --->   Operation 224 'add' 'add_ln58_18406' <Predicate = true> <Delay = 0.00> <CoreInst = "TAddSub">   --->   Core 10 'TAddSub' <Latency = 0> <II = 1> <Delay = 0.34> <IPBlock> <Opcode : 'add' 'sub'> <InPorts = 3> <OutPorts = 1> <Sync> <CReg>
ST_2 : Operation 225 [1/1] (0.68ns) (root node of TernaryAdder)   --->   "%add_ln58_18408 = add i16 %add_ln58_18407, i16 %add_ln58_18406" [firmware/nnet_utils/nnet_dense_latency.h:58]   --->   Operation 225 'add' 'add_ln58_18408' <Predicate = true> <Delay = 0.68> <CoreInst = "TAddSub">   --->   Core 10 'TAddSub' <Latency = 0> <II = 1> <Delay = 0.34> <IPBlock> <Opcode : 'add' 'sub'> <InPorts = 3> <OutPorts = 1> <Sync> <CReg>
ST_2 : Operation 226 [1/1] (0.00ns) (grouped into TernaryAdder)   --->   "%add_ln58_18409 = add i16 %trunc_ln42_13, i16 %sext_ln42_8799" [firmware/nnet_utils/nnet_dense_latency.h:58]   --->   Operation 226 'add' 'add_ln58_18409' <Predicate = true> <Delay = 0.00> <CoreInst = "TAddSub">   --->   Core 10 'TAddSub' <Latency = 0> <II = 1> <Delay = 0.34> <IPBlock> <Opcode : 'add' 'sub'> <InPorts = 3> <OutPorts = 1> <Sync> <CReg>
ST_2 : Operation 227 [1/1] (0.68ns) (root node of TernaryAdder)   --->   "%add_ln58_18411 = add i16 %add_ln58_18410, i16 %add_ln58_18409" [firmware/nnet_utils/nnet_dense_latency.h:58]   --->   Operation 227 'add' 'add_ln58_18411' <Predicate = true> <Delay = 0.68> <CoreInst = "TAddSub">   --->   Core 10 'TAddSub' <Latency = 0> <II = 1> <Delay = 0.34> <IPBlock> <Opcode : 'add' 'sub'> <InPorts = 3> <OutPorts = 1> <Sync> <CReg>
ST_2 : Operation 228 [1/1] (0.00ns) (grouped into TernaryAdder)   --->   "%add_ln58_18412 = add i16 %add_ln58_18411, i16 %add_ln58_18408" [firmware/nnet_utils/nnet_dense_latency.h:58]   --->   Operation 228 'add' 'add_ln58_18412' <Predicate = true> <Delay = 0.00> <CoreInst = "TAddSub">   --->   Core 10 'TAddSub' <Latency = 0> <II = 1> <Delay = 0.34> <IPBlock> <Opcode : 'add' 'sub'> <InPorts = 3> <OutPorts = 1> <Sync> <CReg>
ST_2 : Operation 229 [1/1] (0.00ns) (grouped into TernaryAdder)   --->   "%add_ln58_18415 = add i16 %add_ln58_18414, i16 %add_ln58_18413" [firmware/nnet_utils/nnet_dense_latency.h:58]   --->   Operation 229 'add' 'add_ln58_18415' <Predicate = true> <Delay = 0.00> <CoreInst = "TAddSub">   --->   Core 10 'TAddSub' <Latency = 0> <II = 1> <Delay = 0.34> <IPBlock> <Opcode : 'add' 'sub'> <InPorts = 3> <OutPorts = 1> <Sync> <CReg>
ST_2 : Operation 230 [1/1] (0.00ns) (grouped into TernaryAdder)   --->   "%add_ln58_18416 = add i16 %trunc_ln42_37, i16 %trunc_ln42_40" [firmware/nnet_utils/nnet_dense_latency.h:58]   --->   Operation 230 'add' 'add_ln58_18416' <Predicate = true> <Delay = 0.00> <CoreInst = "TAddSub">   --->   Core 10 'TAddSub' <Latency = 0> <II = 1> <Delay = 0.34> <IPBlock> <Opcode : 'add' 'sub'> <InPorts = 3> <OutPorts = 1> <Sync> <CReg>
ST_2 : Operation 231 [1/1] (0.68ns) (root node of TernaryAdder)   --->   "%add_ln58_18419 = add i16 %add_ln58_18418, i16 %add_ln58_18416" [firmware/nnet_utils/nnet_dense_latency.h:58]   --->   Operation 231 'add' 'add_ln58_18419' <Predicate = true> <Delay = 0.68> <CoreInst = "TAddSub">   --->   Core 10 'TAddSub' <Latency = 0> <II = 1> <Delay = 0.34> <IPBlock> <Opcode : 'add' 'sub'> <InPorts = 3> <OutPorts = 1> <Sync> <CReg>
ST_2 : Operation 232 [1/1] (0.68ns) (root node of TernaryAdder)   --->   "%add_ln58_18420 = add i16 %add_ln58_18419, i16 %add_ln58_18415" [firmware/nnet_utils/nnet_dense_latency.h:58]   --->   Operation 232 'add' 'add_ln58_18420' <Predicate = true> <Delay = 0.68> <CoreInst = "TAddSub">   --->   Core 10 'TAddSub' <Latency = 0> <II = 1> <Delay = 0.34> <IPBlock> <Opcode : 'add' 'sub'> <InPorts = 3> <OutPorts = 1> <Sync> <CReg>
ST_2 : Operation 233 [1/1] (0.68ns) (root node of TernaryAdder)   --->   "%x_240 = add i16 %add_ln58_18420, i16 %add_ln58_18412" [firmware/nnet_utils/nnet_dense_latency.h:58]   --->   Operation 233 'add' 'x_240' <Predicate = true> <Delay = 0.68> <CoreInst = "TAddSub">   --->   Core 10 'TAddSub' <Latency = 0> <II = 1> <Delay = 0.34> <IPBlock> <Opcode : 'add' 'sub'> <InPorts = 3> <OutPorts = 1> <Sync> <CReg>
ST_2 : Operation 234 [1/1] (0.00ns)   --->   "%shl_ln = bitconcatenate i26 @_ssdm_op_BitConcatenate.i26.i16.i10, i16 %x, i10 0" [firmware/nnet_utils/nnet_mult.h:111->firmware/nnet_utils/nnet_dense_latency.h:66]   --->   Operation 234 'bitconcatenate' 'shl_ln' <Predicate = true> <Delay = 0.00>
ST_2 : Operation 235 [1/1] (0.00ns)   --->   "%sext_ln110 = sext i26 %shl_ln" [firmware/nnet_utils/nnet_mult.h:110->firmware/nnet_utils/nnet_dense_latency.h:66]   --->   Operation 235 'sext' 'sext_ln110' <Predicate = true> <Delay = 0.00>
ST_2 : Operation 236 [1/1] (0.00ns)   --->   "%shl_ln111_s = bitconcatenate i26 @_ssdm_op_BitConcatenate.i26.i16.i10, i16 %x_239, i10 0" [firmware/nnet_utils/nnet_mult.h:111->firmware/nnet_utils/nnet_dense_latency.h:66]   --->   Operation 236 'bitconcatenate' 'shl_ln111_s' <Predicate = true> <Delay = 0.00>
ST_2 : Operation 237 [1/1] (0.00ns)   --->   "%sext_ln110_233 = sext i26 %shl_ln111_s" [firmware/nnet_utils/nnet_mult.h:110->firmware/nnet_utils/nnet_dense_latency.h:66]   --->   Operation 237 'sext' 'sext_ln110_233' <Predicate = true> <Delay = 0.00>
ST_2 : Operation 238 [1/1] (0.00ns)   --->   "%shl_ln111_233 = bitconcatenate i26 @_ssdm_op_BitConcatenate.i26.i16.i10, i16 %x_240, i10 0" [firmware/nnet_utils/nnet_mult.h:111->firmware/nnet_utils/nnet_dense_latency.h:66]   --->   Operation 238 'bitconcatenate' 'shl_ln111_233' <Predicate = true> <Delay = 0.00>
ST_2 : Operation 239 [1/1] (0.00ns)   --->   "%sext_ln68 = sext i26 %shl_ln111_233" [firmware/nnet_utils/nnet_dense_latency.h:68]   --->   Operation 239 'sext' 'sext_ln68' <Predicate = true> <Delay = 0.00>
ST_2 : Operation 240 [1/1] (0.00ns)   --->   "%mrv = insertvalue i111 <undef>, i37 %sext_ln110" [firmware/nnet_utils/nnet_dense_latency.h:68]   --->   Operation 240 'insertvalue' 'mrv' <Predicate = true> <Delay = 0.00>
ST_2 : Operation 241 [1/1] (0.00ns)   --->   "%mrv_1 = insertvalue i111 %mrv, i37 %sext_ln110_233" [firmware/nnet_utils/nnet_dense_latency.h:68]   --->   Operation 241 'insertvalue' 'mrv_1' <Predicate = true> <Delay = 0.00>
ST_2 : Operation 242 [1/1] (0.00ns)   --->   "%mrv_2 = insertvalue i111 %mrv_1, i37 %sext_ln68" [firmware/nnet_utils/nnet_dense_latency.h:68]   --->   Operation 242 'insertvalue' 'mrv_2' <Predicate = true> <Delay = 0.00>
ST_2 : Operation 243 [1/1] (0.00ns)   --->   "%ret_ln68 = ret i111 %mrv_2" [firmware/nnet_utils/nnet_dense_latency.h:68]   --->   Operation 243 'ret' 'ret_ln68' <Predicate = true> <Delay = 0.00>


============================================================
+ Verbose Summary: Binding
============================================================
STG Binding: 
---------------- STG Properties BEGIN ----------------
- Is combinational: 0
- Is one-state seq: 0
- Is datapath-only: 0
- Is pipelined: 1
- Is top level: 0
Port [ Return ] is wired: 1; IO mode=ap_ctrl_hs:ce=0
Port [ data_0_val]:  wired=1; compound=0; hidden=0; nouse=0; global=0; static=0; extern=0; dir=0; type=0; pingpong=0; private_global=0; IO mode=ap_none:ce=0
Port [ data_1_val]:  wired=1; compound=0; hidden=0; nouse=0; global=0; static=0; extern=0; dir=0; type=0; pingpong=0; private_global=0; IO mode=ap_none:ce=0
Port [ data_2_val]:  wired=1; compound=0; hidden=0; nouse=0; global=0; static=0; extern=0; dir=0; type=0; pingpong=0; private_global=0; IO mode=ap_none:ce=0
Port [ data_3_val]:  wired=1; compound=0; hidden=0; nouse=0; global=0; static=0; extern=0; dir=0; type=0; pingpong=0; private_global=0; IO mode=ap_none:ce=0
Port [ data_4_val]:  wired=1; compound=0; hidden=0; nouse=0; global=0; static=0; extern=0; dir=0; type=0; pingpong=0; private_global=0; IO mode=ap_none:ce=0
Port [ data_5_val]:  wired=1; compound=0; hidden=0; nouse=0; global=0; static=0; extern=0; dir=0; type=0; pingpong=0; private_global=0; IO mode=ap_none:ce=0
Port [ data_6_val]:  wired=1; compound=0; hidden=0; nouse=0; global=0; static=0; extern=0; dir=0; type=0; pingpong=0; private_global=0; IO mode=ap_none:ce=0
Port [ data_7_val]:  wired=1; compound=0; hidden=0; nouse=0; global=0; static=0; extern=0; dir=0; type=0; pingpong=0; private_global=0; IO mode=ap_none:ce=0
Port [ data_8_val]:  wired=1; compound=0; hidden=0; nouse=0; global=0; static=0; extern=0; dir=0; type=0; pingpong=0; private_global=0; IO mode=ap_none:ce=0
Port [ data_9_val]:  wired=1; compound=0; hidden=0; nouse=0; global=0; static=0; extern=0; dir=0; type=0; pingpong=0; private_global=0; IO mode=ap_none:ce=0
Port [ data_10_val]:  wired=1; compound=0; hidden=0; nouse=0; global=0; static=0; extern=0; dir=0; type=0; pingpong=0; private_global=0; IO mode=ap_none:ce=0
Port [ data_11_val]:  wired=1; compound=0; hidden=0; nouse=0; global=0; static=0; extern=0; dir=0; type=0; pingpong=0; private_global=0; IO mode=ap_none:ce=0
Port [ data_12_val]:  wired=1; compound=0; hidden=0; nouse=0; global=0; static=0; extern=0; dir=0; type=0; pingpong=0; private_global=0; IO mode=ap_none:ce=0
Port [ data_13_val]:  wired=1; compound=0; hidden=0; nouse=0; global=0; static=0; extern=0; dir=0; type=0; pingpong=0; private_global=0; IO mode=ap_none:ce=0
Port [ data_14_val]:  wired=1; compound=0; hidden=0; nouse=0; global=0; static=0; extern=0; dir=0; type=0; pingpong=0; private_global=0; IO mode=ap_none:ce=0
Port [ data_15_val]:  wired=1; compound=0; hidden=0; nouse=0; global=0; static=0; extern=0; dir=0; type=0; pingpong=0; private_global=0; IO mode=ap_none:ce=0
---------------- STG Properties END ------------------

---------------- Datapath Model BEGIN ----------------

<LifeTime>
<method=bitvector/>
data_15_val_read       (read             ) [ 000]
data_14_val_read       (read             ) [ 000]
data_13_val_read       (read             ) [ 000]
data_12_val_read       (read             ) [ 000]
data_11_val_read       (read             ) [ 000]
data_10_val_read       (read             ) [ 000]
data_9_val_read        (read             ) [ 000]
data_8_val_read        (read             ) [ 000]
data_7_val_read        (read             ) [ 000]
data_6_val_read        (read             ) [ 000]
data_5_val_read        (read             ) [ 000]
data_4_val_read        (read             ) [ 000]
data_3_val_read        (read             ) [ 000]
data_2_val_read        (read             ) [ 000]
data_1_val_read        (read             ) [ 000]
data_0_val_read        (read             ) [ 000]
sext_ln70              (sext             ) [ 000]
sext_ln70_1733         (sext             ) [ 000]
mul_ln42               (mul              ) [ 000]
trunc_ln               (partselect       ) [ 011]
mul_ln73               (mul              ) [ 000]
trunc_ln42_1           (partselect       ) [ 011]
mul_ln73_12328         (mul              ) [ 000]
trunc_ln42_s           (partselect       ) [ 011]
sext_ln70_1734         (sext             ) [ 000]
sext_ln70_1735         (sext             ) [ 000]
mul_ln42_226           (mul              ) [ 000]
trunc_ln42_3           (partselect       ) [ 011]
mul_ln73_12329         (mul              ) [ 000]
trunc_ln42_2           (partselect       ) [ 011]
tmp                    (bitconcatenate   ) [ 000]
sext_ln73_4231         (sext             ) [ 000]
add_ln73               (add              ) [ 000]
trunc_ln42_5           (partselect       ) [ 011]
sext_ln70_1736         (sext             ) [ 000]
sext_ln42_8797         (sext             ) [ 000]
mul_ln73_12330         (mul              ) [ 000]
trunc_ln42_6           (partselect       ) [ 000]
mul_ln42_227           (mul              ) [ 000]
trunc_ln42_7           (partselect       ) [ 000]
mul_ln73_12331         (mul              ) [ 000]
trunc_ln42_4           (partselect       ) [ 000]
sext_ln42_8798         (sext             ) [ 000]
sext_ln70_1737         (sext             ) [ 000]
mul_ln42_228           (mul              ) [ 000]
trunc_ln42_9           (partselect       ) [ 000]
mul_ln42_229           (mul              ) [ 000]
trunc_ln42_8           (partselect       ) [ 000]
mul_ln73_12332         (mul              ) [ 000]
trunc_ln42_10          (partselect       ) [ 000]
sext_ln73              (sext             ) [ 000]
mul_ln42_230           (mul              ) [ 000]
trunc_ln42_11          (partselect       ) [ 011]
mul_ln42_231           (mul              ) [ 000]
trunc_ln42_12          (partselect       ) [ 011]
mul_ln42_232           (mul              ) [ 000]
trunc_ln42_13          (partselect       ) [ 011]
sext_ln70_1738         (sext             ) [ 000]
sext_ln73_1            (sext             ) [ 000]
mul_ln42_233           (mul              ) [ 000]
trunc_ln42_14          (partselect       ) [ 011]
mul_ln42_234           (mul              ) [ 000]
trunc_ln42_15          (partselect       ) [ 011]
mul_ln73_12333         (mul              ) [ 000]
trunc_ln42_16          (partselect       ) [ 011]
sext_ln70_1739         (sext             ) [ 000]
sext_ln70_1740         (sext             ) [ 000]
mul_ln73_12334         (mul              ) [ 000]
trunc_ln42_17          (partselect       ) [ 000]
mul_ln73_12335         (mul              ) [ 000]
trunc_ln42_18          (partselect       ) [ 000]
sext_ln73_4232         (sext             ) [ 000]
mul_ln73_12336         (mul              ) [ 000]
trunc_ln42_19          (partselect       ) [ 000]
sext_ln70_1741         (sext             ) [ 000]
sext_ln70_1742         (sext             ) [ 000]
mul_ln73_12337         (mul              ) [ 000]
trunc_ln42_20          (partselect       ) [ 000]
sext_ln42_8800         (sext             ) [ 000]
tmp_11044              (bitconcatenate   ) [ 000]
sext_ln73_4233         (sext             ) [ 000]
sub_ln73               (sub              ) [ 000]
tmp_11045              (bitconcatenate   ) [ 000]
sext_ln73_4234         (sext             ) [ 000]
sub_ln73_3629          (sub              ) [ 000]
trunc_ln42_21          (partselect       ) [ 000]
sext_ln73_4235         (sext             ) [ 000]
mul_ln73_12338         (mul              ) [ 000]
trunc_ln42_22          (partselect       ) [ 000]
sext_ln70_1743         (sext             ) [ 000]
sext_ln70_1744         (sext             ) [ 000]
sext_ln70_1745         (sext             ) [ 000]
mul_ln73_12339         (mul              ) [ 000]
trunc_ln42_23          (partselect       ) [ 000]
mul_ln73_12340         (mul              ) [ 000]
trunc_ln42_24          (partselect       ) [ 000]
sext_ln42_8801         (sext             ) [ 000]
mul_ln73_12341         (mul              ) [ 000]
trunc_ln42_25          (partselect       ) [ 000]
sext_ln42_8802         (sext             ) [ 000]
sext_ln42_8803         (sext             ) [ 000]
mul_ln42_235           (mul              ) [ 000]
trunc_ln42_26          (partselect       ) [ 000]
tmp_11046              (bitconcatenate   ) [ 000]
sext_ln73_4236         (sext             ) [ 000]
tmp_11047              (bitconcatenate   ) [ 000]
sext_ln73_4237         (sext             ) [ 000]
sub_ln73_3630          (sub              ) [ 000]
trunc_ln42_27          (partselect       ) [ 000]
sext_ln42_8804         (sext             ) [ 000]
tmp_11048              (bitconcatenate   ) [ 000]
sext_ln73_4238         (sext             ) [ 000]
tmp_11049              (bitconcatenate   ) [ 000]
sext_ln73_4239         (sext             ) [ 000]
sub_ln73_3631          (sub              ) [ 000]
trunc_ln42_28          (partselect       ) [ 000]
sext_ln42_8805         (sext             ) [ 000]
sext_ln70_1746         (sext             ) [ 000]
mul_ln42_236           (mul              ) [ 000]
trunc_ln42_29          (partselect       ) [ 000]
mul_ln42_237           (mul              ) [ 000]
trunc_ln42_30          (partselect       ) [ 000]
mul_ln73_12342         (mul              ) [ 000]
trunc_ln42_31          (partselect       ) [ 000]
sext_ln42_8806         (sext             ) [ 000]
tmp_11050              (bitconcatenate   ) [ 000]
sext_ln73_4240         (sext             ) [ 000]
tmp_11051              (bitconcatenate   ) [ 000]
sext_ln73_4241         (sext             ) [ 000]
sub_ln73_3632          (sub              ) [ 000]
trunc_ln42_32          (partselect       ) [ 000]
sext_ln42_8807         (sext             ) [ 000]
mul_ln42_238           (mul              ) [ 000]
trunc_ln42_33          (partselect       ) [ 000]
tmp_11052              (bitconcatenate   ) [ 000]
sext_ln42_8808         (sext             ) [ 000]
sext_ln42_8809         (sext             ) [ 000]
add_ln42               (add              ) [ 000]
trunc_ln42_34          (partselect       ) [ 000]
sext_ln70_1747         (sext             ) [ 000]
mul_ln42_239           (mul              ) [ 000]
trunc_ln42_35          (partselect       ) [ 011]
tmp_11053              (bitconcatenate   ) [ 000]
sext_ln73_4242         (sext             ) [ 000]
tmp_11054              (bitconcatenate   ) [ 000]
sext_ln73_4243         (sext             ) [ 000]
add_ln73_943           (add              ) [ 000]
trunc_ln42_36          (partselect       ) [ 011]
mul_ln73_12343         (mul              ) [ 000]
trunc_ln42_37          (partselect       ) [ 011]
sext_ln42_8811         (sext             ) [ 000]
mul_ln73_12344         (mul              ) [ 000]
trunc_ln42_38          (partselect       ) [ 011]
mul_ln73_12345         (mul              ) [ 000]
trunc_ln42_39          (partselect       ) [ 011]
mul_ln42_240           (mul              ) [ 000]
trunc_ln42_40          (partselect       ) [ 011]
sext_ln70_1748         (sext             ) [ 000]
sext_ln70_1749         (sext             ) [ 000]
mul_ln42_241           (mul              ) [ 000]
trunc_ln42_41          (partselect       ) [ 000]
mul_ln73_12346         (mul              ) [ 000]
trunc_ln42_42          (partselect       ) [ 000]
tmp_11055              (bitconcatenate   ) [ 000]
sext_ln73_4244         (sext             ) [ 000]
sub_ln73_3633          (sub              ) [ 000]
sub_ln73_3634          (sub              ) [ 000]
trunc_ln42_43          (partselect       ) [ 000]
sext_ln42_8812         (sext             ) [ 000]
sext_ln70_1750         (sext             ) [ 000]
mul_ln42_242           (mul              ) [ 000]
trunc_ln42_44          (partselect       ) [ 000]
mul_ln42_243           (mul              ) [ 000]
trunc_ln42_45          (partselect       ) [ 000]
mul_ln73_12347         (mul              ) [ 000]
trunc_ln42_46          (partselect       ) [ 000]
add_ln58_18375         (add              ) [ 011]
add_ln58_18378         (add              ) [ 011]
add_ln58_18381         (add              ) [ 011]
add_ln58_18382         (add              ) [ 011]
add_ln58_18385         (add              ) [ 000]
add_ln58_18386         (add              ) [ 011]
add_ln58_18391         (add              ) [ 011]
add_ln58_18394         (add              ) [ 011]
add_ln58_18397         (add              ) [ 011]
add_ln58_18398         (add              ) [ 011]
add_ln58_18401         (add              ) [ 000]
add_ln58_18402         (add              ) [ 011]
add_ln58_18407         (add              ) [ 011]
add_ln58_18410         (add              ) [ 011]
add_ln58_18413         (add              ) [ 011]
add_ln58_18414         (add              ) [ 011]
add_ln58_18417         (add              ) [ 000]
add_ln58_18418         (add              ) [ 011]
specpipeline_ln26      (specpipeline     ) [ 000]
specresourcelimit_ln33 (specresourcelimit) [ 000]
sext_ln42              (sext             ) [ 000]
sext_ln42_8796         (sext             ) [ 000]
sext_ln42_8799         (sext             ) [ 000]
sext_ln42_8810         (sext             ) [ 000]
add_ln58               (add              ) [ 000]
add_ln58_18376         (add              ) [ 000]
add_ln58_18377         (add              ) [ 000]
add_ln58_18379         (add              ) [ 000]
add_ln58_18380         (add              ) [ 000]
add_ln58_18383         (add              ) [ 000]
add_ln58_18384         (add              ) [ 000]
add_ln58_18387         (add              ) [ 000]
add_ln58_18388         (add              ) [ 000]
x                      (add              ) [ 000]
add_ln58_18390         (add              ) [ 000]
add_ln58_18392         (add              ) [ 000]
add_ln58_18393         (add              ) [ 000]
sext_ln58              (sext             ) [ 000]
add_ln58_18395         (add              ) [ 000]
add_ln58_18396         (add              ) [ 000]
add_ln58_18399         (add              ) [ 000]
add_ln58_18400         (add              ) [ 000]
add_ln58_18403         (add              ) [ 000]
add_ln58_18404         (add              ) [ 000]
x_239                  (add              ) [ 000]
add_ln58_18406         (add              ) [ 000]
add_ln58_18408         (add              ) [ 000]
add_ln58_18409         (add              ) [ 000]
add_ln58_18411         (add              ) [ 000]
add_ln58_18412         (add              ) [ 000]
add_ln58_18415         (add              ) [ 000]
add_ln58_18416         (add              ) [ 000]
add_ln58_18419         (add              ) [ 000]
add_ln58_18420         (add              ) [ 000]
x_240                  (add              ) [ 000]
shl_ln                 (bitconcatenate   ) [ 000]
sext_ln110             (sext             ) [ 000]
shl_ln111_s            (bitconcatenate   ) [ 000]
sext_ln110_233         (sext             ) [ 000]
shl_ln111_233          (bitconcatenate   ) [ 000]
sext_ln68              (sext             ) [ 000]
mrv                    (insertvalue      ) [ 000]
mrv_1                  (insertvalue      ) [ 000]
mrv_2                  (insertvalue      ) [ 000]
ret_ln68               (ret              ) [ 000]
</LifeTime>

<model>

<comp_list>
<comp id="0" class="1000" name="data_0_val">
<pin_list>
<pin id="1" dir="1" index="0" bw="1" slack="0"/>
</pin_list>
<bind>
<StgValue><ssdm name="data_0_val"/></StgValue>
</bind>
</comp>

<comp id="2" class="1000" name="data_1_val">
<pin_list>
<pin id="3" dir="1" index="0" bw="1" slack="0"/>
</pin_list>
<bind>
<StgValue><ssdm name="data_1_val"/></StgValue>
</bind>
</comp>

<comp id="4" class="1000" name="data_2_val">
<pin_list>
<pin id="5" dir="1" index="0" bw="1" slack="0"/>
</pin_list>
<bind>
<StgValue><ssdm name="data_2_val"/></StgValue>
</bind>
</comp>

<comp id="6" class="1000" name="data_3_val">
<pin_list>
<pin id="7" dir="1" index="0" bw="1" slack="0"/>
</pin_list>
<bind>
<StgValue><ssdm name="data_3_val"/></StgValue>
</bind>
</comp>

<comp id="8" class="1000" name="data_4_val">
<pin_list>
<pin id="9" dir="1" index="0" bw="1" slack="0"/>
</pin_list>
<bind>
<StgValue><ssdm name="data_4_val"/></StgValue>
</bind>
</comp>

<comp id="10" class="1000" name="data_5_val">
<pin_list>
<pin id="11" dir="1" index="0" bw="1" slack="0"/>
</pin_list>
<bind>
<StgValue><ssdm name="data_5_val"/></StgValue>
</bind>
</comp>

<comp id="12" class="1000" name="data_6_val">
<pin_list>
<pin id="13" dir="1" index="0" bw="1" slack="0"/>
</pin_list>
<bind>
<StgValue><ssdm name="data_6_val"/></StgValue>
</bind>
</comp>

<comp id="14" class="1000" name="data_7_val">
<pin_list>
<pin id="15" dir="1" index="0" bw="1" slack="0"/>
</pin_list>
<bind>
<StgValue><ssdm name="data_7_val"/></StgValue>
</bind>
</comp>

<comp id="16" class="1000" name="data_8_val">
<pin_list>
<pin id="17" dir="1" index="0" bw="1" slack="0"/>
</pin_list>
<bind>
<StgValue><ssdm name="data_8_val"/></StgValue>
</bind>
</comp>

<comp id="18" class="1000" name="data_9_val">
<pin_list>
<pin id="19" dir="1" index="0" bw="1" slack="0"/>
</pin_list>
<bind>
<StgValue><ssdm name="data_9_val"/></StgValue>
</bind>
</comp>

<comp id="20" class="1000" name="data_10_val">
<pin_list>
<pin id="21" dir="1" index="0" bw="1" slack="0"/>
</pin_list>
<bind>
<StgValue><ssdm name="data_10_val"/></StgValue>
</bind>
</comp>

<comp id="22" class="1000" name="data_11_val">
<pin_list>
<pin id="23" dir="1" index="0" bw="1" slack="0"/>
</pin_list>
<bind>
<StgValue><ssdm name="data_11_val"/></StgValue>
</bind>
</comp>

<comp id="24" class="1000" name="data_12_val">
<pin_list>
<pin id="25" dir="1" index="0" bw="1" slack="0"/>
</pin_list>
<bind>
<StgValue><ssdm name="data_12_val"/></StgValue>
</bind>
</comp>

<comp id="26" class="1000" name="data_13_val">
<pin_list>
<pin id="27" dir="1" index="0" bw="1" slack="0"/>
</pin_list>
<bind>
<StgValue><ssdm name="data_13_val"/></StgValue>
</bind>
</comp>

<comp id="28" class="1000" name="data_14_val">
<pin_list>
<pin id="29" dir="1" index="0" bw="1" slack="0"/>
</pin_list>
<bind>
<StgValue><ssdm name="data_14_val"/></StgValue>
</bind>
</comp>

<comp id="30" class="1000" name="data_15_val">
<pin_list>
<pin id="31" dir="1" index="0" bw="1" slack="0"/>
</pin_list>
<bind>
<StgValue><ssdm name="data_15_val"/></StgValue>
</bind>
</comp>

<comp id="32" class="1001" name="const_32">
<pin_list>
<pin id="33" dir="1" index="0" bw="1" slack="0"/>
</pin_list>
<bind>
<StgValue><ssdm name="_ssdm_op_Read.ap_auto.i16"/></StgValue>
</bind>
</comp>

<comp id="34" class="1001" name="const_34">
<pin_list>
<pin id="35" dir="1" index="0" bw="1" slack="0"/>
</pin_list>
<bind>
<StgValue><ssdm name=""/></StgValue>
</bind>
</comp>

<comp id="36" class="1001" name="const_36">
<pin_list>
<pin id="37" dir="1" index="0" bw="1" slack="0"/>
</pin_list>
<bind>
<StgValue><ssdm name="_ssdm_op_PartSelect.i16.i26.i32.i32"/></StgValue>
</bind>
</comp>

<comp id="38" class="1001" name="const_38">
<pin_list>
<pin id="39" dir="1" index="0" bw="1" slack="0"/>
</pin_list>
<bind>
<StgValue><ssdm name=""/></StgValue>
</bind>
</comp>

<comp id="40" class="1001" name="const_40">
<pin_list>
<pin id="41" dir="1" index="0" bw="1" slack="0"/>
</pin_list>
<bind>
<StgValue><ssdm name=""/></StgValue>
</bind>
</comp>

<comp id="42" class="1001" name="const_42">
<pin_list>
<pin id="43" dir="1" index="0" bw="1" slack="0"/>
</pin_list>
<bind>
<StgValue><ssdm name=""/></StgValue>
</bind>
</comp>

<comp id="44" class="1001" name="const_44">
<pin_list>
<pin id="45" dir="1" index="0" bw="1" slack="0"/>
</pin_list>
<bind>
<StgValue><ssdm name=""/></StgValue>
</bind>
</comp>

<comp id="46" class="1001" name="const_46">
<pin_list>
<pin id="47" dir="1" index="0" bw="1" slack="0"/>
</pin_list>
<bind>
<StgValue><ssdm name="_ssdm_op_PartSelect.i15.i25.i32.i32"/></StgValue>
</bind>
</comp>

<comp id="48" class="1001" name="const_48">
<pin_list>
<pin id="49" dir="1" index="0" bw="1" slack="0"/>
</pin_list>
<bind>
<StgValue><ssdm name=""/></StgValue>
</bind>
</comp>

<comp id="50" class="1001" name="const_50">
<pin_list>
<pin id="51" dir="1" index="0" bw="1" slack="0"/>
</pin_list>
<bind>
<StgValue><ssdm name=""/></StgValue>
</bind>
</comp>

<comp id="52" class="1001" name="const_52">
<pin_list>
<pin id="53" dir="1" index="0" bw="1" slack="0"/>
</pin_list>
<bind>
<StgValue><ssdm name=""/></StgValue>
</bind>
</comp>

<comp id="54" class="1001" name="const_54">
<pin_list>
<pin id="55" dir="1" index="0" bw="1" slack="0"/>
</pin_list>
<bind>
<StgValue><ssdm name="_ssdm_op_PartSelect.i14.i24.i32.i32"/></StgValue>
</bind>
</comp>

<comp id="56" class="1001" name="const_56">
<pin_list>
<pin id="57" dir="1" index="0" bw="1" slack="0"/>
</pin_list>
<bind>
<StgValue><ssdm name=""/></StgValue>
</bind>
</comp>

<comp id="58" class="1001" name="const_58">
<pin_list>
<pin id="59" dir="1" index="0" bw="1" slack="0"/>
</pin_list>
<bind>
<StgValue><ssdm name="_ssdm_op_BitConcatenate.i24.i16.i8"/></StgValue>
</bind>
</comp>

<comp id="60" class="1001" name="const_60">
<pin_list>
<pin id="61" dir="1" index="0" bw="1" slack="0"/>
</pin_list>
<bind>
<StgValue><ssdm name=""/></StgValue>
</bind>
</comp>

<comp id="62" class="1001" name="const_62">
<pin_list>
<pin id="63" dir="1" index="0" bw="1" slack="0"/>
</pin_list>
<bind>
<StgValue><ssdm name=""/></StgValue>
</bind>
</comp>

<comp id="64" class="1001" name="const_64">
<pin_list>
<pin id="65" dir="1" index="0" bw="1" slack="0"/>
</pin_list>
<bind>
<StgValue><ssdm name=""/></StgValue>
</bind>
</comp>

<comp id="66" class="1001" name="const_66">
<pin_list>
<pin id="67" dir="1" index="0" bw="1" slack="0"/>
</pin_list>
<bind>
<StgValue><ssdm name=""/></StgValue>
</bind>
</comp>

<comp id="68" class="1001" name="const_68">
<pin_list>
<pin id="69" dir="1" index="0" bw="1" slack="0"/>
</pin_list>
<bind>
<StgValue><ssdm name=""/></StgValue>
</bind>
</comp>

<comp id="70" class="1001" name="const_70">
<pin_list>
<pin id="71" dir="1" index="0" bw="1" slack="0"/>
</pin_list>
<bind>
<StgValue><ssdm name=""/></StgValue>
</bind>
</comp>

<comp id="72" class="1001" name="const_72">
<pin_list>
<pin id="73" dir="1" index="0" bw="1" slack="0"/>
</pin_list>
<bind>
<StgValue><ssdm name=""/></StgValue>
</bind>
</comp>

<comp id="74" class="1001" name="const_74">
<pin_list>
<pin id="75" dir="1" index="0" bw="1" slack="0"/>
</pin_list>
<bind>
<StgValue><ssdm name=""/></StgValue>
</bind>
</comp>

<comp id="76" class="1001" name="const_76">
<pin_list>
<pin id="77" dir="1" index="0" bw="1" slack="0"/>
</pin_list>
<bind>
<StgValue><ssdm name=""/></StgValue>
</bind>
</comp>

<comp id="78" class="1001" name="const_78">
<pin_list>
<pin id="79" dir="1" index="0" bw="1" slack="0"/>
</pin_list>
<bind>
<StgValue><ssdm name=""/></StgValue>
</bind>
</comp>

<comp id="80" class="1001" name="const_80">
<pin_list>
<pin id="81" dir="1" index="0" bw="1" slack="0"/>
</pin_list>
<bind>
<StgValue><ssdm name=""/></StgValue>
</bind>
</comp>

<comp id="82" class="1001" name="const_82">
<pin_list>
<pin id="83" dir="1" index="0" bw="1" slack="0"/>
</pin_list>
<bind>
<StgValue><ssdm name=""/></StgValue>
</bind>
</comp>

<comp id="84" class="1001" name="const_84">
<pin_list>
<pin id="85" dir="1" index="0" bw="1" slack="0"/>
</pin_list>
<bind>
<StgValue><ssdm name=""/></StgValue>
</bind>
</comp>

<comp id="86" class="1001" name="const_86">
<pin_list>
<pin id="87" dir="1" index="0" bw="1" slack="0"/>
</pin_list>
<bind>
<StgValue><ssdm name=""/></StgValue>
</bind>
</comp>

<comp id="88" class="1001" name="const_88">
<pin_list>
<pin id="89" dir="1" index="0" bw="1" slack="0"/>
</pin_list>
<bind>
<StgValue><ssdm name=""/></StgValue>
</bind>
</comp>

<comp id="90" class="1001" name="const_90">
<pin_list>
<pin id="91" dir="1" index="0" bw="1" slack="0"/>
</pin_list>
<bind>
<StgValue><ssdm name="_ssdm_op_PartSelect.i12.i22.i32.i32"/></StgValue>
</bind>
</comp>

<comp id="92" class="1001" name="const_92">
<pin_list>
<pin id="93" dir="1" index="0" bw="1" slack="0"/>
</pin_list>
<bind>
<StgValue><ssdm name=""/></StgValue>
</bind>
</comp>

<comp id="94" class="1001" name="const_94">
<pin_list>
<pin id="95" dir="1" index="0" bw="1" slack="0"/>
</pin_list>
<bind>
<StgValue><ssdm name=""/></StgValue>
</bind>
</comp>

<comp id="96" class="1001" name="const_96">
<pin_list>
<pin id="97" dir="1" index="0" bw="1" slack="0"/>
</pin_list>
<bind>
<StgValue><ssdm name=""/></StgValue>
</bind>
</comp>

<comp id="98" class="1001" name="const_98">
<pin_list>
<pin id="99" dir="1" index="0" bw="1" slack="0"/>
</pin_list>
<bind>
<StgValue><ssdm name="_ssdm_op_BitConcatenate.i22.i16.i6"/></StgValue>
</bind>
</comp>

<comp id="100" class="1001" name="const_100">
<pin_list>
<pin id="101" dir="1" index="0" bw="1" slack="0"/>
</pin_list>
<bind>
<StgValue><ssdm name=""/></StgValue>
</bind>
</comp>

<comp id="102" class="1001" name="const_102">
<pin_list>
<pin id="103" dir="1" index="0" bw="1" slack="0"/>
</pin_list>
<bind>
<StgValue><ssdm name=""/></StgValue>
</bind>
</comp>

<comp id="104" class="1001" name="const_104">
<pin_list>
<pin id="105" dir="1" index="0" bw="1" slack="0"/>
</pin_list>
<bind>
<StgValue><ssdm name="_ssdm_op_BitConcatenate.i19.i16.i3"/></StgValue>
</bind>
</comp>

<comp id="106" class="1001" name="const_106">
<pin_list>
<pin id="107" dir="1" index="0" bw="1" slack="0"/>
</pin_list>
<bind>
<StgValue><ssdm name=""/></StgValue>
</bind>
</comp>

<comp id="108" class="1001" name="const_108">
<pin_list>
<pin id="109" dir="1" index="0" bw="1" slack="0"/>
</pin_list>
<bind>
<StgValue><ssdm name=""/></StgValue>
</bind>
</comp>

<comp id="110" class="1001" name="const_110">
<pin_list>
<pin id="111" dir="1" index="0" bw="1" slack="0"/>
</pin_list>
<bind>
<StgValue><ssdm name=""/></StgValue>
</bind>
</comp>

<comp id="112" class="1001" name="const_112">
<pin_list>
<pin id="113" dir="1" index="0" bw="1" slack="0"/>
</pin_list>
<bind>
<StgValue><ssdm name=""/></StgValue>
</bind>
</comp>

<comp id="114" class="1001" name="const_114">
<pin_list>
<pin id="115" dir="1" index="0" bw="1" slack="0"/>
</pin_list>
<bind>
<StgValue><ssdm name=""/></StgValue>
</bind>
</comp>

<comp id="116" class="1001" name="const_116">
<pin_list>
<pin id="117" dir="1" index="0" bw="1" slack="0"/>
</pin_list>
<bind>
<StgValue><ssdm name=""/></StgValue>
</bind>
</comp>

<comp id="118" class="1001" name="const_118">
<pin_list>
<pin id="119" dir="1" index="0" bw="1" slack="0"/>
</pin_list>
<bind>
<StgValue><ssdm name="_ssdm_op_BitConcatenate.i23.i16.i7"/></StgValue>
</bind>
</comp>

<comp id="120" class="1001" name="const_120">
<pin_list>
<pin id="121" dir="1" index="0" bw="1" slack="0"/>
</pin_list>
<bind>
<StgValue><ssdm name=""/></StgValue>
</bind>
</comp>

<comp id="122" class="1001" name="const_122">
<pin_list>
<pin id="123" dir="1" index="0" bw="1" slack="0"/>
</pin_list>
<bind>
<StgValue><ssdm name="_ssdm_op_BitConcatenate.i20.i16.i4"/></StgValue>
</bind>
</comp>

<comp id="124" class="1001" name="const_124">
<pin_list>
<pin id="125" dir="1" index="0" bw="1" slack="0"/>
</pin_list>
<bind>
<StgValue><ssdm name=""/></StgValue>
</bind>
</comp>

<comp id="126" class="1001" name="const_126">
<pin_list>
<pin id="127" dir="1" index="0" bw="1" slack="0"/>
</pin_list>
<bind>
<StgValue><ssdm name=""/></StgValue>
</bind>
</comp>

<comp id="128" class="1001" name="const_128">
<pin_list>
<pin id="129" dir="1" index="0" bw="1" slack="0"/>
</pin_list>
<bind>
<StgValue><ssdm name=""/></StgValue>
</bind>
</comp>

<comp id="130" class="1001" name="const_130">
<pin_list>
<pin id="131" dir="1" index="0" bw="1" slack="0"/>
</pin_list>
<bind>
<StgValue><ssdm name=""/></StgValue>
</bind>
</comp>

<comp id="132" class="1001" name="const_132">
<pin_list>
<pin id="133" dir="1" index="0" bw="1" slack="0"/>
</pin_list>
<bind>
<StgValue><ssdm name=""/></StgValue>
</bind>
</comp>

<comp id="134" class="1001" name="const_134">
<pin_list>
<pin id="135" dir="1" index="0" bw="1" slack="0"/>
</pin_list>
<bind>
<StgValue><ssdm name="_ssdm_op_BitConcatenate.i25.i16.i9"/></StgValue>
</bind>
</comp>

<comp id="136" class="1001" name="const_136">
<pin_list>
<pin id="137" dir="1" index="0" bw="1" slack="0"/>
</pin_list>
<bind>
<StgValue><ssdm name=""/></StgValue>
</bind>
</comp>

<comp id="138" class="1001" name="const_138">
<pin_list>
<pin id="139" dir="1" index="0" bw="1" slack="0"/>
</pin_list>
<bind>
<StgValue><ssdm name=""/></StgValue>
</bind>
</comp>

<comp id="140" class="1001" name="const_140">
<pin_list>
<pin id="141" dir="1" index="0" bw="1" slack="0"/>
</pin_list>
<bind>
<StgValue><ssdm name="_ssdm_op_BitConcatenate.i17.i16.i1"/></StgValue>
</bind>
</comp>

<comp id="142" class="1001" name="const_142">
<pin_list>
<pin id="143" dir="1" index="0" bw="1" slack="0"/>
</pin_list>
<bind>
<StgValue><ssdm name=""/></StgValue>
</bind>
</comp>

<comp id="144" class="1001" name="const_144">
<pin_list>
<pin id="145" dir="1" index="0" bw="1" slack="0"/>
</pin_list>
<bind>
<StgValue><ssdm name=""/></StgValue>
</bind>
</comp>

<comp id="146" class="1001" name="const_146">
<pin_list>
<pin id="147" dir="1" index="0" bw="1" slack="0"/>
</pin_list>
<bind>
<StgValue><ssdm name=""/></StgValue>
</bind>
</comp>

<comp id="148" class="1001" name="const_148">
<pin_list>
<pin id="149" dir="1" index="0" bw="1" slack="0"/>
</pin_list>
<bind>
<StgValue><ssdm name=""/></StgValue>
</bind>
</comp>

<comp id="150" class="1001" name="const_150">
<pin_list>
<pin id="151" dir="1" index="0" bw="1" slack="0"/>
</pin_list>
<bind>
<StgValue><ssdm name=""/></StgValue>
</bind>
</comp>

<comp id="152" class="1001" name="const_152">
<pin_list>
<pin id="153" dir="1" index="0" bw="1" slack="0"/>
</pin_list>
<bind>
<StgValue><ssdm name=""/></StgValue>
</bind>
</comp>

<comp id="154" class="1001" name="const_154">
<pin_list>
<pin id="155" dir="1" index="0" bw="1" slack="0"/>
</pin_list>
<bind>
<StgValue><ssdm name=""/></StgValue>
</bind>
</comp>

<comp id="156" class="1001" name="const_156">
<pin_list>
<pin id="157" dir="1" index="0" bw="1" slack="0"/>
</pin_list>
<bind>
<StgValue><ssdm name="_ssdm_op_BitConcatenate.i21.i16.i5"/></StgValue>
</bind>
</comp>

<comp id="158" class="1001" name="const_158">
<pin_list>
<pin id="159" dir="1" index="0" bw="1" slack="0"/>
</pin_list>
<bind>
<StgValue><ssdm name=""/></StgValue>
</bind>
</comp>

<comp id="160" class="1001" name="const_160">
<pin_list>
<pin id="161" dir="1" index="0" bw="1" slack="0"/>
</pin_list>
<bind>
<StgValue><ssdm name=""/></StgValue>
</bind>
</comp>

<comp id="162" class="1001" name="const_162">
<pin_list>
<pin id="163" dir="1" index="0" bw="1" slack="0"/>
</pin_list>
<bind>
<StgValue><ssdm name="_ssdm_op_PartSelect.i13.i23.i32.i32"/></StgValue>
</bind>
</comp>

<comp id="164" class="1001" name="const_164">
<pin_list>
<pin id="165" dir="1" index="0" bw="1" slack="0"/>
</pin_list>
<bind>
<StgValue><ssdm name=""/></StgValue>
</bind>
</comp>

<comp id="166" class="1001" name="const_166">
<pin_list>
<pin id="167" dir="1" index="0" bw="1" slack="0"/>
</pin_list>
<bind>
<StgValue><ssdm name=""/></StgValue>
</bind>
</comp>

<comp id="168" class="1001" name="const_168">
<pin_list>
<pin id="169" dir="1" index="0" bw="1" slack="0"/>
</pin_list>
<bind>
<StgValue><ssdm name=""/></StgValue>
</bind>
</comp>

<comp id="170" class="1001" name="const_170">
<pin_list>
<pin id="171" dir="1" index="0" bw="1" slack="0"/>
</pin_list>
<bind>
<StgValue><ssdm name=""/></StgValue>
</bind>
</comp>

<comp id="172" class="1001" name="const_172">
<pin_list>
<pin id="173" dir="1" index="0" bw="1" slack="0"/>
</pin_list>
<bind>
<StgValue><ssdm name=""/></StgValue>
</bind>
</comp>

<comp id="174" class="1001" name="const_174">
<pin_list>
<pin id="175" dir="1" index="0" bw="1" slack="0"/>
</pin_list>
<bind>
<StgValue><ssdm name=""/></StgValue>
</bind>
</comp>

<comp id="176" class="1001" name="const_176">
<pin_list>
<pin id="177" dir="1" index="0" bw="1" slack="0"/>
</pin_list>
<bind>
<StgValue><ssdm name=""/></StgValue>
</bind>
</comp>

<comp id="178" class="1001" name="const_178">
<pin_list>
<pin id="179" dir="1" index="0" bw="1" slack="2147483647"/>
</pin_list>
<bind>
<StgValue><ssdm name="_ssdm_op_SpecPipeline"/></StgValue>
</bind>
</comp>

<comp id="180" class="1001" name="const_180">
<pin_list>
<pin id="181" dir="1" index="0" bw="1" slack="2147483647"/>
</pin_list>
<bind>
<StgValue><ssdm name=""/></StgValue>
</bind>
</comp>

<comp id="182" class="1001" name="const_182">
<pin_list>
<pin id="183" dir="1" index="0" bw="1" slack="2147483647"/>
</pin_list>
<bind>
<StgValue><ssdm name=""/></StgValue>
</bind>
</comp>

<comp id="184" class="1001" name="const_184">
<pin_list>
<pin id="185" dir="1" index="0" bw="1" slack="2147483647"/>
</pin_list>
<bind>
<StgValue><ssdm name=""/></StgValue>
</bind>
</comp>

<comp id="186" class="1001" name="const_186">
<pin_list>
<pin id="187" dir="1" index="0" bw="1" slack="2147483647"/>
</pin_list>
<bind>
<StgValue><ssdm name="empty_0"/></StgValue>
</bind>
</comp>

<comp id="188" class="1001" name="const_188">
<pin_list>
<pin id="189" dir="1" index="0" bw="1" slack="2147483647"/>
</pin_list>
<bind>
<StgValue><ssdm name="_ssdm_op_SpecResourceLimit"/></StgValue>
</bind>
</comp>

<comp id="190" class="1001" name="const_190">
<pin_list>
<pin id="191" dir="1" index="0" bw="1" slack="2147483647"/>
</pin_list>
<bind>
<StgValue><ssdm name=""/></StgValue>
</bind>
</comp>

<comp id="192" class="1001" name="const_192">
<pin_list>
<pin id="193" dir="1" index="0" bw="1" slack="2147483647"/>
</pin_list>
<bind>
<StgValue><ssdm name="empty_1"/></StgValue>
</bind>
</comp>

<comp id="194" class="1001" name="const_194">
<pin_list>
<pin id="195" dir="1" index="0" bw="1" slack="0"/>
</pin_list>
<bind>
<StgValue><ssdm name="_ssdm_op_BitConcatenate.i26.i16.i10"/></StgValue>
</bind>
</comp>

<comp id="196" class="1001" name="const_196">
<pin_list>
<pin id="197" dir="1" index="0" bw="1" slack="0"/>
</pin_list>
<bind>
<StgValue><ssdm name=""/></StgValue>
</bind>
</comp>

<comp id="198" class="1001" name="const_198">
<pin_list>
<pin id="199" dir="1" index="0" bw="1" slack="0"/>
</pin_list>
<bind>
<StgValue><ssdm name=""/></StgValue>
</bind>
</comp>

<comp id="200" class="1004" name="data_15_val_read_read_fu_200">
<pin_list>
<pin id="201" dir="0" index="0" bw="16" slack="0"/>
<pin id="202" dir="0" index="1" bw="16" slack="0"/>
<pin id="203" dir="1" index="2" bw="16" slack="0"/>
</pin_list>
<bind>
<opcode="read(1150) " fcode="read"/>
<opset="data_15_val_read/1 "/>
</bind>
</comp>

<comp id="206" class="1004" name="data_14_val_read_read_fu_206">
<pin_list>
<pin id="207" dir="0" index="0" bw="16" slack="0"/>
<pin id="208" dir="0" index="1" bw="16" slack="0"/>
<pin id="209" dir="1" index="2" bw="16" slack="0"/>
</pin_list>
<bind>
<opcode="read(1150) " fcode="read"/>
<opset="data_14_val_read/1 "/>
</bind>
</comp>

<comp id="212" class="1004" name="data_13_val_read_read_fu_212">
<pin_list>
<pin id="213" dir="0" index="0" bw="16" slack="0"/>
<pin id="214" dir="0" index="1" bw="16" slack="0"/>
<pin id="215" dir="1" index="2" bw="16" slack="0"/>
</pin_list>
<bind>
<opcode="read(1150) " fcode="read"/>
<opset="data_13_val_read/1 "/>
</bind>
</comp>

<comp id="218" class="1004" name="data_12_val_read_read_fu_218">
<pin_list>
<pin id="219" dir="0" index="0" bw="16" slack="0"/>
<pin id="220" dir="0" index="1" bw="16" slack="0"/>
<pin id="221" dir="1" index="2" bw="16" slack="0"/>
</pin_list>
<bind>
<opcode="read(1150) " fcode="read"/>
<opset="data_12_val_read/1 "/>
</bind>
</comp>

<comp id="224" class="1004" name="data_11_val_read_read_fu_224">
<pin_list>
<pin id="225" dir="0" index="0" bw="16" slack="0"/>
<pin id="226" dir="0" index="1" bw="16" slack="0"/>
<pin id="227" dir="1" index="2" bw="16" slack="0"/>
</pin_list>
<bind>
<opcode="read(1150) " fcode="read"/>
<opset="data_11_val_read/1 "/>
</bind>
</comp>

<comp id="230" class="1004" name="data_10_val_read_read_fu_230">
<pin_list>
<pin id="231" dir="0" index="0" bw="16" slack="0"/>
<pin id="232" dir="0" index="1" bw="16" slack="0"/>
<pin id="233" dir="1" index="2" bw="16" slack="0"/>
</pin_list>
<bind>
<opcode="read(1150) " fcode="read"/>
<opset="data_10_val_read/1 "/>
</bind>
</comp>

<comp id="236" class="1004" name="data_9_val_read_read_fu_236">
<pin_list>
<pin id="237" dir="0" index="0" bw="16" slack="0"/>
<pin id="238" dir="0" index="1" bw="16" slack="0"/>
<pin id="239" dir="1" index="2" bw="16" slack="0"/>
</pin_list>
<bind>
<opcode="read(1150) " fcode="read"/>
<opset="data_9_val_read/1 "/>
</bind>
</comp>

<comp id="242" class="1004" name="data_8_val_read_read_fu_242">
<pin_list>
<pin id="243" dir="0" index="0" bw="16" slack="0"/>
<pin id="244" dir="0" index="1" bw="16" slack="0"/>
<pin id="245" dir="1" index="2" bw="16" slack="0"/>
</pin_list>
<bind>
<opcode="read(1150) " fcode="read"/>
<opset="data_8_val_read/1 "/>
</bind>
</comp>

<comp id="248" class="1004" name="data_7_val_read_read_fu_248">
<pin_list>
<pin id="249" dir="0" index="0" bw="16" slack="0"/>
<pin id="250" dir="0" index="1" bw="16" slack="0"/>
<pin id="251" dir="1" index="2" bw="16" slack="0"/>
</pin_list>
<bind>
<opcode="read(1150) " fcode="read"/>
<opset="data_7_val_read/1 "/>
</bind>
</comp>

<comp id="254" class="1004" name="data_6_val_read_read_fu_254">
<pin_list>
<pin id="255" dir="0" index="0" bw="16" slack="0"/>
<pin id="256" dir="0" index="1" bw="16" slack="0"/>
<pin id="257" dir="1" index="2" bw="16" slack="0"/>
</pin_list>
<bind>
<opcode="read(1150) " fcode="read"/>
<opset="data_6_val_read/1 "/>
</bind>
</comp>

<comp id="260" class="1004" name="data_5_val_read_read_fu_260">
<pin_list>
<pin id="261" dir="0" index="0" bw="16" slack="0"/>
<pin id="262" dir="0" index="1" bw="16" slack="0"/>
<pin id="263" dir="1" index="2" bw="16" slack="0"/>
</pin_list>
<bind>
<opcode="read(1150) " fcode="read"/>
<opset="data_5_val_read/1 "/>
</bind>
</comp>

<comp id="266" class="1004" name="data_4_val_read_read_fu_266">
<pin_list>
<pin id="267" dir="0" index="0" bw="16" slack="0"/>
<pin id="268" dir="0" index="1" bw="16" slack="0"/>
<pin id="269" dir="1" index="2" bw="16" slack="0"/>
</pin_list>
<bind>
<opcode="read(1150) " fcode="read"/>
<opset="data_4_val_read/1 "/>
</bind>
</comp>

<comp id="272" class="1004" name="data_3_val_read_read_fu_272">
<pin_list>
<pin id="273" dir="0" index="0" bw="16" slack="0"/>
<pin id="274" dir="0" index="1" bw="16" slack="0"/>
<pin id="275" dir="1" index="2" bw="16" slack="0"/>
</pin_list>
<bind>
<opcode="read(1150) " fcode="read"/>
<opset="data_3_val_read/1 "/>
</bind>
</comp>

<comp id="278" class="1004" name="data_2_val_read_read_fu_278">
<pin_list>
<pin id="279" dir="0" index="0" bw="16" slack="0"/>
<pin id="280" dir="0" index="1" bw="16" slack="0"/>
<pin id="281" dir="1" index="2" bw="16" slack="0"/>
</pin_list>
<bind>
<opcode="read(1150) " fcode="read"/>
<opset="data_2_val_read/1 "/>
</bind>
</comp>

<comp id="284" class="1004" name="data_1_val_read_read_fu_284">
<pin_list>
<pin id="285" dir="0" index="0" bw="16" slack="0"/>
<pin id="286" dir="0" index="1" bw="16" slack="0"/>
<pin id="287" dir="1" index="2" bw="16" slack="0"/>
</pin_list>
<bind>
<opcode="read(1150) " fcode="read"/>
<opset="data_1_val_read/1 "/>
</bind>
</comp>

<comp id="290" class="1004" name="data_0_val_read_read_fu_290">
<pin_list>
<pin id="291" dir="0" index="0" bw="16" slack="0"/>
<pin id="292" dir="0" index="1" bw="16" slack="0"/>
<pin id="293" dir="1" index="2" bw="16" slack="0"/>
</pin_list>
<bind>
<opcode="read(1150) " fcode="read"/>
<opset="data_0_val_read/1 "/>
</bind>
</comp>

<comp id="296" class="1004" name="mul_ln73_12330_fu_296">
<pin_list>
<pin id="8044" dir="0" index="0" bw="16" slack="0"/>
<pin id="8045" dir="0" index="1" bw="10" slack="0"/>
<pin id="8046" dir="1" index="2" bw="26" slack="0"/>
</pin_list>
<bind>
<opcode="mul(12) " fcode="mul"/>
<opset="mul_ln73_12330/1 "/>
</bind>
</comp>

<comp id="298" class="1004" name="mul_ln42_237_fu_298">
<pin_list>
<pin id="8132" dir="0" index="0" bw="16" slack="0"/>
<pin id="8133" dir="0" index="1" bw="11" slack="0"/>
<pin id="8134" dir="1" index="2" bw="26" slack="0"/>
</pin_list>
<bind>
<opcode="mul(12) " fcode="mul"/>
<opset="mul_ln42_237/1 "/>
</bind>
</comp>

<comp id="299" class="1004" name="mul_ln73_12342_fu_299">
<pin_list>
<pin id="8136" dir="0" index="0" bw="16" slack="0"/>
<pin id="8137" dir="0" index="1" bw="10" slack="0"/>
<pin id="8138" dir="1" index="2" bw="26" slack="0"/>
</pin_list>
<bind>
<opcode="mul(12) " fcode="mul"/>
<opset="mul_ln73_12342/1 "/>
</bind>
</comp>

<comp id="301" class="1004" name="mul_ln42_232_fu_301">
<pin_list>
<pin id="8076" dir="0" index="0" bw="16" slack="0"/>
<pin id="8077" dir="0" index="1" bw="11" slack="0"/>
<pin id="8078" dir="1" index="2" bw="26" slack="0"/>
</pin_list>
<bind>
<opcode="mul(12) " fcode="mul"/>
<opset="mul_ln42_232/1 "/>
</bind>
</comp>

<comp id="302" class="1004" name="mul_ln73_12333_fu_302">
<pin_list>
<pin id="8088" dir="0" index="0" bw="16" slack="0"/>
<pin id="8089" dir="0" index="1" bw="9" slack="0"/>
<pin id="8090" dir="1" index="2" bw="25" slack="0"/>
</pin_list>
<bind>
<opcode="mul(12) " fcode="mul"/>
<opset="mul_ln73_12333/1 "/>
</bind>
</comp>

<comp id="303" class="1004" name="mul_ln42_242_fu_303">
<pin_list>
<pin id="8172" dir="0" index="0" bw="16" slack="0"/>
<pin id="8173" dir="0" index="1" bw="11" slack="0"/>
<pin id="8174" dir="1" index="2" bw="26" slack="0"/>
</pin_list>
<bind>
<opcode="mul(12) " fcode="mul"/>
<opset="mul_ln42_242/1 "/>
</bind>
</comp>

<comp id="304" class="1004" name="mul_ln73_12329_fu_304">
<pin_list>
<pin id="8040" dir="0" index="0" bw="16" slack="0"/>
<pin id="8041" dir="0" index="1" bw="8" slack="0"/>
<pin id="8042" dir="1" index="2" bw="24" slack="0"/>
</pin_list>
<bind>
<opcode="mul(12) " fcode="mul"/>
<opset="mul_ln73_12329/1 "/>
</bind>
</comp>

<comp id="305" class="1004" name="mul_ln73_12340_fu_305">
<pin_list>
<pin id="8116" dir="0" index="0" bw="16" slack="0"/>
<pin id="8117" dir="0" index="1" bw="9" slack="0"/>
<pin id="8118" dir="1" index="2" bw="25" slack="0"/>
</pin_list>
<bind>
<opcode="mul(12) " fcode="mul"/>
<opset="mul_ln73_12340/1 "/>
</bind>
</comp>

<comp id="306" class="1004" name="mul_ln73_12341_fu_306">
<pin_list>
<pin id="8120" dir="0" index="0" bw="16" slack="0"/>
<pin id="8121" dir="0" index="1" bw="8" slack="0"/>
<pin id="8122" dir="1" index="2" bw="24" slack="0"/>
</pin_list>
<bind>
<opcode="mul(12) " fcode="mul"/>
<opset="mul_ln73_12341/1 "/>
</bind>
</comp>

<comp id="307" class="1004" name="mul_ln73_12336_fu_307">
<pin_list>
<pin id="8100" dir="0" index="0" bw="16" slack="0"/>
<pin id="8101" dir="0" index="1" bw="10" slack="0"/>
<pin id="8102" dir="1" index="2" bw="26" slack="0"/>
</pin_list>
<bind>
<opcode="mul(12) " fcode="mul"/>
<opset="mul_ln73_12336/1 "/>
</bind>
</comp>

<comp id="309" class="1004" name="mul_ln42_233_fu_309">
<pin_list>
<pin id="8080" dir="0" index="0" bw="16" slack="0"/>
<pin id="8081" dir="0" index="1" bw="11" slack="0"/>
<pin id="8082" dir="1" index="2" bw="26" slack="0"/>
</pin_list>
<bind>
<opcode="mul(12) " fcode="mul"/>
<opset="mul_ln42_233/1 "/>
</bind>
</comp>

<comp id="310" class="1004" name="mul_ln42_240_fu_310">
<pin_list>
<pin id="8160" dir="0" index="0" bw="16" slack="0"/>
<pin id="8161" dir="0" index="1" bw="11" slack="0"/>
<pin id="8162" dir="1" index="2" bw="26" slack="0"/>
</pin_list>
<bind>
<opcode="mul(12) " fcode="mul"/>
<opset="mul_ln42_240/1 "/>
</bind>
</comp>

<comp id="311" class="1004" name="mul_ln73_12337_fu_311">
<pin_list>
<pin id="8104" dir="0" index="0" bw="16" slack="0"/>
<pin id="8105" dir="0" index="1" bw="9" slack="0"/>
<pin id="8106" dir="1" index="2" bw="25" slack="0"/>
</pin_list>
<bind>
<opcode="mul(12) " fcode="mul"/>
<opset="mul_ln73_12337/1 "/>
</bind>
</comp>

<comp id="312" class="1004" name="mul_ln42_241_fu_312">
<pin_list>
<pin id="8164" dir="0" index="0" bw="16" slack="0"/>
<pin id="8165" dir="0" index="1" bw="11" slack="0"/>
<pin id="8166" dir="1" index="2" bw="26" slack="0"/>
</pin_list>
<bind>
<opcode="mul(12) " fcode="mul"/>
<opset="mul_ln42_241/1 "/>
</bind>
</comp>

<comp id="313" class="1004" name="mul_ln42_227_fu_313">
<pin_list>
<pin id="8048" dir="0" index="0" bw="16" slack="0"/>
<pin id="8049" dir="0" index="1" bw="12" slack="0"/>
<pin id="8050" dir="1" index="2" bw="26" slack="0"/>
</pin_list>
<bind>
<opcode="mul(12) " fcode="mul"/>
<opset="mul_ln42_227/1 "/>
</bind>
</comp>

<comp id="314" class="1004" name="mul_ln42_235_fu_314">
<pin_list>
<pin id="8124" dir="0" index="0" bw="16" slack="0"/>
<pin id="8125" dir="0" index="1" bw="11" slack="0"/>
<pin id="8126" dir="1" index="2" bw="26" slack="0"/>
</pin_list>
<bind>
<opcode="mul(12) " fcode="mul"/>
<opset="mul_ln42_235/1 "/>
</bind>
</comp>

<comp id="315" class="1004" name="mul_ln42_229_fu_315">
<pin_list>
<pin id="8060" dir="0" index="0" bw="16" slack="0"/>
<pin id="8061" dir="0" index="1" bw="11" slack="0"/>
<pin id="8062" dir="1" index="2" bw="26" slack="0"/>
</pin_list>
<bind>
<opcode="mul(12) " fcode="mul"/>
<opset="mul_ln42_229/1 "/>
</bind>
</comp>

<comp id="317" class="1004" name="mul_ln42_239_fu_317">
<pin_list>
<pin id="8144" dir="0" index="0" bw="16" slack="0"/>
<pin id="8145" dir="0" index="1" bw="11" slack="0"/>
<pin id="8146" dir="1" index="2" bw="26" slack="0"/>
</pin_list>
<bind>
<opcode="mul(12) " fcode="mul"/>
<opset="mul_ln42_239/1 "/>
</bind>
</comp>

<comp id="319" class="1004" name="mul_ln73_12335_fu_319">
<pin_list>
<pin id="8096" dir="0" index="0" bw="16" slack="0"/>
<pin id="8097" dir="0" index="1" bw="6" slack="0"/>
<pin id="8098" dir="1" index="2" bw="22" slack="0"/>
</pin_list>
<bind>
<opcode="mul(12) " fcode="mul"/>
<opset="mul_ln73_12335/1 "/>
</bind>
</comp>

<comp id="320" class="1004" name="mul_ln73_12339_fu_320">
<pin_list>
<pin id="8112" dir="0" index="0" bw="16" slack="0"/>
<pin id="8113" dir="0" index="1" bw="10" slack="0"/>
<pin id="8114" dir="1" index="2" bw="26" slack="0"/>
</pin_list>
<bind>
<opcode="mul(12) " fcode="mul"/>
<opset="mul_ln73_12339/1 "/>
</bind>
</comp>

<comp id="321" class="1004" name="mul_ln73_12345_fu_321">
<pin_list>
<pin id="8156" dir="0" index="0" bw="16" slack="0"/>
<pin id="8157" dir="0" index="1" bw="10" slack="0"/>
<pin id="8158" dir="1" index="2" bw="26" slack="0"/>
</pin_list>
<bind>
<opcode="mul(12) " fcode="mul"/>
<opset="mul_ln73_12345/1 "/>
</bind>
</comp>

<comp id="323" class="1004" name="mul_ln42_fu_323">
<pin_list>
<pin id="8024" dir="0" index="0" bw="16" slack="0"/>
<pin id="8025" dir="0" index="1" bw="11" slack="0"/>
<pin id="8026" dir="1" index="2" bw="26" slack="0"/>
</pin_list>
<bind>
<opcode="mul(12) " fcode="mul"/>
<opset="mul_ln42/1 "/>
</bind>
</comp>

<comp id="324" class="1004" name="mul_ln42_230_fu_324">
<pin_list>
<pin id="8068" dir="0" index="0" bw="16" slack="0"/>
<pin id="8069" dir="0" index="1" bw="11" slack="0"/>
<pin id="8070" dir="1" index="2" bw="26" slack="0"/>
</pin_list>
<bind>
<opcode="mul(12) " fcode="mul"/>
<opset="mul_ln42_230/1 "/>
</bind>
</comp>

<comp id="325" class="1004" name="mul_ln42_234_fu_325">
<pin_list>
<pin id="8084" dir="0" index="0" bw="16" slack="0"/>
<pin id="8085" dir="0" index="1" bw="11" slack="0"/>
<pin id="8086" dir="1" index="2" bw="26" slack="0"/>
</pin_list>
<bind>
<opcode="mul(12) " fcode="mul"/>
<opset="mul_ln42_234/1 "/>
</bind>
</comp>

<comp id="326" class="1004" name="mul_ln73_12344_fu_326">
<pin_list>
<pin id="8152" dir="0" index="0" bw="16" slack="0"/>
<pin id="8153" dir="0" index="1" bw="10" slack="0"/>
<pin id="8154" dir="1" index="2" bw="26" slack="0"/>
</pin_list>
<bind>
<opcode="mul(12) " fcode="mul"/>
<opset="mul_ln73_12344/1 "/>
</bind>
</comp>

<comp id="327" class="1004" name="mul_ln73_12346_fu_327">
<pin_list>
<pin id="8168" dir="0" index="0" bw="16" slack="0"/>
<pin id="8169" dir="0" index="1" bw="10" slack="0"/>
<pin id="8170" dir="1" index="2" bw="26" slack="0"/>
</pin_list>
<bind>
<opcode="mul(12) " fcode="mul"/>
<opset="mul_ln73_12346/1 "/>
</bind>
</comp>

<comp id="328" class="1004" name="mul_ln73_12328_fu_328">
<pin_list>
<pin id="8032" dir="0" index="0" bw="16" slack="0"/>
<pin id="8033" dir="0" index="1" bw="9" slack="0"/>
<pin id="8034" dir="1" index="2" bw="25" slack="0"/>
</pin_list>
<bind>
<opcode="mul(12) " fcode="mul"/>
<opset="mul_ln73_12328/1 "/>
</bind>
</comp>

<comp id="329" class="1004" name="mul_ln73_12334_fu_329">
<pin_list>
<pin id="8092" dir="0" index="0" bw="16" slack="0"/>
<pin id="8093" dir="0" index="1" bw="10" slack="0"/>
<pin id="8094" dir="1" index="2" bw="26" slack="0"/>
</pin_list>
<bind>
<opcode="mul(12) " fcode="mul"/>
<opset="mul_ln73_12334/1 "/>
</bind>
</comp>

<comp id="330" class="1004" name="mul_ln42_228_fu_330">
<pin_list>
<pin id="8056" dir="0" index="0" bw="16" slack="0"/>
<pin id="8057" dir="0" index="1" bw="11" slack="0"/>
<pin id="8058" dir="1" index="2" bw="26" slack="0"/>
</pin_list>
<bind>
<opcode="mul(12) " fcode="mul"/>
<opset="mul_ln42_228/1 "/>
</bind>
</comp>

<comp id="332" class="1004" name="mul_ln42_238_fu_332">
<pin_list>
<pin id="8140" dir="0" index="0" bw="16" slack="0"/>
<pin id="8141" dir="0" index="1" bw="12" slack="0"/>
<pin id="8142" dir="1" index="2" bw="26" slack="0"/>
</pin_list>
<bind>
<opcode="mul(12) " fcode="mul"/>
<opset="mul_ln42_238/1 "/>
</bind>
</comp>

<comp id="333" class="1004" name="mul_ln42_236_fu_333">
<pin_list>
<pin id="8128" dir="0" index="0" bw="16" slack="0"/>
<pin id="8129" dir="0" index="1" bw="12" slack="0"/>
<pin id="8130" dir="1" index="2" bw="26" slack="0"/>
</pin_list>
<bind>
<opcode="mul(12) " fcode="mul"/>
<opset="mul_ln42_236/1 "/>
</bind>
</comp>

<comp id="334" class="1004" name="mul_ln42_226_fu_334">
<pin_list>
<pin id="8036" dir="0" index="0" bw="16" slack="0"/>
<pin id="8037" dir="0" index="1" bw="11" slack="0"/>
<pin id="8038" dir="1" index="2" bw="26" slack="0"/>
</pin_list>
<bind>
<opcode="mul(12) " fcode="mul"/>
<opset="mul_ln42_226/1 "/>
</bind>
</comp>

<comp id="335" class="1004" name="mul_ln73_fu_335">
<pin_list>
<pin id="8028" dir="0" index="0" bw="16" slack="0"/>
<pin id="8029" dir="0" index="1" bw="10" slack="0"/>
<pin id="8030" dir="1" index="2" bw="26" slack="0"/>
</pin_list>
<bind>
<opcode="mul(12) " fcode="mul"/>
<opset="mul_ln73/1 "/>
</bind>
</comp>

<comp id="336" class="1004" name="mul_ln42_243_fu_336">
<pin_list>
<pin id="8176" dir="0" index="0" bw="16" slack="0"/>
<pin id="8177" dir="0" index="1" bw="11" slack="0"/>
<pin id="8178" dir="1" index="2" bw="26" slack="0"/>
</pin_list>
<bind>
<opcode="mul(12) " fcode="mul"/>
<opset="mul_ln42_243/1 "/>
</bind>
</comp>

<comp id="337" class="1004" name="mul_ln42_231_fu_337">
<pin_list>
<pin id="8072" dir="0" index="0" bw="16" slack="0"/>
<pin id="8073" dir="0" index="1" bw="11" slack="0"/>
<pin id="8074" dir="1" index="2" bw="26" slack="0"/>
</pin_list>
<bind>
<opcode="mul(12) " fcode="mul"/>
<opset="mul_ln42_231/1 "/>
</bind>
</comp>

<comp id="338" class="1004" name="mul_ln73_12338_fu_338">
<pin_list>
<pin id="8108" dir="0" index="0" bw="16" slack="0"/>
<pin id="8109" dir="0" index="1" bw="10" slack="0"/>
<pin id="8110" dir="1" index="2" bw="26" slack="0"/>
</pin_list>
<bind>
<opcode="mul(12) " fcode="mul"/>
<opset="mul_ln73_12338/1 "/>
</bind>
</comp>

<comp id="339" class="1004" name="mul_ln73_12332_fu_339">
<pin_list>
<pin id="8064" dir="0" index="0" bw="16" slack="0"/>
<pin id="8065" dir="0" index="1" bw="10" slack="0"/>
<pin id="8066" dir="1" index="2" bw="26" slack="0"/>
</pin_list>
<bind>
<opcode="mul(12) " fcode="mul"/>
<opset="mul_ln73_12332/1 "/>
</bind>
</comp>

<comp id="341" class="1004" name="mul_ln73_12343_fu_341">
<pin_list>
<pin id="8148" dir="0" index="0" bw="16" slack="0"/>
<pin id="8149" dir="0" index="1" bw="10" slack="0"/>
<pin id="8150" dir="1" index="2" bw="26" slack="0"/>
</pin_list>
<bind>
<opcode="mul(12) " fcode="mul"/>
<opset="mul_ln73_12343/1 "/>
</bind>
</comp>

<comp id="342" class="1004" name="mul_ln73_12347_fu_342">
<pin_list>
<pin id="8180" dir="0" index="0" bw="16" slack="0"/>
<pin id="8181" dir="0" index="1" bw="10" slack="0"/>
<pin id="8182" dir="1" index="2" bw="26" slack="0"/>
</pin_list>
<bind>
<opcode="mul(12) " fcode="mul"/>
<opset="mul_ln73_12347/1 "/>
</bind>
</comp>

<comp id="343" class="1004" name="mul_ln73_12331_fu_343">
<pin_list>
<pin id="8052" dir="0" index="0" bw="16" slack="0"/>
<pin id="8053" dir="0" index="1" bw="9" slack="0"/>
<pin id="8054" dir="1" index="2" bw="25" slack="0"/>
</pin_list>
<bind>
<opcode="mul(12) " fcode="mul"/>
<opset="mul_ln73_12331/1 "/>
</bind>
</comp>

<comp id="8305" class="1004" name="sext_ln70_fu_8305">
<pin_list>
<pin id="8306" dir="0" index="0" bw="16" slack="0"/>
<pin id="8307" dir="1" index="1" bw="25" slack="0"/>
</pin_list>
<bind>
<opcode="sext(35) " fcode="sext"/>
<opset="sext_ln70/1 "/>
</bind>
</comp>

<comp id="8310" class="1004" name="sext_ln70_1733_fu_8310">
<pin_list>
<pin id="8311" dir="0" index="0" bw="16" slack="0"/>
<pin id="8312" dir="1" index="1" bw="26" slack="0"/>
</pin_list>
<bind>
<opcode="sext(35) " fcode="sext"/>
<opset="sext_ln70_1733/1 "/>
</bind>
</comp>

<comp id="8316" class="1004" name="trunc_ln_fu_8316">
<pin_list>
<pin id="8317" dir="0" index="0" bw="16" slack="0"/>
<pin id="8318" dir="0" index="1" bw="26" slack="0"/>
<pin id="8319" dir="0" index="2" bw="5" slack="0"/>
<pin id="8320" dir="0" index="3" bw="6" slack="0"/>
<pin id="8321" dir="1" index="4" bw="16" slack="1"/>
</pin_list>
<bind>
<opcode="partselect(1002) " fcode="partselect"/>
<opset="trunc_ln/1 "/>
</bind>
</comp>

<comp id="8326" class="1004" name="trunc_ln42_1_fu_8326">
<pin_list>
<pin id="8327" dir="0" index="0" bw="16" slack="0"/>
<pin id="8328" dir="0" index="1" bw="26" slack="0"/>
<pin id="8329" dir="0" index="2" bw="5" slack="0"/>
<pin id="8330" dir="0" index="3" bw="6" slack="0"/>
<pin id="8331" dir="1" index="4" bw="16" slack="1"/>
</pin_list>
<bind>
<opcode="partselect(1002) " fcode="partselect"/>
<opset="trunc_ln42_1/1 "/>
</bind>
</comp>

<comp id="8336" class="1004" name="trunc_ln42_s_fu_8336">
<pin_list>
<pin id="8337" dir="0" index="0" bw="15" slack="0"/>
<pin id="8338" dir="0" index="1" bw="25" slack="0"/>
<pin id="8339" dir="0" index="2" bw="5" slack="0"/>
<pin id="8340" dir="0" index="3" bw="6" slack="0"/>
<pin id="8341" dir="1" index="4" bw="15" slack="1"/>
</pin_list>
<bind>
<opcode="partselect(1002) " fcode="partselect"/>
<opset="trunc_ln42_s/1 "/>
</bind>
</comp>

<comp id="8346" class="1004" name="sext_ln70_1734_fu_8346">
<pin_list>
<pin id="8347" dir="0" index="0" bw="16" slack="0"/>
<pin id="8348" dir="1" index="1" bw="26" slack="0"/>
</pin_list>
<bind>
<opcode="sext(35) " fcode="sext"/>
<opset="sext_ln70_1734/1 "/>
</bind>
</comp>

<comp id="8351" class="1004" name="sext_ln70_1735_fu_8351">
<pin_list>
<pin id="8352" dir="0" index="0" bw="16" slack="0"/>
<pin id="8353" dir="1" index="1" bw="24" slack="0"/>
</pin_list>
<bind>
<opcode="sext(35) " fcode="sext"/>
<opset="sext_ln70_1735/1 "/>
</bind>
</comp>

<comp id="8356" class="1004" name="trunc_ln42_3_fu_8356">
<pin_list>
<pin id="8357" dir="0" index="0" bw="16" slack="0"/>
<pin id="8358" dir="0" index="1" bw="26" slack="0"/>
<pin id="8359" dir="0" index="2" bw="5" slack="0"/>
<pin id="8360" dir="0" index="3" bw="6" slack="0"/>
<pin id="8361" dir="1" index="4" bw="16" slack="1"/>
</pin_list>
<bind>
<opcode="partselect(1002) " fcode="partselect"/>
<opset="trunc_ln42_3/1 "/>
</bind>
</comp>

<comp id="8366" class="1004" name="trunc_ln42_2_fu_8366">
<pin_list>
<pin id="8367" dir="0" index="0" bw="14" slack="0"/>
<pin id="8368" dir="0" index="1" bw="24" slack="0"/>
<pin id="8369" dir="0" index="2" bw="5" slack="0"/>
<pin id="8370" dir="0" index="3" bw="6" slack="0"/>
<pin id="8371" dir="1" index="4" bw="14" slack="1"/>
</pin_list>
<bind>
<opcode="partselect(1002) " fcode="partselect"/>
<opset="trunc_ln42_2/1 "/>
</bind>
</comp>

<comp id="8376" class="1004" name="tmp_fu_8376">
<pin_list>
<pin id="8377" dir="0" index="0" bw="24" slack="0"/>
<pin id="8378" dir="0" index="1" bw="16" slack="0"/>
<pin id="8379" dir="0" index="2" bw="1" slack="0"/>
<pin id="8380" dir="1" index="3" bw="24" slack="0"/>
</pin_list>
<bind>
<opcode="bitconcatenate(1004) " fcode="bitconcatenate"/>
<opset="tmp/1 "/>
</bind>
</comp>

<comp id="8384" class="1004" name="sext_ln73_4231_fu_8384">
<pin_list>
<pin id="8385" dir="0" index="0" bw="24" slack="0"/>
<pin id="8386" dir="1" index="1" bw="26" slack="0"/>
</pin_list>
<bind>
<opcode="sext(35) " fcode="sext"/>
<opset="sext_ln73_4231/1 "/>
</bind>
</comp>

<comp id="8388" class="1004" name="add_ln73_fu_8388">
<pin_list>
<pin id="8389" dir="0" index="0" bw="24" slack="0"/>
<pin id="8390" dir="0" index="1" bw="16" slack="0"/>
<pin id="8391" dir="1" index="2" bw="26" slack="0"/>
</pin_list>
<bind>
<opcode="add(8) " fcode="add"/>
<opset="add_ln73/1 "/>
</bind>
</comp>

<comp id="8394" class="1004" name="trunc_ln42_5_fu_8394">
<pin_list>
<pin id="8395" dir="0" index="0" bw="16" slack="0"/>
<pin id="8396" dir="0" index="1" bw="25" slack="0"/>
<pin id="8397" dir="0" index="2" bw="5" slack="0"/>
<pin id="8398" dir="0" index="3" bw="6" slack="0"/>
<pin id="8399" dir="1" index="4" bw="16" slack="1"/>
</pin_list>
<bind>
<opcode="partselect(1002) " fcode="partselect"/>
<opset="trunc_ln42_5/1 "/>
</bind>
</comp>

<comp id="8404" class="1004" name="sext_ln70_1736_fu_8404">
<pin_list>
<pin id="8405" dir="0" index="0" bw="16" slack="0"/>
<pin id="8406" dir="1" index="1" bw="25" slack="0"/>
</pin_list>
<bind>
<opcode="sext(35) " fcode="sext"/>
<opset="sext_ln70_1736/1 "/>
</bind>
</comp>

<comp id="8409" class="1004" name="sext_ln42_8797_fu_8409">
<pin_list>
<pin id="8410" dir="0" index="0" bw="16" slack="0"/>
<pin id="8411" dir="1" index="1" bw="26" slack="0"/>
</pin_list>
<bind>
<opcode="sext(35) " fcode="sext"/>
<opset="sext_ln42_8797/1 "/>
</bind>
</comp>

<comp id="8415" class="1004" name="trunc_ln42_6_fu_8415">
<pin_list>
<pin id="8416" dir="0" index="0" bw="16" slack="0"/>
<pin id="8417" dir="0" index="1" bw="26" slack="0"/>
<pin id="8418" dir="0" index="2" bw="5" slack="0"/>
<pin id="8419" dir="0" index="3" bw="6" slack="0"/>
<pin id="8420" dir="1" index="4" bw="16" slack="0"/>
</pin_list>
<bind>
<opcode="partselect(1002) " fcode="partselect"/>
<opset="trunc_ln42_6/1 "/>
</bind>
</comp>

<comp id="8425" class="1004" name="trunc_ln42_7_fu_8425">
<pin_list>
<pin id="8426" dir="0" index="0" bw="16" slack="0"/>
<pin id="8427" dir="0" index="1" bw="26" slack="0"/>
<pin id="8428" dir="0" index="2" bw="5" slack="0"/>
<pin id="8429" dir="0" index="3" bw="6" slack="0"/>
<pin id="8430" dir="1" index="4" bw="16" slack="0"/>
</pin_list>
<bind>
<opcode="partselect(1002) " fcode="partselect"/>
<opset="trunc_ln42_7/1 "/>
</bind>
</comp>

<comp id="8435" class="1004" name="trunc_ln42_4_fu_8435">
<pin_list>
<pin id="8436" dir="0" index="0" bw="15" slack="0"/>
<pin id="8437" dir="0" index="1" bw="25" slack="0"/>
<pin id="8438" dir="0" index="2" bw="5" slack="0"/>
<pin id="8439" dir="0" index="3" bw="6" slack="0"/>
<pin id="8440" dir="1" index="4" bw="15" slack="0"/>
</pin_list>
<bind>
<opcode="partselect(1002) " fcode="partselect"/>
<opset="trunc_ln42_4/1 "/>
</bind>
</comp>

<comp id="8445" class="1004" name="sext_ln42_8798_fu_8445">
<pin_list>
<pin id="8446" dir="0" index="0" bw="15" slack="0"/>
<pin id="8447" dir="1" index="1" bw="16" slack="0"/>
</pin_list>
<bind>
<opcode="sext(35) " fcode="sext"/>
<opset="sext_ln42_8798/1 "/>
</bind>
</comp>

<comp id="8449" class="1004" name="sext_ln70_1737_fu_8449">
<pin_list>
<pin id="8450" dir="0" index="0" bw="16" slack="0"/>
<pin id="8451" dir="1" index="1" bw="26" slack="0"/>
</pin_list>
<bind>
<opcode="sext(35) " fcode="sext"/>
<opset="sext_ln70_1737/1 "/>
</bind>
</comp>

<comp id="8456" class="1004" name="trunc_ln42_9_fu_8456">
<pin_list>
<pin id="8457" dir="0" index="0" bw="16" slack="0"/>
<pin id="8458" dir="0" index="1" bw="26" slack="0"/>
<pin id="8459" dir="0" index="2" bw="5" slack="0"/>
<pin id="8460" dir="0" index="3" bw="6" slack="0"/>
<pin id="8461" dir="1" index="4" bw="16" slack="0"/>
</pin_list>
<bind>
<opcode="partselect(1002) " fcode="partselect"/>
<opset="trunc_ln42_9/1 "/>
</bind>
</comp>

<comp id="8466" class="1004" name="trunc_ln42_8_fu_8466">
<pin_list>
<pin id="8467" dir="0" index="0" bw="16" slack="0"/>
<pin id="8468" dir="0" index="1" bw="26" slack="0"/>
<pin id="8469" dir="0" index="2" bw="5" slack="0"/>
<pin id="8470" dir="0" index="3" bw="6" slack="0"/>
<pin id="8471" dir="1" index="4" bw="16" slack="0"/>
</pin_list>
<bind>
<opcode="partselect(1002) " fcode="partselect"/>
<opset="trunc_ln42_8/1 "/>
</bind>
</comp>

<comp id="8476" class="1004" name="trunc_ln42_10_fu_8476">
<pin_list>
<pin id="8477" dir="0" index="0" bw="16" slack="0"/>
<pin id="8478" dir="0" index="1" bw="26" slack="0"/>
<pin id="8479" dir="0" index="2" bw="5" slack="0"/>
<pin id="8480" dir="0" index="3" bw="6" slack="0"/>
<pin id="8481" dir="1" index="4" bw="16" slack="0"/>
</pin_list>
<bind>
<opcode="partselect(1002) " fcode="partselect"/>
<opset="trunc_ln42_10/1 "/>
</bind>
</comp>

<comp id="8486" class="1004" name="sext_ln73_fu_8486">
<pin_list>
<pin id="8487" dir="0" index="0" bw="16" slack="0"/>
<pin id="8488" dir="1" index="1" bw="26" slack="0"/>
</pin_list>
<bind>
<opcode="sext(35) " fcode="sext"/>
<opset="sext_ln73/1 "/>
</bind>
</comp>

<comp id="8493" class="1004" name="trunc_ln42_11_fu_8493">
<pin_list>
<pin id="8494" dir="0" index="0" bw="16" slack="0"/>
<pin id="8495" dir="0" index="1" bw="26" slack="0"/>
<pin id="8496" dir="0" index="2" bw="5" slack="0"/>
<pin id="8497" dir="0" index="3" bw="6" slack="0"/>
<pin id="8498" dir="1" index="4" bw="16" slack="1"/>
</pin_list>
<bind>
<opcode="partselect(1002) " fcode="partselect"/>
<opset="trunc_ln42_11/1 "/>
</bind>
</comp>

<comp id="8503" class="1004" name="trunc_ln42_12_fu_8503">
<pin_list>
<pin id="8504" dir="0" index="0" bw="16" slack="0"/>
<pin id="8505" dir="0" index="1" bw="26" slack="0"/>
<pin id="8506" dir="0" index="2" bw="5" slack="0"/>
<pin id="8507" dir="0" index="3" bw="6" slack="0"/>
<pin id="8508" dir="1" index="4" bw="16" slack="1"/>
</pin_list>
<bind>
<opcode="partselect(1002) " fcode="partselect"/>
<opset="trunc_ln42_12/1 "/>
</bind>
</comp>

<comp id="8513" class="1004" name="trunc_ln42_13_fu_8513">
<pin_list>
<pin id="8514" dir="0" index="0" bw="16" slack="0"/>
<pin id="8515" dir="0" index="1" bw="26" slack="0"/>
<pin id="8516" dir="0" index="2" bw="5" slack="0"/>
<pin id="8517" dir="0" index="3" bw="6" slack="0"/>
<pin id="8518" dir="1" index="4" bw="16" slack="1"/>
</pin_list>
<bind>
<opcode="partselect(1002) " fcode="partselect"/>
<opset="trunc_ln42_13/1 "/>
</bind>
</comp>

<comp id="8523" class="1004" name="sext_ln70_1738_fu_8523">
<pin_list>
<pin id="8524" dir="0" index="0" bw="16" slack="0"/>
<pin id="8525" dir="1" index="1" bw="25" slack="0"/>
</pin_list>
<bind>
<opcode="sext(35) " fcode="sext"/>
<opset="sext_ln70_1738/1 "/>
</bind>
</comp>

<comp id="8528" class="1004" name="sext_ln73_1_fu_8528">
<pin_list>
<pin id="8529" dir="0" index="0" bw="16" slack="0"/>
<pin id="8530" dir="1" index="1" bw="26" slack="0"/>
</pin_list>
<bind>
<opcode="sext(35) " fcode="sext"/>
<opset="sext_ln73_1/1 "/>
</bind>
</comp>

<comp id="8534" class="1004" name="trunc_ln42_14_fu_8534">
<pin_list>
<pin id="8535" dir="0" index="0" bw="16" slack="0"/>
<pin id="8536" dir="0" index="1" bw="26" slack="0"/>
<pin id="8537" dir="0" index="2" bw="5" slack="0"/>
<pin id="8538" dir="0" index="3" bw="6" slack="0"/>
<pin id="8539" dir="1" index="4" bw="16" slack="1"/>
</pin_list>
<bind>
<opcode="partselect(1002) " fcode="partselect"/>
<opset="trunc_ln42_14/1 "/>
</bind>
</comp>

<comp id="8544" class="1004" name="trunc_ln42_15_fu_8544">
<pin_list>
<pin id="8545" dir="0" index="0" bw="16" slack="0"/>
<pin id="8546" dir="0" index="1" bw="26" slack="0"/>
<pin id="8547" dir="0" index="2" bw="5" slack="0"/>
<pin id="8548" dir="0" index="3" bw="6" slack="0"/>
<pin id="8549" dir="1" index="4" bw="16" slack="1"/>
</pin_list>
<bind>
<opcode="partselect(1002) " fcode="partselect"/>
<opset="trunc_ln42_15/1 "/>
</bind>
</comp>

<comp id="8554" class="1004" name="trunc_ln42_16_fu_8554">
<pin_list>
<pin id="8555" dir="0" index="0" bw="15" slack="0"/>
<pin id="8556" dir="0" index="1" bw="25" slack="0"/>
<pin id="8557" dir="0" index="2" bw="5" slack="0"/>
<pin id="8558" dir="0" index="3" bw="6" slack="0"/>
<pin id="8559" dir="1" index="4" bw="15" slack="1"/>
</pin_list>
<bind>
<opcode="partselect(1002) " fcode="partselect"/>
<opset="trunc_ln42_16/1 "/>
</bind>
</comp>

<comp id="8564" class="1004" name="sext_ln70_1739_fu_8564">
<pin_list>
<pin id="8565" dir="0" index="0" bw="16" slack="0"/>
<pin id="8566" dir="1" index="1" bw="22" slack="0"/>
</pin_list>
<bind>
<opcode="sext(35) " fcode="sext"/>
<opset="sext_ln70_1739/1 "/>
</bind>
</comp>

<comp id="8569" class="1004" name="sext_ln70_1740_fu_8569">
<pin_list>
<pin id="8570" dir="0" index="0" bw="16" slack="0"/>
<pin id="8571" dir="1" index="1" bw="26" slack="0"/>
</pin_list>
<bind>
<opcode="sext(35) " fcode="sext"/>
<opset="sext_ln70_1740/1 "/>
</bind>
</comp>

<comp id="8575" class="1004" name="trunc_ln42_17_fu_8575">
<pin_list>
<pin id="8576" dir="0" index="0" bw="16" slack="0"/>
<pin id="8577" dir="0" index="1" bw="26" slack="0"/>
<pin id="8578" dir="0" index="2" bw="5" slack="0"/>
<pin id="8579" dir="0" index="3" bw="6" slack="0"/>
<pin id="8580" dir="1" index="4" bw="16" slack="0"/>
</pin_list>
<bind>
<opcode="partselect(1002) " fcode="partselect"/>
<opset="trunc_ln42_17/1 "/>
</bind>
</comp>

<comp id="8585" class="1004" name="trunc_ln42_18_fu_8585">
<pin_list>
<pin id="8586" dir="0" index="0" bw="12" slack="0"/>
<pin id="8587" dir="0" index="1" bw="22" slack="0"/>
<pin id="8588" dir="0" index="2" bw="5" slack="0"/>
<pin id="8589" dir="0" index="3" bw="6" slack="0"/>
<pin id="8590" dir="1" index="4" bw="12" slack="0"/>
</pin_list>
<bind>
<opcode="partselect(1002) " fcode="partselect"/>
<opset="trunc_ln42_18/1 "/>
</bind>
</comp>

<comp id="8595" class="1004" name="sext_ln73_4232_fu_8595">
<pin_list>
<pin id="8596" dir="0" index="0" bw="12" slack="0"/>
<pin id="8597" dir="1" index="1" bw="15" slack="0"/>
</pin_list>
<bind>
<opcode="sext(35) " fcode="sext"/>
<opset="sext_ln73_4232/1 "/>
</bind>
</comp>

<comp id="8599" class="1004" name="trunc_ln42_19_fu_8599">
<pin_list>
<pin id="8600" dir="0" index="0" bw="16" slack="0"/>
<pin id="8601" dir="0" index="1" bw="26" slack="0"/>
<pin id="8602" dir="0" index="2" bw="5" slack="0"/>
<pin id="8603" dir="0" index="3" bw="6" slack="0"/>
<pin id="8604" dir="1" index="4" bw="16" slack="0"/>
</pin_list>
<bind>
<opcode="partselect(1002) " fcode="partselect"/>
<opset="trunc_ln42_19/1 "/>
</bind>
</comp>

<comp id="8609" class="1004" name="sext_ln70_1741_fu_8609">
<pin_list>
<pin id="8610" dir="0" index="0" bw="16" slack="0"/>
<pin id="8611" dir="1" index="1" bw="26" slack="0"/>
</pin_list>
<bind>
<opcode="sext(35) " fcode="sext"/>
<opset="sext_ln70_1741/1 "/>
</bind>
</comp>

<comp id="8614" class="1004" name="sext_ln70_1742_fu_8614">
<pin_list>
<pin id="8615" dir="0" index="0" bw="16" slack="0"/>
<pin id="8616" dir="1" index="1" bw="25" slack="0"/>
</pin_list>
<bind>
<opcode="sext(35) " fcode="sext"/>
<opset="sext_ln70_1742/1 "/>
</bind>
</comp>

<comp id="8619" class="1004" name="trunc_ln42_20_fu_8619">
<pin_list>
<pin id="8620" dir="0" index="0" bw="15" slack="0"/>
<pin id="8621" dir="0" index="1" bw="25" slack="0"/>
<pin id="8622" dir="0" index="2" bw="5" slack="0"/>
<pin id="8623" dir="0" index="3" bw="6" slack="0"/>
<pin id="8624" dir="1" index="4" bw="15" slack="0"/>
</pin_list>
<bind>
<opcode="partselect(1002) " fcode="partselect"/>
<opset="trunc_ln42_20/1 "/>
</bind>
</comp>

<comp id="8629" class="1004" name="sext_ln42_8800_fu_8629">
<pin_list>
<pin id="8630" dir="0" index="0" bw="15" slack="0"/>
<pin id="8631" dir="1" index="1" bw="16" slack="0"/>
</pin_list>
<bind>
<opcode="sext(35) " fcode="sext"/>
<opset="sext_ln42_8800/1 "/>
</bind>
</comp>

<comp id="8633" class="1004" name="tmp_11044_fu_8633">
<pin_list>
<pin id="8634" dir="0" index="0" bw="22" slack="0"/>
<pin id="8635" dir="0" index="1" bw="16" slack="0"/>
<pin id="8636" dir="0" index="2" bw="1" slack="0"/>
<pin id="8637" dir="1" index="3" bw="22" slack="0"/>
</pin_list>
<bind>
<opcode="bitconcatenate(1004) " fcode="bitconcatenate"/>
<opset="tmp_11044/1 "/>
</bind>
</comp>

<comp id="8641" class="1004" name="sext_ln73_4233_fu_8641">
<pin_list>
<pin id="8642" dir="0" index="0" bw="22" slack="0"/>
<pin id="8643" dir="1" index="1" bw="24" slack="0"/>
</pin_list>
<bind>
<opcode="sext(35) " fcode="sext"/>
<opset="sext_ln73_4233/1 "/>
</bind>
</comp>

<comp id="8645" class="1004" name="sub_ln73_fu_8645">
<pin_list>
<pin id="8646" dir="0" index="0" bw="1" slack="0"/>
<pin id="8647" dir="0" index="1" bw="22" slack="0"/>
<pin id="8648" dir="1" index="2" bw="24" slack="0"/>
</pin_list>
<bind>
<opcode="sub(10) " fcode="sub"/>
<opset="sub_ln73/1 "/>
</bind>
</comp>

<comp id="8651" class="1004" name="tmp_11045_fu_8651">
<pin_list>
<pin id="8652" dir="0" index="0" bw="19" slack="0"/>
<pin id="8653" dir="0" index="1" bw="16" slack="0"/>
<pin id="8654" dir="0" index="2" bw="1" slack="0"/>
<pin id="8655" dir="1" index="3" bw="19" slack="0"/>
</pin_list>
<bind>
<opcode="bitconcatenate(1004) " fcode="bitconcatenate"/>
<opset="tmp_11045/1 "/>
</bind>
</comp>

<comp id="8659" class="1004" name="sext_ln73_4234_fu_8659">
<pin_list>
<pin id="8660" dir="0" index="0" bw="19" slack="0"/>
<pin id="8661" dir="1" index="1" bw="24" slack="0"/>
</pin_list>
<bind>
<opcode="sext(35) " fcode="sext"/>
<opset="sext_ln73_4234/1 "/>
</bind>
</comp>

<comp id="8663" class="1004" name="sub_ln73_3629_fu_8663">
<pin_list>
<pin id="8664" dir="0" index="0" bw="24" slack="0"/>
<pin id="8665" dir="0" index="1" bw="19" slack="0"/>
<pin id="8666" dir="1" index="2" bw="24" slack="0"/>
</pin_list>
<bind>
<opcode="sub(10) " fcode="sub"/>
<opset="sub_ln73_3629/1 "/>
</bind>
</comp>

<comp id="8669" class="1004" name="trunc_ln42_21_fu_8669">
<pin_list>
<pin id="8670" dir="0" index="0" bw="14" slack="0"/>
<pin id="8671" dir="0" index="1" bw="24" slack="0"/>
<pin id="8672" dir="0" index="2" bw="5" slack="0"/>
<pin id="8673" dir="0" index="3" bw="6" slack="0"/>
<pin id="8674" dir="1" index="4" bw="14" slack="0"/>
</pin_list>
<bind>
<opcode="partselect(1002) " fcode="partselect"/>
<opset="trunc_ln42_21/1 "/>
</bind>
</comp>

<comp id="8679" class="1004" name="sext_ln73_4235_fu_8679">
<pin_list>
<pin id="8680" dir="0" index="0" bw="14" slack="0"/>
<pin id="8681" dir="1" index="1" bw="15" slack="0"/>
</pin_list>
<bind>
<opcode="sext(35) " fcode="sext"/>
<opset="sext_ln73_4235/1 "/>
</bind>
</comp>

<comp id="8683" class="1004" name="trunc_ln42_22_fu_8683">
<pin_list>
<pin id="8684" dir="0" index="0" bw="16" slack="0"/>
<pin id="8685" dir="0" index="1" bw="26" slack="0"/>
<pin id="8686" dir="0" index="2" bw="5" slack="0"/>
<pin id="8687" dir="0" index="3" bw="6" slack="0"/>
<pin id="8688" dir="1" index="4" bw="16" slack="0"/>
</pin_list>
<bind>
<opcode="partselect(1002) " fcode="partselect"/>
<opset="trunc_ln42_22/1 "/>
</bind>
</comp>

<comp id="8693" class="1004" name="sext_ln70_1743_fu_8693">
<pin_list>
<pin id="8694" dir="0" index="0" bw="16" slack="0"/>
<pin id="8695" dir="1" index="1" bw="24" slack="0"/>
</pin_list>
<bind>
<opcode="sext(35) " fcode="sext"/>
<opset="sext_ln70_1743/1 "/>
</bind>
</comp>

<comp id="8698" class="1004" name="sext_ln70_1744_fu_8698">
<pin_list>
<pin id="8699" dir="0" index="0" bw="16" slack="0"/>
<pin id="8700" dir="1" index="1" bw="25" slack="0"/>
</pin_list>
<bind>
<opcode="sext(35) " fcode="sext"/>
<opset="sext_ln70_1744/1 "/>
</bind>
</comp>

<comp id="8703" class="1004" name="sext_ln70_1745_fu_8703">
<pin_list>
<pin id="8704" dir="0" index="0" bw="16" slack="0"/>
<pin id="8705" dir="1" index="1" bw="26" slack="0"/>
</pin_list>
<bind>
<opcode="sext(35) " fcode="sext"/>
<opset="sext_ln70_1745/1 "/>
</bind>
</comp>

<comp id="8708" class="1004" name="trunc_ln42_23_fu_8708">
<pin_list>
<pin id="8709" dir="0" index="0" bw="16" slack="0"/>
<pin id="8710" dir="0" index="1" bw="26" slack="0"/>
<pin id="8711" dir="0" index="2" bw="5" slack="0"/>
<pin id="8712" dir="0" index="3" bw="6" slack="0"/>
<pin id="8713" dir="1" index="4" bw="16" slack="0"/>
</pin_list>
<bind>
<opcode="partselect(1002) " fcode="partselect"/>
<opset="trunc_ln42_23/1 "/>
</bind>
</comp>

<comp id="8718" class="1004" name="trunc_ln42_24_fu_8718">
<pin_list>
<pin id="8719" dir="0" index="0" bw="15" slack="0"/>
<pin id="8720" dir="0" index="1" bw="25" slack="0"/>
<pin id="8721" dir="0" index="2" bw="5" slack="0"/>
<pin id="8722" dir="0" index="3" bw="6" slack="0"/>
<pin id="8723" dir="1" index="4" bw="15" slack="0"/>
</pin_list>
<bind>
<opcode="partselect(1002) " fcode="partselect"/>
<opset="trunc_ln42_24/1 "/>
</bind>
</comp>

<comp id="8728" class="1004" name="sext_ln42_8801_fu_8728">
<pin_list>
<pin id="8729" dir="0" index="0" bw="15" slack="0"/>
<pin id="8730" dir="1" index="1" bw="16" slack="0"/>
</pin_list>
<bind>
<opcode="sext(35) " fcode="sext"/>
<opset="sext_ln42_8801/1 "/>
</bind>
</comp>

<comp id="8732" class="1004" name="trunc_ln42_25_fu_8732">
<pin_list>
<pin id="8733" dir="0" index="0" bw="14" slack="0"/>
<pin id="8734" dir="0" index="1" bw="24" slack="0"/>
<pin id="8735" dir="0" index="2" bw="5" slack="0"/>
<pin id="8736" dir="0" index="3" bw="6" slack="0"/>
<pin id="8737" dir="1" index="4" bw="14" slack="0"/>
</pin_list>
<bind>
<opcode="partselect(1002) " fcode="partselect"/>
<opset="trunc_ln42_25/1 "/>
</bind>
</comp>

<comp id="8742" class="1004" name="sext_ln42_8802_fu_8742">
<pin_list>
<pin id="8743" dir="0" index="0" bw="14" slack="0"/>
<pin id="8744" dir="1" index="1" bw="16" slack="0"/>
</pin_list>
<bind>
<opcode="sext(35) " fcode="sext"/>
<opset="sext_ln42_8802/1 "/>
</bind>
</comp>

<comp id="8746" class="1004" name="sext_ln42_8803_fu_8746">
<pin_list>
<pin id="8747" dir="0" index="0" bw="16" slack="0"/>
<pin id="8748" dir="1" index="1" bw="26" slack="0"/>
</pin_list>
<bind>
<opcode="sext(35) " fcode="sext"/>
<opset="sext_ln42_8803/1 "/>
</bind>
</comp>

<comp id="8751" class="1004" name="trunc_ln42_26_fu_8751">
<pin_list>
<pin id="8752" dir="0" index="0" bw="16" slack="0"/>
<pin id="8753" dir="0" index="1" bw="26" slack="0"/>
<pin id="8754" dir="0" index="2" bw="5" slack="0"/>
<pin id="8755" dir="0" index="3" bw="6" slack="0"/>
<pin id="8756" dir="1" index="4" bw="16" slack="0"/>
</pin_list>
<bind>
<opcode="partselect(1002) " fcode="partselect"/>
<opset="trunc_ln42_26/1 "/>
</bind>
</comp>

<comp id="8761" class="1004" name="tmp_11046_fu_8761">
<pin_list>
<pin id="8762" dir="0" index="0" bw="23" slack="0"/>
<pin id="8763" dir="0" index="1" bw="16" slack="0"/>
<pin id="8764" dir="0" index="2" bw="1" slack="0"/>
<pin id="8765" dir="1" index="3" bw="23" slack="0"/>
</pin_list>
<bind>
<opcode="bitconcatenate(1004) " fcode="bitconcatenate"/>
<opset="tmp_11046/1 "/>
</bind>
</comp>

<comp id="8769" class="1004" name="sext_ln73_4236_fu_8769">
<pin_list>
<pin id="8770" dir="0" index="0" bw="23" slack="0"/>
<pin id="8771" dir="1" index="1" bw="24" slack="0"/>
</pin_list>
<bind>
<opcode="sext(35) " fcode="sext"/>
<opset="sext_ln73_4236/1 "/>
</bind>
</comp>

<comp id="8773" class="1004" name="tmp_11047_fu_8773">
<pin_list>
<pin id="8774" dir="0" index="0" bw="19" slack="0"/>
<pin id="8775" dir="0" index="1" bw="16" slack="0"/>
<pin id="8776" dir="0" index="2" bw="1" slack="0"/>
<pin id="8777" dir="1" index="3" bw="19" slack="0"/>
</pin_list>
<bind>
<opcode="bitconcatenate(1004) " fcode="bitconcatenate"/>
<opset="tmp_11047/1 "/>
</bind>
</comp>

<comp id="8781" class="1004" name="sext_ln73_4237_fu_8781">
<pin_list>
<pin id="8782" dir="0" index="0" bw="19" slack="0"/>
<pin id="8783" dir="1" index="1" bw="24" slack="0"/>
</pin_list>
<bind>
<opcode="sext(35) " fcode="sext"/>
<opset="sext_ln73_4237/1 "/>
</bind>
</comp>

<comp id="8785" class="1004" name="sub_ln73_3630_fu_8785">
<pin_list>
<pin id="8786" dir="0" index="0" bw="23" slack="0"/>
<pin id="8787" dir="0" index="1" bw="19" slack="0"/>
<pin id="8788" dir="1" index="2" bw="24" slack="0"/>
</pin_list>
<bind>
<opcode="sub(10) " fcode="sub"/>
<opset="sub_ln73_3630/1 "/>
</bind>
</comp>

<comp id="8791" class="1004" name="trunc_ln42_27_fu_8791">
<pin_list>
<pin id="8792" dir="0" index="0" bw="14" slack="0"/>
<pin id="8793" dir="0" index="1" bw="24" slack="0"/>
<pin id="8794" dir="0" index="2" bw="5" slack="0"/>
<pin id="8795" dir="0" index="3" bw="6" slack="0"/>
<pin id="8796" dir="1" index="4" bw="14" slack="0"/>
</pin_list>
<bind>
<opcode="partselect(1002) " fcode="partselect"/>
<opset="trunc_ln42_27/1 "/>
</bind>
</comp>

<comp id="8801" class="1004" name="sext_ln42_8804_fu_8801">
<pin_list>
<pin id="8802" dir="0" index="0" bw="14" slack="0"/>
<pin id="8803" dir="1" index="1" bw="16" slack="0"/>
</pin_list>
<bind>
<opcode="sext(35) " fcode="sext"/>
<opset="sext_ln42_8804/1 "/>
</bind>
</comp>

<comp id="8805" class="1004" name="tmp_11048_fu_8805">
<pin_list>
<pin id="8806" dir="0" index="0" bw="24" slack="0"/>
<pin id="8807" dir="0" index="1" bw="16" slack="0"/>
<pin id="8808" dir="0" index="2" bw="1" slack="0"/>
<pin id="8809" dir="1" index="3" bw="24" slack="0"/>
</pin_list>
<bind>
<opcode="bitconcatenate(1004) " fcode="bitconcatenate"/>
<opset="tmp_11048/1 "/>
</bind>
</comp>

<comp id="8813" class="1004" name="sext_ln73_4238_fu_8813">
<pin_list>
<pin id="8814" dir="0" index="0" bw="24" slack="0"/>
<pin id="8815" dir="1" index="1" bw="25" slack="0"/>
</pin_list>
<bind>
<opcode="sext(35) " fcode="sext"/>
<opset="sext_ln73_4238/1 "/>
</bind>
</comp>

<comp id="8817" class="1004" name="tmp_11049_fu_8817">
<pin_list>
<pin id="8818" dir="0" index="0" bw="20" slack="0"/>
<pin id="8819" dir="0" index="1" bw="16" slack="0"/>
<pin id="8820" dir="0" index="2" bw="1" slack="0"/>
<pin id="8821" dir="1" index="3" bw="20" slack="0"/>
</pin_list>
<bind>
<opcode="bitconcatenate(1004) " fcode="bitconcatenate"/>
<opset="tmp_11049/1 "/>
</bind>
</comp>

<comp id="8825" class="1004" name="sext_ln73_4239_fu_8825">
<pin_list>
<pin id="8826" dir="0" index="0" bw="20" slack="0"/>
<pin id="8827" dir="1" index="1" bw="25" slack="0"/>
</pin_list>
<bind>
<opcode="sext(35) " fcode="sext"/>
<opset="sext_ln73_4239/1 "/>
</bind>
</comp>

<comp id="8829" class="1004" name="sub_ln73_3631_fu_8829">
<pin_list>
<pin id="8830" dir="0" index="0" bw="20" slack="0"/>
<pin id="8831" dir="0" index="1" bw="24" slack="0"/>
<pin id="8832" dir="1" index="2" bw="25" slack="0"/>
</pin_list>
<bind>
<opcode="sub(10) " fcode="sub"/>
<opset="sub_ln73_3631/1 "/>
</bind>
</comp>

<comp id="8835" class="1004" name="trunc_ln42_28_fu_8835">
<pin_list>
<pin id="8836" dir="0" index="0" bw="15" slack="0"/>
<pin id="8837" dir="0" index="1" bw="25" slack="0"/>
<pin id="8838" dir="0" index="2" bw="5" slack="0"/>
<pin id="8839" dir="0" index="3" bw="6" slack="0"/>
<pin id="8840" dir="1" index="4" bw="15" slack="0"/>
</pin_list>
<bind>
<opcode="partselect(1002) " fcode="partselect"/>
<opset="trunc_ln42_28/1 "/>
</bind>
</comp>

<comp id="8845" class="1004" name="sext_ln42_8805_fu_8845">
<pin_list>
<pin id="8846" dir="0" index="0" bw="15" slack="0"/>
<pin id="8847" dir="1" index="1" bw="16" slack="0"/>
</pin_list>
<bind>
<opcode="sext(35) " fcode="sext"/>
<opset="sext_ln42_8805/1 "/>
</bind>
</comp>

<comp id="8849" class="1004" name="sext_ln70_1746_fu_8849">
<pin_list>
<pin id="8850" dir="0" index="0" bw="16" slack="0"/>
<pin id="8851" dir="1" index="1" bw="26" slack="0"/>
</pin_list>
<bind>
<opcode="sext(35) " fcode="sext"/>
<opset="sext_ln70_1746/1 "/>
</bind>
</comp>

<comp id="8856" class="1004" name="trunc_ln42_29_fu_8856">
<pin_list>
<pin id="8857" dir="0" index="0" bw="16" slack="0"/>
<pin id="8858" dir="0" index="1" bw="26" slack="0"/>
<pin id="8859" dir="0" index="2" bw="5" slack="0"/>
<pin id="8860" dir="0" index="3" bw="6" slack="0"/>
<pin id="8861" dir="1" index="4" bw="16" slack="0"/>
</pin_list>
<bind>
<opcode="partselect(1002) " fcode="partselect"/>
<opset="trunc_ln42_29/1 "/>
</bind>
</comp>

<comp id="8866" class="1004" name="trunc_ln42_30_fu_8866">
<pin_list>
<pin id="8867" dir="0" index="0" bw="16" slack="0"/>
<pin id="8868" dir="0" index="1" bw="26" slack="0"/>
<pin id="8869" dir="0" index="2" bw="5" slack="0"/>
<pin id="8870" dir="0" index="3" bw="6" slack="0"/>
<pin id="8871" dir="1" index="4" bw="16" slack="0"/>
</pin_list>
<bind>
<opcode="partselect(1002) " fcode="partselect"/>
<opset="trunc_ln42_30/1 "/>
</bind>
</comp>

<comp id="8876" class="1004" name="trunc_ln42_31_fu_8876">
<pin_list>
<pin id="8877" dir="0" index="0" bw="16" slack="0"/>
<pin id="8878" dir="0" index="1" bw="26" slack="0"/>
<pin id="8879" dir="0" index="2" bw="5" slack="0"/>
<pin id="8880" dir="0" index="3" bw="6" slack="0"/>
<pin id="8881" dir="1" index="4" bw="16" slack="0"/>
</pin_list>
<bind>
<opcode="partselect(1002) " fcode="partselect"/>
<opset="trunc_ln42_31/1 "/>
</bind>
</comp>

<comp id="8886" class="1004" name="sext_ln42_8806_fu_8886">
<pin_list>
<pin id="8887" dir="0" index="0" bw="16" slack="0"/>
<pin id="8888" dir="1" index="1" bw="26" slack="0"/>
</pin_list>
<bind>
<opcode="sext(35) " fcode="sext"/>
<opset="sext_ln42_8806/1 "/>
</bind>
</comp>

<comp id="8891" class="1004" name="tmp_11050_fu_8891">
<pin_list>
<pin id="8892" dir="0" index="0" bw="23" slack="0"/>
<pin id="8893" dir="0" index="1" bw="16" slack="0"/>
<pin id="8894" dir="0" index="2" bw="1" slack="0"/>
<pin id="8895" dir="1" index="3" bw="23" slack="0"/>
</pin_list>
<bind>
<opcode="bitconcatenate(1004) " fcode="bitconcatenate"/>
<opset="tmp_11050/1 "/>
</bind>
</comp>

<comp id="8899" class="1004" name="sext_ln73_4240_fu_8899">
<pin_list>
<pin id="8900" dir="0" index="0" bw="23" slack="0"/>
<pin id="8901" dir="1" index="1" bw="24" slack="0"/>
</pin_list>
<bind>
<opcode="sext(35) " fcode="sext"/>
<opset="sext_ln73_4240/1 "/>
</bind>
</comp>

<comp id="8903" class="1004" name="tmp_11051_fu_8903">
<pin_list>
<pin id="8904" dir="0" index="0" bw="19" slack="0"/>
<pin id="8905" dir="0" index="1" bw="16" slack="0"/>
<pin id="8906" dir="0" index="2" bw="1" slack="0"/>
<pin id="8907" dir="1" index="3" bw="19" slack="0"/>
</pin_list>
<bind>
<opcode="bitconcatenate(1004) " fcode="bitconcatenate"/>
<opset="tmp_11051/1 "/>
</bind>
</comp>

<comp id="8911" class="1004" name="sext_ln73_4241_fu_8911">
<pin_list>
<pin id="8912" dir="0" index="0" bw="19" slack="0"/>
<pin id="8913" dir="1" index="1" bw="24" slack="0"/>
</pin_list>
<bind>
<opcode="sext(35) " fcode="sext"/>
<opset="sext_ln73_4241/1 "/>
</bind>
</comp>

<comp id="8915" class="1004" name="sub_ln73_3632_fu_8915">
<pin_list>
<pin id="8916" dir="0" index="0" bw="19" slack="0"/>
<pin id="8917" dir="0" index="1" bw="23" slack="0"/>
<pin id="8918" dir="1" index="2" bw="24" slack="0"/>
</pin_list>
<bind>
<opcode="sub(10) " fcode="sub"/>
<opset="sub_ln73_3632/1 "/>
</bind>
</comp>

<comp id="8921" class="1004" name="trunc_ln42_32_fu_8921">
<pin_list>
<pin id="8922" dir="0" index="0" bw="14" slack="0"/>
<pin id="8923" dir="0" index="1" bw="24" slack="0"/>
<pin id="8924" dir="0" index="2" bw="5" slack="0"/>
<pin id="8925" dir="0" index="3" bw="6" slack="0"/>
<pin id="8926" dir="1" index="4" bw="14" slack="0"/>
</pin_list>
<bind>
<opcode="partselect(1002) " fcode="partselect"/>
<opset="trunc_ln42_32/1 "/>
</bind>
</comp>

<comp id="8931" class="1004" name="sext_ln42_8807_fu_8931">
<pin_list>
<pin id="8932" dir="0" index="0" bw="14" slack="0"/>
<pin id="8933" dir="1" index="1" bw="16" slack="0"/>
</pin_list>
<bind>
<opcode="sext(35) " fcode="sext"/>
<opset="sext_ln42_8807/1 "/>
</bind>
</comp>

<comp id="8935" class="1004" name="trunc_ln42_33_fu_8935">
<pin_list>
<pin id="8936" dir="0" index="0" bw="16" slack="0"/>
<pin id="8937" dir="0" index="1" bw="26" slack="0"/>
<pin id="8938" dir="0" index="2" bw="5" slack="0"/>
<pin id="8939" dir="0" index="3" bw="6" slack="0"/>
<pin id="8940" dir="1" index="4" bw="16" slack="0"/>
</pin_list>
<bind>
<opcode="partselect(1002) " fcode="partselect"/>
<opset="trunc_ln42_33/1 "/>
</bind>
</comp>

<comp id="8945" class="1004" name="tmp_11052_fu_8945">
<pin_list>
<pin id="8946" dir="0" index="0" bw="25" slack="0"/>
<pin id="8947" dir="0" index="1" bw="16" slack="0"/>
<pin id="8948" dir="0" index="2" bw="1" slack="0"/>
<pin id="8949" dir="1" index="3" bw="25" slack="0"/>
</pin_list>
<bind>
<opcode="bitconcatenate(1004) " fcode="bitconcatenate"/>
<opset="tmp_11052/1 "/>
</bind>
</comp>

<comp id="8953" class="1004" name="sext_ln42_8808_fu_8953">
<pin_list>
<pin id="8954" dir="0" index="0" bw="25" slack="0"/>
<pin id="8955" dir="1" index="1" bw="26" slack="0"/>
</pin_list>
<bind>
<opcode="sext(35) " fcode="sext"/>
<opset="sext_ln42_8808/1 "/>
</bind>
</comp>

<comp id="8957" class="1004" name="sext_ln42_8809_fu_8957">
<pin_list>
<pin id="8958" dir="0" index="0" bw="23" slack="0"/>
<pin id="8959" dir="1" index="1" bw="26" slack="0"/>
</pin_list>
<bind>
<opcode="sext(35) " fcode="sext"/>
<opset="sext_ln42_8809/1 "/>
</bind>
</comp>

<comp id="8961" class="1004" name="add_ln42_fu_8961">
<pin_list>
<pin id="8962" dir="0" index="0" bw="25" slack="0"/>
<pin id="8963" dir="0" index="1" bw="23" slack="0"/>
<pin id="8964" dir="1" index="2" bw="26" slack="0"/>
</pin_list>
<bind>
<opcode="add(8) " fcode="add"/>
<opset="add_ln42/1 "/>
</bind>
</comp>

<comp id="8967" class="1004" name="trunc_ln42_34_fu_8967">
<pin_list>
<pin id="8968" dir="0" index="0" bw="16" slack="0"/>
<pin id="8969" dir="0" index="1" bw="26" slack="0"/>
<pin id="8970" dir="0" index="2" bw="5" slack="0"/>
<pin id="8971" dir="0" index="3" bw="6" slack="0"/>
<pin id="8972" dir="1" index="4" bw="16" slack="0"/>
</pin_list>
<bind>
<opcode="partselect(1002) " fcode="partselect"/>
<opset="trunc_ln42_34/1 "/>
</bind>
</comp>

<comp id="8977" class="1004" name="sext_ln70_1747_fu_8977">
<pin_list>
<pin id="8978" dir="0" index="0" bw="16" slack="0"/>
<pin id="8979" dir="1" index="1" bw="26" slack="0"/>
</pin_list>
<bind>
<opcode="sext(35) " fcode="sext"/>
<opset="sext_ln70_1747/1 "/>
</bind>
</comp>

<comp id="8983" class="1004" name="trunc_ln42_35_fu_8983">
<pin_list>
<pin id="8984" dir="0" index="0" bw="16" slack="0"/>
<pin id="8985" dir="0" index="1" bw="26" slack="0"/>
<pin id="8986" dir="0" index="2" bw="5" slack="0"/>
<pin id="8987" dir="0" index="3" bw="6" slack="0"/>
<pin id="8988" dir="1" index="4" bw="16" slack="1"/>
</pin_list>
<bind>
<opcode="partselect(1002) " fcode="partselect"/>
<opset="trunc_ln42_35/1 "/>
</bind>
</comp>

<comp id="8993" class="1004" name="tmp_11053_fu_8993">
<pin_list>
<pin id="8994" dir="0" index="0" bw="20" slack="0"/>
<pin id="8995" dir="0" index="1" bw="16" slack="0"/>
<pin id="8996" dir="0" index="2" bw="1" slack="0"/>
<pin id="8997" dir="1" index="3" bw="20" slack="0"/>
</pin_list>
<bind>
<opcode="bitconcatenate(1004) " fcode="bitconcatenate"/>
<opset="tmp_11053/1 "/>
</bind>
</comp>

<comp id="9001" class="1004" name="sext_ln73_4242_fu_9001">
<pin_list>
<pin id="9002" dir="0" index="0" bw="20" slack="0"/>
<pin id="9003" dir="1" index="1" bw="22" slack="0"/>
</pin_list>
<bind>
<opcode="sext(35) " fcode="sext"/>
<opset="sext_ln73_4242/1 "/>
</bind>
</comp>

<comp id="9005" class="1004" name="tmp_11054_fu_9005">
<pin_list>
<pin id="9006" dir="0" index="0" bw="17" slack="0"/>
<pin id="9007" dir="0" index="1" bw="16" slack="0"/>
<pin id="9008" dir="0" index="2" bw="1" slack="0"/>
<pin id="9009" dir="1" index="3" bw="17" slack="0"/>
</pin_list>
<bind>
<opcode="bitconcatenate(1004) " fcode="bitconcatenate"/>
<opset="tmp_11054/1 "/>
</bind>
</comp>

<comp id="9013" class="1004" name="sext_ln73_4243_fu_9013">
<pin_list>
<pin id="9014" dir="0" index="0" bw="17" slack="0"/>
<pin id="9015" dir="1" index="1" bw="22" slack="0"/>
</pin_list>
<bind>
<opcode="sext(35) " fcode="sext"/>
<opset="sext_ln73_4243/1 "/>
</bind>
</comp>

<comp id="9017" class="1004" name="add_ln73_943_fu_9017">
<pin_list>
<pin id="9018" dir="0" index="0" bw="20" slack="0"/>
<pin id="9019" dir="0" index="1" bw="17" slack="0"/>
<pin id="9020" dir="1" index="2" bw="22" slack="0"/>
</pin_list>
<bind>
<opcode="add(8) " fcode="add"/>
<opset="add_ln73_943/1 "/>
</bind>
</comp>

<comp id="9023" class="1004" name="trunc_ln42_36_fu_9023">
<pin_list>
<pin id="9024" dir="0" index="0" bw="12" slack="0"/>
<pin id="9025" dir="0" index="1" bw="21" slack="0"/>
<pin id="9026" dir="0" index="2" bw="5" slack="0"/>
<pin id="9027" dir="0" index="3" bw="6" slack="0"/>
<pin id="9028" dir="1" index="4" bw="12" slack="1"/>
</pin_list>
<bind>
<opcode="partselect(1002) " fcode="partselect"/>
<opset="trunc_ln42_36/1 "/>
</bind>
</comp>

<comp id="9033" class="1004" name="trunc_ln42_37_fu_9033">
<pin_list>
<pin id="9034" dir="0" index="0" bw="16" slack="0"/>
<pin id="9035" dir="0" index="1" bw="26" slack="0"/>
<pin id="9036" dir="0" index="2" bw="5" slack="0"/>
<pin id="9037" dir="0" index="3" bw="6" slack="0"/>
<pin id="9038" dir="1" index="4" bw="16" slack="1"/>
</pin_list>
<bind>
<opcode="partselect(1002) " fcode="partselect"/>
<opset="trunc_ln42_37/1 "/>
</bind>
</comp>

<comp id="9043" class="1004" name="sext_ln42_8811_fu_9043">
<pin_list>
<pin id="9044" dir="0" index="0" bw="16" slack="0"/>
<pin id="9045" dir="1" index="1" bw="26" slack="0"/>
</pin_list>
<bind>
<opcode="sext(35) " fcode="sext"/>
<opset="sext_ln42_8811/1 "/>
</bind>
</comp>

<comp id="9050" class="1004" name="trunc_ln42_38_fu_9050">
<pin_list>
<pin id="9051" dir="0" index="0" bw="16" slack="0"/>
<pin id="9052" dir="0" index="1" bw="26" slack="0"/>
<pin id="9053" dir="0" index="2" bw="5" slack="0"/>
<pin id="9054" dir="0" index="3" bw="6" slack="0"/>
<pin id="9055" dir="1" index="4" bw="16" slack="1"/>
</pin_list>
<bind>
<opcode="partselect(1002) " fcode="partselect"/>
<opset="trunc_ln42_38/1 "/>
</bind>
</comp>

<comp id="9060" class="1004" name="trunc_ln42_39_fu_9060">
<pin_list>
<pin id="9061" dir="0" index="0" bw="16" slack="0"/>
<pin id="9062" dir="0" index="1" bw="26" slack="0"/>
<pin id="9063" dir="0" index="2" bw="5" slack="0"/>
<pin id="9064" dir="0" index="3" bw="6" slack="0"/>
<pin id="9065" dir="1" index="4" bw="16" slack="1"/>
</pin_list>
<bind>
<opcode="partselect(1002) " fcode="partselect"/>
<opset="trunc_ln42_39/1 "/>
</bind>
</comp>

<comp id="9070" class="1004" name="trunc_ln42_40_fu_9070">
<pin_list>
<pin id="9071" dir="0" index="0" bw="16" slack="0"/>
<pin id="9072" dir="0" index="1" bw="26" slack="0"/>
<pin id="9073" dir="0" index="2" bw="5" slack="0"/>
<pin id="9074" dir="0" index="3" bw="6" slack="0"/>
<pin id="9075" dir="1" index="4" bw="16" slack="1"/>
</pin_list>
<bind>
<opcode="partselect(1002) " fcode="partselect"/>
<opset="trunc_ln42_40/1 "/>
</bind>
</comp>

<comp id="9080" class="1004" name="sext_ln70_1748_fu_9080">
<pin_list>
<pin id="9081" dir="0" index="0" bw="16" slack="0"/>
<pin id="9082" dir="1" index="1" bw="23" slack="0"/>
</pin_list>
<bind>
<opcode="sext(35) " fcode="sext"/>
<opset="sext_ln70_1748/1 "/>
</bind>
</comp>

<comp id="9084" class="1004" name="sext_ln70_1749_fu_9084">
<pin_list>
<pin id="9085" dir="0" index="0" bw="16" slack="0"/>
<pin id="9086" dir="1" index="1" bw="26" slack="0"/>
</pin_list>
<bind>
<opcode="sext(35) " fcode="sext"/>
<opset="sext_ln70_1749/1 "/>
</bind>
</comp>

<comp id="9090" class="1004" name="trunc_ln42_41_fu_9090">
<pin_list>
<pin id="9091" dir="0" index="0" bw="16" slack="0"/>
<pin id="9092" dir="0" index="1" bw="26" slack="0"/>
<pin id="9093" dir="0" index="2" bw="5" slack="0"/>
<pin id="9094" dir="0" index="3" bw="6" slack="0"/>
<pin id="9095" dir="1" index="4" bw="16" slack="0"/>
</pin_list>
<bind>
<opcode="partselect(1002) " fcode="partselect"/>
<opset="trunc_ln42_41/1 "/>
</bind>
</comp>

<comp id="9100" class="1004" name="trunc_ln42_42_fu_9100">
<pin_list>
<pin id="9101" dir="0" index="0" bw="16" slack="0"/>
<pin id="9102" dir="0" index="1" bw="26" slack="0"/>
<pin id="9103" dir="0" index="2" bw="5" slack="0"/>
<pin id="9104" dir="0" index="3" bw="6" slack="0"/>
<pin id="9105" dir="1" index="4" bw="16" slack="0"/>
</pin_list>
<bind>
<opcode="partselect(1002) " fcode="partselect"/>
<opset="trunc_ln42_42/1 "/>
</bind>
</comp>

<comp id="9110" class="1004" name="tmp_11055_fu_9110">
<pin_list>
<pin id="9111" dir="0" index="0" bw="21" slack="0"/>
<pin id="9112" dir="0" index="1" bw="16" slack="0"/>
<pin id="9113" dir="0" index="2" bw="1" slack="0"/>
<pin id="9114" dir="1" index="3" bw="21" slack="0"/>
</pin_list>
<bind>
<opcode="bitconcatenate(1004) " fcode="bitconcatenate"/>
<opset="tmp_11055/1 "/>
</bind>
</comp>

<comp id="9118" class="1004" name="sext_ln73_4244_fu_9118">
<pin_list>
<pin id="9119" dir="0" index="0" bw="21" slack="0"/>
<pin id="9120" dir="1" index="1" bw="23" slack="0"/>
</pin_list>
<bind>
<opcode="sext(35) " fcode="sext"/>
<opset="sext_ln73_4244/1 "/>
</bind>
</comp>

<comp id="9122" class="1004" name="sub_ln73_3633_fu_9122">
<pin_list>
<pin id="9123" dir="0" index="0" bw="1" slack="0"/>
<pin id="9124" dir="0" index="1" bw="21" slack="0"/>
<pin id="9125" dir="1" index="2" bw="23" slack="0"/>
</pin_list>
<bind>
<opcode="sub(10) " fcode="sub"/>
<opset="sub_ln73_3633/1 "/>
</bind>
</comp>

<comp id="9128" class="1004" name="sub_ln73_3634_fu_9128">
<pin_list>
<pin id="9129" dir="0" index="0" bw="23" slack="0"/>
<pin id="9130" dir="0" index="1" bw="16" slack="0"/>
<pin id="9131" dir="1" index="2" bw="23" slack="0"/>
</pin_list>
<bind>
<opcode="sub(10) " fcode="sub"/>
<opset="sub_ln73_3634/1 "/>
</bind>
</comp>

<comp id="9134" class="1004" name="trunc_ln42_43_fu_9134">
<pin_list>
<pin id="9135" dir="0" index="0" bw="13" slack="0"/>
<pin id="9136" dir="0" index="1" bw="23" slack="0"/>
<pin id="9137" dir="0" index="2" bw="5" slack="0"/>
<pin id="9138" dir="0" index="3" bw="6" slack="0"/>
<pin id="9139" dir="1" index="4" bw="13" slack="0"/>
</pin_list>
<bind>
<opcode="partselect(1002) " fcode="partselect"/>
<opset="trunc_ln42_43/1 "/>
</bind>
</comp>

<comp id="9144" class="1004" name="sext_ln42_8812_fu_9144">
<pin_list>
<pin id="9145" dir="0" index="0" bw="13" slack="0"/>
<pin id="9146" dir="1" index="1" bw="16" slack="0"/>
</pin_list>
<bind>
<opcode="sext(35) " fcode="sext"/>
<opset="sext_ln42_8812/1 "/>
</bind>
</comp>

<comp id="9148" class="1004" name="sext_ln70_1750_fu_9148">
<pin_list>
<pin id="9149" dir="0" index="0" bw="16" slack="0"/>
<pin id="9150" dir="1" index="1" bw="26" slack="0"/>
</pin_list>
<bind>
<opcode="sext(35) " fcode="sext"/>
<opset="sext_ln70_1750/1 "/>
</bind>
</comp>

<comp id="9155" class="1004" name="trunc_ln42_44_fu_9155">
<pin_list>
<pin id="9156" dir="0" index="0" bw="16" slack="0"/>
<pin id="9157" dir="0" index="1" bw="26" slack="0"/>
<pin id="9158" dir="0" index="2" bw="5" slack="0"/>
<pin id="9159" dir="0" index="3" bw="6" slack="0"/>
<pin id="9160" dir="1" index="4" bw="16" slack="0"/>
</pin_list>
<bind>
<opcode="partselect(1002) " fcode="partselect"/>
<opset="trunc_ln42_44/1 "/>
</bind>
</comp>

<comp id="9165" class="1004" name="trunc_ln42_45_fu_9165">
<pin_list>
<pin id="9166" dir="0" index="0" bw="16" slack="0"/>
<pin id="9167" dir="0" index="1" bw="26" slack="0"/>
<pin id="9168" dir="0" index="2" bw="5" slack="0"/>
<pin id="9169" dir="0" index="3" bw="6" slack="0"/>
<pin id="9170" dir="1" index="4" bw="16" slack="0"/>
</pin_list>
<bind>
<opcode="partselect(1002) " fcode="partselect"/>
<opset="trunc_ln42_45/1 "/>
</bind>
</comp>

<comp id="9175" class="1004" name="trunc_ln42_46_fu_9175">
<pin_list>
<pin id="9176" dir="0" index="0" bw="16" slack="0"/>
<pin id="9177" dir="0" index="1" bw="26" slack="0"/>
<pin id="9178" dir="0" index="2" bw="5" slack="0"/>
<pin id="9179" dir="0" index="3" bw="6" slack="0"/>
<pin id="9180" dir="1" index="4" bw="16" slack="0"/>
</pin_list>
<bind>
<opcode="partselect(1002) " fcode="partselect"/>
<opset="trunc_ln42_46/1 "/>
</bind>
</comp>

<comp id="9185" class="1004" name="add_ln58_18375_fu_9185">
<pin_list>
<pin id="9186" dir="0" index="0" bw="16" slack="0"/>
<pin id="9187" dir="0" index="1" bw="16" slack="0"/>
<pin id="9188" dir="1" index="2" bw="16" slack="1"/>
</pin_list>
<bind>
<opcode="add(8) " fcode="add"/>
<opset="add_ln58_18375/1 "/>
</bind>
</comp>

<comp id="9191" class="1004" name="add_ln58_18378_fu_9191">
<pin_list>
<pin id="9192" dir="0" index="0" bw="16" slack="0"/>
<pin id="9193" dir="0" index="1" bw="15" slack="0"/>
<pin id="9194" dir="1" index="2" bw="16" slack="1"/>
</pin_list>
<bind>
<opcode="add(8) " fcode="add"/>
<opset="add_ln58_18378/1 "/>
</bind>
</comp>

<comp id="9197" class="1004" name="add_ln58_18381_fu_9197">
<pin_list>
<pin id="9198" dir="0" index="0" bw="16" slack="0"/>
<pin id="9199" dir="0" index="1" bw="16" slack="0"/>
<pin id="9200" dir="1" index="2" bw="16" slack="1"/>
</pin_list>
<bind>
<opcode="add(8) " fcode="add"/>
<opset="add_ln58_18381/1 "/>
</bind>
</comp>

<comp id="9203" class="1004" name="add_ln58_18382_fu_9203">
<pin_list>
<pin id="9204" dir="0" index="0" bw="16" slack="0"/>
<pin id="9205" dir="0" index="1" bw="14" slack="0"/>
<pin id="9206" dir="1" index="2" bw="16" slack="1"/>
</pin_list>
<bind>
<opcode="add(8) " fcode="add"/>
<opset="add_ln58_18382/1 "/>
</bind>
</comp>

<comp id="9209" class="1004" name="add_ln58_18385_fu_9209">
<pin_list>
<pin id="9210" dir="0" index="0" bw="16" slack="0"/>
<pin id="9211" dir="0" index="1" bw="8" slack="0"/>
<pin id="9212" dir="1" index="2" bw="16" slack="0"/>
</pin_list>
<bind>
<opcode="add(8) " fcode="add"/>
<opset="add_ln58_18385/1 "/>
</bind>
</comp>

<comp id="9215" class="1004" name="add_ln58_18386_fu_9215">
<pin_list>
<pin id="9216" dir="0" index="0" bw="16" slack="0"/>
<pin id="9217" dir="0" index="1" bw="16" slack="0"/>
<pin id="9218" dir="1" index="2" bw="16" slack="1"/>
</pin_list>
<bind>
<opcode="add(8) " fcode="add"/>
<opset="add_ln58_18386/1 "/>
</bind>
</comp>

<comp id="9221" class="1004" name="add_ln58_18391_fu_9221">
<pin_list>
<pin id="9222" dir="0" index="0" bw="16" slack="0"/>
<pin id="9223" dir="0" index="1" bw="16" slack="0"/>
<pin id="9224" dir="1" index="2" bw="16" slack="1"/>
</pin_list>
<bind>
<opcode="add(8) " fcode="add"/>
<opset="add_ln58_18391/1 "/>
</bind>
</comp>

<comp id="9227" class="1004" name="add_ln58_18394_fu_9227">
<pin_list>
<pin id="9228" dir="0" index="0" bw="12" slack="0"/>
<pin id="9229" dir="0" index="1" bw="14" slack="0"/>
<pin id="9230" dir="1" index="2" bw="15" slack="1"/>
</pin_list>
<bind>
<opcode="add(8) " fcode="add"/>
<opset="add_ln58_18394/1 "/>
</bind>
</comp>

<comp id="9233" class="1004" name="add_ln58_18397_fu_9233">
<pin_list>
<pin id="9234" dir="0" index="0" bw="15" slack="0"/>
<pin id="9235" dir="0" index="1" bw="14" slack="0"/>
<pin id="9236" dir="1" index="2" bw="16" slack="1"/>
</pin_list>
<bind>
<opcode="add(8) " fcode="add"/>
<opset="add_ln58_18397/1 "/>
</bind>
</comp>

<comp id="9239" class="1004" name="add_ln58_18398_fu_9239">
<pin_list>
<pin id="9240" dir="0" index="0" bw="16" slack="0"/>
<pin id="9241" dir="0" index="1" bw="16" slack="0"/>
<pin id="9242" dir="1" index="2" bw="16" slack="1"/>
</pin_list>
<bind>
<opcode="add(8) " fcode="add"/>
<opset="add_ln58_18398/1 "/>
</bind>
</comp>

<comp id="9245" class="1004" name="add_ln58_18401_fu_9245">
<pin_list>
<pin id="9246" dir="0" index="0" bw="16" slack="0"/>
<pin id="9247" dir="0" index="1" bw="8" slack="0"/>
<pin id="9248" dir="1" index="2" bw="16" slack="0"/>
</pin_list>
<bind>
<opcode="add(8) " fcode="add"/>
<opset="add_ln58_18401/1 "/>
</bind>
</comp>

<comp id="9251" class="1004" name="add_ln58_18402_fu_9251">
<pin_list>
<pin id="9252" dir="0" index="0" bw="16" slack="0"/>
<pin id="9253" dir="0" index="1" bw="16" slack="0"/>
<pin id="9254" dir="1" index="2" bw="16" slack="1"/>
</pin_list>
<bind>
<opcode="add(8) " fcode="add"/>
<opset="add_ln58_18402/1 "/>
</bind>
</comp>

<comp id="9257" class="1004" name="add_ln58_18407_fu_9257">
<pin_list>
<pin id="9258" dir="0" index="0" bw="15" slack="0"/>
<pin id="9259" dir="0" index="1" bw="16" slack="0"/>
<pin id="9260" dir="1" index="2" bw="16" slack="1"/>
</pin_list>
<bind>
<opcode="add(8) " fcode="add"/>
<opset="add_ln58_18407/1 "/>
</bind>
</comp>

<comp id="9263" class="1004" name="add_ln58_18410_fu_9263">
<pin_list>
<pin id="9264" dir="0" index="0" bw="16" slack="0"/>
<pin id="9265" dir="0" index="1" bw="16" slack="0"/>
<pin id="9266" dir="1" index="2" bw="16" slack="1"/>
</pin_list>
<bind>
<opcode="add(8) " fcode="add"/>
<opset="add_ln58_18410/1 "/>
</bind>
</comp>

<comp id="9269" class="1004" name="add_ln58_18413_fu_9269">
<pin_list>
<pin id="9270" dir="0" index="0" bw="14" slack="0"/>
<pin id="9271" dir="0" index="1" bw="15" slack="0"/>
<pin id="9272" dir="1" index="2" bw="16" slack="1"/>
</pin_list>
<bind>
<opcode="add(8) " fcode="add"/>
<opset="add_ln58_18413/1 "/>
</bind>
</comp>

<comp id="9275" class="1004" name="add_ln58_18414_fu_9275">
<pin_list>
<pin id="9276" dir="0" index="0" bw="16" slack="0"/>
<pin id="9277" dir="0" index="1" bw="16" slack="0"/>
<pin id="9278" dir="1" index="2" bw="16" slack="1"/>
</pin_list>
<bind>
<opcode="add(8) " fcode="add"/>
<opset="add_ln58_18414/1 "/>
</bind>
</comp>

<comp id="9281" class="1004" name="add_ln58_18417_fu_9281">
<pin_list>
<pin id="9282" dir="0" index="0" bw="16" slack="0"/>
<pin id="9283" dir="0" index="1" bw="6" slack="0"/>
<pin id="9284" dir="1" index="2" bw="16" slack="0"/>
</pin_list>
<bind>
<opcode="add(8) " fcode="add"/>
<opset="add_ln58_18417/1 "/>
</bind>
</comp>

<comp id="9287" class="1004" name="add_ln58_18418_fu_9287">
<pin_list>
<pin id="9288" dir="0" index="0" bw="16" slack="0"/>
<pin id="9289" dir="0" index="1" bw="13" slack="0"/>
<pin id="9290" dir="1" index="2" bw="16" slack="1"/>
</pin_list>
<bind>
<opcode="add(8) " fcode="add"/>
<opset="add_ln58_18418/1 "/>
</bind>
</comp>

<comp id="9293" class="1004" name="sext_ln42_fu_9293">
<pin_list>
<pin id="9294" dir="0" index="0" bw="15" slack="1"/>
<pin id="9295" dir="1" index="1" bw="16" slack="0"/>
</pin_list>
<bind>
<opcode="sext(35) " fcode="sext"/>
<opset="sext_ln42/2 "/>
</bind>
</comp>

<comp id="9296" class="1004" name="sext_ln42_8796_fu_9296">
<pin_list>
<pin id="9297" dir="0" index="0" bw="14" slack="1"/>
<pin id="9298" dir="1" index="1" bw="16" slack="0"/>
</pin_list>
<bind>
<opcode="sext(35) " fcode="sext"/>
<opset="sext_ln42_8796/2 "/>
</bind>
</comp>

<comp id="9299" class="1004" name="sext_ln42_8799_fu_9299">
<pin_list>
<pin id="9300" dir="0" index="0" bw="15" slack="1"/>
<pin id="9301" dir="1" index="1" bw="16" slack="0"/>
</pin_list>
<bind>
<opcode="sext(35) " fcode="sext"/>
<opset="sext_ln42_8799/2 "/>
</bind>
</comp>

<comp id="9302" class="1004" name="sext_ln42_8810_fu_9302">
<pin_list>
<pin id="9303" dir="0" index="0" bw="12" slack="1"/>
<pin id="9304" dir="1" index="1" bw="16" slack="0"/>
</pin_list>
<bind>
<opcode="sext(35) " fcode="sext"/>
<opset="sext_ln42_8810/2 "/>
</bind>
</comp>

<comp id="9305" class="1004" name="add_ln58_fu_9305">
<pin_list>
<pin id="9306" dir="0" index="0" bw="16" slack="1"/>
<pin id="9307" dir="0" index="1" bw="16" slack="1"/>
<pin id="9308" dir="1" index="2" bw="16" slack="0"/>
</pin_list>
<bind>
<opcode="add(8) " fcode="add"/>
<opset="add_ln58/2 "/>
</bind>
</comp>

<comp id="9309" class="1004" name="add_ln58_18376_fu_9309">
<pin_list>
<pin id="9310" dir="0" index="0" bw="16" slack="1"/>
<pin id="9311" dir="0" index="1" bw="16" slack="0"/>
<pin id="9312" dir="1" index="2" bw="16" slack="0"/>
</pin_list>
<bind>
<opcode="add(8) " fcode="add"/>
<opset="add_ln58_18376/2 "/>
</bind>
</comp>

<comp id="9314" class="1004" name="add_ln58_18377_fu_9314">
<pin_list>
<pin id="9315" dir="0" index="0" bw="16" slack="1"/>
<pin id="9316" dir="0" index="1" bw="16" slack="1"/>
<pin id="9317" dir="1" index="2" bw="16" slack="0"/>
</pin_list>
<bind>
<opcode="add(8) " fcode="add"/>
<opset="add_ln58_18377/2 "/>
</bind>
</comp>

<comp id="9318" class="1004" name="add_ln58_18379_fu_9318">
<pin_list>
<pin id="9319" dir="0" index="0" bw="16" slack="1"/>
<pin id="9320" dir="0" index="1" bw="16" slack="0"/>
<pin id="9321" dir="1" index="2" bw="16" slack="0"/>
</pin_list>
<bind>
<opcode="add(8) " fcode="add"/>
<opset="add_ln58_18379/2 "/>
</bind>
</comp>

<comp id="9323" class="1004" name="add_ln58_18380_fu_9323">
<pin_list>
<pin id="9324" dir="0" index="0" bw="16" slack="0"/>
<pin id="9325" dir="0" index="1" bw="16" slack="0"/>
<pin id="9326" dir="1" index="2" bw="16" slack="0"/>
</pin_list>
<bind>
<opcode="add(8) " fcode="add"/>
<opset="add_ln58_18380/2 "/>
</bind>
</comp>

<comp id="9329" class="1004" name="add_ln58_18383_fu_9329">
<pin_list>
<pin id="9330" dir="0" index="0" bw="16" slack="1"/>
<pin id="9331" dir="0" index="1" bw="16" slack="1"/>
<pin id="9332" dir="1" index="2" bw="16" slack="0"/>
</pin_list>
<bind>
<opcode="add(8) " fcode="add"/>
<opset="add_ln58_18383/2 "/>
</bind>
</comp>

<comp id="9333" class="1004" name="add_ln58_18384_fu_9333">
<pin_list>
<pin id="9334" dir="0" index="0" bw="16" slack="1"/>
<pin id="9335" dir="0" index="1" bw="16" slack="1"/>
<pin id="9336" dir="1" index="2" bw="16" slack="0"/>
</pin_list>
<bind>
<opcode="add(8) " fcode="add"/>
<opset="add_ln58_18384/2 "/>
</bind>
</comp>

<comp id="9337" class="1004" name="add_ln58_18387_fu_9337">
<pin_list>
<pin id="9338" dir="0" index="0" bw="16" slack="1"/>
<pin id="9339" dir="0" index="1" bw="16" slack="0"/>
<pin id="9340" dir="1" index="2" bw="16" slack="0"/>
</pin_list>
<bind>
<opcode="add(8) " fcode="add"/>
<opset="add_ln58_18387/2 "/>
</bind>
</comp>

<comp id="9342" class="1004" name="add_ln58_18388_fu_9342">
<pin_list>
<pin id="9343" dir="0" index="0" bw="16" slack="0"/>
<pin id="9344" dir="0" index="1" bw="16" slack="0"/>
<pin id="9345" dir="1" index="2" bw="16" slack="0"/>
</pin_list>
<bind>
<opcode="add(8) " fcode="add"/>
<opset="add_ln58_18388/2 "/>
</bind>
</comp>

<comp id="9348" class="1004" name="x_fu_9348">
<pin_list>
<pin id="9349" dir="0" index="0" bw="16" slack="0"/>
<pin id="9350" dir="0" index="1" bw="16" slack="0"/>
<pin id="9351" dir="1" index="2" bw="16" slack="0"/>
</pin_list>
<bind>
<opcode="add(8) " fcode="add"/>
<opset="x/2 "/>
</bind>
</comp>

<comp id="9354" class="1004" name="add_ln58_18390_fu_9354">
<pin_list>
<pin id="9355" dir="0" index="0" bw="16" slack="1"/>
<pin id="9356" dir="0" index="1" bw="14" slack="0"/>
<pin id="9357" dir="1" index="2" bw="16" slack="0"/>
</pin_list>
<bind>
<opcode="add(8) " fcode="add"/>
<opset="add_ln58_18390/2 "/>
</bind>
</comp>

<comp id="9359" class="1004" name="add_ln58_18392_fu_9359">
<pin_list>
<pin id="9360" dir="0" index="0" bw="16" slack="1"/>
<pin id="9361" dir="0" index="1" bw="16" slack="0"/>
<pin id="9362" dir="1" index="2" bw="16" slack="0"/>
</pin_list>
<bind>
<opcode="add(8) " fcode="add"/>
<opset="add_ln58_18392/2 "/>
</bind>
</comp>

<comp id="9364" class="1004" name="add_ln58_18393_fu_9364">
<pin_list>
<pin id="9365" dir="0" index="0" bw="16" slack="1"/>
<pin id="9366" dir="0" index="1" bw="16" slack="1"/>
<pin id="9367" dir="1" index="2" bw="16" slack="0"/>
</pin_list>
<bind>
<opcode="add(8) " fcode="add"/>
<opset="add_ln58_18393/2 "/>
</bind>
</comp>

<comp id="9368" class="1004" name="sext_ln58_fu_9368">
<pin_list>
<pin id="9369" dir="0" index="0" bw="15" slack="1"/>
<pin id="9370" dir="1" index="1" bw="16" slack="0"/>
</pin_list>
<bind>
<opcode="sext(35) " fcode="sext"/>
<opset="sext_ln58/2 "/>
</bind>
</comp>

<comp id="9371" class="1004" name="add_ln58_18395_fu_9371">
<pin_list>
<pin id="9372" dir="0" index="0" bw="15" slack="0"/>
<pin id="9373" dir="0" index="1" bw="16" slack="0"/>
<pin id="9374" dir="1" index="2" bw="16" slack="0"/>
</pin_list>
<bind>
<opcode="add(8) " fcode="add"/>
<opset="add_ln58_18395/2 "/>
</bind>
</comp>

<comp id="9377" class="1004" name="add_ln58_18396_fu_9377">
<pin_list>
<pin id="9378" dir="0" index="0" bw="16" slack="0"/>
<pin id="9379" dir="0" index="1" bw="16" slack="0"/>
<pin id="9380" dir="1" index="2" bw="16" slack="0"/>
</pin_list>
<bind>
<opcode="add(8) " fcode="add"/>
<opset="add_ln58_18396/2 "/>
</bind>
</comp>

<comp id="9383" class="1004" name="add_ln58_18399_fu_9383">
<pin_list>
<pin id="9384" dir="0" index="0" bw="16" slack="1"/>
<pin id="9385" dir="0" index="1" bw="16" slack="1"/>
<pin id="9386" dir="1" index="2" bw="16" slack="0"/>
</pin_list>
<bind>
<opcode="add(8) " fcode="add"/>
<opset="add_ln58_18399/2 "/>
</bind>
</comp>

<comp id="9387" class="1004" name="add_ln58_18400_fu_9387">
<pin_list>
<pin id="9388" dir="0" index="0" bw="12" slack="0"/>
<pin id="9389" dir="0" index="1" bw="16" slack="1"/>
<pin id="9390" dir="1" index="2" bw="16" slack="0"/>
</pin_list>
<bind>
<opcode="add(8) " fcode="add"/>
<opset="add_ln58_18400/2 "/>
</bind>
</comp>

<comp id="9392" class="1004" name="add_ln58_18403_fu_9392">
<pin_list>
<pin id="9393" dir="0" index="0" bw="16" slack="1"/>
<pin id="9394" dir="0" index="1" bw="16" slack="0"/>
<pin id="9395" dir="1" index="2" bw="16" slack="0"/>
</pin_list>
<bind>
<opcode="add(8) " fcode="add"/>
<opset="add_ln58_18403/2 "/>
</bind>
</comp>

<comp id="9397" class="1004" name="add_ln58_18404_fu_9397">
<pin_list>
<pin id="9398" dir="0" index="0" bw="16" slack="0"/>
<pin id="9399" dir="0" index="1" bw="16" slack="0"/>
<pin id="9400" dir="1" index="2" bw="16" slack="0"/>
</pin_list>
<bind>
<opcode="add(8) " fcode="add"/>
<opset="add_ln58_18404/2 "/>
</bind>
</comp>

<comp id="9403" class="1004" name="x_239_fu_9403">
<pin_list>
<pin id="9404" dir="0" index="0" bw="16" slack="0"/>
<pin id="9405" dir="0" index="1" bw="16" slack="0"/>
<pin id="9406" dir="1" index="2" bw="16" slack="0"/>
</pin_list>
<bind>
<opcode="add(8) " fcode="add"/>
<opset="x_239/2 "/>
</bind>
</comp>

<comp id="9409" class="1004" name="add_ln58_18406_fu_9409">
<pin_list>
<pin id="9410" dir="0" index="0" bw="15" slack="0"/>
<pin id="9411" dir="0" index="1" bw="16" slack="1"/>
<pin id="9412" dir="1" index="2" bw="16" slack="0"/>
</pin_list>
<bind>
<opcode="add(8) " fcode="add"/>
<opset="add_ln58_18406/2 "/>
</bind>
</comp>

<comp id="9414" class="1004" name="add_ln58_18408_fu_9414">
<pin_list>
<pin id="9415" dir="0" index="0" bw="16" slack="1"/>
<pin id="9416" dir="0" index="1" bw="16" slack="0"/>
<pin id="9417" dir="1" index="2" bw="16" slack="0"/>
</pin_list>
<bind>
<opcode="add(8) " fcode="add"/>
<opset="add_ln58_18408/2 "/>
</bind>
</comp>

<comp id="9419" class="1004" name="add_ln58_18409_fu_9419">
<pin_list>
<pin id="9420" dir="0" index="0" bw="16" slack="1"/>
<pin id="9421" dir="0" index="1" bw="15" slack="0"/>
<pin id="9422" dir="1" index="2" bw="16" slack="0"/>
</pin_list>
<bind>
<opcode="add(8) " fcode="add"/>
<opset="add_ln58_18409/2 "/>
</bind>
</comp>

<comp id="9424" class="1004" name="add_ln58_18411_fu_9424">
<pin_list>
<pin id="9425" dir="0" index="0" bw="16" slack="1"/>
<pin id="9426" dir="0" index="1" bw="16" slack="0"/>
<pin id="9427" dir="1" index="2" bw="16" slack="0"/>
</pin_list>
<bind>
<opcode="add(8) " fcode="add"/>
<opset="add_ln58_18411/2 "/>
</bind>
</comp>

<comp id="9429" class="1004" name="add_ln58_18412_fu_9429">
<pin_list>
<pin id="9430" dir="0" index="0" bw="16" slack="0"/>
<pin id="9431" dir="0" index="1" bw="16" slack="0"/>
<pin id="9432" dir="1" index="2" bw="16" slack="0"/>
</pin_list>
<bind>
<opcode="add(8) " fcode="add"/>
<opset="add_ln58_18412/2 "/>
</bind>
</comp>

<comp id="9435" class="1004" name="add_ln58_18415_fu_9435">
<pin_list>
<pin id="9436" dir="0" index="0" bw="16" slack="1"/>
<pin id="9437" dir="0" index="1" bw="16" slack="1"/>
<pin id="9438" dir="1" index="2" bw="16" slack="0"/>
</pin_list>
<bind>
<opcode="add(8) " fcode="add"/>
<opset="add_ln58_18415/2 "/>
</bind>
</comp>

<comp id="9439" class="1004" name="add_ln58_18416_fu_9439">
<pin_list>
<pin id="9440" dir="0" index="0" bw="16" slack="1"/>
<pin id="9441" dir="0" index="1" bw="16" slack="1"/>
<pin id="9442" dir="1" index="2" bw="16" slack="0"/>
</pin_list>
<bind>
<opcode="add(8) " fcode="add"/>
<opset="add_ln58_18416/2 "/>
</bind>
</comp>

<comp id="9443" class="1004" name="add_ln58_18419_fu_9443">
<pin_list>
<pin id="9444" dir="0" index="0" bw="16" slack="1"/>
<pin id="9445" dir="0" index="1" bw="16" slack="0"/>
<pin id="9446" dir="1" index="2" bw="16" slack="0"/>
</pin_list>
<bind>
<opcode="add(8) " fcode="add"/>
<opset="add_ln58_18419/2 "/>
</bind>
</comp>

<comp id="9448" class="1004" name="add_ln58_18420_fu_9448">
<pin_list>
<pin id="9449" dir="0" index="0" bw="16" slack="0"/>
<pin id="9450" dir="0" index="1" bw="16" slack="0"/>
<pin id="9451" dir="1" index="2" bw="16" slack="0"/>
</pin_list>
<bind>
<opcode="add(8) " fcode="add"/>
<opset="add_ln58_18420/2 "/>
</bind>
</comp>

<comp id="9454" class="1004" name="x_240_fu_9454">
<pin_list>
<pin id="9455" dir="0" index="0" bw="16" slack="0"/>
<pin id="9456" dir="0" index="1" bw="16" slack="0"/>
<pin id="9457" dir="1" index="2" bw="16" slack="0"/>
</pin_list>
<bind>
<opcode="add(8) " fcode="add"/>
<opset="x_240/2 "/>
</bind>
</comp>

<comp id="9460" class="1004" name="shl_ln_fu_9460">
<pin_list>
<pin id="9461" dir="0" index="0" bw="26" slack="0"/>
<pin id="9462" dir="0" index="1" bw="16" slack="0"/>
<pin id="9463" dir="0" index="2" bw="1" slack="0"/>
<pin id="9464" dir="1" index="3" bw="26" slack="0"/>
</pin_list>
<bind>
<opcode="bitconcatenate(1004) " fcode="bitconcatenate"/>
<opset="shl_ln/2 "/>
</bind>
</comp>

<comp id="9468" class="1004" name="sext_ln110_fu_9468">
<pin_list>
<pin id="9469" dir="0" index="0" bw="26" slack="0"/>
<pin id="9470" dir="1" index="1" bw="37" slack="0"/>
</pin_list>
<bind>
<opcode="sext(35) " fcode="sext"/>
<opset="sext_ln110/2 "/>
</bind>
</comp>

<comp id="9472" class="1004" name="shl_ln111_s_fu_9472">
<pin_list>
<pin id="9473" dir="0" index="0" bw="26" slack="0"/>
<pin id="9474" dir="0" index="1" bw="16" slack="0"/>
<pin id="9475" dir="0" index="2" bw="1" slack="0"/>
<pin id="9476" dir="1" index="3" bw="26" slack="0"/>
</pin_list>
<bind>
<opcode="bitconcatenate(1004) " fcode="bitconcatenate"/>
<opset="shl_ln111_s/2 "/>
</bind>
</comp>

<comp id="9480" class="1004" name="sext_ln110_233_fu_9480">
<pin_list>
<pin id="9481" dir="0" index="0" bw="26" slack="0"/>
<pin id="9482" dir="1" index="1" bw="37" slack="0"/>
</pin_list>
<bind>
<opcode="sext(35) " fcode="sext"/>
<opset="sext_ln110_233/2 "/>
</bind>
</comp>

<comp id="9484" class="1004" name="shl_ln111_233_fu_9484">
<pin_list>
<pin id="9485" dir="0" index="0" bw="26" slack="0"/>
<pin id="9486" dir="0" index="1" bw="16" slack="0"/>
<pin id="9487" dir="0" index="2" bw="1" slack="0"/>
<pin id="9488" dir="1" index="3" bw="26" slack="0"/>
</pin_list>
<bind>
<opcode="bitconcatenate(1004) " fcode="bitconcatenate"/>
<opset="shl_ln111_233/2 "/>
</bind>
</comp>

<comp id="9492" class="1004" name="sext_ln68_fu_9492">
<pin_list>
<pin id="9493" dir="0" index="0" bw="26" slack="0"/>
<pin id="9494" dir="1" index="1" bw="37" slack="0"/>
</pin_list>
<bind>
<opcode="sext(35) " fcode="sext"/>
<opset="sext_ln68/2 "/>
</bind>
</comp>

<comp id="9496" class="1004" name="mrv_fu_9496">
<pin_list>
<pin id="9497" dir="0" index="0" bw="111" slack="0"/>
<pin id="9498" dir="0" index="1" bw="26" slack="0"/>
<pin id="9499" dir="1" index="2" bw="111" slack="0"/>
</pin_list>
<bind>
<opcode="insertvalue(57) " fcode="insertvalue"/>
<opset="mrv/2 "/>
</bind>
</comp>

<comp id="9502" class="1004" name="mrv_1_fu_9502">
<pin_list>
<pin id="9503" dir="0" index="0" bw="111" slack="0"/>
<pin id="9504" dir="0" index="1" bw="26" slack="0"/>
<pin id="9505" dir="1" index="2" bw="111" slack="0"/>
</pin_list>
<bind>
<opcode="insertvalue(57) " fcode="insertvalue"/>
<opset="mrv_1/2 "/>
</bind>
</comp>

<comp id="9508" class="1004" name="mrv_2_fu_9508">
<pin_list>
<pin id="9509" dir="0" index="0" bw="111" slack="0"/>
<pin id="9510" dir="0" index="1" bw="26" slack="0"/>
<pin id="9511" dir="1" index="2" bw="111" slack="2147483647"/>
</pin_list>
<bind>
<opcode="insertvalue(57) " fcode="insertvalue"/>
<opset="mrv_2/2 "/>
</bind>
</comp>

<comp id="9514" class="1005" name="trunc_ln_reg_9514">
<pin_list>
<pin id="9515" dir="0" index="0" bw="16" slack="1"/>
<pin id="9516" dir="1" index="1" bw="16" slack="1"/>
</pin_list>
<bind>
<opset="trunc_ln "/>
</bind>
</comp>

<comp id="9519" class="1005" name="trunc_ln42_1_reg_9519">
<pin_list>
<pin id="9520" dir="0" index="0" bw="16" slack="1"/>
<pin id="9521" dir="1" index="1" bw="16" slack="1"/>
</pin_list>
<bind>
<opset="trunc_ln42_1 "/>
</bind>
</comp>

<comp id="9524" class="1005" name="trunc_ln42_s_reg_9524">
<pin_list>
<pin id="9525" dir="0" index="0" bw="15" slack="1"/>
<pin id="9526" dir="1" index="1" bw="15" slack="1"/>
</pin_list>
<bind>
<opset="trunc_ln42_s "/>
</bind>
</comp>

<comp id="9529" class="1005" name="trunc_ln42_3_reg_9529">
<pin_list>
<pin id="9530" dir="0" index="0" bw="16" slack="1"/>
<pin id="9531" dir="1" index="1" bw="16" slack="1"/>
</pin_list>
<bind>
<opset="trunc_ln42_3 "/>
</bind>
</comp>

<comp id="9534" class="1005" name="trunc_ln42_2_reg_9534">
<pin_list>
<pin id="9535" dir="0" index="0" bw="14" slack="1"/>
<pin id="9536" dir="1" index="1" bw="14" slack="1"/>
</pin_list>
<bind>
<opset="trunc_ln42_2 "/>
</bind>
</comp>

<comp id="9539" class="1005" name="trunc_ln42_5_reg_9539">
<pin_list>
<pin id="9540" dir="0" index="0" bw="16" slack="1"/>
<pin id="9541" dir="1" index="1" bw="16" slack="1"/>
</pin_list>
<bind>
<opset="trunc_ln42_5 "/>
</bind>
</comp>

<comp id="9544" class="1005" name="trunc_ln42_11_reg_9544">
<pin_list>
<pin id="9545" dir="0" index="0" bw="16" slack="1"/>
<pin id="9546" dir="1" index="1" bw="16" slack="1"/>
</pin_list>
<bind>
<opset="trunc_ln42_11 "/>
</bind>
</comp>

<comp id="9549" class="1005" name="trunc_ln42_12_reg_9549">
<pin_list>
<pin id="9550" dir="0" index="0" bw="16" slack="1"/>
<pin id="9551" dir="1" index="1" bw="16" slack="1"/>
</pin_list>
<bind>
<opset="trunc_ln42_12 "/>
</bind>
</comp>

<comp id="9554" class="1005" name="trunc_ln42_13_reg_9554">
<pin_list>
<pin id="9555" dir="0" index="0" bw="16" slack="1"/>
<pin id="9556" dir="1" index="1" bw="16" slack="1"/>
</pin_list>
<bind>
<opset="trunc_ln42_13 "/>
</bind>
</comp>

<comp id="9559" class="1005" name="trunc_ln42_14_reg_9559">
<pin_list>
<pin id="9560" dir="0" index="0" bw="16" slack="1"/>
<pin id="9561" dir="1" index="1" bw="16" slack="1"/>
</pin_list>
<bind>
<opset="trunc_ln42_14 "/>
</bind>
</comp>

<comp id="9564" class="1005" name="trunc_ln42_15_reg_9564">
<pin_list>
<pin id="9565" dir="0" index="0" bw="16" slack="1"/>
<pin id="9566" dir="1" index="1" bw="16" slack="1"/>
</pin_list>
<bind>
<opset="trunc_ln42_15 "/>
</bind>
</comp>

<comp id="9569" class="1005" name="trunc_ln42_16_reg_9569">
<pin_list>
<pin id="9570" dir="0" index="0" bw="15" slack="1"/>
<pin id="9571" dir="1" index="1" bw="15" slack="1"/>
</pin_list>
<bind>
<opset="trunc_ln42_16 "/>
</bind>
</comp>

<comp id="9574" class="1005" name="trunc_ln42_35_reg_9574">
<pin_list>
<pin id="9575" dir="0" index="0" bw="16" slack="1"/>
<pin id="9576" dir="1" index="1" bw="16" slack="1"/>
</pin_list>
<bind>
<opset="trunc_ln42_35 "/>
</bind>
</comp>

<comp id="9579" class="1005" name="trunc_ln42_36_reg_9579">
<pin_list>
<pin id="9580" dir="0" index="0" bw="12" slack="1"/>
<pin id="9581" dir="1" index="1" bw="12" slack="1"/>
</pin_list>
<bind>
<opset="trunc_ln42_36 "/>
</bind>
</comp>

<comp id="9584" class="1005" name="trunc_ln42_37_reg_9584">
<pin_list>
<pin id="9585" dir="0" index="0" bw="16" slack="1"/>
<pin id="9586" dir="1" index="1" bw="16" slack="1"/>
</pin_list>
<bind>
<opset="trunc_ln42_37 "/>
</bind>
</comp>

<comp id="9589" class="1005" name="trunc_ln42_38_reg_9589">
<pin_list>
<pin id="9590" dir="0" index="0" bw="16" slack="1"/>
<pin id="9591" dir="1" index="1" bw="16" slack="1"/>
</pin_list>
<bind>
<opset="trunc_ln42_38 "/>
</bind>
</comp>

<comp id="9594" class="1005" name="trunc_ln42_39_reg_9594">
<pin_list>
<pin id="9595" dir="0" index="0" bw="16" slack="1"/>
<pin id="9596" dir="1" index="1" bw="16" slack="1"/>
</pin_list>
<bind>
<opset="trunc_ln42_39 "/>
</bind>
</comp>

<comp id="9599" class="1005" name="trunc_ln42_40_reg_9599">
<pin_list>
<pin id="9600" dir="0" index="0" bw="16" slack="1"/>
<pin id="9601" dir="1" index="1" bw="16" slack="1"/>
</pin_list>
<bind>
<opset="trunc_ln42_40 "/>
</bind>
</comp>

<comp id="9604" class="1005" name="add_ln58_18375_reg_9604">
<pin_list>
<pin id="9605" dir="0" index="0" bw="16" slack="1"/>
<pin id="9606" dir="1" index="1" bw="16" slack="1"/>
</pin_list>
<bind>
<opset="add_ln58_18375 "/>
</bind>
</comp>

<comp id="9609" class="1005" name="add_ln58_18378_reg_9609">
<pin_list>
<pin id="9610" dir="0" index="0" bw="16" slack="1"/>
<pin id="9611" dir="1" index="1" bw="16" slack="1"/>
</pin_list>
<bind>
<opset="add_ln58_18378 "/>
</bind>
</comp>

<comp id="9614" class="1005" name="add_ln58_18381_reg_9614">
<pin_list>
<pin id="9615" dir="0" index="0" bw="16" slack="1"/>
<pin id="9616" dir="1" index="1" bw="16" slack="1"/>
</pin_list>
<bind>
<opset="add_ln58_18381 "/>
</bind>
</comp>

<comp id="9619" class="1005" name="add_ln58_18382_reg_9619">
<pin_list>
<pin id="9620" dir="0" index="0" bw="16" slack="1"/>
<pin id="9621" dir="1" index="1" bw="16" slack="1"/>
</pin_list>
<bind>
<opset="add_ln58_18382 "/>
</bind>
</comp>

<comp id="9624" class="1005" name="add_ln58_18386_reg_9624">
<pin_list>
<pin id="9625" dir="0" index="0" bw="16" slack="1"/>
<pin id="9626" dir="1" index="1" bw="16" slack="1"/>
</pin_list>
<bind>
<opset="add_ln58_18386 "/>
</bind>
</comp>

<comp id="9629" class="1005" name="add_ln58_18391_reg_9629">
<pin_list>
<pin id="9630" dir="0" index="0" bw="16" slack="1"/>
<pin id="9631" dir="1" index="1" bw="16" slack="1"/>
</pin_list>
<bind>
<opset="add_ln58_18391 "/>
</bind>
</comp>

<comp id="9634" class="1005" name="add_ln58_18394_reg_9634">
<pin_list>
<pin id="9635" dir="0" index="0" bw="15" slack="1"/>
<pin id="9636" dir="1" index="1" bw="15" slack="1"/>
</pin_list>
<bind>
<opset="add_ln58_18394 "/>
</bind>
</comp>

<comp id="9639" class="1005" name="add_ln58_18397_reg_9639">
<pin_list>
<pin id="9640" dir="0" index="0" bw="16" slack="1"/>
<pin id="9641" dir="1" index="1" bw="16" slack="1"/>
</pin_list>
<bind>
<opset="add_ln58_18397 "/>
</bind>
</comp>

<comp id="9644" class="1005" name="add_ln58_18398_reg_9644">
<pin_list>
<pin id="9645" dir="0" index="0" bw="16" slack="1"/>
<pin id="9646" dir="1" index="1" bw="16" slack="1"/>
</pin_list>
<bind>
<opset="add_ln58_18398 "/>
</bind>
</comp>

<comp id="9649" class="1005" name="add_ln58_18402_reg_9649">
<pin_list>
<pin id="9650" dir="0" index="0" bw="16" slack="1"/>
<pin id="9651" dir="1" index="1" bw="16" slack="1"/>
</pin_list>
<bind>
<opset="add_ln58_18402 "/>
</bind>
</comp>

<comp id="9654" class="1005" name="add_ln58_18407_reg_9654">
<pin_list>
<pin id="9655" dir="0" index="0" bw="16" slack="1"/>
<pin id="9656" dir="1" index="1" bw="16" slack="1"/>
</pin_list>
<bind>
<opset="add_ln58_18407 "/>
</bind>
</comp>

<comp id="9659" class="1005" name="add_ln58_18410_reg_9659">
<pin_list>
<pin id="9660" dir="0" index="0" bw="16" slack="1"/>
<pin id="9661" dir="1" index="1" bw="16" slack="1"/>
</pin_list>
<bind>
<opset="add_ln58_18410 "/>
</bind>
</comp>

<comp id="9664" class="1005" name="add_ln58_18413_reg_9664">
<pin_list>
<pin id="9665" dir="0" index="0" bw="16" slack="1"/>
<pin id="9666" dir="1" index="1" bw="16" slack="1"/>
</pin_list>
<bind>
<opset="add_ln58_18413 "/>
</bind>
</comp>

<comp id="9669" class="1005" name="add_ln58_18414_reg_9669">
<pin_list>
<pin id="9670" dir="0" index="0" bw="16" slack="1"/>
<pin id="9671" dir="1" index="1" bw="16" slack="1"/>
</pin_list>
<bind>
<opset="add_ln58_18414 "/>
</bind>
</comp>

<comp id="9674" class="1005" name="add_ln58_18418_reg_9674">
<pin_list>
<pin id="9675" dir="0" index="0" bw="16" slack="1"/>
<pin id="9676" dir="1" index="1" bw="16" slack="1"/>
</pin_list>
<bind>
<opset="add_ln58_18418 "/>
</bind>
</comp>

</comp_list>

<net_list>
<net id="204"><net_src comp="32" pin="0"/><net_sink comp="200" pin=0"/></net>

<net id="205"><net_src comp="30" pin="0"/><net_sink comp="200" pin=1"/></net>

<net id="210"><net_src comp="32" pin="0"/><net_sink comp="206" pin=0"/></net>

<net id="211"><net_src comp="28" pin="0"/><net_sink comp="206" pin=1"/></net>

<net id="216"><net_src comp="32" pin="0"/><net_sink comp="212" pin=0"/></net>

<net id="217"><net_src comp="26" pin="0"/><net_sink comp="212" pin=1"/></net>

<net id="222"><net_src comp="32" pin="0"/><net_sink comp="218" pin=0"/></net>

<net id="223"><net_src comp="24" pin="0"/><net_sink comp="218" pin=1"/></net>

<net id="228"><net_src comp="32" pin="0"/><net_sink comp="224" pin=0"/></net>

<net id="229"><net_src comp="22" pin="0"/><net_sink comp="224" pin=1"/></net>

<net id="234"><net_src comp="32" pin="0"/><net_sink comp="230" pin=0"/></net>

<net id="235"><net_src comp="20" pin="0"/><net_sink comp="230" pin=1"/></net>

<net id="240"><net_src comp="32" pin="0"/><net_sink comp="236" pin=0"/></net>

<net id="241"><net_src comp="18" pin="0"/><net_sink comp="236" pin=1"/></net>

<net id="246"><net_src comp="32" pin="0"/><net_sink comp="242" pin=0"/></net>

<net id="247"><net_src comp="16" pin="0"/><net_sink comp="242" pin=1"/></net>

<net id="252"><net_src comp="32" pin="0"/><net_sink comp="248" pin=0"/></net>

<net id="253"><net_src comp="14" pin="0"/><net_sink comp="248" pin=1"/></net>

<net id="258"><net_src comp="32" pin="0"/><net_sink comp="254" pin=0"/></net>

<net id="259"><net_src comp="12" pin="0"/><net_sink comp="254" pin=1"/></net>

<net id="264"><net_src comp="32" pin="0"/><net_sink comp="260" pin=0"/></net>

<net id="265"><net_src comp="10" pin="0"/><net_sink comp="260" pin=1"/></net>

<net id="270"><net_src comp="32" pin="0"/><net_sink comp="266" pin=0"/></net>

<net id="271"><net_src comp="8" pin="0"/><net_sink comp="266" pin=1"/></net>

<net id="276"><net_src comp="32" pin="0"/><net_sink comp="272" pin=0"/></net>

<net id="277"><net_src comp="6" pin="0"/><net_sink comp="272" pin=1"/></net>

<net id="282"><net_src comp="32" pin="0"/><net_sink comp="278" pin=0"/></net>

<net id="283"><net_src comp="4" pin="0"/><net_sink comp="278" pin=1"/></net>

<net id="288"><net_src comp="32" pin="0"/><net_sink comp="284" pin=0"/></net>

<net id="289"><net_src comp="2" pin="0"/><net_sink comp="284" pin=1"/></net>

<net id="294"><net_src comp="32" pin="0"/><net_sink comp="290" pin=0"/></net>

<net id="295"><net_src comp="0" pin="0"/><net_sink comp="290" pin=1"/></net>

<net id="8027"><net_src comp="34" pin="0"/><net_sink comp="323" pin=1"/></net>

<net id="8031"><net_src comp="42" pin="0"/><net_sink comp="335" pin=1"/></net>

<net id="8035"><net_src comp="44" pin="0"/><net_sink comp="328" pin=1"/></net>

<net id="8039"><net_src comp="50" pin="0"/><net_sink comp="334" pin=1"/></net>

<net id="8043"><net_src comp="52" pin="0"/><net_sink comp="304" pin=1"/></net>

<net id="8047"><net_src comp="62" pin="0"/><net_sink comp="296" pin=1"/></net>

<net id="8051"><net_src comp="64" pin="0"/><net_sink comp="313" pin=1"/></net>

<net id="8055"><net_src comp="66" pin="0"/><net_sink comp="343" pin=1"/></net>

<net id="8059"><net_src comp="68" pin="0"/><net_sink comp="330" pin=1"/></net>

<net id="8063"><net_src comp="70" pin="0"/><net_sink comp="315" pin=1"/></net>

<net id="8067"><net_src comp="72" pin="0"/><net_sink comp="339" pin=1"/></net>

<net id="8071"><net_src comp="74" pin="0"/><net_sink comp="324" pin=1"/></net>

<net id="8075"><net_src comp="76" pin="0"/><net_sink comp="337" pin=1"/></net>

<net id="8079"><net_src comp="78" pin="0"/><net_sink comp="301" pin=1"/></net>

<net id="8083"><net_src comp="80" pin="0"/><net_sink comp="309" pin=1"/></net>

<net id="8087"><net_src comp="82" pin="0"/><net_sink comp="325" pin=1"/></net>

<net id="8091"><net_src comp="84" pin="0"/><net_sink comp="302" pin=1"/></net>

<net id="8095"><net_src comp="86" pin="0"/><net_sink comp="329" pin=1"/></net>

<net id="8099"><net_src comp="88" pin="0"/><net_sink comp="319" pin=1"/></net>

<net id="8103"><net_src comp="94" pin="0"/><net_sink comp="307" pin=1"/></net>

<net id="8107"><net_src comp="96" pin="0"/><net_sink comp="311" pin=1"/></net>

<net id="8111"><net_src comp="108" pin="0"/><net_sink comp="338" pin=1"/></net>

<net id="8115"><net_src comp="110" pin="0"/><net_sink comp="320" pin=1"/></net>

<net id="8119"><net_src comp="112" pin="0"/><net_sink comp="305" pin=1"/></net>

<net id="8123"><net_src comp="114" pin="0"/><net_sink comp="306" pin=1"/></net>

<net id="8127"><net_src comp="116" pin="0"/><net_sink comp="314" pin=1"/></net>

<net id="8131"><net_src comp="126" pin="0"/><net_sink comp="333" pin=1"/></net>

<net id="8135"><net_src comp="128" pin="0"/><net_sink comp="298" pin=1"/></net>

<net id="8139"><net_src comp="130" pin="0"/><net_sink comp="299" pin=1"/></net>

<net id="8143"><net_src comp="132" pin="0"/><net_sink comp="332" pin=1"/></net>

<net id="8147"><net_src comp="138" pin="0"/><net_sink comp="317" pin=1"/></net>

<net id="8151"><net_src comp="144" pin="0"/><net_sink comp="341" pin=1"/></net>

<net id="8155"><net_src comp="146" pin="0"/><net_sink comp="326" pin=1"/></net>

<net id="8159"><net_src comp="148" pin="0"/><net_sink comp="321" pin=1"/></net>

<net id="8163"><net_src comp="150" pin="0"/><net_sink comp="310" pin=1"/></net>

<net id="8167"><net_src comp="152" pin="0"/><net_sink comp="312" pin=1"/></net>

<net id="8171"><net_src comp="154" pin="0"/><net_sink comp="327" pin=1"/></net>

<net id="8175"><net_src comp="166" pin="0"/><net_sink comp="303" pin=1"/></net>

<net id="8179"><net_src comp="168" pin="0"/><net_sink comp="336" pin=1"/></net>

<net id="8183"><net_src comp="170" pin="0"/><net_sink comp="342" pin=1"/></net>

<net id="8308"><net_src comp="290" pin="2"/><net_sink comp="8305" pin=0"/></net>

<net id="8309"><net_src comp="8305" pin="1"/><net_sink comp="328" pin=0"/></net>

<net id="8313"><net_src comp="290" pin="2"/><net_sink comp="8310" pin=0"/></net>

<net id="8314"><net_src comp="8310" pin="1"/><net_sink comp="323" pin=0"/></net>

<net id="8315"><net_src comp="8310" pin="1"/><net_sink comp="335" pin=0"/></net>

<net id="8322"><net_src comp="36" pin="0"/><net_sink comp="8316" pin=0"/></net>

<net id="8323"><net_src comp="323" pin="2"/><net_sink comp="8316" pin=1"/></net>

<net id="8324"><net_src comp="38" pin="0"/><net_sink comp="8316" pin=2"/></net>

<net id="8325"><net_src comp="40" pin="0"/><net_sink comp="8316" pin=3"/></net>

<net id="8332"><net_src comp="36" pin="0"/><net_sink comp="8326" pin=0"/></net>

<net id="8333"><net_src comp="335" pin="2"/><net_sink comp="8326" pin=1"/></net>

<net id="8334"><net_src comp="38" pin="0"/><net_sink comp="8326" pin=2"/></net>

<net id="8335"><net_src comp="40" pin="0"/><net_sink comp="8326" pin=3"/></net>

<net id="8342"><net_src comp="46" pin="0"/><net_sink comp="8336" pin=0"/></net>

<net id="8343"><net_src comp="328" pin="2"/><net_sink comp="8336" pin=1"/></net>

<net id="8344"><net_src comp="38" pin="0"/><net_sink comp="8336" pin=2"/></net>

<net id="8345"><net_src comp="48" pin="0"/><net_sink comp="8336" pin=3"/></net>

<net id="8349"><net_src comp="284" pin="2"/><net_sink comp="8346" pin=0"/></net>

<net id="8350"><net_src comp="8346" pin="1"/><net_sink comp="334" pin=0"/></net>

<net id="8354"><net_src comp="284" pin="2"/><net_sink comp="8351" pin=0"/></net>

<net id="8355"><net_src comp="8351" pin="1"/><net_sink comp="304" pin=0"/></net>

<net id="8362"><net_src comp="36" pin="0"/><net_sink comp="8356" pin=0"/></net>

<net id="8363"><net_src comp="334" pin="2"/><net_sink comp="8356" pin=1"/></net>

<net id="8364"><net_src comp="38" pin="0"/><net_sink comp="8356" pin=2"/></net>

<net id="8365"><net_src comp="40" pin="0"/><net_sink comp="8356" pin=3"/></net>

<net id="8372"><net_src comp="54" pin="0"/><net_sink comp="8366" pin=0"/></net>

<net id="8373"><net_src comp="304" pin="2"/><net_sink comp="8366" pin=1"/></net>

<net id="8374"><net_src comp="38" pin="0"/><net_sink comp="8366" pin=2"/></net>

<net id="8375"><net_src comp="56" pin="0"/><net_sink comp="8366" pin=3"/></net>

<net id="8381"><net_src comp="58" pin="0"/><net_sink comp="8376" pin=0"/></net>

<net id="8382"><net_src comp="284" pin="2"/><net_sink comp="8376" pin=1"/></net>

<net id="8383"><net_src comp="60" pin="0"/><net_sink comp="8376" pin=2"/></net>

<net id="8387"><net_src comp="8376" pin="3"/><net_sink comp="8384" pin=0"/></net>

<net id="8392"><net_src comp="8384" pin="1"/><net_sink comp="8388" pin=0"/></net>

<net id="8393"><net_src comp="8346" pin="1"/><net_sink comp="8388" pin=1"/></net>

<net id="8400"><net_src comp="36" pin="0"/><net_sink comp="8394" pin=0"/></net>

<net id="8401"><net_src comp="8388" pin="2"/><net_sink comp="8394" pin=1"/></net>

<net id="8402"><net_src comp="38" pin="0"/><net_sink comp="8394" pin=2"/></net>

<net id="8403"><net_src comp="40" pin="0"/><net_sink comp="8394" pin=3"/></net>

<net id="8407"><net_src comp="278" pin="2"/><net_sink comp="8404" pin=0"/></net>

<net id="8408"><net_src comp="8404" pin="1"/><net_sink comp="343" pin=0"/></net>

<net id="8412"><net_src comp="278" pin="2"/><net_sink comp="8409" pin=0"/></net>

<net id="8413"><net_src comp="8409" pin="1"/><net_sink comp="296" pin=0"/></net>

<net id="8414"><net_src comp="8409" pin="1"/><net_sink comp="313" pin=0"/></net>

<net id="8421"><net_src comp="36" pin="0"/><net_sink comp="8415" pin=0"/></net>

<net id="8422"><net_src comp="296" pin="2"/><net_sink comp="8415" pin=1"/></net>

<net id="8423"><net_src comp="38" pin="0"/><net_sink comp="8415" pin=2"/></net>

<net id="8424"><net_src comp="40" pin="0"/><net_sink comp="8415" pin=3"/></net>

<net id="8431"><net_src comp="36" pin="0"/><net_sink comp="8425" pin=0"/></net>

<net id="8432"><net_src comp="313" pin="2"/><net_sink comp="8425" pin=1"/></net>

<net id="8433"><net_src comp="38" pin="0"/><net_sink comp="8425" pin=2"/></net>

<net id="8434"><net_src comp="40" pin="0"/><net_sink comp="8425" pin=3"/></net>

<net id="8441"><net_src comp="46" pin="0"/><net_sink comp="8435" pin=0"/></net>

<net id="8442"><net_src comp="343" pin="2"/><net_sink comp="8435" pin=1"/></net>

<net id="8443"><net_src comp="38" pin="0"/><net_sink comp="8435" pin=2"/></net>

<net id="8444"><net_src comp="48" pin="0"/><net_sink comp="8435" pin=3"/></net>

<net id="8448"><net_src comp="8435" pin="4"/><net_sink comp="8445" pin=0"/></net>

<net id="8452"><net_src comp="272" pin="2"/><net_sink comp="8449" pin=0"/></net>

<net id="8453"><net_src comp="8449" pin="1"/><net_sink comp="330" pin=0"/></net>

<net id="8454"><net_src comp="8449" pin="1"/><net_sink comp="315" pin=0"/></net>

<net id="8455"><net_src comp="8449" pin="1"/><net_sink comp="339" pin=0"/></net>

<net id="8462"><net_src comp="36" pin="0"/><net_sink comp="8456" pin=0"/></net>

<net id="8463"><net_src comp="330" pin="2"/><net_sink comp="8456" pin=1"/></net>

<net id="8464"><net_src comp="38" pin="0"/><net_sink comp="8456" pin=2"/></net>

<net id="8465"><net_src comp="40" pin="0"/><net_sink comp="8456" pin=3"/></net>

<net id="8472"><net_src comp="36" pin="0"/><net_sink comp="8466" pin=0"/></net>

<net id="8473"><net_src comp="315" pin="2"/><net_sink comp="8466" pin=1"/></net>

<net id="8474"><net_src comp="38" pin="0"/><net_sink comp="8466" pin=2"/></net>

<net id="8475"><net_src comp="40" pin="0"/><net_sink comp="8466" pin=3"/></net>

<net id="8482"><net_src comp="36" pin="0"/><net_sink comp="8476" pin=0"/></net>

<net id="8483"><net_src comp="339" pin="2"/><net_sink comp="8476" pin=1"/></net>

<net id="8484"><net_src comp="38" pin="0"/><net_sink comp="8476" pin=2"/></net>

<net id="8485"><net_src comp="40" pin="0"/><net_sink comp="8476" pin=3"/></net>

<net id="8489"><net_src comp="266" pin="2"/><net_sink comp="8486" pin=0"/></net>

<net id="8490"><net_src comp="8486" pin="1"/><net_sink comp="324" pin=0"/></net>

<net id="8491"><net_src comp="8486" pin="1"/><net_sink comp="337" pin=0"/></net>

<net id="8492"><net_src comp="8486" pin="1"/><net_sink comp="301" pin=0"/></net>

<net id="8499"><net_src comp="36" pin="0"/><net_sink comp="8493" pin=0"/></net>

<net id="8500"><net_src comp="324" pin="2"/><net_sink comp="8493" pin=1"/></net>

<net id="8501"><net_src comp="38" pin="0"/><net_sink comp="8493" pin=2"/></net>

<net id="8502"><net_src comp="40" pin="0"/><net_sink comp="8493" pin=3"/></net>

<net id="8509"><net_src comp="36" pin="0"/><net_sink comp="8503" pin=0"/></net>

<net id="8510"><net_src comp="337" pin="2"/><net_sink comp="8503" pin=1"/></net>

<net id="8511"><net_src comp="38" pin="0"/><net_sink comp="8503" pin=2"/></net>

<net id="8512"><net_src comp="40" pin="0"/><net_sink comp="8503" pin=3"/></net>

<net id="8519"><net_src comp="36" pin="0"/><net_sink comp="8513" pin=0"/></net>

<net id="8520"><net_src comp="301" pin="2"/><net_sink comp="8513" pin=1"/></net>

<net id="8521"><net_src comp="38" pin="0"/><net_sink comp="8513" pin=2"/></net>

<net id="8522"><net_src comp="40" pin="0"/><net_sink comp="8513" pin=3"/></net>

<net id="8526"><net_src comp="260" pin="2"/><net_sink comp="8523" pin=0"/></net>

<net id="8527"><net_src comp="8523" pin="1"/><net_sink comp="302" pin=0"/></net>

<net id="8531"><net_src comp="260" pin="2"/><net_sink comp="8528" pin=0"/></net>

<net id="8532"><net_src comp="8528" pin="1"/><net_sink comp="309" pin=0"/></net>

<net id="8533"><net_src comp="8528" pin="1"/><net_sink comp="325" pin=0"/></net>

<net id="8540"><net_src comp="36" pin="0"/><net_sink comp="8534" pin=0"/></net>

<net id="8541"><net_src comp="309" pin="2"/><net_sink comp="8534" pin=1"/></net>

<net id="8542"><net_src comp="38" pin="0"/><net_sink comp="8534" pin=2"/></net>

<net id="8543"><net_src comp="40" pin="0"/><net_sink comp="8534" pin=3"/></net>

<net id="8550"><net_src comp="36" pin="0"/><net_sink comp="8544" pin=0"/></net>

<net id="8551"><net_src comp="325" pin="2"/><net_sink comp="8544" pin=1"/></net>

<net id="8552"><net_src comp="38" pin="0"/><net_sink comp="8544" pin=2"/></net>

<net id="8553"><net_src comp="40" pin="0"/><net_sink comp="8544" pin=3"/></net>

<net id="8560"><net_src comp="46" pin="0"/><net_sink comp="8554" pin=0"/></net>

<net id="8561"><net_src comp="302" pin="2"/><net_sink comp="8554" pin=1"/></net>

<net id="8562"><net_src comp="38" pin="0"/><net_sink comp="8554" pin=2"/></net>

<net id="8563"><net_src comp="48" pin="0"/><net_sink comp="8554" pin=3"/></net>

<net id="8567"><net_src comp="254" pin="2"/><net_sink comp="8564" pin=0"/></net>

<net id="8568"><net_src comp="8564" pin="1"/><net_sink comp="319" pin=0"/></net>

<net id="8572"><net_src comp="254" pin="2"/><net_sink comp="8569" pin=0"/></net>

<net id="8573"><net_src comp="8569" pin="1"/><net_sink comp="329" pin=0"/></net>

<net id="8574"><net_src comp="8569" pin="1"/><net_sink comp="307" pin=0"/></net>

<net id="8581"><net_src comp="36" pin="0"/><net_sink comp="8575" pin=0"/></net>

<net id="8582"><net_src comp="329" pin="2"/><net_sink comp="8575" pin=1"/></net>

<net id="8583"><net_src comp="38" pin="0"/><net_sink comp="8575" pin=2"/></net>

<net id="8584"><net_src comp="40" pin="0"/><net_sink comp="8575" pin=3"/></net>

<net id="8591"><net_src comp="90" pin="0"/><net_sink comp="8585" pin=0"/></net>

<net id="8592"><net_src comp="319" pin="2"/><net_sink comp="8585" pin=1"/></net>

<net id="8593"><net_src comp="38" pin="0"/><net_sink comp="8585" pin=2"/></net>

<net id="8594"><net_src comp="92" pin="0"/><net_sink comp="8585" pin=3"/></net>

<net id="8598"><net_src comp="8585" pin="4"/><net_sink comp="8595" pin=0"/></net>

<net id="8605"><net_src comp="36" pin="0"/><net_sink comp="8599" pin=0"/></net>

<net id="8606"><net_src comp="307" pin="2"/><net_sink comp="8599" pin=1"/></net>

<net id="8607"><net_src comp="38" pin="0"/><net_sink comp="8599" pin=2"/></net>

<net id="8608"><net_src comp="40" pin="0"/><net_sink comp="8599" pin=3"/></net>

<net id="8612"><net_src comp="248" pin="2"/><net_sink comp="8609" pin=0"/></net>

<net id="8613"><net_src comp="8609" pin="1"/><net_sink comp="338" pin=0"/></net>

<net id="8617"><net_src comp="248" pin="2"/><net_sink comp="8614" pin=0"/></net>

<net id="8618"><net_src comp="8614" pin="1"/><net_sink comp="311" pin=0"/></net>

<net id="8625"><net_src comp="46" pin="0"/><net_sink comp="8619" pin=0"/></net>

<net id="8626"><net_src comp="311" pin="2"/><net_sink comp="8619" pin=1"/></net>

<net id="8627"><net_src comp="38" pin="0"/><net_sink comp="8619" pin=2"/></net>

<net id="8628"><net_src comp="48" pin="0"/><net_sink comp="8619" pin=3"/></net>

<net id="8632"><net_src comp="8619" pin="4"/><net_sink comp="8629" pin=0"/></net>

<net id="8638"><net_src comp="98" pin="0"/><net_sink comp="8633" pin=0"/></net>

<net id="8639"><net_src comp="248" pin="2"/><net_sink comp="8633" pin=1"/></net>

<net id="8640"><net_src comp="100" pin="0"/><net_sink comp="8633" pin=2"/></net>

<net id="8644"><net_src comp="8633" pin="3"/><net_sink comp="8641" pin=0"/></net>

<net id="8649"><net_src comp="102" pin="0"/><net_sink comp="8645" pin=0"/></net>

<net id="8650"><net_src comp="8641" pin="1"/><net_sink comp="8645" pin=1"/></net>

<net id="8656"><net_src comp="104" pin="0"/><net_sink comp="8651" pin=0"/></net>

<net id="8657"><net_src comp="248" pin="2"/><net_sink comp="8651" pin=1"/></net>

<net id="8658"><net_src comp="106" pin="0"/><net_sink comp="8651" pin=2"/></net>

<net id="8662"><net_src comp="8651" pin="3"/><net_sink comp="8659" pin=0"/></net>

<net id="8667"><net_src comp="8645" pin="2"/><net_sink comp="8663" pin=0"/></net>

<net id="8668"><net_src comp="8659" pin="1"/><net_sink comp="8663" pin=1"/></net>

<net id="8675"><net_src comp="54" pin="0"/><net_sink comp="8669" pin=0"/></net>

<net id="8676"><net_src comp="8663" pin="2"/><net_sink comp="8669" pin=1"/></net>

<net id="8677"><net_src comp="38" pin="0"/><net_sink comp="8669" pin=2"/></net>

<net id="8678"><net_src comp="56" pin="0"/><net_sink comp="8669" pin=3"/></net>

<net id="8682"><net_src comp="8669" pin="4"/><net_sink comp="8679" pin=0"/></net>

<net id="8689"><net_src comp="36" pin="0"/><net_sink comp="8683" pin=0"/></net>

<net id="8690"><net_src comp="338" pin="2"/><net_sink comp="8683" pin=1"/></net>

<net id="8691"><net_src comp="38" pin="0"/><net_sink comp="8683" pin=2"/></net>

<net id="8692"><net_src comp="40" pin="0"/><net_sink comp="8683" pin=3"/></net>

<net id="8696"><net_src comp="242" pin="2"/><net_sink comp="8693" pin=0"/></net>

<net id="8697"><net_src comp="8693" pin="1"/><net_sink comp="306" pin=0"/></net>

<net id="8701"><net_src comp="242" pin="2"/><net_sink comp="8698" pin=0"/></net>

<net id="8702"><net_src comp="8698" pin="1"/><net_sink comp="305" pin=0"/></net>

<net id="8706"><net_src comp="242" pin="2"/><net_sink comp="8703" pin=0"/></net>

<net id="8707"><net_src comp="8703" pin="1"/><net_sink comp="320" pin=0"/></net>

<net id="8714"><net_src comp="36" pin="0"/><net_sink comp="8708" pin=0"/></net>

<net id="8715"><net_src comp="320" pin="2"/><net_sink comp="8708" pin=1"/></net>

<net id="8716"><net_src comp="38" pin="0"/><net_sink comp="8708" pin=2"/></net>

<net id="8717"><net_src comp="40" pin="0"/><net_sink comp="8708" pin=3"/></net>

<net id="8724"><net_src comp="46" pin="0"/><net_sink comp="8718" pin=0"/></net>

<net id="8725"><net_src comp="305" pin="2"/><net_sink comp="8718" pin=1"/></net>

<net id="8726"><net_src comp="38" pin="0"/><net_sink comp="8718" pin=2"/></net>

<net id="8727"><net_src comp="48" pin="0"/><net_sink comp="8718" pin=3"/></net>

<net id="8731"><net_src comp="8718" pin="4"/><net_sink comp="8728" pin=0"/></net>

<net id="8738"><net_src comp="54" pin="0"/><net_sink comp="8732" pin=0"/></net>

<net id="8739"><net_src comp="306" pin="2"/><net_sink comp="8732" pin=1"/></net>

<net id="8740"><net_src comp="38" pin="0"/><net_sink comp="8732" pin=2"/></net>

<net id="8741"><net_src comp="56" pin="0"/><net_sink comp="8732" pin=3"/></net>

<net id="8745"><net_src comp="8732" pin="4"/><net_sink comp="8742" pin=0"/></net>

<net id="8749"><net_src comp="236" pin="2"/><net_sink comp="8746" pin=0"/></net>

<net id="8750"><net_src comp="8746" pin="1"/><net_sink comp="314" pin=0"/></net>

<net id="8757"><net_src comp="36" pin="0"/><net_sink comp="8751" pin=0"/></net>

<net id="8758"><net_src comp="314" pin="2"/><net_sink comp="8751" pin=1"/></net>

<net id="8759"><net_src comp="38" pin="0"/><net_sink comp="8751" pin=2"/></net>

<net id="8760"><net_src comp="40" pin="0"/><net_sink comp="8751" pin=3"/></net>

<net id="8766"><net_src comp="118" pin="0"/><net_sink comp="8761" pin=0"/></net>

<net id="8767"><net_src comp="236" pin="2"/><net_sink comp="8761" pin=1"/></net>

<net id="8768"><net_src comp="120" pin="0"/><net_sink comp="8761" pin=2"/></net>

<net id="8772"><net_src comp="8761" pin="3"/><net_sink comp="8769" pin=0"/></net>

<net id="8778"><net_src comp="104" pin="0"/><net_sink comp="8773" pin=0"/></net>

<net id="8779"><net_src comp="236" pin="2"/><net_sink comp="8773" pin=1"/></net>

<net id="8780"><net_src comp="106" pin="0"/><net_sink comp="8773" pin=2"/></net>

<net id="8784"><net_src comp="8773" pin="3"/><net_sink comp="8781" pin=0"/></net>

<net id="8789"><net_src comp="8769" pin="1"/><net_sink comp="8785" pin=0"/></net>

<net id="8790"><net_src comp="8781" pin="1"/><net_sink comp="8785" pin=1"/></net>

<net id="8797"><net_src comp="54" pin="0"/><net_sink comp="8791" pin=0"/></net>

<net id="8798"><net_src comp="8785" pin="2"/><net_sink comp="8791" pin=1"/></net>

<net id="8799"><net_src comp="38" pin="0"/><net_sink comp="8791" pin=2"/></net>

<net id="8800"><net_src comp="56" pin="0"/><net_sink comp="8791" pin=3"/></net>

<net id="8804"><net_src comp="8791" pin="4"/><net_sink comp="8801" pin=0"/></net>

<net id="8810"><net_src comp="58" pin="0"/><net_sink comp="8805" pin=0"/></net>

<net id="8811"><net_src comp="236" pin="2"/><net_sink comp="8805" pin=1"/></net>

<net id="8812"><net_src comp="60" pin="0"/><net_sink comp="8805" pin=2"/></net>

<net id="8816"><net_src comp="8805" pin="3"/><net_sink comp="8813" pin=0"/></net>

<net id="8822"><net_src comp="122" pin="0"/><net_sink comp="8817" pin=0"/></net>

<net id="8823"><net_src comp="236" pin="2"/><net_sink comp="8817" pin=1"/></net>

<net id="8824"><net_src comp="124" pin="0"/><net_sink comp="8817" pin=2"/></net>

<net id="8828"><net_src comp="8817" pin="3"/><net_sink comp="8825" pin=0"/></net>

<net id="8833"><net_src comp="8825" pin="1"/><net_sink comp="8829" pin=0"/></net>

<net id="8834"><net_src comp="8813" pin="1"/><net_sink comp="8829" pin=1"/></net>

<net id="8841"><net_src comp="46" pin="0"/><net_sink comp="8835" pin=0"/></net>

<net id="8842"><net_src comp="8829" pin="2"/><net_sink comp="8835" pin=1"/></net>

<net id="8843"><net_src comp="38" pin="0"/><net_sink comp="8835" pin=2"/></net>

<net id="8844"><net_src comp="48" pin="0"/><net_sink comp="8835" pin=3"/></net>

<net id="8848"><net_src comp="8835" pin="4"/><net_sink comp="8845" pin=0"/></net>

<net id="8852"><net_src comp="230" pin="2"/><net_sink comp="8849" pin=0"/></net>

<net id="8853"><net_src comp="8849" pin="1"/><net_sink comp="333" pin=0"/></net>

<net id="8854"><net_src comp="8849" pin="1"/><net_sink comp="298" pin=0"/></net>

<net id="8855"><net_src comp="8849" pin="1"/><net_sink comp="299" pin=0"/></net>

<net id="8862"><net_src comp="36" pin="0"/><net_sink comp="8856" pin=0"/></net>

<net id="8863"><net_src comp="333" pin="2"/><net_sink comp="8856" pin=1"/></net>

<net id="8864"><net_src comp="38" pin="0"/><net_sink comp="8856" pin=2"/></net>

<net id="8865"><net_src comp="40" pin="0"/><net_sink comp="8856" pin=3"/></net>

<net id="8872"><net_src comp="36" pin="0"/><net_sink comp="8866" pin=0"/></net>

<net id="8873"><net_src comp="298" pin="2"/><net_sink comp="8866" pin=1"/></net>

<net id="8874"><net_src comp="38" pin="0"/><net_sink comp="8866" pin=2"/></net>

<net id="8875"><net_src comp="40" pin="0"/><net_sink comp="8866" pin=3"/></net>

<net id="8882"><net_src comp="36" pin="0"/><net_sink comp="8876" pin=0"/></net>

<net id="8883"><net_src comp="299" pin="2"/><net_sink comp="8876" pin=1"/></net>

<net id="8884"><net_src comp="38" pin="0"/><net_sink comp="8876" pin=2"/></net>

<net id="8885"><net_src comp="40" pin="0"/><net_sink comp="8876" pin=3"/></net>

<net id="8889"><net_src comp="224" pin="2"/><net_sink comp="8886" pin=0"/></net>

<net id="8890"><net_src comp="8886" pin="1"/><net_sink comp="332" pin=0"/></net>

<net id="8896"><net_src comp="118" pin="0"/><net_sink comp="8891" pin=0"/></net>

<net id="8897"><net_src comp="224" pin="2"/><net_sink comp="8891" pin=1"/></net>

<net id="8898"><net_src comp="120" pin="0"/><net_sink comp="8891" pin=2"/></net>

<net id="8902"><net_src comp="8891" pin="3"/><net_sink comp="8899" pin=0"/></net>

<net id="8908"><net_src comp="104" pin="0"/><net_sink comp="8903" pin=0"/></net>

<net id="8909"><net_src comp="224" pin="2"/><net_sink comp="8903" pin=1"/></net>

<net id="8910"><net_src comp="106" pin="0"/><net_sink comp="8903" pin=2"/></net>

<net id="8914"><net_src comp="8903" pin="3"/><net_sink comp="8911" pin=0"/></net>

<net id="8919"><net_src comp="8911" pin="1"/><net_sink comp="8915" pin=0"/></net>

<net id="8920"><net_src comp="8899" pin="1"/><net_sink comp="8915" pin=1"/></net>

<net id="8927"><net_src comp="54" pin="0"/><net_sink comp="8921" pin=0"/></net>

<net id="8928"><net_src comp="8915" pin="2"/><net_sink comp="8921" pin=1"/></net>

<net id="8929"><net_src comp="38" pin="0"/><net_sink comp="8921" pin=2"/></net>

<net id="8930"><net_src comp="56" pin="0"/><net_sink comp="8921" pin=3"/></net>

<net id="8934"><net_src comp="8921" pin="4"/><net_sink comp="8931" pin=0"/></net>

<net id="8941"><net_src comp="36" pin="0"/><net_sink comp="8935" pin=0"/></net>

<net id="8942"><net_src comp="332" pin="2"/><net_sink comp="8935" pin=1"/></net>

<net id="8943"><net_src comp="38" pin="0"/><net_sink comp="8935" pin=2"/></net>

<net id="8944"><net_src comp="40" pin="0"/><net_sink comp="8935" pin=3"/></net>

<net id="8950"><net_src comp="134" pin="0"/><net_sink comp="8945" pin=0"/></net>

<net id="8951"><net_src comp="224" pin="2"/><net_sink comp="8945" pin=1"/></net>

<net id="8952"><net_src comp="136" pin="0"/><net_sink comp="8945" pin=2"/></net>

<net id="8956"><net_src comp="8945" pin="3"/><net_sink comp="8953" pin=0"/></net>

<net id="8960"><net_src comp="8891" pin="3"/><net_sink comp="8957" pin=0"/></net>

<net id="8965"><net_src comp="8953" pin="1"/><net_sink comp="8961" pin=0"/></net>

<net id="8966"><net_src comp="8957" pin="1"/><net_sink comp="8961" pin=1"/></net>

<net id="8973"><net_src comp="36" pin="0"/><net_sink comp="8967" pin=0"/></net>

<net id="8974"><net_src comp="8961" pin="2"/><net_sink comp="8967" pin=1"/></net>

<net id="8975"><net_src comp="38" pin="0"/><net_sink comp="8967" pin=2"/></net>

<net id="8976"><net_src comp="40" pin="0"/><net_sink comp="8967" pin=3"/></net>

<net id="8980"><net_src comp="218" pin="2"/><net_sink comp="8977" pin=0"/></net>

<net id="8981"><net_src comp="8977" pin="1"/><net_sink comp="317" pin=0"/></net>

<net id="8982"><net_src comp="8977" pin="1"/><net_sink comp="341" pin=0"/></net>

<net id="8989"><net_src comp="36" pin="0"/><net_sink comp="8983" pin=0"/></net>

<net id="8990"><net_src comp="317" pin="2"/><net_sink comp="8983" pin=1"/></net>

<net id="8991"><net_src comp="38" pin="0"/><net_sink comp="8983" pin=2"/></net>

<net id="8992"><net_src comp="40" pin="0"/><net_sink comp="8983" pin=3"/></net>

<net id="8998"><net_src comp="122" pin="0"/><net_sink comp="8993" pin=0"/></net>

<net id="8999"><net_src comp="218" pin="2"/><net_sink comp="8993" pin=1"/></net>

<net id="9000"><net_src comp="124" pin="0"/><net_sink comp="8993" pin=2"/></net>

<net id="9004"><net_src comp="8993" pin="3"/><net_sink comp="9001" pin=0"/></net>

<net id="9010"><net_src comp="140" pin="0"/><net_sink comp="9005" pin=0"/></net>

<net id="9011"><net_src comp="218" pin="2"/><net_sink comp="9005" pin=1"/></net>

<net id="9012"><net_src comp="142" pin="0"/><net_sink comp="9005" pin=2"/></net>

<net id="9016"><net_src comp="9005" pin="3"/><net_sink comp="9013" pin=0"/></net>

<net id="9021"><net_src comp="9001" pin="1"/><net_sink comp="9017" pin=0"/></net>

<net id="9022"><net_src comp="9013" pin="1"/><net_sink comp="9017" pin=1"/></net>

<net id="9029"><net_src comp="90" pin="0"/><net_sink comp="9023" pin=0"/></net>

<net id="9030"><net_src comp="9017" pin="2"/><net_sink comp="9023" pin=1"/></net>

<net id="9031"><net_src comp="38" pin="0"/><net_sink comp="9023" pin=2"/></net>

<net id="9032"><net_src comp="92" pin="0"/><net_sink comp="9023" pin=3"/></net>

<net id="9039"><net_src comp="36" pin="0"/><net_sink comp="9033" pin=0"/></net>

<net id="9040"><net_src comp="341" pin="2"/><net_sink comp="9033" pin=1"/></net>

<net id="9041"><net_src comp="38" pin="0"/><net_sink comp="9033" pin=2"/></net>

<net id="9042"><net_src comp="40" pin="0"/><net_sink comp="9033" pin=3"/></net>

<net id="9046"><net_src comp="212" pin="2"/><net_sink comp="9043" pin=0"/></net>

<net id="9047"><net_src comp="9043" pin="1"/><net_sink comp="326" pin=0"/></net>

<net id="9048"><net_src comp="9043" pin="1"/><net_sink comp="321" pin=0"/></net>

<net id="9049"><net_src comp="9043" pin="1"/><net_sink comp="310" pin=0"/></net>

<net id="9056"><net_src comp="36" pin="0"/><net_sink comp="9050" pin=0"/></net>

<net id="9057"><net_src comp="326" pin="2"/><net_sink comp="9050" pin=1"/></net>

<net id="9058"><net_src comp="38" pin="0"/><net_sink comp="9050" pin=2"/></net>

<net id="9059"><net_src comp="40" pin="0"/><net_sink comp="9050" pin=3"/></net>

<net id="9066"><net_src comp="36" pin="0"/><net_sink comp="9060" pin=0"/></net>

<net id="9067"><net_src comp="321" pin="2"/><net_sink comp="9060" pin=1"/></net>

<net id="9068"><net_src comp="38" pin="0"/><net_sink comp="9060" pin=2"/></net>

<net id="9069"><net_src comp="40" pin="0"/><net_sink comp="9060" pin=3"/></net>

<net id="9076"><net_src comp="36" pin="0"/><net_sink comp="9070" pin=0"/></net>

<net id="9077"><net_src comp="310" pin="2"/><net_sink comp="9070" pin=1"/></net>

<net id="9078"><net_src comp="38" pin="0"/><net_sink comp="9070" pin=2"/></net>

<net id="9079"><net_src comp="40" pin="0"/><net_sink comp="9070" pin=3"/></net>

<net id="9083"><net_src comp="206" pin="2"/><net_sink comp="9080" pin=0"/></net>

<net id="9087"><net_src comp="206" pin="2"/><net_sink comp="9084" pin=0"/></net>

<net id="9088"><net_src comp="9084" pin="1"/><net_sink comp="312" pin=0"/></net>

<net id="9089"><net_src comp="9084" pin="1"/><net_sink comp="327" pin=0"/></net>

<net id="9096"><net_src comp="36" pin="0"/><net_sink comp="9090" pin=0"/></net>

<net id="9097"><net_src comp="312" pin="2"/><net_sink comp="9090" pin=1"/></net>

<net id="9098"><net_src comp="38" pin="0"/><net_sink comp="9090" pin=2"/></net>

<net id="9099"><net_src comp="40" pin="0"/><net_sink comp="9090" pin=3"/></net>

<net id="9106"><net_src comp="36" pin="0"/><net_sink comp="9100" pin=0"/></net>

<net id="9107"><net_src comp="327" pin="2"/><net_sink comp="9100" pin=1"/></net>

<net id="9108"><net_src comp="38" pin="0"/><net_sink comp="9100" pin=2"/></net>

<net id="9109"><net_src comp="40" pin="0"/><net_sink comp="9100" pin=3"/></net>

<net id="9115"><net_src comp="156" pin="0"/><net_sink comp="9110" pin=0"/></net>

<net id="9116"><net_src comp="206" pin="2"/><net_sink comp="9110" pin=1"/></net>

<net id="9117"><net_src comp="158" pin="0"/><net_sink comp="9110" pin=2"/></net>

<net id="9121"><net_src comp="9110" pin="3"/><net_sink comp="9118" pin=0"/></net>

<net id="9126"><net_src comp="160" pin="0"/><net_sink comp="9122" pin=0"/></net>

<net id="9127"><net_src comp="9118" pin="1"/><net_sink comp="9122" pin=1"/></net>

<net id="9132"><net_src comp="9122" pin="2"/><net_sink comp="9128" pin=0"/></net>

<net id="9133"><net_src comp="9080" pin="1"/><net_sink comp="9128" pin=1"/></net>

<net id="9140"><net_src comp="162" pin="0"/><net_sink comp="9134" pin=0"/></net>

<net id="9141"><net_src comp="9128" pin="2"/><net_sink comp="9134" pin=1"/></net>

<net id="9142"><net_src comp="38" pin="0"/><net_sink comp="9134" pin=2"/></net>

<net id="9143"><net_src comp="164" pin="0"/><net_sink comp="9134" pin=3"/></net>

<net id="9147"><net_src comp="9134" pin="4"/><net_sink comp="9144" pin=0"/></net>

<net id="9151"><net_src comp="200" pin="2"/><net_sink comp="9148" pin=0"/></net>

<net id="9152"><net_src comp="9148" pin="1"/><net_sink comp="303" pin=0"/></net>

<net id="9153"><net_src comp="9148" pin="1"/><net_sink comp="336" pin=0"/></net>

<net id="9154"><net_src comp="9148" pin="1"/><net_sink comp="342" pin=0"/></net>

<net id="9161"><net_src comp="36" pin="0"/><net_sink comp="9155" pin=0"/></net>

<net id="9162"><net_src comp="303" pin="2"/><net_sink comp="9155" pin=1"/></net>

<net id="9163"><net_src comp="38" pin="0"/><net_sink comp="9155" pin=2"/></net>

<net id="9164"><net_src comp="40" pin="0"/><net_sink comp="9155" pin=3"/></net>

<net id="9171"><net_src comp="36" pin="0"/><net_sink comp="9165" pin=0"/></net>

<net id="9172"><net_src comp="336" pin="2"/><net_sink comp="9165" pin=1"/></net>

<net id="9173"><net_src comp="38" pin="0"/><net_sink comp="9165" pin=2"/></net>

<net id="9174"><net_src comp="40" pin="0"/><net_sink comp="9165" pin=3"/></net>

<net id="9181"><net_src comp="36" pin="0"/><net_sink comp="9175" pin=0"/></net>

<net id="9182"><net_src comp="342" pin="2"/><net_sink comp="9175" pin=1"/></net>

<net id="9183"><net_src comp="38" pin="0"/><net_sink comp="9175" pin=2"/></net>

<net id="9184"><net_src comp="40" pin="0"/><net_sink comp="9175" pin=3"/></net>

<net id="9189"><net_src comp="8415" pin="4"/><net_sink comp="9185" pin=0"/></net>

<net id="9190"><net_src comp="8456" pin="4"/><net_sink comp="9185" pin=1"/></net>

<net id="9195"><net_src comp="8575" pin="4"/><net_sink comp="9191" pin=0"/></net>

<net id="9196"><net_src comp="8629" pin="1"/><net_sink comp="9191" pin=1"/></net>

<net id="9201"><net_src comp="8708" pin="4"/><net_sink comp="9197" pin=0"/></net>

<net id="9202"><net_src comp="8751" pin="4"/><net_sink comp="9197" pin=1"/></net>

<net id="9207"><net_src comp="8856" pin="4"/><net_sink comp="9203" pin=0"/></net>

<net id="9208"><net_src comp="8931" pin="1"/><net_sink comp="9203" pin=1"/></net>

<net id="9213"><net_src comp="9155" pin="4"/><net_sink comp="9209" pin=0"/></net>

<net id="9214"><net_src comp="172" pin="0"/><net_sink comp="9209" pin=1"/></net>

<net id="9219"><net_src comp="9209" pin="2"/><net_sink comp="9215" pin=0"/></net>

<net id="9220"><net_src comp="9090" pin="4"/><net_sink comp="9215" pin=1"/></net>

<net id="9225"><net_src comp="8425" pin="4"/><net_sink comp="9221" pin=0"/></net>

<net id="9226"><net_src comp="8466" pin="4"/><net_sink comp="9221" pin=1"/></net>

<net id="9231"><net_src comp="8595" pin="1"/><net_sink comp="9227" pin=0"/></net>

<net id="9232"><net_src comp="8679" pin="1"/><net_sink comp="9227" pin=1"/></net>

<net id="9237"><net_src comp="8728" pin="1"/><net_sink comp="9233" pin=0"/></net>

<net id="9238"><net_src comp="8801" pin="1"/><net_sink comp="9233" pin=1"/></net>

<net id="9243"><net_src comp="8866" pin="4"/><net_sink comp="9239" pin=0"/></net>

<net id="9244"><net_src comp="8935" pin="4"/><net_sink comp="9239" pin=1"/></net>

<net id="9249"><net_src comp="9165" pin="4"/><net_sink comp="9245" pin=0"/></net>

<net id="9250"><net_src comp="174" pin="0"/><net_sink comp="9245" pin=1"/></net>

<net id="9255"><net_src comp="9245" pin="2"/><net_sink comp="9251" pin=0"/></net>

<net id="9256"><net_src comp="9100" pin="4"/><net_sink comp="9251" pin=1"/></net>

<net id="9261"><net_src comp="8445" pin="1"/><net_sink comp="9257" pin=0"/></net>

<net id="9262"><net_src comp="8476" pin="4"/><net_sink comp="9257" pin=1"/></net>

<net id="9267"><net_src comp="8599" pin="4"/><net_sink comp="9263" pin=0"/></net>

<net id="9268"><net_src comp="8683" pin="4"/><net_sink comp="9263" pin=1"/></net>

<net id="9273"><net_src comp="8742" pin="1"/><net_sink comp="9269" pin=0"/></net>

<net id="9274"><net_src comp="8845" pin="1"/><net_sink comp="9269" pin=1"/></net>

<net id="9279"><net_src comp="8876" pin="4"/><net_sink comp="9275" pin=0"/></net>

<net id="9280"><net_src comp="8967" pin="4"/><net_sink comp="9275" pin=1"/></net>

<net id="9285"><net_src comp="9175" pin="4"/><net_sink comp="9281" pin=0"/></net>

<net id="9286"><net_src comp="176" pin="0"/><net_sink comp="9281" pin=1"/></net>

<net id="9291"><net_src comp="9281" pin="2"/><net_sink comp="9287" pin=0"/></net>

<net id="9292"><net_src comp="9144" pin="1"/><net_sink comp="9287" pin=1"/></net>

<net id="9313"><net_src comp="9305" pin="2"/><net_sink comp="9309" pin=1"/></net>

<net id="9322"><net_src comp="9314" pin="2"/><net_sink comp="9318" pin=1"/></net>

<net id="9327"><net_src comp="9318" pin="2"/><net_sink comp="9323" pin=0"/></net>

<net id="9328"><net_src comp="9309" pin="2"/><net_sink comp="9323" pin=1"/></net>

<net id="9341"><net_src comp="9333" pin="2"/><net_sink comp="9337" pin=1"/></net>

<net id="9346"><net_src comp="9337" pin="2"/><net_sink comp="9342" pin=0"/></net>

<net id="9347"><net_src comp="9329" pin="2"/><net_sink comp="9342" pin=1"/></net>

<net id="9352"><net_src comp="9342" pin="2"/><net_sink comp="9348" pin=0"/></net>

<net id="9353"><net_src comp="9323" pin="2"/><net_sink comp="9348" pin=1"/></net>

<net id="9358"><net_src comp="9296" pin="1"/><net_sink comp="9354" pin=1"/></net>

<net id="9363"><net_src comp="9354" pin="2"/><net_sink comp="9359" pin=1"/></net>

<net id="9375"><net_src comp="9368" pin="1"/><net_sink comp="9371" pin=0"/></net>

<net id="9376"><net_src comp="9364" pin="2"/><net_sink comp="9371" pin=1"/></net>

<net id="9381"><net_src comp="9371" pin="2"/><net_sink comp="9377" pin=0"/></net>

<net id="9382"><net_src comp="9359" pin="2"/><net_sink comp="9377" pin=1"/></net>

<net id="9391"><net_src comp="9302" pin="1"/><net_sink comp="9387" pin=0"/></net>

<net id="9396"><net_src comp="9387" pin="2"/><net_sink comp="9392" pin=1"/></net>

<net id="9401"><net_src comp="9392" pin="2"/><net_sink comp="9397" pin=0"/></net>

<net id="9402"><net_src comp="9383" pin="2"/><net_sink comp="9397" pin=1"/></net>

<net id="9407"><net_src comp="9397" pin="2"/><net_sink comp="9403" pin=0"/></net>

<net id="9408"><net_src comp="9377" pin="2"/><net_sink comp="9403" pin=1"/></net>

<net id="9413"><net_src comp="9293" pin="1"/><net_sink comp="9409" pin=0"/></net>

<net id="9418"><net_src comp="9409" pin="2"/><net_sink comp="9414" pin=1"/></net>

<net id="9423"><net_src comp="9299" pin="1"/><net_sink comp="9419" pin=1"/></net>

<net id="9428"><net_src comp="9419" pin="2"/><net_sink comp="9424" pin=1"/></net>

<net id="9433"><net_src comp="9424" pin="2"/><net_sink comp="9429" pin=0"/></net>

<net id="9434"><net_src comp="9414" pin="2"/><net_sink comp="9429" pin=1"/></net>

<net id="9447"><net_src comp="9439" pin="2"/><net_sink comp="9443" pin=1"/></net>

<net id="9452"><net_src comp="9443" pin="2"/><net_sink comp="9448" pin=0"/></net>

<net id="9453"><net_src comp="9435" pin="2"/><net_sink comp="9448" pin=1"/></net>

<net id="9458"><net_src comp="9448" pin="2"/><net_sink comp="9454" pin=0"/></net>

<net id="9459"><net_src comp="9429" pin="2"/><net_sink comp="9454" pin=1"/></net>

<net id="9465"><net_src comp="194" pin="0"/><net_sink comp="9460" pin=0"/></net>

<net id="9466"><net_src comp="9348" pin="2"/><net_sink comp="9460" pin=1"/></net>

<net id="9467"><net_src comp="196" pin="0"/><net_sink comp="9460" pin=2"/></net>

<net id="9471"><net_src comp="9460" pin="3"/><net_sink comp="9468" pin=0"/></net>

<net id="9477"><net_src comp="194" pin="0"/><net_sink comp="9472" pin=0"/></net>

<net id="9478"><net_src comp="9403" pin="2"/><net_sink comp="9472" pin=1"/></net>

<net id="9479"><net_src comp="196" pin="0"/><net_sink comp="9472" pin=2"/></net>

<net id="9483"><net_src comp="9472" pin="3"/><net_sink comp="9480" pin=0"/></net>

<net id="9489"><net_src comp="194" pin="0"/><net_sink comp="9484" pin=0"/></net>

<net id="9490"><net_src comp="9454" pin="2"/><net_sink comp="9484" pin=1"/></net>

<net id="9491"><net_src comp="196" pin="0"/><net_sink comp="9484" pin=2"/></net>

<net id="9495"><net_src comp="9484" pin="3"/><net_sink comp="9492" pin=0"/></net>

<net id="9500"><net_src comp="198" pin="0"/><net_sink comp="9496" pin=0"/></net>

<net id="9501"><net_src comp="9468" pin="1"/><net_sink comp="9496" pin=1"/></net>

<net id="9506"><net_src comp="9496" pin="2"/><net_sink comp="9502" pin=0"/></net>

<net id="9507"><net_src comp="9480" pin="1"/><net_sink comp="9502" pin=1"/></net>

<net id="9512"><net_src comp="9502" pin="2"/><net_sink comp="9508" pin=0"/></net>

<net id="9513"><net_src comp="9492" pin="1"/><net_sink comp="9508" pin=1"/></net>

<net id="9517"><net_src comp="8316" pin="4"/><net_sink comp="9514" pin=0"/></net>

<net id="9518"><net_src comp="9514" pin="1"/><net_sink comp="9305" pin=0"/></net>

<net id="9522"><net_src comp="8326" pin="4"/><net_sink comp="9519" pin=0"/></net>

<net id="9523"><net_src comp="9519" pin="1"/><net_sink comp="9354" pin=0"/></net>

<net id="9527"><net_src comp="8336" pin="4"/><net_sink comp="9524" pin=0"/></net>

<net id="9528"><net_src comp="9524" pin="1"/><net_sink comp="9293" pin=0"/></net>

<net id="9532"><net_src comp="8356" pin="4"/><net_sink comp="9529" pin=0"/></net>

<net id="9533"><net_src comp="9529" pin="1"/><net_sink comp="9305" pin=1"/></net>

<net id="9537"><net_src comp="8366" pin="4"/><net_sink comp="9534" pin=0"/></net>

<net id="9538"><net_src comp="9534" pin="1"/><net_sink comp="9296" pin=0"/></net>

<net id="9542"><net_src comp="8394" pin="4"/><net_sink comp="9539" pin=0"/></net>

<net id="9543"><net_src comp="9539" pin="1"/><net_sink comp="9409" pin=1"/></net>

<net id="9547"><net_src comp="8493" pin="4"/><net_sink comp="9544" pin=0"/></net>

<net id="9548"><net_src comp="9544" pin="1"/><net_sink comp="9314" pin=0"/></net>

<net id="9552"><net_src comp="8503" pin="4"/><net_sink comp="9549" pin=0"/></net>

<net id="9553"><net_src comp="9549" pin="1"/><net_sink comp="9364" pin=0"/></net>

<net id="9557"><net_src comp="8513" pin="4"/><net_sink comp="9554" pin=0"/></net>

<net id="9558"><net_src comp="9554" pin="1"/><net_sink comp="9419" pin=0"/></net>

<net id="9562"><net_src comp="8534" pin="4"/><net_sink comp="9559" pin=0"/></net>

<net id="9563"><net_src comp="9559" pin="1"/><net_sink comp="9314" pin=1"/></net>

<net id="9567"><net_src comp="8544" pin="4"/><net_sink comp="9564" pin=0"/></net>

<net id="9568"><net_src comp="9564" pin="1"/><net_sink comp="9364" pin=1"/></net>

<net id="9572"><net_src comp="8554" pin="4"/><net_sink comp="9569" pin=0"/></net>

<net id="9573"><net_src comp="9569" pin="1"/><net_sink comp="9299" pin=0"/></net>

<net id="9577"><net_src comp="8983" pin="4"/><net_sink comp="9574" pin=0"/></net>

<net id="9578"><net_src comp="9574" pin="1"/><net_sink comp="9333" pin=0"/></net>

<net id="9582"><net_src comp="9023" pin="4"/><net_sink comp="9579" pin=0"/></net>

<net id="9583"><net_src comp="9579" pin="1"/><net_sink comp="9302" pin=0"/></net>

<net id="9587"><net_src comp="9033" pin="4"/><net_sink comp="9584" pin=0"/></net>

<net id="9588"><net_src comp="9584" pin="1"/><net_sink comp="9439" pin=0"/></net>

<net id="9592"><net_src comp="9050" pin="4"/><net_sink comp="9589" pin=0"/></net>

<net id="9593"><net_src comp="9589" pin="1"/><net_sink comp="9333" pin=1"/></net>

<net id="9597"><net_src comp="9060" pin="4"/><net_sink comp="9594" pin=0"/></net>

<net id="9598"><net_src comp="9594" pin="1"/><net_sink comp="9387" pin=1"/></net>

<net id="9602"><net_src comp="9070" pin="4"/><net_sink comp="9599" pin=0"/></net>

<net id="9603"><net_src comp="9599" pin="1"/><net_sink comp="9439" pin=1"/></net>

<net id="9607"><net_src comp="9185" pin="2"/><net_sink comp="9604" pin=0"/></net>

<net id="9608"><net_src comp="9604" pin="1"/><net_sink comp="9309" pin=0"/></net>

<net id="9612"><net_src comp="9191" pin="2"/><net_sink comp="9609" pin=0"/></net>

<net id="9613"><net_src comp="9609" pin="1"/><net_sink comp="9318" pin=0"/></net>

<net id="9617"><net_src comp="9197" pin="2"/><net_sink comp="9614" pin=0"/></net>

<net id="9618"><net_src comp="9614" pin="1"/><net_sink comp="9329" pin=1"/></net>

<net id="9622"><net_src comp="9203" pin="2"/><net_sink comp="9619" pin=0"/></net>

<net id="9623"><net_src comp="9619" pin="1"/><net_sink comp="9329" pin=0"/></net>

<net id="9627"><net_src comp="9215" pin="2"/><net_sink comp="9624" pin=0"/></net>

<net id="9628"><net_src comp="9624" pin="1"/><net_sink comp="9337" pin=0"/></net>

<net id="9632"><net_src comp="9221" pin="2"/><net_sink comp="9629" pin=0"/></net>

<net id="9633"><net_src comp="9629" pin="1"/><net_sink comp="9359" pin=0"/></net>

<net id="9637"><net_src comp="9227" pin="2"/><net_sink comp="9634" pin=0"/></net>

<net id="9638"><net_src comp="9634" pin="1"/><net_sink comp="9368" pin=0"/></net>

<net id="9642"><net_src comp="9233" pin="2"/><net_sink comp="9639" pin=0"/></net>

<net id="9643"><net_src comp="9639" pin="1"/><net_sink comp="9383" pin=1"/></net>

<net id="9647"><net_src comp="9239" pin="2"/><net_sink comp="9644" pin=0"/></net>

<net id="9648"><net_src comp="9644" pin="1"/><net_sink comp="9383" pin=0"/></net>

<net id="9652"><net_src comp="9251" pin="2"/><net_sink comp="9649" pin=0"/></net>

<net id="9653"><net_src comp="9649" pin="1"/><net_sink comp="9392" pin=0"/></net>

<net id="9657"><net_src comp="9257" pin="2"/><net_sink comp="9654" pin=0"/></net>

<net id="9658"><net_src comp="9654" pin="1"/><net_sink comp="9414" pin=0"/></net>

<net id="9662"><net_src comp="9263" pin="2"/><net_sink comp="9659" pin=0"/></net>

<net id="9663"><net_src comp="9659" pin="1"/><net_sink comp="9424" pin=0"/></net>

<net id="9667"><net_src comp="9269" pin="2"/><net_sink comp="9664" pin=0"/></net>

<net id="9668"><net_src comp="9664" pin="1"/><net_sink comp="9435" pin=1"/></net>

<net id="9672"><net_src comp="9275" pin="2"/><net_sink comp="9669" pin=0"/></net>

<net id="9673"><net_src comp="9669" pin="1"/><net_sink comp="9435" pin=0"/></net>

<net id="9677"><net_src comp="9287" pin="2"/><net_sink comp="9674" pin=0"/></net>

<net id="9678"><net_src comp="9674" pin="1"/><net_sink comp="9443" pin=0"/></net>

</net_list>

</model> 
---------------- Datapath Model END ------------------

* FSMD analyzer results:
  - Output states:
 - Input state : 
	Port: dense_latency<ap_fixed<16, 6, 5, 3, 0>, ap_fixed<37, 17, 5, 3, 0>, config10> : data_0_val | {1 }
	Port: dense_latency<ap_fixed<16, 6, 5, 3, 0>, ap_fixed<37, 17, 5, 3, 0>, config10> : data_1_val | {1 }
	Port: dense_latency<ap_fixed<16, 6, 5, 3, 0>, ap_fixed<37, 17, 5, 3, 0>, config10> : data_2_val | {1 }
	Port: dense_latency<ap_fixed<16, 6, 5, 3, 0>, ap_fixed<37, 17, 5, 3, 0>, config10> : data_3_val | {1 }
	Port: dense_latency<ap_fixed<16, 6, 5, 3, 0>, ap_fixed<37, 17, 5, 3, 0>, config10> : data_4_val | {1 }
	Port: dense_latency<ap_fixed<16, 6, 5, 3, 0>, ap_fixed<37, 17, 5, 3, 0>, config10> : data_5_val | {1 }
	Port: dense_latency<ap_fixed<16, 6, 5, 3, 0>, ap_fixed<37, 17, 5, 3, 0>, config10> : data_6_val | {1 }
	Port: dense_latency<ap_fixed<16, 6, 5, 3, 0>, ap_fixed<37, 17, 5, 3, 0>, config10> : data_7_val | {1 }
	Port: dense_latency<ap_fixed<16, 6, 5, 3, 0>, ap_fixed<37, 17, 5, 3, 0>, config10> : data_8_val | {1 }
	Port: dense_latency<ap_fixed<16, 6, 5, 3, 0>, ap_fixed<37, 17, 5, 3, 0>, config10> : data_9_val | {1 }
	Port: dense_latency<ap_fixed<16, 6, 5, 3, 0>, ap_fixed<37, 17, 5, 3, 0>, config10> : data_10_val | {1 }
	Port: dense_latency<ap_fixed<16, 6, 5, 3, 0>, ap_fixed<37, 17, 5, 3, 0>, config10> : data_11_val | {1 }
	Port: dense_latency<ap_fixed<16, 6, 5, 3, 0>, ap_fixed<37, 17, 5, 3, 0>, config10> : data_12_val | {1 }
	Port: dense_latency<ap_fixed<16, 6, 5, 3, 0>, ap_fixed<37, 17, 5, 3, 0>, config10> : data_13_val | {1 }
	Port: dense_latency<ap_fixed<16, 6, 5, 3, 0>, ap_fixed<37, 17, 5, 3, 0>, config10> : data_14_val | {1 }
	Port: dense_latency<ap_fixed<16, 6, 5, 3, 0>, ap_fixed<37, 17, 5, 3, 0>, config10> : data_15_val | {1 }
  - Chain level:
	State 1
		mul_ln42 : 1
		trunc_ln : 2
		mul_ln73 : 1
		trunc_ln42_1 : 2
		mul_ln73_12328 : 1
		trunc_ln42_s : 2
		mul_ln42_226 : 1
		trunc_ln42_3 : 2
		mul_ln73_12329 : 1
		trunc_ln42_2 : 2
		sext_ln73_4231 : 1
		add_ln73 : 2
		trunc_ln42_5 : 3
		mul_ln73_12330 : 1
		trunc_ln42_6 : 2
		mul_ln42_227 : 1
		trunc_ln42_7 : 2
		mul_ln73_12331 : 1
		trunc_ln42_4 : 2
		sext_ln42_8798 : 3
		mul_ln42_228 : 1
		trunc_ln42_9 : 2
		mul_ln42_229 : 1
		trunc_ln42_8 : 2
		mul_ln73_12332 : 1
		trunc_ln42_10 : 2
		mul_ln42_230 : 1
		trunc_ln42_11 : 2
		mul_ln42_231 : 1
		trunc_ln42_12 : 2
		mul_ln42_232 : 1
		trunc_ln42_13 : 2
		mul_ln42_233 : 1
		trunc_ln42_14 : 2
		mul_ln42_234 : 1
		trunc_ln42_15 : 2
		mul_ln73_12333 : 1
		trunc_ln42_16 : 2
		mul_ln73_12334 : 1
		trunc_ln42_17 : 2
		mul_ln73_12335 : 1
		trunc_ln42_18 : 2
		sext_ln73_4232 : 3
		mul_ln73_12336 : 1
		trunc_ln42_19 : 2
		mul_ln73_12337 : 1
		trunc_ln42_20 : 2
		sext_ln42_8800 : 3
		sext_ln73_4233 : 1
		sub_ln73 : 2
		sext_ln73_4234 : 1
		sub_ln73_3629 : 3
		trunc_ln42_21 : 4
		sext_ln73_4235 : 5
		mul_ln73_12338 : 1
		trunc_ln42_22 : 2
		mul_ln73_12339 : 1
		trunc_ln42_23 : 2
		mul_ln73_12340 : 1
		trunc_ln42_24 : 2
		sext_ln42_8801 : 3
		mul_ln73_12341 : 1
		trunc_ln42_25 : 2
		sext_ln42_8802 : 3
		mul_ln42_235 : 1
		trunc_ln42_26 : 2
		sext_ln73_4236 : 1
		sext_ln73_4237 : 1
		sub_ln73_3630 : 2
		trunc_ln42_27 : 3
		sext_ln42_8804 : 4
		sext_ln73_4238 : 1
		sext_ln73_4239 : 1
		sub_ln73_3631 : 2
		trunc_ln42_28 : 3
		sext_ln42_8805 : 4
		mul_ln42_236 : 1
		trunc_ln42_29 : 2
		mul_ln42_237 : 1
		trunc_ln42_30 : 2
		mul_ln73_12342 : 1
		trunc_ln42_31 : 2
		sext_ln73_4240 : 1
		sext_ln73_4241 : 1
		sub_ln73_3632 : 2
		trunc_ln42_32 : 3
		sext_ln42_8807 : 4
		mul_ln42_238 : 1
		trunc_ln42_33 : 2
		sext_ln42_8808 : 1
		sext_ln42_8809 : 1
		add_ln42 : 2
		trunc_ln42_34 : 3
		mul_ln42_239 : 1
		trunc_ln42_35 : 2
		sext_ln73_4242 : 1
		sext_ln73_4243 : 1
		add_ln73_943 : 2
		trunc_ln42_36 : 3
		mul_ln73_12343 : 1
		trunc_ln42_37 : 2
		mul_ln73_12344 : 1
		trunc_ln42_38 : 2
		mul_ln73_12345 : 1
		trunc_ln42_39 : 2
		mul_ln42_240 : 1
		trunc_ln42_40 : 2
		mul_ln42_241 : 1
		trunc_ln42_41 : 2
		mul_ln73_12346 : 1
		trunc_ln42_42 : 2
		sext_ln73_4244 : 1
		sub_ln73_3633 : 2
		sub_ln73_3634 : 3
		trunc_ln42_43 : 4
		sext_ln42_8812 : 5
		mul_ln42_242 : 1
		trunc_ln42_44 : 2
		mul_ln42_243 : 1
		trunc_ln42_45 : 2
		mul_ln73_12347 : 1
		trunc_ln42_46 : 2
		add_ln58_18375 : 3
		add_ln58_18378 : 4
		add_ln58_18381 : 3
		add_ln58_18382 : 5
		add_ln58_18385 : 3
		add_ln58_18386 : 4
		add_ln58_18391 : 3
		add_ln58_18394 : 6
		add_ln58_18397 : 5
		add_ln58_18398 : 3
		add_ln58_18401 : 3
		add_ln58_18402 : 4
		add_ln58_18407 : 4
		add_ln58_18410 : 3
		add_ln58_18413 : 5
		add_ln58_18414 : 4
		add_ln58_18417 : 3
		add_ln58_18418 : 6
	State 2
		add_ln58_18376 : 1
		add_ln58_18379 : 1
		add_ln58_18380 : 2
		add_ln58_18387 : 1
		add_ln58_18388 : 2
		x : 3
		add_ln58_18390 : 1
		add_ln58_18392 : 2
		add_ln58_18395 : 1
		add_ln58_18396 : 3
		add_ln58_18400 : 1
		add_ln58_18403 : 2
		add_ln58_18404 : 3
		x_239 : 4
		add_ln58_18406 : 1
		add_ln58_18408 : 2
		add_ln58_18409 : 1
		add_ln58_18411 : 2
		add_ln58_18412 : 3
		add_ln58_18419 : 1
		add_ln58_18420 : 2
		x_240 : 4
		shl_ln : 4
		sext_ln110 : 5
		shl_ln111_s : 5
		sext_ln110_233 : 6
		shl_ln111_233 : 5
		sext_ln68 : 6
		mrv : 6
		mrv_1 : 7
		mrv_2 : 8
		ret_ln68 : 9


============================================================
+ Verbose Summary: Datapath Resource usage 
============================================================

* Functional unit list:
|----------|------------------------------|---------|---------|---------|
| Operation|        Functional Unit       |   DSP   |    FF   |   LUT   |
|----------|------------------------------|---------|---------|---------|
|          |       add_ln73_fu_8388       |    0    |    0    |    31   |
|          |       add_ln42_fu_8961       |    0    |    0    |    32   |
|          |     add_ln73_943_fu_9017     |    0    |    0    |    27   |
|          |    add_ln58_18375_fu_9185    |    0    |    0    |    23   |
|          |    add_ln58_18378_fu_9191    |    0    |    0    |    23   |
|          |    add_ln58_18381_fu_9197    |    0    |    0    |    23   |
|          |    add_ln58_18382_fu_9203    |    0    |    0    |    23   |
|          |    add_ln58_18385_fu_9209    |    0    |    0    |    16   |
|          |    add_ln58_18386_fu_9215    |    0    |    0    |    16   |
|          |    add_ln58_18391_fu_9221    |    0    |    0    |    23   |
|          |    add_ln58_18394_fu_9227    |    0    |    0    |    21   |
|          |    add_ln58_18397_fu_9233    |    0    |    0    |    22   |
|          |    add_ln58_18398_fu_9239    |    0    |    0    |    23   |
|          |    add_ln58_18401_fu_9245    |    0    |    0    |    16   |
|          |    add_ln58_18402_fu_9251    |    0    |    0    |    16   |
|          |    add_ln58_18407_fu_9257    |    0    |    0    |    23   |
|          |    add_ln58_18410_fu_9263    |    0    |    0    |    23   |
|          |    add_ln58_18413_fu_9269    |    0    |    0    |    22   |
|          |    add_ln58_18414_fu_9275    |    0    |    0    |    23   |
|          |    add_ln58_18417_fu_9281    |    0    |    0    |    16   |
|          |    add_ln58_18418_fu_9287    |    0    |    0    |    16   |
|          |       add_ln58_fu_9305       |    0    |    0    |    16   |
|          |    add_ln58_18376_fu_9309    |    0    |    0    |    16   |
|          |    add_ln58_18377_fu_9314    |    0    |    0    |    16   |
|          |    add_ln58_18379_fu_9318    |    0    |    0    |    16   |
|    add   |    add_ln58_18380_fu_9323    |    0    |    0    |    16   |
|          |    add_ln58_18383_fu_9329    |    0    |    0    |    16   |
|          |    add_ln58_18384_fu_9333    |    0    |    0    |    16   |
|          |    add_ln58_18387_fu_9337    |    0    |    0    |    16   |
|          |    add_ln58_18388_fu_9342    |    0    |    0    |    16   |
|          |           x_fu_9348          |    0    |    0    |    16   |
|          |    add_ln58_18390_fu_9354    |    0    |    0    |    16   |
|          |    add_ln58_18392_fu_9359    |    0    |    0    |    16   |
|          |    add_ln58_18393_fu_9364    |    0    |    0    |    16   |
|          |    add_ln58_18395_fu_9371    |    0    |    0    |    16   |
|          |    add_ln58_18396_fu_9377    |    0    |    0    |    16   |
|          |    add_ln58_18399_fu_9383    |    0    |    0    |    16   |
|          |    add_ln58_18400_fu_9387    |    0    |    0    |    16   |
|          |    add_ln58_18403_fu_9392    |    0    |    0    |    16   |
|          |    add_ln58_18404_fu_9397    |    0    |    0    |    16   |
|          |         x_239_fu_9403        |    0    |    0    |    16   |
|          |    add_ln58_18406_fu_9409    |    0    |    0    |    16   |
|          |    add_ln58_18408_fu_9414    |    0    |    0    |    16   |
|          |    add_ln58_18409_fu_9419    |    0    |    0    |    16   |
|          |    add_ln58_18411_fu_9424    |    0    |    0    |    16   |
|          |    add_ln58_18412_fu_9429    |    0    |    0    |    16   |
|          |    add_ln58_18415_fu_9435    |    0    |    0    |    16   |
|          |    add_ln58_18416_fu_9439    |    0    |    0    |    16   |
|          |    add_ln58_18419_fu_9443    |    0    |    0    |    16   |
|          |    add_ln58_18420_fu_9448    |    0    |    0    |    16   |
|          |         x_240_fu_9454        |    0    |    0    |    16   |
|----------|------------------------------|---------|---------|---------|
|          |     mul_ln73_12330_fu_296    |    1    |    0    |    5    |
|          |      mul_ln42_237_fu_298     |    1    |    0    |    5    |
|          |     mul_ln73_12342_fu_299    |    1    |    0    |    5    |
|          |      mul_ln42_232_fu_301     |    1    |    0    |    5    |
|          |     mul_ln73_12333_fu_302    |    1    |    0    |    5    |
|          |      mul_ln42_242_fu_303     |    1    |    0    |    5    |
|          |     mul_ln73_12329_fu_304    |    1    |    0    |    5    |
|          |     mul_ln73_12340_fu_305    |    1    |    0    |    5    |
|          |     mul_ln73_12341_fu_306    |    1    |    0    |    5    |
|          |     mul_ln73_12336_fu_307    |    1    |    0    |    5    |
|          |      mul_ln42_233_fu_309     |    1    |    0    |    5    |
|          |      mul_ln42_240_fu_310     |    1    |    0    |    5    |
|          |     mul_ln73_12337_fu_311    |    1    |    0    |    5    |
|          |      mul_ln42_241_fu_312     |    1    |    0    |    5    |
|          |      mul_ln42_227_fu_313     |    1    |    0    |    5    |
|          |      mul_ln42_235_fu_314     |    1    |    0    |    5    |
|          |      mul_ln42_229_fu_315     |    1    |    0    |    5    |
|          |      mul_ln42_239_fu_317     |    1    |    0    |    5    |
|          |     mul_ln73_12335_fu_319    |    1    |    0    |    5    |
|    mul   |     mul_ln73_12339_fu_320    |    1    |    0    |    5    |
|          |     mul_ln73_12345_fu_321    |    1    |    0    |    5    |
|          |        mul_ln42_fu_323       |    1    |    0    |    5    |
|          |      mul_ln42_230_fu_324     |    1    |    0    |    5    |
|          |      mul_ln42_234_fu_325     |    1    |    0    |    5    |
|          |     mul_ln73_12344_fu_326    |    1    |    0    |    5    |
|          |     mul_ln73_12346_fu_327    |    1    |    0    |    5    |
|          |     mul_ln73_12328_fu_328    |    1    |    0    |    5    |
|          |     mul_ln73_12334_fu_329    |    1    |    0    |    5    |
|          |      mul_ln42_228_fu_330     |    1    |    0    |    5    |
|          |      mul_ln42_238_fu_332     |    1    |    0    |    5    |
|          |      mul_ln42_236_fu_333     |    1    |    0    |    5    |
|          |      mul_ln42_226_fu_334     |    1    |    0    |    5    |
|          |        mul_ln73_fu_335       |    1    |    0    |    5    |
|          |      mul_ln42_243_fu_336     |    1    |    0    |    5    |
|          |      mul_ln42_231_fu_337     |    1    |    0    |    5    |
|          |     mul_ln73_12338_fu_338    |    1    |    0    |    5    |
|          |     mul_ln73_12332_fu_339    |    1    |    0    |    5    |
|          |     mul_ln73_12343_fu_341    |    1    |    0    |    5    |
|          |     mul_ln73_12347_fu_342    |    1    |    0    |    5    |
|          |     mul_ln73_12331_fu_343    |    1    |    0    |    5    |
|----------|------------------------------|---------|---------|---------|
|          |       sub_ln73_fu_8645       |    0    |    0    |    22   |
|          |     sub_ln73_3629_fu_8663    |    0    |    0    |    24   |
|          |     sub_ln73_3630_fu_8785    |    0    |    0    |    30   |
|    sub   |     sub_ln73_3631_fu_8829    |    0    |    0    |    31   |
|          |     sub_ln73_3632_fu_8915    |    0    |    0    |    30   |
|          |     sub_ln73_3633_fu_9122    |    0    |    0    |    21   |
|          |     sub_ln73_3634_fu_9128    |    0    |    0    |    23   |
|----------|------------------------------|---------|---------|---------|
|          | data_15_val_read_read_fu_200 |    0    |    0    |    0    |
|          | data_14_val_read_read_fu_206 |    0    |    0    |    0    |
|          | data_13_val_read_read_fu_212 |    0    |    0    |    0    |
|          | data_12_val_read_read_fu_218 |    0    |    0    |    0    |
|          | data_11_val_read_read_fu_224 |    0    |    0    |    0    |
|          | data_10_val_read_read_fu_230 |    0    |    0    |    0    |
|          |  data_9_val_read_read_fu_236 |    0    |    0    |    0    |
|   read   |  data_8_val_read_read_fu_242 |    0    |    0    |    0    |
|          |  data_7_val_read_read_fu_248 |    0    |    0    |    0    |
|          |  data_6_val_read_read_fu_254 |    0    |    0    |    0    |
|          |  data_5_val_read_read_fu_260 |    0    |    0    |    0    |
|          |  data_4_val_read_read_fu_266 |    0    |    0    |    0    |
|          |  data_3_val_read_read_fu_272 |    0    |    0    |    0    |
|          |  data_2_val_read_read_fu_278 |    0    |    0    |    0    |
|          |  data_1_val_read_read_fu_284 |    0    |    0    |    0    |
|          |  data_0_val_read_read_fu_290 |    0    |    0    |    0    |
|----------|------------------------------|---------|---------|---------|
|          |       sext_ln70_fu_8305      |    0    |    0    |    0    |
|          |    sext_ln70_1733_fu_8310    |    0    |    0    |    0    |
|          |    sext_ln70_1734_fu_8346    |    0    |    0    |    0    |
|          |    sext_ln70_1735_fu_8351    |    0    |    0    |    0    |
|          |    sext_ln73_4231_fu_8384    |    0    |    0    |    0    |
|          |    sext_ln70_1736_fu_8404    |    0    |    0    |    0    |
|          |    sext_ln42_8797_fu_8409    |    0    |    0    |    0    |
|          |    sext_ln42_8798_fu_8445    |    0    |    0    |    0    |
|          |    sext_ln70_1737_fu_8449    |    0    |    0    |    0    |
|          |       sext_ln73_fu_8486      |    0    |    0    |    0    |
|          |    sext_ln70_1738_fu_8523    |    0    |    0    |    0    |
|          |      sext_ln73_1_fu_8528     |    0    |    0    |    0    |
|          |    sext_ln70_1739_fu_8564    |    0    |    0    |    0    |
|          |    sext_ln70_1740_fu_8569    |    0    |    0    |    0    |
|          |    sext_ln73_4232_fu_8595    |    0    |    0    |    0    |
|          |    sext_ln70_1741_fu_8609    |    0    |    0    |    0    |
|          |    sext_ln70_1742_fu_8614    |    0    |    0    |    0    |
|          |    sext_ln42_8800_fu_8629    |    0    |    0    |    0    |
|          |    sext_ln73_4233_fu_8641    |    0    |    0    |    0    |
|          |    sext_ln73_4234_fu_8659    |    0    |    0    |    0    |
|          |    sext_ln73_4235_fu_8679    |    0    |    0    |    0    |
|          |    sext_ln70_1743_fu_8693    |    0    |    0    |    0    |
|          |    sext_ln70_1744_fu_8698    |    0    |    0    |    0    |
|          |    sext_ln70_1745_fu_8703    |    0    |    0    |    0    |
|          |    sext_ln42_8801_fu_8728    |    0    |    0    |    0    |
|          |    sext_ln42_8802_fu_8742    |    0    |    0    |    0    |
|          |    sext_ln42_8803_fu_8746    |    0    |    0    |    0    |
|          |    sext_ln73_4236_fu_8769    |    0    |    0    |    0    |
|   sext   |    sext_ln73_4237_fu_8781    |    0    |    0    |    0    |
|          |    sext_ln42_8804_fu_8801    |    0    |    0    |    0    |
|          |    sext_ln73_4238_fu_8813    |    0    |    0    |    0    |
|          |    sext_ln73_4239_fu_8825    |    0    |    0    |    0    |
|          |    sext_ln42_8805_fu_8845    |    0    |    0    |    0    |
|          |    sext_ln70_1746_fu_8849    |    0    |    0    |    0    |
|          |    sext_ln42_8806_fu_8886    |    0    |    0    |    0    |
|          |    sext_ln73_4240_fu_8899    |    0    |    0    |    0    |
|          |    sext_ln73_4241_fu_8911    |    0    |    0    |    0    |
|          |    sext_ln42_8807_fu_8931    |    0    |    0    |    0    |
|          |    sext_ln42_8808_fu_8953    |    0    |    0    |    0    |
|          |    sext_ln42_8809_fu_8957    |    0    |    0    |    0    |
|          |    sext_ln70_1747_fu_8977    |    0    |    0    |    0    |
|          |    sext_ln73_4242_fu_9001    |    0    |    0    |    0    |
|          |    sext_ln73_4243_fu_9013    |    0    |    0    |    0    |
|          |    sext_ln42_8811_fu_9043    |    0    |    0    |    0    |
|          |    sext_ln70_1748_fu_9080    |    0    |    0    |    0    |
|          |    sext_ln70_1749_fu_9084    |    0    |    0    |    0    |
|          |    sext_ln73_4244_fu_9118    |    0    |    0    |    0    |
|          |    sext_ln42_8812_fu_9144    |    0    |    0    |    0    |
|          |    sext_ln70_1750_fu_9148    |    0    |    0    |    0    |
|          |       sext_ln42_fu_9293      |    0    |    0    |    0    |
|          |    sext_ln42_8796_fu_9296    |    0    |    0    |    0    |
|          |    sext_ln42_8799_fu_9299    |    0    |    0    |    0    |
|          |    sext_ln42_8810_fu_9302    |    0    |    0    |    0    |
|          |       sext_ln58_fu_9368      |    0    |    0    |    0    |
|          |      sext_ln110_fu_9468      |    0    |    0    |    0    |
|          |    sext_ln110_233_fu_9480    |    0    |    0    |    0    |
|          |       sext_ln68_fu_9492      |    0    |    0    |    0    |
|----------|------------------------------|---------|---------|---------|
|          |       trunc_ln_fu_8316       |    0    |    0    |    0    |
|          |     trunc_ln42_1_fu_8326     |    0    |    0    |    0    |
|          |     trunc_ln42_s_fu_8336     |    0    |    0    |    0    |
|          |     trunc_ln42_3_fu_8356     |    0    |    0    |    0    |
|          |     trunc_ln42_2_fu_8366     |    0    |    0    |    0    |
|          |     trunc_ln42_5_fu_8394     |    0    |    0    |    0    |
|          |     trunc_ln42_6_fu_8415     |    0    |    0    |    0    |
|          |     trunc_ln42_7_fu_8425     |    0    |    0    |    0    |
|          |     trunc_ln42_4_fu_8435     |    0    |    0    |    0    |
|          |     trunc_ln42_9_fu_8456     |    0    |    0    |    0    |
|          |     trunc_ln42_8_fu_8466     |    0    |    0    |    0    |
|          |     trunc_ln42_10_fu_8476    |    0    |    0    |    0    |
|          |     trunc_ln42_11_fu_8493    |    0    |    0    |    0    |
|          |     trunc_ln42_12_fu_8503    |    0    |    0    |    0    |
|          |     trunc_ln42_13_fu_8513    |    0    |    0    |    0    |
|          |     trunc_ln42_14_fu_8534    |    0    |    0    |    0    |
|          |     trunc_ln42_15_fu_8544    |    0    |    0    |    0    |
|          |     trunc_ln42_16_fu_8554    |    0    |    0    |    0    |
|          |     trunc_ln42_17_fu_8575    |    0    |    0    |    0    |
|          |     trunc_ln42_18_fu_8585    |    0    |    0    |    0    |
|          |     trunc_ln42_19_fu_8599    |    0    |    0    |    0    |
|          |     trunc_ln42_20_fu_8619    |    0    |    0    |    0    |
|          |     trunc_ln42_21_fu_8669    |    0    |    0    |    0    |
|partselect|     trunc_ln42_22_fu_8683    |    0    |    0    |    0    |
|          |     trunc_ln42_23_fu_8708    |    0    |    0    |    0    |
|          |     trunc_ln42_24_fu_8718    |    0    |    0    |    0    |
|          |     trunc_ln42_25_fu_8732    |    0    |    0    |    0    |
|          |     trunc_ln42_26_fu_8751    |    0    |    0    |    0    |
|          |     trunc_ln42_27_fu_8791    |    0    |    0    |    0    |
|          |     trunc_ln42_28_fu_8835    |    0    |    0    |    0    |
|          |     trunc_ln42_29_fu_8856    |    0    |    0    |    0    |
|          |     trunc_ln42_30_fu_8866    |    0    |    0    |    0    |
|          |     trunc_ln42_31_fu_8876    |    0    |    0    |    0    |
|          |     trunc_ln42_32_fu_8921    |    0    |    0    |    0    |
|          |     trunc_ln42_33_fu_8935    |    0    |    0    |    0    |
|          |     trunc_ln42_34_fu_8967    |    0    |    0    |    0    |
|          |     trunc_ln42_35_fu_8983    |    0    |    0    |    0    |
|          |     trunc_ln42_36_fu_9023    |    0    |    0    |    0    |
|          |     trunc_ln42_37_fu_9033    |    0    |    0    |    0    |
|          |     trunc_ln42_38_fu_9050    |    0    |    0    |    0    |
|          |     trunc_ln42_39_fu_9060    |    0    |    0    |    0    |
|          |     trunc_ln42_40_fu_9070    |    0    |    0    |    0    |
|          |     trunc_ln42_41_fu_9090    |    0    |    0    |    0    |
|          |     trunc_ln42_42_fu_9100    |    0    |    0    |    0    |
|          |     trunc_ln42_43_fu_9134    |    0    |    0    |    0    |
|          |     trunc_ln42_44_fu_9155    |    0    |    0    |    0    |
|          |     trunc_ln42_45_fu_9165    |    0    |    0    |    0    |
|          |     trunc_ln42_46_fu_9175    |    0    |    0    |    0    |
|----------|------------------------------|---------|---------|---------|
|          |          tmp_fu_8376         |    0    |    0    |    0    |
|          |       tmp_11044_fu_8633      |    0    |    0    |    0    |
|          |       tmp_11045_fu_8651      |    0    |    0    |    0    |
|          |       tmp_11046_fu_8761      |    0    |    0    |    0    |
|          |       tmp_11047_fu_8773      |    0    |    0    |    0    |
|          |       tmp_11048_fu_8805      |    0    |    0    |    0    |
|          |       tmp_11049_fu_8817      |    0    |    0    |    0    |
|bitconcatenate|       tmp_11050_fu_8891      |    0    |    0    |    0    |
|          |       tmp_11051_fu_8903      |    0    |    0    |    0    |
|          |       tmp_11052_fu_8945      |    0    |    0    |    0    |
|          |       tmp_11053_fu_8993      |    0    |    0    |    0    |
|          |       tmp_11054_fu_9005      |    0    |    0    |    0    |
|          |       tmp_11055_fu_9110      |    0    |    0    |    0    |
|          |        shl_ln_fu_9460        |    0    |    0    |    0    |
|          |      shl_ln111_s_fu_9472     |    0    |    0    |    0    |
|          |     shl_ln111_233_fu_9484    |    0    |    0    |    0    |
|----------|------------------------------|---------|---------|---------|
|          |          mrv_fu_9496         |    0    |    0    |    0    |
|insertvalue|         mrv_1_fu_9502        |    0    |    0    |    0    |
|          |         mrv_2_fu_9508        |    0    |    0    |    0    |
|----------|------------------------------|---------|---------|---------|
|   Total  |                              |    40   |    0    |   1319  |
|----------|------------------------------|---------|---------|---------|

Memories:
N/A

* Register list:
+-----------------------+--------+
|                       |   FF   |
+-----------------------+--------+
|add_ln58_18375_reg_9604|   16   |
|add_ln58_18378_reg_9609|   16   |
|add_ln58_18381_reg_9614|   16   |
|add_ln58_18382_reg_9619|   16   |
|add_ln58_18386_reg_9624|   16   |
|add_ln58_18391_reg_9629|   16   |
|add_ln58_18394_reg_9634|   15   |
|add_ln58_18397_reg_9639|   16   |
|add_ln58_18398_reg_9644|   16   |
|add_ln58_18402_reg_9649|   16   |
|add_ln58_18407_reg_9654|   16   |
|add_ln58_18410_reg_9659|   16   |
|add_ln58_18413_reg_9664|   16   |
|add_ln58_18414_reg_9669|   16   |
|add_ln58_18418_reg_9674|   16   |
| trunc_ln42_11_reg_9544|   16   |
| trunc_ln42_12_reg_9549|   16   |
| trunc_ln42_13_reg_9554|   16   |
| trunc_ln42_14_reg_9559|   16   |
| trunc_ln42_15_reg_9564|   16   |
| trunc_ln42_16_reg_9569|   15   |
| trunc_ln42_1_reg_9519 |   16   |
| trunc_ln42_2_reg_9534 |   14   |
| trunc_ln42_35_reg_9574|   16   |
| trunc_ln42_36_reg_9579|   12   |
| trunc_ln42_37_reg_9584|   16   |
| trunc_ln42_38_reg_9589|   16   |
| trunc_ln42_39_reg_9594|   16   |
| trunc_ln42_3_reg_9529 |   16   |
| trunc_ln42_40_reg_9599|   16   |
| trunc_ln42_5_reg_9539 |   16   |
| trunc_ln42_s_reg_9524 |   15   |
|   trunc_ln_reg_9514   |   16   |
+-----------------------+--------+
|         Total         |   519  |
+-----------------------+--------+

* Multiplexer (MUX) list: 
|--------|------|------|------|--------|
|  Comp  |  Pin | Size |  BW  | S x BW |
|--------|------|------|------|--------|
|  Total |      |      |      |    0   |
|--------|------|------|------|--------|



* Summary:
+-----------+--------+--------+--------+
|           |   DSP  |   FF   |   LUT  |
+-----------+--------+--------+--------+
|  Function |   40   |    0   |  1319  |
|   Memory  |    -   |    -   |    -   |
|Multiplexer|    -   |    -   |    -   |
|  Register |    -   |   519  |    -   |
+-----------+--------+--------+--------+
|   Total   |   40   |   519  |  1319  |
+-----------+--------+--------+--------+
