

================================================================
== Vitis HLS Report for 'load_input_float_array_ap_fixed_60u_Pipeline_VITIS_LOOP_13_1'
================================================================
* Date:           Thu May  7 16:06:19 2026

* Version:        2025.2 (Build 6295257 on Nov 14 2025)
* Project:        vitis_unified_project
* Solution:       hls (Vivado IP Flow Target)
* Product family: zynquplus
* Target device:  xck26-sfvc784-2LV-c


================================================================
== Performance Estimates
================================================================
+ Timing: 
    * Summary: 
    +--------+---------+----------+------------+
    |  Clock |  Target | Estimated| Uncertainty|
    +--------+---------+----------+------------+
    |ap_clk  |  5.00 ns|  4.375 ns|     0.62 ns|
    +--------+---------+----------+------------+

+ Latency: 
    * Summary: 
    +---------+---------+----------+----------+-----+-----+-------------------+
    |  Latency (cycles) |  Latency (absolute) |  Interval |      Pipeline     |
    |   min   |   max   |    min   |    max   | min | max |        Type       |
    +---------+---------+----------+----------+-----+-----+-------------------+
    |        ?|        ?|         ?|         ?|    0|    0|  loop pipeline stp|
    +---------+---------+----------+----------+-----+-----+-------------------+

    + Detail: 
        * Instance: 
        N/A

        * Loop: 
        +-------------------+---------+---------+----------+-----------+-----------+------+----------+
        |                   |  Latency (cycles) | Iteration|  Initiation Interval  | Trip |          |
        |     Loop Name     |   min   |   max   |  Latency |  achieved |   target  | Count| Pipelined|
        +-------------------+---------+---------+----------+-----------+-----------+------+----------+
        |- VITIS_LOOP_13_1  |        ?|        ?|        65|         60|          1|     ?|       yes|
        +-------------------+---------+---------+----------+-----------+-----------+------+----------+



================================================================
== Utilization Estimates
================================================================
* Summary: 
+-----------------+---------+------+--------+--------+-----+
|       Name      | BRAM_18K|  DSP |   FF   |   LUT  | URAM|
+-----------------+---------+------+--------+--------+-----+
|DSP              |        -|     -|       -|       -|    -|
|Expression       |        -|     -|       0|   35481|    -|
|FIFO             |        -|     -|       -|       -|    -|
|Instance         |        -|     -|       0|    1860|    -|
|Memory           |        -|     -|       -|       -|    -|
|Multiplexer      |        -|     -|       0|     596|    -|
|Register         |        -|     -|    5767|       -|    -|
+-----------------+---------+------+--------+--------+-----+
|Total            |        0|     0|    5767|   37937|    0|
+-----------------+---------+------+--------+--------+-----+
|Available        |      288|  1248|  234240|  117120|   64|
+-----------------+---------+------+--------+--------+-----+
|Utilization (%)  |        0|     0|       2|      32|    0|
+-----------------+---------+------+--------+--------+-----+

+ Detail: 
    * Instance: 
    +-----------------------------------+------------------------------+---------+----+---+----+-----+
    |              Instance             |            Module            | BRAM_18K| DSP| FF| LUT| URAM|
    +-----------------------------------+------------------------------+---------+----+---+----+-----+
    |bitselect_1ns_54ns_6ns_1_1_1_U4    |bitselect_1ns_54ns_6ns_1_1_1  |        0|   0|  0|  17|    0|
    |bitselect_1ns_54ns_6ns_1_1_1_U6    |bitselect_1ns_54ns_6ns_1_1_1  |        0|   0|  0|  17|    0|
    |bitselect_1ns_54ns_6ns_1_1_1_U8    |bitselect_1ns_54ns_6ns_1_1_1  |        0|   0|  0|  17|    0|
    |bitselect_1ns_54ns_6ns_1_1_1_U10   |bitselect_1ns_54ns_6ns_1_1_1  |        0|   0|  0|  17|    0|
    |bitselect_1ns_54ns_6ns_1_1_1_U12   |bitselect_1ns_54ns_6ns_1_1_1  |        0|   0|  0|  17|    0|
    |bitselect_1ns_54ns_6ns_1_1_1_U14   |bitselect_1ns_54ns_6ns_1_1_1  |        0|   0|  0|  17|    0|
    |bitselect_1ns_54ns_6ns_1_1_1_U16   |bitselect_1ns_54ns_6ns_1_1_1  |        0|   0|  0|  17|    0|
    |bitselect_1ns_54ns_6ns_1_1_1_U18   |bitselect_1ns_54ns_6ns_1_1_1  |        0|   0|  0|  17|    0|
    |bitselect_1ns_54ns_6ns_1_1_1_U20   |bitselect_1ns_54ns_6ns_1_1_1  |        0|   0|  0|  17|    0|
    |bitselect_1ns_54ns_6ns_1_1_1_U22   |bitselect_1ns_54ns_6ns_1_1_1  |        0|   0|  0|  17|    0|
    |bitselect_1ns_54ns_6ns_1_1_1_U24   |bitselect_1ns_54ns_6ns_1_1_1  |        0|   0|  0|  17|    0|
    |bitselect_1ns_54ns_6ns_1_1_1_U26   |bitselect_1ns_54ns_6ns_1_1_1  |        0|   0|  0|  17|    0|
    |bitselect_1ns_54ns_6ns_1_1_1_U28   |bitselect_1ns_54ns_6ns_1_1_1  |        0|   0|  0|  17|    0|
    |bitselect_1ns_54ns_6ns_1_1_1_U30   |bitselect_1ns_54ns_6ns_1_1_1  |        0|   0|  0|  17|    0|
    |bitselect_1ns_54ns_6ns_1_1_1_U32   |bitselect_1ns_54ns_6ns_1_1_1  |        0|   0|  0|  17|    0|
    |bitselect_1ns_54ns_6ns_1_1_1_U34   |bitselect_1ns_54ns_6ns_1_1_1  |        0|   0|  0|  17|    0|
    |bitselect_1ns_54ns_6ns_1_1_1_U36   |bitselect_1ns_54ns_6ns_1_1_1  |        0|   0|  0|  17|    0|
    |bitselect_1ns_54ns_6ns_1_1_1_U38   |bitselect_1ns_54ns_6ns_1_1_1  |        0|   0|  0|  17|    0|
    |bitselect_1ns_54ns_6ns_1_1_1_U40   |bitselect_1ns_54ns_6ns_1_1_1  |        0|   0|  0|  17|    0|
    |bitselect_1ns_54ns_6ns_1_1_1_U42   |bitselect_1ns_54ns_6ns_1_1_1  |        0|   0|  0|  17|    0|
    |bitselect_1ns_54ns_6ns_1_1_1_U44   |bitselect_1ns_54ns_6ns_1_1_1  |        0|   0|  0|  17|    0|
    |bitselect_1ns_54ns_6ns_1_1_1_U46   |bitselect_1ns_54ns_6ns_1_1_1  |        0|   0|  0|  17|    0|
    |bitselect_1ns_54ns_6ns_1_1_1_U48   |bitselect_1ns_54ns_6ns_1_1_1  |        0|   0|  0|  17|    0|
    |bitselect_1ns_54ns_6ns_1_1_1_U50   |bitselect_1ns_54ns_6ns_1_1_1  |        0|   0|  0|  17|    0|
    |bitselect_1ns_54ns_6ns_1_1_1_U52   |bitselect_1ns_54ns_6ns_1_1_1  |        0|   0|  0|  17|    0|
    |bitselect_1ns_54ns_6ns_1_1_1_U54   |bitselect_1ns_54ns_6ns_1_1_1  |        0|   0|  0|  17|    0|
    |bitselect_1ns_54ns_6ns_1_1_1_U56   |bitselect_1ns_54ns_6ns_1_1_1  |        0|   0|  0|  17|    0|
    |bitselect_1ns_54ns_6ns_1_1_1_U58   |bitselect_1ns_54ns_6ns_1_1_1  |        0|   0|  0|  17|    0|
    |bitselect_1ns_54ns_6ns_1_1_1_U60   |bitselect_1ns_54ns_6ns_1_1_1  |        0|   0|  0|  17|    0|
    |bitselect_1ns_54ns_6ns_1_1_1_U62   |bitselect_1ns_54ns_6ns_1_1_1  |        0|   0|  0|  17|    0|
    |bitselect_1ns_54ns_6ns_1_1_1_U64   |bitselect_1ns_54ns_6ns_1_1_1  |        0|   0|  0|  17|    0|
    |bitselect_1ns_54ns_6ns_1_1_1_U66   |bitselect_1ns_54ns_6ns_1_1_1  |        0|   0|  0|  17|    0|
    |bitselect_1ns_54ns_6ns_1_1_1_U68   |bitselect_1ns_54ns_6ns_1_1_1  |        0|   0|  0|  17|    0|
    |bitselect_1ns_54ns_6ns_1_1_1_U70   |bitselect_1ns_54ns_6ns_1_1_1  |        0|   0|  0|  17|    0|
    |bitselect_1ns_54ns_6ns_1_1_1_U72   |bitselect_1ns_54ns_6ns_1_1_1  |        0|   0|  0|  17|    0|
    |bitselect_1ns_54ns_6ns_1_1_1_U74   |bitselect_1ns_54ns_6ns_1_1_1  |        0|   0|  0|  17|    0|
    |bitselect_1ns_54ns_6ns_1_1_1_U76   |bitselect_1ns_54ns_6ns_1_1_1  |        0|   0|  0|  17|    0|
    |bitselect_1ns_54ns_6ns_1_1_1_U78   |bitselect_1ns_54ns_6ns_1_1_1  |        0|   0|  0|  17|    0|
    |bitselect_1ns_54ns_6ns_1_1_1_U80   |bitselect_1ns_54ns_6ns_1_1_1  |        0|   0|  0|  17|    0|
    |bitselect_1ns_54ns_6ns_1_1_1_U82   |bitselect_1ns_54ns_6ns_1_1_1  |        0|   0|  0|  17|    0|
    |bitselect_1ns_54ns_6ns_1_1_1_U84   |bitselect_1ns_54ns_6ns_1_1_1  |        0|   0|  0|  17|    0|
    |bitselect_1ns_54ns_6ns_1_1_1_U86   |bitselect_1ns_54ns_6ns_1_1_1  |        0|   0|  0|  17|    0|
    |bitselect_1ns_54ns_6ns_1_1_1_U88   |bitselect_1ns_54ns_6ns_1_1_1  |        0|   0|  0|  17|    0|
    |bitselect_1ns_54ns_6ns_1_1_1_U90   |bitselect_1ns_54ns_6ns_1_1_1  |        0|   0|  0|  17|    0|
    |bitselect_1ns_54ns_6ns_1_1_1_U92   |bitselect_1ns_54ns_6ns_1_1_1  |        0|   0|  0|  17|    0|
    |bitselect_1ns_54ns_6ns_1_1_1_U94   |bitselect_1ns_54ns_6ns_1_1_1  |        0|   0|  0|  17|    0|
    |bitselect_1ns_54ns_6ns_1_1_1_U96   |bitselect_1ns_54ns_6ns_1_1_1  |        0|   0|  0|  17|    0|
    |bitselect_1ns_54ns_6ns_1_1_1_U98   |bitselect_1ns_54ns_6ns_1_1_1  |        0|   0|  0|  17|    0|
    |bitselect_1ns_54ns_6ns_1_1_1_U100  |bitselect_1ns_54ns_6ns_1_1_1  |        0|   0|  0|  17|    0|
    |bitselect_1ns_54ns_6ns_1_1_1_U102  |bitselect_1ns_54ns_6ns_1_1_1  |        0|   0|  0|  17|    0|
    |bitselect_1ns_54ns_6ns_1_1_1_U104  |bitselect_1ns_54ns_6ns_1_1_1  |        0|   0|  0|  17|    0|
    |bitselect_1ns_54ns_6ns_1_1_1_U106  |bitselect_1ns_54ns_6ns_1_1_1  |        0|   0|  0|  17|    0|
    |bitselect_1ns_54ns_6ns_1_1_1_U108  |bitselect_1ns_54ns_6ns_1_1_1  |        0|   0|  0|  17|    0|
    |bitselect_1ns_54ns_6ns_1_1_1_U110  |bitselect_1ns_54ns_6ns_1_1_1  |        0|   0|  0|  17|    0|
    |bitselect_1ns_54ns_6ns_1_1_1_U112  |bitselect_1ns_54ns_6ns_1_1_1  |        0|   0|  0|  17|    0|
    |bitselect_1ns_54ns_6ns_1_1_1_U114  |bitselect_1ns_54ns_6ns_1_1_1  |        0|   0|  0|  17|    0|
    |bitselect_1ns_54ns_6ns_1_1_1_U116  |bitselect_1ns_54ns_6ns_1_1_1  |        0|   0|  0|  17|    0|
    |bitselect_1ns_54ns_6ns_1_1_1_U118  |bitselect_1ns_54ns_6ns_1_1_1  |        0|   0|  0|  17|    0|
    |bitselect_1ns_54ns_6ns_1_1_1_U120  |bitselect_1ns_54ns_6ns_1_1_1  |        0|   0|  0|  17|    0|
    |bitselect_1ns_54ns_6ns_1_1_1_U122  |bitselect_1ns_54ns_6ns_1_1_1  |        0|   0|  0|  17|    0|
    |fpext_32ns_64_2_no_dsp_1_U3        |fpext_32ns_64_2_no_dsp_1      |        0|   0|  0|   0|    0|
    |sparsemux_9_3_11_1_1_U5            |sparsemux_9_3_11_1_1          |        0|   0|  0|  14|    0|
    |sparsemux_9_3_11_1_1_U7            |sparsemux_9_3_11_1_1          |        0|   0|  0|  14|    0|
    |sparsemux_9_3_11_1_1_U9            |sparsemux_9_3_11_1_1          |        0|   0|  0|  14|    0|
    |sparsemux_9_3_11_1_1_U11           |sparsemux_9_3_11_1_1          |        0|   0|  0|  14|    0|
    |sparsemux_9_3_11_1_1_U13           |sparsemux_9_3_11_1_1          |        0|   0|  0|  14|    0|
    |sparsemux_9_3_11_1_1_U15           |sparsemux_9_3_11_1_1          |        0|   0|  0|  14|    0|
    |sparsemux_9_3_11_1_1_U17           |sparsemux_9_3_11_1_1          |        0|   0|  0|  14|    0|
    |sparsemux_9_3_11_1_1_U19           |sparsemux_9_3_11_1_1          |        0|   0|  0|  14|    0|
    |sparsemux_9_3_11_1_1_U21           |sparsemux_9_3_11_1_1          |        0|   0|  0|  14|    0|
    |sparsemux_9_3_11_1_1_U23           |sparsemux_9_3_11_1_1          |        0|   0|  0|  14|    0|
    |sparsemux_9_3_11_1_1_U25           |sparsemux_9_3_11_1_1          |        0|   0|  0|  14|    0|
    |sparsemux_9_3_11_1_1_U27           |sparsemux_9_3_11_1_1          |        0|   0|  0|  14|    0|
    |sparsemux_9_3_11_1_1_U29           |sparsemux_9_3_11_1_1          |        0|   0|  0|  14|    0|
    |sparsemux_9_3_11_1_1_U31           |sparsemux_9_3_11_1_1          |        0|   0|  0|  14|    0|
    |sparsemux_9_3_11_1_1_U33           |sparsemux_9_3_11_1_1          |        0|   0|  0|  14|    0|
    |sparsemux_9_3_11_1_1_U35           |sparsemux_9_3_11_1_1          |        0|   0|  0|  14|    0|
    |sparsemux_9_3_11_1_1_U37           |sparsemux_9_3_11_1_1          |        0|   0|  0|  14|    0|
    |sparsemux_9_3_11_1_1_U39           |sparsemux_9_3_11_1_1          |        0|   0|  0|  14|    0|
    |sparsemux_9_3_11_1_1_U41           |sparsemux_9_3_11_1_1          |        0|   0|  0|  14|    0|
    |sparsemux_9_3_11_1_1_U43           |sparsemux_9_3_11_1_1          |        0|   0|  0|  14|    0|
    |sparsemux_9_3_11_1_1_U45           |sparsemux_9_3_11_1_1          |        0|   0|  0|  14|    0|
    |sparsemux_9_3_11_1_1_U47           |sparsemux_9_3_11_1_1          |        0|   0|  0|  14|    0|
    |sparsemux_9_3_11_1_1_U49           |sparsemux_9_3_11_1_1          |        0|   0|  0|  14|    0|
    |sparsemux_9_3_11_1_1_U51           |sparsemux_9_3_11_1_1          |        0|   0|  0|  14|    0|
    |sparsemux_9_3_11_1_1_U53           |sparsemux_9_3_11_1_1          |        0|   0|  0|  14|    0|
    |sparsemux_9_3_11_1_1_U55           |sparsemux_9_3_11_1_1          |        0|   0|  0|  14|    0|
    |sparsemux_9_3_11_1_1_U57           |sparsemux_9_3_11_1_1          |        0|   0|  0|  14|    0|
    |sparsemux_9_3_11_1_1_U59           |sparsemux_9_3_11_1_1          |        0|   0|  0|  14|    0|
    |sparsemux_9_3_11_1_1_U61           |sparsemux_9_3_11_1_1          |        0|   0|  0|  14|    0|
    |sparsemux_9_3_11_1_1_U63           |sparsemux_9_3_11_1_1          |        0|   0|  0|  14|    0|
    |sparsemux_9_3_11_1_1_U65           |sparsemux_9_3_11_1_1          |        0|   0|  0|  14|    0|
    |sparsemux_9_3_11_1_1_U67           |sparsemux_9_3_11_1_1          |        0|   0|  0|  14|    0|
    |sparsemux_9_3_11_1_1_U69           |sparsemux_9_3_11_1_1          |        0|   0|  0|  14|    0|
    |sparsemux_9_3_11_1_1_U71           |sparsemux_9_3_11_1_1          |        0|   0|  0|  14|    0|
    |sparsemux_9_3_11_1_1_U73           |sparsemux_9_3_11_1_1          |        0|   0|  0|  14|    0|
    |sparsemux_9_3_11_1_1_U75           |sparsemux_9_3_11_1_1          |        0|   0|  0|  14|    0|
    |sparsemux_9_3_11_1_1_U77           |sparsemux_9_3_11_1_1          |        0|   0|  0|  14|    0|
    |sparsemux_9_3_11_1_1_U79           |sparsemux_9_3_11_1_1          |        0|   0|  0|  14|    0|
    |sparsemux_9_3_11_1_1_U81           |sparsemux_9_3_11_1_1          |        0|   0|  0|  14|    0|
    |sparsemux_9_3_11_1_1_U83           |sparsemux_9_3_11_1_1          |        0|   0|  0|  14|    0|
    |sparsemux_9_3_11_1_1_U85           |sparsemux_9_3_11_1_1          |        0|   0|  0|  14|    0|
    |sparsemux_9_3_11_1_1_U87           |sparsemux_9_3_11_1_1          |        0|   0|  0|  14|    0|
    |sparsemux_9_3_11_1_1_U89           |sparsemux_9_3_11_1_1          |        0|   0|  0|  14|    0|
    |sparsemux_9_3_11_1_1_U91           |sparsemux_9_3_11_1_1          |        0|   0|  0|  14|    0|
    |sparsemux_9_3_11_1_1_U93           |sparsemux_9_3_11_1_1          |        0|   0|  0|  14|    0|
    |sparsemux_9_3_11_1_1_U95           |sparsemux_9_3_11_1_1          |        0|   0|  0|  14|    0|
    |sparsemux_9_3_11_1_1_U97           |sparsemux_9_3_11_1_1          |        0|   0|  0|  14|    0|
    |sparsemux_9_3_11_1_1_U99           |sparsemux_9_3_11_1_1          |        0|   0|  0|  14|    0|
    |sparsemux_9_3_11_1_1_U101          |sparsemux_9_3_11_1_1          |        0|   0|  0|  14|    0|
    |sparsemux_9_3_11_1_1_U103          |sparsemux_9_3_11_1_1          |        0|   0|  0|  14|    0|
    |sparsemux_9_3_11_1_1_U105          |sparsemux_9_3_11_1_1          |        0|   0|  0|  14|    0|
    |sparsemux_9_3_11_1_1_U107          |sparsemux_9_3_11_1_1          |        0|   0|  0|  14|    0|
    |sparsemux_9_3_11_1_1_U109          |sparsemux_9_3_11_1_1          |        0|   0|  0|  14|    0|
    |sparsemux_9_3_11_1_1_U111          |sparsemux_9_3_11_1_1          |        0|   0|  0|  14|    0|
    |sparsemux_9_3_11_1_1_U113          |sparsemux_9_3_11_1_1          |        0|   0|  0|  14|    0|
    |sparsemux_9_3_11_1_1_U115          |sparsemux_9_3_11_1_1          |        0|   0|  0|  14|    0|
    |sparsemux_9_3_11_1_1_U117          |sparsemux_9_3_11_1_1          |        0|   0|  0|  14|    0|
    |sparsemux_9_3_11_1_1_U119          |sparsemux_9_3_11_1_1          |        0|   0|  0|  14|    0|
    |sparsemux_9_3_11_1_1_U121          |sparsemux_9_3_11_1_1          |        0|   0|  0|  14|    0|
    |sparsemux_9_3_11_1_1_U123          |sparsemux_9_3_11_1_1          |        0|   0|  0|  14|    0|
    +-----------------------------------+------------------------------+---------+----+---+----+-----+
    |Total                              |                              |        0|   0|  0|1860|    0|
    +-----------------------------------+------------------------------+---------+----+---+----+-----+

    * DSP: 
    N/A

    * Memory: 
    N/A

    * FIFO: 
    N/A

    * Expression: 
    +-----------------------------------+----------+----+---+-----+------------+------------+
    |           Variable Name           | Operation| DSP| FF| LUT | Bitwidth P0| Bitwidth P1|
    +-----------------------------------+----------+----+---+-----+------------+------------+
    |add_ln13_fu_169_p2                 |         +|   0|  0|   38|          31|           1|
    |add_ln17_102_fu_9417_p2            |         +|   0|  0|   19|          12|           4|
    |add_ln17_105_fu_9686_p2            |         +|   0|  0|   19|          12|           4|
    |add_ln17_108_fu_9955_p2            |         +|   0|  0|   19|          12|           4|
    |add_ln17_111_fu_10224_p2           |         +|   0|  0|   19|          12|           4|
    |add_ln17_114_fu_10493_p2           |         +|   0|  0|   19|          12|           4|
    |add_ln17_117_fu_10762_p2           |         +|   0|  0|   19|          12|           4|
    |add_ln17_120_fu_11031_p2           |         +|   0|  0|   19|          12|           4|
    |add_ln17_123_fu_11300_p2           |         +|   0|  0|   19|          12|           4|
    |add_ln17_126_fu_11569_p2           |         +|   0|  0|   19|          12|           4|
    |add_ln17_129_fu_11838_p2           |         +|   0|  0|   19|          12|           4|
    |add_ln17_12_fu_1347_p2             |         +|   0|  0|   19|          12|           4|
    |add_ln17_132_fu_12107_p2           |         +|   0|  0|   19|          12|           4|
    |add_ln17_135_fu_12376_p2           |         +|   0|  0|   19|          12|           4|
    |add_ln17_138_fu_12645_p2           |         +|   0|  0|   19|          12|           4|
    |add_ln17_141_fu_12914_p2           |         +|   0|  0|   19|          12|           4|
    |add_ln17_144_fu_13183_p2           |         +|   0|  0|   19|          12|           4|
    |add_ln17_147_fu_13452_p2           |         +|   0|  0|   19|          12|           4|
    |add_ln17_150_fu_13721_p2           |         +|   0|  0|   19|          12|           4|
    |add_ln17_153_fu_13990_p2           |         +|   0|  0|   19|          12|           4|
    |add_ln17_156_fu_14259_p2           |         +|   0|  0|   19|          12|           4|
    |add_ln17_159_fu_14528_p2           |         +|   0|  0|   19|          12|           4|
    |add_ln17_15_fu_1616_p2             |         +|   0|  0|   19|          12|           4|
    |add_ln17_162_fu_14797_p2           |         +|   0|  0|   19|          12|           4|
    |add_ln17_165_fu_15066_p2           |         +|   0|  0|   19|          12|           4|
    |add_ln17_168_fu_15335_p2           |         +|   0|  0|   19|          12|           4|
    |add_ln17_171_fu_15604_p2           |         +|   0|  0|   19|          12|           4|
    |add_ln17_174_fu_15873_p2           |         +|   0|  0|   19|          12|           4|
    |add_ln17_177_fu_16137_p2           |         +|   0|  0|   19|          12|           4|
    |add_ln17_18_fu_1885_p2             |         +|   0|  0|   19|          12|           4|
    |add_ln17_21_fu_2154_p2             |         +|   0|  0|   19|          12|           4|
    |add_ln17_24_fu_2423_p2             |         +|   0|  0|   19|          12|           4|
    |add_ln17_27_fu_2692_p2             |         +|   0|  0|   19|          12|           4|
    |add_ln17_30_fu_2961_p2             |         +|   0|  0|   19|          12|           4|
    |add_ln17_33_fu_3230_p2             |         +|   0|  0|   19|          12|           4|
    |add_ln17_36_fu_3499_p2             |         +|   0|  0|   19|          12|           4|
    |add_ln17_39_fu_3768_p2             |         +|   0|  0|   19|          12|           4|
    |add_ln17_3_fu_540_p2               |         +|   0|  0|   19|          12|           4|
    |add_ln17_42_fu_4037_p2             |         +|   0|  0|   19|          12|           4|
    |add_ln17_45_fu_4306_p2             |         +|   0|  0|   19|          12|           4|
    |add_ln17_48_fu_4575_p2             |         +|   0|  0|   19|          12|           4|
    |add_ln17_51_fu_4844_p2             |         +|   0|  0|   19|          12|           4|
    |add_ln17_54_fu_5113_p2             |         +|   0|  0|   19|          12|           4|
    |add_ln17_57_fu_5382_p2             |         +|   0|  0|   19|          12|           4|
    |add_ln17_60_fu_5651_p2             |         +|   0|  0|   19|          12|           4|
    |add_ln17_63_fu_5920_p2             |         +|   0|  0|   19|          12|           4|
    |add_ln17_66_fu_6189_p2             |         +|   0|  0|   19|          12|           4|
    |add_ln17_69_fu_6458_p2             |         +|   0|  0|   19|          12|           4|
    |add_ln17_6_fu_809_p2               |         +|   0|  0|   19|          12|           4|
    |add_ln17_72_fu_6727_p2             |         +|   0|  0|   19|          12|           4|
    |add_ln17_75_fu_6996_p2             |         +|   0|  0|   19|          12|           4|
    |add_ln17_78_fu_7265_p2             |         +|   0|  0|   19|          12|           4|
    |add_ln17_81_fu_7534_p2             |         +|   0|  0|   19|          12|           4|
    |add_ln17_84_fu_7803_p2             |         +|   0|  0|   19|          12|           4|
    |add_ln17_87_fu_8072_p2             |         +|   0|  0|   19|          12|           4|
    |add_ln17_90_fu_8341_p2             |         +|   0|  0|   19|          12|           4|
    |add_ln17_93_fu_8610_p2             |         +|   0|  0|   19|          12|           4|
    |add_ln17_96_fu_8879_p2             |         +|   0|  0|   19|          12|           4|
    |add_ln17_99_fu_9148_p2             |         +|   0|  0|   19|          12|           4|
    |add_ln17_9_fu_1078_p2              |         +|   0|  0|   19|          12|           4|
    |add_ln17_fu_271_p2                 |         +|   0|  0|   19|          12|           4|
    |storemerge5_i_59_i_fu_16296_p6     |         +|   0|  0|   18|          11|          11|
    |tmp_242_fu_368_p2                  |         +|   0|  0|   13|           6|           4|
    |tmp_244_fu_637_p2                  |         +|   0|  0|   13|           6|           4|
    |tmp_246_fu_906_p2                  |         +|   0|  0|   13|           6|           4|
    |tmp_248_fu_1175_p2                 |         +|   0|  0|   13|           6|           4|
    |tmp_250_fu_1444_p2                 |         +|   0|  0|   13|           6|           4|
    |tmp_252_fu_1713_p2                 |         +|   0|  0|   13|           6|           4|
    |tmp_254_fu_1982_p2                 |         +|   0|  0|   13|           6|           4|
    |tmp_256_fu_2251_p2                 |         +|   0|  0|   13|           6|           4|
    |tmp_258_fu_2520_p2                 |         +|   0|  0|   13|           6|           4|
    |tmp_259_fu_2582_p6                 |         +|   0|  0|   18|          11|          11|
    |tmp_261_fu_2789_p2                 |         +|   0|  0|   13|           6|           4|
    |tmp_262_fu_2851_p6                 |         +|   0|  0|   18|          11|          11|
    |tmp_264_fu_3058_p2                 |         +|   0|  0|   13|           6|           4|
    |tmp_265_fu_3120_p6                 |         +|   0|  0|   18|          11|          11|
    |tmp_267_fu_3327_p2                 |         +|   0|  0|   13|           6|           4|
    |tmp_268_fu_3389_p6                 |         +|   0|  0|   18|          11|          11|
    |tmp_270_fu_3596_p2                 |         +|   0|  0|   13|           6|           4|
    |tmp_271_fu_3658_p6                 |         +|   0|  0|   18|          11|          11|
    |tmp_273_fu_3865_p2                 |         +|   0|  0|   13|           6|           4|
    |tmp_274_fu_3927_p6                 |         +|   0|  0|   18|          11|          11|
    |tmp_276_fu_4134_p2                 |         +|   0|  0|   13|           6|           4|
    |tmp_277_fu_4196_p6                 |         +|   0|  0|   18|          11|          11|
    |tmp_279_fu_4403_p2                 |         +|   0|  0|   13|           6|           4|
    |tmp_280_fu_4465_p6                 |         +|   0|  0|   18|          11|          11|
    |tmp_282_fu_4672_p2                 |         +|   0|  0|   13|           6|           4|
    |tmp_283_fu_4734_p6                 |         +|   0|  0|   18|          11|          11|
    |tmp_285_fu_4941_p2                 |         +|   0|  0|   13|           6|           4|
    |tmp_286_fu_5003_p6                 |         +|   0|  0|   18|          11|          11|
    |tmp_288_fu_5210_p2                 |         +|   0|  0|   13|           6|           4|
    |tmp_289_fu_5272_p6                 |         +|   0|  0|   18|          11|          11|
    |tmp_291_fu_5479_p2                 |         +|   0|  0|   13|           6|           4|
    |tmp_292_fu_5541_p6                 |         +|   0|  0|   18|          11|          11|
    |tmp_294_fu_5748_p2                 |         +|   0|  0|   13|           6|           4|
    |tmp_295_fu_5810_p6                 |         +|   0|  0|   18|          11|          11|
    |tmp_297_fu_6017_p2                 |         +|   0|  0|   13|           6|           4|
    |tmp_298_fu_6079_p6                 |         +|   0|  0|   18|          11|          11|
    |tmp_300_fu_6286_p2                 |         +|   0|  0|   13|           6|           4|
    |tmp_301_fu_6348_p6                 |         +|   0|  0|   18|          11|          11|
    |tmp_303_fu_6555_p2                 |         +|   0|  0|   13|           6|           4|
    |tmp_304_fu_6617_p6                 |         +|   0|  0|   18|          11|          11|
    |tmp_306_fu_6824_p2                 |         +|   0|  0|   13|           6|           4|
    |tmp_307_fu_6886_p6                 |         +|   0|  0|   18|          11|          11|
    |tmp_309_fu_7093_p2                 |         +|   0|  0|   13|           6|           4|
    |tmp_310_fu_7155_p6                 |         +|   0|  0|   18|          11|          11|
    |tmp_312_fu_7362_p2                 |         +|   0|  0|   13|           6|           4|
    |tmp_313_fu_7424_p6                 |         +|   0|  0|   18|          11|          11|
    |tmp_315_fu_7631_p2                 |         +|   0|  0|   13|           6|           4|
    |tmp_316_fu_7693_p6                 |         +|   0|  0|   18|          11|          11|
    |tmp_318_fu_7900_p2                 |         +|   0|  0|   13|           6|           4|
    |tmp_319_fu_7962_p6                 |         +|   0|  0|   18|          11|          11|
    |tmp_321_fu_8169_p2                 |         +|   0|  0|   13|           6|           4|
    |tmp_322_fu_8231_p6                 |         +|   0|  0|   18|          11|          11|
    |tmp_324_fu_8438_p2                 |         +|   0|  0|   13|           6|           4|
    |tmp_325_fu_8500_p6                 |         +|   0|  0|   18|          11|          11|
    |tmp_327_fu_8707_p2                 |         +|   0|  0|   13|           6|           4|
    |tmp_328_fu_8769_p6                 |         +|   0|  0|   18|          11|          11|
    |tmp_330_fu_8976_p2                 |         +|   0|  0|   13|           6|           4|
    |tmp_331_fu_9038_p6                 |         +|   0|  0|   18|          11|          11|
    |tmp_333_fu_9245_p2                 |         +|   0|  0|   13|           6|           4|
    |tmp_334_fu_9307_p6                 |         +|   0|  0|   18|          11|          11|
    |tmp_336_fu_9514_p2                 |         +|   0|  0|   13|           6|           4|
    |tmp_337_fu_9576_p6                 |         +|   0|  0|   18|          11|          11|
    |tmp_339_fu_9783_p2                 |         +|   0|  0|   13|           6|           4|
    |tmp_340_fu_9845_p6                 |         +|   0|  0|   18|          11|          11|
    |tmp_342_fu_10052_p2                |         +|   0|  0|   13|           6|           4|
    |tmp_343_fu_10114_p6                |         +|   0|  0|   18|          11|          11|
    |tmp_345_fu_10321_p2                |         +|   0|  0|   13|           6|           4|
    |tmp_346_fu_10383_p6                |         +|   0|  0|   18|          11|          11|
    |tmp_348_fu_10590_p2                |         +|   0|  0|   13|           6|           4|
    |tmp_349_fu_10652_p6                |         +|   0|  0|   18|          11|          11|
    |tmp_351_fu_10859_p2                |         +|   0|  0|   13|           6|           4|
    |tmp_352_fu_10921_p6                |         +|   0|  0|   18|          11|          11|
    |tmp_354_fu_11128_p2                |         +|   0|  0|   13|           6|           4|
    |tmp_355_fu_11190_p6                |         +|   0|  0|   18|          11|          11|
    |tmp_357_fu_11397_p2                |         +|   0|  0|   13|           6|           4|
    |tmp_358_fu_11459_p6                |         +|   0|  0|   18|          11|          11|
    |tmp_360_fu_11666_p2                |         +|   0|  0|   13|           6|           4|
    |tmp_361_fu_11728_p6                |         +|   0|  0|   18|          11|          11|
    |tmp_363_fu_11935_p2                |         +|   0|  0|   13|           6|           4|
    |tmp_364_fu_11997_p6                |         +|   0|  0|   18|          11|          11|
    |tmp_366_fu_12204_p2                |         +|   0|  0|   13|           6|           4|
    |tmp_367_fu_12266_p6                |         +|   0|  0|   18|          11|          11|
    |tmp_369_fu_12473_p2                |         +|   0|  0|   13|           6|           4|
    |tmp_370_fu_12535_p6                |         +|   0|  0|   18|          11|          11|
    |tmp_372_fu_12742_p2                |         +|   0|  0|   13|           6|           4|
    |tmp_373_fu_12804_p6                |         +|   0|  0|   18|          11|          11|
    |tmp_375_fu_13011_p2                |         +|   0|  0|   13|           6|           4|
    |tmp_376_fu_13073_p6                |         +|   0|  0|   18|          11|          11|
    |tmp_378_fu_13280_p2                |         +|   0|  0|   13|           6|           4|
    |tmp_379_fu_13342_p6                |         +|   0|  0|   18|          11|          11|
    |tmp_381_fu_13549_p2                |         +|   0|  0|   13|           6|           4|
    |tmp_382_fu_13611_p6                |         +|   0|  0|   18|          11|          11|
    |tmp_384_fu_13818_p2                |         +|   0|  0|   13|           6|           4|
    |tmp_385_fu_13880_p6                |         +|   0|  0|   18|          11|          11|
    |tmp_387_fu_14087_p2                |         +|   0|  0|   13|           6|           4|
    |tmp_388_fu_14149_p6                |         +|   0|  0|   18|          11|          11|
    |tmp_390_fu_14356_p2                |         +|   0|  0|   13|           6|           4|
    |tmp_391_fu_14418_p6                |         +|   0|  0|   18|          11|          11|
    |tmp_393_fu_14625_p2                |         +|   0|  0|   13|           6|           4|
    |tmp_394_fu_14687_p6                |         +|   0|  0|   18|          11|          11|
    |tmp_396_fu_14894_p2                |         +|   0|  0|   13|           6|           4|
    |tmp_397_fu_14956_p6                |         +|   0|  0|   18|          11|          11|
    |tmp_399_fu_15163_p2                |         +|   0|  0|   13|           6|           4|
    |tmp_3_fu_699_p6                    |         +|   0|  0|   18|          11|          11|
    |tmp_400_fu_15225_p6                |         +|   0|  0|   18|          11|          11|
    |tmp_402_fu_15432_p2                |         +|   0|  0|   13|           6|           4|
    |tmp_403_fu_15494_p6                |         +|   0|  0|   18|          11|          11|
    |tmp_405_fu_15701_p2                |         +|   0|  0|   13|           6|           4|
    |tmp_406_fu_15763_p6                |         +|   0|  0|   18|          11|          11|
    |tmp_408_fu_15970_p2                |         +|   0|  0|   13|           6|           4|
    |tmp_409_fu_16032_p6                |         +|   0|  0|   18|          11|          11|
    |tmp_411_fu_16234_p2                |         +|   0|  0|   13|           6|           4|
    |tmp_4_fu_968_p6                    |         +|   0|  0|   18|          11|          11|
    |tmp_5_fu_1237_p6                   |         +|   0|  0|   18|          11|          11|
    |tmp_6_fu_1506_p6                   |         +|   0|  0|   18|          11|          11|
    |tmp_7_fu_1775_p6                   |         +|   0|  0|   18|          11|          11|
    |tmp_8_fu_2044_p6                   |         +|   0|  0|   18|          11|          11|
    |tmp_9_fu_2313_p6                   |         +|   0|  0|   18|          11|          11|
    |tmp_fu_430_p6                      |         +|   0|  0|   18|          11|          11|
    |sub_ln17_100_fu_9100_p2            |         -|   0|  0|   19|          11|          12|
    |sub_ln17_101_fu_9157_p2            |         -|   0|  0|   18|           3|          11|
    |sub_ln17_102_fu_9399_p2            |         -|   0|  0|   61|           1|          54|
    |sub_ln17_103_fu_9369_p2            |         -|   0|  0|   19|          11|          12|
    |sub_ln17_104_fu_9426_p2            |         -|   0|  0|   18|           3|          11|
    |sub_ln17_105_fu_9668_p2            |         -|   0|  0|   61|           1|          54|
    |sub_ln17_106_fu_9638_p2            |         -|   0|  0|   19|          11|          12|
    |sub_ln17_107_fu_9695_p2            |         -|   0|  0|   18|           3|          11|
    |sub_ln17_108_fu_9937_p2            |         -|   0|  0|   61|           1|          54|
    |sub_ln17_109_fu_9907_p2            |         -|   0|  0|   19|          11|          12|
    |sub_ln17_10_fu_1030_p2             |         -|   0|  0|   19|          11|          12|
    |sub_ln17_110_fu_9964_p2            |         -|   0|  0|   18|           3|          11|
    |sub_ln17_111_fu_10206_p2           |         -|   0|  0|   61|           1|          54|
    |sub_ln17_112_fu_10176_p2           |         -|   0|  0|   19|          11|          12|
    |sub_ln17_113_fu_10233_p2           |         -|   0|  0|   18|           3|          11|
    |sub_ln17_114_fu_10475_p2           |         -|   0|  0|   61|           1|          54|
    |sub_ln17_115_fu_10445_p2           |         -|   0|  0|   19|          11|          12|
    |sub_ln17_116_fu_10502_p2           |         -|   0|  0|   18|           3|          11|
    |sub_ln17_117_fu_10744_p2           |         -|   0|  0|   61|           1|          54|
    |sub_ln17_118_fu_10714_p2           |         -|   0|  0|   19|          11|          12|
    |sub_ln17_119_fu_10771_p2           |         -|   0|  0|   18|           3|          11|
    |sub_ln17_11_fu_1087_p2             |         -|   0|  0|   18|           3|          11|
    |sub_ln17_120_fu_11013_p2           |         -|   0|  0|   61|           1|          54|
    |sub_ln17_121_fu_10983_p2           |         -|   0|  0|   19|          11|          12|
    |sub_ln17_122_fu_11040_p2           |         -|   0|  0|   18|           3|          11|
    |sub_ln17_123_fu_11282_p2           |         -|   0|  0|   61|           1|          54|
    |sub_ln17_124_fu_11252_p2           |         -|   0|  0|   19|          11|          12|
    |sub_ln17_125_fu_11309_p2           |         -|   0|  0|   18|           3|          11|
    |sub_ln17_126_fu_11551_p2           |         -|   0|  0|   61|           1|          54|
    |sub_ln17_127_fu_11521_p2           |         -|   0|  0|   19|          11|          12|
    |sub_ln17_128_fu_11578_p2           |         -|   0|  0|   18|           3|          11|
    |sub_ln17_129_fu_11820_p2           |         -|   0|  0|   61|           1|          54|
    |sub_ln17_12_fu_1329_p2             |         -|   0|  0|   61|           1|          54|
    |sub_ln17_130_fu_11790_p2           |         -|   0|  0|   19|          11|          12|
    |sub_ln17_131_fu_11847_p2           |         -|   0|  0|   18|           3|          11|
    |sub_ln17_132_fu_12089_p2           |         -|   0|  0|   61|           1|          54|
    |sub_ln17_133_fu_12059_p2           |         -|   0|  0|   19|          11|          12|
    |sub_ln17_134_fu_12116_p2           |         -|   0|  0|   18|           3|          11|
    |sub_ln17_135_fu_12358_p2           |         -|   0|  0|   61|           1|          54|
    |sub_ln17_136_fu_12328_p2           |         -|   0|  0|   19|          11|          12|
    |sub_ln17_137_fu_12385_p2           |         -|   0|  0|   18|           3|          11|
    |sub_ln17_138_fu_12627_p2           |         -|   0|  0|   61|           1|          54|
    |sub_ln17_139_fu_12597_p2           |         -|   0|  0|   19|          11|          12|
    |sub_ln17_13_fu_1299_p2             |         -|   0|  0|   19|          11|          12|
    |sub_ln17_140_fu_12654_p2           |         -|   0|  0|   18|           3|          11|
    |sub_ln17_141_fu_12896_p2           |         -|   0|  0|   61|           1|          54|
    |sub_ln17_142_fu_12866_p2           |         -|   0|  0|   19|          11|          12|
    |sub_ln17_143_fu_12923_p2           |         -|   0|  0|   18|           3|          11|
    |sub_ln17_144_fu_13165_p2           |         -|   0|  0|   61|           1|          54|
    |sub_ln17_145_fu_13135_p2           |         -|   0|  0|   19|          11|          12|
    |sub_ln17_146_fu_13192_p2           |         -|   0|  0|   18|           3|          11|
    |sub_ln17_147_fu_13434_p2           |         -|   0|  0|   61|           1|          54|
    |sub_ln17_148_fu_13404_p2           |         -|   0|  0|   19|          11|          12|
    |sub_ln17_149_fu_13461_p2           |         -|   0|  0|   18|           3|          11|
    |sub_ln17_14_fu_1356_p2             |         -|   0|  0|   18|           3|          11|
    |sub_ln17_150_fu_13703_p2           |         -|   0|  0|   61|           1|          54|
    |sub_ln17_151_fu_13673_p2           |         -|   0|  0|   19|          11|          12|
    |sub_ln17_152_fu_13730_p2           |         -|   0|  0|   18|           3|          11|
    |sub_ln17_153_fu_13972_p2           |         -|   0|  0|   61|           1|          54|
    |sub_ln17_154_fu_13942_p2           |         -|   0|  0|   19|          11|          12|
    |sub_ln17_155_fu_13999_p2           |         -|   0|  0|   18|           3|          11|
    |sub_ln17_156_fu_14241_p2           |         -|   0|  0|   61|           1|          54|
    |sub_ln17_157_fu_14211_p2           |         -|   0|  0|   19|          11|          12|
    |sub_ln17_158_fu_14268_p2           |         -|   0|  0|   18|           3|          11|
    |sub_ln17_159_fu_14510_p2           |         -|   0|  0|   61|           1|          54|
    |sub_ln17_15_fu_1598_p2             |         -|   0|  0|   61|           1|          54|
    |sub_ln17_160_fu_14480_p2           |         -|   0|  0|   19|          11|          12|
    |sub_ln17_161_fu_14537_p2           |         -|   0|  0|   18|           3|          11|
    |sub_ln17_162_fu_14779_p2           |         -|   0|  0|   61|           1|          54|
    |sub_ln17_163_fu_14749_p2           |         -|   0|  0|   19|          11|          12|
    |sub_ln17_164_fu_14806_p2           |         -|   0|  0|   18|           3|          11|
    |sub_ln17_165_fu_15048_p2           |         -|   0|  0|   61|           1|          54|
    |sub_ln17_166_fu_15018_p2           |         -|   0|  0|   19|          11|          12|
    |sub_ln17_167_fu_15075_p2           |         -|   0|  0|   18|           3|          11|
    |sub_ln17_168_fu_15317_p2           |         -|   0|  0|   61|           1|          54|
    |sub_ln17_169_fu_15287_p2           |         -|   0|  0|   19|          11|          12|
    |sub_ln17_16_fu_1568_p2             |         -|   0|  0|   19|          11|          12|
    |sub_ln17_170_fu_15344_p2           |         -|   0|  0|   18|           3|          11|
    |sub_ln17_171_fu_15586_p2           |         -|   0|  0|   61|           1|          54|
    |sub_ln17_172_fu_15556_p2           |         -|   0|  0|   19|          11|          12|
    |sub_ln17_173_fu_15613_p2           |         -|   0|  0|   18|           3|          11|
    |sub_ln17_174_fu_15855_p2           |         -|   0|  0|   61|           1|          54|
    |sub_ln17_175_fu_15825_p2           |         -|   0|  0|   19|          11|          12|
    |sub_ln17_176_fu_15882_p2           |         -|   0|  0|   18|           3|          11|
    |sub_ln17_177_fu_16119_p2           |         -|   0|  0|   61|           1|          54|
    |sub_ln17_178_fu_16094_p2           |         -|   0|  0|   19|          11|          12|
    |sub_ln17_179_fu_16146_p2           |         -|   0|  0|   18|           3|          11|
    |sub_ln17_17_fu_1625_p2             |         -|   0|  0|   18|           3|          11|
    |sub_ln17_18_fu_1867_p2             |         -|   0|  0|   61|           1|          54|
    |sub_ln17_19_fu_1837_p2             |         -|   0|  0|   19|          11|          12|
    |sub_ln17_1_fu_223_p2               |         -|   0|  0|   19|          11|          12|
    |sub_ln17_20_fu_1894_p2             |         -|   0|  0|   18|           3|          11|
    |sub_ln17_21_fu_2136_p2             |         -|   0|  0|   61|           1|          54|
    |sub_ln17_22_fu_2106_p2             |         -|   0|  0|   19|          11|          12|
    |sub_ln17_23_fu_2163_p2             |         -|   0|  0|   18|           3|          11|
    |sub_ln17_24_fu_2405_p2             |         -|   0|  0|   61|           1|          54|
    |sub_ln17_25_fu_2375_p2             |         -|   0|  0|   19|          11|          12|
    |sub_ln17_26_fu_2432_p2             |         -|   0|  0|   18|           3|          11|
    |sub_ln17_27_fu_2674_p2             |         -|   0|  0|   61|           1|          54|
    |sub_ln17_28_fu_2644_p2             |         -|   0|  0|   19|          11|          12|
    |sub_ln17_29_fu_2701_p2             |         -|   0|  0|   18|           3|          11|
    |sub_ln17_2_fu_280_p2               |         -|   0|  0|   18|           3|          11|
    |sub_ln17_30_fu_2943_p2             |         -|   0|  0|   61|           1|          54|
    |sub_ln17_31_fu_2913_p2             |         -|   0|  0|   19|          11|          12|
    |sub_ln17_32_fu_2970_p2             |         -|   0|  0|   18|           3|          11|
    |sub_ln17_33_fu_3212_p2             |         -|   0|  0|   61|           1|          54|
    |sub_ln17_34_fu_3182_p2             |         -|   0|  0|   19|          11|          12|
    |sub_ln17_35_fu_3239_p2             |         -|   0|  0|   18|           3|          11|
    |sub_ln17_36_fu_3481_p2             |         -|   0|  0|   61|           1|          54|
    |sub_ln17_37_fu_3451_p2             |         -|   0|  0|   19|          11|          12|
    |sub_ln17_38_fu_3508_p2             |         -|   0|  0|   18|           3|          11|
    |sub_ln17_39_fu_3750_p2             |         -|   0|  0|   61|           1|          54|
    |sub_ln17_3_fu_522_p2               |         -|   0|  0|   61|           1|          54|
    |sub_ln17_40_fu_3720_p2             |         -|   0|  0|   19|          11|          12|
    |sub_ln17_41_fu_3777_p2             |         -|   0|  0|   18|           3|          11|
    |sub_ln17_42_fu_4019_p2             |         -|   0|  0|   61|           1|          54|
    |sub_ln17_43_fu_3989_p2             |         -|   0|  0|   19|          11|          12|
    |sub_ln17_44_fu_4046_p2             |         -|   0|  0|   18|           3|          11|
    |sub_ln17_45_fu_4288_p2             |         -|   0|  0|   61|           1|          54|
    |sub_ln17_46_fu_4258_p2             |         -|   0|  0|   19|          11|          12|
    |sub_ln17_47_fu_4315_p2             |         -|   0|  0|   18|           3|          11|
    |sub_ln17_48_fu_4557_p2             |         -|   0|  0|   61|           1|          54|
    |sub_ln17_49_fu_4527_p2             |         -|   0|  0|   19|          11|          12|
    |sub_ln17_4_fu_492_p2               |         -|   0|  0|   19|          11|          12|
    |sub_ln17_50_fu_4584_p2             |         -|   0|  0|   18|           3|          11|
    |sub_ln17_51_fu_4826_p2             |         -|   0|  0|   61|           1|          54|
    |sub_ln17_52_fu_4796_p2             |         -|   0|  0|   19|          11|          12|
    |sub_ln17_53_fu_4853_p2             |         -|   0|  0|   18|           3|          11|
    |sub_ln17_54_fu_5095_p2             |         -|   0|  0|   61|           1|          54|
    |sub_ln17_55_fu_5065_p2             |         -|   0|  0|   19|          11|          12|
    |sub_ln17_56_fu_5122_p2             |         -|   0|  0|   18|           3|          11|
    |sub_ln17_57_fu_5364_p2             |         -|   0|  0|   61|           1|          54|
    |sub_ln17_58_fu_5334_p2             |         -|   0|  0|   19|          11|          12|
    |sub_ln17_59_fu_5391_p2             |         -|   0|  0|   18|           3|          11|
    |sub_ln17_5_fu_549_p2               |         -|   0|  0|   18|           3|          11|
    |sub_ln17_60_fu_5633_p2             |         -|   0|  0|   61|           1|          54|
    |sub_ln17_61_fu_5603_p2             |         -|   0|  0|   19|          11|          12|
    |sub_ln17_62_fu_5660_p2             |         -|   0|  0|   18|           3|          11|
    |sub_ln17_63_fu_5902_p2             |         -|   0|  0|   61|           1|          54|
    |sub_ln17_64_fu_5872_p2             |         -|   0|  0|   19|          11|          12|
    |sub_ln17_65_fu_5929_p2             |         -|   0|  0|   18|           3|          11|
    |sub_ln17_66_fu_6171_p2             |         -|   0|  0|   61|           1|          54|
    |sub_ln17_67_fu_6141_p2             |         -|   0|  0|   19|          11|          12|
    |sub_ln17_68_fu_6198_p2             |         -|   0|  0|   18|           3|          11|
    |sub_ln17_69_fu_6440_p2             |         -|   0|  0|   61|           1|          54|
    |sub_ln17_6_fu_791_p2               |         -|   0|  0|   61|           1|          54|
    |sub_ln17_70_fu_6410_p2             |         -|   0|  0|   19|          11|          12|
    |sub_ln17_71_fu_6467_p2             |         -|   0|  0|   18|           3|          11|
    |sub_ln17_72_fu_6709_p2             |         -|   0|  0|   61|           1|          54|
    |sub_ln17_73_fu_6679_p2             |         -|   0|  0|   19|          11|          12|
    |sub_ln17_74_fu_6736_p2             |         -|   0|  0|   18|           3|          11|
    |sub_ln17_75_fu_6978_p2             |         -|   0|  0|   61|           1|          54|
    |sub_ln17_76_fu_6948_p2             |         -|   0|  0|   19|          11|          12|
    |sub_ln17_77_fu_7005_p2             |         -|   0|  0|   18|           3|          11|
    |sub_ln17_78_fu_7247_p2             |         -|   0|  0|   61|           1|          54|
    |sub_ln17_79_fu_7217_p2             |         -|   0|  0|   19|          11|          12|
    |sub_ln17_7_fu_761_p2               |         -|   0|  0|   19|          11|          12|
    |sub_ln17_80_fu_7274_p2             |         -|   0|  0|   18|           3|          11|
    |sub_ln17_81_fu_7516_p2             |         -|   0|  0|   61|           1|          54|
    |sub_ln17_82_fu_7486_p2             |         -|   0|  0|   19|          11|          12|
    |sub_ln17_83_fu_7543_p2             |         -|   0|  0|   18|           3|          11|
    |sub_ln17_84_fu_7785_p2             |         -|   0|  0|   61|           1|          54|
    |sub_ln17_85_fu_7755_p2             |         -|   0|  0|   19|          11|          12|
    |sub_ln17_86_fu_7812_p2             |         -|   0|  0|   18|           3|          11|
    |sub_ln17_87_fu_8054_p2             |         -|   0|  0|   61|           1|          54|
    |sub_ln17_88_fu_8024_p2             |         -|   0|  0|   19|          11|          12|
    |sub_ln17_89_fu_8081_p2             |         -|   0|  0|   18|           3|          11|
    |sub_ln17_8_fu_818_p2               |         -|   0|  0|   18|           3|          11|
    |sub_ln17_90_fu_8323_p2             |         -|   0|  0|   61|           1|          54|
    |sub_ln17_91_fu_8293_p2             |         -|   0|  0|   19|          11|          12|
    |sub_ln17_92_fu_8350_p2             |         -|   0|  0|   18|           3|          11|
    |sub_ln17_93_fu_8592_p2             |         -|   0|  0|   61|           1|          54|
    |sub_ln17_94_fu_8562_p2             |         -|   0|  0|   19|          11|          12|
    |sub_ln17_95_fu_8619_p2             |         -|   0|  0|   18|           3|          11|
    |sub_ln17_96_fu_8861_p2             |         -|   0|  0|   61|           1|          54|
    |sub_ln17_97_fu_8831_p2             |         -|   0|  0|   19|          11|          12|
    |sub_ln17_98_fu_8888_p2             |         -|   0|  0|   18|           3|          11|
    |sub_ln17_99_fu_9130_p2             |         -|   0|  0|   61|           1|          54|
    |sub_ln17_9_fu_1060_p2              |         -|   0|  0|   61|           1|          54|
    |sub_ln17_fu_253_p2                 |         -|   0|  0|   61|           1|          54|
    |and_ln17_100_fu_13848_p2           |       and|   0|  0|    2|           1|           1|
    |and_ln17_101_fu_13865_p2           |       and|   0|  0|    2|           1|           1|
    |and_ln17_102_fu_14117_p2           |       and|   0|  0|    2|           1|           1|
    |and_ln17_103_fu_14134_p2           |       and|   0|  0|    2|           1|           1|
    |and_ln17_104_fu_14386_p2           |       and|   0|  0|    2|           1|           1|
    |and_ln17_105_fu_14403_p2           |       and|   0|  0|    2|           1|           1|
    |and_ln17_106_fu_14655_p2           |       and|   0|  0|    2|           1|           1|
    |and_ln17_107_fu_14672_p2           |       and|   0|  0|    2|           1|           1|
    |and_ln17_108_fu_14924_p2           |       and|   0|  0|    2|           1|           1|
    |and_ln17_109_fu_14941_p2           |       and|   0|  0|    2|           1|           1|
    |and_ln17_10_fu_1743_p2             |       and|   0|  0|    2|           1|           1|
    |and_ln17_110_fu_15193_p2           |       and|   0|  0|    2|           1|           1|
    |and_ln17_111_fu_15210_p2           |       and|   0|  0|    2|           1|           1|
    |and_ln17_112_fu_15462_p2           |       and|   0|  0|    2|           1|           1|
    |and_ln17_113_fu_15479_p2           |       and|   0|  0|    2|           1|           1|
    |and_ln17_114_fu_15731_p2           |       and|   0|  0|    2|           1|           1|
    |and_ln17_115_fu_15748_p2           |       and|   0|  0|    2|           1|           1|
    |and_ln17_116_fu_16000_p2           |       and|   0|  0|    2|           1|           1|
    |and_ln17_117_fu_16017_p2           |       and|   0|  0|    2|           1|           1|
    |and_ln17_118_fu_16264_p2           |       and|   0|  0|    2|           1|           1|
    |and_ln17_119_fu_16281_p2           |       and|   0|  0|    2|           1|           1|
    |and_ln17_11_fu_1760_p2             |       and|   0|  0|    2|           1|           1|
    |and_ln17_12_fu_2012_p2             |       and|   0|  0|    2|           1|           1|
    |and_ln17_13_fu_2029_p2             |       and|   0|  0|    2|           1|           1|
    |and_ln17_14_fu_2281_p2             |       and|   0|  0|    2|           1|           1|
    |and_ln17_15_fu_2298_p2             |       and|   0|  0|    2|           1|           1|
    |and_ln17_16_fu_2550_p2             |       and|   0|  0|    2|           1|           1|
    |and_ln17_17_fu_2567_p2             |       and|   0|  0|    2|           1|           1|
    |and_ln17_18_fu_2819_p2             |       and|   0|  0|    2|           1|           1|
    |and_ln17_19_fu_2836_p2             |       and|   0|  0|    2|           1|           1|
    |and_ln17_1_fu_415_p2               |       and|   0|  0|    2|           1|           1|
    |and_ln17_20_fu_3088_p2             |       and|   0|  0|    2|           1|           1|
    |and_ln17_21_fu_3105_p2             |       and|   0|  0|    2|           1|           1|
    |and_ln17_22_fu_3357_p2             |       and|   0|  0|    2|           1|           1|
    |and_ln17_23_fu_3374_p2             |       and|   0|  0|    2|           1|           1|
    |and_ln17_24_fu_3626_p2             |       and|   0|  0|    2|           1|           1|
    |and_ln17_25_fu_3643_p2             |       and|   0|  0|    2|           1|           1|
    |and_ln17_26_fu_3895_p2             |       and|   0|  0|    2|           1|           1|
    |and_ln17_27_fu_3912_p2             |       and|   0|  0|    2|           1|           1|
    |and_ln17_28_fu_4164_p2             |       and|   0|  0|    2|           1|           1|
    |and_ln17_29_fu_4181_p2             |       and|   0|  0|    2|           1|           1|
    |and_ln17_2_fu_667_p2               |       and|   0|  0|    2|           1|           1|
    |and_ln17_30_fu_4433_p2             |       and|   0|  0|    2|           1|           1|
    |and_ln17_31_fu_4450_p2             |       and|   0|  0|    2|           1|           1|
    |and_ln17_32_fu_4702_p2             |       and|   0|  0|    2|           1|           1|
    |and_ln17_33_fu_4719_p2             |       and|   0|  0|    2|           1|           1|
    |and_ln17_34_fu_4971_p2             |       and|   0|  0|    2|           1|           1|
    |and_ln17_35_fu_4988_p2             |       and|   0|  0|    2|           1|           1|
    |and_ln17_36_fu_5240_p2             |       and|   0|  0|    2|           1|           1|
    |and_ln17_37_fu_5257_p2             |       and|   0|  0|    2|           1|           1|
    |and_ln17_38_fu_5509_p2             |       and|   0|  0|    2|           1|           1|
    |and_ln17_39_fu_5526_p2             |       and|   0|  0|    2|           1|           1|
    |and_ln17_3_fu_684_p2               |       and|   0|  0|    2|           1|           1|
    |and_ln17_40_fu_5778_p2             |       and|   0|  0|    2|           1|           1|
    |and_ln17_41_fu_5795_p2             |       and|   0|  0|    2|           1|           1|
    |and_ln17_42_fu_6047_p2             |       and|   0|  0|    2|           1|           1|
    |and_ln17_43_fu_6064_p2             |       and|   0|  0|    2|           1|           1|
    |and_ln17_44_fu_6316_p2             |       and|   0|  0|    2|           1|           1|
    |and_ln17_45_fu_6333_p2             |       and|   0|  0|    2|           1|           1|
    |and_ln17_46_fu_6585_p2             |       and|   0|  0|    2|           1|           1|
    |and_ln17_47_fu_6602_p2             |       and|   0|  0|    2|           1|           1|
    |and_ln17_48_fu_6854_p2             |       and|   0|  0|    2|           1|           1|
    |and_ln17_49_fu_6871_p2             |       and|   0|  0|    2|           1|           1|
    |and_ln17_4_fu_936_p2               |       and|   0|  0|    2|           1|           1|
    |and_ln17_50_fu_7123_p2             |       and|   0|  0|    2|           1|           1|
    |and_ln17_51_fu_7140_p2             |       and|   0|  0|    2|           1|           1|
    |and_ln17_52_fu_7392_p2             |       and|   0|  0|    2|           1|           1|
    |and_ln17_53_fu_7409_p2             |       and|   0|  0|    2|           1|           1|
    |and_ln17_54_fu_7661_p2             |       and|   0|  0|    2|           1|           1|
    |and_ln17_55_fu_7678_p2             |       and|   0|  0|    2|           1|           1|
    |and_ln17_56_fu_7930_p2             |       and|   0|  0|    2|           1|           1|
    |and_ln17_57_fu_7947_p2             |       and|   0|  0|    2|           1|           1|
    |and_ln17_58_fu_8199_p2             |       and|   0|  0|    2|           1|           1|
    |and_ln17_59_fu_8216_p2             |       and|   0|  0|    2|           1|           1|
    |and_ln17_5_fu_953_p2               |       and|   0|  0|    2|           1|           1|
    |and_ln17_60_fu_8468_p2             |       and|   0|  0|    2|           1|           1|
    |and_ln17_61_fu_8485_p2             |       and|   0|  0|    2|           1|           1|
    |and_ln17_62_fu_8737_p2             |       and|   0|  0|    2|           1|           1|
    |and_ln17_63_fu_8754_p2             |       and|   0|  0|    2|           1|           1|
    |and_ln17_64_fu_9006_p2             |       and|   0|  0|    2|           1|           1|
    |and_ln17_65_fu_9023_p2             |       and|   0|  0|    2|           1|           1|
    |and_ln17_66_fu_9275_p2             |       and|   0|  0|    2|           1|           1|
    |and_ln17_67_fu_9292_p2             |       and|   0|  0|    2|           1|           1|
    |and_ln17_68_fu_9544_p2             |       and|   0|  0|    2|           1|           1|
    |and_ln17_69_fu_9561_p2             |       and|   0|  0|    2|           1|           1|
    |and_ln17_6_fu_1205_p2              |       and|   0|  0|    2|           1|           1|
    |and_ln17_70_fu_9813_p2             |       and|   0|  0|    2|           1|           1|
    |and_ln17_71_fu_9830_p2             |       and|   0|  0|    2|           1|           1|
    |and_ln17_72_fu_10082_p2            |       and|   0|  0|    2|           1|           1|
    |and_ln17_73_fu_10099_p2            |       and|   0|  0|    2|           1|           1|
    |and_ln17_74_fu_10351_p2            |       and|   0|  0|    2|           1|           1|
    |and_ln17_75_fu_10368_p2            |       and|   0|  0|    2|           1|           1|
    |and_ln17_76_fu_10620_p2            |       and|   0|  0|    2|           1|           1|
    |and_ln17_77_fu_10637_p2            |       and|   0|  0|    2|           1|           1|
    |and_ln17_78_fu_10889_p2            |       and|   0|  0|    2|           1|           1|
    |and_ln17_79_fu_10906_p2            |       and|   0|  0|    2|           1|           1|
    |and_ln17_7_fu_1222_p2              |       and|   0|  0|    2|           1|           1|
    |and_ln17_80_fu_11158_p2            |       and|   0|  0|    2|           1|           1|
    |and_ln17_81_fu_11175_p2            |       and|   0|  0|    2|           1|           1|
    |and_ln17_82_fu_11427_p2            |       and|   0|  0|    2|           1|           1|
    |and_ln17_83_fu_11444_p2            |       and|   0|  0|    2|           1|           1|
    |and_ln17_84_fu_11696_p2            |       and|   0|  0|    2|           1|           1|
    |and_ln17_85_fu_11713_p2            |       and|   0|  0|    2|           1|           1|
    |and_ln17_86_fu_11965_p2            |       and|   0|  0|    2|           1|           1|
    |and_ln17_87_fu_11982_p2            |       and|   0|  0|    2|           1|           1|
    |and_ln17_88_fu_12234_p2            |       and|   0|  0|    2|           1|           1|
    |and_ln17_89_fu_12251_p2            |       and|   0|  0|    2|           1|           1|
    |and_ln17_8_fu_1474_p2              |       and|   0|  0|    2|           1|           1|
    |and_ln17_90_fu_12503_p2            |       and|   0|  0|    2|           1|           1|
    |and_ln17_91_fu_12520_p2            |       and|   0|  0|    2|           1|           1|
    |and_ln17_92_fu_12772_p2            |       and|   0|  0|    2|           1|           1|
    |and_ln17_93_fu_12789_p2            |       and|   0|  0|    2|           1|           1|
    |and_ln17_94_fu_13041_p2            |       and|   0|  0|    2|           1|           1|
    |and_ln17_95_fu_13058_p2            |       and|   0|  0|    2|           1|           1|
    |and_ln17_96_fu_13310_p2            |       and|   0|  0|    2|           1|           1|
    |and_ln17_97_fu_13327_p2            |       and|   0|  0|    2|           1|           1|
    |and_ln17_98_fu_13579_p2            |       and|   0|  0|    2|           1|           1|
    |and_ln17_99_fu_13596_p2            |       and|   0|  0|    2|           1|           1|
    |and_ln17_9_fu_1491_p2              |       and|   0|  0|    2|           1|           1|
    |and_ln17_fu_398_p2                 |       and|   0|  0|    2|           1|           1|
    |ap_block_pp0_stage0_11001          |       and|   0|  0|    2|           1|           1|
    |ap_block_pp0_stage10_11001         |       and|   0|  0|    2|           1|           1|
    |ap_block_pp0_stage11_11001         |       and|   0|  0|    2|           1|           1|
    |ap_block_pp0_stage12_11001         |       and|   0|  0|    2|           1|           1|
    |ap_block_pp0_stage13_11001         |       and|   0|  0|    2|           1|           1|
    |ap_block_pp0_stage14_11001         |       and|   0|  0|    2|           1|           1|
    |ap_block_pp0_stage15_11001         |       and|   0|  0|    2|           1|           1|
    |ap_block_pp0_stage16_11001         |       and|   0|  0|    2|           1|           1|
    |ap_block_pp0_stage17_11001         |       and|   0|  0|    2|           1|           1|
    |ap_block_pp0_stage18_11001         |       and|   0|  0|    2|           1|           1|
    |ap_block_pp0_stage19_11001         |       and|   0|  0|    2|           1|           1|
    |ap_block_pp0_stage1_11001          |       and|   0|  0|    2|           1|           1|
    |ap_block_pp0_stage20_11001         |       and|   0|  0|    2|           1|           1|
    |ap_block_pp0_stage21_11001         |       and|   0|  0|    2|           1|           1|
    |ap_block_pp0_stage22_11001         |       and|   0|  0|    2|           1|           1|
    |ap_block_pp0_stage23_11001         |       and|   0|  0|    2|           1|           1|
    |ap_block_pp0_stage24_11001         |       and|   0|  0|    2|           1|           1|
    |ap_block_pp0_stage25_11001         |       and|   0|  0|    2|           1|           1|
    |ap_block_pp0_stage26_11001         |       and|   0|  0|    2|           1|           1|
    |ap_block_pp0_stage27_11001         |       and|   0|  0|    2|           1|           1|
    |ap_block_pp0_stage28_11001         |       and|   0|  0|    2|           1|           1|
    |ap_block_pp0_stage29_11001         |       and|   0|  0|    2|           1|           1|
    |ap_block_pp0_stage2_11001          |       and|   0|  0|    2|           1|           1|
    |ap_block_pp0_stage30_11001         |       and|   0|  0|    2|           1|           1|
    |ap_block_pp0_stage31_11001         |       and|   0|  0|    2|           1|           1|
    |ap_block_pp0_stage32_11001         |       and|   0|  0|    2|           1|           1|
    |ap_block_pp0_stage33_11001         |       and|   0|  0|    2|           1|           1|
    |ap_block_pp0_stage34_11001         |       and|   0|  0|    2|           1|           1|
    |ap_block_pp0_stage35_11001         |       and|   0|  0|    2|           1|           1|
    |ap_block_pp0_stage36_11001         |       and|   0|  0|    2|           1|           1|
    |ap_block_pp0_stage37_11001         |       and|   0|  0|    2|           1|           1|
    |ap_block_pp0_stage38_11001         |       and|   0|  0|    2|           1|           1|
    |ap_block_pp0_stage39_11001         |       and|   0|  0|    2|           1|           1|
    |ap_block_pp0_stage3_11001          |       and|   0|  0|    2|           1|           1|
    |ap_block_pp0_stage40_11001         |       and|   0|  0|    2|           1|           1|
    |ap_block_pp0_stage41_11001         |       and|   0|  0|    2|           1|           1|
    |ap_block_pp0_stage42_11001         |       and|   0|  0|    2|           1|           1|
    |ap_block_pp0_stage43_11001         |       and|   0|  0|    2|           1|           1|
    |ap_block_pp0_stage44_11001         |       and|   0|  0|    2|           1|           1|
    |ap_block_pp0_stage45_11001         |       and|   0|  0|    2|           1|           1|
    |ap_block_pp0_stage46_11001         |       and|   0|  0|    2|           1|           1|
    |ap_block_pp0_stage47_11001         |       and|   0|  0|    2|           1|           1|
    |ap_block_pp0_stage48_11001         |       and|   0|  0|    2|           1|           1|
    |ap_block_pp0_stage49_11001         |       and|   0|  0|    2|           1|           1|
    |ap_block_pp0_stage50_11001         |       and|   0|  0|    2|           1|           1|
    |ap_block_pp0_stage51_11001         |       and|   0|  0|    2|           1|           1|
    |ap_block_pp0_stage52_11001         |       and|   0|  0|    2|           1|           1|
    |ap_block_pp0_stage53_11001         |       and|   0|  0|    2|           1|           1|
    |ap_block_pp0_stage54_11001         |       and|   0|  0|    2|           1|           1|
    |ap_block_pp0_stage55_11001         |       and|   0|  0|    2|           1|           1|
    |ap_block_pp0_stage56_11001         |       and|   0|  0|    2|           1|           1|
    |ap_block_pp0_stage57_11001         |       and|   0|  0|    2|           1|           1|
    |ap_block_pp0_stage58_11001         |       and|   0|  0|    2|           1|           1|
    |ap_block_pp0_stage59_11001         |       and|   0|  0|    2|           1|           1|
    |ap_block_pp0_stage5_11001          |       and|   0|  0|    2|           1|           1|
    |ap_block_pp0_stage6_11001          |       and|   0|  0|    2|           1|           1|
    |ap_block_pp0_stage7_11001          |       and|   0|  0|    2|           1|           1|
    |ap_block_pp0_stage8_11001          |       and|   0|  0|    2|           1|           1|
    |ap_block_pp0_stage9_11001          |       and|   0|  0|    2|           1|           1|
    |ap_block_state10_pp0_stage9_iter0  |       and|   0|  0|    2|           1|           1|
    |ashr_ln17_10_fu_3009_p2            |      ashr|   0|  0|  159|          54|          54|
    |ashr_ln17_11_fu_3278_p2            |      ashr|   0|  0|  159|          54|          54|
    |ashr_ln17_12_fu_3547_p2            |      ashr|   0|  0|  159|          54|          54|
    |ashr_ln17_13_fu_3816_p2            |      ashr|   0|  0|  159|          54|          54|
    |ashr_ln17_14_fu_4085_p2            |      ashr|   0|  0|  159|          54|          54|
    |ashr_ln17_15_fu_4354_p2            |      ashr|   0|  0|  159|          54|          54|
    |ashr_ln17_16_fu_4623_p2            |      ashr|   0|  0|  159|          54|          54|
    |ashr_ln17_17_fu_4892_p2            |      ashr|   0|  0|  159|          54|          54|
    |ashr_ln17_18_fu_5161_p2            |      ashr|   0|  0|  159|          54|          54|
    |ashr_ln17_19_fu_5430_p2            |      ashr|   0|  0|  159|          54|          54|
    |ashr_ln17_1_fu_588_p2              |      ashr|   0|  0|  159|          54|          54|
    |ashr_ln17_20_fu_5699_p2            |      ashr|   0|  0|  159|          54|          54|
    |ashr_ln17_21_fu_5968_p2            |      ashr|   0|  0|  159|          54|          54|
    |ashr_ln17_22_fu_6237_p2            |      ashr|   0|  0|  159|          54|          54|
    |ashr_ln17_23_fu_6506_p2            |      ashr|   0|  0|  159|          54|          54|
    |ashr_ln17_24_fu_6775_p2            |      ashr|   0|  0|  159|          54|          54|
    |ashr_ln17_25_fu_7044_p2            |      ashr|   0|  0|  159|          54|          54|
    |ashr_ln17_26_fu_7313_p2            |      ashr|   0|  0|  159|          54|          54|
    |ashr_ln17_27_fu_7582_p2            |      ashr|   0|  0|  159|          54|          54|
    |ashr_ln17_28_fu_7851_p2            |      ashr|   0|  0|  159|          54|          54|
    |ashr_ln17_29_fu_8120_p2            |      ashr|   0|  0|  159|          54|          54|
    |ashr_ln17_2_fu_857_p2              |      ashr|   0|  0|  159|          54|          54|
    |ashr_ln17_30_fu_8389_p2            |      ashr|   0|  0|  159|          54|          54|
    |ashr_ln17_31_fu_8658_p2            |      ashr|   0|  0|  159|          54|          54|
    |ashr_ln17_32_fu_8927_p2            |      ashr|   0|  0|  159|          54|          54|
    |ashr_ln17_33_fu_9196_p2            |      ashr|   0|  0|  159|          54|          54|
    |ashr_ln17_34_fu_9465_p2            |      ashr|   0|  0|  159|          54|          54|
    |ashr_ln17_35_fu_9734_p2            |      ashr|   0|  0|  159|          54|          54|
    |ashr_ln17_36_fu_10003_p2           |      ashr|   0|  0|  159|          54|          54|
    |ashr_ln17_37_fu_10272_p2           |      ashr|   0|  0|  159|          54|          54|
    |ashr_ln17_38_fu_10541_p2           |      ashr|   0|  0|  159|          54|          54|
    |ashr_ln17_39_fu_10810_p2           |      ashr|   0|  0|  159|          54|          54|
    |ashr_ln17_3_fu_1126_p2             |      ashr|   0|  0|  159|          54|          54|
    |ashr_ln17_40_fu_11079_p2           |      ashr|   0|  0|  159|          54|          54|
    |ashr_ln17_41_fu_11348_p2           |      ashr|   0|  0|  159|          54|          54|
    |ashr_ln17_42_fu_11617_p2           |      ashr|   0|  0|  159|          54|          54|
    |ashr_ln17_43_fu_11886_p2           |      ashr|   0|  0|  159|          54|          54|
    |ashr_ln17_44_fu_12155_p2           |      ashr|   0|  0|  159|          54|          54|
    |ashr_ln17_45_fu_12424_p2           |      ashr|   0|  0|  159|          54|          54|
    |ashr_ln17_46_fu_12693_p2           |      ashr|   0|  0|  159|          54|          54|
    |ashr_ln17_47_fu_12962_p2           |      ashr|   0|  0|  159|          54|          54|
    |ashr_ln17_48_fu_13231_p2           |      ashr|   0|  0|  159|          54|          54|
    |ashr_ln17_49_fu_13500_p2           |      ashr|   0|  0|  159|          54|          54|
    |ashr_ln17_4_fu_1395_p2             |      ashr|   0|  0|  159|          54|          54|
    |ashr_ln17_50_fu_13769_p2           |      ashr|   0|  0|  159|          54|          54|
    |ashr_ln17_51_fu_14038_p2           |      ashr|   0|  0|  159|          54|          54|
    |ashr_ln17_52_fu_14307_p2           |      ashr|   0|  0|  159|          54|          54|
    |ashr_ln17_53_fu_14576_p2           |      ashr|   0|  0|  159|          54|          54|
    |ashr_ln17_54_fu_14845_p2           |      ashr|   0|  0|  159|          54|          54|
    |ashr_ln17_55_fu_15114_p2           |      ashr|   0|  0|  159|          54|          54|
    |ashr_ln17_56_fu_15383_p2           |      ashr|   0|  0|  159|          54|          54|
    |ashr_ln17_57_fu_15652_p2           |      ashr|   0|  0|  159|          54|          54|
    |ashr_ln17_58_fu_15921_p2           |      ashr|   0|  0|  159|          54|          54|
    |ashr_ln17_59_fu_16185_p2           |      ashr|   0|  0|  159|          54|          54|
    |ashr_ln17_5_fu_1664_p2             |      ashr|   0|  0|  159|          54|          54|
    |ashr_ln17_6_fu_1933_p2             |      ashr|   0|  0|  159|          54|          54|
    |ashr_ln17_7_fu_2202_p2             |      ashr|   0|  0|  159|          54|          54|
    |ashr_ln17_8_fu_2471_p2             |      ashr|   0|  0|  159|          54|          54|
    |ashr_ln17_9_fu_2740_p2             |      ashr|   0|  0|  159|          54|          54|
    |ashr_ln17_fu_319_p2                |      ashr|   0|  0|  159|          54|          54|
    |icmp_ln13_fu_157_p2                |      icmp|   0|  0|   39|          32|          32|
    |icmp_ln17_100_fu_4641_p2           |      icmp|   0|  0|   19|          12|           6|
    |icmp_ln17_101_fu_4647_p2           |      icmp|   0|  0|   18|          11|           4|
    |icmp_ln17_102_fu_4790_p2           |      icmp|   0|  0|   70|          63|           1|
    |icmp_ln17_103_fu_4839_p2           |      icmp|   0|  0|   19|          12|           3|
    |icmp_ln17_104_fu_4866_p2           |      icmp|   0|  0|   19|          12|           3|
    |icmp_ln17_105_fu_4875_p2           |      icmp|   0|  0|   18|          11|           6|
    |icmp_ln17_106_fu_4910_p2           |      icmp|   0|  0|   19|          12|           6|
    |icmp_ln17_107_fu_4916_p2           |      icmp|   0|  0|   18|          11|           4|
    |icmp_ln17_108_fu_5059_p2           |      icmp|   0|  0|   70|          63|           1|
    |icmp_ln17_109_fu_5108_p2           |      icmp|   0|  0|   19|          12|           3|
    |icmp_ln17_10_fu_606_p2             |      icmp|   0|  0|   19|          12|           6|
    |icmp_ln17_110_fu_5135_p2           |      icmp|   0|  0|   19|          12|           3|
    |icmp_ln17_111_fu_5144_p2           |      icmp|   0|  0|   18|          11|           6|
    |icmp_ln17_112_fu_5179_p2           |      icmp|   0|  0|   19|          12|           6|
    |icmp_ln17_113_fu_5185_p2           |      icmp|   0|  0|   18|          11|           4|
    |icmp_ln17_114_fu_5328_p2           |      icmp|   0|  0|   70|          63|           1|
    |icmp_ln17_115_fu_5377_p2           |      icmp|   0|  0|   19|          12|           3|
    |icmp_ln17_116_fu_5404_p2           |      icmp|   0|  0|   19|          12|           3|
    |icmp_ln17_117_fu_5413_p2           |      icmp|   0|  0|   18|          11|           6|
    |icmp_ln17_118_fu_5448_p2           |      icmp|   0|  0|   19|          12|           6|
    |icmp_ln17_119_fu_5454_p2           |      icmp|   0|  0|   18|          11|           4|
    |icmp_ln17_11_fu_612_p2             |      icmp|   0|  0|   18|          11|           4|
    |icmp_ln17_120_fu_5597_p2           |      icmp|   0|  0|   70|          63|           1|
    |icmp_ln17_121_fu_5646_p2           |      icmp|   0|  0|   19|          12|           3|
    |icmp_ln17_122_fu_5673_p2           |      icmp|   0|  0|   19|          12|           3|
    |icmp_ln17_123_fu_5682_p2           |      icmp|   0|  0|   18|          11|           6|
    |icmp_ln17_124_fu_5717_p2           |      icmp|   0|  0|   19|          12|           6|
    |icmp_ln17_125_fu_5723_p2           |      icmp|   0|  0|   18|          11|           4|
    |icmp_ln17_126_fu_5866_p2           |      icmp|   0|  0|   70|          63|           1|
    |icmp_ln17_127_fu_5915_p2           |      icmp|   0|  0|   19|          12|           3|
    |icmp_ln17_128_fu_5942_p2           |      icmp|   0|  0|   19|          12|           3|
    |icmp_ln17_129_fu_5951_p2           |      icmp|   0|  0|   18|          11|           6|
    |icmp_ln17_12_fu_755_p2             |      icmp|   0|  0|   70|          63|           1|
    |icmp_ln17_130_fu_5986_p2           |      icmp|   0|  0|   19|          12|           6|
    |icmp_ln17_131_fu_5992_p2           |      icmp|   0|  0|   18|          11|           4|
    |icmp_ln17_132_fu_6135_p2           |      icmp|   0|  0|   70|          63|           1|
    |icmp_ln17_133_fu_6184_p2           |      icmp|   0|  0|   19|          12|           3|
    |icmp_ln17_134_fu_6211_p2           |      icmp|   0|  0|   19|          12|           3|
    |icmp_ln17_135_fu_6220_p2           |      icmp|   0|  0|   18|          11|           6|
    |icmp_ln17_136_fu_6255_p2           |      icmp|   0|  0|   19|          12|           6|
    |icmp_ln17_137_fu_6261_p2           |      icmp|   0|  0|   18|          11|           4|
    |icmp_ln17_138_fu_6404_p2           |      icmp|   0|  0|   70|          63|           1|
    |icmp_ln17_139_fu_6453_p2           |      icmp|   0|  0|   19|          12|           3|
    |icmp_ln17_13_fu_804_p2             |      icmp|   0|  0|   19|          12|           3|
    |icmp_ln17_140_fu_6480_p2           |      icmp|   0|  0|   19|          12|           3|
    |icmp_ln17_141_fu_6489_p2           |      icmp|   0|  0|   18|          11|           6|
    |icmp_ln17_142_fu_6524_p2           |      icmp|   0|  0|   19|          12|           6|
    |icmp_ln17_143_fu_6530_p2           |      icmp|   0|  0|   18|          11|           4|
    |icmp_ln17_144_fu_6673_p2           |      icmp|   0|  0|   70|          63|           1|
    |icmp_ln17_145_fu_6722_p2           |      icmp|   0|  0|   19|          12|           3|
    |icmp_ln17_146_fu_6749_p2           |      icmp|   0|  0|   19|          12|           3|
    |icmp_ln17_147_fu_6758_p2           |      icmp|   0|  0|   18|          11|           6|
    |icmp_ln17_148_fu_6793_p2           |      icmp|   0|  0|   19|          12|           6|
    |icmp_ln17_149_fu_6799_p2           |      icmp|   0|  0|   18|          11|           4|
    |icmp_ln17_14_fu_831_p2             |      icmp|   0|  0|   19|          12|           3|
    |icmp_ln17_150_fu_6942_p2           |      icmp|   0|  0|   70|          63|           1|
    |icmp_ln17_151_fu_6991_p2           |      icmp|   0|  0|   19|          12|           3|
    |icmp_ln17_152_fu_7018_p2           |      icmp|   0|  0|   19|          12|           3|
    |icmp_ln17_153_fu_7027_p2           |      icmp|   0|  0|   18|          11|           6|
    |icmp_ln17_154_fu_7062_p2           |      icmp|   0|  0|   19|          12|           6|
    |icmp_ln17_155_fu_7068_p2           |      icmp|   0|  0|   18|          11|           4|
    |icmp_ln17_156_fu_7211_p2           |      icmp|   0|  0|   70|          63|           1|
    |icmp_ln17_157_fu_7260_p2           |      icmp|   0|  0|   19|          12|           3|
    |icmp_ln17_158_fu_7287_p2           |      icmp|   0|  0|   19|          12|           3|
    |icmp_ln17_159_fu_7296_p2           |      icmp|   0|  0|   18|          11|           6|
    |icmp_ln17_15_fu_840_p2             |      icmp|   0|  0|   18|          11|           6|
    |icmp_ln17_160_fu_7331_p2           |      icmp|   0|  0|   19|          12|           6|
    |icmp_ln17_161_fu_7337_p2           |      icmp|   0|  0|   18|          11|           4|
    |icmp_ln17_162_fu_7480_p2           |      icmp|   0|  0|   70|          63|           1|
    |icmp_ln17_163_fu_7529_p2           |      icmp|   0|  0|   19|          12|           3|
    |icmp_ln17_164_fu_7556_p2           |      icmp|   0|  0|   19|          12|           3|
    |icmp_ln17_165_fu_7565_p2           |      icmp|   0|  0|   18|          11|           6|
    |icmp_ln17_166_fu_7600_p2           |      icmp|   0|  0|   19|          12|           6|
    |icmp_ln17_167_fu_7606_p2           |      icmp|   0|  0|   18|          11|           4|
    |icmp_ln17_168_fu_7749_p2           |      icmp|   0|  0|   70|          63|           1|
    |icmp_ln17_169_fu_7798_p2           |      icmp|   0|  0|   19|          12|           3|
    |icmp_ln17_16_fu_875_p2             |      icmp|   0|  0|   19|          12|           6|
    |icmp_ln17_170_fu_7825_p2           |      icmp|   0|  0|   19|          12|           3|
    |icmp_ln17_171_fu_7834_p2           |      icmp|   0|  0|   18|          11|           6|
    |icmp_ln17_172_fu_7869_p2           |      icmp|   0|  0|   19|          12|           6|
    |icmp_ln17_173_fu_7875_p2           |      icmp|   0|  0|   18|          11|           4|
    |icmp_ln17_174_fu_8018_p2           |      icmp|   0|  0|   70|          63|           1|
    |icmp_ln17_175_fu_8067_p2           |      icmp|   0|  0|   19|          12|           3|
    |icmp_ln17_176_fu_8094_p2           |      icmp|   0|  0|   19|          12|           3|
    |icmp_ln17_177_fu_8103_p2           |      icmp|   0|  0|   18|          11|           6|
    |icmp_ln17_178_fu_8138_p2           |      icmp|   0|  0|   19|          12|           6|
    |icmp_ln17_179_fu_8144_p2           |      icmp|   0|  0|   18|          11|           4|
    |icmp_ln17_17_fu_881_p2             |      icmp|   0|  0|   18|          11|           4|
    |icmp_ln17_180_fu_8287_p2           |      icmp|   0|  0|   70|          63|           1|
    |icmp_ln17_181_fu_8336_p2           |      icmp|   0|  0|   19|          12|           3|
    |icmp_ln17_182_fu_8363_p2           |      icmp|   0|  0|   19|          12|           3|
    |icmp_ln17_183_fu_8372_p2           |      icmp|   0|  0|   18|          11|           6|
    |icmp_ln17_184_fu_8407_p2           |      icmp|   0|  0|   19|          12|           6|
    |icmp_ln17_185_fu_8413_p2           |      icmp|   0|  0|   18|          11|           4|
    |icmp_ln17_186_fu_8556_p2           |      icmp|   0|  0|   70|          63|           1|
    |icmp_ln17_187_fu_8605_p2           |      icmp|   0|  0|   19|          12|           3|
    |icmp_ln17_188_fu_8632_p2           |      icmp|   0|  0|   19|          12|           3|
    |icmp_ln17_189_fu_8641_p2           |      icmp|   0|  0|   18|          11|           6|
    |icmp_ln17_18_fu_1024_p2            |      icmp|   0|  0|   70|          63|           1|
    |icmp_ln17_190_fu_8676_p2           |      icmp|   0|  0|   19|          12|           6|
    |icmp_ln17_191_fu_8682_p2           |      icmp|   0|  0|   18|          11|           4|
    |icmp_ln17_192_fu_8825_p2           |      icmp|   0|  0|   70|          63|           1|
    |icmp_ln17_193_fu_8874_p2           |      icmp|   0|  0|   19|          12|           3|
    |icmp_ln17_194_fu_8901_p2           |      icmp|   0|  0|   19|          12|           3|
    |icmp_ln17_195_fu_8910_p2           |      icmp|   0|  0|   18|          11|           6|
    |icmp_ln17_196_fu_8945_p2           |      icmp|   0|  0|   19|          12|           6|
    |icmp_ln17_197_fu_8951_p2           |      icmp|   0|  0|   18|          11|           4|
    |icmp_ln17_198_fu_9094_p2           |      icmp|   0|  0|   70|          63|           1|
    |icmp_ln17_199_fu_9143_p2           |      icmp|   0|  0|   19|          12|           3|
    |icmp_ln17_19_fu_1073_p2            |      icmp|   0|  0|   19|          12|           3|
    |icmp_ln17_1_fu_266_p2              |      icmp|   0|  0|   19|          12|           3|
    |icmp_ln17_200_fu_9170_p2           |      icmp|   0|  0|   19|          12|           3|
    |icmp_ln17_201_fu_9179_p2           |      icmp|   0|  0|   18|          11|           6|
    |icmp_ln17_202_fu_9214_p2           |      icmp|   0|  0|   19|          12|           6|
    |icmp_ln17_203_fu_9220_p2           |      icmp|   0|  0|   18|          11|           4|
    |icmp_ln17_204_fu_9363_p2           |      icmp|   0|  0|   70|          63|           1|
    |icmp_ln17_205_fu_9412_p2           |      icmp|   0|  0|   19|          12|           3|
    |icmp_ln17_206_fu_9439_p2           |      icmp|   0|  0|   19|          12|           3|
    |icmp_ln17_207_fu_9448_p2           |      icmp|   0|  0|   18|          11|           6|
    |icmp_ln17_208_fu_9483_p2           |      icmp|   0|  0|   19|          12|           6|
    |icmp_ln17_209_fu_9489_p2           |      icmp|   0|  0|   18|          11|           4|
    |icmp_ln17_20_fu_1100_p2            |      icmp|   0|  0|   19|          12|           3|
    |icmp_ln17_210_fu_9632_p2           |      icmp|   0|  0|   70|          63|           1|
    |icmp_ln17_211_fu_9681_p2           |      icmp|   0|  0|   19|          12|           3|
    |icmp_ln17_212_fu_9708_p2           |      icmp|   0|  0|   19|          12|           3|
    |icmp_ln17_213_fu_9717_p2           |      icmp|   0|  0|   18|          11|           6|
    |icmp_ln17_214_fu_9752_p2           |      icmp|   0|  0|   19|          12|           6|
    |icmp_ln17_215_fu_9758_p2           |      icmp|   0|  0|   18|          11|           4|
    |icmp_ln17_216_fu_9901_p2           |      icmp|   0|  0|   70|          63|           1|
    |icmp_ln17_217_fu_9950_p2           |      icmp|   0|  0|   19|          12|           3|
    |icmp_ln17_218_fu_9977_p2           |      icmp|   0|  0|   19|          12|           3|
    |icmp_ln17_219_fu_9986_p2           |      icmp|   0|  0|   18|          11|           6|
    |icmp_ln17_21_fu_1109_p2            |      icmp|   0|  0|   18|          11|           6|
    |icmp_ln17_220_fu_10021_p2          |      icmp|   0|  0|   19|          12|           6|
    |icmp_ln17_221_fu_10027_p2          |      icmp|   0|  0|   18|          11|           4|
    |icmp_ln17_222_fu_10170_p2          |      icmp|   0|  0|   70|          63|           1|
    |icmp_ln17_223_fu_10219_p2          |      icmp|   0|  0|   19|          12|           3|
    |icmp_ln17_224_fu_10246_p2          |      icmp|   0|  0|   19|          12|           3|
    |icmp_ln17_225_fu_10255_p2          |      icmp|   0|  0|   18|          11|           6|
    |icmp_ln17_226_fu_10290_p2          |      icmp|   0|  0|   19|          12|           6|
    |icmp_ln17_227_fu_10296_p2          |      icmp|   0|  0|   18|          11|           4|
    |icmp_ln17_228_fu_10439_p2          |      icmp|   0|  0|   70|          63|           1|
    |icmp_ln17_229_fu_10488_p2          |      icmp|   0|  0|   19|          12|           3|
    |icmp_ln17_22_fu_1144_p2            |      icmp|   0|  0|   19|          12|           6|
    |icmp_ln17_230_fu_10515_p2          |      icmp|   0|  0|   19|          12|           3|
    |icmp_ln17_231_fu_10524_p2          |      icmp|   0|  0|   18|          11|           6|
    |icmp_ln17_232_fu_10559_p2          |      icmp|   0|  0|   19|          12|           6|
    |icmp_ln17_233_fu_10565_p2          |      icmp|   0|  0|   18|          11|           4|
    |icmp_ln17_234_fu_10708_p2          |      icmp|   0|  0|   70|          63|           1|
    |icmp_ln17_235_fu_10757_p2          |      icmp|   0|  0|   19|          12|           3|
    |icmp_ln17_236_fu_10784_p2          |      icmp|   0|  0|   19|          12|           3|
    |icmp_ln17_237_fu_10793_p2          |      icmp|   0|  0|   18|          11|           6|
    |icmp_ln17_238_fu_10828_p2          |      icmp|   0|  0|   19|          12|           6|
    |icmp_ln17_239_fu_10834_p2          |      icmp|   0|  0|   18|          11|           4|
    |icmp_ln17_23_fu_1150_p2            |      icmp|   0|  0|   18|          11|           4|
    |icmp_ln17_240_fu_10977_p2          |      icmp|   0|  0|   70|          63|           1|
    |icmp_ln17_241_fu_11026_p2          |      icmp|   0|  0|   19|          12|           3|
    |icmp_ln17_242_fu_11053_p2          |      icmp|   0|  0|   19|          12|           3|
    |icmp_ln17_243_fu_11062_p2          |      icmp|   0|  0|   18|          11|           6|
    |icmp_ln17_244_fu_11097_p2          |      icmp|   0|  0|   19|          12|           6|
    |icmp_ln17_245_fu_11103_p2          |      icmp|   0|  0|   18|          11|           4|
    |icmp_ln17_246_fu_11246_p2          |      icmp|   0|  0|   70|          63|           1|
    |icmp_ln17_247_fu_11295_p2          |      icmp|   0|  0|   19|          12|           3|
    |icmp_ln17_248_fu_11322_p2          |      icmp|   0|  0|   19|          12|           3|
    |icmp_ln17_249_fu_11331_p2          |      icmp|   0|  0|   18|          11|           6|
    |icmp_ln17_24_fu_1293_p2            |      icmp|   0|  0|   70|          63|           1|
    |icmp_ln17_250_fu_11366_p2          |      icmp|   0|  0|   19|          12|           6|
    |icmp_ln17_251_fu_11372_p2          |      icmp|   0|  0|   18|          11|           4|
    |icmp_ln17_252_fu_11515_p2          |      icmp|   0|  0|   70|          63|           1|
    |icmp_ln17_253_fu_11564_p2          |      icmp|   0|  0|   19|          12|           3|
    |icmp_ln17_254_fu_11591_p2          |      icmp|   0|  0|   19|          12|           3|
    |icmp_ln17_255_fu_11600_p2          |      icmp|   0|  0|   18|          11|           6|
    |icmp_ln17_256_fu_11635_p2          |      icmp|   0|  0|   19|          12|           6|
    |icmp_ln17_257_fu_11641_p2          |      icmp|   0|  0|   18|          11|           4|
    |icmp_ln17_258_fu_11784_p2          |      icmp|   0|  0|   70|          63|           1|
    |icmp_ln17_259_fu_11833_p2          |      icmp|   0|  0|   19|          12|           3|
    |icmp_ln17_25_fu_1342_p2            |      icmp|   0|  0|   19|          12|           3|
    |icmp_ln17_260_fu_11860_p2          |      icmp|   0|  0|   19|          12|           3|
    |icmp_ln17_261_fu_11869_p2          |      icmp|   0|  0|   18|          11|           6|
    |icmp_ln17_262_fu_11904_p2          |      icmp|   0|  0|   19|          12|           6|
    |icmp_ln17_263_fu_11910_p2          |      icmp|   0|  0|   18|          11|           4|
    |icmp_ln17_264_fu_12053_p2          |      icmp|   0|  0|   70|          63|           1|
    |icmp_ln17_265_fu_12102_p2          |      icmp|   0|  0|   19|          12|           3|
    |icmp_ln17_266_fu_12129_p2          |      icmp|   0|  0|   19|          12|           3|
    |icmp_ln17_267_fu_12138_p2          |      icmp|   0|  0|   18|          11|           6|
    |icmp_ln17_268_fu_12173_p2          |      icmp|   0|  0|   19|          12|           6|
    |icmp_ln17_269_fu_12179_p2          |      icmp|   0|  0|   18|          11|           4|
    |icmp_ln17_26_fu_1369_p2            |      icmp|   0|  0|   19|          12|           3|
    |icmp_ln17_270_fu_12322_p2          |      icmp|   0|  0|   70|          63|           1|
    |icmp_ln17_271_fu_12371_p2          |      icmp|   0|  0|   19|          12|           3|
    |icmp_ln17_272_fu_12398_p2          |      icmp|   0|  0|   19|          12|           3|
    |icmp_ln17_273_fu_12407_p2          |      icmp|   0|  0|   18|          11|           6|
    |icmp_ln17_274_fu_12442_p2          |      icmp|   0|  0|   19|          12|           6|
    |icmp_ln17_275_fu_12448_p2          |      icmp|   0|  0|   18|          11|           4|
    |icmp_ln17_276_fu_12591_p2          |      icmp|   0|  0|   70|          63|           1|
    |icmp_ln17_277_fu_12640_p2          |      icmp|   0|  0|   19|          12|           3|
    |icmp_ln17_278_fu_12667_p2          |      icmp|   0|  0|   19|          12|           3|
    |icmp_ln17_279_fu_12676_p2          |      icmp|   0|  0|   18|          11|           6|
    |icmp_ln17_27_fu_1378_p2            |      icmp|   0|  0|   18|          11|           6|
    |icmp_ln17_280_fu_12711_p2          |      icmp|   0|  0|   19|          12|           6|
    |icmp_ln17_281_fu_12717_p2          |      icmp|   0|  0|   18|          11|           4|
    |icmp_ln17_282_fu_12860_p2          |      icmp|   0|  0|   70|          63|           1|
    |icmp_ln17_283_fu_12909_p2          |      icmp|   0|  0|   19|          12|           3|
    |icmp_ln17_284_fu_12936_p2          |      icmp|   0|  0|   19|          12|           3|
    |icmp_ln17_285_fu_12945_p2          |      icmp|   0|  0|   18|          11|           6|
    |icmp_ln17_286_fu_12980_p2          |      icmp|   0|  0|   19|          12|           6|
    |icmp_ln17_287_fu_12986_p2          |      icmp|   0|  0|   18|          11|           4|
    |icmp_ln17_288_fu_13129_p2          |      icmp|   0|  0|   70|          63|           1|
    |icmp_ln17_289_fu_13178_p2          |      icmp|   0|  0|   19|          12|           3|
    |icmp_ln17_28_fu_1413_p2            |      icmp|   0|  0|   19|          12|           6|
    |icmp_ln17_290_fu_13205_p2          |      icmp|   0|  0|   19|          12|           3|
    |icmp_ln17_291_fu_13214_p2          |      icmp|   0|  0|   18|          11|           6|
    |icmp_ln17_292_fu_13249_p2          |      icmp|   0|  0|   19|          12|           6|
    |icmp_ln17_293_fu_13255_p2          |      icmp|   0|  0|   18|          11|           4|
    |icmp_ln17_294_fu_13398_p2          |      icmp|   0|  0|   70|          63|           1|
    |icmp_ln17_295_fu_13447_p2          |      icmp|   0|  0|   19|          12|           3|
    |icmp_ln17_296_fu_13474_p2          |      icmp|   0|  0|   19|          12|           3|
    |icmp_ln17_297_fu_13483_p2          |      icmp|   0|  0|   18|          11|           6|
    |icmp_ln17_298_fu_13518_p2          |      icmp|   0|  0|   19|          12|           6|
    |icmp_ln17_299_fu_13524_p2          |      icmp|   0|  0|   18|          11|           4|
    |icmp_ln17_29_fu_1419_p2            |      icmp|   0|  0|   18|          11|           4|
    |icmp_ln17_2_fu_293_p2              |      icmp|   0|  0|   19|          12|           3|
    |icmp_ln17_300_fu_13667_p2          |      icmp|   0|  0|   70|          63|           1|
    |icmp_ln17_301_fu_13716_p2          |      icmp|   0|  0|   19|          12|           3|
    |icmp_ln17_302_fu_13743_p2          |      icmp|   0|  0|   19|          12|           3|
    |icmp_ln17_303_fu_13752_p2          |      icmp|   0|  0|   18|          11|           6|
    |icmp_ln17_304_fu_13787_p2          |      icmp|   0|  0|   19|          12|           6|
    |icmp_ln17_305_fu_13793_p2          |      icmp|   0|  0|   18|          11|           4|
    |icmp_ln17_306_fu_13936_p2          |      icmp|   0|  0|   70|          63|           1|
    |icmp_ln17_307_fu_13985_p2          |      icmp|   0|  0|   19|          12|           3|
    |icmp_ln17_308_fu_14012_p2          |      icmp|   0|  0|   19|          12|           3|
    |icmp_ln17_309_fu_14021_p2          |      icmp|   0|  0|   18|          11|           6|
    |icmp_ln17_30_fu_1562_p2            |      icmp|   0|  0|   70|          63|           1|
    |icmp_ln17_310_fu_14056_p2          |      icmp|   0|  0|   19|          12|           6|
    |icmp_ln17_311_fu_14062_p2          |      icmp|   0|  0|   18|          11|           4|
    |icmp_ln17_312_fu_14205_p2          |      icmp|   0|  0|   70|          63|           1|
    |icmp_ln17_313_fu_14254_p2          |      icmp|   0|  0|   19|          12|           3|
    |icmp_ln17_314_fu_14281_p2          |      icmp|   0|  0|   19|          12|           3|
    |icmp_ln17_315_fu_14290_p2          |      icmp|   0|  0|   18|          11|           6|
    |icmp_ln17_316_fu_14325_p2          |      icmp|   0|  0|   19|          12|           6|
    |icmp_ln17_317_fu_14331_p2          |      icmp|   0|  0|   18|          11|           4|
    |icmp_ln17_318_fu_14474_p2          |      icmp|   0|  0|   70|          63|           1|
    |icmp_ln17_319_fu_14523_p2          |      icmp|   0|  0|   19|          12|           3|
    |icmp_ln17_31_fu_1611_p2            |      icmp|   0|  0|   19|          12|           3|
    |icmp_ln17_320_fu_14550_p2          |      icmp|   0|  0|   19|          12|           3|
    |icmp_ln17_321_fu_14559_p2          |      icmp|   0|  0|   18|          11|           6|
    |icmp_ln17_322_fu_14594_p2          |      icmp|   0|  0|   19|          12|           6|
    |icmp_ln17_323_fu_14600_p2          |      icmp|   0|  0|   18|          11|           4|
    |icmp_ln17_324_fu_14743_p2          |      icmp|   0|  0|   70|          63|           1|
    |icmp_ln17_325_fu_14792_p2          |      icmp|   0|  0|   19|          12|           3|
    |icmp_ln17_326_fu_14819_p2          |      icmp|   0|  0|   19|          12|           3|
    |icmp_ln17_327_fu_14828_p2          |      icmp|   0|  0|   18|          11|           6|
    |icmp_ln17_328_fu_14863_p2          |      icmp|   0|  0|   19|          12|           6|
    |icmp_ln17_329_fu_14869_p2          |      icmp|   0|  0|   18|          11|           4|
    |icmp_ln17_32_fu_1638_p2            |      icmp|   0|  0|   19|          12|           3|
    |icmp_ln17_330_fu_15012_p2          |      icmp|   0|  0|   70|          63|           1|
    |icmp_ln17_331_fu_15061_p2          |      icmp|   0|  0|   19|          12|           3|
    |icmp_ln17_332_fu_15088_p2          |      icmp|   0|  0|   19|          12|           3|
    |icmp_ln17_333_fu_15097_p2          |      icmp|   0|  0|   18|          11|           6|
    |icmp_ln17_334_fu_15132_p2          |      icmp|   0|  0|   19|          12|           6|
    |icmp_ln17_335_fu_15138_p2          |      icmp|   0|  0|   18|          11|           4|
    |icmp_ln17_336_fu_15281_p2          |      icmp|   0|  0|   70|          63|           1|
    |icmp_ln17_337_fu_15330_p2          |      icmp|   0|  0|   19|          12|           3|
    |icmp_ln17_338_fu_15357_p2          |      icmp|   0|  0|   19|          12|           3|
    |icmp_ln17_339_fu_15366_p2          |      icmp|   0|  0|   18|          11|           6|
    |icmp_ln17_33_fu_1647_p2            |      icmp|   0|  0|   18|          11|           6|
    |icmp_ln17_340_fu_15401_p2          |      icmp|   0|  0|   19|          12|           6|
    |icmp_ln17_341_fu_15407_p2          |      icmp|   0|  0|   18|          11|           4|
    |icmp_ln17_342_fu_15550_p2          |      icmp|   0|  0|   70|          63|           1|
    |icmp_ln17_343_fu_15599_p2          |      icmp|   0|  0|   19|          12|           3|
    |icmp_ln17_344_fu_15626_p2          |      icmp|   0|  0|   19|          12|           3|
    |icmp_ln17_345_fu_15635_p2          |      icmp|   0|  0|   18|          11|           6|
    |icmp_ln17_346_fu_15670_p2          |      icmp|   0|  0|   19|          12|           6|
    |icmp_ln17_347_fu_15676_p2          |      icmp|   0|  0|   18|          11|           4|
    |icmp_ln17_348_fu_15819_p2          |      icmp|   0|  0|   70|          63|           1|
    |icmp_ln17_349_fu_15868_p2          |      icmp|   0|  0|   19|          12|           3|
    |icmp_ln17_34_fu_1682_p2            |      icmp|   0|  0|   19|          12|           6|
    |icmp_ln17_350_fu_15895_p2          |      icmp|   0|  0|   19|          12|           3|
    |icmp_ln17_351_fu_15904_p2          |      icmp|   0|  0|   18|          11|           6|
    |icmp_ln17_352_fu_15939_p2          |      icmp|   0|  0|   19|          12|           6|
    |icmp_ln17_353_fu_15945_p2          |      icmp|   0|  0|   18|          11|           4|
    |icmp_ln17_354_fu_16088_p2          |      icmp|   0|  0|   70|          63|           1|
    |icmp_ln17_355_fu_16132_p2          |      icmp|   0|  0|   19|          12|           3|
    |icmp_ln17_356_fu_16159_p2          |      icmp|   0|  0|   19|          12|           3|
    |icmp_ln17_357_fu_16168_p2          |      icmp|   0|  0|   18|          11|           6|
    |icmp_ln17_358_fu_16203_p2          |      icmp|   0|  0|   19|          12|           6|
    |icmp_ln17_359_fu_16209_p2          |      icmp|   0|  0|   18|          11|           4|
    |icmp_ln17_35_fu_1688_p2            |      icmp|   0|  0|   18|          11|           4|
    |icmp_ln17_36_fu_1831_p2            |      icmp|   0|  0|   70|          63|           1|
    |icmp_ln17_37_fu_1880_p2            |      icmp|   0|  0|   19|          12|           3|
    |icmp_ln17_38_fu_1907_p2            |      icmp|   0|  0|   19|          12|           3|
    |icmp_ln17_39_fu_1916_p2            |      icmp|   0|  0|   18|          11|           6|
    |icmp_ln17_3_fu_302_p2              |      icmp|   0|  0|   18|          11|           6|
    |icmp_ln17_40_fu_1951_p2            |      icmp|   0|  0|   19|          12|           6|
    |icmp_ln17_41_fu_1957_p2            |      icmp|   0|  0|   18|          11|           4|
    |icmp_ln17_42_fu_2100_p2            |      icmp|   0|  0|   70|          63|           1|
    |icmp_ln17_43_fu_2149_p2            |      icmp|   0|  0|   19|          12|           3|
    |icmp_ln17_44_fu_2176_p2            |      icmp|   0|  0|   19|          12|           3|
    |icmp_ln17_45_fu_2185_p2            |      icmp|   0|  0|   18|          11|           6|
    |icmp_ln17_46_fu_2220_p2            |      icmp|   0|  0|   19|          12|           6|
    |icmp_ln17_47_fu_2226_p2            |      icmp|   0|  0|   18|          11|           4|
    |icmp_ln17_48_fu_2369_p2            |      icmp|   0|  0|   70|          63|           1|
    |icmp_ln17_49_fu_2418_p2            |      icmp|   0|  0|   19|          12|           3|
    |icmp_ln17_4_fu_337_p2              |      icmp|   0|  0|   19|          12|           6|
    |icmp_ln17_50_fu_2445_p2            |      icmp|   0|  0|   19|          12|           3|
    |icmp_ln17_51_fu_2454_p2            |      icmp|   0|  0|   18|          11|           6|
    |icmp_ln17_52_fu_2489_p2            |      icmp|   0|  0|   19|          12|           6|
    |icmp_ln17_53_fu_2495_p2            |      icmp|   0|  0|   18|          11|           4|
    |icmp_ln17_54_fu_2638_p2            |      icmp|   0|  0|   70|          63|           1|
    |icmp_ln17_55_fu_2687_p2            |      icmp|   0|  0|   19|          12|           3|
    |icmp_ln17_56_fu_2714_p2            |      icmp|   0|  0|   19|          12|           3|
    |icmp_ln17_57_fu_2723_p2            |      icmp|   0|  0|   18|          11|           6|
    |icmp_ln17_58_fu_2758_p2            |      icmp|   0|  0|   19|          12|           6|
    |icmp_ln17_59_fu_2764_p2            |      icmp|   0|  0|   18|          11|           4|
    |icmp_ln17_5_fu_343_p2              |      icmp|   0|  0|   18|          11|           4|
    |icmp_ln17_60_fu_2907_p2            |      icmp|   0|  0|   70|          63|           1|
    |icmp_ln17_61_fu_2956_p2            |      icmp|   0|  0|   19|          12|           3|
    |icmp_ln17_62_fu_2983_p2            |      icmp|   0|  0|   19|          12|           3|
    |icmp_ln17_63_fu_2992_p2            |      icmp|   0|  0|   18|          11|           6|
    |icmp_ln17_64_fu_3027_p2            |      icmp|   0|  0|   19|          12|           6|
    |icmp_ln17_65_fu_3033_p2            |      icmp|   0|  0|   18|          11|           4|
    |icmp_ln17_66_fu_3176_p2            |      icmp|   0|  0|   70|          63|           1|
    |icmp_ln17_67_fu_3225_p2            |      icmp|   0|  0|   19|          12|           3|
    |icmp_ln17_68_fu_3252_p2            |      icmp|   0|  0|   19|          12|           3|
    |icmp_ln17_69_fu_3261_p2            |      icmp|   0|  0|   18|          11|           6|
    |icmp_ln17_6_fu_486_p2              |      icmp|   0|  0|   70|          63|           1|
    |icmp_ln17_70_fu_3296_p2            |      icmp|   0|  0|   19|          12|           6|
    |icmp_ln17_71_fu_3302_p2            |      icmp|   0|  0|   18|          11|           4|
    |icmp_ln17_72_fu_3445_p2            |      icmp|   0|  0|   70|          63|           1|
    |icmp_ln17_73_fu_3494_p2            |      icmp|   0|  0|   19|          12|           3|
    |icmp_ln17_74_fu_3521_p2            |      icmp|   0|  0|   19|          12|           3|
    |icmp_ln17_75_fu_3530_p2            |      icmp|   0|  0|   18|          11|           6|
    |icmp_ln17_76_fu_3565_p2            |      icmp|   0|  0|   19|          12|           6|
    |icmp_ln17_77_fu_3571_p2            |      icmp|   0|  0|   18|          11|           4|
    |icmp_ln17_78_fu_3714_p2            |      icmp|   0|  0|   70|          63|           1|
    |icmp_ln17_79_fu_3763_p2            |      icmp|   0|  0|   19|          12|           3|
    |icmp_ln17_7_fu_535_p2              |      icmp|   0|  0|   19|          12|           3|
    |icmp_ln17_80_fu_3790_p2            |      icmp|   0|  0|   19|          12|           3|
    |icmp_ln17_81_fu_3799_p2            |      icmp|   0|  0|   18|          11|           6|
    |icmp_ln17_82_fu_3834_p2            |      icmp|   0|  0|   19|          12|           6|
    |icmp_ln17_83_fu_3840_p2            |      icmp|   0|  0|   18|          11|           4|
    |icmp_ln17_84_fu_3983_p2            |      icmp|   0|  0|   70|          63|           1|
    |icmp_ln17_85_fu_4032_p2            |      icmp|   0|  0|   19|          12|           3|
    |icmp_ln17_86_fu_4059_p2            |      icmp|   0|  0|   19|          12|           3|
    |icmp_ln17_87_fu_4068_p2            |      icmp|   0|  0|   18|          11|           6|
    |icmp_ln17_88_fu_4103_p2            |      icmp|   0|  0|   19|          12|           6|
    |icmp_ln17_89_fu_4109_p2            |      icmp|   0|  0|   18|          11|           4|
    |icmp_ln17_8_fu_562_p2              |      icmp|   0|  0|   19|          12|           3|
    |icmp_ln17_90_fu_4252_p2            |      icmp|   0|  0|   70|          63|           1|
    |icmp_ln17_91_fu_4301_p2            |      icmp|   0|  0|   19|          12|           3|
    |icmp_ln17_92_fu_4328_p2            |      icmp|   0|  0|   19|          12|           3|
    |icmp_ln17_93_fu_4337_p2            |      icmp|   0|  0|   18|          11|           6|
    |icmp_ln17_94_fu_4372_p2            |      icmp|   0|  0|   19|          12|           6|
    |icmp_ln17_95_fu_4378_p2            |      icmp|   0|  0|   18|          11|           4|
    |icmp_ln17_96_fu_4521_p2            |      icmp|   0|  0|   70|          63|           1|
    |icmp_ln17_97_fu_4570_p2            |      icmp|   0|  0|   19|          12|           3|
    |icmp_ln17_98_fu_4597_p2            |      icmp|   0|  0|   19|          12|           3|
    |icmp_ln17_99_fu_4606_p2            |      icmp|   0|  0|   18|          11|           6|
    |icmp_ln17_9_fu_571_p2              |      icmp|   0|  0|   18|          11|           6|
    |icmp_ln17_fu_217_p2                |      icmp|   0|  0|   70|          63|           1|
    |ap_block_pp0_stage4_01001          |        or|   0|  0|    2|           1|           1|
    |or_ln17_10_fu_3094_p2              |        or|   0|  0|    2|           1|           1|
    |or_ln17_11_fu_3363_p2              |        or|   0|  0|    2|           1|           1|
    |or_ln17_12_fu_3632_p2              |        or|   0|  0|    2|           1|           1|
    |or_ln17_13_fu_3901_p2              |        or|   0|  0|    2|           1|           1|
    |or_ln17_14_fu_4170_p2              |        or|   0|  0|    2|           1|           1|
    |or_ln17_15_fu_4439_p2              |        or|   0|  0|    2|           1|           1|
    |or_ln17_16_fu_4708_p2              |        or|   0|  0|    2|           1|           1|
    |or_ln17_17_fu_4977_p2              |        or|   0|  0|    2|           1|           1|
    |or_ln17_18_fu_5246_p2              |        or|   0|  0|    2|           1|           1|
    |or_ln17_19_fu_5515_p2              |        or|   0|  0|    2|           1|           1|
    |or_ln17_1_fu_673_p2                |        or|   0|  0|    2|           1|           1|
    |or_ln17_20_fu_5784_p2              |        or|   0|  0|    2|           1|           1|
    |or_ln17_21_fu_6053_p2              |        or|   0|  0|    2|           1|           1|
    |or_ln17_22_fu_6322_p2              |        or|   0|  0|    2|           1|           1|
    |or_ln17_23_fu_6591_p2              |        or|   0|  0|    2|           1|           1|
    |or_ln17_24_fu_6860_p2              |        or|   0|  0|    2|           1|           1|
    |or_ln17_25_fu_7129_p2              |        or|   0|  0|    2|           1|           1|
    |or_ln17_26_fu_7398_p2              |        or|   0|  0|    2|           1|           1|
    |or_ln17_27_fu_7667_p2              |        or|   0|  0|    2|           1|           1|
    |or_ln17_28_fu_7936_p2              |        or|   0|  0|    2|           1|           1|
    |or_ln17_29_fu_8205_p2              |        or|   0|  0|    2|           1|           1|
    |or_ln17_2_fu_942_p2                |        or|   0|  0|    2|           1|           1|
    |or_ln17_30_fu_8474_p2              |        or|   0|  0|    2|           1|           1|
    |or_ln17_31_fu_8743_p2              |        or|   0|  0|    2|           1|           1|
    |or_ln17_32_fu_9012_p2              |        or|   0|  0|    2|           1|           1|
    |or_ln17_33_fu_9281_p2              |        or|   0|  0|    2|           1|           1|
    |or_ln17_34_fu_9550_p2              |        or|   0|  0|    2|           1|           1|
    |or_ln17_35_fu_9819_p2              |        or|   0|  0|    2|           1|           1|
    |or_ln17_36_fu_10088_p2             |        or|   0|  0|    2|           1|           1|
    |or_ln17_37_fu_10357_p2             |        or|   0|  0|    2|           1|           1|
    |or_ln17_38_fu_10626_p2             |        or|   0|  0|    2|           1|           1|
    |or_ln17_39_fu_10895_p2             |        or|   0|  0|    2|           1|           1|
    |or_ln17_3_fu_1211_p2               |        or|   0|  0|    2|           1|           1|
    |or_ln17_40_fu_11164_p2             |        or|   0|  0|    2|           1|           1|
    |or_ln17_41_fu_11433_p2             |        or|   0|  0|    2|           1|           1|
    |or_ln17_42_fu_11702_p2             |        or|   0|  0|    2|           1|           1|
    |or_ln17_43_fu_11971_p2             |        or|   0|  0|    2|           1|           1|
    |or_ln17_44_fu_12240_p2             |        or|   0|  0|    2|           1|           1|
    |or_ln17_45_fu_12509_p2             |        or|   0|  0|    2|           1|           1|
    |or_ln17_46_fu_12778_p2             |        or|   0|  0|    2|           1|           1|
    |or_ln17_47_fu_13047_p2             |        or|   0|  0|    2|           1|           1|
    |or_ln17_48_fu_13316_p2             |        or|   0|  0|    2|           1|           1|
    |or_ln17_49_fu_13585_p2             |        or|   0|  0|    2|           1|           1|
    |or_ln17_4_fu_1480_p2               |        or|   0|  0|    2|           1|           1|
    |or_ln17_50_fu_13854_p2             |        or|   0|  0|    2|           1|           1|
    |or_ln17_51_fu_14123_p2             |        or|   0|  0|    2|           1|           1|
    |or_ln17_52_fu_14392_p2             |        or|   0|  0|    2|           1|           1|
    |or_ln17_53_fu_14661_p2             |        or|   0|  0|    2|           1|           1|
    |or_ln17_54_fu_14930_p2             |        or|   0|  0|    2|           1|           1|
    |or_ln17_55_fu_15199_p2             |        or|   0|  0|    2|           1|           1|
    |or_ln17_56_fu_15468_p2             |        or|   0|  0|    2|           1|           1|
    |or_ln17_57_fu_15737_p2             |        or|   0|  0|    2|           1|           1|
    |or_ln17_58_fu_16006_p2             |        or|   0|  0|    2|           1|           1|
    |or_ln17_59_fu_16270_p2             |        or|   0|  0|    2|           1|           1|
    |or_ln17_5_fu_1749_p2               |        or|   0|  0|    2|           1|           1|
    |or_ln17_6_fu_2018_p2               |        or|   0|  0|    2|           1|           1|
    |or_ln17_7_fu_2287_p2               |        or|   0|  0|    2|           1|           1|
    |or_ln17_8_fu_2556_p2               |        or|   0|  0|    2|           1|           1|
    |or_ln17_9_fu_2825_p2               |        or|   0|  0|    2|           1|           1|
    |or_ln17_fu_404_p2                  |        or|   0|  0|    2|           1|           1|
    |cond63_i_10_i_fu_3066_p3           |    select|   0|  0|    2|           1|           1|
    |cond63_i_11_i_fu_3335_p3           |    select|   0|  0|    2|           1|           1|
    |cond63_i_12_i_fu_3604_p3           |    select|   0|  0|    2|           1|           1|
    |cond63_i_13_i_fu_3873_p3           |    select|   0|  0|    2|           1|           1|
    |cond63_i_14_i_fu_4142_p3           |    select|   0|  0|    2|           1|           1|
    |cond63_i_15_i_fu_4411_p3           |    select|   0|  0|    2|           1|           1|
    |cond63_i_16_i_fu_4680_p3           |    select|   0|  0|    2|           1|           1|
    |cond63_i_17_i_fu_4949_p3           |    select|   0|  0|    2|           1|           1|
    |cond63_i_18_i_fu_5218_p3           |    select|   0|  0|    2|           1|           1|
    |cond63_i_19_i_fu_5487_p3           |    select|   0|  0|    2|           1|           1|
    |cond63_i_1_i_fu_645_p3             |    select|   0|  0|    2|           1|           1|
    |cond63_i_20_i_fu_5756_p3           |    select|   0|  0|    2|           1|           1|
    |cond63_i_21_i_fu_6025_p3           |    select|   0|  0|    2|           1|           1|
    |cond63_i_22_i_fu_6294_p3           |    select|   0|  0|    2|           1|           1|
    |cond63_i_23_i_fu_6563_p3           |    select|   0|  0|    2|           1|           1|
    |cond63_i_24_i_fu_6832_p3           |    select|   0|  0|    2|           1|           1|
    |cond63_i_25_i_fu_7101_p3           |    select|   0|  0|    2|           1|           1|
    |cond63_i_26_i_fu_7370_p3           |    select|   0|  0|    2|           1|           1|
    |cond63_i_27_i_fu_7639_p3           |    select|   0|  0|    2|           1|           1|
    |cond63_i_28_i_fu_7908_p3           |    select|   0|  0|    2|           1|           1|
    |cond63_i_29_i_fu_8177_p3           |    select|   0|  0|    2|           1|           1|
    |cond63_i_2_i_fu_914_p3             |    select|   0|  0|    2|           1|           1|
    |cond63_i_30_i_fu_8446_p3           |    select|   0|  0|    2|           1|           1|
    |cond63_i_31_i_fu_8715_p3           |    select|   0|  0|    2|           1|           1|
    |cond63_i_32_i_fu_8984_p3           |    select|   0|  0|    2|           1|           1|
    |cond63_i_33_i_fu_9253_p3           |    select|   0|  0|    2|           1|           1|
    |cond63_i_34_i_fu_9522_p3           |    select|   0|  0|    2|           1|           1|
    |cond63_i_35_i_fu_9791_p3           |    select|   0|  0|    2|           1|           1|
    |cond63_i_36_i_fu_10060_p3          |    select|   0|  0|    2|           1|           1|
    |cond63_i_37_i_fu_10329_p3          |    select|   0|  0|    2|           1|           1|
    |cond63_i_38_i_fu_10598_p3          |    select|   0|  0|    2|           1|           1|
    |cond63_i_39_i_fu_10867_p3          |    select|   0|  0|    2|           1|           1|
    |cond63_i_3_i_fu_1183_p3            |    select|   0|  0|    2|           1|           1|
    |cond63_i_40_i_fu_11136_p3          |    select|   0|  0|    2|           1|           1|
    |cond63_i_41_i_fu_11405_p3          |    select|   0|  0|    2|           1|           1|
    |cond63_i_42_i_fu_11674_p3          |    select|   0|  0|    2|           1|           1|
    |cond63_i_43_i_fu_11943_p3          |    select|   0|  0|    2|           1|           1|
    |cond63_i_44_i_fu_12212_p3          |    select|   0|  0|    2|           1|           1|
    |cond63_i_45_i_fu_12481_p3          |    select|   0|  0|    2|           1|           1|
    |cond63_i_46_i_fu_12750_p3          |    select|   0|  0|    2|           1|           1|
    |cond63_i_47_i_fu_13019_p3          |    select|   0|  0|    2|           1|           1|
    |cond63_i_48_i_fu_13288_p3          |    select|   0|  0|    2|           1|           1|
    |cond63_i_49_i_fu_13557_p3          |    select|   0|  0|    2|           1|           1|
    |cond63_i_4_i_fu_1452_p3            |    select|   0|  0|    2|           1|           1|
    |cond63_i_50_i_fu_13826_p3          |    select|   0|  0|    2|           1|           1|
    |cond63_i_51_i_fu_14095_p3          |    select|   0|  0|    2|           1|           1|
    |cond63_i_52_i_fu_14364_p3          |    select|   0|  0|    2|           1|           1|
    |cond63_i_53_i_fu_14633_p3          |    select|   0|  0|    2|           1|           1|
    |cond63_i_54_i_fu_14902_p3          |    select|   0|  0|    2|           1|           1|
    |cond63_i_55_i_fu_15171_p3          |    select|   0|  0|    2|           1|           1|
    |cond63_i_56_i_fu_15440_p3          |    select|   0|  0|    2|           1|           1|
    |cond63_i_57_i_fu_15709_p3          |    select|   0|  0|    2|           1|           1|
    |cond63_i_58_i_fu_15978_p3          |    select|   0|  0|    2|           1|           1|
    |cond63_i_59_i_fu_16242_p3          |    select|   0|  0|    2|           1|           1|
    |cond63_i_5_i_fu_1721_p3            |    select|   0|  0|    2|           1|           1|
    |cond63_i_6_i_fu_1990_p3            |    select|   0|  0|    2|           1|           1|
    |cond63_i_7_i_fu_2259_p3            |    select|   0|  0|    2|           1|           1|
    |cond63_i_8_i_fu_2528_p3            |    select|   0|  0|    2|           1|           1|
    |cond63_i_9_i_fu_2797_p3            |    select|   0|  0|    2|           1|           1|
    |cond63_i_i_fu_376_p3               |    select|   0|  0|    2|           1|           1|
    |select_ln17_100_fu_6984_p3         |    select|   0|  0|   52|           1|          54|
    |select_ln17_101_fu_7010_p3         |    select|   0|  0|   10|           1|          11|
    |select_ln17_102_fu_7054_p3         |    select|   0|  0|   10|           1|          11|
    |select_ln17_104_fu_7253_p3         |    select|   0|  0|   52|           1|          54|
    |select_ln17_105_fu_7279_p3         |    select|   0|  0|   10|           1|          11|
    |select_ln17_106_fu_7323_p3         |    select|   0|  0|   10|           1|          11|
    |select_ln17_108_fu_7522_p3         |    select|   0|  0|   52|           1|          54|
    |select_ln17_109_fu_7548_p3         |    select|   0|  0|   10|           1|          11|
    |select_ln17_10_fu_867_p3           |    select|   0|  0|   10|           1|          11|
    |select_ln17_110_fu_7592_p3         |    select|   0|  0|   10|           1|          11|
    |select_ln17_112_fu_7791_p3         |    select|   0|  0|   52|           1|          54|
    |select_ln17_113_fu_7817_p3         |    select|   0|  0|   10|           1|          11|
    |select_ln17_114_fu_7861_p3         |    select|   0|  0|   10|           1|          11|
    |select_ln17_116_fu_8060_p3         |    select|   0|  0|   52|           1|          54|
    |select_ln17_117_fu_8086_p3         |    select|   0|  0|   10|           1|          11|
    |select_ln17_118_fu_8130_p3         |    select|   0|  0|   10|           1|          11|
    |select_ln17_120_fu_8329_p3         |    select|   0|  0|   52|           1|          54|
    |select_ln17_121_fu_8355_p3         |    select|   0|  0|   10|           1|          11|
    |select_ln17_122_fu_8399_p3         |    select|   0|  0|   10|           1|          11|
    |select_ln17_124_fu_8598_p3         |    select|   0|  0|   52|           1|          54|
    |select_ln17_125_fu_8624_p3         |    select|   0|  0|   10|           1|          11|
    |select_ln17_126_fu_8668_p3         |    select|   0|  0|   10|           1|          11|
    |select_ln17_128_fu_8867_p3         |    select|   0|  0|   52|           1|          54|
    |select_ln17_129_fu_8893_p3         |    select|   0|  0|   10|           1|          11|
    |select_ln17_12_fu_1066_p3          |    select|   0|  0|   52|           1|          54|
    |select_ln17_130_fu_8937_p3         |    select|   0|  0|   10|           1|          11|
    |select_ln17_132_fu_9136_p3         |    select|   0|  0|   52|           1|          54|
    |select_ln17_133_fu_9162_p3         |    select|   0|  0|   10|           1|          11|
    |select_ln17_134_fu_9206_p3         |    select|   0|  0|   10|           1|          11|
    |select_ln17_136_fu_9405_p3         |    select|   0|  0|   52|           1|          54|
    |select_ln17_137_fu_9431_p3         |    select|   0|  0|   10|           1|          11|
    |select_ln17_138_fu_9475_p3         |    select|   0|  0|   10|           1|          11|
    |select_ln17_13_fu_1092_p3          |    select|   0|  0|   10|           1|          11|
    |select_ln17_140_fu_9674_p3         |    select|   0|  0|   52|           1|          54|
    |select_ln17_141_fu_9700_p3         |    select|   0|  0|   10|           1|          11|
    |select_ln17_142_fu_9744_p3         |    select|   0|  0|   10|           1|          11|
    |select_ln17_144_fu_9943_p3         |    select|   0|  0|   52|           1|          54|
    |select_ln17_145_fu_9969_p3         |    select|   0|  0|   10|           1|          11|
    |select_ln17_146_fu_10013_p3        |    select|   0|  0|   10|           1|          11|
    |select_ln17_148_fu_10212_p3        |    select|   0|  0|   52|           1|          54|
    |select_ln17_149_fu_10238_p3        |    select|   0|  0|   10|           1|          11|
    |select_ln17_14_fu_1136_p3          |    select|   0|  0|   10|           1|          11|
    |select_ln17_150_fu_10282_p3        |    select|   0|  0|   10|           1|          11|
    |select_ln17_152_fu_10481_p3        |    select|   0|  0|   52|           1|          54|
    |select_ln17_153_fu_10507_p3        |    select|   0|  0|   10|           1|          11|
    |select_ln17_154_fu_10551_p3        |    select|   0|  0|   10|           1|          11|
    |select_ln17_156_fu_10750_p3        |    select|   0|  0|   52|           1|          54|
    |select_ln17_157_fu_10776_p3        |    select|   0|  0|   10|           1|          11|
    |select_ln17_158_fu_10820_p3        |    select|   0|  0|   10|           1|          11|
    |select_ln17_160_fu_11019_p3        |    select|   0|  0|   52|           1|          54|
    |select_ln17_161_fu_11045_p3        |    select|   0|  0|   10|           1|          11|
    |select_ln17_162_fu_11089_p3        |    select|   0|  0|   10|           1|          11|
    |select_ln17_164_fu_11288_p3        |    select|   0|  0|   52|           1|          54|
    |select_ln17_165_fu_11314_p3        |    select|   0|  0|   10|           1|          11|
    |select_ln17_166_fu_11358_p3        |    select|   0|  0|   10|           1|          11|
    |select_ln17_168_fu_11557_p3        |    select|   0|  0|   52|           1|          54|
    |select_ln17_169_fu_11583_p3        |    select|   0|  0|   10|           1|          11|
    |select_ln17_16_fu_1335_p3          |    select|   0|  0|   52|           1|          54|
    |select_ln17_170_fu_11627_p3        |    select|   0|  0|   10|           1|          11|
    |select_ln17_172_fu_11826_p3        |    select|   0|  0|   52|           1|          54|
    |select_ln17_173_fu_11852_p3        |    select|   0|  0|   10|           1|          11|
    |select_ln17_174_fu_11896_p3        |    select|   0|  0|   10|           1|          11|
    |select_ln17_176_fu_12095_p3        |    select|   0|  0|   52|           1|          54|
    |select_ln17_177_fu_12121_p3        |    select|   0|  0|   10|           1|          11|
    |select_ln17_178_fu_12165_p3        |    select|   0|  0|   10|           1|          11|
    |select_ln17_17_fu_1361_p3          |    select|   0|  0|   10|           1|          11|
    |select_ln17_180_fu_12364_p3        |    select|   0|  0|   52|           1|          54|
    |select_ln17_181_fu_12390_p3        |    select|   0|  0|   10|           1|          11|
    |select_ln17_182_fu_12434_p3        |    select|   0|  0|   10|           1|          11|
    |select_ln17_184_fu_12633_p3        |    select|   0|  0|   52|           1|          54|
    |select_ln17_185_fu_12659_p3        |    select|   0|  0|   10|           1|          11|
    |select_ln17_186_fu_12703_p3        |    select|   0|  0|   10|           1|          11|
    |select_ln17_188_fu_12902_p3        |    select|   0|  0|   52|           1|          54|
    |select_ln17_189_fu_12928_p3        |    select|   0|  0|   10|           1|          11|
    |select_ln17_18_fu_1405_p3          |    select|   0|  0|   10|           1|          11|
    |select_ln17_190_fu_12972_p3        |    select|   0|  0|   10|           1|          11|
    |select_ln17_192_fu_13171_p3        |    select|   0|  0|   52|           1|          54|
    |select_ln17_193_fu_13197_p3        |    select|   0|  0|   10|           1|          11|
    |select_ln17_194_fu_13241_p3        |    select|   0|  0|   10|           1|          11|
    |select_ln17_196_fu_13440_p3        |    select|   0|  0|   52|           1|          54|
    |select_ln17_197_fu_13466_p3        |    select|   0|  0|   10|           1|          11|
    |select_ln17_198_fu_13510_p3        |    select|   0|  0|   10|           1|          11|
    |select_ln17_1_fu_285_p3            |    select|   0|  0|   10|           1|          11|
    |select_ln17_200_fu_13709_p3        |    select|   0|  0|   52|           1|          54|
    |select_ln17_201_fu_13735_p3        |    select|   0|  0|   10|           1|          11|
    |select_ln17_202_fu_13779_p3        |    select|   0|  0|   10|           1|          11|
    |select_ln17_204_fu_13978_p3        |    select|   0|  0|   52|           1|          54|
    |select_ln17_205_fu_14004_p3        |    select|   0|  0|   10|           1|          11|
    |select_ln17_206_fu_14048_p3        |    select|   0|  0|   10|           1|          11|
    |select_ln17_208_fu_14247_p3        |    select|   0|  0|   52|           1|          54|
    |select_ln17_209_fu_14273_p3        |    select|   0|  0|   10|           1|          11|
    |select_ln17_20_fu_1604_p3          |    select|   0|  0|   52|           1|          54|
    |select_ln17_210_fu_14317_p3        |    select|   0|  0|   10|           1|          11|
    |select_ln17_212_fu_14516_p3        |    select|   0|  0|   52|           1|          54|
    |select_ln17_213_fu_14542_p3        |    select|   0|  0|   10|           1|          11|
    |select_ln17_214_fu_14586_p3        |    select|   0|  0|   10|           1|          11|
    |select_ln17_216_fu_14785_p3        |    select|   0|  0|   52|           1|          54|
    |select_ln17_217_fu_14811_p3        |    select|   0|  0|   10|           1|          11|
    |select_ln17_218_fu_14855_p3        |    select|   0|  0|   10|           1|          11|
    |select_ln17_21_fu_1630_p3          |    select|   0|  0|   10|           1|          11|
    |select_ln17_220_fu_15054_p3        |    select|   0|  0|   52|           1|          54|
    |select_ln17_221_fu_15080_p3        |    select|   0|  0|   10|           1|          11|
    |select_ln17_222_fu_15124_p3        |    select|   0|  0|   10|           1|          11|
    |select_ln17_224_fu_15323_p3        |    select|   0|  0|   52|           1|          54|
    |select_ln17_225_fu_15349_p3        |    select|   0|  0|   10|           1|          11|
    |select_ln17_226_fu_15393_p3        |    select|   0|  0|   10|           1|          11|
    |select_ln17_228_fu_15592_p3        |    select|   0|  0|   52|           1|          54|
    |select_ln17_229_fu_15618_p3        |    select|   0|  0|   10|           1|          11|
    |select_ln17_22_fu_1674_p3          |    select|   0|  0|   10|           1|          11|
    |select_ln17_230_fu_15662_p3        |    select|   0|  0|   10|           1|          11|
    |select_ln17_232_fu_15861_p3        |    select|   0|  0|   52|           1|          54|
    |select_ln17_233_fu_15887_p3        |    select|   0|  0|   10|           1|          11|
    |select_ln17_234_fu_15931_p3        |    select|   0|  0|   10|           1|          11|
    |select_ln17_236_fu_16125_p3        |    select|   0|  0|   52|           1|          54|
    |select_ln17_237_fu_16151_p3        |    select|   0|  0|   10|           1|          11|
    |select_ln17_238_fu_16195_p3        |    select|   0|  0|   10|           1|          11|
    |select_ln17_240_fu_308_p3          |    select|   0|  0|    2|           1|           2|
    |select_ln17_241_fu_577_p3          |    select|   0|  0|    2|           1|           2|
    |select_ln17_242_fu_846_p3          |    select|   0|  0|    2|           1|           2|
    |select_ln17_243_fu_1115_p3         |    select|   0|  0|    2|           1|           2|
    |select_ln17_244_fu_1384_p3         |    select|   0|  0|    2|           1|           2|
    |select_ln17_245_fu_1653_p3         |    select|   0|  0|    2|           1|           2|
    |select_ln17_246_fu_1922_p3         |    select|   0|  0|    2|           1|           2|
    |select_ln17_247_fu_2191_p3         |    select|   0|  0|    2|           1|           2|
    |select_ln17_248_fu_2460_p3         |    select|   0|  0|    2|           1|           2|
    |select_ln17_249_fu_2729_p3         |    select|   0|  0|    2|           1|           2|
    |select_ln17_24_fu_1873_p3          |    select|   0|  0|   52|           1|          54|
    |select_ln17_250_fu_2998_p3         |    select|   0|  0|    2|           1|           2|
    |select_ln17_251_fu_3267_p3         |    select|   0|  0|    2|           1|           2|
    |select_ln17_252_fu_3536_p3         |    select|   0|  0|    2|           1|           2|
    |select_ln17_253_fu_3805_p3         |    select|   0|  0|    2|           1|           2|
    |select_ln17_254_fu_4074_p3         |    select|   0|  0|    2|           1|           2|
    |select_ln17_255_fu_4343_p3         |    select|   0|  0|    2|           1|           2|
    |select_ln17_256_fu_4612_p3         |    select|   0|  0|    2|           1|           2|
    |select_ln17_257_fu_4881_p3         |    select|   0|  0|    2|           1|           2|
    |select_ln17_258_fu_5150_p3         |    select|   0|  0|    2|           1|           2|
    |select_ln17_259_fu_5419_p3         |    select|   0|  0|    2|           1|           2|
    |select_ln17_25_fu_1899_p3          |    select|   0|  0|   10|           1|          11|
    |select_ln17_260_fu_5688_p3         |    select|   0|  0|    2|           1|           2|
    |select_ln17_261_fu_5957_p3         |    select|   0|  0|    2|           1|           2|
    |select_ln17_262_fu_6226_p3         |    select|   0|  0|    2|           1|           2|
    |select_ln17_263_fu_6495_p3         |    select|   0|  0|    2|           1|           2|
    |select_ln17_264_fu_6764_p3         |    select|   0|  0|    2|           1|           2|
    |select_ln17_265_fu_7033_p3         |    select|   0|  0|    2|           1|           2|
    |select_ln17_266_fu_7302_p3         |    select|   0|  0|    2|           1|           2|
    |select_ln17_267_fu_7571_p3         |    select|   0|  0|    2|           1|           2|
    |select_ln17_268_fu_7840_p3         |    select|   0|  0|    2|           1|           2|
    |select_ln17_269_fu_8109_p3         |    select|   0|  0|    2|           1|           2|
    |select_ln17_26_fu_1943_p3          |    select|   0|  0|   10|           1|          11|
    |select_ln17_270_fu_8378_p3         |    select|   0|  0|    2|           1|           2|
    |select_ln17_271_fu_8647_p3         |    select|   0|  0|    2|           1|           2|
    |select_ln17_272_fu_8916_p3         |    select|   0|  0|    2|           1|           2|
    |select_ln17_273_fu_9185_p3         |    select|   0|  0|    2|           1|           2|
    |select_ln17_274_fu_9454_p3         |    select|   0|  0|    2|           1|           2|
    |select_ln17_275_fu_9723_p3         |    select|   0|  0|    2|           1|           2|
    |select_ln17_276_fu_9992_p3         |    select|   0|  0|    2|           1|           2|
    |select_ln17_277_fu_10261_p3        |    select|   0|  0|    2|           1|           2|
    |select_ln17_278_fu_10530_p3        |    select|   0|  0|    2|           1|           2|
    |select_ln17_279_fu_10799_p3        |    select|   0|  0|    2|           1|           2|
    |select_ln17_280_fu_11068_p3        |    select|   0|  0|    2|           1|           2|
    |select_ln17_281_fu_11337_p3        |    select|   0|  0|    2|           1|           2|
    |select_ln17_282_fu_11606_p3        |    select|   0|  0|    2|           1|           2|
    |select_ln17_283_fu_11875_p3        |    select|   0|  0|    2|           1|           2|
    |select_ln17_284_fu_12144_p3        |    select|   0|  0|    2|           1|           2|
    |select_ln17_285_fu_12413_p3        |    select|   0|  0|    2|           1|           2|
    |select_ln17_286_fu_12682_p3        |    select|   0|  0|    2|           1|           2|
    |select_ln17_287_fu_12951_p3        |    select|   0|  0|    2|           1|           2|
    |select_ln17_288_fu_13220_p3        |    select|   0|  0|    2|           1|           2|
    |select_ln17_289_fu_13489_p3        |    select|   0|  0|    2|           1|           2|
    |select_ln17_28_fu_2142_p3          |    select|   0|  0|   52|           1|          54|
    |select_ln17_290_fu_13758_p3        |    select|   0|  0|    2|           1|           2|
    |select_ln17_291_fu_14027_p3        |    select|   0|  0|    2|           1|           2|
    |select_ln17_292_fu_14296_p3        |    select|   0|  0|    2|           1|           2|
    |select_ln17_293_fu_14565_p3        |    select|   0|  0|    2|           1|           2|
    |select_ln17_294_fu_14834_p3        |    select|   0|  0|    2|           1|           2|
    |select_ln17_295_fu_15103_p3        |    select|   0|  0|    2|           1|           2|
    |select_ln17_296_fu_15372_p3        |    select|   0|  0|    2|           1|           2|
    |select_ln17_297_fu_15641_p3        |    select|   0|  0|    2|           1|           2|
    |select_ln17_298_fu_15910_p3        |    select|   0|  0|    2|           1|           2|
    |select_ln17_299_fu_16174_p3        |    select|   0|  0|    2|           1|           2|
    |select_ln17_29_fu_2168_p3          |    select|   0|  0|   10|           1|          11|
    |select_ln17_2_fu_329_p3            |    select|   0|  0|   10|           1|          11|
    |select_ln17_30_fu_2212_p3          |    select|   0|  0|   10|           1|          11|
    |select_ln17_32_fu_2411_p3          |    select|   0|  0|   52|           1|          54|
    |select_ln17_33_fu_2437_p3          |    select|   0|  0|   10|           1|          11|
    |select_ln17_34_fu_2481_p3          |    select|   0|  0|   10|           1|          11|
    |select_ln17_36_fu_2680_p3          |    select|   0|  0|   52|           1|          54|
    |select_ln17_37_fu_2706_p3          |    select|   0|  0|   10|           1|          11|
    |select_ln17_38_fu_2750_p3          |    select|   0|  0|   10|           1|          11|
    |select_ln17_40_fu_2949_p3          |    select|   0|  0|   52|           1|          54|
    |select_ln17_41_fu_2975_p3          |    select|   0|  0|   10|           1|          11|
    |select_ln17_42_fu_3019_p3          |    select|   0|  0|   10|           1|          11|
    |select_ln17_44_fu_3218_p3          |    select|   0|  0|   52|           1|          54|
    |select_ln17_45_fu_3244_p3          |    select|   0|  0|   10|           1|          11|
    |select_ln17_46_fu_3288_p3          |    select|   0|  0|   10|           1|          11|
    |select_ln17_48_fu_3487_p3          |    select|   0|  0|   52|           1|          54|
    |select_ln17_49_fu_3513_p3          |    select|   0|  0|   10|           1|          11|
    |select_ln17_4_fu_528_p3            |    select|   0|  0|   52|           1|          54|
    |select_ln17_50_fu_3557_p3          |    select|   0|  0|   10|           1|          11|
    |select_ln17_52_fu_3756_p3          |    select|   0|  0|   52|           1|          54|
    |select_ln17_53_fu_3782_p3          |    select|   0|  0|   10|           1|          11|
    |select_ln17_54_fu_3826_p3          |    select|   0|  0|   10|           1|          11|
    |select_ln17_56_fu_4025_p3          |    select|   0|  0|   52|           1|          54|
    |select_ln17_57_fu_4051_p3          |    select|   0|  0|   10|           1|          11|
    |select_ln17_58_fu_4095_p3          |    select|   0|  0|   10|           1|          11|
    |select_ln17_5_fu_554_p3            |    select|   0|  0|   10|           1|          11|
    |select_ln17_60_fu_4294_p3          |    select|   0|  0|   52|           1|          54|
    |select_ln17_61_fu_4320_p3          |    select|   0|  0|   10|           1|          11|
    |select_ln17_62_fu_4364_p3          |    select|   0|  0|   10|           1|          11|
    |select_ln17_64_fu_4563_p3          |    select|   0|  0|   52|           1|          54|
    |select_ln17_65_fu_4589_p3          |    select|   0|  0|   10|           1|          11|
    |select_ln17_66_fu_4633_p3          |    select|   0|  0|   10|           1|          11|
    |select_ln17_68_fu_4832_p3          |    select|   0|  0|   52|           1|          54|
    |select_ln17_69_fu_4858_p3          |    select|   0|  0|   10|           1|          11|
    |select_ln17_6_fu_598_p3            |    select|   0|  0|   10|           1|          11|
    |select_ln17_70_fu_4902_p3          |    select|   0|  0|   10|           1|          11|
    |select_ln17_72_fu_5101_p3          |    select|   0|  0|   52|           1|          54|
    |select_ln17_73_fu_5127_p3          |    select|   0|  0|   10|           1|          11|
    |select_ln17_74_fu_5171_p3          |    select|   0|  0|   10|           1|          11|
    |select_ln17_76_fu_5370_p3          |    select|   0|  0|   52|           1|          54|
    |select_ln17_77_fu_5396_p3          |    select|   0|  0|   10|           1|          11|
    |select_ln17_78_fu_5440_p3          |    select|   0|  0|   10|           1|          11|
    |select_ln17_80_fu_5639_p3          |    select|   0|  0|   52|           1|          54|
    |select_ln17_81_fu_5665_p3          |    select|   0|  0|   10|           1|          11|
    |select_ln17_82_fu_5709_p3          |    select|   0|  0|   10|           1|          11|
    |select_ln17_84_fu_5908_p3          |    select|   0|  0|   52|           1|          54|
    |select_ln17_85_fu_5934_p3          |    select|   0|  0|   10|           1|          11|
    |select_ln17_86_fu_5978_p3          |    select|   0|  0|   10|           1|          11|
    |select_ln17_88_fu_6177_p3          |    select|   0|  0|   52|           1|          54|
    |select_ln17_89_fu_6203_p3          |    select|   0|  0|   10|           1|          11|
    |select_ln17_8_fu_797_p3            |    select|   0|  0|   52|           1|          54|
    |select_ln17_90_fu_6247_p3          |    select|   0|  0|   10|           1|          11|
    |select_ln17_92_fu_6446_p3          |    select|   0|  0|   52|           1|          54|
    |select_ln17_93_fu_6472_p3          |    select|   0|  0|   10|           1|          11|
    |select_ln17_94_fu_6516_p3          |    select|   0|  0|   10|           1|          11|
    |select_ln17_96_fu_6715_p3          |    select|   0|  0|   52|           1|          54|
    |select_ln17_97_fu_6741_p3          |    select|   0|  0|   10|           1|          11|
    |select_ln17_98_fu_6785_p3          |    select|   0|  0|   10|           1|          11|
    |select_ln17_9_fu_823_p3            |    select|   0|  0|   10|           1|          11|
    |select_ln17_fu_259_p3              |    select|   0|  0|   52|           1|          54|
    |storemerge5_i_59_i_fu_16296_p8     |    select|   0|  0|   10|           1|          11|
    |tmp_259_fu_2582_p8                 |    select|   0|  0|   10|           1|          11|
    |tmp_262_fu_2851_p8                 |    select|   0|  0|   10|           1|          11|
    |tmp_265_fu_3120_p8                 |    select|   0|  0|   10|           1|          11|
    |tmp_268_fu_3389_p8                 |    select|   0|  0|   10|           1|          11|
    |tmp_271_fu_3658_p8                 |    select|   0|  0|   10|           1|          11|
    |tmp_274_fu_3927_p8                 |    select|   0|  0|   10|           1|          11|
    |tmp_277_fu_4196_p8                 |    select|   0|  0|   10|           1|          11|
    |tmp_280_fu_4465_p8                 |    select|   0|  0|   10|           1|          11|
    |tmp_283_fu_4734_p8                 |    select|   0|  0|   10|           1|          11|
    |tmp_286_fu_5003_p8                 |    select|   0|  0|   10|           1|          11|
    |tmp_289_fu_5272_p8                 |    select|   0|  0|   10|           1|          11|
    |tmp_292_fu_5541_p8                 |    select|   0|  0|   10|           1|          11|
    |tmp_295_fu_5810_p8                 |    select|   0|  0|   10|           1|          11|
    |tmp_298_fu_6079_p8                 |    select|   0|  0|   10|           1|          11|
    |tmp_301_fu_6348_p8                 |    select|   0|  0|   10|           1|          11|
    |tmp_304_fu_6617_p8                 |    select|   0|  0|   10|           1|          11|
    |tmp_307_fu_6886_p8                 |    select|   0|  0|   10|           1|          11|
    |tmp_310_fu_7155_p8                 |    select|   0|  0|   10|           1|          11|
    |tmp_313_fu_7424_p8                 |    select|   0|  0|   10|           1|          11|
    |tmp_316_fu_7693_p8                 |    select|   0|  0|   10|           1|          11|
    |tmp_319_fu_7962_p8                 |    select|   0|  0|   10|           1|          11|
    |tmp_322_fu_8231_p8                 |    select|   0|  0|   10|           1|          11|
    |tmp_325_fu_8500_p8                 |    select|   0|  0|   10|           1|          11|
    |tmp_328_fu_8769_p8                 |    select|   0|  0|   10|           1|          11|
    |tmp_331_fu_9038_p8                 |    select|   0|  0|   10|           1|          11|
    |tmp_334_fu_9307_p8                 |    select|   0|  0|   10|           1|          11|
    |tmp_337_fu_9576_p8                 |    select|   0|  0|   10|           1|          11|
    |tmp_340_fu_9845_p8                 |    select|   0|  0|   10|           1|          11|
    |tmp_343_fu_10114_p8                |    select|   0|  0|   10|           1|          11|
    |tmp_346_fu_10383_p8                |    select|   0|  0|   10|           1|          11|
    |tmp_349_fu_10652_p8                |    select|   0|  0|   10|           1|          11|
    |tmp_352_fu_10921_p8                |    select|   0|  0|   10|           1|          11|
    |tmp_355_fu_11190_p8                |    select|   0|  0|   10|           1|          11|
    |tmp_358_fu_11459_p8                |    select|   0|  0|   10|           1|          11|
    |tmp_361_fu_11728_p8                |    select|   0|  0|   10|           1|          11|
    |tmp_364_fu_11997_p8                |    select|   0|  0|   10|           1|          11|
    |tmp_367_fu_12266_p8                |    select|   0|  0|   10|           1|          11|
    |tmp_370_fu_12535_p8                |    select|   0|  0|   10|           1|          11|
    |tmp_373_fu_12804_p8                |    select|   0|  0|   10|           1|          11|
    |tmp_376_fu_13073_p8                |    select|   0|  0|   10|           1|          11|
    |tmp_379_fu_13342_p8                |    select|   0|  0|   10|           1|          11|
    |tmp_382_fu_13611_p8                |    select|   0|  0|   10|           1|          11|
    |tmp_385_fu_13880_p8                |    select|   0|  0|   10|           1|          11|
    |tmp_388_fu_14149_p8                |    select|   0|  0|   10|           1|          11|
    |tmp_391_fu_14418_p8                |    select|   0|  0|   10|           1|          11|
    |tmp_394_fu_14687_p8                |    select|   0|  0|   10|           1|          11|
    |tmp_397_fu_14956_p8                |    select|   0|  0|   10|           1|          11|
    |tmp_3_fu_699_p8                    |    select|   0|  0|   10|           1|          11|
    |tmp_400_fu_15225_p8                |    select|   0|  0|   10|           1|          11|
    |tmp_403_fu_15494_p8                |    select|   0|  0|   10|           1|          11|
    |tmp_406_fu_15763_p8                |    select|   0|  0|   10|           1|          11|
    |tmp_409_fu_16032_p8                |    select|   0|  0|   10|           1|          11|
    |tmp_4_fu_968_p8                    |    select|   0|  0|   10|           1|          11|
    |tmp_5_fu_1237_p8                   |    select|   0|  0|   10|           1|          11|
    |tmp_6_fu_1506_p8                   |    select|   0|  0|   10|           1|          11|
    |tmp_7_fu_1775_p8                   |    select|   0|  0|   10|           1|          11|
    |tmp_8_fu_2044_p8                   |    select|   0|  0|   10|           1|          11|
    |tmp_9_fu_2313_p8                   |    select|   0|  0|   10|           1|          11|
    |tmp_fu_430_p8                      |    select|   0|  0|   10|           1|          11|
    |shl_ln17_10_fu_3039_p2             |       shl|   0|  0|   22|          11|          11|
    |shl_ln17_11_fu_3308_p2             |       shl|   0|  0|   22|          11|          11|
    |shl_ln17_12_fu_3577_p2             |       shl|   0|  0|   22|          11|          11|
    |shl_ln17_13_fu_3846_p2             |       shl|   0|  0|   22|          11|          11|
    |shl_ln17_14_fu_4115_p2             |       shl|   0|  0|   22|          11|          11|
    |shl_ln17_15_fu_4384_p2             |       shl|   0|  0|   22|          11|          11|
    |shl_ln17_16_fu_4653_p2             |       shl|   0|  0|   22|          11|          11|
    |shl_ln17_17_fu_4922_p2             |       shl|   0|  0|   22|          11|          11|
    |shl_ln17_18_fu_5191_p2             |       shl|   0|  0|   22|          11|          11|
    |shl_ln17_19_fu_5460_p2             |       shl|   0|  0|   22|          11|          11|
    |shl_ln17_1_fu_618_p2               |       shl|   0|  0|   22|          11|          11|
    |shl_ln17_20_fu_5729_p2             |       shl|   0|  0|   22|          11|          11|
    |shl_ln17_21_fu_5998_p2             |       shl|   0|  0|   22|          11|          11|
    |shl_ln17_22_fu_6267_p2             |       shl|   0|  0|   22|          11|          11|
    |shl_ln17_23_fu_6536_p2             |       shl|   0|  0|   22|          11|          11|
    |shl_ln17_24_fu_6805_p2             |       shl|   0|  0|   22|          11|          11|
    |shl_ln17_25_fu_7074_p2             |       shl|   0|  0|   22|          11|          11|
    |shl_ln17_26_fu_7343_p2             |       shl|   0|  0|   22|          11|          11|
    |shl_ln17_27_fu_7612_p2             |       shl|   0|  0|   22|          11|          11|
    |shl_ln17_28_fu_7881_p2             |       shl|   0|  0|   22|          11|          11|
    |shl_ln17_29_fu_8150_p2             |       shl|   0|  0|   22|          11|          11|
    |shl_ln17_2_fu_887_p2               |       shl|   0|  0|   22|          11|          11|
    |shl_ln17_30_fu_8419_p2             |       shl|   0|  0|   22|          11|          11|
    |shl_ln17_31_fu_8688_p2             |       shl|   0|  0|   22|          11|          11|
    |shl_ln17_32_fu_8957_p2             |       shl|   0|  0|   22|          11|          11|
    |shl_ln17_33_fu_9226_p2             |       shl|   0|  0|   22|          11|          11|
    |shl_ln17_34_fu_9495_p2             |       shl|   0|  0|   22|          11|          11|
    |shl_ln17_35_fu_9764_p2             |       shl|   0|  0|   22|          11|          11|
    |shl_ln17_36_fu_10033_p2            |       shl|   0|  0|   22|          11|          11|
    |shl_ln17_37_fu_10302_p2            |       shl|   0|  0|   22|          11|          11|
    |shl_ln17_38_fu_10571_p2            |       shl|   0|  0|   22|          11|          11|
    |shl_ln17_39_fu_10840_p2            |       shl|   0|  0|   22|          11|          11|
    |shl_ln17_3_fu_1156_p2              |       shl|   0|  0|   22|          11|          11|
    |shl_ln17_40_fu_11109_p2            |       shl|   0|  0|   22|          11|          11|
    |shl_ln17_41_fu_11378_p2            |       shl|   0|  0|   22|          11|          11|
    |shl_ln17_42_fu_11647_p2            |       shl|   0|  0|   22|          11|          11|
    |shl_ln17_43_fu_11916_p2            |       shl|   0|  0|   22|          11|          11|
    |shl_ln17_44_fu_12185_p2            |       shl|   0|  0|   22|          11|          11|
    |shl_ln17_45_fu_12454_p2            |       shl|   0|  0|   22|          11|          11|
    |shl_ln17_46_fu_12723_p2            |       shl|   0|  0|   22|          11|          11|
    |shl_ln17_47_fu_12992_p2            |       shl|   0|  0|   22|          11|          11|
    |shl_ln17_48_fu_13261_p2            |       shl|   0|  0|   22|          11|          11|
    |shl_ln17_49_fu_13530_p2            |       shl|   0|  0|   22|          11|          11|
    |shl_ln17_4_fu_1425_p2              |       shl|   0|  0|   22|          11|          11|
    |shl_ln17_50_fu_13799_p2            |       shl|   0|  0|   22|          11|          11|
    |shl_ln17_51_fu_14068_p2            |       shl|   0|  0|   22|          11|          11|
    |shl_ln17_52_fu_14337_p2            |       shl|   0|  0|   22|          11|          11|
    |shl_ln17_53_fu_14606_p2            |       shl|   0|  0|   22|          11|          11|
    |shl_ln17_54_fu_14875_p2            |       shl|   0|  0|   22|          11|          11|
    |shl_ln17_55_fu_15144_p2            |       shl|   0|  0|   22|          11|          11|
    |shl_ln17_56_fu_15413_p2            |       shl|   0|  0|   22|          11|          11|
    |shl_ln17_57_fu_15682_p2            |       shl|   0|  0|   22|          11|          11|
    |shl_ln17_58_fu_15951_p2            |       shl|   0|  0|   22|          11|          11|
    |shl_ln17_59_fu_16215_p2            |       shl|   0|  0|   22|          11|          11|
    |shl_ln17_5_fu_1694_p2              |       shl|   0|  0|   22|          11|          11|
    |shl_ln17_6_fu_1963_p2              |       shl|   0|  0|   22|          11|          11|
    |shl_ln17_7_fu_2232_p2              |       shl|   0|  0|   22|          11|          11|
    |shl_ln17_8_fu_2501_p2              |       shl|   0|  0|   22|          11|          11|
    |shl_ln17_9_fu_2770_p2              |       shl|   0|  0|   22|          11|          11|
    |shl_ln17_fu_349_p2                 |       shl|   0|  0|   22|          11|          11|
    |ap_enable_pp0                      |       xor|   0|  0|    2|           1|           2|
    |xor_ln17_100_fu_13843_p2           |       xor|   0|  0|    2|           1|           2|
    |xor_ln17_101_fu_13859_p2           |       xor|   0|  0|    2|           1|           2|
    |xor_ln17_102_fu_14112_p2           |       xor|   0|  0|    2|           1|           2|
    |xor_ln17_103_fu_14128_p2           |       xor|   0|  0|    2|           1|           2|
    |xor_ln17_104_fu_14381_p2           |       xor|   0|  0|    2|           1|           2|
    |xor_ln17_105_fu_14397_p2           |       xor|   0|  0|    2|           1|           2|
    |xor_ln17_106_fu_14650_p2           |       xor|   0|  0|    2|           1|           2|
    |xor_ln17_107_fu_14666_p2           |       xor|   0|  0|    2|           1|           2|
    |xor_ln17_108_fu_14919_p2           |       xor|   0|  0|    2|           1|           2|
    |xor_ln17_109_fu_14935_p2           |       xor|   0|  0|    2|           1|           2|
    |xor_ln17_10_fu_1738_p2             |       xor|   0|  0|    2|           1|           2|
    |xor_ln17_110_fu_15188_p2           |       xor|   0|  0|    2|           1|           2|
    |xor_ln17_111_fu_15204_p2           |       xor|   0|  0|    2|           1|           2|
    |xor_ln17_112_fu_15457_p2           |       xor|   0|  0|    2|           1|           2|
    |xor_ln17_113_fu_15473_p2           |       xor|   0|  0|    2|           1|           2|
    |xor_ln17_114_fu_15726_p2           |       xor|   0|  0|    2|           1|           2|
    |xor_ln17_115_fu_15742_p2           |       xor|   0|  0|    2|           1|           2|
    |xor_ln17_116_fu_15995_p2           |       xor|   0|  0|    2|           1|           2|
    |xor_ln17_117_fu_16011_p2           |       xor|   0|  0|    2|           1|           2|
    |xor_ln17_118_fu_16259_p2           |       xor|   0|  0|    2|           1|           2|
    |xor_ln17_119_fu_16275_p2           |       xor|   0|  0|    2|           1|           2|
    |xor_ln17_11_fu_1754_p2             |       xor|   0|  0|    2|           1|           2|
    |xor_ln17_12_fu_2007_p2             |       xor|   0|  0|    2|           1|           2|
    |xor_ln17_13_fu_2023_p2             |       xor|   0|  0|    2|           1|           2|
    |xor_ln17_14_fu_2276_p2             |       xor|   0|  0|    2|           1|           2|
    |xor_ln17_15_fu_2292_p2             |       xor|   0|  0|    2|           1|           2|
    |xor_ln17_16_fu_2545_p2             |       xor|   0|  0|    2|           1|           2|
    |xor_ln17_17_fu_2561_p2             |       xor|   0|  0|    2|           1|           2|
    |xor_ln17_18_fu_2814_p2             |       xor|   0|  0|    2|           1|           2|
    |xor_ln17_19_fu_2830_p2             |       xor|   0|  0|    2|           1|           2|
    |xor_ln17_1_fu_409_p2               |       xor|   0|  0|    2|           1|           2|
    |xor_ln17_20_fu_3083_p2             |       xor|   0|  0|    2|           1|           2|
    |xor_ln17_21_fu_3099_p2             |       xor|   0|  0|    2|           1|           2|
    |xor_ln17_22_fu_3352_p2             |       xor|   0|  0|    2|           1|           2|
    |xor_ln17_23_fu_3368_p2             |       xor|   0|  0|    2|           1|           2|
    |xor_ln17_24_fu_3621_p2             |       xor|   0|  0|    2|           1|           2|
    |xor_ln17_25_fu_3637_p2             |       xor|   0|  0|    2|           1|           2|
    |xor_ln17_26_fu_3890_p2             |       xor|   0|  0|    2|           1|           2|
    |xor_ln17_27_fu_3906_p2             |       xor|   0|  0|    2|           1|           2|
    |xor_ln17_28_fu_4159_p2             |       xor|   0|  0|    2|           1|           2|
    |xor_ln17_29_fu_4175_p2             |       xor|   0|  0|    2|           1|           2|
    |xor_ln17_2_fu_662_p2               |       xor|   0|  0|    2|           1|           2|
    |xor_ln17_30_fu_4428_p2             |       xor|   0|  0|    2|           1|           2|
    |xor_ln17_31_fu_4444_p2             |       xor|   0|  0|    2|           1|           2|
    |xor_ln17_32_fu_4697_p2             |       xor|   0|  0|    2|           1|           2|
    |xor_ln17_33_fu_4713_p2             |       xor|   0|  0|    2|           1|           2|
    |xor_ln17_34_fu_4966_p2             |       xor|   0|  0|    2|           1|           2|
    |xor_ln17_35_fu_4982_p2             |       xor|   0|  0|    2|           1|           2|
    |xor_ln17_36_fu_5235_p2             |       xor|   0|  0|    2|           1|           2|
    |xor_ln17_37_fu_5251_p2             |       xor|   0|  0|    2|           1|           2|
    |xor_ln17_38_fu_5504_p2             |       xor|   0|  0|    2|           1|           2|
    |xor_ln17_39_fu_5520_p2             |       xor|   0|  0|    2|           1|           2|
    |xor_ln17_3_fu_678_p2               |       xor|   0|  0|    2|           1|           2|
    |xor_ln17_40_fu_5773_p2             |       xor|   0|  0|    2|           1|           2|
    |xor_ln17_41_fu_5789_p2             |       xor|   0|  0|    2|           1|           2|
    |xor_ln17_42_fu_6042_p2             |       xor|   0|  0|    2|           1|           2|
    |xor_ln17_43_fu_6058_p2             |       xor|   0|  0|    2|           1|           2|
    |xor_ln17_44_fu_6311_p2             |       xor|   0|  0|    2|           1|           2|
    |xor_ln17_45_fu_6327_p2             |       xor|   0|  0|    2|           1|           2|
    |xor_ln17_46_fu_6580_p2             |       xor|   0|  0|    2|           1|           2|
    |xor_ln17_47_fu_6596_p2             |       xor|   0|  0|    2|           1|           2|
    |xor_ln17_48_fu_6849_p2             |       xor|   0|  0|    2|           1|           2|
    |xor_ln17_49_fu_6865_p2             |       xor|   0|  0|    2|           1|           2|
    |xor_ln17_4_fu_931_p2               |       xor|   0|  0|    2|           1|           2|
    |xor_ln17_50_fu_7118_p2             |       xor|   0|  0|    2|           1|           2|
    |xor_ln17_51_fu_7134_p2             |       xor|   0|  0|    2|           1|           2|
    |xor_ln17_52_fu_7387_p2             |       xor|   0|  0|    2|           1|           2|
    |xor_ln17_53_fu_7403_p2             |       xor|   0|  0|    2|           1|           2|
    |xor_ln17_54_fu_7656_p2             |       xor|   0|  0|    2|           1|           2|
    |xor_ln17_55_fu_7672_p2             |       xor|   0|  0|    2|           1|           2|
    |xor_ln17_56_fu_7925_p2             |       xor|   0|  0|    2|           1|           2|
    |xor_ln17_57_fu_7941_p2             |       xor|   0|  0|    2|           1|           2|
    |xor_ln17_58_fu_8194_p2             |       xor|   0|  0|    2|           1|           2|
    |xor_ln17_59_fu_8210_p2             |       xor|   0|  0|    2|           1|           2|
    |xor_ln17_5_fu_947_p2               |       xor|   0|  0|    2|           1|           2|
    |xor_ln17_60_fu_8463_p2             |       xor|   0|  0|    2|           1|           2|
    |xor_ln17_61_fu_8479_p2             |       xor|   0|  0|    2|           1|           2|
    |xor_ln17_62_fu_8732_p2             |       xor|   0|  0|    2|           1|           2|
    |xor_ln17_63_fu_8748_p2             |       xor|   0|  0|    2|           1|           2|
    |xor_ln17_64_fu_9001_p2             |       xor|   0|  0|    2|           1|           2|
    |xor_ln17_65_fu_9017_p2             |       xor|   0|  0|    2|           1|           2|
    |xor_ln17_66_fu_9270_p2             |       xor|   0|  0|    2|           1|           2|
    |xor_ln17_67_fu_9286_p2             |       xor|   0|  0|    2|           1|           2|
    |xor_ln17_68_fu_9539_p2             |       xor|   0|  0|    2|           1|           2|
    |xor_ln17_69_fu_9555_p2             |       xor|   0|  0|    2|           1|           2|
    |xor_ln17_6_fu_1200_p2              |       xor|   0|  0|    2|           1|           2|
    |xor_ln17_70_fu_9808_p2             |       xor|   0|  0|    2|           1|           2|
    |xor_ln17_71_fu_9824_p2             |       xor|   0|  0|    2|           1|           2|
    |xor_ln17_72_fu_10077_p2            |       xor|   0|  0|    2|           1|           2|
    |xor_ln17_73_fu_10093_p2            |       xor|   0|  0|    2|           1|           2|
    |xor_ln17_74_fu_10346_p2            |       xor|   0|  0|    2|           1|           2|
    |xor_ln17_75_fu_10362_p2            |       xor|   0|  0|    2|           1|           2|
    |xor_ln17_76_fu_10615_p2            |       xor|   0|  0|    2|           1|           2|
    |xor_ln17_77_fu_10631_p2            |       xor|   0|  0|    2|           1|           2|
    |xor_ln17_78_fu_10884_p2            |       xor|   0|  0|    2|           1|           2|
    |xor_ln17_79_fu_10900_p2            |       xor|   0|  0|    2|           1|           2|
    |xor_ln17_7_fu_1216_p2              |       xor|   0|  0|    2|           1|           2|
    |xor_ln17_80_fu_11153_p2            |       xor|   0|  0|    2|           1|           2|
    |xor_ln17_81_fu_11169_p2            |       xor|   0|  0|    2|           1|           2|
    |xor_ln17_82_fu_11422_p2            |       xor|   0|  0|    2|           1|           2|
    |xor_ln17_83_fu_11438_p2            |       xor|   0|  0|    2|           1|           2|
    |xor_ln17_84_fu_11691_p2            |       xor|   0|  0|    2|           1|           2|
    |xor_ln17_85_fu_11707_p2            |       xor|   0|  0|    2|           1|           2|
    |xor_ln17_86_fu_11960_p2            |       xor|   0|  0|    2|           1|           2|
    |xor_ln17_87_fu_11976_p2            |       xor|   0|  0|    2|           1|           2|
    |xor_ln17_88_fu_12229_p2            |       xor|   0|  0|    2|           1|           2|
    |xor_ln17_89_fu_12245_p2            |       xor|   0|  0|    2|           1|           2|
    |xor_ln17_8_fu_1469_p2              |       xor|   0|  0|    2|           1|           2|
    |xor_ln17_90_fu_12498_p2            |       xor|   0|  0|    2|           1|           2|
    |xor_ln17_91_fu_12514_p2            |       xor|   0|  0|    2|           1|           2|
    |xor_ln17_92_fu_12767_p2            |       xor|   0|  0|    2|           1|           2|
    |xor_ln17_93_fu_12783_p2            |       xor|   0|  0|    2|           1|           2|
    |xor_ln17_94_fu_13036_p2            |       xor|   0|  0|    2|           1|           2|
    |xor_ln17_95_fu_13052_p2            |       xor|   0|  0|    2|           1|           2|
    |xor_ln17_96_fu_13305_p2            |       xor|   0|  0|    2|           1|           2|
    |xor_ln17_97_fu_13321_p2            |       xor|   0|  0|    2|           1|           2|
    |xor_ln17_98_fu_13574_p2            |       xor|   0|  0|    2|           1|           2|
    |xor_ln17_99_fu_13590_p2            |       xor|   0|  0|    2|           1|           2|
    |xor_ln17_9_fu_1485_p2              |       xor|   0|  0|    2|           1|           2|
    |xor_ln17_fu_393_p2                 |       xor|   0|  0|    2|           1|           2|
    +-----------------------------------+----------+----+---+-----+------------+------------+
    |Total                              |          |   0|  0|35481|       14585|       16956|
    +-----------------------------------+----------+----+---+-----+------------+------------+

    * Multiplexer: 
    +------------------------------+-----+-----------+-----+-----------+
    |             Name             | LUT | Input Size| Bits| Total Bits|
    +------------------------------+-----+-----------+-----+-----------+
    |ap_NS_fsm                     |  262|         61|    1|         61|
    |ap_done_int                   |    9|          2|    1|          2|
    |ap_enable_reg_pp0_iter0       |    9|          2|    1|          2|
    |ap_enable_reg_pp0_iter0_reg   |    9|          2|    1|          2|
    |ap_enable_reg_pp0_iter1       |    9|          2|    1|          2|
    |ap_sig_allocacmp_q_load       |    9|          2|   31|         62|
    |gmem_in0_blk_n_R              |    9|          2|    1|          2|
    |grp_fu_134_p0                 |  262|         61|   32|       1952|
    |q_fu_106                      |    9|          2|   31|         62|
    |stream_in0_input_layer_blk_n  |    9|          2|    1|          2|
    +------------------------------+-----+-----------+-----+-----------+
    |Total                         |  596|        138|  101|       2149|
    +------------------------------+-----+-----------+-----+-----------+

    * Register: 
    +------------------------------+----+----+-----+-----------+
    |             Name             | FF | LUT| Bits| Const Bits|
    +------------------------------+----+----+-----+-----------+
    |ap_CS_fsm                     |  60|   0|   60|          0|
    |ap_done_reg                   |   1|   0|    1|          0|
    |ap_enable_reg_pp0_iter0_reg   |   1|   0|    1|          0|
    |ap_enable_reg_pp0_iter1       |   1|   0|    1|          0|
    |icmp_ln13_reg_16514           |   1|   0|    1|          0|
    |icmp_ln17_102_reg_17322       |   1|   0|    1|          0|
    |icmp_ln17_108_reg_17368       |   1|   0|    1|          0|
    |icmp_ln17_114_reg_17414       |   1|   0|    1|          0|
    |icmp_ln17_120_reg_17460       |   1|   0|    1|          0|
    |icmp_ln17_126_reg_17506       |   1|   0|    1|          0|
    |icmp_ln17_12_reg_16632        |   1|   0|    1|          0|
    |icmp_ln17_132_reg_17552       |   1|   0|    1|          0|
    |icmp_ln17_138_reg_17598       |   1|   0|    1|          0|
    |icmp_ln17_144_reg_17644       |   1|   0|    1|          0|
    |icmp_ln17_150_reg_17690       |   1|   0|    1|          0|
    |icmp_ln17_156_reg_17736       |   1|   0|    1|          0|
    |icmp_ln17_162_reg_17782       |   1|   0|    1|          0|
    |icmp_ln17_168_reg_17828       |   1|   0|    1|          0|
    |icmp_ln17_174_reg_17874       |   1|   0|    1|          0|
    |icmp_ln17_180_reg_17920       |   1|   0|    1|          0|
    |icmp_ln17_186_reg_17966       |   1|   0|    1|          0|
    |icmp_ln17_18_reg_16678        |   1|   0|    1|          0|
    |icmp_ln17_192_reg_18012       |   1|   0|    1|          0|
    |icmp_ln17_198_reg_18058       |   1|   0|    1|          0|
    |icmp_ln17_204_reg_18104       |   1|   0|    1|          0|
    |icmp_ln17_210_reg_18150       |   1|   0|    1|          0|
    |icmp_ln17_216_reg_18196       |   1|   0|    1|          0|
    |icmp_ln17_222_reg_18242       |   1|   0|    1|          0|
    |icmp_ln17_228_reg_18288       |   1|   0|    1|          0|
    |icmp_ln17_234_reg_18334       |   1|   0|    1|          0|
    |icmp_ln17_240_reg_18380       |   1|   0|    1|          0|
    |icmp_ln17_246_reg_18426       |   1|   0|    1|          0|
    |icmp_ln17_24_reg_16724        |   1|   0|    1|          0|
    |icmp_ln17_252_reg_18472       |   1|   0|    1|          0|
    |icmp_ln17_258_reg_18518       |   1|   0|    1|          0|
    |icmp_ln17_264_reg_18564       |   1|   0|    1|          0|
    |icmp_ln17_270_reg_18610       |   1|   0|    1|          0|
    |icmp_ln17_276_reg_18656       |   1|   0|    1|          0|
    |icmp_ln17_282_reg_18702       |   1|   0|    1|          0|
    |icmp_ln17_288_reg_18748       |   1|   0|    1|          0|
    |icmp_ln17_294_reg_18794       |   1|   0|    1|          0|
    |icmp_ln17_300_reg_18840       |   1|   0|    1|          0|
    |icmp_ln17_306_reg_18886       |   1|   0|    1|          0|
    |icmp_ln17_30_reg_16770        |   1|   0|    1|          0|
    |icmp_ln17_312_reg_18932       |   1|   0|    1|          0|
    |icmp_ln17_318_reg_18978       |   1|   0|    1|          0|
    |icmp_ln17_324_reg_19024       |   1|   0|    1|          0|
    |icmp_ln17_330_reg_19070       |   1|   0|    1|          0|
    |icmp_ln17_336_reg_19116       |   1|   0|    1|          0|
    |icmp_ln17_342_reg_19162       |   1|   0|    1|          0|
    |icmp_ln17_348_reg_19208       |   1|   0|    1|          0|
    |icmp_ln17_354_reg_19254       |   1|   0|    1|          0|
    |icmp_ln17_36_reg_16816        |   1|   0|    1|          0|
    |icmp_ln17_42_reg_16862        |   1|   0|    1|          0|
    |icmp_ln17_48_reg_16908        |   1|   0|    1|          0|
    |icmp_ln17_54_reg_16954        |   1|   0|    1|          0|
    |icmp_ln17_60_reg_17000        |   1|   0|    1|          0|
    |icmp_ln17_66_reg_17046        |   1|   0|    1|          0|
    |icmp_ln17_6_reg_16586         |   1|   0|    1|          0|
    |icmp_ln17_72_reg_17092        |   1|   0|    1|          0|
    |icmp_ln17_78_reg_17138        |   1|   0|    1|          0|
    |icmp_ln17_84_reg_17184        |   1|   0|    1|          0|
    |icmp_ln17_90_reg_17230        |   1|   0|    1|          0|
    |icmp_ln17_96_reg_17276        |   1|   0|    1|          0|
    |icmp_ln17_reg_16540           |   1|   0|    1|          0|
    |q_fu_106                      |  31|   0|   31|          0|
    |reg_137                       |  32|   0|   32|          0|
    |storemerge5_i_59_i_reg_19278  |  11|   0|   11|          0|
    |sub_ln17_100_reg_18065        |  12|   0|   12|          0|
    |sub_ln17_103_reg_18111        |  12|   0|   12|          0|
    |sub_ln17_106_reg_18157        |  12|   0|   12|          0|
    |sub_ln17_109_reg_18203        |  12|   0|   12|          0|
    |sub_ln17_10_reg_16685         |  12|   0|   12|          0|
    |sub_ln17_112_reg_18249        |  12|   0|   12|          0|
    |sub_ln17_115_reg_18295        |  12|   0|   12|          0|
    |sub_ln17_118_reg_18341        |  12|   0|   12|          0|
    |sub_ln17_121_reg_18387        |  12|   0|   12|          0|
    |sub_ln17_124_reg_18433        |  12|   0|   12|          0|
    |sub_ln17_127_reg_18479        |  12|   0|   12|          0|
    |sub_ln17_130_reg_18525        |  12|   0|   12|          0|
    |sub_ln17_133_reg_18571        |  12|   0|   12|          0|
    |sub_ln17_136_reg_18617        |  12|   0|   12|          0|
    |sub_ln17_139_reg_18663        |  12|   0|   12|          0|
    |sub_ln17_13_reg_16731         |  12|   0|   12|          0|
    |sub_ln17_142_reg_18709        |  12|   0|   12|          0|
    |sub_ln17_145_reg_18755        |  12|   0|   12|          0|
    |sub_ln17_148_reg_18801        |  12|   0|   12|          0|
    |sub_ln17_151_reg_18847        |  12|   0|   12|          0|
    |sub_ln17_154_reg_18893        |  12|   0|   12|          0|
    |sub_ln17_157_reg_18939        |  12|   0|   12|          0|
    |sub_ln17_160_reg_18985        |  12|   0|   12|          0|
    |sub_ln17_163_reg_19031        |  12|   0|   12|          0|
    |sub_ln17_166_reg_19077        |  12|   0|   12|          0|
    |sub_ln17_169_reg_19123        |  12|   0|   12|          0|
    |sub_ln17_16_reg_16777         |  12|   0|   12|          0|
    |sub_ln17_172_reg_19169        |  12|   0|   12|          0|
    |sub_ln17_175_reg_19215        |  12|   0|   12|          0|
    |sub_ln17_178_reg_19261        |  12|   0|   12|          0|
    |sub_ln17_19_reg_16823         |  12|   0|   12|          0|
    |sub_ln17_1_reg_16547          |  12|   0|   12|          0|
    |sub_ln17_22_reg_16869         |  12|   0|   12|          0|
    |sub_ln17_25_reg_16915         |  12|   0|   12|          0|
    |sub_ln17_28_reg_16961         |  12|   0|   12|          0|
    |sub_ln17_31_reg_17007         |  12|   0|   12|          0|
    |sub_ln17_34_reg_17053         |  12|   0|   12|          0|
    |sub_ln17_37_reg_17099         |  12|   0|   12|          0|
    |sub_ln17_40_reg_17145         |  12|   0|   12|          0|
    |sub_ln17_43_reg_17191         |  12|   0|   12|          0|
    |sub_ln17_46_reg_17237         |  12|   0|   12|          0|
    |sub_ln17_49_reg_17283         |  12|   0|   12|          0|
    |sub_ln17_4_reg_16593          |  12|   0|   12|          0|
    |sub_ln17_52_reg_17329         |  12|   0|   12|          0|
    |sub_ln17_55_reg_17375         |  12|   0|   12|          0|
    |sub_ln17_58_reg_17421         |  12|   0|   12|          0|
    |sub_ln17_61_reg_17467         |  12|   0|   12|          0|
    |sub_ln17_64_reg_17513         |  12|   0|   12|          0|
    |sub_ln17_67_reg_17559         |  12|   0|   12|          0|
    |sub_ln17_70_reg_17605         |  12|   0|   12|          0|
    |sub_ln17_73_reg_17651         |  12|   0|   12|          0|
    |sub_ln17_76_reg_17697         |  12|   0|   12|          0|
    |sub_ln17_79_reg_17743         |  12|   0|   12|          0|
    |sub_ln17_7_reg_16639          |  12|   0|   12|          0|
    |sub_ln17_82_reg_17789         |  12|   0|   12|          0|
    |sub_ln17_85_reg_17835         |  12|   0|   12|          0|
    |sub_ln17_88_reg_17881         |  12|   0|   12|          0|
    |sub_ln17_91_reg_17927         |  12|   0|   12|          0|
    |sub_ln17_94_reg_17973         |  12|   0|   12|          0|
    |sub_ln17_97_reg_18019         |  12|   0|   12|          0|
    |tmp_241_reg_16528             |   1|   0|    1|          0|
    |tmp_243_reg_16574             |   1|   0|    1|          0|
    |tmp_245_reg_16620             |   1|   0|    1|          0|
    |tmp_247_reg_16666             |   1|   0|    1|          0|
    |tmp_249_reg_16712             |   1|   0|    1|          0|
    |tmp_251_reg_16758             |   1|   0|    1|          0|
    |tmp_253_reg_16804             |   1|   0|    1|          0|
    |tmp_255_reg_16850             |   1|   0|    1|          0|
    |tmp_257_reg_16896             |   1|   0|    1|          0|
    |tmp_259_reg_16937             |  11|   0|   11|          0|
    |tmp_260_reg_16942             |   1|   0|    1|          0|
    |tmp_262_reg_16983             |  11|   0|   11|          0|
    |tmp_263_reg_16988             |   1|   0|    1|          0|
    |tmp_265_reg_17029             |  11|   0|   11|          0|
    |tmp_266_reg_17034             |   1|   0|    1|          0|
    |tmp_268_reg_17075             |  11|   0|   11|          0|
    |tmp_269_reg_17080             |   1|   0|    1|          0|
    |tmp_271_reg_17121             |  11|   0|   11|          0|
    |tmp_272_reg_17126             |   1|   0|    1|          0|
    |tmp_274_reg_17167             |  11|   0|   11|          0|
    |tmp_275_reg_17172             |   1|   0|    1|          0|
    |tmp_277_reg_17213             |  11|   0|   11|          0|
    |tmp_278_reg_17218             |   1|   0|    1|          0|
    |tmp_280_reg_17259             |  11|   0|   11|          0|
    |tmp_281_reg_17264             |   1|   0|    1|          0|
    |tmp_283_reg_17305             |  11|   0|   11|          0|
    |tmp_284_reg_17310             |   1|   0|    1|          0|
    |tmp_286_reg_17351             |  11|   0|   11|          0|
    |tmp_287_reg_17356             |   1|   0|    1|          0|
    |tmp_289_reg_17397             |  11|   0|   11|          0|
    |tmp_290_reg_17402             |   1|   0|    1|          0|
    |tmp_292_reg_17443             |  11|   0|   11|          0|
    |tmp_293_reg_17448             |   1|   0|    1|          0|
    |tmp_295_reg_17489             |  11|   0|   11|          0|
    |tmp_296_reg_17494             |   1|   0|    1|          0|
    |tmp_298_reg_17535             |  11|   0|   11|          0|
    |tmp_299_reg_17540             |   1|   0|    1|          0|
    |tmp_301_reg_17581             |  11|   0|   11|          0|
    |tmp_302_reg_17586             |   1|   0|    1|          0|
    |tmp_304_reg_17627             |  11|   0|   11|          0|
    |tmp_305_reg_17632             |   1|   0|    1|          0|
    |tmp_307_reg_17673             |  11|   0|   11|          0|
    |tmp_308_reg_17678             |   1|   0|    1|          0|
    |tmp_310_reg_17719             |  11|   0|   11|          0|
    |tmp_311_reg_17724             |   1|   0|    1|          0|
    |tmp_313_reg_17765             |  11|   0|   11|          0|
    |tmp_314_reg_17770             |   1|   0|    1|          0|
    |tmp_316_reg_17811             |  11|   0|   11|          0|
    |tmp_317_reg_17816             |   1|   0|    1|          0|
    |tmp_319_reg_17857             |  11|   0|   11|          0|
    |tmp_320_reg_17862             |   1|   0|    1|          0|
    |tmp_322_reg_17903             |  11|   0|   11|          0|
    |tmp_323_reg_17908             |   1|   0|    1|          0|
    |tmp_325_reg_17949             |  11|   0|   11|          0|
    |tmp_326_reg_17954             |   1|   0|    1|          0|
    |tmp_328_reg_17995             |  11|   0|   11|          0|
    |tmp_329_reg_18000             |   1|   0|    1|          0|
    |tmp_331_reg_18041             |  11|   0|   11|          0|
    |tmp_332_reg_18046             |   1|   0|    1|          0|
    |tmp_334_reg_18087             |  11|   0|   11|          0|
    |tmp_335_reg_18092             |   1|   0|    1|          0|
    |tmp_337_reg_18133             |  11|   0|   11|          0|
    |tmp_338_reg_18138             |   1|   0|    1|          0|
    |tmp_340_reg_18179             |  11|   0|   11|          0|
    |tmp_341_reg_18184             |   1|   0|    1|          0|
    |tmp_343_reg_18225             |  11|   0|   11|          0|
    |tmp_344_reg_18230             |   1|   0|    1|          0|
    |tmp_346_reg_18271             |  11|   0|   11|          0|
    |tmp_347_reg_18276             |   1|   0|    1|          0|
    |tmp_349_reg_18317             |  11|   0|   11|          0|
    |tmp_350_reg_18322             |   1|   0|    1|          0|
    |tmp_352_reg_18363             |  11|   0|   11|          0|
    |tmp_353_reg_18368             |   1|   0|    1|          0|
    |tmp_355_reg_18409             |  11|   0|   11|          0|
    |tmp_356_reg_18414             |   1|   0|    1|          0|
    |tmp_358_reg_18455             |  11|   0|   11|          0|
    |tmp_359_reg_18460             |   1|   0|    1|          0|
    |tmp_361_reg_18501             |  11|   0|   11|          0|
    |tmp_362_reg_18506             |   1|   0|    1|          0|
    |tmp_364_reg_18547             |  11|   0|   11|          0|
    |tmp_365_reg_18552             |   1|   0|    1|          0|
    |tmp_367_reg_18593             |  11|   0|   11|          0|
    |tmp_368_reg_18598             |   1|   0|    1|          0|
    |tmp_370_reg_18639             |  11|   0|   11|          0|
    |tmp_371_reg_18644             |   1|   0|    1|          0|
    |tmp_373_reg_18685             |  11|   0|   11|          0|
    |tmp_374_reg_18690             |   1|   0|    1|          0|
    |tmp_376_reg_18731             |  11|   0|   11|          0|
    |tmp_377_reg_18736             |   1|   0|    1|          0|
    |tmp_379_reg_18777             |  11|   0|   11|          0|
    |tmp_380_reg_18782             |   1|   0|    1|          0|
    |tmp_382_reg_18823             |  11|   0|   11|          0|
    |tmp_383_reg_18828             |   1|   0|    1|          0|
    |tmp_385_reg_18869             |  11|   0|   11|          0|
    |tmp_386_reg_18874             |   1|   0|    1|          0|
    |tmp_388_reg_18915             |  11|   0|   11|          0|
    |tmp_389_reg_18920             |   1|   0|    1|          0|
    |tmp_391_reg_18961             |  11|   0|   11|          0|
    |tmp_392_reg_18966             |   1|   0|    1|          0|
    |tmp_394_reg_19007             |  11|   0|   11|          0|
    |tmp_395_reg_19012             |   1|   0|    1|          0|
    |tmp_397_reg_19053             |  11|   0|   11|          0|
    |tmp_398_reg_19058             |   1|   0|    1|          0|
    |tmp_3_reg_16615               |  11|   0|   11|          0|
    |tmp_400_reg_19099             |  11|   0|   11|          0|
    |tmp_401_reg_19104             |   1|   0|    1|          0|
    |tmp_403_reg_19145             |  11|   0|   11|          0|
    |tmp_404_reg_19150             |   1|   0|    1|          0|
    |tmp_406_reg_19191             |  11|   0|   11|          0|
    |tmp_407_reg_19196             |   1|   0|    1|          0|
    |tmp_409_reg_19237             |  11|   0|   11|          0|
    |tmp_410_reg_19242             |   1|   0|    1|          0|
    |tmp_4_reg_16661               |  11|   0|   11|          0|
    |tmp_5_reg_16707               |  11|   0|   11|          0|
    |tmp_6_reg_16753               |  11|   0|   11|          0|
    |tmp_7_reg_16799               |  11|   0|   11|          0|
    |tmp_8_reg_16845               |  11|   0|   11|          0|
    |tmp_9_reg_16891               |  11|   0|   11|          0|
    |tmp_reg_16569                 |  11|   0|   11|          0|
    |trunc_ln17_105_reg_17133      |  52|   0|   52|          0|
    |trunc_ln17_106_reg_17152      |   6|   0|    6|          0|
    |trunc_ln17_107_reg_17157      |  11|   0|   11|          0|
    |trunc_ln17_10_reg_16600       |   6|   0|    6|          0|
    |trunc_ln17_113_reg_17179      |  52|   0|   52|          0|
    |trunc_ln17_114_reg_17198      |   6|   0|    6|          0|
    |trunc_ln17_115_reg_17203      |  11|   0|   11|          0|
    |trunc_ln17_11_reg_16605       |  11|   0|   11|          0|
    |trunc_ln17_121_reg_17225      |  52|   0|   52|          0|
    |trunc_ln17_122_reg_17244      |   6|   0|    6|          0|
    |trunc_ln17_123_reg_17249      |  11|   0|   11|          0|
    |trunc_ln17_129_reg_17271      |  52|   0|   52|          0|
    |trunc_ln17_130_reg_17290      |   6|   0|    6|          0|
    |trunc_ln17_131_reg_17295      |  11|   0|   11|          0|
    |trunc_ln17_137_reg_17317      |  52|   0|   52|          0|
    |trunc_ln17_138_reg_17336      |   6|   0|    6|          0|
    |trunc_ln17_139_reg_17341      |  11|   0|   11|          0|
    |trunc_ln17_145_reg_17363      |  52|   0|   52|          0|
    |trunc_ln17_146_reg_17382      |   6|   0|    6|          0|
    |trunc_ln17_147_reg_17387      |  11|   0|   11|          0|
    |trunc_ln17_153_reg_17409      |  52|   0|   52|          0|
    |trunc_ln17_154_reg_17428      |   6|   0|    6|          0|
    |trunc_ln17_155_reg_17433      |  11|   0|   11|          0|
    |trunc_ln17_161_reg_17455      |  52|   0|   52|          0|
    |trunc_ln17_162_reg_17474      |   6|   0|    6|          0|
    |trunc_ln17_163_reg_17479      |  11|   0|   11|          0|
    |trunc_ln17_169_reg_17501      |  52|   0|   52|          0|
    |trunc_ln17_170_reg_17520      |   6|   0|    6|          0|
    |trunc_ln17_171_reg_17525      |  11|   0|   11|          0|
    |trunc_ln17_177_reg_17547      |  52|   0|   52|          0|
    |trunc_ln17_178_reg_17566      |   6|   0|    6|          0|
    |trunc_ln17_179_reg_17571      |  11|   0|   11|          0|
    |trunc_ln17_17_reg_16627       |  52|   0|   52|          0|
    |trunc_ln17_185_reg_17593      |  52|   0|   52|          0|
    |trunc_ln17_186_reg_17612      |   6|   0|    6|          0|
    |trunc_ln17_187_reg_17617      |  11|   0|   11|          0|
    |trunc_ln17_18_reg_16646       |   6|   0|    6|          0|
    |trunc_ln17_193_reg_17639      |  52|   0|   52|          0|
    |trunc_ln17_194_reg_17658      |   6|   0|    6|          0|
    |trunc_ln17_195_reg_17663      |  11|   0|   11|          0|
    |trunc_ln17_19_reg_16651       |  11|   0|   11|          0|
    |trunc_ln17_1_reg_16535        |  52|   0|   52|          0|
    |trunc_ln17_201_reg_17685      |  52|   0|   52|          0|
    |trunc_ln17_202_reg_17704      |   6|   0|    6|          0|
    |trunc_ln17_203_reg_17709      |  11|   0|   11|          0|
    |trunc_ln17_209_reg_17731      |  52|   0|   52|          0|
    |trunc_ln17_210_reg_17750      |   6|   0|    6|          0|
    |trunc_ln17_211_reg_17755      |  11|   0|   11|          0|
    |trunc_ln17_217_reg_17777      |  52|   0|   52|          0|
    |trunc_ln17_218_reg_17796      |   6|   0|    6|          0|
    |trunc_ln17_219_reg_17801      |  11|   0|   11|          0|
    |trunc_ln17_225_reg_17823      |  52|   0|   52|          0|
    |trunc_ln17_226_reg_17842      |   6|   0|    6|          0|
    |trunc_ln17_227_reg_17847      |  11|   0|   11|          0|
    |trunc_ln17_233_reg_17869      |  52|   0|   52|          0|
    |trunc_ln17_234_reg_17888      |   6|   0|    6|          0|
    |trunc_ln17_235_reg_17893      |  11|   0|   11|          0|
    |trunc_ln17_241_reg_17915      |  52|   0|   52|          0|
    |trunc_ln17_242_reg_17934      |   6|   0|    6|          0|
    |trunc_ln17_243_reg_17939      |  11|   0|   11|          0|
    |trunc_ln17_249_reg_17961      |  52|   0|   52|          0|
    |trunc_ln17_250_reg_17980      |   6|   0|    6|          0|
    |trunc_ln17_251_reg_17985      |  11|   0|   11|          0|
    |trunc_ln17_257_reg_18007      |  52|   0|   52|          0|
    |trunc_ln17_258_reg_18026      |   6|   0|    6|          0|
    |trunc_ln17_259_reg_18031      |  11|   0|   11|          0|
    |trunc_ln17_25_reg_16673       |  52|   0|   52|          0|
    |trunc_ln17_265_reg_18053      |  52|   0|   52|          0|
    |trunc_ln17_266_reg_18072      |   6|   0|    6|          0|
    |trunc_ln17_267_reg_18077      |  11|   0|   11|          0|
    |trunc_ln17_26_reg_16692       |   6|   0|    6|          0|
    |trunc_ln17_273_reg_18099      |  52|   0|   52|          0|
    |trunc_ln17_274_reg_18118      |   6|   0|    6|          0|
    |trunc_ln17_275_reg_18123      |  11|   0|   11|          0|
    |trunc_ln17_27_reg_16697       |  11|   0|   11|          0|
    |trunc_ln17_281_reg_18145      |  52|   0|   52|          0|
    |trunc_ln17_282_reg_18164      |   6|   0|    6|          0|
    |trunc_ln17_283_reg_18169      |  11|   0|   11|          0|
    |trunc_ln17_289_reg_18191      |  52|   0|   52|          0|
    |trunc_ln17_290_reg_18210      |   6|   0|    6|          0|
    |trunc_ln17_291_reg_18215      |  11|   0|   11|          0|
    |trunc_ln17_297_reg_18237      |  52|   0|   52|          0|
    |trunc_ln17_298_reg_18256      |   6|   0|    6|          0|
    |trunc_ln17_299_reg_18261      |  11|   0|   11|          0|
    |trunc_ln17_2_reg_16554        |   6|   0|    6|          0|
    |trunc_ln17_305_reg_18283      |  52|   0|   52|          0|
    |trunc_ln17_306_reg_18302      |   6|   0|    6|          0|
    |trunc_ln17_307_reg_18307      |  11|   0|   11|          0|
    |trunc_ln17_313_reg_18329      |  52|   0|   52|          0|
    |trunc_ln17_314_reg_18348      |   6|   0|    6|          0|
    |trunc_ln17_315_reg_18353      |  11|   0|   11|          0|
    |trunc_ln17_321_reg_18375      |  52|   0|   52|          0|
    |trunc_ln17_322_reg_18394      |   6|   0|    6|          0|
    |trunc_ln17_323_reg_18399      |  11|   0|   11|          0|
    |trunc_ln17_329_reg_18421      |  52|   0|   52|          0|
    |trunc_ln17_330_reg_18440      |   6|   0|    6|          0|
    |trunc_ln17_331_reg_18445      |  11|   0|   11|          0|
    |trunc_ln17_337_reg_18467      |  52|   0|   52|          0|
    |trunc_ln17_338_reg_18486      |   6|   0|    6|          0|
    |trunc_ln17_339_reg_18491      |  11|   0|   11|          0|
    |trunc_ln17_33_reg_16719       |  52|   0|   52|          0|
    |trunc_ln17_345_reg_18513      |  52|   0|   52|          0|
    |trunc_ln17_346_reg_18532      |   6|   0|    6|          0|
    |trunc_ln17_347_reg_18537      |  11|   0|   11|          0|
    |trunc_ln17_34_reg_16738       |   6|   0|    6|          0|
    |trunc_ln17_353_reg_18559      |  52|   0|   52|          0|
    |trunc_ln17_354_reg_18578      |   6|   0|    6|          0|
    |trunc_ln17_355_reg_18583      |  11|   0|   11|          0|
    |trunc_ln17_35_reg_16743       |  11|   0|   11|          0|
    |trunc_ln17_361_reg_18605      |  52|   0|   52|          0|
    |trunc_ln17_362_reg_18624      |   6|   0|    6|          0|
    |trunc_ln17_363_reg_18629      |  11|   0|   11|          0|
    |trunc_ln17_369_reg_18651      |  52|   0|   52|          0|
    |trunc_ln17_370_reg_18670      |   6|   0|    6|          0|
    |trunc_ln17_371_reg_18675      |  11|   0|   11|          0|
    |trunc_ln17_377_reg_18697      |  52|   0|   52|          0|
    |trunc_ln17_378_reg_18716      |   6|   0|    6|          0|
    |trunc_ln17_379_reg_18721      |  11|   0|   11|          0|
    |trunc_ln17_385_reg_18743      |  52|   0|   52|          0|
    |trunc_ln17_386_reg_18762      |   6|   0|    6|          0|
    |trunc_ln17_387_reg_18767      |  11|   0|   11|          0|
    |trunc_ln17_393_reg_18789      |  52|   0|   52|          0|
    |trunc_ln17_394_reg_18808      |   6|   0|    6|          0|
    |trunc_ln17_395_reg_18813      |  11|   0|   11|          0|
    |trunc_ln17_3_reg_16559        |  11|   0|   11|          0|
    |trunc_ln17_401_reg_18835      |  52|   0|   52|          0|
    |trunc_ln17_402_reg_18854      |   6|   0|    6|          0|
    |trunc_ln17_403_reg_18859      |  11|   0|   11|          0|
    |trunc_ln17_409_reg_18881      |  52|   0|   52|          0|
    |trunc_ln17_410_reg_18900      |   6|   0|    6|          0|
    |trunc_ln17_411_reg_18905      |  11|   0|   11|          0|
    |trunc_ln17_417_reg_18927      |  52|   0|   52|          0|
    |trunc_ln17_418_reg_18946      |   6|   0|    6|          0|
    |trunc_ln17_419_reg_18951      |  11|   0|   11|          0|
    |trunc_ln17_41_reg_16765       |  52|   0|   52|          0|
    |trunc_ln17_425_reg_18973      |  52|   0|   52|          0|
    |trunc_ln17_426_reg_18992      |   6|   0|    6|          0|
    |trunc_ln17_427_reg_18997      |  11|   0|   11|          0|
    |trunc_ln17_42_reg_16784       |   6|   0|    6|          0|
    |trunc_ln17_433_reg_19019      |  52|   0|   52|          0|
    |trunc_ln17_434_reg_19038      |   6|   0|    6|          0|
    |trunc_ln17_435_reg_19043      |  11|   0|   11|          0|
    |trunc_ln17_43_reg_16789       |  11|   0|   11|          0|
    |trunc_ln17_441_reg_19065      |  52|   0|   52|          0|
    |trunc_ln17_442_reg_19084      |   6|   0|    6|          0|
    |trunc_ln17_443_reg_19089      |  11|   0|   11|          0|
    |trunc_ln17_449_reg_19111      |  52|   0|   52|          0|
    |trunc_ln17_450_reg_19130      |   6|   0|    6|          0|
    |trunc_ln17_451_reg_19135      |  11|   0|   11|          0|
    |trunc_ln17_457_reg_19157      |  52|   0|   52|          0|
    |trunc_ln17_458_reg_19176      |   6|   0|    6|          0|
    |trunc_ln17_459_reg_19181      |  11|   0|   11|          0|
    |trunc_ln17_465_reg_19203      |  52|   0|   52|          0|
    |trunc_ln17_466_reg_19222      |   6|   0|    6|          0|
    |trunc_ln17_467_reg_19227      |  11|   0|   11|          0|
    |trunc_ln17_473_reg_19249      |  52|   0|   52|          0|
    |trunc_ln17_474_reg_19268      |   6|   0|    6|          0|
    |trunc_ln17_475_reg_19273      |  11|   0|   11|          0|
    |trunc_ln17_49_reg_16811       |  52|   0|   52|          0|
    |trunc_ln17_50_reg_16830       |   6|   0|    6|          0|
    |trunc_ln17_51_reg_16835       |  11|   0|   11|          0|
    |trunc_ln17_57_reg_16857       |  52|   0|   52|          0|
    |trunc_ln17_58_reg_16876       |   6|   0|    6|          0|
    |trunc_ln17_59_reg_16881       |  11|   0|   11|          0|
    |trunc_ln17_65_reg_16903       |  52|   0|   52|          0|
    |trunc_ln17_66_reg_16922       |   6|   0|    6|          0|
    |trunc_ln17_67_reg_16927       |  11|   0|   11|          0|
    |trunc_ln17_73_reg_16949       |  52|   0|   52|          0|
    |trunc_ln17_74_reg_16968       |   6|   0|    6|          0|
    |trunc_ln17_75_reg_16973       |  11|   0|   11|          0|
    |trunc_ln17_81_reg_16995       |  52|   0|   52|          0|
    |trunc_ln17_82_reg_17014       |   6|   0|    6|          0|
    |trunc_ln17_83_reg_17019       |  11|   0|   11|          0|
    |trunc_ln17_89_reg_17041       |  52|   0|   52|          0|
    |trunc_ln17_90_reg_17060       |   6|   0|    6|          0|
    |trunc_ln17_91_reg_17065       |  11|   0|   11|          0|
    |trunc_ln17_97_reg_17087       |  52|   0|   52|          0|
    |trunc_ln17_98_reg_17106       |   6|   0|    6|          0|
    |trunc_ln17_99_reg_17111       |  11|   0|   11|          0|
    |trunc_ln17_9_reg_16581        |  52|   0|   52|          0|
    +------------------------------+----+----+-----+-----------+
    |Total                         |5767|   0| 5767|          0|
    +------------------------------+----+----+-----+-----------+



================================================================
== Interface
================================================================
* Summary: 
+---------------------------------------+-----+-----+------------+----------------------------------------------------------------+--------------+
|               RTL Ports               | Dir | Bits|  Protocol  |                          Source Object                         |    C Type    |
+---------------------------------------+-----+-----+------------+----------------------------------------------------------------+--------------+
|ap_clk                                 |   in|    1|  ap_ctrl_hs|  load_input<float,array<ap_fixed,60u>>_Pipeline_VITIS_LOOP_13_1|  return value|
|ap_rst                                 |   in|    1|  ap_ctrl_hs|  load_input<float,array<ap_fixed,60u>>_Pipeline_VITIS_LOOP_13_1|  return value|
|ap_start                               |   in|    1|  ap_ctrl_hs|  load_input<float,array<ap_fixed,60u>>_Pipeline_VITIS_LOOP_13_1|  return value|
|ap_done                                |  out|    1|  ap_ctrl_hs|  load_input<float,array<ap_fixed,60u>>_Pipeline_VITIS_LOOP_13_1|  return value|
|ap_idle                                |  out|    1|  ap_ctrl_hs|  load_input<float,array<ap_fixed,60u>>_Pipeline_VITIS_LOOP_13_1|  return value|
|ap_ready                               |  out|    1|  ap_ctrl_hs|  load_input<float,array<ap_fixed,60u>>_Pipeline_VITIS_LOOP_13_1|  return value|
|m_axi_gmem_in0_0_AWVALID               |  out|    1|       m_axi|                                                        gmem_in0|       pointer|
|m_axi_gmem_in0_0_AWREADY               |   in|    1|       m_axi|                                                        gmem_in0|       pointer|
|m_axi_gmem_in0_0_AWADDR                |  out|   64|       m_axi|                                                        gmem_in0|       pointer|
|m_axi_gmem_in0_0_AWID                  |  out|    1|       m_axi|                                                        gmem_in0|       pointer|
|m_axi_gmem_in0_0_AWLEN                 |  out|   32|       m_axi|                                                        gmem_in0|       pointer|
|m_axi_gmem_in0_0_AWSIZE                |  out|    3|       m_axi|                                                        gmem_in0|       pointer|
|m_axi_gmem_in0_0_AWBURST               |  out|    2|       m_axi|                                                        gmem_in0|       pointer|
|m_axi_gmem_in0_0_AWLOCK                |  out|    2|       m_axi|                                                        gmem_in0|       pointer|
|m_axi_gmem_in0_0_AWCACHE               |  out|    4|       m_axi|                                                        gmem_in0|       pointer|
|m_axi_gmem_in0_0_AWPROT                |  out|    3|       m_axi|                                                        gmem_in0|       pointer|
|m_axi_gmem_in0_0_AWQOS                 |  out|    4|       m_axi|                                                        gmem_in0|       pointer|
|m_axi_gmem_in0_0_AWREGION              |  out|    4|       m_axi|                                                        gmem_in0|       pointer|
|m_axi_gmem_in0_0_AWUSER                |  out|    1|       m_axi|                                                        gmem_in0|       pointer|
|m_axi_gmem_in0_0_WVALID                |  out|    1|       m_axi|                                                        gmem_in0|       pointer|
|m_axi_gmem_in0_0_WREADY                |   in|    1|       m_axi|                                                        gmem_in0|       pointer|
|m_axi_gmem_in0_0_WDATA                 |  out|   32|       m_axi|                                                        gmem_in0|       pointer|
|m_axi_gmem_in0_0_WSTRB                 |  out|    4|       m_axi|                                                        gmem_in0|       pointer|
|m_axi_gmem_in0_0_WLAST                 |  out|    1|       m_axi|                                                        gmem_in0|       pointer|
|m_axi_gmem_in0_0_WID                   |  out|    1|       m_axi|                                                        gmem_in0|       pointer|
|m_axi_gmem_in0_0_WUSER                 |  out|    1|       m_axi|                                                        gmem_in0|       pointer|
|m_axi_gmem_in0_0_ARVALID               |  out|    1|       m_axi|                                                        gmem_in0|       pointer|
|m_axi_gmem_in0_0_ARREADY               |   in|    1|       m_axi|                                                        gmem_in0|       pointer|
|m_axi_gmem_in0_0_ARADDR                |  out|   64|       m_axi|                                                        gmem_in0|       pointer|
|m_axi_gmem_in0_0_ARID                  |  out|    1|       m_axi|                                                        gmem_in0|       pointer|
|m_axi_gmem_in0_0_ARLEN                 |  out|   32|       m_axi|                                                        gmem_in0|       pointer|
|m_axi_gmem_in0_0_ARSIZE                |  out|    3|       m_axi|                                                        gmem_in0|       pointer|
|m_axi_gmem_in0_0_ARBURST               |  out|    2|       m_axi|                                                        gmem_in0|       pointer|
|m_axi_gmem_in0_0_ARLOCK                |  out|    2|       m_axi|                                                        gmem_in0|       pointer|
|m_axi_gmem_in0_0_ARCACHE               |  out|    4|       m_axi|                                                        gmem_in0|       pointer|
|m_axi_gmem_in0_0_ARPROT                |  out|    3|       m_axi|                                                        gmem_in0|       pointer|
|m_axi_gmem_in0_0_ARQOS                 |  out|    4|       m_axi|                                                        gmem_in0|       pointer|
|m_axi_gmem_in0_0_ARREGION              |  out|    4|       m_axi|                                                        gmem_in0|       pointer|
|m_axi_gmem_in0_0_ARUSER                |  out|    1|       m_axi|                                                        gmem_in0|       pointer|
|m_axi_gmem_in0_0_RVALID                |   in|    1|       m_axi|                                                        gmem_in0|       pointer|
|m_axi_gmem_in0_0_RREADY                |  out|    1|       m_axi|                                                        gmem_in0|       pointer|
|m_axi_gmem_in0_0_RDATA                 |   in|   32|       m_axi|                                                        gmem_in0|       pointer|
|m_axi_gmem_in0_0_RLAST                 |   in|    1|       m_axi|                                                        gmem_in0|       pointer|
|m_axi_gmem_in0_0_RID                   |   in|    1|       m_axi|                                                        gmem_in0|       pointer|
|m_axi_gmem_in0_0_RFIFONUM              |   in|    9|       m_axi|                                                        gmem_in0|       pointer|
|m_axi_gmem_in0_0_RUSER                 |   in|    1|       m_axi|                                                        gmem_in0|       pointer|
|m_axi_gmem_in0_0_RRESP                 |   in|    2|       m_axi|                                                        gmem_in0|       pointer|
|m_axi_gmem_in0_0_BVALID                |   in|    1|       m_axi|                                                        gmem_in0|       pointer|
|m_axi_gmem_in0_0_BREADY                |  out|    1|       m_axi|                                                        gmem_in0|       pointer|
|m_axi_gmem_in0_0_BRESP                 |   in|    2|       m_axi|                                                        gmem_in0|       pointer|
|m_axi_gmem_in0_0_BID                   |   in|    1|       m_axi|                                                        gmem_in0|       pointer|
|m_axi_gmem_in0_0_BUSER                 |   in|    1|       m_axi|                                                        gmem_in0|       pointer|
|stream_in0_input_layer_din             |  out|  960|     ap_fifo|                                          stream_in0_input_layer|       pointer|
|stream_in0_input_layer_full_n          |   in|    1|     ap_fifo|                                          stream_in0_input_layer|       pointer|
|stream_in0_input_layer_write           |  out|    1|     ap_fifo|                                          stream_in0_input_layer|       pointer|
|stream_in0_input_layer_num_data_valid  |   in|    8|     ap_fifo|                                          stream_in0_input_layer|       pointer|
|stream_in0_input_layer_fifo_cap        |   in|    8|     ap_fifo|                                          stream_in0_input_layer|       pointer|
|batch_size                             |   in|   32|     ap_none|                                                      batch_size|        scalar|
|sext_ln13                              |   in|   62|     ap_none|                                                       sext_ln13|        scalar|
+---------------------------------------+-----+-----+------------+----------------------------------------------------------------+--------------+

