

================================================================
== Vitis HLS Report for 'shift_line_buffer_array_ap_fixed_16_6_5_3_0_32u_config5_s'
================================================================
* Date:           Thu Apr 30 10:50:37 2026

* Version:        2025.2 (Build 6295257 on Nov 14 2025)
* Project:        myproject_prj
* Solution:       solution1 (Vivado IP Flow Target)
* Product family: zynquplus
* Target device:  xck26-sfvc784-2LV-c


================================================================
== Performance Estimates
================================================================
+ Timing: 
    * Summary: 
    +--------+---------+----------+------------+
    |  Clock |  Target | Estimated| Uncertainty|
    +--------+---------+----------+------------+
    |ap_clk  |  5.00 ns|  1.434 ns|     1.35 ns|
    +--------+---------+----------+------------+

+ Latency: 
    * Summary: 
    +---------+---------+----------+----------+-----+-----+---------+
    |  Latency (cycles) |  Latency (absolute) |  Interval | Pipeline|
    |   min   |   max   |    min   |    max   | min | max |   Type  |
    +---------+---------+----------+----------+-----+-----+---------+
    |        0|        0|      0 ns|      0 ns|    1|    1|      yes|
    +---------+---------+----------+----------+-----+-----+---------+

    + Detail: 
        * Instance: 
        N/A

        * Loop: 
        N/A

============================================================
+ Verbose Summary: Synthesis Manager
============================================================
InlineROM: 1
ExposeGlobal: 0
============================================================
+ Verbose Summary: CDFG Model
============================================================
IsTopModel: 0
ResetActiveHigh: 1
IsCombinational: 0
IsDatapathOnly: 0
HasWiredReturn: 1
HasMFsm: 2
HasVarLatency: 0
IsPipeline: 1
IsRtlPipelined: 0
IsInstanceOverlapped: 0
IsDontTouch: 0
HasImplIP: 0
IsGatedGlobalClock: 0

+ Individual pipeline summary: 
  * Pipeline-0: initiation interval (II) = 1, depth = 1


============================================================
+ Verbose Summary: Schedule
============================================================
* Number of FSM states : 1
* Pipeline : 1
  Pipeline-0 : II = 1, D = 1, States = { 1 }
* Dataflow Pipeline: 0

* FSM state transitions: 
1 --> 

* FSM state operations: 

State 1 <SV = 0> <Delay = 1.43>
ST_1 : Operation 2 [1/1] (0.00ns)   --->   "%specpipeline_ln221 = specpipeline void @_ssdm_op_SpecPipeline, i32 4294967295, i32 0, i32 0, i32 0, i32 4294967295, void @empty_11" [firmware/nnet_utils/nnet_conv_stream.h:221]   --->   Operation 2 'specpipeline' 'specpipeline_ln221' <Predicate = true> <Delay = 0.00>
ST_1 : Operation 3 [1/1] (0.00ns)   --->   "%p_read_1 = read i16 @_ssdm_op_Read.ap_auto.i16, i16 %p_read31" [firmware/nnet_utils/nnet_conv_stream.h:241]   --->   Operation 3 'read' 'p_read_1' <Predicate = true> <Delay = 0.00>
ST_1 : Operation 4 [1/1] (0.00ns)   --->   "%p_read_2 = read i16 @_ssdm_op_Read.ap_auto.i16, i16 %p_read30" [firmware/nnet_utils/nnet_conv_stream.h:241]   --->   Operation 4 'read' 'p_read_2' <Predicate = true> <Delay = 0.00>
ST_1 : Operation 5 [1/1] (0.00ns)   --->   "%p_read_3 = read i16 @_ssdm_op_Read.ap_auto.i16, i16 %p_read29" [firmware/nnet_utils/nnet_conv_stream.h:241]   --->   Operation 5 'read' 'p_read_3' <Predicate = true> <Delay = 0.00>
ST_1 : Operation 6 [1/1] (0.00ns)   --->   "%p_read_4 = read i16 @_ssdm_op_Read.ap_auto.i16, i16 %p_read28" [firmware/nnet_utils/nnet_conv_stream.h:241]   --->   Operation 6 'read' 'p_read_4' <Predicate = true> <Delay = 0.00>
ST_1 : Operation 7 [1/1] (0.00ns)   --->   "%p_read_5 = read i16 @_ssdm_op_Read.ap_auto.i16, i16 %p_read27" [firmware/nnet_utils/nnet_conv_stream.h:241]   --->   Operation 7 'read' 'p_read_5' <Predicate = true> <Delay = 0.00>
ST_1 : Operation 8 [1/1] (0.00ns)   --->   "%p_read_6 = read i16 @_ssdm_op_Read.ap_auto.i16, i16 %p_read26" [firmware/nnet_utils/nnet_conv_stream.h:241]   --->   Operation 8 'read' 'p_read_6' <Predicate = true> <Delay = 0.00>
ST_1 : Operation 9 [1/1] (0.00ns)   --->   "%p_read_7 = read i16 @_ssdm_op_Read.ap_auto.i16, i16 %p_read25" [firmware/nnet_utils/nnet_conv_stream.h:241]   --->   Operation 9 'read' 'p_read_7' <Predicate = true> <Delay = 0.00>
ST_1 : Operation 10 [1/1] (0.00ns)   --->   "%p_read_8 = read i16 @_ssdm_op_Read.ap_auto.i16, i16 %p_read24" [firmware/nnet_utils/nnet_conv_stream.h:241]   --->   Operation 10 'read' 'p_read_8' <Predicate = true> <Delay = 0.00>
ST_1 : Operation 11 [1/1] (0.00ns)   --->   "%p_read_9 = read i16 @_ssdm_op_Read.ap_auto.i16, i16 %p_read23" [firmware/nnet_utils/nnet_conv_stream.h:241]   --->   Operation 11 'read' 'p_read_9' <Predicate = true> <Delay = 0.00>
ST_1 : Operation 12 [1/1] (0.00ns)   --->   "%p_read_10 = read i16 @_ssdm_op_Read.ap_auto.i16, i16 %p_read22" [firmware/nnet_utils/nnet_conv_stream.h:241]   --->   Operation 12 'read' 'p_read_10' <Predicate = true> <Delay = 0.00>
ST_1 : Operation 13 [1/1] (0.00ns)   --->   "%p_read_11 = read i16 @_ssdm_op_Read.ap_auto.i16, i16 %p_read21" [firmware/nnet_utils/nnet_conv_stream.h:241]   --->   Operation 13 'read' 'p_read_11' <Predicate = true> <Delay = 0.00>
ST_1 : Operation 14 [1/1] (0.00ns)   --->   "%p_read_12 = read i16 @_ssdm_op_Read.ap_auto.i16, i16 %p_read20" [firmware/nnet_utils/nnet_conv_stream.h:241]   --->   Operation 14 'read' 'p_read_12' <Predicate = true> <Delay = 0.00>
ST_1 : Operation 15 [1/1] (0.00ns)   --->   "%p_read_13 = read i16 @_ssdm_op_Read.ap_auto.i16, i16 %p_read19" [firmware/nnet_utils/nnet_conv_stream.h:241]   --->   Operation 15 'read' 'p_read_13' <Predicate = true> <Delay = 0.00>
ST_1 : Operation 16 [1/1] (0.00ns)   --->   "%p_read_14 = read i16 @_ssdm_op_Read.ap_auto.i16, i16 %p_read18" [firmware/nnet_utils/nnet_conv_stream.h:241]   --->   Operation 16 'read' 'p_read_14' <Predicate = true> <Delay = 0.00>
ST_1 : Operation 17 [1/1] (0.00ns)   --->   "%p_read_15 = read i16 @_ssdm_op_Read.ap_auto.i16, i16 %p_read17" [firmware/nnet_utils/nnet_conv_stream.h:241]   --->   Operation 17 'read' 'p_read_15' <Predicate = true> <Delay = 0.00>
ST_1 : Operation 18 [1/1] (0.00ns)   --->   "%p_read_16 = read i16 @_ssdm_op_Read.ap_auto.i16, i16 %p_read16" [firmware/nnet_utils/nnet_conv_stream.h:241]   --->   Operation 18 'read' 'p_read_16' <Predicate = true> <Delay = 0.00>
ST_1 : Operation 19 [1/1] (0.00ns)   --->   "%p_read_17 = read i16 @_ssdm_op_Read.ap_auto.i16, i16 %p_read15" [firmware/nnet_utils/nnet_conv_stream.h:241]   --->   Operation 19 'read' 'p_read_17' <Predicate = true> <Delay = 0.00>
ST_1 : Operation 20 [1/1] (0.00ns)   --->   "%p_read_18 = read i16 @_ssdm_op_Read.ap_auto.i16, i16 %p_read14" [firmware/nnet_utils/nnet_conv_stream.h:241]   --->   Operation 20 'read' 'p_read_18' <Predicate = true> <Delay = 0.00>
ST_1 : Operation 21 [1/1] (0.00ns)   --->   "%p_read_19 = read i16 @_ssdm_op_Read.ap_auto.i16, i16 %p_read13" [firmware/nnet_utils/nnet_conv_stream.h:241]   --->   Operation 21 'read' 'p_read_19' <Predicate = true> <Delay = 0.00>
ST_1 : Operation 22 [1/1] (0.00ns)   --->   "%p_read_20 = read i16 @_ssdm_op_Read.ap_auto.i16, i16 %p_read12" [firmware/nnet_utils/nnet_conv_stream.h:241]   --->   Operation 22 'read' 'p_read_20' <Predicate = true> <Delay = 0.00>
ST_1 : Operation 23 [1/1] (0.00ns)   --->   "%p_read_21 = read i16 @_ssdm_op_Read.ap_auto.i16, i16 %p_read11" [firmware/nnet_utils/nnet_conv_stream.h:241]   --->   Operation 23 'read' 'p_read_21' <Predicate = true> <Delay = 0.00>
ST_1 : Operation 24 [1/1] (0.00ns)   --->   "%p_read_22 = read i16 @_ssdm_op_Read.ap_auto.i16, i16 %p_read10" [firmware/nnet_utils/nnet_conv_stream.h:241]   --->   Operation 24 'read' 'p_read_22' <Predicate = true> <Delay = 0.00>
ST_1 : Operation 25 [1/1] (0.00ns)   --->   "%p_read_23 = read i16 @_ssdm_op_Read.ap_auto.i16, i16 %p_read9" [firmware/nnet_utils/nnet_conv_stream.h:241]   --->   Operation 25 'read' 'p_read_23' <Predicate = true> <Delay = 0.00>
ST_1 : Operation 26 [1/1] (0.00ns)   --->   "%p_read_24 = read i16 @_ssdm_op_Read.ap_auto.i16, i16 %p_read8" [firmware/nnet_utils/nnet_conv_stream.h:241]   --->   Operation 26 'read' 'p_read_24' <Predicate = true> <Delay = 0.00>
ST_1 : Operation 27 [1/1] (0.00ns)   --->   "%p_read_25 = read i16 @_ssdm_op_Read.ap_auto.i16, i16 %p_read7" [firmware/nnet_utils/nnet_conv_stream.h:241]   --->   Operation 27 'read' 'p_read_25' <Predicate = true> <Delay = 0.00>
ST_1 : Operation 28 [1/1] (0.00ns)   --->   "%p_read_26 = read i16 @_ssdm_op_Read.ap_auto.i16, i16 %p_read6" [firmware/nnet_utils/nnet_conv_stream.h:241]   --->   Operation 28 'read' 'p_read_26' <Predicate = true> <Delay = 0.00>
ST_1 : Operation 29 [1/1] (0.00ns)   --->   "%p_read_27 = read i16 @_ssdm_op_Read.ap_auto.i16, i16 %p_read5" [firmware/nnet_utils/nnet_conv_stream.h:241]   --->   Operation 29 'read' 'p_read_27' <Predicate = true> <Delay = 0.00>
ST_1 : Operation 30 [1/1] (0.00ns)   --->   "%p_read_28 = read i16 @_ssdm_op_Read.ap_auto.i16, i16 %p_read4" [firmware/nnet_utils/nnet_conv_stream.h:241]   --->   Operation 30 'read' 'p_read_28' <Predicate = true> <Delay = 0.00>
ST_1 : Operation 31 [1/1] (0.00ns)   --->   "%p_read_29 = read i16 @_ssdm_op_Read.ap_auto.i16, i16 %p_read3" [firmware/nnet_utils/nnet_conv_stream.h:241]   --->   Operation 31 'read' 'p_read_29' <Predicate = true> <Delay = 0.00>
ST_1 : Operation 32 [1/1] (0.00ns)   --->   "%p_read_30 = read i16 @_ssdm_op_Read.ap_auto.i16, i16 %p_read2" [firmware/nnet_utils/nnet_conv_stream.h:241]   --->   Operation 32 'read' 'p_read_30' <Predicate = true> <Delay = 0.00>
ST_1 : Operation 33 [1/1] (0.00ns)   --->   "%p_read_31 = read i16 @_ssdm_op_Read.ap_auto.i16, i16 %p_read1" [firmware/nnet_utils/nnet_conv_stream.h:241]   --->   Operation 33 'read' 'p_read_31' <Predicate = true> <Delay = 0.00>
ST_1 : Operation 34 [1/1] (0.00ns)   --->   "%p_read_32 = read i16 @_ssdm_op_Read.ap_auto.i16, i16 %p_read" [firmware/nnet_utils/nnet_conv_stream.h:241]   --->   Operation 34 'read' 'p_read_32' <Predicate = true> <Delay = 0.00>
ST_1 : Operation 35 [1/1] (0.71ns)   --->   "%p_i = memshiftread i16 @_ssdm_op_MemShiftRead.[13 x i16]P0A, i16 12, i16 %p_read_32, i1 1" [firmware/nnet_utils/nnet_conv_stream.h:241]   --->   Operation 35 'memshiftread' 'p_i' <Predicate = true> <Delay = 0.71> <CoreInst = "ShiftReg">   --->   Core 76 'ShiftReg' <Latency = 0> <II = 1> <Delay = 0.71> <Storage> <Opcode : 'load' 'memshiftread'> <Ports = 1> <Width = 16> <Depth = 13> <ShiftMem>
ST_1 : Operation 36 [1/1] (0.71ns)   --->   "%p_1_i = memshiftread i16 @_ssdm_op_MemShiftRead.[13 x i16]P0A, i16 12, i16 %p_i, i1 1" [firmware/nnet_utils/nnet_conv_stream.h:241]   --->   Operation 36 'memshiftread' 'p_1_i' <Predicate = true> <Delay = 0.71> <CoreInst = "ShiftReg">   --->   Core 76 'ShiftReg' <Latency = 0> <II = 1> <Delay = 0.71> <Storage> <Opcode : 'load' 'memshiftread'> <Ports = 1> <Width = 16> <Depth = 13> <ShiftMem>
ST_1 : Operation 37 [1/1] (0.71ns)   --->   "%p_2_i = memshiftread i16 @_ssdm_op_MemShiftRead.[13 x i16]P0A, i16 12, i16 %p_read_31, i1 1" [firmware/nnet_utils/nnet_conv_stream.h:241]   --->   Operation 37 'memshiftread' 'p_2_i' <Predicate = true> <Delay = 0.71> <CoreInst = "ShiftReg">   --->   Core 76 'ShiftReg' <Latency = 0> <II = 1> <Delay = 0.71> <Storage> <Opcode : 'load' 'memshiftread'> <Ports = 1> <Width = 16> <Depth = 13> <ShiftMem>
ST_1 : Operation 38 [1/1] (0.71ns)   --->   "%p_3_i = memshiftread i16 @_ssdm_op_MemShiftRead.[13 x i16]P0A, i16 12, i16 %p_2_i, i1 1" [firmware/nnet_utils/nnet_conv_stream.h:241]   --->   Operation 38 'memshiftread' 'p_3_i' <Predicate = true> <Delay = 0.71> <CoreInst = "ShiftReg">   --->   Core 76 'ShiftReg' <Latency = 0> <II = 1> <Delay = 0.71> <Storage> <Opcode : 'load' 'memshiftread'> <Ports = 1> <Width = 16> <Depth = 13> <ShiftMem>
ST_1 : Operation 39 [1/1] (0.71ns)   --->   "%p_4_i = memshiftread i16 @_ssdm_op_MemShiftRead.[13 x i16]P0A, i16 12, i16 %p_read_30, i1 1" [firmware/nnet_utils/nnet_conv_stream.h:241]   --->   Operation 39 'memshiftread' 'p_4_i' <Predicate = true> <Delay = 0.71> <CoreInst = "ShiftReg">   --->   Core 76 'ShiftReg' <Latency = 0> <II = 1> <Delay = 0.71> <Storage> <Opcode : 'load' 'memshiftread'> <Ports = 1> <Width = 16> <Depth = 13> <ShiftMem>
ST_1 : Operation 40 [1/1] (0.71ns)   --->   "%p_5_i = memshiftread i16 @_ssdm_op_MemShiftRead.[13 x i16]P0A, i16 12, i16 %p_4_i, i1 1" [firmware/nnet_utils/nnet_conv_stream.h:241]   --->   Operation 40 'memshiftread' 'p_5_i' <Predicate = true> <Delay = 0.71> <CoreInst = "ShiftReg">   --->   Core 76 'ShiftReg' <Latency = 0> <II = 1> <Delay = 0.71> <Storage> <Opcode : 'load' 'memshiftread'> <Ports = 1> <Width = 16> <Depth = 13> <ShiftMem>
ST_1 : Operation 41 [1/1] (0.71ns)   --->   "%p_6_i = memshiftread i16 @_ssdm_op_MemShiftRead.[13 x i16]P0A, i16 12, i16 %p_read_29, i1 1" [firmware/nnet_utils/nnet_conv_stream.h:241]   --->   Operation 41 'memshiftread' 'p_6_i' <Predicate = true> <Delay = 0.71> <CoreInst = "ShiftReg">   --->   Core 76 'ShiftReg' <Latency = 0> <II = 1> <Delay = 0.71> <Storage> <Opcode : 'load' 'memshiftread'> <Ports = 1> <Width = 16> <Depth = 13> <ShiftMem>
ST_1 : Operation 42 [1/1] (0.71ns)   --->   "%p_7_i = memshiftread i16 @_ssdm_op_MemShiftRead.[13 x i16]P0A, i16 12, i16 %p_6_i, i1 1" [firmware/nnet_utils/nnet_conv_stream.h:241]   --->   Operation 42 'memshiftread' 'p_7_i' <Predicate = true> <Delay = 0.71> <CoreInst = "ShiftReg">   --->   Core 76 'ShiftReg' <Latency = 0> <II = 1> <Delay = 0.71> <Storage> <Opcode : 'load' 'memshiftread'> <Ports = 1> <Width = 16> <Depth = 13> <ShiftMem>
ST_1 : Operation 43 [1/1] (0.71ns)   --->   "%p_8_i = memshiftread i16 @_ssdm_op_MemShiftRead.[13 x i16]P0A, i16 12, i16 %p_read_28, i1 1" [firmware/nnet_utils/nnet_conv_stream.h:241]   --->   Operation 43 'memshiftread' 'p_8_i' <Predicate = true> <Delay = 0.71> <CoreInst = "ShiftReg">   --->   Core 76 'ShiftReg' <Latency = 0> <II = 1> <Delay = 0.71> <Storage> <Opcode : 'load' 'memshiftread'> <Ports = 1> <Width = 16> <Depth = 13> <ShiftMem>
ST_1 : Operation 44 [1/1] (0.71ns)   --->   "%p_9_i = memshiftread i16 @_ssdm_op_MemShiftRead.[13 x i16]P0A, i16 12, i16 %p_8_i, i1 1" [firmware/nnet_utils/nnet_conv_stream.h:241]   --->   Operation 44 'memshiftread' 'p_9_i' <Predicate = true> <Delay = 0.71> <CoreInst = "ShiftReg">   --->   Core 76 'ShiftReg' <Latency = 0> <II = 1> <Delay = 0.71> <Storage> <Opcode : 'load' 'memshiftread'> <Ports = 1> <Width = 16> <Depth = 13> <ShiftMem>
ST_1 : Operation 45 [1/1] (0.71ns)   --->   "%p_10_i = memshiftread i16 @_ssdm_op_MemShiftRead.[13 x i16]P0A, i16 12, i16 %p_read_27, i1 1" [firmware/nnet_utils/nnet_conv_stream.h:241]   --->   Operation 45 'memshiftread' 'p_10_i' <Predicate = true> <Delay = 0.71> <CoreInst = "ShiftReg">   --->   Core 76 'ShiftReg' <Latency = 0> <II = 1> <Delay = 0.71> <Storage> <Opcode : 'load' 'memshiftread'> <Ports = 1> <Width = 16> <Depth = 13> <ShiftMem>
ST_1 : Operation 46 [1/1] (0.71ns)   --->   "%p_11_i = memshiftread i16 @_ssdm_op_MemShiftRead.[13 x i16]P0A, i16 12, i16 %p_10_i, i1 1" [firmware/nnet_utils/nnet_conv_stream.h:241]   --->   Operation 46 'memshiftread' 'p_11_i' <Predicate = true> <Delay = 0.71> <CoreInst = "ShiftReg">   --->   Core 76 'ShiftReg' <Latency = 0> <II = 1> <Delay = 0.71> <Storage> <Opcode : 'load' 'memshiftread'> <Ports = 1> <Width = 16> <Depth = 13> <ShiftMem>
ST_1 : Operation 47 [1/1] (0.71ns)   --->   "%p_12_i = memshiftread i16 @_ssdm_op_MemShiftRead.[13 x i16]P0A, i16 12, i16 %p_read_26, i1 1" [firmware/nnet_utils/nnet_conv_stream.h:241]   --->   Operation 47 'memshiftread' 'p_12_i' <Predicate = true> <Delay = 0.71> <CoreInst = "ShiftReg">   --->   Core 76 'ShiftReg' <Latency = 0> <II = 1> <Delay = 0.71> <Storage> <Opcode : 'load' 'memshiftread'> <Ports = 1> <Width = 16> <Depth = 13> <ShiftMem>
ST_1 : Operation 48 [1/1] (0.71ns)   --->   "%p_13_i = memshiftread i16 @_ssdm_op_MemShiftRead.[13 x i16]P0A, i16 12, i16 %p_12_i, i1 1" [firmware/nnet_utils/nnet_conv_stream.h:241]   --->   Operation 48 'memshiftread' 'p_13_i' <Predicate = true> <Delay = 0.71> <CoreInst = "ShiftReg">   --->   Core 76 'ShiftReg' <Latency = 0> <II = 1> <Delay = 0.71> <Storage> <Opcode : 'load' 'memshiftread'> <Ports = 1> <Width = 16> <Depth = 13> <ShiftMem>
ST_1 : Operation 49 [1/1] (0.71ns)   --->   "%p_14_i = memshiftread i16 @_ssdm_op_MemShiftRead.[13 x i16]P0A, i16 12, i16 %p_read_25, i1 1" [firmware/nnet_utils/nnet_conv_stream.h:241]   --->   Operation 49 'memshiftread' 'p_14_i' <Predicate = true> <Delay = 0.71> <CoreInst = "ShiftReg">   --->   Core 76 'ShiftReg' <Latency = 0> <II = 1> <Delay = 0.71> <Storage> <Opcode : 'load' 'memshiftread'> <Ports = 1> <Width = 16> <Depth = 13> <ShiftMem>
ST_1 : Operation 50 [1/1] (0.71ns)   --->   "%p_15_i = memshiftread i16 @_ssdm_op_MemShiftRead.[13 x i16]P0A, i16 12, i16 %p_14_i, i1 1" [firmware/nnet_utils/nnet_conv_stream.h:241]   --->   Operation 50 'memshiftread' 'p_15_i' <Predicate = true> <Delay = 0.71> <CoreInst = "ShiftReg">   --->   Core 76 'ShiftReg' <Latency = 0> <II = 1> <Delay = 0.71> <Storage> <Opcode : 'load' 'memshiftread'> <Ports = 1> <Width = 16> <Depth = 13> <ShiftMem>
ST_1 : Operation 51 [1/1] (0.71ns)   --->   "%p_16_i = memshiftread i16 @_ssdm_op_MemShiftRead.[13 x i16]P0A, i16 12, i16 %p_read_24, i1 1" [firmware/nnet_utils/nnet_conv_stream.h:241]   --->   Operation 51 'memshiftread' 'p_16_i' <Predicate = true> <Delay = 0.71> <CoreInst = "ShiftReg">   --->   Core 76 'ShiftReg' <Latency = 0> <II = 1> <Delay = 0.71> <Storage> <Opcode : 'load' 'memshiftread'> <Ports = 1> <Width = 16> <Depth = 13> <ShiftMem>
ST_1 : Operation 52 [1/1] (0.71ns)   --->   "%p_17_i = memshiftread i16 @_ssdm_op_MemShiftRead.[13 x i16]P0A, i16 12, i16 %p_16_i, i1 1" [firmware/nnet_utils/nnet_conv_stream.h:241]   --->   Operation 52 'memshiftread' 'p_17_i' <Predicate = true> <Delay = 0.71> <CoreInst = "ShiftReg">   --->   Core 76 'ShiftReg' <Latency = 0> <II = 1> <Delay = 0.71> <Storage> <Opcode : 'load' 'memshiftread'> <Ports = 1> <Width = 16> <Depth = 13> <ShiftMem>
ST_1 : Operation 53 [1/1] (0.71ns)   --->   "%p_18_i = memshiftread i16 @_ssdm_op_MemShiftRead.[13 x i16]P0A, i16 12, i16 %p_read_23, i1 1" [firmware/nnet_utils/nnet_conv_stream.h:241]   --->   Operation 53 'memshiftread' 'p_18_i' <Predicate = true> <Delay = 0.71> <CoreInst = "ShiftReg">   --->   Core 76 'ShiftReg' <Latency = 0> <II = 1> <Delay = 0.71> <Storage> <Opcode : 'load' 'memshiftread'> <Ports = 1> <Width = 16> <Depth = 13> <ShiftMem>
ST_1 : Operation 54 [1/1] (0.71ns)   --->   "%p_19_i = memshiftread i16 @_ssdm_op_MemShiftRead.[13 x i16]P0A, i16 12, i16 %p_18_i, i1 1" [firmware/nnet_utils/nnet_conv_stream.h:241]   --->   Operation 54 'memshiftread' 'p_19_i' <Predicate = true> <Delay = 0.71> <CoreInst = "ShiftReg">   --->   Core 76 'ShiftReg' <Latency = 0> <II = 1> <Delay = 0.71> <Storage> <Opcode : 'load' 'memshiftread'> <Ports = 1> <Width = 16> <Depth = 13> <ShiftMem>
ST_1 : Operation 55 [1/1] (0.71ns)   --->   "%p_20_i = memshiftread i16 @_ssdm_op_MemShiftRead.[13 x i16]P0A, i16 12, i16 %p_read_22, i1 1" [firmware/nnet_utils/nnet_conv_stream.h:241]   --->   Operation 55 'memshiftread' 'p_20_i' <Predicate = true> <Delay = 0.71> <CoreInst = "ShiftReg">   --->   Core 76 'ShiftReg' <Latency = 0> <II = 1> <Delay = 0.71> <Storage> <Opcode : 'load' 'memshiftread'> <Ports = 1> <Width = 16> <Depth = 13> <ShiftMem>
ST_1 : Operation 56 [1/1] (0.71ns)   --->   "%p_21_i = memshiftread i16 @_ssdm_op_MemShiftRead.[13 x i16]P0A, i16 12, i16 %p_20_i, i1 1" [firmware/nnet_utils/nnet_conv_stream.h:241]   --->   Operation 56 'memshiftread' 'p_21_i' <Predicate = true> <Delay = 0.71> <CoreInst = "ShiftReg">   --->   Core 76 'ShiftReg' <Latency = 0> <II = 1> <Delay = 0.71> <Storage> <Opcode : 'load' 'memshiftread'> <Ports = 1> <Width = 16> <Depth = 13> <ShiftMem>
ST_1 : Operation 57 [1/1] (0.71ns)   --->   "%p_22_i = memshiftread i16 @_ssdm_op_MemShiftRead.[13 x i16]P0A, i16 12, i16 %p_read_21, i1 1" [firmware/nnet_utils/nnet_conv_stream.h:241]   --->   Operation 57 'memshiftread' 'p_22_i' <Predicate = true> <Delay = 0.71> <CoreInst = "ShiftReg">   --->   Core 76 'ShiftReg' <Latency = 0> <II = 1> <Delay = 0.71> <Storage> <Opcode : 'load' 'memshiftread'> <Ports = 1> <Width = 16> <Depth = 13> <ShiftMem>
ST_1 : Operation 58 [1/1] (0.71ns)   --->   "%p_23_i = memshiftread i16 @_ssdm_op_MemShiftRead.[13 x i16]P0A, i16 12, i16 %p_22_i, i1 1" [firmware/nnet_utils/nnet_conv_stream.h:241]   --->   Operation 58 'memshiftread' 'p_23_i' <Predicate = true> <Delay = 0.71> <CoreInst = "ShiftReg">   --->   Core 76 'ShiftReg' <Latency = 0> <II = 1> <Delay = 0.71> <Storage> <Opcode : 'load' 'memshiftread'> <Ports = 1> <Width = 16> <Depth = 13> <ShiftMem>
ST_1 : Operation 59 [1/1] (0.71ns)   --->   "%p_24_i = memshiftread i16 @_ssdm_op_MemShiftRead.[13 x i16]P0A, i16 12, i16 %p_read_20, i1 1" [firmware/nnet_utils/nnet_conv_stream.h:241]   --->   Operation 59 'memshiftread' 'p_24_i' <Predicate = true> <Delay = 0.71> <CoreInst = "ShiftReg">   --->   Core 76 'ShiftReg' <Latency = 0> <II = 1> <Delay = 0.71> <Storage> <Opcode : 'load' 'memshiftread'> <Ports = 1> <Width = 16> <Depth = 13> <ShiftMem>
ST_1 : Operation 60 [1/1] (0.71ns)   --->   "%p_25_i = memshiftread i16 @_ssdm_op_MemShiftRead.[13 x i16]P0A, i16 12, i16 %p_24_i, i1 1" [firmware/nnet_utils/nnet_conv_stream.h:241]   --->   Operation 60 'memshiftread' 'p_25_i' <Predicate = true> <Delay = 0.71> <CoreInst = "ShiftReg">   --->   Core 76 'ShiftReg' <Latency = 0> <II = 1> <Delay = 0.71> <Storage> <Opcode : 'load' 'memshiftread'> <Ports = 1> <Width = 16> <Depth = 13> <ShiftMem>
ST_1 : Operation 61 [1/1] (0.71ns)   --->   "%p_26_i = memshiftread i16 @_ssdm_op_MemShiftRead.[13 x i16]P0A, i16 12, i16 %p_read_19, i1 1" [firmware/nnet_utils/nnet_conv_stream.h:241]   --->   Operation 61 'memshiftread' 'p_26_i' <Predicate = true> <Delay = 0.71> <CoreInst = "ShiftReg">   --->   Core 76 'ShiftReg' <Latency = 0> <II = 1> <Delay = 0.71> <Storage> <Opcode : 'load' 'memshiftread'> <Ports = 1> <Width = 16> <Depth = 13> <ShiftMem>
ST_1 : Operation 62 [1/1] (0.71ns)   --->   "%p_27_i = memshiftread i16 @_ssdm_op_MemShiftRead.[13 x i16]P0A, i16 12, i16 %p_26_i, i1 1" [firmware/nnet_utils/nnet_conv_stream.h:241]   --->   Operation 62 'memshiftread' 'p_27_i' <Predicate = true> <Delay = 0.71> <CoreInst = "ShiftReg">   --->   Core 76 'ShiftReg' <Latency = 0> <II = 1> <Delay = 0.71> <Storage> <Opcode : 'load' 'memshiftread'> <Ports = 1> <Width = 16> <Depth = 13> <ShiftMem>
ST_1 : Operation 63 [1/1] (0.71ns)   --->   "%p_28_i = memshiftread i16 @_ssdm_op_MemShiftRead.[13 x i16]P0A, i16 12, i16 %p_read_18, i1 1" [firmware/nnet_utils/nnet_conv_stream.h:241]   --->   Operation 63 'memshiftread' 'p_28_i' <Predicate = true> <Delay = 0.71> <CoreInst = "ShiftReg">   --->   Core 76 'ShiftReg' <Latency = 0> <II = 1> <Delay = 0.71> <Storage> <Opcode : 'load' 'memshiftread'> <Ports = 1> <Width = 16> <Depth = 13> <ShiftMem>
ST_1 : Operation 64 [1/1] (0.71ns)   --->   "%p_29_i = memshiftread i16 @_ssdm_op_MemShiftRead.[13 x i16]P0A, i16 12, i16 %p_28_i, i1 1" [firmware/nnet_utils/nnet_conv_stream.h:241]   --->   Operation 64 'memshiftread' 'p_29_i' <Predicate = true> <Delay = 0.71> <CoreInst = "ShiftReg">   --->   Core 76 'ShiftReg' <Latency = 0> <II = 1> <Delay = 0.71> <Storage> <Opcode : 'load' 'memshiftread'> <Ports = 1> <Width = 16> <Depth = 13> <ShiftMem>
ST_1 : Operation 65 [1/1] (0.71ns)   --->   "%p_30_i = memshiftread i16 @_ssdm_op_MemShiftRead.[13 x i16]P0A, i16 12, i16 %p_read_17, i1 1" [firmware/nnet_utils/nnet_conv_stream.h:241]   --->   Operation 65 'memshiftread' 'p_30_i' <Predicate = true> <Delay = 0.71> <CoreInst = "ShiftReg">   --->   Core 76 'ShiftReg' <Latency = 0> <II = 1> <Delay = 0.71> <Storage> <Opcode : 'load' 'memshiftread'> <Ports = 1> <Width = 16> <Depth = 13> <ShiftMem>
ST_1 : Operation 66 [1/1] (0.71ns)   --->   "%p_31_i = memshiftread i16 @_ssdm_op_MemShiftRead.[13 x i16]P0A, i16 12, i16 %p_30_i, i1 1" [firmware/nnet_utils/nnet_conv_stream.h:241]   --->   Operation 66 'memshiftread' 'p_31_i' <Predicate = true> <Delay = 0.71> <CoreInst = "ShiftReg">   --->   Core 76 'ShiftReg' <Latency = 0> <II = 1> <Delay = 0.71> <Storage> <Opcode : 'load' 'memshiftread'> <Ports = 1> <Width = 16> <Depth = 13> <ShiftMem>
ST_1 : Operation 67 [1/1] (0.71ns)   --->   "%p_32_i = memshiftread i16 @_ssdm_op_MemShiftRead.[13 x i16]P0A, i16 12, i16 %p_read_16, i1 1" [firmware/nnet_utils/nnet_conv_stream.h:241]   --->   Operation 67 'memshiftread' 'p_32_i' <Predicate = true> <Delay = 0.71> <CoreInst = "ShiftReg">   --->   Core 76 'ShiftReg' <Latency = 0> <II = 1> <Delay = 0.71> <Storage> <Opcode : 'load' 'memshiftread'> <Ports = 1> <Width = 16> <Depth = 13> <ShiftMem>
ST_1 : Operation 68 [1/1] (0.71ns)   --->   "%p_33_i = memshiftread i16 @_ssdm_op_MemShiftRead.[13 x i16]P0A, i16 12, i16 %p_32_i, i1 1" [firmware/nnet_utils/nnet_conv_stream.h:241]   --->   Operation 68 'memshiftread' 'p_33_i' <Predicate = true> <Delay = 0.71> <CoreInst = "ShiftReg">   --->   Core 76 'ShiftReg' <Latency = 0> <II = 1> <Delay = 0.71> <Storage> <Opcode : 'load' 'memshiftread'> <Ports = 1> <Width = 16> <Depth = 13> <ShiftMem>
ST_1 : Operation 69 [1/1] (0.71ns)   --->   "%p_34_i = memshiftread i16 @_ssdm_op_MemShiftRead.[13 x i16]P0A, i16 12, i16 %p_read_15, i1 1" [firmware/nnet_utils/nnet_conv_stream.h:241]   --->   Operation 69 'memshiftread' 'p_34_i' <Predicate = true> <Delay = 0.71> <CoreInst = "ShiftReg">   --->   Core 76 'ShiftReg' <Latency = 0> <II = 1> <Delay = 0.71> <Storage> <Opcode : 'load' 'memshiftread'> <Ports = 1> <Width = 16> <Depth = 13> <ShiftMem>
ST_1 : Operation 70 [1/1] (0.71ns)   --->   "%p_35_i = memshiftread i16 @_ssdm_op_MemShiftRead.[13 x i16]P0A, i16 12, i16 %p_34_i, i1 1" [firmware/nnet_utils/nnet_conv_stream.h:241]   --->   Operation 70 'memshiftread' 'p_35_i' <Predicate = true> <Delay = 0.71> <CoreInst = "ShiftReg">   --->   Core 76 'ShiftReg' <Latency = 0> <II = 1> <Delay = 0.71> <Storage> <Opcode : 'load' 'memshiftread'> <Ports = 1> <Width = 16> <Depth = 13> <ShiftMem>
ST_1 : Operation 71 [1/1] (0.71ns)   --->   "%p_36_i = memshiftread i16 @_ssdm_op_MemShiftRead.[13 x i16]P0A, i16 12, i16 %p_read_14, i1 1" [firmware/nnet_utils/nnet_conv_stream.h:241]   --->   Operation 71 'memshiftread' 'p_36_i' <Predicate = true> <Delay = 0.71> <CoreInst = "ShiftReg">   --->   Core 76 'ShiftReg' <Latency = 0> <II = 1> <Delay = 0.71> <Storage> <Opcode : 'load' 'memshiftread'> <Ports = 1> <Width = 16> <Depth = 13> <ShiftMem>
ST_1 : Operation 72 [1/1] (0.71ns)   --->   "%p_37_i = memshiftread i16 @_ssdm_op_MemShiftRead.[13 x i16]P0A, i16 12, i16 %p_36_i, i1 1" [firmware/nnet_utils/nnet_conv_stream.h:241]   --->   Operation 72 'memshiftread' 'p_37_i' <Predicate = true> <Delay = 0.71> <CoreInst = "ShiftReg">   --->   Core 76 'ShiftReg' <Latency = 0> <II = 1> <Delay = 0.71> <Storage> <Opcode : 'load' 'memshiftread'> <Ports = 1> <Width = 16> <Depth = 13> <ShiftMem>
ST_1 : Operation 73 [1/1] (0.71ns)   --->   "%p_38_i = memshiftread i16 @_ssdm_op_MemShiftRead.[13 x i16]P0A, i16 12, i16 %p_read_13, i1 1" [firmware/nnet_utils/nnet_conv_stream.h:241]   --->   Operation 73 'memshiftread' 'p_38_i' <Predicate = true> <Delay = 0.71> <CoreInst = "ShiftReg">   --->   Core 76 'ShiftReg' <Latency = 0> <II = 1> <Delay = 0.71> <Storage> <Opcode : 'load' 'memshiftread'> <Ports = 1> <Width = 16> <Depth = 13> <ShiftMem>
ST_1 : Operation 74 [1/1] (0.71ns)   --->   "%p_39_i = memshiftread i16 @_ssdm_op_MemShiftRead.[13 x i16]P0A, i16 12, i16 %p_38_i, i1 1" [firmware/nnet_utils/nnet_conv_stream.h:241]   --->   Operation 74 'memshiftread' 'p_39_i' <Predicate = true> <Delay = 0.71> <CoreInst = "ShiftReg">   --->   Core 76 'ShiftReg' <Latency = 0> <II = 1> <Delay = 0.71> <Storage> <Opcode : 'load' 'memshiftread'> <Ports = 1> <Width = 16> <Depth = 13> <ShiftMem>
ST_1 : Operation 75 [1/1] (0.71ns)   --->   "%p_40_i = memshiftread i16 @_ssdm_op_MemShiftRead.[13 x i16]P0A, i16 12, i16 %p_read_12, i1 1" [firmware/nnet_utils/nnet_conv_stream.h:241]   --->   Operation 75 'memshiftread' 'p_40_i' <Predicate = true> <Delay = 0.71> <CoreInst = "ShiftReg">   --->   Core 76 'ShiftReg' <Latency = 0> <II = 1> <Delay = 0.71> <Storage> <Opcode : 'load' 'memshiftread'> <Ports = 1> <Width = 16> <Depth = 13> <ShiftMem>
ST_1 : Operation 76 [1/1] (0.71ns)   --->   "%p_41_i = memshiftread i16 @_ssdm_op_MemShiftRead.[13 x i16]P0A, i16 12, i16 %p_40_i, i1 1" [firmware/nnet_utils/nnet_conv_stream.h:241]   --->   Operation 76 'memshiftread' 'p_41_i' <Predicate = true> <Delay = 0.71> <CoreInst = "ShiftReg">   --->   Core 76 'ShiftReg' <Latency = 0> <II = 1> <Delay = 0.71> <Storage> <Opcode : 'load' 'memshiftread'> <Ports = 1> <Width = 16> <Depth = 13> <ShiftMem>
ST_1 : Operation 77 [1/1] (0.71ns)   --->   "%p_42_i = memshiftread i16 @_ssdm_op_MemShiftRead.[13 x i16]P0A, i16 12, i16 %p_read_11, i1 1" [firmware/nnet_utils/nnet_conv_stream.h:241]   --->   Operation 77 'memshiftread' 'p_42_i' <Predicate = true> <Delay = 0.71> <CoreInst = "ShiftReg">   --->   Core 76 'ShiftReg' <Latency = 0> <II = 1> <Delay = 0.71> <Storage> <Opcode : 'load' 'memshiftread'> <Ports = 1> <Width = 16> <Depth = 13> <ShiftMem>
ST_1 : Operation 78 [1/1] (0.71ns)   --->   "%p_43_i = memshiftread i16 @_ssdm_op_MemShiftRead.[13 x i16]P0A, i16 12, i16 %p_42_i, i1 1" [firmware/nnet_utils/nnet_conv_stream.h:241]   --->   Operation 78 'memshiftread' 'p_43_i' <Predicate = true> <Delay = 0.71> <CoreInst = "ShiftReg">   --->   Core 76 'ShiftReg' <Latency = 0> <II = 1> <Delay = 0.71> <Storage> <Opcode : 'load' 'memshiftread'> <Ports = 1> <Width = 16> <Depth = 13> <ShiftMem>
ST_1 : Operation 79 [1/1] (0.71ns)   --->   "%p_44_i = memshiftread i16 @_ssdm_op_MemShiftRead.[13 x i16]P0A, i16 12, i16 %p_read_10, i1 1" [firmware/nnet_utils/nnet_conv_stream.h:241]   --->   Operation 79 'memshiftread' 'p_44_i' <Predicate = true> <Delay = 0.71> <CoreInst = "ShiftReg">   --->   Core 76 'ShiftReg' <Latency = 0> <II = 1> <Delay = 0.71> <Storage> <Opcode : 'load' 'memshiftread'> <Ports = 1> <Width = 16> <Depth = 13> <ShiftMem>
ST_1 : Operation 80 [1/1] (0.71ns)   --->   "%p_45_i = memshiftread i16 @_ssdm_op_MemShiftRead.[13 x i16]P0A, i16 12, i16 %p_44_i, i1 1" [firmware/nnet_utils/nnet_conv_stream.h:241]   --->   Operation 80 'memshiftread' 'p_45_i' <Predicate = true> <Delay = 0.71> <CoreInst = "ShiftReg">   --->   Core 76 'ShiftReg' <Latency = 0> <II = 1> <Delay = 0.71> <Storage> <Opcode : 'load' 'memshiftread'> <Ports = 1> <Width = 16> <Depth = 13> <ShiftMem>
ST_1 : Operation 81 [1/1] (0.71ns)   --->   "%p_46_i = memshiftread i16 @_ssdm_op_MemShiftRead.[13 x i16]P0A, i16 12, i16 %p_read_9, i1 1" [firmware/nnet_utils/nnet_conv_stream.h:241]   --->   Operation 81 'memshiftread' 'p_46_i' <Predicate = true> <Delay = 0.71> <CoreInst = "ShiftReg">   --->   Core 76 'ShiftReg' <Latency = 0> <II = 1> <Delay = 0.71> <Storage> <Opcode : 'load' 'memshiftread'> <Ports = 1> <Width = 16> <Depth = 13> <ShiftMem>
ST_1 : Operation 82 [1/1] (0.71ns)   --->   "%p_47_i = memshiftread i16 @_ssdm_op_MemShiftRead.[13 x i16]P0A, i16 12, i16 %p_46_i, i1 1" [firmware/nnet_utils/nnet_conv_stream.h:241]   --->   Operation 82 'memshiftread' 'p_47_i' <Predicate = true> <Delay = 0.71> <CoreInst = "ShiftReg">   --->   Core 76 'ShiftReg' <Latency = 0> <II = 1> <Delay = 0.71> <Storage> <Opcode : 'load' 'memshiftread'> <Ports = 1> <Width = 16> <Depth = 13> <ShiftMem>
ST_1 : Operation 83 [1/1] (0.71ns)   --->   "%p_48_i = memshiftread i16 @_ssdm_op_MemShiftRead.[13 x i16]P0A, i16 12, i16 %p_read_8, i1 1" [firmware/nnet_utils/nnet_conv_stream.h:241]   --->   Operation 83 'memshiftread' 'p_48_i' <Predicate = true> <Delay = 0.71> <CoreInst = "ShiftReg">   --->   Core 76 'ShiftReg' <Latency = 0> <II = 1> <Delay = 0.71> <Storage> <Opcode : 'load' 'memshiftread'> <Ports = 1> <Width = 16> <Depth = 13> <ShiftMem>
ST_1 : Operation 84 [1/1] (0.71ns)   --->   "%p_49_i = memshiftread i16 @_ssdm_op_MemShiftRead.[13 x i16]P0A, i16 12, i16 %p_48_i, i1 1" [firmware/nnet_utils/nnet_conv_stream.h:241]   --->   Operation 84 'memshiftread' 'p_49_i' <Predicate = true> <Delay = 0.71> <CoreInst = "ShiftReg">   --->   Core 76 'ShiftReg' <Latency = 0> <II = 1> <Delay = 0.71> <Storage> <Opcode : 'load' 'memshiftread'> <Ports = 1> <Width = 16> <Depth = 13> <ShiftMem>
ST_1 : Operation 85 [1/1] (0.71ns)   --->   "%p_50_i = memshiftread i16 @_ssdm_op_MemShiftRead.[13 x i16]P0A, i16 12, i16 %p_read_7, i1 1" [firmware/nnet_utils/nnet_conv_stream.h:241]   --->   Operation 85 'memshiftread' 'p_50_i' <Predicate = true> <Delay = 0.71> <CoreInst = "ShiftReg">   --->   Core 76 'ShiftReg' <Latency = 0> <II = 1> <Delay = 0.71> <Storage> <Opcode : 'load' 'memshiftread'> <Ports = 1> <Width = 16> <Depth = 13> <ShiftMem>
ST_1 : Operation 86 [1/1] (0.71ns)   --->   "%p_51_i = memshiftread i16 @_ssdm_op_MemShiftRead.[13 x i16]P0A, i16 12, i16 %p_50_i, i1 1" [firmware/nnet_utils/nnet_conv_stream.h:241]   --->   Operation 86 'memshiftread' 'p_51_i' <Predicate = true> <Delay = 0.71> <CoreInst = "ShiftReg">   --->   Core 76 'ShiftReg' <Latency = 0> <II = 1> <Delay = 0.71> <Storage> <Opcode : 'load' 'memshiftread'> <Ports = 1> <Width = 16> <Depth = 13> <ShiftMem>
ST_1 : Operation 87 [1/1] (0.71ns)   --->   "%p_52_i = memshiftread i16 @_ssdm_op_MemShiftRead.[13 x i16]P0A, i16 12, i16 %p_read_6, i1 1" [firmware/nnet_utils/nnet_conv_stream.h:241]   --->   Operation 87 'memshiftread' 'p_52_i' <Predicate = true> <Delay = 0.71> <CoreInst = "ShiftReg">   --->   Core 76 'ShiftReg' <Latency = 0> <II = 1> <Delay = 0.71> <Storage> <Opcode : 'load' 'memshiftread'> <Ports = 1> <Width = 16> <Depth = 13> <ShiftMem>
ST_1 : Operation 88 [1/1] (0.71ns)   --->   "%p_53_i = memshiftread i16 @_ssdm_op_MemShiftRead.[13 x i16]P0A, i16 12, i16 %p_52_i, i1 1" [firmware/nnet_utils/nnet_conv_stream.h:241]   --->   Operation 88 'memshiftread' 'p_53_i' <Predicate = true> <Delay = 0.71> <CoreInst = "ShiftReg">   --->   Core 76 'ShiftReg' <Latency = 0> <II = 1> <Delay = 0.71> <Storage> <Opcode : 'load' 'memshiftread'> <Ports = 1> <Width = 16> <Depth = 13> <ShiftMem>
ST_1 : Operation 89 [1/1] (0.71ns)   --->   "%p_54_i = memshiftread i16 @_ssdm_op_MemShiftRead.[13 x i16]P0A, i16 12, i16 %p_read_5, i1 1" [firmware/nnet_utils/nnet_conv_stream.h:241]   --->   Operation 89 'memshiftread' 'p_54_i' <Predicate = true> <Delay = 0.71> <CoreInst = "ShiftReg">   --->   Core 76 'ShiftReg' <Latency = 0> <II = 1> <Delay = 0.71> <Storage> <Opcode : 'load' 'memshiftread'> <Ports = 1> <Width = 16> <Depth = 13> <ShiftMem>
ST_1 : Operation 90 [1/1] (0.71ns)   --->   "%p_55_i = memshiftread i16 @_ssdm_op_MemShiftRead.[13 x i16]P0A, i16 12, i16 %p_54_i, i1 1" [firmware/nnet_utils/nnet_conv_stream.h:241]   --->   Operation 90 'memshiftread' 'p_55_i' <Predicate = true> <Delay = 0.71> <CoreInst = "ShiftReg">   --->   Core 76 'ShiftReg' <Latency = 0> <II = 1> <Delay = 0.71> <Storage> <Opcode : 'load' 'memshiftread'> <Ports = 1> <Width = 16> <Depth = 13> <ShiftMem>
ST_1 : Operation 91 [1/1] (0.71ns)   --->   "%p_56_i = memshiftread i16 @_ssdm_op_MemShiftRead.[13 x i16]P0A, i16 12, i16 %p_read_4, i1 1" [firmware/nnet_utils/nnet_conv_stream.h:241]   --->   Operation 91 'memshiftread' 'p_56_i' <Predicate = true> <Delay = 0.71> <CoreInst = "ShiftReg">   --->   Core 76 'ShiftReg' <Latency = 0> <II = 1> <Delay = 0.71> <Storage> <Opcode : 'load' 'memshiftread'> <Ports = 1> <Width = 16> <Depth = 13> <ShiftMem>
ST_1 : Operation 92 [1/1] (0.71ns)   --->   "%p_57_i = memshiftread i16 @_ssdm_op_MemShiftRead.[13 x i16]P0A, i16 12, i16 %p_56_i, i1 1" [firmware/nnet_utils/nnet_conv_stream.h:241]   --->   Operation 92 'memshiftread' 'p_57_i' <Predicate = true> <Delay = 0.71> <CoreInst = "ShiftReg">   --->   Core 76 'ShiftReg' <Latency = 0> <II = 1> <Delay = 0.71> <Storage> <Opcode : 'load' 'memshiftread'> <Ports = 1> <Width = 16> <Depth = 13> <ShiftMem>
ST_1 : Operation 93 [1/1] (0.71ns)   --->   "%p_58_i = memshiftread i16 @_ssdm_op_MemShiftRead.[13 x i16]P0A, i16 12, i16 %p_read_3, i1 1" [firmware/nnet_utils/nnet_conv_stream.h:241]   --->   Operation 93 'memshiftread' 'p_58_i' <Predicate = true> <Delay = 0.71> <CoreInst = "ShiftReg">   --->   Core 76 'ShiftReg' <Latency = 0> <II = 1> <Delay = 0.71> <Storage> <Opcode : 'load' 'memshiftread'> <Ports = 1> <Width = 16> <Depth = 13> <ShiftMem>
ST_1 : Operation 94 [1/1] (0.71ns)   --->   "%p_59_i = memshiftread i16 @_ssdm_op_MemShiftRead.[13 x i16]P0A, i16 12, i16 %p_58_i, i1 1" [firmware/nnet_utils/nnet_conv_stream.h:241]   --->   Operation 94 'memshiftread' 'p_59_i' <Predicate = true> <Delay = 0.71> <CoreInst = "ShiftReg">   --->   Core 76 'ShiftReg' <Latency = 0> <II = 1> <Delay = 0.71> <Storage> <Opcode : 'load' 'memshiftread'> <Ports = 1> <Width = 16> <Depth = 13> <ShiftMem>
ST_1 : Operation 95 [1/1] (0.71ns)   --->   "%p_60_i = memshiftread i16 @_ssdm_op_MemShiftRead.[13 x i16]P0A, i16 12, i16 %p_read_2, i1 1" [firmware/nnet_utils/nnet_conv_stream.h:241]   --->   Operation 95 'memshiftread' 'p_60_i' <Predicate = true> <Delay = 0.71> <CoreInst = "ShiftReg">   --->   Core 76 'ShiftReg' <Latency = 0> <II = 1> <Delay = 0.71> <Storage> <Opcode : 'load' 'memshiftread'> <Ports = 1> <Width = 16> <Depth = 13> <ShiftMem>
ST_1 : Operation 96 [1/1] (0.71ns)   --->   "%p_61_i = memshiftread i16 @_ssdm_op_MemShiftRead.[13 x i16]P0A, i16 12, i16 %p_60_i, i1 1" [firmware/nnet_utils/nnet_conv_stream.h:241]   --->   Operation 96 'memshiftread' 'p_61_i' <Predicate = true> <Delay = 0.71> <CoreInst = "ShiftReg">   --->   Core 76 'ShiftReg' <Latency = 0> <II = 1> <Delay = 0.71> <Storage> <Opcode : 'load' 'memshiftread'> <Ports = 1> <Width = 16> <Depth = 13> <ShiftMem>
ST_1 : Operation 97 [1/1] (0.71ns)   --->   "%p_62_i = memshiftread i16 @_ssdm_op_MemShiftRead.[13 x i16]P0A, i16 12, i16 %p_read_1, i1 1" [firmware/nnet_utils/nnet_conv_stream.h:241]   --->   Operation 97 'memshiftread' 'p_62_i' <Predicate = true> <Delay = 0.71> <CoreInst = "ShiftReg">   --->   Core 76 'ShiftReg' <Latency = 0> <II = 1> <Delay = 0.71> <Storage> <Opcode : 'load' 'memshiftread'> <Ports = 1> <Width = 16> <Depth = 13> <ShiftMem>
ST_1 : Operation 98 [1/1] (0.71ns)   --->   "%p_0_i = memshiftread i16 @_ssdm_op_MemShiftRead.[13 x i16]P0A, i16 12, i16 %p_62_i, i1 1" [firmware/nnet_utils/nnet_conv_stream.h:241]   --->   Operation 98 'memshiftread' 'p_0_i' <Predicate = true> <Delay = 0.71> <CoreInst = "ShiftReg">   --->   Core 76 'ShiftReg' <Latency = 0> <II = 1> <Delay = 0.71> <Storage> <Opcode : 'load' 'memshiftread'> <Ports = 1> <Width = 16> <Depth = 13> <ShiftMem>
ST_1 : Operation 99 [1/1] (0.00ns)   --->   "%p_ZZN4nnet24compute_output_buffer_2dINS_5arrayI8ap_fixedILi16ELi6EL9ap_q_mode5EL9_455 = load i16 %p_ZZN4nnet24compute_output_buffer_2dINS_5arrayI8ap_fixedILi16ELi6EL9ap_q_mode5EL9_67" [firmware/nnet_utils/nnet_conv_stream.h:196->firmware/nnet_utils/nnet_conv_stream.h:247]   --->   Operation 99 'load' 'p_ZZN4nnet24compute_output_buffer_2dINS_5arrayI8ap_fixedILi16ELi6EL9ap_q_mode5EL9_455' <Predicate = true> <Delay = 0.00>
ST_1 : Operation 100 [1/1] (0.00ns)   --->   "%store_ln196 = store i16 %p_ZZN4nnet24compute_output_buffer_2dINS_5arrayI8ap_fixedILi16ELi6EL9ap_q_mode5EL9_455, i16 %void_compute_output_buffer_2d_array_const_ap_shift_reg_n_chan_stream_weig_9" [firmware/nnet_utils/nnet_conv_stream.h:196->firmware/nnet_utils/nnet_conv_stream.h:247]   --->   Operation 100 'store' 'store_ln196' <Predicate = true> <Delay = 0.00>
ST_1 : Operation 101 [1/1] (0.00ns)   --->   "%p_ZZN4nnet24compute_output_buffer_2dINS_5arrayI8ap_fixedILi16ELi6EL9ap_q_mode5EL9_456 = load i16 %p_ZZN4nnet24compute_output_buffer_2dINS_5arrayI8ap_fixedILi16ELi6EL9ap_q_mode5EL9_66" [firmware/nnet_utils/nnet_conv_stream.h:196->firmware/nnet_utils/nnet_conv_stream.h:247]   --->   Operation 101 'load' 'p_ZZN4nnet24compute_output_buffer_2dINS_5arrayI8ap_fixedILi16ELi6EL9ap_q_mode5EL9_456' <Predicate = true> <Delay = 0.00>
ST_1 : Operation 102 [1/1] (0.00ns)   --->   "%store_ln196 = store i16 %p_ZZN4nnet24compute_output_buffer_2dINS_5arrayI8ap_fixedILi16ELi6EL9ap_q_mode5EL9_456, i16 %void_compute_output_buffer_2d_array_const_ap_shift_reg_n_chan_stream_weig_8" [firmware/nnet_utils/nnet_conv_stream.h:196->firmware/nnet_utils/nnet_conv_stream.h:247]   --->   Operation 102 'store' 'store_ln196' <Predicate = true> <Delay = 0.00>
ST_1 : Operation 103 [1/1] (0.00ns)   --->   "%p_ZZN4nnet24compute_output_buffer_2dINS_5arrayI8ap_fixedILi16ELi6EL9ap_q_mode5EL9_457 = load i16 %p_ZZN4nnet24compute_output_buffer_2dINS_5arrayI8ap_fixedILi16ELi6EL9ap_q_mode5EL9_65" [firmware/nnet_utils/nnet_conv_stream.h:196->firmware/nnet_utils/nnet_conv_stream.h:247]   --->   Operation 103 'load' 'p_ZZN4nnet24compute_output_buffer_2dINS_5arrayI8ap_fixedILi16ELi6EL9ap_q_mode5EL9_457' <Predicate = true> <Delay = 0.00>
ST_1 : Operation 104 [1/1] (0.00ns)   --->   "%store_ln196 = store i16 %p_ZZN4nnet24compute_output_buffer_2dINS_5arrayI8ap_fixedILi16ELi6EL9ap_q_mode5EL9_457, i16 %void_compute_output_buffer_2d_array_const_ap_shift_reg_n_chan_stream_weig_7" [firmware/nnet_utils/nnet_conv_stream.h:196->firmware/nnet_utils/nnet_conv_stream.h:247]   --->   Operation 104 'store' 'store_ln196' <Predicate = true> <Delay = 0.00>
ST_1 : Operation 105 [1/1] (0.00ns)   --->   "%p_ZZN4nnet24compute_output_buffer_2dINS_5arrayI8ap_fixedILi16ELi6EL9ap_q_mode5EL9_458 = load i16 %p_ZZN4nnet24compute_output_buffer_2dINS_5arrayI8ap_fixedILi16ELi6EL9ap_q_mode5EL9_64" [firmware/nnet_utils/nnet_conv_stream.h:196->firmware/nnet_utils/nnet_conv_stream.h:247]   --->   Operation 105 'load' 'p_ZZN4nnet24compute_output_buffer_2dINS_5arrayI8ap_fixedILi16ELi6EL9ap_q_mode5EL9_458' <Predicate = true> <Delay = 0.00>
ST_1 : Operation 106 [1/1] (0.00ns)   --->   "%store_ln196 = store i16 %p_ZZN4nnet24compute_output_buffer_2dINS_5arrayI8ap_fixedILi16ELi6EL9ap_q_mode5EL9_458, i16 %void_compute_output_buffer_2d_array_const_ap_shift_reg_n_chan_stream_weig_6" [firmware/nnet_utils/nnet_conv_stream.h:196->firmware/nnet_utils/nnet_conv_stream.h:247]   --->   Operation 106 'store' 'store_ln196' <Predicate = true> <Delay = 0.00>
ST_1 : Operation 107 [1/1] (0.00ns)   --->   "%p_ZZN4nnet24compute_output_buffer_2dINS_5arrayI8ap_fixedILi16ELi6EL9ap_q_mode5EL9_459 = load i16 %p_ZZN4nnet24compute_output_buffer_2dINS_5arrayI8ap_fixedILi16ELi6EL9ap_q_mode5EL9_63" [firmware/nnet_utils/nnet_conv_stream.h:196->firmware/nnet_utils/nnet_conv_stream.h:247]   --->   Operation 107 'load' 'p_ZZN4nnet24compute_output_buffer_2dINS_5arrayI8ap_fixedILi16ELi6EL9ap_q_mode5EL9_459' <Predicate = true> <Delay = 0.00>
ST_1 : Operation 108 [1/1] (0.00ns)   --->   "%store_ln196 = store i16 %p_ZZN4nnet24compute_output_buffer_2dINS_5arrayI8ap_fixedILi16ELi6EL9ap_q_mode5EL9_459, i16 %void_compute_output_buffer_2d_array_const_ap_shift_reg_n_chan_stream_weig_5" [firmware/nnet_utils/nnet_conv_stream.h:196->firmware/nnet_utils/nnet_conv_stream.h:247]   --->   Operation 108 'store' 'store_ln196' <Predicate = true> <Delay = 0.00>
ST_1 : Operation 109 [1/1] (0.00ns)   --->   "%p_ZZN4nnet24compute_output_buffer_2dINS_5arrayI8ap_fixedILi16ELi6EL9ap_q_mode5EL9_460 = load i16 %p_ZZN4nnet24compute_output_buffer_2dINS_5arrayI8ap_fixedILi16ELi6EL9ap_q_mode5EL9_62" [firmware/nnet_utils/nnet_conv_stream.h:196->firmware/nnet_utils/nnet_conv_stream.h:247]   --->   Operation 109 'load' 'p_ZZN4nnet24compute_output_buffer_2dINS_5arrayI8ap_fixedILi16ELi6EL9ap_q_mode5EL9_460' <Predicate = true> <Delay = 0.00>
ST_1 : Operation 110 [1/1] (0.00ns)   --->   "%store_ln196 = store i16 %p_ZZN4nnet24compute_output_buffer_2dINS_5arrayI8ap_fixedILi16ELi6EL9ap_q_mode5EL9_460, i16 %void_compute_output_buffer_2d_array_const_ap_shift_reg_n_chan_stream_weig_4" [firmware/nnet_utils/nnet_conv_stream.h:196->firmware/nnet_utils/nnet_conv_stream.h:247]   --->   Operation 110 'store' 'store_ln196' <Predicate = true> <Delay = 0.00>
ST_1 : Operation 111 [1/1] (0.00ns)   --->   "%p_ZZN4nnet24compute_output_buffer_2dINS_5arrayI8ap_fixedILi16ELi6EL9ap_q_mode5EL9_461 = load i16 %p_ZZN4nnet24compute_output_buffer_2dINS_5arrayI8ap_fixedILi16ELi6EL9ap_q_mode5EL9_61" [firmware/nnet_utils/nnet_conv_stream.h:196->firmware/nnet_utils/nnet_conv_stream.h:247]   --->   Operation 111 'load' 'p_ZZN4nnet24compute_output_buffer_2dINS_5arrayI8ap_fixedILi16ELi6EL9ap_q_mode5EL9_461' <Predicate = true> <Delay = 0.00>
ST_1 : Operation 112 [1/1] (0.00ns)   --->   "%store_ln196 = store i16 %p_ZZN4nnet24compute_output_buffer_2dINS_5arrayI8ap_fixedILi16ELi6EL9ap_q_mode5EL9_461, i16 %void_compute_output_buffer_2d_array_const_ap_shift_reg_n_chan_stream_weig_3" [firmware/nnet_utils/nnet_conv_stream.h:196->firmware/nnet_utils/nnet_conv_stream.h:247]   --->   Operation 112 'store' 'store_ln196' <Predicate = true> <Delay = 0.00>
ST_1 : Operation 113 [1/1] (0.00ns)   --->   "%p_ZZN4nnet24compute_output_buffer_2dINS_5arrayI8ap_fixedILi16ELi6EL9ap_q_mode5EL9_462 = load i16 %p_ZZN4nnet24compute_output_buffer_2dINS_5arrayI8ap_fixedILi16ELi6EL9ap_q_mode5EL9_60" [firmware/nnet_utils/nnet_conv_stream.h:196->firmware/nnet_utils/nnet_conv_stream.h:247]   --->   Operation 113 'load' 'p_ZZN4nnet24compute_output_buffer_2dINS_5arrayI8ap_fixedILi16ELi6EL9ap_q_mode5EL9_462' <Predicate = true> <Delay = 0.00>
ST_1 : Operation 114 [1/1] (0.00ns)   --->   "%store_ln196 = store i16 %p_ZZN4nnet24compute_output_buffer_2dINS_5arrayI8ap_fixedILi16ELi6EL9ap_q_mode5EL9_462, i16 %void_compute_output_buffer_2d_array_const_ap_shift_reg_n_chan_stream_weig_2" [firmware/nnet_utils/nnet_conv_stream.h:196->firmware/nnet_utils/nnet_conv_stream.h:247]   --->   Operation 114 'store' 'store_ln196' <Predicate = true> <Delay = 0.00>
ST_1 : Operation 115 [1/1] (0.00ns)   --->   "%p_ZZN4nnet24compute_output_buffer_2dINS_5arrayI8ap_fixedILi16ELi6EL9ap_q_mode5EL9_463 = load i16 %p_ZZN4nnet24compute_output_buffer_2dINS_5arrayI8ap_fixedILi16ELi6EL9ap_q_mode5EL9_59" [firmware/nnet_utils/nnet_conv_stream.h:196->firmware/nnet_utils/nnet_conv_stream.h:247]   --->   Operation 115 'load' 'p_ZZN4nnet24compute_output_buffer_2dINS_5arrayI8ap_fixedILi16ELi6EL9ap_q_mode5EL9_463' <Predicate = true> <Delay = 0.00>
ST_1 : Operation 116 [1/1] (0.00ns)   --->   "%store_ln196 = store i16 %p_ZZN4nnet24compute_output_buffer_2dINS_5arrayI8ap_fixedILi16ELi6EL9ap_q_mode5EL9_463, i16 %void_compute_output_buffer_2d_array_const_ap_shift_reg_n_chan_stream_weig_1" [firmware/nnet_utils/nnet_conv_stream.h:196->firmware/nnet_utils/nnet_conv_stream.h:247]   --->   Operation 116 'store' 'store_ln196' <Predicate = true> <Delay = 0.00>
ST_1 : Operation 117 [1/1] (0.00ns)   --->   "%p_ZZN4nnet24compute_output_buffer_2dINS_5arrayI8ap_fixedILi16ELi6EL9ap_q_mode5EL9_464 = load i16 %p_ZZN4nnet24compute_output_buffer_2dINS_5arrayI8ap_fixedILi16ELi6EL9ap_q_mode5EL9_58" [firmware/nnet_utils/nnet_conv_stream.h:196->firmware/nnet_utils/nnet_conv_stream.h:247]   --->   Operation 117 'load' 'p_ZZN4nnet24compute_output_buffer_2dINS_5arrayI8ap_fixedILi16ELi6EL9ap_q_mode5EL9_464' <Predicate = true> <Delay = 0.00>
ST_1 : Operation 118 [1/1] (0.00ns)   --->   "%store_ln196 = store i16 %p_ZZN4nnet24compute_output_buffer_2dINS_5arrayI8ap_fixedILi16ELi6EL9ap_q_mode5EL9_464, i16 %void_compute_output_buffer_2d_array_const_ap_shift_reg_n_chan_stream_weig" [firmware/nnet_utils/nnet_conv_stream.h:196->firmware/nnet_utils/nnet_conv_stream.h:247]   --->   Operation 118 'store' 'store_ln196' <Predicate = true> <Delay = 0.00>
ST_1 : Operation 119 [1/1] (0.00ns)   --->   "%p_ZZN4nnet24compute_output_buffer_2dINS_5arrayI8ap_fixedILi16ELi6EL9ap_q_mode5EL9_465 = load i16 %p_ZZN4nnet24compute_output_buffer_2dINS_5arrayI8ap_fixedILi16ELi6EL9ap_q_mode5EL9_57" [firmware/nnet_utils/nnet_conv_stream.h:196->firmware/nnet_utils/nnet_conv_stream.h:247]   --->   Operation 119 'load' 'p_ZZN4nnet24compute_output_buffer_2dINS_5arrayI8ap_fixedILi16ELi6EL9ap_q_mode5EL9_465' <Predicate = true> <Delay = 0.00>
ST_1 : Operation 120 [1/1] (0.00ns)   --->   "%store_ln196 = store i16 %p_ZZN4nnet24compute_output_buffer_2dINS_5arrayI8ap_fixedILi16ELi6EL9ap_q_mode5EL9_465, i16 %p_ZZN4nnet24compute_output_buffer_2dINS_5arrayI8ap_fixedILi16ELi6EL9ap_q_mode5EL9_277" [firmware/nnet_utils/nnet_conv_stream.h:196->firmware/nnet_utils/nnet_conv_stream.h:247]   --->   Operation 120 'store' 'store_ln196' <Predicate = true> <Delay = 0.00>
ST_1 : Operation 121 [1/1] (0.00ns)   --->   "%p_ZZN4nnet24compute_output_buffer_2dINS_5arrayI8ap_fixedILi16ELi6EL9ap_q_mode5EL9_466 = load i16 %p_ZZN4nnet24compute_output_buffer_2dINS_5arrayI8ap_fixedILi16ELi6EL9ap_q_mode5EL9_56" [firmware/nnet_utils/nnet_conv_stream.h:196->firmware/nnet_utils/nnet_conv_stream.h:247]   --->   Operation 121 'load' 'p_ZZN4nnet24compute_output_buffer_2dINS_5arrayI8ap_fixedILi16ELi6EL9ap_q_mode5EL9_466' <Predicate = true> <Delay = 0.00>
ST_1 : Operation 122 [1/1] (0.00ns)   --->   "%store_ln196 = store i16 %p_ZZN4nnet24compute_output_buffer_2dINS_5arrayI8ap_fixedILi16ELi6EL9ap_q_mode5EL9_466, i16 %p_ZZN4nnet24compute_output_buffer_2dINS_5arrayI8ap_fixedILi16ELi6EL9ap_q_mode5EL9_288" [firmware/nnet_utils/nnet_conv_stream.h:196->firmware/nnet_utils/nnet_conv_stream.h:247]   --->   Operation 122 'store' 'store_ln196' <Predicate = true> <Delay = 0.00>
ST_1 : Operation 123 [1/1] (0.00ns)   --->   "%p_ZZN4nnet24compute_output_buffer_2dINS_5arrayI8ap_fixedILi16ELi6EL9ap_q_mode5EL9_467 = load i16 %p_ZZN4nnet24compute_output_buffer_2dINS_5arrayI8ap_fixedILi16ELi6EL9ap_q_mode5EL9_55" [firmware/nnet_utils/nnet_conv_stream.h:196->firmware/nnet_utils/nnet_conv_stream.h:247]   --->   Operation 123 'load' 'p_ZZN4nnet24compute_output_buffer_2dINS_5arrayI8ap_fixedILi16ELi6EL9ap_q_mode5EL9_467' <Predicate = true> <Delay = 0.00>
ST_1 : Operation 124 [1/1] (0.00ns)   --->   "%store_ln196 = store i16 %p_ZZN4nnet24compute_output_buffer_2dINS_5arrayI8ap_fixedILi16ELi6EL9ap_q_mode5EL9_467, i16 %p_ZZN4nnet24compute_output_buffer_2dINS_5arrayI8ap_fixedILi16ELi6EL9ap_q_mode5EL9_299" [firmware/nnet_utils/nnet_conv_stream.h:196->firmware/nnet_utils/nnet_conv_stream.h:247]   --->   Operation 124 'store' 'store_ln196' <Predicate = true> <Delay = 0.00>
ST_1 : Operation 125 [1/1] (0.00ns)   --->   "%p_ZZN4nnet24compute_output_buffer_2dINS_5arrayI8ap_fixedILi16ELi6EL9ap_q_mode5EL9_468 = load i16 %p_ZZN4nnet24compute_output_buffer_2dINS_5arrayI8ap_fixedILi16ELi6EL9ap_q_mode5EL9_54" [firmware/nnet_utils/nnet_conv_stream.h:196->firmware/nnet_utils/nnet_conv_stream.h:247]   --->   Operation 125 'load' 'p_ZZN4nnet24compute_output_buffer_2dINS_5arrayI8ap_fixedILi16ELi6EL9ap_q_mode5EL9_468' <Predicate = true> <Delay = 0.00>
ST_1 : Operation 126 [1/1] (0.00ns)   --->   "%store_ln196 = store i16 %p_ZZN4nnet24compute_output_buffer_2dINS_5arrayI8ap_fixedILi16ELi6EL9ap_q_mode5EL9_468, i16 %p_ZZN4nnet24compute_output_buffer_2dINS_5arrayI8ap_fixedILi16ELi6EL9ap_q_mode5EL9_310" [firmware/nnet_utils/nnet_conv_stream.h:196->firmware/nnet_utils/nnet_conv_stream.h:247]   --->   Operation 126 'store' 'store_ln196' <Predicate = true> <Delay = 0.00>
ST_1 : Operation 127 [1/1] (0.00ns)   --->   "%p_ZZN4nnet24compute_output_buffer_2dINS_5arrayI8ap_fixedILi16ELi6EL9ap_q_mode5EL9_469 = load i16 %p_ZZN4nnet24compute_output_buffer_2dINS_5arrayI8ap_fixedILi16ELi6EL9ap_q_mode5EL9_53" [firmware/nnet_utils/nnet_conv_stream.h:196->firmware/nnet_utils/nnet_conv_stream.h:247]   --->   Operation 127 'load' 'p_ZZN4nnet24compute_output_buffer_2dINS_5arrayI8ap_fixedILi16ELi6EL9ap_q_mode5EL9_469' <Predicate = true> <Delay = 0.00>
ST_1 : Operation 128 [1/1] (0.00ns)   --->   "%store_ln196 = store i16 %p_ZZN4nnet24compute_output_buffer_2dINS_5arrayI8ap_fixedILi16ELi6EL9ap_q_mode5EL9_469, i16 %p_ZZN4nnet24compute_output_buffer_2dINS_5arrayI8ap_fixedILi16ELi6EL9ap_q_mode5EL9_321" [firmware/nnet_utils/nnet_conv_stream.h:196->firmware/nnet_utils/nnet_conv_stream.h:247]   --->   Operation 128 'store' 'store_ln196' <Predicate = true> <Delay = 0.00>
ST_1 : Operation 129 [1/1] (0.00ns)   --->   "%p_ZZN4nnet24compute_output_buffer_2dINS_5arrayI8ap_fixedILi16ELi6EL9ap_q_mode5EL9_470 = load i16 %p_ZZN4nnet24compute_output_buffer_2dINS_5arrayI8ap_fixedILi16ELi6EL9ap_q_mode5EL9_52" [firmware/nnet_utils/nnet_conv_stream.h:196->firmware/nnet_utils/nnet_conv_stream.h:247]   --->   Operation 129 'load' 'p_ZZN4nnet24compute_output_buffer_2dINS_5arrayI8ap_fixedILi16ELi6EL9ap_q_mode5EL9_470' <Predicate = true> <Delay = 0.00>
ST_1 : Operation 130 [1/1] (0.00ns)   --->   "%store_ln196 = store i16 %p_ZZN4nnet24compute_output_buffer_2dINS_5arrayI8ap_fixedILi16ELi6EL9ap_q_mode5EL9_470, i16 %p_ZZN4nnet24compute_output_buffer_2dINS_5arrayI8ap_fixedILi16ELi6EL9ap_q_mode5EL9_332" [firmware/nnet_utils/nnet_conv_stream.h:196->firmware/nnet_utils/nnet_conv_stream.h:247]   --->   Operation 130 'store' 'store_ln196' <Predicate = true> <Delay = 0.00>
ST_1 : Operation 131 [1/1] (0.00ns)   --->   "%p_ZZN4nnet24compute_output_buffer_2dINS_5arrayI8ap_fixedILi16ELi6EL9ap_q_mode5EL9_471 = load i16 %p_ZZN4nnet24compute_output_buffer_2dINS_5arrayI8ap_fixedILi16ELi6EL9ap_q_mode5EL9_51" [firmware/nnet_utils/nnet_conv_stream.h:196->firmware/nnet_utils/nnet_conv_stream.h:247]   --->   Operation 131 'load' 'p_ZZN4nnet24compute_output_buffer_2dINS_5arrayI8ap_fixedILi16ELi6EL9ap_q_mode5EL9_471' <Predicate = true> <Delay = 0.00>
ST_1 : Operation 132 [1/1] (0.00ns)   --->   "%store_ln196 = store i16 %p_ZZN4nnet24compute_output_buffer_2dINS_5arrayI8ap_fixedILi16ELi6EL9ap_q_mode5EL9_471, i16 %p_ZZN4nnet24compute_output_buffer_2dINS_5arrayI8ap_fixedILi16ELi6EL9ap_q_mode5EL9_343" [firmware/nnet_utils/nnet_conv_stream.h:196->firmware/nnet_utils/nnet_conv_stream.h:247]   --->   Operation 132 'store' 'store_ln196' <Predicate = true> <Delay = 0.00>
ST_1 : Operation 133 [1/1] (0.00ns)   --->   "%p_ZZN4nnet24compute_output_buffer_2dINS_5arrayI8ap_fixedILi16ELi6EL9ap_q_mode5EL9_472 = load i16 %p_ZZN4nnet24compute_output_buffer_2dINS_5arrayI8ap_fixedILi16ELi6EL9ap_q_mode5EL9_50" [firmware/nnet_utils/nnet_conv_stream.h:196->firmware/nnet_utils/nnet_conv_stream.h:247]   --->   Operation 133 'load' 'p_ZZN4nnet24compute_output_buffer_2dINS_5arrayI8ap_fixedILi16ELi6EL9ap_q_mode5EL9_472' <Predicate = true> <Delay = 0.00>
ST_1 : Operation 134 [1/1] (0.00ns)   --->   "%store_ln196 = store i16 %p_ZZN4nnet24compute_output_buffer_2dINS_5arrayI8ap_fixedILi16ELi6EL9ap_q_mode5EL9_472, i16 %p_ZZN4nnet24compute_output_buffer_2dINS_5arrayI8ap_fixedILi16ELi6EL9ap_q_mode5EL9_354" [firmware/nnet_utils/nnet_conv_stream.h:196->firmware/nnet_utils/nnet_conv_stream.h:247]   --->   Operation 134 'store' 'store_ln196' <Predicate = true> <Delay = 0.00>
ST_1 : Operation 135 [1/1] (0.00ns)   --->   "%p_ZZN4nnet24compute_output_buffer_2dINS_5arrayI8ap_fixedILi16ELi6EL9ap_q_mode5EL9_473 = load i16 %p_ZZN4nnet24compute_output_buffer_2dINS_5arrayI8ap_fixedILi16ELi6EL9ap_q_mode5EL9_49" [firmware/nnet_utils/nnet_conv_stream.h:196->firmware/nnet_utils/nnet_conv_stream.h:247]   --->   Operation 135 'load' 'p_ZZN4nnet24compute_output_buffer_2dINS_5arrayI8ap_fixedILi16ELi6EL9ap_q_mode5EL9_473' <Predicate = true> <Delay = 0.00>
ST_1 : Operation 136 [1/1] (0.00ns)   --->   "%store_ln196 = store i16 %p_ZZN4nnet24compute_output_buffer_2dINS_5arrayI8ap_fixedILi16ELi6EL9ap_q_mode5EL9_473, i16 %p_ZZN4nnet24compute_output_buffer_2dINS_5arrayI8ap_fixedILi16ELi6EL9ap_q_mode5EL9_365" [firmware/nnet_utils/nnet_conv_stream.h:196->firmware/nnet_utils/nnet_conv_stream.h:247]   --->   Operation 136 'store' 'store_ln196' <Predicate = true> <Delay = 0.00>
ST_1 : Operation 137 [1/1] (0.00ns)   --->   "%p_ZZN4nnet24compute_output_buffer_2dINS_5arrayI8ap_fixedILi16ELi6EL9ap_q_mode5EL9_474 = load i16 %p_ZZN4nnet24compute_output_buffer_2dINS_5arrayI8ap_fixedILi16ELi6EL9ap_q_mode5EL9_48" [firmware/nnet_utils/nnet_conv_stream.h:196->firmware/nnet_utils/nnet_conv_stream.h:247]   --->   Operation 137 'load' 'p_ZZN4nnet24compute_output_buffer_2dINS_5arrayI8ap_fixedILi16ELi6EL9ap_q_mode5EL9_474' <Predicate = true> <Delay = 0.00>
ST_1 : Operation 138 [1/1] (0.00ns)   --->   "%store_ln196 = store i16 %p_ZZN4nnet24compute_output_buffer_2dINS_5arrayI8ap_fixedILi16ELi6EL9ap_q_mode5EL9_474, i16 %p_ZZN4nnet24compute_output_buffer_2dINS_5arrayI8ap_fixedILi16ELi6EL9ap_q_mode5EL9_376" [firmware/nnet_utils/nnet_conv_stream.h:196->firmware/nnet_utils/nnet_conv_stream.h:247]   --->   Operation 138 'store' 'store_ln196' <Predicate = true> <Delay = 0.00>
ST_1 : Operation 139 [1/1] (0.00ns)   --->   "%p_ZZN4nnet24compute_output_buffer_2dINS_5arrayI8ap_fixedILi16ELi6EL9ap_q_mode5EL9_475 = load i16 %p_ZZN4nnet24compute_output_buffer_2dINS_5arrayI8ap_fixedILi16ELi6EL9ap_q_mode5EL9_47" [firmware/nnet_utils/nnet_conv_stream.h:196->firmware/nnet_utils/nnet_conv_stream.h:247]   --->   Operation 139 'load' 'p_ZZN4nnet24compute_output_buffer_2dINS_5arrayI8ap_fixedILi16ELi6EL9ap_q_mode5EL9_475' <Predicate = true> <Delay = 0.00>
ST_1 : Operation 140 [1/1] (0.00ns)   --->   "%store_ln196 = store i16 %p_ZZN4nnet24compute_output_buffer_2dINS_5arrayI8ap_fixedILi16ELi6EL9ap_q_mode5EL9_475, i16 %p_ZZN4nnet24compute_output_buffer_2dINS_5arrayI8ap_fixedILi16ELi6EL9ap_q_mode5EL9_387" [firmware/nnet_utils/nnet_conv_stream.h:196->firmware/nnet_utils/nnet_conv_stream.h:247]   --->   Operation 140 'store' 'store_ln196' <Predicate = true> <Delay = 0.00>
ST_1 : Operation 141 [1/1] (0.00ns)   --->   "%p_ZZN4nnet24compute_output_buffer_2dINS_5arrayI8ap_fixedILi16ELi6EL9ap_q_mode5EL9_476 = load i16 %p_ZZN4nnet24compute_output_buffer_2dINS_5arrayI8ap_fixedILi16ELi6EL9ap_q_mode5EL9_46" [firmware/nnet_utils/nnet_conv_stream.h:196->firmware/nnet_utils/nnet_conv_stream.h:247]   --->   Operation 141 'load' 'p_ZZN4nnet24compute_output_buffer_2dINS_5arrayI8ap_fixedILi16ELi6EL9ap_q_mode5EL9_476' <Predicate = true> <Delay = 0.00>
ST_1 : Operation 142 [1/1] (0.00ns)   --->   "%store_ln196 = store i16 %p_ZZN4nnet24compute_output_buffer_2dINS_5arrayI8ap_fixedILi16ELi6EL9ap_q_mode5EL9_476, i16 %p_ZZN4nnet24compute_output_buffer_2dINS_5arrayI8ap_fixedILi16ELi6EL9ap_q_mode5EL9_398" [firmware/nnet_utils/nnet_conv_stream.h:196->firmware/nnet_utils/nnet_conv_stream.h:247]   --->   Operation 142 'store' 'store_ln196' <Predicate = true> <Delay = 0.00>
ST_1 : Operation 143 [1/1] (0.00ns)   --->   "%p_ZZN4nnet24compute_output_buffer_2dINS_5arrayI8ap_fixedILi16ELi6EL9ap_q_mode5EL9_477 = load i16 %p_ZZN4nnet24compute_output_buffer_2dINS_5arrayI8ap_fixedILi16ELi6EL9ap_q_mode5EL9_45" [firmware/nnet_utils/nnet_conv_stream.h:196->firmware/nnet_utils/nnet_conv_stream.h:247]   --->   Operation 143 'load' 'p_ZZN4nnet24compute_output_buffer_2dINS_5arrayI8ap_fixedILi16ELi6EL9ap_q_mode5EL9_477' <Predicate = true> <Delay = 0.00>
ST_1 : Operation 144 [1/1] (0.00ns)   --->   "%store_ln196 = store i16 %p_ZZN4nnet24compute_output_buffer_2dINS_5arrayI8ap_fixedILi16ELi6EL9ap_q_mode5EL9_477, i16 %p_ZZN4nnet24compute_output_buffer_2dINS_5arrayI8ap_fixedILi16ELi6EL9ap_q_mode5EL9_409" [firmware/nnet_utils/nnet_conv_stream.h:196->firmware/nnet_utils/nnet_conv_stream.h:247]   --->   Operation 144 'store' 'store_ln196' <Predicate = true> <Delay = 0.00>
ST_1 : Operation 145 [1/1] (0.00ns)   --->   "%p_ZZN4nnet24compute_output_buffer_2dINS_5arrayI8ap_fixedILi16ELi6EL9ap_q_mode5EL9_478 = load i16 %p_ZZN4nnet24compute_output_buffer_2dINS_5arrayI8ap_fixedILi16ELi6EL9ap_q_mode5EL9_44" [firmware/nnet_utils/nnet_conv_stream.h:196->firmware/nnet_utils/nnet_conv_stream.h:247]   --->   Operation 145 'load' 'p_ZZN4nnet24compute_output_buffer_2dINS_5arrayI8ap_fixedILi16ELi6EL9ap_q_mode5EL9_478' <Predicate = true> <Delay = 0.00>
ST_1 : Operation 146 [1/1] (0.00ns)   --->   "%store_ln196 = store i16 %p_ZZN4nnet24compute_output_buffer_2dINS_5arrayI8ap_fixedILi16ELi6EL9ap_q_mode5EL9_478, i16 %p_ZZN4nnet24compute_output_buffer_2dINS_5arrayI8ap_fixedILi16ELi6EL9ap_q_mode5EL9_420" [firmware/nnet_utils/nnet_conv_stream.h:196->firmware/nnet_utils/nnet_conv_stream.h:247]   --->   Operation 146 'store' 'store_ln196' <Predicate = true> <Delay = 0.00>
ST_1 : Operation 147 [1/1] (0.00ns)   --->   "%p_ZZN4nnet24compute_output_buffer_2dINS_5arrayI8ap_fixedILi16ELi6EL9ap_q_mode5EL9_479 = load i16 %p_ZZN4nnet24compute_output_buffer_2dINS_5arrayI8ap_fixedILi16ELi6EL9ap_q_mode5EL9_43" [firmware/nnet_utils/nnet_conv_stream.h:196->firmware/nnet_utils/nnet_conv_stream.h:247]   --->   Operation 147 'load' 'p_ZZN4nnet24compute_output_buffer_2dINS_5arrayI8ap_fixedILi16ELi6EL9ap_q_mode5EL9_479' <Predicate = true> <Delay = 0.00>
ST_1 : Operation 148 [1/1] (0.00ns)   --->   "%store_ln196 = store i16 %p_ZZN4nnet24compute_output_buffer_2dINS_5arrayI8ap_fixedILi16ELi6EL9ap_q_mode5EL9_479, i16 %p_ZZN4nnet24compute_output_buffer_2dINS_5arrayI8ap_fixedILi16ELi6EL9ap_q_mode5EL9_431" [firmware/nnet_utils/nnet_conv_stream.h:196->firmware/nnet_utils/nnet_conv_stream.h:247]   --->   Operation 148 'store' 'store_ln196' <Predicate = true> <Delay = 0.00>
ST_1 : Operation 149 [1/1] (0.00ns)   --->   "%p_ZZN4nnet24compute_output_buffer_2dINS_5arrayI8ap_fixedILi16ELi6EL9ap_q_mode5EL9_480 = load i16 %p_ZZN4nnet24compute_output_buffer_2dINS_5arrayI8ap_fixedILi16ELi6EL9ap_q_mode5EL9_42" [firmware/nnet_utils/nnet_conv_stream.h:196->firmware/nnet_utils/nnet_conv_stream.h:247]   --->   Operation 149 'load' 'p_ZZN4nnet24compute_output_buffer_2dINS_5arrayI8ap_fixedILi16ELi6EL9ap_q_mode5EL9_480' <Predicate = true> <Delay = 0.00>
ST_1 : Operation 150 [1/1] (0.00ns)   --->   "%store_ln196 = store i16 %p_ZZN4nnet24compute_output_buffer_2dINS_5arrayI8ap_fixedILi16ELi6EL9ap_q_mode5EL9_480, i16 %p_ZZN4nnet24compute_output_buffer_2dINS_5arrayI8ap_fixedILi16ELi6EL9ap_q_mode5EL9_442" [firmware/nnet_utils/nnet_conv_stream.h:196->firmware/nnet_utils/nnet_conv_stream.h:247]   --->   Operation 150 'store' 'store_ln196' <Predicate = true> <Delay = 0.00>
ST_1 : Operation 151 [1/1] (0.00ns)   --->   "%p_ZZN4nnet24compute_output_buffer_2dINS_5arrayI8ap_fixedILi16ELi6EL9ap_q_mode5EL9_481 = load i16 %p_ZZN4nnet24compute_output_buffer_2dINS_5arrayI8ap_fixedILi16ELi6EL9ap_q_mode5EL9_41" [firmware/nnet_utils/nnet_conv_stream.h:196->firmware/nnet_utils/nnet_conv_stream.h:247]   --->   Operation 151 'load' 'p_ZZN4nnet24compute_output_buffer_2dINS_5arrayI8ap_fixedILi16ELi6EL9ap_q_mode5EL9_481' <Predicate = true> <Delay = 0.00>
ST_1 : Operation 152 [1/1] (0.00ns)   --->   "%store_ln196 = store i16 %p_ZZN4nnet24compute_output_buffer_2dINS_5arrayI8ap_fixedILi16ELi6EL9ap_q_mode5EL9_481, i16 %p_ZZN4nnet24compute_output_buffer_2dINS_5arrayI8ap_fixedILi16ELi6EL9ap_q_mode5EL9_453" [firmware/nnet_utils/nnet_conv_stream.h:196->firmware/nnet_utils/nnet_conv_stream.h:247]   --->   Operation 152 'store' 'store_ln196' <Predicate = true> <Delay = 0.00>
ST_1 : Operation 153 [1/1] (0.00ns)   --->   "%p_ZZN4nnet24compute_output_buffer_2dINS_5arrayI8ap_fixedILi16ELi6EL9ap_q_mode5EL9_482 = load i16 %p_ZZN4nnet24compute_output_buffer_2dINS_5arrayI8ap_fixedILi16ELi6EL9ap_q_mode5EL9_40" [firmware/nnet_utils/nnet_conv_stream.h:196->firmware/nnet_utils/nnet_conv_stream.h:247]   --->   Operation 153 'load' 'p_ZZN4nnet24compute_output_buffer_2dINS_5arrayI8ap_fixedILi16ELi6EL9ap_q_mode5EL9_482' <Predicate = true> <Delay = 0.00>
ST_1 : Operation 154 [1/1] (0.00ns)   --->   "%store_ln196 = store i16 %p_ZZN4nnet24compute_output_buffer_2dINS_5arrayI8ap_fixedILi16ELi6EL9ap_q_mode5EL9_482, i16 %p_ZZN4nnet24compute_output_buffer_2dINS_5arrayI8ap_fixedILi16ELi6EL9ap_q_mode5EL9_90" [firmware/nnet_utils/nnet_conv_stream.h:196->firmware/nnet_utils/nnet_conv_stream.h:247]   --->   Operation 154 'store' 'store_ln196' <Predicate = true> <Delay = 0.00>
ST_1 : Operation 155 [1/1] (0.00ns)   --->   "%p_ZZN4nnet24compute_output_buffer_2dINS_5arrayI8ap_fixedILi16ELi6EL9ap_q_mode5EL9_483 = load i16 %p_ZZN4nnet24compute_output_buffer_2dINS_5arrayI8ap_fixedILi16ELi6EL9ap_q_mode5EL9_39" [firmware/nnet_utils/nnet_conv_stream.h:196->firmware/nnet_utils/nnet_conv_stream.h:247]   --->   Operation 155 'load' 'p_ZZN4nnet24compute_output_buffer_2dINS_5arrayI8ap_fixedILi16ELi6EL9ap_q_mode5EL9_483' <Predicate = true> <Delay = 0.00>
ST_1 : Operation 156 [1/1] (0.00ns)   --->   "%store_ln196 = store i16 %p_ZZN4nnet24compute_output_buffer_2dINS_5arrayI8ap_fixedILi16ELi6EL9ap_q_mode5EL9_483, i16 %p_ZZN4nnet24compute_output_buffer_2dINS_5arrayI8ap_fixedILi16ELi6EL9ap_q_mode5EL9_79" [firmware/nnet_utils/nnet_conv_stream.h:196->firmware/nnet_utils/nnet_conv_stream.h:247]   --->   Operation 156 'store' 'store_ln196' <Predicate = true> <Delay = 0.00>
ST_1 : Operation 157 [1/1] (0.00ns)   --->   "%p_ZZN4nnet24compute_output_buffer_2dINS_5arrayI8ap_fixedILi16ELi6EL9ap_q_mode5EL9_484 = load i16 %p_ZZN4nnet24compute_output_buffer_2dINS_5arrayI8ap_fixedILi16ELi6EL9ap_q_mode5EL9_38" [firmware/nnet_utils/nnet_conv_stream.h:196->firmware/nnet_utils/nnet_conv_stream.h:247]   --->   Operation 157 'load' 'p_ZZN4nnet24compute_output_buffer_2dINS_5arrayI8ap_fixedILi16ELi6EL9ap_q_mode5EL9_484' <Predicate = true> <Delay = 0.00>
ST_1 : Operation 158 [1/1] (0.00ns)   --->   "%store_ln196 = store i16 %p_ZZN4nnet24compute_output_buffer_2dINS_5arrayI8ap_fixedILi16ELi6EL9ap_q_mode5EL9_484, i16 %p_ZZN4nnet24compute_output_buffer_2dINS_5arrayI8ap_fixedILi16ELi6EL9ap_q_mode5EL9_70" [firmware/nnet_utils/nnet_conv_stream.h:196->firmware/nnet_utils/nnet_conv_stream.h:247]   --->   Operation 158 'store' 'store_ln196' <Predicate = true> <Delay = 0.00>
ST_1 : Operation 159 [1/1] (0.00ns)   --->   "%p_ZZN4nnet24compute_output_buffer_2dINS_5arrayI8ap_fixedILi16ELi6EL9ap_q_mode5EL9_485 = load i16 %p_ZZN4nnet24compute_output_buffer_2dINS_5arrayI8ap_fixedILi16ELi6EL9ap_q_mode5EL9_37" [firmware/nnet_utils/nnet_conv_stream.h:196->firmware/nnet_utils/nnet_conv_stream.h:247]   --->   Operation 159 'load' 'p_ZZN4nnet24compute_output_buffer_2dINS_5arrayI8ap_fixedILi16ELi6EL9ap_q_mode5EL9_485' <Predicate = true> <Delay = 0.00>
ST_1 : Operation 160 [1/1] (0.00ns)   --->   "%store_ln196 = store i16 %p_ZZN4nnet24compute_output_buffer_2dINS_5arrayI8ap_fixedILi16ELi6EL9ap_q_mode5EL9_485, i16 %p_ZZN4nnet24compute_output_buffer_2dINS_5arrayI8ap_fixedILi16ELi6EL9ap_q_mode5EL9_69" [firmware/nnet_utils/nnet_conv_stream.h:196->firmware/nnet_utils/nnet_conv_stream.h:247]   --->   Operation 160 'store' 'store_ln196' <Predicate = true> <Delay = 0.00>
ST_1 : Operation 161 [1/1] (0.00ns)   --->   "%p_ZZN4nnet24compute_output_buffer_2dINS_5arrayI8ap_fixedILi16ELi6EL9ap_q_mode5EL9_486 = load i16 %p_ZZN4nnet24compute_output_buffer_2dINS_5arrayI8ap_fixedILi16ELi6EL9ap_q_mode5EL9_36" [firmware/nnet_utils/nnet_conv_stream.h:196->firmware/nnet_utils/nnet_conv_stream.h:247]   --->   Operation 161 'load' 'p_ZZN4nnet24compute_output_buffer_2dINS_5arrayI8ap_fixedILi16ELi6EL9ap_q_mode5EL9_486' <Predicate = true> <Delay = 0.00>
ST_1 : Operation 162 [1/1] (0.00ns)   --->   "%store_ln196 = store i16 %p_ZZN4nnet24compute_output_buffer_2dINS_5arrayI8ap_fixedILi16ELi6EL9ap_q_mode5EL9_486, i16 %p_ZZN4nnet24compute_output_buffer_2dINS_5arrayI8ap_fixedILi16ELi6EL9ap_q_mode5EL9_68" [firmware/nnet_utils/nnet_conv_stream.h:196->firmware/nnet_utils/nnet_conv_stream.h:247]   --->   Operation 162 'store' 'store_ln196' <Predicate = true> <Delay = 0.00>
ST_1 : Operation 163 [1/1] (0.00ns)   --->   "%p_ZZN4nnet24compute_output_buffer_2dINS_5arrayI8ap_fixedILi16ELi6EL9ap_q_mode5EL9_487 = load i16 %p_ZZN4nnet24compute_output_buffer_2dINS_5arrayI8ap_fixedILi16ELi6EL9ap_q_mode5EL9_308" [firmware/nnet_utils/nnet_conv_stream.h:196->firmware/nnet_utils/nnet_conv_stream.h:247]   --->   Operation 163 'load' 'p_ZZN4nnet24compute_output_buffer_2dINS_5arrayI8ap_fixedILi16ELi6EL9ap_q_mode5EL9_487' <Predicate = true> <Delay = 0.00>
ST_1 : Operation 164 [1/1] (0.00ns)   --->   "%store_ln196 = store i16 %p_ZZN4nnet24compute_output_buffer_2dINS_5arrayI8ap_fixedILi16ELi6EL9ap_q_mode5EL9_487, i16 %p_ZZN4nnet24compute_output_buffer_2dINS_5arrayI8ap_fixedILi16ELi6EL9ap_q_mode5EL9_3" [firmware/nnet_utils/nnet_conv_stream.h:196->firmware/nnet_utils/nnet_conv_stream.h:247]   --->   Operation 164 'store' 'store_ln196' <Predicate = true> <Delay = 0.00>
ST_1 : Operation 165 [1/1] (0.00ns)   --->   "%p_ZZN4nnet24compute_output_buffer_2dINS_5arrayI8ap_fixedILi16ELi6EL9ap_q_mode5EL9_488 = load i16 %p_ZZN4nnet24compute_output_buffer_2dINS_5arrayI8ap_fixedILi16ELi6EL9ap_q_mode5EL9_309" [firmware/nnet_utils/nnet_conv_stream.h:196->firmware/nnet_utils/nnet_conv_stream.h:247]   --->   Operation 165 'load' 'p_ZZN4nnet24compute_output_buffer_2dINS_5arrayI8ap_fixedILi16ELi6EL9ap_q_mode5EL9_488' <Predicate = true> <Delay = 0.00>
ST_1 : Operation 166 [1/1] (0.00ns)   --->   "%store_ln196 = store i16 %p_ZZN4nnet24compute_output_buffer_2dINS_5arrayI8ap_fixedILi16ELi6EL9ap_q_mode5EL9_488, i16 %p_ZZN4nnet24compute_output_buffer_2dINS_5arrayI8ap_fixedILi16ELi6EL9ap_q_mode5EL9_2" [firmware/nnet_utils/nnet_conv_stream.h:196->firmware/nnet_utils/nnet_conv_stream.h:247]   --->   Operation 166 'store' 'store_ln196' <Predicate = true> <Delay = 0.00>
ST_1 : Operation 167 [1/1] (0.00ns)   --->   "%p_ZZN4nnet24compute_output_buffer_2dINS_5arrayI8ap_fixedILi16ELi6EL9ap_q_mode5EL9_489 = load i16 %p_ZZN4nnet24compute_output_buffer_2dINS_5arrayI8ap_fixedILi16ELi6EL9ap_q_mode5EL9_311" [firmware/nnet_utils/nnet_conv_stream.h:196->firmware/nnet_utils/nnet_conv_stream.h:247]   --->   Operation 167 'load' 'p_ZZN4nnet24compute_output_buffer_2dINS_5arrayI8ap_fixedILi16ELi6EL9ap_q_mode5EL9_489' <Predicate = true> <Delay = 0.00>
ST_1 : Operation 168 [1/1] (0.00ns)   --->   "%store_ln196 = store i16 %p_ZZN4nnet24compute_output_buffer_2dINS_5arrayI8ap_fixedILi16ELi6EL9ap_q_mode5EL9_489, i16 %p_ZZN4nnet24compute_output_buffer_2dINS_5arrayI8ap_fixedILi16ELi6EL9ap_q_mode5EL9_1" [firmware/nnet_utils/nnet_conv_stream.h:196->firmware/nnet_utils/nnet_conv_stream.h:247]   --->   Operation 168 'store' 'store_ln196' <Predicate = true> <Delay = 0.00>
ST_1 : Operation 169 [1/1] (0.00ns)   --->   "%p_ZZN4nnet24compute_output_buffer_2dINS_5arrayI8ap_fixedILi16ELi6EL9ap_q_mode5EL9_490 = load i16 %p_ZZN4nnet24compute_output_buffer_2dINS_5arrayI8ap_fixedILi16ELi6EL9ap_q_mode5EL9_312" [firmware/nnet_utils/nnet_conv_stream.h:196->firmware/nnet_utils/nnet_conv_stream.h:247]   --->   Operation 169 'load' 'p_ZZN4nnet24compute_output_buffer_2dINS_5arrayI8ap_fixedILi16ELi6EL9ap_q_mode5EL9_490' <Predicate = true> <Delay = 0.00>
ST_1 : Operation 170 [1/1] (0.00ns)   --->   "%store_ln196 = store i16 %p_ZZN4nnet24compute_output_buffer_2dINS_5arrayI8ap_fixedILi16ELi6EL9ap_q_mode5EL9_490, i16 %p_ZZN4nnet24compute_output_buffer_2dINS_5arrayI8ap_fixedILi16ELi6EL9ap_q_mode5EL9" [firmware/nnet_utils/nnet_conv_stream.h:196->firmware/nnet_utils/nnet_conv_stream.h:247]   --->   Operation 170 'store' 'store_ln196' <Predicate = true> <Delay = 0.00>
ST_1 : Operation 171 [1/1] (0.00ns)   --->   "%p_ZZN4nnet24compute_output_buffer_2dINS_5arrayI8ap_fixedILi16ELi6EL9ap_q_mode5EL9_491 = load i16 %p_ZZN4nnet24compute_output_buffer_2dINS_5arrayI8ap_fixedILi16ELi6EL9ap_q_mode5EL9_313" [firmware/nnet_utils/nnet_conv_stream.h:196->firmware/nnet_utils/nnet_conv_stream.h:247]   --->   Operation 171 'load' 'p_ZZN4nnet24compute_output_buffer_2dINS_5arrayI8ap_fixedILi16ELi6EL9ap_q_mode5EL9_491' <Predicate = true> <Delay = 0.00>
ST_1 : Operation 172 [1/1] (0.00ns)   --->   "%store_ln196 = store i16 %p_ZZN4nnet24compute_output_buffer_2dINS_5arrayI8ap_fixedILi16ELi6EL9ap_q_mode5EL9_491, i16 %p_ZZN4nnet24compute_output_buffer_2dINS_5arrayI8ap_fixedILi16ELi6EL9ap_q_mode5EL9_278" [firmware/nnet_utils/nnet_conv_stream.h:196->firmware/nnet_utils/nnet_conv_stream.h:247]   --->   Operation 172 'store' 'store_ln196' <Predicate = true> <Delay = 0.00>
ST_1 : Operation 173 [1/1] (0.00ns)   --->   "%p_ZZN4nnet24compute_output_buffer_2dINS_5arrayI8ap_fixedILi16ELi6EL9ap_q_mode5EL9_492 = load i16 %p_ZZN4nnet24compute_output_buffer_2dINS_5arrayI8ap_fixedILi16ELi6EL9ap_q_mode5EL9_314" [firmware/nnet_utils/nnet_conv_stream.h:196->firmware/nnet_utils/nnet_conv_stream.h:247]   --->   Operation 173 'load' 'p_ZZN4nnet24compute_output_buffer_2dINS_5arrayI8ap_fixedILi16ELi6EL9ap_q_mode5EL9_492' <Predicate = true> <Delay = 0.00>
ST_1 : Operation 174 [1/1] (0.00ns)   --->   "%store_ln196 = store i16 %p_ZZN4nnet24compute_output_buffer_2dINS_5arrayI8ap_fixedILi16ELi6EL9ap_q_mode5EL9_492, i16 %p_ZZN4nnet24compute_output_buffer_2dINS_5arrayI8ap_fixedILi16ELi6EL9ap_q_mode5EL9_279" [firmware/nnet_utils/nnet_conv_stream.h:196->firmware/nnet_utils/nnet_conv_stream.h:247]   --->   Operation 174 'store' 'store_ln196' <Predicate = true> <Delay = 0.00>
ST_1 : Operation 175 [1/1] (0.00ns)   --->   "%p_ZZN4nnet24compute_output_buffer_2dINS_5arrayI8ap_fixedILi16ELi6EL9ap_q_mode5EL9_493 = load i16 %p_ZZN4nnet24compute_output_buffer_2dINS_5arrayI8ap_fixedILi16ELi6EL9ap_q_mode5EL9_315" [firmware/nnet_utils/nnet_conv_stream.h:196->firmware/nnet_utils/nnet_conv_stream.h:247]   --->   Operation 175 'load' 'p_ZZN4nnet24compute_output_buffer_2dINS_5arrayI8ap_fixedILi16ELi6EL9ap_q_mode5EL9_493' <Predicate = true> <Delay = 0.00>
ST_1 : Operation 176 [1/1] (0.00ns)   --->   "%store_ln196 = store i16 %p_ZZN4nnet24compute_output_buffer_2dINS_5arrayI8ap_fixedILi16ELi6EL9ap_q_mode5EL9_493, i16 %p_ZZN4nnet24compute_output_buffer_2dINS_5arrayI8ap_fixedILi16ELi6EL9ap_q_mode5EL9_280" [firmware/nnet_utils/nnet_conv_stream.h:196->firmware/nnet_utils/nnet_conv_stream.h:247]   --->   Operation 176 'store' 'store_ln196' <Predicate = true> <Delay = 0.00>
ST_1 : Operation 177 [1/1] (0.00ns)   --->   "%p_ZZN4nnet24compute_output_buffer_2dINS_5arrayI8ap_fixedILi16ELi6EL9ap_q_mode5EL9_494 = load i16 %p_ZZN4nnet24compute_output_buffer_2dINS_5arrayI8ap_fixedILi16ELi6EL9ap_q_mode5EL9_316" [firmware/nnet_utils/nnet_conv_stream.h:196->firmware/nnet_utils/nnet_conv_stream.h:247]   --->   Operation 177 'load' 'p_ZZN4nnet24compute_output_buffer_2dINS_5arrayI8ap_fixedILi16ELi6EL9ap_q_mode5EL9_494' <Predicate = true> <Delay = 0.00>
ST_1 : Operation 178 [1/1] (0.00ns)   --->   "%store_ln196 = store i16 %p_ZZN4nnet24compute_output_buffer_2dINS_5arrayI8ap_fixedILi16ELi6EL9ap_q_mode5EL9_494, i16 %p_ZZN4nnet24compute_output_buffer_2dINS_5arrayI8ap_fixedILi16ELi6EL9ap_q_mode5EL9_281" [firmware/nnet_utils/nnet_conv_stream.h:196->firmware/nnet_utils/nnet_conv_stream.h:247]   --->   Operation 178 'store' 'store_ln196' <Predicate = true> <Delay = 0.00>
ST_1 : Operation 179 [1/1] (0.00ns)   --->   "%p_ZZN4nnet24compute_output_buffer_2dINS_5arrayI8ap_fixedILi16ELi6EL9ap_q_mode5EL9_495 = load i16 %p_ZZN4nnet24compute_output_buffer_2dINS_5arrayI8ap_fixedILi16ELi6EL9ap_q_mode5EL9_317" [firmware/nnet_utils/nnet_conv_stream.h:196->firmware/nnet_utils/nnet_conv_stream.h:247]   --->   Operation 179 'load' 'p_ZZN4nnet24compute_output_buffer_2dINS_5arrayI8ap_fixedILi16ELi6EL9ap_q_mode5EL9_495' <Predicate = true> <Delay = 0.00>
ST_1 : Operation 180 [1/1] (0.00ns)   --->   "%store_ln196 = store i16 %p_ZZN4nnet24compute_output_buffer_2dINS_5arrayI8ap_fixedILi16ELi6EL9ap_q_mode5EL9_495, i16 %p_ZZN4nnet24compute_output_buffer_2dINS_5arrayI8ap_fixedILi16ELi6EL9ap_q_mode5EL9_282" [firmware/nnet_utils/nnet_conv_stream.h:196->firmware/nnet_utils/nnet_conv_stream.h:247]   --->   Operation 180 'store' 'store_ln196' <Predicate = true> <Delay = 0.00>
ST_1 : Operation 181 [1/1] (0.00ns)   --->   "%p_ZZN4nnet24compute_output_buffer_2dINS_5arrayI8ap_fixedILi16ELi6EL9ap_q_mode5EL9_496 = load i16 %p_ZZN4nnet24compute_output_buffer_2dINS_5arrayI8ap_fixedILi16ELi6EL9ap_q_mode5EL9_318" [firmware/nnet_utils/nnet_conv_stream.h:196->firmware/nnet_utils/nnet_conv_stream.h:247]   --->   Operation 181 'load' 'p_ZZN4nnet24compute_output_buffer_2dINS_5arrayI8ap_fixedILi16ELi6EL9ap_q_mode5EL9_496' <Predicate = true> <Delay = 0.00>
ST_1 : Operation 182 [1/1] (0.00ns)   --->   "%store_ln196 = store i16 %p_ZZN4nnet24compute_output_buffer_2dINS_5arrayI8ap_fixedILi16ELi6EL9ap_q_mode5EL9_496, i16 %p_ZZN4nnet24compute_output_buffer_2dINS_5arrayI8ap_fixedILi16ELi6EL9ap_q_mode5EL9_283" [firmware/nnet_utils/nnet_conv_stream.h:196->firmware/nnet_utils/nnet_conv_stream.h:247]   --->   Operation 182 'store' 'store_ln196' <Predicate = true> <Delay = 0.00>
ST_1 : Operation 183 [1/1] (0.00ns)   --->   "%p_ZZN4nnet24compute_output_buffer_2dINS_5arrayI8ap_fixedILi16ELi6EL9ap_q_mode5EL9_497 = load i16 %p_ZZN4nnet24compute_output_buffer_2dINS_5arrayI8ap_fixedILi16ELi6EL9ap_q_mode5EL9_319" [firmware/nnet_utils/nnet_conv_stream.h:196->firmware/nnet_utils/nnet_conv_stream.h:247]   --->   Operation 183 'load' 'p_ZZN4nnet24compute_output_buffer_2dINS_5arrayI8ap_fixedILi16ELi6EL9ap_q_mode5EL9_497' <Predicate = true> <Delay = 0.00>
ST_1 : Operation 184 [1/1] (0.00ns)   --->   "%store_ln196 = store i16 %p_ZZN4nnet24compute_output_buffer_2dINS_5arrayI8ap_fixedILi16ELi6EL9ap_q_mode5EL9_497, i16 %p_ZZN4nnet24compute_output_buffer_2dINS_5arrayI8ap_fixedILi16ELi6EL9ap_q_mode5EL9_284" [firmware/nnet_utils/nnet_conv_stream.h:196->firmware/nnet_utils/nnet_conv_stream.h:247]   --->   Operation 184 'store' 'store_ln196' <Predicate = true> <Delay = 0.00>
ST_1 : Operation 185 [1/1] (0.00ns)   --->   "%p_ZZN4nnet24compute_output_buffer_2dINS_5arrayI8ap_fixedILi16ELi6EL9ap_q_mode5EL9_498 = load i16 %p_ZZN4nnet24compute_output_buffer_2dINS_5arrayI8ap_fixedILi16ELi6EL9ap_q_mode5EL9_320" [firmware/nnet_utils/nnet_conv_stream.h:196->firmware/nnet_utils/nnet_conv_stream.h:247]   --->   Operation 185 'load' 'p_ZZN4nnet24compute_output_buffer_2dINS_5arrayI8ap_fixedILi16ELi6EL9ap_q_mode5EL9_498' <Predicate = true> <Delay = 0.00>
ST_1 : Operation 186 [1/1] (0.00ns)   --->   "%store_ln196 = store i16 %p_ZZN4nnet24compute_output_buffer_2dINS_5arrayI8ap_fixedILi16ELi6EL9ap_q_mode5EL9_498, i16 %p_ZZN4nnet24compute_output_buffer_2dINS_5arrayI8ap_fixedILi16ELi6EL9ap_q_mode5EL9_285" [firmware/nnet_utils/nnet_conv_stream.h:196->firmware/nnet_utils/nnet_conv_stream.h:247]   --->   Operation 186 'store' 'store_ln196' <Predicate = true> <Delay = 0.00>
ST_1 : Operation 187 [1/1] (0.00ns)   --->   "%p_ZZN4nnet24compute_output_buffer_2dINS_5arrayI8ap_fixedILi16ELi6EL9ap_q_mode5EL9_499 = load i16 %p_ZZN4nnet24compute_output_buffer_2dINS_5arrayI8ap_fixedILi16ELi6EL9ap_q_mode5EL9_322" [firmware/nnet_utils/nnet_conv_stream.h:196->firmware/nnet_utils/nnet_conv_stream.h:247]   --->   Operation 187 'load' 'p_ZZN4nnet24compute_output_buffer_2dINS_5arrayI8ap_fixedILi16ELi6EL9ap_q_mode5EL9_499' <Predicate = true> <Delay = 0.00>
ST_1 : Operation 188 [1/1] (0.00ns)   --->   "%store_ln196 = store i16 %p_ZZN4nnet24compute_output_buffer_2dINS_5arrayI8ap_fixedILi16ELi6EL9ap_q_mode5EL9_499, i16 %p_ZZN4nnet24compute_output_buffer_2dINS_5arrayI8ap_fixedILi16ELi6EL9ap_q_mode5EL9_286" [firmware/nnet_utils/nnet_conv_stream.h:196->firmware/nnet_utils/nnet_conv_stream.h:247]   --->   Operation 188 'store' 'store_ln196' <Predicate = true> <Delay = 0.00>
ST_1 : Operation 189 [1/1] (0.00ns)   --->   "%p_ZZN4nnet24compute_output_buffer_2dINS_5arrayI8ap_fixedILi16ELi6EL9ap_q_mode5EL9_500 = load i16 %p_ZZN4nnet24compute_output_buffer_2dINS_5arrayI8ap_fixedILi16ELi6EL9ap_q_mode5EL9_323" [firmware/nnet_utils/nnet_conv_stream.h:196->firmware/nnet_utils/nnet_conv_stream.h:247]   --->   Operation 189 'load' 'p_ZZN4nnet24compute_output_buffer_2dINS_5arrayI8ap_fixedILi16ELi6EL9ap_q_mode5EL9_500' <Predicate = true> <Delay = 0.00>
ST_1 : Operation 190 [1/1] (0.00ns)   --->   "%store_ln196 = store i16 %p_ZZN4nnet24compute_output_buffer_2dINS_5arrayI8ap_fixedILi16ELi6EL9ap_q_mode5EL9_500, i16 %p_ZZN4nnet24compute_output_buffer_2dINS_5arrayI8ap_fixedILi16ELi6EL9ap_q_mode5EL9_287" [firmware/nnet_utils/nnet_conv_stream.h:196->firmware/nnet_utils/nnet_conv_stream.h:247]   --->   Operation 190 'store' 'store_ln196' <Predicate = true> <Delay = 0.00>
ST_1 : Operation 191 [1/1] (0.00ns)   --->   "%p_ZZN4nnet24compute_output_buffer_2dINS_5arrayI8ap_fixedILi16ELi6EL9ap_q_mode5EL9_501 = load i16 %p_ZZN4nnet24compute_output_buffer_2dINS_5arrayI8ap_fixedILi16ELi6EL9ap_q_mode5EL9_324" [firmware/nnet_utils/nnet_conv_stream.h:196->firmware/nnet_utils/nnet_conv_stream.h:247]   --->   Operation 191 'load' 'p_ZZN4nnet24compute_output_buffer_2dINS_5arrayI8ap_fixedILi16ELi6EL9ap_q_mode5EL9_501' <Predicate = true> <Delay = 0.00>
ST_1 : Operation 192 [1/1] (0.00ns)   --->   "%store_ln196 = store i16 %p_ZZN4nnet24compute_output_buffer_2dINS_5arrayI8ap_fixedILi16ELi6EL9ap_q_mode5EL9_501, i16 %p_ZZN4nnet24compute_output_buffer_2dINS_5arrayI8ap_fixedILi16ELi6EL9ap_q_mode5EL9_289" [firmware/nnet_utils/nnet_conv_stream.h:196->firmware/nnet_utils/nnet_conv_stream.h:247]   --->   Operation 192 'store' 'store_ln196' <Predicate = true> <Delay = 0.00>
ST_1 : Operation 193 [1/1] (0.00ns)   --->   "%p_ZZN4nnet24compute_output_buffer_2dINS_5arrayI8ap_fixedILi16ELi6EL9ap_q_mode5EL9_502 = load i16 %p_ZZN4nnet24compute_output_buffer_2dINS_5arrayI8ap_fixedILi16ELi6EL9ap_q_mode5EL9_325" [firmware/nnet_utils/nnet_conv_stream.h:196->firmware/nnet_utils/nnet_conv_stream.h:247]   --->   Operation 193 'load' 'p_ZZN4nnet24compute_output_buffer_2dINS_5arrayI8ap_fixedILi16ELi6EL9ap_q_mode5EL9_502' <Predicate = true> <Delay = 0.00>
ST_1 : Operation 194 [1/1] (0.00ns)   --->   "%store_ln196 = store i16 %p_ZZN4nnet24compute_output_buffer_2dINS_5arrayI8ap_fixedILi16ELi6EL9ap_q_mode5EL9_502, i16 %p_ZZN4nnet24compute_output_buffer_2dINS_5arrayI8ap_fixedILi16ELi6EL9ap_q_mode5EL9_290" [firmware/nnet_utils/nnet_conv_stream.h:196->firmware/nnet_utils/nnet_conv_stream.h:247]   --->   Operation 194 'store' 'store_ln196' <Predicate = true> <Delay = 0.00>
ST_1 : Operation 195 [1/1] (0.00ns)   --->   "%p_ZZN4nnet24compute_output_buffer_2dINS_5arrayI8ap_fixedILi16ELi6EL9ap_q_mode5EL9_503 = load i16 %p_ZZN4nnet24compute_output_buffer_2dINS_5arrayI8ap_fixedILi16ELi6EL9ap_q_mode5EL9_326" [firmware/nnet_utils/nnet_conv_stream.h:196->firmware/nnet_utils/nnet_conv_stream.h:247]   --->   Operation 195 'load' 'p_ZZN4nnet24compute_output_buffer_2dINS_5arrayI8ap_fixedILi16ELi6EL9ap_q_mode5EL9_503' <Predicate = true> <Delay = 0.00>
ST_1 : Operation 196 [1/1] (0.00ns)   --->   "%store_ln196 = store i16 %p_ZZN4nnet24compute_output_buffer_2dINS_5arrayI8ap_fixedILi16ELi6EL9ap_q_mode5EL9_503, i16 %p_ZZN4nnet24compute_output_buffer_2dINS_5arrayI8ap_fixedILi16ELi6EL9ap_q_mode5EL9_291" [firmware/nnet_utils/nnet_conv_stream.h:196->firmware/nnet_utils/nnet_conv_stream.h:247]   --->   Operation 196 'store' 'store_ln196' <Predicate = true> <Delay = 0.00>
ST_1 : Operation 197 [1/1] (0.00ns)   --->   "%p_ZZN4nnet24compute_output_buffer_2dINS_5arrayI8ap_fixedILi16ELi6EL9ap_q_mode5EL9_504 = load i16 %p_ZZN4nnet24compute_output_buffer_2dINS_5arrayI8ap_fixedILi16ELi6EL9ap_q_mode5EL9_327" [firmware/nnet_utils/nnet_conv_stream.h:196->firmware/nnet_utils/nnet_conv_stream.h:247]   --->   Operation 197 'load' 'p_ZZN4nnet24compute_output_buffer_2dINS_5arrayI8ap_fixedILi16ELi6EL9ap_q_mode5EL9_504' <Predicate = true> <Delay = 0.00>
ST_1 : Operation 198 [1/1] (0.00ns)   --->   "%store_ln196 = store i16 %p_ZZN4nnet24compute_output_buffer_2dINS_5arrayI8ap_fixedILi16ELi6EL9ap_q_mode5EL9_504, i16 %p_ZZN4nnet24compute_output_buffer_2dINS_5arrayI8ap_fixedILi16ELi6EL9ap_q_mode5EL9_292" [firmware/nnet_utils/nnet_conv_stream.h:196->firmware/nnet_utils/nnet_conv_stream.h:247]   --->   Operation 198 'store' 'store_ln196' <Predicate = true> <Delay = 0.00>
ST_1 : Operation 199 [1/1] (0.00ns)   --->   "%p_ZZN4nnet24compute_output_buffer_2dINS_5arrayI8ap_fixedILi16ELi6EL9ap_q_mode5EL9_505 = load i16 %p_ZZN4nnet24compute_output_buffer_2dINS_5arrayI8ap_fixedILi16ELi6EL9ap_q_mode5EL9_328" [firmware/nnet_utils/nnet_conv_stream.h:196->firmware/nnet_utils/nnet_conv_stream.h:247]   --->   Operation 199 'load' 'p_ZZN4nnet24compute_output_buffer_2dINS_5arrayI8ap_fixedILi16ELi6EL9ap_q_mode5EL9_505' <Predicate = true> <Delay = 0.00>
ST_1 : Operation 200 [1/1] (0.00ns)   --->   "%store_ln196 = store i16 %p_ZZN4nnet24compute_output_buffer_2dINS_5arrayI8ap_fixedILi16ELi6EL9ap_q_mode5EL9_505, i16 %p_ZZN4nnet24compute_output_buffer_2dINS_5arrayI8ap_fixedILi16ELi6EL9ap_q_mode5EL9_293" [firmware/nnet_utils/nnet_conv_stream.h:196->firmware/nnet_utils/nnet_conv_stream.h:247]   --->   Operation 200 'store' 'store_ln196' <Predicate = true> <Delay = 0.00>
ST_1 : Operation 201 [1/1] (0.00ns)   --->   "%p_ZZN4nnet24compute_output_buffer_2dINS_5arrayI8ap_fixedILi16ELi6EL9ap_q_mode5EL9_506 = load i16 %p_ZZN4nnet24compute_output_buffer_2dINS_5arrayI8ap_fixedILi16ELi6EL9ap_q_mode5EL9_329" [firmware/nnet_utils/nnet_conv_stream.h:196->firmware/nnet_utils/nnet_conv_stream.h:247]   --->   Operation 201 'load' 'p_ZZN4nnet24compute_output_buffer_2dINS_5arrayI8ap_fixedILi16ELi6EL9ap_q_mode5EL9_506' <Predicate = true> <Delay = 0.00>
ST_1 : Operation 202 [1/1] (0.00ns)   --->   "%store_ln196 = store i16 %p_ZZN4nnet24compute_output_buffer_2dINS_5arrayI8ap_fixedILi16ELi6EL9ap_q_mode5EL9_506, i16 %p_ZZN4nnet24compute_output_buffer_2dINS_5arrayI8ap_fixedILi16ELi6EL9ap_q_mode5EL9_294" [firmware/nnet_utils/nnet_conv_stream.h:196->firmware/nnet_utils/nnet_conv_stream.h:247]   --->   Operation 202 'store' 'store_ln196' <Predicate = true> <Delay = 0.00>
ST_1 : Operation 203 [1/1] (0.00ns)   --->   "%p_ZZN4nnet24compute_output_buffer_2dINS_5arrayI8ap_fixedILi16ELi6EL9ap_q_mode5EL9_507 = load i16 %p_ZZN4nnet24compute_output_buffer_2dINS_5arrayI8ap_fixedILi16ELi6EL9ap_q_mode5EL9_330" [firmware/nnet_utils/nnet_conv_stream.h:196->firmware/nnet_utils/nnet_conv_stream.h:247]   --->   Operation 203 'load' 'p_ZZN4nnet24compute_output_buffer_2dINS_5arrayI8ap_fixedILi16ELi6EL9ap_q_mode5EL9_507' <Predicate = true> <Delay = 0.00>
ST_1 : Operation 204 [1/1] (0.00ns)   --->   "%store_ln196 = store i16 %p_ZZN4nnet24compute_output_buffer_2dINS_5arrayI8ap_fixedILi16ELi6EL9ap_q_mode5EL9_507, i16 %p_ZZN4nnet24compute_output_buffer_2dINS_5arrayI8ap_fixedILi16ELi6EL9ap_q_mode5EL9_295" [firmware/nnet_utils/nnet_conv_stream.h:196->firmware/nnet_utils/nnet_conv_stream.h:247]   --->   Operation 204 'store' 'store_ln196' <Predicate = true> <Delay = 0.00>
ST_1 : Operation 205 [1/1] (0.00ns)   --->   "%p_ZZN4nnet24compute_output_buffer_2dINS_5arrayI8ap_fixedILi16ELi6EL9ap_q_mode5EL9_508 = load i16 %p_ZZN4nnet24compute_output_buffer_2dINS_5arrayI8ap_fixedILi16ELi6EL9ap_q_mode5EL9_331" [firmware/nnet_utils/nnet_conv_stream.h:196->firmware/nnet_utils/nnet_conv_stream.h:247]   --->   Operation 205 'load' 'p_ZZN4nnet24compute_output_buffer_2dINS_5arrayI8ap_fixedILi16ELi6EL9ap_q_mode5EL9_508' <Predicate = true> <Delay = 0.00>
ST_1 : Operation 206 [1/1] (0.00ns)   --->   "%store_ln196 = store i16 %p_ZZN4nnet24compute_output_buffer_2dINS_5arrayI8ap_fixedILi16ELi6EL9ap_q_mode5EL9_508, i16 %p_ZZN4nnet24compute_output_buffer_2dINS_5arrayI8ap_fixedILi16ELi6EL9ap_q_mode5EL9_296" [firmware/nnet_utils/nnet_conv_stream.h:196->firmware/nnet_utils/nnet_conv_stream.h:247]   --->   Operation 206 'store' 'store_ln196' <Predicate = true> <Delay = 0.00>
ST_1 : Operation 207 [1/1] (0.00ns)   --->   "%p_ZZN4nnet24compute_output_buffer_2dINS_5arrayI8ap_fixedILi16ELi6EL9ap_q_mode5EL9_509 = load i16 %p_ZZN4nnet24compute_output_buffer_2dINS_5arrayI8ap_fixedILi16ELi6EL9ap_q_mode5EL9_333" [firmware/nnet_utils/nnet_conv_stream.h:196->firmware/nnet_utils/nnet_conv_stream.h:247]   --->   Operation 207 'load' 'p_ZZN4nnet24compute_output_buffer_2dINS_5arrayI8ap_fixedILi16ELi6EL9ap_q_mode5EL9_509' <Predicate = true> <Delay = 0.00>
ST_1 : Operation 208 [1/1] (0.00ns)   --->   "%store_ln196 = store i16 %p_ZZN4nnet24compute_output_buffer_2dINS_5arrayI8ap_fixedILi16ELi6EL9ap_q_mode5EL9_509, i16 %p_ZZN4nnet24compute_output_buffer_2dINS_5arrayI8ap_fixedILi16ELi6EL9ap_q_mode5EL9_297" [firmware/nnet_utils/nnet_conv_stream.h:196->firmware/nnet_utils/nnet_conv_stream.h:247]   --->   Operation 208 'store' 'store_ln196' <Predicate = true> <Delay = 0.00>
ST_1 : Operation 209 [1/1] (0.00ns)   --->   "%p_ZZN4nnet24compute_output_buffer_2dINS_5arrayI8ap_fixedILi16ELi6EL9ap_q_mode5EL9_510 = load i16 %p_ZZN4nnet24compute_output_buffer_2dINS_5arrayI8ap_fixedILi16ELi6EL9ap_q_mode5EL9_334" [firmware/nnet_utils/nnet_conv_stream.h:196->firmware/nnet_utils/nnet_conv_stream.h:247]   --->   Operation 209 'load' 'p_ZZN4nnet24compute_output_buffer_2dINS_5arrayI8ap_fixedILi16ELi6EL9ap_q_mode5EL9_510' <Predicate = true> <Delay = 0.00>
ST_1 : Operation 210 [1/1] (0.00ns)   --->   "%store_ln196 = store i16 %p_ZZN4nnet24compute_output_buffer_2dINS_5arrayI8ap_fixedILi16ELi6EL9ap_q_mode5EL9_510, i16 %p_ZZN4nnet24compute_output_buffer_2dINS_5arrayI8ap_fixedILi16ELi6EL9ap_q_mode5EL9_298" [firmware/nnet_utils/nnet_conv_stream.h:196->firmware/nnet_utils/nnet_conv_stream.h:247]   --->   Operation 210 'store' 'store_ln196' <Predicate = true> <Delay = 0.00>
ST_1 : Operation 211 [1/1] (0.00ns)   --->   "%p_ZZN4nnet24compute_output_buffer_2dINS_5arrayI8ap_fixedILi16ELi6EL9ap_q_mode5EL9_511 = load i16 %p_ZZN4nnet24compute_output_buffer_2dINS_5arrayI8ap_fixedILi16ELi6EL9ap_q_mode5EL9_335" [firmware/nnet_utils/nnet_conv_stream.h:196->firmware/nnet_utils/nnet_conv_stream.h:247]   --->   Operation 211 'load' 'p_ZZN4nnet24compute_output_buffer_2dINS_5arrayI8ap_fixedILi16ELi6EL9ap_q_mode5EL9_511' <Predicate = true> <Delay = 0.00>
ST_1 : Operation 212 [1/1] (0.00ns)   --->   "%store_ln196 = store i16 %p_ZZN4nnet24compute_output_buffer_2dINS_5arrayI8ap_fixedILi16ELi6EL9ap_q_mode5EL9_511, i16 %p_ZZN4nnet24compute_output_buffer_2dINS_5arrayI8ap_fixedILi16ELi6EL9ap_q_mode5EL9_300" [firmware/nnet_utils/nnet_conv_stream.h:196->firmware/nnet_utils/nnet_conv_stream.h:247]   --->   Operation 212 'store' 'store_ln196' <Predicate = true> <Delay = 0.00>
ST_1 : Operation 213 [1/1] (0.00ns)   --->   "%p_ZZN4nnet24compute_output_buffer_2dINS_5arrayI8ap_fixedILi16ELi6EL9ap_q_mode5EL9_512 = load i16 %p_ZZN4nnet24compute_output_buffer_2dINS_5arrayI8ap_fixedILi16ELi6EL9ap_q_mode5EL9_336" [firmware/nnet_utils/nnet_conv_stream.h:196->firmware/nnet_utils/nnet_conv_stream.h:247]   --->   Operation 213 'load' 'p_ZZN4nnet24compute_output_buffer_2dINS_5arrayI8ap_fixedILi16ELi6EL9ap_q_mode5EL9_512' <Predicate = true> <Delay = 0.00>
ST_1 : Operation 214 [1/1] (0.00ns)   --->   "%store_ln196 = store i16 %p_ZZN4nnet24compute_output_buffer_2dINS_5arrayI8ap_fixedILi16ELi6EL9ap_q_mode5EL9_512, i16 %p_ZZN4nnet24compute_output_buffer_2dINS_5arrayI8ap_fixedILi16ELi6EL9ap_q_mode5EL9_301" [firmware/nnet_utils/nnet_conv_stream.h:196->firmware/nnet_utils/nnet_conv_stream.h:247]   --->   Operation 214 'store' 'store_ln196' <Predicate = true> <Delay = 0.00>
ST_1 : Operation 215 [1/1] (0.00ns)   --->   "%p_ZZN4nnet24compute_output_buffer_2dINS_5arrayI8ap_fixedILi16ELi6EL9ap_q_mode5EL9_513 = load i16 %p_ZZN4nnet24compute_output_buffer_2dINS_5arrayI8ap_fixedILi16ELi6EL9ap_q_mode5EL9_337" [firmware/nnet_utils/nnet_conv_stream.h:196->firmware/nnet_utils/nnet_conv_stream.h:247]   --->   Operation 215 'load' 'p_ZZN4nnet24compute_output_buffer_2dINS_5arrayI8ap_fixedILi16ELi6EL9ap_q_mode5EL9_513' <Predicate = true> <Delay = 0.00>
ST_1 : Operation 216 [1/1] (0.00ns)   --->   "%store_ln196 = store i16 %p_ZZN4nnet24compute_output_buffer_2dINS_5arrayI8ap_fixedILi16ELi6EL9ap_q_mode5EL9_513, i16 %p_ZZN4nnet24compute_output_buffer_2dINS_5arrayI8ap_fixedILi16ELi6EL9ap_q_mode5EL9_302" [firmware/nnet_utils/nnet_conv_stream.h:196->firmware/nnet_utils/nnet_conv_stream.h:247]   --->   Operation 216 'store' 'store_ln196' <Predicate = true> <Delay = 0.00>
ST_1 : Operation 217 [1/1] (0.00ns)   --->   "%p_ZZN4nnet24compute_output_buffer_2dINS_5arrayI8ap_fixedILi16ELi6EL9ap_q_mode5EL9_514 = load i16 %p_ZZN4nnet24compute_output_buffer_2dINS_5arrayI8ap_fixedILi16ELi6EL9ap_q_mode5EL9_338" [firmware/nnet_utils/nnet_conv_stream.h:196->firmware/nnet_utils/nnet_conv_stream.h:247]   --->   Operation 217 'load' 'p_ZZN4nnet24compute_output_buffer_2dINS_5arrayI8ap_fixedILi16ELi6EL9ap_q_mode5EL9_514' <Predicate = true> <Delay = 0.00>
ST_1 : Operation 218 [1/1] (0.00ns)   --->   "%store_ln196 = store i16 %p_ZZN4nnet24compute_output_buffer_2dINS_5arrayI8ap_fixedILi16ELi6EL9ap_q_mode5EL9_514, i16 %p_ZZN4nnet24compute_output_buffer_2dINS_5arrayI8ap_fixedILi16ELi6EL9ap_q_mode5EL9_303" [firmware/nnet_utils/nnet_conv_stream.h:196->firmware/nnet_utils/nnet_conv_stream.h:247]   --->   Operation 218 'store' 'store_ln196' <Predicate = true> <Delay = 0.00>
ST_1 : Operation 219 [1/1] (0.00ns)   --->   "%p_ZZN4nnet24compute_output_buffer_2dINS_5arrayI8ap_fixedILi16ELi6EL9ap_q_mode5EL9_515 = load i16 %p_ZZN4nnet24compute_output_buffer_2dINS_5arrayI8ap_fixedILi16ELi6EL9ap_q_mode5EL9_339" [firmware/nnet_utils/nnet_conv_stream.h:196->firmware/nnet_utils/nnet_conv_stream.h:247]   --->   Operation 219 'load' 'p_ZZN4nnet24compute_output_buffer_2dINS_5arrayI8ap_fixedILi16ELi6EL9ap_q_mode5EL9_515' <Predicate = true> <Delay = 0.00>
ST_1 : Operation 220 [1/1] (0.00ns)   --->   "%store_ln196 = store i16 %p_ZZN4nnet24compute_output_buffer_2dINS_5arrayI8ap_fixedILi16ELi6EL9ap_q_mode5EL9_515, i16 %p_ZZN4nnet24compute_output_buffer_2dINS_5arrayI8ap_fixedILi16ELi6EL9ap_q_mode5EL9_304" [firmware/nnet_utils/nnet_conv_stream.h:196->firmware/nnet_utils/nnet_conv_stream.h:247]   --->   Operation 220 'store' 'store_ln196' <Predicate = true> <Delay = 0.00>
ST_1 : Operation 221 [1/1] (0.00ns)   --->   "%p_ZZN4nnet24compute_output_buffer_2dINS_5arrayI8ap_fixedILi16ELi6EL9ap_q_mode5EL9_516 = load i16 %p_ZZN4nnet24compute_output_buffer_2dINS_5arrayI8ap_fixedILi16ELi6EL9ap_q_mode5EL9_340" [firmware/nnet_utils/nnet_conv_stream.h:196->firmware/nnet_utils/nnet_conv_stream.h:247]   --->   Operation 221 'load' 'p_ZZN4nnet24compute_output_buffer_2dINS_5arrayI8ap_fixedILi16ELi6EL9ap_q_mode5EL9_516' <Predicate = true> <Delay = 0.00>
ST_1 : Operation 222 [1/1] (0.00ns)   --->   "%store_ln196 = store i16 %p_ZZN4nnet24compute_output_buffer_2dINS_5arrayI8ap_fixedILi16ELi6EL9ap_q_mode5EL9_516, i16 %p_ZZN4nnet24compute_output_buffer_2dINS_5arrayI8ap_fixedILi16ELi6EL9ap_q_mode5EL9_305" [firmware/nnet_utils/nnet_conv_stream.h:196->firmware/nnet_utils/nnet_conv_stream.h:247]   --->   Operation 222 'store' 'store_ln196' <Predicate = true> <Delay = 0.00>
ST_1 : Operation 223 [1/1] (0.00ns)   --->   "%p_ZZN4nnet24compute_output_buffer_2dINS_5arrayI8ap_fixedILi16ELi6EL9ap_q_mode5EL9_517 = load i16 %p_ZZN4nnet24compute_output_buffer_2dINS_5arrayI8ap_fixedILi16ELi6EL9ap_q_mode5EL9_341" [firmware/nnet_utils/nnet_conv_stream.h:196->firmware/nnet_utils/nnet_conv_stream.h:247]   --->   Operation 223 'load' 'p_ZZN4nnet24compute_output_buffer_2dINS_5arrayI8ap_fixedILi16ELi6EL9ap_q_mode5EL9_517' <Predicate = true> <Delay = 0.00>
ST_1 : Operation 224 [1/1] (0.00ns)   --->   "%store_ln196 = store i16 %p_ZZN4nnet24compute_output_buffer_2dINS_5arrayI8ap_fixedILi16ELi6EL9ap_q_mode5EL9_517, i16 %p_ZZN4nnet24compute_output_buffer_2dINS_5arrayI8ap_fixedILi16ELi6EL9ap_q_mode5EL9_306" [firmware/nnet_utils/nnet_conv_stream.h:196->firmware/nnet_utils/nnet_conv_stream.h:247]   --->   Operation 224 'store' 'store_ln196' <Predicate = true> <Delay = 0.00>
ST_1 : Operation 225 [1/1] (0.00ns)   --->   "%p_ZZN4nnet24compute_output_buffer_2dINS_5arrayI8ap_fixedILi16ELi6EL9ap_q_mode5EL9_518 = load i16 %p_ZZN4nnet24compute_output_buffer_2dINS_5arrayI8ap_fixedILi16ELi6EL9ap_q_mode5EL9_342" [firmware/nnet_utils/nnet_conv_stream.h:196->firmware/nnet_utils/nnet_conv_stream.h:247]   --->   Operation 225 'load' 'p_ZZN4nnet24compute_output_buffer_2dINS_5arrayI8ap_fixedILi16ELi6EL9ap_q_mode5EL9_518' <Predicate = true> <Delay = 0.00>
ST_1 : Operation 226 [1/1] (0.00ns)   --->   "%store_ln196 = store i16 %p_ZZN4nnet24compute_output_buffer_2dINS_5arrayI8ap_fixedILi16ELi6EL9ap_q_mode5EL9_518, i16 %p_ZZN4nnet24compute_output_buffer_2dINS_5arrayI8ap_fixedILi16ELi6EL9ap_q_mode5EL9_307" [firmware/nnet_utils/nnet_conv_stream.h:196->firmware/nnet_utils/nnet_conv_stream.h:247]   --->   Operation 226 'store' 'store_ln196' <Predicate = true> <Delay = 0.00>
ST_1 : Operation 227 [1/1] (0.00ns)   --->   "%p_ZZN4nnet24compute_output_buffer_2dINS_5arrayI8ap_fixedILi16ELi6EL9ap_q_mode5EL9_519 = load i16 %p_ZZN4nnet24compute_output_buffer_2dINS_5arrayI8ap_fixedILi16ELi6EL9ap_q_mode5EL9_414" [firmware/nnet_utils/nnet_conv_stream.h:196->firmware/nnet_utils/nnet_conv_stream.h:247]   --->   Operation 227 'load' 'p_ZZN4nnet24compute_output_buffer_2dINS_5arrayI8ap_fixedILi16ELi6EL9ap_q_mode5EL9_519' <Predicate = true> <Delay = 0.00>
ST_1 : Operation 228 [1/1] (0.00ns)   --->   "%store_ln196 = store i16 %p_ZZN4nnet24compute_output_buffer_2dINS_5arrayI8ap_fixedILi16ELi6EL9ap_q_mode5EL9_519, i16 %p_ZZN4nnet24compute_output_buffer_2dINS_5arrayI8ap_fixedILi16ELi6EL9ap_q_mode5EL9_379" [firmware/nnet_utils/nnet_conv_stream.h:196->firmware/nnet_utils/nnet_conv_stream.h:247]   --->   Operation 228 'store' 'store_ln196' <Predicate = true> <Delay = 0.00>
ST_1 : Operation 229 [1/1] (0.00ns)   --->   "%p_ZZN4nnet24compute_output_buffer_2dINS_5arrayI8ap_fixedILi16ELi6EL9ap_q_mode5EL9_520 = load i16 %p_ZZN4nnet24compute_output_buffer_2dINS_5arrayI8ap_fixedILi16ELi6EL9ap_q_mode5EL9_415" [firmware/nnet_utils/nnet_conv_stream.h:196->firmware/nnet_utils/nnet_conv_stream.h:247]   --->   Operation 229 'load' 'p_ZZN4nnet24compute_output_buffer_2dINS_5arrayI8ap_fixedILi16ELi6EL9ap_q_mode5EL9_520' <Predicate = true> <Delay = 0.00>
ST_1 : Operation 230 [1/1] (0.00ns)   --->   "%store_ln196 = store i16 %p_ZZN4nnet24compute_output_buffer_2dINS_5arrayI8ap_fixedILi16ELi6EL9ap_q_mode5EL9_520, i16 %p_ZZN4nnet24compute_output_buffer_2dINS_5arrayI8ap_fixedILi16ELi6EL9ap_q_mode5EL9_380" [firmware/nnet_utils/nnet_conv_stream.h:196->firmware/nnet_utils/nnet_conv_stream.h:247]   --->   Operation 230 'store' 'store_ln196' <Predicate = true> <Delay = 0.00>
ST_1 : Operation 231 [1/1] (0.00ns)   --->   "%p_ZZN4nnet24compute_output_buffer_2dINS_5arrayI8ap_fixedILi16ELi6EL9ap_q_mode5EL9_521 = load i16 %p_ZZN4nnet24compute_output_buffer_2dINS_5arrayI8ap_fixedILi16ELi6EL9ap_q_mode5EL9_416" [firmware/nnet_utils/nnet_conv_stream.h:196->firmware/nnet_utils/nnet_conv_stream.h:247]   --->   Operation 231 'load' 'p_ZZN4nnet24compute_output_buffer_2dINS_5arrayI8ap_fixedILi16ELi6EL9ap_q_mode5EL9_521' <Predicate = true> <Delay = 0.00>
ST_1 : Operation 232 [1/1] (0.00ns)   --->   "%store_ln196 = store i16 %p_ZZN4nnet24compute_output_buffer_2dINS_5arrayI8ap_fixedILi16ELi6EL9ap_q_mode5EL9_521, i16 %p_ZZN4nnet24compute_output_buffer_2dINS_5arrayI8ap_fixedILi16ELi6EL9ap_q_mode5EL9_381" [firmware/nnet_utils/nnet_conv_stream.h:196->firmware/nnet_utils/nnet_conv_stream.h:247]   --->   Operation 232 'store' 'store_ln196' <Predicate = true> <Delay = 0.00>
ST_1 : Operation 233 [1/1] (0.00ns)   --->   "%p_ZZN4nnet24compute_output_buffer_2dINS_5arrayI8ap_fixedILi16ELi6EL9ap_q_mode5EL9_522 = load i16 %p_ZZN4nnet24compute_output_buffer_2dINS_5arrayI8ap_fixedILi16ELi6EL9ap_q_mode5EL9_417" [firmware/nnet_utils/nnet_conv_stream.h:196->firmware/nnet_utils/nnet_conv_stream.h:247]   --->   Operation 233 'load' 'p_ZZN4nnet24compute_output_buffer_2dINS_5arrayI8ap_fixedILi16ELi6EL9ap_q_mode5EL9_522' <Predicate = true> <Delay = 0.00>
ST_1 : Operation 234 [1/1] (0.00ns)   --->   "%store_ln196 = store i16 %p_ZZN4nnet24compute_output_buffer_2dINS_5arrayI8ap_fixedILi16ELi6EL9ap_q_mode5EL9_522, i16 %p_ZZN4nnet24compute_output_buffer_2dINS_5arrayI8ap_fixedILi16ELi6EL9ap_q_mode5EL9_382" [firmware/nnet_utils/nnet_conv_stream.h:196->firmware/nnet_utils/nnet_conv_stream.h:247]   --->   Operation 234 'store' 'store_ln196' <Predicate = true> <Delay = 0.00>
ST_1 : Operation 235 [1/1] (0.00ns)   --->   "%p_ZZN4nnet24compute_output_buffer_2dINS_5arrayI8ap_fixedILi16ELi6EL9ap_q_mode5EL9_523 = load i16 %p_ZZN4nnet24compute_output_buffer_2dINS_5arrayI8ap_fixedILi16ELi6EL9ap_q_mode5EL9_418" [firmware/nnet_utils/nnet_conv_stream.h:196->firmware/nnet_utils/nnet_conv_stream.h:247]   --->   Operation 235 'load' 'p_ZZN4nnet24compute_output_buffer_2dINS_5arrayI8ap_fixedILi16ELi6EL9ap_q_mode5EL9_523' <Predicate = true> <Delay = 0.00>
ST_1 : Operation 236 [1/1] (0.00ns)   --->   "%store_ln196 = store i16 %p_ZZN4nnet24compute_output_buffer_2dINS_5arrayI8ap_fixedILi16ELi6EL9ap_q_mode5EL9_523, i16 %p_ZZN4nnet24compute_output_buffer_2dINS_5arrayI8ap_fixedILi16ELi6EL9ap_q_mode5EL9_383" [firmware/nnet_utils/nnet_conv_stream.h:196->firmware/nnet_utils/nnet_conv_stream.h:247]   --->   Operation 236 'store' 'store_ln196' <Predicate = true> <Delay = 0.00>
ST_1 : Operation 237 [1/1] (0.00ns)   --->   "%p_ZZN4nnet24compute_output_buffer_2dINS_5arrayI8ap_fixedILi16ELi6EL9ap_q_mode5EL9_524 = load i16 %p_ZZN4nnet24compute_output_buffer_2dINS_5arrayI8ap_fixedILi16ELi6EL9ap_q_mode5EL9_419" [firmware/nnet_utils/nnet_conv_stream.h:196->firmware/nnet_utils/nnet_conv_stream.h:247]   --->   Operation 237 'load' 'p_ZZN4nnet24compute_output_buffer_2dINS_5arrayI8ap_fixedILi16ELi6EL9ap_q_mode5EL9_524' <Predicate = true> <Delay = 0.00>
ST_1 : Operation 238 [1/1] (0.00ns)   --->   "%store_ln196 = store i16 %p_ZZN4nnet24compute_output_buffer_2dINS_5arrayI8ap_fixedILi16ELi6EL9ap_q_mode5EL9_524, i16 %p_ZZN4nnet24compute_output_buffer_2dINS_5arrayI8ap_fixedILi16ELi6EL9ap_q_mode5EL9_384" [firmware/nnet_utils/nnet_conv_stream.h:196->firmware/nnet_utils/nnet_conv_stream.h:247]   --->   Operation 238 'store' 'store_ln196' <Predicate = true> <Delay = 0.00>
ST_1 : Operation 239 [1/1] (0.00ns)   --->   "%p_ZZN4nnet24compute_output_buffer_2dINS_5arrayI8ap_fixedILi16ELi6EL9ap_q_mode5EL9_525 = load i16 %p_ZZN4nnet24compute_output_buffer_2dINS_5arrayI8ap_fixedILi16ELi6EL9ap_q_mode5EL9_421" [firmware/nnet_utils/nnet_conv_stream.h:196->firmware/nnet_utils/nnet_conv_stream.h:247]   --->   Operation 239 'load' 'p_ZZN4nnet24compute_output_buffer_2dINS_5arrayI8ap_fixedILi16ELi6EL9ap_q_mode5EL9_525' <Predicate = true> <Delay = 0.00>
ST_1 : Operation 240 [1/1] (0.00ns)   --->   "%store_ln196 = store i16 %p_ZZN4nnet24compute_output_buffer_2dINS_5arrayI8ap_fixedILi16ELi6EL9ap_q_mode5EL9_525, i16 %p_ZZN4nnet24compute_output_buffer_2dINS_5arrayI8ap_fixedILi16ELi6EL9ap_q_mode5EL9_385" [firmware/nnet_utils/nnet_conv_stream.h:196->firmware/nnet_utils/nnet_conv_stream.h:247]   --->   Operation 240 'store' 'store_ln196' <Predicate = true> <Delay = 0.00>
ST_1 : Operation 241 [1/1] (0.00ns)   --->   "%p_ZZN4nnet24compute_output_buffer_2dINS_5arrayI8ap_fixedILi16ELi6EL9ap_q_mode5EL9_526 = load i16 %p_ZZN4nnet24compute_output_buffer_2dINS_5arrayI8ap_fixedILi16ELi6EL9ap_q_mode5EL9_422" [firmware/nnet_utils/nnet_conv_stream.h:196->firmware/nnet_utils/nnet_conv_stream.h:247]   --->   Operation 241 'load' 'p_ZZN4nnet24compute_output_buffer_2dINS_5arrayI8ap_fixedILi16ELi6EL9ap_q_mode5EL9_526' <Predicate = true> <Delay = 0.00>
ST_1 : Operation 242 [1/1] (0.00ns)   --->   "%store_ln196 = store i16 %p_ZZN4nnet24compute_output_buffer_2dINS_5arrayI8ap_fixedILi16ELi6EL9ap_q_mode5EL9_526, i16 %p_ZZN4nnet24compute_output_buffer_2dINS_5arrayI8ap_fixedILi16ELi6EL9ap_q_mode5EL9_386" [firmware/nnet_utils/nnet_conv_stream.h:196->firmware/nnet_utils/nnet_conv_stream.h:247]   --->   Operation 242 'store' 'store_ln196' <Predicate = true> <Delay = 0.00>
ST_1 : Operation 243 [1/1] (0.00ns)   --->   "%p_ZZN4nnet24compute_output_buffer_2dINS_5arrayI8ap_fixedILi16ELi6EL9ap_q_mode5EL9_527 = load i16 %p_ZZN4nnet24compute_output_buffer_2dINS_5arrayI8ap_fixedILi16ELi6EL9ap_q_mode5EL9_423" [firmware/nnet_utils/nnet_conv_stream.h:196->firmware/nnet_utils/nnet_conv_stream.h:247]   --->   Operation 243 'load' 'p_ZZN4nnet24compute_output_buffer_2dINS_5arrayI8ap_fixedILi16ELi6EL9ap_q_mode5EL9_527' <Predicate = true> <Delay = 0.00>
ST_1 : Operation 244 [1/1] (0.00ns)   --->   "%store_ln196 = store i16 %p_ZZN4nnet24compute_output_buffer_2dINS_5arrayI8ap_fixedILi16ELi6EL9ap_q_mode5EL9_527, i16 %p_ZZN4nnet24compute_output_buffer_2dINS_5arrayI8ap_fixedILi16ELi6EL9ap_q_mode5EL9_388" [firmware/nnet_utils/nnet_conv_stream.h:196->firmware/nnet_utils/nnet_conv_stream.h:247]   --->   Operation 244 'store' 'store_ln196' <Predicate = true> <Delay = 0.00>
ST_1 : Operation 245 [1/1] (0.00ns)   --->   "%p_ZZN4nnet24compute_output_buffer_2dINS_5arrayI8ap_fixedILi16ELi6EL9ap_q_mode5EL9_528 = load i16 %p_ZZN4nnet24compute_output_buffer_2dINS_5arrayI8ap_fixedILi16ELi6EL9ap_q_mode5EL9_424" [firmware/nnet_utils/nnet_conv_stream.h:196->firmware/nnet_utils/nnet_conv_stream.h:247]   --->   Operation 245 'load' 'p_ZZN4nnet24compute_output_buffer_2dINS_5arrayI8ap_fixedILi16ELi6EL9ap_q_mode5EL9_528' <Predicate = true> <Delay = 0.00>
ST_1 : Operation 246 [1/1] (0.00ns)   --->   "%store_ln196 = store i16 %p_ZZN4nnet24compute_output_buffer_2dINS_5arrayI8ap_fixedILi16ELi6EL9ap_q_mode5EL9_528, i16 %p_ZZN4nnet24compute_output_buffer_2dINS_5arrayI8ap_fixedILi16ELi6EL9ap_q_mode5EL9_389" [firmware/nnet_utils/nnet_conv_stream.h:196->firmware/nnet_utils/nnet_conv_stream.h:247]   --->   Operation 246 'store' 'store_ln196' <Predicate = true> <Delay = 0.00>
ST_1 : Operation 247 [1/1] (0.00ns)   --->   "%p_ZZN4nnet24compute_output_buffer_2dINS_5arrayI8ap_fixedILi16ELi6EL9ap_q_mode5EL9_529 = load i16 %p_ZZN4nnet24compute_output_buffer_2dINS_5arrayI8ap_fixedILi16ELi6EL9ap_q_mode5EL9_425" [firmware/nnet_utils/nnet_conv_stream.h:196->firmware/nnet_utils/nnet_conv_stream.h:247]   --->   Operation 247 'load' 'p_ZZN4nnet24compute_output_buffer_2dINS_5arrayI8ap_fixedILi16ELi6EL9ap_q_mode5EL9_529' <Predicate = true> <Delay = 0.00>
ST_1 : Operation 248 [1/1] (0.00ns)   --->   "%store_ln196 = store i16 %p_ZZN4nnet24compute_output_buffer_2dINS_5arrayI8ap_fixedILi16ELi6EL9ap_q_mode5EL9_529, i16 %p_ZZN4nnet24compute_output_buffer_2dINS_5arrayI8ap_fixedILi16ELi6EL9ap_q_mode5EL9_390" [firmware/nnet_utils/nnet_conv_stream.h:196->firmware/nnet_utils/nnet_conv_stream.h:247]   --->   Operation 248 'store' 'store_ln196' <Predicate = true> <Delay = 0.00>
ST_1 : Operation 249 [1/1] (0.00ns)   --->   "%p_ZZN4nnet24compute_output_buffer_2dINS_5arrayI8ap_fixedILi16ELi6EL9ap_q_mode5EL9_530 = load i16 %p_ZZN4nnet24compute_output_buffer_2dINS_5arrayI8ap_fixedILi16ELi6EL9ap_q_mode5EL9_426" [firmware/nnet_utils/nnet_conv_stream.h:196->firmware/nnet_utils/nnet_conv_stream.h:247]   --->   Operation 249 'load' 'p_ZZN4nnet24compute_output_buffer_2dINS_5arrayI8ap_fixedILi16ELi6EL9ap_q_mode5EL9_530' <Predicate = true> <Delay = 0.00>
ST_1 : Operation 250 [1/1] (0.00ns)   --->   "%store_ln196 = store i16 %p_ZZN4nnet24compute_output_buffer_2dINS_5arrayI8ap_fixedILi16ELi6EL9ap_q_mode5EL9_530, i16 %p_ZZN4nnet24compute_output_buffer_2dINS_5arrayI8ap_fixedILi16ELi6EL9ap_q_mode5EL9_391" [firmware/nnet_utils/nnet_conv_stream.h:196->firmware/nnet_utils/nnet_conv_stream.h:247]   --->   Operation 250 'store' 'store_ln196' <Predicate = true> <Delay = 0.00>
ST_1 : Operation 251 [1/1] (0.00ns)   --->   "%p_ZZN4nnet24compute_output_buffer_2dINS_5arrayI8ap_fixedILi16ELi6EL9ap_q_mode5EL9_531 = load i16 %p_ZZN4nnet24compute_output_buffer_2dINS_5arrayI8ap_fixedILi16ELi6EL9ap_q_mode5EL9_427" [firmware/nnet_utils/nnet_conv_stream.h:196->firmware/nnet_utils/nnet_conv_stream.h:247]   --->   Operation 251 'load' 'p_ZZN4nnet24compute_output_buffer_2dINS_5arrayI8ap_fixedILi16ELi6EL9ap_q_mode5EL9_531' <Predicate = true> <Delay = 0.00>
ST_1 : Operation 252 [1/1] (0.00ns)   --->   "%store_ln196 = store i16 %p_ZZN4nnet24compute_output_buffer_2dINS_5arrayI8ap_fixedILi16ELi6EL9ap_q_mode5EL9_531, i16 %p_ZZN4nnet24compute_output_buffer_2dINS_5arrayI8ap_fixedILi16ELi6EL9ap_q_mode5EL9_392" [firmware/nnet_utils/nnet_conv_stream.h:196->firmware/nnet_utils/nnet_conv_stream.h:247]   --->   Operation 252 'store' 'store_ln196' <Predicate = true> <Delay = 0.00>
ST_1 : Operation 253 [1/1] (0.00ns)   --->   "%p_ZZN4nnet24compute_output_buffer_2dINS_5arrayI8ap_fixedILi16ELi6EL9ap_q_mode5EL9_532 = load i16 %p_ZZN4nnet24compute_output_buffer_2dINS_5arrayI8ap_fixedILi16ELi6EL9ap_q_mode5EL9_428" [firmware/nnet_utils/nnet_conv_stream.h:196->firmware/nnet_utils/nnet_conv_stream.h:247]   --->   Operation 253 'load' 'p_ZZN4nnet24compute_output_buffer_2dINS_5arrayI8ap_fixedILi16ELi6EL9ap_q_mode5EL9_532' <Predicate = true> <Delay = 0.00>
ST_1 : Operation 254 [1/1] (0.00ns)   --->   "%store_ln196 = store i16 %p_ZZN4nnet24compute_output_buffer_2dINS_5arrayI8ap_fixedILi16ELi6EL9ap_q_mode5EL9_532, i16 %p_ZZN4nnet24compute_output_buffer_2dINS_5arrayI8ap_fixedILi16ELi6EL9ap_q_mode5EL9_393" [firmware/nnet_utils/nnet_conv_stream.h:196->firmware/nnet_utils/nnet_conv_stream.h:247]   --->   Operation 254 'store' 'store_ln196' <Predicate = true> <Delay = 0.00>
ST_1 : Operation 255 [1/1] (0.00ns)   --->   "%p_ZZN4nnet24compute_output_buffer_2dINS_5arrayI8ap_fixedILi16ELi6EL9ap_q_mode5EL9_533 = load i16 %p_ZZN4nnet24compute_output_buffer_2dINS_5arrayI8ap_fixedILi16ELi6EL9ap_q_mode5EL9_429" [firmware/nnet_utils/nnet_conv_stream.h:196->firmware/nnet_utils/nnet_conv_stream.h:247]   --->   Operation 255 'load' 'p_ZZN4nnet24compute_output_buffer_2dINS_5arrayI8ap_fixedILi16ELi6EL9ap_q_mode5EL9_533' <Predicate = true> <Delay = 0.00>
ST_1 : Operation 256 [1/1] (0.00ns)   --->   "%store_ln196 = store i16 %p_ZZN4nnet24compute_output_buffer_2dINS_5arrayI8ap_fixedILi16ELi6EL9ap_q_mode5EL9_533, i16 %p_ZZN4nnet24compute_output_buffer_2dINS_5arrayI8ap_fixedILi16ELi6EL9ap_q_mode5EL9_394" [firmware/nnet_utils/nnet_conv_stream.h:196->firmware/nnet_utils/nnet_conv_stream.h:247]   --->   Operation 256 'store' 'store_ln196' <Predicate = true> <Delay = 0.00>
ST_1 : Operation 257 [1/1] (0.00ns)   --->   "%p_ZZN4nnet24compute_output_buffer_2dINS_5arrayI8ap_fixedILi16ELi6EL9ap_q_mode5EL9_534 = load i16 %p_ZZN4nnet24compute_output_buffer_2dINS_5arrayI8ap_fixedILi16ELi6EL9ap_q_mode5EL9_430" [firmware/nnet_utils/nnet_conv_stream.h:196->firmware/nnet_utils/nnet_conv_stream.h:247]   --->   Operation 257 'load' 'p_ZZN4nnet24compute_output_buffer_2dINS_5arrayI8ap_fixedILi16ELi6EL9ap_q_mode5EL9_534' <Predicate = true> <Delay = 0.00>
ST_1 : Operation 258 [1/1] (0.00ns)   --->   "%store_ln196 = store i16 %p_ZZN4nnet24compute_output_buffer_2dINS_5arrayI8ap_fixedILi16ELi6EL9ap_q_mode5EL9_534, i16 %p_ZZN4nnet24compute_output_buffer_2dINS_5arrayI8ap_fixedILi16ELi6EL9ap_q_mode5EL9_395" [firmware/nnet_utils/nnet_conv_stream.h:196->firmware/nnet_utils/nnet_conv_stream.h:247]   --->   Operation 258 'store' 'store_ln196' <Predicate = true> <Delay = 0.00>
ST_1 : Operation 259 [1/1] (0.00ns)   --->   "%p_ZZN4nnet24compute_output_buffer_2dINS_5arrayI8ap_fixedILi16ELi6EL9ap_q_mode5EL9_535 = load i16 %p_ZZN4nnet24compute_output_buffer_2dINS_5arrayI8ap_fixedILi16ELi6EL9ap_q_mode5EL9_432" [firmware/nnet_utils/nnet_conv_stream.h:196->firmware/nnet_utils/nnet_conv_stream.h:247]   --->   Operation 259 'load' 'p_ZZN4nnet24compute_output_buffer_2dINS_5arrayI8ap_fixedILi16ELi6EL9ap_q_mode5EL9_535' <Predicate = true> <Delay = 0.00>
ST_1 : Operation 260 [1/1] (0.00ns)   --->   "%store_ln196 = store i16 %p_ZZN4nnet24compute_output_buffer_2dINS_5arrayI8ap_fixedILi16ELi6EL9ap_q_mode5EL9_535, i16 %p_ZZN4nnet24compute_output_buffer_2dINS_5arrayI8ap_fixedILi16ELi6EL9ap_q_mode5EL9_396" [firmware/nnet_utils/nnet_conv_stream.h:196->firmware/nnet_utils/nnet_conv_stream.h:247]   --->   Operation 260 'store' 'store_ln196' <Predicate = true> <Delay = 0.00>
ST_1 : Operation 261 [1/1] (0.00ns)   --->   "%p_ZZN4nnet24compute_output_buffer_2dINS_5arrayI8ap_fixedILi16ELi6EL9ap_q_mode5EL9_536 = load i16 %p_ZZN4nnet24compute_output_buffer_2dINS_5arrayI8ap_fixedILi16ELi6EL9ap_q_mode5EL9_433" [firmware/nnet_utils/nnet_conv_stream.h:196->firmware/nnet_utils/nnet_conv_stream.h:247]   --->   Operation 261 'load' 'p_ZZN4nnet24compute_output_buffer_2dINS_5arrayI8ap_fixedILi16ELi6EL9ap_q_mode5EL9_536' <Predicate = true> <Delay = 0.00>
ST_1 : Operation 262 [1/1] (0.00ns)   --->   "%store_ln196 = store i16 %p_ZZN4nnet24compute_output_buffer_2dINS_5arrayI8ap_fixedILi16ELi6EL9ap_q_mode5EL9_536, i16 %p_ZZN4nnet24compute_output_buffer_2dINS_5arrayI8ap_fixedILi16ELi6EL9ap_q_mode5EL9_397" [firmware/nnet_utils/nnet_conv_stream.h:196->firmware/nnet_utils/nnet_conv_stream.h:247]   --->   Operation 262 'store' 'store_ln196' <Predicate = true> <Delay = 0.00>
ST_1 : Operation 263 [1/1] (0.00ns)   --->   "%p_ZZN4nnet24compute_output_buffer_2dINS_5arrayI8ap_fixedILi16ELi6EL9ap_q_mode5EL9_537 = load i16 %p_ZZN4nnet24compute_output_buffer_2dINS_5arrayI8ap_fixedILi16ELi6EL9ap_q_mode5EL9_434" [firmware/nnet_utils/nnet_conv_stream.h:196->firmware/nnet_utils/nnet_conv_stream.h:247]   --->   Operation 263 'load' 'p_ZZN4nnet24compute_output_buffer_2dINS_5arrayI8ap_fixedILi16ELi6EL9ap_q_mode5EL9_537' <Predicate = true> <Delay = 0.00>
ST_1 : Operation 264 [1/1] (0.00ns)   --->   "%store_ln196 = store i16 %p_ZZN4nnet24compute_output_buffer_2dINS_5arrayI8ap_fixedILi16ELi6EL9ap_q_mode5EL9_537, i16 %p_ZZN4nnet24compute_output_buffer_2dINS_5arrayI8ap_fixedILi16ELi6EL9ap_q_mode5EL9_399" [firmware/nnet_utils/nnet_conv_stream.h:196->firmware/nnet_utils/nnet_conv_stream.h:247]   --->   Operation 264 'store' 'store_ln196' <Predicate = true> <Delay = 0.00>
ST_1 : Operation 265 [1/1] (0.00ns)   --->   "%p_ZZN4nnet24compute_output_buffer_2dINS_5arrayI8ap_fixedILi16ELi6EL9ap_q_mode5EL9_538 = load i16 %p_ZZN4nnet24compute_output_buffer_2dINS_5arrayI8ap_fixedILi16ELi6EL9ap_q_mode5EL9_435" [firmware/nnet_utils/nnet_conv_stream.h:196->firmware/nnet_utils/nnet_conv_stream.h:247]   --->   Operation 265 'load' 'p_ZZN4nnet24compute_output_buffer_2dINS_5arrayI8ap_fixedILi16ELi6EL9ap_q_mode5EL9_538' <Predicate = true> <Delay = 0.00>
ST_1 : Operation 266 [1/1] (0.00ns)   --->   "%store_ln196 = store i16 %p_ZZN4nnet24compute_output_buffer_2dINS_5arrayI8ap_fixedILi16ELi6EL9ap_q_mode5EL9_538, i16 %p_ZZN4nnet24compute_output_buffer_2dINS_5arrayI8ap_fixedILi16ELi6EL9ap_q_mode5EL9_400" [firmware/nnet_utils/nnet_conv_stream.h:196->firmware/nnet_utils/nnet_conv_stream.h:247]   --->   Operation 266 'store' 'store_ln196' <Predicate = true> <Delay = 0.00>
ST_1 : Operation 267 [1/1] (0.00ns)   --->   "%p_ZZN4nnet24compute_output_buffer_2dINS_5arrayI8ap_fixedILi16ELi6EL9ap_q_mode5EL9_539 = load i16 %p_ZZN4nnet24compute_output_buffer_2dINS_5arrayI8ap_fixedILi16ELi6EL9ap_q_mode5EL9_436" [firmware/nnet_utils/nnet_conv_stream.h:196->firmware/nnet_utils/nnet_conv_stream.h:247]   --->   Operation 267 'load' 'p_ZZN4nnet24compute_output_buffer_2dINS_5arrayI8ap_fixedILi16ELi6EL9ap_q_mode5EL9_539' <Predicate = true> <Delay = 0.00>
ST_1 : Operation 268 [1/1] (0.00ns)   --->   "%store_ln196 = store i16 %p_ZZN4nnet24compute_output_buffer_2dINS_5arrayI8ap_fixedILi16ELi6EL9ap_q_mode5EL9_539, i16 %p_ZZN4nnet24compute_output_buffer_2dINS_5arrayI8ap_fixedILi16ELi6EL9ap_q_mode5EL9_401" [firmware/nnet_utils/nnet_conv_stream.h:196->firmware/nnet_utils/nnet_conv_stream.h:247]   --->   Operation 268 'store' 'store_ln196' <Predicate = true> <Delay = 0.00>
ST_1 : Operation 269 [1/1] (0.00ns)   --->   "%p_ZZN4nnet24compute_output_buffer_2dINS_5arrayI8ap_fixedILi16ELi6EL9ap_q_mode5EL9_540 = load i16 %p_ZZN4nnet24compute_output_buffer_2dINS_5arrayI8ap_fixedILi16ELi6EL9ap_q_mode5EL9_437" [firmware/nnet_utils/nnet_conv_stream.h:196->firmware/nnet_utils/nnet_conv_stream.h:247]   --->   Operation 269 'load' 'p_ZZN4nnet24compute_output_buffer_2dINS_5arrayI8ap_fixedILi16ELi6EL9ap_q_mode5EL9_540' <Predicate = true> <Delay = 0.00>
ST_1 : Operation 270 [1/1] (0.00ns)   --->   "%store_ln196 = store i16 %p_ZZN4nnet24compute_output_buffer_2dINS_5arrayI8ap_fixedILi16ELi6EL9ap_q_mode5EL9_540, i16 %p_ZZN4nnet24compute_output_buffer_2dINS_5arrayI8ap_fixedILi16ELi6EL9ap_q_mode5EL9_402" [firmware/nnet_utils/nnet_conv_stream.h:196->firmware/nnet_utils/nnet_conv_stream.h:247]   --->   Operation 270 'store' 'store_ln196' <Predicate = true> <Delay = 0.00>
ST_1 : Operation 271 [1/1] (0.00ns)   --->   "%p_ZZN4nnet24compute_output_buffer_2dINS_5arrayI8ap_fixedILi16ELi6EL9ap_q_mode5EL9_541 = load i16 %p_ZZN4nnet24compute_output_buffer_2dINS_5arrayI8ap_fixedILi16ELi6EL9ap_q_mode5EL9_438" [firmware/nnet_utils/nnet_conv_stream.h:196->firmware/nnet_utils/nnet_conv_stream.h:247]   --->   Operation 271 'load' 'p_ZZN4nnet24compute_output_buffer_2dINS_5arrayI8ap_fixedILi16ELi6EL9ap_q_mode5EL9_541' <Predicate = true> <Delay = 0.00>
ST_1 : Operation 272 [1/1] (0.00ns)   --->   "%store_ln196 = store i16 %p_ZZN4nnet24compute_output_buffer_2dINS_5arrayI8ap_fixedILi16ELi6EL9ap_q_mode5EL9_541, i16 %p_ZZN4nnet24compute_output_buffer_2dINS_5arrayI8ap_fixedILi16ELi6EL9ap_q_mode5EL9_403" [firmware/nnet_utils/nnet_conv_stream.h:196->firmware/nnet_utils/nnet_conv_stream.h:247]   --->   Operation 272 'store' 'store_ln196' <Predicate = true> <Delay = 0.00>
ST_1 : Operation 273 [1/1] (0.00ns)   --->   "%p_ZZN4nnet24compute_output_buffer_2dINS_5arrayI8ap_fixedILi16ELi6EL9ap_q_mode5EL9_542 = load i16 %p_ZZN4nnet24compute_output_buffer_2dINS_5arrayI8ap_fixedILi16ELi6EL9ap_q_mode5EL9_439" [firmware/nnet_utils/nnet_conv_stream.h:196->firmware/nnet_utils/nnet_conv_stream.h:247]   --->   Operation 273 'load' 'p_ZZN4nnet24compute_output_buffer_2dINS_5arrayI8ap_fixedILi16ELi6EL9ap_q_mode5EL9_542' <Predicate = true> <Delay = 0.00>
ST_1 : Operation 274 [1/1] (0.00ns)   --->   "%store_ln196 = store i16 %p_ZZN4nnet24compute_output_buffer_2dINS_5arrayI8ap_fixedILi16ELi6EL9ap_q_mode5EL9_542, i16 %p_ZZN4nnet24compute_output_buffer_2dINS_5arrayI8ap_fixedILi16ELi6EL9ap_q_mode5EL9_404" [firmware/nnet_utils/nnet_conv_stream.h:196->firmware/nnet_utils/nnet_conv_stream.h:247]   --->   Operation 274 'store' 'store_ln196' <Predicate = true> <Delay = 0.00>
ST_1 : Operation 275 [1/1] (0.00ns)   --->   "%p_ZZN4nnet24compute_output_buffer_2dINS_5arrayI8ap_fixedILi16ELi6EL9ap_q_mode5EL9_543 = load i16 %p_ZZN4nnet24compute_output_buffer_2dINS_5arrayI8ap_fixedILi16ELi6EL9ap_q_mode5EL9_440" [firmware/nnet_utils/nnet_conv_stream.h:196->firmware/nnet_utils/nnet_conv_stream.h:247]   --->   Operation 275 'load' 'p_ZZN4nnet24compute_output_buffer_2dINS_5arrayI8ap_fixedILi16ELi6EL9ap_q_mode5EL9_543' <Predicate = true> <Delay = 0.00>
ST_1 : Operation 276 [1/1] (0.00ns)   --->   "%store_ln196 = store i16 %p_ZZN4nnet24compute_output_buffer_2dINS_5arrayI8ap_fixedILi16ELi6EL9ap_q_mode5EL9_543, i16 %p_ZZN4nnet24compute_output_buffer_2dINS_5arrayI8ap_fixedILi16ELi6EL9ap_q_mode5EL9_405" [firmware/nnet_utils/nnet_conv_stream.h:196->firmware/nnet_utils/nnet_conv_stream.h:247]   --->   Operation 276 'store' 'store_ln196' <Predicate = true> <Delay = 0.00>
ST_1 : Operation 277 [1/1] (0.00ns)   --->   "%p_ZZN4nnet24compute_output_buffer_2dINS_5arrayI8ap_fixedILi16ELi6EL9ap_q_mode5EL9_544 = load i16 %p_ZZN4nnet24compute_output_buffer_2dINS_5arrayI8ap_fixedILi16ELi6EL9ap_q_mode5EL9_441" [firmware/nnet_utils/nnet_conv_stream.h:196->firmware/nnet_utils/nnet_conv_stream.h:247]   --->   Operation 277 'load' 'p_ZZN4nnet24compute_output_buffer_2dINS_5arrayI8ap_fixedILi16ELi6EL9ap_q_mode5EL9_544' <Predicate = true> <Delay = 0.00>
ST_1 : Operation 278 [1/1] (0.00ns)   --->   "%store_ln196 = store i16 %p_ZZN4nnet24compute_output_buffer_2dINS_5arrayI8ap_fixedILi16ELi6EL9ap_q_mode5EL9_544, i16 %p_ZZN4nnet24compute_output_buffer_2dINS_5arrayI8ap_fixedILi16ELi6EL9ap_q_mode5EL9_406" [firmware/nnet_utils/nnet_conv_stream.h:196->firmware/nnet_utils/nnet_conv_stream.h:247]   --->   Operation 278 'store' 'store_ln196' <Predicate = true> <Delay = 0.00>
ST_1 : Operation 279 [1/1] (0.00ns)   --->   "%p_ZZN4nnet24compute_output_buffer_2dINS_5arrayI8ap_fixedILi16ELi6EL9ap_q_mode5EL9_545 = load i16 %p_ZZN4nnet24compute_output_buffer_2dINS_5arrayI8ap_fixedILi16ELi6EL9ap_q_mode5EL9_443" [firmware/nnet_utils/nnet_conv_stream.h:196->firmware/nnet_utils/nnet_conv_stream.h:247]   --->   Operation 279 'load' 'p_ZZN4nnet24compute_output_buffer_2dINS_5arrayI8ap_fixedILi16ELi6EL9ap_q_mode5EL9_545' <Predicate = true> <Delay = 0.00>
ST_1 : Operation 280 [1/1] (0.00ns)   --->   "%store_ln196 = store i16 %p_ZZN4nnet24compute_output_buffer_2dINS_5arrayI8ap_fixedILi16ELi6EL9ap_q_mode5EL9_545, i16 %p_ZZN4nnet24compute_output_buffer_2dINS_5arrayI8ap_fixedILi16ELi6EL9ap_q_mode5EL9_407" [firmware/nnet_utils/nnet_conv_stream.h:196->firmware/nnet_utils/nnet_conv_stream.h:247]   --->   Operation 280 'store' 'store_ln196' <Predicate = true> <Delay = 0.00>
ST_1 : Operation 281 [1/1] (0.00ns)   --->   "%p_ZZN4nnet24compute_output_buffer_2dINS_5arrayI8ap_fixedILi16ELi6EL9ap_q_mode5EL9_546 = load i16 %p_ZZN4nnet24compute_output_buffer_2dINS_5arrayI8ap_fixedILi16ELi6EL9ap_q_mode5EL9_444" [firmware/nnet_utils/nnet_conv_stream.h:196->firmware/nnet_utils/nnet_conv_stream.h:247]   --->   Operation 281 'load' 'p_ZZN4nnet24compute_output_buffer_2dINS_5arrayI8ap_fixedILi16ELi6EL9ap_q_mode5EL9_546' <Predicate = true> <Delay = 0.00>
ST_1 : Operation 282 [1/1] (0.00ns)   --->   "%store_ln196 = store i16 %p_ZZN4nnet24compute_output_buffer_2dINS_5arrayI8ap_fixedILi16ELi6EL9ap_q_mode5EL9_546, i16 %p_ZZN4nnet24compute_output_buffer_2dINS_5arrayI8ap_fixedILi16ELi6EL9ap_q_mode5EL9_408" [firmware/nnet_utils/nnet_conv_stream.h:196->firmware/nnet_utils/nnet_conv_stream.h:247]   --->   Operation 282 'store' 'store_ln196' <Predicate = true> <Delay = 0.00>
ST_1 : Operation 283 [1/1] (0.00ns)   --->   "%p_ZZN4nnet24compute_output_buffer_2dINS_5arrayI8ap_fixedILi16ELi6EL9ap_q_mode5EL9_547 = load i16 %p_ZZN4nnet24compute_output_buffer_2dINS_5arrayI8ap_fixedILi16ELi6EL9ap_q_mode5EL9_445" [firmware/nnet_utils/nnet_conv_stream.h:196->firmware/nnet_utils/nnet_conv_stream.h:247]   --->   Operation 283 'load' 'p_ZZN4nnet24compute_output_buffer_2dINS_5arrayI8ap_fixedILi16ELi6EL9ap_q_mode5EL9_547' <Predicate = true> <Delay = 0.00>
ST_1 : Operation 284 [1/1] (0.00ns)   --->   "%store_ln196 = store i16 %p_ZZN4nnet24compute_output_buffer_2dINS_5arrayI8ap_fixedILi16ELi6EL9ap_q_mode5EL9_547, i16 %p_ZZN4nnet24compute_output_buffer_2dINS_5arrayI8ap_fixedILi16ELi6EL9ap_q_mode5EL9_410" [firmware/nnet_utils/nnet_conv_stream.h:196->firmware/nnet_utils/nnet_conv_stream.h:247]   --->   Operation 284 'store' 'store_ln196' <Predicate = true> <Delay = 0.00>
ST_1 : Operation 285 [1/1] (0.00ns)   --->   "%p_ZZN4nnet24compute_output_buffer_2dINS_5arrayI8ap_fixedILi16ELi6EL9ap_q_mode5EL9_548 = load i16 %p_ZZN4nnet24compute_output_buffer_2dINS_5arrayI8ap_fixedILi16ELi6EL9ap_q_mode5EL9_446" [firmware/nnet_utils/nnet_conv_stream.h:196->firmware/nnet_utils/nnet_conv_stream.h:247]   --->   Operation 285 'load' 'p_ZZN4nnet24compute_output_buffer_2dINS_5arrayI8ap_fixedILi16ELi6EL9ap_q_mode5EL9_548' <Predicate = true> <Delay = 0.00>
ST_1 : Operation 286 [1/1] (0.00ns)   --->   "%store_ln196 = store i16 %p_ZZN4nnet24compute_output_buffer_2dINS_5arrayI8ap_fixedILi16ELi6EL9ap_q_mode5EL9_548, i16 %p_ZZN4nnet24compute_output_buffer_2dINS_5arrayI8ap_fixedILi16ELi6EL9ap_q_mode5EL9_411" [firmware/nnet_utils/nnet_conv_stream.h:196->firmware/nnet_utils/nnet_conv_stream.h:247]   --->   Operation 286 'store' 'store_ln196' <Predicate = true> <Delay = 0.00>
ST_1 : Operation 287 [1/1] (0.00ns)   --->   "%p_ZZN4nnet24compute_output_buffer_2dINS_5arrayI8ap_fixedILi16ELi6EL9ap_q_mode5EL9_549 = load i16 %p_ZZN4nnet24compute_output_buffer_2dINS_5arrayI8ap_fixedILi16ELi6EL9ap_q_mode5EL9_447" [firmware/nnet_utils/nnet_conv_stream.h:196->firmware/nnet_utils/nnet_conv_stream.h:247]   --->   Operation 287 'load' 'p_ZZN4nnet24compute_output_buffer_2dINS_5arrayI8ap_fixedILi16ELi6EL9ap_q_mode5EL9_549' <Predicate = true> <Delay = 0.00>
ST_1 : Operation 288 [1/1] (0.00ns)   --->   "%store_ln196 = store i16 %p_ZZN4nnet24compute_output_buffer_2dINS_5arrayI8ap_fixedILi16ELi6EL9ap_q_mode5EL9_549, i16 %p_ZZN4nnet24compute_output_buffer_2dINS_5arrayI8ap_fixedILi16ELi6EL9ap_q_mode5EL9_412" [firmware/nnet_utils/nnet_conv_stream.h:196->firmware/nnet_utils/nnet_conv_stream.h:247]   --->   Operation 288 'store' 'store_ln196' <Predicate = true> <Delay = 0.00>
ST_1 : Operation 289 [1/1] (0.00ns)   --->   "%p_ZZN4nnet24compute_output_buffer_2dINS_5arrayI8ap_fixedILi16ELi6EL9ap_q_mode5EL9_550 = load i16 %p_ZZN4nnet24compute_output_buffer_2dINS_5arrayI8ap_fixedILi16ELi6EL9ap_q_mode5EL9_448" [firmware/nnet_utils/nnet_conv_stream.h:196->firmware/nnet_utils/nnet_conv_stream.h:247]   --->   Operation 289 'load' 'p_ZZN4nnet24compute_output_buffer_2dINS_5arrayI8ap_fixedILi16ELi6EL9ap_q_mode5EL9_550' <Predicate = true> <Delay = 0.00>
ST_1 : Operation 290 [1/1] (0.00ns)   --->   "%store_ln196 = store i16 %p_ZZN4nnet24compute_output_buffer_2dINS_5arrayI8ap_fixedILi16ELi6EL9ap_q_mode5EL9_550, i16 %p_ZZN4nnet24compute_output_buffer_2dINS_5arrayI8ap_fixedILi16ELi6EL9ap_q_mode5EL9_413" [firmware/nnet_utils/nnet_conv_stream.h:196->firmware/nnet_utils/nnet_conv_stream.h:247]   --->   Operation 290 'store' 'store_ln196' <Predicate = true> <Delay = 0.00>
ST_1 : Operation 291 [1/1] (0.00ns)   --->   "%p_ZZN4nnet24compute_output_buffer_2dINS_5arrayI8ap_fixedILi16ELi6EL9ap_q_mode5EL9_551 = load i16 %p_ZZN4nnet24compute_output_buffer_2dINS_5arrayI8ap_fixedILi16ELi6EL9ap_q_mode5EL9_35" [firmware/nnet_utils/nnet_conv_stream.h:196->firmware/nnet_utils/nnet_conv_stream.h:247]   --->   Operation 291 'load' 'p_ZZN4nnet24compute_output_buffer_2dINS_5arrayI8ap_fixedILi16ELi6EL9ap_q_mode5EL9_551' <Predicate = true> <Delay = 0.00>
ST_1 : Operation 292 [1/1] (0.00ns)   --->   "%store_ln196 = store i16 %p_ZZN4nnet24compute_output_buffer_2dINS_5arrayI8ap_fixedILi16ELi6EL9ap_q_mode5EL9_551, i16 %p_ZZN4nnet24compute_output_buffer_2dINS_5arrayI8ap_fixedILi16ELi6EL9ap_q_mode5EL9_67" [firmware/nnet_utils/nnet_conv_stream.h:196->firmware/nnet_utils/nnet_conv_stream.h:247]   --->   Operation 292 'store' 'store_ln196' <Predicate = true> <Delay = 0.00>
ST_1 : Operation 293 [1/1] (0.00ns)   --->   "%p_ZZN4nnet24compute_output_buffer_2dINS_5arrayI8ap_fixedILi16ELi6EL9ap_q_mode5EL9_552 = load i16 %p_ZZN4nnet24compute_output_buffer_2dINS_5arrayI8ap_fixedILi16ELi6EL9ap_q_mode5EL9_34" [firmware/nnet_utils/nnet_conv_stream.h:196->firmware/nnet_utils/nnet_conv_stream.h:247]   --->   Operation 293 'load' 'p_ZZN4nnet24compute_output_buffer_2dINS_5arrayI8ap_fixedILi16ELi6EL9ap_q_mode5EL9_552' <Predicate = true> <Delay = 0.00>
ST_1 : Operation 294 [1/1] (0.00ns)   --->   "%store_ln196 = store i16 %p_ZZN4nnet24compute_output_buffer_2dINS_5arrayI8ap_fixedILi16ELi6EL9ap_q_mode5EL9_552, i16 %p_ZZN4nnet24compute_output_buffer_2dINS_5arrayI8ap_fixedILi16ELi6EL9ap_q_mode5EL9_66" [firmware/nnet_utils/nnet_conv_stream.h:196->firmware/nnet_utils/nnet_conv_stream.h:247]   --->   Operation 294 'store' 'store_ln196' <Predicate = true> <Delay = 0.00>
ST_1 : Operation 295 [1/1] (0.00ns)   --->   "%p_ZZN4nnet24compute_output_buffer_2dINS_5arrayI8ap_fixedILi16ELi6EL9ap_q_mode5EL9_553 = load i16 %p_ZZN4nnet24compute_output_buffer_2dINS_5arrayI8ap_fixedILi16ELi6EL9ap_q_mode5EL9_33" [firmware/nnet_utils/nnet_conv_stream.h:196->firmware/nnet_utils/nnet_conv_stream.h:247]   --->   Operation 295 'load' 'p_ZZN4nnet24compute_output_buffer_2dINS_5arrayI8ap_fixedILi16ELi6EL9ap_q_mode5EL9_553' <Predicate = true> <Delay = 0.00>
ST_1 : Operation 296 [1/1] (0.00ns)   --->   "%store_ln196 = store i16 %p_ZZN4nnet24compute_output_buffer_2dINS_5arrayI8ap_fixedILi16ELi6EL9ap_q_mode5EL9_553, i16 %p_ZZN4nnet24compute_output_buffer_2dINS_5arrayI8ap_fixedILi16ELi6EL9ap_q_mode5EL9_65" [firmware/nnet_utils/nnet_conv_stream.h:196->firmware/nnet_utils/nnet_conv_stream.h:247]   --->   Operation 296 'store' 'store_ln196' <Predicate = true> <Delay = 0.00>
ST_1 : Operation 297 [1/1] (0.00ns)   --->   "%p_ZZN4nnet24compute_output_buffer_2dINS_5arrayI8ap_fixedILi16ELi6EL9ap_q_mode5EL9_554 = load i16 %p_ZZN4nnet24compute_output_buffer_2dINS_5arrayI8ap_fixedILi16ELi6EL9ap_q_mode5EL9_32" [firmware/nnet_utils/nnet_conv_stream.h:196->firmware/nnet_utils/nnet_conv_stream.h:247]   --->   Operation 297 'load' 'p_ZZN4nnet24compute_output_buffer_2dINS_5arrayI8ap_fixedILi16ELi6EL9ap_q_mode5EL9_554' <Predicate = true> <Delay = 0.00>
ST_1 : Operation 298 [1/1] (0.00ns)   --->   "%store_ln196 = store i16 %p_ZZN4nnet24compute_output_buffer_2dINS_5arrayI8ap_fixedILi16ELi6EL9ap_q_mode5EL9_554, i16 %p_ZZN4nnet24compute_output_buffer_2dINS_5arrayI8ap_fixedILi16ELi6EL9ap_q_mode5EL9_64" [firmware/nnet_utils/nnet_conv_stream.h:196->firmware/nnet_utils/nnet_conv_stream.h:247]   --->   Operation 298 'store' 'store_ln196' <Predicate = true> <Delay = 0.00>
ST_1 : Operation 299 [1/1] (0.00ns)   --->   "%p_ZZN4nnet24compute_output_buffer_2dINS_5arrayI8ap_fixedILi16ELi6EL9ap_q_mode5EL9_555 = load i16 %p_ZZN4nnet24compute_output_buffer_2dINS_5arrayI8ap_fixedILi16ELi6EL9ap_q_mode5EL9_31" [firmware/nnet_utils/nnet_conv_stream.h:196->firmware/nnet_utils/nnet_conv_stream.h:247]   --->   Operation 299 'load' 'p_ZZN4nnet24compute_output_buffer_2dINS_5arrayI8ap_fixedILi16ELi6EL9ap_q_mode5EL9_555' <Predicate = true> <Delay = 0.00>
ST_1 : Operation 300 [1/1] (0.00ns)   --->   "%store_ln196 = store i16 %p_ZZN4nnet24compute_output_buffer_2dINS_5arrayI8ap_fixedILi16ELi6EL9ap_q_mode5EL9_555, i16 %p_ZZN4nnet24compute_output_buffer_2dINS_5arrayI8ap_fixedILi16ELi6EL9ap_q_mode5EL9_63" [firmware/nnet_utils/nnet_conv_stream.h:196->firmware/nnet_utils/nnet_conv_stream.h:247]   --->   Operation 300 'store' 'store_ln196' <Predicate = true> <Delay = 0.00>
ST_1 : Operation 301 [1/1] (0.00ns)   --->   "%p_ZZN4nnet24compute_output_buffer_2dINS_5arrayI8ap_fixedILi16ELi6EL9ap_q_mode5EL9_556 = load i16 %p_ZZN4nnet24compute_output_buffer_2dINS_5arrayI8ap_fixedILi16ELi6EL9ap_q_mode5EL9_30" [firmware/nnet_utils/nnet_conv_stream.h:196->firmware/nnet_utils/nnet_conv_stream.h:247]   --->   Operation 301 'load' 'p_ZZN4nnet24compute_output_buffer_2dINS_5arrayI8ap_fixedILi16ELi6EL9ap_q_mode5EL9_556' <Predicate = true> <Delay = 0.00>
ST_1 : Operation 302 [1/1] (0.00ns)   --->   "%store_ln196 = store i16 %p_ZZN4nnet24compute_output_buffer_2dINS_5arrayI8ap_fixedILi16ELi6EL9ap_q_mode5EL9_556, i16 %p_ZZN4nnet24compute_output_buffer_2dINS_5arrayI8ap_fixedILi16ELi6EL9ap_q_mode5EL9_62" [firmware/nnet_utils/nnet_conv_stream.h:196->firmware/nnet_utils/nnet_conv_stream.h:247]   --->   Operation 302 'store' 'store_ln196' <Predicate = true> <Delay = 0.00>
ST_1 : Operation 303 [1/1] (0.00ns)   --->   "%p_ZZN4nnet24compute_output_buffer_2dINS_5arrayI8ap_fixedILi16ELi6EL9ap_q_mode5EL9_557 = load i16 %p_ZZN4nnet24compute_output_buffer_2dINS_5arrayI8ap_fixedILi16ELi6EL9ap_q_mode5EL9_29" [firmware/nnet_utils/nnet_conv_stream.h:196->firmware/nnet_utils/nnet_conv_stream.h:247]   --->   Operation 303 'load' 'p_ZZN4nnet24compute_output_buffer_2dINS_5arrayI8ap_fixedILi16ELi6EL9ap_q_mode5EL9_557' <Predicate = true> <Delay = 0.00>
ST_1 : Operation 304 [1/1] (0.00ns)   --->   "%store_ln196 = store i16 %p_ZZN4nnet24compute_output_buffer_2dINS_5arrayI8ap_fixedILi16ELi6EL9ap_q_mode5EL9_557, i16 %p_ZZN4nnet24compute_output_buffer_2dINS_5arrayI8ap_fixedILi16ELi6EL9ap_q_mode5EL9_61" [firmware/nnet_utils/nnet_conv_stream.h:196->firmware/nnet_utils/nnet_conv_stream.h:247]   --->   Operation 304 'store' 'store_ln196' <Predicate = true> <Delay = 0.00>
ST_1 : Operation 305 [1/1] (0.00ns)   --->   "%p_ZZN4nnet24compute_output_buffer_2dINS_5arrayI8ap_fixedILi16ELi6EL9ap_q_mode5EL9_558 = load i16 %p_ZZN4nnet24compute_output_buffer_2dINS_5arrayI8ap_fixedILi16ELi6EL9ap_q_mode5EL9_28" [firmware/nnet_utils/nnet_conv_stream.h:196->firmware/nnet_utils/nnet_conv_stream.h:247]   --->   Operation 305 'load' 'p_ZZN4nnet24compute_output_buffer_2dINS_5arrayI8ap_fixedILi16ELi6EL9ap_q_mode5EL9_558' <Predicate = true> <Delay = 0.00>
ST_1 : Operation 306 [1/1] (0.00ns)   --->   "%store_ln196 = store i16 %p_ZZN4nnet24compute_output_buffer_2dINS_5arrayI8ap_fixedILi16ELi6EL9ap_q_mode5EL9_558, i16 %p_ZZN4nnet24compute_output_buffer_2dINS_5arrayI8ap_fixedILi16ELi6EL9ap_q_mode5EL9_60" [firmware/nnet_utils/nnet_conv_stream.h:196->firmware/nnet_utils/nnet_conv_stream.h:247]   --->   Operation 306 'store' 'store_ln196' <Predicate = true> <Delay = 0.00>
ST_1 : Operation 307 [1/1] (0.00ns)   --->   "%p_ZZN4nnet24compute_output_buffer_2dINS_5arrayI8ap_fixedILi16ELi6EL9ap_q_mode5EL9_559 = load i16 %p_ZZN4nnet24compute_output_buffer_2dINS_5arrayI8ap_fixedILi16ELi6EL9ap_q_mode5EL9_27" [firmware/nnet_utils/nnet_conv_stream.h:196->firmware/nnet_utils/nnet_conv_stream.h:247]   --->   Operation 307 'load' 'p_ZZN4nnet24compute_output_buffer_2dINS_5arrayI8ap_fixedILi16ELi6EL9ap_q_mode5EL9_559' <Predicate = true> <Delay = 0.00>
ST_1 : Operation 308 [1/1] (0.00ns)   --->   "%store_ln196 = store i16 %p_ZZN4nnet24compute_output_buffer_2dINS_5arrayI8ap_fixedILi16ELi6EL9ap_q_mode5EL9_559, i16 %p_ZZN4nnet24compute_output_buffer_2dINS_5arrayI8ap_fixedILi16ELi6EL9ap_q_mode5EL9_59" [firmware/nnet_utils/nnet_conv_stream.h:196->firmware/nnet_utils/nnet_conv_stream.h:247]   --->   Operation 308 'store' 'store_ln196' <Predicate = true> <Delay = 0.00>
ST_1 : Operation 309 [1/1] (0.00ns)   --->   "%p_ZZN4nnet24compute_output_buffer_2dINS_5arrayI8ap_fixedILi16ELi6EL9ap_q_mode5EL9_560 = load i16 %p_ZZN4nnet24compute_output_buffer_2dINS_5arrayI8ap_fixedILi16ELi6EL9ap_q_mode5EL9_26" [firmware/nnet_utils/nnet_conv_stream.h:196->firmware/nnet_utils/nnet_conv_stream.h:247]   --->   Operation 309 'load' 'p_ZZN4nnet24compute_output_buffer_2dINS_5arrayI8ap_fixedILi16ELi6EL9ap_q_mode5EL9_560' <Predicate = true> <Delay = 0.00>
ST_1 : Operation 310 [1/1] (0.00ns)   --->   "%store_ln196 = store i16 %p_ZZN4nnet24compute_output_buffer_2dINS_5arrayI8ap_fixedILi16ELi6EL9ap_q_mode5EL9_560, i16 %p_ZZN4nnet24compute_output_buffer_2dINS_5arrayI8ap_fixedILi16ELi6EL9ap_q_mode5EL9_58" [firmware/nnet_utils/nnet_conv_stream.h:196->firmware/nnet_utils/nnet_conv_stream.h:247]   --->   Operation 310 'store' 'store_ln196' <Predicate = true> <Delay = 0.00>
ST_1 : Operation 311 [1/1] (0.00ns)   --->   "%p_ZZN4nnet24compute_output_buffer_2dINS_5arrayI8ap_fixedILi16ELi6EL9ap_q_mode5EL9_561 = load i16 %p_ZZN4nnet24compute_output_buffer_2dINS_5arrayI8ap_fixedILi16ELi6EL9ap_q_mode5EL9_25" [firmware/nnet_utils/nnet_conv_stream.h:196->firmware/nnet_utils/nnet_conv_stream.h:247]   --->   Operation 311 'load' 'p_ZZN4nnet24compute_output_buffer_2dINS_5arrayI8ap_fixedILi16ELi6EL9ap_q_mode5EL9_561' <Predicate = true> <Delay = 0.00>
ST_1 : Operation 312 [1/1] (0.00ns)   --->   "%store_ln196 = store i16 %p_ZZN4nnet24compute_output_buffer_2dINS_5arrayI8ap_fixedILi16ELi6EL9ap_q_mode5EL9_561, i16 %p_ZZN4nnet24compute_output_buffer_2dINS_5arrayI8ap_fixedILi16ELi6EL9ap_q_mode5EL9_57" [firmware/nnet_utils/nnet_conv_stream.h:196->firmware/nnet_utils/nnet_conv_stream.h:247]   --->   Operation 312 'store' 'store_ln196' <Predicate = true> <Delay = 0.00>
ST_1 : Operation 313 [1/1] (0.00ns)   --->   "%p_ZZN4nnet24compute_output_buffer_2dINS_5arrayI8ap_fixedILi16ELi6EL9ap_q_mode5EL9_562 = load i16 %p_ZZN4nnet24compute_output_buffer_2dINS_5arrayI8ap_fixedILi16ELi6EL9ap_q_mode5EL9_24" [firmware/nnet_utils/nnet_conv_stream.h:196->firmware/nnet_utils/nnet_conv_stream.h:247]   --->   Operation 313 'load' 'p_ZZN4nnet24compute_output_buffer_2dINS_5arrayI8ap_fixedILi16ELi6EL9ap_q_mode5EL9_562' <Predicate = true> <Delay = 0.00>
ST_1 : Operation 314 [1/1] (0.00ns)   --->   "%store_ln196 = store i16 %p_ZZN4nnet24compute_output_buffer_2dINS_5arrayI8ap_fixedILi16ELi6EL9ap_q_mode5EL9_562, i16 %p_ZZN4nnet24compute_output_buffer_2dINS_5arrayI8ap_fixedILi16ELi6EL9ap_q_mode5EL9_56" [firmware/nnet_utils/nnet_conv_stream.h:196->firmware/nnet_utils/nnet_conv_stream.h:247]   --->   Operation 314 'store' 'store_ln196' <Predicate = true> <Delay = 0.00>
ST_1 : Operation 315 [1/1] (0.00ns)   --->   "%p_ZZN4nnet24compute_output_buffer_2dINS_5arrayI8ap_fixedILi16ELi6EL9ap_q_mode5EL9_563 = load i16 %p_ZZN4nnet24compute_output_buffer_2dINS_5arrayI8ap_fixedILi16ELi6EL9ap_q_mode5EL9_23" [firmware/nnet_utils/nnet_conv_stream.h:196->firmware/nnet_utils/nnet_conv_stream.h:247]   --->   Operation 315 'load' 'p_ZZN4nnet24compute_output_buffer_2dINS_5arrayI8ap_fixedILi16ELi6EL9ap_q_mode5EL9_563' <Predicate = true> <Delay = 0.00>
ST_1 : Operation 316 [1/1] (0.00ns)   --->   "%store_ln196 = store i16 %p_ZZN4nnet24compute_output_buffer_2dINS_5arrayI8ap_fixedILi16ELi6EL9ap_q_mode5EL9_563, i16 %p_ZZN4nnet24compute_output_buffer_2dINS_5arrayI8ap_fixedILi16ELi6EL9ap_q_mode5EL9_55" [firmware/nnet_utils/nnet_conv_stream.h:196->firmware/nnet_utils/nnet_conv_stream.h:247]   --->   Operation 316 'store' 'store_ln196' <Predicate = true> <Delay = 0.00>
ST_1 : Operation 317 [1/1] (0.00ns)   --->   "%p_ZZN4nnet24compute_output_buffer_2dINS_5arrayI8ap_fixedILi16ELi6EL9ap_q_mode5EL9_564 = load i16 %p_ZZN4nnet24compute_output_buffer_2dINS_5arrayI8ap_fixedILi16ELi6EL9ap_q_mode5EL9_22" [firmware/nnet_utils/nnet_conv_stream.h:196->firmware/nnet_utils/nnet_conv_stream.h:247]   --->   Operation 317 'load' 'p_ZZN4nnet24compute_output_buffer_2dINS_5arrayI8ap_fixedILi16ELi6EL9ap_q_mode5EL9_564' <Predicate = true> <Delay = 0.00>
ST_1 : Operation 318 [1/1] (0.00ns)   --->   "%store_ln196 = store i16 %p_ZZN4nnet24compute_output_buffer_2dINS_5arrayI8ap_fixedILi16ELi6EL9ap_q_mode5EL9_564, i16 %p_ZZN4nnet24compute_output_buffer_2dINS_5arrayI8ap_fixedILi16ELi6EL9ap_q_mode5EL9_54" [firmware/nnet_utils/nnet_conv_stream.h:196->firmware/nnet_utils/nnet_conv_stream.h:247]   --->   Operation 318 'store' 'store_ln196' <Predicate = true> <Delay = 0.00>
ST_1 : Operation 319 [1/1] (0.00ns)   --->   "%p_ZZN4nnet24compute_output_buffer_2dINS_5arrayI8ap_fixedILi16ELi6EL9ap_q_mode5EL9_565 = load i16 %p_ZZN4nnet24compute_output_buffer_2dINS_5arrayI8ap_fixedILi16ELi6EL9ap_q_mode5EL9_21" [firmware/nnet_utils/nnet_conv_stream.h:196->firmware/nnet_utils/nnet_conv_stream.h:247]   --->   Operation 319 'load' 'p_ZZN4nnet24compute_output_buffer_2dINS_5arrayI8ap_fixedILi16ELi6EL9ap_q_mode5EL9_565' <Predicate = true> <Delay = 0.00>
ST_1 : Operation 320 [1/1] (0.00ns)   --->   "%store_ln196 = store i16 %p_ZZN4nnet24compute_output_buffer_2dINS_5arrayI8ap_fixedILi16ELi6EL9ap_q_mode5EL9_565, i16 %p_ZZN4nnet24compute_output_buffer_2dINS_5arrayI8ap_fixedILi16ELi6EL9ap_q_mode5EL9_53" [firmware/nnet_utils/nnet_conv_stream.h:196->firmware/nnet_utils/nnet_conv_stream.h:247]   --->   Operation 320 'store' 'store_ln196' <Predicate = true> <Delay = 0.00>
ST_1 : Operation 321 [1/1] (0.00ns)   --->   "%p_ZZN4nnet24compute_output_buffer_2dINS_5arrayI8ap_fixedILi16ELi6EL9ap_q_mode5EL9_566 = load i16 %p_ZZN4nnet24compute_output_buffer_2dINS_5arrayI8ap_fixedILi16ELi6EL9ap_q_mode5EL9_20" [firmware/nnet_utils/nnet_conv_stream.h:196->firmware/nnet_utils/nnet_conv_stream.h:247]   --->   Operation 321 'load' 'p_ZZN4nnet24compute_output_buffer_2dINS_5arrayI8ap_fixedILi16ELi6EL9ap_q_mode5EL9_566' <Predicate = true> <Delay = 0.00>
ST_1 : Operation 322 [1/1] (0.00ns)   --->   "%store_ln196 = store i16 %p_ZZN4nnet24compute_output_buffer_2dINS_5arrayI8ap_fixedILi16ELi6EL9ap_q_mode5EL9_566, i16 %p_ZZN4nnet24compute_output_buffer_2dINS_5arrayI8ap_fixedILi16ELi6EL9ap_q_mode5EL9_52" [firmware/nnet_utils/nnet_conv_stream.h:196->firmware/nnet_utils/nnet_conv_stream.h:247]   --->   Operation 322 'store' 'store_ln196' <Predicate = true> <Delay = 0.00>
ST_1 : Operation 323 [1/1] (0.00ns)   --->   "%p_ZZN4nnet24compute_output_buffer_2dINS_5arrayI8ap_fixedILi16ELi6EL9ap_q_mode5EL9_567 = load i16 %p_ZZN4nnet24compute_output_buffer_2dINS_5arrayI8ap_fixedILi16ELi6EL9ap_q_mode5EL9_19" [firmware/nnet_utils/nnet_conv_stream.h:196->firmware/nnet_utils/nnet_conv_stream.h:247]   --->   Operation 323 'load' 'p_ZZN4nnet24compute_output_buffer_2dINS_5arrayI8ap_fixedILi16ELi6EL9ap_q_mode5EL9_567' <Predicate = true> <Delay = 0.00>
ST_1 : Operation 324 [1/1] (0.00ns)   --->   "%store_ln196 = store i16 %p_ZZN4nnet24compute_output_buffer_2dINS_5arrayI8ap_fixedILi16ELi6EL9ap_q_mode5EL9_567, i16 %p_ZZN4nnet24compute_output_buffer_2dINS_5arrayI8ap_fixedILi16ELi6EL9ap_q_mode5EL9_51" [firmware/nnet_utils/nnet_conv_stream.h:196->firmware/nnet_utils/nnet_conv_stream.h:247]   --->   Operation 324 'store' 'store_ln196' <Predicate = true> <Delay = 0.00>
ST_1 : Operation 325 [1/1] (0.00ns)   --->   "%p_ZZN4nnet24compute_output_buffer_2dINS_5arrayI8ap_fixedILi16ELi6EL9ap_q_mode5EL9_568 = load i16 %p_ZZN4nnet24compute_output_buffer_2dINS_5arrayI8ap_fixedILi16ELi6EL9ap_q_mode5EL9_18" [firmware/nnet_utils/nnet_conv_stream.h:196->firmware/nnet_utils/nnet_conv_stream.h:247]   --->   Operation 325 'load' 'p_ZZN4nnet24compute_output_buffer_2dINS_5arrayI8ap_fixedILi16ELi6EL9ap_q_mode5EL9_568' <Predicate = true> <Delay = 0.00>
ST_1 : Operation 326 [1/1] (0.00ns)   --->   "%store_ln196 = store i16 %p_ZZN4nnet24compute_output_buffer_2dINS_5arrayI8ap_fixedILi16ELi6EL9ap_q_mode5EL9_568, i16 %p_ZZN4nnet24compute_output_buffer_2dINS_5arrayI8ap_fixedILi16ELi6EL9ap_q_mode5EL9_50" [firmware/nnet_utils/nnet_conv_stream.h:196->firmware/nnet_utils/nnet_conv_stream.h:247]   --->   Operation 326 'store' 'store_ln196' <Predicate = true> <Delay = 0.00>
ST_1 : Operation 327 [1/1] (0.00ns)   --->   "%p_ZZN4nnet24compute_output_buffer_2dINS_5arrayI8ap_fixedILi16ELi6EL9ap_q_mode5EL9_569 = load i16 %p_ZZN4nnet24compute_output_buffer_2dINS_5arrayI8ap_fixedILi16ELi6EL9ap_q_mode5EL9_17" [firmware/nnet_utils/nnet_conv_stream.h:196->firmware/nnet_utils/nnet_conv_stream.h:247]   --->   Operation 327 'load' 'p_ZZN4nnet24compute_output_buffer_2dINS_5arrayI8ap_fixedILi16ELi6EL9ap_q_mode5EL9_569' <Predicate = true> <Delay = 0.00>
ST_1 : Operation 328 [1/1] (0.00ns)   --->   "%store_ln196 = store i16 %p_ZZN4nnet24compute_output_buffer_2dINS_5arrayI8ap_fixedILi16ELi6EL9ap_q_mode5EL9_569, i16 %p_ZZN4nnet24compute_output_buffer_2dINS_5arrayI8ap_fixedILi16ELi6EL9ap_q_mode5EL9_49" [firmware/nnet_utils/nnet_conv_stream.h:196->firmware/nnet_utils/nnet_conv_stream.h:247]   --->   Operation 328 'store' 'store_ln196' <Predicate = true> <Delay = 0.00>
ST_1 : Operation 329 [1/1] (0.00ns)   --->   "%p_ZZN4nnet24compute_output_buffer_2dINS_5arrayI8ap_fixedILi16ELi6EL9ap_q_mode5EL9_570 = load i16 %p_ZZN4nnet24compute_output_buffer_2dINS_5arrayI8ap_fixedILi16ELi6EL9ap_q_mode5EL9_16" [firmware/nnet_utils/nnet_conv_stream.h:196->firmware/nnet_utils/nnet_conv_stream.h:247]   --->   Operation 329 'load' 'p_ZZN4nnet24compute_output_buffer_2dINS_5arrayI8ap_fixedILi16ELi6EL9ap_q_mode5EL9_570' <Predicate = true> <Delay = 0.00>
ST_1 : Operation 330 [1/1] (0.00ns)   --->   "%store_ln196 = store i16 %p_ZZN4nnet24compute_output_buffer_2dINS_5arrayI8ap_fixedILi16ELi6EL9ap_q_mode5EL9_570, i16 %p_ZZN4nnet24compute_output_buffer_2dINS_5arrayI8ap_fixedILi16ELi6EL9ap_q_mode5EL9_48" [firmware/nnet_utils/nnet_conv_stream.h:196->firmware/nnet_utils/nnet_conv_stream.h:247]   --->   Operation 330 'store' 'store_ln196' <Predicate = true> <Delay = 0.00>
ST_1 : Operation 331 [1/1] (0.00ns)   --->   "%p_ZZN4nnet24compute_output_buffer_2dINS_5arrayI8ap_fixedILi16ELi6EL9ap_q_mode5EL9_571 = load i16 %p_ZZN4nnet24compute_output_buffer_2dINS_5arrayI8ap_fixedILi16ELi6EL9ap_q_mode5EL9_15" [firmware/nnet_utils/nnet_conv_stream.h:196->firmware/nnet_utils/nnet_conv_stream.h:247]   --->   Operation 331 'load' 'p_ZZN4nnet24compute_output_buffer_2dINS_5arrayI8ap_fixedILi16ELi6EL9ap_q_mode5EL9_571' <Predicate = true> <Delay = 0.00>
ST_1 : Operation 332 [1/1] (0.00ns)   --->   "%store_ln196 = store i16 %p_ZZN4nnet24compute_output_buffer_2dINS_5arrayI8ap_fixedILi16ELi6EL9ap_q_mode5EL9_571, i16 %p_ZZN4nnet24compute_output_buffer_2dINS_5arrayI8ap_fixedILi16ELi6EL9ap_q_mode5EL9_47" [firmware/nnet_utils/nnet_conv_stream.h:196->firmware/nnet_utils/nnet_conv_stream.h:247]   --->   Operation 332 'store' 'store_ln196' <Predicate = true> <Delay = 0.00>
ST_1 : Operation 333 [1/1] (0.00ns)   --->   "%p_ZZN4nnet24compute_output_buffer_2dINS_5arrayI8ap_fixedILi16ELi6EL9ap_q_mode5EL9_572 = load i16 %p_ZZN4nnet24compute_output_buffer_2dINS_5arrayI8ap_fixedILi16ELi6EL9ap_q_mode5EL9_14" [firmware/nnet_utils/nnet_conv_stream.h:196->firmware/nnet_utils/nnet_conv_stream.h:247]   --->   Operation 333 'load' 'p_ZZN4nnet24compute_output_buffer_2dINS_5arrayI8ap_fixedILi16ELi6EL9ap_q_mode5EL9_572' <Predicate = true> <Delay = 0.00>
ST_1 : Operation 334 [1/1] (0.00ns)   --->   "%store_ln196 = store i16 %p_ZZN4nnet24compute_output_buffer_2dINS_5arrayI8ap_fixedILi16ELi6EL9ap_q_mode5EL9_572, i16 %p_ZZN4nnet24compute_output_buffer_2dINS_5arrayI8ap_fixedILi16ELi6EL9ap_q_mode5EL9_46" [firmware/nnet_utils/nnet_conv_stream.h:196->firmware/nnet_utils/nnet_conv_stream.h:247]   --->   Operation 334 'store' 'store_ln196' <Predicate = true> <Delay = 0.00>
ST_1 : Operation 335 [1/1] (0.00ns)   --->   "%p_ZZN4nnet24compute_output_buffer_2dINS_5arrayI8ap_fixedILi16ELi6EL9ap_q_mode5EL9_573 = load i16 %p_ZZN4nnet24compute_output_buffer_2dINS_5arrayI8ap_fixedILi16ELi6EL9ap_q_mode5EL9_13" [firmware/nnet_utils/nnet_conv_stream.h:196->firmware/nnet_utils/nnet_conv_stream.h:247]   --->   Operation 335 'load' 'p_ZZN4nnet24compute_output_buffer_2dINS_5arrayI8ap_fixedILi16ELi6EL9ap_q_mode5EL9_573' <Predicate = true> <Delay = 0.00>
ST_1 : Operation 336 [1/1] (0.00ns)   --->   "%store_ln196 = store i16 %p_ZZN4nnet24compute_output_buffer_2dINS_5arrayI8ap_fixedILi16ELi6EL9ap_q_mode5EL9_573, i16 %p_ZZN4nnet24compute_output_buffer_2dINS_5arrayI8ap_fixedILi16ELi6EL9ap_q_mode5EL9_45" [firmware/nnet_utils/nnet_conv_stream.h:196->firmware/nnet_utils/nnet_conv_stream.h:247]   --->   Operation 336 'store' 'store_ln196' <Predicate = true> <Delay = 0.00>
ST_1 : Operation 337 [1/1] (0.00ns)   --->   "%p_ZZN4nnet24compute_output_buffer_2dINS_5arrayI8ap_fixedILi16ELi6EL9ap_q_mode5EL9_574 = load i16 %p_ZZN4nnet24compute_output_buffer_2dINS_5arrayI8ap_fixedILi16ELi6EL9ap_q_mode5EL9_12" [firmware/nnet_utils/nnet_conv_stream.h:196->firmware/nnet_utils/nnet_conv_stream.h:247]   --->   Operation 337 'load' 'p_ZZN4nnet24compute_output_buffer_2dINS_5arrayI8ap_fixedILi16ELi6EL9ap_q_mode5EL9_574' <Predicate = true> <Delay = 0.00>
ST_1 : Operation 338 [1/1] (0.00ns)   --->   "%store_ln196 = store i16 %p_ZZN4nnet24compute_output_buffer_2dINS_5arrayI8ap_fixedILi16ELi6EL9ap_q_mode5EL9_574, i16 %p_ZZN4nnet24compute_output_buffer_2dINS_5arrayI8ap_fixedILi16ELi6EL9ap_q_mode5EL9_44" [firmware/nnet_utils/nnet_conv_stream.h:196->firmware/nnet_utils/nnet_conv_stream.h:247]   --->   Operation 338 'store' 'store_ln196' <Predicate = true> <Delay = 0.00>
ST_1 : Operation 339 [1/1] (0.00ns)   --->   "%p_ZZN4nnet24compute_output_buffer_2dINS_5arrayI8ap_fixedILi16ELi6EL9ap_q_mode5EL9_575 = load i16 %p_ZZN4nnet24compute_output_buffer_2dINS_5arrayI8ap_fixedILi16ELi6EL9ap_q_mode5EL9_11" [firmware/nnet_utils/nnet_conv_stream.h:196->firmware/nnet_utils/nnet_conv_stream.h:247]   --->   Operation 339 'load' 'p_ZZN4nnet24compute_output_buffer_2dINS_5arrayI8ap_fixedILi16ELi6EL9ap_q_mode5EL9_575' <Predicate = true> <Delay = 0.00>
ST_1 : Operation 340 [1/1] (0.00ns)   --->   "%store_ln196 = store i16 %p_ZZN4nnet24compute_output_buffer_2dINS_5arrayI8ap_fixedILi16ELi6EL9ap_q_mode5EL9_575, i16 %p_ZZN4nnet24compute_output_buffer_2dINS_5arrayI8ap_fixedILi16ELi6EL9ap_q_mode5EL9_43" [firmware/nnet_utils/nnet_conv_stream.h:196->firmware/nnet_utils/nnet_conv_stream.h:247]   --->   Operation 340 'store' 'store_ln196' <Predicate = true> <Delay = 0.00>
ST_1 : Operation 341 [1/1] (0.00ns)   --->   "%p_ZZN4nnet24compute_output_buffer_2dINS_5arrayI8ap_fixedILi16ELi6EL9ap_q_mode5EL9_576 = load i16 %p_ZZN4nnet24compute_output_buffer_2dINS_5arrayI8ap_fixedILi16ELi6EL9ap_q_mode5EL9_10" [firmware/nnet_utils/nnet_conv_stream.h:196->firmware/nnet_utils/nnet_conv_stream.h:247]   --->   Operation 341 'load' 'p_ZZN4nnet24compute_output_buffer_2dINS_5arrayI8ap_fixedILi16ELi6EL9ap_q_mode5EL9_576' <Predicate = true> <Delay = 0.00>
ST_1 : Operation 342 [1/1] (0.00ns)   --->   "%store_ln196 = store i16 %p_ZZN4nnet24compute_output_buffer_2dINS_5arrayI8ap_fixedILi16ELi6EL9ap_q_mode5EL9_576, i16 %p_ZZN4nnet24compute_output_buffer_2dINS_5arrayI8ap_fixedILi16ELi6EL9ap_q_mode5EL9_42" [firmware/nnet_utils/nnet_conv_stream.h:196->firmware/nnet_utils/nnet_conv_stream.h:247]   --->   Operation 342 'store' 'store_ln196' <Predicate = true> <Delay = 0.00>
ST_1 : Operation 343 [1/1] (0.00ns)   --->   "%p_ZZN4nnet24compute_output_buffer_2dINS_5arrayI8ap_fixedILi16ELi6EL9ap_q_mode5EL9_577 = load i16 %p_ZZN4nnet24compute_output_buffer_2dINS_5arrayI8ap_fixedILi16ELi6EL9ap_q_mode5EL9_9" [firmware/nnet_utils/nnet_conv_stream.h:196->firmware/nnet_utils/nnet_conv_stream.h:247]   --->   Operation 343 'load' 'p_ZZN4nnet24compute_output_buffer_2dINS_5arrayI8ap_fixedILi16ELi6EL9ap_q_mode5EL9_577' <Predicate = true> <Delay = 0.00>
ST_1 : Operation 344 [1/1] (0.00ns)   --->   "%store_ln196 = store i16 %p_ZZN4nnet24compute_output_buffer_2dINS_5arrayI8ap_fixedILi16ELi6EL9ap_q_mode5EL9_577, i16 %p_ZZN4nnet24compute_output_buffer_2dINS_5arrayI8ap_fixedILi16ELi6EL9ap_q_mode5EL9_41" [firmware/nnet_utils/nnet_conv_stream.h:196->firmware/nnet_utils/nnet_conv_stream.h:247]   --->   Operation 344 'store' 'store_ln196' <Predicate = true> <Delay = 0.00>
ST_1 : Operation 345 [1/1] (0.00ns)   --->   "%p_ZZN4nnet24compute_output_buffer_2dINS_5arrayI8ap_fixedILi16ELi6EL9ap_q_mode5EL9_578 = load i16 %p_ZZN4nnet24compute_output_buffer_2dINS_5arrayI8ap_fixedILi16ELi6EL9ap_q_mode5EL9_8" [firmware/nnet_utils/nnet_conv_stream.h:196->firmware/nnet_utils/nnet_conv_stream.h:247]   --->   Operation 345 'load' 'p_ZZN4nnet24compute_output_buffer_2dINS_5arrayI8ap_fixedILi16ELi6EL9ap_q_mode5EL9_578' <Predicate = true> <Delay = 0.00>
ST_1 : Operation 346 [1/1] (0.00ns)   --->   "%store_ln196 = store i16 %p_ZZN4nnet24compute_output_buffer_2dINS_5arrayI8ap_fixedILi16ELi6EL9ap_q_mode5EL9_578, i16 %p_ZZN4nnet24compute_output_buffer_2dINS_5arrayI8ap_fixedILi16ELi6EL9ap_q_mode5EL9_40" [firmware/nnet_utils/nnet_conv_stream.h:196->firmware/nnet_utils/nnet_conv_stream.h:247]   --->   Operation 346 'store' 'store_ln196' <Predicate = true> <Delay = 0.00>
ST_1 : Operation 347 [1/1] (0.00ns)   --->   "%p_ZZN4nnet24compute_output_buffer_2dINS_5arrayI8ap_fixedILi16ELi6EL9ap_q_mode5EL9_579 = load i16 %p_ZZN4nnet24compute_output_buffer_2dINS_5arrayI8ap_fixedILi16ELi6EL9ap_q_mode5EL9_7" [firmware/nnet_utils/nnet_conv_stream.h:196->firmware/nnet_utils/nnet_conv_stream.h:247]   --->   Operation 347 'load' 'p_ZZN4nnet24compute_output_buffer_2dINS_5arrayI8ap_fixedILi16ELi6EL9ap_q_mode5EL9_579' <Predicate = true> <Delay = 0.00>
ST_1 : Operation 348 [1/1] (0.00ns)   --->   "%store_ln196 = store i16 %p_ZZN4nnet24compute_output_buffer_2dINS_5arrayI8ap_fixedILi16ELi6EL9ap_q_mode5EL9_579, i16 %p_ZZN4nnet24compute_output_buffer_2dINS_5arrayI8ap_fixedILi16ELi6EL9ap_q_mode5EL9_39" [firmware/nnet_utils/nnet_conv_stream.h:196->firmware/nnet_utils/nnet_conv_stream.h:247]   --->   Operation 348 'store' 'store_ln196' <Predicate = true> <Delay = 0.00>
ST_1 : Operation 349 [1/1] (0.00ns)   --->   "%p_ZZN4nnet24compute_output_buffer_2dINS_5arrayI8ap_fixedILi16ELi6EL9ap_q_mode5EL9_580 = load i16 %p_ZZN4nnet24compute_output_buffer_2dINS_5arrayI8ap_fixedILi16ELi6EL9ap_q_mode5EL9_6" [firmware/nnet_utils/nnet_conv_stream.h:196->firmware/nnet_utils/nnet_conv_stream.h:247]   --->   Operation 349 'load' 'p_ZZN4nnet24compute_output_buffer_2dINS_5arrayI8ap_fixedILi16ELi6EL9ap_q_mode5EL9_580' <Predicate = true> <Delay = 0.00>
ST_1 : Operation 350 [1/1] (0.00ns)   --->   "%store_ln196 = store i16 %p_ZZN4nnet24compute_output_buffer_2dINS_5arrayI8ap_fixedILi16ELi6EL9ap_q_mode5EL9_580, i16 %p_ZZN4nnet24compute_output_buffer_2dINS_5arrayI8ap_fixedILi16ELi6EL9ap_q_mode5EL9_38" [firmware/nnet_utils/nnet_conv_stream.h:196->firmware/nnet_utils/nnet_conv_stream.h:247]   --->   Operation 350 'store' 'store_ln196' <Predicate = true> <Delay = 0.00>
ST_1 : Operation 351 [1/1] (0.00ns)   --->   "%p_ZZN4nnet24compute_output_buffer_2dINS_5arrayI8ap_fixedILi16ELi6EL9ap_q_mode5EL9_581 = load i16 %p_ZZN4nnet24compute_output_buffer_2dINS_5arrayI8ap_fixedILi16ELi6EL9ap_q_mode5EL9_5" [firmware/nnet_utils/nnet_conv_stream.h:196->firmware/nnet_utils/nnet_conv_stream.h:247]   --->   Operation 351 'load' 'p_ZZN4nnet24compute_output_buffer_2dINS_5arrayI8ap_fixedILi16ELi6EL9ap_q_mode5EL9_581' <Predicate = true> <Delay = 0.00>
ST_1 : Operation 352 [1/1] (0.00ns)   --->   "%store_ln196 = store i16 %p_ZZN4nnet24compute_output_buffer_2dINS_5arrayI8ap_fixedILi16ELi6EL9ap_q_mode5EL9_581, i16 %p_ZZN4nnet24compute_output_buffer_2dINS_5arrayI8ap_fixedILi16ELi6EL9ap_q_mode5EL9_37" [firmware/nnet_utils/nnet_conv_stream.h:196->firmware/nnet_utils/nnet_conv_stream.h:247]   --->   Operation 352 'store' 'store_ln196' <Predicate = true> <Delay = 0.00>
ST_1 : Operation 353 [1/1] (0.00ns)   --->   "%p_ZZN4nnet24compute_output_buffer_2dINS_5arrayI8ap_fixedILi16ELi6EL9ap_q_mode5EL9_582 = load i16 %p_ZZN4nnet24compute_output_buffer_2dINS_5arrayI8ap_fixedILi16ELi6EL9ap_q_mode5EL9_4" [firmware/nnet_utils/nnet_conv_stream.h:196->firmware/nnet_utils/nnet_conv_stream.h:247]   --->   Operation 353 'load' 'p_ZZN4nnet24compute_output_buffer_2dINS_5arrayI8ap_fixedILi16ELi6EL9ap_q_mode5EL9_582' <Predicate = true> <Delay = 0.00>
ST_1 : Operation 354 [1/1] (0.00ns)   --->   "%store_ln196 = store i16 %p_ZZN4nnet24compute_output_buffer_2dINS_5arrayI8ap_fixedILi16ELi6EL9ap_q_mode5EL9_582, i16 %p_ZZN4nnet24compute_output_buffer_2dINS_5arrayI8ap_fixedILi16ELi6EL9ap_q_mode5EL9_36" [firmware/nnet_utils/nnet_conv_stream.h:196->firmware/nnet_utils/nnet_conv_stream.h:247]   --->   Operation 354 'store' 'store_ln196' <Predicate = true> <Delay = 0.00>
ST_1 : Operation 355 [1/1] (0.00ns)   --->   "%p_ZZN4nnet24compute_output_buffer_2dINS_5arrayI8ap_fixedILi16ELi6EL9ap_q_mode5EL9_583 = load i16 %p_ZZN4nnet24compute_output_buffer_2dINS_5arrayI8ap_fixedILi16ELi6EL9ap_q_mode5EL9_344" [firmware/nnet_utils/nnet_conv_stream.h:196->firmware/nnet_utils/nnet_conv_stream.h:247]   --->   Operation 355 'load' 'p_ZZN4nnet24compute_output_buffer_2dINS_5arrayI8ap_fixedILi16ELi6EL9ap_q_mode5EL9_583' <Predicate = true> <Delay = 0.00>
ST_1 : Operation 356 [1/1] (0.00ns)   --->   "%store_ln196 = store i16 %p_ZZN4nnet24compute_output_buffer_2dINS_5arrayI8ap_fixedILi16ELi6EL9ap_q_mode5EL9_583, i16 %p_ZZN4nnet24compute_output_buffer_2dINS_5arrayI8ap_fixedILi16ELi6EL9ap_q_mode5EL9_308" [firmware/nnet_utils/nnet_conv_stream.h:196->firmware/nnet_utils/nnet_conv_stream.h:247]   --->   Operation 356 'store' 'store_ln196' <Predicate = true> <Delay = 0.00>
ST_1 : Operation 357 [1/1] (0.00ns)   --->   "%p_ZZN4nnet24compute_output_buffer_2dINS_5arrayI8ap_fixedILi16ELi6EL9ap_q_mode5EL9_584 = load i16 %p_ZZN4nnet24compute_output_buffer_2dINS_5arrayI8ap_fixedILi16ELi6EL9ap_q_mode5EL9_345" [firmware/nnet_utils/nnet_conv_stream.h:196->firmware/nnet_utils/nnet_conv_stream.h:247]   --->   Operation 357 'load' 'p_ZZN4nnet24compute_output_buffer_2dINS_5arrayI8ap_fixedILi16ELi6EL9ap_q_mode5EL9_584' <Predicate = true> <Delay = 0.00>
ST_1 : Operation 358 [1/1] (0.00ns)   --->   "%store_ln196 = store i16 %p_ZZN4nnet24compute_output_buffer_2dINS_5arrayI8ap_fixedILi16ELi6EL9ap_q_mode5EL9_584, i16 %p_ZZN4nnet24compute_output_buffer_2dINS_5arrayI8ap_fixedILi16ELi6EL9ap_q_mode5EL9_309" [firmware/nnet_utils/nnet_conv_stream.h:196->firmware/nnet_utils/nnet_conv_stream.h:247]   --->   Operation 358 'store' 'store_ln196' <Predicate = true> <Delay = 0.00>
ST_1 : Operation 359 [1/1] (0.00ns)   --->   "%p_ZZN4nnet24compute_output_buffer_2dINS_5arrayI8ap_fixedILi16ELi6EL9ap_q_mode5EL9_585 = load i16 %p_ZZN4nnet24compute_output_buffer_2dINS_5arrayI8ap_fixedILi16ELi6EL9ap_q_mode5EL9_346" [firmware/nnet_utils/nnet_conv_stream.h:196->firmware/nnet_utils/nnet_conv_stream.h:247]   --->   Operation 359 'load' 'p_ZZN4nnet24compute_output_buffer_2dINS_5arrayI8ap_fixedILi16ELi6EL9ap_q_mode5EL9_585' <Predicate = true> <Delay = 0.00>
ST_1 : Operation 360 [1/1] (0.00ns)   --->   "%store_ln196 = store i16 %p_ZZN4nnet24compute_output_buffer_2dINS_5arrayI8ap_fixedILi16ELi6EL9ap_q_mode5EL9_585, i16 %p_ZZN4nnet24compute_output_buffer_2dINS_5arrayI8ap_fixedILi16ELi6EL9ap_q_mode5EL9_311" [firmware/nnet_utils/nnet_conv_stream.h:196->firmware/nnet_utils/nnet_conv_stream.h:247]   --->   Operation 360 'store' 'store_ln196' <Predicate = true> <Delay = 0.00>
ST_1 : Operation 361 [1/1] (0.00ns)   --->   "%p_ZZN4nnet24compute_output_buffer_2dINS_5arrayI8ap_fixedILi16ELi6EL9ap_q_mode5EL9_586 = load i16 %p_ZZN4nnet24compute_output_buffer_2dINS_5arrayI8ap_fixedILi16ELi6EL9ap_q_mode5EL9_347" [firmware/nnet_utils/nnet_conv_stream.h:196->firmware/nnet_utils/nnet_conv_stream.h:247]   --->   Operation 361 'load' 'p_ZZN4nnet24compute_output_buffer_2dINS_5arrayI8ap_fixedILi16ELi6EL9ap_q_mode5EL9_586' <Predicate = true> <Delay = 0.00>
ST_1 : Operation 362 [1/1] (0.00ns)   --->   "%store_ln196 = store i16 %p_ZZN4nnet24compute_output_buffer_2dINS_5arrayI8ap_fixedILi16ELi6EL9ap_q_mode5EL9_586, i16 %p_ZZN4nnet24compute_output_buffer_2dINS_5arrayI8ap_fixedILi16ELi6EL9ap_q_mode5EL9_312" [firmware/nnet_utils/nnet_conv_stream.h:196->firmware/nnet_utils/nnet_conv_stream.h:247]   --->   Operation 362 'store' 'store_ln196' <Predicate = true> <Delay = 0.00>
ST_1 : Operation 363 [1/1] (0.00ns)   --->   "%p_ZZN4nnet24compute_output_buffer_2dINS_5arrayI8ap_fixedILi16ELi6EL9ap_q_mode5EL9_587 = load i16 %p_ZZN4nnet24compute_output_buffer_2dINS_5arrayI8ap_fixedILi16ELi6EL9ap_q_mode5EL9_348" [firmware/nnet_utils/nnet_conv_stream.h:196->firmware/nnet_utils/nnet_conv_stream.h:247]   --->   Operation 363 'load' 'p_ZZN4nnet24compute_output_buffer_2dINS_5arrayI8ap_fixedILi16ELi6EL9ap_q_mode5EL9_587' <Predicate = true> <Delay = 0.00>
ST_1 : Operation 364 [1/1] (0.00ns)   --->   "%store_ln196 = store i16 %p_ZZN4nnet24compute_output_buffer_2dINS_5arrayI8ap_fixedILi16ELi6EL9ap_q_mode5EL9_587, i16 %p_ZZN4nnet24compute_output_buffer_2dINS_5arrayI8ap_fixedILi16ELi6EL9ap_q_mode5EL9_313" [firmware/nnet_utils/nnet_conv_stream.h:196->firmware/nnet_utils/nnet_conv_stream.h:247]   --->   Operation 364 'store' 'store_ln196' <Predicate = true> <Delay = 0.00>
ST_1 : Operation 365 [1/1] (0.00ns)   --->   "%p_ZZN4nnet24compute_output_buffer_2dINS_5arrayI8ap_fixedILi16ELi6EL9ap_q_mode5EL9_588 = load i16 %p_ZZN4nnet24compute_output_buffer_2dINS_5arrayI8ap_fixedILi16ELi6EL9ap_q_mode5EL9_349" [firmware/nnet_utils/nnet_conv_stream.h:196->firmware/nnet_utils/nnet_conv_stream.h:247]   --->   Operation 365 'load' 'p_ZZN4nnet24compute_output_buffer_2dINS_5arrayI8ap_fixedILi16ELi6EL9ap_q_mode5EL9_588' <Predicate = true> <Delay = 0.00>
ST_1 : Operation 366 [1/1] (0.00ns)   --->   "%store_ln196 = store i16 %p_ZZN4nnet24compute_output_buffer_2dINS_5arrayI8ap_fixedILi16ELi6EL9ap_q_mode5EL9_588, i16 %p_ZZN4nnet24compute_output_buffer_2dINS_5arrayI8ap_fixedILi16ELi6EL9ap_q_mode5EL9_314" [firmware/nnet_utils/nnet_conv_stream.h:196->firmware/nnet_utils/nnet_conv_stream.h:247]   --->   Operation 366 'store' 'store_ln196' <Predicate = true> <Delay = 0.00>
ST_1 : Operation 367 [1/1] (0.00ns)   --->   "%p_ZZN4nnet24compute_output_buffer_2dINS_5arrayI8ap_fixedILi16ELi6EL9ap_q_mode5EL9_589 = load i16 %p_ZZN4nnet24compute_output_buffer_2dINS_5arrayI8ap_fixedILi16ELi6EL9ap_q_mode5EL9_350" [firmware/nnet_utils/nnet_conv_stream.h:196->firmware/nnet_utils/nnet_conv_stream.h:247]   --->   Operation 367 'load' 'p_ZZN4nnet24compute_output_buffer_2dINS_5arrayI8ap_fixedILi16ELi6EL9ap_q_mode5EL9_589' <Predicate = true> <Delay = 0.00>
ST_1 : Operation 368 [1/1] (0.00ns)   --->   "%store_ln196 = store i16 %p_ZZN4nnet24compute_output_buffer_2dINS_5arrayI8ap_fixedILi16ELi6EL9ap_q_mode5EL9_589, i16 %p_ZZN4nnet24compute_output_buffer_2dINS_5arrayI8ap_fixedILi16ELi6EL9ap_q_mode5EL9_315" [firmware/nnet_utils/nnet_conv_stream.h:196->firmware/nnet_utils/nnet_conv_stream.h:247]   --->   Operation 368 'store' 'store_ln196' <Predicate = true> <Delay = 0.00>
ST_1 : Operation 369 [1/1] (0.00ns)   --->   "%p_ZZN4nnet24compute_output_buffer_2dINS_5arrayI8ap_fixedILi16ELi6EL9ap_q_mode5EL9_590 = load i16 %p_ZZN4nnet24compute_output_buffer_2dINS_5arrayI8ap_fixedILi16ELi6EL9ap_q_mode5EL9_351" [firmware/nnet_utils/nnet_conv_stream.h:196->firmware/nnet_utils/nnet_conv_stream.h:247]   --->   Operation 369 'load' 'p_ZZN4nnet24compute_output_buffer_2dINS_5arrayI8ap_fixedILi16ELi6EL9ap_q_mode5EL9_590' <Predicate = true> <Delay = 0.00>
ST_1 : Operation 370 [1/1] (0.00ns)   --->   "%store_ln196 = store i16 %p_ZZN4nnet24compute_output_buffer_2dINS_5arrayI8ap_fixedILi16ELi6EL9ap_q_mode5EL9_590, i16 %p_ZZN4nnet24compute_output_buffer_2dINS_5arrayI8ap_fixedILi16ELi6EL9ap_q_mode5EL9_316" [firmware/nnet_utils/nnet_conv_stream.h:196->firmware/nnet_utils/nnet_conv_stream.h:247]   --->   Operation 370 'store' 'store_ln196' <Predicate = true> <Delay = 0.00>
ST_1 : Operation 371 [1/1] (0.00ns)   --->   "%p_ZZN4nnet24compute_output_buffer_2dINS_5arrayI8ap_fixedILi16ELi6EL9ap_q_mode5EL9_591 = load i16 %p_ZZN4nnet24compute_output_buffer_2dINS_5arrayI8ap_fixedILi16ELi6EL9ap_q_mode5EL9_352" [firmware/nnet_utils/nnet_conv_stream.h:196->firmware/nnet_utils/nnet_conv_stream.h:247]   --->   Operation 371 'load' 'p_ZZN4nnet24compute_output_buffer_2dINS_5arrayI8ap_fixedILi16ELi6EL9ap_q_mode5EL9_591' <Predicate = true> <Delay = 0.00>
ST_1 : Operation 372 [1/1] (0.00ns)   --->   "%store_ln196 = store i16 %p_ZZN4nnet24compute_output_buffer_2dINS_5arrayI8ap_fixedILi16ELi6EL9ap_q_mode5EL9_591, i16 %p_ZZN4nnet24compute_output_buffer_2dINS_5arrayI8ap_fixedILi16ELi6EL9ap_q_mode5EL9_317" [firmware/nnet_utils/nnet_conv_stream.h:196->firmware/nnet_utils/nnet_conv_stream.h:247]   --->   Operation 372 'store' 'store_ln196' <Predicate = true> <Delay = 0.00>
ST_1 : Operation 373 [1/1] (0.00ns)   --->   "%p_ZZN4nnet24compute_output_buffer_2dINS_5arrayI8ap_fixedILi16ELi6EL9ap_q_mode5EL9_592 = load i16 %p_ZZN4nnet24compute_output_buffer_2dINS_5arrayI8ap_fixedILi16ELi6EL9ap_q_mode5EL9_353" [firmware/nnet_utils/nnet_conv_stream.h:196->firmware/nnet_utils/nnet_conv_stream.h:247]   --->   Operation 373 'load' 'p_ZZN4nnet24compute_output_buffer_2dINS_5arrayI8ap_fixedILi16ELi6EL9ap_q_mode5EL9_592' <Predicate = true> <Delay = 0.00>
ST_1 : Operation 374 [1/1] (0.00ns)   --->   "%store_ln196 = store i16 %p_ZZN4nnet24compute_output_buffer_2dINS_5arrayI8ap_fixedILi16ELi6EL9ap_q_mode5EL9_592, i16 %p_ZZN4nnet24compute_output_buffer_2dINS_5arrayI8ap_fixedILi16ELi6EL9ap_q_mode5EL9_318" [firmware/nnet_utils/nnet_conv_stream.h:196->firmware/nnet_utils/nnet_conv_stream.h:247]   --->   Operation 374 'store' 'store_ln196' <Predicate = true> <Delay = 0.00>
ST_1 : Operation 375 [1/1] (0.00ns)   --->   "%p_ZZN4nnet24compute_output_buffer_2dINS_5arrayI8ap_fixedILi16ELi6EL9ap_q_mode5EL9_593 = load i16 %p_ZZN4nnet24compute_output_buffer_2dINS_5arrayI8ap_fixedILi16ELi6EL9ap_q_mode5EL9_355" [firmware/nnet_utils/nnet_conv_stream.h:196->firmware/nnet_utils/nnet_conv_stream.h:247]   --->   Operation 375 'load' 'p_ZZN4nnet24compute_output_buffer_2dINS_5arrayI8ap_fixedILi16ELi6EL9ap_q_mode5EL9_593' <Predicate = true> <Delay = 0.00>
ST_1 : Operation 376 [1/1] (0.00ns)   --->   "%store_ln196 = store i16 %p_ZZN4nnet24compute_output_buffer_2dINS_5arrayI8ap_fixedILi16ELi6EL9ap_q_mode5EL9_593, i16 %p_ZZN4nnet24compute_output_buffer_2dINS_5arrayI8ap_fixedILi16ELi6EL9ap_q_mode5EL9_319" [firmware/nnet_utils/nnet_conv_stream.h:196->firmware/nnet_utils/nnet_conv_stream.h:247]   --->   Operation 376 'store' 'store_ln196' <Predicate = true> <Delay = 0.00>
ST_1 : Operation 377 [1/1] (0.00ns)   --->   "%p_ZZN4nnet24compute_output_buffer_2dINS_5arrayI8ap_fixedILi16ELi6EL9ap_q_mode5EL9_594 = load i16 %p_ZZN4nnet24compute_output_buffer_2dINS_5arrayI8ap_fixedILi16ELi6EL9ap_q_mode5EL9_356" [firmware/nnet_utils/nnet_conv_stream.h:196->firmware/nnet_utils/nnet_conv_stream.h:247]   --->   Operation 377 'load' 'p_ZZN4nnet24compute_output_buffer_2dINS_5arrayI8ap_fixedILi16ELi6EL9ap_q_mode5EL9_594' <Predicate = true> <Delay = 0.00>
ST_1 : Operation 378 [1/1] (0.00ns)   --->   "%store_ln196 = store i16 %p_ZZN4nnet24compute_output_buffer_2dINS_5arrayI8ap_fixedILi16ELi6EL9ap_q_mode5EL9_594, i16 %p_ZZN4nnet24compute_output_buffer_2dINS_5arrayI8ap_fixedILi16ELi6EL9ap_q_mode5EL9_320" [firmware/nnet_utils/nnet_conv_stream.h:196->firmware/nnet_utils/nnet_conv_stream.h:247]   --->   Operation 378 'store' 'store_ln196' <Predicate = true> <Delay = 0.00>
ST_1 : Operation 379 [1/1] (0.00ns)   --->   "%p_ZZN4nnet24compute_output_buffer_2dINS_5arrayI8ap_fixedILi16ELi6EL9ap_q_mode5EL9_595 = load i16 %p_ZZN4nnet24compute_output_buffer_2dINS_5arrayI8ap_fixedILi16ELi6EL9ap_q_mode5EL9_357" [firmware/nnet_utils/nnet_conv_stream.h:196->firmware/nnet_utils/nnet_conv_stream.h:247]   --->   Operation 379 'load' 'p_ZZN4nnet24compute_output_buffer_2dINS_5arrayI8ap_fixedILi16ELi6EL9ap_q_mode5EL9_595' <Predicate = true> <Delay = 0.00>
ST_1 : Operation 380 [1/1] (0.00ns)   --->   "%store_ln196 = store i16 %p_ZZN4nnet24compute_output_buffer_2dINS_5arrayI8ap_fixedILi16ELi6EL9ap_q_mode5EL9_595, i16 %p_ZZN4nnet24compute_output_buffer_2dINS_5arrayI8ap_fixedILi16ELi6EL9ap_q_mode5EL9_322" [firmware/nnet_utils/nnet_conv_stream.h:196->firmware/nnet_utils/nnet_conv_stream.h:247]   --->   Operation 380 'store' 'store_ln196' <Predicate = true> <Delay = 0.00>
ST_1 : Operation 381 [1/1] (0.00ns)   --->   "%p_ZZN4nnet24compute_output_buffer_2dINS_5arrayI8ap_fixedILi16ELi6EL9ap_q_mode5EL9_596 = load i16 %p_ZZN4nnet24compute_output_buffer_2dINS_5arrayI8ap_fixedILi16ELi6EL9ap_q_mode5EL9_358" [firmware/nnet_utils/nnet_conv_stream.h:196->firmware/nnet_utils/nnet_conv_stream.h:247]   --->   Operation 381 'load' 'p_ZZN4nnet24compute_output_buffer_2dINS_5arrayI8ap_fixedILi16ELi6EL9ap_q_mode5EL9_596' <Predicate = true> <Delay = 0.00>
ST_1 : Operation 382 [1/1] (0.00ns)   --->   "%store_ln196 = store i16 %p_ZZN4nnet24compute_output_buffer_2dINS_5arrayI8ap_fixedILi16ELi6EL9ap_q_mode5EL9_596, i16 %p_ZZN4nnet24compute_output_buffer_2dINS_5arrayI8ap_fixedILi16ELi6EL9ap_q_mode5EL9_323" [firmware/nnet_utils/nnet_conv_stream.h:196->firmware/nnet_utils/nnet_conv_stream.h:247]   --->   Operation 382 'store' 'store_ln196' <Predicate = true> <Delay = 0.00>
ST_1 : Operation 383 [1/1] (0.00ns)   --->   "%p_ZZN4nnet24compute_output_buffer_2dINS_5arrayI8ap_fixedILi16ELi6EL9ap_q_mode5EL9_597 = load i16 %p_ZZN4nnet24compute_output_buffer_2dINS_5arrayI8ap_fixedILi16ELi6EL9ap_q_mode5EL9_359" [firmware/nnet_utils/nnet_conv_stream.h:196->firmware/nnet_utils/nnet_conv_stream.h:247]   --->   Operation 383 'load' 'p_ZZN4nnet24compute_output_buffer_2dINS_5arrayI8ap_fixedILi16ELi6EL9ap_q_mode5EL9_597' <Predicate = true> <Delay = 0.00>
ST_1 : Operation 384 [1/1] (0.00ns)   --->   "%store_ln196 = store i16 %p_ZZN4nnet24compute_output_buffer_2dINS_5arrayI8ap_fixedILi16ELi6EL9ap_q_mode5EL9_597, i16 %p_ZZN4nnet24compute_output_buffer_2dINS_5arrayI8ap_fixedILi16ELi6EL9ap_q_mode5EL9_324" [firmware/nnet_utils/nnet_conv_stream.h:196->firmware/nnet_utils/nnet_conv_stream.h:247]   --->   Operation 384 'store' 'store_ln196' <Predicate = true> <Delay = 0.00>
ST_1 : Operation 385 [1/1] (0.00ns)   --->   "%p_ZZN4nnet24compute_output_buffer_2dINS_5arrayI8ap_fixedILi16ELi6EL9ap_q_mode5EL9_598 = load i16 %p_ZZN4nnet24compute_output_buffer_2dINS_5arrayI8ap_fixedILi16ELi6EL9ap_q_mode5EL9_360" [firmware/nnet_utils/nnet_conv_stream.h:196->firmware/nnet_utils/nnet_conv_stream.h:247]   --->   Operation 385 'load' 'p_ZZN4nnet24compute_output_buffer_2dINS_5arrayI8ap_fixedILi16ELi6EL9ap_q_mode5EL9_598' <Predicate = true> <Delay = 0.00>
ST_1 : Operation 386 [1/1] (0.00ns)   --->   "%store_ln196 = store i16 %p_ZZN4nnet24compute_output_buffer_2dINS_5arrayI8ap_fixedILi16ELi6EL9ap_q_mode5EL9_598, i16 %p_ZZN4nnet24compute_output_buffer_2dINS_5arrayI8ap_fixedILi16ELi6EL9ap_q_mode5EL9_325" [firmware/nnet_utils/nnet_conv_stream.h:196->firmware/nnet_utils/nnet_conv_stream.h:247]   --->   Operation 386 'store' 'store_ln196' <Predicate = true> <Delay = 0.00>
ST_1 : Operation 387 [1/1] (0.00ns)   --->   "%p_ZZN4nnet24compute_output_buffer_2dINS_5arrayI8ap_fixedILi16ELi6EL9ap_q_mode5EL9_599 = load i16 %p_ZZN4nnet24compute_output_buffer_2dINS_5arrayI8ap_fixedILi16ELi6EL9ap_q_mode5EL9_361" [firmware/nnet_utils/nnet_conv_stream.h:196->firmware/nnet_utils/nnet_conv_stream.h:247]   --->   Operation 387 'load' 'p_ZZN4nnet24compute_output_buffer_2dINS_5arrayI8ap_fixedILi16ELi6EL9ap_q_mode5EL9_599' <Predicate = true> <Delay = 0.00>
ST_1 : Operation 388 [1/1] (0.00ns)   --->   "%store_ln196 = store i16 %p_ZZN4nnet24compute_output_buffer_2dINS_5arrayI8ap_fixedILi16ELi6EL9ap_q_mode5EL9_599, i16 %p_ZZN4nnet24compute_output_buffer_2dINS_5arrayI8ap_fixedILi16ELi6EL9ap_q_mode5EL9_326" [firmware/nnet_utils/nnet_conv_stream.h:196->firmware/nnet_utils/nnet_conv_stream.h:247]   --->   Operation 388 'store' 'store_ln196' <Predicate = true> <Delay = 0.00>
ST_1 : Operation 389 [1/1] (0.00ns)   --->   "%p_ZZN4nnet24compute_output_buffer_2dINS_5arrayI8ap_fixedILi16ELi6EL9ap_q_mode5EL9_600 = load i16 %p_ZZN4nnet24compute_output_buffer_2dINS_5arrayI8ap_fixedILi16ELi6EL9ap_q_mode5EL9_362" [firmware/nnet_utils/nnet_conv_stream.h:196->firmware/nnet_utils/nnet_conv_stream.h:247]   --->   Operation 389 'load' 'p_ZZN4nnet24compute_output_buffer_2dINS_5arrayI8ap_fixedILi16ELi6EL9ap_q_mode5EL9_600' <Predicate = true> <Delay = 0.00>
ST_1 : Operation 390 [1/1] (0.00ns)   --->   "%store_ln196 = store i16 %p_ZZN4nnet24compute_output_buffer_2dINS_5arrayI8ap_fixedILi16ELi6EL9ap_q_mode5EL9_600, i16 %p_ZZN4nnet24compute_output_buffer_2dINS_5arrayI8ap_fixedILi16ELi6EL9ap_q_mode5EL9_327" [firmware/nnet_utils/nnet_conv_stream.h:196->firmware/nnet_utils/nnet_conv_stream.h:247]   --->   Operation 390 'store' 'store_ln196' <Predicate = true> <Delay = 0.00>
ST_1 : Operation 391 [1/1] (0.00ns)   --->   "%p_ZZN4nnet24compute_output_buffer_2dINS_5arrayI8ap_fixedILi16ELi6EL9ap_q_mode5EL9_601 = load i16 %p_ZZN4nnet24compute_output_buffer_2dINS_5arrayI8ap_fixedILi16ELi6EL9ap_q_mode5EL9_363" [firmware/nnet_utils/nnet_conv_stream.h:196->firmware/nnet_utils/nnet_conv_stream.h:247]   --->   Operation 391 'load' 'p_ZZN4nnet24compute_output_buffer_2dINS_5arrayI8ap_fixedILi16ELi6EL9ap_q_mode5EL9_601' <Predicate = true> <Delay = 0.00>
ST_1 : Operation 392 [1/1] (0.00ns)   --->   "%store_ln196 = store i16 %p_ZZN4nnet24compute_output_buffer_2dINS_5arrayI8ap_fixedILi16ELi6EL9ap_q_mode5EL9_601, i16 %p_ZZN4nnet24compute_output_buffer_2dINS_5arrayI8ap_fixedILi16ELi6EL9ap_q_mode5EL9_328" [firmware/nnet_utils/nnet_conv_stream.h:196->firmware/nnet_utils/nnet_conv_stream.h:247]   --->   Operation 392 'store' 'store_ln196' <Predicate = true> <Delay = 0.00>
ST_1 : Operation 393 [1/1] (0.00ns)   --->   "%p_ZZN4nnet24compute_output_buffer_2dINS_5arrayI8ap_fixedILi16ELi6EL9ap_q_mode5EL9_602 = load i16 %p_ZZN4nnet24compute_output_buffer_2dINS_5arrayI8ap_fixedILi16ELi6EL9ap_q_mode5EL9_364" [firmware/nnet_utils/nnet_conv_stream.h:196->firmware/nnet_utils/nnet_conv_stream.h:247]   --->   Operation 393 'load' 'p_ZZN4nnet24compute_output_buffer_2dINS_5arrayI8ap_fixedILi16ELi6EL9ap_q_mode5EL9_602' <Predicate = true> <Delay = 0.00>
ST_1 : Operation 394 [1/1] (0.00ns)   --->   "%store_ln196 = store i16 %p_ZZN4nnet24compute_output_buffer_2dINS_5arrayI8ap_fixedILi16ELi6EL9ap_q_mode5EL9_602, i16 %p_ZZN4nnet24compute_output_buffer_2dINS_5arrayI8ap_fixedILi16ELi6EL9ap_q_mode5EL9_329" [firmware/nnet_utils/nnet_conv_stream.h:196->firmware/nnet_utils/nnet_conv_stream.h:247]   --->   Operation 394 'store' 'store_ln196' <Predicate = true> <Delay = 0.00>
ST_1 : Operation 395 [1/1] (0.00ns)   --->   "%p_ZZN4nnet24compute_output_buffer_2dINS_5arrayI8ap_fixedILi16ELi6EL9ap_q_mode5EL9_603 = load i16 %p_ZZN4nnet24compute_output_buffer_2dINS_5arrayI8ap_fixedILi16ELi6EL9ap_q_mode5EL9_366" [firmware/nnet_utils/nnet_conv_stream.h:196->firmware/nnet_utils/nnet_conv_stream.h:247]   --->   Operation 395 'load' 'p_ZZN4nnet24compute_output_buffer_2dINS_5arrayI8ap_fixedILi16ELi6EL9ap_q_mode5EL9_603' <Predicate = true> <Delay = 0.00>
ST_1 : Operation 396 [1/1] (0.00ns)   --->   "%store_ln196 = store i16 %p_ZZN4nnet24compute_output_buffer_2dINS_5arrayI8ap_fixedILi16ELi6EL9ap_q_mode5EL9_603, i16 %p_ZZN4nnet24compute_output_buffer_2dINS_5arrayI8ap_fixedILi16ELi6EL9ap_q_mode5EL9_330" [firmware/nnet_utils/nnet_conv_stream.h:196->firmware/nnet_utils/nnet_conv_stream.h:247]   --->   Operation 396 'store' 'store_ln196' <Predicate = true> <Delay = 0.00>
ST_1 : Operation 397 [1/1] (0.00ns)   --->   "%p_ZZN4nnet24compute_output_buffer_2dINS_5arrayI8ap_fixedILi16ELi6EL9ap_q_mode5EL9_604 = load i16 %p_ZZN4nnet24compute_output_buffer_2dINS_5arrayI8ap_fixedILi16ELi6EL9ap_q_mode5EL9_367" [firmware/nnet_utils/nnet_conv_stream.h:196->firmware/nnet_utils/nnet_conv_stream.h:247]   --->   Operation 397 'load' 'p_ZZN4nnet24compute_output_buffer_2dINS_5arrayI8ap_fixedILi16ELi6EL9ap_q_mode5EL9_604' <Predicate = true> <Delay = 0.00>
ST_1 : Operation 398 [1/1] (0.00ns)   --->   "%store_ln196 = store i16 %p_ZZN4nnet24compute_output_buffer_2dINS_5arrayI8ap_fixedILi16ELi6EL9ap_q_mode5EL9_604, i16 %p_ZZN4nnet24compute_output_buffer_2dINS_5arrayI8ap_fixedILi16ELi6EL9ap_q_mode5EL9_331" [firmware/nnet_utils/nnet_conv_stream.h:196->firmware/nnet_utils/nnet_conv_stream.h:247]   --->   Operation 398 'store' 'store_ln196' <Predicate = true> <Delay = 0.00>
ST_1 : Operation 399 [1/1] (0.00ns)   --->   "%p_ZZN4nnet24compute_output_buffer_2dINS_5arrayI8ap_fixedILi16ELi6EL9ap_q_mode5EL9_605 = load i16 %p_ZZN4nnet24compute_output_buffer_2dINS_5arrayI8ap_fixedILi16ELi6EL9ap_q_mode5EL9_368" [firmware/nnet_utils/nnet_conv_stream.h:196->firmware/nnet_utils/nnet_conv_stream.h:247]   --->   Operation 399 'load' 'p_ZZN4nnet24compute_output_buffer_2dINS_5arrayI8ap_fixedILi16ELi6EL9ap_q_mode5EL9_605' <Predicate = true> <Delay = 0.00>
ST_1 : Operation 400 [1/1] (0.00ns)   --->   "%store_ln196 = store i16 %p_ZZN4nnet24compute_output_buffer_2dINS_5arrayI8ap_fixedILi16ELi6EL9ap_q_mode5EL9_605, i16 %p_ZZN4nnet24compute_output_buffer_2dINS_5arrayI8ap_fixedILi16ELi6EL9ap_q_mode5EL9_333" [firmware/nnet_utils/nnet_conv_stream.h:196->firmware/nnet_utils/nnet_conv_stream.h:247]   --->   Operation 400 'store' 'store_ln196' <Predicate = true> <Delay = 0.00>
ST_1 : Operation 401 [1/1] (0.00ns)   --->   "%p_ZZN4nnet24compute_output_buffer_2dINS_5arrayI8ap_fixedILi16ELi6EL9ap_q_mode5EL9_606 = load i16 %p_ZZN4nnet24compute_output_buffer_2dINS_5arrayI8ap_fixedILi16ELi6EL9ap_q_mode5EL9_369" [firmware/nnet_utils/nnet_conv_stream.h:196->firmware/nnet_utils/nnet_conv_stream.h:247]   --->   Operation 401 'load' 'p_ZZN4nnet24compute_output_buffer_2dINS_5arrayI8ap_fixedILi16ELi6EL9ap_q_mode5EL9_606' <Predicate = true> <Delay = 0.00>
ST_1 : Operation 402 [1/1] (0.00ns)   --->   "%store_ln196 = store i16 %p_ZZN4nnet24compute_output_buffer_2dINS_5arrayI8ap_fixedILi16ELi6EL9ap_q_mode5EL9_606, i16 %p_ZZN4nnet24compute_output_buffer_2dINS_5arrayI8ap_fixedILi16ELi6EL9ap_q_mode5EL9_334" [firmware/nnet_utils/nnet_conv_stream.h:196->firmware/nnet_utils/nnet_conv_stream.h:247]   --->   Operation 402 'store' 'store_ln196' <Predicate = true> <Delay = 0.00>
ST_1 : Operation 403 [1/1] (0.00ns)   --->   "%p_ZZN4nnet24compute_output_buffer_2dINS_5arrayI8ap_fixedILi16ELi6EL9ap_q_mode5EL9_607 = load i16 %p_ZZN4nnet24compute_output_buffer_2dINS_5arrayI8ap_fixedILi16ELi6EL9ap_q_mode5EL9_370" [firmware/nnet_utils/nnet_conv_stream.h:196->firmware/nnet_utils/nnet_conv_stream.h:247]   --->   Operation 403 'load' 'p_ZZN4nnet24compute_output_buffer_2dINS_5arrayI8ap_fixedILi16ELi6EL9ap_q_mode5EL9_607' <Predicate = true> <Delay = 0.00>
ST_1 : Operation 404 [1/1] (0.00ns)   --->   "%store_ln196 = store i16 %p_ZZN4nnet24compute_output_buffer_2dINS_5arrayI8ap_fixedILi16ELi6EL9ap_q_mode5EL9_607, i16 %p_ZZN4nnet24compute_output_buffer_2dINS_5arrayI8ap_fixedILi16ELi6EL9ap_q_mode5EL9_335" [firmware/nnet_utils/nnet_conv_stream.h:196->firmware/nnet_utils/nnet_conv_stream.h:247]   --->   Operation 404 'store' 'store_ln196' <Predicate = true> <Delay = 0.00>
ST_1 : Operation 405 [1/1] (0.00ns)   --->   "%p_ZZN4nnet24compute_output_buffer_2dINS_5arrayI8ap_fixedILi16ELi6EL9ap_q_mode5EL9_608 = load i16 %p_ZZN4nnet24compute_output_buffer_2dINS_5arrayI8ap_fixedILi16ELi6EL9ap_q_mode5EL9_371" [firmware/nnet_utils/nnet_conv_stream.h:196->firmware/nnet_utils/nnet_conv_stream.h:247]   --->   Operation 405 'load' 'p_ZZN4nnet24compute_output_buffer_2dINS_5arrayI8ap_fixedILi16ELi6EL9ap_q_mode5EL9_608' <Predicate = true> <Delay = 0.00>
ST_1 : Operation 406 [1/1] (0.00ns)   --->   "%store_ln196 = store i16 %p_ZZN4nnet24compute_output_buffer_2dINS_5arrayI8ap_fixedILi16ELi6EL9ap_q_mode5EL9_608, i16 %p_ZZN4nnet24compute_output_buffer_2dINS_5arrayI8ap_fixedILi16ELi6EL9ap_q_mode5EL9_336" [firmware/nnet_utils/nnet_conv_stream.h:196->firmware/nnet_utils/nnet_conv_stream.h:247]   --->   Operation 406 'store' 'store_ln196' <Predicate = true> <Delay = 0.00>
ST_1 : Operation 407 [1/1] (0.00ns)   --->   "%p_ZZN4nnet24compute_output_buffer_2dINS_5arrayI8ap_fixedILi16ELi6EL9ap_q_mode5EL9_609 = load i16 %p_ZZN4nnet24compute_output_buffer_2dINS_5arrayI8ap_fixedILi16ELi6EL9ap_q_mode5EL9_372" [firmware/nnet_utils/nnet_conv_stream.h:196->firmware/nnet_utils/nnet_conv_stream.h:247]   --->   Operation 407 'load' 'p_ZZN4nnet24compute_output_buffer_2dINS_5arrayI8ap_fixedILi16ELi6EL9ap_q_mode5EL9_609' <Predicate = true> <Delay = 0.00>
ST_1 : Operation 408 [1/1] (0.00ns)   --->   "%store_ln196 = store i16 %p_ZZN4nnet24compute_output_buffer_2dINS_5arrayI8ap_fixedILi16ELi6EL9ap_q_mode5EL9_609, i16 %p_ZZN4nnet24compute_output_buffer_2dINS_5arrayI8ap_fixedILi16ELi6EL9ap_q_mode5EL9_337" [firmware/nnet_utils/nnet_conv_stream.h:196->firmware/nnet_utils/nnet_conv_stream.h:247]   --->   Operation 408 'store' 'store_ln196' <Predicate = true> <Delay = 0.00>
ST_1 : Operation 409 [1/1] (0.00ns)   --->   "%p_ZZN4nnet24compute_output_buffer_2dINS_5arrayI8ap_fixedILi16ELi6EL9ap_q_mode5EL9_610 = load i16 %p_ZZN4nnet24compute_output_buffer_2dINS_5arrayI8ap_fixedILi16ELi6EL9ap_q_mode5EL9_373" [firmware/nnet_utils/nnet_conv_stream.h:196->firmware/nnet_utils/nnet_conv_stream.h:247]   --->   Operation 409 'load' 'p_ZZN4nnet24compute_output_buffer_2dINS_5arrayI8ap_fixedILi16ELi6EL9ap_q_mode5EL9_610' <Predicate = true> <Delay = 0.00>
ST_1 : Operation 410 [1/1] (0.00ns)   --->   "%store_ln196 = store i16 %p_ZZN4nnet24compute_output_buffer_2dINS_5arrayI8ap_fixedILi16ELi6EL9ap_q_mode5EL9_610, i16 %p_ZZN4nnet24compute_output_buffer_2dINS_5arrayI8ap_fixedILi16ELi6EL9ap_q_mode5EL9_338" [firmware/nnet_utils/nnet_conv_stream.h:196->firmware/nnet_utils/nnet_conv_stream.h:247]   --->   Operation 410 'store' 'store_ln196' <Predicate = true> <Delay = 0.00>
ST_1 : Operation 411 [1/1] (0.00ns)   --->   "%p_ZZN4nnet24compute_output_buffer_2dINS_5arrayI8ap_fixedILi16ELi6EL9ap_q_mode5EL9_611 = load i16 %p_ZZN4nnet24compute_output_buffer_2dINS_5arrayI8ap_fixedILi16ELi6EL9ap_q_mode5EL9_374" [firmware/nnet_utils/nnet_conv_stream.h:196->firmware/nnet_utils/nnet_conv_stream.h:247]   --->   Operation 411 'load' 'p_ZZN4nnet24compute_output_buffer_2dINS_5arrayI8ap_fixedILi16ELi6EL9ap_q_mode5EL9_611' <Predicate = true> <Delay = 0.00>
ST_1 : Operation 412 [1/1] (0.00ns)   --->   "%store_ln196 = store i16 %p_ZZN4nnet24compute_output_buffer_2dINS_5arrayI8ap_fixedILi16ELi6EL9ap_q_mode5EL9_611, i16 %p_ZZN4nnet24compute_output_buffer_2dINS_5arrayI8ap_fixedILi16ELi6EL9ap_q_mode5EL9_339" [firmware/nnet_utils/nnet_conv_stream.h:196->firmware/nnet_utils/nnet_conv_stream.h:247]   --->   Operation 412 'store' 'store_ln196' <Predicate = true> <Delay = 0.00>
ST_1 : Operation 413 [1/1] (0.00ns)   --->   "%p_ZZN4nnet24compute_output_buffer_2dINS_5arrayI8ap_fixedILi16ELi6EL9ap_q_mode5EL9_612 = load i16 %p_ZZN4nnet24compute_output_buffer_2dINS_5arrayI8ap_fixedILi16ELi6EL9ap_q_mode5EL9_375" [firmware/nnet_utils/nnet_conv_stream.h:196->firmware/nnet_utils/nnet_conv_stream.h:247]   --->   Operation 413 'load' 'p_ZZN4nnet24compute_output_buffer_2dINS_5arrayI8ap_fixedILi16ELi6EL9ap_q_mode5EL9_612' <Predicate = true> <Delay = 0.00>
ST_1 : Operation 414 [1/1] (0.00ns)   --->   "%store_ln196 = store i16 %p_ZZN4nnet24compute_output_buffer_2dINS_5arrayI8ap_fixedILi16ELi6EL9ap_q_mode5EL9_612, i16 %p_ZZN4nnet24compute_output_buffer_2dINS_5arrayI8ap_fixedILi16ELi6EL9ap_q_mode5EL9_340" [firmware/nnet_utils/nnet_conv_stream.h:196->firmware/nnet_utils/nnet_conv_stream.h:247]   --->   Operation 414 'store' 'store_ln196' <Predicate = true> <Delay = 0.00>
ST_1 : Operation 415 [1/1] (0.00ns)   --->   "%p_ZZN4nnet24compute_output_buffer_2dINS_5arrayI8ap_fixedILi16ELi6EL9ap_q_mode5EL9_613 = load i16 %p_ZZN4nnet24compute_output_buffer_2dINS_5arrayI8ap_fixedILi16ELi6EL9ap_q_mode5EL9_377" [firmware/nnet_utils/nnet_conv_stream.h:196->firmware/nnet_utils/nnet_conv_stream.h:247]   --->   Operation 415 'load' 'p_ZZN4nnet24compute_output_buffer_2dINS_5arrayI8ap_fixedILi16ELi6EL9ap_q_mode5EL9_613' <Predicate = true> <Delay = 0.00>
ST_1 : Operation 416 [1/1] (0.00ns)   --->   "%store_ln196 = store i16 %p_ZZN4nnet24compute_output_buffer_2dINS_5arrayI8ap_fixedILi16ELi6EL9ap_q_mode5EL9_613, i16 %p_ZZN4nnet24compute_output_buffer_2dINS_5arrayI8ap_fixedILi16ELi6EL9ap_q_mode5EL9_341" [firmware/nnet_utils/nnet_conv_stream.h:196->firmware/nnet_utils/nnet_conv_stream.h:247]   --->   Operation 416 'store' 'store_ln196' <Predicate = true> <Delay = 0.00>
ST_1 : Operation 417 [1/1] (0.00ns)   --->   "%p_ZZN4nnet24compute_output_buffer_2dINS_5arrayI8ap_fixedILi16ELi6EL9ap_q_mode5EL9_614 = load i16 %p_ZZN4nnet24compute_output_buffer_2dINS_5arrayI8ap_fixedILi16ELi6EL9ap_q_mode5EL9_378" [firmware/nnet_utils/nnet_conv_stream.h:196->firmware/nnet_utils/nnet_conv_stream.h:247]   --->   Operation 417 'load' 'p_ZZN4nnet24compute_output_buffer_2dINS_5arrayI8ap_fixedILi16ELi6EL9ap_q_mode5EL9_614' <Predicate = true> <Delay = 0.00>
ST_1 : Operation 418 [1/1] (0.00ns)   --->   "%store_ln196 = store i16 %p_ZZN4nnet24compute_output_buffer_2dINS_5arrayI8ap_fixedILi16ELi6EL9ap_q_mode5EL9_614, i16 %p_ZZN4nnet24compute_output_buffer_2dINS_5arrayI8ap_fixedILi16ELi6EL9ap_q_mode5EL9_342" [firmware/nnet_utils/nnet_conv_stream.h:196->firmware/nnet_utils/nnet_conv_stream.h:247]   --->   Operation 418 'store' 'store_ln196' <Predicate = true> <Delay = 0.00>
ST_1 : Operation 419 [1/1] (0.00ns)   --->   "%p_ZZN4nnet24compute_output_buffer_2dINS_5arrayI8ap_fixedILi16ELi6EL9ap_q_mode5EL9_615 = load i16 %p_ZZN4nnet24compute_output_buffer_2dINS_5arrayI8ap_fixedILi16ELi6EL9ap_q_mode5EL9_449" [firmware/nnet_utils/nnet_conv_stream.h:196->firmware/nnet_utils/nnet_conv_stream.h:247]   --->   Operation 419 'load' 'p_ZZN4nnet24compute_output_buffer_2dINS_5arrayI8ap_fixedILi16ELi6EL9ap_q_mode5EL9_615' <Predicate = true> <Delay = 0.00>
ST_1 : Operation 420 [1/1] (0.00ns)   --->   "%store_ln196 = store i16 %p_ZZN4nnet24compute_output_buffer_2dINS_5arrayI8ap_fixedILi16ELi6EL9ap_q_mode5EL9_615, i16 %p_ZZN4nnet24compute_output_buffer_2dINS_5arrayI8ap_fixedILi16ELi6EL9ap_q_mode5EL9_414" [firmware/nnet_utils/nnet_conv_stream.h:196->firmware/nnet_utils/nnet_conv_stream.h:247]   --->   Operation 420 'store' 'store_ln196' <Predicate = true> <Delay = 0.00>
ST_1 : Operation 421 [1/1] (0.00ns)   --->   "%p_ZZN4nnet24compute_output_buffer_2dINS_5arrayI8ap_fixedILi16ELi6EL9ap_q_mode5EL9_616 = load i16 %p_ZZN4nnet24compute_output_buffer_2dINS_5arrayI8ap_fixedILi16ELi6EL9ap_q_mode5EL9_450" [firmware/nnet_utils/nnet_conv_stream.h:196->firmware/nnet_utils/nnet_conv_stream.h:247]   --->   Operation 421 'load' 'p_ZZN4nnet24compute_output_buffer_2dINS_5arrayI8ap_fixedILi16ELi6EL9ap_q_mode5EL9_616' <Predicate = true> <Delay = 0.00>
ST_1 : Operation 422 [1/1] (0.00ns)   --->   "%store_ln196 = store i16 %p_ZZN4nnet24compute_output_buffer_2dINS_5arrayI8ap_fixedILi16ELi6EL9ap_q_mode5EL9_616, i16 %p_ZZN4nnet24compute_output_buffer_2dINS_5arrayI8ap_fixedILi16ELi6EL9ap_q_mode5EL9_415" [firmware/nnet_utils/nnet_conv_stream.h:196->firmware/nnet_utils/nnet_conv_stream.h:247]   --->   Operation 422 'store' 'store_ln196' <Predicate = true> <Delay = 0.00>
ST_1 : Operation 423 [1/1] (0.00ns)   --->   "%p_ZZN4nnet24compute_output_buffer_2dINS_5arrayI8ap_fixedILi16ELi6EL9ap_q_mode5EL9_617 = load i16 %p_ZZN4nnet24compute_output_buffer_2dINS_5arrayI8ap_fixedILi16ELi6EL9ap_q_mode5EL9_451" [firmware/nnet_utils/nnet_conv_stream.h:196->firmware/nnet_utils/nnet_conv_stream.h:247]   --->   Operation 423 'load' 'p_ZZN4nnet24compute_output_buffer_2dINS_5arrayI8ap_fixedILi16ELi6EL9ap_q_mode5EL9_617' <Predicate = true> <Delay = 0.00>
ST_1 : Operation 424 [1/1] (0.00ns)   --->   "%store_ln196 = store i16 %p_ZZN4nnet24compute_output_buffer_2dINS_5arrayI8ap_fixedILi16ELi6EL9ap_q_mode5EL9_617, i16 %p_ZZN4nnet24compute_output_buffer_2dINS_5arrayI8ap_fixedILi16ELi6EL9ap_q_mode5EL9_416" [firmware/nnet_utils/nnet_conv_stream.h:196->firmware/nnet_utils/nnet_conv_stream.h:247]   --->   Operation 424 'store' 'store_ln196' <Predicate = true> <Delay = 0.00>
ST_1 : Operation 425 [1/1] (0.00ns)   --->   "%p_ZZN4nnet24compute_output_buffer_2dINS_5arrayI8ap_fixedILi16ELi6EL9ap_q_mode5EL9_618 = load i16 %p_ZZN4nnet24compute_output_buffer_2dINS_5arrayI8ap_fixedILi16ELi6EL9ap_q_mode5EL9_452" [firmware/nnet_utils/nnet_conv_stream.h:196->firmware/nnet_utils/nnet_conv_stream.h:247]   --->   Operation 425 'load' 'p_ZZN4nnet24compute_output_buffer_2dINS_5arrayI8ap_fixedILi16ELi6EL9ap_q_mode5EL9_618' <Predicate = true> <Delay = 0.00>
ST_1 : Operation 426 [1/1] (0.00ns)   --->   "%store_ln196 = store i16 %p_ZZN4nnet24compute_output_buffer_2dINS_5arrayI8ap_fixedILi16ELi6EL9ap_q_mode5EL9_618, i16 %p_ZZN4nnet24compute_output_buffer_2dINS_5arrayI8ap_fixedILi16ELi6EL9ap_q_mode5EL9_417" [firmware/nnet_utils/nnet_conv_stream.h:196->firmware/nnet_utils/nnet_conv_stream.h:247]   --->   Operation 426 'store' 'store_ln196' <Predicate = true> <Delay = 0.00>
ST_1 : Operation 427 [1/1] (0.00ns)   --->   "%p_ZZN4nnet24compute_output_buffer_2dINS_5arrayI8ap_fixedILi16ELi6EL9ap_q_mode5EL9_619 = load i16 %p_ZZN4nnet24compute_output_buffer_2dINS_5arrayI8ap_fixedILi16ELi6EL9ap_q_mode5EL9_454" [firmware/nnet_utils/nnet_conv_stream.h:196->firmware/nnet_utils/nnet_conv_stream.h:247]   --->   Operation 427 'load' 'p_ZZN4nnet24compute_output_buffer_2dINS_5arrayI8ap_fixedILi16ELi6EL9ap_q_mode5EL9_619' <Predicate = true> <Delay = 0.00>
ST_1 : Operation 428 [1/1] (0.00ns)   --->   "%store_ln196 = store i16 %p_ZZN4nnet24compute_output_buffer_2dINS_5arrayI8ap_fixedILi16ELi6EL9ap_q_mode5EL9_619, i16 %p_ZZN4nnet24compute_output_buffer_2dINS_5arrayI8ap_fixedILi16ELi6EL9ap_q_mode5EL9_418" [firmware/nnet_utils/nnet_conv_stream.h:196->firmware/nnet_utils/nnet_conv_stream.h:247]   --->   Operation 428 'store' 'store_ln196' <Predicate = true> <Delay = 0.00>
ST_1 : Operation 429 [1/1] (0.00ns)   --->   "%p_ZZN4nnet24compute_output_buffer_2dINS_5arrayI8ap_fixedILi16ELi6EL9ap_q_mode5EL9_620 = load i16 %p_ZZN4nnet24compute_output_buffer_2dINS_5arrayI8ap_fixedILi16ELi6EL9ap_q_mode5EL9_99" [firmware/nnet_utils/nnet_conv_stream.h:196->firmware/nnet_utils/nnet_conv_stream.h:247]   --->   Operation 429 'load' 'p_ZZN4nnet24compute_output_buffer_2dINS_5arrayI8ap_fixedILi16ELi6EL9ap_q_mode5EL9_620' <Predicate = true> <Delay = 0.00>
ST_1 : Operation 430 [1/1] (0.00ns)   --->   "%store_ln196 = store i16 %p_ZZN4nnet24compute_output_buffer_2dINS_5arrayI8ap_fixedILi16ELi6EL9ap_q_mode5EL9_620, i16 %p_ZZN4nnet24compute_output_buffer_2dINS_5arrayI8ap_fixedILi16ELi6EL9ap_q_mode5EL9_419" [firmware/nnet_utils/nnet_conv_stream.h:196->firmware/nnet_utils/nnet_conv_stream.h:247]   --->   Operation 430 'store' 'store_ln196' <Predicate = true> <Delay = 0.00>
ST_1 : Operation 431 [1/1] (0.00ns)   --->   "%p_ZZN4nnet24compute_output_buffer_2dINS_5arrayI8ap_fixedILi16ELi6EL9ap_q_mode5EL9_621 = load i16 %p_ZZN4nnet24compute_output_buffer_2dINS_5arrayI8ap_fixedILi16ELi6EL9ap_q_mode5EL9_98" [firmware/nnet_utils/nnet_conv_stream.h:196->firmware/nnet_utils/nnet_conv_stream.h:247]   --->   Operation 431 'load' 'p_ZZN4nnet24compute_output_buffer_2dINS_5arrayI8ap_fixedILi16ELi6EL9ap_q_mode5EL9_621' <Predicate = true> <Delay = 0.00>
ST_1 : Operation 432 [1/1] (0.00ns)   --->   "%store_ln196 = store i16 %p_ZZN4nnet24compute_output_buffer_2dINS_5arrayI8ap_fixedILi16ELi6EL9ap_q_mode5EL9_621, i16 %p_ZZN4nnet24compute_output_buffer_2dINS_5arrayI8ap_fixedILi16ELi6EL9ap_q_mode5EL9_421" [firmware/nnet_utils/nnet_conv_stream.h:196->firmware/nnet_utils/nnet_conv_stream.h:247]   --->   Operation 432 'store' 'store_ln196' <Predicate = true> <Delay = 0.00>
ST_1 : Operation 433 [1/1] (0.00ns)   --->   "%p_ZZN4nnet24compute_output_buffer_2dINS_5arrayI8ap_fixedILi16ELi6EL9ap_q_mode5EL9_622 = load i16 %p_ZZN4nnet24compute_output_buffer_2dINS_5arrayI8ap_fixedILi16ELi6EL9ap_q_mode5EL9_97" [firmware/nnet_utils/nnet_conv_stream.h:196->firmware/nnet_utils/nnet_conv_stream.h:247]   --->   Operation 433 'load' 'p_ZZN4nnet24compute_output_buffer_2dINS_5arrayI8ap_fixedILi16ELi6EL9ap_q_mode5EL9_622' <Predicate = true> <Delay = 0.00>
ST_1 : Operation 434 [1/1] (0.00ns)   --->   "%store_ln196 = store i16 %p_ZZN4nnet24compute_output_buffer_2dINS_5arrayI8ap_fixedILi16ELi6EL9ap_q_mode5EL9_622, i16 %p_ZZN4nnet24compute_output_buffer_2dINS_5arrayI8ap_fixedILi16ELi6EL9ap_q_mode5EL9_422" [firmware/nnet_utils/nnet_conv_stream.h:196->firmware/nnet_utils/nnet_conv_stream.h:247]   --->   Operation 434 'store' 'store_ln196' <Predicate = true> <Delay = 0.00>
ST_1 : Operation 435 [1/1] (0.00ns)   --->   "%p_ZZN4nnet24compute_output_buffer_2dINS_5arrayI8ap_fixedILi16ELi6EL9ap_q_mode5EL9_623 = load i16 %p_ZZN4nnet24compute_output_buffer_2dINS_5arrayI8ap_fixedILi16ELi6EL9ap_q_mode5EL9_96" [firmware/nnet_utils/nnet_conv_stream.h:196->firmware/nnet_utils/nnet_conv_stream.h:247]   --->   Operation 435 'load' 'p_ZZN4nnet24compute_output_buffer_2dINS_5arrayI8ap_fixedILi16ELi6EL9ap_q_mode5EL9_623' <Predicate = true> <Delay = 0.00>
ST_1 : Operation 436 [1/1] (0.00ns)   --->   "%store_ln196 = store i16 %p_ZZN4nnet24compute_output_buffer_2dINS_5arrayI8ap_fixedILi16ELi6EL9ap_q_mode5EL9_623, i16 %p_ZZN4nnet24compute_output_buffer_2dINS_5arrayI8ap_fixedILi16ELi6EL9ap_q_mode5EL9_423" [firmware/nnet_utils/nnet_conv_stream.h:196->firmware/nnet_utils/nnet_conv_stream.h:247]   --->   Operation 436 'store' 'store_ln196' <Predicate = true> <Delay = 0.00>
ST_1 : Operation 437 [1/1] (0.00ns)   --->   "%p_ZZN4nnet24compute_output_buffer_2dINS_5arrayI8ap_fixedILi16ELi6EL9ap_q_mode5EL9_624 = load i16 %p_ZZN4nnet24compute_output_buffer_2dINS_5arrayI8ap_fixedILi16ELi6EL9ap_q_mode5EL9_95" [firmware/nnet_utils/nnet_conv_stream.h:196->firmware/nnet_utils/nnet_conv_stream.h:247]   --->   Operation 437 'load' 'p_ZZN4nnet24compute_output_buffer_2dINS_5arrayI8ap_fixedILi16ELi6EL9ap_q_mode5EL9_624' <Predicate = true> <Delay = 0.00>
ST_1 : Operation 438 [1/1] (0.00ns)   --->   "%store_ln196 = store i16 %p_ZZN4nnet24compute_output_buffer_2dINS_5arrayI8ap_fixedILi16ELi6EL9ap_q_mode5EL9_624, i16 %p_ZZN4nnet24compute_output_buffer_2dINS_5arrayI8ap_fixedILi16ELi6EL9ap_q_mode5EL9_424" [firmware/nnet_utils/nnet_conv_stream.h:196->firmware/nnet_utils/nnet_conv_stream.h:247]   --->   Operation 438 'store' 'store_ln196' <Predicate = true> <Delay = 0.00>
ST_1 : Operation 439 [1/1] (0.00ns)   --->   "%p_ZZN4nnet24compute_output_buffer_2dINS_5arrayI8ap_fixedILi16ELi6EL9ap_q_mode5EL9_625 = load i16 %p_ZZN4nnet24compute_output_buffer_2dINS_5arrayI8ap_fixedILi16ELi6EL9ap_q_mode5EL9_94" [firmware/nnet_utils/nnet_conv_stream.h:196->firmware/nnet_utils/nnet_conv_stream.h:247]   --->   Operation 439 'load' 'p_ZZN4nnet24compute_output_buffer_2dINS_5arrayI8ap_fixedILi16ELi6EL9ap_q_mode5EL9_625' <Predicate = true> <Delay = 0.00>
ST_1 : Operation 440 [1/1] (0.00ns)   --->   "%store_ln196 = store i16 %p_ZZN4nnet24compute_output_buffer_2dINS_5arrayI8ap_fixedILi16ELi6EL9ap_q_mode5EL9_625, i16 %p_ZZN4nnet24compute_output_buffer_2dINS_5arrayI8ap_fixedILi16ELi6EL9ap_q_mode5EL9_425" [firmware/nnet_utils/nnet_conv_stream.h:196->firmware/nnet_utils/nnet_conv_stream.h:247]   --->   Operation 440 'store' 'store_ln196' <Predicate = true> <Delay = 0.00>
ST_1 : Operation 441 [1/1] (0.00ns)   --->   "%p_ZZN4nnet24compute_output_buffer_2dINS_5arrayI8ap_fixedILi16ELi6EL9ap_q_mode5EL9_626 = load i16 %p_ZZN4nnet24compute_output_buffer_2dINS_5arrayI8ap_fixedILi16ELi6EL9ap_q_mode5EL9_93" [firmware/nnet_utils/nnet_conv_stream.h:196->firmware/nnet_utils/nnet_conv_stream.h:247]   --->   Operation 441 'load' 'p_ZZN4nnet24compute_output_buffer_2dINS_5arrayI8ap_fixedILi16ELi6EL9ap_q_mode5EL9_626' <Predicate = true> <Delay = 0.00>
ST_1 : Operation 442 [1/1] (0.00ns)   --->   "%store_ln196 = store i16 %p_ZZN4nnet24compute_output_buffer_2dINS_5arrayI8ap_fixedILi16ELi6EL9ap_q_mode5EL9_626, i16 %p_ZZN4nnet24compute_output_buffer_2dINS_5arrayI8ap_fixedILi16ELi6EL9ap_q_mode5EL9_426" [firmware/nnet_utils/nnet_conv_stream.h:196->firmware/nnet_utils/nnet_conv_stream.h:247]   --->   Operation 442 'store' 'store_ln196' <Predicate = true> <Delay = 0.00>
ST_1 : Operation 443 [1/1] (0.00ns)   --->   "%p_ZZN4nnet24compute_output_buffer_2dINS_5arrayI8ap_fixedILi16ELi6EL9ap_q_mode5EL9_627 = load i16 %p_ZZN4nnet24compute_output_buffer_2dINS_5arrayI8ap_fixedILi16ELi6EL9ap_q_mode5EL9_92" [firmware/nnet_utils/nnet_conv_stream.h:196->firmware/nnet_utils/nnet_conv_stream.h:247]   --->   Operation 443 'load' 'p_ZZN4nnet24compute_output_buffer_2dINS_5arrayI8ap_fixedILi16ELi6EL9ap_q_mode5EL9_627' <Predicate = true> <Delay = 0.00>
ST_1 : Operation 444 [1/1] (0.00ns)   --->   "%store_ln196 = store i16 %p_ZZN4nnet24compute_output_buffer_2dINS_5arrayI8ap_fixedILi16ELi6EL9ap_q_mode5EL9_627, i16 %p_ZZN4nnet24compute_output_buffer_2dINS_5arrayI8ap_fixedILi16ELi6EL9ap_q_mode5EL9_427" [firmware/nnet_utils/nnet_conv_stream.h:196->firmware/nnet_utils/nnet_conv_stream.h:247]   --->   Operation 444 'store' 'store_ln196' <Predicate = true> <Delay = 0.00>
ST_1 : Operation 445 [1/1] (0.00ns)   --->   "%p_ZZN4nnet24compute_output_buffer_2dINS_5arrayI8ap_fixedILi16ELi6EL9ap_q_mode5EL9_628 = load i16 %p_ZZN4nnet24compute_output_buffer_2dINS_5arrayI8ap_fixedILi16ELi6EL9ap_q_mode5EL9_91" [firmware/nnet_utils/nnet_conv_stream.h:196->firmware/nnet_utils/nnet_conv_stream.h:247]   --->   Operation 445 'load' 'p_ZZN4nnet24compute_output_buffer_2dINS_5arrayI8ap_fixedILi16ELi6EL9ap_q_mode5EL9_628' <Predicate = true> <Delay = 0.00>
ST_1 : Operation 446 [1/1] (0.00ns)   --->   "%store_ln196 = store i16 %p_ZZN4nnet24compute_output_buffer_2dINS_5arrayI8ap_fixedILi16ELi6EL9ap_q_mode5EL9_628, i16 %p_ZZN4nnet24compute_output_buffer_2dINS_5arrayI8ap_fixedILi16ELi6EL9ap_q_mode5EL9_428" [firmware/nnet_utils/nnet_conv_stream.h:196->firmware/nnet_utils/nnet_conv_stream.h:247]   --->   Operation 446 'store' 'store_ln196' <Predicate = true> <Delay = 0.00>
ST_1 : Operation 447 [1/1] (0.00ns)   --->   "%p_ZZN4nnet24compute_output_buffer_2dINS_5arrayI8ap_fixedILi16ELi6EL9ap_q_mode5EL9_629 = load i16 %p_ZZN4nnet24compute_output_buffer_2dINS_5arrayI8ap_fixedILi16ELi6EL9ap_q_mode5EL9_89" [firmware/nnet_utils/nnet_conv_stream.h:196->firmware/nnet_utils/nnet_conv_stream.h:247]   --->   Operation 447 'load' 'p_ZZN4nnet24compute_output_buffer_2dINS_5arrayI8ap_fixedILi16ELi6EL9ap_q_mode5EL9_629' <Predicate = true> <Delay = 0.00>
ST_1 : Operation 448 [1/1] (0.00ns)   --->   "%store_ln196 = store i16 %p_ZZN4nnet24compute_output_buffer_2dINS_5arrayI8ap_fixedILi16ELi6EL9ap_q_mode5EL9_629, i16 %p_ZZN4nnet24compute_output_buffer_2dINS_5arrayI8ap_fixedILi16ELi6EL9ap_q_mode5EL9_429" [firmware/nnet_utils/nnet_conv_stream.h:196->firmware/nnet_utils/nnet_conv_stream.h:247]   --->   Operation 448 'store' 'store_ln196' <Predicate = true> <Delay = 0.00>
ST_1 : Operation 449 [1/1] (0.00ns)   --->   "%p_ZZN4nnet24compute_output_buffer_2dINS_5arrayI8ap_fixedILi16ELi6EL9ap_q_mode5EL9_630 = load i16 %p_ZZN4nnet24compute_output_buffer_2dINS_5arrayI8ap_fixedILi16ELi6EL9ap_q_mode5EL9_88" [firmware/nnet_utils/nnet_conv_stream.h:196->firmware/nnet_utils/nnet_conv_stream.h:247]   --->   Operation 449 'load' 'p_ZZN4nnet24compute_output_buffer_2dINS_5arrayI8ap_fixedILi16ELi6EL9ap_q_mode5EL9_630' <Predicate = true> <Delay = 0.00>
ST_1 : Operation 450 [1/1] (0.00ns)   --->   "%store_ln196 = store i16 %p_ZZN4nnet24compute_output_buffer_2dINS_5arrayI8ap_fixedILi16ELi6EL9ap_q_mode5EL9_630, i16 %p_ZZN4nnet24compute_output_buffer_2dINS_5arrayI8ap_fixedILi16ELi6EL9ap_q_mode5EL9_430" [firmware/nnet_utils/nnet_conv_stream.h:196->firmware/nnet_utils/nnet_conv_stream.h:247]   --->   Operation 450 'store' 'store_ln196' <Predicate = true> <Delay = 0.00>
ST_1 : Operation 451 [1/1] (0.00ns)   --->   "%p_ZZN4nnet24compute_output_buffer_2dINS_5arrayI8ap_fixedILi16ELi6EL9ap_q_mode5EL9_631 = load i16 %p_ZZN4nnet24compute_output_buffer_2dINS_5arrayI8ap_fixedILi16ELi6EL9ap_q_mode5EL9_87" [firmware/nnet_utils/nnet_conv_stream.h:196->firmware/nnet_utils/nnet_conv_stream.h:247]   --->   Operation 451 'load' 'p_ZZN4nnet24compute_output_buffer_2dINS_5arrayI8ap_fixedILi16ELi6EL9ap_q_mode5EL9_631' <Predicate = true> <Delay = 0.00>
ST_1 : Operation 452 [1/1] (0.00ns)   --->   "%store_ln196 = store i16 %p_ZZN4nnet24compute_output_buffer_2dINS_5arrayI8ap_fixedILi16ELi6EL9ap_q_mode5EL9_631, i16 %p_ZZN4nnet24compute_output_buffer_2dINS_5arrayI8ap_fixedILi16ELi6EL9ap_q_mode5EL9_432" [firmware/nnet_utils/nnet_conv_stream.h:196->firmware/nnet_utils/nnet_conv_stream.h:247]   --->   Operation 452 'store' 'store_ln196' <Predicate = true> <Delay = 0.00>
ST_1 : Operation 453 [1/1] (0.00ns)   --->   "%p_ZZN4nnet24compute_output_buffer_2dINS_5arrayI8ap_fixedILi16ELi6EL9ap_q_mode5EL9_632 = load i16 %p_ZZN4nnet24compute_output_buffer_2dINS_5arrayI8ap_fixedILi16ELi6EL9ap_q_mode5EL9_86" [firmware/nnet_utils/nnet_conv_stream.h:196->firmware/nnet_utils/nnet_conv_stream.h:247]   --->   Operation 453 'load' 'p_ZZN4nnet24compute_output_buffer_2dINS_5arrayI8ap_fixedILi16ELi6EL9ap_q_mode5EL9_632' <Predicate = true> <Delay = 0.00>
ST_1 : Operation 454 [1/1] (0.00ns)   --->   "%store_ln196 = store i16 %p_ZZN4nnet24compute_output_buffer_2dINS_5arrayI8ap_fixedILi16ELi6EL9ap_q_mode5EL9_632, i16 %p_ZZN4nnet24compute_output_buffer_2dINS_5arrayI8ap_fixedILi16ELi6EL9ap_q_mode5EL9_433" [firmware/nnet_utils/nnet_conv_stream.h:196->firmware/nnet_utils/nnet_conv_stream.h:247]   --->   Operation 454 'store' 'store_ln196' <Predicate = true> <Delay = 0.00>
ST_1 : Operation 455 [1/1] (0.00ns)   --->   "%p_ZZN4nnet24compute_output_buffer_2dINS_5arrayI8ap_fixedILi16ELi6EL9ap_q_mode5EL9_633 = load i16 %p_ZZN4nnet24compute_output_buffer_2dINS_5arrayI8ap_fixedILi16ELi6EL9ap_q_mode5EL9_85" [firmware/nnet_utils/nnet_conv_stream.h:196->firmware/nnet_utils/nnet_conv_stream.h:247]   --->   Operation 455 'load' 'p_ZZN4nnet24compute_output_buffer_2dINS_5arrayI8ap_fixedILi16ELi6EL9ap_q_mode5EL9_633' <Predicate = true> <Delay = 0.00>
ST_1 : Operation 456 [1/1] (0.00ns)   --->   "%store_ln196 = store i16 %p_ZZN4nnet24compute_output_buffer_2dINS_5arrayI8ap_fixedILi16ELi6EL9ap_q_mode5EL9_633, i16 %p_ZZN4nnet24compute_output_buffer_2dINS_5arrayI8ap_fixedILi16ELi6EL9ap_q_mode5EL9_434" [firmware/nnet_utils/nnet_conv_stream.h:196->firmware/nnet_utils/nnet_conv_stream.h:247]   --->   Operation 456 'store' 'store_ln196' <Predicate = true> <Delay = 0.00>
ST_1 : Operation 457 [1/1] (0.00ns)   --->   "%p_ZZN4nnet24compute_output_buffer_2dINS_5arrayI8ap_fixedILi16ELi6EL9ap_q_mode5EL9_634 = load i16 %p_ZZN4nnet24compute_output_buffer_2dINS_5arrayI8ap_fixedILi16ELi6EL9ap_q_mode5EL9_84" [firmware/nnet_utils/nnet_conv_stream.h:196->firmware/nnet_utils/nnet_conv_stream.h:247]   --->   Operation 457 'load' 'p_ZZN4nnet24compute_output_buffer_2dINS_5arrayI8ap_fixedILi16ELi6EL9ap_q_mode5EL9_634' <Predicate = true> <Delay = 0.00>
ST_1 : Operation 458 [1/1] (0.00ns)   --->   "%store_ln196 = store i16 %p_ZZN4nnet24compute_output_buffer_2dINS_5arrayI8ap_fixedILi16ELi6EL9ap_q_mode5EL9_634, i16 %p_ZZN4nnet24compute_output_buffer_2dINS_5arrayI8ap_fixedILi16ELi6EL9ap_q_mode5EL9_435" [firmware/nnet_utils/nnet_conv_stream.h:196->firmware/nnet_utils/nnet_conv_stream.h:247]   --->   Operation 458 'store' 'store_ln196' <Predicate = true> <Delay = 0.00>
ST_1 : Operation 459 [1/1] (0.00ns)   --->   "%p_ZZN4nnet24compute_output_buffer_2dINS_5arrayI8ap_fixedILi16ELi6EL9ap_q_mode5EL9_635 = load i16 %p_ZZN4nnet24compute_output_buffer_2dINS_5arrayI8ap_fixedILi16ELi6EL9ap_q_mode5EL9_83" [firmware/nnet_utils/nnet_conv_stream.h:196->firmware/nnet_utils/nnet_conv_stream.h:247]   --->   Operation 459 'load' 'p_ZZN4nnet24compute_output_buffer_2dINS_5arrayI8ap_fixedILi16ELi6EL9ap_q_mode5EL9_635' <Predicate = true> <Delay = 0.00>
ST_1 : Operation 460 [1/1] (0.00ns)   --->   "%store_ln196 = store i16 %p_ZZN4nnet24compute_output_buffer_2dINS_5arrayI8ap_fixedILi16ELi6EL9ap_q_mode5EL9_635, i16 %p_ZZN4nnet24compute_output_buffer_2dINS_5arrayI8ap_fixedILi16ELi6EL9ap_q_mode5EL9_436" [firmware/nnet_utils/nnet_conv_stream.h:196->firmware/nnet_utils/nnet_conv_stream.h:247]   --->   Operation 460 'store' 'store_ln196' <Predicate = true> <Delay = 0.00>
ST_1 : Operation 461 [1/1] (0.00ns)   --->   "%p_ZZN4nnet24compute_output_buffer_2dINS_5arrayI8ap_fixedILi16ELi6EL9ap_q_mode5EL9_636 = load i16 %p_ZZN4nnet24compute_output_buffer_2dINS_5arrayI8ap_fixedILi16ELi6EL9ap_q_mode5EL9_82" [firmware/nnet_utils/nnet_conv_stream.h:196->firmware/nnet_utils/nnet_conv_stream.h:247]   --->   Operation 461 'load' 'p_ZZN4nnet24compute_output_buffer_2dINS_5arrayI8ap_fixedILi16ELi6EL9ap_q_mode5EL9_636' <Predicate = true> <Delay = 0.00>
ST_1 : Operation 462 [1/1] (0.00ns)   --->   "%store_ln196 = store i16 %p_ZZN4nnet24compute_output_buffer_2dINS_5arrayI8ap_fixedILi16ELi6EL9ap_q_mode5EL9_636, i16 %p_ZZN4nnet24compute_output_buffer_2dINS_5arrayI8ap_fixedILi16ELi6EL9ap_q_mode5EL9_437" [firmware/nnet_utils/nnet_conv_stream.h:196->firmware/nnet_utils/nnet_conv_stream.h:247]   --->   Operation 462 'store' 'store_ln196' <Predicate = true> <Delay = 0.00>
ST_1 : Operation 463 [1/1] (0.00ns)   --->   "%p_ZZN4nnet24compute_output_buffer_2dINS_5arrayI8ap_fixedILi16ELi6EL9ap_q_mode5EL9_637 = load i16 %p_ZZN4nnet24compute_output_buffer_2dINS_5arrayI8ap_fixedILi16ELi6EL9ap_q_mode5EL9_81" [firmware/nnet_utils/nnet_conv_stream.h:196->firmware/nnet_utils/nnet_conv_stream.h:247]   --->   Operation 463 'load' 'p_ZZN4nnet24compute_output_buffer_2dINS_5arrayI8ap_fixedILi16ELi6EL9ap_q_mode5EL9_637' <Predicate = true> <Delay = 0.00>
ST_1 : Operation 464 [1/1] (0.00ns)   --->   "%store_ln196 = store i16 %p_ZZN4nnet24compute_output_buffer_2dINS_5arrayI8ap_fixedILi16ELi6EL9ap_q_mode5EL9_637, i16 %p_ZZN4nnet24compute_output_buffer_2dINS_5arrayI8ap_fixedILi16ELi6EL9ap_q_mode5EL9_438" [firmware/nnet_utils/nnet_conv_stream.h:196->firmware/nnet_utils/nnet_conv_stream.h:247]   --->   Operation 464 'store' 'store_ln196' <Predicate = true> <Delay = 0.00>
ST_1 : Operation 465 [1/1] (0.00ns)   --->   "%p_ZZN4nnet24compute_output_buffer_2dINS_5arrayI8ap_fixedILi16ELi6EL9ap_q_mode5EL9_638 = load i16 %p_ZZN4nnet24compute_output_buffer_2dINS_5arrayI8ap_fixedILi16ELi6EL9ap_q_mode5EL9_80" [firmware/nnet_utils/nnet_conv_stream.h:196->firmware/nnet_utils/nnet_conv_stream.h:247]   --->   Operation 465 'load' 'p_ZZN4nnet24compute_output_buffer_2dINS_5arrayI8ap_fixedILi16ELi6EL9ap_q_mode5EL9_638' <Predicate = true> <Delay = 0.00>
ST_1 : Operation 466 [1/1] (0.00ns)   --->   "%store_ln196 = store i16 %p_ZZN4nnet24compute_output_buffer_2dINS_5arrayI8ap_fixedILi16ELi6EL9ap_q_mode5EL9_638, i16 %p_ZZN4nnet24compute_output_buffer_2dINS_5arrayI8ap_fixedILi16ELi6EL9ap_q_mode5EL9_439" [firmware/nnet_utils/nnet_conv_stream.h:196->firmware/nnet_utils/nnet_conv_stream.h:247]   --->   Operation 466 'store' 'store_ln196' <Predicate = true> <Delay = 0.00>
ST_1 : Operation 467 [1/1] (0.00ns)   --->   "%p_ZZN4nnet24compute_output_buffer_2dINS_5arrayI8ap_fixedILi16ELi6EL9ap_q_mode5EL9_639 = load i16 %p_ZZN4nnet24compute_output_buffer_2dINS_5arrayI8ap_fixedILi16ELi6EL9ap_q_mode5EL9_78" [firmware/nnet_utils/nnet_conv_stream.h:196->firmware/nnet_utils/nnet_conv_stream.h:247]   --->   Operation 467 'load' 'p_ZZN4nnet24compute_output_buffer_2dINS_5arrayI8ap_fixedILi16ELi6EL9ap_q_mode5EL9_639' <Predicate = true> <Delay = 0.00>
ST_1 : Operation 468 [1/1] (0.00ns)   --->   "%store_ln196 = store i16 %p_ZZN4nnet24compute_output_buffer_2dINS_5arrayI8ap_fixedILi16ELi6EL9ap_q_mode5EL9_639, i16 %p_ZZN4nnet24compute_output_buffer_2dINS_5arrayI8ap_fixedILi16ELi6EL9ap_q_mode5EL9_440" [firmware/nnet_utils/nnet_conv_stream.h:196->firmware/nnet_utils/nnet_conv_stream.h:247]   --->   Operation 468 'store' 'store_ln196' <Predicate = true> <Delay = 0.00>
ST_1 : Operation 469 [1/1] (0.00ns)   --->   "%p_ZZN4nnet24compute_output_buffer_2dINS_5arrayI8ap_fixedILi16ELi6EL9ap_q_mode5EL9_640 = load i16 %p_ZZN4nnet24compute_output_buffer_2dINS_5arrayI8ap_fixedILi16ELi6EL9ap_q_mode5EL9_77" [firmware/nnet_utils/nnet_conv_stream.h:196->firmware/nnet_utils/nnet_conv_stream.h:247]   --->   Operation 469 'load' 'p_ZZN4nnet24compute_output_buffer_2dINS_5arrayI8ap_fixedILi16ELi6EL9ap_q_mode5EL9_640' <Predicate = true> <Delay = 0.00>
ST_1 : Operation 470 [1/1] (0.00ns)   --->   "%store_ln196 = store i16 %p_ZZN4nnet24compute_output_buffer_2dINS_5arrayI8ap_fixedILi16ELi6EL9ap_q_mode5EL9_640, i16 %p_ZZN4nnet24compute_output_buffer_2dINS_5arrayI8ap_fixedILi16ELi6EL9ap_q_mode5EL9_441" [firmware/nnet_utils/nnet_conv_stream.h:196->firmware/nnet_utils/nnet_conv_stream.h:247]   --->   Operation 470 'store' 'store_ln196' <Predicate = true> <Delay = 0.00>
ST_1 : Operation 471 [1/1] (0.00ns)   --->   "%p_ZZN4nnet24compute_output_buffer_2dINS_5arrayI8ap_fixedILi16ELi6EL9ap_q_mode5EL9_641 = load i16 %p_ZZN4nnet24compute_output_buffer_2dINS_5arrayI8ap_fixedILi16ELi6EL9ap_q_mode5EL9_76" [firmware/nnet_utils/nnet_conv_stream.h:196->firmware/nnet_utils/nnet_conv_stream.h:247]   --->   Operation 471 'load' 'p_ZZN4nnet24compute_output_buffer_2dINS_5arrayI8ap_fixedILi16ELi6EL9ap_q_mode5EL9_641' <Predicate = true> <Delay = 0.00>
ST_1 : Operation 472 [1/1] (0.00ns)   --->   "%store_ln196 = store i16 %p_ZZN4nnet24compute_output_buffer_2dINS_5arrayI8ap_fixedILi16ELi6EL9ap_q_mode5EL9_641, i16 %p_ZZN4nnet24compute_output_buffer_2dINS_5arrayI8ap_fixedILi16ELi6EL9ap_q_mode5EL9_443" [firmware/nnet_utils/nnet_conv_stream.h:196->firmware/nnet_utils/nnet_conv_stream.h:247]   --->   Operation 472 'store' 'store_ln196' <Predicate = true> <Delay = 0.00>
ST_1 : Operation 473 [1/1] (0.00ns)   --->   "%p_ZZN4nnet24compute_output_buffer_2dINS_5arrayI8ap_fixedILi16ELi6EL9ap_q_mode5EL9_642 = load i16 %p_ZZN4nnet24compute_output_buffer_2dINS_5arrayI8ap_fixedILi16ELi6EL9ap_q_mode5EL9_75" [firmware/nnet_utils/nnet_conv_stream.h:196->firmware/nnet_utils/nnet_conv_stream.h:247]   --->   Operation 473 'load' 'p_ZZN4nnet24compute_output_buffer_2dINS_5arrayI8ap_fixedILi16ELi6EL9ap_q_mode5EL9_642' <Predicate = true> <Delay = 0.00>
ST_1 : Operation 474 [1/1] (0.00ns)   --->   "%store_ln196 = store i16 %p_ZZN4nnet24compute_output_buffer_2dINS_5arrayI8ap_fixedILi16ELi6EL9ap_q_mode5EL9_642, i16 %p_ZZN4nnet24compute_output_buffer_2dINS_5arrayI8ap_fixedILi16ELi6EL9ap_q_mode5EL9_444" [firmware/nnet_utils/nnet_conv_stream.h:196->firmware/nnet_utils/nnet_conv_stream.h:247]   --->   Operation 474 'store' 'store_ln196' <Predicate = true> <Delay = 0.00>
ST_1 : Operation 475 [1/1] (0.00ns)   --->   "%p_ZZN4nnet24compute_output_buffer_2dINS_5arrayI8ap_fixedILi16ELi6EL9ap_q_mode5EL9_643 = load i16 %p_ZZN4nnet24compute_output_buffer_2dINS_5arrayI8ap_fixedILi16ELi6EL9ap_q_mode5EL9_74" [firmware/nnet_utils/nnet_conv_stream.h:196->firmware/nnet_utils/nnet_conv_stream.h:247]   --->   Operation 475 'load' 'p_ZZN4nnet24compute_output_buffer_2dINS_5arrayI8ap_fixedILi16ELi6EL9ap_q_mode5EL9_643' <Predicate = true> <Delay = 0.00>
ST_1 : Operation 476 [1/1] (0.00ns)   --->   "%store_ln196 = store i16 %p_ZZN4nnet24compute_output_buffer_2dINS_5arrayI8ap_fixedILi16ELi6EL9ap_q_mode5EL9_643, i16 %p_ZZN4nnet24compute_output_buffer_2dINS_5arrayI8ap_fixedILi16ELi6EL9ap_q_mode5EL9_445" [firmware/nnet_utils/nnet_conv_stream.h:196->firmware/nnet_utils/nnet_conv_stream.h:247]   --->   Operation 476 'store' 'store_ln196' <Predicate = true> <Delay = 0.00>
ST_1 : Operation 477 [1/1] (0.00ns)   --->   "%p_ZZN4nnet24compute_output_buffer_2dINS_5arrayI8ap_fixedILi16ELi6EL9ap_q_mode5EL9_644 = load i16 %p_ZZN4nnet24compute_output_buffer_2dINS_5arrayI8ap_fixedILi16ELi6EL9ap_q_mode5EL9_73" [firmware/nnet_utils/nnet_conv_stream.h:196->firmware/nnet_utils/nnet_conv_stream.h:247]   --->   Operation 477 'load' 'p_ZZN4nnet24compute_output_buffer_2dINS_5arrayI8ap_fixedILi16ELi6EL9ap_q_mode5EL9_644' <Predicate = true> <Delay = 0.00>
ST_1 : Operation 478 [1/1] (0.00ns)   --->   "%store_ln196 = store i16 %p_ZZN4nnet24compute_output_buffer_2dINS_5arrayI8ap_fixedILi16ELi6EL9ap_q_mode5EL9_644, i16 %p_ZZN4nnet24compute_output_buffer_2dINS_5arrayI8ap_fixedILi16ELi6EL9ap_q_mode5EL9_446" [firmware/nnet_utils/nnet_conv_stream.h:196->firmware/nnet_utils/nnet_conv_stream.h:247]   --->   Operation 478 'store' 'store_ln196' <Predicate = true> <Delay = 0.00>
ST_1 : Operation 479 [1/1] (0.00ns)   --->   "%p_ZZN4nnet24compute_output_buffer_2dINS_5arrayI8ap_fixedILi16ELi6EL9ap_q_mode5EL9_645 = load i16 %p_ZZN4nnet24compute_output_buffer_2dINS_5arrayI8ap_fixedILi16ELi6EL9ap_q_mode5EL9_72" [firmware/nnet_utils/nnet_conv_stream.h:196->firmware/nnet_utils/nnet_conv_stream.h:247]   --->   Operation 479 'load' 'p_ZZN4nnet24compute_output_buffer_2dINS_5arrayI8ap_fixedILi16ELi6EL9ap_q_mode5EL9_645' <Predicate = true> <Delay = 0.00>
ST_1 : Operation 480 [1/1] (0.00ns)   --->   "%store_ln196 = store i16 %p_ZZN4nnet24compute_output_buffer_2dINS_5arrayI8ap_fixedILi16ELi6EL9ap_q_mode5EL9_645, i16 %p_ZZN4nnet24compute_output_buffer_2dINS_5arrayI8ap_fixedILi16ELi6EL9ap_q_mode5EL9_447" [firmware/nnet_utils/nnet_conv_stream.h:196->firmware/nnet_utils/nnet_conv_stream.h:247]   --->   Operation 480 'store' 'store_ln196' <Predicate = true> <Delay = 0.00>
ST_1 : Operation 481 [1/1] (0.00ns)   --->   "%p_ZZN4nnet24compute_output_buffer_2dINS_5arrayI8ap_fixedILi16ELi6EL9ap_q_mode5EL9_646 = load i16 %p_ZZN4nnet24compute_output_buffer_2dINS_5arrayI8ap_fixedILi16ELi6EL9ap_q_mode5EL9_71" [firmware/nnet_utils/nnet_conv_stream.h:196->firmware/nnet_utils/nnet_conv_stream.h:247]   --->   Operation 481 'load' 'p_ZZN4nnet24compute_output_buffer_2dINS_5arrayI8ap_fixedILi16ELi6EL9ap_q_mode5EL9_646' <Predicate = true> <Delay = 0.00>
ST_1 : Operation 482 [1/1] (0.00ns)   --->   "%store_ln196 = store i16 %p_ZZN4nnet24compute_output_buffer_2dINS_5arrayI8ap_fixedILi16ELi6EL9ap_q_mode5EL9_646, i16 %p_ZZN4nnet24compute_output_buffer_2dINS_5arrayI8ap_fixedILi16ELi6EL9ap_q_mode5EL9_448" [firmware/nnet_utils/nnet_conv_stream.h:196->firmware/nnet_utils/nnet_conv_stream.h:247]   --->   Operation 482 'store' 'store_ln196' <Predicate = true> <Delay = 0.00>
ST_1 : Operation 483 [1/1] (0.00ns)   --->   "%store_ln209 = store i16 %p_1_i, i16 %p_ZZN4nnet24compute_output_buffer_2dINS_5arrayI8ap_fixedILi16ELi6EL9ap_q_mode5EL9_35" [firmware/nnet_utils/nnet_conv_stream.h:209->firmware/nnet_utils/nnet_conv_stream.h:247]   --->   Operation 483 'store' 'store_ln209' <Predicate = true> <Delay = 0.00>
ST_1 : Operation 484 [1/1] (0.00ns)   --->   "%store_ln209 = store i16 %p_3_i, i16 %p_ZZN4nnet24compute_output_buffer_2dINS_5arrayI8ap_fixedILi16ELi6EL9ap_q_mode5EL9_34" [firmware/nnet_utils/nnet_conv_stream.h:209->firmware/nnet_utils/nnet_conv_stream.h:247]   --->   Operation 484 'store' 'store_ln209' <Predicate = true> <Delay = 0.00>
ST_1 : Operation 485 [1/1] (0.00ns)   --->   "%store_ln209 = store i16 %p_5_i, i16 %p_ZZN4nnet24compute_output_buffer_2dINS_5arrayI8ap_fixedILi16ELi6EL9ap_q_mode5EL9_33" [firmware/nnet_utils/nnet_conv_stream.h:209->firmware/nnet_utils/nnet_conv_stream.h:247]   --->   Operation 485 'store' 'store_ln209' <Predicate = true> <Delay = 0.00>
ST_1 : Operation 486 [1/1] (0.00ns)   --->   "%store_ln209 = store i16 %p_7_i, i16 %p_ZZN4nnet24compute_output_buffer_2dINS_5arrayI8ap_fixedILi16ELi6EL9ap_q_mode5EL9_32" [firmware/nnet_utils/nnet_conv_stream.h:209->firmware/nnet_utils/nnet_conv_stream.h:247]   --->   Operation 486 'store' 'store_ln209' <Predicate = true> <Delay = 0.00>
ST_1 : Operation 487 [1/1] (0.00ns)   --->   "%store_ln209 = store i16 %p_9_i, i16 %p_ZZN4nnet24compute_output_buffer_2dINS_5arrayI8ap_fixedILi16ELi6EL9ap_q_mode5EL9_31" [firmware/nnet_utils/nnet_conv_stream.h:209->firmware/nnet_utils/nnet_conv_stream.h:247]   --->   Operation 487 'store' 'store_ln209' <Predicate = true> <Delay = 0.00>
ST_1 : Operation 488 [1/1] (0.00ns)   --->   "%store_ln209 = store i16 %p_11_i, i16 %p_ZZN4nnet24compute_output_buffer_2dINS_5arrayI8ap_fixedILi16ELi6EL9ap_q_mode5EL9_30" [firmware/nnet_utils/nnet_conv_stream.h:209->firmware/nnet_utils/nnet_conv_stream.h:247]   --->   Operation 488 'store' 'store_ln209' <Predicate = true> <Delay = 0.00>
ST_1 : Operation 489 [1/1] (0.00ns)   --->   "%store_ln209 = store i16 %p_13_i, i16 %p_ZZN4nnet24compute_output_buffer_2dINS_5arrayI8ap_fixedILi16ELi6EL9ap_q_mode5EL9_29" [firmware/nnet_utils/nnet_conv_stream.h:209->firmware/nnet_utils/nnet_conv_stream.h:247]   --->   Operation 489 'store' 'store_ln209' <Predicate = true> <Delay = 0.00>
ST_1 : Operation 490 [1/1] (0.00ns)   --->   "%store_ln209 = store i16 %p_15_i, i16 %p_ZZN4nnet24compute_output_buffer_2dINS_5arrayI8ap_fixedILi16ELi6EL9ap_q_mode5EL9_28" [firmware/nnet_utils/nnet_conv_stream.h:209->firmware/nnet_utils/nnet_conv_stream.h:247]   --->   Operation 490 'store' 'store_ln209' <Predicate = true> <Delay = 0.00>
ST_1 : Operation 491 [1/1] (0.00ns)   --->   "%store_ln209 = store i16 %p_17_i, i16 %p_ZZN4nnet24compute_output_buffer_2dINS_5arrayI8ap_fixedILi16ELi6EL9ap_q_mode5EL9_27" [firmware/nnet_utils/nnet_conv_stream.h:209->firmware/nnet_utils/nnet_conv_stream.h:247]   --->   Operation 491 'store' 'store_ln209' <Predicate = true> <Delay = 0.00>
ST_1 : Operation 492 [1/1] (0.00ns)   --->   "%store_ln209 = store i16 %p_19_i, i16 %p_ZZN4nnet24compute_output_buffer_2dINS_5arrayI8ap_fixedILi16ELi6EL9ap_q_mode5EL9_26" [firmware/nnet_utils/nnet_conv_stream.h:209->firmware/nnet_utils/nnet_conv_stream.h:247]   --->   Operation 492 'store' 'store_ln209' <Predicate = true> <Delay = 0.00>
ST_1 : Operation 493 [1/1] (0.00ns)   --->   "%store_ln209 = store i16 %p_21_i, i16 %p_ZZN4nnet24compute_output_buffer_2dINS_5arrayI8ap_fixedILi16ELi6EL9ap_q_mode5EL9_25" [firmware/nnet_utils/nnet_conv_stream.h:209->firmware/nnet_utils/nnet_conv_stream.h:247]   --->   Operation 493 'store' 'store_ln209' <Predicate = true> <Delay = 0.00>
ST_1 : Operation 494 [1/1] (0.00ns)   --->   "%store_ln209 = store i16 %p_23_i, i16 %p_ZZN4nnet24compute_output_buffer_2dINS_5arrayI8ap_fixedILi16ELi6EL9ap_q_mode5EL9_24" [firmware/nnet_utils/nnet_conv_stream.h:209->firmware/nnet_utils/nnet_conv_stream.h:247]   --->   Operation 494 'store' 'store_ln209' <Predicate = true> <Delay = 0.00>
ST_1 : Operation 495 [1/1] (0.00ns)   --->   "%store_ln209 = store i16 %p_25_i, i16 %p_ZZN4nnet24compute_output_buffer_2dINS_5arrayI8ap_fixedILi16ELi6EL9ap_q_mode5EL9_23" [firmware/nnet_utils/nnet_conv_stream.h:209->firmware/nnet_utils/nnet_conv_stream.h:247]   --->   Operation 495 'store' 'store_ln209' <Predicate = true> <Delay = 0.00>
ST_1 : Operation 496 [1/1] (0.00ns)   --->   "%store_ln209 = store i16 %p_27_i, i16 %p_ZZN4nnet24compute_output_buffer_2dINS_5arrayI8ap_fixedILi16ELi6EL9ap_q_mode5EL9_22" [firmware/nnet_utils/nnet_conv_stream.h:209->firmware/nnet_utils/nnet_conv_stream.h:247]   --->   Operation 496 'store' 'store_ln209' <Predicate = true> <Delay = 0.00>
ST_1 : Operation 497 [1/1] (0.00ns)   --->   "%store_ln209 = store i16 %p_29_i, i16 %p_ZZN4nnet24compute_output_buffer_2dINS_5arrayI8ap_fixedILi16ELi6EL9ap_q_mode5EL9_21" [firmware/nnet_utils/nnet_conv_stream.h:209->firmware/nnet_utils/nnet_conv_stream.h:247]   --->   Operation 497 'store' 'store_ln209' <Predicate = true> <Delay = 0.00>
ST_1 : Operation 498 [1/1] (0.00ns)   --->   "%store_ln209 = store i16 %p_31_i, i16 %p_ZZN4nnet24compute_output_buffer_2dINS_5arrayI8ap_fixedILi16ELi6EL9ap_q_mode5EL9_20" [firmware/nnet_utils/nnet_conv_stream.h:209->firmware/nnet_utils/nnet_conv_stream.h:247]   --->   Operation 498 'store' 'store_ln209' <Predicate = true> <Delay = 0.00>
ST_1 : Operation 499 [1/1] (0.00ns)   --->   "%store_ln209 = store i16 %p_33_i, i16 %p_ZZN4nnet24compute_output_buffer_2dINS_5arrayI8ap_fixedILi16ELi6EL9ap_q_mode5EL9_19" [firmware/nnet_utils/nnet_conv_stream.h:209->firmware/nnet_utils/nnet_conv_stream.h:247]   --->   Operation 499 'store' 'store_ln209' <Predicate = true> <Delay = 0.00>
ST_1 : Operation 500 [1/1] (0.00ns)   --->   "%store_ln209 = store i16 %p_35_i, i16 %p_ZZN4nnet24compute_output_buffer_2dINS_5arrayI8ap_fixedILi16ELi6EL9ap_q_mode5EL9_18" [firmware/nnet_utils/nnet_conv_stream.h:209->firmware/nnet_utils/nnet_conv_stream.h:247]   --->   Operation 500 'store' 'store_ln209' <Predicate = true> <Delay = 0.00>
ST_1 : Operation 501 [1/1] (0.00ns)   --->   "%store_ln209 = store i16 %p_37_i, i16 %p_ZZN4nnet24compute_output_buffer_2dINS_5arrayI8ap_fixedILi16ELi6EL9ap_q_mode5EL9_17" [firmware/nnet_utils/nnet_conv_stream.h:209->firmware/nnet_utils/nnet_conv_stream.h:247]   --->   Operation 501 'store' 'store_ln209' <Predicate = true> <Delay = 0.00>
ST_1 : Operation 502 [1/1] (0.00ns)   --->   "%store_ln209 = store i16 %p_39_i, i16 %p_ZZN4nnet24compute_output_buffer_2dINS_5arrayI8ap_fixedILi16ELi6EL9ap_q_mode5EL9_16" [firmware/nnet_utils/nnet_conv_stream.h:209->firmware/nnet_utils/nnet_conv_stream.h:247]   --->   Operation 502 'store' 'store_ln209' <Predicate = true> <Delay = 0.00>
ST_1 : Operation 503 [1/1] (0.00ns)   --->   "%store_ln209 = store i16 %p_41_i, i16 %p_ZZN4nnet24compute_output_buffer_2dINS_5arrayI8ap_fixedILi16ELi6EL9ap_q_mode5EL9_15" [firmware/nnet_utils/nnet_conv_stream.h:209->firmware/nnet_utils/nnet_conv_stream.h:247]   --->   Operation 503 'store' 'store_ln209' <Predicate = true> <Delay = 0.00>
ST_1 : Operation 504 [1/1] (0.00ns)   --->   "%store_ln209 = store i16 %p_43_i, i16 %p_ZZN4nnet24compute_output_buffer_2dINS_5arrayI8ap_fixedILi16ELi6EL9ap_q_mode5EL9_14" [firmware/nnet_utils/nnet_conv_stream.h:209->firmware/nnet_utils/nnet_conv_stream.h:247]   --->   Operation 504 'store' 'store_ln209' <Predicate = true> <Delay = 0.00>
ST_1 : Operation 505 [1/1] (0.00ns)   --->   "%store_ln209 = store i16 %p_45_i, i16 %p_ZZN4nnet24compute_output_buffer_2dINS_5arrayI8ap_fixedILi16ELi6EL9ap_q_mode5EL9_13" [firmware/nnet_utils/nnet_conv_stream.h:209->firmware/nnet_utils/nnet_conv_stream.h:247]   --->   Operation 505 'store' 'store_ln209' <Predicate = true> <Delay = 0.00>
ST_1 : Operation 506 [1/1] (0.00ns)   --->   "%store_ln209 = store i16 %p_47_i, i16 %p_ZZN4nnet24compute_output_buffer_2dINS_5arrayI8ap_fixedILi16ELi6EL9ap_q_mode5EL9_12" [firmware/nnet_utils/nnet_conv_stream.h:209->firmware/nnet_utils/nnet_conv_stream.h:247]   --->   Operation 506 'store' 'store_ln209' <Predicate = true> <Delay = 0.00>
ST_1 : Operation 507 [1/1] (0.00ns)   --->   "%store_ln209 = store i16 %p_49_i, i16 %p_ZZN4nnet24compute_output_buffer_2dINS_5arrayI8ap_fixedILi16ELi6EL9ap_q_mode5EL9_11" [firmware/nnet_utils/nnet_conv_stream.h:209->firmware/nnet_utils/nnet_conv_stream.h:247]   --->   Operation 507 'store' 'store_ln209' <Predicate = true> <Delay = 0.00>
ST_1 : Operation 508 [1/1] (0.00ns)   --->   "%store_ln209 = store i16 %p_51_i, i16 %p_ZZN4nnet24compute_output_buffer_2dINS_5arrayI8ap_fixedILi16ELi6EL9ap_q_mode5EL9_10" [firmware/nnet_utils/nnet_conv_stream.h:209->firmware/nnet_utils/nnet_conv_stream.h:247]   --->   Operation 508 'store' 'store_ln209' <Predicate = true> <Delay = 0.00>
ST_1 : Operation 509 [1/1] (0.00ns)   --->   "%store_ln209 = store i16 %p_53_i, i16 %p_ZZN4nnet24compute_output_buffer_2dINS_5arrayI8ap_fixedILi16ELi6EL9ap_q_mode5EL9_9" [firmware/nnet_utils/nnet_conv_stream.h:209->firmware/nnet_utils/nnet_conv_stream.h:247]   --->   Operation 509 'store' 'store_ln209' <Predicate = true> <Delay = 0.00>
ST_1 : Operation 510 [1/1] (0.00ns)   --->   "%store_ln209 = store i16 %p_55_i, i16 %p_ZZN4nnet24compute_output_buffer_2dINS_5arrayI8ap_fixedILi16ELi6EL9ap_q_mode5EL9_8" [firmware/nnet_utils/nnet_conv_stream.h:209->firmware/nnet_utils/nnet_conv_stream.h:247]   --->   Operation 510 'store' 'store_ln209' <Predicate = true> <Delay = 0.00>
ST_1 : Operation 511 [1/1] (0.00ns)   --->   "%store_ln209 = store i16 %p_57_i, i16 %p_ZZN4nnet24compute_output_buffer_2dINS_5arrayI8ap_fixedILi16ELi6EL9ap_q_mode5EL9_7" [firmware/nnet_utils/nnet_conv_stream.h:209->firmware/nnet_utils/nnet_conv_stream.h:247]   --->   Operation 511 'store' 'store_ln209' <Predicate = true> <Delay = 0.00>
ST_1 : Operation 512 [1/1] (0.00ns)   --->   "%store_ln209 = store i16 %p_59_i, i16 %p_ZZN4nnet24compute_output_buffer_2dINS_5arrayI8ap_fixedILi16ELi6EL9ap_q_mode5EL9_6" [firmware/nnet_utils/nnet_conv_stream.h:209->firmware/nnet_utils/nnet_conv_stream.h:247]   --->   Operation 512 'store' 'store_ln209' <Predicate = true> <Delay = 0.00>
ST_1 : Operation 513 [1/1] (0.00ns)   --->   "%store_ln209 = store i16 %p_61_i, i16 %p_ZZN4nnet24compute_output_buffer_2dINS_5arrayI8ap_fixedILi16ELi6EL9ap_q_mode5EL9_5" [firmware/nnet_utils/nnet_conv_stream.h:209->firmware/nnet_utils/nnet_conv_stream.h:247]   --->   Operation 513 'store' 'store_ln209' <Predicate = true> <Delay = 0.00>
ST_1 : Operation 514 [1/1] (0.00ns)   --->   "%store_ln209 = store i16 %p_0_i, i16 %p_ZZN4nnet24compute_output_buffer_2dINS_5arrayI8ap_fixedILi16ELi6EL9ap_q_mode5EL9_4" [firmware/nnet_utils/nnet_conv_stream.h:209->firmware/nnet_utils/nnet_conv_stream.h:247]   --->   Operation 514 'store' 'store_ln209' <Predicate = true> <Delay = 0.00>
ST_1 : Operation 515 [1/1] (0.00ns)   --->   "%store_ln209 = store i16 %p_i, i16 %p_ZZN4nnet24compute_output_buffer_2dINS_5arrayI8ap_fixedILi16ELi6EL9ap_q_mode5EL9_344" [firmware/nnet_utils/nnet_conv_stream.h:209->firmware/nnet_utils/nnet_conv_stream.h:247]   --->   Operation 515 'store' 'store_ln209' <Predicate = true> <Delay = 0.00>
ST_1 : Operation 516 [1/1] (0.00ns)   --->   "%store_ln209 = store i16 %p_2_i, i16 %p_ZZN4nnet24compute_output_buffer_2dINS_5arrayI8ap_fixedILi16ELi6EL9ap_q_mode5EL9_345" [firmware/nnet_utils/nnet_conv_stream.h:209->firmware/nnet_utils/nnet_conv_stream.h:247]   --->   Operation 516 'store' 'store_ln209' <Predicate = true> <Delay = 0.00>
ST_1 : Operation 517 [1/1] (0.00ns)   --->   "%store_ln209 = store i16 %p_4_i, i16 %p_ZZN4nnet24compute_output_buffer_2dINS_5arrayI8ap_fixedILi16ELi6EL9ap_q_mode5EL9_346" [firmware/nnet_utils/nnet_conv_stream.h:209->firmware/nnet_utils/nnet_conv_stream.h:247]   --->   Operation 517 'store' 'store_ln209' <Predicate = true> <Delay = 0.00>
ST_1 : Operation 518 [1/1] (0.00ns)   --->   "%store_ln209 = store i16 %p_6_i, i16 %p_ZZN4nnet24compute_output_buffer_2dINS_5arrayI8ap_fixedILi16ELi6EL9ap_q_mode5EL9_347" [firmware/nnet_utils/nnet_conv_stream.h:209->firmware/nnet_utils/nnet_conv_stream.h:247]   --->   Operation 518 'store' 'store_ln209' <Predicate = true> <Delay = 0.00>
ST_1 : Operation 519 [1/1] (0.00ns)   --->   "%store_ln209 = store i16 %p_8_i, i16 %p_ZZN4nnet24compute_output_buffer_2dINS_5arrayI8ap_fixedILi16ELi6EL9ap_q_mode5EL9_348" [firmware/nnet_utils/nnet_conv_stream.h:209->firmware/nnet_utils/nnet_conv_stream.h:247]   --->   Operation 519 'store' 'store_ln209' <Predicate = true> <Delay = 0.00>
ST_1 : Operation 520 [1/1] (0.00ns)   --->   "%store_ln209 = store i16 %p_10_i, i16 %p_ZZN4nnet24compute_output_buffer_2dINS_5arrayI8ap_fixedILi16ELi6EL9ap_q_mode5EL9_349" [firmware/nnet_utils/nnet_conv_stream.h:209->firmware/nnet_utils/nnet_conv_stream.h:247]   --->   Operation 520 'store' 'store_ln209' <Predicate = true> <Delay = 0.00>
ST_1 : Operation 521 [1/1] (0.00ns)   --->   "%store_ln209 = store i16 %p_12_i, i16 %p_ZZN4nnet24compute_output_buffer_2dINS_5arrayI8ap_fixedILi16ELi6EL9ap_q_mode5EL9_350" [firmware/nnet_utils/nnet_conv_stream.h:209->firmware/nnet_utils/nnet_conv_stream.h:247]   --->   Operation 521 'store' 'store_ln209' <Predicate = true> <Delay = 0.00>
ST_1 : Operation 522 [1/1] (0.00ns)   --->   "%store_ln209 = store i16 %p_14_i, i16 %p_ZZN4nnet24compute_output_buffer_2dINS_5arrayI8ap_fixedILi16ELi6EL9ap_q_mode5EL9_351" [firmware/nnet_utils/nnet_conv_stream.h:209->firmware/nnet_utils/nnet_conv_stream.h:247]   --->   Operation 522 'store' 'store_ln209' <Predicate = true> <Delay = 0.00>
ST_1 : Operation 523 [1/1] (0.00ns)   --->   "%store_ln209 = store i16 %p_16_i, i16 %p_ZZN4nnet24compute_output_buffer_2dINS_5arrayI8ap_fixedILi16ELi6EL9ap_q_mode5EL9_352" [firmware/nnet_utils/nnet_conv_stream.h:209->firmware/nnet_utils/nnet_conv_stream.h:247]   --->   Operation 523 'store' 'store_ln209' <Predicate = true> <Delay = 0.00>
ST_1 : Operation 524 [1/1] (0.00ns)   --->   "%store_ln209 = store i16 %p_18_i, i16 %p_ZZN4nnet24compute_output_buffer_2dINS_5arrayI8ap_fixedILi16ELi6EL9ap_q_mode5EL9_353" [firmware/nnet_utils/nnet_conv_stream.h:209->firmware/nnet_utils/nnet_conv_stream.h:247]   --->   Operation 524 'store' 'store_ln209' <Predicate = true> <Delay = 0.00>
ST_1 : Operation 525 [1/1] (0.00ns)   --->   "%store_ln209 = store i16 %p_20_i, i16 %p_ZZN4nnet24compute_output_buffer_2dINS_5arrayI8ap_fixedILi16ELi6EL9ap_q_mode5EL9_355" [firmware/nnet_utils/nnet_conv_stream.h:209->firmware/nnet_utils/nnet_conv_stream.h:247]   --->   Operation 525 'store' 'store_ln209' <Predicate = true> <Delay = 0.00>
ST_1 : Operation 526 [1/1] (0.00ns)   --->   "%store_ln209 = store i16 %p_22_i, i16 %p_ZZN4nnet24compute_output_buffer_2dINS_5arrayI8ap_fixedILi16ELi6EL9ap_q_mode5EL9_356" [firmware/nnet_utils/nnet_conv_stream.h:209->firmware/nnet_utils/nnet_conv_stream.h:247]   --->   Operation 526 'store' 'store_ln209' <Predicate = true> <Delay = 0.00>
ST_1 : Operation 527 [1/1] (0.00ns)   --->   "%store_ln209 = store i16 %p_24_i, i16 %p_ZZN4nnet24compute_output_buffer_2dINS_5arrayI8ap_fixedILi16ELi6EL9ap_q_mode5EL9_357" [firmware/nnet_utils/nnet_conv_stream.h:209->firmware/nnet_utils/nnet_conv_stream.h:247]   --->   Operation 527 'store' 'store_ln209' <Predicate = true> <Delay = 0.00>
ST_1 : Operation 528 [1/1] (0.00ns)   --->   "%store_ln209 = store i16 %p_26_i, i16 %p_ZZN4nnet24compute_output_buffer_2dINS_5arrayI8ap_fixedILi16ELi6EL9ap_q_mode5EL9_358" [firmware/nnet_utils/nnet_conv_stream.h:209->firmware/nnet_utils/nnet_conv_stream.h:247]   --->   Operation 528 'store' 'store_ln209' <Predicate = true> <Delay = 0.00>
ST_1 : Operation 529 [1/1] (0.00ns)   --->   "%store_ln209 = store i16 %p_28_i, i16 %p_ZZN4nnet24compute_output_buffer_2dINS_5arrayI8ap_fixedILi16ELi6EL9ap_q_mode5EL9_359" [firmware/nnet_utils/nnet_conv_stream.h:209->firmware/nnet_utils/nnet_conv_stream.h:247]   --->   Operation 529 'store' 'store_ln209' <Predicate = true> <Delay = 0.00>
ST_1 : Operation 530 [1/1] (0.00ns)   --->   "%store_ln209 = store i16 %p_30_i, i16 %p_ZZN4nnet24compute_output_buffer_2dINS_5arrayI8ap_fixedILi16ELi6EL9ap_q_mode5EL9_360" [firmware/nnet_utils/nnet_conv_stream.h:209->firmware/nnet_utils/nnet_conv_stream.h:247]   --->   Operation 530 'store' 'store_ln209' <Predicate = true> <Delay = 0.00>
ST_1 : Operation 531 [1/1] (0.00ns)   --->   "%store_ln209 = store i16 %p_32_i, i16 %p_ZZN4nnet24compute_output_buffer_2dINS_5arrayI8ap_fixedILi16ELi6EL9ap_q_mode5EL9_361" [firmware/nnet_utils/nnet_conv_stream.h:209->firmware/nnet_utils/nnet_conv_stream.h:247]   --->   Operation 531 'store' 'store_ln209' <Predicate = true> <Delay = 0.00>
ST_1 : Operation 532 [1/1] (0.00ns)   --->   "%store_ln209 = store i16 %p_34_i, i16 %p_ZZN4nnet24compute_output_buffer_2dINS_5arrayI8ap_fixedILi16ELi6EL9ap_q_mode5EL9_362" [firmware/nnet_utils/nnet_conv_stream.h:209->firmware/nnet_utils/nnet_conv_stream.h:247]   --->   Operation 532 'store' 'store_ln209' <Predicate = true> <Delay = 0.00>
ST_1 : Operation 533 [1/1] (0.00ns)   --->   "%store_ln209 = store i16 %p_36_i, i16 %p_ZZN4nnet24compute_output_buffer_2dINS_5arrayI8ap_fixedILi16ELi6EL9ap_q_mode5EL9_363" [firmware/nnet_utils/nnet_conv_stream.h:209->firmware/nnet_utils/nnet_conv_stream.h:247]   --->   Operation 533 'store' 'store_ln209' <Predicate = true> <Delay = 0.00>
ST_1 : Operation 534 [1/1] (0.00ns)   --->   "%store_ln209 = store i16 %p_38_i, i16 %p_ZZN4nnet24compute_output_buffer_2dINS_5arrayI8ap_fixedILi16ELi6EL9ap_q_mode5EL9_364" [firmware/nnet_utils/nnet_conv_stream.h:209->firmware/nnet_utils/nnet_conv_stream.h:247]   --->   Operation 534 'store' 'store_ln209' <Predicate = true> <Delay = 0.00>
ST_1 : Operation 535 [1/1] (0.00ns)   --->   "%store_ln209 = store i16 %p_40_i, i16 %p_ZZN4nnet24compute_output_buffer_2dINS_5arrayI8ap_fixedILi16ELi6EL9ap_q_mode5EL9_366" [firmware/nnet_utils/nnet_conv_stream.h:209->firmware/nnet_utils/nnet_conv_stream.h:247]   --->   Operation 535 'store' 'store_ln209' <Predicate = true> <Delay = 0.00>
ST_1 : Operation 536 [1/1] (0.00ns)   --->   "%store_ln209 = store i16 %p_42_i, i16 %p_ZZN4nnet24compute_output_buffer_2dINS_5arrayI8ap_fixedILi16ELi6EL9ap_q_mode5EL9_367" [firmware/nnet_utils/nnet_conv_stream.h:209->firmware/nnet_utils/nnet_conv_stream.h:247]   --->   Operation 536 'store' 'store_ln209' <Predicate = true> <Delay = 0.00>
ST_1 : Operation 537 [1/1] (0.00ns)   --->   "%store_ln209 = store i16 %p_44_i, i16 %p_ZZN4nnet24compute_output_buffer_2dINS_5arrayI8ap_fixedILi16ELi6EL9ap_q_mode5EL9_368" [firmware/nnet_utils/nnet_conv_stream.h:209->firmware/nnet_utils/nnet_conv_stream.h:247]   --->   Operation 537 'store' 'store_ln209' <Predicate = true> <Delay = 0.00>
ST_1 : Operation 538 [1/1] (0.00ns)   --->   "%store_ln209 = store i16 %p_46_i, i16 %p_ZZN4nnet24compute_output_buffer_2dINS_5arrayI8ap_fixedILi16ELi6EL9ap_q_mode5EL9_369" [firmware/nnet_utils/nnet_conv_stream.h:209->firmware/nnet_utils/nnet_conv_stream.h:247]   --->   Operation 538 'store' 'store_ln209' <Predicate = true> <Delay = 0.00>
ST_1 : Operation 539 [1/1] (0.00ns)   --->   "%store_ln209 = store i16 %p_48_i, i16 %p_ZZN4nnet24compute_output_buffer_2dINS_5arrayI8ap_fixedILi16ELi6EL9ap_q_mode5EL9_370" [firmware/nnet_utils/nnet_conv_stream.h:209->firmware/nnet_utils/nnet_conv_stream.h:247]   --->   Operation 539 'store' 'store_ln209' <Predicate = true> <Delay = 0.00>
ST_1 : Operation 540 [1/1] (0.00ns)   --->   "%store_ln209 = store i16 %p_50_i, i16 %p_ZZN4nnet24compute_output_buffer_2dINS_5arrayI8ap_fixedILi16ELi6EL9ap_q_mode5EL9_371" [firmware/nnet_utils/nnet_conv_stream.h:209->firmware/nnet_utils/nnet_conv_stream.h:247]   --->   Operation 540 'store' 'store_ln209' <Predicate = true> <Delay = 0.00>
ST_1 : Operation 541 [1/1] (0.00ns)   --->   "%store_ln209 = store i16 %p_52_i, i16 %p_ZZN4nnet24compute_output_buffer_2dINS_5arrayI8ap_fixedILi16ELi6EL9ap_q_mode5EL9_372" [firmware/nnet_utils/nnet_conv_stream.h:209->firmware/nnet_utils/nnet_conv_stream.h:247]   --->   Operation 541 'store' 'store_ln209' <Predicate = true> <Delay = 0.00>
ST_1 : Operation 542 [1/1] (0.00ns)   --->   "%store_ln209 = store i16 %p_54_i, i16 %p_ZZN4nnet24compute_output_buffer_2dINS_5arrayI8ap_fixedILi16ELi6EL9ap_q_mode5EL9_373" [firmware/nnet_utils/nnet_conv_stream.h:209->firmware/nnet_utils/nnet_conv_stream.h:247]   --->   Operation 542 'store' 'store_ln209' <Predicate = true> <Delay = 0.00>
ST_1 : Operation 543 [1/1] (0.00ns)   --->   "%store_ln209 = store i16 %p_56_i, i16 %p_ZZN4nnet24compute_output_buffer_2dINS_5arrayI8ap_fixedILi16ELi6EL9ap_q_mode5EL9_374" [firmware/nnet_utils/nnet_conv_stream.h:209->firmware/nnet_utils/nnet_conv_stream.h:247]   --->   Operation 543 'store' 'store_ln209' <Predicate = true> <Delay = 0.00>
ST_1 : Operation 544 [1/1] (0.00ns)   --->   "%store_ln209 = store i16 %p_58_i, i16 %p_ZZN4nnet24compute_output_buffer_2dINS_5arrayI8ap_fixedILi16ELi6EL9ap_q_mode5EL9_375" [firmware/nnet_utils/nnet_conv_stream.h:209->firmware/nnet_utils/nnet_conv_stream.h:247]   --->   Operation 544 'store' 'store_ln209' <Predicate = true> <Delay = 0.00>
ST_1 : Operation 545 [1/1] (0.00ns)   --->   "%store_ln209 = store i16 %p_60_i, i16 %p_ZZN4nnet24compute_output_buffer_2dINS_5arrayI8ap_fixedILi16ELi6EL9ap_q_mode5EL9_377" [firmware/nnet_utils/nnet_conv_stream.h:209->firmware/nnet_utils/nnet_conv_stream.h:247]   --->   Operation 545 'store' 'store_ln209' <Predicate = true> <Delay = 0.00>
ST_1 : Operation 546 [1/1] (0.00ns)   --->   "%store_ln209 = store i16 %p_62_i, i16 %p_ZZN4nnet24compute_output_buffer_2dINS_5arrayI8ap_fixedILi16ELi6EL9ap_q_mode5EL9_378" [firmware/nnet_utils/nnet_conv_stream.h:209->firmware/nnet_utils/nnet_conv_stream.h:247]   --->   Operation 546 'store' 'store_ln209' <Predicate = true> <Delay = 0.00>
ST_1 : Operation 547 [1/1] (0.00ns)   --->   "%store_ln209 = store i16 %p_read_32, i16 %p_ZZN4nnet24compute_output_buffer_2dINS_5arrayI8ap_fixedILi16ELi6EL9ap_q_mode5EL9_449" [firmware/nnet_utils/nnet_conv_stream.h:209->firmware/nnet_utils/nnet_conv_stream.h:247]   --->   Operation 547 'store' 'store_ln209' <Predicate = true> <Delay = 0.00>
ST_1 : Operation 548 [1/1] (0.00ns)   --->   "%store_ln209 = store i16 %p_read_31, i16 %p_ZZN4nnet24compute_output_buffer_2dINS_5arrayI8ap_fixedILi16ELi6EL9ap_q_mode5EL9_450" [firmware/nnet_utils/nnet_conv_stream.h:209->firmware/nnet_utils/nnet_conv_stream.h:247]   --->   Operation 548 'store' 'store_ln209' <Predicate = true> <Delay = 0.00>
ST_1 : Operation 549 [1/1] (0.00ns)   --->   "%store_ln209 = store i16 %p_read_30, i16 %p_ZZN4nnet24compute_output_buffer_2dINS_5arrayI8ap_fixedILi16ELi6EL9ap_q_mode5EL9_451" [firmware/nnet_utils/nnet_conv_stream.h:209->firmware/nnet_utils/nnet_conv_stream.h:247]   --->   Operation 549 'store' 'store_ln209' <Predicate = true> <Delay = 0.00>
ST_1 : Operation 550 [1/1] (0.00ns)   --->   "%store_ln209 = store i16 %p_read_29, i16 %p_ZZN4nnet24compute_output_buffer_2dINS_5arrayI8ap_fixedILi16ELi6EL9ap_q_mode5EL9_452" [firmware/nnet_utils/nnet_conv_stream.h:209->firmware/nnet_utils/nnet_conv_stream.h:247]   --->   Operation 550 'store' 'store_ln209' <Predicate = true> <Delay = 0.00>
ST_1 : Operation 551 [1/1] (0.00ns)   --->   "%store_ln209 = store i16 %p_read_28, i16 %p_ZZN4nnet24compute_output_buffer_2dINS_5arrayI8ap_fixedILi16ELi6EL9ap_q_mode5EL9_454" [firmware/nnet_utils/nnet_conv_stream.h:209->firmware/nnet_utils/nnet_conv_stream.h:247]   --->   Operation 551 'store' 'store_ln209' <Predicate = true> <Delay = 0.00>
ST_1 : Operation 552 [1/1] (0.00ns)   --->   "%store_ln209 = store i16 %p_read_27, i16 %p_ZZN4nnet24compute_output_buffer_2dINS_5arrayI8ap_fixedILi16ELi6EL9ap_q_mode5EL9_99" [firmware/nnet_utils/nnet_conv_stream.h:209->firmware/nnet_utils/nnet_conv_stream.h:247]   --->   Operation 552 'store' 'store_ln209' <Predicate = true> <Delay = 0.00>
ST_1 : Operation 553 [1/1] (0.00ns)   --->   "%store_ln209 = store i16 %p_read_26, i16 %p_ZZN4nnet24compute_output_buffer_2dINS_5arrayI8ap_fixedILi16ELi6EL9ap_q_mode5EL9_98" [firmware/nnet_utils/nnet_conv_stream.h:209->firmware/nnet_utils/nnet_conv_stream.h:247]   --->   Operation 553 'store' 'store_ln209' <Predicate = true> <Delay = 0.00>
ST_1 : Operation 554 [1/1] (0.00ns)   --->   "%store_ln209 = store i16 %p_read_25, i16 %p_ZZN4nnet24compute_output_buffer_2dINS_5arrayI8ap_fixedILi16ELi6EL9ap_q_mode5EL9_97" [firmware/nnet_utils/nnet_conv_stream.h:209->firmware/nnet_utils/nnet_conv_stream.h:247]   --->   Operation 554 'store' 'store_ln209' <Predicate = true> <Delay = 0.00>
ST_1 : Operation 555 [1/1] (0.00ns)   --->   "%store_ln209 = store i16 %p_read_24, i16 %p_ZZN4nnet24compute_output_buffer_2dINS_5arrayI8ap_fixedILi16ELi6EL9ap_q_mode5EL9_96" [firmware/nnet_utils/nnet_conv_stream.h:209->firmware/nnet_utils/nnet_conv_stream.h:247]   --->   Operation 555 'store' 'store_ln209' <Predicate = true> <Delay = 0.00>
ST_1 : Operation 556 [1/1] (0.00ns)   --->   "%store_ln209 = store i16 %p_read_23, i16 %p_ZZN4nnet24compute_output_buffer_2dINS_5arrayI8ap_fixedILi16ELi6EL9ap_q_mode5EL9_95" [firmware/nnet_utils/nnet_conv_stream.h:209->firmware/nnet_utils/nnet_conv_stream.h:247]   --->   Operation 556 'store' 'store_ln209' <Predicate = true> <Delay = 0.00>
ST_1 : Operation 557 [1/1] (0.00ns)   --->   "%store_ln209 = store i16 %p_read_22, i16 %p_ZZN4nnet24compute_output_buffer_2dINS_5arrayI8ap_fixedILi16ELi6EL9ap_q_mode5EL9_94" [firmware/nnet_utils/nnet_conv_stream.h:209->firmware/nnet_utils/nnet_conv_stream.h:247]   --->   Operation 557 'store' 'store_ln209' <Predicate = true> <Delay = 0.00>
ST_1 : Operation 558 [1/1] (0.00ns)   --->   "%store_ln209 = store i16 %p_read_21, i16 %p_ZZN4nnet24compute_output_buffer_2dINS_5arrayI8ap_fixedILi16ELi6EL9ap_q_mode5EL9_93" [firmware/nnet_utils/nnet_conv_stream.h:209->firmware/nnet_utils/nnet_conv_stream.h:247]   --->   Operation 558 'store' 'store_ln209' <Predicate = true> <Delay = 0.00>
ST_1 : Operation 559 [1/1] (0.00ns)   --->   "%store_ln209 = store i16 %p_read_20, i16 %p_ZZN4nnet24compute_output_buffer_2dINS_5arrayI8ap_fixedILi16ELi6EL9ap_q_mode5EL9_92" [firmware/nnet_utils/nnet_conv_stream.h:209->firmware/nnet_utils/nnet_conv_stream.h:247]   --->   Operation 559 'store' 'store_ln209' <Predicate = true> <Delay = 0.00>
ST_1 : Operation 560 [1/1] (0.00ns)   --->   "%store_ln209 = store i16 %p_read_19, i16 %p_ZZN4nnet24compute_output_buffer_2dINS_5arrayI8ap_fixedILi16ELi6EL9ap_q_mode5EL9_91" [firmware/nnet_utils/nnet_conv_stream.h:209->firmware/nnet_utils/nnet_conv_stream.h:247]   --->   Operation 560 'store' 'store_ln209' <Predicate = true> <Delay = 0.00>
ST_1 : Operation 561 [1/1] (0.00ns)   --->   "%store_ln209 = store i16 %p_read_18, i16 %p_ZZN4nnet24compute_output_buffer_2dINS_5arrayI8ap_fixedILi16ELi6EL9ap_q_mode5EL9_89" [firmware/nnet_utils/nnet_conv_stream.h:209->firmware/nnet_utils/nnet_conv_stream.h:247]   --->   Operation 561 'store' 'store_ln209' <Predicate = true> <Delay = 0.00>
ST_1 : Operation 562 [1/1] (0.00ns)   --->   "%store_ln209 = store i16 %p_read_17, i16 %p_ZZN4nnet24compute_output_buffer_2dINS_5arrayI8ap_fixedILi16ELi6EL9ap_q_mode5EL9_88" [firmware/nnet_utils/nnet_conv_stream.h:209->firmware/nnet_utils/nnet_conv_stream.h:247]   --->   Operation 562 'store' 'store_ln209' <Predicate = true> <Delay = 0.00>
ST_1 : Operation 563 [1/1] (0.00ns)   --->   "%store_ln209 = store i16 %p_read_16, i16 %p_ZZN4nnet24compute_output_buffer_2dINS_5arrayI8ap_fixedILi16ELi6EL9ap_q_mode5EL9_87" [firmware/nnet_utils/nnet_conv_stream.h:209->firmware/nnet_utils/nnet_conv_stream.h:247]   --->   Operation 563 'store' 'store_ln209' <Predicate = true> <Delay = 0.00>
ST_1 : Operation 564 [1/1] (0.00ns)   --->   "%store_ln209 = store i16 %p_read_15, i16 %p_ZZN4nnet24compute_output_buffer_2dINS_5arrayI8ap_fixedILi16ELi6EL9ap_q_mode5EL9_86" [firmware/nnet_utils/nnet_conv_stream.h:209->firmware/nnet_utils/nnet_conv_stream.h:247]   --->   Operation 564 'store' 'store_ln209' <Predicate = true> <Delay = 0.00>
ST_1 : Operation 565 [1/1] (0.00ns)   --->   "%store_ln209 = store i16 %p_read_14, i16 %p_ZZN4nnet24compute_output_buffer_2dINS_5arrayI8ap_fixedILi16ELi6EL9ap_q_mode5EL9_85" [firmware/nnet_utils/nnet_conv_stream.h:209->firmware/nnet_utils/nnet_conv_stream.h:247]   --->   Operation 565 'store' 'store_ln209' <Predicate = true> <Delay = 0.00>
ST_1 : Operation 566 [1/1] (0.00ns)   --->   "%store_ln209 = store i16 %p_read_13, i16 %p_ZZN4nnet24compute_output_buffer_2dINS_5arrayI8ap_fixedILi16ELi6EL9ap_q_mode5EL9_84" [firmware/nnet_utils/nnet_conv_stream.h:209->firmware/nnet_utils/nnet_conv_stream.h:247]   --->   Operation 566 'store' 'store_ln209' <Predicate = true> <Delay = 0.00>
ST_1 : Operation 567 [1/1] (0.00ns)   --->   "%store_ln209 = store i16 %p_read_12, i16 %p_ZZN4nnet24compute_output_buffer_2dINS_5arrayI8ap_fixedILi16ELi6EL9ap_q_mode5EL9_83" [firmware/nnet_utils/nnet_conv_stream.h:209->firmware/nnet_utils/nnet_conv_stream.h:247]   --->   Operation 567 'store' 'store_ln209' <Predicate = true> <Delay = 0.00>
ST_1 : Operation 568 [1/1] (0.00ns)   --->   "%store_ln209 = store i16 %p_read_11, i16 %p_ZZN4nnet24compute_output_buffer_2dINS_5arrayI8ap_fixedILi16ELi6EL9ap_q_mode5EL9_82" [firmware/nnet_utils/nnet_conv_stream.h:209->firmware/nnet_utils/nnet_conv_stream.h:247]   --->   Operation 568 'store' 'store_ln209' <Predicate = true> <Delay = 0.00>
ST_1 : Operation 569 [1/1] (0.00ns)   --->   "%store_ln209 = store i16 %p_read_10, i16 %p_ZZN4nnet24compute_output_buffer_2dINS_5arrayI8ap_fixedILi16ELi6EL9ap_q_mode5EL9_81" [firmware/nnet_utils/nnet_conv_stream.h:209->firmware/nnet_utils/nnet_conv_stream.h:247]   --->   Operation 569 'store' 'store_ln209' <Predicate = true> <Delay = 0.00>
ST_1 : Operation 570 [1/1] (0.00ns)   --->   "%store_ln209 = store i16 %p_read_9, i16 %p_ZZN4nnet24compute_output_buffer_2dINS_5arrayI8ap_fixedILi16ELi6EL9ap_q_mode5EL9_80" [firmware/nnet_utils/nnet_conv_stream.h:209->firmware/nnet_utils/nnet_conv_stream.h:247]   --->   Operation 570 'store' 'store_ln209' <Predicate = true> <Delay = 0.00>
ST_1 : Operation 571 [1/1] (0.00ns)   --->   "%store_ln209 = store i16 %p_read_8, i16 %p_ZZN4nnet24compute_output_buffer_2dINS_5arrayI8ap_fixedILi16ELi6EL9ap_q_mode5EL9_78" [firmware/nnet_utils/nnet_conv_stream.h:209->firmware/nnet_utils/nnet_conv_stream.h:247]   --->   Operation 571 'store' 'store_ln209' <Predicate = true> <Delay = 0.00>
ST_1 : Operation 572 [1/1] (0.00ns)   --->   "%store_ln209 = store i16 %p_read_7, i16 %p_ZZN4nnet24compute_output_buffer_2dINS_5arrayI8ap_fixedILi16ELi6EL9ap_q_mode5EL9_77" [firmware/nnet_utils/nnet_conv_stream.h:209->firmware/nnet_utils/nnet_conv_stream.h:247]   --->   Operation 572 'store' 'store_ln209' <Predicate = true> <Delay = 0.00>
ST_1 : Operation 573 [1/1] (0.00ns)   --->   "%store_ln209 = store i16 %p_read_6, i16 %p_ZZN4nnet24compute_output_buffer_2dINS_5arrayI8ap_fixedILi16ELi6EL9ap_q_mode5EL9_76" [firmware/nnet_utils/nnet_conv_stream.h:209->firmware/nnet_utils/nnet_conv_stream.h:247]   --->   Operation 573 'store' 'store_ln209' <Predicate = true> <Delay = 0.00>
ST_1 : Operation 574 [1/1] (0.00ns)   --->   "%store_ln209 = store i16 %p_read_5, i16 %p_ZZN4nnet24compute_output_buffer_2dINS_5arrayI8ap_fixedILi16ELi6EL9ap_q_mode5EL9_75" [firmware/nnet_utils/nnet_conv_stream.h:209->firmware/nnet_utils/nnet_conv_stream.h:247]   --->   Operation 574 'store' 'store_ln209' <Predicate = true> <Delay = 0.00>
ST_1 : Operation 575 [1/1] (0.00ns)   --->   "%store_ln209 = store i16 %p_read_4, i16 %p_ZZN4nnet24compute_output_buffer_2dINS_5arrayI8ap_fixedILi16ELi6EL9ap_q_mode5EL9_74" [firmware/nnet_utils/nnet_conv_stream.h:209->firmware/nnet_utils/nnet_conv_stream.h:247]   --->   Operation 575 'store' 'store_ln209' <Predicate = true> <Delay = 0.00>
ST_1 : Operation 576 [1/1] (0.00ns)   --->   "%store_ln209 = store i16 %p_read_3, i16 %p_ZZN4nnet24compute_output_buffer_2dINS_5arrayI8ap_fixedILi16ELi6EL9ap_q_mode5EL9_73" [firmware/nnet_utils/nnet_conv_stream.h:209->firmware/nnet_utils/nnet_conv_stream.h:247]   --->   Operation 576 'store' 'store_ln209' <Predicate = true> <Delay = 0.00>
ST_1 : Operation 577 [1/1] (0.00ns)   --->   "%store_ln209 = store i16 %p_read_2, i16 %p_ZZN4nnet24compute_output_buffer_2dINS_5arrayI8ap_fixedILi16ELi6EL9ap_q_mode5EL9_72" [firmware/nnet_utils/nnet_conv_stream.h:209->firmware/nnet_utils/nnet_conv_stream.h:247]   --->   Operation 577 'store' 'store_ln209' <Predicate = true> <Delay = 0.00>
ST_1 : Operation 578 [1/1] (0.00ns)   --->   "%store_ln209 = store i16 %p_read_1, i16 %p_ZZN4nnet24compute_output_buffer_2dINS_5arrayI8ap_fixedILi16ELi6EL9ap_q_mode5EL9_71" [firmware/nnet_utils/nnet_conv_stream.h:209->firmware/nnet_utils/nnet_conv_stream.h:247]   --->   Operation 578 'store' 'store_ln209' <Predicate = true> <Delay = 0.00>
ST_1 : Operation 579 [1/1] (0.00ns)   --->   "%ret_ln221 = ret" [firmware/nnet_utils/nnet_conv_stream.h:221]   --->   Operation 579 'ret' 'ret_ln221' <Predicate = true> <Delay = 0.00>


============================================================
+ Verbose Summary: Binding
============================================================
STG Binding: 
---------------- STG Properties BEGIN ----------------
- Is combinational: 0
- Is one-state seq: 1
- Is datapath-only: 0
- Is pipelined: 1
- Is top level: 0
Port [ Return ] is wired: 1; IO mode=ap_ctrl_hs:ce=0
Port [ p_read]:  wired=1; compound=0; hidden=0; nouse=0; global=0; static=0; extern=0; dir=0; type=0; pingpong=0; private_global=0; IO mode=ap_none:ce=0
Port [ p_read1]:  wired=1; compound=0; hidden=0; nouse=0; global=0; static=0; extern=0; dir=0; type=0; pingpong=0; private_global=0; IO mode=ap_none:ce=0
Port [ p_read2]:  wired=1; compound=0; hidden=0; nouse=0; global=0; static=0; extern=0; dir=0; type=0; pingpong=0; private_global=0; IO mode=ap_none:ce=0
Port [ p_read3]:  wired=1; compound=0; hidden=0; nouse=0; global=0; static=0; extern=0; dir=0; type=0; pingpong=0; private_global=0; IO mode=ap_none:ce=0
Port [ p_read4]:  wired=1; compound=0; hidden=0; nouse=0; global=0; static=0; extern=0; dir=0; type=0; pingpong=0; private_global=0; IO mode=ap_none:ce=0
Port [ p_read5]:  wired=1; compound=0; hidden=0; nouse=0; global=0; static=0; extern=0; dir=0; type=0; pingpong=0; private_global=0; IO mode=ap_none:ce=0
Port [ p_read6]:  wired=1; compound=0; hidden=0; nouse=0; global=0; static=0; extern=0; dir=0; type=0; pingpong=0; private_global=0; IO mode=ap_none:ce=0
Port [ p_read7]:  wired=1; compound=0; hidden=0; nouse=0; global=0; static=0; extern=0; dir=0; type=0; pingpong=0; private_global=0; IO mode=ap_none:ce=0
Port [ p_read8]:  wired=1; compound=0; hidden=0; nouse=0; global=0; static=0; extern=0; dir=0; type=0; pingpong=0; private_global=0; IO mode=ap_none:ce=0
Port [ p_read9]:  wired=1; compound=0; hidden=0; nouse=0; global=0; static=0; extern=0; dir=0; type=0; pingpong=0; private_global=0; IO mode=ap_none:ce=0
Port [ p_read10]:  wired=1; compound=0; hidden=0; nouse=0; global=0; static=0; extern=0; dir=0; type=0; pingpong=0; private_global=0; IO mode=ap_none:ce=0
Port [ p_read11]:  wired=1; compound=0; hidden=0; nouse=0; global=0; static=0; extern=0; dir=0; type=0; pingpong=0; private_global=0; IO mode=ap_none:ce=0
Port [ p_read12]:  wired=1; compound=0; hidden=0; nouse=0; global=0; static=0; extern=0; dir=0; type=0; pingpong=0; private_global=0; IO mode=ap_none:ce=0
Port [ p_read13]:  wired=1; compound=0; hidden=0; nouse=0; global=0; static=0; extern=0; dir=0; type=0; pingpong=0; private_global=0; IO mode=ap_none:ce=0
Port [ p_read14]:  wired=1; compound=0; hidden=0; nouse=0; global=0; static=0; extern=0; dir=0; type=0; pingpong=0; private_global=0; IO mode=ap_none:ce=0
Port [ p_read15]:  wired=1; compound=0; hidden=0; nouse=0; global=0; static=0; extern=0; dir=0; type=0; pingpong=0; private_global=0; IO mode=ap_none:ce=0
Port [ p_read16]:  wired=1; compound=0; hidden=0; nouse=0; global=0; static=0; extern=0; dir=0; type=0; pingpong=0; private_global=0; IO mode=ap_none:ce=0
Port [ p_read17]:  wired=1; compound=0; hidden=0; nouse=0; global=0; static=0; extern=0; dir=0; type=0; pingpong=0; private_global=0; IO mode=ap_none:ce=0
Port [ p_read18]:  wired=1; compound=0; hidden=0; nouse=0; global=0; static=0; extern=0; dir=0; type=0; pingpong=0; private_global=0; IO mode=ap_none:ce=0
Port [ p_read19]:  wired=1; compound=0; hidden=0; nouse=0; global=0; static=0; extern=0; dir=0; type=0; pingpong=0; private_global=0; IO mode=ap_none:ce=0
Port [ p_read20]:  wired=1; compound=0; hidden=0; nouse=0; global=0; static=0; extern=0; dir=0; type=0; pingpong=0; private_global=0; IO mode=ap_none:ce=0
Port [ p_read21]:  wired=1; compound=0; hidden=0; nouse=0; global=0; static=0; extern=0; dir=0; type=0; pingpong=0; private_global=0; IO mode=ap_none:ce=0
Port [ p_read22]:  wired=1; compound=0; hidden=0; nouse=0; global=0; static=0; extern=0; dir=0; type=0; pingpong=0; private_global=0; IO mode=ap_none:ce=0
Port [ p_read23]:  wired=1; compound=0; hidden=0; nouse=0; global=0; static=0; extern=0; dir=0; type=0; pingpong=0; private_global=0; IO mode=ap_none:ce=0
Port [ p_read24]:  wired=1; compound=0; hidden=0; nouse=0; global=0; static=0; extern=0; dir=0; type=0; pingpong=0; private_global=0; IO mode=ap_none:ce=0
Port [ p_read25]:  wired=1; compound=0; hidden=0; nouse=0; global=0; static=0; extern=0; dir=0; type=0; pingpong=0; private_global=0; IO mode=ap_none:ce=0
Port [ p_read26]:  wired=1; compound=0; hidden=0; nouse=0; global=0; static=0; extern=0; dir=0; type=0; pingpong=0; private_global=0; IO mode=ap_none:ce=0
Port [ p_read27]:  wired=1; compound=0; hidden=0; nouse=0; global=0; static=0; extern=0; dir=0; type=0; pingpong=0; private_global=0; IO mode=ap_none:ce=0
Port [ p_read28]:  wired=1; compound=0; hidden=0; nouse=0; global=0; static=0; extern=0; dir=0; type=0; pingpong=0; private_global=0; IO mode=ap_none:ce=0
Port [ p_read29]:  wired=1; compound=0; hidden=0; nouse=0; global=0; static=0; extern=0; dir=0; type=0; pingpong=0; private_global=0; IO mode=ap_none:ce=0
Port [ p_read30]:  wired=1; compound=0; hidden=0; nouse=0; global=0; static=0; extern=0; dir=0; type=0; pingpong=0; private_global=0; IO mode=ap_none:ce=0
Port [ p_read31]:  wired=1; compound=0; hidden=0; nouse=0; global=0; static=0; extern=0; dir=0; type=0; pingpong=0; private_global=0; IO mode=ap_none:ce=0
Port [ p_ZZN4nnet24compute_output_buffer_2dINS_5arrayI8ap_fixedILi16ELi6EL9ap_q_mode5EL9_67]:  wired=1; compound=0; hidden=0; nouse=0; global=1; static=1; extern=0; dir=2; type=0; pingpong=0; private_global=0; IO mode=ap_ovld:ce=0
Port [ void_compute_output_buffer_2d_array_const_ap_shift_reg_n_chan_stream_weig_9]:  wired=1; compound=0; hidden=0; nouse=0; global=1; static=1; extern=0; dir=1; type=0; pingpong=0; private_global=0; IO mode=ap_vld:ce=0
Port [ p_ZZN4nnet24compute_output_buffer_2dINS_5arrayI8ap_fixedILi16ELi6EL9ap_q_mode5EL9_66]:  wired=1; compound=0; hidden=0; nouse=0; global=1; static=1; extern=0; dir=2; type=0; pingpong=0; private_global=0; IO mode=ap_ovld:ce=0
Port [ void_compute_output_buffer_2d_array_const_ap_shift_reg_n_chan_stream_weig_8]:  wired=1; compound=0; hidden=0; nouse=0; global=1; static=1; extern=0; dir=1; type=0; pingpong=0; private_global=0; IO mode=ap_vld:ce=0
Port [ p_ZZN4nnet24compute_output_buffer_2dINS_5arrayI8ap_fixedILi16ELi6EL9ap_q_mode5EL9_65]:  wired=1; compound=0; hidden=0; nouse=0; global=1; static=1; extern=0; dir=2; type=0; pingpong=0; private_global=0; IO mode=ap_ovld:ce=0
Port [ void_compute_output_buffer_2d_array_const_ap_shift_reg_n_chan_stream_weig_7]:  wired=1; compound=0; hidden=0; nouse=0; global=1; static=1; extern=0; dir=1; type=0; pingpong=0; private_global=0; IO mode=ap_vld:ce=0
Port [ p_ZZN4nnet24compute_output_buffer_2dINS_5arrayI8ap_fixedILi16ELi6EL9ap_q_mode5EL9_64]:  wired=1; compound=0; hidden=0; nouse=0; global=1; static=1; extern=0; dir=2; type=0; pingpong=0; private_global=0; IO mode=ap_ovld:ce=0
Port [ void_compute_output_buffer_2d_array_const_ap_shift_reg_n_chan_stream_weig_6]:  wired=1; compound=0; hidden=0; nouse=0; global=1; static=1; extern=0; dir=1; type=0; pingpong=0; private_global=0; IO mode=ap_vld:ce=0
Port [ p_ZZN4nnet24compute_output_buffer_2dINS_5arrayI8ap_fixedILi16ELi6EL9ap_q_mode5EL9_63]:  wired=1; compound=0; hidden=0; nouse=0; global=1; static=1; extern=0; dir=2; type=0; pingpong=0; private_global=0; IO mode=ap_ovld:ce=0
Port [ void_compute_output_buffer_2d_array_const_ap_shift_reg_n_chan_stream_weig_5]:  wired=1; compound=0; hidden=0; nouse=0; global=1; static=1; extern=0; dir=1; type=0; pingpong=0; private_global=0; IO mode=ap_vld:ce=0
Port [ p_ZZN4nnet24compute_output_buffer_2dINS_5arrayI8ap_fixedILi16ELi6EL9ap_q_mode5EL9_62]:  wired=1; compound=0; hidden=0; nouse=0; global=1; static=1; extern=0; dir=2; type=0; pingpong=0; private_global=0; IO mode=ap_ovld:ce=0
Port [ void_compute_output_buffer_2d_array_const_ap_shift_reg_n_chan_stream_weig_4]:  wired=1; compound=0; hidden=0; nouse=0; global=1; static=1; extern=0; dir=1; type=0; pingpong=0; private_global=0; IO mode=ap_vld:ce=0
Port [ p_ZZN4nnet24compute_output_buffer_2dINS_5arrayI8ap_fixedILi16ELi6EL9ap_q_mode5EL9_61]:  wired=1; compound=0; hidden=0; nouse=0; global=1; static=1; extern=0; dir=2; type=0; pingpong=0; private_global=0; IO mode=ap_ovld:ce=0
Port [ void_compute_output_buffer_2d_array_const_ap_shift_reg_n_chan_stream_weig_3]:  wired=1; compound=0; hidden=0; nouse=0; global=1; static=1; extern=0; dir=1; type=0; pingpong=0; private_global=0; IO mode=ap_vld:ce=0
Port [ p_ZZN4nnet24compute_output_buffer_2dINS_5arrayI8ap_fixedILi16ELi6EL9ap_q_mode5EL9_60]:  wired=1; compound=0; hidden=0; nouse=0; global=1; static=1; extern=0; dir=2; type=0; pingpong=0; private_global=0; IO mode=ap_ovld:ce=0
Port [ void_compute_output_buffer_2d_array_const_ap_shift_reg_n_chan_stream_weig_2]:  wired=1; compound=0; hidden=0; nouse=0; global=1; static=1; extern=0; dir=1; type=0; pingpong=0; private_global=0; IO mode=ap_vld:ce=0
Port [ p_ZZN4nnet24compute_output_buffer_2dINS_5arrayI8ap_fixedILi16ELi6EL9ap_q_mode5EL9_59]:  wired=1; compound=0; hidden=0; nouse=0; global=1; static=1; extern=0; dir=2; type=0; pingpong=0; private_global=0; IO mode=ap_ovld:ce=0
Port [ void_compute_output_buffer_2d_array_const_ap_shift_reg_n_chan_stream_weig_1]:  wired=1; compound=0; hidden=0; nouse=0; global=1; static=1; extern=0; dir=1; type=0; pingpong=0; private_global=0; IO mode=ap_vld:ce=0
Port [ p_ZZN4nnet24compute_output_buffer_2dINS_5arrayI8ap_fixedILi16ELi6EL9ap_q_mode5EL9_58]:  wired=1; compound=0; hidden=0; nouse=0; global=1; static=1; extern=0; dir=2; type=0; pingpong=0; private_global=0; IO mode=ap_ovld:ce=0
Port [ void_compute_output_buffer_2d_array_const_ap_shift_reg_n_chan_stream_weig]:  wired=1; compound=0; hidden=0; nouse=0; global=1; static=1; extern=0; dir=1; type=0; pingpong=0; private_global=0; IO mode=ap_vld:ce=0
Port [ p_ZZN4nnet24compute_output_buffer_2dINS_5arrayI8ap_fixedILi16ELi6EL9ap_q_mode5EL9_57]:  wired=1; compound=0; hidden=0; nouse=0; global=1; static=1; extern=0; dir=2; type=0; pingpong=0; private_global=0; IO mode=ap_ovld:ce=0
Port [ p_ZZN4nnet24compute_output_buffer_2dINS_5arrayI8ap_fixedILi16ELi6EL9ap_q_mode5EL9_277]:  wired=1; compound=0; hidden=0; nouse=0; global=1; static=1; extern=0; dir=1; type=0; pingpong=0; private_global=0; IO mode=ap_vld:ce=0
Port [ p_ZZN4nnet24compute_output_buffer_2dINS_5arrayI8ap_fixedILi16ELi6EL9ap_q_mode5EL9_56]:  wired=1; compound=0; hidden=0; nouse=0; global=1; static=1; extern=0; dir=2; type=0; pingpong=0; private_global=0; IO mode=ap_ovld:ce=0
Port [ p_ZZN4nnet24compute_output_buffer_2dINS_5arrayI8ap_fixedILi16ELi6EL9ap_q_mode5EL9_288]:  wired=1; compound=0; hidden=0; nouse=0; global=1; static=1; extern=0; dir=1; type=0; pingpong=0; private_global=0; IO mode=ap_vld:ce=0
Port [ p_ZZN4nnet24compute_output_buffer_2dINS_5arrayI8ap_fixedILi16ELi6EL9ap_q_mode5EL9_55]:  wired=1; compound=0; hidden=0; nouse=0; global=1; static=1; extern=0; dir=2; type=0; pingpong=0; private_global=0; IO mode=ap_ovld:ce=0
Port [ p_ZZN4nnet24compute_output_buffer_2dINS_5arrayI8ap_fixedILi16ELi6EL9ap_q_mode5EL9_299]:  wired=1; compound=0; hidden=0; nouse=0; global=1; static=1; extern=0; dir=1; type=0; pingpong=0; private_global=0; IO mode=ap_vld:ce=0
Port [ p_ZZN4nnet24compute_output_buffer_2dINS_5arrayI8ap_fixedILi16ELi6EL9ap_q_mode5EL9_54]:  wired=1; compound=0; hidden=0; nouse=0; global=1; static=1; extern=0; dir=2; type=0; pingpong=0; private_global=0; IO mode=ap_ovld:ce=0
Port [ p_ZZN4nnet24compute_output_buffer_2dINS_5arrayI8ap_fixedILi16ELi6EL9ap_q_mode5EL9_310]:  wired=1; compound=0; hidden=0; nouse=0; global=1; static=1; extern=0; dir=1; type=0; pingpong=0; private_global=0; IO mode=ap_vld:ce=0
Port [ p_ZZN4nnet24compute_output_buffer_2dINS_5arrayI8ap_fixedILi16ELi6EL9ap_q_mode5EL9_53]:  wired=1; compound=0; hidden=0; nouse=0; global=1; static=1; extern=0; dir=2; type=0; pingpong=0; private_global=0; IO mode=ap_ovld:ce=0
Port [ p_ZZN4nnet24compute_output_buffer_2dINS_5arrayI8ap_fixedILi16ELi6EL9ap_q_mode5EL9_321]:  wired=1; compound=0; hidden=0; nouse=0; global=1; static=1; extern=0; dir=1; type=0; pingpong=0; private_global=0; IO mode=ap_vld:ce=0
Port [ p_ZZN4nnet24compute_output_buffer_2dINS_5arrayI8ap_fixedILi16ELi6EL9ap_q_mode5EL9_52]:  wired=1; compound=0; hidden=0; nouse=0; global=1; static=1; extern=0; dir=2; type=0; pingpong=0; private_global=0; IO mode=ap_ovld:ce=0
Port [ p_ZZN4nnet24compute_output_buffer_2dINS_5arrayI8ap_fixedILi16ELi6EL9ap_q_mode5EL9_332]:  wired=1; compound=0; hidden=0; nouse=0; global=1; static=1; extern=0; dir=1; type=0; pingpong=0; private_global=0; IO mode=ap_vld:ce=0
Port [ p_ZZN4nnet24compute_output_buffer_2dINS_5arrayI8ap_fixedILi16ELi6EL9ap_q_mode5EL9_51]:  wired=1; compound=0; hidden=0; nouse=0; global=1; static=1; extern=0; dir=2; type=0; pingpong=0; private_global=0; IO mode=ap_ovld:ce=0
Port [ p_ZZN4nnet24compute_output_buffer_2dINS_5arrayI8ap_fixedILi16ELi6EL9ap_q_mode5EL9_343]:  wired=1; compound=0; hidden=0; nouse=0; global=1; static=1; extern=0; dir=1; type=0; pingpong=0; private_global=0; IO mode=ap_vld:ce=0
Port [ p_ZZN4nnet24compute_output_buffer_2dINS_5arrayI8ap_fixedILi16ELi6EL9ap_q_mode5EL9_50]:  wired=1; compound=0; hidden=0; nouse=0; global=1; static=1; extern=0; dir=2; type=0; pingpong=0; private_global=0; IO mode=ap_ovld:ce=0
Port [ p_ZZN4nnet24compute_output_buffer_2dINS_5arrayI8ap_fixedILi16ELi6EL9ap_q_mode5EL9_354]:  wired=1; compound=0; hidden=0; nouse=0; global=1; static=1; extern=0; dir=1; type=0; pingpong=0; private_global=0; IO mode=ap_vld:ce=0
Port [ p_ZZN4nnet24compute_output_buffer_2dINS_5arrayI8ap_fixedILi16ELi6EL9ap_q_mode5EL9_49]:  wired=1; compound=0; hidden=0; nouse=0; global=1; static=1; extern=0; dir=2; type=0; pingpong=0; private_global=0; IO mode=ap_ovld:ce=0
Port [ p_ZZN4nnet24compute_output_buffer_2dINS_5arrayI8ap_fixedILi16ELi6EL9ap_q_mode5EL9_365]:  wired=1; compound=0; hidden=0; nouse=0; global=1; static=1; extern=0; dir=1; type=0; pingpong=0; private_global=0; IO mode=ap_vld:ce=0
Port [ p_ZZN4nnet24compute_output_buffer_2dINS_5arrayI8ap_fixedILi16ELi6EL9ap_q_mode5EL9_48]:  wired=1; compound=0; hidden=0; nouse=0; global=1; static=1; extern=0; dir=2; type=0; pingpong=0; private_global=0; IO mode=ap_ovld:ce=0
Port [ p_ZZN4nnet24compute_output_buffer_2dINS_5arrayI8ap_fixedILi16ELi6EL9ap_q_mode5EL9_376]:  wired=1; compound=0; hidden=0; nouse=0; global=1; static=1; extern=0; dir=1; type=0; pingpong=0; private_global=0; IO mode=ap_vld:ce=0
Port [ p_ZZN4nnet24compute_output_buffer_2dINS_5arrayI8ap_fixedILi16ELi6EL9ap_q_mode5EL9_47]:  wired=1; compound=0; hidden=0; nouse=0; global=1; static=1; extern=0; dir=2; type=0; pingpong=0; private_global=0; IO mode=ap_ovld:ce=0
Port [ p_ZZN4nnet24compute_output_buffer_2dINS_5arrayI8ap_fixedILi16ELi6EL9ap_q_mode5EL9_387]:  wired=1; compound=0; hidden=0; nouse=0; global=1; static=1; extern=0; dir=1; type=0; pingpong=0; private_global=0; IO mode=ap_vld:ce=0
Port [ p_ZZN4nnet24compute_output_buffer_2dINS_5arrayI8ap_fixedILi16ELi6EL9ap_q_mode5EL9_46]:  wired=1; compound=0; hidden=0; nouse=0; global=1; static=1; extern=0; dir=2; type=0; pingpong=0; private_global=0; IO mode=ap_ovld:ce=0
Port [ p_ZZN4nnet24compute_output_buffer_2dINS_5arrayI8ap_fixedILi16ELi6EL9ap_q_mode5EL9_398]:  wired=1; compound=0; hidden=0; nouse=0; global=1; static=1; extern=0; dir=1; type=0; pingpong=0; private_global=0; IO mode=ap_vld:ce=0
Port [ p_ZZN4nnet24compute_output_buffer_2dINS_5arrayI8ap_fixedILi16ELi6EL9ap_q_mode5EL9_45]:  wired=1; compound=0; hidden=0; nouse=0; global=1; static=1; extern=0; dir=2; type=0; pingpong=0; private_global=0; IO mode=ap_ovld:ce=0
Port [ p_ZZN4nnet24compute_output_buffer_2dINS_5arrayI8ap_fixedILi16ELi6EL9ap_q_mode5EL9_409]:  wired=1; compound=0; hidden=0; nouse=0; global=1; static=1; extern=0; dir=1; type=0; pingpong=0; private_global=0; IO mode=ap_vld:ce=0
Port [ p_ZZN4nnet24compute_output_buffer_2dINS_5arrayI8ap_fixedILi16ELi6EL9ap_q_mode5EL9_44]:  wired=1; compound=0; hidden=0; nouse=0; global=1; static=1; extern=0; dir=2; type=0; pingpong=0; private_global=0; IO mode=ap_ovld:ce=0
Port [ p_ZZN4nnet24compute_output_buffer_2dINS_5arrayI8ap_fixedILi16ELi6EL9ap_q_mode5EL9_420]:  wired=1; compound=0; hidden=0; nouse=0; global=1; static=1; extern=0; dir=1; type=0; pingpong=0; private_global=0; IO mode=ap_vld:ce=0
Port [ p_ZZN4nnet24compute_output_buffer_2dINS_5arrayI8ap_fixedILi16ELi6EL9ap_q_mode5EL9_43]:  wired=1; compound=0; hidden=0; nouse=0; global=1; static=1; extern=0; dir=2; type=0; pingpong=0; private_global=0; IO mode=ap_ovld:ce=0
Port [ p_ZZN4nnet24compute_output_buffer_2dINS_5arrayI8ap_fixedILi16ELi6EL9ap_q_mode5EL9_431]:  wired=1; compound=0; hidden=0; nouse=0; global=1; static=1; extern=0; dir=1; type=0; pingpong=0; private_global=0; IO mode=ap_vld:ce=0
Port [ p_ZZN4nnet24compute_output_buffer_2dINS_5arrayI8ap_fixedILi16ELi6EL9ap_q_mode5EL9_42]:  wired=1; compound=0; hidden=0; nouse=0; global=1; static=1; extern=0; dir=2; type=0; pingpong=0; private_global=0; IO mode=ap_ovld:ce=0
Port [ p_ZZN4nnet24compute_output_buffer_2dINS_5arrayI8ap_fixedILi16ELi6EL9ap_q_mode5EL9_442]:  wired=1; compound=0; hidden=0; nouse=0; global=1; static=1; extern=0; dir=1; type=0; pingpong=0; private_global=0; IO mode=ap_vld:ce=0
Port [ p_ZZN4nnet24compute_output_buffer_2dINS_5arrayI8ap_fixedILi16ELi6EL9ap_q_mode5EL9_41]:  wired=1; compound=0; hidden=0; nouse=0; global=1; static=1; extern=0; dir=2; type=0; pingpong=0; private_global=0; IO mode=ap_ovld:ce=0
Port [ p_ZZN4nnet24compute_output_buffer_2dINS_5arrayI8ap_fixedILi16ELi6EL9ap_q_mode5EL9_453]:  wired=1; compound=0; hidden=0; nouse=0; global=1; static=1; extern=0; dir=1; type=0; pingpong=0; private_global=0; IO mode=ap_vld:ce=0
Port [ p_ZZN4nnet24compute_output_buffer_2dINS_5arrayI8ap_fixedILi16ELi6EL9ap_q_mode5EL9_40]:  wired=1; compound=0; hidden=0; nouse=0; global=1; static=1; extern=0; dir=2; type=0; pingpong=0; private_global=0; IO mode=ap_ovld:ce=0
Port [ p_ZZN4nnet24compute_output_buffer_2dINS_5arrayI8ap_fixedILi16ELi6EL9ap_q_mode5EL9_90]:  wired=1; compound=0; hidden=0; nouse=0; global=1; static=1; extern=0; dir=1; type=0; pingpong=0; private_global=0; IO mode=ap_vld:ce=0
Port [ p_ZZN4nnet24compute_output_buffer_2dINS_5arrayI8ap_fixedILi16ELi6EL9ap_q_mode5EL9_39]:  wired=1; compound=0; hidden=0; nouse=0; global=1; static=1; extern=0; dir=2; type=0; pingpong=0; private_global=0; IO mode=ap_ovld:ce=0
Port [ p_ZZN4nnet24compute_output_buffer_2dINS_5arrayI8ap_fixedILi16ELi6EL9ap_q_mode5EL9_79]:  wired=1; compound=0; hidden=0; nouse=0; global=1; static=1; extern=0; dir=1; type=0; pingpong=0; private_global=0; IO mode=ap_vld:ce=0
Port [ p_ZZN4nnet24compute_output_buffer_2dINS_5arrayI8ap_fixedILi16ELi6EL9ap_q_mode5EL9_38]:  wired=1; compound=0; hidden=0; nouse=0; global=1; static=1; extern=0; dir=2; type=0; pingpong=0; private_global=0; IO mode=ap_ovld:ce=0
Port [ p_ZZN4nnet24compute_output_buffer_2dINS_5arrayI8ap_fixedILi16ELi6EL9ap_q_mode5EL9_70]:  wired=1; compound=0; hidden=0; nouse=0; global=1; static=1; extern=0; dir=1; type=0; pingpong=0; private_global=0; IO mode=ap_vld:ce=0
Port [ p_ZZN4nnet24compute_output_buffer_2dINS_5arrayI8ap_fixedILi16ELi6EL9ap_q_mode5EL9_37]:  wired=1; compound=0; hidden=0; nouse=0; global=1; static=1; extern=0; dir=2; type=0; pingpong=0; private_global=0; IO mode=ap_ovld:ce=0
Port [ p_ZZN4nnet24compute_output_buffer_2dINS_5arrayI8ap_fixedILi16ELi6EL9ap_q_mode5EL9_69]:  wired=1; compound=0; hidden=0; nouse=0; global=1; static=1; extern=0; dir=1; type=0; pingpong=0; private_global=0; IO mode=ap_vld:ce=0
Port [ p_ZZN4nnet24compute_output_buffer_2dINS_5arrayI8ap_fixedILi16ELi6EL9ap_q_mode5EL9_36]:  wired=1; compound=0; hidden=0; nouse=0; global=1; static=1; extern=0; dir=2; type=0; pingpong=0; private_global=0; IO mode=ap_ovld:ce=0
Port [ p_ZZN4nnet24compute_output_buffer_2dINS_5arrayI8ap_fixedILi16ELi6EL9ap_q_mode5EL9_68]:  wired=1; compound=0; hidden=0; nouse=0; global=1; static=1; extern=0; dir=1; type=0; pingpong=0; private_global=0; IO mode=ap_vld:ce=0
Port [ p_ZZN4nnet24compute_output_buffer_2dINS_5arrayI8ap_fixedILi16ELi6EL9ap_q_mode5EL9_308]:  wired=1; compound=0; hidden=0; nouse=0; global=1; static=1; extern=0; dir=2; type=0; pingpong=0; private_global=0; IO mode=ap_ovld:ce=0
Port [ p_ZZN4nnet24compute_output_buffer_2dINS_5arrayI8ap_fixedILi16ELi6EL9ap_q_mode5EL9_3]:  wired=1; compound=0; hidden=0; nouse=0; global=1; static=1; extern=0; dir=1; type=0; pingpong=0; private_global=0; IO mode=ap_vld:ce=0
Port [ p_ZZN4nnet24compute_output_buffer_2dINS_5arrayI8ap_fixedILi16ELi6EL9ap_q_mode5EL9_309]:  wired=1; compound=0; hidden=0; nouse=0; global=1; static=1; extern=0; dir=2; type=0; pingpong=0; private_global=0; IO mode=ap_ovld:ce=0
Port [ p_ZZN4nnet24compute_output_buffer_2dINS_5arrayI8ap_fixedILi16ELi6EL9ap_q_mode5EL9_2]:  wired=1; compound=0; hidden=0; nouse=0; global=1; static=1; extern=0; dir=1; type=0; pingpong=0; private_global=0; IO mode=ap_vld:ce=0
Port [ p_ZZN4nnet24compute_output_buffer_2dINS_5arrayI8ap_fixedILi16ELi6EL9ap_q_mode5EL9_311]:  wired=1; compound=0; hidden=0; nouse=0; global=1; static=1; extern=0; dir=2; type=0; pingpong=0; private_global=0; IO mode=ap_ovld:ce=0
Port [ p_ZZN4nnet24compute_output_buffer_2dINS_5arrayI8ap_fixedILi16ELi6EL9ap_q_mode5EL9_1]:  wired=1; compound=0; hidden=0; nouse=0; global=1; static=1; extern=0; dir=1; type=0; pingpong=0; private_global=0; IO mode=ap_vld:ce=0
Port [ p_ZZN4nnet24compute_output_buffer_2dINS_5arrayI8ap_fixedILi16ELi6EL9ap_q_mode5EL9_312]:  wired=1; compound=0; hidden=0; nouse=0; global=1; static=1; extern=0; dir=2; type=0; pingpong=0; private_global=0; IO mode=ap_ovld:ce=0
Port [ p_ZZN4nnet24compute_output_buffer_2dINS_5arrayI8ap_fixedILi16ELi6EL9ap_q_mode5EL9]:  wired=1; compound=0; hidden=0; nouse=0; global=1; static=1; extern=0; dir=1; type=0; pingpong=0; private_global=0; IO mode=ap_vld:ce=0
Port [ p_ZZN4nnet24compute_output_buffer_2dINS_5arrayI8ap_fixedILi16ELi6EL9ap_q_mode5EL9_313]:  wired=1; compound=0; hidden=0; nouse=0; global=1; static=1; extern=0; dir=2; type=0; pingpong=0; private_global=0; IO mode=ap_ovld:ce=0
Port [ p_ZZN4nnet24compute_output_buffer_2dINS_5arrayI8ap_fixedILi16ELi6EL9ap_q_mode5EL9_278]:  wired=1; compound=0; hidden=0; nouse=0; global=1; static=1; extern=0; dir=1; type=0; pingpong=0; private_global=0; IO mode=ap_vld:ce=0
Port [ p_ZZN4nnet24compute_output_buffer_2dINS_5arrayI8ap_fixedILi16ELi6EL9ap_q_mode5EL9_314]:  wired=1; compound=0; hidden=0; nouse=0; global=1; static=1; extern=0; dir=2; type=0; pingpong=0; private_global=0; IO mode=ap_ovld:ce=0
Port [ p_ZZN4nnet24compute_output_buffer_2dINS_5arrayI8ap_fixedILi16ELi6EL9ap_q_mode5EL9_279]:  wired=1; compound=0; hidden=0; nouse=0; global=1; static=1; extern=0; dir=1; type=0; pingpong=0; private_global=0; IO mode=ap_vld:ce=0
Port [ p_ZZN4nnet24compute_output_buffer_2dINS_5arrayI8ap_fixedILi16ELi6EL9ap_q_mode5EL9_315]:  wired=1; compound=0; hidden=0; nouse=0; global=1; static=1; extern=0; dir=2; type=0; pingpong=0; private_global=0; IO mode=ap_ovld:ce=0
Port [ p_ZZN4nnet24compute_output_buffer_2dINS_5arrayI8ap_fixedILi16ELi6EL9ap_q_mode5EL9_280]:  wired=1; compound=0; hidden=0; nouse=0; global=1; static=1; extern=0; dir=1; type=0; pingpong=0; private_global=0; IO mode=ap_vld:ce=0
Port [ p_ZZN4nnet24compute_output_buffer_2dINS_5arrayI8ap_fixedILi16ELi6EL9ap_q_mode5EL9_316]:  wired=1; compound=0; hidden=0; nouse=0; global=1; static=1; extern=0; dir=2; type=0; pingpong=0; private_global=0; IO mode=ap_ovld:ce=0
Port [ p_ZZN4nnet24compute_output_buffer_2dINS_5arrayI8ap_fixedILi16ELi6EL9ap_q_mode5EL9_281]:  wired=1; compound=0; hidden=0; nouse=0; global=1; static=1; extern=0; dir=1; type=0; pingpong=0; private_global=0; IO mode=ap_vld:ce=0
Port [ p_ZZN4nnet24compute_output_buffer_2dINS_5arrayI8ap_fixedILi16ELi6EL9ap_q_mode5EL9_317]:  wired=1; compound=0; hidden=0; nouse=0; global=1; static=1; extern=0; dir=2; type=0; pingpong=0; private_global=0; IO mode=ap_ovld:ce=0
Port [ p_ZZN4nnet24compute_output_buffer_2dINS_5arrayI8ap_fixedILi16ELi6EL9ap_q_mode5EL9_282]:  wired=1; compound=0; hidden=0; nouse=0; global=1; static=1; extern=0; dir=1; type=0; pingpong=0; private_global=0; IO mode=ap_vld:ce=0
Port [ p_ZZN4nnet24compute_output_buffer_2dINS_5arrayI8ap_fixedILi16ELi6EL9ap_q_mode5EL9_318]:  wired=1; compound=0; hidden=0; nouse=0; global=1; static=1; extern=0; dir=2; type=0; pingpong=0; private_global=0; IO mode=ap_ovld:ce=0
Port [ p_ZZN4nnet24compute_output_buffer_2dINS_5arrayI8ap_fixedILi16ELi6EL9ap_q_mode5EL9_283]:  wired=1; compound=0; hidden=0; nouse=0; global=1; static=1; extern=0; dir=1; type=0; pingpong=0; private_global=0; IO mode=ap_vld:ce=0
Port [ p_ZZN4nnet24compute_output_buffer_2dINS_5arrayI8ap_fixedILi16ELi6EL9ap_q_mode5EL9_319]:  wired=1; compound=0; hidden=0; nouse=0; global=1; static=1; extern=0; dir=2; type=0; pingpong=0; private_global=0; IO mode=ap_ovld:ce=0
Port [ p_ZZN4nnet24compute_output_buffer_2dINS_5arrayI8ap_fixedILi16ELi6EL9ap_q_mode5EL9_284]:  wired=1; compound=0; hidden=0; nouse=0; global=1; static=1; extern=0; dir=1; type=0; pingpong=0; private_global=0; IO mode=ap_vld:ce=0
Port [ p_ZZN4nnet24compute_output_buffer_2dINS_5arrayI8ap_fixedILi16ELi6EL9ap_q_mode5EL9_320]:  wired=1; compound=0; hidden=0; nouse=0; global=1; static=1; extern=0; dir=2; type=0; pingpong=0; private_global=0; IO mode=ap_ovld:ce=0
Port [ p_ZZN4nnet24compute_output_buffer_2dINS_5arrayI8ap_fixedILi16ELi6EL9ap_q_mode5EL9_285]:  wired=1; compound=0; hidden=0; nouse=0; global=1; static=1; extern=0; dir=1; type=0; pingpong=0; private_global=0; IO mode=ap_vld:ce=0
Port [ p_ZZN4nnet24compute_output_buffer_2dINS_5arrayI8ap_fixedILi16ELi6EL9ap_q_mode5EL9_322]:  wired=1; compound=0; hidden=0; nouse=0; global=1; static=1; extern=0; dir=2; type=0; pingpong=0; private_global=0; IO mode=ap_ovld:ce=0
Port [ p_ZZN4nnet24compute_output_buffer_2dINS_5arrayI8ap_fixedILi16ELi6EL9ap_q_mode5EL9_286]:  wired=1; compound=0; hidden=0; nouse=0; global=1; static=1; extern=0; dir=1; type=0; pingpong=0; private_global=0; IO mode=ap_vld:ce=0
Port [ p_ZZN4nnet24compute_output_buffer_2dINS_5arrayI8ap_fixedILi16ELi6EL9ap_q_mode5EL9_323]:  wired=1; compound=0; hidden=0; nouse=0; global=1; static=1; extern=0; dir=2; type=0; pingpong=0; private_global=0; IO mode=ap_ovld:ce=0
Port [ p_ZZN4nnet24compute_output_buffer_2dINS_5arrayI8ap_fixedILi16ELi6EL9ap_q_mode5EL9_287]:  wired=1; compound=0; hidden=0; nouse=0; global=1; static=1; extern=0; dir=1; type=0; pingpong=0; private_global=0; IO mode=ap_vld:ce=0
Port [ p_ZZN4nnet24compute_output_buffer_2dINS_5arrayI8ap_fixedILi16ELi6EL9ap_q_mode5EL9_324]:  wired=1; compound=0; hidden=0; nouse=0; global=1; static=1; extern=0; dir=2; type=0; pingpong=0; private_global=0; IO mode=ap_ovld:ce=0
Port [ p_ZZN4nnet24compute_output_buffer_2dINS_5arrayI8ap_fixedILi16ELi6EL9ap_q_mode5EL9_289]:  wired=1; compound=0; hidden=0; nouse=0; global=1; static=1; extern=0; dir=1; type=0; pingpong=0; private_global=0; IO mode=ap_vld:ce=0
Port [ p_ZZN4nnet24compute_output_buffer_2dINS_5arrayI8ap_fixedILi16ELi6EL9ap_q_mode5EL9_325]:  wired=1; compound=0; hidden=0; nouse=0; global=1; static=1; extern=0; dir=2; type=0; pingpong=0; private_global=0; IO mode=ap_ovld:ce=0
Port [ p_ZZN4nnet24compute_output_buffer_2dINS_5arrayI8ap_fixedILi16ELi6EL9ap_q_mode5EL9_290]:  wired=1; compound=0; hidden=0; nouse=0; global=1; static=1; extern=0; dir=1; type=0; pingpong=0; private_global=0; IO mode=ap_vld:ce=0
Port [ p_ZZN4nnet24compute_output_buffer_2dINS_5arrayI8ap_fixedILi16ELi6EL9ap_q_mode5EL9_326]:  wired=1; compound=0; hidden=0; nouse=0; global=1; static=1; extern=0; dir=2; type=0; pingpong=0; private_global=0; IO mode=ap_ovld:ce=0
Port [ p_ZZN4nnet24compute_output_buffer_2dINS_5arrayI8ap_fixedILi16ELi6EL9ap_q_mode5EL9_291]:  wired=1; compound=0; hidden=0; nouse=0; global=1; static=1; extern=0; dir=1; type=0; pingpong=0; private_global=0; IO mode=ap_vld:ce=0
Port [ p_ZZN4nnet24compute_output_buffer_2dINS_5arrayI8ap_fixedILi16ELi6EL9ap_q_mode5EL9_327]:  wired=1; compound=0; hidden=0; nouse=0; global=1; static=1; extern=0; dir=2; type=0; pingpong=0; private_global=0; IO mode=ap_ovld:ce=0
Port [ p_ZZN4nnet24compute_output_buffer_2dINS_5arrayI8ap_fixedILi16ELi6EL9ap_q_mode5EL9_292]:  wired=1; compound=0; hidden=0; nouse=0; global=1; static=1; extern=0; dir=1; type=0; pingpong=0; private_global=0; IO mode=ap_vld:ce=0
Port [ p_ZZN4nnet24compute_output_buffer_2dINS_5arrayI8ap_fixedILi16ELi6EL9ap_q_mode5EL9_328]:  wired=1; compound=0; hidden=0; nouse=0; global=1; static=1; extern=0; dir=2; type=0; pingpong=0; private_global=0; IO mode=ap_ovld:ce=0
Port [ p_ZZN4nnet24compute_output_buffer_2dINS_5arrayI8ap_fixedILi16ELi6EL9ap_q_mode5EL9_293]:  wired=1; compound=0; hidden=0; nouse=0; global=1; static=1; extern=0; dir=1; type=0; pingpong=0; private_global=0; IO mode=ap_vld:ce=0
Port [ p_ZZN4nnet24compute_output_buffer_2dINS_5arrayI8ap_fixedILi16ELi6EL9ap_q_mode5EL9_329]:  wired=1; compound=0; hidden=0; nouse=0; global=1; static=1; extern=0; dir=2; type=0; pingpong=0; private_global=0; IO mode=ap_ovld:ce=0
Port [ p_ZZN4nnet24compute_output_buffer_2dINS_5arrayI8ap_fixedILi16ELi6EL9ap_q_mode5EL9_294]:  wired=1; compound=0; hidden=0; nouse=0; global=1; static=1; extern=0; dir=1; type=0; pingpong=0; private_global=0; IO mode=ap_vld:ce=0
Port [ p_ZZN4nnet24compute_output_buffer_2dINS_5arrayI8ap_fixedILi16ELi6EL9ap_q_mode5EL9_330]:  wired=1; compound=0; hidden=0; nouse=0; global=1; static=1; extern=0; dir=2; type=0; pingpong=0; private_global=0; IO mode=ap_ovld:ce=0
Port [ p_ZZN4nnet24compute_output_buffer_2dINS_5arrayI8ap_fixedILi16ELi6EL9ap_q_mode5EL9_295]:  wired=1; compound=0; hidden=0; nouse=0; global=1; static=1; extern=0; dir=1; type=0; pingpong=0; private_global=0; IO mode=ap_vld:ce=0
Port [ p_ZZN4nnet24compute_output_buffer_2dINS_5arrayI8ap_fixedILi16ELi6EL9ap_q_mode5EL9_331]:  wired=1; compound=0; hidden=0; nouse=0; global=1; static=1; extern=0; dir=2; type=0; pingpong=0; private_global=0; IO mode=ap_ovld:ce=0
Port [ p_ZZN4nnet24compute_output_buffer_2dINS_5arrayI8ap_fixedILi16ELi6EL9ap_q_mode5EL9_296]:  wired=1; compound=0; hidden=0; nouse=0; global=1; static=1; extern=0; dir=1; type=0; pingpong=0; private_global=0; IO mode=ap_vld:ce=0
Port [ p_ZZN4nnet24compute_output_buffer_2dINS_5arrayI8ap_fixedILi16ELi6EL9ap_q_mode5EL9_333]:  wired=1; compound=0; hidden=0; nouse=0; global=1; static=1; extern=0; dir=2; type=0; pingpong=0; private_global=0; IO mode=ap_ovld:ce=0
Port [ p_ZZN4nnet24compute_output_buffer_2dINS_5arrayI8ap_fixedILi16ELi6EL9ap_q_mode5EL9_297]:  wired=1; compound=0; hidden=0; nouse=0; global=1; static=1; extern=0; dir=1; type=0; pingpong=0; private_global=0; IO mode=ap_vld:ce=0
Port [ p_ZZN4nnet24compute_output_buffer_2dINS_5arrayI8ap_fixedILi16ELi6EL9ap_q_mode5EL9_334]:  wired=1; compound=0; hidden=0; nouse=0; global=1; static=1; extern=0; dir=2; type=0; pingpong=0; private_global=0; IO mode=ap_ovld:ce=0
Port [ p_ZZN4nnet24compute_output_buffer_2dINS_5arrayI8ap_fixedILi16ELi6EL9ap_q_mode5EL9_298]:  wired=1; compound=0; hidden=0; nouse=0; global=1; static=1; extern=0; dir=1; type=0; pingpong=0; private_global=0; IO mode=ap_vld:ce=0
Port [ p_ZZN4nnet24compute_output_buffer_2dINS_5arrayI8ap_fixedILi16ELi6EL9ap_q_mode5EL9_335]:  wired=1; compound=0; hidden=0; nouse=0; global=1; static=1; extern=0; dir=2; type=0; pingpong=0; private_global=0; IO mode=ap_ovld:ce=0
Port [ p_ZZN4nnet24compute_output_buffer_2dINS_5arrayI8ap_fixedILi16ELi6EL9ap_q_mode5EL9_300]:  wired=1; compound=0; hidden=0; nouse=0; global=1; static=1; extern=0; dir=1; type=0; pingpong=0; private_global=0; IO mode=ap_vld:ce=0
Port [ p_ZZN4nnet24compute_output_buffer_2dINS_5arrayI8ap_fixedILi16ELi6EL9ap_q_mode5EL9_336]:  wired=1; compound=0; hidden=0; nouse=0; global=1; static=1; extern=0; dir=2; type=0; pingpong=0; private_global=0; IO mode=ap_ovld:ce=0
Port [ p_ZZN4nnet24compute_output_buffer_2dINS_5arrayI8ap_fixedILi16ELi6EL9ap_q_mode5EL9_301]:  wired=1; compound=0; hidden=0; nouse=0; global=1; static=1; extern=0; dir=1; type=0; pingpong=0; private_global=0; IO mode=ap_vld:ce=0
Port [ p_ZZN4nnet24compute_output_buffer_2dINS_5arrayI8ap_fixedILi16ELi6EL9ap_q_mode5EL9_337]:  wired=1; compound=0; hidden=0; nouse=0; global=1; static=1; extern=0; dir=2; type=0; pingpong=0; private_global=0; IO mode=ap_ovld:ce=0
Port [ p_ZZN4nnet24compute_output_buffer_2dINS_5arrayI8ap_fixedILi16ELi6EL9ap_q_mode5EL9_302]:  wired=1; compound=0; hidden=0; nouse=0; global=1; static=1; extern=0; dir=1; type=0; pingpong=0; private_global=0; IO mode=ap_vld:ce=0
Port [ p_ZZN4nnet24compute_output_buffer_2dINS_5arrayI8ap_fixedILi16ELi6EL9ap_q_mode5EL9_338]:  wired=1; compound=0; hidden=0; nouse=0; global=1; static=1; extern=0; dir=2; type=0; pingpong=0; private_global=0; IO mode=ap_ovld:ce=0
Port [ p_ZZN4nnet24compute_output_buffer_2dINS_5arrayI8ap_fixedILi16ELi6EL9ap_q_mode5EL9_303]:  wired=1; compound=0; hidden=0; nouse=0; global=1; static=1; extern=0; dir=1; type=0; pingpong=0; private_global=0; IO mode=ap_vld:ce=0
Port [ p_ZZN4nnet24compute_output_buffer_2dINS_5arrayI8ap_fixedILi16ELi6EL9ap_q_mode5EL9_339]:  wired=1; compound=0; hidden=0; nouse=0; global=1; static=1; extern=0; dir=2; type=0; pingpong=0; private_global=0; IO mode=ap_ovld:ce=0
Port [ p_ZZN4nnet24compute_output_buffer_2dINS_5arrayI8ap_fixedILi16ELi6EL9ap_q_mode5EL9_304]:  wired=1; compound=0; hidden=0; nouse=0; global=1; static=1; extern=0; dir=1; type=0; pingpong=0; private_global=0; IO mode=ap_vld:ce=0
Port [ p_ZZN4nnet24compute_output_buffer_2dINS_5arrayI8ap_fixedILi16ELi6EL9ap_q_mode5EL9_340]:  wired=1; compound=0; hidden=0; nouse=0; global=1; static=1; extern=0; dir=2; type=0; pingpong=0; private_global=0; IO mode=ap_ovld:ce=0
Port [ p_ZZN4nnet24compute_output_buffer_2dINS_5arrayI8ap_fixedILi16ELi6EL9ap_q_mode5EL9_305]:  wired=1; compound=0; hidden=0; nouse=0; global=1; static=1; extern=0; dir=1; type=0; pingpong=0; private_global=0; IO mode=ap_vld:ce=0
Port [ p_ZZN4nnet24compute_output_buffer_2dINS_5arrayI8ap_fixedILi16ELi6EL9ap_q_mode5EL9_341]:  wired=1; compound=0; hidden=0; nouse=0; global=1; static=1; extern=0; dir=2; type=0; pingpong=0; private_global=0; IO mode=ap_ovld:ce=0
Port [ p_ZZN4nnet24compute_output_buffer_2dINS_5arrayI8ap_fixedILi16ELi6EL9ap_q_mode5EL9_306]:  wired=1; compound=0; hidden=0; nouse=0; global=1; static=1; extern=0; dir=1; type=0; pingpong=0; private_global=0; IO mode=ap_vld:ce=0
Port [ p_ZZN4nnet24compute_output_buffer_2dINS_5arrayI8ap_fixedILi16ELi6EL9ap_q_mode5EL9_342]:  wired=1; compound=0; hidden=0; nouse=0; global=1; static=1; extern=0; dir=2; type=0; pingpong=0; private_global=0; IO mode=ap_ovld:ce=0
Port [ p_ZZN4nnet24compute_output_buffer_2dINS_5arrayI8ap_fixedILi16ELi6EL9ap_q_mode5EL9_307]:  wired=1; compound=0; hidden=0; nouse=0; global=1; static=1; extern=0; dir=1; type=0; pingpong=0; private_global=0; IO mode=ap_vld:ce=0
Port [ p_ZZN4nnet24compute_output_buffer_2dINS_5arrayI8ap_fixedILi16ELi6EL9ap_q_mode5EL9_414]:  wired=1; compound=0; hidden=0; nouse=0; global=1; static=1; extern=0; dir=2; type=0; pingpong=0; private_global=0; IO mode=ap_ovld:ce=0
Port [ p_ZZN4nnet24compute_output_buffer_2dINS_5arrayI8ap_fixedILi16ELi6EL9ap_q_mode5EL9_379]:  wired=1; compound=0; hidden=0; nouse=0; global=1; static=1; extern=0; dir=1; type=0; pingpong=0; private_global=0; IO mode=ap_vld:ce=0
Port [ p_ZZN4nnet24compute_output_buffer_2dINS_5arrayI8ap_fixedILi16ELi6EL9ap_q_mode5EL9_415]:  wired=1; compound=0; hidden=0; nouse=0; global=1; static=1; extern=0; dir=2; type=0; pingpong=0; private_global=0; IO mode=ap_ovld:ce=0
Port [ p_ZZN4nnet24compute_output_buffer_2dINS_5arrayI8ap_fixedILi16ELi6EL9ap_q_mode5EL9_380]:  wired=1; compound=0; hidden=0; nouse=0; global=1; static=1; extern=0; dir=1; type=0; pingpong=0; private_global=0; IO mode=ap_vld:ce=0
Port [ p_ZZN4nnet24compute_output_buffer_2dINS_5arrayI8ap_fixedILi16ELi6EL9ap_q_mode5EL9_416]:  wired=1; compound=0; hidden=0; nouse=0; global=1; static=1; extern=0; dir=2; type=0; pingpong=0; private_global=0; IO mode=ap_ovld:ce=0
Port [ p_ZZN4nnet24compute_output_buffer_2dINS_5arrayI8ap_fixedILi16ELi6EL9ap_q_mode5EL9_381]:  wired=1; compound=0; hidden=0; nouse=0; global=1; static=1; extern=0; dir=1; type=0; pingpong=0; private_global=0; IO mode=ap_vld:ce=0
Port [ p_ZZN4nnet24compute_output_buffer_2dINS_5arrayI8ap_fixedILi16ELi6EL9ap_q_mode5EL9_417]:  wired=1; compound=0; hidden=0; nouse=0; global=1; static=1; extern=0; dir=2; type=0; pingpong=0; private_global=0; IO mode=ap_ovld:ce=0
Port [ p_ZZN4nnet24compute_output_buffer_2dINS_5arrayI8ap_fixedILi16ELi6EL9ap_q_mode5EL9_382]:  wired=1; compound=0; hidden=0; nouse=0; global=1; static=1; extern=0; dir=1; type=0; pingpong=0; private_global=0; IO mode=ap_vld:ce=0
Port [ p_ZZN4nnet24compute_output_buffer_2dINS_5arrayI8ap_fixedILi16ELi6EL9ap_q_mode5EL9_418]:  wired=1; compound=0; hidden=0; nouse=0; global=1; static=1; extern=0; dir=2; type=0; pingpong=0; private_global=0; IO mode=ap_ovld:ce=0
Port [ p_ZZN4nnet24compute_output_buffer_2dINS_5arrayI8ap_fixedILi16ELi6EL9ap_q_mode5EL9_383]:  wired=1; compound=0; hidden=0; nouse=0; global=1; static=1; extern=0; dir=1; type=0; pingpong=0; private_global=0; IO mode=ap_vld:ce=0
Port [ p_ZZN4nnet24compute_output_buffer_2dINS_5arrayI8ap_fixedILi16ELi6EL9ap_q_mode5EL9_419]:  wired=1; compound=0; hidden=0; nouse=0; global=1; static=1; extern=0; dir=2; type=0; pingpong=0; private_global=0; IO mode=ap_ovld:ce=0
Port [ p_ZZN4nnet24compute_output_buffer_2dINS_5arrayI8ap_fixedILi16ELi6EL9ap_q_mode5EL9_384]:  wired=1; compound=0; hidden=0; nouse=0; global=1; static=1; extern=0; dir=1; type=0; pingpong=0; private_global=0; IO mode=ap_vld:ce=0
Port [ p_ZZN4nnet24compute_output_buffer_2dINS_5arrayI8ap_fixedILi16ELi6EL9ap_q_mode5EL9_421]:  wired=1; compound=0; hidden=0; nouse=0; global=1; static=1; extern=0; dir=2; type=0; pingpong=0; private_global=0; IO mode=ap_ovld:ce=0
Port [ p_ZZN4nnet24compute_output_buffer_2dINS_5arrayI8ap_fixedILi16ELi6EL9ap_q_mode5EL9_385]:  wired=1; compound=0; hidden=0; nouse=0; global=1; static=1; extern=0; dir=1; type=0; pingpong=0; private_global=0; IO mode=ap_vld:ce=0
Port [ p_ZZN4nnet24compute_output_buffer_2dINS_5arrayI8ap_fixedILi16ELi6EL9ap_q_mode5EL9_422]:  wired=1; compound=0; hidden=0; nouse=0; global=1; static=1; extern=0; dir=2; type=0; pingpong=0; private_global=0; IO mode=ap_ovld:ce=0
Port [ p_ZZN4nnet24compute_output_buffer_2dINS_5arrayI8ap_fixedILi16ELi6EL9ap_q_mode5EL9_386]:  wired=1; compound=0; hidden=0; nouse=0; global=1; static=1; extern=0; dir=1; type=0; pingpong=0; private_global=0; IO mode=ap_vld:ce=0
Port [ p_ZZN4nnet24compute_output_buffer_2dINS_5arrayI8ap_fixedILi16ELi6EL9ap_q_mode5EL9_423]:  wired=1; compound=0; hidden=0; nouse=0; global=1; static=1; extern=0; dir=2; type=0; pingpong=0; private_global=0; IO mode=ap_ovld:ce=0
Port [ p_ZZN4nnet24compute_output_buffer_2dINS_5arrayI8ap_fixedILi16ELi6EL9ap_q_mode5EL9_388]:  wired=1; compound=0; hidden=0; nouse=0; global=1; static=1; extern=0; dir=1; type=0; pingpong=0; private_global=0; IO mode=ap_vld:ce=0
Port [ p_ZZN4nnet24compute_output_buffer_2dINS_5arrayI8ap_fixedILi16ELi6EL9ap_q_mode5EL9_424]:  wired=1; compound=0; hidden=0; nouse=0; global=1; static=1; extern=0; dir=2; type=0; pingpong=0; private_global=0; IO mode=ap_ovld:ce=0
Port [ p_ZZN4nnet24compute_output_buffer_2dINS_5arrayI8ap_fixedILi16ELi6EL9ap_q_mode5EL9_389]:  wired=1; compound=0; hidden=0; nouse=0; global=1; static=1; extern=0; dir=1; type=0; pingpong=0; private_global=0; IO mode=ap_vld:ce=0
Port [ p_ZZN4nnet24compute_output_buffer_2dINS_5arrayI8ap_fixedILi16ELi6EL9ap_q_mode5EL9_425]:  wired=1; compound=0; hidden=0; nouse=0; global=1; static=1; extern=0; dir=2; type=0; pingpong=0; private_global=0; IO mode=ap_ovld:ce=0
Port [ p_ZZN4nnet24compute_output_buffer_2dINS_5arrayI8ap_fixedILi16ELi6EL9ap_q_mode5EL9_390]:  wired=1; compound=0; hidden=0; nouse=0; global=1; static=1; extern=0; dir=1; type=0; pingpong=0; private_global=0; IO mode=ap_vld:ce=0
Port [ p_ZZN4nnet24compute_output_buffer_2dINS_5arrayI8ap_fixedILi16ELi6EL9ap_q_mode5EL9_426]:  wired=1; compound=0; hidden=0; nouse=0; global=1; static=1; extern=0; dir=2; type=0; pingpong=0; private_global=0; IO mode=ap_ovld:ce=0
Port [ p_ZZN4nnet24compute_output_buffer_2dINS_5arrayI8ap_fixedILi16ELi6EL9ap_q_mode5EL9_391]:  wired=1; compound=0; hidden=0; nouse=0; global=1; static=1; extern=0; dir=1; type=0; pingpong=0; private_global=0; IO mode=ap_vld:ce=0
Port [ p_ZZN4nnet24compute_output_buffer_2dINS_5arrayI8ap_fixedILi16ELi6EL9ap_q_mode5EL9_427]:  wired=1; compound=0; hidden=0; nouse=0; global=1; static=1; extern=0; dir=2; type=0; pingpong=0; private_global=0; IO mode=ap_ovld:ce=0
Port [ p_ZZN4nnet24compute_output_buffer_2dINS_5arrayI8ap_fixedILi16ELi6EL9ap_q_mode5EL9_392]:  wired=1; compound=0; hidden=0; nouse=0; global=1; static=1; extern=0; dir=1; type=0; pingpong=0; private_global=0; IO mode=ap_vld:ce=0
Port [ p_ZZN4nnet24compute_output_buffer_2dINS_5arrayI8ap_fixedILi16ELi6EL9ap_q_mode5EL9_428]:  wired=1; compound=0; hidden=0; nouse=0; global=1; static=1; extern=0; dir=2; type=0; pingpong=0; private_global=0; IO mode=ap_ovld:ce=0
Port [ p_ZZN4nnet24compute_output_buffer_2dINS_5arrayI8ap_fixedILi16ELi6EL9ap_q_mode5EL9_393]:  wired=1; compound=0; hidden=0; nouse=0; global=1; static=1; extern=0; dir=1; type=0; pingpong=0; private_global=0; IO mode=ap_vld:ce=0
Port [ p_ZZN4nnet24compute_output_buffer_2dINS_5arrayI8ap_fixedILi16ELi6EL9ap_q_mode5EL9_429]:  wired=1; compound=0; hidden=0; nouse=0; global=1; static=1; extern=0; dir=2; type=0; pingpong=0; private_global=0; IO mode=ap_ovld:ce=0
Port [ p_ZZN4nnet24compute_output_buffer_2dINS_5arrayI8ap_fixedILi16ELi6EL9ap_q_mode5EL9_394]:  wired=1; compound=0; hidden=0; nouse=0; global=1; static=1; extern=0; dir=1; type=0; pingpong=0; private_global=0; IO mode=ap_vld:ce=0
Port [ p_ZZN4nnet24compute_output_buffer_2dINS_5arrayI8ap_fixedILi16ELi6EL9ap_q_mode5EL9_430]:  wired=1; compound=0; hidden=0; nouse=0; global=1; static=1; extern=0; dir=2; type=0; pingpong=0; private_global=0; IO mode=ap_ovld:ce=0
Port [ p_ZZN4nnet24compute_output_buffer_2dINS_5arrayI8ap_fixedILi16ELi6EL9ap_q_mode5EL9_395]:  wired=1; compound=0; hidden=0; nouse=0; global=1; static=1; extern=0; dir=1; type=0; pingpong=0; private_global=0; IO mode=ap_vld:ce=0
Port [ p_ZZN4nnet24compute_output_buffer_2dINS_5arrayI8ap_fixedILi16ELi6EL9ap_q_mode5EL9_432]:  wired=1; compound=0; hidden=0; nouse=0; global=1; static=1; extern=0; dir=2; type=0; pingpong=0; private_global=0; IO mode=ap_ovld:ce=0
Port [ p_ZZN4nnet24compute_output_buffer_2dINS_5arrayI8ap_fixedILi16ELi6EL9ap_q_mode5EL9_396]:  wired=1; compound=0; hidden=0; nouse=0; global=1; static=1; extern=0; dir=1; type=0; pingpong=0; private_global=0; IO mode=ap_vld:ce=0
Port [ p_ZZN4nnet24compute_output_buffer_2dINS_5arrayI8ap_fixedILi16ELi6EL9ap_q_mode5EL9_433]:  wired=1; compound=0; hidden=0; nouse=0; global=1; static=1; extern=0; dir=2; type=0; pingpong=0; private_global=0; IO mode=ap_ovld:ce=0
Port [ p_ZZN4nnet24compute_output_buffer_2dINS_5arrayI8ap_fixedILi16ELi6EL9ap_q_mode5EL9_397]:  wired=1; compound=0; hidden=0; nouse=0; global=1; static=1; extern=0; dir=1; type=0; pingpong=0; private_global=0; IO mode=ap_vld:ce=0
Port [ p_ZZN4nnet24compute_output_buffer_2dINS_5arrayI8ap_fixedILi16ELi6EL9ap_q_mode5EL9_434]:  wired=1; compound=0; hidden=0; nouse=0; global=1; static=1; extern=0; dir=2; type=0; pingpong=0; private_global=0; IO mode=ap_ovld:ce=0
Port [ p_ZZN4nnet24compute_output_buffer_2dINS_5arrayI8ap_fixedILi16ELi6EL9ap_q_mode5EL9_399]:  wired=1; compound=0; hidden=0; nouse=0; global=1; static=1; extern=0; dir=1; type=0; pingpong=0; private_global=0; IO mode=ap_vld:ce=0
Port [ p_ZZN4nnet24compute_output_buffer_2dINS_5arrayI8ap_fixedILi16ELi6EL9ap_q_mode5EL9_435]:  wired=1; compound=0; hidden=0; nouse=0; global=1; static=1; extern=0; dir=2; type=0; pingpong=0; private_global=0; IO mode=ap_ovld:ce=0
Port [ p_ZZN4nnet24compute_output_buffer_2dINS_5arrayI8ap_fixedILi16ELi6EL9ap_q_mode5EL9_400]:  wired=1; compound=0; hidden=0; nouse=0; global=1; static=1; extern=0; dir=1; type=0; pingpong=0; private_global=0; IO mode=ap_vld:ce=0
Port [ p_ZZN4nnet24compute_output_buffer_2dINS_5arrayI8ap_fixedILi16ELi6EL9ap_q_mode5EL9_436]:  wired=1; compound=0; hidden=0; nouse=0; global=1; static=1; extern=0; dir=2; type=0; pingpong=0; private_global=0; IO mode=ap_ovld:ce=0
Port [ p_ZZN4nnet24compute_output_buffer_2dINS_5arrayI8ap_fixedILi16ELi6EL9ap_q_mode5EL9_401]:  wired=1; compound=0; hidden=0; nouse=0; global=1; static=1; extern=0; dir=1; type=0; pingpong=0; private_global=0; IO mode=ap_vld:ce=0
Port [ p_ZZN4nnet24compute_output_buffer_2dINS_5arrayI8ap_fixedILi16ELi6EL9ap_q_mode5EL9_437]:  wired=1; compound=0; hidden=0; nouse=0; global=1; static=1; extern=0; dir=2; type=0; pingpong=0; private_global=0; IO mode=ap_ovld:ce=0
Port [ p_ZZN4nnet24compute_output_buffer_2dINS_5arrayI8ap_fixedILi16ELi6EL9ap_q_mode5EL9_402]:  wired=1; compound=0; hidden=0; nouse=0; global=1; static=1; extern=0; dir=1; type=0; pingpong=0; private_global=0; IO mode=ap_vld:ce=0
Port [ p_ZZN4nnet24compute_output_buffer_2dINS_5arrayI8ap_fixedILi16ELi6EL9ap_q_mode5EL9_438]:  wired=1; compound=0; hidden=0; nouse=0; global=1; static=1; extern=0; dir=2; type=0; pingpong=0; private_global=0; IO mode=ap_ovld:ce=0
Port [ p_ZZN4nnet24compute_output_buffer_2dINS_5arrayI8ap_fixedILi16ELi6EL9ap_q_mode5EL9_403]:  wired=1; compound=0; hidden=0; nouse=0; global=1; static=1; extern=0; dir=1; type=0; pingpong=0; private_global=0; IO mode=ap_vld:ce=0
Port [ p_ZZN4nnet24compute_output_buffer_2dINS_5arrayI8ap_fixedILi16ELi6EL9ap_q_mode5EL9_439]:  wired=1; compound=0; hidden=0; nouse=0; global=1; static=1; extern=0; dir=2; type=0; pingpong=0; private_global=0; IO mode=ap_ovld:ce=0
Port [ p_ZZN4nnet24compute_output_buffer_2dINS_5arrayI8ap_fixedILi16ELi6EL9ap_q_mode5EL9_404]:  wired=1; compound=0; hidden=0; nouse=0; global=1; static=1; extern=0; dir=1; type=0; pingpong=0; private_global=0; IO mode=ap_vld:ce=0
Port [ p_ZZN4nnet24compute_output_buffer_2dINS_5arrayI8ap_fixedILi16ELi6EL9ap_q_mode5EL9_440]:  wired=1; compound=0; hidden=0; nouse=0; global=1; static=1; extern=0; dir=2; type=0; pingpong=0; private_global=0; IO mode=ap_ovld:ce=0
Port [ p_ZZN4nnet24compute_output_buffer_2dINS_5arrayI8ap_fixedILi16ELi6EL9ap_q_mode5EL9_405]:  wired=1; compound=0; hidden=0; nouse=0; global=1; static=1; extern=0; dir=1; type=0; pingpong=0; private_global=0; IO mode=ap_vld:ce=0
Port [ p_ZZN4nnet24compute_output_buffer_2dINS_5arrayI8ap_fixedILi16ELi6EL9ap_q_mode5EL9_441]:  wired=1; compound=0; hidden=0; nouse=0; global=1; static=1; extern=0; dir=2; type=0; pingpong=0; private_global=0; IO mode=ap_ovld:ce=0
Port [ p_ZZN4nnet24compute_output_buffer_2dINS_5arrayI8ap_fixedILi16ELi6EL9ap_q_mode5EL9_406]:  wired=1; compound=0; hidden=0; nouse=0; global=1; static=1; extern=0; dir=1; type=0; pingpong=0; private_global=0; IO mode=ap_vld:ce=0
Port [ p_ZZN4nnet24compute_output_buffer_2dINS_5arrayI8ap_fixedILi16ELi6EL9ap_q_mode5EL9_443]:  wired=1; compound=0; hidden=0; nouse=0; global=1; static=1; extern=0; dir=2; type=0; pingpong=0; private_global=0; IO mode=ap_ovld:ce=0
Port [ p_ZZN4nnet24compute_output_buffer_2dINS_5arrayI8ap_fixedILi16ELi6EL9ap_q_mode5EL9_407]:  wired=1; compound=0; hidden=0; nouse=0; global=1; static=1; extern=0; dir=1; type=0; pingpong=0; private_global=0; IO mode=ap_vld:ce=0
Port [ p_ZZN4nnet24compute_output_buffer_2dINS_5arrayI8ap_fixedILi16ELi6EL9ap_q_mode5EL9_444]:  wired=1; compound=0; hidden=0; nouse=0; global=1; static=1; extern=0; dir=2; type=0; pingpong=0; private_global=0; IO mode=ap_ovld:ce=0
Port [ p_ZZN4nnet24compute_output_buffer_2dINS_5arrayI8ap_fixedILi16ELi6EL9ap_q_mode5EL9_408]:  wired=1; compound=0; hidden=0; nouse=0; global=1; static=1; extern=0; dir=1; type=0; pingpong=0; private_global=0; IO mode=ap_vld:ce=0
Port [ p_ZZN4nnet24compute_output_buffer_2dINS_5arrayI8ap_fixedILi16ELi6EL9ap_q_mode5EL9_445]:  wired=1; compound=0; hidden=0; nouse=0; global=1; static=1; extern=0; dir=2; type=0; pingpong=0; private_global=0; IO mode=ap_ovld:ce=0
Port [ p_ZZN4nnet24compute_output_buffer_2dINS_5arrayI8ap_fixedILi16ELi6EL9ap_q_mode5EL9_410]:  wired=1; compound=0; hidden=0; nouse=0; global=1; static=1; extern=0; dir=1; type=0; pingpong=0; private_global=0; IO mode=ap_vld:ce=0
Port [ p_ZZN4nnet24compute_output_buffer_2dINS_5arrayI8ap_fixedILi16ELi6EL9ap_q_mode5EL9_446]:  wired=1; compound=0; hidden=0; nouse=0; global=1; static=1; extern=0; dir=2; type=0; pingpong=0; private_global=0; IO mode=ap_ovld:ce=0
Port [ p_ZZN4nnet24compute_output_buffer_2dINS_5arrayI8ap_fixedILi16ELi6EL9ap_q_mode5EL9_411]:  wired=1; compound=0; hidden=0; nouse=0; global=1; static=1; extern=0; dir=1; type=0; pingpong=0; private_global=0; IO mode=ap_vld:ce=0
Port [ p_ZZN4nnet24compute_output_buffer_2dINS_5arrayI8ap_fixedILi16ELi6EL9ap_q_mode5EL9_447]:  wired=1; compound=0; hidden=0; nouse=0; global=1; static=1; extern=0; dir=2; type=0; pingpong=0; private_global=0; IO mode=ap_ovld:ce=0
Port [ p_ZZN4nnet24compute_output_buffer_2dINS_5arrayI8ap_fixedILi16ELi6EL9ap_q_mode5EL9_412]:  wired=1; compound=0; hidden=0; nouse=0; global=1; static=1; extern=0; dir=1; type=0; pingpong=0; private_global=0; IO mode=ap_vld:ce=0
Port [ p_ZZN4nnet24compute_output_buffer_2dINS_5arrayI8ap_fixedILi16ELi6EL9ap_q_mode5EL9_448]:  wired=1; compound=0; hidden=0; nouse=0; global=1; static=1; extern=0; dir=2; type=0; pingpong=0; private_global=0; IO mode=ap_ovld:ce=0
Port [ p_ZZN4nnet24compute_output_buffer_2dINS_5arrayI8ap_fixedILi16ELi6EL9ap_q_mode5EL9_413]:  wired=1; compound=0; hidden=0; nouse=0; global=1; static=1; extern=0; dir=1; type=0; pingpong=0; private_global=0; IO mode=ap_vld:ce=0
Port [ p_ZZN4nnet24compute_output_buffer_2dINS_5arrayI8ap_fixedILi16ELi6EL9ap_q_mode5EL9_35]:  wired=1; compound=0; hidden=0; nouse=0; global=1; static=1; extern=0; dir=2; type=0; pingpong=0; private_global=0; IO mode=ap_ovld:ce=0
Port [ p_ZZN4nnet24compute_output_buffer_2dINS_5arrayI8ap_fixedILi16ELi6EL9ap_q_mode5EL9_34]:  wired=1; compound=0; hidden=0; nouse=0; global=1; static=1; extern=0; dir=2; type=0; pingpong=0; private_global=0; IO mode=ap_ovld:ce=0
Port [ p_ZZN4nnet24compute_output_buffer_2dINS_5arrayI8ap_fixedILi16ELi6EL9ap_q_mode5EL9_33]:  wired=1; compound=0; hidden=0; nouse=0; global=1; static=1; extern=0; dir=2; type=0; pingpong=0; private_global=0; IO mode=ap_ovld:ce=0
Port [ p_ZZN4nnet24compute_output_buffer_2dINS_5arrayI8ap_fixedILi16ELi6EL9ap_q_mode5EL9_32]:  wired=1; compound=0; hidden=0; nouse=0; global=1; static=1; extern=0; dir=2; type=0; pingpong=0; private_global=0; IO mode=ap_ovld:ce=0
Port [ p_ZZN4nnet24compute_output_buffer_2dINS_5arrayI8ap_fixedILi16ELi6EL9ap_q_mode5EL9_31]:  wired=1; compound=0; hidden=0; nouse=0; global=1; static=1; extern=0; dir=2; type=0; pingpong=0; private_global=0; IO mode=ap_ovld:ce=0
Port [ p_ZZN4nnet24compute_output_buffer_2dINS_5arrayI8ap_fixedILi16ELi6EL9ap_q_mode5EL9_30]:  wired=1; compound=0; hidden=0; nouse=0; global=1; static=1; extern=0; dir=2; type=0; pingpong=0; private_global=0; IO mode=ap_ovld:ce=0
Port [ p_ZZN4nnet24compute_output_buffer_2dINS_5arrayI8ap_fixedILi16ELi6EL9ap_q_mode5EL9_29]:  wired=1; compound=0; hidden=0; nouse=0; global=1; static=1; extern=0; dir=2; type=0; pingpong=0; private_global=0; IO mode=ap_ovld:ce=0
Port [ p_ZZN4nnet24compute_output_buffer_2dINS_5arrayI8ap_fixedILi16ELi6EL9ap_q_mode5EL9_28]:  wired=1; compound=0; hidden=0; nouse=0; global=1; static=1; extern=0; dir=2; type=0; pingpong=0; private_global=0; IO mode=ap_ovld:ce=0
Port [ p_ZZN4nnet24compute_output_buffer_2dINS_5arrayI8ap_fixedILi16ELi6EL9ap_q_mode5EL9_27]:  wired=1; compound=0; hidden=0; nouse=0; global=1; static=1; extern=0; dir=2; type=0; pingpong=0; private_global=0; IO mode=ap_ovld:ce=0
Port [ p_ZZN4nnet24compute_output_buffer_2dINS_5arrayI8ap_fixedILi16ELi6EL9ap_q_mode5EL9_26]:  wired=1; compound=0; hidden=0; nouse=0; global=1; static=1; extern=0; dir=2; type=0; pingpong=0; private_global=0; IO mode=ap_ovld:ce=0
Port [ p_ZZN4nnet24compute_output_buffer_2dINS_5arrayI8ap_fixedILi16ELi6EL9ap_q_mode5EL9_25]:  wired=1; compound=0; hidden=0; nouse=0; global=1; static=1; extern=0; dir=2; type=0; pingpong=0; private_global=0; IO mode=ap_ovld:ce=0
Port [ p_ZZN4nnet24compute_output_buffer_2dINS_5arrayI8ap_fixedILi16ELi6EL9ap_q_mode5EL9_24]:  wired=1; compound=0; hidden=0; nouse=0; global=1; static=1; extern=0; dir=2; type=0; pingpong=0; private_global=0; IO mode=ap_ovld:ce=0
Port [ p_ZZN4nnet24compute_output_buffer_2dINS_5arrayI8ap_fixedILi16ELi6EL9ap_q_mode5EL9_23]:  wired=1; compound=0; hidden=0; nouse=0; global=1; static=1; extern=0; dir=2; type=0; pingpong=0; private_global=0; IO mode=ap_ovld:ce=0
Port [ p_ZZN4nnet24compute_output_buffer_2dINS_5arrayI8ap_fixedILi16ELi6EL9ap_q_mode5EL9_22]:  wired=1; compound=0; hidden=0; nouse=0; global=1; static=1; extern=0; dir=2; type=0; pingpong=0; private_global=0; IO mode=ap_ovld:ce=0
Port [ p_ZZN4nnet24compute_output_buffer_2dINS_5arrayI8ap_fixedILi16ELi6EL9ap_q_mode5EL9_21]:  wired=1; compound=0; hidden=0; nouse=0; global=1; static=1; extern=0; dir=2; type=0; pingpong=0; private_global=0; IO mode=ap_ovld:ce=0
Port [ p_ZZN4nnet24compute_output_buffer_2dINS_5arrayI8ap_fixedILi16ELi6EL9ap_q_mode5EL9_20]:  wired=1; compound=0; hidden=0; nouse=0; global=1; static=1; extern=0; dir=2; type=0; pingpong=0; private_global=0; IO mode=ap_ovld:ce=0
Port [ p_ZZN4nnet24compute_output_buffer_2dINS_5arrayI8ap_fixedILi16ELi6EL9ap_q_mode5EL9_19]:  wired=1; compound=0; hidden=0; nouse=0; global=1; static=1; extern=0; dir=2; type=0; pingpong=0; private_global=0; IO mode=ap_ovld:ce=0
Port [ p_ZZN4nnet24compute_output_buffer_2dINS_5arrayI8ap_fixedILi16ELi6EL9ap_q_mode5EL9_18]:  wired=1; compound=0; hidden=0; nouse=0; global=1; static=1; extern=0; dir=2; type=0; pingpong=0; private_global=0; IO mode=ap_ovld:ce=0
Port [ p_ZZN4nnet24compute_output_buffer_2dINS_5arrayI8ap_fixedILi16ELi6EL9ap_q_mode5EL9_17]:  wired=1; compound=0; hidden=0; nouse=0; global=1; static=1; extern=0; dir=2; type=0; pingpong=0; private_global=0; IO mode=ap_ovld:ce=0
Port [ p_ZZN4nnet24compute_output_buffer_2dINS_5arrayI8ap_fixedILi16ELi6EL9ap_q_mode5EL9_16]:  wired=1; compound=0; hidden=0; nouse=0; global=1; static=1; extern=0; dir=2; type=0; pingpong=0; private_global=0; IO mode=ap_ovld:ce=0
Port [ p_ZZN4nnet24compute_output_buffer_2dINS_5arrayI8ap_fixedILi16ELi6EL9ap_q_mode5EL9_15]:  wired=1; compound=0; hidden=0; nouse=0; global=1; static=1; extern=0; dir=2; type=0; pingpong=0; private_global=0; IO mode=ap_ovld:ce=0
Port [ p_ZZN4nnet24compute_output_buffer_2dINS_5arrayI8ap_fixedILi16ELi6EL9ap_q_mode5EL9_14]:  wired=1; compound=0; hidden=0; nouse=0; global=1; static=1; extern=0; dir=2; type=0; pingpong=0; private_global=0; IO mode=ap_ovld:ce=0
Port [ p_ZZN4nnet24compute_output_buffer_2dINS_5arrayI8ap_fixedILi16ELi6EL9ap_q_mode5EL9_13]:  wired=1; compound=0; hidden=0; nouse=0; global=1; static=1; extern=0; dir=2; type=0; pingpong=0; private_global=0; IO mode=ap_ovld:ce=0
Port [ p_ZZN4nnet24compute_output_buffer_2dINS_5arrayI8ap_fixedILi16ELi6EL9ap_q_mode5EL9_12]:  wired=1; compound=0; hidden=0; nouse=0; global=1; static=1; extern=0; dir=2; type=0; pingpong=0; private_global=0; IO mode=ap_ovld:ce=0
Port [ p_ZZN4nnet24compute_output_buffer_2dINS_5arrayI8ap_fixedILi16ELi6EL9ap_q_mode5EL9_11]:  wired=1; compound=0; hidden=0; nouse=0; global=1; static=1; extern=0; dir=2; type=0; pingpong=0; private_global=0; IO mode=ap_ovld:ce=0
Port [ p_ZZN4nnet24compute_output_buffer_2dINS_5arrayI8ap_fixedILi16ELi6EL9ap_q_mode5EL9_10]:  wired=1; compound=0; hidden=0; nouse=0; global=1; static=1; extern=0; dir=2; type=0; pingpong=0; private_global=0; IO mode=ap_ovld:ce=0
Port [ p_ZZN4nnet24compute_output_buffer_2dINS_5arrayI8ap_fixedILi16ELi6EL9ap_q_mode5EL9_9]:  wired=1; compound=0; hidden=0; nouse=0; global=1; static=1; extern=0; dir=2; type=0; pingpong=0; private_global=0; IO mode=ap_ovld:ce=0
Port [ p_ZZN4nnet24compute_output_buffer_2dINS_5arrayI8ap_fixedILi16ELi6EL9ap_q_mode5EL9_8]:  wired=1; compound=0; hidden=0; nouse=0; global=1; static=1; extern=0; dir=2; type=0; pingpong=0; private_global=0; IO mode=ap_ovld:ce=0
Port [ p_ZZN4nnet24compute_output_buffer_2dINS_5arrayI8ap_fixedILi16ELi6EL9ap_q_mode5EL9_7]:  wired=1; compound=0; hidden=0; nouse=0; global=1; static=1; extern=0; dir=2; type=0; pingpong=0; private_global=0; IO mode=ap_ovld:ce=0
Port [ p_ZZN4nnet24compute_output_buffer_2dINS_5arrayI8ap_fixedILi16ELi6EL9ap_q_mode5EL9_6]:  wired=1; compound=0; hidden=0; nouse=0; global=1; static=1; extern=0; dir=2; type=0; pingpong=0; private_global=0; IO mode=ap_ovld:ce=0
Port [ p_ZZN4nnet24compute_output_buffer_2dINS_5arrayI8ap_fixedILi16ELi6EL9ap_q_mode5EL9_5]:  wired=1; compound=0; hidden=0; nouse=0; global=1; static=1; extern=0; dir=2; type=0; pingpong=0; private_global=0; IO mode=ap_ovld:ce=0
Port [ p_ZZN4nnet24compute_output_buffer_2dINS_5arrayI8ap_fixedILi16ELi6EL9ap_q_mode5EL9_4]:  wired=1; compound=0; hidden=0; nouse=0; global=1; static=1; extern=0; dir=2; type=0; pingpong=0; private_global=0; IO mode=ap_ovld:ce=0
Port [ p_ZZN4nnet24compute_output_buffer_2dINS_5arrayI8ap_fixedILi16ELi6EL9ap_q_mode5EL9_344]:  wired=1; compound=0; hidden=0; nouse=0; global=1; static=1; extern=0; dir=2; type=0; pingpong=0; private_global=0; IO mode=ap_ovld:ce=0
Port [ p_ZZN4nnet24compute_output_buffer_2dINS_5arrayI8ap_fixedILi16ELi6EL9ap_q_mode5EL9_345]:  wired=1; compound=0; hidden=0; nouse=0; global=1; static=1; extern=0; dir=2; type=0; pingpong=0; private_global=0; IO mode=ap_ovld:ce=0
Port [ p_ZZN4nnet24compute_output_buffer_2dINS_5arrayI8ap_fixedILi16ELi6EL9ap_q_mode5EL9_346]:  wired=1; compound=0; hidden=0; nouse=0; global=1; static=1; extern=0; dir=2; type=0; pingpong=0; private_global=0; IO mode=ap_ovld:ce=0
Port [ p_ZZN4nnet24compute_output_buffer_2dINS_5arrayI8ap_fixedILi16ELi6EL9ap_q_mode5EL9_347]:  wired=1; compound=0; hidden=0; nouse=0; global=1; static=1; extern=0; dir=2; type=0; pingpong=0; private_global=0; IO mode=ap_ovld:ce=0
Port [ p_ZZN4nnet24compute_output_buffer_2dINS_5arrayI8ap_fixedILi16ELi6EL9ap_q_mode5EL9_348]:  wired=1; compound=0; hidden=0; nouse=0; global=1; static=1; extern=0; dir=2; type=0; pingpong=0; private_global=0; IO mode=ap_ovld:ce=0
Port [ p_ZZN4nnet24compute_output_buffer_2dINS_5arrayI8ap_fixedILi16ELi6EL9ap_q_mode5EL9_349]:  wired=1; compound=0; hidden=0; nouse=0; global=1; static=1; extern=0; dir=2; type=0; pingpong=0; private_global=0; IO mode=ap_ovld:ce=0
Port [ p_ZZN4nnet24compute_output_buffer_2dINS_5arrayI8ap_fixedILi16ELi6EL9ap_q_mode5EL9_350]:  wired=1; compound=0; hidden=0; nouse=0; global=1; static=1; extern=0; dir=2; type=0; pingpong=0; private_global=0; IO mode=ap_ovld:ce=0
Port [ p_ZZN4nnet24compute_output_buffer_2dINS_5arrayI8ap_fixedILi16ELi6EL9ap_q_mode5EL9_351]:  wired=1; compound=0; hidden=0; nouse=0; global=1; static=1; extern=0; dir=2; type=0; pingpong=0; private_global=0; IO mode=ap_ovld:ce=0
Port [ p_ZZN4nnet24compute_output_buffer_2dINS_5arrayI8ap_fixedILi16ELi6EL9ap_q_mode5EL9_352]:  wired=1; compound=0; hidden=0; nouse=0; global=1; static=1; extern=0; dir=2; type=0; pingpong=0; private_global=0; IO mode=ap_ovld:ce=0
Port [ p_ZZN4nnet24compute_output_buffer_2dINS_5arrayI8ap_fixedILi16ELi6EL9ap_q_mode5EL9_353]:  wired=1; compound=0; hidden=0; nouse=0; global=1; static=1; extern=0; dir=2; type=0; pingpong=0; private_global=0; IO mode=ap_ovld:ce=0
Port [ p_ZZN4nnet24compute_output_buffer_2dINS_5arrayI8ap_fixedILi16ELi6EL9ap_q_mode5EL9_355]:  wired=1; compound=0; hidden=0; nouse=0; global=1; static=1; extern=0; dir=2; type=0; pingpong=0; private_global=0; IO mode=ap_ovld:ce=0
Port [ p_ZZN4nnet24compute_output_buffer_2dINS_5arrayI8ap_fixedILi16ELi6EL9ap_q_mode5EL9_356]:  wired=1; compound=0; hidden=0; nouse=0; global=1; static=1; extern=0; dir=2; type=0; pingpong=0; private_global=0; IO mode=ap_ovld:ce=0
Port [ p_ZZN4nnet24compute_output_buffer_2dINS_5arrayI8ap_fixedILi16ELi6EL9ap_q_mode5EL9_357]:  wired=1; compound=0; hidden=0; nouse=0; global=1; static=1; extern=0; dir=2; type=0; pingpong=0; private_global=0; IO mode=ap_ovld:ce=0
Port [ p_ZZN4nnet24compute_output_buffer_2dINS_5arrayI8ap_fixedILi16ELi6EL9ap_q_mode5EL9_358]:  wired=1; compound=0; hidden=0; nouse=0; global=1; static=1; extern=0; dir=2; type=0; pingpong=0; private_global=0; IO mode=ap_ovld:ce=0
Port [ p_ZZN4nnet24compute_output_buffer_2dINS_5arrayI8ap_fixedILi16ELi6EL9ap_q_mode5EL9_359]:  wired=1; compound=0; hidden=0; nouse=0; global=1; static=1; extern=0; dir=2; type=0; pingpong=0; private_global=0; IO mode=ap_ovld:ce=0
Port [ p_ZZN4nnet24compute_output_buffer_2dINS_5arrayI8ap_fixedILi16ELi6EL9ap_q_mode5EL9_360]:  wired=1; compound=0; hidden=0; nouse=0; global=1; static=1; extern=0; dir=2; type=0; pingpong=0; private_global=0; IO mode=ap_ovld:ce=0
Port [ p_ZZN4nnet24compute_output_buffer_2dINS_5arrayI8ap_fixedILi16ELi6EL9ap_q_mode5EL9_361]:  wired=1; compound=0; hidden=0; nouse=0; global=1; static=1; extern=0; dir=2; type=0; pingpong=0; private_global=0; IO mode=ap_ovld:ce=0
Port [ p_ZZN4nnet24compute_output_buffer_2dINS_5arrayI8ap_fixedILi16ELi6EL9ap_q_mode5EL9_362]:  wired=1; compound=0; hidden=0; nouse=0; global=1; static=1; extern=0; dir=2; type=0; pingpong=0; private_global=0; IO mode=ap_ovld:ce=0
Port [ p_ZZN4nnet24compute_output_buffer_2dINS_5arrayI8ap_fixedILi16ELi6EL9ap_q_mode5EL9_363]:  wired=1; compound=0; hidden=0; nouse=0; global=1; static=1; extern=0; dir=2; type=0; pingpong=0; private_global=0; IO mode=ap_ovld:ce=0
Port [ p_ZZN4nnet24compute_output_buffer_2dINS_5arrayI8ap_fixedILi16ELi6EL9ap_q_mode5EL9_364]:  wired=1; compound=0; hidden=0; nouse=0; global=1; static=1; extern=0; dir=2; type=0; pingpong=0; private_global=0; IO mode=ap_ovld:ce=0
Port [ p_ZZN4nnet24compute_output_buffer_2dINS_5arrayI8ap_fixedILi16ELi6EL9ap_q_mode5EL9_366]:  wired=1; compound=0; hidden=0; nouse=0; global=1; static=1; extern=0; dir=2; type=0; pingpong=0; private_global=0; IO mode=ap_ovld:ce=0
Port [ p_ZZN4nnet24compute_output_buffer_2dINS_5arrayI8ap_fixedILi16ELi6EL9ap_q_mode5EL9_367]:  wired=1; compound=0; hidden=0; nouse=0; global=1; static=1; extern=0; dir=2; type=0; pingpong=0; private_global=0; IO mode=ap_ovld:ce=0
Port [ p_ZZN4nnet24compute_output_buffer_2dINS_5arrayI8ap_fixedILi16ELi6EL9ap_q_mode5EL9_368]:  wired=1; compound=0; hidden=0; nouse=0; global=1; static=1; extern=0; dir=2; type=0; pingpong=0; private_global=0; IO mode=ap_ovld:ce=0
Port [ p_ZZN4nnet24compute_output_buffer_2dINS_5arrayI8ap_fixedILi16ELi6EL9ap_q_mode5EL9_369]:  wired=1; compound=0; hidden=0; nouse=0; global=1; static=1; extern=0; dir=2; type=0; pingpong=0; private_global=0; IO mode=ap_ovld:ce=0
Port [ p_ZZN4nnet24compute_output_buffer_2dINS_5arrayI8ap_fixedILi16ELi6EL9ap_q_mode5EL9_370]:  wired=1; compound=0; hidden=0; nouse=0; global=1; static=1; extern=0; dir=2; type=0; pingpong=0; private_global=0; IO mode=ap_ovld:ce=0
Port [ p_ZZN4nnet24compute_output_buffer_2dINS_5arrayI8ap_fixedILi16ELi6EL9ap_q_mode5EL9_371]:  wired=1; compound=0; hidden=0; nouse=0; global=1; static=1; extern=0; dir=2; type=0; pingpong=0; private_global=0; IO mode=ap_ovld:ce=0
Port [ p_ZZN4nnet24compute_output_buffer_2dINS_5arrayI8ap_fixedILi16ELi6EL9ap_q_mode5EL9_372]:  wired=1; compound=0; hidden=0; nouse=0; global=1; static=1; extern=0; dir=2; type=0; pingpong=0; private_global=0; IO mode=ap_ovld:ce=0
Port [ p_ZZN4nnet24compute_output_buffer_2dINS_5arrayI8ap_fixedILi16ELi6EL9ap_q_mode5EL9_373]:  wired=1; compound=0; hidden=0; nouse=0; global=1; static=1; extern=0; dir=2; type=0; pingpong=0; private_global=0; IO mode=ap_ovld:ce=0
Port [ p_ZZN4nnet24compute_output_buffer_2dINS_5arrayI8ap_fixedILi16ELi6EL9ap_q_mode5EL9_374]:  wired=1; compound=0; hidden=0; nouse=0; global=1; static=1; extern=0; dir=2; type=0; pingpong=0; private_global=0; IO mode=ap_ovld:ce=0
Port [ p_ZZN4nnet24compute_output_buffer_2dINS_5arrayI8ap_fixedILi16ELi6EL9ap_q_mode5EL9_375]:  wired=1; compound=0; hidden=0; nouse=0; global=1; static=1; extern=0; dir=2; type=0; pingpong=0; private_global=0; IO mode=ap_ovld:ce=0
Port [ p_ZZN4nnet24compute_output_buffer_2dINS_5arrayI8ap_fixedILi16ELi6EL9ap_q_mode5EL9_377]:  wired=1; compound=0; hidden=0; nouse=0; global=1; static=1; extern=0; dir=2; type=0; pingpong=0; private_global=0; IO mode=ap_ovld:ce=0
Port [ p_ZZN4nnet24compute_output_buffer_2dINS_5arrayI8ap_fixedILi16ELi6EL9ap_q_mode5EL9_378]:  wired=1; compound=0; hidden=0; nouse=0; global=1; static=1; extern=0; dir=2; type=0; pingpong=0; private_global=0; IO mode=ap_ovld:ce=0
Port [ p_ZZN4nnet24compute_output_buffer_2dINS_5arrayI8ap_fixedILi16ELi6EL9ap_q_mode5EL9_449]:  wired=1; compound=0; hidden=0; nouse=0; global=1; static=1; extern=0; dir=2; type=0; pingpong=0; private_global=0; IO mode=ap_ovld:ce=0
Port [ p_ZZN4nnet24compute_output_buffer_2dINS_5arrayI8ap_fixedILi16ELi6EL9ap_q_mode5EL9_450]:  wired=1; compound=0; hidden=0; nouse=0; global=1; static=1; extern=0; dir=2; type=0; pingpong=0; private_global=0; IO mode=ap_ovld:ce=0
Port [ p_ZZN4nnet24compute_output_buffer_2dINS_5arrayI8ap_fixedILi16ELi6EL9ap_q_mode5EL9_451]:  wired=1; compound=0; hidden=0; nouse=0; global=1; static=1; extern=0; dir=2; type=0; pingpong=0; private_global=0; IO mode=ap_ovld:ce=0
Port [ p_ZZN4nnet24compute_output_buffer_2dINS_5arrayI8ap_fixedILi16ELi6EL9ap_q_mode5EL9_452]:  wired=1; compound=0; hidden=0; nouse=0; global=1; static=1; extern=0; dir=2; type=0; pingpong=0; private_global=0; IO mode=ap_ovld:ce=0
Port [ p_ZZN4nnet24compute_output_buffer_2dINS_5arrayI8ap_fixedILi16ELi6EL9ap_q_mode5EL9_454]:  wired=1; compound=0; hidden=0; nouse=0; global=1; static=1; extern=0; dir=2; type=0; pingpong=0; private_global=0; IO mode=ap_ovld:ce=0
Port [ p_ZZN4nnet24compute_output_buffer_2dINS_5arrayI8ap_fixedILi16ELi6EL9ap_q_mode5EL9_99]:  wired=1; compound=0; hidden=0; nouse=0; global=1; static=1; extern=0; dir=2; type=0; pingpong=0; private_global=0; IO mode=ap_ovld:ce=0
Port [ p_ZZN4nnet24compute_output_buffer_2dINS_5arrayI8ap_fixedILi16ELi6EL9ap_q_mode5EL9_98]:  wired=1; compound=0; hidden=0; nouse=0; global=1; static=1; extern=0; dir=2; type=0; pingpong=0; private_global=0; IO mode=ap_ovld:ce=0
Port [ p_ZZN4nnet24compute_output_buffer_2dINS_5arrayI8ap_fixedILi16ELi6EL9ap_q_mode5EL9_97]:  wired=1; compound=0; hidden=0; nouse=0; global=1; static=1; extern=0; dir=2; type=0; pingpong=0; private_global=0; IO mode=ap_ovld:ce=0
Port [ p_ZZN4nnet24compute_output_buffer_2dINS_5arrayI8ap_fixedILi16ELi6EL9ap_q_mode5EL9_96]:  wired=1; compound=0; hidden=0; nouse=0; global=1; static=1; extern=0; dir=2; type=0; pingpong=0; private_global=0; IO mode=ap_ovld:ce=0
Port [ p_ZZN4nnet24compute_output_buffer_2dINS_5arrayI8ap_fixedILi16ELi6EL9ap_q_mode5EL9_95]:  wired=1; compound=0; hidden=0; nouse=0; global=1; static=1; extern=0; dir=2; type=0; pingpong=0; private_global=0; IO mode=ap_ovld:ce=0
Port [ p_ZZN4nnet24compute_output_buffer_2dINS_5arrayI8ap_fixedILi16ELi6EL9ap_q_mode5EL9_94]:  wired=1; compound=0; hidden=0; nouse=0; global=1; static=1; extern=0; dir=2; type=0; pingpong=0; private_global=0; IO mode=ap_ovld:ce=0
Port [ p_ZZN4nnet24compute_output_buffer_2dINS_5arrayI8ap_fixedILi16ELi6EL9ap_q_mode5EL9_93]:  wired=1; compound=0; hidden=0; nouse=0; global=1; static=1; extern=0; dir=2; type=0; pingpong=0; private_global=0; IO mode=ap_ovld:ce=0
Port [ p_ZZN4nnet24compute_output_buffer_2dINS_5arrayI8ap_fixedILi16ELi6EL9ap_q_mode5EL9_92]:  wired=1; compound=0; hidden=0; nouse=0; global=1; static=1; extern=0; dir=2; type=0; pingpong=0; private_global=0; IO mode=ap_ovld:ce=0
Port [ p_ZZN4nnet24compute_output_buffer_2dINS_5arrayI8ap_fixedILi16ELi6EL9ap_q_mode5EL9_91]:  wired=1; compound=0; hidden=0; nouse=0; global=1; static=1; extern=0; dir=2; type=0; pingpong=0; private_global=0; IO mode=ap_ovld:ce=0
Port [ p_ZZN4nnet24compute_output_buffer_2dINS_5arrayI8ap_fixedILi16ELi6EL9ap_q_mode5EL9_89]:  wired=1; compound=0; hidden=0; nouse=0; global=1; static=1; extern=0; dir=2; type=0; pingpong=0; private_global=0; IO mode=ap_ovld:ce=0
Port [ p_ZZN4nnet24compute_output_buffer_2dINS_5arrayI8ap_fixedILi16ELi6EL9ap_q_mode5EL9_88]:  wired=1; compound=0; hidden=0; nouse=0; global=1; static=1; extern=0; dir=2; type=0; pingpong=0; private_global=0; IO mode=ap_ovld:ce=0
Port [ p_ZZN4nnet24compute_output_buffer_2dINS_5arrayI8ap_fixedILi16ELi6EL9ap_q_mode5EL9_87]:  wired=1; compound=0; hidden=0; nouse=0; global=1; static=1; extern=0; dir=2; type=0; pingpong=0; private_global=0; IO mode=ap_ovld:ce=0
Port [ p_ZZN4nnet24compute_output_buffer_2dINS_5arrayI8ap_fixedILi16ELi6EL9ap_q_mode5EL9_86]:  wired=1; compound=0; hidden=0; nouse=0; global=1; static=1; extern=0; dir=2; type=0; pingpong=0; private_global=0; IO mode=ap_ovld:ce=0
Port [ p_ZZN4nnet24compute_output_buffer_2dINS_5arrayI8ap_fixedILi16ELi6EL9ap_q_mode5EL9_85]:  wired=1; compound=0; hidden=0; nouse=0; global=1; static=1; extern=0; dir=2; type=0; pingpong=0; private_global=0; IO mode=ap_ovld:ce=0
Port [ p_ZZN4nnet24compute_output_buffer_2dINS_5arrayI8ap_fixedILi16ELi6EL9ap_q_mode5EL9_84]:  wired=1; compound=0; hidden=0; nouse=0; global=1; static=1; extern=0; dir=2; type=0; pingpong=0; private_global=0; IO mode=ap_ovld:ce=0
Port [ p_ZZN4nnet24compute_output_buffer_2dINS_5arrayI8ap_fixedILi16ELi6EL9ap_q_mode5EL9_83]:  wired=1; compound=0; hidden=0; nouse=0; global=1; static=1; extern=0; dir=2; type=0; pingpong=0; private_global=0; IO mode=ap_ovld:ce=0
Port [ p_ZZN4nnet24compute_output_buffer_2dINS_5arrayI8ap_fixedILi16ELi6EL9ap_q_mode5EL9_82]:  wired=1; compound=0; hidden=0; nouse=0; global=1; static=1; extern=0; dir=2; type=0; pingpong=0; private_global=0; IO mode=ap_ovld:ce=0
Port [ p_ZZN4nnet24compute_output_buffer_2dINS_5arrayI8ap_fixedILi16ELi6EL9ap_q_mode5EL9_81]:  wired=1; compound=0; hidden=0; nouse=0; global=1; static=1; extern=0; dir=2; type=0; pingpong=0; private_global=0; IO mode=ap_ovld:ce=0
Port [ p_ZZN4nnet24compute_output_buffer_2dINS_5arrayI8ap_fixedILi16ELi6EL9ap_q_mode5EL9_80]:  wired=1; compound=0; hidden=0; nouse=0; global=1; static=1; extern=0; dir=2; type=0; pingpong=0; private_global=0; IO mode=ap_ovld:ce=0
Port [ p_ZZN4nnet24compute_output_buffer_2dINS_5arrayI8ap_fixedILi16ELi6EL9ap_q_mode5EL9_78]:  wired=1; compound=0; hidden=0; nouse=0; global=1; static=1; extern=0; dir=2; type=0; pingpong=0; private_global=0; IO mode=ap_ovld:ce=0
Port [ p_ZZN4nnet24compute_output_buffer_2dINS_5arrayI8ap_fixedILi16ELi6EL9ap_q_mode5EL9_77]:  wired=1; compound=0; hidden=0; nouse=0; global=1; static=1; extern=0; dir=2; type=0; pingpong=0; private_global=0; IO mode=ap_ovld:ce=0
Port [ p_ZZN4nnet24compute_output_buffer_2dINS_5arrayI8ap_fixedILi16ELi6EL9ap_q_mode5EL9_76]:  wired=1; compound=0; hidden=0; nouse=0; global=1; static=1; extern=0; dir=2; type=0; pingpong=0; private_global=0; IO mode=ap_ovld:ce=0
Port [ p_ZZN4nnet24compute_output_buffer_2dINS_5arrayI8ap_fixedILi16ELi6EL9ap_q_mode5EL9_75]:  wired=1; compound=0; hidden=0; nouse=0; global=1; static=1; extern=0; dir=2; type=0; pingpong=0; private_global=0; IO mode=ap_ovld:ce=0
Port [ p_ZZN4nnet24compute_output_buffer_2dINS_5arrayI8ap_fixedILi16ELi6EL9ap_q_mode5EL9_74]:  wired=1; compound=0; hidden=0; nouse=0; global=1; static=1; extern=0; dir=2; type=0; pingpong=0; private_global=0; IO mode=ap_ovld:ce=0
Port [ p_ZZN4nnet24compute_output_buffer_2dINS_5arrayI8ap_fixedILi16ELi6EL9ap_q_mode5EL9_73]:  wired=1; compound=0; hidden=0; nouse=0; global=1; static=1; extern=0; dir=2; type=0; pingpong=0; private_global=0; IO mode=ap_ovld:ce=0
Port [ p_ZZN4nnet24compute_output_buffer_2dINS_5arrayI8ap_fixedILi16ELi6EL9ap_q_mode5EL9_72]:  wired=1; compound=0; hidden=0; nouse=0; global=1; static=1; extern=0; dir=2; type=0; pingpong=0; private_global=0; IO mode=ap_ovld:ce=0
Port [ p_ZZN4nnet24compute_output_buffer_2dINS_5arrayI8ap_fixedILi16ELi6EL9ap_q_mode5EL9_71]:  wired=1; compound=0; hidden=0; nouse=0; global=1; static=1; extern=0; dir=2; type=0; pingpong=0; private_global=0; IO mode=ap_ovld:ce=0
Port [ p_ZZN4nnet25conv_2d_buffer_latency_clINS_5arrayI8ap_fixedILi16ELi6EL9ap_q_mode5EL_63]:  wired=0; compound=1; hidden=1; nouse=0; global=1; static=1; extern=0; dir=3; type=1; pingpong=0; private_global=1; MemPort=[2]; IO mode=ap_memory:ce=0
Port [ p_ZZN4nnet25conv_2d_buffer_latency_clINS_5arrayI8ap_fixedILi16ELi6EL9ap_q_mode5EL_31]:  wired=0; compound=1; hidden=1; nouse=0; global=1; static=1; extern=0; dir=3; type=1; pingpong=0; private_global=1; MemPort=[2]; IO mode=ap_memory:ce=0
Port [ p_ZZN4nnet25conv_2d_buffer_latency_clINS_5arrayI8ap_fixedILi16ELi6EL9ap_q_mode5EL_62]:  wired=0; compound=1; hidden=1; nouse=0; global=1; static=1; extern=0; dir=3; type=1; pingpong=0; private_global=1; MemPort=[2]; IO mode=ap_memory:ce=0
Port [ p_ZZN4nnet25conv_2d_buffer_latency_clINS_5arrayI8ap_fixedILi16ELi6EL9ap_q_mode5EL_30]:  wired=0; compound=1; hidden=1; nouse=0; global=1; static=1; extern=0; dir=3; type=1; pingpong=0; private_global=1; MemPort=[2]; IO mode=ap_memory:ce=0
Port [ p_ZZN4nnet25conv_2d_buffer_latency_clINS_5arrayI8ap_fixedILi16ELi6EL9ap_q_mode5EL_51]:  wired=0; compound=1; hidden=1; nouse=0; global=1; static=1; extern=0; dir=3; type=1; pingpong=0; private_global=1; MemPort=[2]; IO mode=ap_memory:ce=0
Port [ p_ZZN4nnet25conv_2d_buffer_latency_clINS_5arrayI8ap_fixedILi16ELi6EL9ap_q_mode5EL_19]:  wired=0; compound=1; hidden=1; nouse=0; global=1; static=1; extern=0; dir=3; type=1; pingpong=0; private_global=1; MemPort=[2]; IO mode=ap_memory:ce=0
Port [ p_ZZN4nnet25conv_2d_buffer_latency_clINS_5arrayI8ap_fixedILi16ELi6EL9ap_q_mode5EL_40]:  wired=0; compound=1; hidden=1; nouse=0; global=1; static=1; extern=0; dir=3; type=1; pingpong=0; private_global=1; MemPort=[2]; IO mode=ap_memory:ce=0
Port [ p_ZZN4nnet25conv_2d_buffer_latency_clINS_5arrayI8ap_fixedILi16ELi6EL9ap_q_mode5EL_8]:  wired=0; compound=1; hidden=1; nouse=0; global=1; static=1; extern=0; dir=3; type=1; pingpong=0; private_global=1; MemPort=[2]; IO mode=ap_memory:ce=0
Port [ p_ZZN4nnet25conv_2d_buffer_latency_clINS_5arrayI8ap_fixedILi16ELi6EL9ap_q_mode5EL_37]:  wired=0; compound=1; hidden=1; nouse=0; global=1; static=1; extern=0; dir=3; type=1; pingpong=0; private_global=1; MemPort=[2]; IO mode=ap_memory:ce=0
Port [ p_ZZN4nnet25conv_2d_buffer_latency_clINS_5arrayI8ap_fixedILi16ELi6EL9ap_q_mode5EL_5]:  wired=0; compound=1; hidden=1; nouse=0; global=1; static=1; extern=0; dir=3; type=1; pingpong=0; private_global=1; MemPort=[2]; IO mode=ap_memory:ce=0
Port [ p_ZZN4nnet25conv_2d_buffer_latency_clINS_5arrayI8ap_fixedILi16ELi6EL9ap_q_mode5EL_36]:  wired=0; compound=1; hidden=1; nouse=0; global=1; static=1; extern=0; dir=3; type=1; pingpong=0; private_global=1; MemPort=[2]; IO mode=ap_memory:ce=0
Port [ p_ZZN4nnet25conv_2d_buffer_latency_clINS_5arrayI8ap_fixedILi16ELi6EL9ap_q_mode5EL_4]:  wired=0; compound=1; hidden=1; nouse=0; global=1; static=1; extern=0; dir=3; type=1; pingpong=0; private_global=1; MemPort=[2]; IO mode=ap_memory:ce=0
Port [ p_ZZN4nnet25conv_2d_buffer_latency_clINS_5arrayI8ap_fixedILi16ELi6EL9ap_q_mode5EL_35]:  wired=0; compound=1; hidden=1; nouse=0; global=1; static=1; extern=0; dir=3; type=1; pingpong=0; private_global=1; MemPort=[2]; IO mode=ap_memory:ce=0
Port [ p_ZZN4nnet25conv_2d_buffer_latency_clINS_5arrayI8ap_fixedILi16ELi6EL9ap_q_mode5EL_3]:  wired=0; compound=1; hidden=1; nouse=0; global=1; static=1; extern=0; dir=3; type=1; pingpong=0; private_global=1; MemPort=[2]; IO mode=ap_memory:ce=0
Port [ p_ZZN4nnet25conv_2d_buffer_latency_clINS_5arrayI8ap_fixedILi16ELi6EL9ap_q_mode5EL_34]:  wired=0; compound=1; hidden=1; nouse=0; global=1; static=1; extern=0; dir=3; type=1; pingpong=0; private_global=1; MemPort=[2]; IO mode=ap_memory:ce=0
Port [ p_ZZN4nnet25conv_2d_buffer_latency_clINS_5arrayI8ap_fixedILi16ELi6EL9ap_q_mode5EL_2]:  wired=0; compound=1; hidden=1; nouse=0; global=1; static=1; extern=0; dir=3; type=1; pingpong=0; private_global=1; MemPort=[2]; IO mode=ap_memory:ce=0
Port [ p_ZZN4nnet25conv_2d_buffer_latency_clINS_5arrayI8ap_fixedILi16ELi6EL9ap_q_mode5EL_33]:  wired=0; compound=1; hidden=1; nouse=0; global=1; static=1; extern=0; dir=3; type=1; pingpong=0; private_global=1; MemPort=[2]; IO mode=ap_memory:ce=0
Port [ p_ZZN4nnet25conv_2d_buffer_latency_clINS_5arrayI8ap_fixedILi16ELi6EL9ap_q_mode5EL_1]:  wired=0; compound=1; hidden=1; nouse=0; global=1; static=1; extern=0; dir=3; type=1; pingpong=0; private_global=1; MemPort=[2]; IO mode=ap_memory:ce=0
Port [ p_ZZN4nnet25conv_2d_buffer_latency_clINS_5arrayI8ap_fixedILi16ELi6EL9ap_q_mode5EL_32]:  wired=0; compound=1; hidden=1; nouse=0; global=1; static=1; extern=0; dir=3; type=1; pingpong=0; private_global=1; MemPort=[2]; IO mode=ap_memory:ce=0
Port [ p_ZZN4nnet25conv_2d_buffer_latency_clINS_5arrayI8ap_fixedILi16ELi6EL9ap_q_mode5EL]:  wired=0; compound=1; hidden=1; nouse=0; global=1; static=1; extern=0; dir=3; type=1; pingpong=0; private_global=1; MemPort=[2]; IO mode=ap_memory:ce=0
Port [ p_ZZN4nnet25conv_2d_buffer_latency_clINS_5arrayI8ap_fixedILi16ELi6EL9ap_q_mode5EL_61]:  wired=0; compound=1; hidden=1; nouse=0; global=1; static=1; extern=0; dir=3; type=1; pingpong=0; private_global=1; MemPort=[2]; IO mode=ap_memory:ce=0
Port [ p_ZZN4nnet25conv_2d_buffer_latency_clINS_5arrayI8ap_fixedILi16ELi6EL9ap_q_mode5EL_29]:  wired=0; compound=1; hidden=1; nouse=0; global=1; static=1; extern=0; dir=3; type=1; pingpong=0; private_global=1; MemPort=[2]; IO mode=ap_memory:ce=0
Port [ p_ZZN4nnet25conv_2d_buffer_latency_clINS_5arrayI8ap_fixedILi16ELi6EL9ap_q_mode5EL_60]:  wired=0; compound=1; hidden=1; nouse=0; global=1; static=1; extern=0; dir=3; type=1; pingpong=0; private_global=1; MemPort=[2]; IO mode=ap_memory:ce=0
Port [ p_ZZN4nnet25conv_2d_buffer_latency_clINS_5arrayI8ap_fixedILi16ELi6EL9ap_q_mode5EL_28]:  wired=0; compound=1; hidden=1; nouse=0; global=1; static=1; extern=0; dir=3; type=1; pingpong=0; private_global=1; MemPort=[2]; IO mode=ap_memory:ce=0
Port [ p_ZZN4nnet25conv_2d_buffer_latency_clINS_5arrayI8ap_fixedILi16ELi6EL9ap_q_mode5EL_59]:  wired=0; compound=1; hidden=1; nouse=0; global=1; static=1; extern=0; dir=3; type=1; pingpong=0; private_global=1; MemPort=[2]; IO mode=ap_memory:ce=0
Port [ p_ZZN4nnet25conv_2d_buffer_latency_clINS_5arrayI8ap_fixedILi16ELi6EL9ap_q_mode5EL_27]:  wired=0; compound=1; hidden=1; nouse=0; global=1; static=1; extern=0; dir=3; type=1; pingpong=0; private_global=1; MemPort=[2]; IO mode=ap_memory:ce=0
Port [ p_ZZN4nnet25conv_2d_buffer_latency_clINS_5arrayI8ap_fixedILi16ELi6EL9ap_q_mode5EL_58]:  wired=0; compound=1; hidden=1; nouse=0; global=1; static=1; extern=0; dir=3; type=1; pingpong=0; private_global=1; MemPort=[2]; IO mode=ap_memory:ce=0
Port [ p_ZZN4nnet25conv_2d_buffer_latency_clINS_5arrayI8ap_fixedILi16ELi6EL9ap_q_mode5EL_26]:  wired=0; compound=1; hidden=1; nouse=0; global=1; static=1; extern=0; dir=3; type=1; pingpong=0; private_global=1; MemPort=[2]; IO mode=ap_memory:ce=0
Port [ p_ZZN4nnet25conv_2d_buffer_latency_clINS_5arrayI8ap_fixedILi16ELi6EL9ap_q_mode5EL_57]:  wired=0; compound=1; hidden=1; nouse=0; global=1; static=1; extern=0; dir=3; type=1; pingpong=0; private_global=1; MemPort=[2]; IO mode=ap_memory:ce=0
Port [ p_ZZN4nnet25conv_2d_buffer_latency_clINS_5arrayI8ap_fixedILi16ELi6EL9ap_q_mode5EL_25]:  wired=0; compound=1; hidden=1; nouse=0; global=1; static=1; extern=0; dir=3; type=1; pingpong=0; private_global=1; MemPort=[2]; IO mode=ap_memory:ce=0
Port [ p_ZZN4nnet25conv_2d_buffer_latency_clINS_5arrayI8ap_fixedILi16ELi6EL9ap_q_mode5EL_56]:  wired=0; compound=1; hidden=1; nouse=0; global=1; static=1; extern=0; dir=3; type=1; pingpong=0; private_global=1; MemPort=[2]; IO mode=ap_memory:ce=0
Port [ p_ZZN4nnet25conv_2d_buffer_latency_clINS_5arrayI8ap_fixedILi16ELi6EL9ap_q_mode5EL_24]:  wired=0; compound=1; hidden=1; nouse=0; global=1; static=1; extern=0; dir=3; type=1; pingpong=0; private_global=1; MemPort=[2]; IO mode=ap_memory:ce=0
Port [ p_ZZN4nnet25conv_2d_buffer_latency_clINS_5arrayI8ap_fixedILi16ELi6EL9ap_q_mode5EL_55]:  wired=0; compound=1; hidden=1; nouse=0; global=1; static=1; extern=0; dir=3; type=1; pingpong=0; private_global=1; MemPort=[2]; IO mode=ap_memory:ce=0
Port [ p_ZZN4nnet25conv_2d_buffer_latency_clINS_5arrayI8ap_fixedILi16ELi6EL9ap_q_mode5EL_23]:  wired=0; compound=1; hidden=1; nouse=0; global=1; static=1; extern=0; dir=3; type=1; pingpong=0; private_global=1; MemPort=[2]; IO mode=ap_memory:ce=0
Port [ p_ZZN4nnet25conv_2d_buffer_latency_clINS_5arrayI8ap_fixedILi16ELi6EL9ap_q_mode5EL_54]:  wired=0; compound=1; hidden=1; nouse=0; global=1; static=1; extern=0; dir=3; type=1; pingpong=0; private_global=1; MemPort=[2]; IO mode=ap_memory:ce=0
Port [ p_ZZN4nnet25conv_2d_buffer_latency_clINS_5arrayI8ap_fixedILi16ELi6EL9ap_q_mode5EL_22]:  wired=0; compound=1; hidden=1; nouse=0; global=1; static=1; extern=0; dir=3; type=1; pingpong=0; private_global=1; MemPort=[2]; IO mode=ap_memory:ce=0
Port [ p_ZZN4nnet25conv_2d_buffer_latency_clINS_5arrayI8ap_fixedILi16ELi6EL9ap_q_mode5EL_53]:  wired=0; compound=1; hidden=1; nouse=0; global=1; static=1; extern=0; dir=3; type=1; pingpong=0; private_global=1; MemPort=[2]; IO mode=ap_memory:ce=0
Port [ p_ZZN4nnet25conv_2d_buffer_latency_clINS_5arrayI8ap_fixedILi16ELi6EL9ap_q_mode5EL_21]:  wired=0; compound=1; hidden=1; nouse=0; global=1; static=1; extern=0; dir=3; type=1; pingpong=0; private_global=1; MemPort=[2]; IO mode=ap_memory:ce=0
Port [ p_ZZN4nnet25conv_2d_buffer_latency_clINS_5arrayI8ap_fixedILi16ELi6EL9ap_q_mode5EL_52]:  wired=0; compound=1; hidden=1; nouse=0; global=1; static=1; extern=0; dir=3; type=1; pingpong=0; private_global=1; MemPort=[2]; IO mode=ap_memory:ce=0
Port [ p_ZZN4nnet25conv_2d_buffer_latency_clINS_5arrayI8ap_fixedILi16ELi6EL9ap_q_mode5EL_20]:  wired=0; compound=1; hidden=1; nouse=0; global=1; static=1; extern=0; dir=3; type=1; pingpong=0; private_global=1; MemPort=[2]; IO mode=ap_memory:ce=0
Port [ p_ZZN4nnet25conv_2d_buffer_latency_clINS_5arrayI8ap_fixedILi16ELi6EL9ap_q_mode5EL_50]:  wired=0; compound=1; hidden=1; nouse=0; global=1; static=1; extern=0; dir=3; type=1; pingpong=0; private_global=1; MemPort=[2]; IO mode=ap_memory:ce=0
Port [ p_ZZN4nnet25conv_2d_buffer_latency_clINS_5arrayI8ap_fixedILi16ELi6EL9ap_q_mode5EL_18]:  wired=0; compound=1; hidden=1; nouse=0; global=1; static=1; extern=0; dir=3; type=1; pingpong=0; private_global=1; MemPort=[2]; IO mode=ap_memory:ce=0
Port [ p_ZZN4nnet25conv_2d_buffer_latency_clINS_5arrayI8ap_fixedILi16ELi6EL9ap_q_mode5EL_49]:  wired=0; compound=1; hidden=1; nouse=0; global=1; static=1; extern=0; dir=3; type=1; pingpong=0; private_global=1; MemPort=[2]; IO mode=ap_memory:ce=0
Port [ p_ZZN4nnet25conv_2d_buffer_latency_clINS_5arrayI8ap_fixedILi16ELi6EL9ap_q_mode5EL_17]:  wired=0; compound=1; hidden=1; nouse=0; global=1; static=1; extern=0; dir=3; type=1; pingpong=0; private_global=1; MemPort=[2]; IO mode=ap_memory:ce=0
Port [ p_ZZN4nnet25conv_2d_buffer_latency_clINS_5arrayI8ap_fixedILi16ELi6EL9ap_q_mode5EL_48]:  wired=0; compound=1; hidden=1; nouse=0; global=1; static=1; extern=0; dir=3; type=1; pingpong=0; private_global=1; MemPort=[2]; IO mode=ap_memory:ce=0
Port [ p_ZZN4nnet25conv_2d_buffer_latency_clINS_5arrayI8ap_fixedILi16ELi6EL9ap_q_mode5EL_16]:  wired=0; compound=1; hidden=1; nouse=0; global=1; static=1; extern=0; dir=3; type=1; pingpong=0; private_global=1; MemPort=[2]; IO mode=ap_memory:ce=0
Port [ p_ZZN4nnet25conv_2d_buffer_latency_clINS_5arrayI8ap_fixedILi16ELi6EL9ap_q_mode5EL_47]:  wired=0; compound=1; hidden=1; nouse=0; global=1; static=1; extern=0; dir=3; type=1; pingpong=0; private_global=1; MemPort=[2]; IO mode=ap_memory:ce=0
Port [ p_ZZN4nnet25conv_2d_buffer_latency_clINS_5arrayI8ap_fixedILi16ELi6EL9ap_q_mode5EL_15]:  wired=0; compound=1; hidden=1; nouse=0; global=1; static=1; extern=0; dir=3; type=1; pingpong=0; private_global=1; MemPort=[2]; IO mode=ap_memory:ce=0
Port [ p_ZZN4nnet25conv_2d_buffer_latency_clINS_5arrayI8ap_fixedILi16ELi6EL9ap_q_mode5EL_46]:  wired=0; compound=1; hidden=1; nouse=0; global=1; static=1; extern=0; dir=3; type=1; pingpong=0; private_global=1; MemPort=[2]; IO mode=ap_memory:ce=0
Port [ p_ZZN4nnet25conv_2d_buffer_latency_clINS_5arrayI8ap_fixedILi16ELi6EL9ap_q_mode5EL_14]:  wired=0; compound=1; hidden=1; nouse=0; global=1; static=1; extern=0; dir=3; type=1; pingpong=0; private_global=1; MemPort=[2]; IO mode=ap_memory:ce=0
Port [ p_ZZN4nnet25conv_2d_buffer_latency_clINS_5arrayI8ap_fixedILi16ELi6EL9ap_q_mode5EL_45]:  wired=0; compound=1; hidden=1; nouse=0; global=1; static=1; extern=0; dir=3; type=1; pingpong=0; private_global=1; MemPort=[2]; IO mode=ap_memory:ce=0
Port [ p_ZZN4nnet25conv_2d_buffer_latency_clINS_5arrayI8ap_fixedILi16ELi6EL9ap_q_mode5EL_13]:  wired=0; compound=1; hidden=1; nouse=0; global=1; static=1; extern=0; dir=3; type=1; pingpong=0; private_global=1; MemPort=[2]; IO mode=ap_memory:ce=0
Port [ p_ZZN4nnet25conv_2d_buffer_latency_clINS_5arrayI8ap_fixedILi16ELi6EL9ap_q_mode5EL_44]:  wired=0; compound=1; hidden=1; nouse=0; global=1; static=1; extern=0; dir=3; type=1; pingpong=0; private_global=1; MemPort=[2]; IO mode=ap_memory:ce=0
Port [ p_ZZN4nnet25conv_2d_buffer_latency_clINS_5arrayI8ap_fixedILi16ELi6EL9ap_q_mode5EL_12]:  wired=0; compound=1; hidden=1; nouse=0; global=1; static=1; extern=0; dir=3; type=1; pingpong=0; private_global=1; MemPort=[2]; IO mode=ap_memory:ce=0
Port [ p_ZZN4nnet25conv_2d_buffer_latency_clINS_5arrayI8ap_fixedILi16ELi6EL9ap_q_mode5EL_43]:  wired=0; compound=1; hidden=1; nouse=0; global=1; static=1; extern=0; dir=3; type=1; pingpong=0; private_global=1; MemPort=[2]; IO mode=ap_memory:ce=0
Port [ p_ZZN4nnet25conv_2d_buffer_latency_clINS_5arrayI8ap_fixedILi16ELi6EL9ap_q_mode5EL_11]:  wired=0; compound=1; hidden=1; nouse=0; global=1; static=1; extern=0; dir=3; type=1; pingpong=0; private_global=1; MemPort=[2]; IO mode=ap_memory:ce=0
Port [ p_ZZN4nnet25conv_2d_buffer_latency_clINS_5arrayI8ap_fixedILi16ELi6EL9ap_q_mode5EL_42]:  wired=0; compound=1; hidden=1; nouse=0; global=1; static=1; extern=0; dir=3; type=1; pingpong=0; private_global=1; MemPort=[2]; IO mode=ap_memory:ce=0
Port [ p_ZZN4nnet25conv_2d_buffer_latency_clINS_5arrayI8ap_fixedILi16ELi6EL9ap_q_mode5EL_10]:  wired=0; compound=1; hidden=1; nouse=0; global=1; static=1; extern=0; dir=3; type=1; pingpong=0; private_global=1; MemPort=[2]; IO mode=ap_memory:ce=0
Port [ p_ZZN4nnet25conv_2d_buffer_latency_clINS_5arrayI8ap_fixedILi16ELi6EL9ap_q_mode5EL_41]:  wired=0; compound=1; hidden=1; nouse=0; global=1; static=1; extern=0; dir=3; type=1; pingpong=0; private_global=1; MemPort=[2]; IO mode=ap_memory:ce=0
Port [ p_ZZN4nnet25conv_2d_buffer_latency_clINS_5arrayI8ap_fixedILi16ELi6EL9ap_q_mode5EL_9]:  wired=0; compound=1; hidden=1; nouse=0; global=1; static=1; extern=0; dir=3; type=1; pingpong=0; private_global=1; MemPort=[2]; IO mode=ap_memory:ce=0
Port [ p_ZZN4nnet25conv_2d_buffer_latency_clINS_5arrayI8ap_fixedILi16ELi6EL9ap_q_mode5EL_39]:  wired=0; compound=1; hidden=1; nouse=0; global=1; static=1; extern=0; dir=3; type=1; pingpong=0; private_global=1; MemPort=[2]; IO mode=ap_memory:ce=0
Port [ p_ZZN4nnet25conv_2d_buffer_latency_clINS_5arrayI8ap_fixedILi16ELi6EL9ap_q_mode5EL_7]:  wired=0; compound=1; hidden=1; nouse=0; global=1; static=1; extern=0; dir=3; type=1; pingpong=0; private_global=1; MemPort=[2]; IO mode=ap_memory:ce=0
Port [ p_ZZN4nnet25conv_2d_buffer_latency_clINS_5arrayI8ap_fixedILi16ELi6EL9ap_q_mode5EL_38]:  wired=0; compound=1; hidden=1; nouse=0; global=1; static=1; extern=0; dir=3; type=1; pingpong=0; private_global=1; MemPort=[2]; IO mode=ap_memory:ce=0
Port [ p_ZZN4nnet25conv_2d_buffer_latency_clINS_5arrayI8ap_fixedILi16ELi6EL9ap_q_mode5EL_6]:  wired=0; compound=1; hidden=1; nouse=0; global=1; static=1; extern=0; dir=3; type=1; pingpong=0; private_global=1; MemPort=[2]; IO mode=ap_memory:ce=0
---------------- STG Properties END ------------------

---------------- Datapath Model BEGIN ----------------

<LifeTime>
<method=bitvector/>
specpipeline_ln221                                                                    (specpipeline) [ 00]
p_read_1                                                                              (read        ) [ 00]
p_read_2                                                                              (read        ) [ 00]
p_read_3                                                                              (read        ) [ 00]
p_read_4                                                                              (read        ) [ 00]
p_read_5                                                                              (read        ) [ 00]
p_read_6                                                                              (read        ) [ 00]
p_read_7                                                                              (read        ) [ 00]
p_read_8                                                                              (read        ) [ 00]
p_read_9                                                                              (read        ) [ 00]
p_read_10                                                                             (read        ) [ 00]
p_read_11                                                                             (read        ) [ 00]
p_read_12                                                                             (read        ) [ 00]
p_read_13                                                                             (read        ) [ 00]
p_read_14                                                                             (read        ) [ 00]
p_read_15                                                                             (read        ) [ 00]
p_read_16                                                                             (read        ) [ 00]
p_read_17                                                                             (read        ) [ 00]
p_read_18                                                                             (read        ) [ 00]
p_read_19                                                                             (read        ) [ 00]
p_read_20                                                                             (read        ) [ 00]
p_read_21                                                                             (read        ) [ 00]
p_read_22                                                                             (read        ) [ 00]
p_read_23                                                                             (read        ) [ 00]
p_read_24                                                                             (read        ) [ 00]
p_read_25                                                                             (read        ) [ 00]
p_read_26                                                                             (read        ) [ 00]
p_read_27                                                                             (read        ) [ 00]
p_read_28                                                                             (read        ) [ 00]
p_read_29                                                                             (read        ) [ 00]
p_read_30                                                                             (read        ) [ 00]
p_read_31                                                                             (read        ) [ 00]
p_read_32                                                                             (read        ) [ 00]
p_i                                                                                   (memshiftread) [ 00]
p_1_i                                                                                 (memshiftread) [ 00]
p_2_i                                                                                 (memshiftread) [ 00]
p_3_i                                                                                 (memshiftread) [ 00]
p_4_i                                                                                 (memshiftread) [ 00]
p_5_i                                                                                 (memshiftread) [ 00]
p_6_i                                                                                 (memshiftread) [ 00]
p_7_i                                                                                 (memshiftread) [ 00]
p_8_i                                                                                 (memshiftread) [ 00]
p_9_i                                                                                 (memshiftread) [ 00]
p_10_i                                                                                (memshiftread) [ 00]
p_11_i                                                                                (memshiftread) [ 00]
p_12_i                                                                                (memshiftread) [ 00]
p_13_i                                                                                (memshiftread) [ 00]
p_14_i                                                                                (memshiftread) [ 00]
p_15_i                                                                                (memshiftread) [ 00]
p_16_i                                                                                (memshiftread) [ 00]
p_17_i                                                                                (memshiftread) [ 00]
p_18_i                                                                                (memshiftread) [ 00]
p_19_i                                                                                (memshiftread) [ 00]
p_20_i                                                                                (memshiftread) [ 00]
p_21_i                                                                                (memshiftread) [ 00]
p_22_i                                                                                (memshiftread) [ 00]
p_23_i                                                                                (memshiftread) [ 00]
p_24_i                                                                                (memshiftread) [ 00]
p_25_i                                                                                (memshiftread) [ 00]
p_26_i                                                                                (memshiftread) [ 00]
p_27_i                                                                                (memshiftread) [ 00]
p_28_i                                                                                (memshiftread) [ 00]
p_29_i                                                                                (memshiftread) [ 00]
p_30_i                                                                                (memshiftread) [ 00]
p_31_i                                                                                (memshiftread) [ 00]
p_32_i                                                                                (memshiftread) [ 00]
p_33_i                                                                                (memshiftread) [ 00]
p_34_i                                                                                (memshiftread) [ 00]
p_35_i                                                                                (memshiftread) [ 00]
p_36_i                                                                                (memshiftread) [ 00]
p_37_i                                                                                (memshiftread) [ 00]
p_38_i                                                                                (memshiftread) [ 00]
p_39_i                                                                                (memshiftread) [ 00]
p_40_i                                                                                (memshiftread) [ 00]
p_41_i                                                                                (memshiftread) [ 00]
p_42_i                                                                                (memshiftread) [ 00]
p_43_i                                                                                (memshiftread) [ 00]
p_44_i                                                                                (memshiftread) [ 00]
p_45_i                                                                                (memshiftread) [ 00]
p_46_i                                                                                (memshiftread) [ 00]
p_47_i                                                                                (memshiftread) [ 00]
p_48_i                                                                                (memshiftread) [ 00]
p_49_i                                                                                (memshiftread) [ 00]
p_50_i                                                                                (memshiftread) [ 00]
p_51_i                                                                                (memshiftread) [ 00]
p_52_i                                                                                (memshiftread) [ 00]
p_53_i                                                                                (memshiftread) [ 00]
p_54_i                                                                                (memshiftread) [ 00]
p_55_i                                                                                (memshiftread) [ 00]
p_56_i                                                                                (memshiftread) [ 00]
p_57_i                                                                                (memshiftread) [ 00]
p_58_i                                                                                (memshiftread) [ 00]
p_59_i                                                                                (memshiftread) [ 00]
p_60_i                                                                                (memshiftread) [ 00]
p_61_i                                                                                (memshiftread) [ 00]
p_62_i                                                                                (memshiftread) [ 00]
p_0_i                                                                                 (memshiftread) [ 00]
p_ZZN4nnet24compute_output_buffer_2dINS_5arrayI8ap_fixedILi16ELi6EL9ap_q_mode5EL9_455 (load        ) [ 00]
store_ln196                                                                           (store       ) [ 00]
p_ZZN4nnet24compute_output_buffer_2dINS_5arrayI8ap_fixedILi16ELi6EL9ap_q_mode5EL9_456 (load        ) [ 00]
store_ln196                                                                           (store       ) [ 00]
p_ZZN4nnet24compute_output_buffer_2dINS_5arrayI8ap_fixedILi16ELi6EL9ap_q_mode5EL9_457 (load        ) [ 00]
store_ln196                                                                           (store       ) [ 00]
p_ZZN4nnet24compute_output_buffer_2dINS_5arrayI8ap_fixedILi16ELi6EL9ap_q_mode5EL9_458 (load        ) [ 00]
store_ln196                                                                           (store       ) [ 00]
p_ZZN4nnet24compute_output_buffer_2dINS_5arrayI8ap_fixedILi16ELi6EL9ap_q_mode5EL9_459 (load        ) [ 00]
store_ln196                                                                           (store       ) [ 00]
p_ZZN4nnet24compute_output_buffer_2dINS_5arrayI8ap_fixedILi16ELi6EL9ap_q_mode5EL9_460 (load        ) [ 00]
store_ln196                                                                           (store       ) [ 00]
p_ZZN4nnet24compute_output_buffer_2dINS_5arrayI8ap_fixedILi16ELi6EL9ap_q_mode5EL9_461 (load        ) [ 00]
store_ln196                                                                           (store       ) [ 00]
p_ZZN4nnet24compute_output_buffer_2dINS_5arrayI8ap_fixedILi16ELi6EL9ap_q_mode5EL9_462 (load        ) [ 00]
store_ln196                                                                           (store       ) [ 00]
p_ZZN4nnet24compute_output_buffer_2dINS_5arrayI8ap_fixedILi16ELi6EL9ap_q_mode5EL9_463 (load        ) [ 00]
store_ln196                                                                           (store       ) [ 00]
p_ZZN4nnet24compute_output_buffer_2dINS_5arrayI8ap_fixedILi16ELi6EL9ap_q_mode5EL9_464 (load        ) [ 00]
store_ln196                                                                           (store       ) [ 00]
p_ZZN4nnet24compute_output_buffer_2dINS_5arrayI8ap_fixedILi16ELi6EL9ap_q_mode5EL9_465 (load        ) [ 00]
store_ln196                                                                           (store       ) [ 00]
p_ZZN4nnet24compute_output_buffer_2dINS_5arrayI8ap_fixedILi16ELi6EL9ap_q_mode5EL9_466 (load        ) [ 00]
store_ln196                                                                           (store       ) [ 00]
p_ZZN4nnet24compute_output_buffer_2dINS_5arrayI8ap_fixedILi16ELi6EL9ap_q_mode5EL9_467 (load        ) [ 00]
store_ln196                                                                           (store       ) [ 00]
p_ZZN4nnet24compute_output_buffer_2dINS_5arrayI8ap_fixedILi16ELi6EL9ap_q_mode5EL9_468 (load        ) [ 00]
store_ln196                                                                           (store       ) [ 00]
p_ZZN4nnet24compute_output_buffer_2dINS_5arrayI8ap_fixedILi16ELi6EL9ap_q_mode5EL9_469 (load        ) [ 00]
store_ln196                                                                           (store       ) [ 00]
p_ZZN4nnet24compute_output_buffer_2dINS_5arrayI8ap_fixedILi16ELi6EL9ap_q_mode5EL9_470 (load        ) [ 00]
store_ln196                                                                           (store       ) [ 00]
p_ZZN4nnet24compute_output_buffer_2dINS_5arrayI8ap_fixedILi16ELi6EL9ap_q_mode5EL9_471 (load        ) [ 00]
store_ln196                                                                           (store       ) [ 00]
p_ZZN4nnet24compute_output_buffer_2dINS_5arrayI8ap_fixedILi16ELi6EL9ap_q_mode5EL9_472 (load        ) [ 00]
store_ln196                                                                           (store       ) [ 00]
p_ZZN4nnet24compute_output_buffer_2dINS_5arrayI8ap_fixedILi16ELi6EL9ap_q_mode5EL9_473 (load        ) [ 00]
store_ln196                                                                           (store       ) [ 00]
p_ZZN4nnet24compute_output_buffer_2dINS_5arrayI8ap_fixedILi16ELi6EL9ap_q_mode5EL9_474 (load        ) [ 00]
store_ln196                                                                           (store       ) [ 00]
p_ZZN4nnet24compute_output_buffer_2dINS_5arrayI8ap_fixedILi16ELi6EL9ap_q_mode5EL9_475 (load        ) [ 00]
store_ln196                                                                           (store       ) [ 00]
p_ZZN4nnet24compute_output_buffer_2dINS_5arrayI8ap_fixedILi16ELi6EL9ap_q_mode5EL9_476 (load        ) [ 00]
store_ln196                                                                           (store       ) [ 00]
p_ZZN4nnet24compute_output_buffer_2dINS_5arrayI8ap_fixedILi16ELi6EL9ap_q_mode5EL9_477 (load        ) [ 00]
store_ln196                                                                           (store       ) [ 00]
p_ZZN4nnet24compute_output_buffer_2dINS_5arrayI8ap_fixedILi16ELi6EL9ap_q_mode5EL9_478 (load        ) [ 00]
store_ln196                                                                           (store       ) [ 00]
p_ZZN4nnet24compute_output_buffer_2dINS_5arrayI8ap_fixedILi16ELi6EL9ap_q_mode5EL9_479 (load        ) [ 00]
store_ln196                                                                           (store       ) [ 00]
p_ZZN4nnet24compute_output_buffer_2dINS_5arrayI8ap_fixedILi16ELi6EL9ap_q_mode5EL9_480 (load        ) [ 00]
store_ln196                                                                           (store       ) [ 00]
p_ZZN4nnet24compute_output_buffer_2dINS_5arrayI8ap_fixedILi16ELi6EL9ap_q_mode5EL9_481 (load        ) [ 00]
store_ln196                                                                           (store       ) [ 00]
p_ZZN4nnet24compute_output_buffer_2dINS_5arrayI8ap_fixedILi16ELi6EL9ap_q_mode5EL9_482 (load        ) [ 00]
store_ln196                                                                           (store       ) [ 00]
p_ZZN4nnet24compute_output_buffer_2dINS_5arrayI8ap_fixedILi16ELi6EL9ap_q_mode5EL9_483 (load        ) [ 00]
store_ln196                                                                           (store       ) [ 00]
p_ZZN4nnet24compute_output_buffer_2dINS_5arrayI8ap_fixedILi16ELi6EL9ap_q_mode5EL9_484 (load        ) [ 00]
store_ln196                                                                           (store       ) [ 00]
p_ZZN4nnet24compute_output_buffer_2dINS_5arrayI8ap_fixedILi16ELi6EL9ap_q_mode5EL9_485 (load        ) [ 00]
store_ln196                                                                           (store       ) [ 00]
p_ZZN4nnet24compute_output_buffer_2dINS_5arrayI8ap_fixedILi16ELi6EL9ap_q_mode5EL9_486 (load        ) [ 00]
store_ln196                                                                           (store       ) [ 00]
p_ZZN4nnet24compute_output_buffer_2dINS_5arrayI8ap_fixedILi16ELi6EL9ap_q_mode5EL9_487 (load        ) [ 00]
store_ln196                                                                           (store       ) [ 00]
p_ZZN4nnet24compute_output_buffer_2dINS_5arrayI8ap_fixedILi16ELi6EL9ap_q_mode5EL9_488 (load        ) [ 00]
store_ln196                                                                           (store       ) [ 00]
p_ZZN4nnet24compute_output_buffer_2dINS_5arrayI8ap_fixedILi16ELi6EL9ap_q_mode5EL9_489 (load        ) [ 00]
store_ln196                                                                           (store       ) [ 00]
p_ZZN4nnet24compute_output_buffer_2dINS_5arrayI8ap_fixedILi16ELi6EL9ap_q_mode5EL9_490 (load        ) [ 00]
store_ln196                                                                           (store       ) [ 00]
p_ZZN4nnet24compute_output_buffer_2dINS_5arrayI8ap_fixedILi16ELi6EL9ap_q_mode5EL9_491 (load        ) [ 00]
store_ln196                                                                           (store       ) [ 00]
p_ZZN4nnet24compute_output_buffer_2dINS_5arrayI8ap_fixedILi16ELi6EL9ap_q_mode5EL9_492 (load        ) [ 00]
store_ln196                                                                           (store       ) [ 00]
p_ZZN4nnet24compute_output_buffer_2dINS_5arrayI8ap_fixedILi16ELi6EL9ap_q_mode5EL9_493 (load        ) [ 00]
store_ln196                                                                           (store       ) [ 00]
p_ZZN4nnet24compute_output_buffer_2dINS_5arrayI8ap_fixedILi16ELi6EL9ap_q_mode5EL9_494 (load        ) [ 00]
store_ln196                                                                           (store       ) [ 00]
p_ZZN4nnet24compute_output_buffer_2dINS_5arrayI8ap_fixedILi16ELi6EL9ap_q_mode5EL9_495 (load        ) [ 00]
store_ln196                                                                           (store       ) [ 00]
p_ZZN4nnet24compute_output_buffer_2dINS_5arrayI8ap_fixedILi16ELi6EL9ap_q_mode5EL9_496 (load        ) [ 00]
store_ln196                                                                           (store       ) [ 00]
p_ZZN4nnet24compute_output_buffer_2dINS_5arrayI8ap_fixedILi16ELi6EL9ap_q_mode5EL9_497 (load        ) [ 00]
store_ln196                                                                           (store       ) [ 00]
p_ZZN4nnet24compute_output_buffer_2dINS_5arrayI8ap_fixedILi16ELi6EL9ap_q_mode5EL9_498 (load        ) [ 00]
store_ln196                                                                           (store       ) [ 00]
p_ZZN4nnet24compute_output_buffer_2dINS_5arrayI8ap_fixedILi16ELi6EL9ap_q_mode5EL9_499 (load        ) [ 00]
store_ln196                                                                           (store       ) [ 00]
p_ZZN4nnet24compute_output_buffer_2dINS_5arrayI8ap_fixedILi16ELi6EL9ap_q_mode5EL9_500 (load        ) [ 00]
store_ln196                                                                           (store       ) [ 00]
p_ZZN4nnet24compute_output_buffer_2dINS_5arrayI8ap_fixedILi16ELi6EL9ap_q_mode5EL9_501 (load        ) [ 00]
store_ln196                                                                           (store       ) [ 00]
p_ZZN4nnet24compute_output_buffer_2dINS_5arrayI8ap_fixedILi16ELi6EL9ap_q_mode5EL9_502 (load        ) [ 00]
store_ln196                                                                           (store       ) [ 00]
p_ZZN4nnet24compute_output_buffer_2dINS_5arrayI8ap_fixedILi16ELi6EL9ap_q_mode5EL9_503 (load        ) [ 00]
store_ln196                                                                           (store       ) [ 00]
p_ZZN4nnet24compute_output_buffer_2dINS_5arrayI8ap_fixedILi16ELi6EL9ap_q_mode5EL9_504 (load        ) [ 00]
store_ln196                                                                           (store       ) [ 00]
p_ZZN4nnet24compute_output_buffer_2dINS_5arrayI8ap_fixedILi16ELi6EL9ap_q_mode5EL9_505 (load        ) [ 00]
store_ln196                                                                           (store       ) [ 00]
p_ZZN4nnet24compute_output_buffer_2dINS_5arrayI8ap_fixedILi16ELi6EL9ap_q_mode5EL9_506 (load        ) [ 00]
store_ln196                                                                           (store       ) [ 00]
p_ZZN4nnet24compute_output_buffer_2dINS_5arrayI8ap_fixedILi16ELi6EL9ap_q_mode5EL9_507 (load        ) [ 00]
store_ln196                                                                           (store       ) [ 00]
p_ZZN4nnet24compute_output_buffer_2dINS_5arrayI8ap_fixedILi16ELi6EL9ap_q_mode5EL9_508 (load        ) [ 00]
store_ln196                                                                           (store       ) [ 00]
p_ZZN4nnet24compute_output_buffer_2dINS_5arrayI8ap_fixedILi16ELi6EL9ap_q_mode5EL9_509 (load        ) [ 00]
store_ln196                                                                           (store       ) [ 00]
p_ZZN4nnet24compute_output_buffer_2dINS_5arrayI8ap_fixedILi16ELi6EL9ap_q_mode5EL9_510 (load        ) [ 00]
store_ln196                                                                           (store       ) [ 00]
p_ZZN4nnet24compute_output_buffer_2dINS_5arrayI8ap_fixedILi16ELi6EL9ap_q_mode5EL9_511 (load        ) [ 00]
store_ln196                                                                           (store       ) [ 00]
p_ZZN4nnet24compute_output_buffer_2dINS_5arrayI8ap_fixedILi16ELi6EL9ap_q_mode5EL9_512 (load        ) [ 00]
store_ln196                                                                           (store       ) [ 00]
p_ZZN4nnet24compute_output_buffer_2dINS_5arrayI8ap_fixedILi16ELi6EL9ap_q_mode5EL9_513 (load        ) [ 00]
store_ln196                                                                           (store       ) [ 00]
p_ZZN4nnet24compute_output_buffer_2dINS_5arrayI8ap_fixedILi16ELi6EL9ap_q_mode5EL9_514 (load        ) [ 00]
store_ln196                                                                           (store       ) [ 00]
p_ZZN4nnet24compute_output_buffer_2dINS_5arrayI8ap_fixedILi16ELi6EL9ap_q_mode5EL9_515 (load        ) [ 00]
store_ln196                                                                           (store       ) [ 00]
p_ZZN4nnet24compute_output_buffer_2dINS_5arrayI8ap_fixedILi16ELi6EL9ap_q_mode5EL9_516 (load        ) [ 00]
store_ln196                                                                           (store       ) [ 00]
p_ZZN4nnet24compute_output_buffer_2dINS_5arrayI8ap_fixedILi16ELi6EL9ap_q_mode5EL9_517 (load        ) [ 00]
store_ln196                                                                           (store       ) [ 00]
p_ZZN4nnet24compute_output_buffer_2dINS_5arrayI8ap_fixedILi16ELi6EL9ap_q_mode5EL9_518 (load        ) [ 00]
store_ln196                                                                           (store       ) [ 00]
p_ZZN4nnet24compute_output_buffer_2dINS_5arrayI8ap_fixedILi16ELi6EL9ap_q_mode5EL9_519 (load        ) [ 00]
store_ln196                                                                           (store       ) [ 00]
p_ZZN4nnet24compute_output_buffer_2dINS_5arrayI8ap_fixedILi16ELi6EL9ap_q_mode5EL9_520 (load        ) [ 00]
store_ln196                                                                           (store       ) [ 00]
p_ZZN4nnet24compute_output_buffer_2dINS_5arrayI8ap_fixedILi16ELi6EL9ap_q_mode5EL9_521 (load        ) [ 00]
store_ln196                                                                           (store       ) [ 00]
p_ZZN4nnet24compute_output_buffer_2dINS_5arrayI8ap_fixedILi16ELi6EL9ap_q_mode5EL9_522 (load        ) [ 00]
store_ln196                                                                           (store       ) [ 00]
p_ZZN4nnet24compute_output_buffer_2dINS_5arrayI8ap_fixedILi16ELi6EL9ap_q_mode5EL9_523 (load        ) [ 00]
store_ln196                                                                           (store       ) [ 00]
p_ZZN4nnet24compute_output_buffer_2dINS_5arrayI8ap_fixedILi16ELi6EL9ap_q_mode5EL9_524 (load        ) [ 00]
store_ln196                                                                           (store       ) [ 00]
p_ZZN4nnet24compute_output_buffer_2dINS_5arrayI8ap_fixedILi16ELi6EL9ap_q_mode5EL9_525 (load        ) [ 00]
store_ln196                                                                           (store       ) [ 00]
p_ZZN4nnet24compute_output_buffer_2dINS_5arrayI8ap_fixedILi16ELi6EL9ap_q_mode5EL9_526 (load        ) [ 00]
store_ln196                                                                           (store       ) [ 00]
p_ZZN4nnet24compute_output_buffer_2dINS_5arrayI8ap_fixedILi16ELi6EL9ap_q_mode5EL9_527 (load        ) [ 00]
store_ln196                                                                           (store       ) [ 00]
p_ZZN4nnet24compute_output_buffer_2dINS_5arrayI8ap_fixedILi16ELi6EL9ap_q_mode5EL9_528 (load        ) [ 00]
store_ln196                                                                           (store       ) [ 00]
p_ZZN4nnet24compute_output_buffer_2dINS_5arrayI8ap_fixedILi16ELi6EL9ap_q_mode5EL9_529 (load        ) [ 00]
store_ln196                                                                           (store       ) [ 00]
p_ZZN4nnet24compute_output_buffer_2dINS_5arrayI8ap_fixedILi16ELi6EL9ap_q_mode5EL9_530 (load        ) [ 00]
store_ln196                                                                           (store       ) [ 00]
p_ZZN4nnet24compute_output_buffer_2dINS_5arrayI8ap_fixedILi16ELi6EL9ap_q_mode5EL9_531 (load        ) [ 00]
store_ln196                                                                           (store       ) [ 00]
p_ZZN4nnet24compute_output_buffer_2dINS_5arrayI8ap_fixedILi16ELi6EL9ap_q_mode5EL9_532 (load        ) [ 00]
store_ln196                                                                           (store       ) [ 00]
p_ZZN4nnet24compute_output_buffer_2dINS_5arrayI8ap_fixedILi16ELi6EL9ap_q_mode5EL9_533 (load        ) [ 00]
store_ln196                                                                           (store       ) [ 00]
p_ZZN4nnet24compute_output_buffer_2dINS_5arrayI8ap_fixedILi16ELi6EL9ap_q_mode5EL9_534 (load        ) [ 00]
store_ln196                                                                           (store       ) [ 00]
p_ZZN4nnet24compute_output_buffer_2dINS_5arrayI8ap_fixedILi16ELi6EL9ap_q_mode5EL9_535 (load        ) [ 00]
store_ln196                                                                           (store       ) [ 00]
p_ZZN4nnet24compute_output_buffer_2dINS_5arrayI8ap_fixedILi16ELi6EL9ap_q_mode5EL9_536 (load        ) [ 00]
store_ln196                                                                           (store       ) [ 00]
p_ZZN4nnet24compute_output_buffer_2dINS_5arrayI8ap_fixedILi16ELi6EL9ap_q_mode5EL9_537 (load        ) [ 00]
store_ln196                                                                           (store       ) [ 00]
p_ZZN4nnet24compute_output_buffer_2dINS_5arrayI8ap_fixedILi16ELi6EL9ap_q_mode5EL9_538 (load        ) [ 00]
store_ln196                                                                           (store       ) [ 00]
p_ZZN4nnet24compute_output_buffer_2dINS_5arrayI8ap_fixedILi16ELi6EL9ap_q_mode5EL9_539 (load        ) [ 00]
store_ln196                                                                           (store       ) [ 00]
p_ZZN4nnet24compute_output_buffer_2dINS_5arrayI8ap_fixedILi16ELi6EL9ap_q_mode5EL9_540 (load        ) [ 00]
store_ln196                                                                           (store       ) [ 00]
p_ZZN4nnet24compute_output_buffer_2dINS_5arrayI8ap_fixedILi16ELi6EL9ap_q_mode5EL9_541 (load        ) [ 00]
store_ln196                                                                           (store       ) [ 00]
p_ZZN4nnet24compute_output_buffer_2dINS_5arrayI8ap_fixedILi16ELi6EL9ap_q_mode5EL9_542 (load        ) [ 00]
store_ln196                                                                           (store       ) [ 00]
p_ZZN4nnet24compute_output_buffer_2dINS_5arrayI8ap_fixedILi16ELi6EL9ap_q_mode5EL9_543 (load        ) [ 00]
store_ln196                                                                           (store       ) [ 00]
p_ZZN4nnet24compute_output_buffer_2dINS_5arrayI8ap_fixedILi16ELi6EL9ap_q_mode5EL9_544 (load        ) [ 00]
store_ln196                                                                           (store       ) [ 00]
p_ZZN4nnet24compute_output_buffer_2dINS_5arrayI8ap_fixedILi16ELi6EL9ap_q_mode5EL9_545 (load        ) [ 00]
store_ln196                                                                           (store       ) [ 00]
p_ZZN4nnet24compute_output_buffer_2dINS_5arrayI8ap_fixedILi16ELi6EL9ap_q_mode5EL9_546 (load        ) [ 00]
store_ln196                                                                           (store       ) [ 00]
p_ZZN4nnet24compute_output_buffer_2dINS_5arrayI8ap_fixedILi16ELi6EL9ap_q_mode5EL9_547 (load        ) [ 00]
store_ln196                                                                           (store       ) [ 00]
p_ZZN4nnet24compute_output_buffer_2dINS_5arrayI8ap_fixedILi16ELi6EL9ap_q_mode5EL9_548 (load        ) [ 00]
store_ln196                                                                           (store       ) [ 00]
p_ZZN4nnet24compute_output_buffer_2dINS_5arrayI8ap_fixedILi16ELi6EL9ap_q_mode5EL9_549 (load        ) [ 00]
store_ln196                                                                           (store       ) [ 00]
p_ZZN4nnet24compute_output_buffer_2dINS_5arrayI8ap_fixedILi16ELi6EL9ap_q_mode5EL9_550 (load        ) [ 00]
store_ln196                                                                           (store       ) [ 00]
p_ZZN4nnet24compute_output_buffer_2dINS_5arrayI8ap_fixedILi16ELi6EL9ap_q_mode5EL9_551 (load        ) [ 00]
store_ln196                                                                           (store       ) [ 00]
p_ZZN4nnet24compute_output_buffer_2dINS_5arrayI8ap_fixedILi16ELi6EL9ap_q_mode5EL9_552 (load        ) [ 00]
store_ln196                                                                           (store       ) [ 00]
p_ZZN4nnet24compute_output_buffer_2dINS_5arrayI8ap_fixedILi16ELi6EL9ap_q_mode5EL9_553 (load        ) [ 00]
store_ln196                                                                           (store       ) [ 00]
p_ZZN4nnet24compute_output_buffer_2dINS_5arrayI8ap_fixedILi16ELi6EL9ap_q_mode5EL9_554 (load        ) [ 00]
store_ln196                                                                           (store       ) [ 00]
p_ZZN4nnet24compute_output_buffer_2dINS_5arrayI8ap_fixedILi16ELi6EL9ap_q_mode5EL9_555 (load        ) [ 00]
store_ln196                                                                           (store       ) [ 00]
p_ZZN4nnet24compute_output_buffer_2dINS_5arrayI8ap_fixedILi16ELi6EL9ap_q_mode5EL9_556 (load        ) [ 00]
store_ln196                                                                           (store       ) [ 00]
p_ZZN4nnet24compute_output_buffer_2dINS_5arrayI8ap_fixedILi16ELi6EL9ap_q_mode5EL9_557 (load        ) [ 00]
store_ln196                                                                           (store       ) [ 00]
p_ZZN4nnet24compute_output_buffer_2dINS_5arrayI8ap_fixedILi16ELi6EL9ap_q_mode5EL9_558 (load        ) [ 00]
store_ln196                                                                           (store       ) [ 00]
p_ZZN4nnet24compute_output_buffer_2dINS_5arrayI8ap_fixedILi16ELi6EL9ap_q_mode5EL9_559 (load        ) [ 00]
store_ln196                                                                           (store       ) [ 00]
p_ZZN4nnet24compute_output_buffer_2dINS_5arrayI8ap_fixedILi16ELi6EL9ap_q_mode5EL9_560 (load        ) [ 00]
store_ln196                                                                           (store       ) [ 00]
p_ZZN4nnet24compute_output_buffer_2dINS_5arrayI8ap_fixedILi16ELi6EL9ap_q_mode5EL9_561 (load        ) [ 00]
store_ln196                                                                           (store       ) [ 00]
p_ZZN4nnet24compute_output_buffer_2dINS_5arrayI8ap_fixedILi16ELi6EL9ap_q_mode5EL9_562 (load        ) [ 00]
store_ln196                                                                           (store       ) [ 00]
p_ZZN4nnet24compute_output_buffer_2dINS_5arrayI8ap_fixedILi16ELi6EL9ap_q_mode5EL9_563 (load        ) [ 00]
store_ln196                                                                           (store       ) [ 00]
p_ZZN4nnet24compute_output_buffer_2dINS_5arrayI8ap_fixedILi16ELi6EL9ap_q_mode5EL9_564 (load        ) [ 00]
store_ln196                                                                           (store       ) [ 00]
p_ZZN4nnet24compute_output_buffer_2dINS_5arrayI8ap_fixedILi16ELi6EL9ap_q_mode5EL9_565 (load        ) [ 00]
store_ln196                                                                           (store       ) [ 00]
p_ZZN4nnet24compute_output_buffer_2dINS_5arrayI8ap_fixedILi16ELi6EL9ap_q_mode5EL9_566 (load        ) [ 00]
store_ln196                                                                           (store       ) [ 00]
p_ZZN4nnet24compute_output_buffer_2dINS_5arrayI8ap_fixedILi16ELi6EL9ap_q_mode5EL9_567 (load        ) [ 00]
store_ln196                                                                           (store       ) [ 00]
p_ZZN4nnet24compute_output_buffer_2dINS_5arrayI8ap_fixedILi16ELi6EL9ap_q_mode5EL9_568 (load        ) [ 00]
store_ln196                                                                           (store       ) [ 00]
p_ZZN4nnet24compute_output_buffer_2dINS_5arrayI8ap_fixedILi16ELi6EL9ap_q_mode5EL9_569 (load        ) [ 00]
store_ln196                                                                           (store       ) [ 00]
p_ZZN4nnet24compute_output_buffer_2dINS_5arrayI8ap_fixedILi16ELi6EL9ap_q_mode5EL9_570 (load        ) [ 00]
store_ln196                                                                           (store       ) [ 00]
p_ZZN4nnet24compute_output_buffer_2dINS_5arrayI8ap_fixedILi16ELi6EL9ap_q_mode5EL9_571 (load        ) [ 00]
store_ln196                                                                           (store       ) [ 00]
p_ZZN4nnet24compute_output_buffer_2dINS_5arrayI8ap_fixedILi16ELi6EL9ap_q_mode5EL9_572 (load        ) [ 00]
store_ln196                                                                           (store       ) [ 00]
p_ZZN4nnet24compute_output_buffer_2dINS_5arrayI8ap_fixedILi16ELi6EL9ap_q_mode5EL9_573 (load        ) [ 00]
store_ln196                                                                           (store       ) [ 00]
p_ZZN4nnet24compute_output_buffer_2dINS_5arrayI8ap_fixedILi16ELi6EL9ap_q_mode5EL9_574 (load        ) [ 00]
store_ln196                                                                           (store       ) [ 00]
p_ZZN4nnet24compute_output_buffer_2dINS_5arrayI8ap_fixedILi16ELi6EL9ap_q_mode5EL9_575 (load        ) [ 00]
store_ln196                                                                           (store       ) [ 00]
p_ZZN4nnet24compute_output_buffer_2dINS_5arrayI8ap_fixedILi16ELi6EL9ap_q_mode5EL9_576 (load        ) [ 00]
store_ln196                                                                           (store       ) [ 00]
p_ZZN4nnet24compute_output_buffer_2dINS_5arrayI8ap_fixedILi16ELi6EL9ap_q_mode5EL9_577 (load        ) [ 00]
store_ln196                                                                           (store       ) [ 00]
p_ZZN4nnet24compute_output_buffer_2dINS_5arrayI8ap_fixedILi16ELi6EL9ap_q_mode5EL9_578 (load        ) [ 00]
store_ln196                                                                           (store       ) [ 00]
p_ZZN4nnet24compute_output_buffer_2dINS_5arrayI8ap_fixedILi16ELi6EL9ap_q_mode5EL9_579 (load        ) [ 00]
store_ln196                                                                           (store       ) [ 00]
p_ZZN4nnet24compute_output_buffer_2dINS_5arrayI8ap_fixedILi16ELi6EL9ap_q_mode5EL9_580 (load        ) [ 00]
store_ln196                                                                           (store       ) [ 00]
p_ZZN4nnet24compute_output_buffer_2dINS_5arrayI8ap_fixedILi16ELi6EL9ap_q_mode5EL9_581 (load        ) [ 00]
store_ln196                                                                           (store       ) [ 00]
p_ZZN4nnet24compute_output_buffer_2dINS_5arrayI8ap_fixedILi16ELi6EL9ap_q_mode5EL9_582 (load        ) [ 00]
store_ln196                                                                           (store       ) [ 00]
p_ZZN4nnet24compute_output_buffer_2dINS_5arrayI8ap_fixedILi16ELi6EL9ap_q_mode5EL9_583 (load        ) [ 00]
store_ln196                                                                           (store       ) [ 00]
p_ZZN4nnet24compute_output_buffer_2dINS_5arrayI8ap_fixedILi16ELi6EL9ap_q_mode5EL9_584 (load        ) [ 00]
store_ln196                                                                           (store       ) [ 00]
p_ZZN4nnet24compute_output_buffer_2dINS_5arrayI8ap_fixedILi16ELi6EL9ap_q_mode5EL9_585 (load        ) [ 00]
store_ln196                                                                           (store       ) [ 00]
p_ZZN4nnet24compute_output_buffer_2dINS_5arrayI8ap_fixedILi16ELi6EL9ap_q_mode5EL9_586 (load        ) [ 00]
store_ln196                                                                           (store       ) [ 00]
p_ZZN4nnet24compute_output_buffer_2dINS_5arrayI8ap_fixedILi16ELi6EL9ap_q_mode5EL9_587 (load        ) [ 00]
store_ln196                                                                           (store       ) [ 00]
p_ZZN4nnet24compute_output_buffer_2dINS_5arrayI8ap_fixedILi16ELi6EL9ap_q_mode5EL9_588 (load        ) [ 00]
store_ln196                                                                           (store       ) [ 00]
p_ZZN4nnet24compute_output_buffer_2dINS_5arrayI8ap_fixedILi16ELi6EL9ap_q_mode5EL9_589 (load        ) [ 00]
store_ln196                                                                           (store       ) [ 00]
p_ZZN4nnet24compute_output_buffer_2dINS_5arrayI8ap_fixedILi16ELi6EL9ap_q_mode5EL9_590 (load        ) [ 00]
store_ln196                                                                           (store       ) [ 00]
p_ZZN4nnet24compute_output_buffer_2dINS_5arrayI8ap_fixedILi16ELi6EL9ap_q_mode5EL9_591 (load        ) [ 00]
store_ln196                                                                           (store       ) [ 00]
p_ZZN4nnet24compute_output_buffer_2dINS_5arrayI8ap_fixedILi16ELi6EL9ap_q_mode5EL9_592 (load        ) [ 00]
store_ln196                                                                           (store       ) [ 00]
p_ZZN4nnet24compute_output_buffer_2dINS_5arrayI8ap_fixedILi16ELi6EL9ap_q_mode5EL9_593 (load        ) [ 00]
store_ln196                                                                           (store       ) [ 00]
p_ZZN4nnet24compute_output_buffer_2dINS_5arrayI8ap_fixedILi16ELi6EL9ap_q_mode5EL9_594 (load        ) [ 00]
store_ln196                                                                           (store       ) [ 00]
p_ZZN4nnet24compute_output_buffer_2dINS_5arrayI8ap_fixedILi16ELi6EL9ap_q_mode5EL9_595 (load        ) [ 00]
store_ln196                                                                           (store       ) [ 00]
p_ZZN4nnet24compute_output_buffer_2dINS_5arrayI8ap_fixedILi16ELi6EL9ap_q_mode5EL9_596 (load        ) [ 00]
store_ln196                                                                           (store       ) [ 00]
p_ZZN4nnet24compute_output_buffer_2dINS_5arrayI8ap_fixedILi16ELi6EL9ap_q_mode5EL9_597 (load        ) [ 00]
store_ln196                                                                           (store       ) [ 00]
p_ZZN4nnet24compute_output_buffer_2dINS_5arrayI8ap_fixedILi16ELi6EL9ap_q_mode5EL9_598 (load        ) [ 00]
store_ln196                                                                           (store       ) [ 00]
p_ZZN4nnet24compute_output_buffer_2dINS_5arrayI8ap_fixedILi16ELi6EL9ap_q_mode5EL9_599 (load        ) [ 00]
store_ln196                                                                           (store       ) [ 00]
p_ZZN4nnet24compute_output_buffer_2dINS_5arrayI8ap_fixedILi16ELi6EL9ap_q_mode5EL9_600 (load        ) [ 00]
store_ln196                                                                           (store       ) [ 00]
p_ZZN4nnet24compute_output_buffer_2dINS_5arrayI8ap_fixedILi16ELi6EL9ap_q_mode5EL9_601 (load        ) [ 00]
store_ln196                                                                           (store       ) [ 00]
p_ZZN4nnet24compute_output_buffer_2dINS_5arrayI8ap_fixedILi16ELi6EL9ap_q_mode5EL9_602 (load        ) [ 00]
store_ln196                                                                           (store       ) [ 00]
p_ZZN4nnet24compute_output_buffer_2dINS_5arrayI8ap_fixedILi16ELi6EL9ap_q_mode5EL9_603 (load        ) [ 00]
store_ln196                                                                           (store       ) [ 00]
p_ZZN4nnet24compute_output_buffer_2dINS_5arrayI8ap_fixedILi16ELi6EL9ap_q_mode5EL9_604 (load        ) [ 00]
store_ln196                                                                           (store       ) [ 00]
p_ZZN4nnet24compute_output_buffer_2dINS_5arrayI8ap_fixedILi16ELi6EL9ap_q_mode5EL9_605 (load        ) [ 00]
store_ln196                                                                           (store       ) [ 00]
p_ZZN4nnet24compute_output_buffer_2dINS_5arrayI8ap_fixedILi16ELi6EL9ap_q_mode5EL9_606 (load        ) [ 00]
store_ln196                                                                           (store       ) [ 00]
p_ZZN4nnet24compute_output_buffer_2dINS_5arrayI8ap_fixedILi16ELi6EL9ap_q_mode5EL9_607 (load        ) [ 00]
store_ln196                                                                           (store       ) [ 00]
p_ZZN4nnet24compute_output_buffer_2dINS_5arrayI8ap_fixedILi16ELi6EL9ap_q_mode5EL9_608 (load        ) [ 00]
store_ln196                                                                           (store       ) [ 00]
p_ZZN4nnet24compute_output_buffer_2dINS_5arrayI8ap_fixedILi16ELi6EL9ap_q_mode5EL9_609 (load        ) [ 00]
store_ln196                                                                           (store       ) [ 00]
p_ZZN4nnet24compute_output_buffer_2dINS_5arrayI8ap_fixedILi16ELi6EL9ap_q_mode5EL9_610 (load        ) [ 00]
store_ln196                                                                           (store       ) [ 00]
p_ZZN4nnet24compute_output_buffer_2dINS_5arrayI8ap_fixedILi16ELi6EL9ap_q_mode5EL9_611 (load        ) [ 00]
store_ln196                                                                           (store       ) [ 00]
p_ZZN4nnet24compute_output_buffer_2dINS_5arrayI8ap_fixedILi16ELi6EL9ap_q_mode5EL9_612 (load        ) [ 00]
store_ln196                                                                           (store       ) [ 00]
p_ZZN4nnet24compute_output_buffer_2dINS_5arrayI8ap_fixedILi16ELi6EL9ap_q_mode5EL9_613 (load        ) [ 00]
store_ln196                                                                           (store       ) [ 00]
p_ZZN4nnet24compute_output_buffer_2dINS_5arrayI8ap_fixedILi16ELi6EL9ap_q_mode5EL9_614 (load        ) [ 00]
store_ln196                                                                           (store       ) [ 00]
p_ZZN4nnet24compute_output_buffer_2dINS_5arrayI8ap_fixedILi16ELi6EL9ap_q_mode5EL9_615 (load        ) [ 00]
store_ln196                                                                           (store       ) [ 00]
p_ZZN4nnet24compute_output_buffer_2dINS_5arrayI8ap_fixedILi16ELi6EL9ap_q_mode5EL9_616 (load        ) [ 00]
store_ln196                                                                           (store       ) [ 00]
p_ZZN4nnet24compute_output_buffer_2dINS_5arrayI8ap_fixedILi16ELi6EL9ap_q_mode5EL9_617 (load        ) [ 00]
store_ln196                                                                           (store       ) [ 00]
p_ZZN4nnet24compute_output_buffer_2dINS_5arrayI8ap_fixedILi16ELi6EL9ap_q_mode5EL9_618 (load        ) [ 00]
store_ln196                                                                           (store       ) [ 00]
p_ZZN4nnet24compute_output_buffer_2dINS_5arrayI8ap_fixedILi16ELi6EL9ap_q_mode5EL9_619 (load        ) [ 00]
store_ln196                                                                           (store       ) [ 00]
p_ZZN4nnet24compute_output_buffer_2dINS_5arrayI8ap_fixedILi16ELi6EL9ap_q_mode5EL9_620 (load        ) [ 00]
store_ln196                                                                           (store       ) [ 00]
p_ZZN4nnet24compute_output_buffer_2dINS_5arrayI8ap_fixedILi16ELi6EL9ap_q_mode5EL9_621 (load        ) [ 00]
store_ln196                                                                           (store       ) [ 00]
p_ZZN4nnet24compute_output_buffer_2dINS_5arrayI8ap_fixedILi16ELi6EL9ap_q_mode5EL9_622 (load        ) [ 00]
store_ln196                                                                           (store       ) [ 00]
p_ZZN4nnet24compute_output_buffer_2dINS_5arrayI8ap_fixedILi16ELi6EL9ap_q_mode5EL9_623 (load        ) [ 00]
store_ln196                                                                           (store       ) [ 00]
p_ZZN4nnet24compute_output_buffer_2dINS_5arrayI8ap_fixedILi16ELi6EL9ap_q_mode5EL9_624 (load        ) [ 00]
store_ln196                                                                           (store       ) [ 00]
p_ZZN4nnet24compute_output_buffer_2dINS_5arrayI8ap_fixedILi16ELi6EL9ap_q_mode5EL9_625 (load        ) [ 00]
store_ln196                                                                           (store       ) [ 00]
p_ZZN4nnet24compute_output_buffer_2dINS_5arrayI8ap_fixedILi16ELi6EL9ap_q_mode5EL9_626 (load        ) [ 00]
store_ln196                                                                           (store       ) [ 00]
p_ZZN4nnet24compute_output_buffer_2dINS_5arrayI8ap_fixedILi16ELi6EL9ap_q_mode5EL9_627 (load        ) [ 00]
store_ln196                                                                           (store       ) [ 00]
p_ZZN4nnet24compute_output_buffer_2dINS_5arrayI8ap_fixedILi16ELi6EL9ap_q_mode5EL9_628 (load        ) [ 00]
store_ln196                                                                           (store       ) [ 00]
p_ZZN4nnet24compute_output_buffer_2dINS_5arrayI8ap_fixedILi16ELi6EL9ap_q_mode5EL9_629 (load        ) [ 00]
store_ln196                                                                           (store       ) [ 00]
p_ZZN4nnet24compute_output_buffer_2dINS_5arrayI8ap_fixedILi16ELi6EL9ap_q_mode5EL9_630 (load        ) [ 00]
store_ln196                                                                           (store       ) [ 00]
p_ZZN4nnet24compute_output_buffer_2dINS_5arrayI8ap_fixedILi16ELi6EL9ap_q_mode5EL9_631 (load        ) [ 00]
store_ln196                                                                           (store       ) [ 00]
p_ZZN4nnet24compute_output_buffer_2dINS_5arrayI8ap_fixedILi16ELi6EL9ap_q_mode5EL9_632 (load        ) [ 00]
store_ln196                                                                           (store       ) [ 00]
p_ZZN4nnet24compute_output_buffer_2dINS_5arrayI8ap_fixedILi16ELi6EL9ap_q_mode5EL9_633 (load        ) [ 00]
store_ln196                                                                           (store       ) [ 00]
p_ZZN4nnet24compute_output_buffer_2dINS_5arrayI8ap_fixedILi16ELi6EL9ap_q_mode5EL9_634 (load        ) [ 00]
store_ln196                                                                           (store       ) [ 00]
p_ZZN4nnet24compute_output_buffer_2dINS_5arrayI8ap_fixedILi16ELi6EL9ap_q_mode5EL9_635 (load        ) [ 00]
store_ln196                                                                           (store       ) [ 00]
p_ZZN4nnet24compute_output_buffer_2dINS_5arrayI8ap_fixedILi16ELi6EL9ap_q_mode5EL9_636 (load        ) [ 00]
store_ln196                                                                           (store       ) [ 00]
p_ZZN4nnet24compute_output_buffer_2dINS_5arrayI8ap_fixedILi16ELi6EL9ap_q_mode5EL9_637 (load        ) [ 00]
store_ln196                                                                           (store       ) [ 00]
p_ZZN4nnet24compute_output_buffer_2dINS_5arrayI8ap_fixedILi16ELi6EL9ap_q_mode5EL9_638 (load        ) [ 00]
store_ln196                                                                           (store       ) [ 00]
p_ZZN4nnet24compute_output_buffer_2dINS_5arrayI8ap_fixedILi16ELi6EL9ap_q_mode5EL9_639 (load        ) [ 00]
store_ln196                                                                           (store       ) [ 00]
p_ZZN4nnet24compute_output_buffer_2dINS_5arrayI8ap_fixedILi16ELi6EL9ap_q_mode5EL9_640 (load        ) [ 00]
store_ln196                                                                           (store       ) [ 00]
p_ZZN4nnet24compute_output_buffer_2dINS_5arrayI8ap_fixedILi16ELi6EL9ap_q_mode5EL9_641 (load        ) [ 00]
store_ln196                                                                           (store       ) [ 00]
p_ZZN4nnet24compute_output_buffer_2dINS_5arrayI8ap_fixedILi16ELi6EL9ap_q_mode5EL9_642 (load        ) [ 00]
store_ln196                                                                           (store       ) [ 00]
p_ZZN4nnet24compute_output_buffer_2dINS_5arrayI8ap_fixedILi16ELi6EL9ap_q_mode5EL9_643 (load        ) [ 00]
store_ln196                                                                           (store       ) [ 00]
p_ZZN4nnet24compute_output_buffer_2dINS_5arrayI8ap_fixedILi16ELi6EL9ap_q_mode5EL9_644 (load        ) [ 00]
store_ln196                                                                           (store       ) [ 00]
p_ZZN4nnet24compute_output_buffer_2dINS_5arrayI8ap_fixedILi16ELi6EL9ap_q_mode5EL9_645 (load        ) [ 00]
store_ln196                                                                           (store       ) [ 00]
p_ZZN4nnet24compute_output_buffer_2dINS_5arrayI8ap_fixedILi16ELi6EL9ap_q_mode5EL9_646 (load        ) [ 00]
store_ln196                                                                           (store       ) [ 00]
store_ln209                                                                           (store       ) [ 00]
store_ln209                                                                           (store       ) [ 00]
store_ln209                                                                           (store       ) [ 00]
store_ln209                                                                           (store       ) [ 00]
store_ln209                                                                           (store       ) [ 00]
store_ln209                                                                           (store       ) [ 00]
store_ln209                                                                           (store       ) [ 00]
store_ln209                                                                           (store       ) [ 00]
store_ln209                                                                           (store       ) [ 00]
store_ln209                                                                           (store       ) [ 00]
store_ln209                                                                           (store       ) [ 00]
store_ln209                                                                           (store       ) [ 00]
store_ln209                                                                           (store       ) [ 00]
store_ln209                                                                           (store       ) [ 00]
store_ln209                                                                           (store       ) [ 00]
store_ln209                                                                           (store       ) [ 00]
store_ln209                                                                           (store       ) [ 00]
store_ln209                                                                           (store       ) [ 00]
store_ln209                                                                           (store       ) [ 00]
store_ln209                                                                           (store       ) [ 00]
store_ln209                                                                           (store       ) [ 00]
store_ln209                                                                           (store       ) [ 00]
store_ln209                                                                           (store       ) [ 00]
store_ln209                                                                           (store       ) [ 00]
store_ln209                                                                           (store       ) [ 00]
store_ln209                                                                           (store       ) [ 00]
store_ln209                                                                           (store       ) [ 00]
store_ln209                                                                           (store       ) [ 00]
store_ln209                                                                           (store       ) [ 00]
store_ln209                                                                           (store       ) [ 00]
store_ln209                                                                           (store       ) [ 00]
store_ln209                                                                           (store       ) [ 00]
store_ln209                                                                           (store       ) [ 00]
store_ln209                                                                           (store       ) [ 00]
store_ln209                                                                           (store       ) [ 00]
store_ln209                                                                           (store       ) [ 00]
store_ln209                                                                           (store       ) [ 00]
store_ln209                                                                           (store       ) [ 00]
store_ln209                                                                           (store       ) [ 00]
store_ln209                                                                           (store       ) [ 00]
store_ln209                                                                           (store       ) [ 00]
store_ln209                                                                           (store       ) [ 00]
store_ln209                                                                           (store       ) [ 00]
store_ln209                                                                           (store       ) [ 00]
store_ln209                                                                           (store       ) [ 00]
store_ln209                                                                           (store       ) [ 00]
store_ln209                                                                           (store       ) [ 00]
store_ln209                                                                           (store       ) [ 00]
store_ln209                                                                           (store       ) [ 00]
store_ln209                                                                           (store       ) [ 00]
store_ln209                                                                           (store       ) [ 00]
store_ln209                                                                           (store       ) [ 00]
store_ln209                                                                           (store       ) [ 00]
store_ln209                                                                           (store       ) [ 00]
store_ln209                                                                           (store       ) [ 00]
store_ln209                                                                           (store       ) [ 00]
store_ln209                                                                           (store       ) [ 00]
store_ln209                                                                           (store       ) [ 00]
store_ln209                                                                           (store       ) [ 00]
store_ln209                                                                           (store       ) [ 00]
store_ln209                                                                           (store       ) [ 00]
store_ln209                                                                           (store       ) [ 00]
store_ln209                                                                           (store       ) [ 00]
store_ln209                                                                           (store       ) [ 00]
store_ln209                                                                           (store       ) [ 00]
store_ln209                                                                           (store       ) [ 00]
store_ln209                                                                           (store       ) [ 00]
store_ln209                                                                           (store       ) [ 00]
store_ln209                                                                           (store       ) [ 00]
store_ln209                                                                           (store       ) [ 00]
store_ln209                                                                           (store       ) [ 00]
store_ln209                                                                           (store       ) [ 00]
store_ln209                                                                           (store       ) [ 00]
store_ln209                                                                           (store       ) [ 00]
store_ln209                                                                           (store       ) [ 00]
store_ln209                                                                           (store       ) [ 00]
store_ln209                                                                           (store       ) [ 00]
store_ln209                                                                           (store       ) [ 00]
store_ln209                                                                           (store       ) [ 00]
store_ln209                                                                           (store       ) [ 00]
store_ln209                                                                           (store       ) [ 00]
store_ln209                                                                           (store       ) [ 00]
store_ln209                                                                           (store       ) [ 00]
store_ln209                                                                           (store       ) [ 00]
store_ln209                                                                           (store       ) [ 00]
store_ln209                                                                           (store       ) [ 00]
store_ln209                                                                           (store       ) [ 00]
store_ln209                                                                           (store       ) [ 00]
store_ln209                                                                           (store       ) [ 00]
store_ln209                                                                           (store       ) [ 00]
store_ln209                                                                           (store       ) [ 00]
store_ln209                                                                           (store       ) [ 00]
store_ln209                                                                           (store       ) [ 00]
store_ln209                                                                           (store       ) [ 00]
store_ln209                                                                           (store       ) [ 00]
store_ln209                                                                           (store       ) [ 00]
ret_ln221                                                                             (ret         ) [ 00]
</LifeTime>

<model>

<comp_list>
<comp id="0" class="1000" name="p_read">
<pin_list>
<pin id="1" dir="1" index="0" bw="1" slack="0"/>
</pin_list>
<bind>
<StgValue><ssdm name="p_read"/></StgValue>
</bind>
</comp>

<comp id="2" class="1000" name="p_read1">
<pin_list>
<pin id="3" dir="1" index="0" bw="1" slack="0"/>
</pin_list>
<bind>
<StgValue><ssdm name="p_read1"/></StgValue>
</bind>
</comp>

<comp id="4" class="1000" name="p_read2">
<pin_list>
<pin id="5" dir="1" index="0" bw="1" slack="0"/>
</pin_list>
<bind>
<StgValue><ssdm name="p_read2"/></StgValue>
</bind>
</comp>

<comp id="6" class="1000" name="p_read3">
<pin_list>
<pin id="7" dir="1" index="0" bw="1" slack="0"/>
</pin_list>
<bind>
<StgValue><ssdm name="p_read3"/></StgValue>
</bind>
</comp>

<comp id="8" class="1000" name="p_read4">
<pin_list>
<pin id="9" dir="1" index="0" bw="1" slack="0"/>
</pin_list>
<bind>
<StgValue><ssdm name="p_read4"/></StgValue>
</bind>
</comp>

<comp id="10" class="1000" name="p_read5">
<pin_list>
<pin id="11" dir="1" index="0" bw="1" slack="0"/>
</pin_list>
<bind>
<StgValue><ssdm name="p_read5"/></StgValue>
</bind>
</comp>

<comp id="12" class="1000" name="p_read6">
<pin_list>
<pin id="13" dir="1" index="0" bw="1" slack="0"/>
</pin_list>
<bind>
<StgValue><ssdm name="p_read6"/></StgValue>
</bind>
</comp>

<comp id="14" class="1000" name="p_read7">
<pin_list>
<pin id="15" dir="1" index="0" bw="1" slack="0"/>
</pin_list>
<bind>
<StgValue><ssdm name="p_read7"/></StgValue>
</bind>
</comp>

<comp id="16" class="1000" name="p_read8">
<pin_list>
<pin id="17" dir="1" index="0" bw="1" slack="0"/>
</pin_list>
<bind>
<StgValue><ssdm name="p_read8"/></StgValue>
</bind>
</comp>

<comp id="18" class="1000" name="p_read9">
<pin_list>
<pin id="19" dir="1" index="0" bw="1" slack="0"/>
</pin_list>
<bind>
<StgValue><ssdm name="p_read9"/></StgValue>
</bind>
</comp>

<comp id="20" class="1000" name="p_read10">
<pin_list>
<pin id="21" dir="1" index="0" bw="1" slack="0"/>
</pin_list>
<bind>
<StgValue><ssdm name="p_read10"/></StgValue>
</bind>
</comp>

<comp id="22" class="1000" name="p_read11">
<pin_list>
<pin id="23" dir="1" index="0" bw="1" slack="0"/>
</pin_list>
<bind>
<StgValue><ssdm name="p_read11"/></StgValue>
</bind>
</comp>

<comp id="24" class="1000" name="p_read12">
<pin_list>
<pin id="25" dir="1" index="0" bw="1" slack="0"/>
</pin_list>
<bind>
<StgValue><ssdm name="p_read12"/></StgValue>
</bind>
</comp>

<comp id="26" class="1000" name="p_read13">
<pin_list>
<pin id="27" dir="1" index="0" bw="1" slack="0"/>
</pin_list>
<bind>
<StgValue><ssdm name="p_read13"/></StgValue>
</bind>
</comp>

<comp id="28" class="1000" name="p_read14">
<pin_list>
<pin id="29" dir="1" index="0" bw="1" slack="0"/>
</pin_list>
<bind>
<StgValue><ssdm name="p_read14"/></StgValue>
</bind>
</comp>

<comp id="30" class="1000" name="p_read15">
<pin_list>
<pin id="31" dir="1" index="0" bw="1" slack="0"/>
</pin_list>
<bind>
<StgValue><ssdm name="p_read15"/></StgValue>
</bind>
</comp>

<comp id="32" class="1000" name="p_read16">
<pin_list>
<pin id="33" dir="1" index="0" bw="1" slack="0"/>
</pin_list>
<bind>
<StgValue><ssdm name="p_read16"/></StgValue>
</bind>
</comp>

<comp id="34" class="1000" name="p_read17">
<pin_list>
<pin id="35" dir="1" index="0" bw="1" slack="0"/>
</pin_list>
<bind>
<StgValue><ssdm name="p_read17"/></StgValue>
</bind>
</comp>

<comp id="36" class="1000" name="p_read18">
<pin_list>
<pin id="37" dir="1" index="0" bw="1" slack="0"/>
</pin_list>
<bind>
<StgValue><ssdm name="p_read18"/></StgValue>
</bind>
</comp>

<comp id="38" class="1000" name="p_read19">
<pin_list>
<pin id="39" dir="1" index="0" bw="1" slack="0"/>
</pin_list>
<bind>
<StgValue><ssdm name="p_read19"/></StgValue>
</bind>
</comp>

<comp id="40" class="1000" name="p_read20">
<pin_list>
<pin id="41" dir="1" index="0" bw="1" slack="0"/>
</pin_list>
<bind>
<StgValue><ssdm name="p_read20"/></StgValue>
</bind>
</comp>

<comp id="42" class="1000" name="p_read21">
<pin_list>
<pin id="43" dir="1" index="0" bw="1" slack="0"/>
</pin_list>
<bind>
<StgValue><ssdm name="p_read21"/></StgValue>
</bind>
</comp>

<comp id="44" class="1000" name="p_read22">
<pin_list>
<pin id="45" dir="1" index="0" bw="1" slack="0"/>
</pin_list>
<bind>
<StgValue><ssdm name="p_read22"/></StgValue>
</bind>
</comp>

<comp id="46" class="1000" name="p_read23">
<pin_list>
<pin id="47" dir="1" index="0" bw="1" slack="0"/>
</pin_list>
<bind>
<StgValue><ssdm name="p_read23"/></StgValue>
</bind>
</comp>

<comp id="48" class="1000" name="p_read24">
<pin_list>
<pin id="49" dir="1" index="0" bw="1" slack="0"/>
</pin_list>
<bind>
<StgValue><ssdm name="p_read24"/></StgValue>
</bind>
</comp>

<comp id="50" class="1000" name="p_read25">
<pin_list>
<pin id="51" dir="1" index="0" bw="1" slack="0"/>
</pin_list>
<bind>
<StgValue><ssdm name="p_read25"/></StgValue>
</bind>
</comp>

<comp id="52" class="1000" name="p_read26">
<pin_list>
<pin id="53" dir="1" index="0" bw="1" slack="0"/>
</pin_list>
<bind>
<StgValue><ssdm name="p_read26"/></StgValue>
</bind>
</comp>

<comp id="54" class="1000" name="p_read27">
<pin_list>
<pin id="55" dir="1" index="0" bw="1" slack="0"/>
</pin_list>
<bind>
<StgValue><ssdm name="p_read27"/></StgValue>
</bind>
</comp>

<comp id="56" class="1000" name="p_read28">
<pin_list>
<pin id="57" dir="1" index="0" bw="1" slack="0"/>
</pin_list>
<bind>
<StgValue><ssdm name="p_read28"/></StgValue>
</bind>
</comp>

<comp id="58" class="1000" name="p_read29">
<pin_list>
<pin id="59" dir="1" index="0" bw="1" slack="0"/>
</pin_list>
<bind>
<StgValue><ssdm name="p_read29"/></StgValue>
</bind>
</comp>

<comp id="60" class="1000" name="p_read30">
<pin_list>
<pin id="61" dir="1" index="0" bw="1" slack="0"/>
</pin_list>
<bind>
<StgValue><ssdm name="p_read30"/></StgValue>
</bind>
</comp>

<comp id="62" class="1000" name="p_read31">
<pin_list>
<pin id="63" dir="1" index="0" bw="1" slack="0"/>
</pin_list>
<bind>
<StgValue><ssdm name="p_read31"/></StgValue>
</bind>
</comp>

<comp id="64" class="1000" name="p_ZZN4nnet24compute_output_buffer_2dINS_5arrayI8ap_fixedILi16ELi6EL9ap_q_mode5EL9_67">
<pin_list>
<pin id="65" dir="1" index="0" bw="1" slack="0"/>
</pin_list>
<bind>
<StgValue><ssdm name="p_ZZN4nnet24compute_output_buffer_2dINS_5arrayI8ap_fixedILi16ELi6EL9ap_q_mode5EL9_67"/></StgValue>
</bind>
</comp>

<comp id="66" class="1000" name="void_compute_output_buffer_2d_array_const_ap_shift_reg_n_chan_stream_weig_9">
<pin_list>
<pin id="67" dir="1" index="0" bw="1" slack="0"/>
</pin_list>
<bind>
<StgValue><ssdm name="void_compute_output_buffer_2d_array_const_ap_shift_reg_n_chan_stream_weig_9"/></StgValue>
</bind>
</comp>

<comp id="68" class="1000" name="p_ZZN4nnet24compute_output_buffer_2dINS_5arrayI8ap_fixedILi16ELi6EL9ap_q_mode5EL9_66">
<pin_list>
<pin id="69" dir="1" index="0" bw="1" slack="0"/>
</pin_list>
<bind>
<StgValue><ssdm name="p_ZZN4nnet24compute_output_buffer_2dINS_5arrayI8ap_fixedILi16ELi6EL9ap_q_mode5EL9_66"/></StgValue>
</bind>
</comp>

<comp id="70" class="1000" name="void_compute_output_buffer_2d_array_const_ap_shift_reg_n_chan_stream_weig_8">
<pin_list>
<pin id="71" dir="1" index="0" bw="1" slack="0"/>
</pin_list>
<bind>
<StgValue><ssdm name="void_compute_output_buffer_2d_array_const_ap_shift_reg_n_chan_stream_weig_8"/></StgValue>
</bind>
</comp>

<comp id="72" class="1000" name="p_ZZN4nnet24compute_output_buffer_2dINS_5arrayI8ap_fixedILi16ELi6EL9ap_q_mode5EL9_65">
<pin_list>
<pin id="73" dir="1" index="0" bw="1" slack="0"/>
</pin_list>
<bind>
<StgValue><ssdm name="p_ZZN4nnet24compute_output_buffer_2dINS_5arrayI8ap_fixedILi16ELi6EL9ap_q_mode5EL9_65"/></StgValue>
</bind>
</comp>

<comp id="74" class="1000" name="void_compute_output_buffer_2d_array_const_ap_shift_reg_n_chan_stream_weig_7">
<pin_list>
<pin id="75" dir="1" index="0" bw="1" slack="0"/>
</pin_list>
<bind>
<StgValue><ssdm name="void_compute_output_buffer_2d_array_const_ap_shift_reg_n_chan_stream_weig_7"/></StgValue>
</bind>
</comp>

<comp id="76" class="1000" name="p_ZZN4nnet24compute_output_buffer_2dINS_5arrayI8ap_fixedILi16ELi6EL9ap_q_mode5EL9_64">
<pin_list>
<pin id="77" dir="1" index="0" bw="1" slack="0"/>
</pin_list>
<bind>
<StgValue><ssdm name="p_ZZN4nnet24compute_output_buffer_2dINS_5arrayI8ap_fixedILi16ELi6EL9ap_q_mode5EL9_64"/></StgValue>
</bind>
</comp>

<comp id="78" class="1000" name="void_compute_output_buffer_2d_array_const_ap_shift_reg_n_chan_stream_weig_6">
<pin_list>
<pin id="79" dir="1" index="0" bw="1" slack="0"/>
</pin_list>
<bind>
<StgValue><ssdm name="void_compute_output_buffer_2d_array_const_ap_shift_reg_n_chan_stream_weig_6"/></StgValue>
</bind>
</comp>

<comp id="80" class="1000" name="p_ZZN4nnet24compute_output_buffer_2dINS_5arrayI8ap_fixedILi16ELi6EL9ap_q_mode5EL9_63">
<pin_list>
<pin id="81" dir="1" index="0" bw="1" slack="0"/>
</pin_list>
<bind>
<StgValue><ssdm name="p_ZZN4nnet24compute_output_buffer_2dINS_5arrayI8ap_fixedILi16ELi6EL9ap_q_mode5EL9_63"/></StgValue>
</bind>
</comp>

<comp id="82" class="1000" name="void_compute_output_buffer_2d_array_const_ap_shift_reg_n_chan_stream_weig_5">
<pin_list>
<pin id="83" dir="1" index="0" bw="1" slack="0"/>
</pin_list>
<bind>
<StgValue><ssdm name="void_compute_output_buffer_2d_array_const_ap_shift_reg_n_chan_stream_weig_5"/></StgValue>
</bind>
</comp>

<comp id="84" class="1000" name="p_ZZN4nnet24compute_output_buffer_2dINS_5arrayI8ap_fixedILi16ELi6EL9ap_q_mode5EL9_62">
<pin_list>
<pin id="85" dir="1" index="0" bw="1" slack="0"/>
</pin_list>
<bind>
<StgValue><ssdm name="p_ZZN4nnet24compute_output_buffer_2dINS_5arrayI8ap_fixedILi16ELi6EL9ap_q_mode5EL9_62"/></StgValue>
</bind>
</comp>

<comp id="86" class="1000" name="void_compute_output_buffer_2d_array_const_ap_shift_reg_n_chan_stream_weig_4">
<pin_list>
<pin id="87" dir="1" index="0" bw="1" slack="0"/>
</pin_list>
<bind>
<StgValue><ssdm name="void_compute_output_buffer_2d_array_const_ap_shift_reg_n_chan_stream_weig_4"/></StgValue>
</bind>
</comp>

<comp id="88" class="1000" name="p_ZZN4nnet24compute_output_buffer_2dINS_5arrayI8ap_fixedILi16ELi6EL9ap_q_mode5EL9_61">
<pin_list>
<pin id="89" dir="1" index="0" bw="1" slack="0"/>
</pin_list>
<bind>
<StgValue><ssdm name="p_ZZN4nnet24compute_output_buffer_2dINS_5arrayI8ap_fixedILi16ELi6EL9ap_q_mode5EL9_61"/></StgValue>
</bind>
</comp>

<comp id="90" class="1000" name="void_compute_output_buffer_2d_array_const_ap_shift_reg_n_chan_stream_weig_3">
<pin_list>
<pin id="91" dir="1" index="0" bw="1" slack="0"/>
</pin_list>
<bind>
<StgValue><ssdm name="void_compute_output_buffer_2d_array_const_ap_shift_reg_n_chan_stream_weig_3"/></StgValue>
</bind>
</comp>

<comp id="92" class="1000" name="p_ZZN4nnet24compute_output_buffer_2dINS_5arrayI8ap_fixedILi16ELi6EL9ap_q_mode5EL9_60">
<pin_list>
<pin id="93" dir="1" index="0" bw="1" slack="0"/>
</pin_list>
<bind>
<StgValue><ssdm name="p_ZZN4nnet24compute_output_buffer_2dINS_5arrayI8ap_fixedILi16ELi6EL9ap_q_mode5EL9_60"/></StgValue>
</bind>
</comp>

<comp id="94" class="1000" name="void_compute_output_buffer_2d_array_const_ap_shift_reg_n_chan_stream_weig_2">
<pin_list>
<pin id="95" dir="1" index="0" bw="1" slack="0"/>
</pin_list>
<bind>
<StgValue><ssdm name="void_compute_output_buffer_2d_array_const_ap_shift_reg_n_chan_stream_weig_2"/></StgValue>
</bind>
</comp>

<comp id="96" class="1000" name="p_ZZN4nnet24compute_output_buffer_2dINS_5arrayI8ap_fixedILi16ELi6EL9ap_q_mode5EL9_59">
<pin_list>
<pin id="97" dir="1" index="0" bw="1" slack="0"/>
</pin_list>
<bind>
<StgValue><ssdm name="p_ZZN4nnet24compute_output_buffer_2dINS_5arrayI8ap_fixedILi16ELi6EL9ap_q_mode5EL9_59"/></StgValue>
</bind>
</comp>

<comp id="98" class="1000" name="void_compute_output_buffer_2d_array_const_ap_shift_reg_n_chan_stream_weig_1">
<pin_list>
<pin id="99" dir="1" index="0" bw="1" slack="0"/>
</pin_list>
<bind>
<StgValue><ssdm name="void_compute_output_buffer_2d_array_const_ap_shift_reg_n_chan_stream_weig_1"/></StgValue>
</bind>
</comp>

<comp id="100" class="1000" name="p_ZZN4nnet24compute_output_buffer_2dINS_5arrayI8ap_fixedILi16ELi6EL9ap_q_mode5EL9_58">
<pin_list>
<pin id="101" dir="1" index="0" bw="1" slack="0"/>
</pin_list>
<bind>
<StgValue><ssdm name="p_ZZN4nnet24compute_output_buffer_2dINS_5arrayI8ap_fixedILi16ELi6EL9ap_q_mode5EL9_58"/></StgValue>
</bind>
</comp>

<comp id="102" class="1000" name="void_compute_output_buffer_2d_array_const_ap_shift_reg_n_chan_stream_weig">
<pin_list>
<pin id="103" dir="1" index="0" bw="1" slack="0"/>
</pin_list>
<bind>
<StgValue><ssdm name="void_compute_output_buffer_2d_array_const_ap_shift_reg_n_chan_stream_weig"/></StgValue>
</bind>
</comp>

<comp id="104" class="1000" name="p_ZZN4nnet24compute_output_buffer_2dINS_5arrayI8ap_fixedILi16ELi6EL9ap_q_mode5EL9_57">
<pin_list>
<pin id="105" dir="1" index="0" bw="1" slack="0"/>
</pin_list>
<bind>
<StgValue><ssdm name="p_ZZN4nnet24compute_output_buffer_2dINS_5arrayI8ap_fixedILi16ELi6EL9ap_q_mode5EL9_57"/></StgValue>
</bind>
</comp>

<comp id="106" class="1000" name="p_ZZN4nnet24compute_output_buffer_2dINS_5arrayI8ap_fixedILi16ELi6EL9ap_q_mode5EL9_277">
<pin_list>
<pin id="107" dir="1" index="0" bw="1" slack="0"/>
</pin_list>
<bind>
<StgValue><ssdm name="p_ZZN4nnet24compute_output_buffer_2dINS_5arrayI8ap_fixedILi16ELi6EL9ap_q_mode5EL9_277"/></StgValue>
</bind>
</comp>

<comp id="108" class="1000" name="p_ZZN4nnet24compute_output_buffer_2dINS_5arrayI8ap_fixedILi16ELi6EL9ap_q_mode5EL9_56">
<pin_list>
<pin id="109" dir="1" index="0" bw="1" slack="0"/>
</pin_list>
<bind>
<StgValue><ssdm name="p_ZZN4nnet24compute_output_buffer_2dINS_5arrayI8ap_fixedILi16ELi6EL9ap_q_mode5EL9_56"/></StgValue>
</bind>
</comp>

<comp id="110" class="1000" name="p_ZZN4nnet24compute_output_buffer_2dINS_5arrayI8ap_fixedILi16ELi6EL9ap_q_mode5EL9_288">
<pin_list>
<pin id="111" dir="1" index="0" bw="1" slack="0"/>
</pin_list>
<bind>
<StgValue><ssdm name="p_ZZN4nnet24compute_output_buffer_2dINS_5arrayI8ap_fixedILi16ELi6EL9ap_q_mode5EL9_288"/></StgValue>
</bind>
</comp>

<comp id="112" class="1000" name="p_ZZN4nnet24compute_output_buffer_2dINS_5arrayI8ap_fixedILi16ELi6EL9ap_q_mode5EL9_55">
<pin_list>
<pin id="113" dir="1" index="0" bw="1" slack="0"/>
</pin_list>
<bind>
<StgValue><ssdm name="p_ZZN4nnet24compute_output_buffer_2dINS_5arrayI8ap_fixedILi16ELi6EL9ap_q_mode5EL9_55"/></StgValue>
</bind>
</comp>

<comp id="114" class="1000" name="p_ZZN4nnet24compute_output_buffer_2dINS_5arrayI8ap_fixedILi16ELi6EL9ap_q_mode5EL9_299">
<pin_list>
<pin id="115" dir="1" index="0" bw="1" slack="0"/>
</pin_list>
<bind>
<StgValue><ssdm name="p_ZZN4nnet24compute_output_buffer_2dINS_5arrayI8ap_fixedILi16ELi6EL9ap_q_mode5EL9_299"/></StgValue>
</bind>
</comp>

<comp id="116" class="1000" name="p_ZZN4nnet24compute_output_buffer_2dINS_5arrayI8ap_fixedILi16ELi6EL9ap_q_mode5EL9_54">
<pin_list>
<pin id="117" dir="1" index="0" bw="1" slack="0"/>
</pin_list>
<bind>
<StgValue><ssdm name="p_ZZN4nnet24compute_output_buffer_2dINS_5arrayI8ap_fixedILi16ELi6EL9ap_q_mode5EL9_54"/></StgValue>
</bind>
</comp>

<comp id="118" class="1000" name="p_ZZN4nnet24compute_output_buffer_2dINS_5arrayI8ap_fixedILi16ELi6EL9ap_q_mode5EL9_310">
<pin_list>
<pin id="119" dir="1" index="0" bw="1" slack="0"/>
</pin_list>
<bind>
<StgValue><ssdm name="p_ZZN4nnet24compute_output_buffer_2dINS_5arrayI8ap_fixedILi16ELi6EL9ap_q_mode5EL9_310"/></StgValue>
</bind>
</comp>

<comp id="120" class="1000" name="p_ZZN4nnet24compute_output_buffer_2dINS_5arrayI8ap_fixedILi16ELi6EL9ap_q_mode5EL9_53">
<pin_list>
<pin id="121" dir="1" index="0" bw="1" slack="0"/>
</pin_list>
<bind>
<StgValue><ssdm name="p_ZZN4nnet24compute_output_buffer_2dINS_5arrayI8ap_fixedILi16ELi6EL9ap_q_mode5EL9_53"/></StgValue>
</bind>
</comp>

<comp id="122" class="1000" name="p_ZZN4nnet24compute_output_buffer_2dINS_5arrayI8ap_fixedILi16ELi6EL9ap_q_mode5EL9_321">
<pin_list>
<pin id="123" dir="1" index="0" bw="1" slack="0"/>
</pin_list>
<bind>
<StgValue><ssdm name="p_ZZN4nnet24compute_output_buffer_2dINS_5arrayI8ap_fixedILi16ELi6EL9ap_q_mode5EL9_321"/></StgValue>
</bind>
</comp>

<comp id="124" class="1000" name="p_ZZN4nnet24compute_output_buffer_2dINS_5arrayI8ap_fixedILi16ELi6EL9ap_q_mode5EL9_52">
<pin_list>
<pin id="125" dir="1" index="0" bw="1" slack="0"/>
</pin_list>
<bind>
<StgValue><ssdm name="p_ZZN4nnet24compute_output_buffer_2dINS_5arrayI8ap_fixedILi16ELi6EL9ap_q_mode5EL9_52"/></StgValue>
</bind>
</comp>

<comp id="126" class="1000" name="p_ZZN4nnet24compute_output_buffer_2dINS_5arrayI8ap_fixedILi16ELi6EL9ap_q_mode5EL9_332">
<pin_list>
<pin id="127" dir="1" index="0" bw="1" slack="0"/>
</pin_list>
<bind>
<StgValue><ssdm name="p_ZZN4nnet24compute_output_buffer_2dINS_5arrayI8ap_fixedILi16ELi6EL9ap_q_mode5EL9_332"/></StgValue>
</bind>
</comp>

<comp id="128" class="1000" name="p_ZZN4nnet24compute_output_buffer_2dINS_5arrayI8ap_fixedILi16ELi6EL9ap_q_mode5EL9_51">
<pin_list>
<pin id="129" dir="1" index="0" bw="1" slack="0"/>
</pin_list>
<bind>
<StgValue><ssdm name="p_ZZN4nnet24compute_output_buffer_2dINS_5arrayI8ap_fixedILi16ELi6EL9ap_q_mode5EL9_51"/></StgValue>
</bind>
</comp>

<comp id="130" class="1000" name="p_ZZN4nnet24compute_output_buffer_2dINS_5arrayI8ap_fixedILi16ELi6EL9ap_q_mode5EL9_343">
<pin_list>
<pin id="131" dir="1" index="0" bw="1" slack="0"/>
</pin_list>
<bind>
<StgValue><ssdm name="p_ZZN4nnet24compute_output_buffer_2dINS_5arrayI8ap_fixedILi16ELi6EL9ap_q_mode5EL9_343"/></StgValue>
</bind>
</comp>

<comp id="132" class="1000" name="p_ZZN4nnet24compute_output_buffer_2dINS_5arrayI8ap_fixedILi16ELi6EL9ap_q_mode5EL9_50">
<pin_list>
<pin id="133" dir="1" index="0" bw="1" slack="0"/>
</pin_list>
<bind>
<StgValue><ssdm name="p_ZZN4nnet24compute_output_buffer_2dINS_5arrayI8ap_fixedILi16ELi6EL9ap_q_mode5EL9_50"/></StgValue>
</bind>
</comp>

<comp id="134" class="1000" name="p_ZZN4nnet24compute_output_buffer_2dINS_5arrayI8ap_fixedILi16ELi6EL9ap_q_mode5EL9_354">
<pin_list>
<pin id="135" dir="1" index="0" bw="1" slack="0"/>
</pin_list>
<bind>
<StgValue><ssdm name="p_ZZN4nnet24compute_output_buffer_2dINS_5arrayI8ap_fixedILi16ELi6EL9ap_q_mode5EL9_354"/></StgValue>
</bind>
</comp>

<comp id="136" class="1000" name="p_ZZN4nnet24compute_output_buffer_2dINS_5arrayI8ap_fixedILi16ELi6EL9ap_q_mode5EL9_49">
<pin_list>
<pin id="137" dir="1" index="0" bw="1" slack="0"/>
</pin_list>
<bind>
<StgValue><ssdm name="p_ZZN4nnet24compute_output_buffer_2dINS_5arrayI8ap_fixedILi16ELi6EL9ap_q_mode5EL9_49"/></StgValue>
</bind>
</comp>

<comp id="138" class="1000" name="p_ZZN4nnet24compute_output_buffer_2dINS_5arrayI8ap_fixedILi16ELi6EL9ap_q_mode5EL9_365">
<pin_list>
<pin id="139" dir="1" index="0" bw="1" slack="0"/>
</pin_list>
<bind>
<StgValue><ssdm name="p_ZZN4nnet24compute_output_buffer_2dINS_5arrayI8ap_fixedILi16ELi6EL9ap_q_mode5EL9_365"/></StgValue>
</bind>
</comp>

<comp id="140" class="1000" name="p_ZZN4nnet24compute_output_buffer_2dINS_5arrayI8ap_fixedILi16ELi6EL9ap_q_mode5EL9_48">
<pin_list>
<pin id="141" dir="1" index="0" bw="1" slack="0"/>
</pin_list>
<bind>
<StgValue><ssdm name="p_ZZN4nnet24compute_output_buffer_2dINS_5arrayI8ap_fixedILi16ELi6EL9ap_q_mode5EL9_48"/></StgValue>
</bind>
</comp>

<comp id="142" class="1000" name="p_ZZN4nnet24compute_output_buffer_2dINS_5arrayI8ap_fixedILi16ELi6EL9ap_q_mode5EL9_376">
<pin_list>
<pin id="143" dir="1" index="0" bw="1" slack="0"/>
</pin_list>
<bind>
<StgValue><ssdm name="p_ZZN4nnet24compute_output_buffer_2dINS_5arrayI8ap_fixedILi16ELi6EL9ap_q_mode5EL9_376"/></StgValue>
</bind>
</comp>

<comp id="144" class="1000" name="p_ZZN4nnet24compute_output_buffer_2dINS_5arrayI8ap_fixedILi16ELi6EL9ap_q_mode5EL9_47">
<pin_list>
<pin id="145" dir="1" index="0" bw="1" slack="0"/>
</pin_list>
<bind>
<StgValue><ssdm name="p_ZZN4nnet24compute_output_buffer_2dINS_5arrayI8ap_fixedILi16ELi6EL9ap_q_mode5EL9_47"/></StgValue>
</bind>
</comp>

<comp id="146" class="1000" name="p_ZZN4nnet24compute_output_buffer_2dINS_5arrayI8ap_fixedILi16ELi6EL9ap_q_mode5EL9_387">
<pin_list>
<pin id="147" dir="1" index="0" bw="1" slack="0"/>
</pin_list>
<bind>
<StgValue><ssdm name="p_ZZN4nnet24compute_output_buffer_2dINS_5arrayI8ap_fixedILi16ELi6EL9ap_q_mode5EL9_387"/></StgValue>
</bind>
</comp>

<comp id="148" class="1000" name="p_ZZN4nnet24compute_output_buffer_2dINS_5arrayI8ap_fixedILi16ELi6EL9ap_q_mode5EL9_46">
<pin_list>
<pin id="149" dir="1" index="0" bw="1" slack="0"/>
</pin_list>
<bind>
<StgValue><ssdm name="p_ZZN4nnet24compute_output_buffer_2dINS_5arrayI8ap_fixedILi16ELi6EL9ap_q_mode5EL9_46"/></StgValue>
</bind>
</comp>

<comp id="150" class="1000" name="p_ZZN4nnet24compute_output_buffer_2dINS_5arrayI8ap_fixedILi16ELi6EL9ap_q_mode5EL9_398">
<pin_list>
<pin id="151" dir="1" index="0" bw="1" slack="0"/>
</pin_list>
<bind>
<StgValue><ssdm name="p_ZZN4nnet24compute_output_buffer_2dINS_5arrayI8ap_fixedILi16ELi6EL9ap_q_mode5EL9_398"/></StgValue>
</bind>
</comp>

<comp id="152" class="1000" name="p_ZZN4nnet24compute_output_buffer_2dINS_5arrayI8ap_fixedILi16ELi6EL9ap_q_mode5EL9_45">
<pin_list>
<pin id="153" dir="1" index="0" bw="1" slack="0"/>
</pin_list>
<bind>
<StgValue><ssdm name="p_ZZN4nnet24compute_output_buffer_2dINS_5arrayI8ap_fixedILi16ELi6EL9ap_q_mode5EL9_45"/></StgValue>
</bind>
</comp>

<comp id="154" class="1000" name="p_ZZN4nnet24compute_output_buffer_2dINS_5arrayI8ap_fixedILi16ELi6EL9ap_q_mode5EL9_409">
<pin_list>
<pin id="155" dir="1" index="0" bw="1" slack="0"/>
</pin_list>
<bind>
<StgValue><ssdm name="p_ZZN4nnet24compute_output_buffer_2dINS_5arrayI8ap_fixedILi16ELi6EL9ap_q_mode5EL9_409"/></StgValue>
</bind>
</comp>

<comp id="156" class="1000" name="p_ZZN4nnet24compute_output_buffer_2dINS_5arrayI8ap_fixedILi16ELi6EL9ap_q_mode5EL9_44">
<pin_list>
<pin id="157" dir="1" index="0" bw="1" slack="0"/>
</pin_list>
<bind>
<StgValue><ssdm name="p_ZZN4nnet24compute_output_buffer_2dINS_5arrayI8ap_fixedILi16ELi6EL9ap_q_mode5EL9_44"/></StgValue>
</bind>
</comp>

<comp id="158" class="1000" name="p_ZZN4nnet24compute_output_buffer_2dINS_5arrayI8ap_fixedILi16ELi6EL9ap_q_mode5EL9_420">
<pin_list>
<pin id="159" dir="1" index="0" bw="1" slack="0"/>
</pin_list>
<bind>
<StgValue><ssdm name="p_ZZN4nnet24compute_output_buffer_2dINS_5arrayI8ap_fixedILi16ELi6EL9ap_q_mode5EL9_420"/></StgValue>
</bind>
</comp>

<comp id="160" class="1000" name="p_ZZN4nnet24compute_output_buffer_2dINS_5arrayI8ap_fixedILi16ELi6EL9ap_q_mode5EL9_43">
<pin_list>
<pin id="161" dir="1" index="0" bw="1" slack="0"/>
</pin_list>
<bind>
<StgValue><ssdm name="p_ZZN4nnet24compute_output_buffer_2dINS_5arrayI8ap_fixedILi16ELi6EL9ap_q_mode5EL9_43"/></StgValue>
</bind>
</comp>

<comp id="162" class="1000" name="p_ZZN4nnet24compute_output_buffer_2dINS_5arrayI8ap_fixedILi16ELi6EL9ap_q_mode5EL9_431">
<pin_list>
<pin id="163" dir="1" index="0" bw="1" slack="0"/>
</pin_list>
<bind>
<StgValue><ssdm name="p_ZZN4nnet24compute_output_buffer_2dINS_5arrayI8ap_fixedILi16ELi6EL9ap_q_mode5EL9_431"/></StgValue>
</bind>
</comp>

<comp id="164" class="1000" name="p_ZZN4nnet24compute_output_buffer_2dINS_5arrayI8ap_fixedILi16ELi6EL9ap_q_mode5EL9_42">
<pin_list>
<pin id="165" dir="1" index="0" bw="1" slack="0"/>
</pin_list>
<bind>
<StgValue><ssdm name="p_ZZN4nnet24compute_output_buffer_2dINS_5arrayI8ap_fixedILi16ELi6EL9ap_q_mode5EL9_42"/></StgValue>
</bind>
</comp>

<comp id="166" class="1000" name="p_ZZN4nnet24compute_output_buffer_2dINS_5arrayI8ap_fixedILi16ELi6EL9ap_q_mode5EL9_442">
<pin_list>
<pin id="167" dir="1" index="0" bw="1" slack="0"/>
</pin_list>
<bind>
<StgValue><ssdm name="p_ZZN4nnet24compute_output_buffer_2dINS_5arrayI8ap_fixedILi16ELi6EL9ap_q_mode5EL9_442"/></StgValue>
</bind>
</comp>

<comp id="168" class="1000" name="p_ZZN4nnet24compute_output_buffer_2dINS_5arrayI8ap_fixedILi16ELi6EL9ap_q_mode5EL9_41">
<pin_list>
<pin id="169" dir="1" index="0" bw="1" slack="0"/>
</pin_list>
<bind>
<StgValue><ssdm name="p_ZZN4nnet24compute_output_buffer_2dINS_5arrayI8ap_fixedILi16ELi6EL9ap_q_mode5EL9_41"/></StgValue>
</bind>
</comp>

<comp id="170" class="1000" name="p_ZZN4nnet24compute_output_buffer_2dINS_5arrayI8ap_fixedILi16ELi6EL9ap_q_mode5EL9_453">
<pin_list>
<pin id="171" dir="1" index="0" bw="1" slack="0"/>
</pin_list>
<bind>
<StgValue><ssdm name="p_ZZN4nnet24compute_output_buffer_2dINS_5arrayI8ap_fixedILi16ELi6EL9ap_q_mode5EL9_453"/></StgValue>
</bind>
</comp>

<comp id="172" class="1000" name="p_ZZN4nnet24compute_output_buffer_2dINS_5arrayI8ap_fixedILi16ELi6EL9ap_q_mode5EL9_40">
<pin_list>
<pin id="173" dir="1" index="0" bw="1" slack="0"/>
</pin_list>
<bind>
<StgValue><ssdm name="p_ZZN4nnet24compute_output_buffer_2dINS_5arrayI8ap_fixedILi16ELi6EL9ap_q_mode5EL9_40"/></StgValue>
</bind>
</comp>

<comp id="174" class="1000" name="p_ZZN4nnet24compute_output_buffer_2dINS_5arrayI8ap_fixedILi16ELi6EL9ap_q_mode5EL9_90">
<pin_list>
<pin id="175" dir="1" index="0" bw="1" slack="0"/>
</pin_list>
<bind>
<StgValue><ssdm name="p_ZZN4nnet24compute_output_buffer_2dINS_5arrayI8ap_fixedILi16ELi6EL9ap_q_mode5EL9_90"/></StgValue>
</bind>
</comp>

<comp id="176" class="1000" name="p_ZZN4nnet24compute_output_buffer_2dINS_5arrayI8ap_fixedILi16ELi6EL9ap_q_mode5EL9_39">
<pin_list>
<pin id="177" dir="1" index="0" bw="1" slack="0"/>
</pin_list>
<bind>
<StgValue><ssdm name="p_ZZN4nnet24compute_output_buffer_2dINS_5arrayI8ap_fixedILi16ELi6EL9ap_q_mode5EL9_39"/></StgValue>
</bind>
</comp>

<comp id="178" class="1000" name="p_ZZN4nnet24compute_output_buffer_2dINS_5arrayI8ap_fixedILi16ELi6EL9ap_q_mode5EL9_79">
<pin_list>
<pin id="179" dir="1" index="0" bw="1" slack="0"/>
</pin_list>
<bind>
<StgValue><ssdm name="p_ZZN4nnet24compute_output_buffer_2dINS_5arrayI8ap_fixedILi16ELi6EL9ap_q_mode5EL9_79"/></StgValue>
</bind>
</comp>

<comp id="180" class="1000" name="p_ZZN4nnet24compute_output_buffer_2dINS_5arrayI8ap_fixedILi16ELi6EL9ap_q_mode5EL9_38">
<pin_list>
<pin id="181" dir="1" index="0" bw="1" slack="0"/>
</pin_list>
<bind>
<StgValue><ssdm name="p_ZZN4nnet24compute_output_buffer_2dINS_5arrayI8ap_fixedILi16ELi6EL9ap_q_mode5EL9_38"/></StgValue>
</bind>
</comp>

<comp id="182" class="1000" name="p_ZZN4nnet24compute_output_buffer_2dINS_5arrayI8ap_fixedILi16ELi6EL9ap_q_mode5EL9_70">
<pin_list>
<pin id="183" dir="1" index="0" bw="1" slack="0"/>
</pin_list>
<bind>
<StgValue><ssdm name="p_ZZN4nnet24compute_output_buffer_2dINS_5arrayI8ap_fixedILi16ELi6EL9ap_q_mode5EL9_70"/></StgValue>
</bind>
</comp>

<comp id="184" class="1000" name="p_ZZN4nnet24compute_output_buffer_2dINS_5arrayI8ap_fixedILi16ELi6EL9ap_q_mode5EL9_37">
<pin_list>
<pin id="185" dir="1" index="0" bw="1" slack="0"/>
</pin_list>
<bind>
<StgValue><ssdm name="p_ZZN4nnet24compute_output_buffer_2dINS_5arrayI8ap_fixedILi16ELi6EL9ap_q_mode5EL9_37"/></StgValue>
</bind>
</comp>

<comp id="186" class="1000" name="p_ZZN4nnet24compute_output_buffer_2dINS_5arrayI8ap_fixedILi16ELi6EL9ap_q_mode5EL9_69">
<pin_list>
<pin id="187" dir="1" index="0" bw="1" slack="0"/>
</pin_list>
<bind>
<StgValue><ssdm name="p_ZZN4nnet24compute_output_buffer_2dINS_5arrayI8ap_fixedILi16ELi6EL9ap_q_mode5EL9_69"/></StgValue>
</bind>
</comp>

<comp id="188" class="1000" name="p_ZZN4nnet24compute_output_buffer_2dINS_5arrayI8ap_fixedILi16ELi6EL9ap_q_mode5EL9_36">
<pin_list>
<pin id="189" dir="1" index="0" bw="1" slack="0"/>
</pin_list>
<bind>
<StgValue><ssdm name="p_ZZN4nnet24compute_output_buffer_2dINS_5arrayI8ap_fixedILi16ELi6EL9ap_q_mode5EL9_36"/></StgValue>
</bind>
</comp>

<comp id="190" class="1000" name="p_ZZN4nnet24compute_output_buffer_2dINS_5arrayI8ap_fixedILi16ELi6EL9ap_q_mode5EL9_68">
<pin_list>
<pin id="191" dir="1" index="0" bw="1" slack="0"/>
</pin_list>
<bind>
<StgValue><ssdm name="p_ZZN4nnet24compute_output_buffer_2dINS_5arrayI8ap_fixedILi16ELi6EL9ap_q_mode5EL9_68"/></StgValue>
</bind>
</comp>

<comp id="192" class="1000" name="p_ZZN4nnet24compute_output_buffer_2dINS_5arrayI8ap_fixedILi16ELi6EL9ap_q_mode5EL9_308">
<pin_list>
<pin id="193" dir="1" index="0" bw="1" slack="0"/>
</pin_list>
<bind>
<StgValue><ssdm name="p_ZZN4nnet24compute_output_buffer_2dINS_5arrayI8ap_fixedILi16ELi6EL9ap_q_mode5EL9_308"/></StgValue>
</bind>
</comp>

<comp id="194" class="1000" name="p_ZZN4nnet24compute_output_buffer_2dINS_5arrayI8ap_fixedILi16ELi6EL9ap_q_mode5EL9_3">
<pin_list>
<pin id="195" dir="1" index="0" bw="1" slack="0"/>
</pin_list>
<bind>
<StgValue><ssdm name="p_ZZN4nnet24compute_output_buffer_2dINS_5arrayI8ap_fixedILi16ELi6EL9ap_q_mode5EL9_3"/></StgValue>
</bind>
</comp>

<comp id="196" class="1000" name="p_ZZN4nnet24compute_output_buffer_2dINS_5arrayI8ap_fixedILi16ELi6EL9ap_q_mode5EL9_309">
<pin_list>
<pin id="197" dir="1" index="0" bw="1" slack="0"/>
</pin_list>
<bind>
<StgValue><ssdm name="p_ZZN4nnet24compute_output_buffer_2dINS_5arrayI8ap_fixedILi16ELi6EL9ap_q_mode5EL9_309"/></StgValue>
</bind>
</comp>

<comp id="198" class="1000" name="p_ZZN4nnet24compute_output_buffer_2dINS_5arrayI8ap_fixedILi16ELi6EL9ap_q_mode5EL9_2">
<pin_list>
<pin id="199" dir="1" index="0" bw="1" slack="0"/>
</pin_list>
<bind>
<StgValue><ssdm name="p_ZZN4nnet24compute_output_buffer_2dINS_5arrayI8ap_fixedILi16ELi6EL9ap_q_mode5EL9_2"/></StgValue>
</bind>
</comp>

<comp id="200" class="1000" name="p_ZZN4nnet24compute_output_buffer_2dINS_5arrayI8ap_fixedILi16ELi6EL9ap_q_mode5EL9_311">
<pin_list>
<pin id="201" dir="1" index="0" bw="1" slack="0"/>
</pin_list>
<bind>
<StgValue><ssdm name="p_ZZN4nnet24compute_output_buffer_2dINS_5arrayI8ap_fixedILi16ELi6EL9ap_q_mode5EL9_311"/></StgValue>
</bind>
</comp>

<comp id="202" class="1000" name="p_ZZN4nnet24compute_output_buffer_2dINS_5arrayI8ap_fixedILi16ELi6EL9ap_q_mode5EL9_1">
<pin_list>
<pin id="203" dir="1" index="0" bw="1" slack="0"/>
</pin_list>
<bind>
<StgValue><ssdm name="p_ZZN4nnet24compute_output_buffer_2dINS_5arrayI8ap_fixedILi16ELi6EL9ap_q_mode5EL9_1"/></StgValue>
</bind>
</comp>

<comp id="204" class="1000" name="p_ZZN4nnet24compute_output_buffer_2dINS_5arrayI8ap_fixedILi16ELi6EL9ap_q_mode5EL9_312">
<pin_list>
<pin id="205" dir="1" index="0" bw="1" slack="0"/>
</pin_list>
<bind>
<StgValue><ssdm name="p_ZZN4nnet24compute_output_buffer_2dINS_5arrayI8ap_fixedILi16ELi6EL9ap_q_mode5EL9_312"/></StgValue>
</bind>
</comp>

<comp id="206" class="1000" name="p_ZZN4nnet24compute_output_buffer_2dINS_5arrayI8ap_fixedILi16ELi6EL9ap_q_mode5EL9">
<pin_list>
<pin id="207" dir="1" index="0" bw="1" slack="0"/>
</pin_list>
<bind>
<StgValue><ssdm name="p_ZZN4nnet24compute_output_buffer_2dINS_5arrayI8ap_fixedILi16ELi6EL9ap_q_mode5EL9"/></StgValue>
</bind>
</comp>

<comp id="208" class="1000" name="p_ZZN4nnet24compute_output_buffer_2dINS_5arrayI8ap_fixedILi16ELi6EL9ap_q_mode5EL9_313">
<pin_list>
<pin id="209" dir="1" index="0" bw="1" slack="0"/>
</pin_list>
<bind>
<StgValue><ssdm name="p_ZZN4nnet24compute_output_buffer_2dINS_5arrayI8ap_fixedILi16ELi6EL9ap_q_mode5EL9_313"/></StgValue>
</bind>
</comp>

<comp id="210" class="1000" name="p_ZZN4nnet24compute_output_buffer_2dINS_5arrayI8ap_fixedILi16ELi6EL9ap_q_mode5EL9_278">
<pin_list>
<pin id="211" dir="1" index="0" bw="1" slack="0"/>
</pin_list>
<bind>
<StgValue><ssdm name="p_ZZN4nnet24compute_output_buffer_2dINS_5arrayI8ap_fixedILi16ELi6EL9ap_q_mode5EL9_278"/></StgValue>
</bind>
</comp>

<comp id="212" class="1000" name="p_ZZN4nnet24compute_output_buffer_2dINS_5arrayI8ap_fixedILi16ELi6EL9ap_q_mode5EL9_314">
<pin_list>
<pin id="213" dir="1" index="0" bw="1" slack="0"/>
</pin_list>
<bind>
<StgValue><ssdm name="p_ZZN4nnet24compute_output_buffer_2dINS_5arrayI8ap_fixedILi16ELi6EL9ap_q_mode5EL9_314"/></StgValue>
</bind>
</comp>

<comp id="214" class="1000" name="p_ZZN4nnet24compute_output_buffer_2dINS_5arrayI8ap_fixedILi16ELi6EL9ap_q_mode5EL9_279">
<pin_list>
<pin id="215" dir="1" index="0" bw="1" slack="0"/>
</pin_list>
<bind>
<StgValue><ssdm name="p_ZZN4nnet24compute_output_buffer_2dINS_5arrayI8ap_fixedILi16ELi6EL9ap_q_mode5EL9_279"/></StgValue>
</bind>
</comp>

<comp id="216" class="1000" name="p_ZZN4nnet24compute_output_buffer_2dINS_5arrayI8ap_fixedILi16ELi6EL9ap_q_mode5EL9_315">
<pin_list>
<pin id="217" dir="1" index="0" bw="1" slack="0"/>
</pin_list>
<bind>
<StgValue><ssdm name="p_ZZN4nnet24compute_output_buffer_2dINS_5arrayI8ap_fixedILi16ELi6EL9ap_q_mode5EL9_315"/></StgValue>
</bind>
</comp>

<comp id="218" class="1000" name="p_ZZN4nnet24compute_output_buffer_2dINS_5arrayI8ap_fixedILi16ELi6EL9ap_q_mode5EL9_280">
<pin_list>
<pin id="219" dir="1" index="0" bw="1" slack="0"/>
</pin_list>
<bind>
<StgValue><ssdm name="p_ZZN4nnet24compute_output_buffer_2dINS_5arrayI8ap_fixedILi16ELi6EL9ap_q_mode5EL9_280"/></StgValue>
</bind>
</comp>

<comp id="220" class="1000" name="p_ZZN4nnet24compute_output_buffer_2dINS_5arrayI8ap_fixedILi16ELi6EL9ap_q_mode5EL9_316">
<pin_list>
<pin id="221" dir="1" index="0" bw="1" slack="0"/>
</pin_list>
<bind>
<StgValue><ssdm name="p_ZZN4nnet24compute_output_buffer_2dINS_5arrayI8ap_fixedILi16ELi6EL9ap_q_mode5EL9_316"/></StgValue>
</bind>
</comp>

<comp id="222" class="1000" name="p_ZZN4nnet24compute_output_buffer_2dINS_5arrayI8ap_fixedILi16ELi6EL9ap_q_mode5EL9_281">
<pin_list>
<pin id="223" dir="1" index="0" bw="1" slack="0"/>
</pin_list>
<bind>
<StgValue><ssdm name="p_ZZN4nnet24compute_output_buffer_2dINS_5arrayI8ap_fixedILi16ELi6EL9ap_q_mode5EL9_281"/></StgValue>
</bind>
</comp>

<comp id="224" class="1000" name="p_ZZN4nnet24compute_output_buffer_2dINS_5arrayI8ap_fixedILi16ELi6EL9ap_q_mode5EL9_317">
<pin_list>
<pin id="225" dir="1" index="0" bw="1" slack="0"/>
</pin_list>
<bind>
<StgValue><ssdm name="p_ZZN4nnet24compute_output_buffer_2dINS_5arrayI8ap_fixedILi16ELi6EL9ap_q_mode5EL9_317"/></StgValue>
</bind>
</comp>

<comp id="226" class="1000" name="p_ZZN4nnet24compute_output_buffer_2dINS_5arrayI8ap_fixedILi16ELi6EL9ap_q_mode5EL9_282">
<pin_list>
<pin id="227" dir="1" index="0" bw="1" slack="0"/>
</pin_list>
<bind>
<StgValue><ssdm name="p_ZZN4nnet24compute_output_buffer_2dINS_5arrayI8ap_fixedILi16ELi6EL9ap_q_mode5EL9_282"/></StgValue>
</bind>
</comp>

<comp id="228" class="1000" name="p_ZZN4nnet24compute_output_buffer_2dINS_5arrayI8ap_fixedILi16ELi6EL9ap_q_mode5EL9_318">
<pin_list>
<pin id="229" dir="1" index="0" bw="1" slack="0"/>
</pin_list>
<bind>
<StgValue><ssdm name="p_ZZN4nnet24compute_output_buffer_2dINS_5arrayI8ap_fixedILi16ELi6EL9ap_q_mode5EL9_318"/></StgValue>
</bind>
</comp>

<comp id="230" class="1000" name="p_ZZN4nnet24compute_output_buffer_2dINS_5arrayI8ap_fixedILi16ELi6EL9ap_q_mode5EL9_283">
<pin_list>
<pin id="231" dir="1" index="0" bw="1" slack="0"/>
</pin_list>
<bind>
<StgValue><ssdm name="p_ZZN4nnet24compute_output_buffer_2dINS_5arrayI8ap_fixedILi16ELi6EL9ap_q_mode5EL9_283"/></StgValue>
</bind>
</comp>

<comp id="232" class="1000" name="p_ZZN4nnet24compute_output_buffer_2dINS_5arrayI8ap_fixedILi16ELi6EL9ap_q_mode5EL9_319">
<pin_list>
<pin id="233" dir="1" index="0" bw="1" slack="0"/>
</pin_list>
<bind>
<StgValue><ssdm name="p_ZZN4nnet24compute_output_buffer_2dINS_5arrayI8ap_fixedILi16ELi6EL9ap_q_mode5EL9_319"/></StgValue>
</bind>
</comp>

<comp id="234" class="1000" name="p_ZZN4nnet24compute_output_buffer_2dINS_5arrayI8ap_fixedILi16ELi6EL9ap_q_mode5EL9_284">
<pin_list>
<pin id="235" dir="1" index="0" bw="1" slack="0"/>
</pin_list>
<bind>
<StgValue><ssdm name="p_ZZN4nnet24compute_output_buffer_2dINS_5arrayI8ap_fixedILi16ELi6EL9ap_q_mode5EL9_284"/></StgValue>
</bind>
</comp>

<comp id="236" class="1000" name="p_ZZN4nnet24compute_output_buffer_2dINS_5arrayI8ap_fixedILi16ELi6EL9ap_q_mode5EL9_320">
<pin_list>
<pin id="237" dir="1" index="0" bw="1" slack="0"/>
</pin_list>
<bind>
<StgValue><ssdm name="p_ZZN4nnet24compute_output_buffer_2dINS_5arrayI8ap_fixedILi16ELi6EL9ap_q_mode5EL9_320"/></StgValue>
</bind>
</comp>

<comp id="238" class="1000" name="p_ZZN4nnet24compute_output_buffer_2dINS_5arrayI8ap_fixedILi16ELi6EL9ap_q_mode5EL9_285">
<pin_list>
<pin id="239" dir="1" index="0" bw="1" slack="0"/>
</pin_list>
<bind>
<StgValue><ssdm name="p_ZZN4nnet24compute_output_buffer_2dINS_5arrayI8ap_fixedILi16ELi6EL9ap_q_mode5EL9_285"/></StgValue>
</bind>
</comp>

<comp id="240" class="1000" name="p_ZZN4nnet24compute_output_buffer_2dINS_5arrayI8ap_fixedILi16ELi6EL9ap_q_mode5EL9_322">
<pin_list>
<pin id="241" dir="1" index="0" bw="1" slack="0"/>
</pin_list>
<bind>
<StgValue><ssdm name="p_ZZN4nnet24compute_output_buffer_2dINS_5arrayI8ap_fixedILi16ELi6EL9ap_q_mode5EL9_322"/></StgValue>
</bind>
</comp>

<comp id="242" class="1000" name="p_ZZN4nnet24compute_output_buffer_2dINS_5arrayI8ap_fixedILi16ELi6EL9ap_q_mode5EL9_286">
<pin_list>
<pin id="243" dir="1" index="0" bw="1" slack="0"/>
</pin_list>
<bind>
<StgValue><ssdm name="p_ZZN4nnet24compute_output_buffer_2dINS_5arrayI8ap_fixedILi16ELi6EL9ap_q_mode5EL9_286"/></StgValue>
</bind>
</comp>

<comp id="244" class="1000" name="p_ZZN4nnet24compute_output_buffer_2dINS_5arrayI8ap_fixedILi16ELi6EL9ap_q_mode5EL9_323">
<pin_list>
<pin id="245" dir="1" index="0" bw="1" slack="0"/>
</pin_list>
<bind>
<StgValue><ssdm name="p_ZZN4nnet24compute_output_buffer_2dINS_5arrayI8ap_fixedILi16ELi6EL9ap_q_mode5EL9_323"/></StgValue>
</bind>
</comp>

<comp id="246" class="1000" name="p_ZZN4nnet24compute_output_buffer_2dINS_5arrayI8ap_fixedILi16ELi6EL9ap_q_mode5EL9_287">
<pin_list>
<pin id="247" dir="1" index="0" bw="1" slack="0"/>
</pin_list>
<bind>
<StgValue><ssdm name="p_ZZN4nnet24compute_output_buffer_2dINS_5arrayI8ap_fixedILi16ELi6EL9ap_q_mode5EL9_287"/></StgValue>
</bind>
</comp>

<comp id="248" class="1000" name="p_ZZN4nnet24compute_output_buffer_2dINS_5arrayI8ap_fixedILi16ELi6EL9ap_q_mode5EL9_324">
<pin_list>
<pin id="249" dir="1" index="0" bw="1" slack="0"/>
</pin_list>
<bind>
<StgValue><ssdm name="p_ZZN4nnet24compute_output_buffer_2dINS_5arrayI8ap_fixedILi16ELi6EL9ap_q_mode5EL9_324"/></StgValue>
</bind>
</comp>

<comp id="250" class="1000" name="p_ZZN4nnet24compute_output_buffer_2dINS_5arrayI8ap_fixedILi16ELi6EL9ap_q_mode5EL9_289">
<pin_list>
<pin id="251" dir="1" index="0" bw="1" slack="0"/>
</pin_list>
<bind>
<StgValue><ssdm name="p_ZZN4nnet24compute_output_buffer_2dINS_5arrayI8ap_fixedILi16ELi6EL9ap_q_mode5EL9_289"/></StgValue>
</bind>
</comp>

<comp id="252" class="1000" name="p_ZZN4nnet24compute_output_buffer_2dINS_5arrayI8ap_fixedILi16ELi6EL9ap_q_mode5EL9_325">
<pin_list>
<pin id="253" dir="1" index="0" bw="1" slack="0"/>
</pin_list>
<bind>
<StgValue><ssdm name="p_ZZN4nnet24compute_output_buffer_2dINS_5arrayI8ap_fixedILi16ELi6EL9ap_q_mode5EL9_325"/></StgValue>
</bind>
</comp>

<comp id="254" class="1000" name="p_ZZN4nnet24compute_output_buffer_2dINS_5arrayI8ap_fixedILi16ELi6EL9ap_q_mode5EL9_290">
<pin_list>
<pin id="255" dir="1" index="0" bw="1" slack="0"/>
</pin_list>
<bind>
<StgValue><ssdm name="p_ZZN4nnet24compute_output_buffer_2dINS_5arrayI8ap_fixedILi16ELi6EL9ap_q_mode5EL9_290"/></StgValue>
</bind>
</comp>

<comp id="256" class="1000" name="p_ZZN4nnet24compute_output_buffer_2dINS_5arrayI8ap_fixedILi16ELi6EL9ap_q_mode5EL9_326">
<pin_list>
<pin id="257" dir="1" index="0" bw="1" slack="0"/>
</pin_list>
<bind>
<StgValue><ssdm name="p_ZZN4nnet24compute_output_buffer_2dINS_5arrayI8ap_fixedILi16ELi6EL9ap_q_mode5EL9_326"/></StgValue>
</bind>
</comp>

<comp id="258" class="1000" name="p_ZZN4nnet24compute_output_buffer_2dINS_5arrayI8ap_fixedILi16ELi6EL9ap_q_mode5EL9_291">
<pin_list>
<pin id="259" dir="1" index="0" bw="1" slack="0"/>
</pin_list>
<bind>
<StgValue><ssdm name="p_ZZN4nnet24compute_output_buffer_2dINS_5arrayI8ap_fixedILi16ELi6EL9ap_q_mode5EL9_291"/></StgValue>
</bind>
</comp>

<comp id="260" class="1000" name="p_ZZN4nnet24compute_output_buffer_2dINS_5arrayI8ap_fixedILi16ELi6EL9ap_q_mode5EL9_327">
<pin_list>
<pin id="261" dir="1" index="0" bw="1" slack="0"/>
</pin_list>
<bind>
<StgValue><ssdm name="p_ZZN4nnet24compute_output_buffer_2dINS_5arrayI8ap_fixedILi16ELi6EL9ap_q_mode5EL9_327"/></StgValue>
</bind>
</comp>

<comp id="262" class="1000" name="p_ZZN4nnet24compute_output_buffer_2dINS_5arrayI8ap_fixedILi16ELi6EL9ap_q_mode5EL9_292">
<pin_list>
<pin id="263" dir="1" index="0" bw="1" slack="0"/>
</pin_list>
<bind>
<StgValue><ssdm name="p_ZZN4nnet24compute_output_buffer_2dINS_5arrayI8ap_fixedILi16ELi6EL9ap_q_mode5EL9_292"/></StgValue>
</bind>
</comp>

<comp id="264" class="1000" name="p_ZZN4nnet24compute_output_buffer_2dINS_5arrayI8ap_fixedILi16ELi6EL9ap_q_mode5EL9_328">
<pin_list>
<pin id="265" dir="1" index="0" bw="1" slack="0"/>
</pin_list>
<bind>
<StgValue><ssdm name="p_ZZN4nnet24compute_output_buffer_2dINS_5arrayI8ap_fixedILi16ELi6EL9ap_q_mode5EL9_328"/></StgValue>
</bind>
</comp>

<comp id="266" class="1000" name="p_ZZN4nnet24compute_output_buffer_2dINS_5arrayI8ap_fixedILi16ELi6EL9ap_q_mode5EL9_293">
<pin_list>
<pin id="267" dir="1" index="0" bw="1" slack="0"/>
</pin_list>
<bind>
<StgValue><ssdm name="p_ZZN4nnet24compute_output_buffer_2dINS_5arrayI8ap_fixedILi16ELi6EL9ap_q_mode5EL9_293"/></StgValue>
</bind>
</comp>

<comp id="268" class="1000" name="p_ZZN4nnet24compute_output_buffer_2dINS_5arrayI8ap_fixedILi16ELi6EL9ap_q_mode5EL9_329">
<pin_list>
<pin id="269" dir="1" index="0" bw="1" slack="0"/>
</pin_list>
<bind>
<StgValue><ssdm name="p_ZZN4nnet24compute_output_buffer_2dINS_5arrayI8ap_fixedILi16ELi6EL9ap_q_mode5EL9_329"/></StgValue>
</bind>
</comp>

<comp id="270" class="1000" name="p_ZZN4nnet24compute_output_buffer_2dINS_5arrayI8ap_fixedILi16ELi6EL9ap_q_mode5EL9_294">
<pin_list>
<pin id="271" dir="1" index="0" bw="1" slack="0"/>
</pin_list>
<bind>
<StgValue><ssdm name="p_ZZN4nnet24compute_output_buffer_2dINS_5arrayI8ap_fixedILi16ELi6EL9ap_q_mode5EL9_294"/></StgValue>
</bind>
</comp>

<comp id="272" class="1000" name="p_ZZN4nnet24compute_output_buffer_2dINS_5arrayI8ap_fixedILi16ELi6EL9ap_q_mode5EL9_330">
<pin_list>
<pin id="273" dir="1" index="0" bw="1" slack="0"/>
</pin_list>
<bind>
<StgValue><ssdm name="p_ZZN4nnet24compute_output_buffer_2dINS_5arrayI8ap_fixedILi16ELi6EL9ap_q_mode5EL9_330"/></StgValue>
</bind>
</comp>

<comp id="274" class="1000" name="p_ZZN4nnet24compute_output_buffer_2dINS_5arrayI8ap_fixedILi16ELi6EL9ap_q_mode5EL9_295">
<pin_list>
<pin id="275" dir="1" index="0" bw="1" slack="0"/>
</pin_list>
<bind>
<StgValue><ssdm name="p_ZZN4nnet24compute_output_buffer_2dINS_5arrayI8ap_fixedILi16ELi6EL9ap_q_mode5EL9_295"/></StgValue>
</bind>
</comp>

<comp id="276" class="1000" name="p_ZZN4nnet24compute_output_buffer_2dINS_5arrayI8ap_fixedILi16ELi6EL9ap_q_mode5EL9_331">
<pin_list>
<pin id="277" dir="1" index="0" bw="1" slack="0"/>
</pin_list>
<bind>
<StgValue><ssdm name="p_ZZN4nnet24compute_output_buffer_2dINS_5arrayI8ap_fixedILi16ELi6EL9ap_q_mode5EL9_331"/></StgValue>
</bind>
</comp>

<comp id="278" class="1000" name="p_ZZN4nnet24compute_output_buffer_2dINS_5arrayI8ap_fixedILi16ELi6EL9ap_q_mode5EL9_296">
<pin_list>
<pin id="279" dir="1" index="0" bw="1" slack="0"/>
</pin_list>
<bind>
<StgValue><ssdm name="p_ZZN4nnet24compute_output_buffer_2dINS_5arrayI8ap_fixedILi16ELi6EL9ap_q_mode5EL9_296"/></StgValue>
</bind>
</comp>

<comp id="280" class="1000" name="p_ZZN4nnet24compute_output_buffer_2dINS_5arrayI8ap_fixedILi16ELi6EL9ap_q_mode5EL9_333">
<pin_list>
<pin id="281" dir="1" index="0" bw="1" slack="0"/>
</pin_list>
<bind>
<StgValue><ssdm name="p_ZZN4nnet24compute_output_buffer_2dINS_5arrayI8ap_fixedILi16ELi6EL9ap_q_mode5EL9_333"/></StgValue>
</bind>
</comp>

<comp id="282" class="1000" name="p_ZZN4nnet24compute_output_buffer_2dINS_5arrayI8ap_fixedILi16ELi6EL9ap_q_mode5EL9_297">
<pin_list>
<pin id="283" dir="1" index="0" bw="1" slack="0"/>
</pin_list>
<bind>
<StgValue><ssdm name="p_ZZN4nnet24compute_output_buffer_2dINS_5arrayI8ap_fixedILi16ELi6EL9ap_q_mode5EL9_297"/></StgValue>
</bind>
</comp>

<comp id="284" class="1000" name="p_ZZN4nnet24compute_output_buffer_2dINS_5arrayI8ap_fixedILi16ELi6EL9ap_q_mode5EL9_334">
<pin_list>
<pin id="285" dir="1" index="0" bw="1" slack="0"/>
</pin_list>
<bind>
<StgValue><ssdm name="p_ZZN4nnet24compute_output_buffer_2dINS_5arrayI8ap_fixedILi16ELi6EL9ap_q_mode5EL9_334"/></StgValue>
</bind>
</comp>

<comp id="286" class="1000" name="p_ZZN4nnet24compute_output_buffer_2dINS_5arrayI8ap_fixedILi16ELi6EL9ap_q_mode5EL9_298">
<pin_list>
<pin id="287" dir="1" index="0" bw="1" slack="0"/>
</pin_list>
<bind>
<StgValue><ssdm name="p_ZZN4nnet24compute_output_buffer_2dINS_5arrayI8ap_fixedILi16ELi6EL9ap_q_mode5EL9_298"/></StgValue>
</bind>
</comp>

<comp id="288" class="1000" name="p_ZZN4nnet24compute_output_buffer_2dINS_5arrayI8ap_fixedILi16ELi6EL9ap_q_mode5EL9_335">
<pin_list>
<pin id="289" dir="1" index="0" bw="1" slack="0"/>
</pin_list>
<bind>
<StgValue><ssdm name="p_ZZN4nnet24compute_output_buffer_2dINS_5arrayI8ap_fixedILi16ELi6EL9ap_q_mode5EL9_335"/></StgValue>
</bind>
</comp>

<comp id="290" class="1000" name="p_ZZN4nnet24compute_output_buffer_2dINS_5arrayI8ap_fixedILi16ELi6EL9ap_q_mode5EL9_300">
<pin_list>
<pin id="291" dir="1" index="0" bw="1" slack="0"/>
</pin_list>
<bind>
<StgValue><ssdm name="p_ZZN4nnet24compute_output_buffer_2dINS_5arrayI8ap_fixedILi16ELi6EL9ap_q_mode5EL9_300"/></StgValue>
</bind>
</comp>

<comp id="292" class="1000" name="p_ZZN4nnet24compute_output_buffer_2dINS_5arrayI8ap_fixedILi16ELi6EL9ap_q_mode5EL9_336">
<pin_list>
<pin id="293" dir="1" index="0" bw="1" slack="0"/>
</pin_list>
<bind>
<StgValue><ssdm name="p_ZZN4nnet24compute_output_buffer_2dINS_5arrayI8ap_fixedILi16ELi6EL9ap_q_mode5EL9_336"/></StgValue>
</bind>
</comp>

<comp id="294" class="1000" name="p_ZZN4nnet24compute_output_buffer_2dINS_5arrayI8ap_fixedILi16ELi6EL9ap_q_mode5EL9_301">
<pin_list>
<pin id="295" dir="1" index="0" bw="1" slack="0"/>
</pin_list>
<bind>
<StgValue><ssdm name="p_ZZN4nnet24compute_output_buffer_2dINS_5arrayI8ap_fixedILi16ELi6EL9ap_q_mode5EL9_301"/></StgValue>
</bind>
</comp>

<comp id="296" class="1000" name="p_ZZN4nnet24compute_output_buffer_2dINS_5arrayI8ap_fixedILi16ELi6EL9ap_q_mode5EL9_337">
<pin_list>
<pin id="297" dir="1" index="0" bw="1" slack="0"/>
</pin_list>
<bind>
<StgValue><ssdm name="p_ZZN4nnet24compute_output_buffer_2dINS_5arrayI8ap_fixedILi16ELi6EL9ap_q_mode5EL9_337"/></StgValue>
</bind>
</comp>

<comp id="298" class="1000" name="p_ZZN4nnet24compute_output_buffer_2dINS_5arrayI8ap_fixedILi16ELi6EL9ap_q_mode5EL9_302">
<pin_list>
<pin id="299" dir="1" index="0" bw="1" slack="0"/>
</pin_list>
<bind>
<StgValue><ssdm name="p_ZZN4nnet24compute_output_buffer_2dINS_5arrayI8ap_fixedILi16ELi6EL9ap_q_mode5EL9_302"/></StgValue>
</bind>
</comp>

<comp id="300" class="1000" name="p_ZZN4nnet24compute_output_buffer_2dINS_5arrayI8ap_fixedILi16ELi6EL9ap_q_mode5EL9_338">
<pin_list>
<pin id="301" dir="1" index="0" bw="1" slack="0"/>
</pin_list>
<bind>
<StgValue><ssdm name="p_ZZN4nnet24compute_output_buffer_2dINS_5arrayI8ap_fixedILi16ELi6EL9ap_q_mode5EL9_338"/></StgValue>
</bind>
</comp>

<comp id="302" class="1000" name="p_ZZN4nnet24compute_output_buffer_2dINS_5arrayI8ap_fixedILi16ELi6EL9ap_q_mode5EL9_303">
<pin_list>
<pin id="303" dir="1" index="0" bw="1" slack="0"/>
</pin_list>
<bind>
<StgValue><ssdm name="p_ZZN4nnet24compute_output_buffer_2dINS_5arrayI8ap_fixedILi16ELi6EL9ap_q_mode5EL9_303"/></StgValue>
</bind>
</comp>

<comp id="304" class="1000" name="p_ZZN4nnet24compute_output_buffer_2dINS_5arrayI8ap_fixedILi16ELi6EL9ap_q_mode5EL9_339">
<pin_list>
<pin id="305" dir="1" index="0" bw="1" slack="0"/>
</pin_list>
<bind>
<StgValue><ssdm name="p_ZZN4nnet24compute_output_buffer_2dINS_5arrayI8ap_fixedILi16ELi6EL9ap_q_mode5EL9_339"/></StgValue>
</bind>
</comp>

<comp id="306" class="1000" name="p_ZZN4nnet24compute_output_buffer_2dINS_5arrayI8ap_fixedILi16ELi6EL9ap_q_mode5EL9_304">
<pin_list>
<pin id="307" dir="1" index="0" bw="1" slack="0"/>
</pin_list>
<bind>
<StgValue><ssdm name="p_ZZN4nnet24compute_output_buffer_2dINS_5arrayI8ap_fixedILi16ELi6EL9ap_q_mode5EL9_304"/></StgValue>
</bind>
</comp>

<comp id="308" class="1000" name="p_ZZN4nnet24compute_output_buffer_2dINS_5arrayI8ap_fixedILi16ELi6EL9ap_q_mode5EL9_340">
<pin_list>
<pin id="309" dir="1" index="0" bw="1" slack="0"/>
</pin_list>
<bind>
<StgValue><ssdm name="p_ZZN4nnet24compute_output_buffer_2dINS_5arrayI8ap_fixedILi16ELi6EL9ap_q_mode5EL9_340"/></StgValue>
</bind>
</comp>

<comp id="310" class="1000" name="p_ZZN4nnet24compute_output_buffer_2dINS_5arrayI8ap_fixedILi16ELi6EL9ap_q_mode5EL9_305">
<pin_list>
<pin id="311" dir="1" index="0" bw="1" slack="0"/>
</pin_list>
<bind>
<StgValue><ssdm name="p_ZZN4nnet24compute_output_buffer_2dINS_5arrayI8ap_fixedILi16ELi6EL9ap_q_mode5EL9_305"/></StgValue>
</bind>
</comp>

<comp id="312" class="1000" name="p_ZZN4nnet24compute_output_buffer_2dINS_5arrayI8ap_fixedILi16ELi6EL9ap_q_mode5EL9_341">
<pin_list>
<pin id="313" dir="1" index="0" bw="1" slack="0"/>
</pin_list>
<bind>
<StgValue><ssdm name="p_ZZN4nnet24compute_output_buffer_2dINS_5arrayI8ap_fixedILi16ELi6EL9ap_q_mode5EL9_341"/></StgValue>
</bind>
</comp>

<comp id="314" class="1000" name="p_ZZN4nnet24compute_output_buffer_2dINS_5arrayI8ap_fixedILi16ELi6EL9ap_q_mode5EL9_306">
<pin_list>
<pin id="315" dir="1" index="0" bw="1" slack="0"/>
</pin_list>
<bind>
<StgValue><ssdm name="p_ZZN4nnet24compute_output_buffer_2dINS_5arrayI8ap_fixedILi16ELi6EL9ap_q_mode5EL9_306"/></StgValue>
</bind>
</comp>

<comp id="316" class="1000" name="p_ZZN4nnet24compute_output_buffer_2dINS_5arrayI8ap_fixedILi16ELi6EL9ap_q_mode5EL9_342">
<pin_list>
<pin id="317" dir="1" index="0" bw="1" slack="0"/>
</pin_list>
<bind>
<StgValue><ssdm name="p_ZZN4nnet24compute_output_buffer_2dINS_5arrayI8ap_fixedILi16ELi6EL9ap_q_mode5EL9_342"/></StgValue>
</bind>
</comp>

<comp id="318" class="1000" name="p_ZZN4nnet24compute_output_buffer_2dINS_5arrayI8ap_fixedILi16ELi6EL9ap_q_mode5EL9_307">
<pin_list>
<pin id="319" dir="1" index="0" bw="1" slack="0"/>
</pin_list>
<bind>
<StgValue><ssdm name="p_ZZN4nnet24compute_output_buffer_2dINS_5arrayI8ap_fixedILi16ELi6EL9ap_q_mode5EL9_307"/></StgValue>
</bind>
</comp>

<comp id="320" class="1000" name="p_ZZN4nnet24compute_output_buffer_2dINS_5arrayI8ap_fixedILi16ELi6EL9ap_q_mode5EL9_414">
<pin_list>
<pin id="321" dir="1" index="0" bw="1" slack="0"/>
</pin_list>
<bind>
<StgValue><ssdm name="p_ZZN4nnet24compute_output_buffer_2dINS_5arrayI8ap_fixedILi16ELi6EL9ap_q_mode5EL9_414"/></StgValue>
</bind>
</comp>

<comp id="322" class="1000" name="p_ZZN4nnet24compute_output_buffer_2dINS_5arrayI8ap_fixedILi16ELi6EL9ap_q_mode5EL9_379">
<pin_list>
<pin id="323" dir="1" index="0" bw="1" slack="0"/>
</pin_list>
<bind>
<StgValue><ssdm name="p_ZZN4nnet24compute_output_buffer_2dINS_5arrayI8ap_fixedILi16ELi6EL9ap_q_mode5EL9_379"/></StgValue>
</bind>
</comp>

<comp id="324" class="1000" name="p_ZZN4nnet24compute_output_buffer_2dINS_5arrayI8ap_fixedILi16ELi6EL9ap_q_mode5EL9_415">
<pin_list>
<pin id="325" dir="1" index="0" bw="1" slack="0"/>
</pin_list>
<bind>
<StgValue><ssdm name="p_ZZN4nnet24compute_output_buffer_2dINS_5arrayI8ap_fixedILi16ELi6EL9ap_q_mode5EL9_415"/></StgValue>
</bind>
</comp>

<comp id="326" class="1000" name="p_ZZN4nnet24compute_output_buffer_2dINS_5arrayI8ap_fixedILi16ELi6EL9ap_q_mode5EL9_380">
<pin_list>
<pin id="327" dir="1" index="0" bw="1" slack="0"/>
</pin_list>
<bind>
<StgValue><ssdm name="p_ZZN4nnet24compute_output_buffer_2dINS_5arrayI8ap_fixedILi16ELi6EL9ap_q_mode5EL9_380"/></StgValue>
</bind>
</comp>

<comp id="328" class="1000" name="p_ZZN4nnet24compute_output_buffer_2dINS_5arrayI8ap_fixedILi16ELi6EL9ap_q_mode5EL9_416">
<pin_list>
<pin id="329" dir="1" index="0" bw="1" slack="0"/>
</pin_list>
<bind>
<StgValue><ssdm name="p_ZZN4nnet24compute_output_buffer_2dINS_5arrayI8ap_fixedILi16ELi6EL9ap_q_mode5EL9_416"/></StgValue>
</bind>
</comp>

<comp id="330" class="1000" name="p_ZZN4nnet24compute_output_buffer_2dINS_5arrayI8ap_fixedILi16ELi6EL9ap_q_mode5EL9_381">
<pin_list>
<pin id="331" dir="1" index="0" bw="1" slack="0"/>
</pin_list>
<bind>
<StgValue><ssdm name="p_ZZN4nnet24compute_output_buffer_2dINS_5arrayI8ap_fixedILi16ELi6EL9ap_q_mode5EL9_381"/></StgValue>
</bind>
</comp>

<comp id="332" class="1000" name="p_ZZN4nnet24compute_output_buffer_2dINS_5arrayI8ap_fixedILi16ELi6EL9ap_q_mode5EL9_417">
<pin_list>
<pin id="333" dir="1" index="0" bw="1" slack="0"/>
</pin_list>
<bind>
<StgValue><ssdm name="p_ZZN4nnet24compute_output_buffer_2dINS_5arrayI8ap_fixedILi16ELi6EL9ap_q_mode5EL9_417"/></StgValue>
</bind>
</comp>

<comp id="334" class="1000" name="p_ZZN4nnet24compute_output_buffer_2dINS_5arrayI8ap_fixedILi16ELi6EL9ap_q_mode5EL9_382">
<pin_list>
<pin id="335" dir="1" index="0" bw="1" slack="0"/>
</pin_list>
<bind>
<StgValue><ssdm name="p_ZZN4nnet24compute_output_buffer_2dINS_5arrayI8ap_fixedILi16ELi6EL9ap_q_mode5EL9_382"/></StgValue>
</bind>
</comp>

<comp id="336" class="1000" name="p_ZZN4nnet24compute_output_buffer_2dINS_5arrayI8ap_fixedILi16ELi6EL9ap_q_mode5EL9_418">
<pin_list>
<pin id="337" dir="1" index="0" bw="1" slack="0"/>
</pin_list>
<bind>
<StgValue><ssdm name="p_ZZN4nnet24compute_output_buffer_2dINS_5arrayI8ap_fixedILi16ELi6EL9ap_q_mode5EL9_418"/></StgValue>
</bind>
</comp>

<comp id="338" class="1000" name="p_ZZN4nnet24compute_output_buffer_2dINS_5arrayI8ap_fixedILi16ELi6EL9ap_q_mode5EL9_383">
<pin_list>
<pin id="339" dir="1" index="0" bw="1" slack="0"/>
</pin_list>
<bind>
<StgValue><ssdm name="p_ZZN4nnet24compute_output_buffer_2dINS_5arrayI8ap_fixedILi16ELi6EL9ap_q_mode5EL9_383"/></StgValue>
</bind>
</comp>

<comp id="340" class="1000" name="p_ZZN4nnet24compute_output_buffer_2dINS_5arrayI8ap_fixedILi16ELi6EL9ap_q_mode5EL9_419">
<pin_list>
<pin id="341" dir="1" index="0" bw="1" slack="0"/>
</pin_list>
<bind>
<StgValue><ssdm name="p_ZZN4nnet24compute_output_buffer_2dINS_5arrayI8ap_fixedILi16ELi6EL9ap_q_mode5EL9_419"/></StgValue>
</bind>
</comp>

<comp id="342" class="1000" name="p_ZZN4nnet24compute_output_buffer_2dINS_5arrayI8ap_fixedILi16ELi6EL9ap_q_mode5EL9_384">
<pin_list>
<pin id="343" dir="1" index="0" bw="1" slack="0"/>
</pin_list>
<bind>
<StgValue><ssdm name="p_ZZN4nnet24compute_output_buffer_2dINS_5arrayI8ap_fixedILi16ELi6EL9ap_q_mode5EL9_384"/></StgValue>
</bind>
</comp>

<comp id="344" class="1000" name="p_ZZN4nnet24compute_output_buffer_2dINS_5arrayI8ap_fixedILi16ELi6EL9ap_q_mode5EL9_421">
<pin_list>
<pin id="345" dir="1" index="0" bw="1" slack="0"/>
</pin_list>
<bind>
<StgValue><ssdm name="p_ZZN4nnet24compute_output_buffer_2dINS_5arrayI8ap_fixedILi16ELi6EL9ap_q_mode5EL9_421"/></StgValue>
</bind>
</comp>

<comp id="346" class="1000" name="p_ZZN4nnet24compute_output_buffer_2dINS_5arrayI8ap_fixedILi16ELi6EL9ap_q_mode5EL9_385">
<pin_list>
<pin id="347" dir="1" index="0" bw="1" slack="0"/>
</pin_list>
<bind>
<StgValue><ssdm name="p_ZZN4nnet24compute_output_buffer_2dINS_5arrayI8ap_fixedILi16ELi6EL9ap_q_mode5EL9_385"/></StgValue>
</bind>
</comp>

<comp id="348" class="1000" name="p_ZZN4nnet24compute_output_buffer_2dINS_5arrayI8ap_fixedILi16ELi6EL9ap_q_mode5EL9_422">
<pin_list>
<pin id="349" dir="1" index="0" bw="1" slack="0"/>
</pin_list>
<bind>
<StgValue><ssdm name="p_ZZN4nnet24compute_output_buffer_2dINS_5arrayI8ap_fixedILi16ELi6EL9ap_q_mode5EL9_422"/></StgValue>
</bind>
</comp>

<comp id="350" class="1000" name="p_ZZN4nnet24compute_output_buffer_2dINS_5arrayI8ap_fixedILi16ELi6EL9ap_q_mode5EL9_386">
<pin_list>
<pin id="351" dir="1" index="0" bw="1" slack="0"/>
</pin_list>
<bind>
<StgValue><ssdm name="p_ZZN4nnet24compute_output_buffer_2dINS_5arrayI8ap_fixedILi16ELi6EL9ap_q_mode5EL9_386"/></StgValue>
</bind>
</comp>

<comp id="352" class="1000" name="p_ZZN4nnet24compute_output_buffer_2dINS_5arrayI8ap_fixedILi16ELi6EL9ap_q_mode5EL9_423">
<pin_list>
<pin id="353" dir="1" index="0" bw="1" slack="0"/>
</pin_list>
<bind>
<StgValue><ssdm name="p_ZZN4nnet24compute_output_buffer_2dINS_5arrayI8ap_fixedILi16ELi6EL9ap_q_mode5EL9_423"/></StgValue>
</bind>
</comp>

<comp id="354" class="1000" name="p_ZZN4nnet24compute_output_buffer_2dINS_5arrayI8ap_fixedILi16ELi6EL9ap_q_mode5EL9_388">
<pin_list>
<pin id="355" dir="1" index="0" bw="1" slack="0"/>
</pin_list>
<bind>
<StgValue><ssdm name="p_ZZN4nnet24compute_output_buffer_2dINS_5arrayI8ap_fixedILi16ELi6EL9ap_q_mode5EL9_388"/></StgValue>
</bind>
</comp>

<comp id="356" class="1000" name="p_ZZN4nnet24compute_output_buffer_2dINS_5arrayI8ap_fixedILi16ELi6EL9ap_q_mode5EL9_424">
<pin_list>
<pin id="357" dir="1" index="0" bw="1" slack="0"/>
</pin_list>
<bind>
<StgValue><ssdm name="p_ZZN4nnet24compute_output_buffer_2dINS_5arrayI8ap_fixedILi16ELi6EL9ap_q_mode5EL9_424"/></StgValue>
</bind>
</comp>

<comp id="358" class="1000" name="p_ZZN4nnet24compute_output_buffer_2dINS_5arrayI8ap_fixedILi16ELi6EL9ap_q_mode5EL9_389">
<pin_list>
<pin id="359" dir="1" index="0" bw="1" slack="0"/>
</pin_list>
<bind>
<StgValue><ssdm name="p_ZZN4nnet24compute_output_buffer_2dINS_5arrayI8ap_fixedILi16ELi6EL9ap_q_mode5EL9_389"/></StgValue>
</bind>
</comp>

<comp id="360" class="1000" name="p_ZZN4nnet24compute_output_buffer_2dINS_5arrayI8ap_fixedILi16ELi6EL9ap_q_mode5EL9_425">
<pin_list>
<pin id="361" dir="1" index="0" bw="1" slack="0"/>
</pin_list>
<bind>
<StgValue><ssdm name="p_ZZN4nnet24compute_output_buffer_2dINS_5arrayI8ap_fixedILi16ELi6EL9ap_q_mode5EL9_425"/></StgValue>
</bind>
</comp>

<comp id="362" class="1000" name="p_ZZN4nnet24compute_output_buffer_2dINS_5arrayI8ap_fixedILi16ELi6EL9ap_q_mode5EL9_390">
<pin_list>
<pin id="363" dir="1" index="0" bw="1" slack="0"/>
</pin_list>
<bind>
<StgValue><ssdm name="p_ZZN4nnet24compute_output_buffer_2dINS_5arrayI8ap_fixedILi16ELi6EL9ap_q_mode5EL9_390"/></StgValue>
</bind>
</comp>

<comp id="364" class="1000" name="p_ZZN4nnet24compute_output_buffer_2dINS_5arrayI8ap_fixedILi16ELi6EL9ap_q_mode5EL9_426">
<pin_list>
<pin id="365" dir="1" index="0" bw="1" slack="0"/>
</pin_list>
<bind>
<StgValue><ssdm name="p_ZZN4nnet24compute_output_buffer_2dINS_5arrayI8ap_fixedILi16ELi6EL9ap_q_mode5EL9_426"/></StgValue>
</bind>
</comp>

<comp id="366" class="1000" name="p_ZZN4nnet24compute_output_buffer_2dINS_5arrayI8ap_fixedILi16ELi6EL9ap_q_mode5EL9_391">
<pin_list>
<pin id="367" dir="1" index="0" bw="1" slack="0"/>
</pin_list>
<bind>
<StgValue><ssdm name="p_ZZN4nnet24compute_output_buffer_2dINS_5arrayI8ap_fixedILi16ELi6EL9ap_q_mode5EL9_391"/></StgValue>
</bind>
</comp>

<comp id="368" class="1000" name="p_ZZN4nnet24compute_output_buffer_2dINS_5arrayI8ap_fixedILi16ELi6EL9ap_q_mode5EL9_427">
<pin_list>
<pin id="369" dir="1" index="0" bw="1" slack="0"/>
</pin_list>
<bind>
<StgValue><ssdm name="p_ZZN4nnet24compute_output_buffer_2dINS_5arrayI8ap_fixedILi16ELi6EL9ap_q_mode5EL9_427"/></StgValue>
</bind>
</comp>

<comp id="370" class="1000" name="p_ZZN4nnet24compute_output_buffer_2dINS_5arrayI8ap_fixedILi16ELi6EL9ap_q_mode5EL9_392">
<pin_list>
<pin id="371" dir="1" index="0" bw="1" slack="0"/>
</pin_list>
<bind>
<StgValue><ssdm name="p_ZZN4nnet24compute_output_buffer_2dINS_5arrayI8ap_fixedILi16ELi6EL9ap_q_mode5EL9_392"/></StgValue>
</bind>
</comp>

<comp id="372" class="1000" name="p_ZZN4nnet24compute_output_buffer_2dINS_5arrayI8ap_fixedILi16ELi6EL9ap_q_mode5EL9_428">
<pin_list>
<pin id="373" dir="1" index="0" bw="1" slack="0"/>
</pin_list>
<bind>
<StgValue><ssdm name="p_ZZN4nnet24compute_output_buffer_2dINS_5arrayI8ap_fixedILi16ELi6EL9ap_q_mode5EL9_428"/></StgValue>
</bind>
</comp>

<comp id="374" class="1000" name="p_ZZN4nnet24compute_output_buffer_2dINS_5arrayI8ap_fixedILi16ELi6EL9ap_q_mode5EL9_393">
<pin_list>
<pin id="375" dir="1" index="0" bw="1" slack="0"/>
</pin_list>
<bind>
<StgValue><ssdm name="p_ZZN4nnet24compute_output_buffer_2dINS_5arrayI8ap_fixedILi16ELi6EL9ap_q_mode5EL9_393"/></StgValue>
</bind>
</comp>

<comp id="376" class="1000" name="p_ZZN4nnet24compute_output_buffer_2dINS_5arrayI8ap_fixedILi16ELi6EL9ap_q_mode5EL9_429">
<pin_list>
<pin id="377" dir="1" index="0" bw="1" slack="0"/>
</pin_list>
<bind>
<StgValue><ssdm name="p_ZZN4nnet24compute_output_buffer_2dINS_5arrayI8ap_fixedILi16ELi6EL9ap_q_mode5EL9_429"/></StgValue>
</bind>
</comp>

<comp id="378" class="1000" name="p_ZZN4nnet24compute_output_buffer_2dINS_5arrayI8ap_fixedILi16ELi6EL9ap_q_mode5EL9_394">
<pin_list>
<pin id="379" dir="1" index="0" bw="1" slack="0"/>
</pin_list>
<bind>
<StgValue><ssdm name="p_ZZN4nnet24compute_output_buffer_2dINS_5arrayI8ap_fixedILi16ELi6EL9ap_q_mode5EL9_394"/></StgValue>
</bind>
</comp>

<comp id="380" class="1000" name="p_ZZN4nnet24compute_output_buffer_2dINS_5arrayI8ap_fixedILi16ELi6EL9ap_q_mode5EL9_430">
<pin_list>
<pin id="381" dir="1" index="0" bw="1" slack="0"/>
</pin_list>
<bind>
<StgValue><ssdm name="p_ZZN4nnet24compute_output_buffer_2dINS_5arrayI8ap_fixedILi16ELi6EL9ap_q_mode5EL9_430"/></StgValue>
</bind>
</comp>

<comp id="382" class="1000" name="p_ZZN4nnet24compute_output_buffer_2dINS_5arrayI8ap_fixedILi16ELi6EL9ap_q_mode5EL9_395">
<pin_list>
<pin id="383" dir="1" index="0" bw="1" slack="0"/>
</pin_list>
<bind>
<StgValue><ssdm name="p_ZZN4nnet24compute_output_buffer_2dINS_5arrayI8ap_fixedILi16ELi6EL9ap_q_mode5EL9_395"/></StgValue>
</bind>
</comp>

<comp id="384" class="1000" name="p_ZZN4nnet24compute_output_buffer_2dINS_5arrayI8ap_fixedILi16ELi6EL9ap_q_mode5EL9_432">
<pin_list>
<pin id="385" dir="1" index="0" bw="1" slack="0"/>
</pin_list>
<bind>
<StgValue><ssdm name="p_ZZN4nnet24compute_output_buffer_2dINS_5arrayI8ap_fixedILi16ELi6EL9ap_q_mode5EL9_432"/></StgValue>
</bind>
</comp>

<comp id="386" class="1000" name="p_ZZN4nnet24compute_output_buffer_2dINS_5arrayI8ap_fixedILi16ELi6EL9ap_q_mode5EL9_396">
<pin_list>
<pin id="387" dir="1" index="0" bw="1" slack="0"/>
</pin_list>
<bind>
<StgValue><ssdm name="p_ZZN4nnet24compute_output_buffer_2dINS_5arrayI8ap_fixedILi16ELi6EL9ap_q_mode5EL9_396"/></StgValue>
</bind>
</comp>

<comp id="388" class="1000" name="p_ZZN4nnet24compute_output_buffer_2dINS_5arrayI8ap_fixedILi16ELi6EL9ap_q_mode5EL9_433">
<pin_list>
<pin id="389" dir="1" index="0" bw="1" slack="0"/>
</pin_list>
<bind>
<StgValue><ssdm name="p_ZZN4nnet24compute_output_buffer_2dINS_5arrayI8ap_fixedILi16ELi6EL9ap_q_mode5EL9_433"/></StgValue>
</bind>
</comp>

<comp id="390" class="1000" name="p_ZZN4nnet24compute_output_buffer_2dINS_5arrayI8ap_fixedILi16ELi6EL9ap_q_mode5EL9_397">
<pin_list>
<pin id="391" dir="1" index="0" bw="1" slack="0"/>
</pin_list>
<bind>
<StgValue><ssdm name="p_ZZN4nnet24compute_output_buffer_2dINS_5arrayI8ap_fixedILi16ELi6EL9ap_q_mode5EL9_397"/></StgValue>
</bind>
</comp>

<comp id="392" class="1000" name="p_ZZN4nnet24compute_output_buffer_2dINS_5arrayI8ap_fixedILi16ELi6EL9ap_q_mode5EL9_434">
<pin_list>
<pin id="393" dir="1" index="0" bw="1" slack="0"/>
</pin_list>
<bind>
<StgValue><ssdm name="p_ZZN4nnet24compute_output_buffer_2dINS_5arrayI8ap_fixedILi16ELi6EL9ap_q_mode5EL9_434"/></StgValue>
</bind>
</comp>

<comp id="394" class="1000" name="p_ZZN4nnet24compute_output_buffer_2dINS_5arrayI8ap_fixedILi16ELi6EL9ap_q_mode5EL9_399">
<pin_list>
<pin id="395" dir="1" index="0" bw="1" slack="0"/>
</pin_list>
<bind>
<StgValue><ssdm name="p_ZZN4nnet24compute_output_buffer_2dINS_5arrayI8ap_fixedILi16ELi6EL9ap_q_mode5EL9_399"/></StgValue>
</bind>
</comp>

<comp id="396" class="1000" name="p_ZZN4nnet24compute_output_buffer_2dINS_5arrayI8ap_fixedILi16ELi6EL9ap_q_mode5EL9_435">
<pin_list>
<pin id="397" dir="1" index="0" bw="1" slack="0"/>
</pin_list>
<bind>
<StgValue><ssdm name="p_ZZN4nnet24compute_output_buffer_2dINS_5arrayI8ap_fixedILi16ELi6EL9ap_q_mode5EL9_435"/></StgValue>
</bind>
</comp>

<comp id="398" class="1000" name="p_ZZN4nnet24compute_output_buffer_2dINS_5arrayI8ap_fixedILi16ELi6EL9ap_q_mode5EL9_400">
<pin_list>
<pin id="399" dir="1" index="0" bw="1" slack="0"/>
</pin_list>
<bind>
<StgValue><ssdm name="p_ZZN4nnet24compute_output_buffer_2dINS_5arrayI8ap_fixedILi16ELi6EL9ap_q_mode5EL9_400"/></StgValue>
</bind>
</comp>

<comp id="400" class="1000" name="p_ZZN4nnet24compute_output_buffer_2dINS_5arrayI8ap_fixedILi16ELi6EL9ap_q_mode5EL9_436">
<pin_list>
<pin id="401" dir="1" index="0" bw="1" slack="0"/>
</pin_list>
<bind>
<StgValue><ssdm name="p_ZZN4nnet24compute_output_buffer_2dINS_5arrayI8ap_fixedILi16ELi6EL9ap_q_mode5EL9_436"/></StgValue>
</bind>
</comp>

<comp id="402" class="1000" name="p_ZZN4nnet24compute_output_buffer_2dINS_5arrayI8ap_fixedILi16ELi6EL9ap_q_mode5EL9_401">
<pin_list>
<pin id="403" dir="1" index="0" bw="1" slack="0"/>
</pin_list>
<bind>
<StgValue><ssdm name="p_ZZN4nnet24compute_output_buffer_2dINS_5arrayI8ap_fixedILi16ELi6EL9ap_q_mode5EL9_401"/></StgValue>
</bind>
</comp>

<comp id="404" class="1000" name="p_ZZN4nnet24compute_output_buffer_2dINS_5arrayI8ap_fixedILi16ELi6EL9ap_q_mode5EL9_437">
<pin_list>
<pin id="405" dir="1" index="0" bw="1" slack="0"/>
</pin_list>
<bind>
<StgValue><ssdm name="p_ZZN4nnet24compute_output_buffer_2dINS_5arrayI8ap_fixedILi16ELi6EL9ap_q_mode5EL9_437"/></StgValue>
</bind>
</comp>

<comp id="406" class="1000" name="p_ZZN4nnet24compute_output_buffer_2dINS_5arrayI8ap_fixedILi16ELi6EL9ap_q_mode5EL9_402">
<pin_list>
<pin id="407" dir="1" index="0" bw="1" slack="0"/>
</pin_list>
<bind>
<StgValue><ssdm name="p_ZZN4nnet24compute_output_buffer_2dINS_5arrayI8ap_fixedILi16ELi6EL9ap_q_mode5EL9_402"/></StgValue>
</bind>
</comp>

<comp id="408" class="1000" name="p_ZZN4nnet24compute_output_buffer_2dINS_5arrayI8ap_fixedILi16ELi6EL9ap_q_mode5EL9_438">
<pin_list>
<pin id="409" dir="1" index="0" bw="1" slack="0"/>
</pin_list>
<bind>
<StgValue><ssdm name="p_ZZN4nnet24compute_output_buffer_2dINS_5arrayI8ap_fixedILi16ELi6EL9ap_q_mode5EL9_438"/></StgValue>
</bind>
</comp>

<comp id="410" class="1000" name="p_ZZN4nnet24compute_output_buffer_2dINS_5arrayI8ap_fixedILi16ELi6EL9ap_q_mode5EL9_403">
<pin_list>
<pin id="411" dir="1" index="0" bw="1" slack="0"/>
</pin_list>
<bind>
<StgValue><ssdm name="p_ZZN4nnet24compute_output_buffer_2dINS_5arrayI8ap_fixedILi16ELi6EL9ap_q_mode5EL9_403"/></StgValue>
</bind>
</comp>

<comp id="412" class="1000" name="p_ZZN4nnet24compute_output_buffer_2dINS_5arrayI8ap_fixedILi16ELi6EL9ap_q_mode5EL9_439">
<pin_list>
<pin id="413" dir="1" index="0" bw="1" slack="0"/>
</pin_list>
<bind>
<StgValue><ssdm name="p_ZZN4nnet24compute_output_buffer_2dINS_5arrayI8ap_fixedILi16ELi6EL9ap_q_mode5EL9_439"/></StgValue>
</bind>
</comp>

<comp id="414" class="1000" name="p_ZZN4nnet24compute_output_buffer_2dINS_5arrayI8ap_fixedILi16ELi6EL9ap_q_mode5EL9_404">
<pin_list>
<pin id="415" dir="1" index="0" bw="1" slack="0"/>
</pin_list>
<bind>
<StgValue><ssdm name="p_ZZN4nnet24compute_output_buffer_2dINS_5arrayI8ap_fixedILi16ELi6EL9ap_q_mode5EL9_404"/></StgValue>
</bind>
</comp>

<comp id="416" class="1000" name="p_ZZN4nnet24compute_output_buffer_2dINS_5arrayI8ap_fixedILi16ELi6EL9ap_q_mode5EL9_440">
<pin_list>
<pin id="417" dir="1" index="0" bw="1" slack="0"/>
</pin_list>
<bind>
<StgValue><ssdm name="p_ZZN4nnet24compute_output_buffer_2dINS_5arrayI8ap_fixedILi16ELi6EL9ap_q_mode5EL9_440"/></StgValue>
</bind>
</comp>

<comp id="418" class="1000" name="p_ZZN4nnet24compute_output_buffer_2dINS_5arrayI8ap_fixedILi16ELi6EL9ap_q_mode5EL9_405">
<pin_list>
<pin id="419" dir="1" index="0" bw="1" slack="0"/>
</pin_list>
<bind>
<StgValue><ssdm name="p_ZZN4nnet24compute_output_buffer_2dINS_5arrayI8ap_fixedILi16ELi6EL9ap_q_mode5EL9_405"/></StgValue>
</bind>
</comp>

<comp id="420" class="1000" name="p_ZZN4nnet24compute_output_buffer_2dINS_5arrayI8ap_fixedILi16ELi6EL9ap_q_mode5EL9_441">
<pin_list>
<pin id="421" dir="1" index="0" bw="1" slack="0"/>
</pin_list>
<bind>
<StgValue><ssdm name="p_ZZN4nnet24compute_output_buffer_2dINS_5arrayI8ap_fixedILi16ELi6EL9ap_q_mode5EL9_441"/></StgValue>
</bind>
</comp>

<comp id="422" class="1000" name="p_ZZN4nnet24compute_output_buffer_2dINS_5arrayI8ap_fixedILi16ELi6EL9ap_q_mode5EL9_406">
<pin_list>
<pin id="423" dir="1" index="0" bw="1" slack="0"/>
</pin_list>
<bind>
<StgValue><ssdm name="p_ZZN4nnet24compute_output_buffer_2dINS_5arrayI8ap_fixedILi16ELi6EL9ap_q_mode5EL9_406"/></StgValue>
</bind>
</comp>

<comp id="424" class="1000" name="p_ZZN4nnet24compute_output_buffer_2dINS_5arrayI8ap_fixedILi16ELi6EL9ap_q_mode5EL9_443">
<pin_list>
<pin id="425" dir="1" index="0" bw="1" slack="0"/>
</pin_list>
<bind>
<StgValue><ssdm name="p_ZZN4nnet24compute_output_buffer_2dINS_5arrayI8ap_fixedILi16ELi6EL9ap_q_mode5EL9_443"/></StgValue>
</bind>
</comp>

<comp id="426" class="1000" name="p_ZZN4nnet24compute_output_buffer_2dINS_5arrayI8ap_fixedILi16ELi6EL9ap_q_mode5EL9_407">
<pin_list>
<pin id="427" dir="1" index="0" bw="1" slack="0"/>
</pin_list>
<bind>
<StgValue><ssdm name="p_ZZN4nnet24compute_output_buffer_2dINS_5arrayI8ap_fixedILi16ELi6EL9ap_q_mode5EL9_407"/></StgValue>
</bind>
</comp>

<comp id="428" class="1000" name="p_ZZN4nnet24compute_output_buffer_2dINS_5arrayI8ap_fixedILi16ELi6EL9ap_q_mode5EL9_444">
<pin_list>
<pin id="429" dir="1" index="0" bw="1" slack="0"/>
</pin_list>
<bind>
<StgValue><ssdm name="p_ZZN4nnet24compute_output_buffer_2dINS_5arrayI8ap_fixedILi16ELi6EL9ap_q_mode5EL9_444"/></StgValue>
</bind>
</comp>

<comp id="430" class="1000" name="p_ZZN4nnet24compute_output_buffer_2dINS_5arrayI8ap_fixedILi16ELi6EL9ap_q_mode5EL9_408">
<pin_list>
<pin id="431" dir="1" index="0" bw="1" slack="0"/>
</pin_list>
<bind>
<StgValue><ssdm name="p_ZZN4nnet24compute_output_buffer_2dINS_5arrayI8ap_fixedILi16ELi6EL9ap_q_mode5EL9_408"/></StgValue>
</bind>
</comp>

<comp id="432" class="1000" name="p_ZZN4nnet24compute_output_buffer_2dINS_5arrayI8ap_fixedILi16ELi6EL9ap_q_mode5EL9_445">
<pin_list>
<pin id="433" dir="1" index="0" bw="1" slack="0"/>
</pin_list>
<bind>
<StgValue><ssdm name="p_ZZN4nnet24compute_output_buffer_2dINS_5arrayI8ap_fixedILi16ELi6EL9ap_q_mode5EL9_445"/></StgValue>
</bind>
</comp>

<comp id="434" class="1000" name="p_ZZN4nnet24compute_output_buffer_2dINS_5arrayI8ap_fixedILi16ELi6EL9ap_q_mode5EL9_410">
<pin_list>
<pin id="435" dir="1" index="0" bw="1" slack="0"/>
</pin_list>
<bind>
<StgValue><ssdm name="p_ZZN4nnet24compute_output_buffer_2dINS_5arrayI8ap_fixedILi16ELi6EL9ap_q_mode5EL9_410"/></StgValue>
</bind>
</comp>

<comp id="436" class="1000" name="p_ZZN4nnet24compute_output_buffer_2dINS_5arrayI8ap_fixedILi16ELi6EL9ap_q_mode5EL9_446">
<pin_list>
<pin id="437" dir="1" index="0" bw="1" slack="0"/>
</pin_list>
<bind>
<StgValue><ssdm name="p_ZZN4nnet24compute_output_buffer_2dINS_5arrayI8ap_fixedILi16ELi6EL9ap_q_mode5EL9_446"/></StgValue>
</bind>
</comp>

<comp id="438" class="1000" name="p_ZZN4nnet24compute_output_buffer_2dINS_5arrayI8ap_fixedILi16ELi6EL9ap_q_mode5EL9_411">
<pin_list>
<pin id="439" dir="1" index="0" bw="1" slack="0"/>
</pin_list>
<bind>
<StgValue><ssdm name="p_ZZN4nnet24compute_output_buffer_2dINS_5arrayI8ap_fixedILi16ELi6EL9ap_q_mode5EL9_411"/></StgValue>
</bind>
</comp>

<comp id="440" class="1000" name="p_ZZN4nnet24compute_output_buffer_2dINS_5arrayI8ap_fixedILi16ELi6EL9ap_q_mode5EL9_447">
<pin_list>
<pin id="441" dir="1" index="0" bw="1" slack="0"/>
</pin_list>
<bind>
<StgValue><ssdm name="p_ZZN4nnet24compute_output_buffer_2dINS_5arrayI8ap_fixedILi16ELi6EL9ap_q_mode5EL9_447"/></StgValue>
</bind>
</comp>

<comp id="442" class="1000" name="p_ZZN4nnet24compute_output_buffer_2dINS_5arrayI8ap_fixedILi16ELi6EL9ap_q_mode5EL9_412">
<pin_list>
<pin id="443" dir="1" index="0" bw="1" slack="0"/>
</pin_list>
<bind>
<StgValue><ssdm name="p_ZZN4nnet24compute_output_buffer_2dINS_5arrayI8ap_fixedILi16ELi6EL9ap_q_mode5EL9_412"/></StgValue>
</bind>
</comp>

<comp id="444" class="1000" name="p_ZZN4nnet24compute_output_buffer_2dINS_5arrayI8ap_fixedILi16ELi6EL9ap_q_mode5EL9_448">
<pin_list>
<pin id="445" dir="1" index="0" bw="1" slack="0"/>
</pin_list>
<bind>
<StgValue><ssdm name="p_ZZN4nnet24compute_output_buffer_2dINS_5arrayI8ap_fixedILi16ELi6EL9ap_q_mode5EL9_448"/></StgValue>
</bind>
</comp>

<comp id="446" class="1000" name="p_ZZN4nnet24compute_output_buffer_2dINS_5arrayI8ap_fixedILi16ELi6EL9ap_q_mode5EL9_413">
<pin_list>
<pin id="447" dir="1" index="0" bw="1" slack="0"/>
</pin_list>
<bind>
<StgValue><ssdm name="p_ZZN4nnet24compute_output_buffer_2dINS_5arrayI8ap_fixedILi16ELi6EL9ap_q_mode5EL9_413"/></StgValue>
</bind>
</comp>

<comp id="448" class="1000" name="p_ZZN4nnet24compute_output_buffer_2dINS_5arrayI8ap_fixedILi16ELi6EL9ap_q_mode5EL9_35">
<pin_list>
<pin id="449" dir="1" index="0" bw="1" slack="0"/>
</pin_list>
<bind>
<StgValue><ssdm name="p_ZZN4nnet24compute_output_buffer_2dINS_5arrayI8ap_fixedILi16ELi6EL9ap_q_mode5EL9_35"/></StgValue>
</bind>
</comp>

<comp id="450" class="1000" name="p_ZZN4nnet24compute_output_buffer_2dINS_5arrayI8ap_fixedILi16ELi6EL9ap_q_mode5EL9_34">
<pin_list>
<pin id="451" dir="1" index="0" bw="1" slack="0"/>
</pin_list>
<bind>
<StgValue><ssdm name="p_ZZN4nnet24compute_output_buffer_2dINS_5arrayI8ap_fixedILi16ELi6EL9ap_q_mode5EL9_34"/></StgValue>
</bind>
</comp>

<comp id="452" class="1000" name="p_ZZN4nnet24compute_output_buffer_2dINS_5arrayI8ap_fixedILi16ELi6EL9ap_q_mode5EL9_33">
<pin_list>
<pin id="453" dir="1" index="0" bw="1" slack="0"/>
</pin_list>
<bind>
<StgValue><ssdm name="p_ZZN4nnet24compute_output_buffer_2dINS_5arrayI8ap_fixedILi16ELi6EL9ap_q_mode5EL9_33"/></StgValue>
</bind>
</comp>

<comp id="454" class="1000" name="p_ZZN4nnet24compute_output_buffer_2dINS_5arrayI8ap_fixedILi16ELi6EL9ap_q_mode5EL9_32">
<pin_list>
<pin id="455" dir="1" index="0" bw="1" slack="0"/>
</pin_list>
<bind>
<StgValue><ssdm name="p_ZZN4nnet24compute_output_buffer_2dINS_5arrayI8ap_fixedILi16ELi6EL9ap_q_mode5EL9_32"/></StgValue>
</bind>
</comp>

<comp id="456" class="1000" name="p_ZZN4nnet24compute_output_buffer_2dINS_5arrayI8ap_fixedILi16ELi6EL9ap_q_mode5EL9_31">
<pin_list>
<pin id="457" dir="1" index="0" bw="1" slack="0"/>
</pin_list>
<bind>
<StgValue><ssdm name="p_ZZN4nnet24compute_output_buffer_2dINS_5arrayI8ap_fixedILi16ELi6EL9ap_q_mode5EL9_31"/></StgValue>
</bind>
</comp>

<comp id="458" class="1000" name="p_ZZN4nnet24compute_output_buffer_2dINS_5arrayI8ap_fixedILi16ELi6EL9ap_q_mode5EL9_30">
<pin_list>
<pin id="459" dir="1" index="0" bw="1" slack="0"/>
</pin_list>
<bind>
<StgValue><ssdm name="p_ZZN4nnet24compute_output_buffer_2dINS_5arrayI8ap_fixedILi16ELi6EL9ap_q_mode5EL9_30"/></StgValue>
</bind>
</comp>

<comp id="460" class="1000" name="p_ZZN4nnet24compute_output_buffer_2dINS_5arrayI8ap_fixedILi16ELi6EL9ap_q_mode5EL9_29">
<pin_list>
<pin id="461" dir="1" index="0" bw="1" slack="0"/>
</pin_list>
<bind>
<StgValue><ssdm name="p_ZZN4nnet24compute_output_buffer_2dINS_5arrayI8ap_fixedILi16ELi6EL9ap_q_mode5EL9_29"/></StgValue>
</bind>
</comp>

<comp id="462" class="1000" name="p_ZZN4nnet24compute_output_buffer_2dINS_5arrayI8ap_fixedILi16ELi6EL9ap_q_mode5EL9_28">
<pin_list>
<pin id="463" dir="1" index="0" bw="1" slack="0"/>
</pin_list>
<bind>
<StgValue><ssdm name="p_ZZN4nnet24compute_output_buffer_2dINS_5arrayI8ap_fixedILi16ELi6EL9ap_q_mode5EL9_28"/></StgValue>
</bind>
</comp>

<comp id="464" class="1000" name="p_ZZN4nnet24compute_output_buffer_2dINS_5arrayI8ap_fixedILi16ELi6EL9ap_q_mode5EL9_27">
<pin_list>
<pin id="465" dir="1" index="0" bw="1" slack="0"/>
</pin_list>
<bind>
<StgValue><ssdm name="p_ZZN4nnet24compute_output_buffer_2dINS_5arrayI8ap_fixedILi16ELi6EL9ap_q_mode5EL9_27"/></StgValue>
</bind>
</comp>

<comp id="466" class="1000" name="p_ZZN4nnet24compute_output_buffer_2dINS_5arrayI8ap_fixedILi16ELi6EL9ap_q_mode5EL9_26">
<pin_list>
<pin id="467" dir="1" index="0" bw="1" slack="0"/>
</pin_list>
<bind>
<StgValue><ssdm name="p_ZZN4nnet24compute_output_buffer_2dINS_5arrayI8ap_fixedILi16ELi6EL9ap_q_mode5EL9_26"/></StgValue>
</bind>
</comp>

<comp id="468" class="1000" name="p_ZZN4nnet24compute_output_buffer_2dINS_5arrayI8ap_fixedILi16ELi6EL9ap_q_mode5EL9_25">
<pin_list>
<pin id="469" dir="1" index="0" bw="1" slack="0"/>
</pin_list>
<bind>
<StgValue><ssdm name="p_ZZN4nnet24compute_output_buffer_2dINS_5arrayI8ap_fixedILi16ELi6EL9ap_q_mode5EL9_25"/></StgValue>
</bind>
</comp>

<comp id="470" class="1000" name="p_ZZN4nnet24compute_output_buffer_2dINS_5arrayI8ap_fixedILi16ELi6EL9ap_q_mode5EL9_24">
<pin_list>
<pin id="471" dir="1" index="0" bw="1" slack="0"/>
</pin_list>
<bind>
<StgValue><ssdm name="p_ZZN4nnet24compute_output_buffer_2dINS_5arrayI8ap_fixedILi16ELi6EL9ap_q_mode5EL9_24"/></StgValue>
</bind>
</comp>

<comp id="472" class="1000" name="p_ZZN4nnet24compute_output_buffer_2dINS_5arrayI8ap_fixedILi16ELi6EL9ap_q_mode5EL9_23">
<pin_list>
<pin id="473" dir="1" index="0" bw="1" slack="0"/>
</pin_list>
<bind>
<StgValue><ssdm name="p_ZZN4nnet24compute_output_buffer_2dINS_5arrayI8ap_fixedILi16ELi6EL9ap_q_mode5EL9_23"/></StgValue>
</bind>
</comp>

<comp id="474" class="1000" name="p_ZZN4nnet24compute_output_buffer_2dINS_5arrayI8ap_fixedILi16ELi6EL9ap_q_mode5EL9_22">
<pin_list>
<pin id="475" dir="1" index="0" bw="1" slack="0"/>
</pin_list>
<bind>
<StgValue><ssdm name="p_ZZN4nnet24compute_output_buffer_2dINS_5arrayI8ap_fixedILi16ELi6EL9ap_q_mode5EL9_22"/></StgValue>
</bind>
</comp>

<comp id="476" class="1000" name="p_ZZN4nnet24compute_output_buffer_2dINS_5arrayI8ap_fixedILi16ELi6EL9ap_q_mode5EL9_21">
<pin_list>
<pin id="477" dir="1" index="0" bw="1" slack="0"/>
</pin_list>
<bind>
<StgValue><ssdm name="p_ZZN4nnet24compute_output_buffer_2dINS_5arrayI8ap_fixedILi16ELi6EL9ap_q_mode5EL9_21"/></StgValue>
</bind>
</comp>

<comp id="478" class="1000" name="p_ZZN4nnet24compute_output_buffer_2dINS_5arrayI8ap_fixedILi16ELi6EL9ap_q_mode5EL9_20">
<pin_list>
<pin id="479" dir="1" index="0" bw="1" slack="0"/>
</pin_list>
<bind>
<StgValue><ssdm name="p_ZZN4nnet24compute_output_buffer_2dINS_5arrayI8ap_fixedILi16ELi6EL9ap_q_mode5EL9_20"/></StgValue>
</bind>
</comp>

<comp id="480" class="1000" name="p_ZZN4nnet24compute_output_buffer_2dINS_5arrayI8ap_fixedILi16ELi6EL9ap_q_mode5EL9_19">
<pin_list>
<pin id="481" dir="1" index="0" bw="1" slack="0"/>
</pin_list>
<bind>
<StgValue><ssdm name="p_ZZN4nnet24compute_output_buffer_2dINS_5arrayI8ap_fixedILi16ELi6EL9ap_q_mode5EL9_19"/></StgValue>
</bind>
</comp>

<comp id="482" class="1000" name="p_ZZN4nnet24compute_output_buffer_2dINS_5arrayI8ap_fixedILi16ELi6EL9ap_q_mode5EL9_18">
<pin_list>
<pin id="483" dir="1" index="0" bw="1" slack="0"/>
</pin_list>
<bind>
<StgValue><ssdm name="p_ZZN4nnet24compute_output_buffer_2dINS_5arrayI8ap_fixedILi16ELi6EL9ap_q_mode5EL9_18"/></StgValue>
</bind>
</comp>

<comp id="484" class="1000" name="p_ZZN4nnet24compute_output_buffer_2dINS_5arrayI8ap_fixedILi16ELi6EL9ap_q_mode5EL9_17">
<pin_list>
<pin id="485" dir="1" index="0" bw="1" slack="0"/>
</pin_list>
<bind>
<StgValue><ssdm name="p_ZZN4nnet24compute_output_buffer_2dINS_5arrayI8ap_fixedILi16ELi6EL9ap_q_mode5EL9_17"/></StgValue>
</bind>
</comp>

<comp id="486" class="1000" name="p_ZZN4nnet24compute_output_buffer_2dINS_5arrayI8ap_fixedILi16ELi6EL9ap_q_mode5EL9_16">
<pin_list>
<pin id="487" dir="1" index="0" bw="1" slack="0"/>
</pin_list>
<bind>
<StgValue><ssdm name="p_ZZN4nnet24compute_output_buffer_2dINS_5arrayI8ap_fixedILi16ELi6EL9ap_q_mode5EL9_16"/></StgValue>
</bind>
</comp>

<comp id="488" class="1000" name="p_ZZN4nnet24compute_output_buffer_2dINS_5arrayI8ap_fixedILi16ELi6EL9ap_q_mode5EL9_15">
<pin_list>
<pin id="489" dir="1" index="0" bw="1" slack="0"/>
</pin_list>
<bind>
<StgValue><ssdm name="p_ZZN4nnet24compute_output_buffer_2dINS_5arrayI8ap_fixedILi16ELi6EL9ap_q_mode5EL9_15"/></StgValue>
</bind>
</comp>

<comp id="490" class="1000" name="p_ZZN4nnet24compute_output_buffer_2dINS_5arrayI8ap_fixedILi16ELi6EL9ap_q_mode5EL9_14">
<pin_list>
<pin id="491" dir="1" index="0" bw="1" slack="0"/>
</pin_list>
<bind>
<StgValue><ssdm name="p_ZZN4nnet24compute_output_buffer_2dINS_5arrayI8ap_fixedILi16ELi6EL9ap_q_mode5EL9_14"/></StgValue>
</bind>
</comp>

<comp id="492" class="1000" name="p_ZZN4nnet24compute_output_buffer_2dINS_5arrayI8ap_fixedILi16ELi6EL9ap_q_mode5EL9_13">
<pin_list>
<pin id="493" dir="1" index="0" bw="1" slack="0"/>
</pin_list>
<bind>
<StgValue><ssdm name="p_ZZN4nnet24compute_output_buffer_2dINS_5arrayI8ap_fixedILi16ELi6EL9ap_q_mode5EL9_13"/></StgValue>
</bind>
</comp>

<comp id="494" class="1000" name="p_ZZN4nnet24compute_output_buffer_2dINS_5arrayI8ap_fixedILi16ELi6EL9ap_q_mode5EL9_12">
<pin_list>
<pin id="495" dir="1" index="0" bw="1" slack="0"/>
</pin_list>
<bind>
<StgValue><ssdm name="p_ZZN4nnet24compute_output_buffer_2dINS_5arrayI8ap_fixedILi16ELi6EL9ap_q_mode5EL9_12"/></StgValue>
</bind>
</comp>

<comp id="496" class="1000" name="p_ZZN4nnet24compute_output_buffer_2dINS_5arrayI8ap_fixedILi16ELi6EL9ap_q_mode5EL9_11">
<pin_list>
<pin id="497" dir="1" index="0" bw="1" slack="0"/>
</pin_list>
<bind>
<StgValue><ssdm name="p_ZZN4nnet24compute_output_buffer_2dINS_5arrayI8ap_fixedILi16ELi6EL9ap_q_mode5EL9_11"/></StgValue>
</bind>
</comp>

<comp id="498" class="1000" name="p_ZZN4nnet24compute_output_buffer_2dINS_5arrayI8ap_fixedILi16ELi6EL9ap_q_mode5EL9_10">
<pin_list>
<pin id="499" dir="1" index="0" bw="1" slack="0"/>
</pin_list>
<bind>
<StgValue><ssdm name="p_ZZN4nnet24compute_output_buffer_2dINS_5arrayI8ap_fixedILi16ELi6EL9ap_q_mode5EL9_10"/></StgValue>
</bind>
</comp>

<comp id="500" class="1000" name="p_ZZN4nnet24compute_output_buffer_2dINS_5arrayI8ap_fixedILi16ELi6EL9ap_q_mode5EL9_9">
<pin_list>
<pin id="501" dir="1" index="0" bw="1" slack="0"/>
</pin_list>
<bind>
<StgValue><ssdm name="p_ZZN4nnet24compute_output_buffer_2dINS_5arrayI8ap_fixedILi16ELi6EL9ap_q_mode5EL9_9"/></StgValue>
</bind>
</comp>

<comp id="502" class="1000" name="p_ZZN4nnet24compute_output_buffer_2dINS_5arrayI8ap_fixedILi16ELi6EL9ap_q_mode5EL9_8">
<pin_list>
<pin id="503" dir="1" index="0" bw="1" slack="0"/>
</pin_list>
<bind>
<StgValue><ssdm name="p_ZZN4nnet24compute_output_buffer_2dINS_5arrayI8ap_fixedILi16ELi6EL9ap_q_mode5EL9_8"/></StgValue>
</bind>
</comp>

<comp id="504" class="1000" name="p_ZZN4nnet24compute_output_buffer_2dINS_5arrayI8ap_fixedILi16ELi6EL9ap_q_mode5EL9_7">
<pin_list>
<pin id="505" dir="1" index="0" bw="1" slack="0"/>
</pin_list>
<bind>
<StgValue><ssdm name="p_ZZN4nnet24compute_output_buffer_2dINS_5arrayI8ap_fixedILi16ELi6EL9ap_q_mode5EL9_7"/></StgValue>
</bind>
</comp>

<comp id="506" class="1000" name="p_ZZN4nnet24compute_output_buffer_2dINS_5arrayI8ap_fixedILi16ELi6EL9ap_q_mode5EL9_6">
<pin_list>
<pin id="507" dir="1" index="0" bw="1" slack="0"/>
</pin_list>
<bind>
<StgValue><ssdm name="p_ZZN4nnet24compute_output_buffer_2dINS_5arrayI8ap_fixedILi16ELi6EL9ap_q_mode5EL9_6"/></StgValue>
</bind>
</comp>

<comp id="508" class="1000" name="p_ZZN4nnet24compute_output_buffer_2dINS_5arrayI8ap_fixedILi16ELi6EL9ap_q_mode5EL9_5">
<pin_list>
<pin id="509" dir="1" index="0" bw="1" slack="0"/>
</pin_list>
<bind>
<StgValue><ssdm name="p_ZZN4nnet24compute_output_buffer_2dINS_5arrayI8ap_fixedILi16ELi6EL9ap_q_mode5EL9_5"/></StgValue>
</bind>
</comp>

<comp id="510" class="1000" name="p_ZZN4nnet24compute_output_buffer_2dINS_5arrayI8ap_fixedILi16ELi6EL9ap_q_mode5EL9_4">
<pin_list>
<pin id="511" dir="1" index="0" bw="1" slack="0"/>
</pin_list>
<bind>
<StgValue><ssdm name="p_ZZN4nnet24compute_output_buffer_2dINS_5arrayI8ap_fixedILi16ELi6EL9ap_q_mode5EL9_4"/></StgValue>
</bind>
</comp>

<comp id="512" class="1000" name="p_ZZN4nnet24compute_output_buffer_2dINS_5arrayI8ap_fixedILi16ELi6EL9ap_q_mode5EL9_344">
<pin_list>
<pin id="513" dir="1" index="0" bw="1" slack="0"/>
</pin_list>
<bind>
<StgValue><ssdm name="p_ZZN4nnet24compute_output_buffer_2dINS_5arrayI8ap_fixedILi16ELi6EL9ap_q_mode5EL9_344"/></StgValue>
</bind>
</comp>

<comp id="514" class="1000" name="p_ZZN4nnet24compute_output_buffer_2dINS_5arrayI8ap_fixedILi16ELi6EL9ap_q_mode5EL9_345">
<pin_list>
<pin id="515" dir="1" index="0" bw="1" slack="0"/>
</pin_list>
<bind>
<StgValue><ssdm name="p_ZZN4nnet24compute_output_buffer_2dINS_5arrayI8ap_fixedILi16ELi6EL9ap_q_mode5EL9_345"/></StgValue>
</bind>
</comp>

<comp id="516" class="1000" name="p_ZZN4nnet24compute_output_buffer_2dINS_5arrayI8ap_fixedILi16ELi6EL9ap_q_mode5EL9_346">
<pin_list>
<pin id="517" dir="1" index="0" bw="1" slack="0"/>
</pin_list>
<bind>
<StgValue><ssdm name="p_ZZN4nnet24compute_output_buffer_2dINS_5arrayI8ap_fixedILi16ELi6EL9ap_q_mode5EL9_346"/></StgValue>
</bind>
</comp>

<comp id="518" class="1000" name="p_ZZN4nnet24compute_output_buffer_2dINS_5arrayI8ap_fixedILi16ELi6EL9ap_q_mode5EL9_347">
<pin_list>
<pin id="519" dir="1" index="0" bw="1" slack="0"/>
</pin_list>
<bind>
<StgValue><ssdm name="p_ZZN4nnet24compute_output_buffer_2dINS_5arrayI8ap_fixedILi16ELi6EL9ap_q_mode5EL9_347"/></StgValue>
</bind>
</comp>

<comp id="520" class="1000" name="p_ZZN4nnet24compute_output_buffer_2dINS_5arrayI8ap_fixedILi16ELi6EL9ap_q_mode5EL9_348">
<pin_list>
<pin id="521" dir="1" index="0" bw="1" slack="0"/>
</pin_list>
<bind>
<StgValue><ssdm name="p_ZZN4nnet24compute_output_buffer_2dINS_5arrayI8ap_fixedILi16ELi6EL9ap_q_mode5EL9_348"/></StgValue>
</bind>
</comp>

<comp id="522" class="1000" name="p_ZZN4nnet24compute_output_buffer_2dINS_5arrayI8ap_fixedILi16ELi6EL9ap_q_mode5EL9_349">
<pin_list>
<pin id="523" dir="1" index="0" bw="1" slack="0"/>
</pin_list>
<bind>
<StgValue><ssdm name="p_ZZN4nnet24compute_output_buffer_2dINS_5arrayI8ap_fixedILi16ELi6EL9ap_q_mode5EL9_349"/></StgValue>
</bind>
</comp>

<comp id="524" class="1000" name="p_ZZN4nnet24compute_output_buffer_2dINS_5arrayI8ap_fixedILi16ELi6EL9ap_q_mode5EL9_350">
<pin_list>
<pin id="525" dir="1" index="0" bw="1" slack="0"/>
</pin_list>
<bind>
<StgValue><ssdm name="p_ZZN4nnet24compute_output_buffer_2dINS_5arrayI8ap_fixedILi16ELi6EL9ap_q_mode5EL9_350"/></StgValue>
</bind>
</comp>

<comp id="526" class="1000" name="p_ZZN4nnet24compute_output_buffer_2dINS_5arrayI8ap_fixedILi16ELi6EL9ap_q_mode5EL9_351">
<pin_list>
<pin id="527" dir="1" index="0" bw="1" slack="0"/>
</pin_list>
<bind>
<StgValue><ssdm name="p_ZZN4nnet24compute_output_buffer_2dINS_5arrayI8ap_fixedILi16ELi6EL9ap_q_mode5EL9_351"/></StgValue>
</bind>
</comp>

<comp id="528" class="1000" name="p_ZZN4nnet24compute_output_buffer_2dINS_5arrayI8ap_fixedILi16ELi6EL9ap_q_mode5EL9_352">
<pin_list>
<pin id="529" dir="1" index="0" bw="1" slack="0"/>
</pin_list>
<bind>
<StgValue><ssdm name="p_ZZN4nnet24compute_output_buffer_2dINS_5arrayI8ap_fixedILi16ELi6EL9ap_q_mode5EL9_352"/></StgValue>
</bind>
</comp>

<comp id="530" class="1000" name="p_ZZN4nnet24compute_output_buffer_2dINS_5arrayI8ap_fixedILi16ELi6EL9ap_q_mode5EL9_353">
<pin_list>
<pin id="531" dir="1" index="0" bw="1" slack="0"/>
</pin_list>
<bind>
<StgValue><ssdm name="p_ZZN4nnet24compute_output_buffer_2dINS_5arrayI8ap_fixedILi16ELi6EL9ap_q_mode5EL9_353"/></StgValue>
</bind>
</comp>

<comp id="532" class="1000" name="p_ZZN4nnet24compute_output_buffer_2dINS_5arrayI8ap_fixedILi16ELi6EL9ap_q_mode5EL9_355">
<pin_list>
<pin id="533" dir="1" index="0" bw="1" slack="0"/>
</pin_list>
<bind>
<StgValue><ssdm name="p_ZZN4nnet24compute_output_buffer_2dINS_5arrayI8ap_fixedILi16ELi6EL9ap_q_mode5EL9_355"/></StgValue>
</bind>
</comp>

<comp id="534" class="1000" name="p_ZZN4nnet24compute_output_buffer_2dINS_5arrayI8ap_fixedILi16ELi6EL9ap_q_mode5EL9_356">
<pin_list>
<pin id="535" dir="1" index="0" bw="1" slack="0"/>
</pin_list>
<bind>
<StgValue><ssdm name="p_ZZN4nnet24compute_output_buffer_2dINS_5arrayI8ap_fixedILi16ELi6EL9ap_q_mode5EL9_356"/></StgValue>
</bind>
</comp>

<comp id="536" class="1000" name="p_ZZN4nnet24compute_output_buffer_2dINS_5arrayI8ap_fixedILi16ELi6EL9ap_q_mode5EL9_357">
<pin_list>
<pin id="537" dir="1" index="0" bw="1" slack="0"/>
</pin_list>
<bind>
<StgValue><ssdm name="p_ZZN4nnet24compute_output_buffer_2dINS_5arrayI8ap_fixedILi16ELi6EL9ap_q_mode5EL9_357"/></StgValue>
</bind>
</comp>

<comp id="538" class="1000" name="p_ZZN4nnet24compute_output_buffer_2dINS_5arrayI8ap_fixedILi16ELi6EL9ap_q_mode5EL9_358">
<pin_list>
<pin id="539" dir="1" index="0" bw="1" slack="0"/>
</pin_list>
<bind>
<StgValue><ssdm name="p_ZZN4nnet24compute_output_buffer_2dINS_5arrayI8ap_fixedILi16ELi6EL9ap_q_mode5EL9_358"/></StgValue>
</bind>
</comp>

<comp id="540" class="1000" name="p_ZZN4nnet24compute_output_buffer_2dINS_5arrayI8ap_fixedILi16ELi6EL9ap_q_mode5EL9_359">
<pin_list>
<pin id="541" dir="1" index="0" bw="1" slack="0"/>
</pin_list>
<bind>
<StgValue><ssdm name="p_ZZN4nnet24compute_output_buffer_2dINS_5arrayI8ap_fixedILi16ELi6EL9ap_q_mode5EL9_359"/></StgValue>
</bind>
</comp>

<comp id="542" class="1000" name="p_ZZN4nnet24compute_output_buffer_2dINS_5arrayI8ap_fixedILi16ELi6EL9ap_q_mode5EL9_360">
<pin_list>
<pin id="543" dir="1" index="0" bw="1" slack="0"/>
</pin_list>
<bind>
<StgValue><ssdm name="p_ZZN4nnet24compute_output_buffer_2dINS_5arrayI8ap_fixedILi16ELi6EL9ap_q_mode5EL9_360"/></StgValue>
</bind>
</comp>

<comp id="544" class="1000" name="p_ZZN4nnet24compute_output_buffer_2dINS_5arrayI8ap_fixedILi16ELi6EL9ap_q_mode5EL9_361">
<pin_list>
<pin id="545" dir="1" index="0" bw="1" slack="0"/>
</pin_list>
<bind>
<StgValue><ssdm name="p_ZZN4nnet24compute_output_buffer_2dINS_5arrayI8ap_fixedILi16ELi6EL9ap_q_mode5EL9_361"/></StgValue>
</bind>
</comp>

<comp id="546" class="1000" name="p_ZZN4nnet24compute_output_buffer_2dINS_5arrayI8ap_fixedILi16ELi6EL9ap_q_mode5EL9_362">
<pin_list>
<pin id="547" dir="1" index="0" bw="1" slack="0"/>
</pin_list>
<bind>
<StgValue><ssdm name="p_ZZN4nnet24compute_output_buffer_2dINS_5arrayI8ap_fixedILi16ELi6EL9ap_q_mode5EL9_362"/></StgValue>
</bind>
</comp>

<comp id="548" class="1000" name="p_ZZN4nnet24compute_output_buffer_2dINS_5arrayI8ap_fixedILi16ELi6EL9ap_q_mode5EL9_363">
<pin_list>
<pin id="549" dir="1" index="0" bw="1" slack="0"/>
</pin_list>
<bind>
<StgValue><ssdm name="p_ZZN4nnet24compute_output_buffer_2dINS_5arrayI8ap_fixedILi16ELi6EL9ap_q_mode5EL9_363"/></StgValue>
</bind>
</comp>

<comp id="550" class="1000" name="p_ZZN4nnet24compute_output_buffer_2dINS_5arrayI8ap_fixedILi16ELi6EL9ap_q_mode5EL9_364">
<pin_list>
<pin id="551" dir="1" index="0" bw="1" slack="0"/>
</pin_list>
<bind>
<StgValue><ssdm name="p_ZZN4nnet24compute_output_buffer_2dINS_5arrayI8ap_fixedILi16ELi6EL9ap_q_mode5EL9_364"/></StgValue>
</bind>
</comp>

<comp id="552" class="1000" name="p_ZZN4nnet24compute_output_buffer_2dINS_5arrayI8ap_fixedILi16ELi6EL9ap_q_mode5EL9_366">
<pin_list>
<pin id="553" dir="1" index="0" bw="1" slack="0"/>
</pin_list>
<bind>
<StgValue><ssdm name="p_ZZN4nnet24compute_output_buffer_2dINS_5arrayI8ap_fixedILi16ELi6EL9ap_q_mode5EL9_366"/></StgValue>
</bind>
</comp>

<comp id="554" class="1000" name="p_ZZN4nnet24compute_output_buffer_2dINS_5arrayI8ap_fixedILi16ELi6EL9ap_q_mode5EL9_367">
<pin_list>
<pin id="555" dir="1" index="0" bw="1" slack="0"/>
</pin_list>
<bind>
<StgValue><ssdm name="p_ZZN4nnet24compute_output_buffer_2dINS_5arrayI8ap_fixedILi16ELi6EL9ap_q_mode5EL9_367"/></StgValue>
</bind>
</comp>

<comp id="556" class="1000" name="p_ZZN4nnet24compute_output_buffer_2dINS_5arrayI8ap_fixedILi16ELi6EL9ap_q_mode5EL9_368">
<pin_list>
<pin id="557" dir="1" index="0" bw="1" slack="0"/>
</pin_list>
<bind>
<StgValue><ssdm name="p_ZZN4nnet24compute_output_buffer_2dINS_5arrayI8ap_fixedILi16ELi6EL9ap_q_mode5EL9_368"/></StgValue>
</bind>
</comp>

<comp id="558" class="1000" name="p_ZZN4nnet24compute_output_buffer_2dINS_5arrayI8ap_fixedILi16ELi6EL9ap_q_mode5EL9_369">
<pin_list>
<pin id="559" dir="1" index="0" bw="1" slack="0"/>
</pin_list>
<bind>
<StgValue><ssdm name="p_ZZN4nnet24compute_output_buffer_2dINS_5arrayI8ap_fixedILi16ELi6EL9ap_q_mode5EL9_369"/></StgValue>
</bind>
</comp>

<comp id="560" class="1000" name="p_ZZN4nnet24compute_output_buffer_2dINS_5arrayI8ap_fixedILi16ELi6EL9ap_q_mode5EL9_370">
<pin_list>
<pin id="561" dir="1" index="0" bw="1" slack="0"/>
</pin_list>
<bind>
<StgValue><ssdm name="p_ZZN4nnet24compute_output_buffer_2dINS_5arrayI8ap_fixedILi16ELi6EL9ap_q_mode5EL9_370"/></StgValue>
</bind>
</comp>

<comp id="562" class="1000" name="p_ZZN4nnet24compute_output_buffer_2dINS_5arrayI8ap_fixedILi16ELi6EL9ap_q_mode5EL9_371">
<pin_list>
<pin id="563" dir="1" index="0" bw="1" slack="0"/>
</pin_list>
<bind>
<StgValue><ssdm name="p_ZZN4nnet24compute_output_buffer_2dINS_5arrayI8ap_fixedILi16ELi6EL9ap_q_mode5EL9_371"/></StgValue>
</bind>
</comp>

<comp id="564" class="1000" name="p_ZZN4nnet24compute_output_buffer_2dINS_5arrayI8ap_fixedILi16ELi6EL9ap_q_mode5EL9_372">
<pin_list>
<pin id="565" dir="1" index="0" bw="1" slack="0"/>
</pin_list>
<bind>
<StgValue><ssdm name="p_ZZN4nnet24compute_output_buffer_2dINS_5arrayI8ap_fixedILi16ELi6EL9ap_q_mode5EL9_372"/></StgValue>
</bind>
</comp>

<comp id="566" class="1000" name="p_ZZN4nnet24compute_output_buffer_2dINS_5arrayI8ap_fixedILi16ELi6EL9ap_q_mode5EL9_373">
<pin_list>
<pin id="567" dir="1" index="0" bw="1" slack="0"/>
</pin_list>
<bind>
<StgValue><ssdm name="p_ZZN4nnet24compute_output_buffer_2dINS_5arrayI8ap_fixedILi16ELi6EL9ap_q_mode5EL9_373"/></StgValue>
</bind>
</comp>

<comp id="568" class="1000" name="p_ZZN4nnet24compute_output_buffer_2dINS_5arrayI8ap_fixedILi16ELi6EL9ap_q_mode5EL9_374">
<pin_list>
<pin id="569" dir="1" index="0" bw="1" slack="0"/>
</pin_list>
<bind>
<StgValue><ssdm name="p_ZZN4nnet24compute_output_buffer_2dINS_5arrayI8ap_fixedILi16ELi6EL9ap_q_mode5EL9_374"/></StgValue>
</bind>
</comp>

<comp id="570" class="1000" name="p_ZZN4nnet24compute_output_buffer_2dINS_5arrayI8ap_fixedILi16ELi6EL9ap_q_mode5EL9_375">
<pin_list>
<pin id="571" dir="1" index="0" bw="1" slack="0"/>
</pin_list>
<bind>
<StgValue><ssdm name="p_ZZN4nnet24compute_output_buffer_2dINS_5arrayI8ap_fixedILi16ELi6EL9ap_q_mode5EL9_375"/></StgValue>
</bind>
</comp>

<comp id="572" class="1000" name="p_ZZN4nnet24compute_output_buffer_2dINS_5arrayI8ap_fixedILi16ELi6EL9ap_q_mode5EL9_377">
<pin_list>
<pin id="573" dir="1" index="0" bw="1" slack="0"/>
</pin_list>
<bind>
<StgValue><ssdm name="p_ZZN4nnet24compute_output_buffer_2dINS_5arrayI8ap_fixedILi16ELi6EL9ap_q_mode5EL9_377"/></StgValue>
</bind>
</comp>

<comp id="574" class="1000" name="p_ZZN4nnet24compute_output_buffer_2dINS_5arrayI8ap_fixedILi16ELi6EL9ap_q_mode5EL9_378">
<pin_list>
<pin id="575" dir="1" index="0" bw="1" slack="0"/>
</pin_list>
<bind>
<StgValue><ssdm name="p_ZZN4nnet24compute_output_buffer_2dINS_5arrayI8ap_fixedILi16ELi6EL9ap_q_mode5EL9_378"/></StgValue>
</bind>
</comp>

<comp id="576" class="1000" name="p_ZZN4nnet24compute_output_buffer_2dINS_5arrayI8ap_fixedILi16ELi6EL9ap_q_mode5EL9_449">
<pin_list>
<pin id="577" dir="1" index="0" bw="1" slack="0"/>
</pin_list>
<bind>
<StgValue><ssdm name="p_ZZN4nnet24compute_output_buffer_2dINS_5arrayI8ap_fixedILi16ELi6EL9ap_q_mode5EL9_449"/></StgValue>
</bind>
</comp>

<comp id="578" class="1000" name="p_ZZN4nnet24compute_output_buffer_2dINS_5arrayI8ap_fixedILi16ELi6EL9ap_q_mode5EL9_450">
<pin_list>
<pin id="579" dir="1" index="0" bw="1" slack="0"/>
</pin_list>
<bind>
<StgValue><ssdm name="p_ZZN4nnet24compute_output_buffer_2dINS_5arrayI8ap_fixedILi16ELi6EL9ap_q_mode5EL9_450"/></StgValue>
</bind>
</comp>

<comp id="580" class="1000" name="p_ZZN4nnet24compute_output_buffer_2dINS_5arrayI8ap_fixedILi16ELi6EL9ap_q_mode5EL9_451">
<pin_list>
<pin id="581" dir="1" index="0" bw="1" slack="0"/>
</pin_list>
<bind>
<StgValue><ssdm name="p_ZZN4nnet24compute_output_buffer_2dINS_5arrayI8ap_fixedILi16ELi6EL9ap_q_mode5EL9_451"/></StgValue>
</bind>
</comp>

<comp id="582" class="1000" name="p_ZZN4nnet24compute_output_buffer_2dINS_5arrayI8ap_fixedILi16ELi6EL9ap_q_mode5EL9_452">
<pin_list>
<pin id="583" dir="1" index="0" bw="1" slack="0"/>
</pin_list>
<bind>
<StgValue><ssdm name="p_ZZN4nnet24compute_output_buffer_2dINS_5arrayI8ap_fixedILi16ELi6EL9ap_q_mode5EL9_452"/></StgValue>
</bind>
</comp>

<comp id="584" class="1000" name="p_ZZN4nnet24compute_output_buffer_2dINS_5arrayI8ap_fixedILi16ELi6EL9ap_q_mode5EL9_454">
<pin_list>
<pin id="585" dir="1" index="0" bw="1" slack="0"/>
</pin_list>
<bind>
<StgValue><ssdm name="p_ZZN4nnet24compute_output_buffer_2dINS_5arrayI8ap_fixedILi16ELi6EL9ap_q_mode5EL9_454"/></StgValue>
</bind>
</comp>

<comp id="586" class="1000" name="p_ZZN4nnet24compute_output_buffer_2dINS_5arrayI8ap_fixedILi16ELi6EL9ap_q_mode5EL9_99">
<pin_list>
<pin id="587" dir="1" index="0" bw="1" slack="0"/>
</pin_list>
<bind>
<StgValue><ssdm name="p_ZZN4nnet24compute_output_buffer_2dINS_5arrayI8ap_fixedILi16ELi6EL9ap_q_mode5EL9_99"/></StgValue>
</bind>
</comp>

<comp id="588" class="1000" name="p_ZZN4nnet24compute_output_buffer_2dINS_5arrayI8ap_fixedILi16ELi6EL9ap_q_mode5EL9_98">
<pin_list>
<pin id="589" dir="1" index="0" bw="1" slack="0"/>
</pin_list>
<bind>
<StgValue><ssdm name="p_ZZN4nnet24compute_output_buffer_2dINS_5arrayI8ap_fixedILi16ELi6EL9ap_q_mode5EL9_98"/></StgValue>
</bind>
</comp>

<comp id="590" class="1000" name="p_ZZN4nnet24compute_output_buffer_2dINS_5arrayI8ap_fixedILi16ELi6EL9ap_q_mode5EL9_97">
<pin_list>
<pin id="591" dir="1" index="0" bw="1" slack="0"/>
</pin_list>
<bind>
<StgValue><ssdm name="p_ZZN4nnet24compute_output_buffer_2dINS_5arrayI8ap_fixedILi16ELi6EL9ap_q_mode5EL9_97"/></StgValue>
</bind>
</comp>

<comp id="592" class="1000" name="p_ZZN4nnet24compute_output_buffer_2dINS_5arrayI8ap_fixedILi16ELi6EL9ap_q_mode5EL9_96">
<pin_list>
<pin id="593" dir="1" index="0" bw="1" slack="0"/>
</pin_list>
<bind>
<StgValue><ssdm name="p_ZZN4nnet24compute_output_buffer_2dINS_5arrayI8ap_fixedILi16ELi6EL9ap_q_mode5EL9_96"/></StgValue>
</bind>
</comp>

<comp id="594" class="1000" name="p_ZZN4nnet24compute_output_buffer_2dINS_5arrayI8ap_fixedILi16ELi6EL9ap_q_mode5EL9_95">
<pin_list>
<pin id="595" dir="1" index="0" bw="1" slack="0"/>
</pin_list>
<bind>
<StgValue><ssdm name="p_ZZN4nnet24compute_output_buffer_2dINS_5arrayI8ap_fixedILi16ELi6EL9ap_q_mode5EL9_95"/></StgValue>
</bind>
</comp>

<comp id="596" class="1000" name="p_ZZN4nnet24compute_output_buffer_2dINS_5arrayI8ap_fixedILi16ELi6EL9ap_q_mode5EL9_94">
<pin_list>
<pin id="597" dir="1" index="0" bw="1" slack="0"/>
</pin_list>
<bind>
<StgValue><ssdm name="p_ZZN4nnet24compute_output_buffer_2dINS_5arrayI8ap_fixedILi16ELi6EL9ap_q_mode5EL9_94"/></StgValue>
</bind>
</comp>

<comp id="598" class="1000" name="p_ZZN4nnet24compute_output_buffer_2dINS_5arrayI8ap_fixedILi16ELi6EL9ap_q_mode5EL9_93">
<pin_list>
<pin id="599" dir="1" index="0" bw="1" slack="0"/>
</pin_list>
<bind>
<StgValue><ssdm name="p_ZZN4nnet24compute_output_buffer_2dINS_5arrayI8ap_fixedILi16ELi6EL9ap_q_mode5EL9_93"/></StgValue>
</bind>
</comp>

<comp id="600" class="1000" name="p_ZZN4nnet24compute_output_buffer_2dINS_5arrayI8ap_fixedILi16ELi6EL9ap_q_mode5EL9_92">
<pin_list>
<pin id="601" dir="1" index="0" bw="1" slack="0"/>
</pin_list>
<bind>
<StgValue><ssdm name="p_ZZN4nnet24compute_output_buffer_2dINS_5arrayI8ap_fixedILi16ELi6EL9ap_q_mode5EL9_92"/></StgValue>
</bind>
</comp>

<comp id="602" class="1000" name="p_ZZN4nnet24compute_output_buffer_2dINS_5arrayI8ap_fixedILi16ELi6EL9ap_q_mode5EL9_91">
<pin_list>
<pin id="603" dir="1" index="0" bw="1" slack="0"/>
</pin_list>
<bind>
<StgValue><ssdm name="p_ZZN4nnet24compute_output_buffer_2dINS_5arrayI8ap_fixedILi16ELi6EL9ap_q_mode5EL9_91"/></StgValue>
</bind>
</comp>

<comp id="604" class="1000" name="p_ZZN4nnet24compute_output_buffer_2dINS_5arrayI8ap_fixedILi16ELi6EL9ap_q_mode5EL9_89">
<pin_list>
<pin id="605" dir="1" index="0" bw="1" slack="0"/>
</pin_list>
<bind>
<StgValue><ssdm name="p_ZZN4nnet24compute_output_buffer_2dINS_5arrayI8ap_fixedILi16ELi6EL9ap_q_mode5EL9_89"/></StgValue>
</bind>
</comp>

<comp id="606" class="1000" name="p_ZZN4nnet24compute_output_buffer_2dINS_5arrayI8ap_fixedILi16ELi6EL9ap_q_mode5EL9_88">
<pin_list>
<pin id="607" dir="1" index="0" bw="1" slack="0"/>
</pin_list>
<bind>
<StgValue><ssdm name="p_ZZN4nnet24compute_output_buffer_2dINS_5arrayI8ap_fixedILi16ELi6EL9ap_q_mode5EL9_88"/></StgValue>
</bind>
</comp>

<comp id="608" class="1000" name="p_ZZN4nnet24compute_output_buffer_2dINS_5arrayI8ap_fixedILi16ELi6EL9ap_q_mode5EL9_87">
<pin_list>
<pin id="609" dir="1" index="0" bw="1" slack="0"/>
</pin_list>
<bind>
<StgValue><ssdm name="p_ZZN4nnet24compute_output_buffer_2dINS_5arrayI8ap_fixedILi16ELi6EL9ap_q_mode5EL9_87"/></StgValue>
</bind>
</comp>

<comp id="610" class="1000" name="p_ZZN4nnet24compute_output_buffer_2dINS_5arrayI8ap_fixedILi16ELi6EL9ap_q_mode5EL9_86">
<pin_list>
<pin id="611" dir="1" index="0" bw="1" slack="0"/>
</pin_list>
<bind>
<StgValue><ssdm name="p_ZZN4nnet24compute_output_buffer_2dINS_5arrayI8ap_fixedILi16ELi6EL9ap_q_mode5EL9_86"/></StgValue>
</bind>
</comp>

<comp id="612" class="1000" name="p_ZZN4nnet24compute_output_buffer_2dINS_5arrayI8ap_fixedILi16ELi6EL9ap_q_mode5EL9_85">
<pin_list>
<pin id="613" dir="1" index="0" bw="1" slack="0"/>
</pin_list>
<bind>
<StgValue><ssdm name="p_ZZN4nnet24compute_output_buffer_2dINS_5arrayI8ap_fixedILi16ELi6EL9ap_q_mode5EL9_85"/></StgValue>
</bind>
</comp>

<comp id="614" class="1000" name="p_ZZN4nnet24compute_output_buffer_2dINS_5arrayI8ap_fixedILi16ELi6EL9ap_q_mode5EL9_84">
<pin_list>
<pin id="615" dir="1" index="0" bw="1" slack="0"/>
</pin_list>
<bind>
<StgValue><ssdm name="p_ZZN4nnet24compute_output_buffer_2dINS_5arrayI8ap_fixedILi16ELi6EL9ap_q_mode5EL9_84"/></StgValue>
</bind>
</comp>

<comp id="616" class="1000" name="p_ZZN4nnet24compute_output_buffer_2dINS_5arrayI8ap_fixedILi16ELi6EL9ap_q_mode5EL9_83">
<pin_list>
<pin id="617" dir="1" index="0" bw="1" slack="0"/>
</pin_list>
<bind>
<StgValue><ssdm name="p_ZZN4nnet24compute_output_buffer_2dINS_5arrayI8ap_fixedILi16ELi6EL9ap_q_mode5EL9_83"/></StgValue>
</bind>
</comp>

<comp id="618" class="1000" name="p_ZZN4nnet24compute_output_buffer_2dINS_5arrayI8ap_fixedILi16ELi6EL9ap_q_mode5EL9_82">
<pin_list>
<pin id="619" dir="1" index="0" bw="1" slack="0"/>
</pin_list>
<bind>
<StgValue><ssdm name="p_ZZN4nnet24compute_output_buffer_2dINS_5arrayI8ap_fixedILi16ELi6EL9ap_q_mode5EL9_82"/></StgValue>
</bind>
</comp>

<comp id="620" class="1000" name="p_ZZN4nnet24compute_output_buffer_2dINS_5arrayI8ap_fixedILi16ELi6EL9ap_q_mode5EL9_81">
<pin_list>
<pin id="621" dir="1" index="0" bw="1" slack="0"/>
</pin_list>
<bind>
<StgValue><ssdm name="p_ZZN4nnet24compute_output_buffer_2dINS_5arrayI8ap_fixedILi16ELi6EL9ap_q_mode5EL9_81"/></StgValue>
</bind>
</comp>

<comp id="622" class="1000" name="p_ZZN4nnet24compute_output_buffer_2dINS_5arrayI8ap_fixedILi16ELi6EL9ap_q_mode5EL9_80">
<pin_list>
<pin id="623" dir="1" index="0" bw="1" slack="0"/>
</pin_list>
<bind>
<StgValue><ssdm name="p_ZZN4nnet24compute_output_buffer_2dINS_5arrayI8ap_fixedILi16ELi6EL9ap_q_mode5EL9_80"/></StgValue>
</bind>
</comp>

<comp id="624" class="1000" name="p_ZZN4nnet24compute_output_buffer_2dINS_5arrayI8ap_fixedILi16ELi6EL9ap_q_mode5EL9_78">
<pin_list>
<pin id="625" dir="1" index="0" bw="1" slack="0"/>
</pin_list>
<bind>
<StgValue><ssdm name="p_ZZN4nnet24compute_output_buffer_2dINS_5arrayI8ap_fixedILi16ELi6EL9ap_q_mode5EL9_78"/></StgValue>
</bind>
</comp>

<comp id="626" class="1000" name="p_ZZN4nnet24compute_output_buffer_2dINS_5arrayI8ap_fixedILi16ELi6EL9ap_q_mode5EL9_77">
<pin_list>
<pin id="627" dir="1" index="0" bw="1" slack="0"/>
</pin_list>
<bind>
<StgValue><ssdm name="p_ZZN4nnet24compute_output_buffer_2dINS_5arrayI8ap_fixedILi16ELi6EL9ap_q_mode5EL9_77"/></StgValue>
</bind>
</comp>

<comp id="628" class="1000" name="p_ZZN4nnet24compute_output_buffer_2dINS_5arrayI8ap_fixedILi16ELi6EL9ap_q_mode5EL9_76">
<pin_list>
<pin id="629" dir="1" index="0" bw="1" slack="0"/>
</pin_list>
<bind>
<StgValue><ssdm name="p_ZZN4nnet24compute_output_buffer_2dINS_5arrayI8ap_fixedILi16ELi6EL9ap_q_mode5EL9_76"/></StgValue>
</bind>
</comp>

<comp id="630" class="1000" name="p_ZZN4nnet24compute_output_buffer_2dINS_5arrayI8ap_fixedILi16ELi6EL9ap_q_mode5EL9_75">
<pin_list>
<pin id="631" dir="1" index="0" bw="1" slack="0"/>
</pin_list>
<bind>
<StgValue><ssdm name="p_ZZN4nnet24compute_output_buffer_2dINS_5arrayI8ap_fixedILi16ELi6EL9ap_q_mode5EL9_75"/></StgValue>
</bind>
</comp>

<comp id="632" class="1000" name="p_ZZN4nnet24compute_output_buffer_2dINS_5arrayI8ap_fixedILi16ELi6EL9ap_q_mode5EL9_74">
<pin_list>
<pin id="633" dir="1" index="0" bw="1" slack="0"/>
</pin_list>
<bind>
<StgValue><ssdm name="p_ZZN4nnet24compute_output_buffer_2dINS_5arrayI8ap_fixedILi16ELi6EL9ap_q_mode5EL9_74"/></StgValue>
</bind>
</comp>

<comp id="634" class="1000" name="p_ZZN4nnet24compute_output_buffer_2dINS_5arrayI8ap_fixedILi16ELi6EL9ap_q_mode5EL9_73">
<pin_list>
<pin id="635" dir="1" index="0" bw="1" slack="0"/>
</pin_list>
<bind>
<StgValue><ssdm name="p_ZZN4nnet24compute_output_buffer_2dINS_5arrayI8ap_fixedILi16ELi6EL9ap_q_mode5EL9_73"/></StgValue>
</bind>
</comp>

<comp id="636" class="1000" name="p_ZZN4nnet24compute_output_buffer_2dINS_5arrayI8ap_fixedILi16ELi6EL9ap_q_mode5EL9_72">
<pin_list>
<pin id="637" dir="1" index="0" bw="1" slack="0"/>
</pin_list>
<bind>
<StgValue><ssdm name="p_ZZN4nnet24compute_output_buffer_2dINS_5arrayI8ap_fixedILi16ELi6EL9ap_q_mode5EL9_72"/></StgValue>
</bind>
</comp>

<comp id="638" class="1000" name="p_ZZN4nnet24compute_output_buffer_2dINS_5arrayI8ap_fixedILi16ELi6EL9ap_q_mode5EL9_71">
<pin_list>
<pin id="639" dir="1" index="0" bw="1" slack="0"/>
</pin_list>
<bind>
<StgValue><ssdm name="p_ZZN4nnet24compute_output_buffer_2dINS_5arrayI8ap_fixedILi16ELi6EL9ap_q_mode5EL9_71"/></StgValue>
</bind>
</comp>

<comp id="640" class="1000" name="p_ZZN4nnet25conv_2d_buffer_latency_clINS_5arrayI8ap_fixedILi16ELi6EL9ap_q_mode5EL_63">
<pin_list>
<pin id="641" dir="1" index="0" bw="1" slack="2147483647"/>
</pin_list>
<bind>
<StgValue><ssdm name="p_ZZN4nnet25conv_2d_buffer_latency_clINS_5arrayI8ap_fixedILi16ELi6EL9ap_q_mode5EL_63"/><MemPortTyVec>2 </MemPortTyVec>
</StgValue>
</bind>
</comp>

<comp id="642" class="1000" name="p_ZZN4nnet25conv_2d_buffer_latency_clINS_5arrayI8ap_fixedILi16ELi6EL9ap_q_mode5EL_31">
<pin_list>
<pin id="643" dir="1" index="0" bw="1" slack="2147483647"/>
</pin_list>
<bind>
<StgValue><ssdm name="p_ZZN4nnet25conv_2d_buffer_latency_clINS_5arrayI8ap_fixedILi16ELi6EL9ap_q_mode5EL_31"/><MemPortTyVec>2 </MemPortTyVec>
</StgValue>
</bind>
</comp>

<comp id="644" class="1000" name="p_ZZN4nnet25conv_2d_buffer_latency_clINS_5arrayI8ap_fixedILi16ELi6EL9ap_q_mode5EL_62">
<pin_list>
<pin id="645" dir="1" index="0" bw="1" slack="2147483647"/>
</pin_list>
<bind>
<StgValue><ssdm name="p_ZZN4nnet25conv_2d_buffer_latency_clINS_5arrayI8ap_fixedILi16ELi6EL9ap_q_mode5EL_62"/><MemPortTyVec>2 </MemPortTyVec>
</StgValue>
</bind>
</comp>

<comp id="646" class="1000" name="p_ZZN4nnet25conv_2d_buffer_latency_clINS_5arrayI8ap_fixedILi16ELi6EL9ap_q_mode5EL_30">
<pin_list>
<pin id="647" dir="1" index="0" bw="1" slack="2147483647"/>
</pin_list>
<bind>
<StgValue><ssdm name="p_ZZN4nnet25conv_2d_buffer_latency_clINS_5arrayI8ap_fixedILi16ELi6EL9ap_q_mode5EL_30"/><MemPortTyVec>2 </MemPortTyVec>
</StgValue>
</bind>
</comp>

<comp id="648" class="1000" name="p_ZZN4nnet25conv_2d_buffer_latency_clINS_5arrayI8ap_fixedILi16ELi6EL9ap_q_mode5EL_51">
<pin_list>
<pin id="649" dir="1" index="0" bw="1" slack="2147483647"/>
</pin_list>
<bind>
<StgValue><ssdm name="p_ZZN4nnet25conv_2d_buffer_latency_clINS_5arrayI8ap_fixedILi16ELi6EL9ap_q_mode5EL_51"/><MemPortTyVec>2 </MemPortTyVec>
</StgValue>
</bind>
</comp>

<comp id="650" class="1000" name="p_ZZN4nnet25conv_2d_buffer_latency_clINS_5arrayI8ap_fixedILi16ELi6EL9ap_q_mode5EL_19">
<pin_list>
<pin id="651" dir="1" index="0" bw="1" slack="2147483647"/>
</pin_list>
<bind>
<StgValue><ssdm name="p_ZZN4nnet25conv_2d_buffer_latency_clINS_5arrayI8ap_fixedILi16ELi6EL9ap_q_mode5EL_19"/><MemPortTyVec>2 </MemPortTyVec>
</StgValue>
</bind>
</comp>

<comp id="652" class="1000" name="p_ZZN4nnet25conv_2d_buffer_latency_clINS_5arrayI8ap_fixedILi16ELi6EL9ap_q_mode5EL_40">
<pin_list>
<pin id="653" dir="1" index="0" bw="1" slack="2147483647"/>
</pin_list>
<bind>
<StgValue><ssdm name="p_ZZN4nnet25conv_2d_buffer_latency_clINS_5arrayI8ap_fixedILi16ELi6EL9ap_q_mode5EL_40"/><MemPortTyVec>2 </MemPortTyVec>
</StgValue>
</bind>
</comp>

<comp id="654" class="1000" name="p_ZZN4nnet25conv_2d_buffer_latency_clINS_5arrayI8ap_fixedILi16ELi6EL9ap_q_mode5EL_8">
<pin_list>
<pin id="655" dir="1" index="0" bw="1" slack="2147483647"/>
</pin_list>
<bind>
<StgValue><ssdm name="p_ZZN4nnet25conv_2d_buffer_latency_clINS_5arrayI8ap_fixedILi16ELi6EL9ap_q_mode5EL_8"/><MemPortTyVec>2 </MemPortTyVec>
</StgValue>
</bind>
</comp>

<comp id="656" class="1000" name="p_ZZN4nnet25conv_2d_buffer_latency_clINS_5arrayI8ap_fixedILi16ELi6EL9ap_q_mode5EL_37">
<pin_list>
<pin id="657" dir="1" index="0" bw="1" slack="2147483647"/>
</pin_list>
<bind>
<StgValue><ssdm name="p_ZZN4nnet25conv_2d_buffer_latency_clINS_5arrayI8ap_fixedILi16ELi6EL9ap_q_mode5EL_37"/><MemPortTyVec>2 </MemPortTyVec>
</StgValue>
</bind>
</comp>

<comp id="658" class="1000" name="p_ZZN4nnet25conv_2d_buffer_latency_clINS_5arrayI8ap_fixedILi16ELi6EL9ap_q_mode5EL_5">
<pin_list>
<pin id="659" dir="1" index="0" bw="1" slack="2147483647"/>
</pin_list>
<bind>
<StgValue><ssdm name="p_ZZN4nnet25conv_2d_buffer_latency_clINS_5arrayI8ap_fixedILi16ELi6EL9ap_q_mode5EL_5"/><MemPortTyVec>2 </MemPortTyVec>
</StgValue>
</bind>
</comp>

<comp id="660" class="1000" name="p_ZZN4nnet25conv_2d_buffer_latency_clINS_5arrayI8ap_fixedILi16ELi6EL9ap_q_mode5EL_36">
<pin_list>
<pin id="661" dir="1" index="0" bw="1" slack="2147483647"/>
</pin_list>
<bind>
<StgValue><ssdm name="p_ZZN4nnet25conv_2d_buffer_latency_clINS_5arrayI8ap_fixedILi16ELi6EL9ap_q_mode5EL_36"/><MemPortTyVec>2 </MemPortTyVec>
</StgValue>
</bind>
</comp>

<comp id="662" class="1000" name="p_ZZN4nnet25conv_2d_buffer_latency_clINS_5arrayI8ap_fixedILi16ELi6EL9ap_q_mode5EL_4">
<pin_list>
<pin id="663" dir="1" index="0" bw="1" slack="2147483647"/>
</pin_list>
<bind>
<StgValue><ssdm name="p_ZZN4nnet25conv_2d_buffer_latency_clINS_5arrayI8ap_fixedILi16ELi6EL9ap_q_mode5EL_4"/><MemPortTyVec>2 </MemPortTyVec>
</StgValue>
</bind>
</comp>

<comp id="664" class="1000" name="p_ZZN4nnet25conv_2d_buffer_latency_clINS_5arrayI8ap_fixedILi16ELi6EL9ap_q_mode5EL_35">
<pin_list>
<pin id="665" dir="1" index="0" bw="1" slack="2147483647"/>
</pin_list>
<bind>
<StgValue><ssdm name="p_ZZN4nnet25conv_2d_buffer_latency_clINS_5arrayI8ap_fixedILi16ELi6EL9ap_q_mode5EL_35"/><MemPortTyVec>2 </MemPortTyVec>
</StgValue>
</bind>
</comp>

<comp id="666" class="1000" name="p_ZZN4nnet25conv_2d_buffer_latency_clINS_5arrayI8ap_fixedILi16ELi6EL9ap_q_mode5EL_3">
<pin_list>
<pin id="667" dir="1" index="0" bw="1" slack="2147483647"/>
</pin_list>
<bind>
<StgValue><ssdm name="p_ZZN4nnet25conv_2d_buffer_latency_clINS_5arrayI8ap_fixedILi16ELi6EL9ap_q_mode5EL_3"/><MemPortTyVec>2 </MemPortTyVec>
</StgValue>
</bind>
</comp>

<comp id="668" class="1000" name="p_ZZN4nnet25conv_2d_buffer_latency_clINS_5arrayI8ap_fixedILi16ELi6EL9ap_q_mode5EL_34">
<pin_list>
<pin id="669" dir="1" index="0" bw="1" slack="2147483647"/>
</pin_list>
<bind>
<StgValue><ssdm name="p_ZZN4nnet25conv_2d_buffer_latency_clINS_5arrayI8ap_fixedILi16ELi6EL9ap_q_mode5EL_34"/><MemPortTyVec>2 </MemPortTyVec>
</StgValue>
</bind>
</comp>

<comp id="670" class="1000" name="p_ZZN4nnet25conv_2d_buffer_latency_clINS_5arrayI8ap_fixedILi16ELi6EL9ap_q_mode5EL_2">
<pin_list>
<pin id="671" dir="1" index="0" bw="1" slack="2147483647"/>
</pin_list>
<bind>
<StgValue><ssdm name="p_ZZN4nnet25conv_2d_buffer_latency_clINS_5arrayI8ap_fixedILi16ELi6EL9ap_q_mode5EL_2"/><MemPortTyVec>2 </MemPortTyVec>
</StgValue>
</bind>
</comp>

<comp id="672" class="1000" name="p_ZZN4nnet25conv_2d_buffer_latency_clINS_5arrayI8ap_fixedILi16ELi6EL9ap_q_mode5EL_33">
<pin_list>
<pin id="673" dir="1" index="0" bw="1" slack="2147483647"/>
</pin_list>
<bind>
<StgValue><ssdm name="p_ZZN4nnet25conv_2d_buffer_latency_clINS_5arrayI8ap_fixedILi16ELi6EL9ap_q_mode5EL_33"/><MemPortTyVec>2 </MemPortTyVec>
</StgValue>
</bind>
</comp>

<comp id="674" class="1000" name="p_ZZN4nnet25conv_2d_buffer_latency_clINS_5arrayI8ap_fixedILi16ELi6EL9ap_q_mode5EL_1">
<pin_list>
<pin id="675" dir="1" index="0" bw="1" slack="2147483647"/>
</pin_list>
<bind>
<StgValue><ssdm name="p_ZZN4nnet25conv_2d_buffer_latency_clINS_5arrayI8ap_fixedILi16ELi6EL9ap_q_mode5EL_1"/><MemPortTyVec>2 </MemPortTyVec>
</StgValue>
</bind>
</comp>

<comp id="676" class="1000" name="p_ZZN4nnet25conv_2d_buffer_latency_clINS_5arrayI8ap_fixedILi16ELi6EL9ap_q_mode5EL_32">
<pin_list>
<pin id="677" dir="1" index="0" bw="1" slack="2147483647"/>
</pin_list>
<bind>
<StgValue><ssdm name="p_ZZN4nnet25conv_2d_buffer_latency_clINS_5arrayI8ap_fixedILi16ELi6EL9ap_q_mode5EL_32"/><MemPortTyVec>2 </MemPortTyVec>
</StgValue>
</bind>
</comp>

<comp id="678" class="1000" name="p_ZZN4nnet25conv_2d_buffer_latency_clINS_5arrayI8ap_fixedILi16ELi6EL9ap_q_mode5EL">
<pin_list>
<pin id="679" dir="1" index="0" bw="1" slack="2147483647"/>
</pin_list>
<bind>
<StgValue><ssdm name="p_ZZN4nnet25conv_2d_buffer_latency_clINS_5arrayI8ap_fixedILi16ELi6EL9ap_q_mode5EL"/><MemPortTyVec>2 </MemPortTyVec>
</StgValue>
</bind>
</comp>

<comp id="680" class="1000" name="p_ZZN4nnet25conv_2d_buffer_latency_clINS_5arrayI8ap_fixedILi16ELi6EL9ap_q_mode5EL_61">
<pin_list>
<pin id="681" dir="1" index="0" bw="1" slack="2147483647"/>
</pin_list>
<bind>
<StgValue><ssdm name="p_ZZN4nnet25conv_2d_buffer_latency_clINS_5arrayI8ap_fixedILi16ELi6EL9ap_q_mode5EL_61"/><MemPortTyVec>2 </MemPortTyVec>
</StgValue>
</bind>
</comp>

<comp id="682" class="1000" name="p_ZZN4nnet25conv_2d_buffer_latency_clINS_5arrayI8ap_fixedILi16ELi6EL9ap_q_mode5EL_29">
<pin_list>
<pin id="683" dir="1" index="0" bw="1" slack="2147483647"/>
</pin_list>
<bind>
<StgValue><ssdm name="p_ZZN4nnet25conv_2d_buffer_latency_clINS_5arrayI8ap_fixedILi16ELi6EL9ap_q_mode5EL_29"/><MemPortTyVec>2 </MemPortTyVec>
</StgValue>
</bind>
</comp>

<comp id="684" class="1000" name="p_ZZN4nnet25conv_2d_buffer_latency_clINS_5arrayI8ap_fixedILi16ELi6EL9ap_q_mode5EL_60">
<pin_list>
<pin id="685" dir="1" index="0" bw="1" slack="2147483647"/>
</pin_list>
<bind>
<StgValue><ssdm name="p_ZZN4nnet25conv_2d_buffer_latency_clINS_5arrayI8ap_fixedILi16ELi6EL9ap_q_mode5EL_60"/><MemPortTyVec>2 </MemPortTyVec>
</StgValue>
</bind>
</comp>

<comp id="686" class="1000" name="p_ZZN4nnet25conv_2d_buffer_latency_clINS_5arrayI8ap_fixedILi16ELi6EL9ap_q_mode5EL_28">
<pin_list>
<pin id="687" dir="1" index="0" bw="1" slack="2147483647"/>
</pin_list>
<bind>
<StgValue><ssdm name="p_ZZN4nnet25conv_2d_buffer_latency_clINS_5arrayI8ap_fixedILi16ELi6EL9ap_q_mode5EL_28"/><MemPortTyVec>2 </MemPortTyVec>
</StgValue>
</bind>
</comp>

<comp id="688" class="1000" name="p_ZZN4nnet25conv_2d_buffer_latency_clINS_5arrayI8ap_fixedILi16ELi6EL9ap_q_mode5EL_59">
<pin_list>
<pin id="689" dir="1" index="0" bw="1" slack="2147483647"/>
</pin_list>
<bind>
<StgValue><ssdm name="p_ZZN4nnet25conv_2d_buffer_latency_clINS_5arrayI8ap_fixedILi16ELi6EL9ap_q_mode5EL_59"/><MemPortTyVec>2 </MemPortTyVec>
</StgValue>
</bind>
</comp>

<comp id="690" class="1000" name="p_ZZN4nnet25conv_2d_buffer_latency_clINS_5arrayI8ap_fixedILi16ELi6EL9ap_q_mode5EL_27">
<pin_list>
<pin id="691" dir="1" index="0" bw="1" slack="2147483647"/>
</pin_list>
<bind>
<StgValue><ssdm name="p_ZZN4nnet25conv_2d_buffer_latency_clINS_5arrayI8ap_fixedILi16ELi6EL9ap_q_mode5EL_27"/><MemPortTyVec>2 </MemPortTyVec>
</StgValue>
</bind>
</comp>

<comp id="692" class="1000" name="p_ZZN4nnet25conv_2d_buffer_latency_clINS_5arrayI8ap_fixedILi16ELi6EL9ap_q_mode5EL_58">
<pin_list>
<pin id="693" dir="1" index="0" bw="1" slack="2147483647"/>
</pin_list>
<bind>
<StgValue><ssdm name="p_ZZN4nnet25conv_2d_buffer_latency_clINS_5arrayI8ap_fixedILi16ELi6EL9ap_q_mode5EL_58"/><MemPortTyVec>2 </MemPortTyVec>
</StgValue>
</bind>
</comp>

<comp id="694" class="1000" name="p_ZZN4nnet25conv_2d_buffer_latency_clINS_5arrayI8ap_fixedILi16ELi6EL9ap_q_mode5EL_26">
<pin_list>
<pin id="695" dir="1" index="0" bw="1" slack="2147483647"/>
</pin_list>
<bind>
<StgValue><ssdm name="p_ZZN4nnet25conv_2d_buffer_latency_clINS_5arrayI8ap_fixedILi16ELi6EL9ap_q_mode5EL_26"/><MemPortTyVec>2 </MemPortTyVec>
</StgValue>
</bind>
</comp>

<comp id="696" class="1000" name="p_ZZN4nnet25conv_2d_buffer_latency_clINS_5arrayI8ap_fixedILi16ELi6EL9ap_q_mode5EL_57">
<pin_list>
<pin id="697" dir="1" index="0" bw="1" slack="2147483647"/>
</pin_list>
<bind>
<StgValue><ssdm name="p_ZZN4nnet25conv_2d_buffer_latency_clINS_5arrayI8ap_fixedILi16ELi6EL9ap_q_mode5EL_57"/><MemPortTyVec>2 </MemPortTyVec>
</StgValue>
</bind>
</comp>

<comp id="698" class="1000" name="p_ZZN4nnet25conv_2d_buffer_latency_clINS_5arrayI8ap_fixedILi16ELi6EL9ap_q_mode5EL_25">
<pin_list>
<pin id="699" dir="1" index="0" bw="1" slack="2147483647"/>
</pin_list>
<bind>
<StgValue><ssdm name="p_ZZN4nnet25conv_2d_buffer_latency_clINS_5arrayI8ap_fixedILi16ELi6EL9ap_q_mode5EL_25"/><MemPortTyVec>2 </MemPortTyVec>
</StgValue>
</bind>
</comp>

<comp id="700" class="1000" name="p_ZZN4nnet25conv_2d_buffer_latency_clINS_5arrayI8ap_fixedILi16ELi6EL9ap_q_mode5EL_56">
<pin_list>
<pin id="701" dir="1" index="0" bw="1" slack="2147483647"/>
</pin_list>
<bind>
<StgValue><ssdm name="p_ZZN4nnet25conv_2d_buffer_latency_clINS_5arrayI8ap_fixedILi16ELi6EL9ap_q_mode5EL_56"/><MemPortTyVec>2 </MemPortTyVec>
</StgValue>
</bind>
</comp>

<comp id="702" class="1000" name="p_ZZN4nnet25conv_2d_buffer_latency_clINS_5arrayI8ap_fixedILi16ELi6EL9ap_q_mode5EL_24">
<pin_list>
<pin id="703" dir="1" index="0" bw="1" slack="2147483647"/>
</pin_list>
<bind>
<StgValue><ssdm name="p_ZZN4nnet25conv_2d_buffer_latency_clINS_5arrayI8ap_fixedILi16ELi6EL9ap_q_mode5EL_24"/><MemPortTyVec>2 </MemPortTyVec>
</StgValue>
</bind>
</comp>

<comp id="704" class="1000" name="p_ZZN4nnet25conv_2d_buffer_latency_clINS_5arrayI8ap_fixedILi16ELi6EL9ap_q_mode5EL_55">
<pin_list>
<pin id="705" dir="1" index="0" bw="1" slack="2147483647"/>
</pin_list>
<bind>
<StgValue><ssdm name="p_ZZN4nnet25conv_2d_buffer_latency_clINS_5arrayI8ap_fixedILi16ELi6EL9ap_q_mode5EL_55"/><MemPortTyVec>2 </MemPortTyVec>
</StgValue>
</bind>
</comp>

<comp id="706" class="1000" name="p_ZZN4nnet25conv_2d_buffer_latency_clINS_5arrayI8ap_fixedILi16ELi6EL9ap_q_mode5EL_23">
<pin_list>
<pin id="707" dir="1" index="0" bw="1" slack="2147483647"/>
</pin_list>
<bind>
<StgValue><ssdm name="p_ZZN4nnet25conv_2d_buffer_latency_clINS_5arrayI8ap_fixedILi16ELi6EL9ap_q_mode5EL_23"/><MemPortTyVec>2 </MemPortTyVec>
</StgValue>
</bind>
</comp>

<comp id="708" class="1000" name="p_ZZN4nnet25conv_2d_buffer_latency_clINS_5arrayI8ap_fixedILi16ELi6EL9ap_q_mode5EL_54">
<pin_list>
<pin id="709" dir="1" index="0" bw="1" slack="2147483647"/>
</pin_list>
<bind>
<StgValue><ssdm name="p_ZZN4nnet25conv_2d_buffer_latency_clINS_5arrayI8ap_fixedILi16ELi6EL9ap_q_mode5EL_54"/><MemPortTyVec>2 </MemPortTyVec>
</StgValue>
</bind>
</comp>

<comp id="710" class="1000" name="p_ZZN4nnet25conv_2d_buffer_latency_clINS_5arrayI8ap_fixedILi16ELi6EL9ap_q_mode5EL_22">
<pin_list>
<pin id="711" dir="1" index="0" bw="1" slack="2147483647"/>
</pin_list>
<bind>
<StgValue><ssdm name="p_ZZN4nnet25conv_2d_buffer_latency_clINS_5arrayI8ap_fixedILi16ELi6EL9ap_q_mode5EL_22"/><MemPortTyVec>2 </MemPortTyVec>
</StgValue>
</bind>
</comp>

<comp id="712" class="1000" name="p_ZZN4nnet25conv_2d_buffer_latency_clINS_5arrayI8ap_fixedILi16ELi6EL9ap_q_mode5EL_53">
<pin_list>
<pin id="713" dir="1" index="0" bw="1" slack="2147483647"/>
</pin_list>
<bind>
<StgValue><ssdm name="p_ZZN4nnet25conv_2d_buffer_latency_clINS_5arrayI8ap_fixedILi16ELi6EL9ap_q_mode5EL_53"/><MemPortTyVec>2 </MemPortTyVec>
</StgValue>
</bind>
</comp>

<comp id="714" class="1000" name="p_ZZN4nnet25conv_2d_buffer_latency_clINS_5arrayI8ap_fixedILi16ELi6EL9ap_q_mode5EL_21">
<pin_list>
<pin id="715" dir="1" index="0" bw="1" slack="2147483647"/>
</pin_list>
<bind>
<StgValue><ssdm name="p_ZZN4nnet25conv_2d_buffer_latency_clINS_5arrayI8ap_fixedILi16ELi6EL9ap_q_mode5EL_21"/><MemPortTyVec>2 </MemPortTyVec>
</StgValue>
</bind>
</comp>

<comp id="716" class="1000" name="p_ZZN4nnet25conv_2d_buffer_latency_clINS_5arrayI8ap_fixedILi16ELi6EL9ap_q_mode5EL_52">
<pin_list>
<pin id="717" dir="1" index="0" bw="1" slack="2147483647"/>
</pin_list>
<bind>
<StgValue><ssdm name="p_ZZN4nnet25conv_2d_buffer_latency_clINS_5arrayI8ap_fixedILi16ELi6EL9ap_q_mode5EL_52"/><MemPortTyVec>2 </MemPortTyVec>
</StgValue>
</bind>
</comp>

<comp id="718" class="1000" name="p_ZZN4nnet25conv_2d_buffer_latency_clINS_5arrayI8ap_fixedILi16ELi6EL9ap_q_mode5EL_20">
<pin_list>
<pin id="719" dir="1" index="0" bw="1" slack="2147483647"/>
</pin_list>
<bind>
<StgValue><ssdm name="p_ZZN4nnet25conv_2d_buffer_latency_clINS_5arrayI8ap_fixedILi16ELi6EL9ap_q_mode5EL_20"/><MemPortTyVec>2 </MemPortTyVec>
</StgValue>
</bind>
</comp>

<comp id="720" class="1000" name="p_ZZN4nnet25conv_2d_buffer_latency_clINS_5arrayI8ap_fixedILi16ELi6EL9ap_q_mode5EL_50">
<pin_list>
<pin id="721" dir="1" index="0" bw="1" slack="2147483647"/>
</pin_list>
<bind>
<StgValue><ssdm name="p_ZZN4nnet25conv_2d_buffer_latency_clINS_5arrayI8ap_fixedILi16ELi6EL9ap_q_mode5EL_50"/><MemPortTyVec>2 </MemPortTyVec>
</StgValue>
</bind>
</comp>

<comp id="722" class="1000" name="p_ZZN4nnet25conv_2d_buffer_latency_clINS_5arrayI8ap_fixedILi16ELi6EL9ap_q_mode5EL_18">
<pin_list>
<pin id="723" dir="1" index="0" bw="1" slack="2147483647"/>
</pin_list>
<bind>
<StgValue><ssdm name="p_ZZN4nnet25conv_2d_buffer_latency_clINS_5arrayI8ap_fixedILi16ELi6EL9ap_q_mode5EL_18"/><MemPortTyVec>2 </MemPortTyVec>
</StgValue>
</bind>
</comp>

<comp id="724" class="1000" name="p_ZZN4nnet25conv_2d_buffer_latency_clINS_5arrayI8ap_fixedILi16ELi6EL9ap_q_mode5EL_49">
<pin_list>
<pin id="725" dir="1" index="0" bw="1" slack="2147483647"/>
</pin_list>
<bind>
<StgValue><ssdm name="p_ZZN4nnet25conv_2d_buffer_latency_clINS_5arrayI8ap_fixedILi16ELi6EL9ap_q_mode5EL_49"/><MemPortTyVec>2 </MemPortTyVec>
</StgValue>
</bind>
</comp>

<comp id="726" class="1000" name="p_ZZN4nnet25conv_2d_buffer_latency_clINS_5arrayI8ap_fixedILi16ELi6EL9ap_q_mode5EL_17">
<pin_list>
<pin id="727" dir="1" index="0" bw="1" slack="2147483647"/>
</pin_list>
<bind>
<StgValue><ssdm name="p_ZZN4nnet25conv_2d_buffer_latency_clINS_5arrayI8ap_fixedILi16ELi6EL9ap_q_mode5EL_17"/><MemPortTyVec>2 </MemPortTyVec>
</StgValue>
</bind>
</comp>

<comp id="728" class="1000" name="p_ZZN4nnet25conv_2d_buffer_latency_clINS_5arrayI8ap_fixedILi16ELi6EL9ap_q_mode5EL_48">
<pin_list>
<pin id="729" dir="1" index="0" bw="1" slack="2147483647"/>
</pin_list>
<bind>
<StgValue><ssdm name="p_ZZN4nnet25conv_2d_buffer_latency_clINS_5arrayI8ap_fixedILi16ELi6EL9ap_q_mode5EL_48"/><MemPortTyVec>2 </MemPortTyVec>
</StgValue>
</bind>
</comp>

<comp id="730" class="1000" name="p_ZZN4nnet25conv_2d_buffer_latency_clINS_5arrayI8ap_fixedILi16ELi6EL9ap_q_mode5EL_16">
<pin_list>
<pin id="731" dir="1" index="0" bw="1" slack="2147483647"/>
</pin_list>
<bind>
<StgValue><ssdm name="p_ZZN4nnet25conv_2d_buffer_latency_clINS_5arrayI8ap_fixedILi16ELi6EL9ap_q_mode5EL_16"/><MemPortTyVec>2 </MemPortTyVec>
</StgValue>
</bind>
</comp>

<comp id="732" class="1000" name="p_ZZN4nnet25conv_2d_buffer_latency_clINS_5arrayI8ap_fixedILi16ELi6EL9ap_q_mode5EL_47">
<pin_list>
<pin id="733" dir="1" index="0" bw="1" slack="2147483647"/>
</pin_list>
<bind>
<StgValue><ssdm name="p_ZZN4nnet25conv_2d_buffer_latency_clINS_5arrayI8ap_fixedILi16ELi6EL9ap_q_mode5EL_47"/><MemPortTyVec>2 </MemPortTyVec>
</StgValue>
</bind>
</comp>

<comp id="734" class="1000" name="p_ZZN4nnet25conv_2d_buffer_latency_clINS_5arrayI8ap_fixedILi16ELi6EL9ap_q_mode5EL_15">
<pin_list>
<pin id="735" dir="1" index="0" bw="1" slack="2147483647"/>
</pin_list>
<bind>
<StgValue><ssdm name="p_ZZN4nnet25conv_2d_buffer_latency_clINS_5arrayI8ap_fixedILi16ELi6EL9ap_q_mode5EL_15"/><MemPortTyVec>2 </MemPortTyVec>
</StgValue>
</bind>
</comp>

<comp id="736" class="1000" name="p_ZZN4nnet25conv_2d_buffer_latency_clINS_5arrayI8ap_fixedILi16ELi6EL9ap_q_mode5EL_46">
<pin_list>
<pin id="737" dir="1" index="0" bw="1" slack="2147483647"/>
</pin_list>
<bind>
<StgValue><ssdm name="p_ZZN4nnet25conv_2d_buffer_latency_clINS_5arrayI8ap_fixedILi16ELi6EL9ap_q_mode5EL_46"/><MemPortTyVec>2 </MemPortTyVec>
</StgValue>
</bind>
</comp>

<comp id="738" class="1000" name="p_ZZN4nnet25conv_2d_buffer_latency_clINS_5arrayI8ap_fixedILi16ELi6EL9ap_q_mode5EL_14">
<pin_list>
<pin id="739" dir="1" index="0" bw="1" slack="2147483647"/>
</pin_list>
<bind>
<StgValue><ssdm name="p_ZZN4nnet25conv_2d_buffer_latency_clINS_5arrayI8ap_fixedILi16ELi6EL9ap_q_mode5EL_14"/><MemPortTyVec>2 </MemPortTyVec>
</StgValue>
</bind>
</comp>

<comp id="740" class="1000" name="p_ZZN4nnet25conv_2d_buffer_latency_clINS_5arrayI8ap_fixedILi16ELi6EL9ap_q_mode5EL_45">
<pin_list>
<pin id="741" dir="1" index="0" bw="1" slack="2147483647"/>
</pin_list>
<bind>
<StgValue><ssdm name="p_ZZN4nnet25conv_2d_buffer_latency_clINS_5arrayI8ap_fixedILi16ELi6EL9ap_q_mode5EL_45"/><MemPortTyVec>2 </MemPortTyVec>
</StgValue>
</bind>
</comp>

<comp id="742" class="1000" name="p_ZZN4nnet25conv_2d_buffer_latency_clINS_5arrayI8ap_fixedILi16ELi6EL9ap_q_mode5EL_13">
<pin_list>
<pin id="743" dir="1" index="0" bw="1" slack="2147483647"/>
</pin_list>
<bind>
<StgValue><ssdm name="p_ZZN4nnet25conv_2d_buffer_latency_clINS_5arrayI8ap_fixedILi16ELi6EL9ap_q_mode5EL_13"/><MemPortTyVec>2 </MemPortTyVec>
</StgValue>
</bind>
</comp>

<comp id="744" class="1000" name="p_ZZN4nnet25conv_2d_buffer_latency_clINS_5arrayI8ap_fixedILi16ELi6EL9ap_q_mode5EL_44">
<pin_list>
<pin id="745" dir="1" index="0" bw="1" slack="2147483647"/>
</pin_list>
<bind>
<StgValue><ssdm name="p_ZZN4nnet25conv_2d_buffer_latency_clINS_5arrayI8ap_fixedILi16ELi6EL9ap_q_mode5EL_44"/><MemPortTyVec>2 </MemPortTyVec>
</StgValue>
</bind>
</comp>

<comp id="746" class="1000" name="p_ZZN4nnet25conv_2d_buffer_latency_clINS_5arrayI8ap_fixedILi16ELi6EL9ap_q_mode5EL_12">
<pin_list>
<pin id="747" dir="1" index="0" bw="1" slack="2147483647"/>
</pin_list>
<bind>
<StgValue><ssdm name="p_ZZN4nnet25conv_2d_buffer_latency_clINS_5arrayI8ap_fixedILi16ELi6EL9ap_q_mode5EL_12"/><MemPortTyVec>2 </MemPortTyVec>
</StgValue>
</bind>
</comp>

<comp id="748" class="1000" name="p_ZZN4nnet25conv_2d_buffer_latency_clINS_5arrayI8ap_fixedILi16ELi6EL9ap_q_mode5EL_43">
<pin_list>
<pin id="749" dir="1" index="0" bw="1" slack="2147483647"/>
</pin_list>
<bind>
<StgValue><ssdm name="p_ZZN4nnet25conv_2d_buffer_latency_clINS_5arrayI8ap_fixedILi16ELi6EL9ap_q_mode5EL_43"/><MemPortTyVec>2 </MemPortTyVec>
</StgValue>
</bind>
</comp>

<comp id="750" class="1000" name="p_ZZN4nnet25conv_2d_buffer_latency_clINS_5arrayI8ap_fixedILi16ELi6EL9ap_q_mode5EL_11">
<pin_list>
<pin id="751" dir="1" index="0" bw="1" slack="2147483647"/>
</pin_list>
<bind>
<StgValue><ssdm name="p_ZZN4nnet25conv_2d_buffer_latency_clINS_5arrayI8ap_fixedILi16ELi6EL9ap_q_mode5EL_11"/><MemPortTyVec>2 </MemPortTyVec>
</StgValue>
</bind>
</comp>

<comp id="752" class="1000" name="p_ZZN4nnet25conv_2d_buffer_latency_clINS_5arrayI8ap_fixedILi16ELi6EL9ap_q_mode5EL_42">
<pin_list>
<pin id="753" dir="1" index="0" bw="1" slack="2147483647"/>
</pin_list>
<bind>
<StgValue><ssdm name="p_ZZN4nnet25conv_2d_buffer_latency_clINS_5arrayI8ap_fixedILi16ELi6EL9ap_q_mode5EL_42"/><MemPortTyVec>2 </MemPortTyVec>
</StgValue>
</bind>
</comp>

<comp id="754" class="1000" name="p_ZZN4nnet25conv_2d_buffer_latency_clINS_5arrayI8ap_fixedILi16ELi6EL9ap_q_mode5EL_10">
<pin_list>
<pin id="755" dir="1" index="0" bw="1" slack="2147483647"/>
</pin_list>
<bind>
<StgValue><ssdm name="p_ZZN4nnet25conv_2d_buffer_latency_clINS_5arrayI8ap_fixedILi16ELi6EL9ap_q_mode5EL_10"/><MemPortTyVec>2 </MemPortTyVec>
</StgValue>
</bind>
</comp>

<comp id="756" class="1000" name="p_ZZN4nnet25conv_2d_buffer_latency_clINS_5arrayI8ap_fixedILi16ELi6EL9ap_q_mode5EL_41">
<pin_list>
<pin id="757" dir="1" index="0" bw="1" slack="2147483647"/>
</pin_list>
<bind>
<StgValue><ssdm name="p_ZZN4nnet25conv_2d_buffer_latency_clINS_5arrayI8ap_fixedILi16ELi6EL9ap_q_mode5EL_41"/><MemPortTyVec>2 </MemPortTyVec>
</StgValue>
</bind>
</comp>

<comp id="758" class="1000" name="p_ZZN4nnet25conv_2d_buffer_latency_clINS_5arrayI8ap_fixedILi16ELi6EL9ap_q_mode5EL_9">
<pin_list>
<pin id="759" dir="1" index="0" bw="1" slack="2147483647"/>
</pin_list>
<bind>
<StgValue><ssdm name="p_ZZN4nnet25conv_2d_buffer_latency_clINS_5arrayI8ap_fixedILi16ELi6EL9ap_q_mode5EL_9"/><MemPortTyVec>2 </MemPortTyVec>
</StgValue>
</bind>
</comp>

<comp id="760" class="1000" name="p_ZZN4nnet25conv_2d_buffer_latency_clINS_5arrayI8ap_fixedILi16ELi6EL9ap_q_mode5EL_39">
<pin_list>
<pin id="761" dir="1" index="0" bw="1" slack="2147483647"/>
</pin_list>
<bind>
<StgValue><ssdm name="p_ZZN4nnet25conv_2d_buffer_latency_clINS_5arrayI8ap_fixedILi16ELi6EL9ap_q_mode5EL_39"/><MemPortTyVec>2 </MemPortTyVec>
</StgValue>
</bind>
</comp>

<comp id="762" class="1000" name="p_ZZN4nnet25conv_2d_buffer_latency_clINS_5arrayI8ap_fixedILi16ELi6EL9ap_q_mode5EL_7">
<pin_list>
<pin id="763" dir="1" index="0" bw="1" slack="2147483647"/>
</pin_list>
<bind>
<StgValue><ssdm name="p_ZZN4nnet25conv_2d_buffer_latency_clINS_5arrayI8ap_fixedILi16ELi6EL9ap_q_mode5EL_7"/><MemPortTyVec>2 </MemPortTyVec>
</StgValue>
</bind>
</comp>

<comp id="764" class="1000" name="p_ZZN4nnet25conv_2d_buffer_latency_clINS_5arrayI8ap_fixedILi16ELi6EL9ap_q_mode5EL_38">
<pin_list>
<pin id="765" dir="1" index="0" bw="1" slack="2147483647"/>
</pin_list>
<bind>
<StgValue><ssdm name="p_ZZN4nnet25conv_2d_buffer_latency_clINS_5arrayI8ap_fixedILi16ELi6EL9ap_q_mode5EL_38"/><MemPortTyVec>2 </MemPortTyVec>
</StgValue>
</bind>
</comp>

<comp id="766" class="1000" name="p_ZZN4nnet25conv_2d_buffer_latency_clINS_5arrayI8ap_fixedILi16ELi6EL9ap_q_mode5EL_6">
<pin_list>
<pin id="767" dir="1" index="0" bw="1" slack="2147483647"/>
</pin_list>
<bind>
<StgValue><ssdm name="p_ZZN4nnet25conv_2d_buffer_latency_clINS_5arrayI8ap_fixedILi16ELi6EL9ap_q_mode5EL_6"/><MemPortTyVec>2 </MemPortTyVec>
</StgValue>
</bind>
</comp>

<comp id="768" class="1001" name="const_768">
<pin_list>
<pin id="769" dir="1" index="0" bw="1" slack="2147483647"/>
</pin_list>
<bind>
<StgValue><ssdm name="_ssdm_op_SpecPipeline"/></StgValue>
</bind>
</comp>

<comp id="770" class="1001" name="const_770">
<pin_list>
<pin id="771" dir="1" index="0" bw="1" slack="2147483647"/>
</pin_list>
<bind>
<StgValue><ssdm name=""/></StgValue>
</bind>
</comp>

<comp id="772" class="1001" name="const_772">
<pin_list>
<pin id="773" dir="1" index="0" bw="1" slack="2147483647"/>
</pin_list>
<bind>
<StgValue><ssdm name=""/></StgValue>
</bind>
</comp>

<comp id="774" class="1001" name="const_774">
<pin_list>
<pin id="775" dir="1" index="0" bw="1" slack="2147483647"/>
</pin_list>
<bind>
<StgValue><ssdm name="empty_11"/></StgValue>
</bind>
</comp>

<comp id="776" class="1001" name="const_776">
<pin_list>
<pin id="777" dir="1" index="0" bw="1" slack="0"/>
</pin_list>
<bind>
<StgValue><ssdm name="_ssdm_op_Read.ap_auto.i16"/></StgValue>
</bind>
</comp>

<comp id="778" class="1001" name="const_778">
<pin_list>
<pin id="779" dir="1" index="0" bw="1" slack="0"/>
</pin_list>
<bind>
<StgValue><ssdm name="_ssdm_op_MemShiftRead.[13 x i16]P0A"/></StgValue>
</bind>
</comp>

<comp id="780" class="1001" name="const_780">
<pin_list>
<pin id="781" dir="1" index="0" bw="1" slack="0"/>
</pin_list>
<bind>
<StgValue><ssdm name=""/></StgValue>
</bind>
</comp>

<comp id="782" class="1001" name="const_782">
<pin_list>
<pin id="783" dir="1" index="0" bw="1" slack="0"/>
</pin_list>
<bind>
<StgValue><ssdm name=""/></StgValue>
</bind>
</comp>

<comp id="784" class="1001" name="const_784">
<pin_list>
<pin id="785" dir="1" index="0" bw="1" slack="0"/>
</pin_list>
<bind>
<StgValue><ssdm name=""/></StgValue>
</bind>
</comp>

<comp id="786" class="1001" name="const_786">
<pin_list>
<pin id="787" dir="1" index="0" bw="1" slack="0"/>
</pin_list>
<bind>
<StgValue><ssdm name=""/></StgValue>
</bind>
</comp>

<comp id="788" class="1001" name="const_788">
<pin_list>
<pin id="789" dir="1" index="0" bw="1" slack="0"/>
</pin_list>
<bind>
<StgValue><ssdm name=""/></StgValue>
</bind>
</comp>

<comp id="790" class="1001" name="const_790">
<pin_list>
<pin id="791" dir="1" index="0" bw="1" slack="0"/>
</pin_list>
<bind>
<StgValue><ssdm name=""/></StgValue>
</bind>
</comp>

<comp id="792" class="1001" name="const_792">
<pin_list>
<pin id="793" dir="1" index="0" bw="1" slack="0"/>
</pin_list>
<bind>
<StgValue><ssdm name=""/></StgValue>
</bind>
</comp>

<comp id="794" class="1001" name="const_794">
<pin_list>
<pin id="795" dir="1" index="0" bw="1" slack="0"/>
</pin_list>
<bind>
<StgValue><ssdm name=""/></StgValue>
</bind>
</comp>

<comp id="796" class="1001" name="const_796">
<pin_list>
<pin id="797" dir="1" index="0" bw="1" slack="0"/>
</pin_list>
<bind>
<StgValue><ssdm name=""/></StgValue>
</bind>
</comp>

<comp id="798" class="1001" name="const_798">
<pin_list>
<pin id="799" dir="1" index="0" bw="1" slack="0"/>
</pin_list>
<bind>
<StgValue><ssdm name=""/></StgValue>
</bind>
</comp>

<comp id="800" class="1001" name="const_800">
<pin_list>
<pin id="801" dir="1" index="0" bw="1" slack="0"/>
</pin_list>
<bind>
<StgValue><ssdm name=""/></StgValue>
</bind>
</comp>

<comp id="802" class="1001" name="const_802">
<pin_list>
<pin id="803" dir="1" index="0" bw="1" slack="0"/>
</pin_list>
<bind>
<StgValue><ssdm name=""/></StgValue>
</bind>
</comp>

<comp id="804" class="1001" name="const_804">
<pin_list>
<pin id="805" dir="1" index="0" bw="1" slack="0"/>
</pin_list>
<bind>
<StgValue><ssdm name=""/></StgValue>
</bind>
</comp>

<comp id="806" class="1001" name="const_806">
<pin_list>
<pin id="807" dir="1" index="0" bw="1" slack="0"/>
</pin_list>
<bind>
<StgValue><ssdm name=""/></StgValue>
</bind>
</comp>

<comp id="808" class="1001" name="const_808">
<pin_list>
<pin id="809" dir="1" index="0" bw="1" slack="0"/>
</pin_list>
<bind>
<StgValue><ssdm name=""/></StgValue>
</bind>
</comp>

<comp id="810" class="1001" name="const_810">
<pin_list>
<pin id="811" dir="1" index="0" bw="1" slack="0"/>
</pin_list>
<bind>
<StgValue><ssdm name=""/></StgValue>
</bind>
</comp>

<comp id="812" class="1001" name="const_812">
<pin_list>
<pin id="813" dir="1" index="0" bw="1" slack="0"/>
</pin_list>
<bind>
<StgValue><ssdm name=""/></StgValue>
</bind>
</comp>

<comp id="814" class="1001" name="const_814">
<pin_list>
<pin id="815" dir="1" index="0" bw="1" slack="0"/>
</pin_list>
<bind>
<StgValue><ssdm name=""/></StgValue>
</bind>
</comp>

<comp id="816" class="1001" name="const_816">
<pin_list>
<pin id="817" dir="1" index="0" bw="1" slack="0"/>
</pin_list>
<bind>
<StgValue><ssdm name=""/></StgValue>
</bind>
</comp>

<comp id="818" class="1001" name="const_818">
<pin_list>
<pin id="819" dir="1" index="0" bw="1" slack="0"/>
</pin_list>
<bind>
<StgValue><ssdm name=""/></StgValue>
</bind>
</comp>

<comp id="820" class="1001" name="const_820">
<pin_list>
<pin id="821" dir="1" index="0" bw="1" slack="0"/>
</pin_list>
<bind>
<StgValue><ssdm name=""/></StgValue>
</bind>
</comp>

<comp id="822" class="1001" name="const_822">
<pin_list>
<pin id="823" dir="1" index="0" bw="1" slack="0"/>
</pin_list>
<bind>
<StgValue><ssdm name=""/></StgValue>
</bind>
</comp>

<comp id="824" class="1001" name="const_824">
<pin_list>
<pin id="825" dir="1" index="0" bw="1" slack="0"/>
</pin_list>
<bind>
<StgValue><ssdm name=""/></StgValue>
</bind>
</comp>

<comp id="826" class="1001" name="const_826">
<pin_list>
<pin id="827" dir="1" index="0" bw="1" slack="0"/>
</pin_list>
<bind>
<StgValue><ssdm name=""/></StgValue>
</bind>
</comp>

<comp id="828" class="1001" name="const_828">
<pin_list>
<pin id="829" dir="1" index="0" bw="1" slack="0"/>
</pin_list>
<bind>
<StgValue><ssdm name=""/></StgValue>
</bind>
</comp>

<comp id="830" class="1001" name="const_830">
<pin_list>
<pin id="831" dir="1" index="0" bw="1" slack="0"/>
</pin_list>
<bind>
<StgValue><ssdm name=""/></StgValue>
</bind>
</comp>

<comp id="832" class="1001" name="const_832">
<pin_list>
<pin id="833" dir="1" index="0" bw="1" slack="0"/>
</pin_list>
<bind>
<StgValue><ssdm name=""/></StgValue>
</bind>
</comp>

<comp id="834" class="1001" name="const_834">
<pin_list>
<pin id="835" dir="1" index="0" bw="1" slack="0"/>
</pin_list>
<bind>
<StgValue><ssdm name=""/></StgValue>
</bind>
</comp>

<comp id="836" class="1001" name="const_836">
<pin_list>
<pin id="837" dir="1" index="0" bw="1" slack="0"/>
</pin_list>
<bind>
<StgValue><ssdm name=""/></StgValue>
</bind>
</comp>

<comp id="838" class="1001" name="const_838">
<pin_list>
<pin id="839" dir="1" index="0" bw="1" slack="0"/>
</pin_list>
<bind>
<StgValue><ssdm name=""/></StgValue>
</bind>
</comp>

<comp id="840" class="1001" name="const_840">
<pin_list>
<pin id="841" dir="1" index="0" bw="1" slack="0"/>
</pin_list>
<bind>
<StgValue><ssdm name=""/></StgValue>
</bind>
</comp>

<comp id="842" class="1001" name="const_842">
<pin_list>
<pin id="843" dir="1" index="0" bw="1" slack="0"/>
</pin_list>
<bind>
<StgValue><ssdm name=""/></StgValue>
</bind>
</comp>

<comp id="844" class="1001" name="const_844">
<pin_list>
<pin id="845" dir="1" index="0" bw="1" slack="0"/>
</pin_list>
<bind>
<StgValue><ssdm name=""/></StgValue>
</bind>
</comp>

<comp id="846" class="1001" name="const_846">
<pin_list>
<pin id="847" dir="1" index="0" bw="1" slack="0"/>
</pin_list>
<bind>
<StgValue><ssdm name=""/></StgValue>
</bind>
</comp>

<comp id="848" class="1001" name="const_848">
<pin_list>
<pin id="849" dir="1" index="0" bw="1" slack="0"/>
</pin_list>
<bind>
<StgValue><ssdm name=""/></StgValue>
</bind>
</comp>

<comp id="850" class="1001" name="const_850">
<pin_list>
<pin id="851" dir="1" index="0" bw="1" slack="0"/>
</pin_list>
<bind>
<StgValue><ssdm name=""/></StgValue>
</bind>
</comp>

<comp id="852" class="1001" name="const_852">
<pin_list>
<pin id="853" dir="1" index="0" bw="1" slack="0"/>
</pin_list>
<bind>
<StgValue><ssdm name=""/></StgValue>
</bind>
</comp>

<comp id="854" class="1001" name="const_854">
<pin_list>
<pin id="855" dir="1" index="0" bw="1" slack="0"/>
</pin_list>
<bind>
<StgValue><ssdm name=""/></StgValue>
</bind>
</comp>

<comp id="856" class="1001" name="const_856">
<pin_list>
<pin id="857" dir="1" index="0" bw="1" slack="0"/>
</pin_list>
<bind>
<StgValue><ssdm name=""/></StgValue>
</bind>
</comp>

<comp id="858" class="1001" name="const_858">
<pin_list>
<pin id="859" dir="1" index="0" bw="1" slack="0"/>
</pin_list>
<bind>
<StgValue><ssdm name=""/></StgValue>
</bind>
</comp>

<comp id="860" class="1001" name="const_860">
<pin_list>
<pin id="861" dir="1" index="0" bw="1" slack="0"/>
</pin_list>
<bind>
<StgValue><ssdm name=""/></StgValue>
</bind>
</comp>

<comp id="862" class="1001" name="const_862">
<pin_list>
<pin id="863" dir="1" index="0" bw="1" slack="0"/>
</pin_list>
<bind>
<StgValue><ssdm name=""/></StgValue>
</bind>
</comp>

<comp id="864" class="1001" name="const_864">
<pin_list>
<pin id="865" dir="1" index="0" bw="1" slack="0"/>
</pin_list>
<bind>
<StgValue><ssdm name=""/></StgValue>
</bind>
</comp>

<comp id="866" class="1001" name="const_866">
<pin_list>
<pin id="867" dir="1" index="0" bw="1" slack="0"/>
</pin_list>
<bind>
<StgValue><ssdm name=""/></StgValue>
</bind>
</comp>

<comp id="868" class="1001" name="const_868">
<pin_list>
<pin id="869" dir="1" index="0" bw="1" slack="0"/>
</pin_list>
<bind>
<StgValue><ssdm name=""/></StgValue>
</bind>
</comp>

<comp id="870" class="1001" name="const_870">
<pin_list>
<pin id="871" dir="1" index="0" bw="1" slack="0"/>
</pin_list>
<bind>
<StgValue><ssdm name=""/></StgValue>
</bind>
</comp>

<comp id="872" class="1001" name="const_872">
<pin_list>
<pin id="873" dir="1" index="0" bw="1" slack="0"/>
</pin_list>
<bind>
<StgValue><ssdm name=""/></StgValue>
</bind>
</comp>

<comp id="874" class="1001" name="const_874">
<pin_list>
<pin id="875" dir="1" index="0" bw="1" slack="0"/>
</pin_list>
<bind>
<StgValue><ssdm name=""/></StgValue>
</bind>
</comp>

<comp id="876" class="1001" name="const_876">
<pin_list>
<pin id="877" dir="1" index="0" bw="1" slack="0"/>
</pin_list>
<bind>
<StgValue><ssdm name=""/></StgValue>
</bind>
</comp>

<comp id="878" class="1001" name="const_878">
<pin_list>
<pin id="879" dir="1" index="0" bw="1" slack="0"/>
</pin_list>
<bind>
<StgValue><ssdm name=""/></StgValue>
</bind>
</comp>

<comp id="880" class="1001" name="const_880">
<pin_list>
<pin id="881" dir="1" index="0" bw="1" slack="0"/>
</pin_list>
<bind>
<StgValue><ssdm name=""/></StgValue>
</bind>
</comp>

<comp id="882" class="1001" name="const_882">
<pin_list>
<pin id="883" dir="1" index="0" bw="1" slack="0"/>
</pin_list>
<bind>
<StgValue><ssdm name=""/></StgValue>
</bind>
</comp>

<comp id="884" class="1001" name="const_884">
<pin_list>
<pin id="885" dir="1" index="0" bw="1" slack="0"/>
</pin_list>
<bind>
<StgValue><ssdm name=""/></StgValue>
</bind>
</comp>

<comp id="886" class="1001" name="const_886">
<pin_list>
<pin id="887" dir="1" index="0" bw="1" slack="0"/>
</pin_list>
<bind>
<StgValue><ssdm name=""/></StgValue>
</bind>
</comp>

<comp id="888" class="1001" name="const_888">
<pin_list>
<pin id="889" dir="1" index="0" bw="1" slack="0"/>
</pin_list>
<bind>
<StgValue><ssdm name=""/></StgValue>
</bind>
</comp>

<comp id="890" class="1001" name="const_890">
<pin_list>
<pin id="891" dir="1" index="0" bw="1" slack="0"/>
</pin_list>
<bind>
<StgValue><ssdm name=""/></StgValue>
</bind>
</comp>

<comp id="892" class="1001" name="const_892">
<pin_list>
<pin id="893" dir="1" index="0" bw="1" slack="0"/>
</pin_list>
<bind>
<StgValue><ssdm name=""/></StgValue>
</bind>
</comp>

<comp id="894" class="1001" name="const_894">
<pin_list>
<pin id="895" dir="1" index="0" bw="1" slack="0"/>
</pin_list>
<bind>
<StgValue><ssdm name=""/></StgValue>
</bind>
</comp>

<comp id="896" class="1001" name="const_896">
<pin_list>
<pin id="897" dir="1" index="0" bw="1" slack="0"/>
</pin_list>
<bind>
<StgValue><ssdm name=""/></StgValue>
</bind>
</comp>

<comp id="898" class="1001" name="const_898">
<pin_list>
<pin id="899" dir="1" index="0" bw="1" slack="0"/>
</pin_list>
<bind>
<StgValue><ssdm name=""/></StgValue>
</bind>
</comp>

<comp id="900" class="1001" name="const_900">
<pin_list>
<pin id="901" dir="1" index="0" bw="1" slack="0"/>
</pin_list>
<bind>
<StgValue><ssdm name=""/></StgValue>
</bind>
</comp>

<comp id="902" class="1001" name="const_902">
<pin_list>
<pin id="903" dir="1" index="0" bw="1" slack="0"/>
</pin_list>
<bind>
<StgValue><ssdm name=""/></StgValue>
</bind>
</comp>

<comp id="904" class="1001" name="const_904">
<pin_list>
<pin id="905" dir="1" index="0" bw="1" slack="0"/>
</pin_list>
<bind>
<StgValue><ssdm name=""/></StgValue>
</bind>
</comp>

<comp id="906" class="1001" name="const_906">
<pin_list>
<pin id="907" dir="1" index="0" bw="1" slack="0"/>
</pin_list>
<bind>
<StgValue><ssdm name=""/></StgValue>
</bind>
</comp>

<comp id="908" class="1001" name="const_908">
<pin_list>
<pin id="909" dir="1" index="0" bw="1" slack="0"/>
</pin_list>
<bind>
<StgValue><ssdm name=""/></StgValue>
</bind>
</comp>

<comp id="910" class="1004" name="p_read_1_read_fu_910">
<pin_list>
<pin id="911" dir="0" index="0" bw="16" slack="0"/>
<pin id="912" dir="0" index="1" bw="16" slack="0"/>
<pin id="913" dir="1" index="2" bw="16" slack="0"/>
</pin_list>
<bind>
<opcode="read(1150) " fcode="read"/>
<opset="p_read_1/1 "/>
</bind>
</comp>

<comp id="916" class="1004" name="p_read_2_read_fu_916">
<pin_list>
<pin id="917" dir="0" index="0" bw="16" slack="0"/>
<pin id="918" dir="0" index="1" bw="16" slack="0"/>
<pin id="919" dir="1" index="2" bw="16" slack="0"/>
</pin_list>
<bind>
<opcode="read(1150) " fcode="read"/>
<opset="p_read_2/1 "/>
</bind>
</comp>

<comp id="922" class="1004" name="p_read_3_read_fu_922">
<pin_list>
<pin id="923" dir="0" index="0" bw="16" slack="0"/>
<pin id="924" dir="0" index="1" bw="16" slack="0"/>
<pin id="925" dir="1" index="2" bw="16" slack="0"/>
</pin_list>
<bind>
<opcode="read(1150) " fcode="read"/>
<opset="p_read_3/1 "/>
</bind>
</comp>

<comp id="928" class="1004" name="p_read_4_read_fu_928">
<pin_list>
<pin id="929" dir="0" index="0" bw="16" slack="0"/>
<pin id="930" dir="0" index="1" bw="16" slack="0"/>
<pin id="931" dir="1" index="2" bw="16" slack="0"/>
</pin_list>
<bind>
<opcode="read(1150) " fcode="read"/>
<opset="p_read_4/1 "/>
</bind>
</comp>

<comp id="934" class="1004" name="p_read_5_read_fu_934">
<pin_list>
<pin id="935" dir="0" index="0" bw="16" slack="0"/>
<pin id="936" dir="0" index="1" bw="16" slack="0"/>
<pin id="937" dir="1" index="2" bw="16" slack="0"/>
</pin_list>
<bind>
<opcode="read(1150) " fcode="read"/>
<opset="p_read_5/1 "/>
</bind>
</comp>

<comp id="940" class="1004" name="p_read_6_read_fu_940">
<pin_list>
<pin id="941" dir="0" index="0" bw="16" slack="0"/>
<pin id="942" dir="0" index="1" bw="16" slack="0"/>
<pin id="943" dir="1" index="2" bw="16" slack="0"/>
</pin_list>
<bind>
<opcode="read(1150) " fcode="read"/>
<opset="p_read_6/1 "/>
</bind>
</comp>

<comp id="946" class="1004" name="p_read_7_read_fu_946">
<pin_list>
<pin id="947" dir="0" index="0" bw="16" slack="0"/>
<pin id="948" dir="0" index="1" bw="16" slack="0"/>
<pin id="949" dir="1" index="2" bw="16" slack="0"/>
</pin_list>
<bind>
<opcode="read(1150) " fcode="read"/>
<opset="p_read_7/1 "/>
</bind>
</comp>

<comp id="952" class="1004" name="p_read_8_read_fu_952">
<pin_list>
<pin id="953" dir="0" index="0" bw="16" slack="0"/>
<pin id="954" dir="0" index="1" bw="16" slack="0"/>
<pin id="955" dir="1" index="2" bw="16" slack="0"/>
</pin_list>
<bind>
<opcode="read(1150) " fcode="read"/>
<opset="p_read_8/1 "/>
</bind>
</comp>

<comp id="958" class="1004" name="p_read_9_read_fu_958">
<pin_list>
<pin id="959" dir="0" index="0" bw="16" slack="0"/>
<pin id="960" dir="0" index="1" bw="16" slack="0"/>
<pin id="961" dir="1" index="2" bw="16" slack="0"/>
</pin_list>
<bind>
<opcode="read(1150) " fcode="read"/>
<opset="p_read_9/1 "/>
</bind>
</comp>

<comp id="964" class="1004" name="p_read_10_read_fu_964">
<pin_list>
<pin id="965" dir="0" index="0" bw="16" slack="0"/>
<pin id="966" dir="0" index="1" bw="16" slack="0"/>
<pin id="967" dir="1" index="2" bw="16" slack="0"/>
</pin_list>
<bind>
<opcode="read(1150) " fcode="read"/>
<opset="p_read_10/1 "/>
</bind>
</comp>

<comp id="970" class="1004" name="p_read_11_read_fu_970">
<pin_list>
<pin id="971" dir="0" index="0" bw="16" slack="0"/>
<pin id="972" dir="0" index="1" bw="16" slack="0"/>
<pin id="973" dir="1" index="2" bw="16" slack="0"/>
</pin_list>
<bind>
<opcode="read(1150) " fcode="read"/>
<opset="p_read_11/1 "/>
</bind>
</comp>

<comp id="976" class="1004" name="p_read_12_read_fu_976">
<pin_list>
<pin id="977" dir="0" index="0" bw="16" slack="0"/>
<pin id="978" dir="0" index="1" bw="16" slack="0"/>
<pin id="979" dir="1" index="2" bw="16" slack="0"/>
</pin_list>
<bind>
<opcode="read(1150) " fcode="read"/>
<opset="p_read_12/1 "/>
</bind>
</comp>

<comp id="982" class="1004" name="p_read_13_read_fu_982">
<pin_list>
<pin id="983" dir="0" index="0" bw="16" slack="0"/>
<pin id="984" dir="0" index="1" bw="16" slack="0"/>
<pin id="985" dir="1" index="2" bw="16" slack="0"/>
</pin_list>
<bind>
<opcode="read(1150) " fcode="read"/>
<opset="p_read_13/1 "/>
</bind>
</comp>

<comp id="988" class="1004" name="p_read_14_read_fu_988">
<pin_list>
<pin id="989" dir="0" index="0" bw="16" slack="0"/>
<pin id="990" dir="0" index="1" bw="16" slack="0"/>
<pin id="991" dir="1" index="2" bw="16" slack="0"/>
</pin_list>
<bind>
<opcode="read(1150) " fcode="read"/>
<opset="p_read_14/1 "/>
</bind>
</comp>

<comp id="994" class="1004" name="p_read_15_read_fu_994">
<pin_list>
<pin id="995" dir="0" index="0" bw="16" slack="0"/>
<pin id="996" dir="0" index="1" bw="16" slack="0"/>
<pin id="997" dir="1" index="2" bw="16" slack="0"/>
</pin_list>
<bind>
<opcode="read(1150) " fcode="read"/>
<opset="p_read_15/1 "/>
</bind>
</comp>

<comp id="1000" class="1004" name="p_read_16_read_fu_1000">
<pin_list>
<pin id="1001" dir="0" index="0" bw="16" slack="0"/>
<pin id="1002" dir="0" index="1" bw="16" slack="0"/>
<pin id="1003" dir="1" index="2" bw="16" slack="0"/>
</pin_list>
<bind>
<opcode="read(1150) " fcode="read"/>
<opset="p_read_16/1 "/>
</bind>
</comp>

<comp id="1006" class="1004" name="p_read_17_read_fu_1006">
<pin_list>
<pin id="1007" dir="0" index="0" bw="16" slack="0"/>
<pin id="1008" dir="0" index="1" bw="16" slack="0"/>
<pin id="1009" dir="1" index="2" bw="16" slack="0"/>
</pin_list>
<bind>
<opcode="read(1150) " fcode="read"/>
<opset="p_read_17/1 "/>
</bind>
</comp>

<comp id="1012" class="1004" name="p_read_18_read_fu_1012">
<pin_list>
<pin id="1013" dir="0" index="0" bw="16" slack="0"/>
<pin id="1014" dir="0" index="1" bw="16" slack="0"/>
<pin id="1015" dir="1" index="2" bw="16" slack="0"/>
</pin_list>
<bind>
<opcode="read(1150) " fcode="read"/>
<opset="p_read_18/1 "/>
</bind>
</comp>

<comp id="1018" class="1004" name="p_read_19_read_fu_1018">
<pin_list>
<pin id="1019" dir="0" index="0" bw="16" slack="0"/>
<pin id="1020" dir="0" index="1" bw="16" slack="0"/>
<pin id="1021" dir="1" index="2" bw="16" slack="0"/>
</pin_list>
<bind>
<opcode="read(1150) " fcode="read"/>
<opset="p_read_19/1 "/>
</bind>
</comp>

<comp id="1024" class="1004" name="p_read_20_read_fu_1024">
<pin_list>
<pin id="1025" dir="0" index="0" bw="16" slack="0"/>
<pin id="1026" dir="0" index="1" bw="16" slack="0"/>
<pin id="1027" dir="1" index="2" bw="16" slack="0"/>
</pin_list>
<bind>
<opcode="read(1150) " fcode="read"/>
<opset="p_read_20/1 "/>
</bind>
</comp>

<comp id="1030" class="1004" name="p_read_21_read_fu_1030">
<pin_list>
<pin id="1031" dir="0" index="0" bw="16" slack="0"/>
<pin id="1032" dir="0" index="1" bw="16" slack="0"/>
<pin id="1033" dir="1" index="2" bw="16" slack="0"/>
</pin_list>
<bind>
<opcode="read(1150) " fcode="read"/>
<opset="p_read_21/1 "/>
</bind>
</comp>

<comp id="1036" class="1004" name="p_read_22_read_fu_1036">
<pin_list>
<pin id="1037" dir="0" index="0" bw="16" slack="0"/>
<pin id="1038" dir="0" index="1" bw="16" slack="0"/>
<pin id="1039" dir="1" index="2" bw="16" slack="0"/>
</pin_list>
<bind>
<opcode="read(1150) " fcode="read"/>
<opset="p_read_22/1 "/>
</bind>
</comp>

<comp id="1042" class="1004" name="p_read_23_read_fu_1042">
<pin_list>
<pin id="1043" dir="0" index="0" bw="16" slack="0"/>
<pin id="1044" dir="0" index="1" bw="16" slack="0"/>
<pin id="1045" dir="1" index="2" bw="16" slack="0"/>
</pin_list>
<bind>
<opcode="read(1150) " fcode="read"/>
<opset="p_read_23/1 "/>
</bind>
</comp>

<comp id="1048" class="1004" name="p_read_24_read_fu_1048">
<pin_list>
<pin id="1049" dir="0" index="0" bw="16" slack="0"/>
<pin id="1050" dir="0" index="1" bw="16" slack="0"/>
<pin id="1051" dir="1" index="2" bw="16" slack="0"/>
</pin_list>
<bind>
<opcode="read(1150) " fcode="read"/>
<opset="p_read_24/1 "/>
</bind>
</comp>

<comp id="1054" class="1004" name="p_read_25_read_fu_1054">
<pin_list>
<pin id="1055" dir="0" index="0" bw="16" slack="0"/>
<pin id="1056" dir="0" index="1" bw="16" slack="0"/>
<pin id="1057" dir="1" index="2" bw="16" slack="0"/>
</pin_list>
<bind>
<opcode="read(1150) " fcode="read"/>
<opset="p_read_25/1 "/>
</bind>
</comp>

<comp id="1060" class="1004" name="p_read_26_read_fu_1060">
<pin_list>
<pin id="1061" dir="0" index="0" bw="16" slack="0"/>
<pin id="1062" dir="0" index="1" bw="16" slack="0"/>
<pin id="1063" dir="1" index="2" bw="16" slack="0"/>
</pin_list>
<bind>
<opcode="read(1150) " fcode="read"/>
<opset="p_read_26/1 "/>
</bind>
</comp>

<comp id="1066" class="1004" name="p_read_27_read_fu_1066">
<pin_list>
<pin id="1067" dir="0" index="0" bw="16" slack="0"/>
<pin id="1068" dir="0" index="1" bw="16" slack="0"/>
<pin id="1069" dir="1" index="2" bw="16" slack="0"/>
</pin_list>
<bind>
<opcode="read(1150) " fcode="read"/>
<opset="p_read_27/1 "/>
</bind>
</comp>

<comp id="1072" class="1004" name="p_read_28_read_fu_1072">
<pin_list>
<pin id="1073" dir="0" index="0" bw="16" slack="0"/>
<pin id="1074" dir="0" index="1" bw="16" slack="0"/>
<pin id="1075" dir="1" index="2" bw="16" slack="0"/>
</pin_list>
<bind>
<opcode="read(1150) " fcode="read"/>
<opset="p_read_28/1 "/>
</bind>
</comp>

<comp id="1078" class="1004" name="p_read_29_read_fu_1078">
<pin_list>
<pin id="1079" dir="0" index="0" bw="16" slack="0"/>
<pin id="1080" dir="0" index="1" bw="16" slack="0"/>
<pin id="1081" dir="1" index="2" bw="16" slack="0"/>
</pin_list>
<bind>
<opcode="read(1150) " fcode="read"/>
<opset="p_read_29/1 "/>
</bind>
</comp>

<comp id="1084" class="1004" name="p_read_30_read_fu_1084">
<pin_list>
<pin id="1085" dir="0" index="0" bw="16" slack="0"/>
<pin id="1086" dir="0" index="1" bw="16" slack="0"/>
<pin id="1087" dir="1" index="2" bw="16" slack="0"/>
</pin_list>
<bind>
<opcode="read(1150) " fcode="read"/>
<opset="p_read_30/1 "/>
</bind>
</comp>

<comp id="1090" class="1004" name="p_read_31_read_fu_1090">
<pin_list>
<pin id="1091" dir="0" index="0" bw="16" slack="0"/>
<pin id="1092" dir="0" index="1" bw="16" slack="0"/>
<pin id="1093" dir="1" index="2" bw="16" slack="0"/>
</pin_list>
<bind>
<opcode="read(1150) " fcode="read"/>
<opset="p_read_31/1 "/>
</bind>
</comp>

<comp id="1096" class="1004" name="p_read_32_read_fu_1096">
<pin_list>
<pin id="1097" dir="0" index="0" bw="16" slack="0"/>
<pin id="1098" dir="0" index="1" bw="16" slack="0"/>
<pin id="1099" dir="1" index="2" bw="16" slack="0"/>
</pin_list>
<bind>
<opcode="read(1150) " fcode="read"/>
<opset="p_read_32/1 "/>
</bind>
</comp>

<comp id="1102" class="1004" name="p_i_fu_1102">
<pin_list>
<pin id="1103" dir="0" index="0" bw="16" slack="0"/>
<pin id="1104" dir="0" index="1" bw="16" slack="0"/>
<pin id="1105" dir="0" index="2" bw="16" slack="0"/>
<pin id="1106" dir="0" index="3" bw="1" slack="0"/>
<pin id="1107" dir="1" index="4" bw="16" slack="0"/>
</pin_list>
<bind>
<opcode="memshiftread(1195) " fcode="memshiftread"/>
<opset="p_i/1 "/>
</bind>
</comp>

<comp id="1112" class="1004" name="p_1_i_fu_1112">
<pin_list>
<pin id="1113" dir="0" index="0" bw="16" slack="0"/>
<pin id="1114" dir="0" index="1" bw="16" slack="0"/>
<pin id="1115" dir="0" index="2" bw="16" slack="0"/>
<pin id="1116" dir="0" index="3" bw="1" slack="0"/>
<pin id="1117" dir="1" index="4" bw="16" slack="0"/>
</pin_list>
<bind>
<opcode="memshiftread(1195) " fcode="memshiftread"/>
<opset="p_1_i/1 "/>
</bind>
</comp>

<comp id="1122" class="1004" name="p_2_i_fu_1122">
<pin_list>
<pin id="1123" dir="0" index="0" bw="16" slack="0"/>
<pin id="1124" dir="0" index="1" bw="16" slack="0"/>
<pin id="1125" dir="0" index="2" bw="16" slack="0"/>
<pin id="1126" dir="0" index="3" bw="1" slack="0"/>
<pin id="1127" dir="1" index="4" bw="16" slack="0"/>
</pin_list>
<bind>
<opcode="memshiftread(1195) " fcode="memshiftread"/>
<opset="p_2_i/1 "/>
</bind>
</comp>

<comp id="1132" class="1004" name="p_3_i_fu_1132">
<pin_list>
<pin id="1133" dir="0" index="0" bw="16" slack="0"/>
<pin id="1134" dir="0" index="1" bw="16" slack="0"/>
<pin id="1135" dir="0" index="2" bw="16" slack="0"/>
<pin id="1136" dir="0" index="3" bw="1" slack="0"/>
<pin id="1137" dir="1" index="4" bw="16" slack="0"/>
</pin_list>
<bind>
<opcode="memshiftread(1195) " fcode="memshiftread"/>
<opset="p_3_i/1 "/>
</bind>
</comp>

<comp id="1142" class="1004" name="p_4_i_fu_1142">
<pin_list>
<pin id="1143" dir="0" index="0" bw="16" slack="0"/>
<pin id="1144" dir="0" index="1" bw="16" slack="0"/>
<pin id="1145" dir="0" index="2" bw="16" slack="0"/>
<pin id="1146" dir="0" index="3" bw="1" slack="0"/>
<pin id="1147" dir="1" index="4" bw="16" slack="0"/>
</pin_list>
<bind>
<opcode="memshiftread(1195) " fcode="memshiftread"/>
<opset="p_4_i/1 "/>
</bind>
</comp>

<comp id="1152" class="1004" name="p_5_i_fu_1152">
<pin_list>
<pin id="1153" dir="0" index="0" bw="16" slack="0"/>
<pin id="1154" dir="0" index="1" bw="16" slack="0"/>
<pin id="1155" dir="0" index="2" bw="16" slack="0"/>
<pin id="1156" dir="0" index="3" bw="1" slack="0"/>
<pin id="1157" dir="1" index="4" bw="16" slack="0"/>
</pin_list>
<bind>
<opcode="memshiftread(1195) " fcode="memshiftread"/>
<opset="p_5_i/1 "/>
</bind>
</comp>

<comp id="1162" class="1004" name="p_6_i_fu_1162">
<pin_list>
<pin id="1163" dir="0" index="0" bw="16" slack="0"/>
<pin id="1164" dir="0" index="1" bw="16" slack="0"/>
<pin id="1165" dir="0" index="2" bw="16" slack="0"/>
<pin id="1166" dir="0" index="3" bw="1" slack="0"/>
<pin id="1167" dir="1" index="4" bw="16" slack="0"/>
</pin_list>
<bind>
<opcode="memshiftread(1195) " fcode="memshiftread"/>
<opset="p_6_i/1 "/>
</bind>
</comp>

<comp id="1172" class="1004" name="p_7_i_fu_1172">
<pin_list>
<pin id="1173" dir="0" index="0" bw="16" slack="0"/>
<pin id="1174" dir="0" index="1" bw="16" slack="0"/>
<pin id="1175" dir="0" index="2" bw="16" slack="0"/>
<pin id="1176" dir="0" index="3" bw="1" slack="0"/>
<pin id="1177" dir="1" index="4" bw="16" slack="0"/>
</pin_list>
<bind>
<opcode="memshiftread(1195) " fcode="memshiftread"/>
<opset="p_7_i/1 "/>
</bind>
</comp>

<comp id="1182" class="1004" name="p_8_i_fu_1182">
<pin_list>
<pin id="1183" dir="0" index="0" bw="16" slack="0"/>
<pin id="1184" dir="0" index="1" bw="16" slack="0"/>
<pin id="1185" dir="0" index="2" bw="16" slack="0"/>
<pin id="1186" dir="0" index="3" bw="1" slack="0"/>
<pin id="1187" dir="1" index="4" bw="16" slack="0"/>
</pin_list>
<bind>
<opcode="memshiftread(1195) " fcode="memshiftread"/>
<opset="p_8_i/1 "/>
</bind>
</comp>

<comp id="1192" class="1004" name="p_9_i_fu_1192">
<pin_list>
<pin id="1193" dir="0" index="0" bw="16" slack="0"/>
<pin id="1194" dir="0" index="1" bw="16" slack="0"/>
<pin id="1195" dir="0" index="2" bw="16" slack="0"/>
<pin id="1196" dir="0" index="3" bw="1" slack="0"/>
<pin id="1197" dir="1" index="4" bw="16" slack="0"/>
</pin_list>
<bind>
<opcode="memshiftread(1195) " fcode="memshiftread"/>
<opset="p_9_i/1 "/>
</bind>
</comp>

<comp id="1202" class="1004" name="p_10_i_fu_1202">
<pin_list>
<pin id="1203" dir="0" index="0" bw="16" slack="0"/>
<pin id="1204" dir="0" index="1" bw="16" slack="0"/>
<pin id="1205" dir="0" index="2" bw="16" slack="0"/>
<pin id="1206" dir="0" index="3" bw="1" slack="0"/>
<pin id="1207" dir="1" index="4" bw="16" slack="0"/>
</pin_list>
<bind>
<opcode="memshiftread(1195) " fcode="memshiftread"/>
<opset="p_10_i/1 "/>
</bind>
</comp>

<comp id="1212" class="1004" name="p_11_i_fu_1212">
<pin_list>
<pin id="1213" dir="0" index="0" bw="16" slack="0"/>
<pin id="1214" dir="0" index="1" bw="16" slack="0"/>
<pin id="1215" dir="0" index="2" bw="16" slack="0"/>
<pin id="1216" dir="0" index="3" bw="1" slack="0"/>
<pin id="1217" dir="1" index="4" bw="16" slack="0"/>
</pin_list>
<bind>
<opcode="memshiftread(1195) " fcode="memshiftread"/>
<opset="p_11_i/1 "/>
</bind>
</comp>

<comp id="1222" class="1004" name="p_12_i_fu_1222">
<pin_list>
<pin id="1223" dir="0" index="0" bw="16" slack="0"/>
<pin id="1224" dir="0" index="1" bw="16" slack="0"/>
<pin id="1225" dir="0" index="2" bw="16" slack="0"/>
<pin id="1226" dir="0" index="3" bw="1" slack="0"/>
<pin id="1227" dir="1" index="4" bw="16" slack="0"/>
</pin_list>
<bind>
<opcode="memshiftread(1195) " fcode="memshiftread"/>
<opset="p_12_i/1 "/>
</bind>
</comp>

<comp id="1232" class="1004" name="p_13_i_fu_1232">
<pin_list>
<pin id="1233" dir="0" index="0" bw="16" slack="0"/>
<pin id="1234" dir="0" index="1" bw="16" slack="0"/>
<pin id="1235" dir="0" index="2" bw="16" slack="0"/>
<pin id="1236" dir="0" index="3" bw="1" slack="0"/>
<pin id="1237" dir="1" index="4" bw="16" slack="0"/>
</pin_list>
<bind>
<opcode="memshiftread(1195) " fcode="memshiftread"/>
<opset="p_13_i/1 "/>
</bind>
</comp>

<comp id="1242" class="1004" name="p_14_i_fu_1242">
<pin_list>
<pin id="1243" dir="0" index="0" bw="16" slack="0"/>
<pin id="1244" dir="0" index="1" bw="16" slack="0"/>
<pin id="1245" dir="0" index="2" bw="16" slack="0"/>
<pin id="1246" dir="0" index="3" bw="1" slack="0"/>
<pin id="1247" dir="1" index="4" bw="16" slack="0"/>
</pin_list>
<bind>
<opcode="memshiftread(1195) " fcode="memshiftread"/>
<opset="p_14_i/1 "/>
</bind>
</comp>

<comp id="1252" class="1004" name="p_15_i_fu_1252">
<pin_list>
<pin id="1253" dir="0" index="0" bw="16" slack="0"/>
<pin id="1254" dir="0" index="1" bw="16" slack="0"/>
<pin id="1255" dir="0" index="2" bw="16" slack="0"/>
<pin id="1256" dir="0" index="3" bw="1" slack="0"/>
<pin id="1257" dir="1" index="4" bw="16" slack="0"/>
</pin_list>
<bind>
<opcode="memshiftread(1195) " fcode="memshiftread"/>
<opset="p_15_i/1 "/>
</bind>
</comp>

<comp id="1262" class="1004" name="p_16_i_fu_1262">
<pin_list>
<pin id="1263" dir="0" index="0" bw="16" slack="0"/>
<pin id="1264" dir="0" index="1" bw="16" slack="0"/>
<pin id="1265" dir="0" index="2" bw="16" slack="0"/>
<pin id="1266" dir="0" index="3" bw="1" slack="0"/>
<pin id="1267" dir="1" index="4" bw="16" slack="0"/>
</pin_list>
<bind>
<opcode="memshiftread(1195) " fcode="memshiftread"/>
<opset="p_16_i/1 "/>
</bind>
</comp>

<comp id="1272" class="1004" name="p_17_i_fu_1272">
<pin_list>
<pin id="1273" dir="0" index="0" bw="16" slack="0"/>
<pin id="1274" dir="0" index="1" bw="16" slack="0"/>
<pin id="1275" dir="0" index="2" bw="16" slack="0"/>
<pin id="1276" dir="0" index="3" bw="1" slack="0"/>
<pin id="1277" dir="1" index="4" bw="16" slack="0"/>
</pin_list>
<bind>
<opcode="memshiftread(1195) " fcode="memshiftread"/>
<opset="p_17_i/1 "/>
</bind>
</comp>

<comp id="1282" class="1004" name="p_18_i_fu_1282">
<pin_list>
<pin id="1283" dir="0" index="0" bw="16" slack="0"/>
<pin id="1284" dir="0" index="1" bw="16" slack="0"/>
<pin id="1285" dir="0" index="2" bw="16" slack="0"/>
<pin id="1286" dir="0" index="3" bw="1" slack="0"/>
<pin id="1287" dir="1" index="4" bw="16" slack="0"/>
</pin_list>
<bind>
<opcode="memshiftread(1195) " fcode="memshiftread"/>
<opset="p_18_i/1 "/>
</bind>
</comp>

<comp id="1292" class="1004" name="p_19_i_fu_1292">
<pin_list>
<pin id="1293" dir="0" index="0" bw="16" slack="0"/>
<pin id="1294" dir="0" index="1" bw="16" slack="0"/>
<pin id="1295" dir="0" index="2" bw="16" slack="0"/>
<pin id="1296" dir="0" index="3" bw="1" slack="0"/>
<pin id="1297" dir="1" index="4" bw="16" slack="0"/>
</pin_list>
<bind>
<opcode="memshiftread(1195) " fcode="memshiftread"/>
<opset="p_19_i/1 "/>
</bind>
</comp>

<comp id="1302" class="1004" name="p_20_i_fu_1302">
<pin_list>
<pin id="1303" dir="0" index="0" bw="16" slack="0"/>
<pin id="1304" dir="0" index="1" bw="16" slack="0"/>
<pin id="1305" dir="0" index="2" bw="16" slack="0"/>
<pin id="1306" dir="0" index="3" bw="1" slack="0"/>
<pin id="1307" dir="1" index="4" bw="16" slack="0"/>
</pin_list>
<bind>
<opcode="memshiftread(1195) " fcode="memshiftread"/>
<opset="p_20_i/1 "/>
</bind>
</comp>

<comp id="1312" class="1004" name="p_21_i_fu_1312">
<pin_list>
<pin id="1313" dir="0" index="0" bw="16" slack="0"/>
<pin id="1314" dir="0" index="1" bw="16" slack="0"/>
<pin id="1315" dir="0" index="2" bw="16" slack="0"/>
<pin id="1316" dir="0" index="3" bw="1" slack="0"/>
<pin id="1317" dir="1" index="4" bw="16" slack="0"/>
</pin_list>
<bind>
<opcode="memshiftread(1195) " fcode="memshiftread"/>
<opset="p_21_i/1 "/>
</bind>
</comp>

<comp id="1322" class="1004" name="p_22_i_fu_1322">
<pin_list>
<pin id="1323" dir="0" index="0" bw="16" slack="0"/>
<pin id="1324" dir="0" index="1" bw="16" slack="0"/>
<pin id="1325" dir="0" index="2" bw="16" slack="0"/>
<pin id="1326" dir="0" index="3" bw="1" slack="0"/>
<pin id="1327" dir="1" index="4" bw="16" slack="0"/>
</pin_list>
<bind>
<opcode="memshiftread(1195) " fcode="memshiftread"/>
<opset="p_22_i/1 "/>
</bind>
</comp>

<comp id="1332" class="1004" name="p_23_i_fu_1332">
<pin_list>
<pin id="1333" dir="0" index="0" bw="16" slack="0"/>
<pin id="1334" dir="0" index="1" bw="16" slack="0"/>
<pin id="1335" dir="0" index="2" bw="16" slack="0"/>
<pin id="1336" dir="0" index="3" bw="1" slack="0"/>
<pin id="1337" dir="1" index="4" bw="16" slack="0"/>
</pin_list>
<bind>
<opcode="memshiftread(1195) " fcode="memshiftread"/>
<opset="p_23_i/1 "/>
</bind>
</comp>

<comp id="1342" class="1004" name="p_24_i_fu_1342">
<pin_list>
<pin id="1343" dir="0" index="0" bw="16" slack="0"/>
<pin id="1344" dir="0" index="1" bw="16" slack="0"/>
<pin id="1345" dir="0" index="2" bw="16" slack="0"/>
<pin id="1346" dir="0" index="3" bw="1" slack="0"/>
<pin id="1347" dir="1" index="4" bw="16" slack="0"/>
</pin_list>
<bind>
<opcode="memshiftread(1195) " fcode="memshiftread"/>
<opset="p_24_i/1 "/>
</bind>
</comp>

<comp id="1352" class="1004" name="p_25_i_fu_1352">
<pin_list>
<pin id="1353" dir="0" index="0" bw="16" slack="0"/>
<pin id="1354" dir="0" index="1" bw="16" slack="0"/>
<pin id="1355" dir="0" index="2" bw="16" slack="0"/>
<pin id="1356" dir="0" index="3" bw="1" slack="0"/>
<pin id="1357" dir="1" index="4" bw="16" slack="0"/>
</pin_list>
<bind>
<opcode="memshiftread(1195) " fcode="memshiftread"/>
<opset="p_25_i/1 "/>
</bind>
</comp>

<comp id="1362" class="1004" name="p_26_i_fu_1362">
<pin_list>
<pin id="1363" dir="0" index="0" bw="16" slack="0"/>
<pin id="1364" dir="0" index="1" bw="16" slack="0"/>
<pin id="1365" dir="0" index="2" bw="16" slack="0"/>
<pin id="1366" dir="0" index="3" bw="1" slack="0"/>
<pin id="1367" dir="1" index="4" bw="16" slack="0"/>
</pin_list>
<bind>
<opcode="memshiftread(1195) " fcode="memshiftread"/>
<opset="p_26_i/1 "/>
</bind>
</comp>

<comp id="1372" class="1004" name="p_27_i_fu_1372">
<pin_list>
<pin id="1373" dir="0" index="0" bw="16" slack="0"/>
<pin id="1374" dir="0" index="1" bw="16" slack="0"/>
<pin id="1375" dir="0" index="2" bw="16" slack="0"/>
<pin id="1376" dir="0" index="3" bw="1" slack="0"/>
<pin id="1377" dir="1" index="4" bw="16" slack="0"/>
</pin_list>
<bind>
<opcode="memshiftread(1195) " fcode="memshiftread"/>
<opset="p_27_i/1 "/>
</bind>
</comp>

<comp id="1382" class="1004" name="p_28_i_fu_1382">
<pin_list>
<pin id="1383" dir="0" index="0" bw="16" slack="0"/>
<pin id="1384" dir="0" index="1" bw="16" slack="0"/>
<pin id="1385" dir="0" index="2" bw="16" slack="0"/>
<pin id="1386" dir="0" index="3" bw="1" slack="0"/>
<pin id="1387" dir="1" index="4" bw="16" slack="0"/>
</pin_list>
<bind>
<opcode="memshiftread(1195) " fcode="memshiftread"/>
<opset="p_28_i/1 "/>
</bind>
</comp>

<comp id="1392" class="1004" name="p_29_i_fu_1392">
<pin_list>
<pin id="1393" dir="0" index="0" bw="16" slack="0"/>
<pin id="1394" dir="0" index="1" bw="16" slack="0"/>
<pin id="1395" dir="0" index="2" bw="16" slack="0"/>
<pin id="1396" dir="0" index="3" bw="1" slack="0"/>
<pin id="1397" dir="1" index="4" bw="16" slack="0"/>
</pin_list>
<bind>
<opcode="memshiftread(1195) " fcode="memshiftread"/>
<opset="p_29_i/1 "/>
</bind>
</comp>

<comp id="1402" class="1004" name="p_30_i_fu_1402">
<pin_list>
<pin id="1403" dir="0" index="0" bw="16" slack="0"/>
<pin id="1404" dir="0" index="1" bw="16" slack="0"/>
<pin id="1405" dir="0" index="2" bw="16" slack="0"/>
<pin id="1406" dir="0" index="3" bw="1" slack="0"/>
<pin id="1407" dir="1" index="4" bw="16" slack="0"/>
</pin_list>
<bind>
<opcode="memshiftread(1195) " fcode="memshiftread"/>
<opset="p_30_i/1 "/>
</bind>
</comp>

<comp id="1412" class="1004" name="p_31_i_fu_1412">
<pin_list>
<pin id="1413" dir="0" index="0" bw="16" slack="0"/>
<pin id="1414" dir="0" index="1" bw="16" slack="0"/>
<pin id="1415" dir="0" index="2" bw="16" slack="0"/>
<pin id="1416" dir="0" index="3" bw="1" slack="0"/>
<pin id="1417" dir="1" index="4" bw="16" slack="0"/>
</pin_list>
<bind>
<opcode="memshiftread(1195) " fcode="memshiftread"/>
<opset="p_31_i/1 "/>
</bind>
</comp>

<comp id="1422" class="1004" name="p_32_i_fu_1422">
<pin_list>
<pin id="1423" dir="0" index="0" bw="16" slack="0"/>
<pin id="1424" dir="0" index="1" bw="16" slack="0"/>
<pin id="1425" dir="0" index="2" bw="16" slack="0"/>
<pin id="1426" dir="0" index="3" bw="1" slack="0"/>
<pin id="1427" dir="1" index="4" bw="16" slack="0"/>
</pin_list>
<bind>
<opcode="memshiftread(1195) " fcode="memshiftread"/>
<opset="p_32_i/1 "/>
</bind>
</comp>

<comp id="1432" class="1004" name="p_33_i_fu_1432">
<pin_list>
<pin id="1433" dir="0" index="0" bw="16" slack="0"/>
<pin id="1434" dir="0" index="1" bw="16" slack="0"/>
<pin id="1435" dir="0" index="2" bw="16" slack="0"/>
<pin id="1436" dir="0" index="3" bw="1" slack="0"/>
<pin id="1437" dir="1" index="4" bw="16" slack="0"/>
</pin_list>
<bind>
<opcode="memshiftread(1195) " fcode="memshiftread"/>
<opset="p_33_i/1 "/>
</bind>
</comp>

<comp id="1442" class="1004" name="p_34_i_fu_1442">
<pin_list>
<pin id="1443" dir="0" index="0" bw="16" slack="0"/>
<pin id="1444" dir="0" index="1" bw="16" slack="0"/>
<pin id="1445" dir="0" index="2" bw="16" slack="0"/>
<pin id="1446" dir="0" index="3" bw="1" slack="0"/>
<pin id="1447" dir="1" index="4" bw="16" slack="0"/>
</pin_list>
<bind>
<opcode="memshiftread(1195) " fcode="memshiftread"/>
<opset="p_34_i/1 "/>
</bind>
</comp>

<comp id="1452" class="1004" name="p_35_i_fu_1452">
<pin_list>
<pin id="1453" dir="0" index="0" bw="16" slack="0"/>
<pin id="1454" dir="0" index="1" bw="16" slack="0"/>
<pin id="1455" dir="0" index="2" bw="16" slack="0"/>
<pin id="1456" dir="0" index="3" bw="1" slack="0"/>
<pin id="1457" dir="1" index="4" bw="16" slack="0"/>
</pin_list>
<bind>
<opcode="memshiftread(1195) " fcode="memshiftread"/>
<opset="p_35_i/1 "/>
</bind>
</comp>

<comp id="1462" class="1004" name="p_36_i_fu_1462">
<pin_list>
<pin id="1463" dir="0" index="0" bw="16" slack="0"/>
<pin id="1464" dir="0" index="1" bw="16" slack="0"/>
<pin id="1465" dir="0" index="2" bw="16" slack="0"/>
<pin id="1466" dir="0" index="3" bw="1" slack="0"/>
<pin id="1467" dir="1" index="4" bw="16" slack="0"/>
</pin_list>
<bind>
<opcode="memshiftread(1195) " fcode="memshiftread"/>
<opset="p_36_i/1 "/>
</bind>
</comp>

<comp id="1472" class="1004" name="p_37_i_fu_1472">
<pin_list>
<pin id="1473" dir="0" index="0" bw="16" slack="0"/>
<pin id="1474" dir="0" index="1" bw="16" slack="0"/>
<pin id="1475" dir="0" index="2" bw="16" slack="0"/>
<pin id="1476" dir="0" index="3" bw="1" slack="0"/>
<pin id="1477" dir="1" index="4" bw="16" slack="0"/>
</pin_list>
<bind>
<opcode="memshiftread(1195) " fcode="memshiftread"/>
<opset="p_37_i/1 "/>
</bind>
</comp>

<comp id="1482" class="1004" name="p_38_i_fu_1482">
<pin_list>
<pin id="1483" dir="0" index="0" bw="16" slack="0"/>
<pin id="1484" dir="0" index="1" bw="16" slack="0"/>
<pin id="1485" dir="0" index="2" bw="16" slack="0"/>
<pin id="1486" dir="0" index="3" bw="1" slack="0"/>
<pin id="1487" dir="1" index="4" bw="16" slack="0"/>
</pin_list>
<bind>
<opcode="memshiftread(1195) " fcode="memshiftread"/>
<opset="p_38_i/1 "/>
</bind>
</comp>

<comp id="1492" class="1004" name="p_39_i_fu_1492">
<pin_list>
<pin id="1493" dir="0" index="0" bw="16" slack="0"/>
<pin id="1494" dir="0" index="1" bw="16" slack="0"/>
<pin id="1495" dir="0" index="2" bw="16" slack="0"/>
<pin id="1496" dir="0" index="3" bw="1" slack="0"/>
<pin id="1497" dir="1" index="4" bw="16" slack="0"/>
</pin_list>
<bind>
<opcode="memshiftread(1195) " fcode="memshiftread"/>
<opset="p_39_i/1 "/>
</bind>
</comp>

<comp id="1502" class="1004" name="p_40_i_fu_1502">
<pin_list>
<pin id="1503" dir="0" index="0" bw="16" slack="0"/>
<pin id="1504" dir="0" index="1" bw="16" slack="0"/>
<pin id="1505" dir="0" index="2" bw="16" slack="0"/>
<pin id="1506" dir="0" index="3" bw="1" slack="0"/>
<pin id="1507" dir="1" index="4" bw="16" slack="0"/>
</pin_list>
<bind>
<opcode="memshiftread(1195) " fcode="memshiftread"/>
<opset="p_40_i/1 "/>
</bind>
</comp>

<comp id="1512" class="1004" name="p_41_i_fu_1512">
<pin_list>
<pin id="1513" dir="0" index="0" bw="16" slack="0"/>
<pin id="1514" dir="0" index="1" bw="16" slack="0"/>
<pin id="1515" dir="0" index="2" bw="16" slack="0"/>
<pin id="1516" dir="0" index="3" bw="1" slack="0"/>
<pin id="1517" dir="1" index="4" bw="16" slack="0"/>
</pin_list>
<bind>
<opcode="memshiftread(1195) " fcode="memshiftread"/>
<opset="p_41_i/1 "/>
</bind>
</comp>

<comp id="1522" class="1004" name="p_42_i_fu_1522">
<pin_list>
<pin id="1523" dir="0" index="0" bw="16" slack="0"/>
<pin id="1524" dir="0" index="1" bw="16" slack="0"/>
<pin id="1525" dir="0" index="2" bw="16" slack="0"/>
<pin id="1526" dir="0" index="3" bw="1" slack="0"/>
<pin id="1527" dir="1" index="4" bw="16" slack="0"/>
</pin_list>
<bind>
<opcode="memshiftread(1195) " fcode="memshiftread"/>
<opset="p_42_i/1 "/>
</bind>
</comp>

<comp id="1532" class="1004" name="p_43_i_fu_1532">
<pin_list>
<pin id="1533" dir="0" index="0" bw="16" slack="0"/>
<pin id="1534" dir="0" index="1" bw="16" slack="0"/>
<pin id="1535" dir="0" index="2" bw="16" slack="0"/>
<pin id="1536" dir="0" index="3" bw="1" slack="0"/>
<pin id="1537" dir="1" index="4" bw="16" slack="0"/>
</pin_list>
<bind>
<opcode="memshiftread(1195) " fcode="memshiftread"/>
<opset="p_43_i/1 "/>
</bind>
</comp>

<comp id="1542" class="1004" name="p_44_i_fu_1542">
<pin_list>
<pin id="1543" dir="0" index="0" bw="16" slack="0"/>
<pin id="1544" dir="0" index="1" bw="16" slack="0"/>
<pin id="1545" dir="0" index="2" bw="16" slack="0"/>
<pin id="1546" dir="0" index="3" bw="1" slack="0"/>
<pin id="1547" dir="1" index="4" bw="16" slack="0"/>
</pin_list>
<bind>
<opcode="memshiftread(1195) " fcode="memshiftread"/>
<opset="p_44_i/1 "/>
</bind>
</comp>

<comp id="1552" class="1004" name="p_45_i_fu_1552">
<pin_list>
<pin id="1553" dir="0" index="0" bw="16" slack="0"/>
<pin id="1554" dir="0" index="1" bw="16" slack="0"/>
<pin id="1555" dir="0" index="2" bw="16" slack="0"/>
<pin id="1556" dir="0" index="3" bw="1" slack="0"/>
<pin id="1557" dir="1" index="4" bw="16" slack="0"/>
</pin_list>
<bind>
<opcode="memshiftread(1195) " fcode="memshiftread"/>
<opset="p_45_i/1 "/>
</bind>
</comp>

<comp id="1562" class="1004" name="p_46_i_fu_1562">
<pin_list>
<pin id="1563" dir="0" index="0" bw="16" slack="0"/>
<pin id="1564" dir="0" index="1" bw="16" slack="0"/>
<pin id="1565" dir="0" index="2" bw="16" slack="0"/>
<pin id="1566" dir="0" index="3" bw="1" slack="0"/>
<pin id="1567" dir="1" index="4" bw="16" slack="0"/>
</pin_list>
<bind>
<opcode="memshiftread(1195) " fcode="memshiftread"/>
<opset="p_46_i/1 "/>
</bind>
</comp>

<comp id="1572" class="1004" name="p_47_i_fu_1572">
<pin_list>
<pin id="1573" dir="0" index="0" bw="16" slack="0"/>
<pin id="1574" dir="0" index="1" bw="16" slack="0"/>
<pin id="1575" dir="0" index="2" bw="16" slack="0"/>
<pin id="1576" dir="0" index="3" bw="1" slack="0"/>
<pin id="1577" dir="1" index="4" bw="16" slack="0"/>
</pin_list>
<bind>
<opcode="memshiftread(1195) " fcode="memshiftread"/>
<opset="p_47_i/1 "/>
</bind>
</comp>

<comp id="1582" class="1004" name="p_48_i_fu_1582">
<pin_list>
<pin id="1583" dir="0" index="0" bw="16" slack="0"/>
<pin id="1584" dir="0" index="1" bw="16" slack="0"/>
<pin id="1585" dir="0" index="2" bw="16" slack="0"/>
<pin id="1586" dir="0" index="3" bw="1" slack="0"/>
<pin id="1587" dir="1" index="4" bw="16" slack="0"/>
</pin_list>
<bind>
<opcode="memshiftread(1195) " fcode="memshiftread"/>
<opset="p_48_i/1 "/>
</bind>
</comp>

<comp id="1592" class="1004" name="p_49_i_fu_1592">
<pin_list>
<pin id="1593" dir="0" index="0" bw="16" slack="0"/>
<pin id="1594" dir="0" index="1" bw="16" slack="0"/>
<pin id="1595" dir="0" index="2" bw="16" slack="0"/>
<pin id="1596" dir="0" index="3" bw="1" slack="0"/>
<pin id="1597" dir="1" index="4" bw="16" slack="0"/>
</pin_list>
<bind>
<opcode="memshiftread(1195) " fcode="memshiftread"/>
<opset="p_49_i/1 "/>
</bind>
</comp>

<comp id="1602" class="1004" name="p_50_i_fu_1602">
<pin_list>
<pin id="1603" dir="0" index="0" bw="16" slack="0"/>
<pin id="1604" dir="0" index="1" bw="16" slack="0"/>
<pin id="1605" dir="0" index="2" bw="16" slack="0"/>
<pin id="1606" dir="0" index="3" bw="1" slack="0"/>
<pin id="1607" dir="1" index="4" bw="16" slack="0"/>
</pin_list>
<bind>
<opcode="memshiftread(1195) " fcode="memshiftread"/>
<opset="p_50_i/1 "/>
</bind>
</comp>

<comp id="1612" class="1004" name="p_51_i_fu_1612">
<pin_list>
<pin id="1613" dir="0" index="0" bw="16" slack="0"/>
<pin id="1614" dir="0" index="1" bw="16" slack="0"/>
<pin id="1615" dir="0" index="2" bw="16" slack="0"/>
<pin id="1616" dir="0" index="3" bw="1" slack="0"/>
<pin id="1617" dir="1" index="4" bw="16" slack="0"/>
</pin_list>
<bind>
<opcode="memshiftread(1195) " fcode="memshiftread"/>
<opset="p_51_i/1 "/>
</bind>
</comp>

<comp id="1622" class="1004" name="p_52_i_fu_1622">
<pin_list>
<pin id="1623" dir="0" index="0" bw="16" slack="0"/>
<pin id="1624" dir="0" index="1" bw="16" slack="0"/>
<pin id="1625" dir="0" index="2" bw="16" slack="0"/>
<pin id="1626" dir="0" index="3" bw="1" slack="0"/>
<pin id="1627" dir="1" index="4" bw="16" slack="0"/>
</pin_list>
<bind>
<opcode="memshiftread(1195) " fcode="memshiftread"/>
<opset="p_52_i/1 "/>
</bind>
</comp>

<comp id="1632" class="1004" name="p_53_i_fu_1632">
<pin_list>
<pin id="1633" dir="0" index="0" bw="16" slack="0"/>
<pin id="1634" dir="0" index="1" bw="16" slack="0"/>
<pin id="1635" dir="0" index="2" bw="16" slack="0"/>
<pin id="1636" dir="0" index="3" bw="1" slack="0"/>
<pin id="1637" dir="1" index="4" bw="16" slack="0"/>
</pin_list>
<bind>
<opcode="memshiftread(1195) " fcode="memshiftread"/>
<opset="p_53_i/1 "/>
</bind>
</comp>

<comp id="1642" class="1004" name="p_54_i_fu_1642">
<pin_list>
<pin id="1643" dir="0" index="0" bw="16" slack="0"/>
<pin id="1644" dir="0" index="1" bw="16" slack="0"/>
<pin id="1645" dir="0" index="2" bw="16" slack="0"/>
<pin id="1646" dir="0" index="3" bw="1" slack="0"/>
<pin id="1647" dir="1" index="4" bw="16" slack="0"/>
</pin_list>
<bind>
<opcode="memshiftread(1195) " fcode="memshiftread"/>
<opset="p_54_i/1 "/>
</bind>
</comp>

<comp id="1652" class="1004" name="p_55_i_fu_1652">
<pin_list>
<pin id="1653" dir="0" index="0" bw="16" slack="0"/>
<pin id="1654" dir="0" index="1" bw="16" slack="0"/>
<pin id="1655" dir="0" index="2" bw="16" slack="0"/>
<pin id="1656" dir="0" index="3" bw="1" slack="0"/>
<pin id="1657" dir="1" index="4" bw="16" slack="0"/>
</pin_list>
<bind>
<opcode="memshiftread(1195) " fcode="memshiftread"/>
<opset="p_55_i/1 "/>
</bind>
</comp>

<comp id="1662" class="1004" name="p_56_i_fu_1662">
<pin_list>
<pin id="1663" dir="0" index="0" bw="16" slack="0"/>
<pin id="1664" dir="0" index="1" bw="16" slack="0"/>
<pin id="1665" dir="0" index="2" bw="16" slack="0"/>
<pin id="1666" dir="0" index="3" bw="1" slack="0"/>
<pin id="1667" dir="1" index="4" bw="16" slack="0"/>
</pin_list>
<bind>
<opcode="memshiftread(1195) " fcode="memshiftread"/>
<opset="p_56_i/1 "/>
</bind>
</comp>

<comp id="1672" class="1004" name="p_57_i_fu_1672">
<pin_list>
<pin id="1673" dir="0" index="0" bw="16" slack="0"/>
<pin id="1674" dir="0" index="1" bw="16" slack="0"/>
<pin id="1675" dir="0" index="2" bw="16" slack="0"/>
<pin id="1676" dir="0" index="3" bw="1" slack="0"/>
<pin id="1677" dir="1" index="4" bw="16" slack="0"/>
</pin_list>
<bind>
<opcode="memshiftread(1195) " fcode="memshiftread"/>
<opset="p_57_i/1 "/>
</bind>
</comp>

<comp id="1682" class="1004" name="p_58_i_fu_1682">
<pin_list>
<pin id="1683" dir="0" index="0" bw="16" slack="0"/>
<pin id="1684" dir="0" index="1" bw="16" slack="0"/>
<pin id="1685" dir="0" index="2" bw="16" slack="0"/>
<pin id="1686" dir="0" index="3" bw="1" slack="0"/>
<pin id="1687" dir="1" index="4" bw="16" slack="0"/>
</pin_list>
<bind>
<opcode="memshiftread(1195) " fcode="memshiftread"/>
<opset="p_58_i/1 "/>
</bind>
</comp>

<comp id="1692" class="1004" name="p_59_i_fu_1692">
<pin_list>
<pin id="1693" dir="0" index="0" bw="16" slack="0"/>
<pin id="1694" dir="0" index="1" bw="16" slack="0"/>
<pin id="1695" dir="0" index="2" bw="16" slack="0"/>
<pin id="1696" dir="0" index="3" bw="1" slack="0"/>
<pin id="1697" dir="1" index="4" bw="16" slack="0"/>
</pin_list>
<bind>
<opcode="memshiftread(1195) " fcode="memshiftread"/>
<opset="p_59_i/1 "/>
</bind>
</comp>

<comp id="1702" class="1004" name="p_60_i_fu_1702">
<pin_list>
<pin id="1703" dir="0" index="0" bw="16" slack="0"/>
<pin id="1704" dir="0" index="1" bw="16" slack="0"/>
<pin id="1705" dir="0" index="2" bw="16" slack="0"/>
<pin id="1706" dir="0" index="3" bw="1" slack="0"/>
<pin id="1707" dir="1" index="4" bw="16" slack="0"/>
</pin_list>
<bind>
<opcode="memshiftread(1195) " fcode="memshiftread"/>
<opset="p_60_i/1 "/>
</bind>
</comp>

<comp id="1712" class="1004" name="p_61_i_fu_1712">
<pin_list>
<pin id="1713" dir="0" index="0" bw="16" slack="0"/>
<pin id="1714" dir="0" index="1" bw="16" slack="0"/>
<pin id="1715" dir="0" index="2" bw="16" slack="0"/>
<pin id="1716" dir="0" index="3" bw="1" slack="0"/>
<pin id="1717" dir="1" index="4" bw="16" slack="0"/>
</pin_list>
<bind>
<opcode="memshiftread(1195) " fcode="memshiftread"/>
<opset="p_61_i/1 "/>
</bind>
</comp>

<comp id="1722" class="1004" name="p_62_i_fu_1722">
<pin_list>
<pin id="1723" dir="0" index="0" bw="16" slack="0"/>
<pin id="1724" dir="0" index="1" bw="16" slack="0"/>
<pin id="1725" dir="0" index="2" bw="16" slack="0"/>
<pin id="1726" dir="0" index="3" bw="1" slack="0"/>
<pin id="1727" dir="1" index="4" bw="16" slack="0"/>
</pin_list>
<bind>
<opcode="memshiftread(1195) " fcode="memshiftread"/>
<opset="p_62_i/1 "/>
</bind>
</comp>

<comp id="1732" class="1004" name="p_0_i_fu_1732">
<pin_list>
<pin id="1733" dir="0" index="0" bw="16" slack="0"/>
<pin id="1734" dir="0" index="1" bw="16" slack="0"/>
<pin id="1735" dir="0" index="2" bw="16" slack="0"/>
<pin id="1736" dir="0" index="3" bw="1" slack="0"/>
<pin id="1737" dir="1" index="4" bw="16" slack="0"/>
</pin_list>
<bind>
<opcode="memshiftread(1195) " fcode="memshiftread"/>
<opset="p_0_i/1 "/>
</bind>
</comp>

<comp id="1742" class="1004" name="p_ZZN4nnet24compute_output_buffer_2dINS_5arrayI8ap_fixedILi16ELi6EL9ap_q_mode5EL9_455_load_fu_1742">
<pin_list>
<pin id="1743" dir="0" index="0" bw="16" slack="0"/>
<pin id="1744" dir="1" index="1" bw="16" slack="0"/>
</pin_list>
<bind>
<opcode="load(27) " fcode="load"/>
<opset="p_ZZN4nnet24compute_output_buffer_2dINS_5arrayI8ap_fixedILi16ELi6EL9ap_q_mode5EL9_455/1 "/>
</bind>
</comp>

<comp id="1746" class="1004" name="store_ln196_store_fu_1746">
<pin_list>
<pin id="1747" dir="0" index="0" bw="16" slack="0"/>
<pin id="1748" dir="0" index="1" bw="16" slack="0"/>
<pin id="1749" dir="1" index="2" bw="0" slack="2147483647"/>
</pin_list>
<bind>
<opcode="store(28) " fcode="store"/>
<opset="store_ln196/1 "/>
</bind>
</comp>

<comp id="1752" class="1004" name="p_ZZN4nnet24compute_output_buffer_2dINS_5arrayI8ap_fixedILi16ELi6EL9ap_q_mode5EL9_456_load_fu_1752">
<pin_list>
<pin id="1753" dir="0" index="0" bw="16" slack="0"/>
<pin id="1754" dir="1" index="1" bw="16" slack="0"/>
</pin_list>
<bind>
<opcode="load(27) " fcode="load"/>
<opset="p_ZZN4nnet24compute_output_buffer_2dINS_5arrayI8ap_fixedILi16ELi6EL9ap_q_mode5EL9_456/1 "/>
</bind>
</comp>

<comp id="1756" class="1004" name="store_ln196_store_fu_1756">
<pin_list>
<pin id="1757" dir="0" index="0" bw="16" slack="0"/>
<pin id="1758" dir="0" index="1" bw="16" slack="0"/>
<pin id="1759" dir="1" index="2" bw="0" slack="2147483647"/>
</pin_list>
<bind>
<opcode="store(28) " fcode="store"/>
<opset="store_ln196/1 "/>
</bind>
</comp>

<comp id="1762" class="1004" name="p_ZZN4nnet24compute_output_buffer_2dINS_5arrayI8ap_fixedILi16ELi6EL9ap_q_mode5EL9_457_load_fu_1762">
<pin_list>
<pin id="1763" dir="0" index="0" bw="16" slack="0"/>
<pin id="1764" dir="1" index="1" bw="16" slack="0"/>
</pin_list>
<bind>
<opcode="load(27) " fcode="load"/>
<opset="p_ZZN4nnet24compute_output_buffer_2dINS_5arrayI8ap_fixedILi16ELi6EL9ap_q_mode5EL9_457/1 "/>
</bind>
</comp>

<comp id="1766" class="1004" name="store_ln196_store_fu_1766">
<pin_list>
<pin id="1767" dir="0" index="0" bw="16" slack="0"/>
<pin id="1768" dir="0" index="1" bw="16" slack="0"/>
<pin id="1769" dir="1" index="2" bw="0" slack="2147483647"/>
</pin_list>
<bind>
<opcode="store(28) " fcode="store"/>
<opset="store_ln196/1 "/>
</bind>
</comp>

<comp id="1772" class="1004" name="p_ZZN4nnet24compute_output_buffer_2dINS_5arrayI8ap_fixedILi16ELi6EL9ap_q_mode5EL9_458_load_fu_1772">
<pin_list>
<pin id="1773" dir="0" index="0" bw="16" slack="0"/>
<pin id="1774" dir="1" index="1" bw="16" slack="0"/>
</pin_list>
<bind>
<opcode="load(27) " fcode="load"/>
<opset="p_ZZN4nnet24compute_output_buffer_2dINS_5arrayI8ap_fixedILi16ELi6EL9ap_q_mode5EL9_458/1 "/>
</bind>
</comp>

<comp id="1776" class="1004" name="store_ln196_store_fu_1776">
<pin_list>
<pin id="1777" dir="0" index="0" bw="16" slack="0"/>
<pin id="1778" dir="0" index="1" bw="16" slack="0"/>
<pin id="1779" dir="1" index="2" bw="0" slack="2147483647"/>
</pin_list>
<bind>
<opcode="store(28) " fcode="store"/>
<opset="store_ln196/1 "/>
</bind>
</comp>

<comp id="1782" class="1004" name="p_ZZN4nnet24compute_output_buffer_2dINS_5arrayI8ap_fixedILi16ELi6EL9ap_q_mode5EL9_459_load_fu_1782">
<pin_list>
<pin id="1783" dir="0" index="0" bw="16" slack="0"/>
<pin id="1784" dir="1" index="1" bw="16" slack="0"/>
</pin_list>
<bind>
<opcode="load(27) " fcode="load"/>
<opset="p_ZZN4nnet24compute_output_buffer_2dINS_5arrayI8ap_fixedILi16ELi6EL9ap_q_mode5EL9_459/1 "/>
</bind>
</comp>

<comp id="1786" class="1004" name="store_ln196_store_fu_1786">
<pin_list>
<pin id="1787" dir="0" index="0" bw="16" slack="0"/>
<pin id="1788" dir="0" index="1" bw="16" slack="0"/>
<pin id="1789" dir="1" index="2" bw="0" slack="2147483647"/>
</pin_list>
<bind>
<opcode="store(28) " fcode="store"/>
<opset="store_ln196/1 "/>
</bind>
</comp>

<comp id="1792" class="1004" name="p_ZZN4nnet24compute_output_buffer_2dINS_5arrayI8ap_fixedILi16ELi6EL9ap_q_mode5EL9_460_load_fu_1792">
<pin_list>
<pin id="1793" dir="0" index="0" bw="16" slack="0"/>
<pin id="1794" dir="1" index="1" bw="16" slack="0"/>
</pin_list>
<bind>
<opcode="load(27) " fcode="load"/>
<opset="p_ZZN4nnet24compute_output_buffer_2dINS_5arrayI8ap_fixedILi16ELi6EL9ap_q_mode5EL9_460/1 "/>
</bind>
</comp>

<comp id="1796" class="1004" name="store_ln196_store_fu_1796">
<pin_list>
<pin id="1797" dir="0" index="0" bw="16" slack="0"/>
<pin id="1798" dir="0" index="1" bw="16" slack="0"/>
<pin id="1799" dir="1" index="2" bw="0" slack="2147483647"/>
</pin_list>
<bind>
<opcode="store(28) " fcode="store"/>
<opset="store_ln196/1 "/>
</bind>
</comp>

<comp id="1802" class="1004" name="p_ZZN4nnet24compute_output_buffer_2dINS_5arrayI8ap_fixedILi16ELi6EL9ap_q_mode5EL9_461_load_fu_1802">
<pin_list>
<pin id="1803" dir="0" index="0" bw="16" slack="0"/>
<pin id="1804" dir="1" index="1" bw="16" slack="0"/>
</pin_list>
<bind>
<opcode="load(27) " fcode="load"/>
<opset="p_ZZN4nnet24compute_output_buffer_2dINS_5arrayI8ap_fixedILi16ELi6EL9ap_q_mode5EL9_461/1 "/>
</bind>
</comp>

<comp id="1806" class="1004" name="store_ln196_store_fu_1806">
<pin_list>
<pin id="1807" dir="0" index="0" bw="16" slack="0"/>
<pin id="1808" dir="0" index="1" bw="16" slack="0"/>
<pin id="1809" dir="1" index="2" bw="0" slack="2147483647"/>
</pin_list>
<bind>
<opcode="store(28) " fcode="store"/>
<opset="store_ln196/1 "/>
</bind>
</comp>

<comp id="1812" class="1004" name="p_ZZN4nnet24compute_output_buffer_2dINS_5arrayI8ap_fixedILi16ELi6EL9ap_q_mode5EL9_462_load_fu_1812">
<pin_list>
<pin id="1813" dir="0" index="0" bw="16" slack="0"/>
<pin id="1814" dir="1" index="1" bw="16" slack="0"/>
</pin_list>
<bind>
<opcode="load(27) " fcode="load"/>
<opset="p_ZZN4nnet24compute_output_buffer_2dINS_5arrayI8ap_fixedILi16ELi6EL9ap_q_mode5EL9_462/1 "/>
</bind>
</comp>

<comp id="1816" class="1004" name="store_ln196_store_fu_1816">
<pin_list>
<pin id="1817" dir="0" index="0" bw="16" slack="0"/>
<pin id="1818" dir="0" index="1" bw="16" slack="0"/>
<pin id="1819" dir="1" index="2" bw="0" slack="2147483647"/>
</pin_list>
<bind>
<opcode="store(28) " fcode="store"/>
<opset="store_ln196/1 "/>
</bind>
</comp>

<comp id="1822" class="1004" name="p_ZZN4nnet24compute_output_buffer_2dINS_5arrayI8ap_fixedILi16ELi6EL9ap_q_mode5EL9_463_load_fu_1822">
<pin_list>
<pin id="1823" dir="0" index="0" bw="16" slack="0"/>
<pin id="1824" dir="1" index="1" bw="16" slack="0"/>
</pin_list>
<bind>
<opcode="load(27) " fcode="load"/>
<opset="p_ZZN4nnet24compute_output_buffer_2dINS_5arrayI8ap_fixedILi16ELi6EL9ap_q_mode5EL9_463/1 "/>
</bind>
</comp>

<comp id="1826" class="1004" name="store_ln196_store_fu_1826">
<pin_list>
<pin id="1827" dir="0" index="0" bw="16" slack="0"/>
<pin id="1828" dir="0" index="1" bw="16" slack="0"/>
<pin id="1829" dir="1" index="2" bw="0" slack="2147483647"/>
</pin_list>
<bind>
<opcode="store(28) " fcode="store"/>
<opset="store_ln196/1 "/>
</bind>
</comp>

<comp id="1832" class="1004" name="p_ZZN4nnet24compute_output_buffer_2dINS_5arrayI8ap_fixedILi16ELi6EL9ap_q_mode5EL9_464_load_fu_1832">
<pin_list>
<pin id="1833" dir="0" index="0" bw="16" slack="0"/>
<pin id="1834" dir="1" index="1" bw="16" slack="0"/>
</pin_list>
<bind>
<opcode="load(27) " fcode="load"/>
<opset="p_ZZN4nnet24compute_output_buffer_2dINS_5arrayI8ap_fixedILi16ELi6EL9ap_q_mode5EL9_464/1 "/>
</bind>
</comp>

<comp id="1836" class="1004" name="store_ln196_store_fu_1836">
<pin_list>
<pin id="1837" dir="0" index="0" bw="16" slack="0"/>
<pin id="1838" dir="0" index="1" bw="16" slack="0"/>
<pin id="1839" dir="1" index="2" bw="0" slack="2147483647"/>
</pin_list>
<bind>
<opcode="store(28) " fcode="store"/>
<opset="store_ln196/1 "/>
</bind>
</comp>

<comp id="1842" class="1004" name="p_ZZN4nnet24compute_output_buffer_2dINS_5arrayI8ap_fixedILi16ELi6EL9ap_q_mode5EL9_465_load_fu_1842">
<pin_list>
<pin id="1843" dir="0" index="0" bw="16" slack="0"/>
<pin id="1844" dir="1" index="1" bw="16" slack="0"/>
</pin_list>
<bind>
<opcode="load(27) " fcode="load"/>
<opset="p_ZZN4nnet24compute_output_buffer_2dINS_5arrayI8ap_fixedILi16ELi6EL9ap_q_mode5EL9_465/1 "/>
</bind>
</comp>

<comp id="1846" class="1004" name="store_ln196_store_fu_1846">
<pin_list>
<pin id="1847" dir="0" index="0" bw="16" slack="0"/>
<pin id="1848" dir="0" index="1" bw="16" slack="0"/>
<pin id="1849" dir="1" index="2" bw="0" slack="2147483647"/>
</pin_list>
<bind>
<opcode="store(28) " fcode="store"/>
<opset="store_ln196/1 "/>
</bind>
</comp>

<comp id="1852" class="1004" name="p_ZZN4nnet24compute_output_buffer_2dINS_5arrayI8ap_fixedILi16ELi6EL9ap_q_mode5EL9_466_load_fu_1852">
<pin_list>
<pin id="1853" dir="0" index="0" bw="16" slack="0"/>
<pin id="1854" dir="1" index="1" bw="16" slack="0"/>
</pin_list>
<bind>
<opcode="load(27) " fcode="load"/>
<opset="p_ZZN4nnet24compute_output_buffer_2dINS_5arrayI8ap_fixedILi16ELi6EL9ap_q_mode5EL9_466/1 "/>
</bind>
</comp>

<comp id="1856" class="1004" name="store_ln196_store_fu_1856">
<pin_list>
<pin id="1857" dir="0" index="0" bw="16" slack="0"/>
<pin id="1858" dir="0" index="1" bw="16" slack="0"/>
<pin id="1859" dir="1" index="2" bw="0" slack="2147483647"/>
</pin_list>
<bind>
<opcode="store(28) " fcode="store"/>
<opset="store_ln196/1 "/>
</bind>
</comp>

<comp id="1862" class="1004" name="p_ZZN4nnet24compute_output_buffer_2dINS_5arrayI8ap_fixedILi16ELi6EL9ap_q_mode5EL9_467_load_fu_1862">
<pin_list>
<pin id="1863" dir="0" index="0" bw="16" slack="0"/>
<pin id="1864" dir="1" index="1" bw="16" slack="0"/>
</pin_list>
<bind>
<opcode="load(27) " fcode="load"/>
<opset="p_ZZN4nnet24compute_output_buffer_2dINS_5arrayI8ap_fixedILi16ELi6EL9ap_q_mode5EL9_467/1 "/>
</bind>
</comp>

<comp id="1866" class="1004" name="store_ln196_store_fu_1866">
<pin_list>
<pin id="1867" dir="0" index="0" bw="16" slack="0"/>
<pin id="1868" dir="0" index="1" bw="16" slack="0"/>
<pin id="1869" dir="1" index="2" bw="0" slack="2147483647"/>
</pin_list>
<bind>
<opcode="store(28) " fcode="store"/>
<opset="store_ln196/1 "/>
</bind>
</comp>

<comp id="1872" class="1004" name="p_ZZN4nnet24compute_output_buffer_2dINS_5arrayI8ap_fixedILi16ELi6EL9ap_q_mode5EL9_468_load_fu_1872">
<pin_list>
<pin id="1873" dir="0" index="0" bw="16" slack="0"/>
<pin id="1874" dir="1" index="1" bw="16" slack="0"/>
</pin_list>
<bind>
<opcode="load(27) " fcode="load"/>
<opset="p_ZZN4nnet24compute_output_buffer_2dINS_5arrayI8ap_fixedILi16ELi6EL9ap_q_mode5EL9_468/1 "/>
</bind>
</comp>

<comp id="1876" class="1004" name="store_ln196_store_fu_1876">
<pin_list>
<pin id="1877" dir="0" index="0" bw="16" slack="0"/>
<pin id="1878" dir="0" index="1" bw="16" slack="0"/>
<pin id="1879" dir="1" index="2" bw="0" slack="2147483647"/>
</pin_list>
<bind>
<opcode="store(28) " fcode="store"/>
<opset="store_ln196/1 "/>
</bind>
</comp>

<comp id="1882" class="1004" name="p_ZZN4nnet24compute_output_buffer_2dINS_5arrayI8ap_fixedILi16ELi6EL9ap_q_mode5EL9_469_load_fu_1882">
<pin_list>
<pin id="1883" dir="0" index="0" bw="16" slack="0"/>
<pin id="1884" dir="1" index="1" bw="16" slack="0"/>
</pin_list>
<bind>
<opcode="load(27) " fcode="load"/>
<opset="p_ZZN4nnet24compute_output_buffer_2dINS_5arrayI8ap_fixedILi16ELi6EL9ap_q_mode5EL9_469/1 "/>
</bind>
</comp>

<comp id="1886" class="1004" name="store_ln196_store_fu_1886">
<pin_list>
<pin id="1887" dir="0" index="0" bw="16" slack="0"/>
<pin id="1888" dir="0" index="1" bw="16" slack="0"/>
<pin id="1889" dir="1" index="2" bw="0" slack="2147483647"/>
</pin_list>
<bind>
<opcode="store(28) " fcode="store"/>
<opset="store_ln196/1 "/>
</bind>
</comp>

<comp id="1892" class="1004" name="p_ZZN4nnet24compute_output_buffer_2dINS_5arrayI8ap_fixedILi16ELi6EL9ap_q_mode5EL9_470_load_fu_1892">
<pin_list>
<pin id="1893" dir="0" index="0" bw="16" slack="0"/>
<pin id="1894" dir="1" index="1" bw="16" slack="0"/>
</pin_list>
<bind>
<opcode="load(27) " fcode="load"/>
<opset="p_ZZN4nnet24compute_output_buffer_2dINS_5arrayI8ap_fixedILi16ELi6EL9ap_q_mode5EL9_470/1 "/>
</bind>
</comp>

<comp id="1896" class="1004" name="store_ln196_store_fu_1896">
<pin_list>
<pin id="1897" dir="0" index="0" bw="16" slack="0"/>
<pin id="1898" dir="0" index="1" bw="16" slack="0"/>
<pin id="1899" dir="1" index="2" bw="0" slack="2147483647"/>
</pin_list>
<bind>
<opcode="store(28) " fcode="store"/>
<opset="store_ln196/1 "/>
</bind>
</comp>

<comp id="1902" class="1004" name="p_ZZN4nnet24compute_output_buffer_2dINS_5arrayI8ap_fixedILi16ELi6EL9ap_q_mode5EL9_471_load_fu_1902">
<pin_list>
<pin id="1903" dir="0" index="0" bw="16" slack="0"/>
<pin id="1904" dir="1" index="1" bw="16" slack="0"/>
</pin_list>
<bind>
<opcode="load(27) " fcode="load"/>
<opset="p_ZZN4nnet24compute_output_buffer_2dINS_5arrayI8ap_fixedILi16ELi6EL9ap_q_mode5EL9_471/1 "/>
</bind>
</comp>

<comp id="1906" class="1004" name="store_ln196_store_fu_1906">
<pin_list>
<pin id="1907" dir="0" index="0" bw="16" slack="0"/>
<pin id="1908" dir="0" index="1" bw="16" slack="0"/>
<pin id="1909" dir="1" index="2" bw="0" slack="2147483647"/>
</pin_list>
<bind>
<opcode="store(28) " fcode="store"/>
<opset="store_ln196/1 "/>
</bind>
</comp>

<comp id="1912" class="1004" name="p_ZZN4nnet24compute_output_buffer_2dINS_5arrayI8ap_fixedILi16ELi6EL9ap_q_mode5EL9_472_load_fu_1912">
<pin_list>
<pin id="1913" dir="0" index="0" bw="16" slack="0"/>
<pin id="1914" dir="1" index="1" bw="16" slack="0"/>
</pin_list>
<bind>
<opcode="load(27) " fcode="load"/>
<opset="p_ZZN4nnet24compute_output_buffer_2dINS_5arrayI8ap_fixedILi16ELi6EL9ap_q_mode5EL9_472/1 "/>
</bind>
</comp>

<comp id="1916" class="1004" name="store_ln196_store_fu_1916">
<pin_list>
<pin id="1917" dir="0" index="0" bw="16" slack="0"/>
<pin id="1918" dir="0" index="1" bw="16" slack="0"/>
<pin id="1919" dir="1" index="2" bw="0" slack="2147483647"/>
</pin_list>
<bind>
<opcode="store(28) " fcode="store"/>
<opset="store_ln196/1 "/>
</bind>
</comp>

<comp id="1922" class="1004" name="p_ZZN4nnet24compute_output_buffer_2dINS_5arrayI8ap_fixedILi16ELi6EL9ap_q_mode5EL9_473_load_fu_1922">
<pin_list>
<pin id="1923" dir="0" index="0" bw="16" slack="0"/>
<pin id="1924" dir="1" index="1" bw="16" slack="0"/>
</pin_list>
<bind>
<opcode="load(27) " fcode="load"/>
<opset="p_ZZN4nnet24compute_output_buffer_2dINS_5arrayI8ap_fixedILi16ELi6EL9ap_q_mode5EL9_473/1 "/>
</bind>
</comp>

<comp id="1926" class="1004" name="store_ln196_store_fu_1926">
<pin_list>
<pin id="1927" dir="0" index="0" bw="16" slack="0"/>
<pin id="1928" dir="0" index="1" bw="16" slack="0"/>
<pin id="1929" dir="1" index="2" bw="0" slack="2147483647"/>
</pin_list>
<bind>
<opcode="store(28) " fcode="store"/>
<opset="store_ln196/1 "/>
</bind>
</comp>

<comp id="1932" class="1004" name="p_ZZN4nnet24compute_output_buffer_2dINS_5arrayI8ap_fixedILi16ELi6EL9ap_q_mode5EL9_474_load_fu_1932">
<pin_list>
<pin id="1933" dir="0" index="0" bw="16" slack="0"/>
<pin id="1934" dir="1" index="1" bw="16" slack="0"/>
</pin_list>
<bind>
<opcode="load(27) " fcode="load"/>
<opset="p_ZZN4nnet24compute_output_buffer_2dINS_5arrayI8ap_fixedILi16ELi6EL9ap_q_mode5EL9_474/1 "/>
</bind>
</comp>

<comp id="1936" class="1004" name="store_ln196_store_fu_1936">
<pin_list>
<pin id="1937" dir="0" index="0" bw="16" slack="0"/>
<pin id="1938" dir="0" index="1" bw="16" slack="0"/>
<pin id="1939" dir="1" index="2" bw="0" slack="2147483647"/>
</pin_list>
<bind>
<opcode="store(28) " fcode="store"/>
<opset="store_ln196/1 "/>
</bind>
</comp>

<comp id="1942" class="1004" name="p_ZZN4nnet24compute_output_buffer_2dINS_5arrayI8ap_fixedILi16ELi6EL9ap_q_mode5EL9_475_load_fu_1942">
<pin_list>
<pin id="1943" dir="0" index="0" bw="16" slack="0"/>
<pin id="1944" dir="1" index="1" bw="16" slack="0"/>
</pin_list>
<bind>
<opcode="load(27) " fcode="load"/>
<opset="p_ZZN4nnet24compute_output_buffer_2dINS_5arrayI8ap_fixedILi16ELi6EL9ap_q_mode5EL9_475/1 "/>
</bind>
</comp>

<comp id="1946" class="1004" name="store_ln196_store_fu_1946">
<pin_list>
<pin id="1947" dir="0" index="0" bw="16" slack="0"/>
<pin id="1948" dir="0" index="1" bw="16" slack="0"/>
<pin id="1949" dir="1" index="2" bw="0" slack="2147483647"/>
</pin_list>
<bind>
<opcode="store(28) " fcode="store"/>
<opset="store_ln196/1 "/>
</bind>
</comp>

<comp id="1952" class="1004" name="p_ZZN4nnet24compute_output_buffer_2dINS_5arrayI8ap_fixedILi16ELi6EL9ap_q_mode5EL9_476_load_fu_1952">
<pin_list>
<pin id="1953" dir="0" index="0" bw="16" slack="0"/>
<pin id="1954" dir="1" index="1" bw="16" slack="0"/>
</pin_list>
<bind>
<opcode="load(27) " fcode="load"/>
<opset="p_ZZN4nnet24compute_output_buffer_2dINS_5arrayI8ap_fixedILi16ELi6EL9ap_q_mode5EL9_476/1 "/>
</bind>
</comp>

<comp id="1956" class="1004" name="store_ln196_store_fu_1956">
<pin_list>
<pin id="1957" dir="0" index="0" bw="16" slack="0"/>
<pin id="1958" dir="0" index="1" bw="16" slack="0"/>
<pin id="1959" dir="1" index="2" bw="0" slack="2147483647"/>
</pin_list>
<bind>
<opcode="store(28) " fcode="store"/>
<opset="store_ln196/1 "/>
</bind>
</comp>

<comp id="1962" class="1004" name="p_ZZN4nnet24compute_output_buffer_2dINS_5arrayI8ap_fixedILi16ELi6EL9ap_q_mode5EL9_477_load_fu_1962">
<pin_list>
<pin id="1963" dir="0" index="0" bw="16" slack="0"/>
<pin id="1964" dir="1" index="1" bw="16" slack="0"/>
</pin_list>
<bind>
<opcode="load(27) " fcode="load"/>
<opset="p_ZZN4nnet24compute_output_buffer_2dINS_5arrayI8ap_fixedILi16ELi6EL9ap_q_mode5EL9_477/1 "/>
</bind>
</comp>

<comp id="1966" class="1004" name="store_ln196_store_fu_1966">
<pin_list>
<pin id="1967" dir="0" index="0" bw="16" slack="0"/>
<pin id="1968" dir="0" index="1" bw="16" slack="0"/>
<pin id="1969" dir="1" index="2" bw="0" slack="2147483647"/>
</pin_list>
<bind>
<opcode="store(28) " fcode="store"/>
<opset="store_ln196/1 "/>
</bind>
</comp>

<comp id="1972" class="1004" name="p_ZZN4nnet24compute_output_buffer_2dINS_5arrayI8ap_fixedILi16ELi6EL9ap_q_mode5EL9_478_load_fu_1972">
<pin_list>
<pin id="1973" dir="0" index="0" bw="16" slack="0"/>
<pin id="1974" dir="1" index="1" bw="16" slack="0"/>
</pin_list>
<bind>
<opcode="load(27) " fcode="load"/>
<opset="p_ZZN4nnet24compute_output_buffer_2dINS_5arrayI8ap_fixedILi16ELi6EL9ap_q_mode5EL9_478/1 "/>
</bind>
</comp>

<comp id="1976" class="1004" name="store_ln196_store_fu_1976">
<pin_list>
<pin id="1977" dir="0" index="0" bw="16" slack="0"/>
<pin id="1978" dir="0" index="1" bw="16" slack="0"/>
<pin id="1979" dir="1" index="2" bw="0" slack="2147483647"/>
</pin_list>
<bind>
<opcode="store(28) " fcode="store"/>
<opset="store_ln196/1 "/>
</bind>
</comp>

<comp id="1982" class="1004" name="p_ZZN4nnet24compute_output_buffer_2dINS_5arrayI8ap_fixedILi16ELi6EL9ap_q_mode5EL9_479_load_fu_1982">
<pin_list>
<pin id="1983" dir="0" index="0" bw="16" slack="0"/>
<pin id="1984" dir="1" index="1" bw="16" slack="0"/>
</pin_list>
<bind>
<opcode="load(27) " fcode="load"/>
<opset="p_ZZN4nnet24compute_output_buffer_2dINS_5arrayI8ap_fixedILi16ELi6EL9ap_q_mode5EL9_479/1 "/>
</bind>
</comp>

<comp id="1986" class="1004" name="store_ln196_store_fu_1986">
<pin_list>
<pin id="1987" dir="0" index="0" bw="16" slack="0"/>
<pin id="1988" dir="0" index="1" bw="16" slack="0"/>
<pin id="1989" dir="1" index="2" bw="0" slack="2147483647"/>
</pin_list>
<bind>
<opcode="store(28) " fcode="store"/>
<opset="store_ln196/1 "/>
</bind>
</comp>

<comp id="1992" class="1004" name="p_ZZN4nnet24compute_output_buffer_2dINS_5arrayI8ap_fixedILi16ELi6EL9ap_q_mode5EL9_480_load_fu_1992">
<pin_list>
<pin id="1993" dir="0" index="0" bw="16" slack="0"/>
<pin id="1994" dir="1" index="1" bw="16" slack="0"/>
</pin_list>
<bind>
<opcode="load(27) " fcode="load"/>
<opset="p_ZZN4nnet24compute_output_buffer_2dINS_5arrayI8ap_fixedILi16ELi6EL9ap_q_mode5EL9_480/1 "/>
</bind>
</comp>

<comp id="1996" class="1004" name="store_ln196_store_fu_1996">
<pin_list>
<pin id="1997" dir="0" index="0" bw="16" slack="0"/>
<pin id="1998" dir="0" index="1" bw="16" slack="0"/>
<pin id="1999" dir="1" index="2" bw="0" slack="2147483647"/>
</pin_list>
<bind>
<opcode="store(28) " fcode="store"/>
<opset="store_ln196/1 "/>
</bind>
</comp>

<comp id="2002" class="1004" name="p_ZZN4nnet24compute_output_buffer_2dINS_5arrayI8ap_fixedILi16ELi6EL9ap_q_mode5EL9_481_load_fu_2002">
<pin_list>
<pin id="2003" dir="0" index="0" bw="16" slack="0"/>
<pin id="2004" dir="1" index="1" bw="16" slack="0"/>
</pin_list>
<bind>
<opcode="load(27) " fcode="load"/>
<opset="p_ZZN4nnet24compute_output_buffer_2dINS_5arrayI8ap_fixedILi16ELi6EL9ap_q_mode5EL9_481/1 "/>
</bind>
</comp>

<comp id="2006" class="1004" name="store_ln196_store_fu_2006">
<pin_list>
<pin id="2007" dir="0" index="0" bw="16" slack="0"/>
<pin id="2008" dir="0" index="1" bw="16" slack="0"/>
<pin id="2009" dir="1" index="2" bw="0" slack="2147483647"/>
</pin_list>
<bind>
<opcode="store(28) " fcode="store"/>
<opset="store_ln196/1 "/>
</bind>
</comp>

<comp id="2012" class="1004" name="p_ZZN4nnet24compute_output_buffer_2dINS_5arrayI8ap_fixedILi16ELi6EL9ap_q_mode5EL9_482_load_fu_2012">
<pin_list>
<pin id="2013" dir="0" index="0" bw="16" slack="0"/>
<pin id="2014" dir="1" index="1" bw="16" slack="0"/>
</pin_list>
<bind>
<opcode="load(27) " fcode="load"/>
<opset="p_ZZN4nnet24compute_output_buffer_2dINS_5arrayI8ap_fixedILi16ELi6EL9ap_q_mode5EL9_482/1 "/>
</bind>
</comp>

<comp id="2016" class="1004" name="store_ln196_store_fu_2016">
<pin_list>
<pin id="2017" dir="0" index="0" bw="16" slack="0"/>
<pin id="2018" dir="0" index="1" bw="16" slack="0"/>
<pin id="2019" dir="1" index="2" bw="0" slack="2147483647"/>
</pin_list>
<bind>
<opcode="store(28) " fcode="store"/>
<opset="store_ln196/1 "/>
</bind>
</comp>

<comp id="2022" class="1004" name="p_ZZN4nnet24compute_output_buffer_2dINS_5arrayI8ap_fixedILi16ELi6EL9ap_q_mode5EL9_483_load_fu_2022">
<pin_list>
<pin id="2023" dir="0" index="0" bw="16" slack="0"/>
<pin id="2024" dir="1" index="1" bw="16" slack="0"/>
</pin_list>
<bind>
<opcode="load(27) " fcode="load"/>
<opset="p_ZZN4nnet24compute_output_buffer_2dINS_5arrayI8ap_fixedILi16ELi6EL9ap_q_mode5EL9_483/1 "/>
</bind>
</comp>

<comp id="2026" class="1004" name="store_ln196_store_fu_2026">
<pin_list>
<pin id="2027" dir="0" index="0" bw="16" slack="0"/>
<pin id="2028" dir="0" index="1" bw="16" slack="0"/>
<pin id="2029" dir="1" index="2" bw="0" slack="2147483647"/>
</pin_list>
<bind>
<opcode="store(28) " fcode="store"/>
<opset="store_ln196/1 "/>
</bind>
</comp>

<comp id="2032" class="1004" name="p_ZZN4nnet24compute_output_buffer_2dINS_5arrayI8ap_fixedILi16ELi6EL9ap_q_mode5EL9_484_load_fu_2032">
<pin_list>
<pin id="2033" dir="0" index="0" bw="16" slack="0"/>
<pin id="2034" dir="1" index="1" bw="16" slack="0"/>
</pin_list>
<bind>
<opcode="load(27) " fcode="load"/>
<opset="p_ZZN4nnet24compute_output_buffer_2dINS_5arrayI8ap_fixedILi16ELi6EL9ap_q_mode5EL9_484/1 "/>
</bind>
</comp>

<comp id="2036" class="1004" name="store_ln196_store_fu_2036">
<pin_list>
<pin id="2037" dir="0" index="0" bw="16" slack="0"/>
<pin id="2038" dir="0" index="1" bw="16" slack="0"/>
<pin id="2039" dir="1" index="2" bw="0" slack="2147483647"/>
</pin_list>
<bind>
<opcode="store(28) " fcode="store"/>
<opset="store_ln196/1 "/>
</bind>
</comp>

<comp id="2042" class="1004" name="p_ZZN4nnet24compute_output_buffer_2dINS_5arrayI8ap_fixedILi16ELi6EL9ap_q_mode5EL9_485_load_fu_2042">
<pin_list>
<pin id="2043" dir="0" index="0" bw="16" slack="0"/>
<pin id="2044" dir="1" index="1" bw="16" slack="0"/>
</pin_list>
<bind>
<opcode="load(27) " fcode="load"/>
<opset="p_ZZN4nnet24compute_output_buffer_2dINS_5arrayI8ap_fixedILi16ELi6EL9ap_q_mode5EL9_485/1 "/>
</bind>
</comp>

<comp id="2046" class="1004" name="store_ln196_store_fu_2046">
<pin_list>
<pin id="2047" dir="0" index="0" bw="16" slack="0"/>
<pin id="2048" dir="0" index="1" bw="16" slack="0"/>
<pin id="2049" dir="1" index="2" bw="0" slack="2147483647"/>
</pin_list>
<bind>
<opcode="store(28) " fcode="store"/>
<opset="store_ln196/1 "/>
</bind>
</comp>

<comp id="2052" class="1004" name="p_ZZN4nnet24compute_output_buffer_2dINS_5arrayI8ap_fixedILi16ELi6EL9ap_q_mode5EL9_486_load_fu_2052">
<pin_list>
<pin id="2053" dir="0" index="0" bw="16" slack="0"/>
<pin id="2054" dir="1" index="1" bw="16" slack="0"/>
</pin_list>
<bind>
<opcode="load(27) " fcode="load"/>
<opset="p_ZZN4nnet24compute_output_buffer_2dINS_5arrayI8ap_fixedILi16ELi6EL9ap_q_mode5EL9_486/1 "/>
</bind>
</comp>

<comp id="2056" class="1004" name="store_ln196_store_fu_2056">
<pin_list>
<pin id="2057" dir="0" index="0" bw="16" slack="0"/>
<pin id="2058" dir="0" index="1" bw="16" slack="0"/>
<pin id="2059" dir="1" index="2" bw="0" slack="2147483647"/>
</pin_list>
<bind>
<opcode="store(28) " fcode="store"/>
<opset="store_ln196/1 "/>
</bind>
</comp>

<comp id="2062" class="1004" name="p_ZZN4nnet24compute_output_buffer_2dINS_5arrayI8ap_fixedILi16ELi6EL9ap_q_mode5EL9_487_load_fu_2062">
<pin_list>
<pin id="2063" dir="0" index="0" bw="16" slack="0"/>
<pin id="2064" dir="1" index="1" bw="16" slack="0"/>
</pin_list>
<bind>
<opcode="load(27) " fcode="load"/>
<opset="p_ZZN4nnet24compute_output_buffer_2dINS_5arrayI8ap_fixedILi16ELi6EL9ap_q_mode5EL9_487/1 "/>
</bind>
</comp>

<comp id="2066" class="1004" name="store_ln196_store_fu_2066">
<pin_list>
<pin id="2067" dir="0" index="0" bw="16" slack="0"/>
<pin id="2068" dir="0" index="1" bw="16" slack="0"/>
<pin id="2069" dir="1" index="2" bw="0" slack="2147483647"/>
</pin_list>
<bind>
<opcode="store(28) " fcode="store"/>
<opset="store_ln196/1 "/>
</bind>
</comp>

<comp id="2072" class="1004" name="p_ZZN4nnet24compute_output_buffer_2dINS_5arrayI8ap_fixedILi16ELi6EL9ap_q_mode5EL9_488_load_fu_2072">
<pin_list>
<pin id="2073" dir="0" index="0" bw="16" slack="0"/>
<pin id="2074" dir="1" index="1" bw="16" slack="0"/>
</pin_list>
<bind>
<opcode="load(27) " fcode="load"/>
<opset="p_ZZN4nnet24compute_output_buffer_2dINS_5arrayI8ap_fixedILi16ELi6EL9ap_q_mode5EL9_488/1 "/>
</bind>
</comp>

<comp id="2076" class="1004" name="store_ln196_store_fu_2076">
<pin_list>
<pin id="2077" dir="0" index="0" bw="16" slack="0"/>
<pin id="2078" dir="0" index="1" bw="16" slack="0"/>
<pin id="2079" dir="1" index="2" bw="0" slack="2147483647"/>
</pin_list>
<bind>
<opcode="store(28) " fcode="store"/>
<opset="store_ln196/1 "/>
</bind>
</comp>

<comp id="2082" class="1004" name="p_ZZN4nnet24compute_output_buffer_2dINS_5arrayI8ap_fixedILi16ELi6EL9ap_q_mode5EL9_489_load_fu_2082">
<pin_list>
<pin id="2083" dir="0" index="0" bw="16" slack="0"/>
<pin id="2084" dir="1" index="1" bw="16" slack="0"/>
</pin_list>
<bind>
<opcode="load(27) " fcode="load"/>
<opset="p_ZZN4nnet24compute_output_buffer_2dINS_5arrayI8ap_fixedILi16ELi6EL9ap_q_mode5EL9_489/1 "/>
</bind>
</comp>

<comp id="2086" class="1004" name="store_ln196_store_fu_2086">
<pin_list>
<pin id="2087" dir="0" index="0" bw="16" slack="0"/>
<pin id="2088" dir="0" index="1" bw="16" slack="0"/>
<pin id="2089" dir="1" index="2" bw="0" slack="2147483647"/>
</pin_list>
<bind>
<opcode="store(28) " fcode="store"/>
<opset="store_ln196/1 "/>
</bind>
</comp>

<comp id="2092" class="1004" name="p_ZZN4nnet24compute_output_buffer_2dINS_5arrayI8ap_fixedILi16ELi6EL9ap_q_mode5EL9_490_load_fu_2092">
<pin_list>
<pin id="2093" dir="0" index="0" bw="16" slack="0"/>
<pin id="2094" dir="1" index="1" bw="16" slack="0"/>
</pin_list>
<bind>
<opcode="load(27) " fcode="load"/>
<opset="p_ZZN4nnet24compute_output_buffer_2dINS_5arrayI8ap_fixedILi16ELi6EL9ap_q_mode5EL9_490/1 "/>
</bind>
</comp>

<comp id="2096" class="1004" name="store_ln196_store_fu_2096">
<pin_list>
<pin id="2097" dir="0" index="0" bw="16" slack="0"/>
<pin id="2098" dir="0" index="1" bw="16" slack="0"/>
<pin id="2099" dir="1" index="2" bw="0" slack="2147483647"/>
</pin_list>
<bind>
<opcode="store(28) " fcode="store"/>
<opset="store_ln196/1 "/>
</bind>
</comp>

<comp id="2102" class="1004" name="p_ZZN4nnet24compute_output_buffer_2dINS_5arrayI8ap_fixedILi16ELi6EL9ap_q_mode5EL9_491_load_fu_2102">
<pin_list>
<pin id="2103" dir="0" index="0" bw="16" slack="0"/>
<pin id="2104" dir="1" index="1" bw="16" slack="0"/>
</pin_list>
<bind>
<opcode="load(27) " fcode="load"/>
<opset="p_ZZN4nnet24compute_output_buffer_2dINS_5arrayI8ap_fixedILi16ELi6EL9ap_q_mode5EL9_491/1 "/>
</bind>
</comp>

<comp id="2106" class="1004" name="store_ln196_store_fu_2106">
<pin_list>
<pin id="2107" dir="0" index="0" bw="16" slack="0"/>
<pin id="2108" dir="0" index="1" bw="16" slack="0"/>
<pin id="2109" dir="1" index="2" bw="0" slack="2147483647"/>
</pin_list>
<bind>
<opcode="store(28) " fcode="store"/>
<opset="store_ln196/1 "/>
</bind>
</comp>

<comp id="2112" class="1004" name="p_ZZN4nnet24compute_output_buffer_2dINS_5arrayI8ap_fixedILi16ELi6EL9ap_q_mode5EL9_492_load_fu_2112">
<pin_list>
<pin id="2113" dir="0" index="0" bw="16" slack="0"/>
<pin id="2114" dir="1" index="1" bw="16" slack="0"/>
</pin_list>
<bind>
<opcode="load(27) " fcode="load"/>
<opset="p_ZZN4nnet24compute_output_buffer_2dINS_5arrayI8ap_fixedILi16ELi6EL9ap_q_mode5EL9_492/1 "/>
</bind>
</comp>

<comp id="2116" class="1004" name="store_ln196_store_fu_2116">
<pin_list>
<pin id="2117" dir="0" index="0" bw="16" slack="0"/>
<pin id="2118" dir="0" index="1" bw="16" slack="0"/>
<pin id="2119" dir="1" index="2" bw="0" slack="2147483647"/>
</pin_list>
<bind>
<opcode="store(28) " fcode="store"/>
<opset="store_ln196/1 "/>
</bind>
</comp>

<comp id="2122" class="1004" name="p_ZZN4nnet24compute_output_buffer_2dINS_5arrayI8ap_fixedILi16ELi6EL9ap_q_mode5EL9_493_load_fu_2122">
<pin_list>
<pin id="2123" dir="0" index="0" bw="16" slack="0"/>
<pin id="2124" dir="1" index="1" bw="16" slack="0"/>
</pin_list>
<bind>
<opcode="load(27) " fcode="load"/>
<opset="p_ZZN4nnet24compute_output_buffer_2dINS_5arrayI8ap_fixedILi16ELi6EL9ap_q_mode5EL9_493/1 "/>
</bind>
</comp>

<comp id="2126" class="1004" name="store_ln196_store_fu_2126">
<pin_list>
<pin id="2127" dir="0" index="0" bw="16" slack="0"/>
<pin id="2128" dir="0" index="1" bw="16" slack="0"/>
<pin id="2129" dir="1" index="2" bw="0" slack="2147483647"/>
</pin_list>
<bind>
<opcode="store(28) " fcode="store"/>
<opset="store_ln196/1 "/>
</bind>
</comp>

<comp id="2132" class="1004" name="p_ZZN4nnet24compute_output_buffer_2dINS_5arrayI8ap_fixedILi16ELi6EL9ap_q_mode5EL9_494_load_fu_2132">
<pin_list>
<pin id="2133" dir="0" index="0" bw="16" slack="0"/>
<pin id="2134" dir="1" index="1" bw="16" slack="0"/>
</pin_list>
<bind>
<opcode="load(27) " fcode="load"/>
<opset="p_ZZN4nnet24compute_output_buffer_2dINS_5arrayI8ap_fixedILi16ELi6EL9ap_q_mode5EL9_494/1 "/>
</bind>
</comp>

<comp id="2136" class="1004" name="store_ln196_store_fu_2136">
<pin_list>
<pin id="2137" dir="0" index="0" bw="16" slack="0"/>
<pin id="2138" dir="0" index="1" bw="16" slack="0"/>
<pin id="2139" dir="1" index="2" bw="0" slack="2147483647"/>
</pin_list>
<bind>
<opcode="store(28) " fcode="store"/>
<opset="store_ln196/1 "/>
</bind>
</comp>

<comp id="2142" class="1004" name="p_ZZN4nnet24compute_output_buffer_2dINS_5arrayI8ap_fixedILi16ELi6EL9ap_q_mode5EL9_495_load_fu_2142">
<pin_list>
<pin id="2143" dir="0" index="0" bw="16" slack="0"/>
<pin id="2144" dir="1" index="1" bw="16" slack="0"/>
</pin_list>
<bind>
<opcode="load(27) " fcode="load"/>
<opset="p_ZZN4nnet24compute_output_buffer_2dINS_5arrayI8ap_fixedILi16ELi6EL9ap_q_mode5EL9_495/1 "/>
</bind>
</comp>

<comp id="2146" class="1004" name="store_ln196_store_fu_2146">
<pin_list>
<pin id="2147" dir="0" index="0" bw="16" slack="0"/>
<pin id="2148" dir="0" index="1" bw="16" slack="0"/>
<pin id="2149" dir="1" index="2" bw="0" slack="2147483647"/>
</pin_list>
<bind>
<opcode="store(28) " fcode="store"/>
<opset="store_ln196/1 "/>
</bind>
</comp>

<comp id="2152" class="1004" name="p_ZZN4nnet24compute_output_buffer_2dINS_5arrayI8ap_fixedILi16ELi6EL9ap_q_mode5EL9_496_load_fu_2152">
<pin_list>
<pin id="2153" dir="0" index="0" bw="16" slack="0"/>
<pin id="2154" dir="1" index="1" bw="16" slack="0"/>
</pin_list>
<bind>
<opcode="load(27) " fcode="load"/>
<opset="p_ZZN4nnet24compute_output_buffer_2dINS_5arrayI8ap_fixedILi16ELi6EL9ap_q_mode5EL9_496/1 "/>
</bind>
</comp>

<comp id="2156" class="1004" name="store_ln196_store_fu_2156">
<pin_list>
<pin id="2157" dir="0" index="0" bw="16" slack="0"/>
<pin id="2158" dir="0" index="1" bw="16" slack="0"/>
<pin id="2159" dir="1" index="2" bw="0" slack="2147483647"/>
</pin_list>
<bind>
<opcode="store(28) " fcode="store"/>
<opset="store_ln196/1 "/>
</bind>
</comp>

<comp id="2162" class="1004" name="p_ZZN4nnet24compute_output_buffer_2dINS_5arrayI8ap_fixedILi16ELi6EL9ap_q_mode5EL9_497_load_fu_2162">
<pin_list>
<pin id="2163" dir="0" index="0" bw="16" slack="0"/>
<pin id="2164" dir="1" index="1" bw="16" slack="0"/>
</pin_list>
<bind>
<opcode="load(27) " fcode="load"/>
<opset="p_ZZN4nnet24compute_output_buffer_2dINS_5arrayI8ap_fixedILi16ELi6EL9ap_q_mode5EL9_497/1 "/>
</bind>
</comp>

<comp id="2166" class="1004" name="store_ln196_store_fu_2166">
<pin_list>
<pin id="2167" dir="0" index="0" bw="16" slack="0"/>
<pin id="2168" dir="0" index="1" bw="16" slack="0"/>
<pin id="2169" dir="1" index="2" bw="0" slack="2147483647"/>
</pin_list>
<bind>
<opcode="store(28) " fcode="store"/>
<opset="store_ln196/1 "/>
</bind>
</comp>

<comp id="2172" class="1004" name="p_ZZN4nnet24compute_output_buffer_2dINS_5arrayI8ap_fixedILi16ELi6EL9ap_q_mode5EL9_498_load_fu_2172">
<pin_list>
<pin id="2173" dir="0" index="0" bw="16" slack="0"/>
<pin id="2174" dir="1" index="1" bw="16" slack="0"/>
</pin_list>
<bind>
<opcode="load(27) " fcode="load"/>
<opset="p_ZZN4nnet24compute_output_buffer_2dINS_5arrayI8ap_fixedILi16ELi6EL9ap_q_mode5EL9_498/1 "/>
</bind>
</comp>

<comp id="2176" class="1004" name="store_ln196_store_fu_2176">
<pin_list>
<pin id="2177" dir="0" index="0" bw="16" slack="0"/>
<pin id="2178" dir="0" index="1" bw="16" slack="0"/>
<pin id="2179" dir="1" index="2" bw="0" slack="2147483647"/>
</pin_list>
<bind>
<opcode="store(28) " fcode="store"/>
<opset="store_ln196/1 "/>
</bind>
</comp>

<comp id="2182" class="1004" name="p_ZZN4nnet24compute_output_buffer_2dINS_5arrayI8ap_fixedILi16ELi6EL9ap_q_mode5EL9_499_load_fu_2182">
<pin_list>
<pin id="2183" dir="0" index="0" bw="16" slack="0"/>
<pin id="2184" dir="1" index="1" bw="16" slack="0"/>
</pin_list>
<bind>
<opcode="load(27) " fcode="load"/>
<opset="p_ZZN4nnet24compute_output_buffer_2dINS_5arrayI8ap_fixedILi16ELi6EL9ap_q_mode5EL9_499/1 "/>
</bind>
</comp>

<comp id="2186" class="1004" name="store_ln196_store_fu_2186">
<pin_list>
<pin id="2187" dir="0" index="0" bw="16" slack="0"/>
<pin id="2188" dir="0" index="1" bw="16" slack="0"/>
<pin id="2189" dir="1" index="2" bw="0" slack="2147483647"/>
</pin_list>
<bind>
<opcode="store(28) " fcode="store"/>
<opset="store_ln196/1 "/>
</bind>
</comp>

<comp id="2192" class="1004" name="p_ZZN4nnet24compute_output_buffer_2dINS_5arrayI8ap_fixedILi16ELi6EL9ap_q_mode5EL9_500_load_fu_2192">
<pin_list>
<pin id="2193" dir="0" index="0" bw="16" slack="0"/>
<pin id="2194" dir="1" index="1" bw="16" slack="0"/>
</pin_list>
<bind>
<opcode="load(27) " fcode="load"/>
<opset="p_ZZN4nnet24compute_output_buffer_2dINS_5arrayI8ap_fixedILi16ELi6EL9ap_q_mode5EL9_500/1 "/>
</bind>
</comp>

<comp id="2196" class="1004" name="store_ln196_store_fu_2196">
<pin_list>
<pin id="2197" dir="0" index="0" bw="16" slack="0"/>
<pin id="2198" dir="0" index="1" bw="16" slack="0"/>
<pin id="2199" dir="1" index="2" bw="0" slack="2147483647"/>
</pin_list>
<bind>
<opcode="store(28) " fcode="store"/>
<opset="store_ln196/1 "/>
</bind>
</comp>

<comp id="2202" class="1004" name="p_ZZN4nnet24compute_output_buffer_2dINS_5arrayI8ap_fixedILi16ELi6EL9ap_q_mode5EL9_501_load_fu_2202">
<pin_list>
<pin id="2203" dir="0" index="0" bw="16" slack="0"/>
<pin id="2204" dir="1" index="1" bw="16" slack="0"/>
</pin_list>
<bind>
<opcode="load(27) " fcode="load"/>
<opset="p_ZZN4nnet24compute_output_buffer_2dINS_5arrayI8ap_fixedILi16ELi6EL9ap_q_mode5EL9_501/1 "/>
</bind>
</comp>

<comp id="2206" class="1004" name="store_ln196_store_fu_2206">
<pin_list>
<pin id="2207" dir="0" index="0" bw="16" slack="0"/>
<pin id="2208" dir="0" index="1" bw="16" slack="0"/>
<pin id="2209" dir="1" index="2" bw="0" slack="2147483647"/>
</pin_list>
<bind>
<opcode="store(28) " fcode="store"/>
<opset="store_ln196/1 "/>
</bind>
</comp>

<comp id="2212" class="1004" name="p_ZZN4nnet24compute_output_buffer_2dINS_5arrayI8ap_fixedILi16ELi6EL9ap_q_mode5EL9_502_load_fu_2212">
<pin_list>
<pin id="2213" dir="0" index="0" bw="16" slack="0"/>
<pin id="2214" dir="1" index="1" bw="16" slack="0"/>
</pin_list>
<bind>
<opcode="load(27) " fcode="load"/>
<opset="p_ZZN4nnet24compute_output_buffer_2dINS_5arrayI8ap_fixedILi16ELi6EL9ap_q_mode5EL9_502/1 "/>
</bind>
</comp>

<comp id="2216" class="1004" name="store_ln196_store_fu_2216">
<pin_list>
<pin id="2217" dir="0" index="0" bw="16" slack="0"/>
<pin id="2218" dir="0" index="1" bw="16" slack="0"/>
<pin id="2219" dir="1" index="2" bw="0" slack="2147483647"/>
</pin_list>
<bind>
<opcode="store(28) " fcode="store"/>
<opset="store_ln196/1 "/>
</bind>
</comp>

<comp id="2222" class="1004" name="p_ZZN4nnet24compute_output_buffer_2dINS_5arrayI8ap_fixedILi16ELi6EL9ap_q_mode5EL9_503_load_fu_2222">
<pin_list>
<pin id="2223" dir="0" index="0" bw="16" slack="0"/>
<pin id="2224" dir="1" index="1" bw="16" slack="0"/>
</pin_list>
<bind>
<opcode="load(27) " fcode="load"/>
<opset="p_ZZN4nnet24compute_output_buffer_2dINS_5arrayI8ap_fixedILi16ELi6EL9ap_q_mode5EL9_503/1 "/>
</bind>
</comp>

<comp id="2226" class="1004" name="store_ln196_store_fu_2226">
<pin_list>
<pin id="2227" dir="0" index="0" bw="16" slack="0"/>
<pin id="2228" dir="0" index="1" bw="16" slack="0"/>
<pin id="2229" dir="1" index="2" bw="0" slack="2147483647"/>
</pin_list>
<bind>
<opcode="store(28) " fcode="store"/>
<opset="store_ln196/1 "/>
</bind>
</comp>

<comp id="2232" class="1004" name="p_ZZN4nnet24compute_output_buffer_2dINS_5arrayI8ap_fixedILi16ELi6EL9ap_q_mode5EL9_504_load_fu_2232">
<pin_list>
<pin id="2233" dir="0" index="0" bw="16" slack="0"/>
<pin id="2234" dir="1" index="1" bw="16" slack="0"/>
</pin_list>
<bind>
<opcode="load(27) " fcode="load"/>
<opset="p_ZZN4nnet24compute_output_buffer_2dINS_5arrayI8ap_fixedILi16ELi6EL9ap_q_mode5EL9_504/1 "/>
</bind>
</comp>

<comp id="2236" class="1004" name="store_ln196_store_fu_2236">
<pin_list>
<pin id="2237" dir="0" index="0" bw="16" slack="0"/>
<pin id="2238" dir="0" index="1" bw="16" slack="0"/>
<pin id="2239" dir="1" index="2" bw="0" slack="2147483647"/>
</pin_list>
<bind>
<opcode="store(28) " fcode="store"/>
<opset="store_ln196/1 "/>
</bind>
</comp>

<comp id="2242" class="1004" name="p_ZZN4nnet24compute_output_buffer_2dINS_5arrayI8ap_fixedILi16ELi6EL9ap_q_mode5EL9_505_load_fu_2242">
<pin_list>
<pin id="2243" dir="0" index="0" bw="16" slack="0"/>
<pin id="2244" dir="1" index="1" bw="16" slack="0"/>
</pin_list>
<bind>
<opcode="load(27) " fcode="load"/>
<opset="p_ZZN4nnet24compute_output_buffer_2dINS_5arrayI8ap_fixedILi16ELi6EL9ap_q_mode5EL9_505/1 "/>
</bind>
</comp>

<comp id="2246" class="1004" name="store_ln196_store_fu_2246">
<pin_list>
<pin id="2247" dir="0" index="0" bw="16" slack="0"/>
<pin id="2248" dir="0" index="1" bw="16" slack="0"/>
<pin id="2249" dir="1" index="2" bw="0" slack="2147483647"/>
</pin_list>
<bind>
<opcode="store(28) " fcode="store"/>
<opset="store_ln196/1 "/>
</bind>
</comp>

<comp id="2252" class="1004" name="p_ZZN4nnet24compute_output_buffer_2dINS_5arrayI8ap_fixedILi16ELi6EL9ap_q_mode5EL9_506_load_fu_2252">
<pin_list>
<pin id="2253" dir="0" index="0" bw="16" slack="0"/>
<pin id="2254" dir="1" index="1" bw="16" slack="0"/>
</pin_list>
<bind>
<opcode="load(27) " fcode="load"/>
<opset="p_ZZN4nnet24compute_output_buffer_2dINS_5arrayI8ap_fixedILi16ELi6EL9ap_q_mode5EL9_506/1 "/>
</bind>
</comp>

<comp id="2256" class="1004" name="store_ln196_store_fu_2256">
<pin_list>
<pin id="2257" dir="0" index="0" bw="16" slack="0"/>
<pin id="2258" dir="0" index="1" bw="16" slack="0"/>
<pin id="2259" dir="1" index="2" bw="0" slack="2147483647"/>
</pin_list>
<bind>
<opcode="store(28) " fcode="store"/>
<opset="store_ln196/1 "/>
</bind>
</comp>

<comp id="2262" class="1004" name="p_ZZN4nnet24compute_output_buffer_2dINS_5arrayI8ap_fixedILi16ELi6EL9ap_q_mode5EL9_507_load_fu_2262">
<pin_list>
<pin id="2263" dir="0" index="0" bw="16" slack="0"/>
<pin id="2264" dir="1" index="1" bw="16" slack="0"/>
</pin_list>
<bind>
<opcode="load(27) " fcode="load"/>
<opset="p_ZZN4nnet24compute_output_buffer_2dINS_5arrayI8ap_fixedILi16ELi6EL9ap_q_mode5EL9_507/1 "/>
</bind>
</comp>

<comp id="2266" class="1004" name="store_ln196_store_fu_2266">
<pin_list>
<pin id="2267" dir="0" index="0" bw="16" slack="0"/>
<pin id="2268" dir="0" index="1" bw="16" slack="0"/>
<pin id="2269" dir="1" index="2" bw="0" slack="2147483647"/>
</pin_list>
<bind>
<opcode="store(28) " fcode="store"/>
<opset="store_ln196/1 "/>
</bind>
</comp>

<comp id="2272" class="1004" name="p_ZZN4nnet24compute_output_buffer_2dINS_5arrayI8ap_fixedILi16ELi6EL9ap_q_mode5EL9_508_load_fu_2272">
<pin_list>
<pin id="2273" dir="0" index="0" bw="16" slack="0"/>
<pin id="2274" dir="1" index="1" bw="16" slack="0"/>
</pin_list>
<bind>
<opcode="load(27) " fcode="load"/>
<opset="p_ZZN4nnet24compute_output_buffer_2dINS_5arrayI8ap_fixedILi16ELi6EL9ap_q_mode5EL9_508/1 "/>
</bind>
</comp>

<comp id="2276" class="1004" name="store_ln196_store_fu_2276">
<pin_list>
<pin id="2277" dir="0" index="0" bw="16" slack="0"/>
<pin id="2278" dir="0" index="1" bw="16" slack="0"/>
<pin id="2279" dir="1" index="2" bw="0" slack="2147483647"/>
</pin_list>
<bind>
<opcode="store(28) " fcode="store"/>
<opset="store_ln196/1 "/>
</bind>
</comp>

<comp id="2282" class="1004" name="p_ZZN4nnet24compute_output_buffer_2dINS_5arrayI8ap_fixedILi16ELi6EL9ap_q_mode5EL9_509_load_fu_2282">
<pin_list>
<pin id="2283" dir="0" index="0" bw="16" slack="0"/>
<pin id="2284" dir="1" index="1" bw="16" slack="0"/>
</pin_list>
<bind>
<opcode="load(27) " fcode="load"/>
<opset="p_ZZN4nnet24compute_output_buffer_2dINS_5arrayI8ap_fixedILi16ELi6EL9ap_q_mode5EL9_509/1 "/>
</bind>
</comp>

<comp id="2286" class="1004" name="store_ln196_store_fu_2286">
<pin_list>
<pin id="2287" dir="0" index="0" bw="16" slack="0"/>
<pin id="2288" dir="0" index="1" bw="16" slack="0"/>
<pin id="2289" dir="1" index="2" bw="0" slack="2147483647"/>
</pin_list>
<bind>
<opcode="store(28) " fcode="store"/>
<opset="store_ln196/1 "/>
</bind>
</comp>

<comp id="2292" class="1004" name="p_ZZN4nnet24compute_output_buffer_2dINS_5arrayI8ap_fixedILi16ELi6EL9ap_q_mode5EL9_510_load_fu_2292">
<pin_list>
<pin id="2293" dir="0" index="0" bw="16" slack="0"/>
<pin id="2294" dir="1" index="1" bw="16" slack="0"/>
</pin_list>
<bind>
<opcode="load(27) " fcode="load"/>
<opset="p_ZZN4nnet24compute_output_buffer_2dINS_5arrayI8ap_fixedILi16ELi6EL9ap_q_mode5EL9_510/1 "/>
</bind>
</comp>

<comp id="2296" class="1004" name="store_ln196_store_fu_2296">
<pin_list>
<pin id="2297" dir="0" index="0" bw="16" slack="0"/>
<pin id="2298" dir="0" index="1" bw="16" slack="0"/>
<pin id="2299" dir="1" index="2" bw="0" slack="2147483647"/>
</pin_list>
<bind>
<opcode="store(28) " fcode="store"/>
<opset="store_ln196/1 "/>
</bind>
</comp>

<comp id="2302" class="1004" name="p_ZZN4nnet24compute_output_buffer_2dINS_5arrayI8ap_fixedILi16ELi6EL9ap_q_mode5EL9_511_load_fu_2302">
<pin_list>
<pin id="2303" dir="0" index="0" bw="16" slack="0"/>
<pin id="2304" dir="1" index="1" bw="16" slack="0"/>
</pin_list>
<bind>
<opcode="load(27) " fcode="load"/>
<opset="p_ZZN4nnet24compute_output_buffer_2dINS_5arrayI8ap_fixedILi16ELi6EL9ap_q_mode5EL9_511/1 "/>
</bind>
</comp>

<comp id="2306" class="1004" name="store_ln196_store_fu_2306">
<pin_list>
<pin id="2307" dir="0" index="0" bw="16" slack="0"/>
<pin id="2308" dir="0" index="1" bw="16" slack="0"/>
<pin id="2309" dir="1" index="2" bw="0" slack="2147483647"/>
</pin_list>
<bind>
<opcode="store(28) " fcode="store"/>
<opset="store_ln196/1 "/>
</bind>
</comp>

<comp id="2312" class="1004" name="p_ZZN4nnet24compute_output_buffer_2dINS_5arrayI8ap_fixedILi16ELi6EL9ap_q_mode5EL9_512_load_fu_2312">
<pin_list>
<pin id="2313" dir="0" index="0" bw="16" slack="0"/>
<pin id="2314" dir="1" index="1" bw="16" slack="0"/>
</pin_list>
<bind>
<opcode="load(27) " fcode="load"/>
<opset="p_ZZN4nnet24compute_output_buffer_2dINS_5arrayI8ap_fixedILi16ELi6EL9ap_q_mode5EL9_512/1 "/>
</bind>
</comp>

<comp id="2316" class="1004" name="store_ln196_store_fu_2316">
<pin_list>
<pin id="2317" dir="0" index="0" bw="16" slack="0"/>
<pin id="2318" dir="0" index="1" bw="16" slack="0"/>
<pin id="2319" dir="1" index="2" bw="0" slack="2147483647"/>
</pin_list>
<bind>
<opcode="store(28) " fcode="store"/>
<opset="store_ln196/1 "/>
</bind>
</comp>

<comp id="2322" class="1004" name="p_ZZN4nnet24compute_output_buffer_2dINS_5arrayI8ap_fixedILi16ELi6EL9ap_q_mode5EL9_513_load_fu_2322">
<pin_list>
<pin id="2323" dir="0" index="0" bw="16" slack="0"/>
<pin id="2324" dir="1" index="1" bw="16" slack="0"/>
</pin_list>
<bind>
<opcode="load(27) " fcode="load"/>
<opset="p_ZZN4nnet24compute_output_buffer_2dINS_5arrayI8ap_fixedILi16ELi6EL9ap_q_mode5EL9_513/1 "/>
</bind>
</comp>

<comp id="2326" class="1004" name="store_ln196_store_fu_2326">
<pin_list>
<pin id="2327" dir="0" index="0" bw="16" slack="0"/>
<pin id="2328" dir="0" index="1" bw="16" slack="0"/>
<pin id="2329" dir="1" index="2" bw="0" slack="2147483647"/>
</pin_list>
<bind>
<opcode="store(28) " fcode="store"/>
<opset="store_ln196/1 "/>
</bind>
</comp>

<comp id="2332" class="1004" name="p_ZZN4nnet24compute_output_buffer_2dINS_5arrayI8ap_fixedILi16ELi6EL9ap_q_mode5EL9_514_load_fu_2332">
<pin_list>
<pin id="2333" dir="0" index="0" bw="16" slack="0"/>
<pin id="2334" dir="1" index="1" bw="16" slack="0"/>
</pin_list>
<bind>
<opcode="load(27) " fcode="load"/>
<opset="p_ZZN4nnet24compute_output_buffer_2dINS_5arrayI8ap_fixedILi16ELi6EL9ap_q_mode5EL9_514/1 "/>
</bind>
</comp>

<comp id="2336" class="1004" name="store_ln196_store_fu_2336">
<pin_list>
<pin id="2337" dir="0" index="0" bw="16" slack="0"/>
<pin id="2338" dir="0" index="1" bw="16" slack="0"/>
<pin id="2339" dir="1" index="2" bw="0" slack="2147483647"/>
</pin_list>
<bind>
<opcode="store(28) " fcode="store"/>
<opset="store_ln196/1 "/>
</bind>
</comp>

<comp id="2342" class="1004" name="p_ZZN4nnet24compute_output_buffer_2dINS_5arrayI8ap_fixedILi16ELi6EL9ap_q_mode5EL9_515_load_fu_2342">
<pin_list>
<pin id="2343" dir="0" index="0" bw="16" slack="0"/>
<pin id="2344" dir="1" index="1" bw="16" slack="0"/>
</pin_list>
<bind>
<opcode="load(27) " fcode="load"/>
<opset="p_ZZN4nnet24compute_output_buffer_2dINS_5arrayI8ap_fixedILi16ELi6EL9ap_q_mode5EL9_515/1 "/>
</bind>
</comp>

<comp id="2346" class="1004" name="store_ln196_store_fu_2346">
<pin_list>
<pin id="2347" dir="0" index="0" bw="16" slack="0"/>
<pin id="2348" dir="0" index="1" bw="16" slack="0"/>
<pin id="2349" dir="1" index="2" bw="0" slack="2147483647"/>
</pin_list>
<bind>
<opcode="store(28) " fcode="store"/>
<opset="store_ln196/1 "/>
</bind>
</comp>

<comp id="2352" class="1004" name="p_ZZN4nnet24compute_output_buffer_2dINS_5arrayI8ap_fixedILi16ELi6EL9ap_q_mode5EL9_516_load_fu_2352">
<pin_list>
<pin id="2353" dir="0" index="0" bw="16" slack="0"/>
<pin id="2354" dir="1" index="1" bw="16" slack="0"/>
</pin_list>
<bind>
<opcode="load(27) " fcode="load"/>
<opset="p_ZZN4nnet24compute_output_buffer_2dINS_5arrayI8ap_fixedILi16ELi6EL9ap_q_mode5EL9_516/1 "/>
</bind>
</comp>

<comp id="2356" class="1004" name="store_ln196_store_fu_2356">
<pin_list>
<pin id="2357" dir="0" index="0" bw="16" slack="0"/>
<pin id="2358" dir="0" index="1" bw="16" slack="0"/>
<pin id="2359" dir="1" index="2" bw="0" slack="2147483647"/>
</pin_list>
<bind>
<opcode="store(28) " fcode="store"/>
<opset="store_ln196/1 "/>
</bind>
</comp>

<comp id="2362" class="1004" name="p_ZZN4nnet24compute_output_buffer_2dINS_5arrayI8ap_fixedILi16ELi6EL9ap_q_mode5EL9_517_load_fu_2362">
<pin_list>
<pin id="2363" dir="0" index="0" bw="16" slack="0"/>
<pin id="2364" dir="1" index="1" bw="16" slack="0"/>
</pin_list>
<bind>
<opcode="load(27) " fcode="load"/>
<opset="p_ZZN4nnet24compute_output_buffer_2dINS_5arrayI8ap_fixedILi16ELi6EL9ap_q_mode5EL9_517/1 "/>
</bind>
</comp>

<comp id="2366" class="1004" name="store_ln196_store_fu_2366">
<pin_list>
<pin id="2367" dir="0" index="0" bw="16" slack="0"/>
<pin id="2368" dir="0" index="1" bw="16" slack="0"/>
<pin id="2369" dir="1" index="2" bw="0" slack="2147483647"/>
</pin_list>
<bind>
<opcode="store(28) " fcode="store"/>
<opset="store_ln196/1 "/>
</bind>
</comp>

<comp id="2372" class="1004" name="p_ZZN4nnet24compute_output_buffer_2dINS_5arrayI8ap_fixedILi16ELi6EL9ap_q_mode5EL9_518_load_fu_2372">
<pin_list>
<pin id="2373" dir="0" index="0" bw="16" slack="0"/>
<pin id="2374" dir="1" index="1" bw="16" slack="0"/>
</pin_list>
<bind>
<opcode="load(27) " fcode="load"/>
<opset="p_ZZN4nnet24compute_output_buffer_2dINS_5arrayI8ap_fixedILi16ELi6EL9ap_q_mode5EL9_518/1 "/>
</bind>
</comp>

<comp id="2376" class="1004" name="store_ln196_store_fu_2376">
<pin_list>
<pin id="2377" dir="0" index="0" bw="16" slack="0"/>
<pin id="2378" dir="0" index="1" bw="16" slack="0"/>
<pin id="2379" dir="1" index="2" bw="0" slack="2147483647"/>
</pin_list>
<bind>
<opcode="store(28) " fcode="store"/>
<opset="store_ln196/1 "/>
</bind>
</comp>

<comp id="2382" class="1004" name="p_ZZN4nnet24compute_output_buffer_2dINS_5arrayI8ap_fixedILi16ELi6EL9ap_q_mode5EL9_519_load_fu_2382">
<pin_list>
<pin id="2383" dir="0" index="0" bw="16" slack="0"/>
<pin id="2384" dir="1" index="1" bw="16" slack="0"/>
</pin_list>
<bind>
<opcode="load(27) " fcode="load"/>
<opset="p_ZZN4nnet24compute_output_buffer_2dINS_5arrayI8ap_fixedILi16ELi6EL9ap_q_mode5EL9_519/1 "/>
</bind>
</comp>

<comp id="2386" class="1004" name="store_ln196_store_fu_2386">
<pin_list>
<pin id="2387" dir="0" index="0" bw="16" slack="0"/>
<pin id="2388" dir="0" index="1" bw="16" slack="0"/>
<pin id="2389" dir="1" index="2" bw="0" slack="2147483647"/>
</pin_list>
<bind>
<opcode="store(28) " fcode="store"/>
<opset="store_ln196/1 "/>
</bind>
</comp>

<comp id="2392" class="1004" name="p_ZZN4nnet24compute_output_buffer_2dINS_5arrayI8ap_fixedILi16ELi6EL9ap_q_mode5EL9_520_load_fu_2392">
<pin_list>
<pin id="2393" dir="0" index="0" bw="16" slack="0"/>
<pin id="2394" dir="1" index="1" bw="16" slack="0"/>
</pin_list>
<bind>
<opcode="load(27) " fcode="load"/>
<opset="p_ZZN4nnet24compute_output_buffer_2dINS_5arrayI8ap_fixedILi16ELi6EL9ap_q_mode5EL9_520/1 "/>
</bind>
</comp>

<comp id="2396" class="1004" name="store_ln196_store_fu_2396">
<pin_list>
<pin id="2397" dir="0" index="0" bw="16" slack="0"/>
<pin id="2398" dir="0" index="1" bw="16" slack="0"/>
<pin id="2399" dir="1" index="2" bw="0" slack="2147483647"/>
</pin_list>
<bind>
<opcode="store(28) " fcode="store"/>
<opset="store_ln196/1 "/>
</bind>
</comp>

<comp id="2402" class="1004" name="p_ZZN4nnet24compute_output_buffer_2dINS_5arrayI8ap_fixedILi16ELi6EL9ap_q_mode5EL9_521_load_fu_2402">
<pin_list>
<pin id="2403" dir="0" index="0" bw="16" slack="0"/>
<pin id="2404" dir="1" index="1" bw="16" slack="0"/>
</pin_list>
<bind>
<opcode="load(27) " fcode="load"/>
<opset="p_ZZN4nnet24compute_output_buffer_2dINS_5arrayI8ap_fixedILi16ELi6EL9ap_q_mode5EL9_521/1 "/>
</bind>
</comp>

<comp id="2406" class="1004" name="store_ln196_store_fu_2406">
<pin_list>
<pin id="2407" dir="0" index="0" bw="16" slack="0"/>
<pin id="2408" dir="0" index="1" bw="16" slack="0"/>
<pin id="2409" dir="1" index="2" bw="0" slack="2147483647"/>
</pin_list>
<bind>
<opcode="store(28) " fcode="store"/>
<opset="store_ln196/1 "/>
</bind>
</comp>

<comp id="2412" class="1004" name="p_ZZN4nnet24compute_output_buffer_2dINS_5arrayI8ap_fixedILi16ELi6EL9ap_q_mode5EL9_522_load_fu_2412">
<pin_list>
<pin id="2413" dir="0" index="0" bw="16" slack="0"/>
<pin id="2414" dir="1" index="1" bw="16" slack="0"/>
</pin_list>
<bind>
<opcode="load(27) " fcode="load"/>
<opset="p_ZZN4nnet24compute_output_buffer_2dINS_5arrayI8ap_fixedILi16ELi6EL9ap_q_mode5EL9_522/1 "/>
</bind>
</comp>

<comp id="2416" class="1004" name="store_ln196_store_fu_2416">
<pin_list>
<pin id="2417" dir="0" index="0" bw="16" slack="0"/>
<pin id="2418" dir="0" index="1" bw="16" slack="0"/>
<pin id="2419" dir="1" index="2" bw="0" slack="2147483647"/>
</pin_list>
<bind>
<opcode="store(28) " fcode="store"/>
<opset="store_ln196/1 "/>
</bind>
</comp>

<comp id="2422" class="1004" name="p_ZZN4nnet24compute_output_buffer_2dINS_5arrayI8ap_fixedILi16ELi6EL9ap_q_mode5EL9_523_load_fu_2422">
<pin_list>
<pin id="2423" dir="0" index="0" bw="16" slack="0"/>
<pin id="2424" dir="1" index="1" bw="16" slack="0"/>
</pin_list>
<bind>
<opcode="load(27) " fcode="load"/>
<opset="p_ZZN4nnet24compute_output_buffer_2dINS_5arrayI8ap_fixedILi16ELi6EL9ap_q_mode5EL9_523/1 "/>
</bind>
</comp>

<comp id="2426" class="1004" name="store_ln196_store_fu_2426">
<pin_list>
<pin id="2427" dir="0" index="0" bw="16" slack="0"/>
<pin id="2428" dir="0" index="1" bw="16" slack="0"/>
<pin id="2429" dir="1" index="2" bw="0" slack="2147483647"/>
</pin_list>
<bind>
<opcode="store(28) " fcode="store"/>
<opset="store_ln196/1 "/>
</bind>
</comp>

<comp id="2432" class="1004" name="p_ZZN4nnet24compute_output_buffer_2dINS_5arrayI8ap_fixedILi16ELi6EL9ap_q_mode5EL9_524_load_fu_2432">
<pin_list>
<pin id="2433" dir="0" index="0" bw="16" slack="0"/>
<pin id="2434" dir="1" index="1" bw="16" slack="0"/>
</pin_list>
<bind>
<opcode="load(27) " fcode="load"/>
<opset="p_ZZN4nnet24compute_output_buffer_2dINS_5arrayI8ap_fixedILi16ELi6EL9ap_q_mode5EL9_524/1 "/>
</bind>
</comp>

<comp id="2436" class="1004" name="store_ln196_store_fu_2436">
<pin_list>
<pin id="2437" dir="0" index="0" bw="16" slack="0"/>
<pin id="2438" dir="0" index="1" bw="16" slack="0"/>
<pin id="2439" dir="1" index="2" bw="0" slack="2147483647"/>
</pin_list>
<bind>
<opcode="store(28) " fcode="store"/>
<opset="store_ln196/1 "/>
</bind>
</comp>

<comp id="2442" class="1004" name="p_ZZN4nnet24compute_output_buffer_2dINS_5arrayI8ap_fixedILi16ELi6EL9ap_q_mode5EL9_525_load_fu_2442">
<pin_list>
<pin id="2443" dir="0" index="0" bw="16" slack="0"/>
<pin id="2444" dir="1" index="1" bw="16" slack="0"/>
</pin_list>
<bind>
<opcode="load(27) " fcode="load"/>
<opset="p_ZZN4nnet24compute_output_buffer_2dINS_5arrayI8ap_fixedILi16ELi6EL9ap_q_mode5EL9_525/1 "/>
</bind>
</comp>

<comp id="2446" class="1004" name="store_ln196_store_fu_2446">
<pin_list>
<pin id="2447" dir="0" index="0" bw="16" slack="0"/>
<pin id="2448" dir="0" index="1" bw="16" slack="0"/>
<pin id="2449" dir="1" index="2" bw="0" slack="2147483647"/>
</pin_list>
<bind>
<opcode="store(28) " fcode="store"/>
<opset="store_ln196/1 "/>
</bind>
</comp>

<comp id="2452" class="1004" name="p_ZZN4nnet24compute_output_buffer_2dINS_5arrayI8ap_fixedILi16ELi6EL9ap_q_mode5EL9_526_load_fu_2452">
<pin_list>
<pin id="2453" dir="0" index="0" bw="16" slack="0"/>
<pin id="2454" dir="1" index="1" bw="16" slack="0"/>
</pin_list>
<bind>
<opcode="load(27) " fcode="load"/>
<opset="p_ZZN4nnet24compute_output_buffer_2dINS_5arrayI8ap_fixedILi16ELi6EL9ap_q_mode5EL9_526/1 "/>
</bind>
</comp>

<comp id="2456" class="1004" name="store_ln196_store_fu_2456">
<pin_list>
<pin id="2457" dir="0" index="0" bw="16" slack="0"/>
<pin id="2458" dir="0" index="1" bw="16" slack="0"/>
<pin id="2459" dir="1" index="2" bw="0" slack="2147483647"/>
</pin_list>
<bind>
<opcode="store(28) " fcode="store"/>
<opset="store_ln196/1 "/>
</bind>
</comp>

<comp id="2462" class="1004" name="p_ZZN4nnet24compute_output_buffer_2dINS_5arrayI8ap_fixedILi16ELi6EL9ap_q_mode5EL9_527_load_fu_2462">
<pin_list>
<pin id="2463" dir="0" index="0" bw="16" slack="0"/>
<pin id="2464" dir="1" index="1" bw="16" slack="0"/>
</pin_list>
<bind>
<opcode="load(27) " fcode="load"/>
<opset="p_ZZN4nnet24compute_output_buffer_2dINS_5arrayI8ap_fixedILi16ELi6EL9ap_q_mode5EL9_527/1 "/>
</bind>
</comp>

<comp id="2466" class="1004" name="store_ln196_store_fu_2466">
<pin_list>
<pin id="2467" dir="0" index="0" bw="16" slack="0"/>
<pin id="2468" dir="0" index="1" bw="16" slack="0"/>
<pin id="2469" dir="1" index="2" bw="0" slack="2147483647"/>
</pin_list>
<bind>
<opcode="store(28) " fcode="store"/>
<opset="store_ln196/1 "/>
</bind>
</comp>

<comp id="2472" class="1004" name="p_ZZN4nnet24compute_output_buffer_2dINS_5arrayI8ap_fixedILi16ELi6EL9ap_q_mode5EL9_528_load_fu_2472">
<pin_list>
<pin id="2473" dir="0" index="0" bw="16" slack="0"/>
<pin id="2474" dir="1" index="1" bw="16" slack="0"/>
</pin_list>
<bind>
<opcode="load(27) " fcode="load"/>
<opset="p_ZZN4nnet24compute_output_buffer_2dINS_5arrayI8ap_fixedILi16ELi6EL9ap_q_mode5EL9_528/1 "/>
</bind>
</comp>

<comp id="2476" class="1004" name="store_ln196_store_fu_2476">
<pin_list>
<pin id="2477" dir="0" index="0" bw="16" slack="0"/>
<pin id="2478" dir="0" index="1" bw="16" slack="0"/>
<pin id="2479" dir="1" index="2" bw="0" slack="2147483647"/>
</pin_list>
<bind>
<opcode="store(28) " fcode="store"/>
<opset="store_ln196/1 "/>
</bind>
</comp>

<comp id="2482" class="1004" name="p_ZZN4nnet24compute_output_buffer_2dINS_5arrayI8ap_fixedILi16ELi6EL9ap_q_mode5EL9_529_load_fu_2482">
<pin_list>
<pin id="2483" dir="0" index="0" bw="16" slack="0"/>
<pin id="2484" dir="1" index="1" bw="16" slack="0"/>
</pin_list>
<bind>
<opcode="load(27) " fcode="load"/>
<opset="p_ZZN4nnet24compute_output_buffer_2dINS_5arrayI8ap_fixedILi16ELi6EL9ap_q_mode5EL9_529/1 "/>
</bind>
</comp>

<comp id="2486" class="1004" name="store_ln196_store_fu_2486">
<pin_list>
<pin id="2487" dir="0" index="0" bw="16" slack="0"/>
<pin id="2488" dir="0" index="1" bw="16" slack="0"/>
<pin id="2489" dir="1" index="2" bw="0" slack="2147483647"/>
</pin_list>
<bind>
<opcode="store(28) " fcode="store"/>
<opset="store_ln196/1 "/>
</bind>
</comp>

<comp id="2492" class="1004" name="p_ZZN4nnet24compute_output_buffer_2dINS_5arrayI8ap_fixedILi16ELi6EL9ap_q_mode5EL9_530_load_fu_2492">
<pin_list>
<pin id="2493" dir="0" index="0" bw="16" slack="0"/>
<pin id="2494" dir="1" index="1" bw="16" slack="0"/>
</pin_list>
<bind>
<opcode="load(27) " fcode="load"/>
<opset="p_ZZN4nnet24compute_output_buffer_2dINS_5arrayI8ap_fixedILi16ELi6EL9ap_q_mode5EL9_530/1 "/>
</bind>
</comp>

<comp id="2496" class="1004" name="store_ln196_store_fu_2496">
<pin_list>
<pin id="2497" dir="0" index="0" bw="16" slack="0"/>
<pin id="2498" dir="0" index="1" bw="16" slack="0"/>
<pin id="2499" dir="1" index="2" bw="0" slack="2147483647"/>
</pin_list>
<bind>
<opcode="store(28) " fcode="store"/>
<opset="store_ln196/1 "/>
</bind>
</comp>

<comp id="2502" class="1004" name="p_ZZN4nnet24compute_output_buffer_2dINS_5arrayI8ap_fixedILi16ELi6EL9ap_q_mode5EL9_531_load_fu_2502">
<pin_list>
<pin id="2503" dir="0" index="0" bw="16" slack="0"/>
<pin id="2504" dir="1" index="1" bw="16" slack="0"/>
</pin_list>
<bind>
<opcode="load(27) " fcode="load"/>
<opset="p_ZZN4nnet24compute_output_buffer_2dINS_5arrayI8ap_fixedILi16ELi6EL9ap_q_mode5EL9_531/1 "/>
</bind>
</comp>

<comp id="2506" class="1004" name="store_ln196_store_fu_2506">
<pin_list>
<pin id="2507" dir="0" index="0" bw="16" slack="0"/>
<pin id="2508" dir="0" index="1" bw="16" slack="0"/>
<pin id="2509" dir="1" index="2" bw="0" slack="2147483647"/>
</pin_list>
<bind>
<opcode="store(28) " fcode="store"/>
<opset="store_ln196/1 "/>
</bind>
</comp>

<comp id="2512" class="1004" name="p_ZZN4nnet24compute_output_buffer_2dINS_5arrayI8ap_fixedILi16ELi6EL9ap_q_mode5EL9_532_load_fu_2512">
<pin_list>
<pin id="2513" dir="0" index="0" bw="16" slack="0"/>
<pin id="2514" dir="1" index="1" bw="16" slack="0"/>
</pin_list>
<bind>
<opcode="load(27) " fcode="load"/>
<opset="p_ZZN4nnet24compute_output_buffer_2dINS_5arrayI8ap_fixedILi16ELi6EL9ap_q_mode5EL9_532/1 "/>
</bind>
</comp>

<comp id="2516" class="1004" name="store_ln196_store_fu_2516">
<pin_list>
<pin id="2517" dir="0" index="0" bw="16" slack="0"/>
<pin id="2518" dir="0" index="1" bw="16" slack="0"/>
<pin id="2519" dir="1" index="2" bw="0" slack="2147483647"/>
</pin_list>
<bind>
<opcode="store(28) " fcode="store"/>
<opset="store_ln196/1 "/>
</bind>
</comp>

<comp id="2522" class="1004" name="p_ZZN4nnet24compute_output_buffer_2dINS_5arrayI8ap_fixedILi16ELi6EL9ap_q_mode5EL9_533_load_fu_2522">
<pin_list>
<pin id="2523" dir="0" index="0" bw="16" slack="0"/>
<pin id="2524" dir="1" index="1" bw="16" slack="0"/>
</pin_list>
<bind>
<opcode="load(27) " fcode="load"/>
<opset="p_ZZN4nnet24compute_output_buffer_2dINS_5arrayI8ap_fixedILi16ELi6EL9ap_q_mode5EL9_533/1 "/>
</bind>
</comp>

<comp id="2526" class="1004" name="store_ln196_store_fu_2526">
<pin_list>
<pin id="2527" dir="0" index="0" bw="16" slack="0"/>
<pin id="2528" dir="0" index="1" bw="16" slack="0"/>
<pin id="2529" dir="1" index="2" bw="0" slack="2147483647"/>
</pin_list>
<bind>
<opcode="store(28) " fcode="store"/>
<opset="store_ln196/1 "/>
</bind>
</comp>

<comp id="2532" class="1004" name="p_ZZN4nnet24compute_output_buffer_2dINS_5arrayI8ap_fixedILi16ELi6EL9ap_q_mode5EL9_534_load_fu_2532">
<pin_list>
<pin id="2533" dir="0" index="0" bw="16" slack="0"/>
<pin id="2534" dir="1" index="1" bw="16" slack="0"/>
</pin_list>
<bind>
<opcode="load(27) " fcode="load"/>
<opset="p_ZZN4nnet24compute_output_buffer_2dINS_5arrayI8ap_fixedILi16ELi6EL9ap_q_mode5EL9_534/1 "/>
</bind>
</comp>

<comp id="2536" class="1004" name="store_ln196_store_fu_2536">
<pin_list>
<pin id="2537" dir="0" index="0" bw="16" slack="0"/>
<pin id="2538" dir="0" index="1" bw="16" slack="0"/>
<pin id="2539" dir="1" index="2" bw="0" slack="2147483647"/>
</pin_list>
<bind>
<opcode="store(28) " fcode="store"/>
<opset="store_ln196/1 "/>
</bind>
</comp>

<comp id="2542" class="1004" name="p_ZZN4nnet24compute_output_buffer_2dINS_5arrayI8ap_fixedILi16ELi6EL9ap_q_mode5EL9_535_load_fu_2542">
<pin_list>
<pin id="2543" dir="0" index="0" bw="16" slack="0"/>
<pin id="2544" dir="1" index="1" bw="16" slack="0"/>
</pin_list>
<bind>
<opcode="load(27) " fcode="load"/>
<opset="p_ZZN4nnet24compute_output_buffer_2dINS_5arrayI8ap_fixedILi16ELi6EL9ap_q_mode5EL9_535/1 "/>
</bind>
</comp>

<comp id="2546" class="1004" name="store_ln196_store_fu_2546">
<pin_list>
<pin id="2547" dir="0" index="0" bw="16" slack="0"/>
<pin id="2548" dir="0" index="1" bw="16" slack="0"/>
<pin id="2549" dir="1" index="2" bw="0" slack="2147483647"/>
</pin_list>
<bind>
<opcode="store(28) " fcode="store"/>
<opset="store_ln196/1 "/>
</bind>
</comp>

<comp id="2552" class="1004" name="p_ZZN4nnet24compute_output_buffer_2dINS_5arrayI8ap_fixedILi16ELi6EL9ap_q_mode5EL9_536_load_fu_2552">
<pin_list>
<pin id="2553" dir="0" index="0" bw="16" slack="0"/>
<pin id="2554" dir="1" index="1" bw="16" slack="0"/>
</pin_list>
<bind>
<opcode="load(27) " fcode="load"/>
<opset="p_ZZN4nnet24compute_output_buffer_2dINS_5arrayI8ap_fixedILi16ELi6EL9ap_q_mode5EL9_536/1 "/>
</bind>
</comp>

<comp id="2556" class="1004" name="store_ln196_store_fu_2556">
<pin_list>
<pin id="2557" dir="0" index="0" bw="16" slack="0"/>
<pin id="2558" dir="0" index="1" bw="16" slack="0"/>
<pin id="2559" dir="1" index="2" bw="0" slack="2147483647"/>
</pin_list>
<bind>
<opcode="store(28) " fcode="store"/>
<opset="store_ln196/1 "/>
</bind>
</comp>

<comp id="2562" class="1004" name="p_ZZN4nnet24compute_output_buffer_2dINS_5arrayI8ap_fixedILi16ELi6EL9ap_q_mode5EL9_537_load_fu_2562">
<pin_list>
<pin id="2563" dir="0" index="0" bw="16" slack="0"/>
<pin id="2564" dir="1" index="1" bw="16" slack="0"/>
</pin_list>
<bind>
<opcode="load(27) " fcode="load"/>
<opset="p_ZZN4nnet24compute_output_buffer_2dINS_5arrayI8ap_fixedILi16ELi6EL9ap_q_mode5EL9_537/1 "/>
</bind>
</comp>

<comp id="2566" class="1004" name="store_ln196_store_fu_2566">
<pin_list>
<pin id="2567" dir="0" index="0" bw="16" slack="0"/>
<pin id="2568" dir="0" index="1" bw="16" slack="0"/>
<pin id="2569" dir="1" index="2" bw="0" slack="2147483647"/>
</pin_list>
<bind>
<opcode="store(28) " fcode="store"/>
<opset="store_ln196/1 "/>
</bind>
</comp>

<comp id="2572" class="1004" name="p_ZZN4nnet24compute_output_buffer_2dINS_5arrayI8ap_fixedILi16ELi6EL9ap_q_mode5EL9_538_load_fu_2572">
<pin_list>
<pin id="2573" dir="0" index="0" bw="16" slack="0"/>
<pin id="2574" dir="1" index="1" bw="16" slack="0"/>
</pin_list>
<bind>
<opcode="load(27) " fcode="load"/>
<opset="p_ZZN4nnet24compute_output_buffer_2dINS_5arrayI8ap_fixedILi16ELi6EL9ap_q_mode5EL9_538/1 "/>
</bind>
</comp>

<comp id="2576" class="1004" name="store_ln196_store_fu_2576">
<pin_list>
<pin id="2577" dir="0" index="0" bw="16" slack="0"/>
<pin id="2578" dir="0" index="1" bw="16" slack="0"/>
<pin id="2579" dir="1" index="2" bw="0" slack="2147483647"/>
</pin_list>
<bind>
<opcode="store(28) " fcode="store"/>
<opset="store_ln196/1 "/>
</bind>
</comp>

<comp id="2582" class="1004" name="p_ZZN4nnet24compute_output_buffer_2dINS_5arrayI8ap_fixedILi16ELi6EL9ap_q_mode5EL9_539_load_fu_2582">
<pin_list>
<pin id="2583" dir="0" index="0" bw="16" slack="0"/>
<pin id="2584" dir="1" index="1" bw="16" slack="0"/>
</pin_list>
<bind>
<opcode="load(27) " fcode="load"/>
<opset="p_ZZN4nnet24compute_output_buffer_2dINS_5arrayI8ap_fixedILi16ELi6EL9ap_q_mode5EL9_539/1 "/>
</bind>
</comp>

<comp id="2586" class="1004" name="store_ln196_store_fu_2586">
<pin_list>
<pin id="2587" dir="0" index="0" bw="16" slack="0"/>
<pin id="2588" dir="0" index="1" bw="16" slack="0"/>
<pin id="2589" dir="1" index="2" bw="0" slack="2147483647"/>
</pin_list>
<bind>
<opcode="store(28) " fcode="store"/>
<opset="store_ln196/1 "/>
</bind>
</comp>

<comp id="2592" class="1004" name="p_ZZN4nnet24compute_output_buffer_2dINS_5arrayI8ap_fixedILi16ELi6EL9ap_q_mode5EL9_540_load_fu_2592">
<pin_list>
<pin id="2593" dir="0" index="0" bw="16" slack="0"/>
<pin id="2594" dir="1" index="1" bw="16" slack="0"/>
</pin_list>
<bind>
<opcode="load(27) " fcode="load"/>
<opset="p_ZZN4nnet24compute_output_buffer_2dINS_5arrayI8ap_fixedILi16ELi6EL9ap_q_mode5EL9_540/1 "/>
</bind>
</comp>

<comp id="2596" class="1004" name="store_ln196_store_fu_2596">
<pin_list>
<pin id="2597" dir="0" index="0" bw="16" slack="0"/>
<pin id="2598" dir="0" index="1" bw="16" slack="0"/>
<pin id="2599" dir="1" index="2" bw="0" slack="2147483647"/>
</pin_list>
<bind>
<opcode="store(28) " fcode="store"/>
<opset="store_ln196/1 "/>
</bind>
</comp>

<comp id="2602" class="1004" name="p_ZZN4nnet24compute_output_buffer_2dINS_5arrayI8ap_fixedILi16ELi6EL9ap_q_mode5EL9_541_load_fu_2602">
<pin_list>
<pin id="2603" dir="0" index="0" bw="16" slack="0"/>
<pin id="2604" dir="1" index="1" bw="16" slack="0"/>
</pin_list>
<bind>
<opcode="load(27) " fcode="load"/>
<opset="p_ZZN4nnet24compute_output_buffer_2dINS_5arrayI8ap_fixedILi16ELi6EL9ap_q_mode5EL9_541/1 "/>
</bind>
</comp>

<comp id="2606" class="1004" name="store_ln196_store_fu_2606">
<pin_list>
<pin id="2607" dir="0" index="0" bw="16" slack="0"/>
<pin id="2608" dir="0" index="1" bw="16" slack="0"/>
<pin id="2609" dir="1" index="2" bw="0" slack="2147483647"/>
</pin_list>
<bind>
<opcode="store(28) " fcode="store"/>
<opset="store_ln196/1 "/>
</bind>
</comp>

<comp id="2612" class="1004" name="p_ZZN4nnet24compute_output_buffer_2dINS_5arrayI8ap_fixedILi16ELi6EL9ap_q_mode5EL9_542_load_fu_2612">
<pin_list>
<pin id="2613" dir="0" index="0" bw="16" slack="0"/>
<pin id="2614" dir="1" index="1" bw="16" slack="0"/>
</pin_list>
<bind>
<opcode="load(27) " fcode="load"/>
<opset="p_ZZN4nnet24compute_output_buffer_2dINS_5arrayI8ap_fixedILi16ELi6EL9ap_q_mode5EL9_542/1 "/>
</bind>
</comp>

<comp id="2616" class="1004" name="store_ln196_store_fu_2616">
<pin_list>
<pin id="2617" dir="0" index="0" bw="16" slack="0"/>
<pin id="2618" dir="0" index="1" bw="16" slack="0"/>
<pin id="2619" dir="1" index="2" bw="0" slack="2147483647"/>
</pin_list>
<bind>
<opcode="store(28) " fcode="store"/>
<opset="store_ln196/1 "/>
</bind>
</comp>

<comp id="2622" class="1004" name="p_ZZN4nnet24compute_output_buffer_2dINS_5arrayI8ap_fixedILi16ELi6EL9ap_q_mode5EL9_543_load_fu_2622">
<pin_list>
<pin id="2623" dir="0" index="0" bw="16" slack="0"/>
<pin id="2624" dir="1" index="1" bw="16" slack="0"/>
</pin_list>
<bind>
<opcode="load(27) " fcode="load"/>
<opset="p_ZZN4nnet24compute_output_buffer_2dINS_5arrayI8ap_fixedILi16ELi6EL9ap_q_mode5EL9_543/1 "/>
</bind>
</comp>

<comp id="2626" class="1004" name="store_ln196_store_fu_2626">
<pin_list>
<pin id="2627" dir="0" index="0" bw="16" slack="0"/>
<pin id="2628" dir="0" index="1" bw="16" slack="0"/>
<pin id="2629" dir="1" index="2" bw="0" slack="2147483647"/>
</pin_list>
<bind>
<opcode="store(28) " fcode="store"/>
<opset="store_ln196/1 "/>
</bind>
</comp>

<comp id="2632" class="1004" name="p_ZZN4nnet24compute_output_buffer_2dINS_5arrayI8ap_fixedILi16ELi6EL9ap_q_mode5EL9_544_load_fu_2632">
<pin_list>
<pin id="2633" dir="0" index="0" bw="16" slack="0"/>
<pin id="2634" dir="1" index="1" bw="16" slack="0"/>
</pin_list>
<bind>
<opcode="load(27) " fcode="load"/>
<opset="p_ZZN4nnet24compute_output_buffer_2dINS_5arrayI8ap_fixedILi16ELi6EL9ap_q_mode5EL9_544/1 "/>
</bind>
</comp>

<comp id="2636" class="1004" name="store_ln196_store_fu_2636">
<pin_list>
<pin id="2637" dir="0" index="0" bw="16" slack="0"/>
<pin id="2638" dir="0" index="1" bw="16" slack="0"/>
<pin id="2639" dir="1" index="2" bw="0" slack="2147483647"/>
</pin_list>
<bind>
<opcode="store(28) " fcode="store"/>
<opset="store_ln196/1 "/>
</bind>
</comp>

<comp id="2642" class="1004" name="p_ZZN4nnet24compute_output_buffer_2dINS_5arrayI8ap_fixedILi16ELi6EL9ap_q_mode5EL9_545_load_fu_2642">
<pin_list>
<pin id="2643" dir="0" index="0" bw="16" slack="0"/>
<pin id="2644" dir="1" index="1" bw="16" slack="0"/>
</pin_list>
<bind>
<opcode="load(27) " fcode="load"/>
<opset="p_ZZN4nnet24compute_output_buffer_2dINS_5arrayI8ap_fixedILi16ELi6EL9ap_q_mode5EL9_545/1 "/>
</bind>
</comp>

<comp id="2646" class="1004" name="store_ln196_store_fu_2646">
<pin_list>
<pin id="2647" dir="0" index="0" bw="16" slack="0"/>
<pin id="2648" dir="0" index="1" bw="16" slack="0"/>
<pin id="2649" dir="1" index="2" bw="0" slack="2147483647"/>
</pin_list>
<bind>
<opcode="store(28) " fcode="store"/>
<opset="store_ln196/1 "/>
</bind>
</comp>

<comp id="2652" class="1004" name="p_ZZN4nnet24compute_output_buffer_2dINS_5arrayI8ap_fixedILi16ELi6EL9ap_q_mode5EL9_546_load_fu_2652">
<pin_list>
<pin id="2653" dir="0" index="0" bw="16" slack="0"/>
<pin id="2654" dir="1" index="1" bw="16" slack="0"/>
</pin_list>
<bind>
<opcode="load(27) " fcode="load"/>
<opset="p_ZZN4nnet24compute_output_buffer_2dINS_5arrayI8ap_fixedILi16ELi6EL9ap_q_mode5EL9_546/1 "/>
</bind>
</comp>

<comp id="2656" class="1004" name="store_ln196_store_fu_2656">
<pin_list>
<pin id="2657" dir="0" index="0" bw="16" slack="0"/>
<pin id="2658" dir="0" index="1" bw="16" slack="0"/>
<pin id="2659" dir="1" index="2" bw="0" slack="2147483647"/>
</pin_list>
<bind>
<opcode="store(28) " fcode="store"/>
<opset="store_ln196/1 "/>
</bind>
</comp>

<comp id="2662" class="1004" name="p_ZZN4nnet24compute_output_buffer_2dINS_5arrayI8ap_fixedILi16ELi6EL9ap_q_mode5EL9_547_load_fu_2662">
<pin_list>
<pin id="2663" dir="0" index="0" bw="16" slack="0"/>
<pin id="2664" dir="1" index="1" bw="16" slack="0"/>
</pin_list>
<bind>
<opcode="load(27) " fcode="load"/>
<opset="p_ZZN4nnet24compute_output_buffer_2dINS_5arrayI8ap_fixedILi16ELi6EL9ap_q_mode5EL9_547/1 "/>
</bind>
</comp>

<comp id="2666" class="1004" name="store_ln196_store_fu_2666">
<pin_list>
<pin id="2667" dir="0" index="0" bw="16" slack="0"/>
<pin id="2668" dir="0" index="1" bw="16" slack="0"/>
<pin id="2669" dir="1" index="2" bw="0" slack="2147483647"/>
</pin_list>
<bind>
<opcode="store(28) " fcode="store"/>
<opset="store_ln196/1 "/>
</bind>
</comp>

<comp id="2672" class="1004" name="p_ZZN4nnet24compute_output_buffer_2dINS_5arrayI8ap_fixedILi16ELi6EL9ap_q_mode5EL9_548_load_fu_2672">
<pin_list>
<pin id="2673" dir="0" index="0" bw="16" slack="0"/>
<pin id="2674" dir="1" index="1" bw="16" slack="0"/>
</pin_list>
<bind>
<opcode="load(27) " fcode="load"/>
<opset="p_ZZN4nnet24compute_output_buffer_2dINS_5arrayI8ap_fixedILi16ELi6EL9ap_q_mode5EL9_548/1 "/>
</bind>
</comp>

<comp id="2676" class="1004" name="store_ln196_store_fu_2676">
<pin_list>
<pin id="2677" dir="0" index="0" bw="16" slack="0"/>
<pin id="2678" dir="0" index="1" bw="16" slack="0"/>
<pin id="2679" dir="1" index="2" bw="0" slack="2147483647"/>
</pin_list>
<bind>
<opcode="store(28) " fcode="store"/>
<opset="store_ln196/1 "/>
</bind>
</comp>

<comp id="2682" class="1004" name="p_ZZN4nnet24compute_output_buffer_2dINS_5arrayI8ap_fixedILi16ELi6EL9ap_q_mode5EL9_549_load_fu_2682">
<pin_list>
<pin id="2683" dir="0" index="0" bw="16" slack="0"/>
<pin id="2684" dir="1" index="1" bw="16" slack="0"/>
</pin_list>
<bind>
<opcode="load(27) " fcode="load"/>
<opset="p_ZZN4nnet24compute_output_buffer_2dINS_5arrayI8ap_fixedILi16ELi6EL9ap_q_mode5EL9_549/1 "/>
</bind>
</comp>

<comp id="2686" class="1004" name="store_ln196_store_fu_2686">
<pin_list>
<pin id="2687" dir="0" index="0" bw="16" slack="0"/>
<pin id="2688" dir="0" index="1" bw="16" slack="0"/>
<pin id="2689" dir="1" index="2" bw="0" slack="2147483647"/>
</pin_list>
<bind>
<opcode="store(28) " fcode="store"/>
<opset="store_ln196/1 "/>
</bind>
</comp>

<comp id="2692" class="1004" name="p_ZZN4nnet24compute_output_buffer_2dINS_5arrayI8ap_fixedILi16ELi6EL9ap_q_mode5EL9_550_load_fu_2692">
<pin_list>
<pin id="2693" dir="0" index="0" bw="16" slack="0"/>
<pin id="2694" dir="1" index="1" bw="16" slack="0"/>
</pin_list>
<bind>
<opcode="load(27) " fcode="load"/>
<opset="p_ZZN4nnet24compute_output_buffer_2dINS_5arrayI8ap_fixedILi16ELi6EL9ap_q_mode5EL9_550/1 "/>
</bind>
</comp>

<comp id="2696" class="1004" name="store_ln196_store_fu_2696">
<pin_list>
<pin id="2697" dir="0" index="0" bw="16" slack="0"/>
<pin id="2698" dir="0" index="1" bw="16" slack="0"/>
<pin id="2699" dir="1" index="2" bw="0" slack="2147483647"/>
</pin_list>
<bind>
<opcode="store(28) " fcode="store"/>
<opset="store_ln196/1 "/>
</bind>
</comp>

<comp id="2702" class="1004" name="p_ZZN4nnet24compute_output_buffer_2dINS_5arrayI8ap_fixedILi16ELi6EL9ap_q_mode5EL9_551_load_fu_2702">
<pin_list>
<pin id="2703" dir="0" index="0" bw="16" slack="0"/>
<pin id="2704" dir="1" index="1" bw="16" slack="0"/>
</pin_list>
<bind>
<opcode="load(27) " fcode="load"/>
<opset="p_ZZN4nnet24compute_output_buffer_2dINS_5arrayI8ap_fixedILi16ELi6EL9ap_q_mode5EL9_551/1 "/>
</bind>
</comp>

<comp id="2706" class="1004" name="store_ln196_store_fu_2706">
<pin_list>
<pin id="2707" dir="0" index="0" bw="16" slack="0"/>
<pin id="2708" dir="0" index="1" bw="16" slack="0"/>
<pin id="2709" dir="1" index="2" bw="0" slack="2147483647"/>
</pin_list>
<bind>
<opcode="store(28) " fcode="store"/>
<opset="store_ln196/1 "/>
</bind>
</comp>

<comp id="2712" class="1004" name="p_ZZN4nnet24compute_output_buffer_2dINS_5arrayI8ap_fixedILi16ELi6EL9ap_q_mode5EL9_552_load_fu_2712">
<pin_list>
<pin id="2713" dir="0" index="0" bw="16" slack="0"/>
<pin id="2714" dir="1" index="1" bw="16" slack="0"/>
</pin_list>
<bind>
<opcode="load(27) " fcode="load"/>
<opset="p_ZZN4nnet24compute_output_buffer_2dINS_5arrayI8ap_fixedILi16ELi6EL9ap_q_mode5EL9_552/1 "/>
</bind>
</comp>

<comp id="2716" class="1004" name="store_ln196_store_fu_2716">
<pin_list>
<pin id="2717" dir="0" index="0" bw="16" slack="0"/>
<pin id="2718" dir="0" index="1" bw="16" slack="0"/>
<pin id="2719" dir="1" index="2" bw="0" slack="2147483647"/>
</pin_list>
<bind>
<opcode="store(28) " fcode="store"/>
<opset="store_ln196/1 "/>
</bind>
</comp>

<comp id="2722" class="1004" name="p_ZZN4nnet24compute_output_buffer_2dINS_5arrayI8ap_fixedILi16ELi6EL9ap_q_mode5EL9_553_load_fu_2722">
<pin_list>
<pin id="2723" dir="0" index="0" bw="16" slack="0"/>
<pin id="2724" dir="1" index="1" bw="16" slack="0"/>
</pin_list>
<bind>
<opcode="load(27) " fcode="load"/>
<opset="p_ZZN4nnet24compute_output_buffer_2dINS_5arrayI8ap_fixedILi16ELi6EL9ap_q_mode5EL9_553/1 "/>
</bind>
</comp>

<comp id="2726" class="1004" name="store_ln196_store_fu_2726">
<pin_list>
<pin id="2727" dir="0" index="0" bw="16" slack="0"/>
<pin id="2728" dir="0" index="1" bw="16" slack="0"/>
<pin id="2729" dir="1" index="2" bw="0" slack="2147483647"/>
</pin_list>
<bind>
<opcode="store(28) " fcode="store"/>
<opset="store_ln196/1 "/>
</bind>
</comp>

<comp id="2732" class="1004" name="p_ZZN4nnet24compute_output_buffer_2dINS_5arrayI8ap_fixedILi16ELi6EL9ap_q_mode5EL9_554_load_fu_2732">
<pin_list>
<pin id="2733" dir="0" index="0" bw="16" slack="0"/>
<pin id="2734" dir="1" index="1" bw="16" slack="0"/>
</pin_list>
<bind>
<opcode="load(27) " fcode="load"/>
<opset="p_ZZN4nnet24compute_output_buffer_2dINS_5arrayI8ap_fixedILi16ELi6EL9ap_q_mode5EL9_554/1 "/>
</bind>
</comp>

<comp id="2736" class="1004" name="store_ln196_store_fu_2736">
<pin_list>
<pin id="2737" dir="0" index="0" bw="16" slack="0"/>
<pin id="2738" dir="0" index="1" bw="16" slack="0"/>
<pin id="2739" dir="1" index="2" bw="0" slack="2147483647"/>
</pin_list>
<bind>
<opcode="store(28) " fcode="store"/>
<opset="store_ln196/1 "/>
</bind>
</comp>

<comp id="2742" class="1004" name="p_ZZN4nnet24compute_output_buffer_2dINS_5arrayI8ap_fixedILi16ELi6EL9ap_q_mode5EL9_555_load_fu_2742">
<pin_list>
<pin id="2743" dir="0" index="0" bw="16" slack="0"/>
<pin id="2744" dir="1" index="1" bw="16" slack="0"/>
</pin_list>
<bind>
<opcode="load(27) " fcode="load"/>
<opset="p_ZZN4nnet24compute_output_buffer_2dINS_5arrayI8ap_fixedILi16ELi6EL9ap_q_mode5EL9_555/1 "/>
</bind>
</comp>

<comp id="2746" class="1004" name="store_ln196_store_fu_2746">
<pin_list>
<pin id="2747" dir="0" index="0" bw="16" slack="0"/>
<pin id="2748" dir="0" index="1" bw="16" slack="0"/>
<pin id="2749" dir="1" index="2" bw="0" slack="2147483647"/>
</pin_list>
<bind>
<opcode="store(28) " fcode="store"/>
<opset="store_ln196/1 "/>
</bind>
</comp>

<comp id="2752" class="1004" name="p_ZZN4nnet24compute_output_buffer_2dINS_5arrayI8ap_fixedILi16ELi6EL9ap_q_mode5EL9_556_load_fu_2752">
<pin_list>
<pin id="2753" dir="0" index="0" bw="16" slack="0"/>
<pin id="2754" dir="1" index="1" bw="16" slack="0"/>
</pin_list>
<bind>
<opcode="load(27) " fcode="load"/>
<opset="p_ZZN4nnet24compute_output_buffer_2dINS_5arrayI8ap_fixedILi16ELi6EL9ap_q_mode5EL9_556/1 "/>
</bind>
</comp>

<comp id="2756" class="1004" name="store_ln196_store_fu_2756">
<pin_list>
<pin id="2757" dir="0" index="0" bw="16" slack="0"/>
<pin id="2758" dir="0" index="1" bw="16" slack="0"/>
<pin id="2759" dir="1" index="2" bw="0" slack="2147483647"/>
</pin_list>
<bind>
<opcode="store(28) " fcode="store"/>
<opset="store_ln196/1 "/>
</bind>
</comp>

<comp id="2762" class="1004" name="p_ZZN4nnet24compute_output_buffer_2dINS_5arrayI8ap_fixedILi16ELi6EL9ap_q_mode5EL9_557_load_fu_2762">
<pin_list>
<pin id="2763" dir="0" index="0" bw="16" slack="0"/>
<pin id="2764" dir="1" index="1" bw="16" slack="0"/>
</pin_list>
<bind>
<opcode="load(27) " fcode="load"/>
<opset="p_ZZN4nnet24compute_output_buffer_2dINS_5arrayI8ap_fixedILi16ELi6EL9ap_q_mode5EL9_557/1 "/>
</bind>
</comp>

<comp id="2766" class="1004" name="store_ln196_store_fu_2766">
<pin_list>
<pin id="2767" dir="0" index="0" bw="16" slack="0"/>
<pin id="2768" dir="0" index="1" bw="16" slack="0"/>
<pin id="2769" dir="1" index="2" bw="0" slack="2147483647"/>
</pin_list>
<bind>
<opcode="store(28) " fcode="store"/>
<opset="store_ln196/1 "/>
</bind>
</comp>

<comp id="2772" class="1004" name="p_ZZN4nnet24compute_output_buffer_2dINS_5arrayI8ap_fixedILi16ELi6EL9ap_q_mode5EL9_558_load_fu_2772">
<pin_list>
<pin id="2773" dir="0" index="0" bw="16" slack="0"/>
<pin id="2774" dir="1" index="1" bw="16" slack="0"/>
</pin_list>
<bind>
<opcode="load(27) " fcode="load"/>
<opset="p_ZZN4nnet24compute_output_buffer_2dINS_5arrayI8ap_fixedILi16ELi6EL9ap_q_mode5EL9_558/1 "/>
</bind>
</comp>

<comp id="2776" class="1004" name="store_ln196_store_fu_2776">
<pin_list>
<pin id="2777" dir="0" index="0" bw="16" slack="0"/>
<pin id="2778" dir="0" index="1" bw="16" slack="0"/>
<pin id="2779" dir="1" index="2" bw="0" slack="2147483647"/>
</pin_list>
<bind>
<opcode="store(28) " fcode="store"/>
<opset="store_ln196/1 "/>
</bind>
</comp>

<comp id="2782" class="1004" name="p_ZZN4nnet24compute_output_buffer_2dINS_5arrayI8ap_fixedILi16ELi6EL9ap_q_mode5EL9_559_load_fu_2782">
<pin_list>
<pin id="2783" dir="0" index="0" bw="16" slack="0"/>
<pin id="2784" dir="1" index="1" bw="16" slack="0"/>
</pin_list>
<bind>
<opcode="load(27) " fcode="load"/>
<opset="p_ZZN4nnet24compute_output_buffer_2dINS_5arrayI8ap_fixedILi16ELi6EL9ap_q_mode5EL9_559/1 "/>
</bind>
</comp>

<comp id="2786" class="1004" name="store_ln196_store_fu_2786">
<pin_list>
<pin id="2787" dir="0" index="0" bw="16" slack="0"/>
<pin id="2788" dir="0" index="1" bw="16" slack="0"/>
<pin id="2789" dir="1" index="2" bw="0" slack="2147483647"/>
</pin_list>
<bind>
<opcode="store(28) " fcode="store"/>
<opset="store_ln196/1 "/>
</bind>
</comp>

<comp id="2792" class="1004" name="p_ZZN4nnet24compute_output_buffer_2dINS_5arrayI8ap_fixedILi16ELi6EL9ap_q_mode5EL9_560_load_fu_2792">
<pin_list>
<pin id="2793" dir="0" index="0" bw="16" slack="0"/>
<pin id="2794" dir="1" index="1" bw="16" slack="0"/>
</pin_list>
<bind>
<opcode="load(27) " fcode="load"/>
<opset="p_ZZN4nnet24compute_output_buffer_2dINS_5arrayI8ap_fixedILi16ELi6EL9ap_q_mode5EL9_560/1 "/>
</bind>
</comp>

<comp id="2796" class="1004" name="store_ln196_store_fu_2796">
<pin_list>
<pin id="2797" dir="0" index="0" bw="16" slack="0"/>
<pin id="2798" dir="0" index="1" bw="16" slack="0"/>
<pin id="2799" dir="1" index="2" bw="0" slack="2147483647"/>
</pin_list>
<bind>
<opcode="store(28) " fcode="store"/>
<opset="store_ln196/1 "/>
</bind>
</comp>

<comp id="2802" class="1004" name="p_ZZN4nnet24compute_output_buffer_2dINS_5arrayI8ap_fixedILi16ELi6EL9ap_q_mode5EL9_561_load_fu_2802">
<pin_list>
<pin id="2803" dir="0" index="0" bw="16" slack="0"/>
<pin id="2804" dir="1" index="1" bw="16" slack="0"/>
</pin_list>
<bind>
<opcode="load(27) " fcode="load"/>
<opset="p_ZZN4nnet24compute_output_buffer_2dINS_5arrayI8ap_fixedILi16ELi6EL9ap_q_mode5EL9_561/1 "/>
</bind>
</comp>

<comp id="2806" class="1004" name="store_ln196_store_fu_2806">
<pin_list>
<pin id="2807" dir="0" index="0" bw="16" slack="0"/>
<pin id="2808" dir="0" index="1" bw="16" slack="0"/>
<pin id="2809" dir="1" index="2" bw="0" slack="2147483647"/>
</pin_list>
<bind>
<opcode="store(28) " fcode="store"/>
<opset="store_ln196/1 "/>
</bind>
</comp>

<comp id="2812" class="1004" name="p_ZZN4nnet24compute_output_buffer_2dINS_5arrayI8ap_fixedILi16ELi6EL9ap_q_mode5EL9_562_load_fu_2812">
<pin_list>
<pin id="2813" dir="0" index="0" bw="16" slack="0"/>
<pin id="2814" dir="1" index="1" bw="16" slack="0"/>
</pin_list>
<bind>
<opcode="load(27) " fcode="load"/>
<opset="p_ZZN4nnet24compute_output_buffer_2dINS_5arrayI8ap_fixedILi16ELi6EL9ap_q_mode5EL9_562/1 "/>
</bind>
</comp>

<comp id="2816" class="1004" name="store_ln196_store_fu_2816">
<pin_list>
<pin id="2817" dir="0" index="0" bw="16" slack="0"/>
<pin id="2818" dir="0" index="1" bw="16" slack="0"/>
<pin id="2819" dir="1" index="2" bw="0" slack="2147483647"/>
</pin_list>
<bind>
<opcode="store(28) " fcode="store"/>
<opset="store_ln196/1 "/>
</bind>
</comp>

<comp id="2822" class="1004" name="p_ZZN4nnet24compute_output_buffer_2dINS_5arrayI8ap_fixedILi16ELi6EL9ap_q_mode5EL9_563_load_fu_2822">
<pin_list>
<pin id="2823" dir="0" index="0" bw="16" slack="0"/>
<pin id="2824" dir="1" index="1" bw="16" slack="0"/>
</pin_list>
<bind>
<opcode="load(27) " fcode="load"/>
<opset="p_ZZN4nnet24compute_output_buffer_2dINS_5arrayI8ap_fixedILi16ELi6EL9ap_q_mode5EL9_563/1 "/>
</bind>
</comp>

<comp id="2826" class="1004" name="store_ln196_store_fu_2826">
<pin_list>
<pin id="2827" dir="0" index="0" bw="16" slack="0"/>
<pin id="2828" dir="0" index="1" bw="16" slack="0"/>
<pin id="2829" dir="1" index="2" bw="0" slack="2147483647"/>
</pin_list>
<bind>
<opcode="store(28) " fcode="store"/>
<opset="store_ln196/1 "/>
</bind>
</comp>

<comp id="2832" class="1004" name="p_ZZN4nnet24compute_output_buffer_2dINS_5arrayI8ap_fixedILi16ELi6EL9ap_q_mode5EL9_564_load_fu_2832">
<pin_list>
<pin id="2833" dir="0" index="0" bw="16" slack="0"/>
<pin id="2834" dir="1" index="1" bw="16" slack="0"/>
</pin_list>
<bind>
<opcode="load(27) " fcode="load"/>
<opset="p_ZZN4nnet24compute_output_buffer_2dINS_5arrayI8ap_fixedILi16ELi6EL9ap_q_mode5EL9_564/1 "/>
</bind>
</comp>

<comp id="2836" class="1004" name="store_ln196_store_fu_2836">
<pin_list>
<pin id="2837" dir="0" index="0" bw="16" slack="0"/>
<pin id="2838" dir="0" index="1" bw="16" slack="0"/>
<pin id="2839" dir="1" index="2" bw="0" slack="2147483647"/>
</pin_list>
<bind>
<opcode="store(28) " fcode="store"/>
<opset="store_ln196/1 "/>
</bind>
</comp>

<comp id="2842" class="1004" name="p_ZZN4nnet24compute_output_buffer_2dINS_5arrayI8ap_fixedILi16ELi6EL9ap_q_mode5EL9_565_load_fu_2842">
<pin_list>
<pin id="2843" dir="0" index="0" bw="16" slack="0"/>
<pin id="2844" dir="1" index="1" bw="16" slack="0"/>
</pin_list>
<bind>
<opcode="load(27) " fcode="load"/>
<opset="p_ZZN4nnet24compute_output_buffer_2dINS_5arrayI8ap_fixedILi16ELi6EL9ap_q_mode5EL9_565/1 "/>
</bind>
</comp>

<comp id="2846" class="1004" name="store_ln196_store_fu_2846">
<pin_list>
<pin id="2847" dir="0" index="0" bw="16" slack="0"/>
<pin id="2848" dir="0" index="1" bw="16" slack="0"/>
<pin id="2849" dir="1" index="2" bw="0" slack="2147483647"/>
</pin_list>
<bind>
<opcode="store(28) " fcode="store"/>
<opset="store_ln196/1 "/>
</bind>
</comp>

<comp id="2852" class="1004" name="p_ZZN4nnet24compute_output_buffer_2dINS_5arrayI8ap_fixedILi16ELi6EL9ap_q_mode5EL9_566_load_fu_2852">
<pin_list>
<pin id="2853" dir="0" index="0" bw="16" slack="0"/>
<pin id="2854" dir="1" index="1" bw="16" slack="0"/>
</pin_list>
<bind>
<opcode="load(27) " fcode="load"/>
<opset="p_ZZN4nnet24compute_output_buffer_2dINS_5arrayI8ap_fixedILi16ELi6EL9ap_q_mode5EL9_566/1 "/>
</bind>
</comp>

<comp id="2856" class="1004" name="store_ln196_store_fu_2856">
<pin_list>
<pin id="2857" dir="0" index="0" bw="16" slack="0"/>
<pin id="2858" dir="0" index="1" bw="16" slack="0"/>
<pin id="2859" dir="1" index="2" bw="0" slack="2147483647"/>
</pin_list>
<bind>
<opcode="store(28) " fcode="store"/>
<opset="store_ln196/1 "/>
</bind>
</comp>

<comp id="2862" class="1004" name="p_ZZN4nnet24compute_output_buffer_2dINS_5arrayI8ap_fixedILi16ELi6EL9ap_q_mode5EL9_567_load_fu_2862">
<pin_list>
<pin id="2863" dir="0" index="0" bw="16" slack="0"/>
<pin id="2864" dir="1" index="1" bw="16" slack="0"/>
</pin_list>
<bind>
<opcode="load(27) " fcode="load"/>
<opset="p_ZZN4nnet24compute_output_buffer_2dINS_5arrayI8ap_fixedILi16ELi6EL9ap_q_mode5EL9_567/1 "/>
</bind>
</comp>

<comp id="2866" class="1004" name="store_ln196_store_fu_2866">
<pin_list>
<pin id="2867" dir="0" index="0" bw="16" slack="0"/>
<pin id="2868" dir="0" index="1" bw="16" slack="0"/>
<pin id="2869" dir="1" index="2" bw="0" slack="2147483647"/>
</pin_list>
<bind>
<opcode="store(28) " fcode="store"/>
<opset="store_ln196/1 "/>
</bind>
</comp>

<comp id="2872" class="1004" name="p_ZZN4nnet24compute_output_buffer_2dINS_5arrayI8ap_fixedILi16ELi6EL9ap_q_mode5EL9_568_load_fu_2872">
<pin_list>
<pin id="2873" dir="0" index="0" bw="16" slack="0"/>
<pin id="2874" dir="1" index="1" bw="16" slack="0"/>
</pin_list>
<bind>
<opcode="load(27) " fcode="load"/>
<opset="p_ZZN4nnet24compute_output_buffer_2dINS_5arrayI8ap_fixedILi16ELi6EL9ap_q_mode5EL9_568/1 "/>
</bind>
</comp>

<comp id="2876" class="1004" name="store_ln196_store_fu_2876">
<pin_list>
<pin id="2877" dir="0" index="0" bw="16" slack="0"/>
<pin id="2878" dir="0" index="1" bw="16" slack="0"/>
<pin id="2879" dir="1" index="2" bw="0" slack="2147483647"/>
</pin_list>
<bind>
<opcode="store(28) " fcode="store"/>
<opset="store_ln196/1 "/>
</bind>
</comp>

<comp id="2882" class="1004" name="p_ZZN4nnet24compute_output_buffer_2dINS_5arrayI8ap_fixedILi16ELi6EL9ap_q_mode5EL9_569_load_fu_2882">
<pin_list>
<pin id="2883" dir="0" index="0" bw="16" slack="0"/>
<pin id="2884" dir="1" index="1" bw="16" slack="0"/>
</pin_list>
<bind>
<opcode="load(27) " fcode="load"/>
<opset="p_ZZN4nnet24compute_output_buffer_2dINS_5arrayI8ap_fixedILi16ELi6EL9ap_q_mode5EL9_569/1 "/>
</bind>
</comp>

<comp id="2886" class="1004" name="store_ln196_store_fu_2886">
<pin_list>
<pin id="2887" dir="0" index="0" bw="16" slack="0"/>
<pin id="2888" dir="0" index="1" bw="16" slack="0"/>
<pin id="2889" dir="1" index="2" bw="0" slack="2147483647"/>
</pin_list>
<bind>
<opcode="store(28) " fcode="store"/>
<opset="store_ln196/1 "/>
</bind>
</comp>

<comp id="2892" class="1004" name="p_ZZN4nnet24compute_output_buffer_2dINS_5arrayI8ap_fixedILi16ELi6EL9ap_q_mode5EL9_570_load_fu_2892">
<pin_list>
<pin id="2893" dir="0" index="0" bw="16" slack="0"/>
<pin id="2894" dir="1" index="1" bw="16" slack="0"/>
</pin_list>
<bind>
<opcode="load(27) " fcode="load"/>
<opset="p_ZZN4nnet24compute_output_buffer_2dINS_5arrayI8ap_fixedILi16ELi6EL9ap_q_mode5EL9_570/1 "/>
</bind>
</comp>

<comp id="2896" class="1004" name="store_ln196_store_fu_2896">
<pin_list>
<pin id="2897" dir="0" index="0" bw="16" slack="0"/>
<pin id="2898" dir="0" index="1" bw="16" slack="0"/>
<pin id="2899" dir="1" index="2" bw="0" slack="2147483647"/>
</pin_list>
<bind>
<opcode="store(28) " fcode="store"/>
<opset="store_ln196/1 "/>
</bind>
</comp>

<comp id="2902" class="1004" name="p_ZZN4nnet24compute_output_buffer_2dINS_5arrayI8ap_fixedILi16ELi6EL9ap_q_mode5EL9_571_load_fu_2902">
<pin_list>
<pin id="2903" dir="0" index="0" bw="16" slack="0"/>
<pin id="2904" dir="1" index="1" bw="16" slack="0"/>
</pin_list>
<bind>
<opcode="load(27) " fcode="load"/>
<opset="p_ZZN4nnet24compute_output_buffer_2dINS_5arrayI8ap_fixedILi16ELi6EL9ap_q_mode5EL9_571/1 "/>
</bind>
</comp>

<comp id="2906" class="1004" name="store_ln196_store_fu_2906">
<pin_list>
<pin id="2907" dir="0" index="0" bw="16" slack="0"/>
<pin id="2908" dir="0" index="1" bw="16" slack="0"/>
<pin id="2909" dir="1" index="2" bw="0" slack="2147483647"/>
</pin_list>
<bind>
<opcode="store(28) " fcode="store"/>
<opset="store_ln196/1 "/>
</bind>
</comp>

<comp id="2912" class="1004" name="p_ZZN4nnet24compute_output_buffer_2dINS_5arrayI8ap_fixedILi16ELi6EL9ap_q_mode5EL9_572_load_fu_2912">
<pin_list>
<pin id="2913" dir="0" index="0" bw="16" slack="0"/>
<pin id="2914" dir="1" index="1" bw="16" slack="0"/>
</pin_list>
<bind>
<opcode="load(27) " fcode="load"/>
<opset="p_ZZN4nnet24compute_output_buffer_2dINS_5arrayI8ap_fixedILi16ELi6EL9ap_q_mode5EL9_572/1 "/>
</bind>
</comp>

<comp id="2916" class="1004" name="store_ln196_store_fu_2916">
<pin_list>
<pin id="2917" dir="0" index="0" bw="16" slack="0"/>
<pin id="2918" dir="0" index="1" bw="16" slack="0"/>
<pin id="2919" dir="1" index="2" bw="0" slack="2147483647"/>
</pin_list>
<bind>
<opcode="store(28) " fcode="store"/>
<opset="store_ln196/1 "/>
</bind>
</comp>

<comp id="2922" class="1004" name="p_ZZN4nnet24compute_output_buffer_2dINS_5arrayI8ap_fixedILi16ELi6EL9ap_q_mode5EL9_573_load_fu_2922">
<pin_list>
<pin id="2923" dir="0" index="0" bw="16" slack="0"/>
<pin id="2924" dir="1" index="1" bw="16" slack="0"/>
</pin_list>
<bind>
<opcode="load(27) " fcode="load"/>
<opset="p_ZZN4nnet24compute_output_buffer_2dINS_5arrayI8ap_fixedILi16ELi6EL9ap_q_mode5EL9_573/1 "/>
</bind>
</comp>

<comp id="2926" class="1004" name="store_ln196_store_fu_2926">
<pin_list>
<pin id="2927" dir="0" index="0" bw="16" slack="0"/>
<pin id="2928" dir="0" index="1" bw="16" slack="0"/>
<pin id="2929" dir="1" index="2" bw="0" slack="2147483647"/>
</pin_list>
<bind>
<opcode="store(28) " fcode="store"/>
<opset="store_ln196/1 "/>
</bind>
</comp>

<comp id="2932" class="1004" name="p_ZZN4nnet24compute_output_buffer_2dINS_5arrayI8ap_fixedILi16ELi6EL9ap_q_mode5EL9_574_load_fu_2932">
<pin_list>
<pin id="2933" dir="0" index="0" bw="16" slack="0"/>
<pin id="2934" dir="1" index="1" bw="16" slack="0"/>
</pin_list>
<bind>
<opcode="load(27) " fcode="load"/>
<opset="p_ZZN4nnet24compute_output_buffer_2dINS_5arrayI8ap_fixedILi16ELi6EL9ap_q_mode5EL9_574/1 "/>
</bind>
</comp>

<comp id="2936" class="1004" name="store_ln196_store_fu_2936">
<pin_list>
<pin id="2937" dir="0" index="0" bw="16" slack="0"/>
<pin id="2938" dir="0" index="1" bw="16" slack="0"/>
<pin id="2939" dir="1" index="2" bw="0" slack="2147483647"/>
</pin_list>
<bind>
<opcode="store(28) " fcode="store"/>
<opset="store_ln196/1 "/>
</bind>
</comp>

<comp id="2942" class="1004" name="p_ZZN4nnet24compute_output_buffer_2dINS_5arrayI8ap_fixedILi16ELi6EL9ap_q_mode5EL9_575_load_fu_2942">
<pin_list>
<pin id="2943" dir="0" index="0" bw="16" slack="0"/>
<pin id="2944" dir="1" index="1" bw="16" slack="0"/>
</pin_list>
<bind>
<opcode="load(27) " fcode="load"/>
<opset="p_ZZN4nnet24compute_output_buffer_2dINS_5arrayI8ap_fixedILi16ELi6EL9ap_q_mode5EL9_575/1 "/>
</bind>
</comp>

<comp id="2946" class="1004" name="store_ln196_store_fu_2946">
<pin_list>
<pin id="2947" dir="0" index="0" bw="16" slack="0"/>
<pin id="2948" dir="0" index="1" bw="16" slack="0"/>
<pin id="2949" dir="1" index="2" bw="0" slack="2147483647"/>
</pin_list>
<bind>
<opcode="store(28) " fcode="store"/>
<opset="store_ln196/1 "/>
</bind>
</comp>

<comp id="2952" class="1004" name="p_ZZN4nnet24compute_output_buffer_2dINS_5arrayI8ap_fixedILi16ELi6EL9ap_q_mode5EL9_576_load_fu_2952">
<pin_list>
<pin id="2953" dir="0" index="0" bw="16" slack="0"/>
<pin id="2954" dir="1" index="1" bw="16" slack="0"/>
</pin_list>
<bind>
<opcode="load(27) " fcode="load"/>
<opset="p_ZZN4nnet24compute_output_buffer_2dINS_5arrayI8ap_fixedILi16ELi6EL9ap_q_mode5EL9_576/1 "/>
</bind>
</comp>

<comp id="2956" class="1004" name="store_ln196_store_fu_2956">
<pin_list>
<pin id="2957" dir="0" index="0" bw="16" slack="0"/>
<pin id="2958" dir="0" index="1" bw="16" slack="0"/>
<pin id="2959" dir="1" index="2" bw="0" slack="2147483647"/>
</pin_list>
<bind>
<opcode="store(28) " fcode="store"/>
<opset="store_ln196/1 "/>
</bind>
</comp>

<comp id="2962" class="1004" name="p_ZZN4nnet24compute_output_buffer_2dINS_5arrayI8ap_fixedILi16ELi6EL9ap_q_mode5EL9_577_load_fu_2962">
<pin_list>
<pin id="2963" dir="0" index="0" bw="16" slack="0"/>
<pin id="2964" dir="1" index="1" bw="16" slack="0"/>
</pin_list>
<bind>
<opcode="load(27) " fcode="load"/>
<opset="p_ZZN4nnet24compute_output_buffer_2dINS_5arrayI8ap_fixedILi16ELi6EL9ap_q_mode5EL9_577/1 "/>
</bind>
</comp>

<comp id="2966" class="1004" name="store_ln196_store_fu_2966">
<pin_list>
<pin id="2967" dir="0" index="0" bw="16" slack="0"/>
<pin id="2968" dir="0" index="1" bw="16" slack="0"/>
<pin id="2969" dir="1" index="2" bw="0" slack="2147483647"/>
</pin_list>
<bind>
<opcode="store(28) " fcode="store"/>
<opset="store_ln196/1 "/>
</bind>
</comp>

<comp id="2972" class="1004" name="p_ZZN4nnet24compute_output_buffer_2dINS_5arrayI8ap_fixedILi16ELi6EL9ap_q_mode5EL9_578_load_fu_2972">
<pin_list>
<pin id="2973" dir="0" index="0" bw="16" slack="0"/>
<pin id="2974" dir="1" index="1" bw="16" slack="0"/>
</pin_list>
<bind>
<opcode="load(27) " fcode="load"/>
<opset="p_ZZN4nnet24compute_output_buffer_2dINS_5arrayI8ap_fixedILi16ELi6EL9ap_q_mode5EL9_578/1 "/>
</bind>
</comp>

<comp id="2976" class="1004" name="store_ln196_store_fu_2976">
<pin_list>
<pin id="2977" dir="0" index="0" bw="16" slack="0"/>
<pin id="2978" dir="0" index="1" bw="16" slack="0"/>
<pin id="2979" dir="1" index="2" bw="0" slack="2147483647"/>
</pin_list>
<bind>
<opcode="store(28) " fcode="store"/>
<opset="store_ln196/1 "/>
</bind>
</comp>

<comp id="2982" class="1004" name="p_ZZN4nnet24compute_output_buffer_2dINS_5arrayI8ap_fixedILi16ELi6EL9ap_q_mode5EL9_579_load_fu_2982">
<pin_list>
<pin id="2983" dir="0" index="0" bw="16" slack="0"/>
<pin id="2984" dir="1" index="1" bw="16" slack="0"/>
</pin_list>
<bind>
<opcode="load(27) " fcode="load"/>
<opset="p_ZZN4nnet24compute_output_buffer_2dINS_5arrayI8ap_fixedILi16ELi6EL9ap_q_mode5EL9_579/1 "/>
</bind>
</comp>

<comp id="2986" class="1004" name="store_ln196_store_fu_2986">
<pin_list>
<pin id="2987" dir="0" index="0" bw="16" slack="0"/>
<pin id="2988" dir="0" index="1" bw="16" slack="0"/>
<pin id="2989" dir="1" index="2" bw="0" slack="2147483647"/>
</pin_list>
<bind>
<opcode="store(28) " fcode="store"/>
<opset="store_ln196/1 "/>
</bind>
</comp>

<comp id="2992" class="1004" name="p_ZZN4nnet24compute_output_buffer_2dINS_5arrayI8ap_fixedILi16ELi6EL9ap_q_mode5EL9_580_load_fu_2992">
<pin_list>
<pin id="2993" dir="0" index="0" bw="16" slack="0"/>
<pin id="2994" dir="1" index="1" bw="16" slack="0"/>
</pin_list>
<bind>
<opcode="load(27) " fcode="load"/>
<opset="p_ZZN4nnet24compute_output_buffer_2dINS_5arrayI8ap_fixedILi16ELi6EL9ap_q_mode5EL9_580/1 "/>
</bind>
</comp>

<comp id="2996" class="1004" name="store_ln196_store_fu_2996">
<pin_list>
<pin id="2997" dir="0" index="0" bw="16" slack="0"/>
<pin id="2998" dir="0" index="1" bw="16" slack="0"/>
<pin id="2999" dir="1" index="2" bw="0" slack="2147483647"/>
</pin_list>
<bind>
<opcode="store(28) " fcode="store"/>
<opset="store_ln196/1 "/>
</bind>
</comp>

<comp id="3002" class="1004" name="p_ZZN4nnet24compute_output_buffer_2dINS_5arrayI8ap_fixedILi16ELi6EL9ap_q_mode5EL9_581_load_fu_3002">
<pin_list>
<pin id="3003" dir="0" index="0" bw="16" slack="0"/>
<pin id="3004" dir="1" index="1" bw="16" slack="0"/>
</pin_list>
<bind>
<opcode="load(27) " fcode="load"/>
<opset="p_ZZN4nnet24compute_output_buffer_2dINS_5arrayI8ap_fixedILi16ELi6EL9ap_q_mode5EL9_581/1 "/>
</bind>
</comp>

<comp id="3006" class="1004" name="store_ln196_store_fu_3006">
<pin_list>
<pin id="3007" dir="0" index="0" bw="16" slack="0"/>
<pin id="3008" dir="0" index="1" bw="16" slack="0"/>
<pin id="3009" dir="1" index="2" bw="0" slack="2147483647"/>
</pin_list>
<bind>
<opcode="store(28) " fcode="store"/>
<opset="store_ln196/1 "/>
</bind>
</comp>

<comp id="3012" class="1004" name="p_ZZN4nnet24compute_output_buffer_2dINS_5arrayI8ap_fixedILi16ELi6EL9ap_q_mode5EL9_582_load_fu_3012">
<pin_list>
<pin id="3013" dir="0" index="0" bw="16" slack="0"/>
<pin id="3014" dir="1" index="1" bw="16" slack="0"/>
</pin_list>
<bind>
<opcode="load(27) " fcode="load"/>
<opset="p_ZZN4nnet24compute_output_buffer_2dINS_5arrayI8ap_fixedILi16ELi6EL9ap_q_mode5EL9_582/1 "/>
</bind>
</comp>

<comp id="3016" class="1004" name="store_ln196_store_fu_3016">
<pin_list>
<pin id="3017" dir="0" index="0" bw="16" slack="0"/>
<pin id="3018" dir="0" index="1" bw="16" slack="0"/>
<pin id="3019" dir="1" index="2" bw="0" slack="2147483647"/>
</pin_list>
<bind>
<opcode="store(28) " fcode="store"/>
<opset="store_ln196/1 "/>
</bind>
</comp>

<comp id="3022" class="1004" name="p_ZZN4nnet24compute_output_buffer_2dINS_5arrayI8ap_fixedILi16ELi6EL9ap_q_mode5EL9_583_load_fu_3022">
<pin_list>
<pin id="3023" dir="0" index="0" bw="16" slack="0"/>
<pin id="3024" dir="1" index="1" bw="16" slack="0"/>
</pin_list>
<bind>
<opcode="load(27) " fcode="load"/>
<opset="p_ZZN4nnet24compute_output_buffer_2dINS_5arrayI8ap_fixedILi16ELi6EL9ap_q_mode5EL9_583/1 "/>
</bind>
</comp>

<comp id="3026" class="1004" name="store_ln196_store_fu_3026">
<pin_list>
<pin id="3027" dir="0" index="0" bw="16" slack="0"/>
<pin id="3028" dir="0" index="1" bw="16" slack="0"/>
<pin id="3029" dir="1" index="2" bw="0" slack="2147483647"/>
</pin_list>
<bind>
<opcode="store(28) " fcode="store"/>
<opset="store_ln196/1 "/>
</bind>
</comp>

<comp id="3032" class="1004" name="p_ZZN4nnet24compute_output_buffer_2dINS_5arrayI8ap_fixedILi16ELi6EL9ap_q_mode5EL9_584_load_fu_3032">
<pin_list>
<pin id="3033" dir="0" index="0" bw="16" slack="0"/>
<pin id="3034" dir="1" index="1" bw="16" slack="0"/>
</pin_list>
<bind>
<opcode="load(27) " fcode="load"/>
<opset="p_ZZN4nnet24compute_output_buffer_2dINS_5arrayI8ap_fixedILi16ELi6EL9ap_q_mode5EL9_584/1 "/>
</bind>
</comp>

<comp id="3036" class="1004" name="store_ln196_store_fu_3036">
<pin_list>
<pin id="3037" dir="0" index="0" bw="16" slack="0"/>
<pin id="3038" dir="0" index="1" bw="16" slack="0"/>
<pin id="3039" dir="1" index="2" bw="0" slack="2147483647"/>
</pin_list>
<bind>
<opcode="store(28) " fcode="store"/>
<opset="store_ln196/1 "/>
</bind>
</comp>

<comp id="3042" class="1004" name="p_ZZN4nnet24compute_output_buffer_2dINS_5arrayI8ap_fixedILi16ELi6EL9ap_q_mode5EL9_585_load_fu_3042">
<pin_list>
<pin id="3043" dir="0" index="0" bw="16" slack="0"/>
<pin id="3044" dir="1" index="1" bw="16" slack="0"/>
</pin_list>
<bind>
<opcode="load(27) " fcode="load"/>
<opset="p_ZZN4nnet24compute_output_buffer_2dINS_5arrayI8ap_fixedILi16ELi6EL9ap_q_mode5EL9_585/1 "/>
</bind>
</comp>

<comp id="3046" class="1004" name="store_ln196_store_fu_3046">
<pin_list>
<pin id="3047" dir="0" index="0" bw="16" slack="0"/>
<pin id="3048" dir="0" index="1" bw="16" slack="0"/>
<pin id="3049" dir="1" index="2" bw="0" slack="2147483647"/>
</pin_list>
<bind>
<opcode="store(28) " fcode="store"/>
<opset="store_ln196/1 "/>
</bind>
</comp>

<comp id="3052" class="1004" name="p_ZZN4nnet24compute_output_buffer_2dINS_5arrayI8ap_fixedILi16ELi6EL9ap_q_mode5EL9_586_load_fu_3052">
<pin_list>
<pin id="3053" dir="0" index="0" bw="16" slack="0"/>
<pin id="3054" dir="1" index="1" bw="16" slack="0"/>
</pin_list>
<bind>
<opcode="load(27) " fcode="load"/>
<opset="p_ZZN4nnet24compute_output_buffer_2dINS_5arrayI8ap_fixedILi16ELi6EL9ap_q_mode5EL9_586/1 "/>
</bind>
</comp>

<comp id="3056" class="1004" name="store_ln196_store_fu_3056">
<pin_list>
<pin id="3057" dir="0" index="0" bw="16" slack="0"/>
<pin id="3058" dir="0" index="1" bw="16" slack="0"/>
<pin id="3059" dir="1" index="2" bw="0" slack="2147483647"/>
</pin_list>
<bind>
<opcode="store(28) " fcode="store"/>
<opset="store_ln196/1 "/>
</bind>
</comp>

<comp id="3062" class="1004" name="p_ZZN4nnet24compute_output_buffer_2dINS_5arrayI8ap_fixedILi16ELi6EL9ap_q_mode5EL9_587_load_fu_3062">
<pin_list>
<pin id="3063" dir="0" index="0" bw="16" slack="0"/>
<pin id="3064" dir="1" index="1" bw="16" slack="0"/>
</pin_list>
<bind>
<opcode="load(27) " fcode="load"/>
<opset="p_ZZN4nnet24compute_output_buffer_2dINS_5arrayI8ap_fixedILi16ELi6EL9ap_q_mode5EL9_587/1 "/>
</bind>
</comp>

<comp id="3066" class="1004" name="store_ln196_store_fu_3066">
<pin_list>
<pin id="3067" dir="0" index="0" bw="16" slack="0"/>
<pin id="3068" dir="0" index="1" bw="16" slack="0"/>
<pin id="3069" dir="1" index="2" bw="0" slack="2147483647"/>
</pin_list>
<bind>
<opcode="store(28) " fcode="store"/>
<opset="store_ln196/1 "/>
</bind>
</comp>

<comp id="3072" class="1004" name="p_ZZN4nnet24compute_output_buffer_2dINS_5arrayI8ap_fixedILi16ELi6EL9ap_q_mode5EL9_588_load_fu_3072">
<pin_list>
<pin id="3073" dir="0" index="0" bw="16" slack="0"/>
<pin id="3074" dir="1" index="1" bw="16" slack="0"/>
</pin_list>
<bind>
<opcode="load(27) " fcode="load"/>
<opset="p_ZZN4nnet24compute_output_buffer_2dINS_5arrayI8ap_fixedILi16ELi6EL9ap_q_mode5EL9_588/1 "/>
</bind>
</comp>

<comp id="3076" class="1004" name="store_ln196_store_fu_3076">
<pin_list>
<pin id="3077" dir="0" index="0" bw="16" slack="0"/>
<pin id="3078" dir="0" index="1" bw="16" slack="0"/>
<pin id="3079" dir="1" index="2" bw="0" slack="2147483647"/>
</pin_list>
<bind>
<opcode="store(28) " fcode="store"/>
<opset="store_ln196/1 "/>
</bind>
</comp>

<comp id="3082" class="1004" name="p_ZZN4nnet24compute_output_buffer_2dINS_5arrayI8ap_fixedILi16ELi6EL9ap_q_mode5EL9_589_load_fu_3082">
<pin_list>
<pin id="3083" dir="0" index="0" bw="16" slack="0"/>
<pin id="3084" dir="1" index="1" bw="16" slack="0"/>
</pin_list>
<bind>
<opcode="load(27) " fcode="load"/>
<opset="p_ZZN4nnet24compute_output_buffer_2dINS_5arrayI8ap_fixedILi16ELi6EL9ap_q_mode5EL9_589/1 "/>
</bind>
</comp>

<comp id="3086" class="1004" name="store_ln196_store_fu_3086">
<pin_list>
<pin id="3087" dir="0" index="0" bw="16" slack="0"/>
<pin id="3088" dir="0" index="1" bw="16" slack="0"/>
<pin id="3089" dir="1" index="2" bw="0" slack="2147483647"/>
</pin_list>
<bind>
<opcode="store(28) " fcode="store"/>
<opset="store_ln196/1 "/>
</bind>
</comp>

<comp id="3092" class="1004" name="p_ZZN4nnet24compute_output_buffer_2dINS_5arrayI8ap_fixedILi16ELi6EL9ap_q_mode5EL9_590_load_fu_3092">
<pin_list>
<pin id="3093" dir="0" index="0" bw="16" slack="0"/>
<pin id="3094" dir="1" index="1" bw="16" slack="0"/>
</pin_list>
<bind>
<opcode="load(27) " fcode="load"/>
<opset="p_ZZN4nnet24compute_output_buffer_2dINS_5arrayI8ap_fixedILi16ELi6EL9ap_q_mode5EL9_590/1 "/>
</bind>
</comp>

<comp id="3096" class="1004" name="store_ln196_store_fu_3096">
<pin_list>
<pin id="3097" dir="0" index="0" bw="16" slack="0"/>
<pin id="3098" dir="0" index="1" bw="16" slack="0"/>
<pin id="3099" dir="1" index="2" bw="0" slack="2147483647"/>
</pin_list>
<bind>
<opcode="store(28) " fcode="store"/>
<opset="store_ln196/1 "/>
</bind>
</comp>

<comp id="3102" class="1004" name="p_ZZN4nnet24compute_output_buffer_2dINS_5arrayI8ap_fixedILi16ELi6EL9ap_q_mode5EL9_591_load_fu_3102">
<pin_list>
<pin id="3103" dir="0" index="0" bw="16" slack="0"/>
<pin id="3104" dir="1" index="1" bw="16" slack="0"/>
</pin_list>
<bind>
<opcode="load(27) " fcode="load"/>
<opset="p_ZZN4nnet24compute_output_buffer_2dINS_5arrayI8ap_fixedILi16ELi6EL9ap_q_mode5EL9_591/1 "/>
</bind>
</comp>

<comp id="3106" class="1004" name="store_ln196_store_fu_3106">
<pin_list>
<pin id="3107" dir="0" index="0" bw="16" slack="0"/>
<pin id="3108" dir="0" index="1" bw="16" slack="0"/>
<pin id="3109" dir="1" index="2" bw="0" slack="2147483647"/>
</pin_list>
<bind>
<opcode="store(28) " fcode="store"/>
<opset="store_ln196/1 "/>
</bind>
</comp>

<comp id="3112" class="1004" name="p_ZZN4nnet24compute_output_buffer_2dINS_5arrayI8ap_fixedILi16ELi6EL9ap_q_mode5EL9_592_load_fu_3112">
<pin_list>
<pin id="3113" dir="0" index="0" bw="16" slack="0"/>
<pin id="3114" dir="1" index="1" bw="16" slack="0"/>
</pin_list>
<bind>
<opcode="load(27) " fcode="load"/>
<opset="p_ZZN4nnet24compute_output_buffer_2dINS_5arrayI8ap_fixedILi16ELi6EL9ap_q_mode5EL9_592/1 "/>
</bind>
</comp>

<comp id="3116" class="1004" name="store_ln196_store_fu_3116">
<pin_list>
<pin id="3117" dir="0" index="0" bw="16" slack="0"/>
<pin id="3118" dir="0" index="1" bw="16" slack="0"/>
<pin id="3119" dir="1" index="2" bw="0" slack="2147483647"/>
</pin_list>
<bind>
<opcode="store(28) " fcode="store"/>
<opset="store_ln196/1 "/>
</bind>
</comp>

<comp id="3122" class="1004" name="p_ZZN4nnet24compute_output_buffer_2dINS_5arrayI8ap_fixedILi16ELi6EL9ap_q_mode5EL9_593_load_fu_3122">
<pin_list>
<pin id="3123" dir="0" index="0" bw="16" slack="0"/>
<pin id="3124" dir="1" index="1" bw="16" slack="0"/>
</pin_list>
<bind>
<opcode="load(27) " fcode="load"/>
<opset="p_ZZN4nnet24compute_output_buffer_2dINS_5arrayI8ap_fixedILi16ELi6EL9ap_q_mode5EL9_593/1 "/>
</bind>
</comp>

<comp id="3126" class="1004" name="store_ln196_store_fu_3126">
<pin_list>
<pin id="3127" dir="0" index="0" bw="16" slack="0"/>
<pin id="3128" dir="0" index="1" bw="16" slack="0"/>
<pin id="3129" dir="1" index="2" bw="0" slack="2147483647"/>
</pin_list>
<bind>
<opcode="store(28) " fcode="store"/>
<opset="store_ln196/1 "/>
</bind>
</comp>

<comp id="3132" class="1004" name="p_ZZN4nnet24compute_output_buffer_2dINS_5arrayI8ap_fixedILi16ELi6EL9ap_q_mode5EL9_594_load_fu_3132">
<pin_list>
<pin id="3133" dir="0" index="0" bw="16" slack="0"/>
<pin id="3134" dir="1" index="1" bw="16" slack="0"/>
</pin_list>
<bind>
<opcode="load(27) " fcode="load"/>
<opset="p_ZZN4nnet24compute_output_buffer_2dINS_5arrayI8ap_fixedILi16ELi6EL9ap_q_mode5EL9_594/1 "/>
</bind>
</comp>

<comp id="3136" class="1004" name="store_ln196_store_fu_3136">
<pin_list>
<pin id="3137" dir="0" index="0" bw="16" slack="0"/>
<pin id="3138" dir="0" index="1" bw="16" slack="0"/>
<pin id="3139" dir="1" index="2" bw="0" slack="2147483647"/>
</pin_list>
<bind>
<opcode="store(28) " fcode="store"/>
<opset="store_ln196/1 "/>
</bind>
</comp>

<comp id="3142" class="1004" name="p_ZZN4nnet24compute_output_buffer_2dINS_5arrayI8ap_fixedILi16ELi6EL9ap_q_mode5EL9_595_load_fu_3142">
<pin_list>
<pin id="3143" dir="0" index="0" bw="16" slack="0"/>
<pin id="3144" dir="1" index="1" bw="16" slack="0"/>
</pin_list>
<bind>
<opcode="load(27) " fcode="load"/>
<opset="p_ZZN4nnet24compute_output_buffer_2dINS_5arrayI8ap_fixedILi16ELi6EL9ap_q_mode5EL9_595/1 "/>
</bind>
</comp>

<comp id="3146" class="1004" name="store_ln196_store_fu_3146">
<pin_list>
<pin id="3147" dir="0" index="0" bw="16" slack="0"/>
<pin id="3148" dir="0" index="1" bw="16" slack="0"/>
<pin id="3149" dir="1" index="2" bw="0" slack="2147483647"/>
</pin_list>
<bind>
<opcode="store(28) " fcode="store"/>
<opset="store_ln196/1 "/>
</bind>
</comp>

<comp id="3152" class="1004" name="p_ZZN4nnet24compute_output_buffer_2dINS_5arrayI8ap_fixedILi16ELi6EL9ap_q_mode5EL9_596_load_fu_3152">
<pin_list>
<pin id="3153" dir="0" index="0" bw="16" slack="0"/>
<pin id="3154" dir="1" index="1" bw="16" slack="0"/>
</pin_list>
<bind>
<opcode="load(27) " fcode="load"/>
<opset="p_ZZN4nnet24compute_output_buffer_2dINS_5arrayI8ap_fixedILi16ELi6EL9ap_q_mode5EL9_596/1 "/>
</bind>
</comp>

<comp id="3156" class="1004" name="store_ln196_store_fu_3156">
<pin_list>
<pin id="3157" dir="0" index="0" bw="16" slack="0"/>
<pin id="3158" dir="0" index="1" bw="16" slack="0"/>
<pin id="3159" dir="1" index="2" bw="0" slack="2147483647"/>
</pin_list>
<bind>
<opcode="store(28) " fcode="store"/>
<opset="store_ln196/1 "/>
</bind>
</comp>

<comp id="3162" class="1004" name="p_ZZN4nnet24compute_output_buffer_2dINS_5arrayI8ap_fixedILi16ELi6EL9ap_q_mode5EL9_597_load_fu_3162">
<pin_list>
<pin id="3163" dir="0" index="0" bw="16" slack="0"/>
<pin id="3164" dir="1" index="1" bw="16" slack="0"/>
</pin_list>
<bind>
<opcode="load(27) " fcode="load"/>
<opset="p_ZZN4nnet24compute_output_buffer_2dINS_5arrayI8ap_fixedILi16ELi6EL9ap_q_mode5EL9_597/1 "/>
</bind>
</comp>

<comp id="3166" class="1004" name="store_ln196_store_fu_3166">
<pin_list>
<pin id="3167" dir="0" index="0" bw="16" slack="0"/>
<pin id="3168" dir="0" index="1" bw="16" slack="0"/>
<pin id="3169" dir="1" index="2" bw="0" slack="2147483647"/>
</pin_list>
<bind>
<opcode="store(28) " fcode="store"/>
<opset="store_ln196/1 "/>
</bind>
</comp>

<comp id="3172" class="1004" name="p_ZZN4nnet24compute_output_buffer_2dINS_5arrayI8ap_fixedILi16ELi6EL9ap_q_mode5EL9_598_load_fu_3172">
<pin_list>
<pin id="3173" dir="0" index="0" bw="16" slack="0"/>
<pin id="3174" dir="1" index="1" bw="16" slack="0"/>
</pin_list>
<bind>
<opcode="load(27) " fcode="load"/>
<opset="p_ZZN4nnet24compute_output_buffer_2dINS_5arrayI8ap_fixedILi16ELi6EL9ap_q_mode5EL9_598/1 "/>
</bind>
</comp>

<comp id="3176" class="1004" name="store_ln196_store_fu_3176">
<pin_list>
<pin id="3177" dir="0" index="0" bw="16" slack="0"/>
<pin id="3178" dir="0" index="1" bw="16" slack="0"/>
<pin id="3179" dir="1" index="2" bw="0" slack="2147483647"/>
</pin_list>
<bind>
<opcode="store(28) " fcode="store"/>
<opset="store_ln196/1 "/>
</bind>
</comp>

<comp id="3182" class="1004" name="p_ZZN4nnet24compute_output_buffer_2dINS_5arrayI8ap_fixedILi16ELi6EL9ap_q_mode5EL9_599_load_fu_3182">
<pin_list>
<pin id="3183" dir="0" index="0" bw="16" slack="0"/>
<pin id="3184" dir="1" index="1" bw="16" slack="0"/>
</pin_list>
<bind>
<opcode="load(27) " fcode="load"/>
<opset="p_ZZN4nnet24compute_output_buffer_2dINS_5arrayI8ap_fixedILi16ELi6EL9ap_q_mode5EL9_599/1 "/>
</bind>
</comp>

<comp id="3186" class="1004" name="store_ln196_store_fu_3186">
<pin_list>
<pin id="3187" dir="0" index="0" bw="16" slack="0"/>
<pin id="3188" dir="0" index="1" bw="16" slack="0"/>
<pin id="3189" dir="1" index="2" bw="0" slack="2147483647"/>
</pin_list>
<bind>
<opcode="store(28) " fcode="store"/>
<opset="store_ln196/1 "/>
</bind>
</comp>

<comp id="3192" class="1004" name="p_ZZN4nnet24compute_output_buffer_2dINS_5arrayI8ap_fixedILi16ELi6EL9ap_q_mode5EL9_600_load_fu_3192">
<pin_list>
<pin id="3193" dir="0" index="0" bw="16" slack="0"/>
<pin id="3194" dir="1" index="1" bw="16" slack="0"/>
</pin_list>
<bind>
<opcode="load(27) " fcode="load"/>
<opset="p_ZZN4nnet24compute_output_buffer_2dINS_5arrayI8ap_fixedILi16ELi6EL9ap_q_mode5EL9_600/1 "/>
</bind>
</comp>

<comp id="3196" class="1004" name="store_ln196_store_fu_3196">
<pin_list>
<pin id="3197" dir="0" index="0" bw="16" slack="0"/>
<pin id="3198" dir="0" index="1" bw="16" slack="0"/>
<pin id="3199" dir="1" index="2" bw="0" slack="2147483647"/>
</pin_list>
<bind>
<opcode="store(28) " fcode="store"/>
<opset="store_ln196/1 "/>
</bind>
</comp>

<comp id="3202" class="1004" name="p_ZZN4nnet24compute_output_buffer_2dINS_5arrayI8ap_fixedILi16ELi6EL9ap_q_mode5EL9_601_load_fu_3202">
<pin_list>
<pin id="3203" dir="0" index="0" bw="16" slack="0"/>
<pin id="3204" dir="1" index="1" bw="16" slack="0"/>
</pin_list>
<bind>
<opcode="load(27) " fcode="load"/>
<opset="p_ZZN4nnet24compute_output_buffer_2dINS_5arrayI8ap_fixedILi16ELi6EL9ap_q_mode5EL9_601/1 "/>
</bind>
</comp>

<comp id="3206" class="1004" name="store_ln196_store_fu_3206">
<pin_list>
<pin id="3207" dir="0" index="0" bw="16" slack="0"/>
<pin id="3208" dir="0" index="1" bw="16" slack="0"/>
<pin id="3209" dir="1" index="2" bw="0" slack="2147483647"/>
</pin_list>
<bind>
<opcode="store(28) " fcode="store"/>
<opset="store_ln196/1 "/>
</bind>
</comp>

<comp id="3212" class="1004" name="p_ZZN4nnet24compute_output_buffer_2dINS_5arrayI8ap_fixedILi16ELi6EL9ap_q_mode5EL9_602_load_fu_3212">
<pin_list>
<pin id="3213" dir="0" index="0" bw="16" slack="0"/>
<pin id="3214" dir="1" index="1" bw="16" slack="0"/>
</pin_list>
<bind>
<opcode="load(27) " fcode="load"/>
<opset="p_ZZN4nnet24compute_output_buffer_2dINS_5arrayI8ap_fixedILi16ELi6EL9ap_q_mode5EL9_602/1 "/>
</bind>
</comp>

<comp id="3216" class="1004" name="store_ln196_store_fu_3216">
<pin_list>
<pin id="3217" dir="0" index="0" bw="16" slack="0"/>
<pin id="3218" dir="0" index="1" bw="16" slack="0"/>
<pin id="3219" dir="1" index="2" bw="0" slack="2147483647"/>
</pin_list>
<bind>
<opcode="store(28) " fcode="store"/>
<opset="store_ln196/1 "/>
</bind>
</comp>

<comp id="3222" class="1004" name="p_ZZN4nnet24compute_output_buffer_2dINS_5arrayI8ap_fixedILi16ELi6EL9ap_q_mode5EL9_603_load_fu_3222">
<pin_list>
<pin id="3223" dir="0" index="0" bw="16" slack="0"/>
<pin id="3224" dir="1" index="1" bw="16" slack="0"/>
</pin_list>
<bind>
<opcode="load(27) " fcode="load"/>
<opset="p_ZZN4nnet24compute_output_buffer_2dINS_5arrayI8ap_fixedILi16ELi6EL9ap_q_mode5EL9_603/1 "/>
</bind>
</comp>

<comp id="3226" class="1004" name="store_ln196_store_fu_3226">
<pin_list>
<pin id="3227" dir="0" index="0" bw="16" slack="0"/>
<pin id="3228" dir="0" index="1" bw="16" slack="0"/>
<pin id="3229" dir="1" index="2" bw="0" slack="2147483647"/>
</pin_list>
<bind>
<opcode="store(28) " fcode="store"/>
<opset="store_ln196/1 "/>
</bind>
</comp>

<comp id="3232" class="1004" name="p_ZZN4nnet24compute_output_buffer_2dINS_5arrayI8ap_fixedILi16ELi6EL9ap_q_mode5EL9_604_load_fu_3232">
<pin_list>
<pin id="3233" dir="0" index="0" bw="16" slack="0"/>
<pin id="3234" dir="1" index="1" bw="16" slack="0"/>
</pin_list>
<bind>
<opcode="load(27) " fcode="load"/>
<opset="p_ZZN4nnet24compute_output_buffer_2dINS_5arrayI8ap_fixedILi16ELi6EL9ap_q_mode5EL9_604/1 "/>
</bind>
</comp>

<comp id="3236" class="1004" name="store_ln196_store_fu_3236">
<pin_list>
<pin id="3237" dir="0" index="0" bw="16" slack="0"/>
<pin id="3238" dir="0" index="1" bw="16" slack="0"/>
<pin id="3239" dir="1" index="2" bw="0" slack="2147483647"/>
</pin_list>
<bind>
<opcode="store(28) " fcode="store"/>
<opset="store_ln196/1 "/>
</bind>
</comp>

<comp id="3242" class="1004" name="p_ZZN4nnet24compute_output_buffer_2dINS_5arrayI8ap_fixedILi16ELi6EL9ap_q_mode5EL9_605_load_fu_3242">
<pin_list>
<pin id="3243" dir="0" index="0" bw="16" slack="0"/>
<pin id="3244" dir="1" index="1" bw="16" slack="0"/>
</pin_list>
<bind>
<opcode="load(27) " fcode="load"/>
<opset="p_ZZN4nnet24compute_output_buffer_2dINS_5arrayI8ap_fixedILi16ELi6EL9ap_q_mode5EL9_605/1 "/>
</bind>
</comp>

<comp id="3246" class="1004" name="store_ln196_store_fu_3246">
<pin_list>
<pin id="3247" dir="0" index="0" bw="16" slack="0"/>
<pin id="3248" dir="0" index="1" bw="16" slack="0"/>
<pin id="3249" dir="1" index="2" bw="0" slack="2147483647"/>
</pin_list>
<bind>
<opcode="store(28) " fcode="store"/>
<opset="store_ln196/1 "/>
</bind>
</comp>

<comp id="3252" class="1004" name="p_ZZN4nnet24compute_output_buffer_2dINS_5arrayI8ap_fixedILi16ELi6EL9ap_q_mode5EL9_606_load_fu_3252">
<pin_list>
<pin id="3253" dir="0" index="0" bw="16" slack="0"/>
<pin id="3254" dir="1" index="1" bw="16" slack="0"/>
</pin_list>
<bind>
<opcode="load(27) " fcode="load"/>
<opset="p_ZZN4nnet24compute_output_buffer_2dINS_5arrayI8ap_fixedILi16ELi6EL9ap_q_mode5EL9_606/1 "/>
</bind>
</comp>

<comp id="3256" class="1004" name="store_ln196_store_fu_3256">
<pin_list>
<pin id="3257" dir="0" index="0" bw="16" slack="0"/>
<pin id="3258" dir="0" index="1" bw="16" slack="0"/>
<pin id="3259" dir="1" index="2" bw="0" slack="2147483647"/>
</pin_list>
<bind>
<opcode="store(28) " fcode="store"/>
<opset="store_ln196/1 "/>
</bind>
</comp>

<comp id="3262" class="1004" name="p_ZZN4nnet24compute_output_buffer_2dINS_5arrayI8ap_fixedILi16ELi6EL9ap_q_mode5EL9_607_load_fu_3262">
<pin_list>
<pin id="3263" dir="0" index="0" bw="16" slack="0"/>
<pin id="3264" dir="1" index="1" bw="16" slack="0"/>
</pin_list>
<bind>
<opcode="load(27) " fcode="load"/>
<opset="p_ZZN4nnet24compute_output_buffer_2dINS_5arrayI8ap_fixedILi16ELi6EL9ap_q_mode5EL9_607/1 "/>
</bind>
</comp>

<comp id="3266" class="1004" name="store_ln196_store_fu_3266">
<pin_list>
<pin id="3267" dir="0" index="0" bw="16" slack="0"/>
<pin id="3268" dir="0" index="1" bw="16" slack="0"/>
<pin id="3269" dir="1" index="2" bw="0" slack="2147483647"/>
</pin_list>
<bind>
<opcode="store(28) " fcode="store"/>
<opset="store_ln196/1 "/>
</bind>
</comp>

<comp id="3272" class="1004" name="p_ZZN4nnet24compute_output_buffer_2dINS_5arrayI8ap_fixedILi16ELi6EL9ap_q_mode5EL9_608_load_fu_3272">
<pin_list>
<pin id="3273" dir="0" index="0" bw="16" slack="0"/>
<pin id="3274" dir="1" index="1" bw="16" slack="0"/>
</pin_list>
<bind>
<opcode="load(27) " fcode="load"/>
<opset="p_ZZN4nnet24compute_output_buffer_2dINS_5arrayI8ap_fixedILi16ELi6EL9ap_q_mode5EL9_608/1 "/>
</bind>
</comp>

<comp id="3276" class="1004" name="store_ln196_store_fu_3276">
<pin_list>
<pin id="3277" dir="0" index="0" bw="16" slack="0"/>
<pin id="3278" dir="0" index="1" bw="16" slack="0"/>
<pin id="3279" dir="1" index="2" bw="0" slack="2147483647"/>
</pin_list>
<bind>
<opcode="store(28) " fcode="store"/>
<opset="store_ln196/1 "/>
</bind>
</comp>

<comp id="3282" class="1004" name="p_ZZN4nnet24compute_output_buffer_2dINS_5arrayI8ap_fixedILi16ELi6EL9ap_q_mode5EL9_609_load_fu_3282">
<pin_list>
<pin id="3283" dir="0" index="0" bw="16" slack="0"/>
<pin id="3284" dir="1" index="1" bw="16" slack="0"/>
</pin_list>
<bind>
<opcode="load(27) " fcode="load"/>
<opset="p_ZZN4nnet24compute_output_buffer_2dINS_5arrayI8ap_fixedILi16ELi6EL9ap_q_mode5EL9_609/1 "/>
</bind>
</comp>

<comp id="3286" class="1004" name="store_ln196_store_fu_3286">
<pin_list>
<pin id="3287" dir="0" index="0" bw="16" slack="0"/>
<pin id="3288" dir="0" index="1" bw="16" slack="0"/>
<pin id="3289" dir="1" index="2" bw="0" slack="2147483647"/>
</pin_list>
<bind>
<opcode="store(28) " fcode="store"/>
<opset="store_ln196/1 "/>
</bind>
</comp>

<comp id="3292" class="1004" name="p_ZZN4nnet24compute_output_buffer_2dINS_5arrayI8ap_fixedILi16ELi6EL9ap_q_mode5EL9_610_load_fu_3292">
<pin_list>
<pin id="3293" dir="0" index="0" bw="16" slack="0"/>
<pin id="3294" dir="1" index="1" bw="16" slack="0"/>
</pin_list>
<bind>
<opcode="load(27) " fcode="load"/>
<opset="p_ZZN4nnet24compute_output_buffer_2dINS_5arrayI8ap_fixedILi16ELi6EL9ap_q_mode5EL9_610/1 "/>
</bind>
</comp>

<comp id="3296" class="1004" name="store_ln196_store_fu_3296">
<pin_list>
<pin id="3297" dir="0" index="0" bw="16" slack="0"/>
<pin id="3298" dir="0" index="1" bw="16" slack="0"/>
<pin id="3299" dir="1" index="2" bw="0" slack="2147483647"/>
</pin_list>
<bind>
<opcode="store(28) " fcode="store"/>
<opset="store_ln196/1 "/>
</bind>
</comp>

<comp id="3302" class="1004" name="p_ZZN4nnet24compute_output_buffer_2dINS_5arrayI8ap_fixedILi16ELi6EL9ap_q_mode5EL9_611_load_fu_3302">
<pin_list>
<pin id="3303" dir="0" index="0" bw="16" slack="0"/>
<pin id="3304" dir="1" index="1" bw="16" slack="0"/>
</pin_list>
<bind>
<opcode="load(27) " fcode="load"/>
<opset="p_ZZN4nnet24compute_output_buffer_2dINS_5arrayI8ap_fixedILi16ELi6EL9ap_q_mode5EL9_611/1 "/>
</bind>
</comp>

<comp id="3306" class="1004" name="store_ln196_store_fu_3306">
<pin_list>
<pin id="3307" dir="0" index="0" bw="16" slack="0"/>
<pin id="3308" dir="0" index="1" bw="16" slack="0"/>
<pin id="3309" dir="1" index="2" bw="0" slack="2147483647"/>
</pin_list>
<bind>
<opcode="store(28) " fcode="store"/>
<opset="store_ln196/1 "/>
</bind>
</comp>

<comp id="3312" class="1004" name="p_ZZN4nnet24compute_output_buffer_2dINS_5arrayI8ap_fixedILi16ELi6EL9ap_q_mode5EL9_612_load_fu_3312">
<pin_list>
<pin id="3313" dir="0" index="0" bw="16" slack="0"/>
<pin id="3314" dir="1" index="1" bw="16" slack="0"/>
</pin_list>
<bind>
<opcode="load(27) " fcode="load"/>
<opset="p_ZZN4nnet24compute_output_buffer_2dINS_5arrayI8ap_fixedILi16ELi6EL9ap_q_mode5EL9_612/1 "/>
</bind>
</comp>

<comp id="3316" class="1004" name="store_ln196_store_fu_3316">
<pin_list>
<pin id="3317" dir="0" index="0" bw="16" slack="0"/>
<pin id="3318" dir="0" index="1" bw="16" slack="0"/>
<pin id="3319" dir="1" index="2" bw="0" slack="2147483647"/>
</pin_list>
<bind>
<opcode="store(28) " fcode="store"/>
<opset="store_ln196/1 "/>
</bind>
</comp>

<comp id="3322" class="1004" name="p_ZZN4nnet24compute_output_buffer_2dINS_5arrayI8ap_fixedILi16ELi6EL9ap_q_mode5EL9_613_load_fu_3322">
<pin_list>
<pin id="3323" dir="0" index="0" bw="16" slack="0"/>
<pin id="3324" dir="1" index="1" bw="16" slack="0"/>
</pin_list>
<bind>
<opcode="load(27) " fcode="load"/>
<opset="p_ZZN4nnet24compute_output_buffer_2dINS_5arrayI8ap_fixedILi16ELi6EL9ap_q_mode5EL9_613/1 "/>
</bind>
</comp>

<comp id="3326" class="1004" name="store_ln196_store_fu_3326">
<pin_list>
<pin id="3327" dir="0" index="0" bw="16" slack="0"/>
<pin id="3328" dir="0" index="1" bw="16" slack="0"/>
<pin id="3329" dir="1" index="2" bw="0" slack="2147483647"/>
</pin_list>
<bind>
<opcode="store(28) " fcode="store"/>
<opset="store_ln196/1 "/>
</bind>
</comp>

<comp id="3332" class="1004" name="p_ZZN4nnet24compute_output_buffer_2dINS_5arrayI8ap_fixedILi16ELi6EL9ap_q_mode5EL9_614_load_fu_3332">
<pin_list>
<pin id="3333" dir="0" index="0" bw="16" slack="0"/>
<pin id="3334" dir="1" index="1" bw="16" slack="0"/>
</pin_list>
<bind>
<opcode="load(27) " fcode="load"/>
<opset="p_ZZN4nnet24compute_output_buffer_2dINS_5arrayI8ap_fixedILi16ELi6EL9ap_q_mode5EL9_614/1 "/>
</bind>
</comp>

<comp id="3336" class="1004" name="store_ln196_store_fu_3336">
<pin_list>
<pin id="3337" dir="0" index="0" bw="16" slack="0"/>
<pin id="3338" dir="0" index="1" bw="16" slack="0"/>
<pin id="3339" dir="1" index="2" bw="0" slack="2147483647"/>
</pin_list>
<bind>
<opcode="store(28) " fcode="store"/>
<opset="store_ln196/1 "/>
</bind>
</comp>

<comp id="3342" class="1004" name="p_ZZN4nnet24compute_output_buffer_2dINS_5arrayI8ap_fixedILi16ELi6EL9ap_q_mode5EL9_615_load_fu_3342">
<pin_list>
<pin id="3343" dir="0" index="0" bw="16" slack="0"/>
<pin id="3344" dir="1" index="1" bw="16" slack="0"/>
</pin_list>
<bind>
<opcode="load(27) " fcode="load"/>
<opset="p_ZZN4nnet24compute_output_buffer_2dINS_5arrayI8ap_fixedILi16ELi6EL9ap_q_mode5EL9_615/1 "/>
</bind>
</comp>

<comp id="3346" class="1004" name="store_ln196_store_fu_3346">
<pin_list>
<pin id="3347" dir="0" index="0" bw="16" slack="0"/>
<pin id="3348" dir="0" index="1" bw="16" slack="0"/>
<pin id="3349" dir="1" index="2" bw="0" slack="2147483647"/>
</pin_list>
<bind>
<opcode="store(28) " fcode="store"/>
<opset="store_ln196/1 "/>
</bind>
</comp>

<comp id="3352" class="1004" name="p_ZZN4nnet24compute_output_buffer_2dINS_5arrayI8ap_fixedILi16ELi6EL9ap_q_mode5EL9_616_load_fu_3352">
<pin_list>
<pin id="3353" dir="0" index="0" bw="16" slack="0"/>
<pin id="3354" dir="1" index="1" bw="16" slack="0"/>
</pin_list>
<bind>
<opcode="load(27) " fcode="load"/>
<opset="p_ZZN4nnet24compute_output_buffer_2dINS_5arrayI8ap_fixedILi16ELi6EL9ap_q_mode5EL9_616/1 "/>
</bind>
</comp>

<comp id="3356" class="1004" name="store_ln196_store_fu_3356">
<pin_list>
<pin id="3357" dir="0" index="0" bw="16" slack="0"/>
<pin id="3358" dir="0" index="1" bw="16" slack="0"/>
<pin id="3359" dir="1" index="2" bw="0" slack="2147483647"/>
</pin_list>
<bind>
<opcode="store(28) " fcode="store"/>
<opset="store_ln196/1 "/>
</bind>
</comp>

<comp id="3362" class="1004" name="p_ZZN4nnet24compute_output_buffer_2dINS_5arrayI8ap_fixedILi16ELi6EL9ap_q_mode5EL9_617_load_fu_3362">
<pin_list>
<pin id="3363" dir="0" index="0" bw="16" slack="0"/>
<pin id="3364" dir="1" index="1" bw="16" slack="0"/>
</pin_list>
<bind>
<opcode="load(27) " fcode="load"/>
<opset="p_ZZN4nnet24compute_output_buffer_2dINS_5arrayI8ap_fixedILi16ELi6EL9ap_q_mode5EL9_617/1 "/>
</bind>
</comp>

<comp id="3366" class="1004" name="store_ln196_store_fu_3366">
<pin_list>
<pin id="3367" dir="0" index="0" bw="16" slack="0"/>
<pin id="3368" dir="0" index="1" bw="16" slack="0"/>
<pin id="3369" dir="1" index="2" bw="0" slack="2147483647"/>
</pin_list>
<bind>
<opcode="store(28) " fcode="store"/>
<opset="store_ln196/1 "/>
</bind>
</comp>

<comp id="3372" class="1004" name="p_ZZN4nnet24compute_output_buffer_2dINS_5arrayI8ap_fixedILi16ELi6EL9ap_q_mode5EL9_618_load_fu_3372">
<pin_list>
<pin id="3373" dir="0" index="0" bw="16" slack="0"/>
<pin id="3374" dir="1" index="1" bw="16" slack="0"/>
</pin_list>
<bind>
<opcode="load(27) " fcode="load"/>
<opset="p_ZZN4nnet24compute_output_buffer_2dINS_5arrayI8ap_fixedILi16ELi6EL9ap_q_mode5EL9_618/1 "/>
</bind>
</comp>

<comp id="3376" class="1004" name="store_ln196_store_fu_3376">
<pin_list>
<pin id="3377" dir="0" index="0" bw="16" slack="0"/>
<pin id="3378" dir="0" index="1" bw="16" slack="0"/>
<pin id="3379" dir="1" index="2" bw="0" slack="2147483647"/>
</pin_list>
<bind>
<opcode="store(28) " fcode="store"/>
<opset="store_ln196/1 "/>
</bind>
</comp>

<comp id="3382" class="1004" name="p_ZZN4nnet24compute_output_buffer_2dINS_5arrayI8ap_fixedILi16ELi6EL9ap_q_mode5EL9_619_load_fu_3382">
<pin_list>
<pin id="3383" dir="0" index="0" bw="16" slack="0"/>
<pin id="3384" dir="1" index="1" bw="16" slack="0"/>
</pin_list>
<bind>
<opcode="load(27) " fcode="load"/>
<opset="p_ZZN4nnet24compute_output_buffer_2dINS_5arrayI8ap_fixedILi16ELi6EL9ap_q_mode5EL9_619/1 "/>
</bind>
</comp>

<comp id="3386" class="1004" name="store_ln196_store_fu_3386">
<pin_list>
<pin id="3387" dir="0" index="0" bw="16" slack="0"/>
<pin id="3388" dir="0" index="1" bw="16" slack="0"/>
<pin id="3389" dir="1" index="2" bw="0" slack="2147483647"/>
</pin_list>
<bind>
<opcode="store(28) " fcode="store"/>
<opset="store_ln196/1 "/>
</bind>
</comp>

<comp id="3392" class="1004" name="p_ZZN4nnet24compute_output_buffer_2dINS_5arrayI8ap_fixedILi16ELi6EL9ap_q_mode5EL9_620_load_fu_3392">
<pin_list>
<pin id="3393" dir="0" index="0" bw="16" slack="0"/>
<pin id="3394" dir="1" index="1" bw="16" slack="0"/>
</pin_list>
<bind>
<opcode="load(27) " fcode="load"/>
<opset="p_ZZN4nnet24compute_output_buffer_2dINS_5arrayI8ap_fixedILi16ELi6EL9ap_q_mode5EL9_620/1 "/>
</bind>
</comp>

<comp id="3396" class="1004" name="store_ln196_store_fu_3396">
<pin_list>
<pin id="3397" dir="0" index="0" bw="16" slack="0"/>
<pin id="3398" dir="0" index="1" bw="16" slack="0"/>
<pin id="3399" dir="1" index="2" bw="0" slack="2147483647"/>
</pin_list>
<bind>
<opcode="store(28) " fcode="store"/>
<opset="store_ln196/1 "/>
</bind>
</comp>

<comp id="3402" class="1004" name="p_ZZN4nnet24compute_output_buffer_2dINS_5arrayI8ap_fixedILi16ELi6EL9ap_q_mode5EL9_621_load_fu_3402">
<pin_list>
<pin id="3403" dir="0" index="0" bw="16" slack="0"/>
<pin id="3404" dir="1" index="1" bw="16" slack="0"/>
</pin_list>
<bind>
<opcode="load(27) " fcode="load"/>
<opset="p_ZZN4nnet24compute_output_buffer_2dINS_5arrayI8ap_fixedILi16ELi6EL9ap_q_mode5EL9_621/1 "/>
</bind>
</comp>

<comp id="3406" class="1004" name="store_ln196_store_fu_3406">
<pin_list>
<pin id="3407" dir="0" index="0" bw="16" slack="0"/>
<pin id="3408" dir="0" index="1" bw="16" slack="0"/>
<pin id="3409" dir="1" index="2" bw="0" slack="2147483647"/>
</pin_list>
<bind>
<opcode="store(28) " fcode="store"/>
<opset="store_ln196/1 "/>
</bind>
</comp>

<comp id="3412" class="1004" name="p_ZZN4nnet24compute_output_buffer_2dINS_5arrayI8ap_fixedILi16ELi6EL9ap_q_mode5EL9_622_load_fu_3412">
<pin_list>
<pin id="3413" dir="0" index="0" bw="16" slack="0"/>
<pin id="3414" dir="1" index="1" bw="16" slack="0"/>
</pin_list>
<bind>
<opcode="load(27) " fcode="load"/>
<opset="p_ZZN4nnet24compute_output_buffer_2dINS_5arrayI8ap_fixedILi16ELi6EL9ap_q_mode5EL9_622/1 "/>
</bind>
</comp>

<comp id="3416" class="1004" name="store_ln196_store_fu_3416">
<pin_list>
<pin id="3417" dir="0" index="0" bw="16" slack="0"/>
<pin id="3418" dir="0" index="1" bw="16" slack="0"/>
<pin id="3419" dir="1" index="2" bw="0" slack="2147483647"/>
</pin_list>
<bind>
<opcode="store(28) " fcode="store"/>
<opset="store_ln196/1 "/>
</bind>
</comp>

<comp id="3422" class="1004" name="p_ZZN4nnet24compute_output_buffer_2dINS_5arrayI8ap_fixedILi16ELi6EL9ap_q_mode5EL9_623_load_fu_3422">
<pin_list>
<pin id="3423" dir="0" index="0" bw="16" slack="0"/>
<pin id="3424" dir="1" index="1" bw="16" slack="0"/>
</pin_list>
<bind>
<opcode="load(27) " fcode="load"/>
<opset="p_ZZN4nnet24compute_output_buffer_2dINS_5arrayI8ap_fixedILi16ELi6EL9ap_q_mode5EL9_623/1 "/>
</bind>
</comp>

<comp id="3426" class="1004" name="store_ln196_store_fu_3426">
<pin_list>
<pin id="3427" dir="0" index="0" bw="16" slack="0"/>
<pin id="3428" dir="0" index="1" bw="16" slack="0"/>
<pin id="3429" dir="1" index="2" bw="0" slack="2147483647"/>
</pin_list>
<bind>
<opcode="store(28) " fcode="store"/>
<opset="store_ln196/1 "/>
</bind>
</comp>

<comp id="3432" class="1004" name="p_ZZN4nnet24compute_output_buffer_2dINS_5arrayI8ap_fixedILi16ELi6EL9ap_q_mode5EL9_624_load_fu_3432">
<pin_list>
<pin id="3433" dir="0" index="0" bw="16" slack="0"/>
<pin id="3434" dir="1" index="1" bw="16" slack="0"/>
</pin_list>
<bind>
<opcode="load(27) " fcode="load"/>
<opset="p_ZZN4nnet24compute_output_buffer_2dINS_5arrayI8ap_fixedILi16ELi6EL9ap_q_mode5EL9_624/1 "/>
</bind>
</comp>

<comp id="3436" class="1004" name="store_ln196_store_fu_3436">
<pin_list>
<pin id="3437" dir="0" index="0" bw="16" slack="0"/>
<pin id="3438" dir="0" index="1" bw="16" slack="0"/>
<pin id="3439" dir="1" index="2" bw="0" slack="2147483647"/>
</pin_list>
<bind>
<opcode="store(28) " fcode="store"/>
<opset="store_ln196/1 "/>
</bind>
</comp>

<comp id="3442" class="1004" name="p_ZZN4nnet24compute_output_buffer_2dINS_5arrayI8ap_fixedILi16ELi6EL9ap_q_mode5EL9_625_load_fu_3442">
<pin_list>
<pin id="3443" dir="0" index="0" bw="16" slack="0"/>
<pin id="3444" dir="1" index="1" bw="16" slack="0"/>
</pin_list>
<bind>
<opcode="load(27) " fcode="load"/>
<opset="p_ZZN4nnet24compute_output_buffer_2dINS_5arrayI8ap_fixedILi16ELi6EL9ap_q_mode5EL9_625/1 "/>
</bind>
</comp>

<comp id="3446" class="1004" name="store_ln196_store_fu_3446">
<pin_list>
<pin id="3447" dir="0" index="0" bw="16" slack="0"/>
<pin id="3448" dir="0" index="1" bw="16" slack="0"/>
<pin id="3449" dir="1" index="2" bw="0" slack="2147483647"/>
</pin_list>
<bind>
<opcode="store(28) " fcode="store"/>
<opset="store_ln196/1 "/>
</bind>
</comp>

<comp id="3452" class="1004" name="p_ZZN4nnet24compute_output_buffer_2dINS_5arrayI8ap_fixedILi16ELi6EL9ap_q_mode5EL9_626_load_fu_3452">
<pin_list>
<pin id="3453" dir="0" index="0" bw="16" slack="0"/>
<pin id="3454" dir="1" index="1" bw="16" slack="0"/>
</pin_list>
<bind>
<opcode="load(27) " fcode="load"/>
<opset="p_ZZN4nnet24compute_output_buffer_2dINS_5arrayI8ap_fixedILi16ELi6EL9ap_q_mode5EL9_626/1 "/>
</bind>
</comp>

<comp id="3456" class="1004" name="store_ln196_store_fu_3456">
<pin_list>
<pin id="3457" dir="0" index="0" bw="16" slack="0"/>
<pin id="3458" dir="0" index="1" bw="16" slack="0"/>
<pin id="3459" dir="1" index="2" bw="0" slack="2147483647"/>
</pin_list>
<bind>
<opcode="store(28) " fcode="store"/>
<opset="store_ln196/1 "/>
</bind>
</comp>

<comp id="3462" class="1004" name="p_ZZN4nnet24compute_output_buffer_2dINS_5arrayI8ap_fixedILi16ELi6EL9ap_q_mode5EL9_627_load_fu_3462">
<pin_list>
<pin id="3463" dir="0" index="0" bw="16" slack="0"/>
<pin id="3464" dir="1" index="1" bw="16" slack="0"/>
</pin_list>
<bind>
<opcode="load(27) " fcode="load"/>
<opset="p_ZZN4nnet24compute_output_buffer_2dINS_5arrayI8ap_fixedILi16ELi6EL9ap_q_mode5EL9_627/1 "/>
</bind>
</comp>

<comp id="3466" class="1004" name="store_ln196_store_fu_3466">
<pin_list>
<pin id="3467" dir="0" index="0" bw="16" slack="0"/>
<pin id="3468" dir="0" index="1" bw="16" slack="0"/>
<pin id="3469" dir="1" index="2" bw="0" slack="2147483647"/>
</pin_list>
<bind>
<opcode="store(28) " fcode="store"/>
<opset="store_ln196/1 "/>
</bind>
</comp>

<comp id="3472" class="1004" name="p_ZZN4nnet24compute_output_buffer_2dINS_5arrayI8ap_fixedILi16ELi6EL9ap_q_mode5EL9_628_load_fu_3472">
<pin_list>
<pin id="3473" dir="0" index="0" bw="16" slack="0"/>
<pin id="3474" dir="1" index="1" bw="16" slack="0"/>
</pin_list>
<bind>
<opcode="load(27) " fcode="load"/>
<opset="p_ZZN4nnet24compute_output_buffer_2dINS_5arrayI8ap_fixedILi16ELi6EL9ap_q_mode5EL9_628/1 "/>
</bind>
</comp>

<comp id="3476" class="1004" name="store_ln196_store_fu_3476">
<pin_list>
<pin id="3477" dir="0" index="0" bw="16" slack="0"/>
<pin id="3478" dir="0" index="1" bw="16" slack="0"/>
<pin id="3479" dir="1" index="2" bw="0" slack="2147483647"/>
</pin_list>
<bind>
<opcode="store(28) " fcode="store"/>
<opset="store_ln196/1 "/>
</bind>
</comp>

<comp id="3482" class="1004" name="p_ZZN4nnet24compute_output_buffer_2dINS_5arrayI8ap_fixedILi16ELi6EL9ap_q_mode5EL9_629_load_fu_3482">
<pin_list>
<pin id="3483" dir="0" index="0" bw="16" slack="0"/>
<pin id="3484" dir="1" index="1" bw="16" slack="0"/>
</pin_list>
<bind>
<opcode="load(27) " fcode="load"/>
<opset="p_ZZN4nnet24compute_output_buffer_2dINS_5arrayI8ap_fixedILi16ELi6EL9ap_q_mode5EL9_629/1 "/>
</bind>
</comp>

<comp id="3486" class="1004" name="store_ln196_store_fu_3486">
<pin_list>
<pin id="3487" dir="0" index="0" bw="16" slack="0"/>
<pin id="3488" dir="0" index="1" bw="16" slack="0"/>
<pin id="3489" dir="1" index="2" bw="0" slack="2147483647"/>
</pin_list>
<bind>
<opcode="store(28) " fcode="store"/>
<opset="store_ln196/1 "/>
</bind>
</comp>

<comp id="3492" class="1004" name="p_ZZN4nnet24compute_output_buffer_2dINS_5arrayI8ap_fixedILi16ELi6EL9ap_q_mode5EL9_630_load_fu_3492">
<pin_list>
<pin id="3493" dir="0" index="0" bw="16" slack="0"/>
<pin id="3494" dir="1" index="1" bw="16" slack="0"/>
</pin_list>
<bind>
<opcode="load(27) " fcode="load"/>
<opset="p_ZZN4nnet24compute_output_buffer_2dINS_5arrayI8ap_fixedILi16ELi6EL9ap_q_mode5EL9_630/1 "/>
</bind>
</comp>

<comp id="3496" class="1004" name="store_ln196_store_fu_3496">
<pin_list>
<pin id="3497" dir="0" index="0" bw="16" slack="0"/>
<pin id="3498" dir="0" index="1" bw="16" slack="0"/>
<pin id="3499" dir="1" index="2" bw="0" slack="2147483647"/>
</pin_list>
<bind>
<opcode="store(28) " fcode="store"/>
<opset="store_ln196/1 "/>
</bind>
</comp>

<comp id="3502" class="1004" name="p_ZZN4nnet24compute_output_buffer_2dINS_5arrayI8ap_fixedILi16ELi6EL9ap_q_mode5EL9_631_load_fu_3502">
<pin_list>
<pin id="3503" dir="0" index="0" bw="16" slack="0"/>
<pin id="3504" dir="1" index="1" bw="16" slack="0"/>
</pin_list>
<bind>
<opcode="load(27) " fcode="load"/>
<opset="p_ZZN4nnet24compute_output_buffer_2dINS_5arrayI8ap_fixedILi16ELi6EL9ap_q_mode5EL9_631/1 "/>
</bind>
</comp>

<comp id="3506" class="1004" name="store_ln196_store_fu_3506">
<pin_list>
<pin id="3507" dir="0" index="0" bw="16" slack="0"/>
<pin id="3508" dir="0" index="1" bw="16" slack="0"/>
<pin id="3509" dir="1" index="2" bw="0" slack="2147483647"/>
</pin_list>
<bind>
<opcode="store(28) " fcode="store"/>
<opset="store_ln196/1 "/>
</bind>
</comp>

<comp id="3512" class="1004" name="p_ZZN4nnet24compute_output_buffer_2dINS_5arrayI8ap_fixedILi16ELi6EL9ap_q_mode5EL9_632_load_fu_3512">
<pin_list>
<pin id="3513" dir="0" index="0" bw="16" slack="0"/>
<pin id="3514" dir="1" index="1" bw="16" slack="0"/>
</pin_list>
<bind>
<opcode="load(27) " fcode="load"/>
<opset="p_ZZN4nnet24compute_output_buffer_2dINS_5arrayI8ap_fixedILi16ELi6EL9ap_q_mode5EL9_632/1 "/>
</bind>
</comp>

<comp id="3516" class="1004" name="store_ln196_store_fu_3516">
<pin_list>
<pin id="3517" dir="0" index="0" bw="16" slack="0"/>
<pin id="3518" dir="0" index="1" bw="16" slack="0"/>
<pin id="3519" dir="1" index="2" bw="0" slack="2147483647"/>
</pin_list>
<bind>
<opcode="store(28) " fcode="store"/>
<opset="store_ln196/1 "/>
</bind>
</comp>

<comp id="3522" class="1004" name="p_ZZN4nnet24compute_output_buffer_2dINS_5arrayI8ap_fixedILi16ELi6EL9ap_q_mode5EL9_633_load_fu_3522">
<pin_list>
<pin id="3523" dir="0" index="0" bw="16" slack="0"/>
<pin id="3524" dir="1" index="1" bw="16" slack="0"/>
</pin_list>
<bind>
<opcode="load(27) " fcode="load"/>
<opset="p_ZZN4nnet24compute_output_buffer_2dINS_5arrayI8ap_fixedILi16ELi6EL9ap_q_mode5EL9_633/1 "/>
</bind>
</comp>

<comp id="3526" class="1004" name="store_ln196_store_fu_3526">
<pin_list>
<pin id="3527" dir="0" index="0" bw="16" slack="0"/>
<pin id="3528" dir="0" index="1" bw="16" slack="0"/>
<pin id="3529" dir="1" index="2" bw="0" slack="2147483647"/>
</pin_list>
<bind>
<opcode="store(28) " fcode="store"/>
<opset="store_ln196/1 "/>
</bind>
</comp>

<comp id="3532" class="1004" name="p_ZZN4nnet24compute_output_buffer_2dINS_5arrayI8ap_fixedILi16ELi6EL9ap_q_mode5EL9_634_load_fu_3532">
<pin_list>
<pin id="3533" dir="0" index="0" bw="16" slack="0"/>
<pin id="3534" dir="1" index="1" bw="16" slack="0"/>
</pin_list>
<bind>
<opcode="load(27) " fcode="load"/>
<opset="p_ZZN4nnet24compute_output_buffer_2dINS_5arrayI8ap_fixedILi16ELi6EL9ap_q_mode5EL9_634/1 "/>
</bind>
</comp>

<comp id="3536" class="1004" name="store_ln196_store_fu_3536">
<pin_list>
<pin id="3537" dir="0" index="0" bw="16" slack="0"/>
<pin id="3538" dir="0" index="1" bw="16" slack="0"/>
<pin id="3539" dir="1" index="2" bw="0" slack="2147483647"/>
</pin_list>
<bind>
<opcode="store(28) " fcode="store"/>
<opset="store_ln196/1 "/>
</bind>
</comp>

<comp id="3542" class="1004" name="p_ZZN4nnet24compute_output_buffer_2dINS_5arrayI8ap_fixedILi16ELi6EL9ap_q_mode5EL9_635_load_fu_3542">
<pin_list>
<pin id="3543" dir="0" index="0" bw="16" slack="0"/>
<pin id="3544" dir="1" index="1" bw="16" slack="0"/>
</pin_list>
<bind>
<opcode="load(27) " fcode="load"/>
<opset="p_ZZN4nnet24compute_output_buffer_2dINS_5arrayI8ap_fixedILi16ELi6EL9ap_q_mode5EL9_635/1 "/>
</bind>
</comp>

<comp id="3546" class="1004" name="store_ln196_store_fu_3546">
<pin_list>
<pin id="3547" dir="0" index="0" bw="16" slack="0"/>
<pin id="3548" dir="0" index="1" bw="16" slack="0"/>
<pin id="3549" dir="1" index="2" bw="0" slack="2147483647"/>
</pin_list>
<bind>
<opcode="store(28) " fcode="store"/>
<opset="store_ln196/1 "/>
</bind>
</comp>

<comp id="3552" class="1004" name="p_ZZN4nnet24compute_output_buffer_2dINS_5arrayI8ap_fixedILi16ELi6EL9ap_q_mode5EL9_636_load_fu_3552">
<pin_list>
<pin id="3553" dir="0" index="0" bw="16" slack="0"/>
<pin id="3554" dir="1" index="1" bw="16" slack="0"/>
</pin_list>
<bind>
<opcode="load(27) " fcode="load"/>
<opset="p_ZZN4nnet24compute_output_buffer_2dINS_5arrayI8ap_fixedILi16ELi6EL9ap_q_mode5EL9_636/1 "/>
</bind>
</comp>

<comp id="3556" class="1004" name="store_ln196_store_fu_3556">
<pin_list>
<pin id="3557" dir="0" index="0" bw="16" slack="0"/>
<pin id="3558" dir="0" index="1" bw="16" slack="0"/>
<pin id="3559" dir="1" index="2" bw="0" slack="2147483647"/>
</pin_list>
<bind>
<opcode="store(28) " fcode="store"/>
<opset="store_ln196/1 "/>
</bind>
</comp>

<comp id="3562" class="1004" name="p_ZZN4nnet24compute_output_buffer_2dINS_5arrayI8ap_fixedILi16ELi6EL9ap_q_mode5EL9_637_load_fu_3562">
<pin_list>
<pin id="3563" dir="0" index="0" bw="16" slack="0"/>
<pin id="3564" dir="1" index="1" bw="16" slack="0"/>
</pin_list>
<bind>
<opcode="load(27) " fcode="load"/>
<opset="p_ZZN4nnet24compute_output_buffer_2dINS_5arrayI8ap_fixedILi16ELi6EL9ap_q_mode5EL9_637/1 "/>
</bind>
</comp>

<comp id="3566" class="1004" name="store_ln196_store_fu_3566">
<pin_list>
<pin id="3567" dir="0" index="0" bw="16" slack="0"/>
<pin id="3568" dir="0" index="1" bw="16" slack="0"/>
<pin id="3569" dir="1" index="2" bw="0" slack="2147483647"/>
</pin_list>
<bind>
<opcode="store(28) " fcode="store"/>
<opset="store_ln196/1 "/>
</bind>
</comp>

<comp id="3572" class="1004" name="p_ZZN4nnet24compute_output_buffer_2dINS_5arrayI8ap_fixedILi16ELi6EL9ap_q_mode5EL9_638_load_fu_3572">
<pin_list>
<pin id="3573" dir="0" index="0" bw="16" slack="0"/>
<pin id="3574" dir="1" index="1" bw="16" slack="0"/>
</pin_list>
<bind>
<opcode="load(27) " fcode="load"/>
<opset="p_ZZN4nnet24compute_output_buffer_2dINS_5arrayI8ap_fixedILi16ELi6EL9ap_q_mode5EL9_638/1 "/>
</bind>
</comp>

<comp id="3576" class="1004" name="store_ln196_store_fu_3576">
<pin_list>
<pin id="3577" dir="0" index="0" bw="16" slack="0"/>
<pin id="3578" dir="0" index="1" bw="16" slack="0"/>
<pin id="3579" dir="1" index="2" bw="0" slack="2147483647"/>
</pin_list>
<bind>
<opcode="store(28) " fcode="store"/>
<opset="store_ln196/1 "/>
</bind>
</comp>

<comp id="3582" class="1004" name="p_ZZN4nnet24compute_output_buffer_2dINS_5arrayI8ap_fixedILi16ELi6EL9ap_q_mode5EL9_639_load_fu_3582">
<pin_list>
<pin id="3583" dir="0" index="0" bw="16" slack="0"/>
<pin id="3584" dir="1" index="1" bw="16" slack="0"/>
</pin_list>
<bind>
<opcode="load(27) " fcode="load"/>
<opset="p_ZZN4nnet24compute_output_buffer_2dINS_5arrayI8ap_fixedILi16ELi6EL9ap_q_mode5EL9_639/1 "/>
</bind>
</comp>

<comp id="3586" class="1004" name="store_ln196_store_fu_3586">
<pin_list>
<pin id="3587" dir="0" index="0" bw="16" slack="0"/>
<pin id="3588" dir="0" index="1" bw="16" slack="0"/>
<pin id="3589" dir="1" index="2" bw="0" slack="2147483647"/>
</pin_list>
<bind>
<opcode="store(28) " fcode="store"/>
<opset="store_ln196/1 "/>
</bind>
</comp>

<comp id="3592" class="1004" name="p_ZZN4nnet24compute_output_buffer_2dINS_5arrayI8ap_fixedILi16ELi6EL9ap_q_mode5EL9_640_load_fu_3592">
<pin_list>
<pin id="3593" dir="0" index="0" bw="16" slack="0"/>
<pin id="3594" dir="1" index="1" bw="16" slack="0"/>
</pin_list>
<bind>
<opcode="load(27) " fcode="load"/>
<opset="p_ZZN4nnet24compute_output_buffer_2dINS_5arrayI8ap_fixedILi16ELi6EL9ap_q_mode5EL9_640/1 "/>
</bind>
</comp>

<comp id="3596" class="1004" name="store_ln196_store_fu_3596">
<pin_list>
<pin id="3597" dir="0" index="0" bw="16" slack="0"/>
<pin id="3598" dir="0" index="1" bw="16" slack="0"/>
<pin id="3599" dir="1" index="2" bw="0" slack="2147483647"/>
</pin_list>
<bind>
<opcode="store(28) " fcode="store"/>
<opset="store_ln196/1 "/>
</bind>
</comp>

<comp id="3602" class="1004" name="p_ZZN4nnet24compute_output_buffer_2dINS_5arrayI8ap_fixedILi16ELi6EL9ap_q_mode5EL9_641_load_fu_3602">
<pin_list>
<pin id="3603" dir="0" index="0" bw="16" slack="0"/>
<pin id="3604" dir="1" index="1" bw="16" slack="0"/>
</pin_list>
<bind>
<opcode="load(27) " fcode="load"/>
<opset="p_ZZN4nnet24compute_output_buffer_2dINS_5arrayI8ap_fixedILi16ELi6EL9ap_q_mode5EL9_641/1 "/>
</bind>
</comp>

<comp id="3606" class="1004" name="store_ln196_store_fu_3606">
<pin_list>
<pin id="3607" dir="0" index="0" bw="16" slack="0"/>
<pin id="3608" dir="0" index="1" bw="16" slack="0"/>
<pin id="3609" dir="1" index="2" bw="0" slack="2147483647"/>
</pin_list>
<bind>
<opcode="store(28) " fcode="store"/>
<opset="store_ln196/1 "/>
</bind>
</comp>

<comp id="3612" class="1004" name="p_ZZN4nnet24compute_output_buffer_2dINS_5arrayI8ap_fixedILi16ELi6EL9ap_q_mode5EL9_642_load_fu_3612">
<pin_list>
<pin id="3613" dir="0" index="0" bw="16" slack="0"/>
<pin id="3614" dir="1" index="1" bw="16" slack="0"/>
</pin_list>
<bind>
<opcode="load(27) " fcode="load"/>
<opset="p_ZZN4nnet24compute_output_buffer_2dINS_5arrayI8ap_fixedILi16ELi6EL9ap_q_mode5EL9_642/1 "/>
</bind>
</comp>

<comp id="3616" class="1004" name="store_ln196_store_fu_3616">
<pin_list>
<pin id="3617" dir="0" index="0" bw="16" slack="0"/>
<pin id="3618" dir="0" index="1" bw="16" slack="0"/>
<pin id="3619" dir="1" index="2" bw="0" slack="2147483647"/>
</pin_list>
<bind>
<opcode="store(28) " fcode="store"/>
<opset="store_ln196/1 "/>
</bind>
</comp>

<comp id="3622" class="1004" name="p_ZZN4nnet24compute_output_buffer_2dINS_5arrayI8ap_fixedILi16ELi6EL9ap_q_mode5EL9_643_load_fu_3622">
<pin_list>
<pin id="3623" dir="0" index="0" bw="16" slack="0"/>
<pin id="3624" dir="1" index="1" bw="16" slack="0"/>
</pin_list>
<bind>
<opcode="load(27) " fcode="load"/>
<opset="p_ZZN4nnet24compute_output_buffer_2dINS_5arrayI8ap_fixedILi16ELi6EL9ap_q_mode5EL9_643/1 "/>
</bind>
</comp>

<comp id="3626" class="1004" name="store_ln196_store_fu_3626">
<pin_list>
<pin id="3627" dir="0" index="0" bw="16" slack="0"/>
<pin id="3628" dir="0" index="1" bw="16" slack="0"/>
<pin id="3629" dir="1" index="2" bw="0" slack="2147483647"/>
</pin_list>
<bind>
<opcode="store(28) " fcode="store"/>
<opset="store_ln196/1 "/>
</bind>
</comp>

<comp id="3632" class="1004" name="p_ZZN4nnet24compute_output_buffer_2dINS_5arrayI8ap_fixedILi16ELi6EL9ap_q_mode5EL9_644_load_fu_3632">
<pin_list>
<pin id="3633" dir="0" index="0" bw="16" slack="0"/>
<pin id="3634" dir="1" index="1" bw="16" slack="0"/>
</pin_list>
<bind>
<opcode="load(27) " fcode="load"/>
<opset="p_ZZN4nnet24compute_output_buffer_2dINS_5arrayI8ap_fixedILi16ELi6EL9ap_q_mode5EL9_644/1 "/>
</bind>
</comp>

<comp id="3636" class="1004" name="store_ln196_store_fu_3636">
<pin_list>
<pin id="3637" dir="0" index="0" bw="16" slack="0"/>
<pin id="3638" dir="0" index="1" bw="16" slack="0"/>
<pin id="3639" dir="1" index="2" bw="0" slack="2147483647"/>
</pin_list>
<bind>
<opcode="store(28) " fcode="store"/>
<opset="store_ln196/1 "/>
</bind>
</comp>

<comp id="3642" class="1004" name="p_ZZN4nnet24compute_output_buffer_2dINS_5arrayI8ap_fixedILi16ELi6EL9ap_q_mode5EL9_645_load_fu_3642">
<pin_list>
<pin id="3643" dir="0" index="0" bw="16" slack="0"/>
<pin id="3644" dir="1" index="1" bw="16" slack="0"/>
</pin_list>
<bind>
<opcode="load(27) " fcode="load"/>
<opset="p_ZZN4nnet24compute_output_buffer_2dINS_5arrayI8ap_fixedILi16ELi6EL9ap_q_mode5EL9_645/1 "/>
</bind>
</comp>

<comp id="3646" class="1004" name="store_ln196_store_fu_3646">
<pin_list>
<pin id="3647" dir="0" index="0" bw="16" slack="0"/>
<pin id="3648" dir="0" index="1" bw="16" slack="0"/>
<pin id="3649" dir="1" index="2" bw="0" slack="2147483647"/>
</pin_list>
<bind>
<opcode="store(28) " fcode="store"/>
<opset="store_ln196/1 "/>
</bind>
</comp>

<comp id="3652" class="1004" name="p_ZZN4nnet24compute_output_buffer_2dINS_5arrayI8ap_fixedILi16ELi6EL9ap_q_mode5EL9_646_load_fu_3652">
<pin_list>
<pin id="3653" dir="0" index="0" bw="16" slack="0"/>
<pin id="3654" dir="1" index="1" bw="16" slack="0"/>
</pin_list>
<bind>
<opcode="load(27) " fcode="load"/>
<opset="p_ZZN4nnet24compute_output_buffer_2dINS_5arrayI8ap_fixedILi16ELi6EL9ap_q_mode5EL9_646/1 "/>
</bind>
</comp>

<comp id="3656" class="1004" name="store_ln196_store_fu_3656">
<pin_list>
<pin id="3657" dir="0" index="0" bw="16" slack="0"/>
<pin id="3658" dir="0" index="1" bw="16" slack="0"/>
<pin id="3659" dir="1" index="2" bw="0" slack="2147483647"/>
</pin_list>
<bind>
<opcode="store(28) " fcode="store"/>
<opset="store_ln196/1 "/>
</bind>
</comp>

<comp id="3662" class="1004" name="store_ln209_store_fu_3662">
<pin_list>
<pin id="3663" dir="0" index="0" bw="16" slack="0"/>
<pin id="3664" dir="0" index="1" bw="16" slack="0"/>
<pin id="3665" dir="1" index="2" bw="0" slack="2147483647"/>
</pin_list>
<bind>
<opcode="store(28) " fcode="store"/>
<opset="store_ln209/1 "/>
</bind>
</comp>

<comp id="3668" class="1004" name="store_ln209_store_fu_3668">
<pin_list>
<pin id="3669" dir="0" index="0" bw="16" slack="0"/>
<pin id="3670" dir="0" index="1" bw="16" slack="0"/>
<pin id="3671" dir="1" index="2" bw="0" slack="2147483647"/>
</pin_list>
<bind>
<opcode="store(28) " fcode="store"/>
<opset="store_ln209/1 "/>
</bind>
</comp>

<comp id="3674" class="1004" name="store_ln209_store_fu_3674">
<pin_list>
<pin id="3675" dir="0" index="0" bw="16" slack="0"/>
<pin id="3676" dir="0" index="1" bw="16" slack="0"/>
<pin id="3677" dir="1" index="2" bw="0" slack="2147483647"/>
</pin_list>
<bind>
<opcode="store(28) " fcode="store"/>
<opset="store_ln209/1 "/>
</bind>
</comp>

<comp id="3680" class="1004" name="store_ln209_store_fu_3680">
<pin_list>
<pin id="3681" dir="0" index="0" bw="16" slack="0"/>
<pin id="3682" dir="0" index="1" bw="16" slack="0"/>
<pin id="3683" dir="1" index="2" bw="0" slack="2147483647"/>
</pin_list>
<bind>
<opcode="store(28) " fcode="store"/>
<opset="store_ln209/1 "/>
</bind>
</comp>

<comp id="3686" class="1004" name="store_ln209_store_fu_3686">
<pin_list>
<pin id="3687" dir="0" index="0" bw="16" slack="0"/>
<pin id="3688" dir="0" index="1" bw="16" slack="0"/>
<pin id="3689" dir="1" index="2" bw="0" slack="2147483647"/>
</pin_list>
<bind>
<opcode="store(28) " fcode="store"/>
<opset="store_ln209/1 "/>
</bind>
</comp>

<comp id="3692" class="1004" name="store_ln209_store_fu_3692">
<pin_list>
<pin id="3693" dir="0" index="0" bw="16" slack="0"/>
<pin id="3694" dir="0" index="1" bw="16" slack="0"/>
<pin id="3695" dir="1" index="2" bw="0" slack="2147483647"/>
</pin_list>
<bind>
<opcode="store(28) " fcode="store"/>
<opset="store_ln209/1 "/>
</bind>
</comp>

<comp id="3698" class="1004" name="store_ln209_store_fu_3698">
<pin_list>
<pin id="3699" dir="0" index="0" bw="16" slack="0"/>
<pin id="3700" dir="0" index="1" bw="16" slack="0"/>
<pin id="3701" dir="1" index="2" bw="0" slack="2147483647"/>
</pin_list>
<bind>
<opcode="store(28) " fcode="store"/>
<opset="store_ln209/1 "/>
</bind>
</comp>

<comp id="3704" class="1004" name="store_ln209_store_fu_3704">
<pin_list>
<pin id="3705" dir="0" index="0" bw="16" slack="0"/>
<pin id="3706" dir="0" index="1" bw="16" slack="0"/>
<pin id="3707" dir="1" index="2" bw="0" slack="2147483647"/>
</pin_list>
<bind>
<opcode="store(28) " fcode="store"/>
<opset="store_ln209/1 "/>
</bind>
</comp>

<comp id="3710" class="1004" name="store_ln209_store_fu_3710">
<pin_list>
<pin id="3711" dir="0" index="0" bw="16" slack="0"/>
<pin id="3712" dir="0" index="1" bw="16" slack="0"/>
<pin id="3713" dir="1" index="2" bw="0" slack="2147483647"/>
</pin_list>
<bind>
<opcode="store(28) " fcode="store"/>
<opset="store_ln209/1 "/>
</bind>
</comp>

<comp id="3716" class="1004" name="store_ln209_store_fu_3716">
<pin_list>
<pin id="3717" dir="0" index="0" bw="16" slack="0"/>
<pin id="3718" dir="0" index="1" bw="16" slack="0"/>
<pin id="3719" dir="1" index="2" bw="0" slack="2147483647"/>
</pin_list>
<bind>
<opcode="store(28) " fcode="store"/>
<opset="store_ln209/1 "/>
</bind>
</comp>

<comp id="3722" class="1004" name="store_ln209_store_fu_3722">
<pin_list>
<pin id="3723" dir="0" index="0" bw="16" slack="0"/>
<pin id="3724" dir="0" index="1" bw="16" slack="0"/>
<pin id="3725" dir="1" index="2" bw="0" slack="2147483647"/>
</pin_list>
<bind>
<opcode="store(28) " fcode="store"/>
<opset="store_ln209/1 "/>
</bind>
</comp>

<comp id="3728" class="1004" name="store_ln209_store_fu_3728">
<pin_list>
<pin id="3729" dir="0" index="0" bw="16" slack="0"/>
<pin id="3730" dir="0" index="1" bw="16" slack="0"/>
<pin id="3731" dir="1" index="2" bw="0" slack="2147483647"/>
</pin_list>
<bind>
<opcode="store(28) " fcode="store"/>
<opset="store_ln209/1 "/>
</bind>
</comp>

<comp id="3734" class="1004" name="store_ln209_store_fu_3734">
<pin_list>
<pin id="3735" dir="0" index="0" bw="16" slack="0"/>
<pin id="3736" dir="0" index="1" bw="16" slack="0"/>
<pin id="3737" dir="1" index="2" bw="0" slack="2147483647"/>
</pin_list>
<bind>
<opcode="store(28) " fcode="store"/>
<opset="store_ln209/1 "/>
</bind>
</comp>

<comp id="3740" class="1004" name="store_ln209_store_fu_3740">
<pin_list>
<pin id="3741" dir="0" index="0" bw="16" slack="0"/>
<pin id="3742" dir="0" index="1" bw="16" slack="0"/>
<pin id="3743" dir="1" index="2" bw="0" slack="2147483647"/>
</pin_list>
<bind>
<opcode="store(28) " fcode="store"/>
<opset="store_ln209/1 "/>
</bind>
</comp>

<comp id="3746" class="1004" name="store_ln209_store_fu_3746">
<pin_list>
<pin id="3747" dir="0" index="0" bw="16" slack="0"/>
<pin id="3748" dir="0" index="1" bw="16" slack="0"/>
<pin id="3749" dir="1" index="2" bw="0" slack="2147483647"/>
</pin_list>
<bind>
<opcode="store(28) " fcode="store"/>
<opset="store_ln209/1 "/>
</bind>
</comp>

<comp id="3752" class="1004" name="store_ln209_store_fu_3752">
<pin_list>
<pin id="3753" dir="0" index="0" bw="16" slack="0"/>
<pin id="3754" dir="0" index="1" bw="16" slack="0"/>
<pin id="3755" dir="1" index="2" bw="0" slack="2147483647"/>
</pin_list>
<bind>
<opcode="store(28) " fcode="store"/>
<opset="store_ln209/1 "/>
</bind>
</comp>

<comp id="3758" class="1004" name="store_ln209_store_fu_3758">
<pin_list>
<pin id="3759" dir="0" index="0" bw="16" slack="0"/>
<pin id="3760" dir="0" index="1" bw="16" slack="0"/>
<pin id="3761" dir="1" index="2" bw="0" slack="2147483647"/>
</pin_list>
<bind>
<opcode="store(28) " fcode="store"/>
<opset="store_ln209/1 "/>
</bind>
</comp>

<comp id="3764" class="1004" name="store_ln209_store_fu_3764">
<pin_list>
<pin id="3765" dir="0" index="0" bw="16" slack="0"/>
<pin id="3766" dir="0" index="1" bw="16" slack="0"/>
<pin id="3767" dir="1" index="2" bw="0" slack="2147483647"/>
</pin_list>
<bind>
<opcode="store(28) " fcode="store"/>
<opset="store_ln209/1 "/>
</bind>
</comp>

<comp id="3770" class="1004" name="store_ln209_store_fu_3770">
<pin_list>
<pin id="3771" dir="0" index="0" bw="16" slack="0"/>
<pin id="3772" dir="0" index="1" bw="16" slack="0"/>
<pin id="3773" dir="1" index="2" bw="0" slack="2147483647"/>
</pin_list>
<bind>
<opcode="store(28) " fcode="store"/>
<opset="store_ln209/1 "/>
</bind>
</comp>

<comp id="3776" class="1004" name="store_ln209_store_fu_3776">
<pin_list>
<pin id="3777" dir="0" index="0" bw="16" slack="0"/>
<pin id="3778" dir="0" index="1" bw="16" slack="0"/>
<pin id="3779" dir="1" index="2" bw="0" slack="2147483647"/>
</pin_list>
<bind>
<opcode="store(28) " fcode="store"/>
<opset="store_ln209/1 "/>
</bind>
</comp>

<comp id="3782" class="1004" name="store_ln209_store_fu_3782">
<pin_list>
<pin id="3783" dir="0" index="0" bw="16" slack="0"/>
<pin id="3784" dir="0" index="1" bw="16" slack="0"/>
<pin id="3785" dir="1" index="2" bw="0" slack="2147483647"/>
</pin_list>
<bind>
<opcode="store(28) " fcode="store"/>
<opset="store_ln209/1 "/>
</bind>
</comp>

<comp id="3788" class="1004" name="store_ln209_store_fu_3788">
<pin_list>
<pin id="3789" dir="0" index="0" bw="16" slack="0"/>
<pin id="3790" dir="0" index="1" bw="16" slack="0"/>
<pin id="3791" dir="1" index="2" bw="0" slack="2147483647"/>
</pin_list>
<bind>
<opcode="store(28) " fcode="store"/>
<opset="store_ln209/1 "/>
</bind>
</comp>

<comp id="3794" class="1004" name="store_ln209_store_fu_3794">
<pin_list>
<pin id="3795" dir="0" index="0" bw="16" slack="0"/>
<pin id="3796" dir="0" index="1" bw="16" slack="0"/>
<pin id="3797" dir="1" index="2" bw="0" slack="2147483647"/>
</pin_list>
<bind>
<opcode="store(28) " fcode="store"/>
<opset="store_ln209/1 "/>
</bind>
</comp>

<comp id="3800" class="1004" name="store_ln209_store_fu_3800">
<pin_list>
<pin id="3801" dir="0" index="0" bw="16" slack="0"/>
<pin id="3802" dir="0" index="1" bw="16" slack="0"/>
<pin id="3803" dir="1" index="2" bw="0" slack="2147483647"/>
</pin_list>
<bind>
<opcode="store(28) " fcode="store"/>
<opset="store_ln209/1 "/>
</bind>
</comp>

<comp id="3806" class="1004" name="store_ln209_store_fu_3806">
<pin_list>
<pin id="3807" dir="0" index="0" bw="16" slack="0"/>
<pin id="3808" dir="0" index="1" bw="16" slack="0"/>
<pin id="3809" dir="1" index="2" bw="0" slack="2147483647"/>
</pin_list>
<bind>
<opcode="store(28) " fcode="store"/>
<opset="store_ln209/1 "/>
</bind>
</comp>

<comp id="3812" class="1004" name="store_ln209_store_fu_3812">
<pin_list>
<pin id="3813" dir="0" index="0" bw="16" slack="0"/>
<pin id="3814" dir="0" index="1" bw="16" slack="0"/>
<pin id="3815" dir="1" index="2" bw="0" slack="2147483647"/>
</pin_list>
<bind>
<opcode="store(28) " fcode="store"/>
<opset="store_ln209/1 "/>
</bind>
</comp>

<comp id="3818" class="1004" name="store_ln209_store_fu_3818">
<pin_list>
<pin id="3819" dir="0" index="0" bw="16" slack="0"/>
<pin id="3820" dir="0" index="1" bw="16" slack="0"/>
<pin id="3821" dir="1" index="2" bw="0" slack="2147483647"/>
</pin_list>
<bind>
<opcode="store(28) " fcode="store"/>
<opset="store_ln209/1 "/>
</bind>
</comp>

<comp id="3824" class="1004" name="store_ln209_store_fu_3824">
<pin_list>
<pin id="3825" dir="0" index="0" bw="16" slack="0"/>
<pin id="3826" dir="0" index="1" bw="16" slack="0"/>
<pin id="3827" dir="1" index="2" bw="0" slack="2147483647"/>
</pin_list>
<bind>
<opcode="store(28) " fcode="store"/>
<opset="store_ln209/1 "/>
</bind>
</comp>

<comp id="3830" class="1004" name="store_ln209_store_fu_3830">
<pin_list>
<pin id="3831" dir="0" index="0" bw="16" slack="0"/>
<pin id="3832" dir="0" index="1" bw="16" slack="0"/>
<pin id="3833" dir="1" index="2" bw="0" slack="2147483647"/>
</pin_list>
<bind>
<opcode="store(28) " fcode="store"/>
<opset="store_ln209/1 "/>
</bind>
</comp>

<comp id="3836" class="1004" name="store_ln209_store_fu_3836">
<pin_list>
<pin id="3837" dir="0" index="0" bw="16" slack="0"/>
<pin id="3838" dir="0" index="1" bw="16" slack="0"/>
<pin id="3839" dir="1" index="2" bw="0" slack="2147483647"/>
</pin_list>
<bind>
<opcode="store(28) " fcode="store"/>
<opset="store_ln209/1 "/>
</bind>
</comp>

<comp id="3842" class="1004" name="store_ln209_store_fu_3842">
<pin_list>
<pin id="3843" dir="0" index="0" bw="16" slack="0"/>
<pin id="3844" dir="0" index="1" bw="16" slack="0"/>
<pin id="3845" dir="1" index="2" bw="0" slack="2147483647"/>
</pin_list>
<bind>
<opcode="store(28) " fcode="store"/>
<opset="store_ln209/1 "/>
</bind>
</comp>

<comp id="3848" class="1004" name="store_ln209_store_fu_3848">
<pin_list>
<pin id="3849" dir="0" index="0" bw="16" slack="0"/>
<pin id="3850" dir="0" index="1" bw="16" slack="0"/>
<pin id="3851" dir="1" index="2" bw="0" slack="2147483647"/>
</pin_list>
<bind>
<opcode="store(28) " fcode="store"/>
<opset="store_ln209/1 "/>
</bind>
</comp>

<comp id="3854" class="1004" name="store_ln209_store_fu_3854">
<pin_list>
<pin id="3855" dir="0" index="0" bw="16" slack="0"/>
<pin id="3856" dir="0" index="1" bw="16" slack="0"/>
<pin id="3857" dir="1" index="2" bw="0" slack="2147483647"/>
</pin_list>
<bind>
<opcode="store(28) " fcode="store"/>
<opset="store_ln209/1 "/>
</bind>
</comp>

<comp id="3860" class="1004" name="store_ln209_store_fu_3860">
<pin_list>
<pin id="3861" dir="0" index="0" bw="16" slack="0"/>
<pin id="3862" dir="0" index="1" bw="16" slack="0"/>
<pin id="3863" dir="1" index="2" bw="0" slack="2147483647"/>
</pin_list>
<bind>
<opcode="store(28) " fcode="store"/>
<opset="store_ln209/1 "/>
</bind>
</comp>

<comp id="3866" class="1004" name="store_ln209_store_fu_3866">
<pin_list>
<pin id="3867" dir="0" index="0" bw="16" slack="0"/>
<pin id="3868" dir="0" index="1" bw="16" slack="0"/>
<pin id="3869" dir="1" index="2" bw="0" slack="2147483647"/>
</pin_list>
<bind>
<opcode="store(28) " fcode="store"/>
<opset="store_ln209/1 "/>
</bind>
</comp>

<comp id="3872" class="1004" name="store_ln209_store_fu_3872">
<pin_list>
<pin id="3873" dir="0" index="0" bw="16" slack="0"/>
<pin id="3874" dir="0" index="1" bw="16" slack="0"/>
<pin id="3875" dir="1" index="2" bw="0" slack="2147483647"/>
</pin_list>
<bind>
<opcode="store(28) " fcode="store"/>
<opset="store_ln209/1 "/>
</bind>
</comp>

<comp id="3878" class="1004" name="store_ln209_store_fu_3878">
<pin_list>
<pin id="3879" dir="0" index="0" bw="16" slack="0"/>
<pin id="3880" dir="0" index="1" bw="16" slack="0"/>
<pin id="3881" dir="1" index="2" bw="0" slack="2147483647"/>
</pin_list>
<bind>
<opcode="store(28) " fcode="store"/>
<opset="store_ln209/1 "/>
</bind>
</comp>

<comp id="3884" class="1004" name="store_ln209_store_fu_3884">
<pin_list>
<pin id="3885" dir="0" index="0" bw="16" slack="0"/>
<pin id="3886" dir="0" index="1" bw="16" slack="0"/>
<pin id="3887" dir="1" index="2" bw="0" slack="2147483647"/>
</pin_list>
<bind>
<opcode="store(28) " fcode="store"/>
<opset="store_ln209/1 "/>
</bind>
</comp>

<comp id="3890" class="1004" name="store_ln209_store_fu_3890">
<pin_list>
<pin id="3891" dir="0" index="0" bw="16" slack="0"/>
<pin id="3892" dir="0" index="1" bw="16" slack="0"/>
<pin id="3893" dir="1" index="2" bw="0" slack="2147483647"/>
</pin_list>
<bind>
<opcode="store(28) " fcode="store"/>
<opset="store_ln209/1 "/>
</bind>
</comp>

<comp id="3896" class="1004" name="store_ln209_store_fu_3896">
<pin_list>
<pin id="3897" dir="0" index="0" bw="16" slack="0"/>
<pin id="3898" dir="0" index="1" bw="16" slack="0"/>
<pin id="3899" dir="1" index="2" bw="0" slack="2147483647"/>
</pin_list>
<bind>
<opcode="store(28) " fcode="store"/>
<opset="store_ln209/1 "/>
</bind>
</comp>

<comp id="3902" class="1004" name="store_ln209_store_fu_3902">
<pin_list>
<pin id="3903" dir="0" index="0" bw="16" slack="0"/>
<pin id="3904" dir="0" index="1" bw="16" slack="0"/>
<pin id="3905" dir="1" index="2" bw="0" slack="2147483647"/>
</pin_list>
<bind>
<opcode="store(28) " fcode="store"/>
<opset="store_ln209/1 "/>
</bind>
</comp>

<comp id="3908" class="1004" name="store_ln209_store_fu_3908">
<pin_list>
<pin id="3909" dir="0" index="0" bw="16" slack="0"/>
<pin id="3910" dir="0" index="1" bw="16" slack="0"/>
<pin id="3911" dir="1" index="2" bw="0" slack="2147483647"/>
</pin_list>
<bind>
<opcode="store(28) " fcode="store"/>
<opset="store_ln209/1 "/>
</bind>
</comp>

<comp id="3914" class="1004" name="store_ln209_store_fu_3914">
<pin_list>
<pin id="3915" dir="0" index="0" bw="16" slack="0"/>
<pin id="3916" dir="0" index="1" bw="16" slack="0"/>
<pin id="3917" dir="1" index="2" bw="0" slack="2147483647"/>
</pin_list>
<bind>
<opcode="store(28) " fcode="store"/>
<opset="store_ln209/1 "/>
</bind>
</comp>

<comp id="3920" class="1004" name="store_ln209_store_fu_3920">
<pin_list>
<pin id="3921" dir="0" index="0" bw="16" slack="0"/>
<pin id="3922" dir="0" index="1" bw="16" slack="0"/>
<pin id="3923" dir="1" index="2" bw="0" slack="2147483647"/>
</pin_list>
<bind>
<opcode="store(28) " fcode="store"/>
<opset="store_ln209/1 "/>
</bind>
</comp>

<comp id="3926" class="1004" name="store_ln209_store_fu_3926">
<pin_list>
<pin id="3927" dir="0" index="0" bw="16" slack="0"/>
<pin id="3928" dir="0" index="1" bw="16" slack="0"/>
<pin id="3929" dir="1" index="2" bw="0" slack="2147483647"/>
</pin_list>
<bind>
<opcode="store(28) " fcode="store"/>
<opset="store_ln209/1 "/>
</bind>
</comp>

<comp id="3932" class="1004" name="store_ln209_store_fu_3932">
<pin_list>
<pin id="3933" dir="0" index="0" bw="16" slack="0"/>
<pin id="3934" dir="0" index="1" bw="16" slack="0"/>
<pin id="3935" dir="1" index="2" bw="0" slack="2147483647"/>
</pin_list>
<bind>
<opcode="store(28) " fcode="store"/>
<opset="store_ln209/1 "/>
</bind>
</comp>

<comp id="3938" class="1004" name="store_ln209_store_fu_3938">
<pin_list>
<pin id="3939" dir="0" index="0" bw="16" slack="0"/>
<pin id="3940" dir="0" index="1" bw="16" slack="0"/>
<pin id="3941" dir="1" index="2" bw="0" slack="2147483647"/>
</pin_list>
<bind>
<opcode="store(28) " fcode="store"/>
<opset="store_ln209/1 "/>
</bind>
</comp>

<comp id="3944" class="1004" name="store_ln209_store_fu_3944">
<pin_list>
<pin id="3945" dir="0" index="0" bw="16" slack="0"/>
<pin id="3946" dir="0" index="1" bw="16" slack="0"/>
<pin id="3947" dir="1" index="2" bw="0" slack="2147483647"/>
</pin_list>
<bind>
<opcode="store(28) " fcode="store"/>
<opset="store_ln209/1 "/>
</bind>
</comp>

<comp id="3950" class="1004" name="store_ln209_store_fu_3950">
<pin_list>
<pin id="3951" dir="0" index="0" bw="16" slack="0"/>
<pin id="3952" dir="0" index="1" bw="16" slack="0"/>
<pin id="3953" dir="1" index="2" bw="0" slack="2147483647"/>
</pin_list>
<bind>
<opcode="store(28) " fcode="store"/>
<opset="store_ln209/1 "/>
</bind>
</comp>

<comp id="3956" class="1004" name="store_ln209_store_fu_3956">
<pin_list>
<pin id="3957" dir="0" index="0" bw="16" slack="0"/>
<pin id="3958" dir="0" index="1" bw="16" slack="0"/>
<pin id="3959" dir="1" index="2" bw="0" slack="2147483647"/>
</pin_list>
<bind>
<opcode="store(28) " fcode="store"/>
<opset="store_ln209/1 "/>
</bind>
</comp>

<comp id="3962" class="1004" name="store_ln209_store_fu_3962">
<pin_list>
<pin id="3963" dir="0" index="0" bw="16" slack="0"/>
<pin id="3964" dir="0" index="1" bw="16" slack="0"/>
<pin id="3965" dir="1" index="2" bw="0" slack="2147483647"/>
</pin_list>
<bind>
<opcode="store(28) " fcode="store"/>
<opset="store_ln209/1 "/>
</bind>
</comp>

<comp id="3968" class="1004" name="store_ln209_store_fu_3968">
<pin_list>
<pin id="3969" dir="0" index="0" bw="16" slack="0"/>
<pin id="3970" dir="0" index="1" bw="16" slack="0"/>
<pin id="3971" dir="1" index="2" bw="0" slack="2147483647"/>
</pin_list>
<bind>
<opcode="store(28) " fcode="store"/>
<opset="store_ln209/1 "/>
</bind>
</comp>

<comp id="3974" class="1004" name="store_ln209_store_fu_3974">
<pin_list>
<pin id="3975" dir="0" index="0" bw="16" slack="0"/>
<pin id="3976" dir="0" index="1" bw="16" slack="0"/>
<pin id="3977" dir="1" index="2" bw="0" slack="2147483647"/>
</pin_list>
<bind>
<opcode="store(28) " fcode="store"/>
<opset="store_ln209/1 "/>
</bind>
</comp>

<comp id="3980" class="1004" name="store_ln209_store_fu_3980">
<pin_list>
<pin id="3981" dir="0" index="0" bw="16" slack="0"/>
<pin id="3982" dir="0" index="1" bw="16" slack="0"/>
<pin id="3983" dir="1" index="2" bw="0" slack="2147483647"/>
</pin_list>
<bind>
<opcode="store(28) " fcode="store"/>
<opset="store_ln209/1 "/>
</bind>
</comp>

<comp id="3986" class="1004" name="store_ln209_store_fu_3986">
<pin_list>
<pin id="3987" dir="0" index="0" bw="16" slack="0"/>
<pin id="3988" dir="0" index="1" bw="16" slack="0"/>
<pin id="3989" dir="1" index="2" bw="0" slack="2147483647"/>
</pin_list>
<bind>
<opcode="store(28) " fcode="store"/>
<opset="store_ln209/1 "/>
</bind>
</comp>

<comp id="3992" class="1004" name="store_ln209_store_fu_3992">
<pin_list>
<pin id="3993" dir="0" index="0" bw="16" slack="0"/>
<pin id="3994" dir="0" index="1" bw="16" slack="0"/>
<pin id="3995" dir="1" index="2" bw="0" slack="2147483647"/>
</pin_list>
<bind>
<opcode="store(28) " fcode="store"/>
<opset="store_ln209/1 "/>
</bind>
</comp>

<comp id="3998" class="1004" name="store_ln209_store_fu_3998">
<pin_list>
<pin id="3999" dir="0" index="0" bw="16" slack="0"/>
<pin id="4000" dir="0" index="1" bw="16" slack="0"/>
<pin id="4001" dir="1" index="2" bw="0" slack="2147483647"/>
</pin_list>
<bind>
<opcode="store(28) " fcode="store"/>
<opset="store_ln209/1 "/>
</bind>
</comp>

<comp id="4004" class="1004" name="store_ln209_store_fu_4004">
<pin_list>
<pin id="4005" dir="0" index="0" bw="16" slack="0"/>
<pin id="4006" dir="0" index="1" bw="16" slack="0"/>
<pin id="4007" dir="1" index="2" bw="0" slack="2147483647"/>
</pin_list>
<bind>
<opcode="store(28) " fcode="store"/>
<opset="store_ln209/1 "/>
</bind>
</comp>

<comp id="4010" class="1004" name="store_ln209_store_fu_4010">
<pin_list>
<pin id="4011" dir="0" index="0" bw="16" slack="0"/>
<pin id="4012" dir="0" index="1" bw="16" slack="0"/>
<pin id="4013" dir="1" index="2" bw="0" slack="2147483647"/>
</pin_list>
<bind>
<opcode="store(28) " fcode="store"/>
<opset="store_ln209/1 "/>
</bind>
</comp>

<comp id="4016" class="1004" name="store_ln209_store_fu_4016">
<pin_list>
<pin id="4017" dir="0" index="0" bw="16" slack="0"/>
<pin id="4018" dir="0" index="1" bw="16" slack="0"/>
<pin id="4019" dir="1" index="2" bw="0" slack="2147483647"/>
</pin_list>
<bind>
<opcode="store(28) " fcode="store"/>
<opset="store_ln209/1 "/>
</bind>
</comp>

<comp id="4022" class="1004" name="store_ln209_store_fu_4022">
<pin_list>
<pin id="4023" dir="0" index="0" bw="16" slack="0"/>
<pin id="4024" dir="0" index="1" bw="16" slack="0"/>
<pin id="4025" dir="1" index="2" bw="0" slack="2147483647"/>
</pin_list>
<bind>
<opcode="store(28) " fcode="store"/>
<opset="store_ln209/1 "/>
</bind>
</comp>

<comp id="4028" class="1004" name="store_ln209_store_fu_4028">
<pin_list>
<pin id="4029" dir="0" index="0" bw="16" slack="0"/>
<pin id="4030" dir="0" index="1" bw="16" slack="0"/>
<pin id="4031" dir="1" index="2" bw="0" slack="2147483647"/>
</pin_list>
<bind>
<opcode="store(28) " fcode="store"/>
<opset="store_ln209/1 "/>
</bind>
</comp>

<comp id="4034" class="1004" name="store_ln209_store_fu_4034">
<pin_list>
<pin id="4035" dir="0" index="0" bw="16" slack="0"/>
<pin id="4036" dir="0" index="1" bw="16" slack="0"/>
<pin id="4037" dir="1" index="2" bw="0" slack="2147483647"/>
</pin_list>
<bind>
<opcode="store(28) " fcode="store"/>
<opset="store_ln209/1 "/>
</bind>
</comp>

<comp id="4040" class="1004" name="store_ln209_store_fu_4040">
<pin_list>
<pin id="4041" dir="0" index="0" bw="16" slack="0"/>
<pin id="4042" dir="0" index="1" bw="16" slack="0"/>
<pin id="4043" dir="1" index="2" bw="0" slack="2147483647"/>
</pin_list>
<bind>
<opcode="store(28) " fcode="store"/>
<opset="store_ln209/1 "/>
</bind>
</comp>

<comp id="4046" class="1004" name="store_ln209_store_fu_4046">
<pin_list>
<pin id="4047" dir="0" index="0" bw="16" slack="0"/>
<pin id="4048" dir="0" index="1" bw="16" slack="0"/>
<pin id="4049" dir="1" index="2" bw="0" slack="2147483647"/>
</pin_list>
<bind>
<opcode="store(28) " fcode="store"/>
<opset="store_ln209/1 "/>
</bind>
</comp>

<comp id="4052" class="1004" name="store_ln209_store_fu_4052">
<pin_list>
<pin id="4053" dir="0" index="0" bw="16" slack="0"/>
<pin id="4054" dir="0" index="1" bw="16" slack="0"/>
<pin id="4055" dir="1" index="2" bw="0" slack="2147483647"/>
</pin_list>
<bind>
<opcode="store(28) " fcode="store"/>
<opset="store_ln209/1 "/>
</bind>
</comp>

<comp id="4058" class="1004" name="store_ln209_store_fu_4058">
<pin_list>
<pin id="4059" dir="0" index="0" bw="16" slack="0"/>
<pin id="4060" dir="0" index="1" bw="16" slack="0"/>
<pin id="4061" dir="1" index="2" bw="0" slack="2147483647"/>
</pin_list>
<bind>
<opcode="store(28) " fcode="store"/>
<opset="store_ln209/1 "/>
</bind>
</comp>

<comp id="4064" class="1004" name="store_ln209_store_fu_4064">
<pin_list>
<pin id="4065" dir="0" index="0" bw="16" slack="0"/>
<pin id="4066" dir="0" index="1" bw="16" slack="0"/>
<pin id="4067" dir="1" index="2" bw="0" slack="2147483647"/>
</pin_list>
<bind>
<opcode="store(28) " fcode="store"/>
<opset="store_ln209/1 "/>
</bind>
</comp>

<comp id="4070" class="1004" name="store_ln209_store_fu_4070">
<pin_list>
<pin id="4071" dir="0" index="0" bw="16" slack="0"/>
<pin id="4072" dir="0" index="1" bw="16" slack="0"/>
<pin id="4073" dir="1" index="2" bw="0" slack="2147483647"/>
</pin_list>
<bind>
<opcode="store(28) " fcode="store"/>
<opset="store_ln209/1 "/>
</bind>
</comp>

<comp id="4076" class="1004" name="store_ln209_store_fu_4076">
<pin_list>
<pin id="4077" dir="0" index="0" bw="16" slack="0"/>
<pin id="4078" dir="0" index="1" bw="16" slack="0"/>
<pin id="4079" dir="1" index="2" bw="0" slack="2147483647"/>
</pin_list>
<bind>
<opcode="store(28) " fcode="store"/>
<opset="store_ln209/1 "/>
</bind>
</comp>

<comp id="4082" class="1004" name="store_ln209_store_fu_4082">
<pin_list>
<pin id="4083" dir="0" index="0" bw="16" slack="0"/>
<pin id="4084" dir="0" index="1" bw="16" slack="0"/>
<pin id="4085" dir="1" index="2" bw="0" slack="2147483647"/>
</pin_list>
<bind>
<opcode="store(28) " fcode="store"/>
<opset="store_ln209/1 "/>
</bind>
</comp>

<comp id="4088" class="1004" name="store_ln209_store_fu_4088">
<pin_list>
<pin id="4089" dir="0" index="0" bw="16" slack="0"/>
<pin id="4090" dir="0" index="1" bw="16" slack="0"/>
<pin id="4091" dir="1" index="2" bw="0" slack="2147483647"/>
</pin_list>
<bind>
<opcode="store(28) " fcode="store"/>
<opset="store_ln209/1 "/>
</bind>
</comp>

<comp id="4094" class="1004" name="store_ln209_store_fu_4094">
<pin_list>
<pin id="4095" dir="0" index="0" bw="16" slack="0"/>
<pin id="4096" dir="0" index="1" bw="16" slack="0"/>
<pin id="4097" dir="1" index="2" bw="0" slack="2147483647"/>
</pin_list>
<bind>
<opcode="store(28) " fcode="store"/>
<opset="store_ln209/1 "/>
</bind>
</comp>

<comp id="4100" class="1004" name="store_ln209_store_fu_4100">
<pin_list>
<pin id="4101" dir="0" index="0" bw="16" slack="0"/>
<pin id="4102" dir="0" index="1" bw="16" slack="0"/>
<pin id="4103" dir="1" index="2" bw="0" slack="2147483647"/>
</pin_list>
<bind>
<opcode="store(28) " fcode="store"/>
<opset="store_ln209/1 "/>
</bind>
</comp>

<comp id="4106" class="1004" name="store_ln209_store_fu_4106">
<pin_list>
<pin id="4107" dir="0" index="0" bw="16" slack="0"/>
<pin id="4108" dir="0" index="1" bw="16" slack="0"/>
<pin id="4109" dir="1" index="2" bw="0" slack="2147483647"/>
</pin_list>
<bind>
<opcode="store(28) " fcode="store"/>
<opset="store_ln209/1 "/>
</bind>
</comp>

<comp id="4112" class="1004" name="store_ln209_store_fu_4112">
<pin_list>
<pin id="4113" dir="0" index="0" bw="16" slack="0"/>
<pin id="4114" dir="0" index="1" bw="16" slack="0"/>
<pin id="4115" dir="1" index="2" bw="0" slack="2147483647"/>
</pin_list>
<bind>
<opcode="store(28) " fcode="store"/>
<opset="store_ln209/1 "/>
</bind>
</comp>

<comp id="4118" class="1004" name="store_ln209_store_fu_4118">
<pin_list>
<pin id="4119" dir="0" index="0" bw="16" slack="0"/>
<pin id="4120" dir="0" index="1" bw="16" slack="0"/>
<pin id="4121" dir="1" index="2" bw="0" slack="2147483647"/>
</pin_list>
<bind>
<opcode="store(28) " fcode="store"/>
<opset="store_ln209/1 "/>
</bind>
</comp>

<comp id="4124" class="1004" name="store_ln209_store_fu_4124">
<pin_list>
<pin id="4125" dir="0" index="0" bw="16" slack="0"/>
<pin id="4126" dir="0" index="1" bw="16" slack="0"/>
<pin id="4127" dir="1" index="2" bw="0" slack="2147483647"/>
</pin_list>
<bind>
<opcode="store(28) " fcode="store"/>
<opset="store_ln209/1 "/>
</bind>
</comp>

<comp id="4130" class="1004" name="store_ln209_store_fu_4130">
<pin_list>
<pin id="4131" dir="0" index="0" bw="16" slack="0"/>
<pin id="4132" dir="0" index="1" bw="16" slack="0"/>
<pin id="4133" dir="1" index="2" bw="0" slack="2147483647"/>
</pin_list>
<bind>
<opcode="store(28) " fcode="store"/>
<opset="store_ln209/1 "/>
</bind>
</comp>

<comp id="4136" class="1004" name="store_ln209_store_fu_4136">
<pin_list>
<pin id="4137" dir="0" index="0" bw="16" slack="0"/>
<pin id="4138" dir="0" index="1" bw="16" slack="0"/>
<pin id="4139" dir="1" index="2" bw="0" slack="2147483647"/>
</pin_list>
<bind>
<opcode="store(28) " fcode="store"/>
<opset="store_ln209/1 "/>
</bind>
</comp>

<comp id="4142" class="1004" name="store_ln209_store_fu_4142">
<pin_list>
<pin id="4143" dir="0" index="0" bw="16" slack="0"/>
<pin id="4144" dir="0" index="1" bw="16" slack="0"/>
<pin id="4145" dir="1" index="2" bw="0" slack="2147483647"/>
</pin_list>
<bind>
<opcode="store(28) " fcode="store"/>
<opset="store_ln209/1 "/>
</bind>
</comp>

<comp id="4148" class="1004" name="store_ln209_store_fu_4148">
<pin_list>
<pin id="4149" dir="0" index="0" bw="16" slack="0"/>
<pin id="4150" dir="0" index="1" bw="16" slack="0"/>
<pin id="4151" dir="1" index="2" bw="0" slack="2147483647"/>
</pin_list>
<bind>
<opcode="store(28) " fcode="store"/>
<opset="store_ln209/1 "/>
</bind>
</comp>

<comp id="4154" class="1004" name="store_ln209_store_fu_4154">
<pin_list>
<pin id="4155" dir="0" index="0" bw="16" slack="0"/>
<pin id="4156" dir="0" index="1" bw="16" slack="0"/>
<pin id="4157" dir="1" index="2" bw="0" slack="2147483647"/>
</pin_list>
<bind>
<opcode="store(28) " fcode="store"/>
<opset="store_ln209/1 "/>
</bind>
</comp>

<comp id="4160" class="1004" name="store_ln209_store_fu_4160">
<pin_list>
<pin id="4161" dir="0" index="0" bw="16" slack="0"/>
<pin id="4162" dir="0" index="1" bw="16" slack="0"/>
<pin id="4163" dir="1" index="2" bw="0" slack="2147483647"/>
</pin_list>
<bind>
<opcode="store(28) " fcode="store"/>
<opset="store_ln209/1 "/>
</bind>
</comp>

<comp id="4166" class="1004" name="store_ln209_store_fu_4166">
<pin_list>
<pin id="4167" dir="0" index="0" bw="16" slack="0"/>
<pin id="4168" dir="0" index="1" bw="16" slack="0"/>
<pin id="4169" dir="1" index="2" bw="0" slack="2147483647"/>
</pin_list>
<bind>
<opcode="store(28) " fcode="store"/>
<opset="store_ln209/1 "/>
</bind>
</comp>

<comp id="4172" class="1004" name="store_ln209_store_fu_4172">
<pin_list>
<pin id="4173" dir="0" index="0" bw="16" slack="0"/>
<pin id="4174" dir="0" index="1" bw="16" slack="0"/>
<pin id="4175" dir="1" index="2" bw="0" slack="2147483647"/>
</pin_list>
<bind>
<opcode="store(28) " fcode="store"/>
<opset="store_ln209/1 "/>
</bind>
</comp>

<comp id="4178" class="1004" name="store_ln209_store_fu_4178">
<pin_list>
<pin id="4179" dir="0" index="0" bw="16" slack="0"/>
<pin id="4180" dir="0" index="1" bw="16" slack="0"/>
<pin id="4181" dir="1" index="2" bw="0" slack="2147483647"/>
</pin_list>
<bind>
<opcode="store(28) " fcode="store"/>
<opset="store_ln209/1 "/>
</bind>
</comp>

<comp id="4184" class="1004" name="store_ln209_store_fu_4184">
<pin_list>
<pin id="4185" dir="0" index="0" bw="16" slack="0"/>
<pin id="4186" dir="0" index="1" bw="16" slack="0"/>
<pin id="4187" dir="1" index="2" bw="0" slack="2147483647"/>
</pin_list>
<bind>
<opcode="store(28) " fcode="store"/>
<opset="store_ln209/1 "/>
</bind>
</comp>

<comp id="4190" class="1004" name="store_ln209_store_fu_4190">
<pin_list>
<pin id="4191" dir="0" index="0" bw="16" slack="0"/>
<pin id="4192" dir="0" index="1" bw="16" slack="0"/>
<pin id="4193" dir="1" index="2" bw="0" slack="2147483647"/>
</pin_list>
<bind>
<opcode="store(28) " fcode="store"/>
<opset="store_ln209/1 "/>
</bind>
</comp>

<comp id="4196" class="1004" name="store_ln209_store_fu_4196">
<pin_list>
<pin id="4197" dir="0" index="0" bw="16" slack="0"/>
<pin id="4198" dir="0" index="1" bw="16" slack="0"/>
<pin id="4199" dir="1" index="2" bw="0" slack="2147483647"/>
</pin_list>
<bind>
<opcode="store(28) " fcode="store"/>
<opset="store_ln209/1 "/>
</bind>
</comp>

<comp id="4202" class="1004" name="store_ln209_store_fu_4202">
<pin_list>
<pin id="4203" dir="0" index="0" bw="16" slack="0"/>
<pin id="4204" dir="0" index="1" bw="16" slack="0"/>
<pin id="4205" dir="1" index="2" bw="0" slack="2147483647"/>
</pin_list>
<bind>
<opcode="store(28) " fcode="store"/>
<opset="store_ln209/1 "/>
</bind>
</comp>

<comp id="4208" class="1004" name="store_ln209_store_fu_4208">
<pin_list>
<pin id="4209" dir="0" index="0" bw="16" slack="0"/>
<pin id="4210" dir="0" index="1" bw="16" slack="0"/>
<pin id="4211" dir="1" index="2" bw="0" slack="2147483647"/>
</pin_list>
<bind>
<opcode="store(28) " fcode="store"/>
<opset="store_ln209/1 "/>
</bind>
</comp>

<comp id="4214" class="1004" name="store_ln209_store_fu_4214">
<pin_list>
<pin id="4215" dir="0" index="0" bw="16" slack="0"/>
<pin id="4216" dir="0" index="1" bw="16" slack="0"/>
<pin id="4217" dir="1" index="2" bw="0" slack="2147483647"/>
</pin_list>
<bind>
<opcode="store(28) " fcode="store"/>
<opset="store_ln209/1 "/>
</bind>
</comp>

<comp id="4220" class="1004" name="store_ln209_store_fu_4220">
<pin_list>
<pin id="4221" dir="0" index="0" bw="16" slack="0"/>
<pin id="4222" dir="0" index="1" bw="16" slack="0"/>
<pin id="4223" dir="1" index="2" bw="0" slack="2147483647"/>
</pin_list>
<bind>
<opcode="store(28) " fcode="store"/>
<opset="store_ln209/1 "/>
</bind>
</comp>

<comp id="4226" class="1004" name="store_ln209_store_fu_4226">
<pin_list>
<pin id="4227" dir="0" index="0" bw="16" slack="0"/>
<pin id="4228" dir="0" index="1" bw="16" slack="0"/>
<pin id="4229" dir="1" index="2" bw="0" slack="2147483647"/>
</pin_list>
<bind>
<opcode="store(28) " fcode="store"/>
<opset="store_ln209/1 "/>
</bind>
</comp>

<comp id="4232" class="1004" name="store_ln209_store_fu_4232">
<pin_list>
<pin id="4233" dir="0" index="0" bw="16" slack="0"/>
<pin id="4234" dir="0" index="1" bw="16" slack="0"/>
<pin id="4235" dir="1" index="2" bw="0" slack="2147483647"/>
</pin_list>
<bind>
<opcode="store(28) " fcode="store"/>
<opset="store_ln209/1 "/>
</bind>
</comp>

</comp_list>

<net_list>
<net id="914"><net_src comp="776" pin="0"/><net_sink comp="910" pin=0"/></net>

<net id="915"><net_src comp="62" pin="0"/><net_sink comp="910" pin=1"/></net>

<net id="920"><net_src comp="776" pin="0"/><net_sink comp="916" pin=0"/></net>

<net id="921"><net_src comp="60" pin="0"/><net_sink comp="916" pin=1"/></net>

<net id="926"><net_src comp="776" pin="0"/><net_sink comp="922" pin=0"/></net>

<net id="927"><net_src comp="58" pin="0"/><net_sink comp="922" pin=1"/></net>

<net id="932"><net_src comp="776" pin="0"/><net_sink comp="928" pin=0"/></net>

<net id="933"><net_src comp="56" pin="0"/><net_sink comp="928" pin=1"/></net>

<net id="938"><net_src comp="776" pin="0"/><net_sink comp="934" pin=0"/></net>

<net id="939"><net_src comp="54" pin="0"/><net_sink comp="934" pin=1"/></net>

<net id="944"><net_src comp="776" pin="0"/><net_sink comp="940" pin=0"/></net>

<net id="945"><net_src comp="52" pin="0"/><net_sink comp="940" pin=1"/></net>

<net id="950"><net_src comp="776" pin="0"/><net_sink comp="946" pin=0"/></net>

<net id="951"><net_src comp="50" pin="0"/><net_sink comp="946" pin=1"/></net>

<net id="956"><net_src comp="776" pin="0"/><net_sink comp="952" pin=0"/></net>

<net id="957"><net_src comp="48" pin="0"/><net_sink comp="952" pin=1"/></net>

<net id="962"><net_src comp="776" pin="0"/><net_sink comp="958" pin=0"/></net>

<net id="963"><net_src comp="46" pin="0"/><net_sink comp="958" pin=1"/></net>

<net id="968"><net_src comp="776" pin="0"/><net_sink comp="964" pin=0"/></net>

<net id="969"><net_src comp="44" pin="0"/><net_sink comp="964" pin=1"/></net>

<net id="974"><net_src comp="776" pin="0"/><net_sink comp="970" pin=0"/></net>

<net id="975"><net_src comp="42" pin="0"/><net_sink comp="970" pin=1"/></net>

<net id="980"><net_src comp="776" pin="0"/><net_sink comp="976" pin=0"/></net>

<net id="981"><net_src comp="40" pin="0"/><net_sink comp="976" pin=1"/></net>

<net id="986"><net_src comp="776" pin="0"/><net_sink comp="982" pin=0"/></net>

<net id="987"><net_src comp="38" pin="0"/><net_sink comp="982" pin=1"/></net>

<net id="992"><net_src comp="776" pin="0"/><net_sink comp="988" pin=0"/></net>

<net id="993"><net_src comp="36" pin="0"/><net_sink comp="988" pin=1"/></net>

<net id="998"><net_src comp="776" pin="0"/><net_sink comp="994" pin=0"/></net>

<net id="999"><net_src comp="34" pin="0"/><net_sink comp="994" pin=1"/></net>

<net id="1004"><net_src comp="776" pin="0"/><net_sink comp="1000" pin=0"/></net>

<net id="1005"><net_src comp="32" pin="0"/><net_sink comp="1000" pin=1"/></net>

<net id="1010"><net_src comp="776" pin="0"/><net_sink comp="1006" pin=0"/></net>

<net id="1011"><net_src comp="30" pin="0"/><net_sink comp="1006" pin=1"/></net>

<net id="1016"><net_src comp="776" pin="0"/><net_sink comp="1012" pin=0"/></net>

<net id="1017"><net_src comp="28" pin="0"/><net_sink comp="1012" pin=1"/></net>

<net id="1022"><net_src comp="776" pin="0"/><net_sink comp="1018" pin=0"/></net>

<net id="1023"><net_src comp="26" pin="0"/><net_sink comp="1018" pin=1"/></net>

<net id="1028"><net_src comp="776" pin="0"/><net_sink comp="1024" pin=0"/></net>

<net id="1029"><net_src comp="24" pin="0"/><net_sink comp="1024" pin=1"/></net>

<net id="1034"><net_src comp="776" pin="0"/><net_sink comp="1030" pin=0"/></net>

<net id="1035"><net_src comp="22" pin="0"/><net_sink comp="1030" pin=1"/></net>

<net id="1040"><net_src comp="776" pin="0"/><net_sink comp="1036" pin=0"/></net>

<net id="1041"><net_src comp="20" pin="0"/><net_sink comp="1036" pin=1"/></net>

<net id="1046"><net_src comp="776" pin="0"/><net_sink comp="1042" pin=0"/></net>

<net id="1047"><net_src comp="18" pin="0"/><net_sink comp="1042" pin=1"/></net>

<net id="1052"><net_src comp="776" pin="0"/><net_sink comp="1048" pin=0"/></net>

<net id="1053"><net_src comp="16" pin="0"/><net_sink comp="1048" pin=1"/></net>

<net id="1058"><net_src comp="776" pin="0"/><net_sink comp="1054" pin=0"/></net>

<net id="1059"><net_src comp="14" pin="0"/><net_sink comp="1054" pin=1"/></net>

<net id="1064"><net_src comp="776" pin="0"/><net_sink comp="1060" pin=0"/></net>

<net id="1065"><net_src comp="12" pin="0"/><net_sink comp="1060" pin=1"/></net>

<net id="1070"><net_src comp="776" pin="0"/><net_sink comp="1066" pin=0"/></net>

<net id="1071"><net_src comp="10" pin="0"/><net_sink comp="1066" pin=1"/></net>

<net id="1076"><net_src comp="776" pin="0"/><net_sink comp="1072" pin=0"/></net>

<net id="1077"><net_src comp="8" pin="0"/><net_sink comp="1072" pin=1"/></net>

<net id="1082"><net_src comp="776" pin="0"/><net_sink comp="1078" pin=0"/></net>

<net id="1083"><net_src comp="6" pin="0"/><net_sink comp="1078" pin=1"/></net>

<net id="1088"><net_src comp="776" pin="0"/><net_sink comp="1084" pin=0"/></net>

<net id="1089"><net_src comp="4" pin="0"/><net_sink comp="1084" pin=1"/></net>

<net id="1094"><net_src comp="776" pin="0"/><net_sink comp="1090" pin=0"/></net>

<net id="1095"><net_src comp="2" pin="0"/><net_sink comp="1090" pin=1"/></net>

<net id="1100"><net_src comp="776" pin="0"/><net_sink comp="1096" pin=0"/></net>

<net id="1101"><net_src comp="0" pin="0"/><net_sink comp="1096" pin=1"/></net>

<net id="1108"><net_src comp="778" pin="0"/><net_sink comp="1102" pin=0"/></net>

<net id="1109"><net_src comp="780" pin="0"/><net_sink comp="1102" pin=1"/></net>

<net id="1110"><net_src comp="1096" pin="2"/><net_sink comp="1102" pin=2"/></net>

<net id="1111"><net_src comp="782" pin="0"/><net_sink comp="1102" pin=3"/></net>

<net id="1118"><net_src comp="778" pin="0"/><net_sink comp="1112" pin=0"/></net>

<net id="1119"><net_src comp="784" pin="0"/><net_sink comp="1112" pin=1"/></net>

<net id="1120"><net_src comp="1102" pin="4"/><net_sink comp="1112" pin=2"/></net>

<net id="1121"><net_src comp="782" pin="0"/><net_sink comp="1112" pin=3"/></net>

<net id="1128"><net_src comp="778" pin="0"/><net_sink comp="1122" pin=0"/></net>

<net id="1129"><net_src comp="786" pin="0"/><net_sink comp="1122" pin=1"/></net>

<net id="1130"><net_src comp="1090" pin="2"/><net_sink comp="1122" pin=2"/></net>

<net id="1131"><net_src comp="782" pin="0"/><net_sink comp="1122" pin=3"/></net>

<net id="1138"><net_src comp="778" pin="0"/><net_sink comp="1132" pin=0"/></net>

<net id="1139"><net_src comp="788" pin="0"/><net_sink comp="1132" pin=1"/></net>

<net id="1140"><net_src comp="1122" pin="4"/><net_sink comp="1132" pin=2"/></net>

<net id="1141"><net_src comp="782" pin="0"/><net_sink comp="1132" pin=3"/></net>

<net id="1148"><net_src comp="778" pin="0"/><net_sink comp="1142" pin=0"/></net>

<net id="1149"><net_src comp="790" pin="0"/><net_sink comp="1142" pin=1"/></net>

<net id="1150"><net_src comp="1084" pin="2"/><net_sink comp="1142" pin=2"/></net>

<net id="1151"><net_src comp="782" pin="0"/><net_sink comp="1142" pin=3"/></net>

<net id="1158"><net_src comp="778" pin="0"/><net_sink comp="1152" pin=0"/></net>

<net id="1159"><net_src comp="792" pin="0"/><net_sink comp="1152" pin=1"/></net>

<net id="1160"><net_src comp="1142" pin="4"/><net_sink comp="1152" pin=2"/></net>

<net id="1161"><net_src comp="782" pin="0"/><net_sink comp="1152" pin=3"/></net>

<net id="1168"><net_src comp="778" pin="0"/><net_sink comp="1162" pin=0"/></net>

<net id="1169"><net_src comp="794" pin="0"/><net_sink comp="1162" pin=1"/></net>

<net id="1170"><net_src comp="1078" pin="2"/><net_sink comp="1162" pin=2"/></net>

<net id="1171"><net_src comp="782" pin="0"/><net_sink comp="1162" pin=3"/></net>

<net id="1178"><net_src comp="778" pin="0"/><net_sink comp="1172" pin=0"/></net>

<net id="1179"><net_src comp="796" pin="0"/><net_sink comp="1172" pin=1"/></net>

<net id="1180"><net_src comp="1162" pin="4"/><net_sink comp="1172" pin=2"/></net>

<net id="1181"><net_src comp="782" pin="0"/><net_sink comp="1172" pin=3"/></net>

<net id="1188"><net_src comp="778" pin="0"/><net_sink comp="1182" pin=0"/></net>

<net id="1189"><net_src comp="798" pin="0"/><net_sink comp="1182" pin=1"/></net>

<net id="1190"><net_src comp="1072" pin="2"/><net_sink comp="1182" pin=2"/></net>

<net id="1191"><net_src comp="782" pin="0"/><net_sink comp="1182" pin=3"/></net>

<net id="1198"><net_src comp="778" pin="0"/><net_sink comp="1192" pin=0"/></net>

<net id="1199"><net_src comp="800" pin="0"/><net_sink comp="1192" pin=1"/></net>

<net id="1200"><net_src comp="1182" pin="4"/><net_sink comp="1192" pin=2"/></net>

<net id="1201"><net_src comp="782" pin="0"/><net_sink comp="1192" pin=3"/></net>

<net id="1208"><net_src comp="778" pin="0"/><net_sink comp="1202" pin=0"/></net>

<net id="1209"><net_src comp="802" pin="0"/><net_sink comp="1202" pin=1"/></net>

<net id="1210"><net_src comp="1066" pin="2"/><net_sink comp="1202" pin=2"/></net>

<net id="1211"><net_src comp="782" pin="0"/><net_sink comp="1202" pin=3"/></net>

<net id="1218"><net_src comp="778" pin="0"/><net_sink comp="1212" pin=0"/></net>

<net id="1219"><net_src comp="804" pin="0"/><net_sink comp="1212" pin=1"/></net>

<net id="1220"><net_src comp="1202" pin="4"/><net_sink comp="1212" pin=2"/></net>

<net id="1221"><net_src comp="782" pin="0"/><net_sink comp="1212" pin=3"/></net>

<net id="1228"><net_src comp="778" pin="0"/><net_sink comp="1222" pin=0"/></net>

<net id="1229"><net_src comp="806" pin="0"/><net_sink comp="1222" pin=1"/></net>

<net id="1230"><net_src comp="1060" pin="2"/><net_sink comp="1222" pin=2"/></net>

<net id="1231"><net_src comp="782" pin="0"/><net_sink comp="1222" pin=3"/></net>

<net id="1238"><net_src comp="778" pin="0"/><net_sink comp="1232" pin=0"/></net>

<net id="1239"><net_src comp="808" pin="0"/><net_sink comp="1232" pin=1"/></net>

<net id="1240"><net_src comp="1222" pin="4"/><net_sink comp="1232" pin=2"/></net>

<net id="1241"><net_src comp="782" pin="0"/><net_sink comp="1232" pin=3"/></net>

<net id="1248"><net_src comp="778" pin="0"/><net_sink comp="1242" pin=0"/></net>

<net id="1249"><net_src comp="810" pin="0"/><net_sink comp="1242" pin=1"/></net>

<net id="1250"><net_src comp="1054" pin="2"/><net_sink comp="1242" pin=2"/></net>

<net id="1251"><net_src comp="782" pin="0"/><net_sink comp="1242" pin=3"/></net>

<net id="1258"><net_src comp="778" pin="0"/><net_sink comp="1252" pin=0"/></net>

<net id="1259"><net_src comp="812" pin="0"/><net_sink comp="1252" pin=1"/></net>

<net id="1260"><net_src comp="1242" pin="4"/><net_sink comp="1252" pin=2"/></net>

<net id="1261"><net_src comp="782" pin="0"/><net_sink comp="1252" pin=3"/></net>

<net id="1268"><net_src comp="778" pin="0"/><net_sink comp="1262" pin=0"/></net>

<net id="1269"><net_src comp="814" pin="0"/><net_sink comp="1262" pin=1"/></net>

<net id="1270"><net_src comp="1048" pin="2"/><net_sink comp="1262" pin=2"/></net>

<net id="1271"><net_src comp="782" pin="0"/><net_sink comp="1262" pin=3"/></net>

<net id="1278"><net_src comp="778" pin="0"/><net_sink comp="1272" pin=0"/></net>

<net id="1279"><net_src comp="816" pin="0"/><net_sink comp="1272" pin=1"/></net>

<net id="1280"><net_src comp="1262" pin="4"/><net_sink comp="1272" pin=2"/></net>

<net id="1281"><net_src comp="782" pin="0"/><net_sink comp="1272" pin=3"/></net>

<net id="1288"><net_src comp="778" pin="0"/><net_sink comp="1282" pin=0"/></net>

<net id="1289"><net_src comp="818" pin="0"/><net_sink comp="1282" pin=1"/></net>

<net id="1290"><net_src comp="1042" pin="2"/><net_sink comp="1282" pin=2"/></net>

<net id="1291"><net_src comp="782" pin="0"/><net_sink comp="1282" pin=3"/></net>

<net id="1298"><net_src comp="778" pin="0"/><net_sink comp="1292" pin=0"/></net>

<net id="1299"><net_src comp="820" pin="0"/><net_sink comp="1292" pin=1"/></net>

<net id="1300"><net_src comp="1282" pin="4"/><net_sink comp="1292" pin=2"/></net>

<net id="1301"><net_src comp="782" pin="0"/><net_sink comp="1292" pin=3"/></net>

<net id="1308"><net_src comp="778" pin="0"/><net_sink comp="1302" pin=0"/></net>

<net id="1309"><net_src comp="822" pin="0"/><net_sink comp="1302" pin=1"/></net>

<net id="1310"><net_src comp="1036" pin="2"/><net_sink comp="1302" pin=2"/></net>

<net id="1311"><net_src comp="782" pin="0"/><net_sink comp="1302" pin=3"/></net>

<net id="1318"><net_src comp="778" pin="0"/><net_sink comp="1312" pin=0"/></net>

<net id="1319"><net_src comp="824" pin="0"/><net_sink comp="1312" pin=1"/></net>

<net id="1320"><net_src comp="1302" pin="4"/><net_sink comp="1312" pin=2"/></net>

<net id="1321"><net_src comp="782" pin="0"/><net_sink comp="1312" pin=3"/></net>

<net id="1328"><net_src comp="778" pin="0"/><net_sink comp="1322" pin=0"/></net>

<net id="1329"><net_src comp="826" pin="0"/><net_sink comp="1322" pin=1"/></net>

<net id="1330"><net_src comp="1030" pin="2"/><net_sink comp="1322" pin=2"/></net>

<net id="1331"><net_src comp="782" pin="0"/><net_sink comp="1322" pin=3"/></net>

<net id="1338"><net_src comp="778" pin="0"/><net_sink comp="1332" pin=0"/></net>

<net id="1339"><net_src comp="828" pin="0"/><net_sink comp="1332" pin=1"/></net>

<net id="1340"><net_src comp="1322" pin="4"/><net_sink comp="1332" pin=2"/></net>

<net id="1341"><net_src comp="782" pin="0"/><net_sink comp="1332" pin=3"/></net>

<net id="1348"><net_src comp="778" pin="0"/><net_sink comp="1342" pin=0"/></net>

<net id="1349"><net_src comp="830" pin="0"/><net_sink comp="1342" pin=1"/></net>

<net id="1350"><net_src comp="1024" pin="2"/><net_sink comp="1342" pin=2"/></net>

<net id="1351"><net_src comp="782" pin="0"/><net_sink comp="1342" pin=3"/></net>

<net id="1358"><net_src comp="778" pin="0"/><net_sink comp="1352" pin=0"/></net>

<net id="1359"><net_src comp="832" pin="0"/><net_sink comp="1352" pin=1"/></net>

<net id="1360"><net_src comp="1342" pin="4"/><net_sink comp="1352" pin=2"/></net>

<net id="1361"><net_src comp="782" pin="0"/><net_sink comp="1352" pin=3"/></net>

<net id="1368"><net_src comp="778" pin="0"/><net_sink comp="1362" pin=0"/></net>

<net id="1369"><net_src comp="834" pin="0"/><net_sink comp="1362" pin=1"/></net>

<net id="1370"><net_src comp="1018" pin="2"/><net_sink comp="1362" pin=2"/></net>

<net id="1371"><net_src comp="782" pin="0"/><net_sink comp="1362" pin=3"/></net>

<net id="1378"><net_src comp="778" pin="0"/><net_sink comp="1372" pin=0"/></net>

<net id="1379"><net_src comp="836" pin="0"/><net_sink comp="1372" pin=1"/></net>

<net id="1380"><net_src comp="1362" pin="4"/><net_sink comp="1372" pin=2"/></net>

<net id="1381"><net_src comp="782" pin="0"/><net_sink comp="1372" pin=3"/></net>

<net id="1388"><net_src comp="778" pin="0"/><net_sink comp="1382" pin=0"/></net>

<net id="1389"><net_src comp="838" pin="0"/><net_sink comp="1382" pin=1"/></net>

<net id="1390"><net_src comp="1012" pin="2"/><net_sink comp="1382" pin=2"/></net>

<net id="1391"><net_src comp="782" pin="0"/><net_sink comp="1382" pin=3"/></net>

<net id="1398"><net_src comp="778" pin="0"/><net_sink comp="1392" pin=0"/></net>

<net id="1399"><net_src comp="840" pin="0"/><net_sink comp="1392" pin=1"/></net>

<net id="1400"><net_src comp="1382" pin="4"/><net_sink comp="1392" pin=2"/></net>

<net id="1401"><net_src comp="782" pin="0"/><net_sink comp="1392" pin=3"/></net>

<net id="1408"><net_src comp="778" pin="0"/><net_sink comp="1402" pin=0"/></net>

<net id="1409"><net_src comp="842" pin="0"/><net_sink comp="1402" pin=1"/></net>

<net id="1410"><net_src comp="1006" pin="2"/><net_sink comp="1402" pin=2"/></net>

<net id="1411"><net_src comp="782" pin="0"/><net_sink comp="1402" pin=3"/></net>

<net id="1418"><net_src comp="778" pin="0"/><net_sink comp="1412" pin=0"/></net>

<net id="1419"><net_src comp="844" pin="0"/><net_sink comp="1412" pin=1"/></net>

<net id="1420"><net_src comp="1402" pin="4"/><net_sink comp="1412" pin=2"/></net>

<net id="1421"><net_src comp="782" pin="0"/><net_sink comp="1412" pin=3"/></net>

<net id="1428"><net_src comp="778" pin="0"/><net_sink comp="1422" pin=0"/></net>

<net id="1429"><net_src comp="846" pin="0"/><net_sink comp="1422" pin=1"/></net>

<net id="1430"><net_src comp="1000" pin="2"/><net_sink comp="1422" pin=2"/></net>

<net id="1431"><net_src comp="782" pin="0"/><net_sink comp="1422" pin=3"/></net>

<net id="1438"><net_src comp="778" pin="0"/><net_sink comp="1432" pin=0"/></net>

<net id="1439"><net_src comp="848" pin="0"/><net_sink comp="1432" pin=1"/></net>

<net id="1440"><net_src comp="1422" pin="4"/><net_sink comp="1432" pin=2"/></net>

<net id="1441"><net_src comp="782" pin="0"/><net_sink comp="1432" pin=3"/></net>

<net id="1448"><net_src comp="778" pin="0"/><net_sink comp="1442" pin=0"/></net>

<net id="1449"><net_src comp="850" pin="0"/><net_sink comp="1442" pin=1"/></net>

<net id="1450"><net_src comp="994" pin="2"/><net_sink comp="1442" pin=2"/></net>

<net id="1451"><net_src comp="782" pin="0"/><net_sink comp="1442" pin=3"/></net>

<net id="1458"><net_src comp="778" pin="0"/><net_sink comp="1452" pin=0"/></net>

<net id="1459"><net_src comp="852" pin="0"/><net_sink comp="1452" pin=1"/></net>

<net id="1460"><net_src comp="1442" pin="4"/><net_sink comp="1452" pin=2"/></net>

<net id="1461"><net_src comp="782" pin="0"/><net_sink comp="1452" pin=3"/></net>

<net id="1468"><net_src comp="778" pin="0"/><net_sink comp="1462" pin=0"/></net>

<net id="1469"><net_src comp="854" pin="0"/><net_sink comp="1462" pin=1"/></net>

<net id="1470"><net_src comp="988" pin="2"/><net_sink comp="1462" pin=2"/></net>

<net id="1471"><net_src comp="782" pin="0"/><net_sink comp="1462" pin=3"/></net>

<net id="1478"><net_src comp="778" pin="0"/><net_sink comp="1472" pin=0"/></net>

<net id="1479"><net_src comp="856" pin="0"/><net_sink comp="1472" pin=1"/></net>

<net id="1480"><net_src comp="1462" pin="4"/><net_sink comp="1472" pin=2"/></net>

<net id="1481"><net_src comp="782" pin="0"/><net_sink comp="1472" pin=3"/></net>

<net id="1488"><net_src comp="778" pin="0"/><net_sink comp="1482" pin=0"/></net>

<net id="1489"><net_src comp="858" pin="0"/><net_sink comp="1482" pin=1"/></net>

<net id="1490"><net_src comp="982" pin="2"/><net_sink comp="1482" pin=2"/></net>

<net id="1491"><net_src comp="782" pin="0"/><net_sink comp="1482" pin=3"/></net>

<net id="1498"><net_src comp="778" pin="0"/><net_sink comp="1492" pin=0"/></net>

<net id="1499"><net_src comp="860" pin="0"/><net_sink comp="1492" pin=1"/></net>

<net id="1500"><net_src comp="1482" pin="4"/><net_sink comp="1492" pin=2"/></net>

<net id="1501"><net_src comp="782" pin="0"/><net_sink comp="1492" pin=3"/></net>

<net id="1508"><net_src comp="778" pin="0"/><net_sink comp="1502" pin=0"/></net>

<net id="1509"><net_src comp="862" pin="0"/><net_sink comp="1502" pin=1"/></net>

<net id="1510"><net_src comp="976" pin="2"/><net_sink comp="1502" pin=2"/></net>

<net id="1511"><net_src comp="782" pin="0"/><net_sink comp="1502" pin=3"/></net>

<net id="1518"><net_src comp="778" pin="0"/><net_sink comp="1512" pin=0"/></net>

<net id="1519"><net_src comp="864" pin="0"/><net_sink comp="1512" pin=1"/></net>

<net id="1520"><net_src comp="1502" pin="4"/><net_sink comp="1512" pin=2"/></net>

<net id="1521"><net_src comp="782" pin="0"/><net_sink comp="1512" pin=3"/></net>

<net id="1528"><net_src comp="778" pin="0"/><net_sink comp="1522" pin=0"/></net>

<net id="1529"><net_src comp="866" pin="0"/><net_sink comp="1522" pin=1"/></net>

<net id="1530"><net_src comp="970" pin="2"/><net_sink comp="1522" pin=2"/></net>

<net id="1531"><net_src comp="782" pin="0"/><net_sink comp="1522" pin=3"/></net>

<net id="1538"><net_src comp="778" pin="0"/><net_sink comp="1532" pin=0"/></net>

<net id="1539"><net_src comp="868" pin="0"/><net_sink comp="1532" pin=1"/></net>

<net id="1540"><net_src comp="1522" pin="4"/><net_sink comp="1532" pin=2"/></net>

<net id="1541"><net_src comp="782" pin="0"/><net_sink comp="1532" pin=3"/></net>

<net id="1548"><net_src comp="778" pin="0"/><net_sink comp="1542" pin=0"/></net>

<net id="1549"><net_src comp="870" pin="0"/><net_sink comp="1542" pin=1"/></net>

<net id="1550"><net_src comp="964" pin="2"/><net_sink comp="1542" pin=2"/></net>

<net id="1551"><net_src comp="782" pin="0"/><net_sink comp="1542" pin=3"/></net>

<net id="1558"><net_src comp="778" pin="0"/><net_sink comp="1552" pin=0"/></net>

<net id="1559"><net_src comp="872" pin="0"/><net_sink comp="1552" pin=1"/></net>

<net id="1560"><net_src comp="1542" pin="4"/><net_sink comp="1552" pin=2"/></net>

<net id="1561"><net_src comp="782" pin="0"/><net_sink comp="1552" pin=3"/></net>

<net id="1568"><net_src comp="778" pin="0"/><net_sink comp="1562" pin=0"/></net>

<net id="1569"><net_src comp="874" pin="0"/><net_sink comp="1562" pin=1"/></net>

<net id="1570"><net_src comp="958" pin="2"/><net_sink comp="1562" pin=2"/></net>

<net id="1571"><net_src comp="782" pin="0"/><net_sink comp="1562" pin=3"/></net>

<net id="1578"><net_src comp="778" pin="0"/><net_sink comp="1572" pin=0"/></net>

<net id="1579"><net_src comp="876" pin="0"/><net_sink comp="1572" pin=1"/></net>

<net id="1580"><net_src comp="1562" pin="4"/><net_sink comp="1572" pin=2"/></net>

<net id="1581"><net_src comp="782" pin="0"/><net_sink comp="1572" pin=3"/></net>

<net id="1588"><net_src comp="778" pin="0"/><net_sink comp="1582" pin=0"/></net>

<net id="1589"><net_src comp="878" pin="0"/><net_sink comp="1582" pin=1"/></net>

<net id="1590"><net_src comp="952" pin="2"/><net_sink comp="1582" pin=2"/></net>

<net id="1591"><net_src comp="782" pin="0"/><net_sink comp="1582" pin=3"/></net>

<net id="1598"><net_src comp="778" pin="0"/><net_sink comp="1592" pin=0"/></net>

<net id="1599"><net_src comp="880" pin="0"/><net_sink comp="1592" pin=1"/></net>

<net id="1600"><net_src comp="1582" pin="4"/><net_sink comp="1592" pin=2"/></net>

<net id="1601"><net_src comp="782" pin="0"/><net_sink comp="1592" pin=3"/></net>

<net id="1608"><net_src comp="778" pin="0"/><net_sink comp="1602" pin=0"/></net>

<net id="1609"><net_src comp="882" pin="0"/><net_sink comp="1602" pin=1"/></net>

<net id="1610"><net_src comp="946" pin="2"/><net_sink comp="1602" pin=2"/></net>

<net id="1611"><net_src comp="782" pin="0"/><net_sink comp="1602" pin=3"/></net>

<net id="1618"><net_src comp="778" pin="0"/><net_sink comp="1612" pin=0"/></net>

<net id="1619"><net_src comp="884" pin="0"/><net_sink comp="1612" pin=1"/></net>

<net id="1620"><net_src comp="1602" pin="4"/><net_sink comp="1612" pin=2"/></net>

<net id="1621"><net_src comp="782" pin="0"/><net_sink comp="1612" pin=3"/></net>

<net id="1628"><net_src comp="778" pin="0"/><net_sink comp="1622" pin=0"/></net>

<net id="1629"><net_src comp="886" pin="0"/><net_sink comp="1622" pin=1"/></net>

<net id="1630"><net_src comp="940" pin="2"/><net_sink comp="1622" pin=2"/></net>

<net id="1631"><net_src comp="782" pin="0"/><net_sink comp="1622" pin=3"/></net>

<net id="1638"><net_src comp="778" pin="0"/><net_sink comp="1632" pin=0"/></net>

<net id="1639"><net_src comp="888" pin="0"/><net_sink comp="1632" pin=1"/></net>

<net id="1640"><net_src comp="1622" pin="4"/><net_sink comp="1632" pin=2"/></net>

<net id="1641"><net_src comp="782" pin="0"/><net_sink comp="1632" pin=3"/></net>

<net id="1648"><net_src comp="778" pin="0"/><net_sink comp="1642" pin=0"/></net>

<net id="1649"><net_src comp="890" pin="0"/><net_sink comp="1642" pin=1"/></net>

<net id="1650"><net_src comp="934" pin="2"/><net_sink comp="1642" pin=2"/></net>

<net id="1651"><net_src comp="782" pin="0"/><net_sink comp="1642" pin=3"/></net>

<net id="1658"><net_src comp="778" pin="0"/><net_sink comp="1652" pin=0"/></net>

<net id="1659"><net_src comp="892" pin="0"/><net_sink comp="1652" pin=1"/></net>

<net id="1660"><net_src comp="1642" pin="4"/><net_sink comp="1652" pin=2"/></net>

<net id="1661"><net_src comp="782" pin="0"/><net_sink comp="1652" pin=3"/></net>

<net id="1668"><net_src comp="778" pin="0"/><net_sink comp="1662" pin=0"/></net>

<net id="1669"><net_src comp="894" pin="0"/><net_sink comp="1662" pin=1"/></net>

<net id="1670"><net_src comp="928" pin="2"/><net_sink comp="1662" pin=2"/></net>

<net id="1671"><net_src comp="782" pin="0"/><net_sink comp="1662" pin=3"/></net>

<net id="1678"><net_src comp="778" pin="0"/><net_sink comp="1672" pin=0"/></net>

<net id="1679"><net_src comp="896" pin="0"/><net_sink comp="1672" pin=1"/></net>

<net id="1680"><net_src comp="1662" pin="4"/><net_sink comp="1672" pin=2"/></net>

<net id="1681"><net_src comp="782" pin="0"/><net_sink comp="1672" pin=3"/></net>

<net id="1688"><net_src comp="778" pin="0"/><net_sink comp="1682" pin=0"/></net>

<net id="1689"><net_src comp="898" pin="0"/><net_sink comp="1682" pin=1"/></net>

<net id="1690"><net_src comp="922" pin="2"/><net_sink comp="1682" pin=2"/></net>

<net id="1691"><net_src comp="782" pin="0"/><net_sink comp="1682" pin=3"/></net>

<net id="1698"><net_src comp="778" pin="0"/><net_sink comp="1692" pin=0"/></net>

<net id="1699"><net_src comp="900" pin="0"/><net_sink comp="1692" pin=1"/></net>

<net id="1700"><net_src comp="1682" pin="4"/><net_sink comp="1692" pin=2"/></net>

<net id="1701"><net_src comp="782" pin="0"/><net_sink comp="1692" pin=3"/></net>

<net id="1708"><net_src comp="778" pin="0"/><net_sink comp="1702" pin=0"/></net>

<net id="1709"><net_src comp="902" pin="0"/><net_sink comp="1702" pin=1"/></net>

<net id="1710"><net_src comp="916" pin="2"/><net_sink comp="1702" pin=2"/></net>

<net id="1711"><net_src comp="782" pin="0"/><net_sink comp="1702" pin=3"/></net>

<net id="1718"><net_src comp="778" pin="0"/><net_sink comp="1712" pin=0"/></net>

<net id="1719"><net_src comp="904" pin="0"/><net_sink comp="1712" pin=1"/></net>

<net id="1720"><net_src comp="1702" pin="4"/><net_sink comp="1712" pin=2"/></net>

<net id="1721"><net_src comp="782" pin="0"/><net_sink comp="1712" pin=3"/></net>

<net id="1728"><net_src comp="778" pin="0"/><net_sink comp="1722" pin=0"/></net>

<net id="1729"><net_src comp="906" pin="0"/><net_sink comp="1722" pin=1"/></net>

<net id="1730"><net_src comp="910" pin="2"/><net_sink comp="1722" pin=2"/></net>

<net id="1731"><net_src comp="782" pin="0"/><net_sink comp="1722" pin=3"/></net>

<net id="1738"><net_src comp="778" pin="0"/><net_sink comp="1732" pin=0"/></net>

<net id="1739"><net_src comp="908" pin="0"/><net_sink comp="1732" pin=1"/></net>

<net id="1740"><net_src comp="1722" pin="4"/><net_sink comp="1732" pin=2"/></net>

<net id="1741"><net_src comp="782" pin="0"/><net_sink comp="1732" pin=3"/></net>

<net id="1745"><net_src comp="64" pin="0"/><net_sink comp="1742" pin=0"/></net>

<net id="1750"><net_src comp="1742" pin="1"/><net_sink comp="1746" pin=0"/></net>

<net id="1751"><net_src comp="66" pin="0"/><net_sink comp="1746" pin=1"/></net>

<net id="1755"><net_src comp="68" pin="0"/><net_sink comp="1752" pin=0"/></net>

<net id="1760"><net_src comp="1752" pin="1"/><net_sink comp="1756" pin=0"/></net>

<net id="1761"><net_src comp="70" pin="0"/><net_sink comp="1756" pin=1"/></net>

<net id="1765"><net_src comp="72" pin="0"/><net_sink comp="1762" pin=0"/></net>

<net id="1770"><net_src comp="1762" pin="1"/><net_sink comp="1766" pin=0"/></net>

<net id="1771"><net_src comp="74" pin="0"/><net_sink comp="1766" pin=1"/></net>

<net id="1775"><net_src comp="76" pin="0"/><net_sink comp="1772" pin=0"/></net>

<net id="1780"><net_src comp="1772" pin="1"/><net_sink comp="1776" pin=0"/></net>

<net id="1781"><net_src comp="78" pin="0"/><net_sink comp="1776" pin=1"/></net>

<net id="1785"><net_src comp="80" pin="0"/><net_sink comp="1782" pin=0"/></net>

<net id="1790"><net_src comp="1782" pin="1"/><net_sink comp="1786" pin=0"/></net>

<net id="1791"><net_src comp="82" pin="0"/><net_sink comp="1786" pin=1"/></net>

<net id="1795"><net_src comp="84" pin="0"/><net_sink comp="1792" pin=0"/></net>

<net id="1800"><net_src comp="1792" pin="1"/><net_sink comp="1796" pin=0"/></net>

<net id="1801"><net_src comp="86" pin="0"/><net_sink comp="1796" pin=1"/></net>

<net id="1805"><net_src comp="88" pin="0"/><net_sink comp="1802" pin=0"/></net>

<net id="1810"><net_src comp="1802" pin="1"/><net_sink comp="1806" pin=0"/></net>

<net id="1811"><net_src comp="90" pin="0"/><net_sink comp="1806" pin=1"/></net>

<net id="1815"><net_src comp="92" pin="0"/><net_sink comp="1812" pin=0"/></net>

<net id="1820"><net_src comp="1812" pin="1"/><net_sink comp="1816" pin=0"/></net>

<net id="1821"><net_src comp="94" pin="0"/><net_sink comp="1816" pin=1"/></net>

<net id="1825"><net_src comp="96" pin="0"/><net_sink comp="1822" pin=0"/></net>

<net id="1830"><net_src comp="1822" pin="1"/><net_sink comp="1826" pin=0"/></net>

<net id="1831"><net_src comp="98" pin="0"/><net_sink comp="1826" pin=1"/></net>

<net id="1835"><net_src comp="100" pin="0"/><net_sink comp="1832" pin=0"/></net>

<net id="1840"><net_src comp="1832" pin="1"/><net_sink comp="1836" pin=0"/></net>

<net id="1841"><net_src comp="102" pin="0"/><net_sink comp="1836" pin=1"/></net>

<net id="1845"><net_src comp="104" pin="0"/><net_sink comp="1842" pin=0"/></net>

<net id="1850"><net_src comp="1842" pin="1"/><net_sink comp="1846" pin=0"/></net>

<net id="1851"><net_src comp="106" pin="0"/><net_sink comp="1846" pin=1"/></net>

<net id="1855"><net_src comp="108" pin="0"/><net_sink comp="1852" pin=0"/></net>

<net id="1860"><net_src comp="1852" pin="1"/><net_sink comp="1856" pin=0"/></net>

<net id="1861"><net_src comp="110" pin="0"/><net_sink comp="1856" pin=1"/></net>

<net id="1865"><net_src comp="112" pin="0"/><net_sink comp="1862" pin=0"/></net>

<net id="1870"><net_src comp="1862" pin="1"/><net_sink comp="1866" pin=0"/></net>

<net id="1871"><net_src comp="114" pin="0"/><net_sink comp="1866" pin=1"/></net>

<net id="1875"><net_src comp="116" pin="0"/><net_sink comp="1872" pin=0"/></net>

<net id="1880"><net_src comp="1872" pin="1"/><net_sink comp="1876" pin=0"/></net>

<net id="1881"><net_src comp="118" pin="0"/><net_sink comp="1876" pin=1"/></net>

<net id="1885"><net_src comp="120" pin="0"/><net_sink comp="1882" pin=0"/></net>

<net id="1890"><net_src comp="1882" pin="1"/><net_sink comp="1886" pin=0"/></net>

<net id="1891"><net_src comp="122" pin="0"/><net_sink comp="1886" pin=1"/></net>

<net id="1895"><net_src comp="124" pin="0"/><net_sink comp="1892" pin=0"/></net>

<net id="1900"><net_src comp="1892" pin="1"/><net_sink comp="1896" pin=0"/></net>

<net id="1901"><net_src comp="126" pin="0"/><net_sink comp="1896" pin=1"/></net>

<net id="1905"><net_src comp="128" pin="0"/><net_sink comp="1902" pin=0"/></net>

<net id="1910"><net_src comp="1902" pin="1"/><net_sink comp="1906" pin=0"/></net>

<net id="1911"><net_src comp="130" pin="0"/><net_sink comp="1906" pin=1"/></net>

<net id="1915"><net_src comp="132" pin="0"/><net_sink comp="1912" pin=0"/></net>

<net id="1920"><net_src comp="1912" pin="1"/><net_sink comp="1916" pin=0"/></net>

<net id="1921"><net_src comp="134" pin="0"/><net_sink comp="1916" pin=1"/></net>

<net id="1925"><net_src comp="136" pin="0"/><net_sink comp="1922" pin=0"/></net>

<net id="1930"><net_src comp="1922" pin="1"/><net_sink comp="1926" pin=0"/></net>

<net id="1931"><net_src comp="138" pin="0"/><net_sink comp="1926" pin=1"/></net>

<net id="1935"><net_src comp="140" pin="0"/><net_sink comp="1932" pin=0"/></net>

<net id="1940"><net_src comp="1932" pin="1"/><net_sink comp="1936" pin=0"/></net>

<net id="1941"><net_src comp="142" pin="0"/><net_sink comp="1936" pin=1"/></net>

<net id="1945"><net_src comp="144" pin="0"/><net_sink comp="1942" pin=0"/></net>

<net id="1950"><net_src comp="1942" pin="1"/><net_sink comp="1946" pin=0"/></net>

<net id="1951"><net_src comp="146" pin="0"/><net_sink comp="1946" pin=1"/></net>

<net id="1955"><net_src comp="148" pin="0"/><net_sink comp="1952" pin=0"/></net>

<net id="1960"><net_src comp="1952" pin="1"/><net_sink comp="1956" pin=0"/></net>

<net id="1961"><net_src comp="150" pin="0"/><net_sink comp="1956" pin=1"/></net>

<net id="1965"><net_src comp="152" pin="0"/><net_sink comp="1962" pin=0"/></net>

<net id="1970"><net_src comp="1962" pin="1"/><net_sink comp="1966" pin=0"/></net>

<net id="1971"><net_src comp="154" pin="0"/><net_sink comp="1966" pin=1"/></net>

<net id="1975"><net_src comp="156" pin="0"/><net_sink comp="1972" pin=0"/></net>

<net id="1980"><net_src comp="1972" pin="1"/><net_sink comp="1976" pin=0"/></net>

<net id="1981"><net_src comp="158" pin="0"/><net_sink comp="1976" pin=1"/></net>

<net id="1985"><net_src comp="160" pin="0"/><net_sink comp="1982" pin=0"/></net>

<net id="1990"><net_src comp="1982" pin="1"/><net_sink comp="1986" pin=0"/></net>

<net id="1991"><net_src comp="162" pin="0"/><net_sink comp="1986" pin=1"/></net>

<net id="1995"><net_src comp="164" pin="0"/><net_sink comp="1992" pin=0"/></net>

<net id="2000"><net_src comp="1992" pin="1"/><net_sink comp="1996" pin=0"/></net>

<net id="2001"><net_src comp="166" pin="0"/><net_sink comp="1996" pin=1"/></net>

<net id="2005"><net_src comp="168" pin="0"/><net_sink comp="2002" pin=0"/></net>

<net id="2010"><net_src comp="2002" pin="1"/><net_sink comp="2006" pin=0"/></net>

<net id="2011"><net_src comp="170" pin="0"/><net_sink comp="2006" pin=1"/></net>

<net id="2015"><net_src comp="172" pin="0"/><net_sink comp="2012" pin=0"/></net>

<net id="2020"><net_src comp="2012" pin="1"/><net_sink comp="2016" pin=0"/></net>

<net id="2021"><net_src comp="174" pin="0"/><net_sink comp="2016" pin=1"/></net>

<net id="2025"><net_src comp="176" pin="0"/><net_sink comp="2022" pin=0"/></net>

<net id="2030"><net_src comp="2022" pin="1"/><net_sink comp="2026" pin=0"/></net>

<net id="2031"><net_src comp="178" pin="0"/><net_sink comp="2026" pin=1"/></net>

<net id="2035"><net_src comp="180" pin="0"/><net_sink comp="2032" pin=0"/></net>

<net id="2040"><net_src comp="2032" pin="1"/><net_sink comp="2036" pin=0"/></net>

<net id="2041"><net_src comp="182" pin="0"/><net_sink comp="2036" pin=1"/></net>

<net id="2045"><net_src comp="184" pin="0"/><net_sink comp="2042" pin=0"/></net>

<net id="2050"><net_src comp="2042" pin="1"/><net_sink comp="2046" pin=0"/></net>

<net id="2051"><net_src comp="186" pin="0"/><net_sink comp="2046" pin=1"/></net>

<net id="2055"><net_src comp="188" pin="0"/><net_sink comp="2052" pin=0"/></net>

<net id="2060"><net_src comp="2052" pin="1"/><net_sink comp="2056" pin=0"/></net>

<net id="2061"><net_src comp="190" pin="0"/><net_sink comp="2056" pin=1"/></net>

<net id="2065"><net_src comp="192" pin="0"/><net_sink comp="2062" pin=0"/></net>

<net id="2070"><net_src comp="2062" pin="1"/><net_sink comp="2066" pin=0"/></net>

<net id="2071"><net_src comp="194" pin="0"/><net_sink comp="2066" pin=1"/></net>

<net id="2075"><net_src comp="196" pin="0"/><net_sink comp="2072" pin=0"/></net>

<net id="2080"><net_src comp="2072" pin="1"/><net_sink comp="2076" pin=0"/></net>

<net id="2081"><net_src comp="198" pin="0"/><net_sink comp="2076" pin=1"/></net>

<net id="2085"><net_src comp="200" pin="0"/><net_sink comp="2082" pin=0"/></net>

<net id="2090"><net_src comp="2082" pin="1"/><net_sink comp="2086" pin=0"/></net>

<net id="2091"><net_src comp="202" pin="0"/><net_sink comp="2086" pin=1"/></net>

<net id="2095"><net_src comp="204" pin="0"/><net_sink comp="2092" pin=0"/></net>

<net id="2100"><net_src comp="2092" pin="1"/><net_sink comp="2096" pin=0"/></net>

<net id="2101"><net_src comp="206" pin="0"/><net_sink comp="2096" pin=1"/></net>

<net id="2105"><net_src comp="208" pin="0"/><net_sink comp="2102" pin=0"/></net>

<net id="2110"><net_src comp="2102" pin="1"/><net_sink comp="2106" pin=0"/></net>

<net id="2111"><net_src comp="210" pin="0"/><net_sink comp="2106" pin=1"/></net>

<net id="2115"><net_src comp="212" pin="0"/><net_sink comp="2112" pin=0"/></net>

<net id="2120"><net_src comp="2112" pin="1"/><net_sink comp="2116" pin=0"/></net>

<net id="2121"><net_src comp="214" pin="0"/><net_sink comp="2116" pin=1"/></net>

<net id="2125"><net_src comp="216" pin="0"/><net_sink comp="2122" pin=0"/></net>

<net id="2130"><net_src comp="2122" pin="1"/><net_sink comp="2126" pin=0"/></net>

<net id="2131"><net_src comp="218" pin="0"/><net_sink comp="2126" pin=1"/></net>

<net id="2135"><net_src comp="220" pin="0"/><net_sink comp="2132" pin=0"/></net>

<net id="2140"><net_src comp="2132" pin="1"/><net_sink comp="2136" pin=0"/></net>

<net id="2141"><net_src comp="222" pin="0"/><net_sink comp="2136" pin=1"/></net>

<net id="2145"><net_src comp="224" pin="0"/><net_sink comp="2142" pin=0"/></net>

<net id="2150"><net_src comp="2142" pin="1"/><net_sink comp="2146" pin=0"/></net>

<net id="2151"><net_src comp="226" pin="0"/><net_sink comp="2146" pin=1"/></net>

<net id="2155"><net_src comp="228" pin="0"/><net_sink comp="2152" pin=0"/></net>

<net id="2160"><net_src comp="2152" pin="1"/><net_sink comp="2156" pin=0"/></net>

<net id="2161"><net_src comp="230" pin="0"/><net_sink comp="2156" pin=1"/></net>

<net id="2165"><net_src comp="232" pin="0"/><net_sink comp="2162" pin=0"/></net>

<net id="2170"><net_src comp="2162" pin="1"/><net_sink comp="2166" pin=0"/></net>

<net id="2171"><net_src comp="234" pin="0"/><net_sink comp="2166" pin=1"/></net>

<net id="2175"><net_src comp="236" pin="0"/><net_sink comp="2172" pin=0"/></net>

<net id="2180"><net_src comp="2172" pin="1"/><net_sink comp="2176" pin=0"/></net>

<net id="2181"><net_src comp="238" pin="0"/><net_sink comp="2176" pin=1"/></net>

<net id="2185"><net_src comp="240" pin="0"/><net_sink comp="2182" pin=0"/></net>

<net id="2190"><net_src comp="2182" pin="1"/><net_sink comp="2186" pin=0"/></net>

<net id="2191"><net_src comp="242" pin="0"/><net_sink comp="2186" pin=1"/></net>

<net id="2195"><net_src comp="244" pin="0"/><net_sink comp="2192" pin=0"/></net>

<net id="2200"><net_src comp="2192" pin="1"/><net_sink comp="2196" pin=0"/></net>

<net id="2201"><net_src comp="246" pin="0"/><net_sink comp="2196" pin=1"/></net>

<net id="2205"><net_src comp="248" pin="0"/><net_sink comp="2202" pin=0"/></net>

<net id="2210"><net_src comp="2202" pin="1"/><net_sink comp="2206" pin=0"/></net>

<net id="2211"><net_src comp="250" pin="0"/><net_sink comp="2206" pin=1"/></net>

<net id="2215"><net_src comp="252" pin="0"/><net_sink comp="2212" pin=0"/></net>

<net id="2220"><net_src comp="2212" pin="1"/><net_sink comp="2216" pin=0"/></net>

<net id="2221"><net_src comp="254" pin="0"/><net_sink comp="2216" pin=1"/></net>

<net id="2225"><net_src comp="256" pin="0"/><net_sink comp="2222" pin=0"/></net>

<net id="2230"><net_src comp="2222" pin="1"/><net_sink comp="2226" pin=0"/></net>

<net id="2231"><net_src comp="258" pin="0"/><net_sink comp="2226" pin=1"/></net>

<net id="2235"><net_src comp="260" pin="0"/><net_sink comp="2232" pin=0"/></net>

<net id="2240"><net_src comp="2232" pin="1"/><net_sink comp="2236" pin=0"/></net>

<net id="2241"><net_src comp="262" pin="0"/><net_sink comp="2236" pin=1"/></net>

<net id="2245"><net_src comp="264" pin="0"/><net_sink comp="2242" pin=0"/></net>

<net id="2250"><net_src comp="2242" pin="1"/><net_sink comp="2246" pin=0"/></net>

<net id="2251"><net_src comp="266" pin="0"/><net_sink comp="2246" pin=1"/></net>

<net id="2255"><net_src comp="268" pin="0"/><net_sink comp="2252" pin=0"/></net>

<net id="2260"><net_src comp="2252" pin="1"/><net_sink comp="2256" pin=0"/></net>

<net id="2261"><net_src comp="270" pin="0"/><net_sink comp="2256" pin=1"/></net>

<net id="2265"><net_src comp="272" pin="0"/><net_sink comp="2262" pin=0"/></net>

<net id="2270"><net_src comp="2262" pin="1"/><net_sink comp="2266" pin=0"/></net>

<net id="2271"><net_src comp="274" pin="0"/><net_sink comp="2266" pin=1"/></net>

<net id="2275"><net_src comp="276" pin="0"/><net_sink comp="2272" pin=0"/></net>

<net id="2280"><net_src comp="2272" pin="1"/><net_sink comp="2276" pin=0"/></net>

<net id="2281"><net_src comp="278" pin="0"/><net_sink comp="2276" pin=1"/></net>

<net id="2285"><net_src comp="280" pin="0"/><net_sink comp="2282" pin=0"/></net>

<net id="2290"><net_src comp="2282" pin="1"/><net_sink comp="2286" pin=0"/></net>

<net id="2291"><net_src comp="282" pin="0"/><net_sink comp="2286" pin=1"/></net>

<net id="2295"><net_src comp="284" pin="0"/><net_sink comp="2292" pin=0"/></net>

<net id="2300"><net_src comp="2292" pin="1"/><net_sink comp="2296" pin=0"/></net>

<net id="2301"><net_src comp="286" pin="0"/><net_sink comp="2296" pin=1"/></net>

<net id="2305"><net_src comp="288" pin="0"/><net_sink comp="2302" pin=0"/></net>

<net id="2310"><net_src comp="2302" pin="1"/><net_sink comp="2306" pin=0"/></net>

<net id="2311"><net_src comp="290" pin="0"/><net_sink comp="2306" pin=1"/></net>

<net id="2315"><net_src comp="292" pin="0"/><net_sink comp="2312" pin=0"/></net>

<net id="2320"><net_src comp="2312" pin="1"/><net_sink comp="2316" pin=0"/></net>

<net id="2321"><net_src comp="294" pin="0"/><net_sink comp="2316" pin=1"/></net>

<net id="2325"><net_src comp="296" pin="0"/><net_sink comp="2322" pin=0"/></net>

<net id="2330"><net_src comp="2322" pin="1"/><net_sink comp="2326" pin=0"/></net>

<net id="2331"><net_src comp="298" pin="0"/><net_sink comp="2326" pin=1"/></net>

<net id="2335"><net_src comp="300" pin="0"/><net_sink comp="2332" pin=0"/></net>

<net id="2340"><net_src comp="2332" pin="1"/><net_sink comp="2336" pin=0"/></net>

<net id="2341"><net_src comp="302" pin="0"/><net_sink comp="2336" pin=1"/></net>

<net id="2345"><net_src comp="304" pin="0"/><net_sink comp="2342" pin=0"/></net>

<net id="2350"><net_src comp="2342" pin="1"/><net_sink comp="2346" pin=0"/></net>

<net id="2351"><net_src comp="306" pin="0"/><net_sink comp="2346" pin=1"/></net>

<net id="2355"><net_src comp="308" pin="0"/><net_sink comp="2352" pin=0"/></net>

<net id="2360"><net_src comp="2352" pin="1"/><net_sink comp="2356" pin=0"/></net>

<net id="2361"><net_src comp="310" pin="0"/><net_sink comp="2356" pin=1"/></net>

<net id="2365"><net_src comp="312" pin="0"/><net_sink comp="2362" pin=0"/></net>

<net id="2370"><net_src comp="2362" pin="1"/><net_sink comp="2366" pin=0"/></net>

<net id="2371"><net_src comp="314" pin="0"/><net_sink comp="2366" pin=1"/></net>

<net id="2375"><net_src comp="316" pin="0"/><net_sink comp="2372" pin=0"/></net>

<net id="2380"><net_src comp="2372" pin="1"/><net_sink comp="2376" pin=0"/></net>

<net id="2381"><net_src comp="318" pin="0"/><net_sink comp="2376" pin=1"/></net>

<net id="2385"><net_src comp="320" pin="0"/><net_sink comp="2382" pin=0"/></net>

<net id="2390"><net_src comp="2382" pin="1"/><net_sink comp="2386" pin=0"/></net>

<net id="2391"><net_src comp="322" pin="0"/><net_sink comp="2386" pin=1"/></net>

<net id="2395"><net_src comp="324" pin="0"/><net_sink comp="2392" pin=0"/></net>

<net id="2400"><net_src comp="2392" pin="1"/><net_sink comp="2396" pin=0"/></net>

<net id="2401"><net_src comp="326" pin="0"/><net_sink comp="2396" pin=1"/></net>

<net id="2405"><net_src comp="328" pin="0"/><net_sink comp="2402" pin=0"/></net>

<net id="2410"><net_src comp="2402" pin="1"/><net_sink comp="2406" pin=0"/></net>

<net id="2411"><net_src comp="330" pin="0"/><net_sink comp="2406" pin=1"/></net>

<net id="2415"><net_src comp="332" pin="0"/><net_sink comp="2412" pin=0"/></net>

<net id="2420"><net_src comp="2412" pin="1"/><net_sink comp="2416" pin=0"/></net>

<net id="2421"><net_src comp="334" pin="0"/><net_sink comp="2416" pin=1"/></net>

<net id="2425"><net_src comp="336" pin="0"/><net_sink comp="2422" pin=0"/></net>

<net id="2430"><net_src comp="2422" pin="1"/><net_sink comp="2426" pin=0"/></net>

<net id="2431"><net_src comp="338" pin="0"/><net_sink comp="2426" pin=1"/></net>

<net id="2435"><net_src comp="340" pin="0"/><net_sink comp="2432" pin=0"/></net>

<net id="2440"><net_src comp="2432" pin="1"/><net_sink comp="2436" pin=0"/></net>

<net id="2441"><net_src comp="342" pin="0"/><net_sink comp="2436" pin=1"/></net>

<net id="2445"><net_src comp="344" pin="0"/><net_sink comp="2442" pin=0"/></net>

<net id="2450"><net_src comp="2442" pin="1"/><net_sink comp="2446" pin=0"/></net>

<net id="2451"><net_src comp="346" pin="0"/><net_sink comp="2446" pin=1"/></net>

<net id="2455"><net_src comp="348" pin="0"/><net_sink comp="2452" pin=0"/></net>

<net id="2460"><net_src comp="2452" pin="1"/><net_sink comp="2456" pin=0"/></net>

<net id="2461"><net_src comp="350" pin="0"/><net_sink comp="2456" pin=1"/></net>

<net id="2465"><net_src comp="352" pin="0"/><net_sink comp="2462" pin=0"/></net>

<net id="2470"><net_src comp="2462" pin="1"/><net_sink comp="2466" pin=0"/></net>

<net id="2471"><net_src comp="354" pin="0"/><net_sink comp="2466" pin=1"/></net>

<net id="2475"><net_src comp="356" pin="0"/><net_sink comp="2472" pin=0"/></net>

<net id="2480"><net_src comp="2472" pin="1"/><net_sink comp="2476" pin=0"/></net>

<net id="2481"><net_src comp="358" pin="0"/><net_sink comp="2476" pin=1"/></net>

<net id="2485"><net_src comp="360" pin="0"/><net_sink comp="2482" pin=0"/></net>

<net id="2490"><net_src comp="2482" pin="1"/><net_sink comp="2486" pin=0"/></net>

<net id="2491"><net_src comp="362" pin="0"/><net_sink comp="2486" pin=1"/></net>

<net id="2495"><net_src comp="364" pin="0"/><net_sink comp="2492" pin=0"/></net>

<net id="2500"><net_src comp="2492" pin="1"/><net_sink comp="2496" pin=0"/></net>

<net id="2501"><net_src comp="366" pin="0"/><net_sink comp="2496" pin=1"/></net>

<net id="2505"><net_src comp="368" pin="0"/><net_sink comp="2502" pin=0"/></net>

<net id="2510"><net_src comp="2502" pin="1"/><net_sink comp="2506" pin=0"/></net>

<net id="2511"><net_src comp="370" pin="0"/><net_sink comp="2506" pin=1"/></net>

<net id="2515"><net_src comp="372" pin="0"/><net_sink comp="2512" pin=0"/></net>

<net id="2520"><net_src comp="2512" pin="1"/><net_sink comp="2516" pin=0"/></net>

<net id="2521"><net_src comp="374" pin="0"/><net_sink comp="2516" pin=1"/></net>

<net id="2525"><net_src comp="376" pin="0"/><net_sink comp="2522" pin=0"/></net>

<net id="2530"><net_src comp="2522" pin="1"/><net_sink comp="2526" pin=0"/></net>

<net id="2531"><net_src comp="378" pin="0"/><net_sink comp="2526" pin=1"/></net>

<net id="2535"><net_src comp="380" pin="0"/><net_sink comp="2532" pin=0"/></net>

<net id="2540"><net_src comp="2532" pin="1"/><net_sink comp="2536" pin=0"/></net>

<net id="2541"><net_src comp="382" pin="0"/><net_sink comp="2536" pin=1"/></net>

<net id="2545"><net_src comp="384" pin="0"/><net_sink comp="2542" pin=0"/></net>

<net id="2550"><net_src comp="2542" pin="1"/><net_sink comp="2546" pin=0"/></net>

<net id="2551"><net_src comp="386" pin="0"/><net_sink comp="2546" pin=1"/></net>

<net id="2555"><net_src comp="388" pin="0"/><net_sink comp="2552" pin=0"/></net>

<net id="2560"><net_src comp="2552" pin="1"/><net_sink comp="2556" pin=0"/></net>

<net id="2561"><net_src comp="390" pin="0"/><net_sink comp="2556" pin=1"/></net>

<net id="2565"><net_src comp="392" pin="0"/><net_sink comp="2562" pin=0"/></net>

<net id="2570"><net_src comp="2562" pin="1"/><net_sink comp="2566" pin=0"/></net>

<net id="2571"><net_src comp="394" pin="0"/><net_sink comp="2566" pin=1"/></net>

<net id="2575"><net_src comp="396" pin="0"/><net_sink comp="2572" pin=0"/></net>

<net id="2580"><net_src comp="2572" pin="1"/><net_sink comp="2576" pin=0"/></net>

<net id="2581"><net_src comp="398" pin="0"/><net_sink comp="2576" pin=1"/></net>

<net id="2585"><net_src comp="400" pin="0"/><net_sink comp="2582" pin=0"/></net>

<net id="2590"><net_src comp="2582" pin="1"/><net_sink comp="2586" pin=0"/></net>

<net id="2591"><net_src comp="402" pin="0"/><net_sink comp="2586" pin=1"/></net>

<net id="2595"><net_src comp="404" pin="0"/><net_sink comp="2592" pin=0"/></net>

<net id="2600"><net_src comp="2592" pin="1"/><net_sink comp="2596" pin=0"/></net>

<net id="2601"><net_src comp="406" pin="0"/><net_sink comp="2596" pin=1"/></net>

<net id="2605"><net_src comp="408" pin="0"/><net_sink comp="2602" pin=0"/></net>

<net id="2610"><net_src comp="2602" pin="1"/><net_sink comp="2606" pin=0"/></net>

<net id="2611"><net_src comp="410" pin="0"/><net_sink comp="2606" pin=1"/></net>

<net id="2615"><net_src comp="412" pin="0"/><net_sink comp="2612" pin=0"/></net>

<net id="2620"><net_src comp="2612" pin="1"/><net_sink comp="2616" pin=0"/></net>

<net id="2621"><net_src comp="414" pin="0"/><net_sink comp="2616" pin=1"/></net>

<net id="2625"><net_src comp="416" pin="0"/><net_sink comp="2622" pin=0"/></net>

<net id="2630"><net_src comp="2622" pin="1"/><net_sink comp="2626" pin=0"/></net>

<net id="2631"><net_src comp="418" pin="0"/><net_sink comp="2626" pin=1"/></net>

<net id="2635"><net_src comp="420" pin="0"/><net_sink comp="2632" pin=0"/></net>

<net id="2640"><net_src comp="2632" pin="1"/><net_sink comp="2636" pin=0"/></net>

<net id="2641"><net_src comp="422" pin="0"/><net_sink comp="2636" pin=1"/></net>

<net id="2645"><net_src comp="424" pin="0"/><net_sink comp="2642" pin=0"/></net>

<net id="2650"><net_src comp="2642" pin="1"/><net_sink comp="2646" pin=0"/></net>

<net id="2651"><net_src comp="426" pin="0"/><net_sink comp="2646" pin=1"/></net>

<net id="2655"><net_src comp="428" pin="0"/><net_sink comp="2652" pin=0"/></net>

<net id="2660"><net_src comp="2652" pin="1"/><net_sink comp="2656" pin=0"/></net>

<net id="2661"><net_src comp="430" pin="0"/><net_sink comp="2656" pin=1"/></net>

<net id="2665"><net_src comp="432" pin="0"/><net_sink comp="2662" pin=0"/></net>

<net id="2670"><net_src comp="2662" pin="1"/><net_sink comp="2666" pin=0"/></net>

<net id="2671"><net_src comp="434" pin="0"/><net_sink comp="2666" pin=1"/></net>

<net id="2675"><net_src comp="436" pin="0"/><net_sink comp="2672" pin=0"/></net>

<net id="2680"><net_src comp="2672" pin="1"/><net_sink comp="2676" pin=0"/></net>

<net id="2681"><net_src comp="438" pin="0"/><net_sink comp="2676" pin=1"/></net>

<net id="2685"><net_src comp="440" pin="0"/><net_sink comp="2682" pin=0"/></net>

<net id="2690"><net_src comp="2682" pin="1"/><net_sink comp="2686" pin=0"/></net>

<net id="2691"><net_src comp="442" pin="0"/><net_sink comp="2686" pin=1"/></net>

<net id="2695"><net_src comp="444" pin="0"/><net_sink comp="2692" pin=0"/></net>

<net id="2700"><net_src comp="2692" pin="1"/><net_sink comp="2696" pin=0"/></net>

<net id="2701"><net_src comp="446" pin="0"/><net_sink comp="2696" pin=1"/></net>

<net id="2705"><net_src comp="448" pin="0"/><net_sink comp="2702" pin=0"/></net>

<net id="2710"><net_src comp="2702" pin="1"/><net_sink comp="2706" pin=0"/></net>

<net id="2711"><net_src comp="64" pin="0"/><net_sink comp="2706" pin=1"/></net>

<net id="2715"><net_src comp="450" pin="0"/><net_sink comp="2712" pin=0"/></net>

<net id="2720"><net_src comp="2712" pin="1"/><net_sink comp="2716" pin=0"/></net>

<net id="2721"><net_src comp="68" pin="0"/><net_sink comp="2716" pin=1"/></net>

<net id="2725"><net_src comp="452" pin="0"/><net_sink comp="2722" pin=0"/></net>

<net id="2730"><net_src comp="2722" pin="1"/><net_sink comp="2726" pin=0"/></net>

<net id="2731"><net_src comp="72" pin="0"/><net_sink comp="2726" pin=1"/></net>

<net id="2735"><net_src comp="454" pin="0"/><net_sink comp="2732" pin=0"/></net>

<net id="2740"><net_src comp="2732" pin="1"/><net_sink comp="2736" pin=0"/></net>

<net id="2741"><net_src comp="76" pin="0"/><net_sink comp="2736" pin=1"/></net>

<net id="2745"><net_src comp="456" pin="0"/><net_sink comp="2742" pin=0"/></net>

<net id="2750"><net_src comp="2742" pin="1"/><net_sink comp="2746" pin=0"/></net>

<net id="2751"><net_src comp="80" pin="0"/><net_sink comp="2746" pin=1"/></net>

<net id="2755"><net_src comp="458" pin="0"/><net_sink comp="2752" pin=0"/></net>

<net id="2760"><net_src comp="2752" pin="1"/><net_sink comp="2756" pin=0"/></net>

<net id="2761"><net_src comp="84" pin="0"/><net_sink comp="2756" pin=1"/></net>

<net id="2765"><net_src comp="460" pin="0"/><net_sink comp="2762" pin=0"/></net>

<net id="2770"><net_src comp="2762" pin="1"/><net_sink comp="2766" pin=0"/></net>

<net id="2771"><net_src comp="88" pin="0"/><net_sink comp="2766" pin=1"/></net>

<net id="2775"><net_src comp="462" pin="0"/><net_sink comp="2772" pin=0"/></net>

<net id="2780"><net_src comp="2772" pin="1"/><net_sink comp="2776" pin=0"/></net>

<net id="2781"><net_src comp="92" pin="0"/><net_sink comp="2776" pin=1"/></net>

<net id="2785"><net_src comp="464" pin="0"/><net_sink comp="2782" pin=0"/></net>

<net id="2790"><net_src comp="2782" pin="1"/><net_sink comp="2786" pin=0"/></net>

<net id="2791"><net_src comp="96" pin="0"/><net_sink comp="2786" pin=1"/></net>

<net id="2795"><net_src comp="466" pin="0"/><net_sink comp="2792" pin=0"/></net>

<net id="2800"><net_src comp="2792" pin="1"/><net_sink comp="2796" pin=0"/></net>

<net id="2801"><net_src comp="100" pin="0"/><net_sink comp="2796" pin=1"/></net>

<net id="2805"><net_src comp="468" pin="0"/><net_sink comp="2802" pin=0"/></net>

<net id="2810"><net_src comp="2802" pin="1"/><net_sink comp="2806" pin=0"/></net>

<net id="2811"><net_src comp="104" pin="0"/><net_sink comp="2806" pin=1"/></net>

<net id="2815"><net_src comp="470" pin="0"/><net_sink comp="2812" pin=0"/></net>

<net id="2820"><net_src comp="2812" pin="1"/><net_sink comp="2816" pin=0"/></net>

<net id="2821"><net_src comp="108" pin="0"/><net_sink comp="2816" pin=1"/></net>

<net id="2825"><net_src comp="472" pin="0"/><net_sink comp="2822" pin=0"/></net>

<net id="2830"><net_src comp="2822" pin="1"/><net_sink comp="2826" pin=0"/></net>

<net id="2831"><net_src comp="112" pin="0"/><net_sink comp="2826" pin=1"/></net>

<net id="2835"><net_src comp="474" pin="0"/><net_sink comp="2832" pin=0"/></net>

<net id="2840"><net_src comp="2832" pin="1"/><net_sink comp="2836" pin=0"/></net>

<net id="2841"><net_src comp="116" pin="0"/><net_sink comp="2836" pin=1"/></net>

<net id="2845"><net_src comp="476" pin="0"/><net_sink comp="2842" pin=0"/></net>

<net id="2850"><net_src comp="2842" pin="1"/><net_sink comp="2846" pin=0"/></net>

<net id="2851"><net_src comp="120" pin="0"/><net_sink comp="2846" pin=1"/></net>

<net id="2855"><net_src comp="478" pin="0"/><net_sink comp="2852" pin=0"/></net>

<net id="2860"><net_src comp="2852" pin="1"/><net_sink comp="2856" pin=0"/></net>

<net id="2861"><net_src comp="124" pin="0"/><net_sink comp="2856" pin=1"/></net>

<net id="2865"><net_src comp="480" pin="0"/><net_sink comp="2862" pin=0"/></net>

<net id="2870"><net_src comp="2862" pin="1"/><net_sink comp="2866" pin=0"/></net>

<net id="2871"><net_src comp="128" pin="0"/><net_sink comp="2866" pin=1"/></net>

<net id="2875"><net_src comp="482" pin="0"/><net_sink comp="2872" pin=0"/></net>

<net id="2880"><net_src comp="2872" pin="1"/><net_sink comp="2876" pin=0"/></net>

<net id="2881"><net_src comp="132" pin="0"/><net_sink comp="2876" pin=1"/></net>

<net id="2885"><net_src comp="484" pin="0"/><net_sink comp="2882" pin=0"/></net>

<net id="2890"><net_src comp="2882" pin="1"/><net_sink comp="2886" pin=0"/></net>

<net id="2891"><net_src comp="136" pin="0"/><net_sink comp="2886" pin=1"/></net>

<net id="2895"><net_src comp="486" pin="0"/><net_sink comp="2892" pin=0"/></net>

<net id="2900"><net_src comp="2892" pin="1"/><net_sink comp="2896" pin=0"/></net>

<net id="2901"><net_src comp="140" pin="0"/><net_sink comp="2896" pin=1"/></net>

<net id="2905"><net_src comp="488" pin="0"/><net_sink comp="2902" pin=0"/></net>

<net id="2910"><net_src comp="2902" pin="1"/><net_sink comp="2906" pin=0"/></net>

<net id="2911"><net_src comp="144" pin="0"/><net_sink comp="2906" pin=1"/></net>

<net id="2915"><net_src comp="490" pin="0"/><net_sink comp="2912" pin=0"/></net>

<net id="2920"><net_src comp="2912" pin="1"/><net_sink comp="2916" pin=0"/></net>

<net id="2921"><net_src comp="148" pin="0"/><net_sink comp="2916" pin=1"/></net>

<net id="2925"><net_src comp="492" pin="0"/><net_sink comp="2922" pin=0"/></net>

<net id="2930"><net_src comp="2922" pin="1"/><net_sink comp="2926" pin=0"/></net>

<net id="2931"><net_src comp="152" pin="0"/><net_sink comp="2926" pin=1"/></net>

<net id="2935"><net_src comp="494" pin="0"/><net_sink comp="2932" pin=0"/></net>

<net id="2940"><net_src comp="2932" pin="1"/><net_sink comp="2936" pin=0"/></net>

<net id="2941"><net_src comp="156" pin="0"/><net_sink comp="2936" pin=1"/></net>

<net id="2945"><net_src comp="496" pin="0"/><net_sink comp="2942" pin=0"/></net>

<net id="2950"><net_src comp="2942" pin="1"/><net_sink comp="2946" pin=0"/></net>

<net id="2951"><net_src comp="160" pin="0"/><net_sink comp="2946" pin=1"/></net>

<net id="2955"><net_src comp="498" pin="0"/><net_sink comp="2952" pin=0"/></net>

<net id="2960"><net_src comp="2952" pin="1"/><net_sink comp="2956" pin=0"/></net>

<net id="2961"><net_src comp="164" pin="0"/><net_sink comp="2956" pin=1"/></net>

<net id="2965"><net_src comp="500" pin="0"/><net_sink comp="2962" pin=0"/></net>

<net id="2970"><net_src comp="2962" pin="1"/><net_sink comp="2966" pin=0"/></net>

<net id="2971"><net_src comp="168" pin="0"/><net_sink comp="2966" pin=1"/></net>

<net id="2975"><net_src comp="502" pin="0"/><net_sink comp="2972" pin=0"/></net>

<net id="2980"><net_src comp="2972" pin="1"/><net_sink comp="2976" pin=0"/></net>

<net id="2981"><net_src comp="172" pin="0"/><net_sink comp="2976" pin=1"/></net>

<net id="2985"><net_src comp="504" pin="0"/><net_sink comp="2982" pin=0"/></net>

<net id="2990"><net_src comp="2982" pin="1"/><net_sink comp="2986" pin=0"/></net>

<net id="2991"><net_src comp="176" pin="0"/><net_sink comp="2986" pin=1"/></net>

<net id="2995"><net_src comp="506" pin="0"/><net_sink comp="2992" pin=0"/></net>

<net id="3000"><net_src comp="2992" pin="1"/><net_sink comp="2996" pin=0"/></net>

<net id="3001"><net_src comp="180" pin="0"/><net_sink comp="2996" pin=1"/></net>

<net id="3005"><net_src comp="508" pin="0"/><net_sink comp="3002" pin=0"/></net>

<net id="3010"><net_src comp="3002" pin="1"/><net_sink comp="3006" pin=0"/></net>

<net id="3011"><net_src comp="184" pin="0"/><net_sink comp="3006" pin=1"/></net>

<net id="3015"><net_src comp="510" pin="0"/><net_sink comp="3012" pin=0"/></net>

<net id="3020"><net_src comp="3012" pin="1"/><net_sink comp="3016" pin=0"/></net>

<net id="3021"><net_src comp="188" pin="0"/><net_sink comp="3016" pin=1"/></net>

<net id="3025"><net_src comp="512" pin="0"/><net_sink comp="3022" pin=0"/></net>

<net id="3030"><net_src comp="3022" pin="1"/><net_sink comp="3026" pin=0"/></net>

<net id="3031"><net_src comp="192" pin="0"/><net_sink comp="3026" pin=1"/></net>

<net id="3035"><net_src comp="514" pin="0"/><net_sink comp="3032" pin=0"/></net>

<net id="3040"><net_src comp="3032" pin="1"/><net_sink comp="3036" pin=0"/></net>

<net id="3041"><net_src comp="196" pin="0"/><net_sink comp="3036" pin=1"/></net>

<net id="3045"><net_src comp="516" pin="0"/><net_sink comp="3042" pin=0"/></net>

<net id="3050"><net_src comp="3042" pin="1"/><net_sink comp="3046" pin=0"/></net>

<net id="3051"><net_src comp="200" pin="0"/><net_sink comp="3046" pin=1"/></net>

<net id="3055"><net_src comp="518" pin="0"/><net_sink comp="3052" pin=0"/></net>

<net id="3060"><net_src comp="3052" pin="1"/><net_sink comp="3056" pin=0"/></net>

<net id="3061"><net_src comp="204" pin="0"/><net_sink comp="3056" pin=1"/></net>

<net id="3065"><net_src comp="520" pin="0"/><net_sink comp="3062" pin=0"/></net>

<net id="3070"><net_src comp="3062" pin="1"/><net_sink comp="3066" pin=0"/></net>

<net id="3071"><net_src comp="208" pin="0"/><net_sink comp="3066" pin=1"/></net>

<net id="3075"><net_src comp="522" pin="0"/><net_sink comp="3072" pin=0"/></net>

<net id="3080"><net_src comp="3072" pin="1"/><net_sink comp="3076" pin=0"/></net>

<net id="3081"><net_src comp="212" pin="0"/><net_sink comp="3076" pin=1"/></net>

<net id="3085"><net_src comp="524" pin="0"/><net_sink comp="3082" pin=0"/></net>

<net id="3090"><net_src comp="3082" pin="1"/><net_sink comp="3086" pin=0"/></net>

<net id="3091"><net_src comp="216" pin="0"/><net_sink comp="3086" pin=1"/></net>

<net id="3095"><net_src comp="526" pin="0"/><net_sink comp="3092" pin=0"/></net>

<net id="3100"><net_src comp="3092" pin="1"/><net_sink comp="3096" pin=0"/></net>

<net id="3101"><net_src comp="220" pin="0"/><net_sink comp="3096" pin=1"/></net>

<net id="3105"><net_src comp="528" pin="0"/><net_sink comp="3102" pin=0"/></net>

<net id="3110"><net_src comp="3102" pin="1"/><net_sink comp="3106" pin=0"/></net>

<net id="3111"><net_src comp="224" pin="0"/><net_sink comp="3106" pin=1"/></net>

<net id="3115"><net_src comp="530" pin="0"/><net_sink comp="3112" pin=0"/></net>

<net id="3120"><net_src comp="3112" pin="1"/><net_sink comp="3116" pin=0"/></net>

<net id="3121"><net_src comp="228" pin="0"/><net_sink comp="3116" pin=1"/></net>

<net id="3125"><net_src comp="532" pin="0"/><net_sink comp="3122" pin=0"/></net>

<net id="3130"><net_src comp="3122" pin="1"/><net_sink comp="3126" pin=0"/></net>

<net id="3131"><net_src comp="232" pin="0"/><net_sink comp="3126" pin=1"/></net>

<net id="3135"><net_src comp="534" pin="0"/><net_sink comp="3132" pin=0"/></net>

<net id="3140"><net_src comp="3132" pin="1"/><net_sink comp="3136" pin=0"/></net>

<net id="3141"><net_src comp="236" pin="0"/><net_sink comp="3136" pin=1"/></net>

<net id="3145"><net_src comp="536" pin="0"/><net_sink comp="3142" pin=0"/></net>

<net id="3150"><net_src comp="3142" pin="1"/><net_sink comp="3146" pin=0"/></net>

<net id="3151"><net_src comp="240" pin="0"/><net_sink comp="3146" pin=1"/></net>

<net id="3155"><net_src comp="538" pin="0"/><net_sink comp="3152" pin=0"/></net>

<net id="3160"><net_src comp="3152" pin="1"/><net_sink comp="3156" pin=0"/></net>

<net id="3161"><net_src comp="244" pin="0"/><net_sink comp="3156" pin=1"/></net>

<net id="3165"><net_src comp="540" pin="0"/><net_sink comp="3162" pin=0"/></net>

<net id="3170"><net_src comp="3162" pin="1"/><net_sink comp="3166" pin=0"/></net>

<net id="3171"><net_src comp="248" pin="0"/><net_sink comp="3166" pin=1"/></net>

<net id="3175"><net_src comp="542" pin="0"/><net_sink comp="3172" pin=0"/></net>

<net id="3180"><net_src comp="3172" pin="1"/><net_sink comp="3176" pin=0"/></net>

<net id="3181"><net_src comp="252" pin="0"/><net_sink comp="3176" pin=1"/></net>

<net id="3185"><net_src comp="544" pin="0"/><net_sink comp="3182" pin=0"/></net>

<net id="3190"><net_src comp="3182" pin="1"/><net_sink comp="3186" pin=0"/></net>

<net id="3191"><net_src comp="256" pin="0"/><net_sink comp="3186" pin=1"/></net>

<net id="3195"><net_src comp="546" pin="0"/><net_sink comp="3192" pin=0"/></net>

<net id="3200"><net_src comp="3192" pin="1"/><net_sink comp="3196" pin=0"/></net>

<net id="3201"><net_src comp="260" pin="0"/><net_sink comp="3196" pin=1"/></net>

<net id="3205"><net_src comp="548" pin="0"/><net_sink comp="3202" pin=0"/></net>

<net id="3210"><net_src comp="3202" pin="1"/><net_sink comp="3206" pin=0"/></net>

<net id="3211"><net_src comp="264" pin="0"/><net_sink comp="3206" pin=1"/></net>

<net id="3215"><net_src comp="550" pin="0"/><net_sink comp="3212" pin=0"/></net>

<net id="3220"><net_src comp="3212" pin="1"/><net_sink comp="3216" pin=0"/></net>

<net id="3221"><net_src comp="268" pin="0"/><net_sink comp="3216" pin=1"/></net>

<net id="3225"><net_src comp="552" pin="0"/><net_sink comp="3222" pin=0"/></net>

<net id="3230"><net_src comp="3222" pin="1"/><net_sink comp="3226" pin=0"/></net>

<net id="3231"><net_src comp="272" pin="0"/><net_sink comp="3226" pin=1"/></net>

<net id="3235"><net_src comp="554" pin="0"/><net_sink comp="3232" pin=0"/></net>

<net id="3240"><net_src comp="3232" pin="1"/><net_sink comp="3236" pin=0"/></net>

<net id="3241"><net_src comp="276" pin="0"/><net_sink comp="3236" pin=1"/></net>

<net id="3245"><net_src comp="556" pin="0"/><net_sink comp="3242" pin=0"/></net>

<net id="3250"><net_src comp="3242" pin="1"/><net_sink comp="3246" pin=0"/></net>

<net id="3251"><net_src comp="280" pin="0"/><net_sink comp="3246" pin=1"/></net>

<net id="3255"><net_src comp="558" pin="0"/><net_sink comp="3252" pin=0"/></net>

<net id="3260"><net_src comp="3252" pin="1"/><net_sink comp="3256" pin=0"/></net>

<net id="3261"><net_src comp="284" pin="0"/><net_sink comp="3256" pin=1"/></net>

<net id="3265"><net_src comp="560" pin="0"/><net_sink comp="3262" pin=0"/></net>

<net id="3270"><net_src comp="3262" pin="1"/><net_sink comp="3266" pin=0"/></net>

<net id="3271"><net_src comp="288" pin="0"/><net_sink comp="3266" pin=1"/></net>

<net id="3275"><net_src comp="562" pin="0"/><net_sink comp="3272" pin=0"/></net>

<net id="3280"><net_src comp="3272" pin="1"/><net_sink comp="3276" pin=0"/></net>

<net id="3281"><net_src comp="292" pin="0"/><net_sink comp="3276" pin=1"/></net>

<net id="3285"><net_src comp="564" pin="0"/><net_sink comp="3282" pin=0"/></net>

<net id="3290"><net_src comp="3282" pin="1"/><net_sink comp="3286" pin=0"/></net>

<net id="3291"><net_src comp="296" pin="0"/><net_sink comp="3286" pin=1"/></net>

<net id="3295"><net_src comp="566" pin="0"/><net_sink comp="3292" pin=0"/></net>

<net id="3300"><net_src comp="3292" pin="1"/><net_sink comp="3296" pin=0"/></net>

<net id="3301"><net_src comp="300" pin="0"/><net_sink comp="3296" pin=1"/></net>

<net id="3305"><net_src comp="568" pin="0"/><net_sink comp="3302" pin=0"/></net>

<net id="3310"><net_src comp="3302" pin="1"/><net_sink comp="3306" pin=0"/></net>

<net id="3311"><net_src comp="304" pin="0"/><net_sink comp="3306" pin=1"/></net>

<net id="3315"><net_src comp="570" pin="0"/><net_sink comp="3312" pin=0"/></net>

<net id="3320"><net_src comp="3312" pin="1"/><net_sink comp="3316" pin=0"/></net>

<net id="3321"><net_src comp="308" pin="0"/><net_sink comp="3316" pin=1"/></net>

<net id="3325"><net_src comp="572" pin="0"/><net_sink comp="3322" pin=0"/></net>

<net id="3330"><net_src comp="3322" pin="1"/><net_sink comp="3326" pin=0"/></net>

<net id="3331"><net_src comp="312" pin="0"/><net_sink comp="3326" pin=1"/></net>

<net id="3335"><net_src comp="574" pin="0"/><net_sink comp="3332" pin=0"/></net>

<net id="3340"><net_src comp="3332" pin="1"/><net_sink comp="3336" pin=0"/></net>

<net id="3341"><net_src comp="316" pin="0"/><net_sink comp="3336" pin=1"/></net>

<net id="3345"><net_src comp="576" pin="0"/><net_sink comp="3342" pin=0"/></net>

<net id="3350"><net_src comp="3342" pin="1"/><net_sink comp="3346" pin=0"/></net>

<net id="3351"><net_src comp="320" pin="0"/><net_sink comp="3346" pin=1"/></net>

<net id="3355"><net_src comp="578" pin="0"/><net_sink comp="3352" pin=0"/></net>

<net id="3360"><net_src comp="3352" pin="1"/><net_sink comp="3356" pin=0"/></net>

<net id="3361"><net_src comp="324" pin="0"/><net_sink comp="3356" pin=1"/></net>

<net id="3365"><net_src comp="580" pin="0"/><net_sink comp="3362" pin=0"/></net>

<net id="3370"><net_src comp="3362" pin="1"/><net_sink comp="3366" pin=0"/></net>

<net id="3371"><net_src comp="328" pin="0"/><net_sink comp="3366" pin=1"/></net>

<net id="3375"><net_src comp="582" pin="0"/><net_sink comp="3372" pin=0"/></net>

<net id="3380"><net_src comp="3372" pin="1"/><net_sink comp="3376" pin=0"/></net>

<net id="3381"><net_src comp="332" pin="0"/><net_sink comp="3376" pin=1"/></net>

<net id="3385"><net_src comp="584" pin="0"/><net_sink comp="3382" pin=0"/></net>

<net id="3390"><net_src comp="3382" pin="1"/><net_sink comp="3386" pin=0"/></net>

<net id="3391"><net_src comp="336" pin="0"/><net_sink comp="3386" pin=1"/></net>

<net id="3395"><net_src comp="586" pin="0"/><net_sink comp="3392" pin=0"/></net>

<net id="3400"><net_src comp="3392" pin="1"/><net_sink comp="3396" pin=0"/></net>

<net id="3401"><net_src comp="340" pin="0"/><net_sink comp="3396" pin=1"/></net>

<net id="3405"><net_src comp="588" pin="0"/><net_sink comp="3402" pin=0"/></net>

<net id="3410"><net_src comp="3402" pin="1"/><net_sink comp="3406" pin=0"/></net>

<net id="3411"><net_src comp="344" pin="0"/><net_sink comp="3406" pin=1"/></net>

<net id="3415"><net_src comp="590" pin="0"/><net_sink comp="3412" pin=0"/></net>

<net id="3420"><net_src comp="3412" pin="1"/><net_sink comp="3416" pin=0"/></net>

<net id="3421"><net_src comp="348" pin="0"/><net_sink comp="3416" pin=1"/></net>

<net id="3425"><net_src comp="592" pin="0"/><net_sink comp="3422" pin=0"/></net>

<net id="3430"><net_src comp="3422" pin="1"/><net_sink comp="3426" pin=0"/></net>

<net id="3431"><net_src comp="352" pin="0"/><net_sink comp="3426" pin=1"/></net>

<net id="3435"><net_src comp="594" pin="0"/><net_sink comp="3432" pin=0"/></net>

<net id="3440"><net_src comp="3432" pin="1"/><net_sink comp="3436" pin=0"/></net>

<net id="3441"><net_src comp="356" pin="0"/><net_sink comp="3436" pin=1"/></net>

<net id="3445"><net_src comp="596" pin="0"/><net_sink comp="3442" pin=0"/></net>

<net id="3450"><net_src comp="3442" pin="1"/><net_sink comp="3446" pin=0"/></net>

<net id="3451"><net_src comp="360" pin="0"/><net_sink comp="3446" pin=1"/></net>

<net id="3455"><net_src comp="598" pin="0"/><net_sink comp="3452" pin=0"/></net>

<net id="3460"><net_src comp="3452" pin="1"/><net_sink comp="3456" pin=0"/></net>

<net id="3461"><net_src comp="364" pin="0"/><net_sink comp="3456" pin=1"/></net>

<net id="3465"><net_src comp="600" pin="0"/><net_sink comp="3462" pin=0"/></net>

<net id="3470"><net_src comp="3462" pin="1"/><net_sink comp="3466" pin=0"/></net>

<net id="3471"><net_src comp="368" pin="0"/><net_sink comp="3466" pin=1"/></net>

<net id="3475"><net_src comp="602" pin="0"/><net_sink comp="3472" pin=0"/></net>

<net id="3480"><net_src comp="3472" pin="1"/><net_sink comp="3476" pin=0"/></net>

<net id="3481"><net_src comp="372" pin="0"/><net_sink comp="3476" pin=1"/></net>

<net id="3485"><net_src comp="604" pin="0"/><net_sink comp="3482" pin=0"/></net>

<net id="3490"><net_src comp="3482" pin="1"/><net_sink comp="3486" pin=0"/></net>

<net id="3491"><net_src comp="376" pin="0"/><net_sink comp="3486" pin=1"/></net>

<net id="3495"><net_src comp="606" pin="0"/><net_sink comp="3492" pin=0"/></net>

<net id="3500"><net_src comp="3492" pin="1"/><net_sink comp="3496" pin=0"/></net>

<net id="3501"><net_src comp="380" pin="0"/><net_sink comp="3496" pin=1"/></net>

<net id="3505"><net_src comp="608" pin="0"/><net_sink comp="3502" pin=0"/></net>

<net id="3510"><net_src comp="3502" pin="1"/><net_sink comp="3506" pin=0"/></net>

<net id="3511"><net_src comp="384" pin="0"/><net_sink comp="3506" pin=1"/></net>

<net id="3515"><net_src comp="610" pin="0"/><net_sink comp="3512" pin=0"/></net>

<net id="3520"><net_src comp="3512" pin="1"/><net_sink comp="3516" pin=0"/></net>

<net id="3521"><net_src comp="388" pin="0"/><net_sink comp="3516" pin=1"/></net>

<net id="3525"><net_src comp="612" pin="0"/><net_sink comp="3522" pin=0"/></net>

<net id="3530"><net_src comp="3522" pin="1"/><net_sink comp="3526" pin=0"/></net>

<net id="3531"><net_src comp="392" pin="0"/><net_sink comp="3526" pin=1"/></net>

<net id="3535"><net_src comp="614" pin="0"/><net_sink comp="3532" pin=0"/></net>

<net id="3540"><net_src comp="3532" pin="1"/><net_sink comp="3536" pin=0"/></net>

<net id="3541"><net_src comp="396" pin="0"/><net_sink comp="3536" pin=1"/></net>

<net id="3545"><net_src comp="616" pin="0"/><net_sink comp="3542" pin=0"/></net>

<net id="3550"><net_src comp="3542" pin="1"/><net_sink comp="3546" pin=0"/></net>

<net id="3551"><net_src comp="400" pin="0"/><net_sink comp="3546" pin=1"/></net>

<net id="3555"><net_src comp="618" pin="0"/><net_sink comp="3552" pin=0"/></net>

<net id="3560"><net_src comp="3552" pin="1"/><net_sink comp="3556" pin=0"/></net>

<net id="3561"><net_src comp="404" pin="0"/><net_sink comp="3556" pin=1"/></net>

<net id="3565"><net_src comp="620" pin="0"/><net_sink comp="3562" pin=0"/></net>

<net id="3570"><net_src comp="3562" pin="1"/><net_sink comp="3566" pin=0"/></net>

<net id="3571"><net_src comp="408" pin="0"/><net_sink comp="3566" pin=1"/></net>

<net id="3575"><net_src comp="622" pin="0"/><net_sink comp="3572" pin=0"/></net>

<net id="3580"><net_src comp="3572" pin="1"/><net_sink comp="3576" pin=0"/></net>

<net id="3581"><net_src comp="412" pin="0"/><net_sink comp="3576" pin=1"/></net>

<net id="3585"><net_src comp="624" pin="0"/><net_sink comp="3582" pin=0"/></net>

<net id="3590"><net_src comp="3582" pin="1"/><net_sink comp="3586" pin=0"/></net>

<net id="3591"><net_src comp="416" pin="0"/><net_sink comp="3586" pin=1"/></net>

<net id="3595"><net_src comp="626" pin="0"/><net_sink comp="3592" pin=0"/></net>

<net id="3600"><net_src comp="3592" pin="1"/><net_sink comp="3596" pin=0"/></net>

<net id="3601"><net_src comp="420" pin="0"/><net_sink comp="3596" pin=1"/></net>

<net id="3605"><net_src comp="628" pin="0"/><net_sink comp="3602" pin=0"/></net>

<net id="3610"><net_src comp="3602" pin="1"/><net_sink comp="3606" pin=0"/></net>

<net id="3611"><net_src comp="424" pin="0"/><net_sink comp="3606" pin=1"/></net>

<net id="3615"><net_src comp="630" pin="0"/><net_sink comp="3612" pin=0"/></net>

<net id="3620"><net_src comp="3612" pin="1"/><net_sink comp="3616" pin=0"/></net>

<net id="3621"><net_src comp="428" pin="0"/><net_sink comp="3616" pin=1"/></net>

<net id="3625"><net_src comp="632" pin="0"/><net_sink comp="3622" pin=0"/></net>

<net id="3630"><net_src comp="3622" pin="1"/><net_sink comp="3626" pin=0"/></net>

<net id="3631"><net_src comp="432" pin="0"/><net_sink comp="3626" pin=1"/></net>

<net id="3635"><net_src comp="634" pin="0"/><net_sink comp="3632" pin=0"/></net>

<net id="3640"><net_src comp="3632" pin="1"/><net_sink comp="3636" pin=0"/></net>

<net id="3641"><net_src comp="436" pin="0"/><net_sink comp="3636" pin=1"/></net>

<net id="3645"><net_src comp="636" pin="0"/><net_sink comp="3642" pin=0"/></net>

<net id="3650"><net_src comp="3642" pin="1"/><net_sink comp="3646" pin=0"/></net>

<net id="3651"><net_src comp="440" pin="0"/><net_sink comp="3646" pin=1"/></net>

<net id="3655"><net_src comp="638" pin="0"/><net_sink comp="3652" pin=0"/></net>

<net id="3660"><net_src comp="3652" pin="1"/><net_sink comp="3656" pin=0"/></net>

<net id="3661"><net_src comp="444" pin="0"/><net_sink comp="3656" pin=1"/></net>

<net id="3666"><net_src comp="1112" pin="4"/><net_sink comp="3662" pin=0"/></net>

<net id="3667"><net_src comp="448" pin="0"/><net_sink comp="3662" pin=1"/></net>

<net id="3672"><net_src comp="1132" pin="4"/><net_sink comp="3668" pin=0"/></net>

<net id="3673"><net_src comp="450" pin="0"/><net_sink comp="3668" pin=1"/></net>

<net id="3678"><net_src comp="1152" pin="4"/><net_sink comp="3674" pin=0"/></net>

<net id="3679"><net_src comp="452" pin="0"/><net_sink comp="3674" pin=1"/></net>

<net id="3684"><net_src comp="1172" pin="4"/><net_sink comp="3680" pin=0"/></net>

<net id="3685"><net_src comp="454" pin="0"/><net_sink comp="3680" pin=1"/></net>

<net id="3690"><net_src comp="1192" pin="4"/><net_sink comp="3686" pin=0"/></net>

<net id="3691"><net_src comp="456" pin="0"/><net_sink comp="3686" pin=1"/></net>

<net id="3696"><net_src comp="1212" pin="4"/><net_sink comp="3692" pin=0"/></net>

<net id="3697"><net_src comp="458" pin="0"/><net_sink comp="3692" pin=1"/></net>

<net id="3702"><net_src comp="1232" pin="4"/><net_sink comp="3698" pin=0"/></net>

<net id="3703"><net_src comp="460" pin="0"/><net_sink comp="3698" pin=1"/></net>

<net id="3708"><net_src comp="1252" pin="4"/><net_sink comp="3704" pin=0"/></net>

<net id="3709"><net_src comp="462" pin="0"/><net_sink comp="3704" pin=1"/></net>

<net id="3714"><net_src comp="1272" pin="4"/><net_sink comp="3710" pin=0"/></net>

<net id="3715"><net_src comp="464" pin="0"/><net_sink comp="3710" pin=1"/></net>

<net id="3720"><net_src comp="1292" pin="4"/><net_sink comp="3716" pin=0"/></net>

<net id="3721"><net_src comp="466" pin="0"/><net_sink comp="3716" pin=1"/></net>

<net id="3726"><net_src comp="1312" pin="4"/><net_sink comp="3722" pin=0"/></net>

<net id="3727"><net_src comp="468" pin="0"/><net_sink comp="3722" pin=1"/></net>

<net id="3732"><net_src comp="1332" pin="4"/><net_sink comp="3728" pin=0"/></net>

<net id="3733"><net_src comp="470" pin="0"/><net_sink comp="3728" pin=1"/></net>

<net id="3738"><net_src comp="1352" pin="4"/><net_sink comp="3734" pin=0"/></net>

<net id="3739"><net_src comp="472" pin="0"/><net_sink comp="3734" pin=1"/></net>

<net id="3744"><net_src comp="1372" pin="4"/><net_sink comp="3740" pin=0"/></net>

<net id="3745"><net_src comp="474" pin="0"/><net_sink comp="3740" pin=1"/></net>

<net id="3750"><net_src comp="1392" pin="4"/><net_sink comp="3746" pin=0"/></net>

<net id="3751"><net_src comp="476" pin="0"/><net_sink comp="3746" pin=1"/></net>

<net id="3756"><net_src comp="1412" pin="4"/><net_sink comp="3752" pin=0"/></net>

<net id="3757"><net_src comp="478" pin="0"/><net_sink comp="3752" pin=1"/></net>

<net id="3762"><net_src comp="1432" pin="4"/><net_sink comp="3758" pin=0"/></net>

<net id="3763"><net_src comp="480" pin="0"/><net_sink comp="3758" pin=1"/></net>

<net id="3768"><net_src comp="1452" pin="4"/><net_sink comp="3764" pin=0"/></net>

<net id="3769"><net_src comp="482" pin="0"/><net_sink comp="3764" pin=1"/></net>

<net id="3774"><net_src comp="1472" pin="4"/><net_sink comp="3770" pin=0"/></net>

<net id="3775"><net_src comp="484" pin="0"/><net_sink comp="3770" pin=1"/></net>

<net id="3780"><net_src comp="1492" pin="4"/><net_sink comp="3776" pin=0"/></net>

<net id="3781"><net_src comp="486" pin="0"/><net_sink comp="3776" pin=1"/></net>

<net id="3786"><net_src comp="1512" pin="4"/><net_sink comp="3782" pin=0"/></net>

<net id="3787"><net_src comp="488" pin="0"/><net_sink comp="3782" pin=1"/></net>

<net id="3792"><net_src comp="1532" pin="4"/><net_sink comp="3788" pin=0"/></net>

<net id="3793"><net_src comp="490" pin="0"/><net_sink comp="3788" pin=1"/></net>

<net id="3798"><net_src comp="1552" pin="4"/><net_sink comp="3794" pin=0"/></net>

<net id="3799"><net_src comp="492" pin="0"/><net_sink comp="3794" pin=1"/></net>

<net id="3804"><net_src comp="1572" pin="4"/><net_sink comp="3800" pin=0"/></net>

<net id="3805"><net_src comp="494" pin="0"/><net_sink comp="3800" pin=1"/></net>

<net id="3810"><net_src comp="1592" pin="4"/><net_sink comp="3806" pin=0"/></net>

<net id="3811"><net_src comp="496" pin="0"/><net_sink comp="3806" pin=1"/></net>

<net id="3816"><net_src comp="1612" pin="4"/><net_sink comp="3812" pin=0"/></net>

<net id="3817"><net_src comp="498" pin="0"/><net_sink comp="3812" pin=1"/></net>

<net id="3822"><net_src comp="1632" pin="4"/><net_sink comp="3818" pin=0"/></net>

<net id="3823"><net_src comp="500" pin="0"/><net_sink comp="3818" pin=1"/></net>

<net id="3828"><net_src comp="1652" pin="4"/><net_sink comp="3824" pin=0"/></net>

<net id="3829"><net_src comp="502" pin="0"/><net_sink comp="3824" pin=1"/></net>

<net id="3834"><net_src comp="1672" pin="4"/><net_sink comp="3830" pin=0"/></net>

<net id="3835"><net_src comp="504" pin="0"/><net_sink comp="3830" pin=1"/></net>

<net id="3840"><net_src comp="1692" pin="4"/><net_sink comp="3836" pin=0"/></net>

<net id="3841"><net_src comp="506" pin="0"/><net_sink comp="3836" pin=1"/></net>

<net id="3846"><net_src comp="1712" pin="4"/><net_sink comp="3842" pin=0"/></net>

<net id="3847"><net_src comp="508" pin="0"/><net_sink comp="3842" pin=1"/></net>

<net id="3852"><net_src comp="1732" pin="4"/><net_sink comp="3848" pin=0"/></net>

<net id="3853"><net_src comp="510" pin="0"/><net_sink comp="3848" pin=1"/></net>

<net id="3858"><net_src comp="1102" pin="4"/><net_sink comp="3854" pin=0"/></net>

<net id="3859"><net_src comp="512" pin="0"/><net_sink comp="3854" pin=1"/></net>

<net id="3864"><net_src comp="1122" pin="4"/><net_sink comp="3860" pin=0"/></net>

<net id="3865"><net_src comp="514" pin="0"/><net_sink comp="3860" pin=1"/></net>

<net id="3870"><net_src comp="1142" pin="4"/><net_sink comp="3866" pin=0"/></net>

<net id="3871"><net_src comp="516" pin="0"/><net_sink comp="3866" pin=1"/></net>

<net id="3876"><net_src comp="1162" pin="4"/><net_sink comp="3872" pin=0"/></net>

<net id="3877"><net_src comp="518" pin="0"/><net_sink comp="3872" pin=1"/></net>

<net id="3882"><net_src comp="1182" pin="4"/><net_sink comp="3878" pin=0"/></net>

<net id="3883"><net_src comp="520" pin="0"/><net_sink comp="3878" pin=1"/></net>

<net id="3888"><net_src comp="1202" pin="4"/><net_sink comp="3884" pin=0"/></net>

<net id="3889"><net_src comp="522" pin="0"/><net_sink comp="3884" pin=1"/></net>

<net id="3894"><net_src comp="1222" pin="4"/><net_sink comp="3890" pin=0"/></net>

<net id="3895"><net_src comp="524" pin="0"/><net_sink comp="3890" pin=1"/></net>

<net id="3900"><net_src comp="1242" pin="4"/><net_sink comp="3896" pin=0"/></net>

<net id="3901"><net_src comp="526" pin="0"/><net_sink comp="3896" pin=1"/></net>

<net id="3906"><net_src comp="1262" pin="4"/><net_sink comp="3902" pin=0"/></net>

<net id="3907"><net_src comp="528" pin="0"/><net_sink comp="3902" pin=1"/></net>

<net id="3912"><net_src comp="1282" pin="4"/><net_sink comp="3908" pin=0"/></net>

<net id="3913"><net_src comp="530" pin="0"/><net_sink comp="3908" pin=1"/></net>

<net id="3918"><net_src comp="1302" pin="4"/><net_sink comp="3914" pin=0"/></net>

<net id="3919"><net_src comp="532" pin="0"/><net_sink comp="3914" pin=1"/></net>

<net id="3924"><net_src comp="1322" pin="4"/><net_sink comp="3920" pin=0"/></net>

<net id="3925"><net_src comp="534" pin="0"/><net_sink comp="3920" pin=1"/></net>

<net id="3930"><net_src comp="1342" pin="4"/><net_sink comp="3926" pin=0"/></net>

<net id="3931"><net_src comp="536" pin="0"/><net_sink comp="3926" pin=1"/></net>

<net id="3936"><net_src comp="1362" pin="4"/><net_sink comp="3932" pin=0"/></net>

<net id="3937"><net_src comp="538" pin="0"/><net_sink comp="3932" pin=1"/></net>

<net id="3942"><net_src comp="1382" pin="4"/><net_sink comp="3938" pin=0"/></net>

<net id="3943"><net_src comp="540" pin="0"/><net_sink comp="3938" pin=1"/></net>

<net id="3948"><net_src comp="1402" pin="4"/><net_sink comp="3944" pin=0"/></net>

<net id="3949"><net_src comp="542" pin="0"/><net_sink comp="3944" pin=1"/></net>

<net id="3954"><net_src comp="1422" pin="4"/><net_sink comp="3950" pin=0"/></net>

<net id="3955"><net_src comp="544" pin="0"/><net_sink comp="3950" pin=1"/></net>

<net id="3960"><net_src comp="1442" pin="4"/><net_sink comp="3956" pin=0"/></net>

<net id="3961"><net_src comp="546" pin="0"/><net_sink comp="3956" pin=1"/></net>

<net id="3966"><net_src comp="1462" pin="4"/><net_sink comp="3962" pin=0"/></net>

<net id="3967"><net_src comp="548" pin="0"/><net_sink comp="3962" pin=1"/></net>

<net id="3972"><net_src comp="1482" pin="4"/><net_sink comp="3968" pin=0"/></net>

<net id="3973"><net_src comp="550" pin="0"/><net_sink comp="3968" pin=1"/></net>

<net id="3978"><net_src comp="1502" pin="4"/><net_sink comp="3974" pin=0"/></net>

<net id="3979"><net_src comp="552" pin="0"/><net_sink comp="3974" pin=1"/></net>

<net id="3984"><net_src comp="1522" pin="4"/><net_sink comp="3980" pin=0"/></net>

<net id="3985"><net_src comp="554" pin="0"/><net_sink comp="3980" pin=1"/></net>

<net id="3990"><net_src comp="1542" pin="4"/><net_sink comp="3986" pin=0"/></net>

<net id="3991"><net_src comp="556" pin="0"/><net_sink comp="3986" pin=1"/></net>

<net id="3996"><net_src comp="1562" pin="4"/><net_sink comp="3992" pin=0"/></net>

<net id="3997"><net_src comp="558" pin="0"/><net_sink comp="3992" pin=1"/></net>

<net id="4002"><net_src comp="1582" pin="4"/><net_sink comp="3998" pin=0"/></net>

<net id="4003"><net_src comp="560" pin="0"/><net_sink comp="3998" pin=1"/></net>

<net id="4008"><net_src comp="1602" pin="4"/><net_sink comp="4004" pin=0"/></net>

<net id="4009"><net_src comp="562" pin="0"/><net_sink comp="4004" pin=1"/></net>

<net id="4014"><net_src comp="1622" pin="4"/><net_sink comp="4010" pin=0"/></net>

<net id="4015"><net_src comp="564" pin="0"/><net_sink comp="4010" pin=1"/></net>

<net id="4020"><net_src comp="1642" pin="4"/><net_sink comp="4016" pin=0"/></net>

<net id="4021"><net_src comp="566" pin="0"/><net_sink comp="4016" pin=1"/></net>

<net id="4026"><net_src comp="1662" pin="4"/><net_sink comp="4022" pin=0"/></net>

<net id="4027"><net_src comp="568" pin="0"/><net_sink comp="4022" pin=1"/></net>

<net id="4032"><net_src comp="1682" pin="4"/><net_sink comp="4028" pin=0"/></net>

<net id="4033"><net_src comp="570" pin="0"/><net_sink comp="4028" pin=1"/></net>

<net id="4038"><net_src comp="1702" pin="4"/><net_sink comp="4034" pin=0"/></net>

<net id="4039"><net_src comp="572" pin="0"/><net_sink comp="4034" pin=1"/></net>

<net id="4044"><net_src comp="1722" pin="4"/><net_sink comp="4040" pin=0"/></net>

<net id="4045"><net_src comp="574" pin="0"/><net_sink comp="4040" pin=1"/></net>

<net id="4050"><net_src comp="1096" pin="2"/><net_sink comp="4046" pin=0"/></net>

<net id="4051"><net_src comp="576" pin="0"/><net_sink comp="4046" pin=1"/></net>

<net id="4056"><net_src comp="1090" pin="2"/><net_sink comp="4052" pin=0"/></net>

<net id="4057"><net_src comp="578" pin="0"/><net_sink comp="4052" pin=1"/></net>

<net id="4062"><net_src comp="1084" pin="2"/><net_sink comp="4058" pin=0"/></net>

<net id="4063"><net_src comp="580" pin="0"/><net_sink comp="4058" pin=1"/></net>

<net id="4068"><net_src comp="1078" pin="2"/><net_sink comp="4064" pin=0"/></net>

<net id="4069"><net_src comp="582" pin="0"/><net_sink comp="4064" pin=1"/></net>

<net id="4074"><net_src comp="1072" pin="2"/><net_sink comp="4070" pin=0"/></net>

<net id="4075"><net_src comp="584" pin="0"/><net_sink comp="4070" pin=1"/></net>

<net id="4080"><net_src comp="1066" pin="2"/><net_sink comp="4076" pin=0"/></net>

<net id="4081"><net_src comp="586" pin="0"/><net_sink comp="4076" pin=1"/></net>

<net id="4086"><net_src comp="1060" pin="2"/><net_sink comp="4082" pin=0"/></net>

<net id="4087"><net_src comp="588" pin="0"/><net_sink comp="4082" pin=1"/></net>

<net id="4092"><net_src comp="1054" pin="2"/><net_sink comp="4088" pin=0"/></net>

<net id="4093"><net_src comp="590" pin="0"/><net_sink comp="4088" pin=1"/></net>

<net id="4098"><net_src comp="1048" pin="2"/><net_sink comp="4094" pin=0"/></net>

<net id="4099"><net_src comp="592" pin="0"/><net_sink comp="4094" pin=1"/></net>

<net id="4104"><net_src comp="1042" pin="2"/><net_sink comp="4100" pin=0"/></net>

<net id="4105"><net_src comp="594" pin="0"/><net_sink comp="4100" pin=1"/></net>

<net id="4110"><net_src comp="1036" pin="2"/><net_sink comp="4106" pin=0"/></net>

<net id="4111"><net_src comp="596" pin="0"/><net_sink comp="4106" pin=1"/></net>

<net id="4116"><net_src comp="1030" pin="2"/><net_sink comp="4112" pin=0"/></net>

<net id="4117"><net_src comp="598" pin="0"/><net_sink comp="4112" pin=1"/></net>

<net id="4122"><net_src comp="1024" pin="2"/><net_sink comp="4118" pin=0"/></net>

<net id="4123"><net_src comp="600" pin="0"/><net_sink comp="4118" pin=1"/></net>

<net id="4128"><net_src comp="1018" pin="2"/><net_sink comp="4124" pin=0"/></net>

<net id="4129"><net_src comp="602" pin="0"/><net_sink comp="4124" pin=1"/></net>

<net id="4134"><net_src comp="1012" pin="2"/><net_sink comp="4130" pin=0"/></net>

<net id="4135"><net_src comp="604" pin="0"/><net_sink comp="4130" pin=1"/></net>

<net id="4140"><net_src comp="1006" pin="2"/><net_sink comp="4136" pin=0"/></net>

<net id="4141"><net_src comp="606" pin="0"/><net_sink comp="4136" pin=1"/></net>

<net id="4146"><net_src comp="1000" pin="2"/><net_sink comp="4142" pin=0"/></net>

<net id="4147"><net_src comp="608" pin="0"/><net_sink comp="4142" pin=1"/></net>

<net id="4152"><net_src comp="994" pin="2"/><net_sink comp="4148" pin=0"/></net>

<net id="4153"><net_src comp="610" pin="0"/><net_sink comp="4148" pin=1"/></net>

<net id="4158"><net_src comp="988" pin="2"/><net_sink comp="4154" pin=0"/></net>

<net id="4159"><net_src comp="612" pin="0"/><net_sink comp="4154" pin=1"/></net>

<net id="4164"><net_src comp="982" pin="2"/><net_sink comp="4160" pin=0"/></net>

<net id="4165"><net_src comp="614" pin="0"/><net_sink comp="4160" pin=1"/></net>

<net id="4170"><net_src comp="976" pin="2"/><net_sink comp="4166" pin=0"/></net>

<net id="4171"><net_src comp="616" pin="0"/><net_sink comp="4166" pin=1"/></net>

<net id="4176"><net_src comp="970" pin="2"/><net_sink comp="4172" pin=0"/></net>

<net id="4177"><net_src comp="618" pin="0"/><net_sink comp="4172" pin=1"/></net>

<net id="4182"><net_src comp="964" pin="2"/><net_sink comp="4178" pin=0"/></net>

<net id="4183"><net_src comp="620" pin="0"/><net_sink comp="4178" pin=1"/></net>

<net id="4188"><net_src comp="958" pin="2"/><net_sink comp="4184" pin=0"/></net>

<net id="4189"><net_src comp="622" pin="0"/><net_sink comp="4184" pin=1"/></net>

<net id="4194"><net_src comp="952" pin="2"/><net_sink comp="4190" pin=0"/></net>

<net id="4195"><net_src comp="624" pin="0"/><net_sink comp="4190" pin=1"/></net>

<net id="4200"><net_src comp="946" pin="2"/><net_sink comp="4196" pin=0"/></net>

<net id="4201"><net_src comp="626" pin="0"/><net_sink comp="4196" pin=1"/></net>

<net id="4206"><net_src comp="940" pin="2"/><net_sink comp="4202" pin=0"/></net>

<net id="4207"><net_src comp="628" pin="0"/><net_sink comp="4202" pin=1"/></net>

<net id="4212"><net_src comp="934" pin="2"/><net_sink comp="4208" pin=0"/></net>

<net id="4213"><net_src comp="630" pin="0"/><net_sink comp="4208" pin=1"/></net>

<net id="4218"><net_src comp="928" pin="2"/><net_sink comp="4214" pin=0"/></net>

<net id="4219"><net_src comp="632" pin="0"/><net_sink comp="4214" pin=1"/></net>

<net id="4224"><net_src comp="922" pin="2"/><net_sink comp="4220" pin=0"/></net>

<net id="4225"><net_src comp="634" pin="0"/><net_sink comp="4220" pin=1"/></net>

<net id="4230"><net_src comp="916" pin="2"/><net_sink comp="4226" pin=0"/></net>

<net id="4231"><net_src comp="636" pin="0"/><net_sink comp="4226" pin=1"/></net>

<net id="4236"><net_src comp="910" pin="2"/><net_sink comp="4232" pin=0"/></net>

<net id="4237"><net_src comp="638" pin="0"/><net_sink comp="4232" pin=1"/></net>

</net_list>

</model> 
---------------- Datapath Model END ------------------

* FSMD analyzer results:
  - Output states:
	Port: p_ZZN4nnet24compute_output_buffer_2dINS_5arrayI8ap_fixedILi16ELi6EL9ap_q_mode5EL9_67 | {1 }
	Port: void_compute_output_buffer_2d_array_const_ap_shift_reg_n_chan_stream_weig_9 | {1 }
	Port: p_ZZN4nnet24compute_output_buffer_2dINS_5arrayI8ap_fixedILi16ELi6EL9ap_q_mode5EL9_66 | {1 }
	Port: void_compute_output_buffer_2d_array_const_ap_shift_reg_n_chan_stream_weig_8 | {1 }
	Port: p_ZZN4nnet24compute_output_buffer_2dINS_5arrayI8ap_fixedILi16ELi6EL9ap_q_mode5EL9_65 | {1 }
	Port: void_compute_output_buffer_2d_array_const_ap_shift_reg_n_chan_stream_weig_7 | {1 }
	Port: p_ZZN4nnet24compute_output_buffer_2dINS_5arrayI8ap_fixedILi16ELi6EL9ap_q_mode5EL9_64 | {1 }
	Port: void_compute_output_buffer_2d_array_const_ap_shift_reg_n_chan_stream_weig_6 | {1 }
	Port: p_ZZN4nnet24compute_output_buffer_2dINS_5arrayI8ap_fixedILi16ELi6EL9ap_q_mode5EL9_63 | {1 }
	Port: void_compute_output_buffer_2d_array_const_ap_shift_reg_n_chan_stream_weig_5 | {1 }
	Port: p_ZZN4nnet24compute_output_buffer_2dINS_5arrayI8ap_fixedILi16ELi6EL9ap_q_mode5EL9_62 | {1 }
	Port: void_compute_output_buffer_2d_array_const_ap_shift_reg_n_chan_stream_weig_4 | {1 }
	Port: p_ZZN4nnet24compute_output_buffer_2dINS_5arrayI8ap_fixedILi16ELi6EL9ap_q_mode5EL9_61 | {1 }
	Port: void_compute_output_buffer_2d_array_const_ap_shift_reg_n_chan_stream_weig_3 | {1 }
	Port: p_ZZN4nnet24compute_output_buffer_2dINS_5arrayI8ap_fixedILi16ELi6EL9ap_q_mode5EL9_60 | {1 }
	Port: void_compute_output_buffer_2d_array_const_ap_shift_reg_n_chan_stream_weig_2 | {1 }
	Port: p_ZZN4nnet24compute_output_buffer_2dINS_5arrayI8ap_fixedILi16ELi6EL9ap_q_mode5EL9_59 | {1 }
	Port: void_compute_output_buffer_2d_array_const_ap_shift_reg_n_chan_stream_weig_1 | {1 }
	Port: p_ZZN4nnet24compute_output_buffer_2dINS_5arrayI8ap_fixedILi16ELi6EL9ap_q_mode5EL9_58 | {1 }
	Port: void_compute_output_buffer_2d_array_const_ap_shift_reg_n_chan_stream_weig | {1 }
	Port: p_ZZN4nnet24compute_output_buffer_2dINS_5arrayI8ap_fixedILi16ELi6EL9ap_q_mode5EL9_57 | {1 }
	Port: p_ZZN4nnet24compute_output_buffer_2dINS_5arrayI8ap_fixedILi16ELi6EL9ap_q_mode5EL9_277 | {1 }
	Port: p_ZZN4nnet24compute_output_buffer_2dINS_5arrayI8ap_fixedILi16ELi6EL9ap_q_mode5EL9_56 | {1 }
	Port: p_ZZN4nnet24compute_output_buffer_2dINS_5arrayI8ap_fixedILi16ELi6EL9ap_q_mode5EL9_288 | {1 }
	Port: p_ZZN4nnet24compute_output_buffer_2dINS_5arrayI8ap_fixedILi16ELi6EL9ap_q_mode5EL9_55 | {1 }
	Port: p_ZZN4nnet24compute_output_buffer_2dINS_5arrayI8ap_fixedILi16ELi6EL9ap_q_mode5EL9_299 | {1 }
	Port: p_ZZN4nnet24compute_output_buffer_2dINS_5arrayI8ap_fixedILi16ELi6EL9ap_q_mode5EL9_54 | {1 }
	Port: p_ZZN4nnet24compute_output_buffer_2dINS_5arrayI8ap_fixedILi16ELi6EL9ap_q_mode5EL9_310 | {1 }
	Port: p_ZZN4nnet24compute_output_buffer_2dINS_5arrayI8ap_fixedILi16ELi6EL9ap_q_mode5EL9_53 | {1 }
	Port: p_ZZN4nnet24compute_output_buffer_2dINS_5arrayI8ap_fixedILi16ELi6EL9ap_q_mode5EL9_321 | {1 }
	Port: p_ZZN4nnet24compute_output_buffer_2dINS_5arrayI8ap_fixedILi16ELi6EL9ap_q_mode5EL9_52 | {1 }
	Port: p_ZZN4nnet24compute_output_buffer_2dINS_5arrayI8ap_fixedILi16ELi6EL9ap_q_mode5EL9_332 | {1 }
	Port: p_ZZN4nnet24compute_output_buffer_2dINS_5arrayI8ap_fixedILi16ELi6EL9ap_q_mode5EL9_51 | {1 }
	Port: p_ZZN4nnet24compute_output_buffer_2dINS_5arrayI8ap_fixedILi16ELi6EL9ap_q_mode5EL9_343 | {1 }
	Port: p_ZZN4nnet24compute_output_buffer_2dINS_5arrayI8ap_fixedILi16ELi6EL9ap_q_mode5EL9_50 | {1 }
	Port: p_ZZN4nnet24compute_output_buffer_2dINS_5arrayI8ap_fixedILi16ELi6EL9ap_q_mode5EL9_354 | {1 }
	Port: p_ZZN4nnet24compute_output_buffer_2dINS_5arrayI8ap_fixedILi16ELi6EL9ap_q_mode5EL9_49 | {1 }
	Port: p_ZZN4nnet24compute_output_buffer_2dINS_5arrayI8ap_fixedILi16ELi6EL9ap_q_mode5EL9_365 | {1 }
	Port: p_ZZN4nnet24compute_output_buffer_2dINS_5arrayI8ap_fixedILi16ELi6EL9ap_q_mode5EL9_48 | {1 }
	Port: p_ZZN4nnet24compute_output_buffer_2dINS_5arrayI8ap_fixedILi16ELi6EL9ap_q_mode5EL9_376 | {1 }
	Port: p_ZZN4nnet24compute_output_buffer_2dINS_5arrayI8ap_fixedILi16ELi6EL9ap_q_mode5EL9_47 | {1 }
	Port: p_ZZN4nnet24compute_output_buffer_2dINS_5arrayI8ap_fixedILi16ELi6EL9ap_q_mode5EL9_387 | {1 }
	Port: p_ZZN4nnet24compute_output_buffer_2dINS_5arrayI8ap_fixedILi16ELi6EL9ap_q_mode5EL9_46 | {1 }
	Port: p_ZZN4nnet24compute_output_buffer_2dINS_5arrayI8ap_fixedILi16ELi6EL9ap_q_mode5EL9_398 | {1 }
	Port: p_ZZN4nnet24compute_output_buffer_2dINS_5arrayI8ap_fixedILi16ELi6EL9ap_q_mode5EL9_45 | {1 }
	Port: p_ZZN4nnet24compute_output_buffer_2dINS_5arrayI8ap_fixedILi16ELi6EL9ap_q_mode5EL9_409 | {1 }
	Port: p_ZZN4nnet24compute_output_buffer_2dINS_5arrayI8ap_fixedILi16ELi6EL9ap_q_mode5EL9_44 | {1 }
	Port: p_ZZN4nnet24compute_output_buffer_2dINS_5arrayI8ap_fixedILi16ELi6EL9ap_q_mode5EL9_420 | {1 }
	Port: p_ZZN4nnet24compute_output_buffer_2dINS_5arrayI8ap_fixedILi16ELi6EL9ap_q_mode5EL9_43 | {1 }
	Port: p_ZZN4nnet24compute_output_buffer_2dINS_5arrayI8ap_fixedILi16ELi6EL9ap_q_mode5EL9_431 | {1 }
	Port: p_ZZN4nnet24compute_output_buffer_2dINS_5arrayI8ap_fixedILi16ELi6EL9ap_q_mode5EL9_42 | {1 }
	Port: p_ZZN4nnet24compute_output_buffer_2dINS_5arrayI8ap_fixedILi16ELi6EL9ap_q_mode5EL9_442 | {1 }
	Port: p_ZZN4nnet24compute_output_buffer_2dINS_5arrayI8ap_fixedILi16ELi6EL9ap_q_mode5EL9_41 | {1 }
	Port: p_ZZN4nnet24compute_output_buffer_2dINS_5arrayI8ap_fixedILi16ELi6EL9ap_q_mode5EL9_453 | {1 }
	Port: p_ZZN4nnet24compute_output_buffer_2dINS_5arrayI8ap_fixedILi16ELi6EL9ap_q_mode5EL9_40 | {1 }
	Port: p_ZZN4nnet24compute_output_buffer_2dINS_5arrayI8ap_fixedILi16ELi6EL9ap_q_mode5EL9_90 | {1 }
	Port: p_ZZN4nnet24compute_output_buffer_2dINS_5arrayI8ap_fixedILi16ELi6EL9ap_q_mode5EL9_39 | {1 }
	Port: p_ZZN4nnet24compute_output_buffer_2dINS_5arrayI8ap_fixedILi16ELi6EL9ap_q_mode5EL9_79 | {1 }
	Port: p_ZZN4nnet24compute_output_buffer_2dINS_5arrayI8ap_fixedILi16ELi6EL9ap_q_mode5EL9_38 | {1 }
	Port: p_ZZN4nnet24compute_output_buffer_2dINS_5arrayI8ap_fixedILi16ELi6EL9ap_q_mode5EL9_70 | {1 }
	Port: p_ZZN4nnet24compute_output_buffer_2dINS_5arrayI8ap_fixedILi16ELi6EL9ap_q_mode5EL9_37 | {1 }
	Port: p_ZZN4nnet24compute_output_buffer_2dINS_5arrayI8ap_fixedILi16ELi6EL9ap_q_mode5EL9_69 | {1 }
	Port: p_ZZN4nnet24compute_output_buffer_2dINS_5arrayI8ap_fixedILi16ELi6EL9ap_q_mode5EL9_36 | {1 }
	Port: p_ZZN4nnet24compute_output_buffer_2dINS_5arrayI8ap_fixedILi16ELi6EL9ap_q_mode5EL9_68 | {1 }
	Port: p_ZZN4nnet24compute_output_buffer_2dINS_5arrayI8ap_fixedILi16ELi6EL9ap_q_mode5EL9_308 | {1 }
	Port: p_ZZN4nnet24compute_output_buffer_2dINS_5arrayI8ap_fixedILi16ELi6EL9ap_q_mode5EL9_3 | {1 }
	Port: p_ZZN4nnet24compute_output_buffer_2dINS_5arrayI8ap_fixedILi16ELi6EL9ap_q_mode5EL9_309 | {1 }
	Port: p_ZZN4nnet24compute_output_buffer_2dINS_5arrayI8ap_fixedILi16ELi6EL9ap_q_mode5EL9_2 | {1 }
	Port: p_ZZN4nnet24compute_output_buffer_2dINS_5arrayI8ap_fixedILi16ELi6EL9ap_q_mode5EL9_311 | {1 }
	Port: p_ZZN4nnet24compute_output_buffer_2dINS_5arrayI8ap_fixedILi16ELi6EL9ap_q_mode5EL9_1 | {1 }
	Port: p_ZZN4nnet24compute_output_buffer_2dINS_5arrayI8ap_fixedILi16ELi6EL9ap_q_mode5EL9_312 | {1 }
	Port: p_ZZN4nnet24compute_output_buffer_2dINS_5arrayI8ap_fixedILi16ELi6EL9ap_q_mode5EL9 | {1 }
	Port: p_ZZN4nnet24compute_output_buffer_2dINS_5arrayI8ap_fixedILi16ELi6EL9ap_q_mode5EL9_313 | {1 }
	Port: p_ZZN4nnet24compute_output_buffer_2dINS_5arrayI8ap_fixedILi16ELi6EL9ap_q_mode5EL9_278 | {1 }
	Port: p_ZZN4nnet24compute_output_buffer_2dINS_5arrayI8ap_fixedILi16ELi6EL9ap_q_mode5EL9_314 | {1 }
	Port: p_ZZN4nnet24compute_output_buffer_2dINS_5arrayI8ap_fixedILi16ELi6EL9ap_q_mode5EL9_279 | {1 }
	Port: p_ZZN4nnet24compute_output_buffer_2dINS_5arrayI8ap_fixedILi16ELi6EL9ap_q_mode5EL9_315 | {1 }
	Port: p_ZZN4nnet24compute_output_buffer_2dINS_5arrayI8ap_fixedILi16ELi6EL9ap_q_mode5EL9_280 | {1 }
	Port: p_ZZN4nnet24compute_output_buffer_2dINS_5arrayI8ap_fixedILi16ELi6EL9ap_q_mode5EL9_316 | {1 }
	Port: p_ZZN4nnet24compute_output_buffer_2dINS_5arrayI8ap_fixedILi16ELi6EL9ap_q_mode5EL9_281 | {1 }
	Port: p_ZZN4nnet24compute_output_buffer_2dINS_5arrayI8ap_fixedILi16ELi6EL9ap_q_mode5EL9_317 | {1 }
	Port: p_ZZN4nnet24compute_output_buffer_2dINS_5arrayI8ap_fixedILi16ELi6EL9ap_q_mode5EL9_282 | {1 }
	Port: p_ZZN4nnet24compute_output_buffer_2dINS_5arrayI8ap_fixedILi16ELi6EL9ap_q_mode5EL9_318 | {1 }
	Port: p_ZZN4nnet24compute_output_buffer_2dINS_5arrayI8ap_fixedILi16ELi6EL9ap_q_mode5EL9_283 | {1 }
	Port: p_ZZN4nnet24compute_output_buffer_2dINS_5arrayI8ap_fixedILi16ELi6EL9ap_q_mode5EL9_319 | {1 }
	Port: p_ZZN4nnet24compute_output_buffer_2dINS_5arrayI8ap_fixedILi16ELi6EL9ap_q_mode5EL9_284 | {1 }
	Port: p_ZZN4nnet24compute_output_buffer_2dINS_5arrayI8ap_fixedILi16ELi6EL9ap_q_mode5EL9_320 | {1 }
	Port: p_ZZN4nnet24compute_output_buffer_2dINS_5arrayI8ap_fixedILi16ELi6EL9ap_q_mode5EL9_285 | {1 }
	Port: p_ZZN4nnet24compute_output_buffer_2dINS_5arrayI8ap_fixedILi16ELi6EL9ap_q_mode5EL9_322 | {1 }
	Port: p_ZZN4nnet24compute_output_buffer_2dINS_5arrayI8ap_fixedILi16ELi6EL9ap_q_mode5EL9_286 | {1 }
	Port: p_ZZN4nnet24compute_output_buffer_2dINS_5arrayI8ap_fixedILi16ELi6EL9ap_q_mode5EL9_323 | {1 }
	Port: p_ZZN4nnet24compute_output_buffer_2dINS_5arrayI8ap_fixedILi16ELi6EL9ap_q_mode5EL9_287 | {1 }
	Port: p_ZZN4nnet24compute_output_buffer_2dINS_5arrayI8ap_fixedILi16ELi6EL9ap_q_mode5EL9_324 | {1 }
	Port: p_ZZN4nnet24compute_output_buffer_2dINS_5arrayI8ap_fixedILi16ELi6EL9ap_q_mode5EL9_289 | {1 }
	Port: p_ZZN4nnet24compute_output_buffer_2dINS_5arrayI8ap_fixedILi16ELi6EL9ap_q_mode5EL9_325 | {1 }
	Port: p_ZZN4nnet24compute_output_buffer_2dINS_5arrayI8ap_fixedILi16ELi6EL9ap_q_mode5EL9_290 | {1 }
	Port: p_ZZN4nnet24compute_output_buffer_2dINS_5arrayI8ap_fixedILi16ELi6EL9ap_q_mode5EL9_326 | {1 }
	Port: p_ZZN4nnet24compute_output_buffer_2dINS_5arrayI8ap_fixedILi16ELi6EL9ap_q_mode5EL9_291 | {1 }
	Port: p_ZZN4nnet24compute_output_buffer_2dINS_5arrayI8ap_fixedILi16ELi6EL9ap_q_mode5EL9_327 | {1 }
	Port: p_ZZN4nnet24compute_output_buffer_2dINS_5arrayI8ap_fixedILi16ELi6EL9ap_q_mode5EL9_292 | {1 }
	Port: p_ZZN4nnet24compute_output_buffer_2dINS_5arrayI8ap_fixedILi16ELi6EL9ap_q_mode5EL9_328 | {1 }
	Port: p_ZZN4nnet24compute_output_buffer_2dINS_5arrayI8ap_fixedILi16ELi6EL9ap_q_mode5EL9_293 | {1 }
	Port: p_ZZN4nnet24compute_output_buffer_2dINS_5arrayI8ap_fixedILi16ELi6EL9ap_q_mode5EL9_329 | {1 }
	Port: p_ZZN4nnet24compute_output_buffer_2dINS_5arrayI8ap_fixedILi16ELi6EL9ap_q_mode5EL9_294 | {1 }
	Port: p_ZZN4nnet24compute_output_buffer_2dINS_5arrayI8ap_fixedILi16ELi6EL9ap_q_mode5EL9_330 | {1 }
	Port: p_ZZN4nnet24compute_output_buffer_2dINS_5arrayI8ap_fixedILi16ELi6EL9ap_q_mode5EL9_295 | {1 }
	Port: p_ZZN4nnet24compute_output_buffer_2dINS_5arrayI8ap_fixedILi16ELi6EL9ap_q_mode5EL9_331 | {1 }
	Port: p_ZZN4nnet24compute_output_buffer_2dINS_5arrayI8ap_fixedILi16ELi6EL9ap_q_mode5EL9_296 | {1 }
	Port: p_ZZN4nnet24compute_output_buffer_2dINS_5arrayI8ap_fixedILi16ELi6EL9ap_q_mode5EL9_333 | {1 }
	Port: p_ZZN4nnet24compute_output_buffer_2dINS_5arrayI8ap_fixedILi16ELi6EL9ap_q_mode5EL9_297 | {1 }
	Port: p_ZZN4nnet24compute_output_buffer_2dINS_5arrayI8ap_fixedILi16ELi6EL9ap_q_mode5EL9_334 | {1 }
	Port: p_ZZN4nnet24compute_output_buffer_2dINS_5arrayI8ap_fixedILi16ELi6EL9ap_q_mode5EL9_298 | {1 }
	Port: p_ZZN4nnet24compute_output_buffer_2dINS_5arrayI8ap_fixedILi16ELi6EL9ap_q_mode5EL9_335 | {1 }
	Port: p_ZZN4nnet24compute_output_buffer_2dINS_5arrayI8ap_fixedILi16ELi6EL9ap_q_mode5EL9_300 | {1 }
	Port: p_ZZN4nnet24compute_output_buffer_2dINS_5arrayI8ap_fixedILi16ELi6EL9ap_q_mode5EL9_336 | {1 }
	Port: p_ZZN4nnet24compute_output_buffer_2dINS_5arrayI8ap_fixedILi16ELi6EL9ap_q_mode5EL9_301 | {1 }
	Port: p_ZZN4nnet24compute_output_buffer_2dINS_5arrayI8ap_fixedILi16ELi6EL9ap_q_mode5EL9_337 | {1 }
	Port: p_ZZN4nnet24compute_output_buffer_2dINS_5arrayI8ap_fixedILi16ELi6EL9ap_q_mode5EL9_302 | {1 }
	Port: p_ZZN4nnet24compute_output_buffer_2dINS_5arrayI8ap_fixedILi16ELi6EL9ap_q_mode5EL9_338 | {1 }
	Port: p_ZZN4nnet24compute_output_buffer_2dINS_5arrayI8ap_fixedILi16ELi6EL9ap_q_mode5EL9_303 | {1 }
	Port: p_ZZN4nnet24compute_output_buffer_2dINS_5arrayI8ap_fixedILi16ELi6EL9ap_q_mode5EL9_339 | {1 }
	Port: p_ZZN4nnet24compute_output_buffer_2dINS_5arrayI8ap_fixedILi16ELi6EL9ap_q_mode5EL9_304 | {1 }
	Port: p_ZZN4nnet24compute_output_buffer_2dINS_5arrayI8ap_fixedILi16ELi6EL9ap_q_mode5EL9_340 | {1 }
	Port: p_ZZN4nnet24compute_output_buffer_2dINS_5arrayI8ap_fixedILi16ELi6EL9ap_q_mode5EL9_305 | {1 }
	Port: p_ZZN4nnet24compute_output_buffer_2dINS_5arrayI8ap_fixedILi16ELi6EL9ap_q_mode5EL9_341 | {1 }
	Port: p_ZZN4nnet24compute_output_buffer_2dINS_5arrayI8ap_fixedILi16ELi6EL9ap_q_mode5EL9_306 | {1 }
	Port: p_ZZN4nnet24compute_output_buffer_2dINS_5arrayI8ap_fixedILi16ELi6EL9ap_q_mode5EL9_342 | {1 }
	Port: p_ZZN4nnet24compute_output_buffer_2dINS_5arrayI8ap_fixedILi16ELi6EL9ap_q_mode5EL9_307 | {1 }
	Port: p_ZZN4nnet24compute_output_buffer_2dINS_5arrayI8ap_fixedILi16ELi6EL9ap_q_mode5EL9_414 | {1 }
	Port: p_ZZN4nnet24compute_output_buffer_2dINS_5arrayI8ap_fixedILi16ELi6EL9ap_q_mode5EL9_379 | {1 }
	Port: p_ZZN4nnet24compute_output_buffer_2dINS_5arrayI8ap_fixedILi16ELi6EL9ap_q_mode5EL9_415 | {1 }
	Port: p_ZZN4nnet24compute_output_buffer_2dINS_5arrayI8ap_fixedILi16ELi6EL9ap_q_mode5EL9_380 | {1 }
	Port: p_ZZN4nnet24compute_output_buffer_2dINS_5arrayI8ap_fixedILi16ELi6EL9ap_q_mode5EL9_416 | {1 }
	Port: p_ZZN4nnet24compute_output_buffer_2dINS_5arrayI8ap_fixedILi16ELi6EL9ap_q_mode5EL9_381 | {1 }
	Port: p_ZZN4nnet24compute_output_buffer_2dINS_5arrayI8ap_fixedILi16ELi6EL9ap_q_mode5EL9_417 | {1 }
	Port: p_ZZN4nnet24compute_output_buffer_2dINS_5arrayI8ap_fixedILi16ELi6EL9ap_q_mode5EL9_382 | {1 }
	Port: p_ZZN4nnet24compute_output_buffer_2dINS_5arrayI8ap_fixedILi16ELi6EL9ap_q_mode5EL9_418 | {1 }
	Port: p_ZZN4nnet24compute_output_buffer_2dINS_5arrayI8ap_fixedILi16ELi6EL9ap_q_mode5EL9_383 | {1 }
	Port: p_ZZN4nnet24compute_output_buffer_2dINS_5arrayI8ap_fixedILi16ELi6EL9ap_q_mode5EL9_419 | {1 }
	Port: p_ZZN4nnet24compute_output_buffer_2dINS_5arrayI8ap_fixedILi16ELi6EL9ap_q_mode5EL9_384 | {1 }
	Port: p_ZZN4nnet24compute_output_buffer_2dINS_5arrayI8ap_fixedILi16ELi6EL9ap_q_mode5EL9_421 | {1 }
	Port: p_ZZN4nnet24compute_output_buffer_2dINS_5arrayI8ap_fixedILi16ELi6EL9ap_q_mode5EL9_385 | {1 }
	Port: p_ZZN4nnet24compute_output_buffer_2dINS_5arrayI8ap_fixedILi16ELi6EL9ap_q_mode5EL9_422 | {1 }
	Port: p_ZZN4nnet24compute_output_buffer_2dINS_5arrayI8ap_fixedILi16ELi6EL9ap_q_mode5EL9_386 | {1 }
	Port: p_ZZN4nnet24compute_output_buffer_2dINS_5arrayI8ap_fixedILi16ELi6EL9ap_q_mode5EL9_423 | {1 }
	Port: p_ZZN4nnet24compute_output_buffer_2dINS_5arrayI8ap_fixedILi16ELi6EL9ap_q_mode5EL9_388 | {1 }
	Port: p_ZZN4nnet24compute_output_buffer_2dINS_5arrayI8ap_fixedILi16ELi6EL9ap_q_mode5EL9_424 | {1 }
	Port: p_ZZN4nnet24compute_output_buffer_2dINS_5arrayI8ap_fixedILi16ELi6EL9ap_q_mode5EL9_389 | {1 }
	Port: p_ZZN4nnet24compute_output_buffer_2dINS_5arrayI8ap_fixedILi16ELi6EL9ap_q_mode5EL9_425 | {1 }
	Port: p_ZZN4nnet24compute_output_buffer_2dINS_5arrayI8ap_fixedILi16ELi6EL9ap_q_mode5EL9_390 | {1 }
	Port: p_ZZN4nnet24compute_output_buffer_2dINS_5arrayI8ap_fixedILi16ELi6EL9ap_q_mode5EL9_426 | {1 }
	Port: p_ZZN4nnet24compute_output_buffer_2dINS_5arrayI8ap_fixedILi16ELi6EL9ap_q_mode5EL9_391 | {1 }
	Port: p_ZZN4nnet24compute_output_buffer_2dINS_5arrayI8ap_fixedILi16ELi6EL9ap_q_mode5EL9_427 | {1 }
	Port: p_ZZN4nnet24compute_output_buffer_2dINS_5arrayI8ap_fixedILi16ELi6EL9ap_q_mode5EL9_392 | {1 }
	Port: p_ZZN4nnet24compute_output_buffer_2dINS_5arrayI8ap_fixedILi16ELi6EL9ap_q_mode5EL9_428 | {1 }
	Port: p_ZZN4nnet24compute_output_buffer_2dINS_5arrayI8ap_fixedILi16ELi6EL9ap_q_mode5EL9_393 | {1 }
	Port: p_ZZN4nnet24compute_output_buffer_2dINS_5arrayI8ap_fixedILi16ELi6EL9ap_q_mode5EL9_429 | {1 }
	Port: p_ZZN4nnet24compute_output_buffer_2dINS_5arrayI8ap_fixedILi16ELi6EL9ap_q_mode5EL9_394 | {1 }
	Port: p_ZZN4nnet24compute_output_buffer_2dINS_5arrayI8ap_fixedILi16ELi6EL9ap_q_mode5EL9_430 | {1 }
	Port: p_ZZN4nnet24compute_output_buffer_2dINS_5arrayI8ap_fixedILi16ELi6EL9ap_q_mode5EL9_395 | {1 }
	Port: p_ZZN4nnet24compute_output_buffer_2dINS_5arrayI8ap_fixedILi16ELi6EL9ap_q_mode5EL9_432 | {1 }
	Port: p_ZZN4nnet24compute_output_buffer_2dINS_5arrayI8ap_fixedILi16ELi6EL9ap_q_mode5EL9_396 | {1 }
	Port: p_ZZN4nnet24compute_output_buffer_2dINS_5arrayI8ap_fixedILi16ELi6EL9ap_q_mode5EL9_433 | {1 }
	Port: p_ZZN4nnet24compute_output_buffer_2dINS_5arrayI8ap_fixedILi16ELi6EL9ap_q_mode5EL9_397 | {1 }
	Port: p_ZZN4nnet24compute_output_buffer_2dINS_5arrayI8ap_fixedILi16ELi6EL9ap_q_mode5EL9_434 | {1 }
	Port: p_ZZN4nnet24compute_output_buffer_2dINS_5arrayI8ap_fixedILi16ELi6EL9ap_q_mode5EL9_399 | {1 }
	Port: p_ZZN4nnet24compute_output_buffer_2dINS_5arrayI8ap_fixedILi16ELi6EL9ap_q_mode5EL9_435 | {1 }
	Port: p_ZZN4nnet24compute_output_buffer_2dINS_5arrayI8ap_fixedILi16ELi6EL9ap_q_mode5EL9_400 | {1 }
	Port: p_ZZN4nnet24compute_output_buffer_2dINS_5arrayI8ap_fixedILi16ELi6EL9ap_q_mode5EL9_436 | {1 }
	Port: p_ZZN4nnet24compute_output_buffer_2dINS_5arrayI8ap_fixedILi16ELi6EL9ap_q_mode5EL9_401 | {1 }
	Port: p_ZZN4nnet24compute_output_buffer_2dINS_5arrayI8ap_fixedILi16ELi6EL9ap_q_mode5EL9_437 | {1 }
	Port: p_ZZN4nnet24compute_output_buffer_2dINS_5arrayI8ap_fixedILi16ELi6EL9ap_q_mode5EL9_402 | {1 }
	Port: p_ZZN4nnet24compute_output_buffer_2dINS_5arrayI8ap_fixedILi16ELi6EL9ap_q_mode5EL9_438 | {1 }
	Port: p_ZZN4nnet24compute_output_buffer_2dINS_5arrayI8ap_fixedILi16ELi6EL9ap_q_mode5EL9_403 | {1 }
	Port: p_ZZN4nnet24compute_output_buffer_2dINS_5arrayI8ap_fixedILi16ELi6EL9ap_q_mode5EL9_439 | {1 }
	Port: p_ZZN4nnet24compute_output_buffer_2dINS_5arrayI8ap_fixedILi16ELi6EL9ap_q_mode5EL9_404 | {1 }
	Port: p_ZZN4nnet24compute_output_buffer_2dINS_5arrayI8ap_fixedILi16ELi6EL9ap_q_mode5EL9_440 | {1 }
	Port: p_ZZN4nnet24compute_output_buffer_2dINS_5arrayI8ap_fixedILi16ELi6EL9ap_q_mode5EL9_405 | {1 }
	Port: p_ZZN4nnet24compute_output_buffer_2dINS_5arrayI8ap_fixedILi16ELi6EL9ap_q_mode5EL9_441 | {1 }
	Port: p_ZZN4nnet24compute_output_buffer_2dINS_5arrayI8ap_fixedILi16ELi6EL9ap_q_mode5EL9_406 | {1 }
	Port: p_ZZN4nnet24compute_output_buffer_2dINS_5arrayI8ap_fixedILi16ELi6EL9ap_q_mode5EL9_443 | {1 }
	Port: p_ZZN4nnet24compute_output_buffer_2dINS_5arrayI8ap_fixedILi16ELi6EL9ap_q_mode5EL9_407 | {1 }
	Port: p_ZZN4nnet24compute_output_buffer_2dINS_5arrayI8ap_fixedILi16ELi6EL9ap_q_mode5EL9_444 | {1 }
	Port: p_ZZN4nnet24compute_output_buffer_2dINS_5arrayI8ap_fixedILi16ELi6EL9ap_q_mode5EL9_408 | {1 }
	Port: p_ZZN4nnet24compute_output_buffer_2dINS_5arrayI8ap_fixedILi16ELi6EL9ap_q_mode5EL9_445 | {1 }
	Port: p_ZZN4nnet24compute_output_buffer_2dINS_5arrayI8ap_fixedILi16ELi6EL9ap_q_mode5EL9_410 | {1 }
	Port: p_ZZN4nnet24compute_output_buffer_2dINS_5arrayI8ap_fixedILi16ELi6EL9ap_q_mode5EL9_446 | {1 }
	Port: p_ZZN4nnet24compute_output_buffer_2dINS_5arrayI8ap_fixedILi16ELi6EL9ap_q_mode5EL9_411 | {1 }
	Port: p_ZZN4nnet24compute_output_buffer_2dINS_5arrayI8ap_fixedILi16ELi6EL9ap_q_mode5EL9_447 | {1 }
	Port: p_ZZN4nnet24compute_output_buffer_2dINS_5arrayI8ap_fixedILi16ELi6EL9ap_q_mode5EL9_412 | {1 }
	Port: p_ZZN4nnet24compute_output_buffer_2dINS_5arrayI8ap_fixedILi16ELi6EL9ap_q_mode5EL9_448 | {1 }
	Port: p_ZZN4nnet24compute_output_buffer_2dINS_5arrayI8ap_fixedILi16ELi6EL9ap_q_mode5EL9_413 | {1 }
	Port: p_ZZN4nnet24compute_output_buffer_2dINS_5arrayI8ap_fixedILi16ELi6EL9ap_q_mode5EL9_35 | {1 }
	Port: p_ZZN4nnet24compute_output_buffer_2dINS_5arrayI8ap_fixedILi16ELi6EL9ap_q_mode5EL9_34 | {1 }
	Port: p_ZZN4nnet24compute_output_buffer_2dINS_5arrayI8ap_fixedILi16ELi6EL9ap_q_mode5EL9_33 | {1 }
	Port: p_ZZN4nnet24compute_output_buffer_2dINS_5arrayI8ap_fixedILi16ELi6EL9ap_q_mode5EL9_32 | {1 }
	Port: p_ZZN4nnet24compute_output_buffer_2dINS_5arrayI8ap_fixedILi16ELi6EL9ap_q_mode5EL9_31 | {1 }
	Port: p_ZZN4nnet24compute_output_buffer_2dINS_5arrayI8ap_fixedILi16ELi6EL9ap_q_mode5EL9_30 | {1 }
	Port: p_ZZN4nnet24compute_output_buffer_2dINS_5arrayI8ap_fixedILi16ELi6EL9ap_q_mode5EL9_29 | {1 }
	Port: p_ZZN4nnet24compute_output_buffer_2dINS_5arrayI8ap_fixedILi16ELi6EL9ap_q_mode5EL9_28 | {1 }
	Port: p_ZZN4nnet24compute_output_buffer_2dINS_5arrayI8ap_fixedILi16ELi6EL9ap_q_mode5EL9_27 | {1 }
	Port: p_ZZN4nnet24compute_output_buffer_2dINS_5arrayI8ap_fixedILi16ELi6EL9ap_q_mode5EL9_26 | {1 }
	Port: p_ZZN4nnet24compute_output_buffer_2dINS_5arrayI8ap_fixedILi16ELi6EL9ap_q_mode5EL9_25 | {1 }
	Port: p_ZZN4nnet24compute_output_buffer_2dINS_5arrayI8ap_fixedILi16ELi6EL9ap_q_mode5EL9_24 | {1 }
	Port: p_ZZN4nnet24compute_output_buffer_2dINS_5arrayI8ap_fixedILi16ELi6EL9ap_q_mode5EL9_23 | {1 }
	Port: p_ZZN4nnet24compute_output_buffer_2dINS_5arrayI8ap_fixedILi16ELi6EL9ap_q_mode5EL9_22 | {1 }
	Port: p_ZZN4nnet24compute_output_buffer_2dINS_5arrayI8ap_fixedILi16ELi6EL9ap_q_mode5EL9_21 | {1 }
	Port: p_ZZN4nnet24compute_output_buffer_2dINS_5arrayI8ap_fixedILi16ELi6EL9ap_q_mode5EL9_20 | {1 }
	Port: p_ZZN4nnet24compute_output_buffer_2dINS_5arrayI8ap_fixedILi16ELi6EL9ap_q_mode5EL9_19 | {1 }
	Port: p_ZZN4nnet24compute_output_buffer_2dINS_5arrayI8ap_fixedILi16ELi6EL9ap_q_mode5EL9_18 | {1 }
	Port: p_ZZN4nnet24compute_output_buffer_2dINS_5arrayI8ap_fixedILi16ELi6EL9ap_q_mode5EL9_17 | {1 }
	Port: p_ZZN4nnet24compute_output_buffer_2dINS_5arrayI8ap_fixedILi16ELi6EL9ap_q_mode5EL9_16 | {1 }
	Port: p_ZZN4nnet24compute_output_buffer_2dINS_5arrayI8ap_fixedILi16ELi6EL9ap_q_mode5EL9_15 | {1 }
	Port: p_ZZN4nnet24compute_output_buffer_2dINS_5arrayI8ap_fixedILi16ELi6EL9ap_q_mode5EL9_14 | {1 }
	Port: p_ZZN4nnet24compute_output_buffer_2dINS_5arrayI8ap_fixedILi16ELi6EL9ap_q_mode5EL9_13 | {1 }
	Port: p_ZZN4nnet24compute_output_buffer_2dINS_5arrayI8ap_fixedILi16ELi6EL9ap_q_mode5EL9_12 | {1 }
	Port: p_ZZN4nnet24compute_output_buffer_2dINS_5arrayI8ap_fixedILi16ELi6EL9ap_q_mode5EL9_11 | {1 }
	Port: p_ZZN4nnet24compute_output_buffer_2dINS_5arrayI8ap_fixedILi16ELi6EL9ap_q_mode5EL9_10 | {1 }
	Port: p_ZZN4nnet24compute_output_buffer_2dINS_5arrayI8ap_fixedILi16ELi6EL9ap_q_mode5EL9_9 | {1 }
	Port: p_ZZN4nnet24compute_output_buffer_2dINS_5arrayI8ap_fixedILi16ELi6EL9ap_q_mode5EL9_8 | {1 }
	Port: p_ZZN4nnet24compute_output_buffer_2dINS_5arrayI8ap_fixedILi16ELi6EL9ap_q_mode5EL9_7 | {1 }
	Port: p_ZZN4nnet24compute_output_buffer_2dINS_5arrayI8ap_fixedILi16ELi6EL9ap_q_mode5EL9_6 | {1 }
	Port: p_ZZN4nnet24compute_output_buffer_2dINS_5arrayI8ap_fixedILi16ELi6EL9ap_q_mode5EL9_5 | {1 }
	Port: p_ZZN4nnet24compute_output_buffer_2dINS_5arrayI8ap_fixedILi16ELi6EL9ap_q_mode5EL9_4 | {1 }
	Port: p_ZZN4nnet24compute_output_buffer_2dINS_5arrayI8ap_fixedILi16ELi6EL9ap_q_mode5EL9_344 | {1 }
	Port: p_ZZN4nnet24compute_output_buffer_2dINS_5arrayI8ap_fixedILi16ELi6EL9ap_q_mode5EL9_345 | {1 }
	Port: p_ZZN4nnet24compute_output_buffer_2dINS_5arrayI8ap_fixedILi16ELi6EL9ap_q_mode5EL9_346 | {1 }
	Port: p_ZZN4nnet24compute_output_buffer_2dINS_5arrayI8ap_fixedILi16ELi6EL9ap_q_mode5EL9_347 | {1 }
	Port: p_ZZN4nnet24compute_output_buffer_2dINS_5arrayI8ap_fixedILi16ELi6EL9ap_q_mode5EL9_348 | {1 }
	Port: p_ZZN4nnet24compute_output_buffer_2dINS_5arrayI8ap_fixedILi16ELi6EL9ap_q_mode5EL9_349 | {1 }
	Port: p_ZZN4nnet24compute_output_buffer_2dINS_5arrayI8ap_fixedILi16ELi6EL9ap_q_mode5EL9_350 | {1 }
	Port: p_ZZN4nnet24compute_output_buffer_2dINS_5arrayI8ap_fixedILi16ELi6EL9ap_q_mode5EL9_351 | {1 }
	Port: p_ZZN4nnet24compute_output_buffer_2dINS_5arrayI8ap_fixedILi16ELi6EL9ap_q_mode5EL9_352 | {1 }
	Port: p_ZZN4nnet24compute_output_buffer_2dINS_5arrayI8ap_fixedILi16ELi6EL9ap_q_mode5EL9_353 | {1 }
	Port: p_ZZN4nnet24compute_output_buffer_2dINS_5arrayI8ap_fixedILi16ELi6EL9ap_q_mode5EL9_355 | {1 }
	Port: p_ZZN4nnet24compute_output_buffer_2dINS_5arrayI8ap_fixedILi16ELi6EL9ap_q_mode5EL9_356 | {1 }
	Port: p_ZZN4nnet24compute_output_buffer_2dINS_5arrayI8ap_fixedILi16ELi6EL9ap_q_mode5EL9_357 | {1 }
	Port: p_ZZN4nnet24compute_output_buffer_2dINS_5arrayI8ap_fixedILi16ELi6EL9ap_q_mode5EL9_358 | {1 }
	Port: p_ZZN4nnet24compute_output_buffer_2dINS_5arrayI8ap_fixedILi16ELi6EL9ap_q_mode5EL9_359 | {1 }
	Port: p_ZZN4nnet24compute_output_buffer_2dINS_5arrayI8ap_fixedILi16ELi6EL9ap_q_mode5EL9_360 | {1 }
	Port: p_ZZN4nnet24compute_output_buffer_2dINS_5arrayI8ap_fixedILi16ELi6EL9ap_q_mode5EL9_361 | {1 }
	Port: p_ZZN4nnet24compute_output_buffer_2dINS_5arrayI8ap_fixedILi16ELi6EL9ap_q_mode5EL9_362 | {1 }
	Port: p_ZZN4nnet24compute_output_buffer_2dINS_5arrayI8ap_fixedILi16ELi6EL9ap_q_mode5EL9_363 | {1 }
	Port: p_ZZN4nnet24compute_output_buffer_2dINS_5arrayI8ap_fixedILi16ELi6EL9ap_q_mode5EL9_364 | {1 }
	Port: p_ZZN4nnet24compute_output_buffer_2dINS_5arrayI8ap_fixedILi16ELi6EL9ap_q_mode5EL9_366 | {1 }
	Port: p_ZZN4nnet24compute_output_buffer_2dINS_5arrayI8ap_fixedILi16ELi6EL9ap_q_mode5EL9_367 | {1 }
	Port: p_ZZN4nnet24compute_output_buffer_2dINS_5arrayI8ap_fixedILi16ELi6EL9ap_q_mode5EL9_368 | {1 }
	Port: p_ZZN4nnet24compute_output_buffer_2dINS_5arrayI8ap_fixedILi16ELi6EL9ap_q_mode5EL9_369 | {1 }
	Port: p_ZZN4nnet24compute_output_buffer_2dINS_5arrayI8ap_fixedILi16ELi6EL9ap_q_mode5EL9_370 | {1 }
	Port: p_ZZN4nnet24compute_output_buffer_2dINS_5arrayI8ap_fixedILi16ELi6EL9ap_q_mode5EL9_371 | {1 }
	Port: p_ZZN4nnet24compute_output_buffer_2dINS_5arrayI8ap_fixedILi16ELi6EL9ap_q_mode5EL9_372 | {1 }
	Port: p_ZZN4nnet24compute_output_buffer_2dINS_5arrayI8ap_fixedILi16ELi6EL9ap_q_mode5EL9_373 | {1 }
	Port: p_ZZN4nnet24compute_output_buffer_2dINS_5arrayI8ap_fixedILi16ELi6EL9ap_q_mode5EL9_374 | {1 }
	Port: p_ZZN4nnet24compute_output_buffer_2dINS_5arrayI8ap_fixedILi16ELi6EL9ap_q_mode5EL9_375 | {1 }
	Port: p_ZZN4nnet24compute_output_buffer_2dINS_5arrayI8ap_fixedILi16ELi6EL9ap_q_mode5EL9_377 | {1 }
	Port: p_ZZN4nnet24compute_output_buffer_2dINS_5arrayI8ap_fixedILi16ELi6EL9ap_q_mode5EL9_378 | {1 }
	Port: p_ZZN4nnet24compute_output_buffer_2dINS_5arrayI8ap_fixedILi16ELi6EL9ap_q_mode5EL9_449 | {1 }
	Port: p_ZZN4nnet24compute_output_buffer_2dINS_5arrayI8ap_fixedILi16ELi6EL9ap_q_mode5EL9_450 | {1 }
	Port: p_ZZN4nnet24compute_output_buffer_2dINS_5arrayI8ap_fixedILi16ELi6EL9ap_q_mode5EL9_451 | {1 }
	Port: p_ZZN4nnet24compute_output_buffer_2dINS_5arrayI8ap_fixedILi16ELi6EL9ap_q_mode5EL9_452 | {1 }
	Port: p_ZZN4nnet24compute_output_buffer_2dINS_5arrayI8ap_fixedILi16ELi6EL9ap_q_mode5EL9_454 | {1 }
	Port: p_ZZN4nnet24compute_output_buffer_2dINS_5arrayI8ap_fixedILi16ELi6EL9ap_q_mode5EL9_99 | {1 }
	Port: p_ZZN4nnet24compute_output_buffer_2dINS_5arrayI8ap_fixedILi16ELi6EL9ap_q_mode5EL9_98 | {1 }
	Port: p_ZZN4nnet24compute_output_buffer_2dINS_5arrayI8ap_fixedILi16ELi6EL9ap_q_mode5EL9_97 | {1 }
	Port: p_ZZN4nnet24compute_output_buffer_2dINS_5arrayI8ap_fixedILi16ELi6EL9ap_q_mode5EL9_96 | {1 }
	Port: p_ZZN4nnet24compute_output_buffer_2dINS_5arrayI8ap_fixedILi16ELi6EL9ap_q_mode5EL9_95 | {1 }
	Port: p_ZZN4nnet24compute_output_buffer_2dINS_5arrayI8ap_fixedILi16ELi6EL9ap_q_mode5EL9_94 | {1 }
	Port: p_ZZN4nnet24compute_output_buffer_2dINS_5arrayI8ap_fixedILi16ELi6EL9ap_q_mode5EL9_93 | {1 }
	Port: p_ZZN4nnet24compute_output_buffer_2dINS_5arrayI8ap_fixedILi16ELi6EL9ap_q_mode5EL9_92 | {1 }
	Port: p_ZZN4nnet24compute_output_buffer_2dINS_5arrayI8ap_fixedILi16ELi6EL9ap_q_mode5EL9_91 | {1 }
	Port: p_ZZN4nnet24compute_output_buffer_2dINS_5arrayI8ap_fixedILi16ELi6EL9ap_q_mode5EL9_89 | {1 }
	Port: p_ZZN4nnet24compute_output_buffer_2dINS_5arrayI8ap_fixedILi16ELi6EL9ap_q_mode5EL9_88 | {1 }
	Port: p_ZZN4nnet24compute_output_buffer_2dINS_5arrayI8ap_fixedILi16ELi6EL9ap_q_mode5EL9_87 | {1 }
	Port: p_ZZN4nnet24compute_output_buffer_2dINS_5arrayI8ap_fixedILi16ELi6EL9ap_q_mode5EL9_86 | {1 }
	Port: p_ZZN4nnet24compute_output_buffer_2dINS_5arrayI8ap_fixedILi16ELi6EL9ap_q_mode5EL9_85 | {1 }
	Port: p_ZZN4nnet24compute_output_buffer_2dINS_5arrayI8ap_fixedILi16ELi6EL9ap_q_mode5EL9_84 | {1 }
	Port: p_ZZN4nnet24compute_output_buffer_2dINS_5arrayI8ap_fixedILi16ELi6EL9ap_q_mode5EL9_83 | {1 }
	Port: p_ZZN4nnet24compute_output_buffer_2dINS_5arrayI8ap_fixedILi16ELi6EL9ap_q_mode5EL9_82 | {1 }
	Port: p_ZZN4nnet24compute_output_buffer_2dINS_5arrayI8ap_fixedILi16ELi6EL9ap_q_mode5EL9_81 | {1 }
	Port: p_ZZN4nnet24compute_output_buffer_2dINS_5arrayI8ap_fixedILi16ELi6EL9ap_q_mode5EL9_80 | {1 }
	Port: p_ZZN4nnet24compute_output_buffer_2dINS_5arrayI8ap_fixedILi16ELi6EL9ap_q_mode5EL9_78 | {1 }
	Port: p_ZZN4nnet24compute_output_buffer_2dINS_5arrayI8ap_fixedILi16ELi6EL9ap_q_mode5EL9_77 | {1 }
	Port: p_ZZN4nnet24compute_output_buffer_2dINS_5arrayI8ap_fixedILi16ELi6EL9ap_q_mode5EL9_76 | {1 }
	Port: p_ZZN4nnet24compute_output_buffer_2dINS_5arrayI8ap_fixedILi16ELi6EL9ap_q_mode5EL9_75 | {1 }
	Port: p_ZZN4nnet24compute_output_buffer_2dINS_5arrayI8ap_fixedILi16ELi6EL9ap_q_mode5EL9_74 | {1 }
	Port: p_ZZN4nnet24compute_output_buffer_2dINS_5arrayI8ap_fixedILi16ELi6EL9ap_q_mode5EL9_73 | {1 }
	Port: p_ZZN4nnet24compute_output_buffer_2dINS_5arrayI8ap_fixedILi16ELi6EL9ap_q_mode5EL9_72 | {1 }
	Port: p_ZZN4nnet24compute_output_buffer_2dINS_5arrayI8ap_fixedILi16ELi6EL9ap_q_mode5EL9_71 | {1 }
	Port: p_ZZN4nnet25conv_2d_buffer_latency_clINS_5arrayI8ap_fixedILi16ELi6EL9ap_q_mode5EL_63 | {1 }
	Port: p_ZZN4nnet25conv_2d_buffer_latency_clINS_5arrayI8ap_fixedILi16ELi6EL9ap_q_mode5EL_31 | {1 }
	Port: p_ZZN4nnet25conv_2d_buffer_latency_clINS_5arrayI8ap_fixedILi16ELi6EL9ap_q_mode5EL_62 | {1 }
	Port: p_ZZN4nnet25conv_2d_buffer_latency_clINS_5arrayI8ap_fixedILi16ELi6EL9ap_q_mode5EL_30 | {1 }
	Port: p_ZZN4nnet25conv_2d_buffer_latency_clINS_5arrayI8ap_fixedILi16ELi6EL9ap_q_mode5EL_51 | {1 }
	Port: p_ZZN4nnet25conv_2d_buffer_latency_clINS_5arrayI8ap_fixedILi16ELi6EL9ap_q_mode5EL_19 | {1 }
	Port: p_ZZN4nnet25conv_2d_buffer_latency_clINS_5arrayI8ap_fixedILi16ELi6EL9ap_q_mode5EL_40 | {1 }
	Port: p_ZZN4nnet25conv_2d_buffer_latency_clINS_5arrayI8ap_fixedILi16ELi6EL9ap_q_mode5EL_8 | {1 }
	Port: p_ZZN4nnet25conv_2d_buffer_latency_clINS_5arrayI8ap_fixedILi16ELi6EL9ap_q_mode5EL_37 | {1 }
	Port: p_ZZN4nnet25conv_2d_buffer_latency_clINS_5arrayI8ap_fixedILi16ELi6EL9ap_q_mode5EL_5 | {1 }
	Port: p_ZZN4nnet25conv_2d_buffer_latency_clINS_5arrayI8ap_fixedILi16ELi6EL9ap_q_mode5EL_36 | {1 }
	Port: p_ZZN4nnet25conv_2d_buffer_latency_clINS_5arrayI8ap_fixedILi16ELi6EL9ap_q_mode5EL_4 | {1 }
	Port: p_ZZN4nnet25conv_2d_buffer_latency_clINS_5arrayI8ap_fixedILi16ELi6EL9ap_q_mode5EL_35 | {1 }
	Port: p_ZZN4nnet25conv_2d_buffer_latency_clINS_5arrayI8ap_fixedILi16ELi6EL9ap_q_mode5EL_3 | {1 }
	Port: p_ZZN4nnet25conv_2d_buffer_latency_clINS_5arrayI8ap_fixedILi16ELi6EL9ap_q_mode5EL_34 | {1 }
	Port: p_ZZN4nnet25conv_2d_buffer_latency_clINS_5arrayI8ap_fixedILi16ELi6EL9ap_q_mode5EL_2 | {1 }
	Port: p_ZZN4nnet25conv_2d_buffer_latency_clINS_5arrayI8ap_fixedILi16ELi6EL9ap_q_mode5EL_33 | {1 }
	Port: p_ZZN4nnet25conv_2d_buffer_latency_clINS_5arrayI8ap_fixedILi16ELi6EL9ap_q_mode5EL_1 | {1 }
	Port: p_ZZN4nnet25conv_2d_buffer_latency_clINS_5arrayI8ap_fixedILi16ELi6EL9ap_q_mode5EL_32 | {1 }
	Port: p_ZZN4nnet25conv_2d_buffer_latency_clINS_5arrayI8ap_fixedILi16ELi6EL9ap_q_mode5EL | {1 }
	Port: p_ZZN4nnet25conv_2d_buffer_latency_clINS_5arrayI8ap_fixedILi16ELi6EL9ap_q_mode5EL_61 | {1 }
	Port: p_ZZN4nnet25conv_2d_buffer_latency_clINS_5arrayI8ap_fixedILi16ELi6EL9ap_q_mode5EL_29 | {1 }
	Port: p_ZZN4nnet25conv_2d_buffer_latency_clINS_5arrayI8ap_fixedILi16ELi6EL9ap_q_mode5EL_60 | {1 }
	Port: p_ZZN4nnet25conv_2d_buffer_latency_clINS_5arrayI8ap_fixedILi16ELi6EL9ap_q_mode5EL_28 | {1 }
	Port: p_ZZN4nnet25conv_2d_buffer_latency_clINS_5arrayI8ap_fixedILi16ELi6EL9ap_q_mode5EL_59 | {1 }
	Port: p_ZZN4nnet25conv_2d_buffer_latency_clINS_5arrayI8ap_fixedILi16ELi6EL9ap_q_mode5EL_27 | {1 }
	Port: p_ZZN4nnet25conv_2d_buffer_latency_clINS_5arrayI8ap_fixedILi16ELi6EL9ap_q_mode5EL_58 | {1 }
	Port: p_ZZN4nnet25conv_2d_buffer_latency_clINS_5arrayI8ap_fixedILi16ELi6EL9ap_q_mode5EL_26 | {1 }
	Port: p_ZZN4nnet25conv_2d_buffer_latency_clINS_5arrayI8ap_fixedILi16ELi6EL9ap_q_mode5EL_57 | {1 }
	Port: p_ZZN4nnet25conv_2d_buffer_latency_clINS_5arrayI8ap_fixedILi16ELi6EL9ap_q_mode5EL_25 | {1 }
	Port: p_ZZN4nnet25conv_2d_buffer_latency_clINS_5arrayI8ap_fixedILi16ELi6EL9ap_q_mode5EL_56 | {1 }
	Port: p_ZZN4nnet25conv_2d_buffer_latency_clINS_5arrayI8ap_fixedILi16ELi6EL9ap_q_mode5EL_24 | {1 }
	Port: p_ZZN4nnet25conv_2d_buffer_latency_clINS_5arrayI8ap_fixedILi16ELi6EL9ap_q_mode5EL_55 | {1 }
	Port: p_ZZN4nnet25conv_2d_buffer_latency_clINS_5arrayI8ap_fixedILi16ELi6EL9ap_q_mode5EL_23 | {1 }
	Port: p_ZZN4nnet25conv_2d_buffer_latency_clINS_5arrayI8ap_fixedILi16ELi6EL9ap_q_mode5EL_54 | {1 }
	Port: p_ZZN4nnet25conv_2d_buffer_latency_clINS_5arrayI8ap_fixedILi16ELi6EL9ap_q_mode5EL_22 | {1 }
	Port: p_ZZN4nnet25conv_2d_buffer_latency_clINS_5arrayI8ap_fixedILi16ELi6EL9ap_q_mode5EL_53 | {1 }
	Port: p_ZZN4nnet25conv_2d_buffer_latency_clINS_5arrayI8ap_fixedILi16ELi6EL9ap_q_mode5EL_21 | {1 }
	Port: p_ZZN4nnet25conv_2d_buffer_latency_clINS_5arrayI8ap_fixedILi16ELi6EL9ap_q_mode5EL_52 | {1 }
	Port: p_ZZN4nnet25conv_2d_buffer_latency_clINS_5arrayI8ap_fixedILi16ELi6EL9ap_q_mode5EL_20 | {1 }
	Port: p_ZZN4nnet25conv_2d_buffer_latency_clINS_5arrayI8ap_fixedILi16ELi6EL9ap_q_mode5EL_50 | {1 }
	Port: p_ZZN4nnet25conv_2d_buffer_latency_clINS_5arrayI8ap_fixedILi16ELi6EL9ap_q_mode5EL_18 | {1 }
	Port: p_ZZN4nnet25conv_2d_buffer_latency_clINS_5arrayI8ap_fixedILi16ELi6EL9ap_q_mode5EL_49 | {1 }
	Port: p_ZZN4nnet25conv_2d_buffer_latency_clINS_5arrayI8ap_fixedILi16ELi6EL9ap_q_mode5EL_17 | {1 }
	Port: p_ZZN4nnet25conv_2d_buffer_latency_clINS_5arrayI8ap_fixedILi16ELi6EL9ap_q_mode5EL_48 | {1 }
	Port: p_ZZN4nnet25conv_2d_buffer_latency_clINS_5arrayI8ap_fixedILi16ELi6EL9ap_q_mode5EL_16 | {1 }
	Port: p_ZZN4nnet25conv_2d_buffer_latency_clINS_5arrayI8ap_fixedILi16ELi6EL9ap_q_mode5EL_47 | {1 }
	Port: p_ZZN4nnet25conv_2d_buffer_latency_clINS_5arrayI8ap_fixedILi16ELi6EL9ap_q_mode5EL_15 | {1 }
	Port: p_ZZN4nnet25conv_2d_buffer_latency_clINS_5arrayI8ap_fixedILi16ELi6EL9ap_q_mode5EL_46 | {1 }
	Port: p_ZZN4nnet25conv_2d_buffer_latency_clINS_5arrayI8ap_fixedILi16ELi6EL9ap_q_mode5EL_14 | {1 }
	Port: p_ZZN4nnet25conv_2d_buffer_latency_clINS_5arrayI8ap_fixedILi16ELi6EL9ap_q_mode5EL_45 | {1 }
	Port: p_ZZN4nnet25conv_2d_buffer_latency_clINS_5arrayI8ap_fixedILi16ELi6EL9ap_q_mode5EL_13 | {1 }
	Port: p_ZZN4nnet25conv_2d_buffer_latency_clINS_5arrayI8ap_fixedILi16ELi6EL9ap_q_mode5EL_44 | {1 }
	Port: p_ZZN4nnet25conv_2d_buffer_latency_clINS_5arrayI8ap_fixedILi16ELi6EL9ap_q_mode5EL_12 | {1 }
	Port: p_ZZN4nnet25conv_2d_buffer_latency_clINS_5arrayI8ap_fixedILi16ELi6EL9ap_q_mode5EL_43 | {1 }
	Port: p_ZZN4nnet25conv_2d_buffer_latency_clINS_5arrayI8ap_fixedILi16ELi6EL9ap_q_mode5EL_11 | {1 }
	Port: p_ZZN4nnet25conv_2d_buffer_latency_clINS_5arrayI8ap_fixedILi16ELi6EL9ap_q_mode5EL_42 | {1 }
	Port: p_ZZN4nnet25conv_2d_buffer_latency_clINS_5arrayI8ap_fixedILi16ELi6EL9ap_q_mode5EL_10 | {1 }
	Port: p_ZZN4nnet25conv_2d_buffer_latency_clINS_5arrayI8ap_fixedILi16ELi6EL9ap_q_mode5EL_41 | {1 }
	Port: p_ZZN4nnet25conv_2d_buffer_latency_clINS_5arrayI8ap_fixedILi16ELi6EL9ap_q_mode5EL_9 | {1 }
	Port: p_ZZN4nnet25conv_2d_buffer_latency_clINS_5arrayI8ap_fixedILi16ELi6EL9ap_q_mode5EL_39 | {1 }
	Port: p_ZZN4nnet25conv_2d_buffer_latency_clINS_5arrayI8ap_fixedILi16ELi6EL9ap_q_mode5EL_7 | {1 }
	Port: p_ZZN4nnet25conv_2d_buffer_latency_clINS_5arrayI8ap_fixedILi16ELi6EL9ap_q_mode5EL_38 | {1 }
	Port: p_ZZN4nnet25conv_2d_buffer_latency_clINS_5arrayI8ap_fixedILi16ELi6EL9ap_q_mode5EL_6 | {1 }
 - Input state : 
	Port: shift_line_buffer<array<ap_fixed<16, 6, 5, 3, 0>, 32u>, config5> : p_read | {1 }
	Port: shift_line_buffer<array<ap_fixed<16, 6, 5, 3, 0>, 32u>, config5> : p_read1 | {1 }
	Port: shift_line_buffer<array<ap_fixed<16, 6, 5, 3, 0>, 32u>, config5> : p_read2 | {1 }
	Port: shift_line_buffer<array<ap_fixed<16, 6, 5, 3, 0>, 32u>, config5> : p_read3 | {1 }
	Port: shift_line_buffer<array<ap_fixed<16, 6, 5, 3, 0>, 32u>, config5> : p_read4 | {1 }
	Port: shift_line_buffer<array<ap_fixed<16, 6, 5, 3, 0>, 32u>, config5> : p_read5 | {1 }
	Port: shift_line_buffer<array<ap_fixed<16, 6, 5, 3, 0>, 32u>, config5> : p_read6 | {1 }
	Port: shift_line_buffer<array<ap_fixed<16, 6, 5, 3, 0>, 32u>, config5> : p_read7 | {1 }
	Port: shift_line_buffer<array<ap_fixed<16, 6, 5, 3, 0>, 32u>, config5> : p_read8 | {1 }
	Port: shift_line_buffer<array<ap_fixed<16, 6, 5, 3, 0>, 32u>, config5> : p_read9 | {1 }
	Port: shift_line_buffer<array<ap_fixed<16, 6, 5, 3, 0>, 32u>, config5> : p_read10 | {1 }
	Port: shift_line_buffer<array<ap_fixed<16, 6, 5, 3, 0>, 32u>, config5> : p_read11 | {1 }
	Port: shift_line_buffer<array<ap_fixed<16, 6, 5, 3, 0>, 32u>, config5> : p_read12 | {1 }
	Port: shift_line_buffer<array<ap_fixed<16, 6, 5, 3, 0>, 32u>, config5> : p_read13 | {1 }
	Port: shift_line_buffer<array<ap_fixed<16, 6, 5, 3, 0>, 32u>, config5> : p_read14 | {1 }
	Port: shift_line_buffer<array<ap_fixed<16, 6, 5, 3, 0>, 32u>, config5> : p_read15 | {1 }
	Port: shift_line_buffer<array<ap_fixed<16, 6, 5, 3, 0>, 32u>, config5> : p_read16 | {1 }
	Port: shift_line_buffer<array<ap_fixed<16, 6, 5, 3, 0>, 32u>, config5> : p_read17 | {1 }
	Port: shift_line_buffer<array<ap_fixed<16, 6, 5, 3, 0>, 32u>, config5> : p_read18 | {1 }
	Port: shift_line_buffer<array<ap_fixed<16, 6, 5, 3, 0>, 32u>, config5> : p_read19 | {1 }
	Port: shift_line_buffer<array<ap_fixed<16, 6, 5, 3, 0>, 32u>, config5> : p_read20 | {1 }
	Port: shift_line_buffer<array<ap_fixed<16, 6, 5, 3, 0>, 32u>, config5> : p_read21 | {1 }
	Port: shift_line_buffer<array<ap_fixed<16, 6, 5, 3, 0>, 32u>, config5> : p_read22 | {1 }
	Port: shift_line_buffer<array<ap_fixed<16, 6, 5, 3, 0>, 32u>, config5> : p_read23 | {1 }
	Port: shift_line_buffer<array<ap_fixed<16, 6, 5, 3, 0>, 32u>, config5> : p_read24 | {1 }
	Port: shift_line_buffer<array<ap_fixed<16, 6, 5, 3, 0>, 32u>, config5> : p_read25 | {1 }
	Port: shift_line_buffer<array<ap_fixed<16, 6, 5, 3, 0>, 32u>, config5> : p_read26 | {1 }
	Port: shift_line_buffer<array<ap_fixed<16, 6, 5, 3, 0>, 32u>, config5> : p_read27 | {1 }
	Port: shift_line_buffer<array<ap_fixed<16, 6, 5, 3, 0>, 32u>, config5> : p_read28 | {1 }
	Port: shift_line_buffer<array<ap_fixed<16, 6, 5, 3, 0>, 32u>, config5> : p_read29 | {1 }
	Port: shift_line_buffer<array<ap_fixed<16, 6, 5, 3, 0>, 32u>, config5> : p_read30 | {1 }
	Port: shift_line_buffer<array<ap_fixed<16, 6, 5, 3, 0>, 32u>, config5> : p_read31 | {1 }
	Port: shift_line_buffer<array<ap_fixed<16, 6, 5, 3, 0>, 32u>, config5> : p_ZZN4nnet24compute_output_buffer_2dINS_5arrayI8ap_fixedILi16ELi6EL9ap_q_mode5EL9_67 | {1 }
	Port: shift_line_buffer<array<ap_fixed<16, 6, 5, 3, 0>, 32u>, config5> : p_ZZN4nnet24compute_output_buffer_2dINS_5arrayI8ap_fixedILi16ELi6EL9ap_q_mode5EL9_66 | {1 }
	Port: shift_line_buffer<array<ap_fixed<16, 6, 5, 3, 0>, 32u>, config5> : p_ZZN4nnet24compute_output_buffer_2dINS_5arrayI8ap_fixedILi16ELi6EL9ap_q_mode5EL9_65 | {1 }
	Port: shift_line_buffer<array<ap_fixed<16, 6, 5, 3, 0>, 32u>, config5> : p_ZZN4nnet24compute_output_buffer_2dINS_5arrayI8ap_fixedILi16ELi6EL9ap_q_mode5EL9_64 | {1 }
	Port: shift_line_buffer<array<ap_fixed<16, 6, 5, 3, 0>, 32u>, config5> : p_ZZN4nnet24compute_output_buffer_2dINS_5arrayI8ap_fixedILi16ELi6EL9ap_q_mode5EL9_63 | {1 }
	Port: shift_line_buffer<array<ap_fixed<16, 6, 5, 3, 0>, 32u>, config5> : p_ZZN4nnet24compute_output_buffer_2dINS_5arrayI8ap_fixedILi16ELi6EL9ap_q_mode5EL9_62 | {1 }
	Port: shift_line_buffer<array<ap_fixed<16, 6, 5, 3, 0>, 32u>, config5> : p_ZZN4nnet24compute_output_buffer_2dINS_5arrayI8ap_fixedILi16ELi6EL9ap_q_mode5EL9_61 | {1 }
	Port: shift_line_buffer<array<ap_fixed<16, 6, 5, 3, 0>, 32u>, config5> : p_ZZN4nnet24compute_output_buffer_2dINS_5arrayI8ap_fixedILi16ELi6EL9ap_q_mode5EL9_60 | {1 }
	Port: shift_line_buffer<array<ap_fixed<16, 6, 5, 3, 0>, 32u>, config5> : p_ZZN4nnet24compute_output_buffer_2dINS_5arrayI8ap_fixedILi16ELi6EL9ap_q_mode5EL9_59 | {1 }
	Port: shift_line_buffer<array<ap_fixed<16, 6, 5, 3, 0>, 32u>, config5> : p_ZZN4nnet24compute_output_buffer_2dINS_5arrayI8ap_fixedILi16ELi6EL9ap_q_mode5EL9_58 | {1 }
	Port: shift_line_buffer<array<ap_fixed<16, 6, 5, 3, 0>, 32u>, config5> : p_ZZN4nnet24compute_output_buffer_2dINS_5arrayI8ap_fixedILi16ELi6EL9ap_q_mode5EL9_57 | {1 }
	Port: shift_line_buffer<array<ap_fixed<16, 6, 5, 3, 0>, 32u>, config5> : p_ZZN4nnet24compute_output_buffer_2dINS_5arrayI8ap_fixedILi16ELi6EL9ap_q_mode5EL9_56 | {1 }
	Port: shift_line_buffer<array<ap_fixed<16, 6, 5, 3, 0>, 32u>, config5> : p_ZZN4nnet24compute_output_buffer_2dINS_5arrayI8ap_fixedILi16ELi6EL9ap_q_mode5EL9_55 | {1 }
	Port: shift_line_buffer<array<ap_fixed<16, 6, 5, 3, 0>, 32u>, config5> : p_ZZN4nnet24compute_output_buffer_2dINS_5arrayI8ap_fixedILi16ELi6EL9ap_q_mode5EL9_54 | {1 }
	Port: shift_line_buffer<array<ap_fixed<16, 6, 5, 3, 0>, 32u>, config5> : p_ZZN4nnet24compute_output_buffer_2dINS_5arrayI8ap_fixedILi16ELi6EL9ap_q_mode5EL9_53 | {1 }
	Port: shift_line_buffer<array<ap_fixed<16, 6, 5, 3, 0>, 32u>, config5> : p_ZZN4nnet24compute_output_buffer_2dINS_5arrayI8ap_fixedILi16ELi6EL9ap_q_mode5EL9_52 | {1 }
	Port: shift_line_buffer<array<ap_fixed<16, 6, 5, 3, 0>, 32u>, config5> : p_ZZN4nnet24compute_output_buffer_2dINS_5arrayI8ap_fixedILi16ELi6EL9ap_q_mode5EL9_51 | {1 }
	Port: shift_line_buffer<array<ap_fixed<16, 6, 5, 3, 0>, 32u>, config5> : p_ZZN4nnet24compute_output_buffer_2dINS_5arrayI8ap_fixedILi16ELi6EL9ap_q_mode5EL9_50 | {1 }
	Port: shift_line_buffer<array<ap_fixed<16, 6, 5, 3, 0>, 32u>, config5> : p_ZZN4nnet24compute_output_buffer_2dINS_5arrayI8ap_fixedILi16ELi6EL9ap_q_mode5EL9_49 | {1 }
	Port: shift_line_buffer<array<ap_fixed<16, 6, 5, 3, 0>, 32u>, config5> : p_ZZN4nnet24compute_output_buffer_2dINS_5arrayI8ap_fixedILi16ELi6EL9ap_q_mode5EL9_48 | {1 }
	Port: shift_line_buffer<array<ap_fixed<16, 6, 5, 3, 0>, 32u>, config5> : p_ZZN4nnet24compute_output_buffer_2dINS_5arrayI8ap_fixedILi16ELi6EL9ap_q_mode5EL9_47 | {1 }
	Port: shift_line_buffer<array<ap_fixed<16, 6, 5, 3, 0>, 32u>, config5> : p_ZZN4nnet24compute_output_buffer_2dINS_5arrayI8ap_fixedILi16ELi6EL9ap_q_mode5EL9_46 | {1 }
	Port: shift_line_buffer<array<ap_fixed<16, 6, 5, 3, 0>, 32u>, config5> : p_ZZN4nnet24compute_output_buffer_2dINS_5arrayI8ap_fixedILi16ELi6EL9ap_q_mode5EL9_45 | {1 }
	Port: shift_line_buffer<array<ap_fixed<16, 6, 5, 3, 0>, 32u>, config5> : p_ZZN4nnet24compute_output_buffer_2dINS_5arrayI8ap_fixedILi16ELi6EL9ap_q_mode5EL9_44 | {1 }
	Port: shift_line_buffer<array<ap_fixed<16, 6, 5, 3, 0>, 32u>, config5> : p_ZZN4nnet24compute_output_buffer_2dINS_5arrayI8ap_fixedILi16ELi6EL9ap_q_mode5EL9_43 | {1 }
	Port: shift_line_buffer<array<ap_fixed<16, 6, 5, 3, 0>, 32u>, config5> : p_ZZN4nnet24compute_output_buffer_2dINS_5arrayI8ap_fixedILi16ELi6EL9ap_q_mode5EL9_42 | {1 }
	Port: shift_line_buffer<array<ap_fixed<16, 6, 5, 3, 0>, 32u>, config5> : p_ZZN4nnet24compute_output_buffer_2dINS_5arrayI8ap_fixedILi16ELi6EL9ap_q_mode5EL9_41 | {1 }
	Port: shift_line_buffer<array<ap_fixed<16, 6, 5, 3, 0>, 32u>, config5> : p_ZZN4nnet24compute_output_buffer_2dINS_5arrayI8ap_fixedILi16ELi6EL9ap_q_mode5EL9_40 | {1 }
	Port: shift_line_buffer<array<ap_fixed<16, 6, 5, 3, 0>, 32u>, config5> : p_ZZN4nnet24compute_output_buffer_2dINS_5arrayI8ap_fixedILi16ELi6EL9ap_q_mode5EL9_39 | {1 }
	Port: shift_line_buffer<array<ap_fixed<16, 6, 5, 3, 0>, 32u>, config5> : p_ZZN4nnet24compute_output_buffer_2dINS_5arrayI8ap_fixedILi16ELi6EL9ap_q_mode5EL9_38 | {1 }
	Port: shift_line_buffer<array<ap_fixed<16, 6, 5, 3, 0>, 32u>, config5> : p_ZZN4nnet24compute_output_buffer_2dINS_5arrayI8ap_fixedILi16ELi6EL9ap_q_mode5EL9_37 | {1 }
	Port: shift_line_buffer<array<ap_fixed<16, 6, 5, 3, 0>, 32u>, config5> : p_ZZN4nnet24compute_output_buffer_2dINS_5arrayI8ap_fixedILi16ELi6EL9ap_q_mode5EL9_36 | {1 }
	Port: shift_line_buffer<array<ap_fixed<16, 6, 5, 3, 0>, 32u>, config5> : p_ZZN4nnet24compute_output_buffer_2dINS_5arrayI8ap_fixedILi16ELi6EL9ap_q_mode5EL9_308 | {1 }
	Port: shift_line_buffer<array<ap_fixed<16, 6, 5, 3, 0>, 32u>, config5> : p_ZZN4nnet24compute_output_buffer_2dINS_5arrayI8ap_fixedILi16ELi6EL9ap_q_mode5EL9_309 | {1 }
	Port: shift_line_buffer<array<ap_fixed<16, 6, 5, 3, 0>, 32u>, config5> : p_ZZN4nnet24compute_output_buffer_2dINS_5arrayI8ap_fixedILi16ELi6EL9ap_q_mode5EL9_311 | {1 }
	Port: shift_line_buffer<array<ap_fixed<16, 6, 5, 3, 0>, 32u>, config5> : p_ZZN4nnet24compute_output_buffer_2dINS_5arrayI8ap_fixedILi16ELi6EL9ap_q_mode5EL9_312 | {1 }
	Port: shift_line_buffer<array<ap_fixed<16, 6, 5, 3, 0>, 32u>, config5> : p_ZZN4nnet24compute_output_buffer_2dINS_5arrayI8ap_fixedILi16ELi6EL9ap_q_mode5EL9_313 | {1 }
	Port: shift_line_buffer<array<ap_fixed<16, 6, 5, 3, 0>, 32u>, config5> : p_ZZN4nnet24compute_output_buffer_2dINS_5arrayI8ap_fixedILi16ELi6EL9ap_q_mode5EL9_314 | {1 }
	Port: shift_line_buffer<array<ap_fixed<16, 6, 5, 3, 0>, 32u>, config5> : p_ZZN4nnet24compute_output_buffer_2dINS_5arrayI8ap_fixedILi16ELi6EL9ap_q_mode5EL9_315 | {1 }
	Port: shift_line_buffer<array<ap_fixed<16, 6, 5, 3, 0>, 32u>, config5> : p_ZZN4nnet24compute_output_buffer_2dINS_5arrayI8ap_fixedILi16ELi6EL9ap_q_mode5EL9_316 | {1 }
	Port: shift_line_buffer<array<ap_fixed<16, 6, 5, 3, 0>, 32u>, config5> : p_ZZN4nnet24compute_output_buffer_2dINS_5arrayI8ap_fixedILi16ELi6EL9ap_q_mode5EL9_317 | {1 }
	Port: shift_line_buffer<array<ap_fixed<16, 6, 5, 3, 0>, 32u>, config5> : p_ZZN4nnet24compute_output_buffer_2dINS_5arrayI8ap_fixedILi16ELi6EL9ap_q_mode5EL9_318 | {1 }
	Port: shift_line_buffer<array<ap_fixed<16, 6, 5, 3, 0>, 32u>, config5> : p_ZZN4nnet24compute_output_buffer_2dINS_5arrayI8ap_fixedILi16ELi6EL9ap_q_mode5EL9_319 | {1 }
	Port: shift_line_buffer<array<ap_fixed<16, 6, 5, 3, 0>, 32u>, config5> : p_ZZN4nnet24compute_output_buffer_2dINS_5arrayI8ap_fixedILi16ELi6EL9ap_q_mode5EL9_320 | {1 }
	Port: shift_line_buffer<array<ap_fixed<16, 6, 5, 3, 0>, 32u>, config5> : p_ZZN4nnet24compute_output_buffer_2dINS_5arrayI8ap_fixedILi16ELi6EL9ap_q_mode5EL9_322 | {1 }
	Port: shift_line_buffer<array<ap_fixed<16, 6, 5, 3, 0>, 32u>, config5> : p_ZZN4nnet24compute_output_buffer_2dINS_5arrayI8ap_fixedILi16ELi6EL9ap_q_mode5EL9_323 | {1 }
	Port: shift_line_buffer<array<ap_fixed<16, 6, 5, 3, 0>, 32u>, config5> : p_ZZN4nnet24compute_output_buffer_2dINS_5arrayI8ap_fixedILi16ELi6EL9ap_q_mode5EL9_324 | {1 }
	Port: shift_line_buffer<array<ap_fixed<16, 6, 5, 3, 0>, 32u>, config5> : p_ZZN4nnet24compute_output_buffer_2dINS_5arrayI8ap_fixedILi16ELi6EL9ap_q_mode5EL9_325 | {1 }
	Port: shift_line_buffer<array<ap_fixed<16, 6, 5, 3, 0>, 32u>, config5> : p_ZZN4nnet24compute_output_buffer_2dINS_5arrayI8ap_fixedILi16ELi6EL9ap_q_mode5EL9_326 | {1 }
	Port: shift_line_buffer<array<ap_fixed<16, 6, 5, 3, 0>, 32u>, config5> : p_ZZN4nnet24compute_output_buffer_2dINS_5arrayI8ap_fixedILi16ELi6EL9ap_q_mode5EL9_327 | {1 }
	Port: shift_line_buffer<array<ap_fixed<16, 6, 5, 3, 0>, 32u>, config5> : p_ZZN4nnet24compute_output_buffer_2dINS_5arrayI8ap_fixedILi16ELi6EL9ap_q_mode5EL9_328 | {1 }
	Port: shift_line_buffer<array<ap_fixed<16, 6, 5, 3, 0>, 32u>, config5> : p_ZZN4nnet24compute_output_buffer_2dINS_5arrayI8ap_fixedILi16ELi6EL9ap_q_mode5EL9_329 | {1 }
	Port: shift_line_buffer<array<ap_fixed<16, 6, 5, 3, 0>, 32u>, config5> : p_ZZN4nnet24compute_output_buffer_2dINS_5arrayI8ap_fixedILi16ELi6EL9ap_q_mode5EL9_330 | {1 }
	Port: shift_line_buffer<array<ap_fixed<16, 6, 5, 3, 0>, 32u>, config5> : p_ZZN4nnet24compute_output_buffer_2dINS_5arrayI8ap_fixedILi16ELi6EL9ap_q_mode5EL9_331 | {1 }
	Port: shift_line_buffer<array<ap_fixed<16, 6, 5, 3, 0>, 32u>, config5> : p_ZZN4nnet24compute_output_buffer_2dINS_5arrayI8ap_fixedILi16ELi6EL9ap_q_mode5EL9_333 | {1 }
	Port: shift_line_buffer<array<ap_fixed<16, 6, 5, 3, 0>, 32u>, config5> : p_ZZN4nnet24compute_output_buffer_2dINS_5arrayI8ap_fixedILi16ELi6EL9ap_q_mode5EL9_334 | {1 }
	Port: shift_line_buffer<array<ap_fixed<16, 6, 5, 3, 0>, 32u>, config5> : p_ZZN4nnet24compute_output_buffer_2dINS_5arrayI8ap_fixedILi16ELi6EL9ap_q_mode5EL9_335 | {1 }
	Port: shift_line_buffer<array<ap_fixed<16, 6, 5, 3, 0>, 32u>, config5> : p_ZZN4nnet24compute_output_buffer_2dINS_5arrayI8ap_fixedILi16ELi6EL9ap_q_mode5EL9_336 | {1 }
	Port: shift_line_buffer<array<ap_fixed<16, 6, 5, 3, 0>, 32u>, config5> : p_ZZN4nnet24compute_output_buffer_2dINS_5arrayI8ap_fixedILi16ELi6EL9ap_q_mode5EL9_337 | {1 }
	Port: shift_line_buffer<array<ap_fixed<16, 6, 5, 3, 0>, 32u>, config5> : p_ZZN4nnet24compute_output_buffer_2dINS_5arrayI8ap_fixedILi16ELi6EL9ap_q_mode5EL9_338 | {1 }
	Port: shift_line_buffer<array<ap_fixed<16, 6, 5, 3, 0>, 32u>, config5> : p_ZZN4nnet24compute_output_buffer_2dINS_5arrayI8ap_fixedILi16ELi6EL9ap_q_mode5EL9_339 | {1 }
	Port: shift_line_buffer<array<ap_fixed<16, 6, 5, 3, 0>, 32u>, config5> : p_ZZN4nnet24compute_output_buffer_2dINS_5arrayI8ap_fixedILi16ELi6EL9ap_q_mode5EL9_340 | {1 }
	Port: shift_line_buffer<array<ap_fixed<16, 6, 5, 3, 0>, 32u>, config5> : p_ZZN4nnet24compute_output_buffer_2dINS_5arrayI8ap_fixedILi16ELi6EL9ap_q_mode5EL9_341 | {1 }
	Port: shift_line_buffer<array<ap_fixed<16, 6, 5, 3, 0>, 32u>, config5> : p_ZZN4nnet24compute_output_buffer_2dINS_5arrayI8ap_fixedILi16ELi6EL9ap_q_mode5EL9_342 | {1 }
	Port: shift_line_buffer<array<ap_fixed<16, 6, 5, 3, 0>, 32u>, config5> : p_ZZN4nnet24compute_output_buffer_2dINS_5arrayI8ap_fixedILi16ELi6EL9ap_q_mode5EL9_414 | {1 }
	Port: shift_line_buffer<array<ap_fixed<16, 6, 5, 3, 0>, 32u>, config5> : p_ZZN4nnet24compute_output_buffer_2dINS_5arrayI8ap_fixedILi16ELi6EL9ap_q_mode5EL9_415 | {1 }
	Port: shift_line_buffer<array<ap_fixed<16, 6, 5, 3, 0>, 32u>, config5> : p_ZZN4nnet24compute_output_buffer_2dINS_5arrayI8ap_fixedILi16ELi6EL9ap_q_mode5EL9_416 | {1 }
	Port: shift_line_buffer<array<ap_fixed<16, 6, 5, 3, 0>, 32u>, config5> : p_ZZN4nnet24compute_output_buffer_2dINS_5arrayI8ap_fixedILi16ELi6EL9ap_q_mode5EL9_417 | {1 }
	Port: shift_line_buffer<array<ap_fixed<16, 6, 5, 3, 0>, 32u>, config5> : p_ZZN4nnet24compute_output_buffer_2dINS_5arrayI8ap_fixedILi16ELi6EL9ap_q_mode5EL9_418 | {1 }
	Port: shift_line_buffer<array<ap_fixed<16, 6, 5, 3, 0>, 32u>, config5> : p_ZZN4nnet24compute_output_buffer_2dINS_5arrayI8ap_fixedILi16ELi6EL9ap_q_mode5EL9_419 | {1 }
	Port: shift_line_buffer<array<ap_fixed<16, 6, 5, 3, 0>, 32u>, config5> : p_ZZN4nnet24compute_output_buffer_2dINS_5arrayI8ap_fixedILi16ELi6EL9ap_q_mode5EL9_421 | {1 }
	Port: shift_line_buffer<array<ap_fixed<16, 6, 5, 3, 0>, 32u>, config5> : p_ZZN4nnet24compute_output_buffer_2dINS_5arrayI8ap_fixedILi16ELi6EL9ap_q_mode5EL9_422 | {1 }
	Port: shift_line_buffer<array<ap_fixed<16, 6, 5, 3, 0>, 32u>, config5> : p_ZZN4nnet24compute_output_buffer_2dINS_5arrayI8ap_fixedILi16ELi6EL9ap_q_mode5EL9_423 | {1 }
	Port: shift_line_buffer<array<ap_fixed<16, 6, 5, 3, 0>, 32u>, config5> : p_ZZN4nnet24compute_output_buffer_2dINS_5arrayI8ap_fixedILi16ELi6EL9ap_q_mode5EL9_424 | {1 }
	Port: shift_line_buffer<array<ap_fixed<16, 6, 5, 3, 0>, 32u>, config5> : p_ZZN4nnet24compute_output_buffer_2dINS_5arrayI8ap_fixedILi16ELi6EL9ap_q_mode5EL9_425 | {1 }
	Port: shift_line_buffer<array<ap_fixed<16, 6, 5, 3, 0>, 32u>, config5> : p_ZZN4nnet24compute_output_buffer_2dINS_5arrayI8ap_fixedILi16ELi6EL9ap_q_mode5EL9_426 | {1 }
	Port: shift_line_buffer<array<ap_fixed<16, 6, 5, 3, 0>, 32u>, config5> : p_ZZN4nnet24compute_output_buffer_2dINS_5arrayI8ap_fixedILi16ELi6EL9ap_q_mode5EL9_427 | {1 }
	Port: shift_line_buffer<array<ap_fixed<16, 6, 5, 3, 0>, 32u>, config5> : p_ZZN4nnet24compute_output_buffer_2dINS_5arrayI8ap_fixedILi16ELi6EL9ap_q_mode5EL9_428 | {1 }
	Port: shift_line_buffer<array<ap_fixed<16, 6, 5, 3, 0>, 32u>, config5> : p_ZZN4nnet24compute_output_buffer_2dINS_5arrayI8ap_fixedILi16ELi6EL9ap_q_mode5EL9_429 | {1 }
	Port: shift_line_buffer<array<ap_fixed<16, 6, 5, 3, 0>, 32u>, config5> : p_ZZN4nnet24compute_output_buffer_2dINS_5arrayI8ap_fixedILi16ELi6EL9ap_q_mode5EL9_430 | {1 }
	Port: shift_line_buffer<array<ap_fixed<16, 6, 5, 3, 0>, 32u>, config5> : p_ZZN4nnet24compute_output_buffer_2dINS_5arrayI8ap_fixedILi16ELi6EL9ap_q_mode5EL9_432 | {1 }
	Port: shift_line_buffer<array<ap_fixed<16, 6, 5, 3, 0>, 32u>, config5> : p_ZZN4nnet24compute_output_buffer_2dINS_5arrayI8ap_fixedILi16ELi6EL9ap_q_mode5EL9_433 | {1 }
	Port: shift_line_buffer<array<ap_fixed<16, 6, 5, 3, 0>, 32u>, config5> : p_ZZN4nnet24compute_output_buffer_2dINS_5arrayI8ap_fixedILi16ELi6EL9ap_q_mode5EL9_434 | {1 }
	Port: shift_line_buffer<array<ap_fixed<16, 6, 5, 3, 0>, 32u>, config5> : p_ZZN4nnet24compute_output_buffer_2dINS_5arrayI8ap_fixedILi16ELi6EL9ap_q_mode5EL9_435 | {1 }
	Port: shift_line_buffer<array<ap_fixed<16, 6, 5, 3, 0>, 32u>, config5> : p_ZZN4nnet24compute_output_buffer_2dINS_5arrayI8ap_fixedILi16ELi6EL9ap_q_mode5EL9_436 | {1 }
	Port: shift_line_buffer<array<ap_fixed<16, 6, 5, 3, 0>, 32u>, config5> : p_ZZN4nnet24compute_output_buffer_2dINS_5arrayI8ap_fixedILi16ELi6EL9ap_q_mode5EL9_437 | {1 }
	Port: shift_line_buffer<array<ap_fixed<16, 6, 5, 3, 0>, 32u>, config5> : p_ZZN4nnet24compute_output_buffer_2dINS_5arrayI8ap_fixedILi16ELi6EL9ap_q_mode5EL9_438 | {1 }
	Port: shift_line_buffer<array<ap_fixed<16, 6, 5, 3, 0>, 32u>, config5> : p_ZZN4nnet24compute_output_buffer_2dINS_5arrayI8ap_fixedILi16ELi6EL9ap_q_mode5EL9_439 | {1 }
	Port: shift_line_buffer<array<ap_fixed<16, 6, 5, 3, 0>, 32u>, config5> : p_ZZN4nnet24compute_output_buffer_2dINS_5arrayI8ap_fixedILi16ELi6EL9ap_q_mode5EL9_440 | {1 }
	Port: shift_line_buffer<array<ap_fixed<16, 6, 5, 3, 0>, 32u>, config5> : p_ZZN4nnet24compute_output_buffer_2dINS_5arrayI8ap_fixedILi16ELi6EL9ap_q_mode5EL9_441 | {1 }
	Port: shift_line_buffer<array<ap_fixed<16, 6, 5, 3, 0>, 32u>, config5> : p_ZZN4nnet24compute_output_buffer_2dINS_5arrayI8ap_fixedILi16ELi6EL9ap_q_mode5EL9_443 | {1 }
	Port: shift_line_buffer<array<ap_fixed<16, 6, 5, 3, 0>, 32u>, config5> : p_ZZN4nnet24compute_output_buffer_2dINS_5arrayI8ap_fixedILi16ELi6EL9ap_q_mode5EL9_444 | {1 }
	Port: shift_line_buffer<array<ap_fixed<16, 6, 5, 3, 0>, 32u>, config5> : p_ZZN4nnet24compute_output_buffer_2dINS_5arrayI8ap_fixedILi16ELi6EL9ap_q_mode5EL9_445 | {1 }
	Port: shift_line_buffer<array<ap_fixed<16, 6, 5, 3, 0>, 32u>, config5> : p_ZZN4nnet24compute_output_buffer_2dINS_5arrayI8ap_fixedILi16ELi6EL9ap_q_mode5EL9_446 | {1 }
	Port: shift_line_buffer<array<ap_fixed<16, 6, 5, 3, 0>, 32u>, config5> : p_ZZN4nnet24compute_output_buffer_2dINS_5arrayI8ap_fixedILi16ELi6EL9ap_q_mode5EL9_447 | {1 }
	Port: shift_line_buffer<array<ap_fixed<16, 6, 5, 3, 0>, 32u>, config5> : p_ZZN4nnet24compute_output_buffer_2dINS_5arrayI8ap_fixedILi16ELi6EL9ap_q_mode5EL9_448 | {1 }
	Port: shift_line_buffer<array<ap_fixed<16, 6, 5, 3, 0>, 32u>, config5> : p_ZZN4nnet24compute_output_buffer_2dINS_5arrayI8ap_fixedILi16ELi6EL9ap_q_mode5EL9_35 | {1 }
	Port: shift_line_buffer<array<ap_fixed<16, 6, 5, 3, 0>, 32u>, config5> : p_ZZN4nnet24compute_output_buffer_2dINS_5arrayI8ap_fixedILi16ELi6EL9ap_q_mode5EL9_34 | {1 }
	Port: shift_line_buffer<array<ap_fixed<16, 6, 5, 3, 0>, 32u>, config5> : p_ZZN4nnet24compute_output_buffer_2dINS_5arrayI8ap_fixedILi16ELi6EL9ap_q_mode5EL9_33 | {1 }
	Port: shift_line_buffer<array<ap_fixed<16, 6, 5, 3, 0>, 32u>, config5> : p_ZZN4nnet24compute_output_buffer_2dINS_5arrayI8ap_fixedILi16ELi6EL9ap_q_mode5EL9_32 | {1 }
	Port: shift_line_buffer<array<ap_fixed<16, 6, 5, 3, 0>, 32u>, config5> : p_ZZN4nnet24compute_output_buffer_2dINS_5arrayI8ap_fixedILi16ELi6EL9ap_q_mode5EL9_31 | {1 }
	Port: shift_line_buffer<array<ap_fixed<16, 6, 5, 3, 0>, 32u>, config5> : p_ZZN4nnet24compute_output_buffer_2dINS_5arrayI8ap_fixedILi16ELi6EL9ap_q_mode5EL9_30 | {1 }
	Port: shift_line_buffer<array<ap_fixed<16, 6, 5, 3, 0>, 32u>, config5> : p_ZZN4nnet24compute_output_buffer_2dINS_5arrayI8ap_fixedILi16ELi6EL9ap_q_mode5EL9_29 | {1 }
	Port: shift_line_buffer<array<ap_fixed<16, 6, 5, 3, 0>, 32u>, config5> : p_ZZN4nnet24compute_output_buffer_2dINS_5arrayI8ap_fixedILi16ELi6EL9ap_q_mode5EL9_28 | {1 }
	Port: shift_line_buffer<array<ap_fixed<16, 6, 5, 3, 0>, 32u>, config5> : p_ZZN4nnet24compute_output_buffer_2dINS_5arrayI8ap_fixedILi16ELi6EL9ap_q_mode5EL9_27 | {1 }
	Port: shift_line_buffer<array<ap_fixed<16, 6, 5, 3, 0>, 32u>, config5> : p_ZZN4nnet24compute_output_buffer_2dINS_5arrayI8ap_fixedILi16ELi6EL9ap_q_mode5EL9_26 | {1 }
	Port: shift_line_buffer<array<ap_fixed<16, 6, 5, 3, 0>, 32u>, config5> : p_ZZN4nnet24compute_output_buffer_2dINS_5arrayI8ap_fixedILi16ELi6EL9ap_q_mode5EL9_25 | {1 }
	Port: shift_line_buffer<array<ap_fixed<16, 6, 5, 3, 0>, 32u>, config5> : p_ZZN4nnet24compute_output_buffer_2dINS_5arrayI8ap_fixedILi16ELi6EL9ap_q_mode5EL9_24 | {1 }
	Port: shift_line_buffer<array<ap_fixed<16, 6, 5, 3, 0>, 32u>, config5> : p_ZZN4nnet24compute_output_buffer_2dINS_5arrayI8ap_fixedILi16ELi6EL9ap_q_mode5EL9_23 | {1 }
	Port: shift_line_buffer<array<ap_fixed<16, 6, 5, 3, 0>, 32u>, config5> : p_ZZN4nnet24compute_output_buffer_2dINS_5arrayI8ap_fixedILi16ELi6EL9ap_q_mode5EL9_22 | {1 }
	Port: shift_line_buffer<array<ap_fixed<16, 6, 5, 3, 0>, 32u>, config5> : p_ZZN4nnet24compute_output_buffer_2dINS_5arrayI8ap_fixedILi16ELi6EL9ap_q_mode5EL9_21 | {1 }
	Port: shift_line_buffer<array<ap_fixed<16, 6, 5, 3, 0>, 32u>, config5> : p_ZZN4nnet24compute_output_buffer_2dINS_5arrayI8ap_fixedILi16ELi6EL9ap_q_mode5EL9_20 | {1 }
	Port: shift_line_buffer<array<ap_fixed<16, 6, 5, 3, 0>, 32u>, config5> : p_ZZN4nnet24compute_output_buffer_2dINS_5arrayI8ap_fixedILi16ELi6EL9ap_q_mode5EL9_19 | {1 }
	Port: shift_line_buffer<array<ap_fixed<16, 6, 5, 3, 0>, 32u>, config5> : p_ZZN4nnet24compute_output_buffer_2dINS_5arrayI8ap_fixedILi16ELi6EL9ap_q_mode5EL9_18 | {1 }
	Port: shift_line_buffer<array<ap_fixed<16, 6, 5, 3, 0>, 32u>, config5> : p_ZZN4nnet24compute_output_buffer_2dINS_5arrayI8ap_fixedILi16ELi6EL9ap_q_mode5EL9_17 | {1 }
	Port: shift_line_buffer<array<ap_fixed<16, 6, 5, 3, 0>, 32u>, config5> : p_ZZN4nnet24compute_output_buffer_2dINS_5arrayI8ap_fixedILi16ELi6EL9ap_q_mode5EL9_16 | {1 }
	Port: shift_line_buffer<array<ap_fixed<16, 6, 5, 3, 0>, 32u>, config5> : p_ZZN4nnet24compute_output_buffer_2dINS_5arrayI8ap_fixedILi16ELi6EL9ap_q_mode5EL9_15 | {1 }
	Port: shift_line_buffer<array<ap_fixed<16, 6, 5, 3, 0>, 32u>, config5> : p_ZZN4nnet24compute_output_buffer_2dINS_5arrayI8ap_fixedILi16ELi6EL9ap_q_mode5EL9_14 | {1 }
	Port: shift_line_buffer<array<ap_fixed<16, 6, 5, 3, 0>, 32u>, config5> : p_ZZN4nnet24compute_output_buffer_2dINS_5arrayI8ap_fixedILi16ELi6EL9ap_q_mode5EL9_13 | {1 }
	Port: shift_line_buffer<array<ap_fixed<16, 6, 5, 3, 0>, 32u>, config5> : p_ZZN4nnet24compute_output_buffer_2dINS_5arrayI8ap_fixedILi16ELi6EL9ap_q_mode5EL9_12 | {1 }
	Port: shift_line_buffer<array<ap_fixed<16, 6, 5, 3, 0>, 32u>, config5> : p_ZZN4nnet24compute_output_buffer_2dINS_5arrayI8ap_fixedILi16ELi6EL9ap_q_mode5EL9_11 | {1 }
	Port: shift_line_buffer<array<ap_fixed<16, 6, 5, 3, 0>, 32u>, config5> : p_ZZN4nnet24compute_output_buffer_2dINS_5arrayI8ap_fixedILi16ELi6EL9ap_q_mode5EL9_10 | {1 }
	Port: shift_line_buffer<array<ap_fixed<16, 6, 5, 3, 0>, 32u>, config5> : p_ZZN4nnet24compute_output_buffer_2dINS_5arrayI8ap_fixedILi16ELi6EL9ap_q_mode5EL9_9 | {1 }
	Port: shift_line_buffer<array<ap_fixed<16, 6, 5, 3, 0>, 32u>, config5> : p_ZZN4nnet24compute_output_buffer_2dINS_5arrayI8ap_fixedILi16ELi6EL9ap_q_mode5EL9_8 | {1 }
	Port: shift_line_buffer<array<ap_fixed<16, 6, 5, 3, 0>, 32u>, config5> : p_ZZN4nnet24compute_output_buffer_2dINS_5arrayI8ap_fixedILi16ELi6EL9ap_q_mode5EL9_7 | {1 }
	Port: shift_line_buffer<array<ap_fixed<16, 6, 5, 3, 0>, 32u>, config5> : p_ZZN4nnet24compute_output_buffer_2dINS_5arrayI8ap_fixedILi16ELi6EL9ap_q_mode5EL9_6 | {1 }
	Port: shift_line_buffer<array<ap_fixed<16, 6, 5, 3, 0>, 32u>, config5> : p_ZZN4nnet24compute_output_buffer_2dINS_5arrayI8ap_fixedILi16ELi6EL9ap_q_mode5EL9_5 | {1 }
	Port: shift_line_buffer<array<ap_fixed<16, 6, 5, 3, 0>, 32u>, config5> : p_ZZN4nnet24compute_output_buffer_2dINS_5arrayI8ap_fixedILi16ELi6EL9ap_q_mode5EL9_4 | {1 }
	Port: shift_line_buffer<array<ap_fixed<16, 6, 5, 3, 0>, 32u>, config5> : p_ZZN4nnet24compute_output_buffer_2dINS_5arrayI8ap_fixedILi16ELi6EL9ap_q_mode5EL9_344 | {1 }
	Port: shift_line_buffer<array<ap_fixed<16, 6, 5, 3, 0>, 32u>, config5> : p_ZZN4nnet24compute_output_buffer_2dINS_5arrayI8ap_fixedILi16ELi6EL9ap_q_mode5EL9_345 | {1 }
	Port: shift_line_buffer<array<ap_fixed<16, 6, 5, 3, 0>, 32u>, config5> : p_ZZN4nnet24compute_output_buffer_2dINS_5arrayI8ap_fixedILi16ELi6EL9ap_q_mode5EL9_346 | {1 }
	Port: shift_line_buffer<array<ap_fixed<16, 6, 5, 3, 0>, 32u>, config5> : p_ZZN4nnet24compute_output_buffer_2dINS_5arrayI8ap_fixedILi16ELi6EL9ap_q_mode5EL9_347 | {1 }
	Port: shift_line_buffer<array<ap_fixed<16, 6, 5, 3, 0>, 32u>, config5> : p_ZZN4nnet24compute_output_buffer_2dINS_5arrayI8ap_fixedILi16ELi6EL9ap_q_mode5EL9_348 | {1 }
	Port: shift_line_buffer<array<ap_fixed<16, 6, 5, 3, 0>, 32u>, config5> : p_ZZN4nnet24compute_output_buffer_2dINS_5arrayI8ap_fixedILi16ELi6EL9ap_q_mode5EL9_349 | {1 }
	Port: shift_line_buffer<array<ap_fixed<16, 6, 5, 3, 0>, 32u>, config5> : p_ZZN4nnet24compute_output_buffer_2dINS_5arrayI8ap_fixedILi16ELi6EL9ap_q_mode5EL9_350 | {1 }
	Port: shift_line_buffer<array<ap_fixed<16, 6, 5, 3, 0>, 32u>, config5> : p_ZZN4nnet24compute_output_buffer_2dINS_5arrayI8ap_fixedILi16ELi6EL9ap_q_mode5EL9_351 | {1 }
	Port: shift_line_buffer<array<ap_fixed<16, 6, 5, 3, 0>, 32u>, config5> : p_ZZN4nnet24compute_output_buffer_2dINS_5arrayI8ap_fixedILi16ELi6EL9ap_q_mode5EL9_352 | {1 }
	Port: shift_line_buffer<array<ap_fixed<16, 6, 5, 3, 0>, 32u>, config5> : p_ZZN4nnet24compute_output_buffer_2dINS_5arrayI8ap_fixedILi16ELi6EL9ap_q_mode5EL9_353 | {1 }
	Port: shift_line_buffer<array<ap_fixed<16, 6, 5, 3, 0>, 32u>, config5> : p_ZZN4nnet24compute_output_buffer_2dINS_5arrayI8ap_fixedILi16ELi6EL9ap_q_mode5EL9_355 | {1 }
	Port: shift_line_buffer<array<ap_fixed<16, 6, 5, 3, 0>, 32u>, config5> : p_ZZN4nnet24compute_output_buffer_2dINS_5arrayI8ap_fixedILi16ELi6EL9ap_q_mode5EL9_356 | {1 }
	Port: shift_line_buffer<array<ap_fixed<16, 6, 5, 3, 0>, 32u>, config5> : p_ZZN4nnet24compute_output_buffer_2dINS_5arrayI8ap_fixedILi16ELi6EL9ap_q_mode5EL9_357 | {1 }
	Port: shift_line_buffer<array<ap_fixed<16, 6, 5, 3, 0>, 32u>, config5> : p_ZZN4nnet24compute_output_buffer_2dINS_5arrayI8ap_fixedILi16ELi6EL9ap_q_mode5EL9_358 | {1 }
	Port: shift_line_buffer<array<ap_fixed<16, 6, 5, 3, 0>, 32u>, config5> : p_ZZN4nnet24compute_output_buffer_2dINS_5arrayI8ap_fixedILi16ELi6EL9ap_q_mode5EL9_359 | {1 }
	Port: shift_line_buffer<array<ap_fixed<16, 6, 5, 3, 0>, 32u>, config5> : p_ZZN4nnet24compute_output_buffer_2dINS_5arrayI8ap_fixedILi16ELi6EL9ap_q_mode5EL9_360 | {1 }
	Port: shift_line_buffer<array<ap_fixed<16, 6, 5, 3, 0>, 32u>, config5> : p_ZZN4nnet24compute_output_buffer_2dINS_5arrayI8ap_fixedILi16ELi6EL9ap_q_mode5EL9_361 | {1 }
	Port: shift_line_buffer<array<ap_fixed<16, 6, 5, 3, 0>, 32u>, config5> : p_ZZN4nnet24compute_output_buffer_2dINS_5arrayI8ap_fixedILi16ELi6EL9ap_q_mode5EL9_362 | {1 }
	Port: shift_line_buffer<array<ap_fixed<16, 6, 5, 3, 0>, 32u>, config5> : p_ZZN4nnet24compute_output_buffer_2dINS_5arrayI8ap_fixedILi16ELi6EL9ap_q_mode5EL9_363 | {1 }
	Port: shift_line_buffer<array<ap_fixed<16, 6, 5, 3, 0>, 32u>, config5> : p_ZZN4nnet24compute_output_buffer_2dINS_5arrayI8ap_fixedILi16ELi6EL9ap_q_mode5EL9_364 | {1 }
	Port: shift_line_buffer<array<ap_fixed<16, 6, 5, 3, 0>, 32u>, config5> : p_ZZN4nnet24compute_output_buffer_2dINS_5arrayI8ap_fixedILi16ELi6EL9ap_q_mode5EL9_366 | {1 }
	Port: shift_line_buffer<array<ap_fixed<16, 6, 5, 3, 0>, 32u>, config5> : p_ZZN4nnet24compute_output_buffer_2dINS_5arrayI8ap_fixedILi16ELi6EL9ap_q_mode5EL9_367 | {1 }
	Port: shift_line_buffer<array<ap_fixed<16, 6, 5, 3, 0>, 32u>, config5> : p_ZZN4nnet24compute_output_buffer_2dINS_5arrayI8ap_fixedILi16ELi6EL9ap_q_mode5EL9_368 | {1 }
	Port: shift_line_buffer<array<ap_fixed<16, 6, 5, 3, 0>, 32u>, config5> : p_ZZN4nnet24compute_output_buffer_2dINS_5arrayI8ap_fixedILi16ELi6EL9ap_q_mode5EL9_369 | {1 }
	Port: shift_line_buffer<array<ap_fixed<16, 6, 5, 3, 0>, 32u>, config5> : p_ZZN4nnet24compute_output_buffer_2dINS_5arrayI8ap_fixedILi16ELi6EL9ap_q_mode5EL9_370 | {1 }
	Port: shift_line_buffer<array<ap_fixed<16, 6, 5, 3, 0>, 32u>, config5> : p_ZZN4nnet24compute_output_buffer_2dINS_5arrayI8ap_fixedILi16ELi6EL9ap_q_mode5EL9_371 | {1 }
	Port: shift_line_buffer<array<ap_fixed<16, 6, 5, 3, 0>, 32u>, config5> : p_ZZN4nnet24compute_output_buffer_2dINS_5arrayI8ap_fixedILi16ELi6EL9ap_q_mode5EL9_372 | {1 }
	Port: shift_line_buffer<array<ap_fixed<16, 6, 5, 3, 0>, 32u>, config5> : p_ZZN4nnet24compute_output_buffer_2dINS_5arrayI8ap_fixedILi16ELi6EL9ap_q_mode5EL9_373 | {1 }
	Port: shift_line_buffer<array<ap_fixed<16, 6, 5, 3, 0>, 32u>, config5> : p_ZZN4nnet24compute_output_buffer_2dINS_5arrayI8ap_fixedILi16ELi6EL9ap_q_mode5EL9_374 | {1 }
	Port: shift_line_buffer<array<ap_fixed<16, 6, 5, 3, 0>, 32u>, config5> : p_ZZN4nnet24compute_output_buffer_2dINS_5arrayI8ap_fixedILi16ELi6EL9ap_q_mode5EL9_375 | {1 }
	Port: shift_line_buffer<array<ap_fixed<16, 6, 5, 3, 0>, 32u>, config5> : p_ZZN4nnet24compute_output_buffer_2dINS_5arrayI8ap_fixedILi16ELi6EL9ap_q_mode5EL9_377 | {1 }
	Port: shift_line_buffer<array<ap_fixed<16, 6, 5, 3, 0>, 32u>, config5> : p_ZZN4nnet24compute_output_buffer_2dINS_5arrayI8ap_fixedILi16ELi6EL9ap_q_mode5EL9_378 | {1 }
	Port: shift_line_buffer<array<ap_fixed<16, 6, 5, 3, 0>, 32u>, config5> : p_ZZN4nnet24compute_output_buffer_2dINS_5arrayI8ap_fixedILi16ELi6EL9ap_q_mode5EL9_449 | {1 }
	Port: shift_line_buffer<array<ap_fixed<16, 6, 5, 3, 0>, 32u>, config5> : p_ZZN4nnet24compute_output_buffer_2dINS_5arrayI8ap_fixedILi16ELi6EL9ap_q_mode5EL9_450 | {1 }
	Port: shift_line_buffer<array<ap_fixed<16, 6, 5, 3, 0>, 32u>, config5> : p_ZZN4nnet24compute_output_buffer_2dINS_5arrayI8ap_fixedILi16ELi6EL9ap_q_mode5EL9_451 | {1 }
	Port: shift_line_buffer<array<ap_fixed<16, 6, 5, 3, 0>, 32u>, config5> : p_ZZN4nnet24compute_output_buffer_2dINS_5arrayI8ap_fixedILi16ELi6EL9ap_q_mode5EL9_452 | {1 }
	Port: shift_line_buffer<array<ap_fixed<16, 6, 5, 3, 0>, 32u>, config5> : p_ZZN4nnet24compute_output_buffer_2dINS_5arrayI8ap_fixedILi16ELi6EL9ap_q_mode5EL9_454 | {1 }
	Port: shift_line_buffer<array<ap_fixed<16, 6, 5, 3, 0>, 32u>, config5> : p_ZZN4nnet24compute_output_buffer_2dINS_5arrayI8ap_fixedILi16ELi6EL9ap_q_mode5EL9_99 | {1 }
	Port: shift_line_buffer<array<ap_fixed<16, 6, 5, 3, 0>, 32u>, config5> : p_ZZN4nnet24compute_output_buffer_2dINS_5arrayI8ap_fixedILi16ELi6EL9ap_q_mode5EL9_98 | {1 }
	Port: shift_line_buffer<array<ap_fixed<16, 6, 5, 3, 0>, 32u>, config5> : p_ZZN4nnet24compute_output_buffer_2dINS_5arrayI8ap_fixedILi16ELi6EL9ap_q_mode5EL9_97 | {1 }
	Port: shift_line_buffer<array<ap_fixed<16, 6, 5, 3, 0>, 32u>, config5> : p_ZZN4nnet24compute_output_buffer_2dINS_5arrayI8ap_fixedILi16ELi6EL9ap_q_mode5EL9_96 | {1 }
	Port: shift_line_buffer<array<ap_fixed<16, 6, 5, 3, 0>, 32u>, config5> : p_ZZN4nnet24compute_output_buffer_2dINS_5arrayI8ap_fixedILi16ELi6EL9ap_q_mode5EL9_95 | {1 }
	Port: shift_line_buffer<array<ap_fixed<16, 6, 5, 3, 0>, 32u>, config5> : p_ZZN4nnet24compute_output_buffer_2dINS_5arrayI8ap_fixedILi16ELi6EL9ap_q_mode5EL9_94 | {1 }
	Port: shift_line_buffer<array<ap_fixed<16, 6, 5, 3, 0>, 32u>, config5> : p_ZZN4nnet24compute_output_buffer_2dINS_5arrayI8ap_fixedILi16ELi6EL9ap_q_mode5EL9_93 | {1 }
	Port: shift_line_buffer<array<ap_fixed<16, 6, 5, 3, 0>, 32u>, config5> : p_ZZN4nnet24compute_output_buffer_2dINS_5arrayI8ap_fixedILi16ELi6EL9ap_q_mode5EL9_92 | {1 }
	Port: shift_line_buffer<array<ap_fixed<16, 6, 5, 3, 0>, 32u>, config5> : p_ZZN4nnet24compute_output_buffer_2dINS_5arrayI8ap_fixedILi16ELi6EL9ap_q_mode5EL9_91 | {1 }
	Port: shift_line_buffer<array<ap_fixed<16, 6, 5, 3, 0>, 32u>, config5> : p_ZZN4nnet24compute_output_buffer_2dINS_5arrayI8ap_fixedILi16ELi6EL9ap_q_mode5EL9_89 | {1 }
	Port: shift_line_buffer<array<ap_fixed<16, 6, 5, 3, 0>, 32u>, config5> : p_ZZN4nnet24compute_output_buffer_2dINS_5arrayI8ap_fixedILi16ELi6EL9ap_q_mode5EL9_88 | {1 }
	Port: shift_line_buffer<array<ap_fixed<16, 6, 5, 3, 0>, 32u>, config5> : p_ZZN4nnet24compute_output_buffer_2dINS_5arrayI8ap_fixedILi16ELi6EL9ap_q_mode5EL9_87 | {1 }
	Port: shift_line_buffer<array<ap_fixed<16, 6, 5, 3, 0>, 32u>, config5> : p_ZZN4nnet24compute_output_buffer_2dINS_5arrayI8ap_fixedILi16ELi6EL9ap_q_mode5EL9_86 | {1 }
	Port: shift_line_buffer<array<ap_fixed<16, 6, 5, 3, 0>, 32u>, config5> : p_ZZN4nnet24compute_output_buffer_2dINS_5arrayI8ap_fixedILi16ELi6EL9ap_q_mode5EL9_85 | {1 }
	Port: shift_line_buffer<array<ap_fixed<16, 6, 5, 3, 0>, 32u>, config5> : p_ZZN4nnet24compute_output_buffer_2dINS_5arrayI8ap_fixedILi16ELi6EL9ap_q_mode5EL9_84 | {1 }
	Port: shift_line_buffer<array<ap_fixed<16, 6, 5, 3, 0>, 32u>, config5> : p_ZZN4nnet24compute_output_buffer_2dINS_5arrayI8ap_fixedILi16ELi6EL9ap_q_mode5EL9_83 | {1 }
	Port: shift_line_buffer<array<ap_fixed<16, 6, 5, 3, 0>, 32u>, config5> : p_ZZN4nnet24compute_output_buffer_2dINS_5arrayI8ap_fixedILi16ELi6EL9ap_q_mode5EL9_82 | {1 }
	Port: shift_line_buffer<array<ap_fixed<16, 6, 5, 3, 0>, 32u>, config5> : p_ZZN4nnet24compute_output_buffer_2dINS_5arrayI8ap_fixedILi16ELi6EL9ap_q_mode5EL9_81 | {1 }
	Port: shift_line_buffer<array<ap_fixed<16, 6, 5, 3, 0>, 32u>, config5> : p_ZZN4nnet24compute_output_buffer_2dINS_5arrayI8ap_fixedILi16ELi6EL9ap_q_mode5EL9_80 | {1 }
	Port: shift_line_buffer<array<ap_fixed<16, 6, 5, 3, 0>, 32u>, config5> : p_ZZN4nnet24compute_output_buffer_2dINS_5arrayI8ap_fixedILi16ELi6EL9ap_q_mode5EL9_78 | {1 }
	Port: shift_line_buffer<array<ap_fixed<16, 6, 5, 3, 0>, 32u>, config5> : p_ZZN4nnet24compute_output_buffer_2dINS_5arrayI8ap_fixedILi16ELi6EL9ap_q_mode5EL9_77 | {1 }
	Port: shift_line_buffer<array<ap_fixed<16, 6, 5, 3, 0>, 32u>, config5> : p_ZZN4nnet24compute_output_buffer_2dINS_5arrayI8ap_fixedILi16ELi6EL9ap_q_mode5EL9_76 | {1 }
	Port: shift_line_buffer<array<ap_fixed<16, 6, 5, 3, 0>, 32u>, config5> : p_ZZN4nnet24compute_output_buffer_2dINS_5arrayI8ap_fixedILi16ELi6EL9ap_q_mode5EL9_75 | {1 }
	Port: shift_line_buffer<array<ap_fixed<16, 6, 5, 3, 0>, 32u>, config5> : p_ZZN4nnet24compute_output_buffer_2dINS_5arrayI8ap_fixedILi16ELi6EL9ap_q_mode5EL9_74 | {1 }
	Port: shift_line_buffer<array<ap_fixed<16, 6, 5, 3, 0>, 32u>, config5> : p_ZZN4nnet24compute_output_buffer_2dINS_5arrayI8ap_fixedILi16ELi6EL9ap_q_mode5EL9_73 | {1 }
	Port: shift_line_buffer<array<ap_fixed<16, 6, 5, 3, 0>, 32u>, config5> : p_ZZN4nnet24compute_output_buffer_2dINS_5arrayI8ap_fixedILi16ELi6EL9ap_q_mode5EL9_72 | {1 }
	Port: shift_line_buffer<array<ap_fixed<16, 6, 5, 3, 0>, 32u>, config5> : p_ZZN4nnet24compute_output_buffer_2dINS_5arrayI8ap_fixedILi16ELi6EL9ap_q_mode5EL9_71 | {1 }
	Port: shift_line_buffer<array<ap_fixed<16, 6, 5, 3, 0>, 32u>, config5> : p_ZZN4nnet25conv_2d_buffer_latency_clINS_5arrayI8ap_fixedILi16ELi6EL9ap_q_mode5EL_63 | {1 }
	Port: shift_line_buffer<array<ap_fixed<16, 6, 5, 3, 0>, 32u>, config5> : p_ZZN4nnet25conv_2d_buffer_latency_clINS_5arrayI8ap_fixedILi16ELi6EL9ap_q_mode5EL_31 | {1 }
	Port: shift_line_buffer<array<ap_fixed<16, 6, 5, 3, 0>, 32u>, config5> : p_ZZN4nnet25conv_2d_buffer_latency_clINS_5arrayI8ap_fixedILi16ELi6EL9ap_q_mode5EL_62 | {1 }
	Port: shift_line_buffer<array<ap_fixed<16, 6, 5, 3, 0>, 32u>, config5> : p_ZZN4nnet25conv_2d_buffer_latency_clINS_5arrayI8ap_fixedILi16ELi6EL9ap_q_mode5EL_30 | {1 }
	Port: shift_line_buffer<array<ap_fixed<16, 6, 5, 3, 0>, 32u>, config5> : p_ZZN4nnet25conv_2d_buffer_latency_clINS_5arrayI8ap_fixedILi16ELi6EL9ap_q_mode5EL_51 | {1 }
	Port: shift_line_buffer<array<ap_fixed<16, 6, 5, 3, 0>, 32u>, config5> : p_ZZN4nnet25conv_2d_buffer_latency_clINS_5arrayI8ap_fixedILi16ELi6EL9ap_q_mode5EL_19 | {1 }
	Port: shift_line_buffer<array<ap_fixed<16, 6, 5, 3, 0>, 32u>, config5> : p_ZZN4nnet25conv_2d_buffer_latency_clINS_5arrayI8ap_fixedILi16ELi6EL9ap_q_mode5EL_40 | {1 }
	Port: shift_line_buffer<array<ap_fixed<16, 6, 5, 3, 0>, 32u>, config5> : p_ZZN4nnet25conv_2d_buffer_latency_clINS_5arrayI8ap_fixedILi16ELi6EL9ap_q_mode5EL_8 | {1 }
	Port: shift_line_buffer<array<ap_fixed<16, 6, 5, 3, 0>, 32u>, config5> : p_ZZN4nnet25conv_2d_buffer_latency_clINS_5arrayI8ap_fixedILi16ELi6EL9ap_q_mode5EL_37 | {1 }
	Port: shift_line_buffer<array<ap_fixed<16, 6, 5, 3, 0>, 32u>, config5> : p_ZZN4nnet25conv_2d_buffer_latency_clINS_5arrayI8ap_fixedILi16ELi6EL9ap_q_mode5EL_5 | {1 }
	Port: shift_line_buffer<array<ap_fixed<16, 6, 5, 3, 0>, 32u>, config5> : p_ZZN4nnet25conv_2d_buffer_latency_clINS_5arrayI8ap_fixedILi16ELi6EL9ap_q_mode5EL_36 | {1 }
	Port: shift_line_buffer<array<ap_fixed<16, 6, 5, 3, 0>, 32u>, config5> : p_ZZN4nnet25conv_2d_buffer_latency_clINS_5arrayI8ap_fixedILi16ELi6EL9ap_q_mode5EL_4 | {1 }
	Port: shift_line_buffer<array<ap_fixed<16, 6, 5, 3, 0>, 32u>, config5> : p_ZZN4nnet25conv_2d_buffer_latency_clINS_5arrayI8ap_fixedILi16ELi6EL9ap_q_mode5EL_35 | {1 }
	Port: shift_line_buffer<array<ap_fixed<16, 6, 5, 3, 0>, 32u>, config5> : p_ZZN4nnet25conv_2d_buffer_latency_clINS_5arrayI8ap_fixedILi16ELi6EL9ap_q_mode5EL_3 | {1 }
	Port: shift_line_buffer<array<ap_fixed<16, 6, 5, 3, 0>, 32u>, config5> : p_ZZN4nnet25conv_2d_buffer_latency_clINS_5arrayI8ap_fixedILi16ELi6EL9ap_q_mode5EL_34 | {1 }
	Port: shift_line_buffer<array<ap_fixed<16, 6, 5, 3, 0>, 32u>, config5> : p_ZZN4nnet25conv_2d_buffer_latency_clINS_5arrayI8ap_fixedILi16ELi6EL9ap_q_mode5EL_2 | {1 }
	Port: shift_line_buffer<array<ap_fixed<16, 6, 5, 3, 0>, 32u>, config5> : p_ZZN4nnet25conv_2d_buffer_latency_clINS_5arrayI8ap_fixedILi16ELi6EL9ap_q_mode5EL_33 | {1 }
	Port: shift_line_buffer<array<ap_fixed<16, 6, 5, 3, 0>, 32u>, config5> : p_ZZN4nnet25conv_2d_buffer_latency_clINS_5arrayI8ap_fixedILi16ELi6EL9ap_q_mode5EL_1 | {1 }
	Port: shift_line_buffer<array<ap_fixed<16, 6, 5, 3, 0>, 32u>, config5> : p_ZZN4nnet25conv_2d_buffer_latency_clINS_5arrayI8ap_fixedILi16ELi6EL9ap_q_mode5EL_32 | {1 }
	Port: shift_line_buffer<array<ap_fixed<16, 6, 5, 3, 0>, 32u>, config5> : p_ZZN4nnet25conv_2d_buffer_latency_clINS_5arrayI8ap_fixedILi16ELi6EL9ap_q_mode5EL | {1 }
	Port: shift_line_buffer<array<ap_fixed<16, 6, 5, 3, 0>, 32u>, config5> : p_ZZN4nnet25conv_2d_buffer_latency_clINS_5arrayI8ap_fixedILi16ELi6EL9ap_q_mode5EL_61 | {1 }
	Port: shift_line_buffer<array<ap_fixed<16, 6, 5, 3, 0>, 32u>, config5> : p_ZZN4nnet25conv_2d_buffer_latency_clINS_5arrayI8ap_fixedILi16ELi6EL9ap_q_mode5EL_29 | {1 }
	Port: shift_line_buffer<array<ap_fixed<16, 6, 5, 3, 0>, 32u>, config5> : p_ZZN4nnet25conv_2d_buffer_latency_clINS_5arrayI8ap_fixedILi16ELi6EL9ap_q_mode5EL_60 | {1 }
	Port: shift_line_buffer<array<ap_fixed<16, 6, 5, 3, 0>, 32u>, config5> : p_ZZN4nnet25conv_2d_buffer_latency_clINS_5arrayI8ap_fixedILi16ELi6EL9ap_q_mode5EL_28 | {1 }
	Port: shift_line_buffer<array<ap_fixed<16, 6, 5, 3, 0>, 32u>, config5> : p_ZZN4nnet25conv_2d_buffer_latency_clINS_5arrayI8ap_fixedILi16ELi6EL9ap_q_mode5EL_59 | {1 }
	Port: shift_line_buffer<array<ap_fixed<16, 6, 5, 3, 0>, 32u>, config5> : p_ZZN4nnet25conv_2d_buffer_latency_clINS_5arrayI8ap_fixedILi16ELi6EL9ap_q_mode5EL_27 | {1 }
	Port: shift_line_buffer<array<ap_fixed<16, 6, 5, 3, 0>, 32u>, config5> : p_ZZN4nnet25conv_2d_buffer_latency_clINS_5arrayI8ap_fixedILi16ELi6EL9ap_q_mode5EL_58 | {1 }
	Port: shift_line_buffer<array<ap_fixed<16, 6, 5, 3, 0>, 32u>, config5> : p_ZZN4nnet25conv_2d_buffer_latency_clINS_5arrayI8ap_fixedILi16ELi6EL9ap_q_mode5EL_26 | {1 }
	Port: shift_line_buffer<array<ap_fixed<16, 6, 5, 3, 0>, 32u>, config5> : p_ZZN4nnet25conv_2d_buffer_latency_clINS_5arrayI8ap_fixedILi16ELi6EL9ap_q_mode5EL_57 | {1 }
	Port: shift_line_buffer<array<ap_fixed<16, 6, 5, 3, 0>, 32u>, config5> : p_ZZN4nnet25conv_2d_buffer_latency_clINS_5arrayI8ap_fixedILi16ELi6EL9ap_q_mode5EL_25 | {1 }
	Port: shift_line_buffer<array<ap_fixed<16, 6, 5, 3, 0>, 32u>, config5> : p_ZZN4nnet25conv_2d_buffer_latency_clINS_5arrayI8ap_fixedILi16ELi6EL9ap_q_mode5EL_56 | {1 }
	Port: shift_line_buffer<array<ap_fixed<16, 6, 5, 3, 0>, 32u>, config5> : p_ZZN4nnet25conv_2d_buffer_latency_clINS_5arrayI8ap_fixedILi16ELi6EL9ap_q_mode5EL_24 | {1 }
	Port: shift_line_buffer<array<ap_fixed<16, 6, 5, 3, 0>, 32u>, config5> : p_ZZN4nnet25conv_2d_buffer_latency_clINS_5arrayI8ap_fixedILi16ELi6EL9ap_q_mode5EL_55 | {1 }
	Port: shift_line_buffer<array<ap_fixed<16, 6, 5, 3, 0>, 32u>, config5> : p_ZZN4nnet25conv_2d_buffer_latency_clINS_5arrayI8ap_fixedILi16ELi6EL9ap_q_mode5EL_23 | {1 }
	Port: shift_line_buffer<array<ap_fixed<16, 6, 5, 3, 0>, 32u>, config5> : p_ZZN4nnet25conv_2d_buffer_latency_clINS_5arrayI8ap_fixedILi16ELi6EL9ap_q_mode5EL_54 | {1 }
	Port: shift_line_buffer<array<ap_fixed<16, 6, 5, 3, 0>, 32u>, config5> : p_ZZN4nnet25conv_2d_buffer_latency_clINS_5arrayI8ap_fixedILi16ELi6EL9ap_q_mode5EL_22 | {1 }
	Port: shift_line_buffer<array<ap_fixed<16, 6, 5, 3, 0>, 32u>, config5> : p_ZZN4nnet25conv_2d_buffer_latency_clINS_5arrayI8ap_fixedILi16ELi6EL9ap_q_mode5EL_53 | {1 }
	Port: shift_line_buffer<array<ap_fixed<16, 6, 5, 3, 0>, 32u>, config5> : p_ZZN4nnet25conv_2d_buffer_latency_clINS_5arrayI8ap_fixedILi16ELi6EL9ap_q_mode5EL_21 | {1 }
	Port: shift_line_buffer<array<ap_fixed<16, 6, 5, 3, 0>, 32u>, config5> : p_ZZN4nnet25conv_2d_buffer_latency_clINS_5arrayI8ap_fixedILi16ELi6EL9ap_q_mode5EL_52 | {1 }
	Port: shift_line_buffer<array<ap_fixed<16, 6, 5, 3, 0>, 32u>, config5> : p_ZZN4nnet25conv_2d_buffer_latency_clINS_5arrayI8ap_fixedILi16ELi6EL9ap_q_mode5EL_20 | {1 }
	Port: shift_line_buffer<array<ap_fixed<16, 6, 5, 3, 0>, 32u>, config5> : p_ZZN4nnet25conv_2d_buffer_latency_clINS_5arrayI8ap_fixedILi16ELi6EL9ap_q_mode5EL_50 | {1 }
	Port: shift_line_buffer<array<ap_fixed<16, 6, 5, 3, 0>, 32u>, config5> : p_ZZN4nnet25conv_2d_buffer_latency_clINS_5arrayI8ap_fixedILi16ELi6EL9ap_q_mode5EL_18 | {1 }
	Port: shift_line_buffer<array<ap_fixed<16, 6, 5, 3, 0>, 32u>, config5> : p_ZZN4nnet25conv_2d_buffer_latency_clINS_5arrayI8ap_fixedILi16ELi6EL9ap_q_mode5EL_49 | {1 }
	Port: shift_line_buffer<array<ap_fixed<16, 6, 5, 3, 0>, 32u>, config5> : p_ZZN4nnet25conv_2d_buffer_latency_clINS_5arrayI8ap_fixedILi16ELi6EL9ap_q_mode5EL_17 | {1 }
	Port: shift_line_buffer<array<ap_fixed<16, 6, 5, 3, 0>, 32u>, config5> : p_ZZN4nnet25conv_2d_buffer_latency_clINS_5arrayI8ap_fixedILi16ELi6EL9ap_q_mode5EL_48 | {1 }
	Port: shift_line_buffer<array<ap_fixed<16, 6, 5, 3, 0>, 32u>, config5> : p_ZZN4nnet25conv_2d_buffer_latency_clINS_5arrayI8ap_fixedILi16ELi6EL9ap_q_mode5EL_16 | {1 }
	Port: shift_line_buffer<array<ap_fixed<16, 6, 5, 3, 0>, 32u>, config5> : p_ZZN4nnet25conv_2d_buffer_latency_clINS_5arrayI8ap_fixedILi16ELi6EL9ap_q_mode5EL_47 | {1 }
	Port: shift_line_buffer<array<ap_fixed<16, 6, 5, 3, 0>, 32u>, config5> : p_ZZN4nnet25conv_2d_buffer_latency_clINS_5arrayI8ap_fixedILi16ELi6EL9ap_q_mode5EL_15 | {1 }
	Port: shift_line_buffer<array<ap_fixed<16, 6, 5, 3, 0>, 32u>, config5> : p_ZZN4nnet25conv_2d_buffer_latency_clINS_5arrayI8ap_fixedILi16ELi6EL9ap_q_mode5EL_46 | {1 }
	Port: shift_line_buffer<array<ap_fixed<16, 6, 5, 3, 0>, 32u>, config5> : p_ZZN4nnet25conv_2d_buffer_latency_clINS_5arrayI8ap_fixedILi16ELi6EL9ap_q_mode5EL_14 | {1 }
	Port: shift_line_buffer<array<ap_fixed<16, 6, 5, 3, 0>, 32u>, config5> : p_ZZN4nnet25conv_2d_buffer_latency_clINS_5arrayI8ap_fixedILi16ELi6EL9ap_q_mode5EL_45 | {1 }
	Port: shift_line_buffer<array<ap_fixed<16, 6, 5, 3, 0>, 32u>, config5> : p_ZZN4nnet25conv_2d_buffer_latency_clINS_5arrayI8ap_fixedILi16ELi6EL9ap_q_mode5EL_13 | {1 }
	Port: shift_line_buffer<array<ap_fixed<16, 6, 5, 3, 0>, 32u>, config5> : p_ZZN4nnet25conv_2d_buffer_latency_clINS_5arrayI8ap_fixedILi16ELi6EL9ap_q_mode5EL_44 | {1 }
	Port: shift_line_buffer<array<ap_fixed<16, 6, 5, 3, 0>, 32u>, config5> : p_ZZN4nnet25conv_2d_buffer_latency_clINS_5arrayI8ap_fixedILi16ELi6EL9ap_q_mode5EL_12 | {1 }
	Port: shift_line_buffer<array<ap_fixed<16, 6, 5, 3, 0>, 32u>, config5> : p_ZZN4nnet25conv_2d_buffer_latency_clINS_5arrayI8ap_fixedILi16ELi6EL9ap_q_mode5EL_43 | {1 }
	Port: shift_line_buffer<array<ap_fixed<16, 6, 5, 3, 0>, 32u>, config5> : p_ZZN4nnet25conv_2d_buffer_latency_clINS_5arrayI8ap_fixedILi16ELi6EL9ap_q_mode5EL_11 | {1 }
	Port: shift_line_buffer<array<ap_fixed<16, 6, 5, 3, 0>, 32u>, config5> : p_ZZN4nnet25conv_2d_buffer_latency_clINS_5arrayI8ap_fixedILi16ELi6EL9ap_q_mode5EL_42 | {1 }
	Port: shift_line_buffer<array<ap_fixed<16, 6, 5, 3, 0>, 32u>, config5> : p_ZZN4nnet25conv_2d_buffer_latency_clINS_5arrayI8ap_fixedILi16ELi6EL9ap_q_mode5EL_10 | {1 }
	Port: shift_line_buffer<array<ap_fixed<16, 6, 5, 3, 0>, 32u>, config5> : p_ZZN4nnet25conv_2d_buffer_latency_clINS_5arrayI8ap_fixedILi16ELi6EL9ap_q_mode5EL_41 | {1 }
	Port: shift_line_buffer<array<ap_fixed<16, 6, 5, 3, 0>, 32u>, config5> : p_ZZN4nnet25conv_2d_buffer_latency_clINS_5arrayI8ap_fixedILi16ELi6EL9ap_q_mode5EL_9 | {1 }
	Port: shift_line_buffer<array<ap_fixed<16, 6, 5, 3, 0>, 32u>, config5> : p_ZZN4nnet25conv_2d_buffer_latency_clINS_5arrayI8ap_fixedILi16ELi6EL9ap_q_mode5EL_39 | {1 }
	Port: shift_line_buffer<array<ap_fixed<16, 6, 5, 3, 0>, 32u>, config5> : p_ZZN4nnet25conv_2d_buffer_latency_clINS_5arrayI8ap_fixedILi16ELi6EL9ap_q_mode5EL_7 | {1 }
	Port: shift_line_buffer<array<ap_fixed<16, 6, 5, 3, 0>, 32u>, config5> : p_ZZN4nnet25conv_2d_buffer_latency_clINS_5arrayI8ap_fixedILi16ELi6EL9ap_q_mode5EL_38 | {1 }
	Port: shift_line_buffer<array<ap_fixed<16, 6, 5, 3, 0>, 32u>, config5> : p_ZZN4nnet25conv_2d_buffer_latency_clINS_5arrayI8ap_fixedILi16ELi6EL9ap_q_mode5EL_6 | {1 }
  - Chain level:
	State 1
		p_1_i : 1
		p_3_i : 1
		p_5_i : 1
		p_7_i : 1
		p_9_i : 1
		p_11_i : 1
		p_13_i : 1
		p_15_i : 1
		p_17_i : 1
		p_19_i : 1
		p_21_i : 1
		p_23_i : 1
		p_25_i : 1
		p_27_i : 1
		p_29_i : 1
		p_31_i : 1
		p_33_i : 1
		p_35_i : 1
		p_37_i : 1
		p_39_i : 1
		p_41_i : 1
		p_43_i : 1
		p_45_i : 1
		p_47_i : 1
		p_49_i : 1
		p_51_i : 1
		p_53_i : 1
		p_55_i : 1
		p_57_i : 1
		p_59_i : 1
		p_61_i : 1
		p_0_i : 1
		store_ln196 : 1
		store_ln196 : 1
		store_ln196 : 1
		store_ln196 : 1
		store_ln196 : 1
		store_ln196 : 1
		store_ln196 : 1
		store_ln196 : 1
		store_ln196 : 1
		store_ln196 : 1
		store_ln196 : 1
		store_ln196 : 1
		store_ln196 : 1
		store_ln196 : 1
		store_ln196 : 1
		store_ln196 : 1
		store_ln196 : 1
		store_ln196 : 1
		store_ln196 : 1
		store_ln196 : 1
		store_ln196 : 1
		store_ln196 : 1
		store_ln196 : 1
		store_ln196 : 1
		store_ln196 : 1
		store_ln196 : 1
		store_ln196 : 1
		store_ln196 : 1
		store_ln196 : 1
		store_ln196 : 1
		store_ln196 : 1
		store_ln196 : 1
		store_ln196 : 1
		store_ln196 : 1
		store_ln196 : 1
		store_ln196 : 1
		store_ln196 : 1
		store_ln196 : 1
		store_ln196 : 1
		store_ln196 : 1
		store_ln196 : 1
		store_ln196 : 1
		store_ln196 : 1
		store_ln196 : 1
		store_ln196 : 1
		store_ln196 : 1
		store_ln196 : 1
		store_ln196 : 1
		store_ln196 : 1
		store_ln196 : 1
		store_ln196 : 1
		store_ln196 : 1
		store_ln196 : 1
		store_ln196 : 1
		store_ln196 : 1
		store_ln196 : 1
		store_ln196 : 1
		store_ln196 : 1
		store_ln196 : 1
		store_ln196 : 1
		store_ln196 : 1
		store_ln196 : 1
		store_ln196 : 1
		store_ln196 : 1
		store_ln196 : 1
		store_ln196 : 1
		store_ln196 : 1
		store_ln196 : 1
		store_ln196 : 1
		store_ln196 : 1
		store_ln196 : 1
		store_ln196 : 1
		store_ln196 : 1
		store_ln196 : 1
		store_ln196 : 1
		store_ln196 : 1
		store_ln196 : 1
		store_ln196 : 1
		store_ln196 : 1
		store_ln196 : 1
		store_ln196 : 1
		store_ln196 : 1
		store_ln196 : 1
		store_ln196 : 1
		store_ln196 : 1
		store_ln196 : 1
		store_ln196 : 1
		store_ln196 : 1
		store_ln196 : 1
		store_ln196 : 1
		store_ln196 : 1
		store_ln196 : 1
		store_ln196 : 1
		store_ln196 : 1
		store_ln196 : 1
		store_ln196 : 1
		store_ln196 : 1
		store_ln196 : 1
		store_ln196 : 1
		store_ln196 : 1
		store_ln196 : 1
		store_ln196 : 1
		store_ln196 : 1
		store_ln196 : 1
		store_ln196 : 1
		store_ln196 : 1
		store_ln196 : 1
		store_ln196 : 1
		store_ln196 : 1
		store_ln196 : 1
		store_ln196 : 1
		store_ln196 : 1
		store_ln196 : 1
		store_ln196 : 1
		store_ln196 : 1
		store_ln196 : 1
		store_ln196 : 1
		store_ln196 : 1
		store_ln196 : 1
		store_ln196 : 1
		store_ln196 : 1
		store_ln196 : 1
		store_ln196 : 1
		store_ln196 : 1
		store_ln196 : 1
		store_ln196 : 1
		store_ln196 : 1
		store_ln196 : 1
		store_ln196 : 1
		store_ln196 : 1
		store_ln196 : 1
		store_ln196 : 1
		store_ln196 : 1
		store_ln196 : 1
		store_ln196 : 1
		store_ln196 : 1
		store_ln196 : 1
		store_ln196 : 1
		store_ln196 : 1
		store_ln196 : 1
		store_ln196 : 1
		store_ln196 : 1
		store_ln196 : 1
		store_ln196 : 1
		store_ln196 : 1
		store_ln196 : 1
		store_ln196 : 1
		store_ln196 : 1
		store_ln196 : 1
		store_ln196 : 1
		store_ln196 : 1
		store_ln196 : 1
		store_ln196 : 1
		store_ln196 : 1
		store_ln196 : 1
		store_ln196 : 1
		store_ln196 : 1
		store_ln196 : 1
		store_ln196 : 1
		store_ln196 : 1
		store_ln196 : 1
		store_ln196 : 1
		store_ln196 : 1
		store_ln196 : 1
		store_ln196 : 1
		store_ln196 : 1
		store_ln196 : 1
		store_ln196 : 1
		store_ln196 : 1
		store_ln196 : 1
		store_ln196 : 1
		store_ln196 : 1
		store_ln196 : 1
		store_ln196 : 1
		store_ln196 : 1
		store_ln196 : 1
		store_ln196 : 1
		store_ln196 : 1
		store_ln196 : 1
		store_ln196 : 1
		store_ln196 : 1
		store_ln196 : 1
		store_ln196 : 1
		store_ln196 : 1
		store_ln196 : 1
		store_ln196 : 1
		store_ln196 : 1
		store_ln196 : 1
		store_ln196 : 1
		store_ln196 : 1
		store_ln196 : 1
		store_ln196 : 1
		store_ln209 : 2
		store_ln209 : 2
		store_ln209 : 2
		store_ln209 : 2
		store_ln209 : 2
		store_ln209 : 2
		store_ln209 : 2
		store_ln209 : 2
		store_ln209 : 2
		store_ln209 : 2
		store_ln209 : 2
		store_ln209 : 2
		store_ln209 : 2
		store_ln209 : 2
		store_ln209 : 2
		store_ln209 : 2
		store_ln209 : 2
		store_ln209 : 2
		store_ln209 : 2
		store_ln209 : 2
		store_ln209 : 2
		store_ln209 : 2
		store_ln209 : 2
		store_ln209 : 2
		store_ln209 : 2
		store_ln209 : 2
		store_ln209 : 2
		store_ln209 : 2
		store_ln209 : 2
		store_ln209 : 2
		store_ln209 : 2
		store_ln209 : 2
		store_ln209 : 1
		store_ln209 : 1
		store_ln209 : 1
		store_ln209 : 1
		store_ln209 : 1
		store_ln209 : 1
		store_ln209 : 1
		store_ln209 : 1
		store_ln209 : 1
		store_ln209 : 1
		store_ln209 : 1
		store_ln209 : 1
		store_ln209 : 1
		store_ln209 : 1
		store_ln209 : 1
		store_ln209 : 1
		store_ln209 : 1
		store_ln209 : 1
		store_ln209 : 1
		store_ln209 : 1
		store_ln209 : 1
		store_ln209 : 1
		store_ln209 : 1
		store_ln209 : 1
		store_ln209 : 1
		store_ln209 : 1
		store_ln209 : 1
		store_ln209 : 1
		store_ln209 : 1
		store_ln209 : 1
		store_ln209 : 1
		store_ln209 : 1


============================================================
+ Verbose Summary: Datapath Resource usage 
============================================================

* Functional unit list:
|----------|------------------------|
| Operation|     Functional Unit    |
|----------|------------------------|
|          |  p_read_1_read_fu_910  |
|          |  p_read_2_read_fu_916  |
|          |  p_read_3_read_fu_922  |
|          |  p_read_4_read_fu_928  |
|          |  p_read_5_read_fu_934  |
|          |  p_read_6_read_fu_940  |
|          |  p_read_7_read_fu_946  |
|          |  p_read_8_read_fu_952  |
|          |  p_read_9_read_fu_958  |
|          |  p_read_10_read_fu_964 |
|          |  p_read_11_read_fu_970 |
|          |  p_read_12_read_fu_976 |
|          |  p_read_13_read_fu_982 |
|          |  p_read_14_read_fu_988 |
|          |  p_read_15_read_fu_994 |
|   read   | p_read_16_read_fu_1000 |
|          | p_read_17_read_fu_1006 |
|          | p_read_18_read_fu_1012 |
|          | p_read_19_read_fu_1018 |
|          | p_read_20_read_fu_1024 |
|          | p_read_21_read_fu_1030 |
|          | p_read_22_read_fu_1036 |
|          | p_read_23_read_fu_1042 |
|          | p_read_24_read_fu_1048 |
|          | p_read_25_read_fu_1054 |
|          | p_read_26_read_fu_1060 |
|          | p_read_27_read_fu_1066 |
|          | p_read_28_read_fu_1072 |
|          | p_read_29_read_fu_1078 |
|          | p_read_30_read_fu_1084 |
|          | p_read_31_read_fu_1090 |
|          | p_read_32_read_fu_1096 |
|----------|------------------------|
|          |       p_i_fu_1102      |
|          |      p_1_i_fu_1112     |
|          |      p_2_i_fu_1122     |
|          |      p_3_i_fu_1132     |
|          |      p_4_i_fu_1142     |
|          |      p_5_i_fu_1152     |
|          |      p_6_i_fu_1162     |
|          |      p_7_i_fu_1172     |
|          |      p_8_i_fu_1182     |
|          |      p_9_i_fu_1192     |
|          |     p_10_i_fu_1202     |
|          |     p_11_i_fu_1212     |
|          |     p_12_i_fu_1222     |
|          |     p_13_i_fu_1232     |
|          |     p_14_i_fu_1242     |
|          |     p_15_i_fu_1252     |
|          |     p_16_i_fu_1262     |
|          |     p_17_i_fu_1272     |
|          |     p_18_i_fu_1282     |
|          |     p_19_i_fu_1292     |
|          |     p_20_i_fu_1302     |
|          |     p_21_i_fu_1312     |
|          |     p_22_i_fu_1322     |
|          |     p_23_i_fu_1332     |
|          |     p_24_i_fu_1342     |
|          |     p_25_i_fu_1352     |
|          |     p_26_i_fu_1362     |
|          |     p_27_i_fu_1372     |
|          |     p_28_i_fu_1382     |
|          |     p_29_i_fu_1392     |
|          |     p_30_i_fu_1402     |
|memshiftread|     p_31_i_fu_1412     |
|          |     p_32_i_fu_1422     |
|          |     p_33_i_fu_1432     |
|          |     p_34_i_fu_1442     |
|          |     p_35_i_fu_1452     |
|          |     p_36_i_fu_1462     |
|          |     p_37_i_fu_1472     |
|          |     p_38_i_fu_1482     |
|          |     p_39_i_fu_1492     |
|          |     p_40_i_fu_1502     |
|          |     p_41_i_fu_1512     |
|          |     p_42_i_fu_1522     |
|          |     p_43_i_fu_1532     |
|          |     p_44_i_fu_1542     |
|          |     p_45_i_fu_1552     |
|          |     p_46_i_fu_1562     |
|          |     p_47_i_fu_1572     |
|          |     p_48_i_fu_1582     |
|          |     p_49_i_fu_1592     |
|          |     p_50_i_fu_1602     |
|          |     p_51_i_fu_1612     |
|          |     p_52_i_fu_1622     |
|          |     p_53_i_fu_1632     |
|          |     p_54_i_fu_1642     |
|          |     p_55_i_fu_1652     |
|          |     p_56_i_fu_1662     |
|          |     p_57_i_fu_1672     |
|          |     p_58_i_fu_1682     |
|          |     p_59_i_fu_1692     |
|          |     p_60_i_fu_1702     |
|          |     p_61_i_fu_1712     |
|          |     p_62_i_fu_1722     |
|          |      p_0_i_fu_1732     |
|----------|------------------------|
|   Total  |                        |
|----------|------------------------|

Memories:
N/A

* Register list:
N/A

* Multiplexer (MUX) list: 
|--------|------|------|------|--------|
|  Comp  |  Pin | Size |  BW  | S x BW |
|--------|------|------|------|--------|
|  Total |      |      |      |    0   |
|--------|------|------|------|--------|



* Summary:
+-----------+
|           |
+-----------+
|  Function |
|   Memory  |
|Multiplexer|
|  Register |
+-----------+
|   Total   |
+-----------+
