epoch;accuracy;beta;ebops;learning_rate;loss;val_accuracy;val_loss
0;0.5959497690200806;1e-06;759323;0.004999999888241291;1.7262485027313232;0.7012546062469482;0.688556432723999
1;0.6816329956054688;1e-06;521125;0.004999945405870676;1.3476985692977905;0.7100674510002136;0.6803390383720398
2;0.6985119581222534;1e-06;390112;0.004999781493097544;1.1246185302734375;0.7286518812179565;0.6208590269088745
3;0.711412787437439;1e-06;300951;0.004999509081244469;0.9865936040878296;0.7089924812316895;0.661537230014801
4;0.7087940573692322;1e-06;251680;0.004999126773327589;0.9288231730461121;0.719802737236023;0.6622300148010254
5;0.7222250699996948;1e-06;231164;0.004998635966330767;0.8682698607444763;0.7298987507820129;0.6038321256637573
6;0.724159836769104;1e-06;203349;0.004998035728931427;0.8361148238182068;0.7370337843894958;0.6031959652900696
7;0.7184248566627502;1e-06;181411;0.004997326526790857;0.8235781788825989;0.7058910131454468;0.6421658992767334
8;0.7192265391349792;1e-06;168766;0.004996508359909058;0.8096135258674622;0.7208558917045593;0.6436150670051575
9;0.7287248373031616;1e-06;153136;0.004995581228286028;0.7820620536804199;0.7431373596191406;0.5935179591178894
10;0.7275811433792114;1e-06;141896;0.004994545131921768;0.767967164516449;0.7128710746765137;0.6374360918998718
11;0.7321122288703918;1e-06;129483;0.0049934000708162785;0.7397199273109436;0.7382806539535522;0.5933764576911926
12;0.731643795967102;1e-06;125814;0.004992146044969559;0.7345868945121765;0.7428831458091736;0.5796852111816406
13;0.7324742078781128;1e-06;113918;0.004990783520042896;0.7239091992378235;0.7190110087394714;0.6268935799598694
14;0.7346190214157104;1e-06;106312;0.004989312030375004;0.7096105217933655;0.7396194934844971;0.6022760272026062
15;0.7394112348556519;1e-06;103168;0.004987732041627169;0.697803795337677;0.7373533248901367;0.5926399230957031
16;0.7338823676109314;1e-06;95028;0.0049860430881381035;0.7005115747451782;0.736835241317749;0.5917152762413025
17;0.7417666912078857;1e-06;89727;0.004984246101230383;0.6824478507041931;0.7460693120956421;0.5762909054756165
18;0.7404317259788513;1e-06;84284;0.004982340149581432;0.6808043718338013;0.7446917295455933;0.5774739980697632
19;0.7391276955604553;1e-06;80339;0.004980326164513826;0.6741257905960083;0.7512117624282837;0.5694847702980042
20;0.7390453815460205;1e-06;75720;0.004978203680366278;0.6696664690971375;0.7371523976325989;0.5864498019218445
21;0.7384064793586731;1e-06;75061;0.004975973162800074;0.6671579480171204;0.7449943423271179;0.5808847546577454
22;0.7404229640960693;1e-06;69243;0.004973634611815214;0.656259298324585;0.7252357006072998;0.6239959001541138
23;0.7439072132110596;1e-06;67341;0.004971188027411699;0.6514785885810852;0.7470135688781738;0.5694610476493835
24;0.7415590882301331;1e-06;66452;0.004968633875250816;0.6520248055458069;0.7405637502670288;0.5889722108840942
25;0.7435788512229919;1e-06;62974;0.004965971224009991;0.6455146074295044;0.7349031567573547;0.6039386987686157
26;0.7433685660362244;1e-06;61723;0.004963201470673084;0.6407108306884766;0.7351114153862;0.5944166779518127
27;0.7419846057891846;1e-06;59698;0.00496032414957881;0.645561158657074;0.751831591129303;0.5609891414642334
28;0.7456464767456055;1e-06;57479;0.004957339260727167;0.6344693303108215;0.7521729469299316;0.5619127154350281
29;0.7412567138671875;1e-06;54219;0.004954247269779444;0.6416090726852417;0.7429364323616028;0.578758955001831
30;0.7440416216850281;1e-06;55405;0.00495104817673564;0.6381731033325195;0.7497276067733765;0.5685452818870544
31;0.7396255135536194;1e-06;53143;0.004947741981595755;0.6430282592773438;0.7337628602981567;0.6010602116584778
32;0.7413626313209534;1e-06;51992;0.004944328684359789;0.6330632567405701;0.7503764629364014;0.5659422278404236
33;0.7368618249893188;1e-06;50614;0.00494080875068903;0.641550600528717;0.7346101999282837;0.6147119998931885
34;0.7382424473762512;1e-06;51889;0.004937182646244764;0.6369175314903259;0.74820476770401;0.5693820714950562
35;0.7394297122955322;1e-06;49423;0.0049334499053657055;0.6388186812400818;0.7522770762443542;0.5622738599777222
36;0.7462989687919617;1e-06;50068;0.0049296109937131405;0.6207118630409241;0.7519429326057434;0.5595718026161194
37;0.7404341697692871;1e-06;49426;0.004925665911287069;0.6359800100326538;0.739130437374115;0.5920785069465637
38;0.745345950126648;1e-06;45678;0.004921615123748779;0.6207743883132935;0.7485485672950745;0.5676365494728088
39;0.7421277165412903;1e-06;45766;0.004917458165436983;0.6294106841087341;0.7495654225349426;0.5661116242408752
40;0.7447149753570557;1e-06;44375;0.004913196433335543;0.6197575926780701;0.7401763796806335;0.5844123363494873
41;0.739145815372467;1e-06;44116;0.004908828530460596;0.6285315752029419;0.7467472553253174;0.5733177661895752
42;0.7451320290565491;1e-06;43354;0.0049043563194572926;0.6222278475761414;0.7485170960426331;0.5652561187744141
43;0.7396681904792786;1e-06;43615;0.00489977840334177;0.6314211487770081;0.7463453412055969;0.5729678273200989
44;0.7433709502220154;1e-06;42854;0.004895096179097891;0.6208251118659973;0.7459942698478699;0.5638967752456665
45;0.7437150478363037;1e-06;42384;0.004890309181064367;0.6192085146903992;0.7495460510253906;0.5922974348068237
46;0.7410793900489807;1e-06;42942;0.004885417874902487;0.6309521198272705;0.7521390318870544;0.5629677176475525
47;0.7452954053878784;1e-06;41374;0.004880422726273537;0.6178399920463562;0.7339395880699158;0.5974660515785217
48;0.7418375015258789;1e-06;41607;0.00487532326951623;0.6137710809707642;0.7298479080200195;0.6091862916946411
49;0.7439256906509399;1e-06;39929;0.00487012043595314;0.6193051338195801;0.748030424118042;0.5692796111106873
50;0.7438787817955017;1e-06;41542;0.004864814225584269;0.6168580055236816;0.7429824471473694;0.5653560161590576
51;0.7457678318023682;1e-06;39539;0.004859404172748327;0.6109476685523987;0.7436990737915039;0.5664709806442261
52;0.7426760792732239;1e-06;39066;0.004853891674429178;0.6154162883758545;0.7503691911697388;0.5609319806098938
53;0.7485024929046631;1e-06;38495;0.004848276264965534;0.6106566786766052;0.7523109316825867;0.5619093179702759
54;0.7427560091018677;1e-06;39748;0.0048425584100186825;0.6153357028961182;0.7514805197715759;0.5642969608306885
55;0.7428322434425354;1e-06;37868;0.004836738109588623;0.6193177700042725;0.7448563575744629;0.5688731670379639
56;0.7482322454452515;1e-06;37869;0.0048308162949979305;0.6023910641670227;0.7193064093589783;0.7036288976669312
57;0.7408799529075623;1e-06;37647;0.004824792500585318;0.622057318687439;0.7491393089294434;0.5726749897003174
58;0.7447630763053894;1e-06;37551;0.004818667192012072;0.6144511103630066;0.7471951246261597;0.5693789720535278
59;0.7468397617340088;1e-06;37209;0.0048124403692781925;0.6078335642814636;0.7527104020118713;0.5610349774360657
60;0.7474438548088074;1e-06;36665;0.004806112963706255;0.6064245700836182;0.7522891759872437;0.5565043687820435
61;0.7472265362739563;1e-06;35229;0.004799684975296259;0.603663980960846;0.750734806060791;0.555063009262085
62;0.7447994351387024;1e-06;35989;0.004793156404048204;0.609009325504303;0.7523787617683411;0.556293249130249
63;0.7455523610115051;1e-06;35425;0.004786527715623379;0.6047673225402832;0.7531341314315796;0.5540159940719604
64;0.7474169135093689;1e-06;34685;0.004779799375683069;0.600892961025238;0.7461153268814087;0.5839282870292664
65;0.7479068636894226;1e-06;34442;0.004772971384227276;0.6010066866874695;0.7493354082107544;0.5599797964096069
66;0.7454555034637451;1e-06;33869;0.004766044206917286;0.6040785908699036;0.7507856488227844;0.5660812258720398
67;0.7457887530326843;1e-06;33758;0.004759018309414387;0.6048261523246765;0.7506331205368042;0.5601200461387634
68;0.7487826943397522;1e-06;32904;0.004751893691718578;0.5985587239265442;0.7321407198905945;0.6052480340003967
69;0.7468537092208862;1e-06;34347;0.004744670353829861;0.6021187901496887;0.7520373463630676;0.5612908601760864
70;0.7459391355514526;1e-06;34033;0.004737349692732096;0.6058404445648193;0.7514926195144653;0.5661945939064026
71;0.7437804341316223;1e-06;33299;0.004729931242763996;0.6048174500465393;0.7528750896453857;0.5539306402206421
72;0.722683310508728;1e-06;31996;0.004722415469586849;0.6329524517059326;0.7537902593612671;0.5550997257232666
73;0.7475945353507996;1e-06;33075;0.004714802373200655;0.602765679359436;0.7543931007385254;0.551541805267334
74;0.7426833510398865;1e-06;32165;0.004707092884927988;0.6051258444786072;0.7351065278053284;0.5807033181190491
75;0.7446262836456299;1e-06;31496;0.004699287004768848;0.6071741580963135;0.7431542873382568;0.588003396987915
76;0.7471457719802856;1e-06;30892;0.004691385198384523;0.6029514074325562;0.7526692748069763;0.5558462738990784
77;0.7441762685775757;1e-06;32267;0.004683387465775013;0.6030845046043396;0.75179523229599;0.5603994131088257
78;0.7481314539909363;1e-06;31242;0.004675294738262892;0.5985676646232605;0.7384476661682129;0.5884696245193481
79;0.7476539015769958;1e-06;30458;0.00466710701584816;0.6013942360877991;0.7483548521995544;0.5616379976272583
80;0.7449918985366821;1e-06;29874;0.004658824764192104;0.6015934944152832;0.740423321723938;0.589716911315918
81;0.7471848130226135;1e-06;30477;0.004650448448956013;0.6018774509429932;0.7383314967155457;0.5972716808319092
82;0.745873749256134;1e-06;29942;0.004641978070139885;0.6037624478340149;0.7541824579238892;0.5504475831985474
83;0.7487321496009827;1e-06;30973;0.004633414093405008;0.5934783816337585;0.7468973398208618;0.5674790740013123
84;0.7470349669456482;1e-06;29699;0.0046247574500739574;0.5985188484191895;0.7491828799247742;0.5648879408836365
85;0.7508530616760254;1e-06;29464;0.004616007674485445;0.5938746929168701;0.7534948587417603;0.5525475740432739
86;0.7430389523506165;1e-06;30000;0.004607165697962046;0.6060640215873718;0.7541388869285583;0.5504850149154663
87;0.7433797121047974;1e-06;30403;0.004598231520503759;0.604651689529419;0.7547223567962646;0.5507184863090515
88;0.7483605146408081;1e-06;30283;0.004589206073433161;0.5964581370353699;0.7492482662200928;0.5640339851379395
89;0.7472537755966187;1e-06;29628;0.00458008935675025;0.5964218974113464;0.754243016242981;0.5521237254142761
90;0.7490063905715942;1e-06;29657;0.004570881836116314;0.5935208797454834;0.7572185397148132;0.5506893992424011
91;0.7527291178703308;1e-06;29400;0.00456158397719264;0.5856316685676575;0.7287051677703857;0.6009670495986938
92;0.7457941770553589;1e-06;28723;0.004552196245640516;0.6002393364906311;0.7503885626792908;0.5579464435577393
93;0.7428355813026428;1e-06;28997;0.004542719107121229;0.6016170978546143;0.7550952434539795;0.5492861866950989
94;0.7444952726364136;1e-06;29043;0.004533152561634779;0.6016967296600342;0.7477980256080627;0.5649487376213074
95;0.7458822727203369;1e-06;29337;0.00452349754050374;0.5994483828544617;0.7456916570663452;0.568728506565094
96;0.7476460337638855;1e-06;28557;0.004513754043728113;0.5983455181121826;0.7482023239135742;0.5738147497177124
97;0.7435113787651062;1e-06;29330;0.004503922536969185;0.6020087599754333;0.7529138326644897;0.5577567219734192
98;0.7413154244422913;1e-06;28368;0.00449400395154953;0.6037116050720215;0.7493063807487488;0.5706669092178345
99;0.7456386089324951;1e-06;28201;0.004483997821807861;0.599083662033081;0.7473791241645813;0.5731967687606812
100;0.7389418482780457;1e-06;28075;0.004473905544728041;0.6072675585746765;0.7485630512237549;0.5564101338386536
101;0.7399956583976746;1.0023848237580719e-06;28259;0.004463727120310068;0.5996938347816467;0.7485073804855347;0.5594690442085266
102;0.7419288754463196;1.0047753349005006e-06;28408;0.004453463014215231;0.6020792722702026;0.7497058510780334;0.5665386915206909
103;0.746634304523468;1.0071715469906959e-06;27275;0.0044431136921048164;0.59895920753479;0.7525917887687683;0.5583749413490295
104;0.7442894577980042;1.0095734736244133e-06;27274;0.004432679153978825;0.6095852255821228;0.7491223216056824;0.5683344006538391
105;0.7412875890731812;1.011981128429832e-06;27650;0.004422160796821117;0.6085495948791504;0.7522577047348022;0.5592407584190369
106;0.7443094253540039;1.0143945250676315e-06;27848;0.004411558620631695;0.6030601859092712;0.7366560697555542;0.5777536630630493
107;0.74330073595047;1.016813677231071e-06;28231;0.004400872625410557;0.6036990880966187;0.7494927644729614;0.5586409568786621
108;0.7434066534042358;1.019238598646064e-06;26521;0.004390103742480278;0.6017051935195923;0.7488778233528137;0.5699856877326965
109;0.7455883622169495;1.0216693030712588e-06;27582;0.004379252903163433;0.5991706252098083;0.7432753443717957;0.5725181102752686
110;0.7474777698516846;1.024105804298116e-06;26519;0.004368319641798735;0.5953618288040161;0.7511827349662781;0.5555213689804077
111;0.7464506030082703;1.0265481161509852e-06;26070;0.004357304889708757;0.5954035520553589;0.7448200583457947;0.5735003352165222
112;0.7479997873306274;1.028996252487186e-06;27128;0.004346209112554789;0.5942333340644836;0.7496308088302612;0.5649362802505493
113;0.7447319030761719;1.0314502271970842e-06;26103;0.0043350327759981155;0.598812460899353;0.7444471716880798;0.5682744383811951
114;0.7476811408996582;1.0339100542041726e-06;25326;0.004323776811361313;0.5932503938674927;0.7427403330802917;0.5718739628791809
115;0.7462154626846313;1.0363757474651479e-06;26860;0.004312440752983093;0.5955274701118469;0.7550032138824463;0.5503163933753967
116;0.7306568622589111;1.038847320969992e-06;26847;0.004301025997847319;0.6155075430870056;0.7449532151222229;0.5666019320487976
117;0.7408829927444458;1.0413247887420506e-06;26634;0.004289532545953989;0.6023319959640503;0.7532188892364502;0.5545110702514648
118;0.7444135546684265;1.0438081648381118e-06;25566;0.004277960862964392;0.5967280864715576;0.751950204372406;0.5567327737808228
119;0.7452585101127625;1.0462974633484872e-06;25998;0.004266311880201101;0.5955948829650879;0.7469070553779602;0.5693901181221008
120;0.7452911734580994;1.048792698397091e-06;26466;0.004254585597664118;0.595684826374054;0.7525578737258911;0.5497862100601196
121;0.747453510761261;1.0512938841415204e-06;26552;0.004242782946676016;0.5891950130462646;0.7540832161903381;0.5499828457832336
122;0.7511590123176575;1.0538010347731369e-06;25074;0.004230904392898083;0.586504340171814;0.7513957619667053;0.5517820715904236
123;0.7453489899635315;1.0563141645171444e-06;26153;0.004218950401991606;0.5904077887535095;0.7484347820281982;0.5650711059570312
124;0.7479952573776245;1.0588332876326727e-06;25793;0.004206920973956585;0.5879144072532654;0.7470208406448364;0.5607002377510071
125;0.7465961575508118;1.0613584184128564e-06;25084;0.004194817505776882;0.5909498333930969;0.746873140335083;0.5590006113052368
126;0.7475279569625854;1.0638895711849167e-06;26116;0.0041826399974524975;0.5892373919487;0.7467908263206482;0.5715386867523193
127;0.74736487865448;1.0664267603102436e-06;25491;0.004170388914644718;0.591705858707428;0.7417646050453186;0.5693005323410034
128;0.747530996799469;1.0689700001844747e-06;25311;0.004158065188676119;0.5886694192886353;0.741658091545105;0.5698577165603638
129;0.7467120885848999;1.0715193052375807e-06;24340;0.004145669285207987;0.5873932242393494;0.7453889846801758;0.5749411582946777
130;0.7428431510925293;1.074074689933944e-06;25194;0.004133201669901609;0.5954462885856628;0.7541824579238892;0.5534493327140808
131;0.7465789318084717;1.076636168772442e-06;24493;0.004120662342756987;0.5946474075317383;0.7508655190467834;0.5550621747970581
132;0.7466599941253662;1.0792037562865301e-06;24186;0.00410805270075798;0.5891789793968201;0.7539427876472473;0.5544211268424988
133;0.7467014789581299;1.0817774670443225e-06;24008;0.004095372743904591;0.5891867280006409;0.746502697467804;0.5589827299118042
134;0.7466118931770325;1.0843573156486765e-06;23903;0.004082623403519392;0.5885147452354431;0.7528411746025085;0.5483341217041016
135;0.748897135257721;1.0869433167372746e-06;23676;0.004069805145263672;0.5859126448631287;0.7537176012992859;0.550731360912323
136;0.7470362186431885;1.089535484982707e-06;23522;0.00405691796913743;0.5895463824272156;0.7494975924491882;0.5594872832298279
137;0.7482240200042725;1.092133835092556e-06;24243;0.004043963272124529;0.5873562097549438;0.7513740062713623;0.5562896132469177
138;0.7517086267471313;1.0947383818094788e-06;24408;0.004030941519886255;0.5801464915275574;0.7521802186965942;0.5613552331924438
139;0.7471487522125244;1.0973491399112911e-06;23432;0.004017852246761322;0.5882996320724487;0.7538604736328125;0.5547191500663757
140;0.7496791481971741;1.0999661242110512e-06;23101;0.004004697315394878;0.5884685516357422;0.7282862663269043;0.5805534720420837
141;0.7484918832778931;1.1025893495571438e-06;23231;0.003991476725786924;0.5897685289382935;0.7326297760009766;0.5973118543624878
142;0.7493834495544434;1.1052188308333647e-06;23389;0.0039781914092600346;0.5870636701583862;0.7553760409355164;0.5481425523757935
143;0.7464039921760559;1.1078545829590046e-06;23179;0.003964841365814209;0.5900471210479736;0.7502409219741821;0.5577298402786255
144;0.7473639249801636;1.110496620888934e-06;23409;0.003951427061110735;0.5921738147735596;0.7558191418647766;0.5477262735366821
145;0.7528783082962036;1.1131449596136882e-06;23036;0.003937949892133474;0.5832036733627319;0.7527443170547485;0.5557736754417419
146;0.7508300542831421;1.115799614159553e-06;22782;0.0039244103245437145;0.5845102667808533;0.750870406627655;0.5601055026054382
147;0.7522173523902893;1.1184605995886477e-06;23421;0.0039108083583414555;0.5813766717910767;0.7348232865333557;0.5931372046470642
148;0.7525505423545837;1.1211279309990142e-06;24016;0.003897144692018628;0.5854775309562683;0.7583516240119934;0.5459910035133362
149;0.7371671795845032;1.1238016235246986e-06;23539;0.003883420256897807;0.6069963574409485;0.7452606558799744;0.5638351440429688
150;0.7447203993797302;1.1264816923358397e-06;23211;0.0038696357514709234;0.5913060903549194;0.7480860948562622;0.5602200031280518
151;0.7506974935531616;1.1291681526387554e-06;22319;0.0038557914085686207;0.5853841304779053;0.7522019743919373;0.5533788800239563
152;0.7475570440292358;1.1318610196760264e-06;23087;0.00384188792668283;0.590203583240509;0.7318792343139648;0.5925191044807434
153;0.7500150799751282;1.1345603087265852e-06;22256;0.003827926004305482;0.5858231782913208;0.7549838423728943;0.5591742992401123
154;0.7456231713294983;1.1372660351058014e-06;22467;0.003813906107097864;0.590643584728241;0.7501609921455383;0.5516055226325989
155;0.7484331727027893;1.13997821416557e-06;21938;0.003799829166382551;0.5872485041618347;0.7487615942955017;0.5564435124397278
156;0.7485303282737732;1.1426968612943963e-06;23129;0.0037856954149901867;0.5878520607948303;0.753458559513092;0.5512843132019043
157;0.748991847038269;1.1454219919174852e-06;22109;0.0037715057842433453;0.5883896350860596;0.7520979046821594;0.5498153567314148
158;0.7509662508964539;1.1481536214968279e-06;22041;0.0037572605069726706;0.5851166844367981;0.7533762454986572;0.5509467124938965
159;0.7463180422782898;1.1508917655312897e-06;21694;0.003742960747331381;0.5897683501243591;0.752066433429718;0.554361879825592
160;0.7495889663696289;1.153636439556698e-06;22242;0.0037286067381501198;0.5855473279953003;0.7568045258522034;0.5482614040374756
161;0.7452376484870911;1.1563876591459303e-06;21823;0.0037141991779208183;0.592079758644104;0.7482410669326782;0.5662036538124084
162;0.7471829652786255;1.1591454399090025e-06;21749;0.003699738532304764;0.5936225652694702;0.7503861784934998;0.5595791935920715
163;0.7486177682876587;1.1619097974931582e-06;21337;0.0036852259654551744;0.587840735912323;0.7451735138893127;0.5711914896965027
164;0.7491716146469116;1.164680747582956e-06;21861;0.0036706614773720503;0.5879136323928833;0.7475026249885559;0.5622736811637878
165;0.751754641532898;1.167458305900361e-06;21677;0.0036560462322086096;0.5831719636917114;0.7514320611953735;0.5593094229698181
166;0.7500595450401306;1.1702424882048304e-06;20842;0.003641380462795496;0.5856989026069641;0.7465874552726746;0.5774770975112915
167;0.7508394122123718;1.1730333102934062e-06;20983;0.003626665100455284;0.5854485630989075;0.7555164694786072;0.5518341660499573
168;0.7489794492721558;1.1758307880008035e-06;21547;0.0036119006108492613;0.5863048434257507;0.7550201416015625;0.5543397665023804
169;0.7467229962348938;1.1786349371995002e-06;20554;0.0035970876924693584;0.5878109931945801;0.754402756690979;0.5522721409797668
170;0.7479910254478455;1.1814457737998271e-06;20859;0.0035822270438075066;0.5899094939231873;0.7505168914794922;0.5614396929740906
171;0.7556831240653992;1.1842633137500583e-06;21522;0.0035673193633556366;0.5747109651565552;0.7453623414039612;0.5707774758338928
172;0.7497850656509399;1.1870875730365024e-06;20456;0.003552365116775036;0.5831484198570251;0.7529743313789368;0.5533304214477539
173;0.7452009916305542;1.1899185676835917e-06;20986;0.0035373650025576353;0.594046413898468;0.7179723978042603;0.5936223268508911
174;0.7348087430000305;1.1927563137539742e-06;20690;0.003522319719195366;0.6063602566719055;0.7544100284576416;0.5507948398590088
175;0.747763454914093;1.1956008273486048e-06;20684;0.0035072301980108023;0.5866016745567322;0.7524223327636719;0.552203357219696
176;0.7465831637382507;1.1984521246068362e-06;20562;0.0034920964390039444;0.5902032852172852;0.7560006976127625;0.5489702224731445
177;0.7476160526275635;1.2013102217065101e-06;20435;0.003476919839158654;0.5907747149467468;0.7575066685676575;0.5474657416343689
178;0.749412477016449;1.2041751348640503e-06;20819;0.0034617006313055754;0.5857394933700562;0.7544318437576294;0.5516880750656128
179;0.7470304369926453;1.2070468803345535e-06;20290;0.003446439513936639;0.588535726070404;0.7542672157287598;0.5523645281791687
180;0.7505068182945251;1.2099254744118818e-06;19860;0.0034311371855437756;0.5834498405456543;0.7499406933784485;0.5671391487121582
181;0.7524757981300354;1.2128109334287556e-06;20824;0.0034157943446189165;0.581886887550354;0.7565527558326721;0.5562357306480408
182;0.7497202754020691;1.2157032737568457e-06;20232;0.0034004116896539927;0.5853954553604126;0.7543519139289856;0.5591331720352173
183;0.749455451965332;1.2186025118068668e-06;20939;0.003384989919140935;0.5886528491973877;0.7501222491264343;0.5586972236633301
184;0.7484958171844482;1.22150866402867e-06;19905;0.0033695294987410307;0.59128737449646;0.7527104020118713;0.562650203704834
185;0.749039351940155;1.2244217469113359e-06;20589;0.0033540313597768545;0.5912020802497864;0.7555310130119324;0.5556234121322632
186;0.7508766651153564;1.2273417769832697e-06;20074;0.0033384962007403374;0.58732008934021;0.7530033588409424;0.5657462477684021
187;0.7501645684242249;1.2302687708122937e-06;19744;0.0033229244872927666;0.5883205533027649;0.7480207681655884;0.5655504465103149
188;0.7501325011253357;1.2332027450057406e-06;20493;0.003307316917926073;0.5896525382995605;0.7450476288795471;0.5745284557342529
189;0.7509819865226746;1.2361437162105496e-06;20703;0.0032916744239628315;0.5889111161231995;0.7578262090682983;0.5465134382247925
190;0.751537024974823;1.2390917011133597e-06;19745;0.003275997471064329;0.5859479904174805;0.7554486989974976;0.5673361420631409
191;0.7513527274131775;1.2420467164406045e-06;20749;0.003260286757722497;0.5879172086715698;0.7587801218032837;0.5500118732452393
192;0.754571259021759;1.2450087789586071e-06;20543;0.003244542982429266;0.58087158203125;0.7512384057044983;0.5638609528541565
193;0.7514674067497253;1.2479779054736754e-06;20749;0.003228766843676567;0.5862752795219421;0.75412917137146;0.5510919690132141
194;0.7497992515563965;1.250954112832198e-06;20685;0.0032129590399563313;0.5883562564849854;0.7481756806373596;0.5677069425582886
195;0.7479713559150696;1.2539374179207378e-06;19269;0.0031971202697604895;0.5934247374534607;0.7384307384490967;0.5762209296226501
196;0.7524654865264893;1.2569278376661303e-06;19482;0.0031812512315809727;0.5848087072372437;0.750599205493927;0.5572046041488647
197;0.7511520385742188;1.2599253890355782e-06;19622;0.003165352623909712;0.5852051973342896;0.7572839260101318;0.549800455570221
198;0.7528513669967651;1.2629300890367483e-06;19032;0.003149425145238638;0.5857070088386536;0.7450137138366699;0.5659620761871338
199;0.7505204677581787;1.265941954717867e-06;19305;0.003133469494059682;0.5875535607337952;0.7563808560371399;0.5471727848052979
200;0.7521196007728577;1.268961003167818e-06;19323;0.0031174863688647747;0.582871675491333;0.7531607747077942;0.5543091893196106
201;0.7495629191398621;1.2719872515162391e-06;19560;0.0031014762353152037;0.5886102914810181;0.7485243082046509;0.5723651647567749
202;0.748494029045105;1.2750207169336197e-06;19142;0.003085440257564187;0.5907498002052307;0.7555407285690308;0.550798773765564
203;0.7508043050765991;1.2780614166313965e-06;19131;0.003069378901273012;0.5851854085922241;0.7555503845214844;0.5537171363830566
204;0.7524769902229309;1.281109367862054e-06;19057;0.0030532926321029663;0.5827977657318115;0.7582402229309082;0.54697585105896
205;0.7528226375579834;1.2841645879192197e-06;19287;0.0030371826142072678;0.5822715163230896;0.7595016360282898;0.5480802655220032
206;0.7531776428222656;1.2872270941377642e-06;19687;0.00302104908041656;0.5836563110351562;0.7571725249290466;0.5484438538551331
207;0.7548720836639404;1.2902969038938976e-06;18625;0.003004893194884062;0.5789480209350586;0.7551557421684265;0.551213800907135
208;0.7545376420021057;1.29337403460527e-06;18661;0.00298871542327106;0.5830518007278442;0.7337265014648438;0.5831782221794128
209;0.752963662147522;1.29645850373107e-06;18701;0.0029725164640694857;0.5841609835624695;0.7539742588996887;0.5567284226417542
210;0.7489673495292664;1.299550328772122e-06;19043;0.00295629701577127;0.5860080122947693;0.758613109588623;0.5463550686836243
211;0.7497396469116211;1.3026495272709879e-06;18934;0.0029400577768683434;0.5887370109558105;0.7444956302642822;0.5626396536827087
212;0.7474187612533569;1.3057561168120648e-06;18629;0.0029237994458526373;0.5864214897155762;0.7578722238540649;0.5462269186973572
213;0.7490257620811462;1.308870115021686e-06;19222;0.0029075229540467262;0.5867707133293152;0.7555140852928162;0.5512468218803406
214;0.7489821314811707;1.3119915395682198e-06;18463;0.0028912287671118975;0.5832611322402954;0.7505508065223694;0.5535152554512024
215;0.7486280798912048;1.3151204081621713e-06;18250;0.0028749178163707256;0.5897347331047058;0.7524126172065735;0.5596742033958435
216;0.7470779418945312;1.3182567385562814e-06;18431;0.002858590567484498;0.5882866382598877;0.7562161684036255;0.5475417375564575
217;0.7505376935005188;1.3214005485456288e-06;18535;0.0028422479517757893;0.585218608379364;0.7556787133216858;0.5502691268920898
218;0.7523229718208313;1.3245518559677294e-06;18144;0.0028258904349058867;0.5838056206703186;0.7536522150039673;0.5528765320777893
219;0.7496479749679565;1.3277106787026394e-06;17701;0.002809518948197365;0.5864995718002319;0.7513691186904907;0.5577276349067688
220;0.7498867511749268;1.330877034673055e-06;18128;0.0027931341901421547;0.5883837938308716;0.7577390670776367;0.5498417019844055
221;0.7524334192276001;1.3340509418444157e-06;18032;0.0027767368592321873;0.58583664894104;0.7574194669723511;0.5493123531341553
222;0.7514541149139404;1.3372324182250043e-06;18317;0.00276032742112875;0.5843292474746704;0.7590634226799011;0.5465816855430603
223;0.7517994046211243;1.3404214818660512e-06;18235;0.0027439070399850607;0.5820246338844299;0.7593684792518616;0.5449563264846802
224;0.7515996694564819;1.343618150861835e-06;18117;0.002727476181462407;0.5831529498100281;0.7464131116867065;0.5661134123802185
225;0.7500492334365845;1.3468224433497869e-06;18524;0.00271103554405272;0.5879265069961548;0.7600076794624329;0.5465387105941772
226;0.755894660949707;1.3500343775105917e-06;18723;0.0026945858262479305;0.5788338780403137;0.7560588121414185;0.5526206493377686
227;0.7527130842208862;1.3532539715682926e-06;18330;0.002678127959370613;0.5822127461433411;0.7582910656929016;0.5462740063667297
228;0.7536724209785461;1.3564812437903939e-06;17848;0.002661662409082055;0.5807698965072632;0.7590125799179077;0.5481585264205933
229;0.7523635029792786;1.359716212487964e-06;18364;0.0026451898738741875;0.581056535243988;0.7614990472793579;0.5410613417625427
230;0.7540574073791504;1.3629588960157405e-06;17847;0.0026287115179002285;0.5813347697257996;0.761043906211853;0.5421890020370483
231;0.745029091835022;1.3662093127722343e-06;18018;0.002612227573990822;0.5935124754905701;0.7574872970581055;0.5483295917510986
232;0.7534920573234558;1.3694674811998325e-06;17569;0.002595738973468542;0.580548107624054;0.7552477717399597;0.5546117424964905
233;0.7579087615013123;1.3727334197849046e-06;17579;0.0025792464148253202;0.5746729373931885;0.7522698044776917;0.5575679540634155
234;0.7568056583404541;1.3760071470579068e-06;18025;0.0025627505965530872;0.5770307183265686;0.7558166980743408;0.553504467010498
235;0.7533349990844727;1.379288681593487e-06;17472;0.002546252217143774;0.5826111435890198;0.7592716217041016;0.547014057636261
236;0.7538951635360718;1.3825780420105907e-06;18824;0.0025297519750893116;0.5830255746841431;0.7483935952186584;0.5647334456443787
237;0.7516659498214722;1.3858752469725661e-06;17268;0.0025132508017122746;0.5859788060188293;0.7547731995582581;0.5584219694137573
238;0.7481968402862549;1.38918031518727e-06;17320;0.00249674916267395;0.590309202671051;0.7577317953109741;0.5498473048210144
239;0.7468564510345459;1.392493265407174e-06;17591;0.002480247989296913;0.5936345458030701;0.7560612559318542;0.5554677844047546
240;0.752036988735199;1.3958141164294722e-06;17323;0.0024637477472424507;0.5834662318229675;0.7594120502471924;0.5473295450210571
241;0.7555766105651855;1.3991428870961852e-06;17203;0.0024472493678331375;0.5786148309707642;0.759574294090271;0.546059787273407
242;0.7546460032463074;1.4024795962942692e-06;16971;0.0024307535495609045;0.5789425373077393;0.7600342631340027;0.5483046174049377
243;0.7530710697174072;1.4058242629557228e-06;17196;0.0024142609909176826;0.5817997455596924;0.7549354434013367;0.5501931309700012
244;0.7532454133033752;1.4091769060576934e-06;16797;0.002397772390395403;0.583350658416748;0.7571967244148254;0.5485002994537354
245;0.7547204494476318;1.412537544622586e-06;17456;0.0023812884464859962;0.5808018445968628;0.7579134106636047;0.548485517501831
246;0.7541100382804871;1.4159061977181702e-06;17236;0.0023648100905120373;0.5828658938407898;0.7549208998680115;0.5517444014549255
247;0.7539348006248474;1.4192828844576899e-06;16487;0.0023483375553041697;0.5825552940368652;0.7588552236557007;0.5473541617393494
248;0.7555557489395142;1.4226676239999691e-06;17343;0.0023318722378462553;0.5804343819618225;0.7590174078941345;0.5485817193984985
249;0.7520977854728699;1.4260604355495238e-06;17057;0.0023154141381382942;0.5841519236564636;0.7560225129127502;0.55157870054245
250;0.7534826993942261;1.4294613383566686e-06;16944;0.0022989644203335047;0.5808987021446228;0.7591311931610107;0.5485910773277283
251;0.7557218670845032;1.4328703517176268e-06;16966;0.0022825237829238176;0.5800930261611938;0.7575526237487793;0.5483226180076599
252;0.756034791469574;1.4362874949746398e-06;16475;0.002266092924401164;0.5767443776130676;0.7542889714241028;0.5529166460037231
253;0.7554692029953003;1.4397127875160767e-06;16567;0.002249672543257475;0.580958366394043;0.7527201175689697;0.5564102530479431
254;0.7575004696846008;1.4431462487765446e-06;17178;0.002233263337984681;0.575063943862915;0.7619227766990662;0.5416708588600159
255;0.7555996179580688;1.4465878982369992e-06;16231;0.00221686577424407;0.579849362373352;0.7582111954689026;0.5484492778778076
256;0.7542153596878052;1.4500377554248539e-06;16426;0.00220048101618886;0.58250892162323;0.7611867189407349;0.5433425307273865
257;0.7533546686172485;1.4534958399140923e-06;16230;0.002184109529480338;0.5824375152587891;0.7488293647766113;0.5638879537582397
258;0.754474401473999;1.4569621713253778e-06;16639;0.0021677520126104355;0.5796547532081604;0.755928099155426;0.5515307784080505
259;0.7537387013435364;1.4604367693261664e-06;16574;0.0021514093969017267;0.5810089707374573;0.7551290988922119;0.5572400093078613
260;0.7537311315536499;1.4639196536308173e-06;16197;0.002135082148015499;0.5829373002052307;0.7617459893226624;0.5426831841468811
261;0.7545815706253052;1.4674108440007044e-06;16580;0.0021187711972743273;0.5828830003738403;0.7566980123519897;0.5489301681518555
262;0.7526603937149048;1.4709103602443295e-06;17008;0.0021024770103394985;0.5835075974464417;0.76100754737854;0.5438035130500793
263;0.7553704977035522;1.4744182222174343e-06;16935;0.0020862005185335875;0.5809156894683838;0.7549862861633301;0.55623459815979
264;0.7543830275535583;1.4779344498231123e-06;16649;0.0020699421875178814;0.5832643508911133;0.7546666860580444;0.5718768239021301
265;0.7545034885406494;1.4814590630119232e-06;16917;0.0020537031814455986;0.5812516808509827;0.7586227655410767;0.5464139580726624
266;0.7541518211364746;1.4849920817820047e-06;16262;0.0020374837331473827;0.5822576284408569;0.7557222843170166;0.5566595792770386
267;0.7537133097648621;1.4885335261791872e-06;15862;0.0020212845411151648;0.5830071568489075;0.7500980496406555;0.5691542029380798
268;0.7546190619468689;1.4920834162971058e-06;16290;0.002005106769502163;0.5832112431526184;0.7613756060600281;0.5411322116851807
269;0.7548956871032715;1.4956417722773159e-06;16510;0.0019889508839696646;0.5800480842590332;0.7611528635025024;0.5446542501449585
270;0.7540331482887268;1.4992086143094075e-06;15746;0.001972817350178957;0.581299364566803;0.7581482529640198;0.5464760661125183
271;0.7580963969230652;1.5027839626311184e-06;16945;0.0019567073322832584;0.5769420266151428;0.7403482794761658;0.5947338342666626
272;0.756939709186554;1.5063678375284503e-06;15995;0.0019406211795285344;0.5817071795463562;0.7528169751167297;0.5616881847381592
273;0.7526504397392273;1.5099602593357834e-06;15834;0.0019245597068220377;0.5867664217948914;0.7575163245201111;0.5488877296447754
274;0.7559313178062439;1.5135612484359918e-06;16229;0.001908523729071021;0.5790985822677612;0.7602521777153015;0.5461874604225159
275;0.7549371719360352;1.5171708252605588e-06;16115;0.0018925137119367719;0.5789839625358582;0.7613005042076111;0.5428856015205383
276;0.7529805898666382;1.5207890102896936e-06;16520;0.0018765305867418647;0.5836626887321472;0.7380263805389404;0.57867830991745
277;0.7489752173423767;1.524415824052447e-06;15265;0.0018605748191475868;0.5937871932983398;0.7458102703094482;0.5753758549690247
278;0.7533035278320312;1.5280512871268278e-06;15444;0.001844647340476513;0.5860985517501831;0.7485291957855225;0.571625828742981
279;0.7540613412857056;1.53169542013992e-06;15400;0.001828748732805252;0.585345447063446;0.7513449192047119;0.5603583455085754
280;0.753079891204834;1.5353482437679996e-06;15685;0.0018128796946257353;0.585150420665741;0.754809558391571;0.5625595450401306
281;0.7533658742904663;1.5390097787366513e-06;15779;0.0017970410408452153;0.5855597853660583;0.7579376101493835;0.5512554049491882
282;0.7522560954093933;1.5426800458208874e-06;15775;0.0017812332371249795;0.5881571173667908;0.7523981332778931;0.5604732036590576
283;0.751752495765686;1.5463590658452643e-06;15820;0.0017654570983722806;0.5896804928779602;0.7563202977180481;0.5536686182022095
284;0.749903678894043;1.5500468596840018e-06;15683;0.0017497133230790496;0.5905871391296387;0.7546133995056152;0.5583852529525757
285;0.7493674159049988;1.553743448261101e-06;15697;0.0017340026097372174;0.5914146900177002;0.7557610273361206;0.5552816987037659
286;0.754265308380127;1.5574488525504622e-06;15666;0.0017183255404233932;0.5833325982093811;0.750306248664856;0.5871691107749939
287;0.7524406909942627;1.5611630935760064e-06;15929;0.0017026830464601517;0.5856053233146667;0.7539234161376953;0.5550786852836609
288;0.7540213465690613;1.5648861924117913e-06;15857;0.0016870754770934582;0.5834174156188965;0.7488778233528137;0.5690598487854004
289;0.7525805234909058;1.5686181701821334e-06;16060;0.0016715037636458874;0.5851778984069824;0.7575865387916565;0.5513131022453308
290;0.7511420845985413;1.572359048061727e-06;15272;0.0016559684881940484;0.587548553943634;0.7519235610961914;0.5676448345184326
291;0.7528746724128723;1.5761088472757637e-06;15648;0.001640470465645194;0.5860100984573364;0.7519453763961792;0.5585709810256958
292;0.7512707114219666;1.579867589100054e-06;16303;0.0016250101616606116;0.5880711674690247;0.755715012550354;0.5520718693733215
293;0.7539835572242737;1.5836352948611476e-06;15659;0.001609588274732232;0.5839786529541016;0.7553324699401855;0.5542356371879578
294;0.7524667382240295;1.5874119859364534e-06;15539;0.0015942056197673082;0.5867613554000854;0.7543664574623108;0.5584028959274292
295;0.7525956630706787;1.5911976837543627e-06;15520;0.001578862895257771;0.5864633917808533;0.7566859126091003;0.5495842099189758
296;0.7514317035675049;1.594992409794369e-06;15230;0.0015635605668649077;0.5889508724212646;0.755480170249939;0.5550885200500488
297;0.7516178488731384;1.5987961855871908e-06;15823;0.0015482994494959712;0.5893074870109558;0.75820392370224;0.5518350005149841
298;0.7533434629440308;1.6026090327148935e-06;15423;0.0015330802416428924;0.5872064232826233;0.758339524269104;0.5483408570289612
299;0.7542489767074585;1.6064309728110126e-06;15693;0.0015179035253822803;0.5842412710189819;0.7603175640106201;0.5486942529678345
300;0.7538760900497437;1.6102620275606747e-06;15047;0.0015027698827907443;0.5834637880325317;0.7432898879051208;0.6001524329185486
301;0.756396472454071;1.6141022187007223e-06;15319;0.0014876802451908588;0.5804687738418579;0.758320152759552;0.5480292439460754
302;0.7556819319725037;1.6179515680198363e-06;15334;0.0014726349618285894;0.5790597796440125;0.7446408867835999;0.5845963954925537
303;0.7536545991897583;1.6218100973586596e-06;15234;0.0014576349640265107;0.5834513902664185;0.7599108219146729;0.5456907749176025
304;0.7546411752700806;1.6256778286099213e-06;15896;0.00144268071744591;0.58005291223526;0.7586663365364075;0.5472173690795898
305;0.7542041540145874;1.6295547837185605e-06;15638;0.0014277729205787182;0.5812271237373352;0.7525578737258911;0.5653225779533386
306;0.7552679181098938;1.6334409846818521e-06;14965;0.0014129122719168663;0.5843758583068848;0.7561193704605103;0.5542491674423218
307;0.7550872564315796;1.63733645354953e-06;15051;0.0013980993535369635;0.5857206583023071;0.7417137622833252;0.5934889912605286
308;0.7551248073577881;1.6412412124239117e-06;15230;0.0013833348639309406;0.5821535587310791;0.7538943290710449;0.5549711585044861
309;0.7539423704147339;1.6451552834600268e-06;14751;0.0013686195015907288;0.5850461721420288;0.7603223919868469;0.5451062917709351
310;0.7574965357780457;1.6490786888657397e-06;14736;0.001353953848592937;0.5786409974098206;0.7595863938331604;0.5509847402572632
311;0.7561301589012146;1.6530114509018766e-06;14771;0.0013393384870141745;0.5789032578468323;0.7550709843635559;0.5616779327392578
312;0.7570900917053223;1.656953591882352e-06;14722;0.0013247741153463721;0.5783931016921997;0.7603054642677307;0.5460500717163086
313;0.7543203830718994;1.6609051341742957e-06;14835;0.001310261432081461;0.5822435617446899;0.7617411613464355;0.5447779297828674
314;0.7590935826301575;1.6648661001981782e-06;14462;0.0012958009028807282;0.5771902203559875;0.744088888168335;0.5673028230667114
315;0.7587537169456482;1.668836512427939e-06;14026;0.0012813933426514268;0.5739046335220337;0.7368909120559692;0.5809771418571472
316;0.7553272247314453;1.6728163933911149e-06;15057;0.0012670393334701657;0.5792544484138489;0.7611407041549683;0.5433770418167114
317;0.7545858025550842;1.676805765668966e-06;14717;0.0012527394574135542;0.580027163028717;0.7496985793113708;0.5729522705078125
318;0.7540307641029358;1.680804651896605e-06;14632;0.0012384942965582013;0.5829769372940063;0.7577027678489685;0.5452961921691895
319;0.7536881566047668;1.6848130747631258e-06;13873;0.001224304549396038;0.5816338658332825;0.751579761505127;0.5590729117393494
320;0.755204975605011;1.6888310570117307e-06;14742;0.0012101709144189954;0.579440712928772;0.7549039721488953;0.5558845400810242
321;0.7560593485832214;1.692858621439862e-06;14676;0.0011960938572883606;0.5803252458572388;0.7585912942886353;0.5460419058799744
322;0.7555590867996216;1.6968957908993285e-06;15539;0.0011820740764960647;0.5809981226921082;0.748243510723114;0.57789546251297
323;0.7549459338188171;1.7009425882964372e-06;14816;0.0011681121541187167;0.5805069208145142;0.7461734414100647;0.5810175538063049
324;0.7556765079498291;1.7049990365921225e-06;14621;0.001154208672232926;0.5800378322601318;0.7600439786911011;0.5451083183288574
325;0.7575585842132568;1.709065158802077e-06;14364;0.0011403643293306231;0.57835453748703;0.761753261089325;0.5433535575866699
326;0.7585091590881348;1.713140977996881e-06;14461;0.0011265797074884176;0.5751710534095764;0.7513618469238281;0.5637036561965942
327;0.758469820022583;1.7172265173021343e-06;14107;0.0011128552723675966;0.5751691460609436;0.7504926919937134;0.559318482875824
328;0.7548790574073792;1.7213217998985875e-06;15273;0.001099191838875413;0.5824462175369263;0.7604652643203735;0.5426954627037048
329;0.7579910755157471;1.7254268490222724e-06;14626;0.0010855898726731539;0.5774126052856445;0.7544318437576294;0.5580297708511353
330;0.7551020979881287;1.729541687964636e-06;14434;0.0010720499558374286;0.5826922655105591;0.7586203813552856;0.5481649041175842
331;0.7556970715522766;1.7336663400726696e-06;14959;0.001058572786860168;0.5807532072067261;0.7570248246192932;0.5504899621009827
332;0.7566700577735901;1.7378008287490443e-06;14034;0.0010451588314026594;0.5797305107116699;0.7588382363319397;0.5493432283401489
333;0.7564842104911804;1.741945177452242e-06;14020;0.0010318087879568338;0.5797610282897949;0.7563009262084961;0.5538641214370728
334;0.7565156817436218;1.7460994096966886e-06;14488;0.0010185231221839786;0.5820262432098389;0.7600681781768799;0.5486139059066772
335;0.753088653087616;1.7502635490528885e-06;14277;0.0010053025325760245;0.5886565446853638;0.7551121711730957;0.557640016078949
336;0.7525687217712402;1.7544376191475568e-06;14271;0.000992147484794259;0.5853415727615356;0.7592280507087708;0.5484046936035156
337;0.753993809223175;1.758621643663755e-06;14352;0.0009790586773306131;0.5851781368255615;0.7542284727096558;0.5541069507598877
338;0.7529903054237366;1.7628156463410236e-06;14357;0.000966036634054035;0.5827661752700806;0.758085310459137;0.555504322052002
339;0.7550460696220398;1.7670196509755182e-06;14208;0.0009530818788334727;0.5818260908126831;0.7528992891311646;0.552882969379425
340;0.7554013729095459;1.7712336814201444e-06;14257;0.0009401949937455356;0.5797590017318726;0.7504951357841492;0.5574751496315002
341;0.7530496120452881;1.7754577615846922e-06;14225;0.0009273765608668327;0.5824903845787048;0.7575840950012207;0.5474668145179749
342;0.7569366693496704;1.7796919154359724e-06;14284;0.0009146271622739732;0.5780435800552368;0.7498292922973633;0.5681495666503906
343;0.757648766040802;1.7839361669979525e-06;14397;0.0009019473218359053;0.5789106488227844;0.7496235370635986;0.5683443546295166
344;0.7518662810325623;1.7881905403518927e-06;14628;0.0008893375634215772;0.5867510437965393;0.758262038230896;0.5460270643234253
345;0.7545788288116455;1.7924550596364831e-06;14526;0.000876798527315259;0.5834916234016418;0.7450572848320007;0.5807271003723145
346;0.753948450088501;1.7967297490479803e-06;13739;0.0008643306791782379;0.5845275521278381;0.7540904879570007;0.5617843270301819
347;0.7539390325546265;1.8010146328403445e-06;13944;0.0008519346592947841;0.5848709344863892;0.7573323249816895;0.5518577098846436
348;0.7556325793266296;1.8053097353253769e-06;13687;0.0008396108751185238;0.5813843011856079;0.7578867673873901;0.5481748580932617
349;0.7558596134185791;1.8096150808728593e-06;14165;0.0008273599669337273;0.5798183679580688;0.7533714175224304;0.5551985502243042
350;0.755935549736023;1.81393069391069e-06;13976;0.0008151824586093426;0.5782346725463867;0.7589956521987915;0.5445372462272644
351;0.7297831773757935;1.8182565989250238e-06;13683;0.000803078874014318;0.6277914643287659;0.7438395023345947;0.5746123790740967
352;0.7452343106269836;1.822592820460411e-06;13356;0.0007910497370176017;0.6012043952941895;0.750637948513031;0.567783534526825
353;0.7489806413650513;1.826939383119936e-06;12875;0.000779095571488142;0.594133734703064;0.7531922459602356;0.5620366334915161
354;0.7497956156730652;1.8312963115653574e-06;13056;0.0007672169012948871;0.5918522477149963;0.7505072355270386;0.5619766712188721
355;0.7494645714759827;1.8356636305172477e-06;14051;0.0007554142503067851;0.5918093323707581;0.7542599439620972;0.5597084760665894
356;0.7517988085746765;1.8400413647551338e-06;13730;0.0007436880841851234;0.5881333351135254;0.7543253302574158;0.5548335313796997
357;0.753114640712738;1.8444295391176368e-06;13340;0.0007320389850065112;0.5841968059539795;0.7555310130119324;0.5526087284088135
358;0.7527021765708923;1.8488281785026138e-06;13856;0.0007204674766398966;0.5869255065917969;0.7549741864204407;0.5547579526901245
359;0.7509260177612305;1.8532373078672995e-06;13669;0.000708974024746567;0.5896763205528259;0.7532939314842224;0.5582873225212097
360;0.7541687488555908;1.8576569522284464e-06;13120;0.0006975590949878097;0.5790701508522034;0.7540420293807983;0.5586321949958801
361;0.7547600865364075;1.8620871366624681e-06;13237;0.0006862232694402337;0.5817044973373413;0.7545795440673828;0.5544793605804443
362;0.7534263730049133;1.8665278863055809e-06;13293;0.0006749670137651265;0.583302915096283;0.7559837698936462;0.5529249906539917
363;0.7579953074455261;1.8709792263539458e-06;12878;0.0006637907936237752;0.5740134716033936;0.7560006976127625;0.5516342520713806
364;0.7543730139732361;1.8754411820638137e-06;13800;0.0006526950746774673;0.5812763571739197;0.7581797242164612;0.5465224385261536
365;0.7537145018577576;1.8799137787516657e-06;13348;0.0006416804390028119;0.581400990486145;0.7576882243156433;0.5485026240348816
366;0.7554737329483032;1.884397041794359e-06;13802;0.0006307472358457744;0.579815685749054;0.7564316987991333;0.55021733045578
367;0.7534142732620239;1.8888909966292705e-06;12973;0.0006198961054906249;0.5831170082092285;0.7561604976654053;0.5507984757423401
368;0.7527424097061157;1.8933956687544399e-06;13706;0.0006091273971833289;0.5837268233299255;0.7517299056053162;0.5601195693016052
369;0.7534372806549072;1.897911083728716e-06;13571;0.0005984416347928345;0.5834421515464783;0.7533931732177734;0.5556030869483948
370;0.7538343667984009;1.9024372671718998e-06;13245;0.0005878392257727683;0.582069993019104;0.7531704306602478;0.5549737215042114
371;0.7508724331855774;1.9069742447648926e-06;13139;0.0005773206939920783;0.5848034620285034;0.7551388144493103;0.5498406291007996
372;0.7523719668388367;1.911522042249839e-06;13236;0.000566886505112052;0.5875195264816284;0.7537515163421631;0.5616087317466736
373;0.7493888735771179;1.9160806854302744e-06;13411;0.0005565371247939765;0.5897076725959778;0.7528944611549377;0.5626076459884644
374;0.7521665096282959;1.920650200171271e-06;13094;0.0005462729022838175;0.5875112414360046;0.7550056576728821;0.5564895868301392
375;0.752200722694397;1.925230612399585e-06;13633;0.000536094419658184;0.5867549180984497;0.7581530809402466;0.5498613119125366
376;0.7535922527313232;1.9298219481038023e-06;13328;0.0005260020843707025;0.5825463533401489;0.7562912702560425;0.5532481074333191
377;0.7542150616645813;1.934424233334489e-06;13285;0.0005159962456673384;0.5840672850608826;0.7588334083557129;0.5486447215080261
378;0.7536388039588928;1.9390374942043347e-06;13615;0.0005060774274170399;0.5821982026100159;0.7561944127082825;0.5505486726760864
379;0.7566582560539246;1.9436617568883054e-06;13245;0.0004962460952810943;0.5785934925079346;0.7591578364372253;0.5471789240837097
380;0.7543545961380005;1.948297047623788e-06;12999;0.0004865025985054672;0.5823072195053101;0.7566398978233337;0.5464169979095459
381;0.754827618598938;1.9529433927107426e-06;13038;0.00047684740275144577;0.5817906856536865;0.7549644708633423;0.5504003167152405
382;0.7549867630004883;1.9576008185118484e-06;13110;0.0004672809154726565;0.5806640982627869;0.7586300373077393;0.5449579358100891
383;0.7546611428260803;1.9622693514526567e-06;13051;0.0004578035732265562;0.5823666453361511;0.7510640621185303;0.5741928219795227
384;0.7585309743881226;1.966949018021737e-06;13228;0.00044841578346677125;0.5764222741127014;0.7573323249816895;0.5501334071159363
385;0.755230724811554;1.971639844770831e-06;13088;0.00043911795364692807;0.5794927477836609;0.7576640248298645;0.5489009618759155
386;0.7545461654663086;1.976341858315002e-06;13819;0.0004299105203244835;0.583177924156189;0.7551654577255249;0.5539079904556274
387;0.7554770708084106;1.981055085332783e-06;13214;0.0004207938036415726;0.580029308795929;0.7517613768577576;0.5665427446365356
388;0.7547301650047302;1.9857795525663335e-06;12962;0.0004117682983633131;0.5804862976074219;0.7578189969062805;0.5478098392486572
389;0.7544175386428833;1.990515286821587e-06;13430;0.00040283435373567045;0.5801970958709717;0.7570611834526062;0.5497944951057434
390;0.7544277906417847;1.9952623149684044e-06;13087;0.00039399234810844064;0.5799009203910828;0.7499988079071045;0.5827730894088745
391;0.754267692565918;2.000020663940726e-06;12637;0.00038524268893525004;0.5840657949447632;0.7563638687133789;0.5481969714164734
392;0.7555651068687439;2.0047903607367264e-06;12916;0.0003765857545658946;0.5809402465820312;0.7523375749588013;0.5566584467887878
393;0.7568976283073425;2.0095714324189653e-06;13439;0.00036802192335017025;0.5758230686187744;0.7448999285697937;0.5754486322402954
394;0.7534018754959106;2.01436390611454e-06;13075;0.00035955157363787293;0.5853702425956726;0.758029580116272;0.547456681728363
395;0.7571176290512085;2.0191678090152446e-06;12974;0.0003511750837787986;0.5774257779121399;0.7531680464744568;0.5553131699562073
396;0.7548596858978271;2.0239831683777178e-06;12897;0.0003428928030189127;0.5798355937004089;0.7570562958717346;0.5506691932678223
397;0.7554546594619751;2.0288100115236023e-06;13110;0.0003347050806041807;0.5812195539474487;0.7565938830375671;0.5469023585319519
398;0.7558698654174805;2.033648365839698e-06;12980;0.00032661232398822904;0.5815552473068237;0.7594289779663086;0.5452209115028381
399;0.7545812726020813;2.0384982587781165e-06;13483;0.00031861482420936227;0.582362174987793;0.7551509141921997;0.5510151982307434
400;0.7552552223205566;2.0433597178564385e-06;13098;0.0003107129887212068;0.5821954607963562;0.7597752213478088;0.5460637211799622
401;0.755629301071167;2.048232770657869e-06;13536;0.0003029071376658976;0.5815255045890808;0.7588285803794861;0.5454246997833252
402;0.7544946670532227;2.0531174448313955e-06;12992;0.00029519759118556976;0.5828719139099121;0.7603998780250549;0.545642077922821
403;0.7551822662353516;2.0580137680919408e-06;13333;0.0002875847276300192;0.5825323462486267;0.7535578012466431;0.5607163906097412
404;0.7549898028373718;2.0629217682205254e-06;13070;0.0002800688671413809;0.5832974910736084;0.7569836974143982;0.5496030449867249
405;0.7540785670280457;2.0678414730644214e-06;13407;0.00027265032986178994;0.5830837488174438;0.7578020095825195;0.5470248460769653
406;0.755526065826416;2.0727729105373116e-06;13151;0.0002653294359333813;0.5809049010276794;0.7565163969993591;0.5503684282302856
407;0.7543261051177979;2.0777161086194488e-06;12971;0.00025810650549829006;0.5832037925720215;0.7524223327636719;0.5602493286132812
408;0.7539696097373962;2.0826710953578124e-06;12393;0.0002509818586986512;0.5833075046539307;0.7552428841590881;0.5479304194450378
409;0.7554567456245422;2.0876378988662714e-06;13751;0.00024395583022851497;0.5799057483673096;0.759692907333374;0.542839527130127
410;0.7533634305000305;2.092616547325739e-06;13250;0.00023702869657427073;0.5873785018920898;0.7573371529579163;0.5521567463874817
411;0.754392683506012;2.0976070689843356e-06;13215;0.00023020076332613826;0.5831208229064941;0.7581385374069214;0.5488554239273071
412;0.7522715330123901;2.102609492157549e-06;12985;0.0002234723506262526;0.5877137184143066;0.7588552236557007;0.5500137209892273
413;0.7551844120025635;2.107623845228393e-06;12659;0.00021684373496100307;0.5836292505264282;0.750754177570343;0.5605787634849548
414;0.7539560198783875;2.112650156647573e-06;13393;0.00021031520736869425;0.5849323272705078;0.7587850093841553;0.5486130118370056
415;0.7556782960891724;2.11768845493364e-06;13211;0.0002038870588876307;0.5820788741111755;0.7593757510185242;0.5514216423034668
416;0.7550224661827087;2.12273876867316e-06;13239;0.00019755956600420177;0.5844889283180237;0.7582160234451294;0.5485246777534485
417;0.7555266618728638;2.127801126520872e-06;13012;0.00019133301975671202;0.5840058326721191;0.7583564519882202;0.5507680773735046
418;0.756435215473175;2.1328755571998508e-06;12930;0.00018520766752772033;0.5812990665435791;0.7570224404335022;0.5491217970848083
419;0.7536954283714294;2.137962089501672e-06;12970;0.00017918380035553128;0.585440993309021;0.7513061761856079;0.5587676167488098
420;0.7545642852783203;2.1430607522865722e-06;12495;0.00017326166562270373;0.5842767357826233;0.7495750784873962;0.5552012324333191
421;0.7541560530662537;2.1481715744836165e-06;12814;0.0001674415252637118;0.5829987525939941;0.7593757510185242;0.5471779704093933
422;0.7541899085044861;2.15329458509086e-06;12904;0.00016172364121302962;0.5832417011260986;0.7514538764953613;0.5533077120780945
423;0.7542293071746826;2.1584298131755116e-06;12585;0.00015610826085321605;0.5847703218460083;0.7506089210510254;0.5605807304382324
424;0.7516441345214844;2.163577287874103e-06;13265;0.00015059563156682998;0.5870727896690369;0.7545722723007202;0.554463803768158
425;0.7537910342216492;2.16873703839265e-06;12581;0.00014518598618451506;0.5844046473503113;0.7567173838615417;0.550788938999176
426;0.754325807094574;2.173909094006819e-06;12222;0.00013987955753691494;0.5830252170562744;0.7505871057510376;0.5550342202186584
427;0.7539690136909485;2.179093484062095e-06;12546;0.00013467660755850375;0.5828155279159546;0.7575696110725403;0.5484325885772705
428;0.7545703649520874;2.1842902379739456e-06;12823;0.00012957732542417943;0.5831471681594849;0.7592159509658813;0.5453178286552429
429;0.7557203769683838;2.1894993852279905e-06;12828;0.0001245819585165009;0.5849906206130981;0.7584291100502014;0.5497729778289795
430;0.7529966235160828;2.194720955380165e-06;12570;0.00011969072511419654;0.5863072872161865;0.752146303653717;0.5595176219940186
431;0.7553835511207581;2.199954978056894e-06;12544;0.00011490382894407958;0.5812326669692993;0.7585961222648621;0.5483869910240173
432;0.7525602579116821;2.205201482955252e-06;12794;0.00011022148100892082;0.5853248834609985;0.7592401504516602;0.5517491102218628
433;0.7530280947685242;2.2104604998431394e-06;12910;0.00010564389231149107;0.5875965356826782;0.7576882243156433;0.5483976006507874
434;0.7540692090988159;2.2157320585594448e-06;13121;0.00010117125202668831;0.5844789147377014;0.7579666376113892;0.5509588718414307
435;0.7517861127853394;2.2210161890142185e-06;12597;9.680377115728334e-05;0.5882591009140015;0.7585380673408508;0.5479674339294434
436;0.7525117993354797;2.226312921188842e-06;12400;9.25416243262589e-05;0.5874333381652832;0.7558578848838806;0.5559380054473877
437;0.7526143789291382;2.231622285136195e-06;12503;8.838501526042819e-05;0.5886455774307251;0.7539839148521423;0.5539426803588867
438;0.7544087171554565;2.2369443109808304e-06;12480;8.433411130681634e-05;0.5819748044013977;0.7570054531097412;0.5496299266815186
439;0.7536690831184387;2.242279028919141e-06;12355;8.03890943643637e-05;0.5853152275085449;0.7536352872848511;0.5519856810569763
440;0.7537241578102112;2.2476264692195336e-06;12481;7.655013905605301e-05;0.5843165516853333;0.7418977618217468;0.5744917392730713
441;0.7538836598396301;2.2529866622226e-06;12345;7.28174127289094e-05;0.5851407051086426;0.7564679980278015;0.5522323846817017
442;0.7533577084541321;2.2583596383412867e-06;12477;6.919107545400038e-05;0.5867206454277039;0.7578262090682983;0.5493921041488647
443;0.7530580759048462;2.2637454280610737e-06;12496;6.567129457835108e-05;0.5856661796569824;0.7559353709220886;0.5521256327629089
444;0.7510994076728821;2.26914406194014e-06;12477;6.225821562111378e-05;0.5881006121635437;0.758145809173584;0.5500762462615967
445;0.7537153959274292;2.2745555706095425e-06;12164;5.895198410144076e-05;0.5848404169082642;0.757262110710144;0.5515941381454468
446;0.7521544098854065;2.279979984773387e-06;12616;5.5752756452420726e-05;0.586824893951416;0.7572281956672668;0.5509039759635925
447;0.7532130479812622;2.2854173352090025e-06;12859;5.266066364129074e-05;0.5847841501235962;0.757203996181488;0.5510913729667664
448;0.752112627029419;2.290867652767118e-06;12531;4.967584754922427e-05;0.5865150690078735;0.7599204778671265;0.546328067779541
449;0.7541971802711487;2.2963309683720355e-06;12179;4.679843186750077e-05;0.583266019821167;0.7559643983840942;0.5529937148094177
450;0.7518578171730042;2.301807313021805e-06;12310;4.402854756335728e-05;0.5883547067642212;0.7548846006393433;0.5569926500320435
451;0.7529052495956421;2.3072967177884028e-06;12294;4.136631469009444e-05;0.5867184996604919;0.7527419328689575;0.5635455250740051
452;0.752103865146637;2.312799213817906e-06;12695;3.881184966303408e-05;0.5878768563270569;0.760554850101471;0.5456356406211853
453;0.7525021433830261;2.318314832330669e-06;12582;3.636526162154041e-05;0.58710116147995;0.7592498660087585;0.5477322340011597
454;0.7523093223571777;2.323843604621501e-06;12499;3.4026659704977646e-05;0.5880468487739563;0.7499043941497803;0.5601974725723267
455;0.7512174248695374;2.3293855620598454e-06;12701;3.179614577675238e-05;0.588992178440094;0.7595234513282776;0.5471996068954468
456;0.7514525651931763;2.334940736089955e-06;12351;2.9673819881281815e-05;0.5873938202857971;0.7495363354682922;0.5689136385917664
457;0.7517113089561462;2.3405091582310725e-06;12364;2.7659772968036123e-05;0.587522029876709;0.7588648796081543;0.5491205453872681
458;0.7513763308525085;2.346090860077606e-06;12283;2.575409052951727e-05;0.5904258489608765;0.7537200450897217;0.5547240972518921
459;0.7508430480957031;2.351685873299315e-06;12448;2.395685987721663e-05;0.5894589424133301;0.7584024667739868;0.5522564053535461
460;0.749610424041748;2.357294229641481e-06;12898;2.226815740868915e-05;0.5932494401931763;0.7493135929107666;0.5649113655090332
461;0.7524128556251526;2.3629159609250957e-06;12399;2.0688059521489777e-05;0.5875406265258789;0.7577221393585205;0.5475468039512634
462;0.7540791630744934;2.368551099047037e-06;12837;1.921663169923704e-05;0.5863770246505737;0.7506331205368042;0.5642311573028564
463;0.7535095810890198;2.374199675980251e-06;12196;1.785393942554947e-05;0.5891233682632446;0.7515095472335815;0.5572165846824646
464;0.753739595413208;2.3798617237739353e-06;12414;1.6600044546066783e-05;0.5877808332443237;0.7572112679481506;0.5486710667610168
465;0.7528659105300903;2.3855372745537166e-06;12635;1.5454999811481684e-05;0.5890260338783264;0.7592740654945374;0.5494442582130432
466;0.7532811164855957;2.3912263605218388e-06;12299;1.4418856153497472e-05;0.5875523686408997;0.7569255828857422;0.5495604872703552
467;0.7516934871673584;2.3969290139573386e-06;12783;1.3491658137354534e-05;0.5905548334121704;0.7592207789421082;0.5495384931564331
468;0.7504420876502991;2.4026452672162357e-06;12424;1.267344669031445e-05;0.592556893825531;0.7590125799179077;0.5515323281288147
469;0.751586377620697;2.4083751527317117e-06;12522;1.1964258192165289e-05;0.5920728445053101;0.7513740062713623;0.5563328266143799
470;0.7508760690689087;2.4141187030142963e-06;12666;1.1364122656232212e-05;0.5928184390068054;0.758143424987793;0.5507352948188782
471;0.7508527636528015;2.41987595065205e-06;12833;1.087306736735627e-05;0.5922564268112183;0.758419394493103;0.5521296262741089
472;0.7549577355384827;2.4256469283107515e-06;12313;1.0491113243915606e-05;0.5857071876525879;0.7590755224227905;0.550173819065094
473;0.7519676685333252;2.4314316687340813e-06;12300;1.0218276656814851e-05;0.5920689702033997;0.7591336369514465;0.5482894778251648
474;0.7520167231559753;2.4372302047438068e-06;12791;1.0054569429485127e-05;0.5914021134376526;0.7591384649276733;0.5486428737640381
475;0.7502332329750061;2.4430425692399694e-06;12231;9.999999747378752e-06;0.5927151441574097;0.7577850818634033;0.5477576851844788
476;0.7538918256759644;2.4488687952010737e-06;12063;9.999999747378752e-06;0.5869835615158081;0.7570441961288452;0.5551462173461914
477;0.7556386590003967;2.4547089156842703e-06;12106;9.999999747378752e-06;0.5851583480834961;0.7530978322029114;0.5541281700134277
478;0.7510654926300049;2.4605629638255444e-06;12162;9.999999747378752e-06;0.5912156701087952;0.7441856861114502;0.5654898285865784
479;0.755614161491394;2.466430972839907e-06;12070;9.999999747378752e-06;0.5860881805419922;0.7473597526550293;0.5629324316978455
480;0.7495166063308716;2.4723129760215804e-06;12656;9.999999747378752e-06;0.5934396982192993;0.7571362257003784;0.5531454682350159
481;0.7494691014289856;2.4782090067441855e-06;12042;9.999999747378752e-06;0.595411479473114;0.7551146149635315;0.5561879873275757
482;0.752472460269928;2.484119098460937e-06;12159;9.999999747378752e-06;0.589739203453064;0.7544754147529602;0.5555899143218994
483;0.7523444294929504;2.490043284704827e-06;11975;9.999999747378752e-06;0.5902445316314697;0.7563929557800293;0.5553140640258789
484;0.7537592649459839;2.4959815990888175e-06;11989;9.999999747378752e-06;0.5875464081764221;0.7381547093391418;0.6022762656211853
485;0.7518699169158936;2.5019340753060345e-06;11697;9.999999747378752e-06;0.5894278883934021;0.7537345886230469;0.5589057803153992
486;0.7554192543029785;2.5079007471299535e-06;12412;9.999999747378752e-06;0.5888883471488953;0.7544100284576416;0.5524641871452332
487;0.7525266408920288;2.5138816484145956e-06;12188;9.999999747378752e-06;0.589296281337738;0.7529622316360474;0.5528128147125244
488;0.7518027424812317;2.5198768130947155e-06;12267;9.999999747378752e-06;0.591061532497406;0.7584629654884338;0.5493363738059998
489;0.7523093223571777;2.5258862751859975e-06;12282;9.999999747378752e-06;0.5911668539047241;0.7570006251335144;0.5519526600837708
490;0.7532333135604858;2.5319100687852495e-06;12092;9.999999747378752e-06;0.5912013649940491;0.7540904879570007;0.556638777256012
491;0.7548554539680481;2.5379482280705895e-06;12277;9.999999747378752e-06;0.5874401330947876;0.7575598955154419;0.5506362915039062
492;0.7522215843200684;2.544000787301648e-06;11985;9.999999747378752e-06;0.5909802317619324;0.7601602077484131;0.5493251085281372
493;0.7542165517807007;2.5500677808197584e-06;12257;9.999999747378752e-06;0.58798748254776;0.754790186882019;0.5547384023666382
494;0.7571139931678772;2.5561492430481513e-06;12099;9.999999747378752e-06;0.5833848714828491;0.7470861673355103;0.5711434483528137
495;0.7531654834747314;2.5622452084921497e-06;12190;9.999999747378752e-06;0.5894702672958374;0.7575211524963379;0.5495985150337219
496;0.7541049122810364;2.5683557117393672e-06;12284;9.999999747378752e-06;0.5903246402740479;0.7576615810394287;0.5536168217658997
497;0.7539175748825073;2.574480787459903e-06;11946;9.999999747378752e-06;0.5882807970046997;0.7535215020179749;0.573399543762207
498;0.7499778270721436;2.5806204704065367e-06;12143;9.999999747378752e-06;0.5949035286903381;0.7580997943878174;0.5514662265777588
499;0.7539832592010498;2.5867747954149285e-06;12298;9.999999747378752e-06;0.588714063167572;0.7590513229370117;0.5494198203086853
500;0.7405004501342773;2.5929437974038155e-06;12836;0.004700600169599056;0.6207113265991211;0.750889778137207;0.558451235294342
501;0.7471675276756287;2.599127511375209e-06;12763;0.004700548481196165;0.601330041885376;0.7520737051963806;0.5571178793907166
502;0.7513052225112915;2.6053259724145947e-06;12609;0.0047003948129713535;0.5944183468818665;0.7530735731124878;0.5561540722846985
503;0.7521174550056458;2.61153921569113e-06;12304;0.004700138233602047;0.5941184163093567;0.7344310879707336;0.5789534449577332
504;0.7514870762825012;2.6177672764578468e-06;12168;0.004699779208749533;0.5961940288543701;0.7427427172660828;0.5715678334236145
505;0.7454285621643066;2.6240101900518466e-06;12208;0.004699317738413811;0.6069315671920776;0.7432051301002502;0.5957646369934082
506;0.7472202181816101;2.6302679918945046e-06;12566;0.004698753822594881;0.6051036715507507;0.7490739226341248;0.566604495048523
507;0.7478251457214355;2.636540717491671e-06;12501;0.004698086995631456;0.6002259850502014;0.7433915734291077;0.5781893730163574
508;0.7504251003265381;2.6428284024338683e-06;12250;0.004697317723184824;0.5990557670593262;0.7557101845741272;0.5534932017326355
509;0.7483224272727966;2.6491310823964996e-06;12320;0.004696446470916271;0.6014626026153564;0.7411109209060669;0.5743691921234131
510;0.7481831908226013;2.6554487931400453e-06;12030;0.004695472307503223;0.6023619174957275;0.7571604251861572;0.554854691028595
511;0.7504629492759705;2.661781570510269e-06;11973;0.004694396164268255;0.5974699258804321;0.7498801350593567;0.5761370062828064
512;0.7482567429542542;2.6681294504384194e-06;12327;0.004693217109888792;0.6003050208091736;0.7560612559318542;0.5547912120819092
513;0.7501972317695618;2.6744924689414362e-06;11773;0.004691936541348696;0.5956575274467468;0.7531970739364624;0.5573078393936157
514;0.7506024837493896;2.6808706621221516e-06;11906;0.0046905530616641045;0.596638023853302;0.7359805703163147;0.5702117085456848
515;0.7476375102996826;2.6872640661694985e-06;11717;0.00468906806781888;0.5971533060073853;0.7542768716812134;0.554476261138916
516;0.7460846900939941;2.693672717358712e-06;11249;0.004687480628490448;0.6048371195793152;0.7334868311882019;0.57743901014328
517;0.7491286396980286;2.7000966520515385e-06;11522;0.0046857912093400955;0.5977221727371216;0.7557949423789978;0.5579618811607361
518;0.7481692433357239;2.7065359066964414e-06;11571;0.004683999810367823;0.5988529324531555;0.7551726698875427;0.5590806007385254
519;0.7501688003540039;2.7129905178288056e-06;11780;0.004682106431573629;0.5982997417449951;0.7558264136314392;0.5572916269302368
520;0.7469460368156433;2.7194605220711475e-06;11321;0.004680111538618803;0.6037136912345886;0.7443358302116394;0.5709353089332581
521;0.7500211000442505;2.725945956133321e-06;11237;0.004678015131503344;0.5957605838775635;0.7504975199699402;0.5671827793121338
522;0.7497653961181641;2.7324468568127277e-06;11144;0.004675816744565964;0.6020841598510742;0.7564486265182495;0.5572133660316467
523;0.7505013942718506;2.738963260994523e-06;11370;0.004673516843467951;0.5947299003601074;0.7550395131111145;0.5528744459152222
524;0.7482703328132629;2.7454952056518284e-06;11218;0.004671115893870592;0.5993577241897583;0.750674307346344;0.5654244422912598
525;0.7508609294891357;2.7520427278459396e-06;10869;0.004668612964451313;0.5955066680908203;0.7526547312736511;0.5603673458099365
526;0.7503113150596619;2.758605864726535e-06;11134;0.0046660094521939754;0.5960132479667664;0.7576446533203125;0.5488627552986145
527;0.7510927319526672;2.7651846535318913e-06;11149;0.004663304891437292;0.5971415638923645;0.7502796649932861;0.5597814917564392
528;0.7496334314346313;2.77177913158909e-06;10966;0.004660498816519976;0.5973496437072754;0.7472363114356995;0.5706005692481995
529;0.7466242909431458;2.7783893363142312e-06;11226;0.004657592624425888;0.6028810739517212;0.7527734041213989;0.5597161650657654
530;0.7498092651367188;2.7850153052126467e-06;11265;0.004654584918171167;0.5949625968933105;0.7551411986351013;0.5521165728569031
531;0.7500604391098022;2.791657075879111e-06;11291;0.0046514770947396755;0.5938249230384827;0.7587026953697205;0.5484306812286377
532;0.749181866645813;2.7983146859980574e-06;10937;0.0046482691541314125;0.5957759022712708;0.7564074397087097;0.5555099844932556
533;0.7493323087692261;2.8049881733437865e-06;10727;0.004644960165023804;0.5967627167701721;0.7259620428085327;0.6127480864524841
534;0.7470352649688721;2.811677575780687e-06;10704;0.004641551524400711;0.5993803143501282;0.757068395614624;0.551143229007721
535;0.7495502233505249;2.8183829312634467e-06;10469;0.004638042766600847;0.5946041345596313;0.7479214668273926;0.5623677372932434
536;0.7477189302444458;2.825104277837268e-06;10830;0.0046344343572855;0.599658191204071;0.7563614845275879;0.5563115477561951
537;0.7511245012283325;2.8318416536380843e-06;11003;0.004630725830793381;0.5937694311141968;0.7506064772605896;0.5677581429481506
538;0.7509813904762268;2.8385950968927785e-06;10581;0.004626918118447065;0.5942713022232056;0.7501949071884155;0.5672929883003235
539;0.7461842894554138;2.8453646459193944e-06;10721;0.004623010754585266;0.6012104153633118;0.7398591637611389;0.5963162183761597
540;0.7475125789642334;2.8521503391273602e-06;11066;0.004619004670530558;0.6016790270805359;0.7564510703086853;0.5547364950180054
541;0.7482373714447021;2.8589522150177035e-06;10766;0.004614898934960365;0.5999821424484253;0.7437983155250549;0.573582649230957
542;0.7477607131004333;2.86577031218327e-06;10433;0.004610694944858551;0.6010008454322815;0.7472363114356995;0.5646389722824097
543;0.7464848160743713;2.8726046693089414e-06;10811;0.00460639176890254;0.6038902997970581;0.7476067543029785;0.5790990591049194
544;0.7485784292221069;2.8794553251718572e-06;10673;0.0046019903384149075;0.599013090133667;0.7504249215126038;0.5800834894180298
545;0.7496873140335083;2.8863223186416343e-06;10538;0.004597490653395653;0.5990285277366638;0.7486502528190613;0.5781840682029724
546;0.7506675124168396;2.8932056886805833e-06;10860;0.0045928931795060635;0.5959461331367493;0.7462194561958313;0.5775357484817505
547;0.7467813491821289;2.9001054743439375e-06;10631;0.004588197451084852;0.6030178666114807;0.7579666376113892;0.5517271161079407
548;0.7505979537963867;2.9070217147800666e-06;10666;0.004583403933793306;0.5959108471870422;0.7063462138175964;0.6104990839958191
549;0.7437871098518372;2.913954449230705e-06;10210;0.004578513093292713;0.6088024973869324;0.7208535075187683;0.6123287677764893
550;0.7432708144187927;2.9209037170311696e-06;10207;0.00457352539524436;0.6088718771934509;0.7507590055465698;0.565467119216919
551;0.7465686202049255;2.9278695576105853e-06;10148;0.004568439908325672;0.603633463382721;0.7443721294403076;0.5779798626899719
552;0.7455880641937256;2.9348520104921103e-06;10357;0.004563258029520512;0.6074061989784241;0.7502021789550781;0.5613477230072021
553;0.7481698989868164;2.941851115293157e-06;10514;0.004557979758828878;0.5999598503112793;0.7511463761329651;0.5642469525337219
554;0.7460338473320007;2.9488669117256177e-06;10306;0.0045526050962507725;0.6065865159034729;0.7569788694381714;0.5567366480827332
555;0.7493147253990173;2.9558994395960928e-06;10379;0.004547134041786194;0.5981312394142151;0.7451517581939697;0.5763447880744934
556;0.7483944296836853;2.962948738806113e-06;10507;0.00454156706109643;0.5981029868125916;0.737738311290741;0.5924022197723389
557;0.7485687732696533;2.9700148493523665e-06;9875;0.004535904619842768;0.599830150604248;0.7264971137046814;0.6121822595596313
558;0.7483236193656921;2.977097811326928e-06;10357;0.004530147183686495;0.6030033826828003;0.7447957992553711;0.5721914172172546
559;0.7522004246711731;2.9841976649174846e-06;10361;0.0045242938213050365;0.5968049764633179;0.733012318611145;0.6044912338256836
560;0.7476986646652222;2.991314450407562e-06;9818;0.004518345929682255;0.6032681465148926;0.7381402254104614;0.5810549855232239
561;0.7477225661277771;2.998448208176757e-06;10064;0.00451230350881815;0.6028937697410583;0.7310439348220825;0.5963782072067261
562;0.74639493227005;3.0055989787009655e-06;10125;0.004506167024374008;0.6033092141151428;0.7435683012008667;0.5767561197280884
563;0.744097888469696;3.012766802552608e-06;9751;0.004499936010688543;0.6075758934020996;0.7435029745101929;0.5780052542686462
564;0.7443475723266602;3.019951720400865e-06;9868;0.00449361139908433;0.6082580089569092;0.7562912702560425;0.5561350584030151
565;0.7486819624900818;3.0271537730119067e-06;9518;0.004487193189561367;0.6026197671890259;0.741599977016449;0.5818853378295898
566;0.7388768196105957;3.034373001249123e-06;10142;0.004480681382119656;0.6317566633224487;0.7080288529396057;0.6438502669334412
567;0.7458562254905701;3.041609446073353e-06;9963;0.00447407690808177;0.6058350205421448;0.7472605109214783;0.564250648021698
568;0.7454821467399597;3.048863148543124e-06;9635;0.00446737976744771;0.6061211228370667;0.7473161816596985;0.566511869430542
569;0.7471424341201782;3.05613414981488e-06;9829;0.004460590425878763;0.6017201542854309;0.7423722743988037;0.5810059905052185
570;0.7482452392578125;3.0634224911432127e-06;10070;0.004453708883374929;0.6007113456726074;0.7496622800827026;0.5643668174743652
571;0.7473981380462646;3.070728213881103e-06;9967;0.004446735139936209;0.6023043990135193;0.7551775574684143;0.5577777028083801
572;0.7461860775947571;3.0780513594801475e-06;9834;0.004439670126885176;0.6031752824783325;0.7300028800964355;0.641926109790802
573;0.7475388646125793;3.085391969490801e-06;10033;0.004432514309883118;0.6003921031951904;0.751637876033783;0.5629480481147766
574;0.7463631629943848;3.092750085562607e-06;10140;0.004425267223268747;0.6006682515144348;0.754187285900116;0.5566799640655518
575;0.7449440956115723;3.100125749444435e-06;9912;0.004417929798364639;0.6030842065811157;0.7517129182815552;0.5667515993118286
576;0.7438560724258423;3.1075190029847207e-06;9924;0.0044105020351707935;0.604994535446167;0.7538096308708191;0.5583053231239319
577;0.7451174855232239;3.1149298881316984e-06;9726;0.004402984399348497;0.6050490736961365;0.7543785572052002;0.5595372319221497
578;0.7489404082298279;3.1223584469336427e-06;9851;0.004395377356559038;0.5987778306007385;0.7455294132232666;0.5630367398262024
579;0.7500831484794617;3.1298047215391057e-06;9972;0.004387680906802416;0.5972809195518494;0.7253736853599548;0.6027508974075317
580;0.7428374290466309;3.137268754197158e-06;9633;0.004379895515739918;0.6080425977706909;0.7561581134796143;0.5560221672058105
581;0.7455130219459534;3.1447505872576233e-06;9805;0.004372021649032831;0.604568362236023;0.7401449084281921;0.576734721660614
582;0.7441720366477966;3.1522502631713255e-06;9454;0.004364059306681156;0.6017459630966187;0.754499614238739;0.5550194978713989
583;0.7437828779220581;3.1597678244903253e-06;9534;0.004356009420007467;0.6069337129592896;0.7553058862686157;0.5645519495010376
584;0.744877815246582;3.1673033138681603e-06;9863;0.0043478719890117645;0.6048203706741333;0.7448999285697937;0.5622543692588806
585;0.7420130372047424;3.1748567740600923e-06;9551;0.004339647013694048;0.6089392304420471;0.7531244158744812;0.5569790601730347
586;0.7384700775146484;3.1824282479233467e-06;9817;0.004331335891038179;0.6146068572998047;0.7433867454528809;0.5720247030258179
587;0.7349364757537842;3.1900177784173533e-06;9360;0.004322937689721584;0.6157816052436829;0.7486405372619629;0.5682196021080017
588;0.7421443462371826;3.197625408603994e-06;10117;0.004314453806728125;0.6092661619186401;0.7472314834594727;0.568286657333374
589;0.7438951134681702;3.205251181647847e-06;9637;0.0043058842420578;0.605638325214386;0.7537418007850647;0.5662263631820679
590;0.7395698428153992;3.2128951408164287e-06;9102;0.004297228995710611;0.6129440665245056;0.7438516020774841;0.5751283764839172
591;0.7482531070709229;3.2205573294804407e-06;9143;0.004288488999009132;0.6039132475852966;0.7416120767593384;0.5685456395149231
592;0.7452343106269836;3.228237791114018e-06;9602;0.004279664717614651;0.6050230264663696;0.7464784979820251;0.5670416951179504
593;0.7437713742256165;3.2359365692949727e-06;9041;0.004270756151527166;0.6017822623252869;0.7380288243293762;0.5925126075744629
594;0.7472489476203918;3.2436537077050404e-06;8849;0.004261763300746679;0.6039732694625854;0.7222310900688171;0.5954639315605164
595;0.7429911494255066;3.251389250130133e-06;9392;0.0042526875622570515;0.6045616269111633;0.7462194561958313;0.5618250966072083
596;0.7430819272994995;3.2591432404605822e-06;9044;0.0042435284703969955;0.6035178899765015;0.7552598714828491;0.5570814609527588
597;0.7436394095420837;3.2669157226913924e-06;9000;0.0042342874221503735;0.6056285500526428;0.755753755569458;0.5570437908172607
598;0.7438055276870728;3.2747067409224846e-06;8958;0.004224963486194611;0.6038404107093811;0.6435765624046326;1.3378221988677979
599;0.7430689334869385;3.2825163393589543e-06;8955;0.004215558059513569;0.6061511039733887;0.727954626083374;0.6082804203033447
600;0.7480524778366089;3.290344562311317e-06;9221;0.004206071142107248;0.601720929145813;0.7484032511711121;0.5577672123908997
601;0.7414973378181458;3.2981914541957592e-06;8966;0.0041965036652982235;0.6031807065010071;0.7432003021240234;0.5708805322647095
602;0.7382321953773499;3.3060570595343945e-06;9356;0.004186855163425207;0.6125965714454651;0.7450282573699951;0.5790165662765503
603;0.7425922751426697;3.3139414229555127e-06;8896;0.004177126567810774;0.6130791902542114;0.7435005307197571;0.5876108407974243
604;0.74817955493927;3.3218445891938363e-06;9101;0.004167318344116211;0.6048740148544312;0.7438176870346069;0.5732262134552002
605;0.7445248961448669;3.3297666030907676e-06;9170;0.004157430958002806;0.6070169806480408;0.7466358542442322;0.5821715593338013
606;0.7471088171005249;3.3377075095946526e-06;8959;0.0041474648751318455;0.603534996509552;0.7418881058692932;0.5898601412773132
607;0.7490060925483704;3.345667353761029e-06;8739;0.00413742009550333;0.598649263381958;0.7310124635696411;0.601584792137146
608;0.7453668713569641;3.3536461807528837e-06;8836;0.004127297550439835;0.6062678694725037;0.7420333623886108;0.579391598701477
609;0.745207667350769;3.3616440358409092e-06;9661;0.004117097705602646;0.60695880651474;0.7567899823188782;0.5535746812820435
610;0.7455750703811646;3.369660964403763e-06;9384;0.004106820560991764;0.6042981147766113;0.7480207681655884;0.5701234936714172
611;0.7467971444129944;3.3776970119283207e-06;8978;0.0040964665822684765;0.603445291519165;0.7540904879570007;0.5576750040054321
612;0.747287392616272;3.3857522240099354e-06;9175;0.004086036700755358;0.605323314666748;0.7503740787506104;0.5693613886833191
613;0.7448275685310364;3.3938266463526985e-06;9085;0.004075530916452408;0.6095408797264099;0.7505024075508118;0.5627614855766296
614;0.7459866404533386;3.401920324769698e-06;8944;0.004064950160682201;0.6088995337486267;0.7498050928115845;0.5649318695068359
615;0.7450034022331238;3.4100333051832763e-06;9280;0.004054294433444738;0.6102139353752136;0.7404668927192688;0.5853901505470276
616;0.7457966208457947;3.418165633625293e-06;8814;0.004043564200401306;0.6104587912559509;0.7231632471084595;0.6251038908958435
617;0.7436127662658691;3.4263173562373877e-06;9172;0.004032760392874479;0.612355649471283;0.7443382143974304;0.5804980397224426
618;0.7397550344467163;3.434488519271236e-06;9117;0.004021883476525545;0.6171039938926697;0.742834746837616;0.5764108300209045
619;0.7430102229118347;3.442679169088819e-06;9023;0.004010932985693216;0.6093819737434387;0.7396267652511597;0.5787544846534729
620;0.7437825202941895;3.450889352162681e-06;8548;0.003999910783022642;0.607198178768158;0.7529622316360474;0.5635715126991272
621;0.7486104965209961;3.4591191150761957e-06;8916;0.003988815937191248;0.6026015877723694;0.7195364236831665;0.641759991645813
622;0.7457575798034668;3.46736850452383e-06;8529;0.003977650310844183;0.6048464179039001;0.7539451718330383;0.560298502445221
623;0.7454298138618469;3.4756375673114077e-06;8722;0.00396641343832016;0.6048102974891663;0.7529380321502686;0.5601294040679932
624;0.7439320683479309;3.4839263503563797e-06;8747;0.003955105785280466;0.6090201735496521;0.7538992166519165;0.5587288737297058
625;0.7482603788375854;3.4922349006880815e-06;8533;0.003943728283047676;0.6018829345703125;0.7532697319984436;0.5619520545005798
626;0.7455066442489624;3.5005632654480097e-06;8650;0.003932281397283077;0.6044145226478577;0.7534561157226562;0.5596667528152466
627;0.7460668683052063;3.5089114918900837e-06;8689;0.003920765593647957;0.6045688986778259;0.7528097033500671;0.5675181746482849
628;0.745339035987854;3.517279627380915e-06;8716;0.003909181337803602;0.6049491763114929;0.7475752830505371;0.5730785131454468
629;0.7486483454704285;3.5256677194000743e-06;8633;0.0038975290954113007;0.6029544472694397;0.7524102330207825;0.5618350505828857
630;0.7265049815177917;3.534075815540366e-06;8049;0.0038858093321323395;0.6377739906311035;0.7447667717933655;0.572792649269104
631;0.739253580570221;3.5425039635080945e-06;8585;0.0038740227464586496;0.6153395771980286;0.7454083561897278;0.5721314549446106
632;0.7395734786987305;3.550952211123332e-06;8294;0.003862169571220875;0.6118513345718384;0.7486720085144043;0.5677704811096191
633;0.7426836490631104;3.5594206063201964e-06;8535;0.003850250504910946;0.6098721623420715;0.7470934391021729;0.5677408576011658
634;0.738647997379303;3.567909197147119e-06;7982;0.0038382660131901503;0.617315411567688;0.7278625965118408;0.6186528205871582
635;0.7377389073371887;3.576418031767119e-06;8618;0.003826216794550419;0.6186392307281494;0.7457473278045654;0.5739746689796448
636;0.7427396774291992;3.5849471584580732e-06;8340;0.0038141030818223953;0.6125593185424805;0.7447813153266907;0.5695143342018127
637;0.7496618628501892;3.593496625612996e-06;8295;0.0038019255734980106;0.6018642783164978;0.7424424886703491;0.5660820603370667
638;0.7413898706436157;3.602066481740309e-06;8404;0.003789684735238552;0.6102839112281799;0.750795304775238;0.5706545114517212
639;0.7475452423095703;3.6106567754641173e-06;8015;0.0037773812655359507;0.6008343696594238;0.7480909824371338;0.5748094320297241
640;0.7435582876205444;3.619267555524487e-06;8435;0.0037650156300514936;0.6076516509056091;0.7491731643676758;0.5600122213363647
641;0.7420145273208618;3.6278988707777206e-06;8019;0.0037525882944464684;0.6097729802131653;0.7538798451423645;0.5586668252944946
642;0.7447243332862854;3.636550770196633e-06;8398;0.003740099724382162;0.6052268743515015;0.7479771375656128;0.5660030841827393
643;0.7462317943572998;3.6452233028708323e-06;8514;0.003727550618350506;0.6074983477592468;0.7507178783416748;0.564310610294342
644;0.7479755878448486;3.6539165180069955e-06;7856;0.0037149416748434305;0.6036827564239502;0.719211995601654;0.6828527450561523
645;0.7482903003692627;3.6626304649291497e-06;8188;0.00370227312669158;0.5999259948730469;0.7551048994064331;0.5614331364631653
646;0.7480354905128479;3.67136519307895e-06;8078;0.003689545439556241;0.6026670932769775;0.7467496395111084;0.5717781782150269
647;0.7514656186103821;3.680120752015963e-06;8415;0.0036767597775906324;0.5980872511863708;0.744343101978302;0.5736647248268127
648;0.7462968826293945;3.688897191417944e-06;8063;0.0036639159079641104;0.6044288277626038;0.7490109801292419;0.5636711120605469
649;0.7434305548667908;3.6976945610811215e-06;8274;0.003651014994829893;0.6079971790313721;0.7501174211502075;0.5647508502006531
650;0.7444680333137512;3.7065129109204805e-06;7945;0.003638057503849268;0.607685923576355;0.754809558391571;0.5640449523925781
651;0.7446051239967346;3.7153522909700437e-06;7961;0.0036250439006835222;0.6092742085456848;0.7517516613006592;0.5603199005126953
652;0.7405482530593872;3.7242127513831562e-06;8250;0.003611974650993943;0.6158290505409241;0.7527249455451965;0.5616443157196045
653;0.7406575083732605;3.733094342432768e-06;8187;0.003598850453272462;0.6180166006088257;0.7524901032447815;0.5651544332504272
654;0.7454630732536316;3.7419971145117255e-06;8089;0.0035856717731803656;0.6037756204605103;0.753284215927124;0.5612092614173889
655;0.7447458505630493;3.7509211181330495e-06;8131;0.003572439309209585;0.6065917015075684;0.7516039609909058;0.5640822052955627
656;0.7482854723930359;3.759866403930226e-06;7835;0.0035591537598520517;0.605658769607544;0.731174647808075;0.6078847050666809
657;0.7434118390083313;3.768833022657495e-06;8366;0.003545815357938409;0.6115543842315674;0.7505168914794922;0.5609266757965088
658;0.7435104846954346;3.7778210251901335e-06;7978;0.003532425034791231;0.6069090962409973;0.7460693120956421;0.5674598217010498
659;0.7444592714309692;3.786830462524751e-06;7817;0.0035189830232411623;0.6062889099121094;0.7480618953704834;0.568005383014679
660;0.7379589080810547;3.7958613857795697e-06;8092;0.003505490254610777;0.6200292706489563;0.7487882375717163;0.5702959895133972
661;0.7422817945480347;3.804913846194724e-06;8037;0.0034919471945613623;0.6122905015945435;0.751521646976471;0.5636944770812988
662;0.7409050464630127;3.8139878951325463e-06;8072;0.0034783543087542057;0.6103788614273071;0.7501876354217529;0.56302410364151
663;0.7416026592254639;3.823083584077856e-06;7825;0.003464712295681238;0.6110093593597412;0.734092116355896;0.6336877942085266
664;0.7396887540817261;3.832200964638259e-06;7844;0.0034510218538343906;0.6158077716827393;0.7505653500556946;0.5606228709220886
665;0.7419924736022949;3.841340088544435e-06;8100;0.0034372834488749504;0.6141490936279297;0.7475074529647827;0.5713286995887756
666;0.7431267499923706;3.850501007650429e-06;8059;0.0034234977792948484;0.6133418679237366;0.7506815195083618;0.5663440227508545
667;0.7409713268280029;3.859683773933953e-06;7811;0.003409665310755372;0.614856481552124;0.7414571046829224;0.5802106261253357
668;0.7455605268478394;3.868888439496675e-06;7846;0.0033957865089178085;0.6088367700576782;0.7483572959899902;0.5743486881256104
669;0.7417530417442322;3.878115056564516e-06;8081;0.003381862537935376;0.6129876375198364;0.7467617392539978;0.5887152552604675
670;0.743003249168396;3.887363677487947e-06;8049;0.003367893397808075;0.6136617064476013;0.7509212493896484;0.5642597675323486
671;0.7414619326591492;3.8966343547422855e-06;8031;0.003353880252689123;0.6146938800811768;0.7201634645462036;0.612926721572876
672;0.738520622253418;3.905927140927995e-06;7910;0.0033398231025785208;0.6203995943069458;0.752107560634613;0.5628060698509216
673;0.7427072525024414;3.915242088770977e-06;8117;0.003325723111629486;0.6091875433921814;0.7508243918418884;0.5610543489456177
674;0.7468385696411133;3.92457925112288e-06;7770;0.0033115805126726627;0.6004254221916199;0.7243180871009827;0.6395274996757507
675;0.7449501156806946;3.933938680961394e-06;8035;0.0032973962370306253;0.6082990169525146;0.7409511208534241;0.5731028914451599
676;0.7435422539710999;3.943320431390548e-06;7738;0.003283170750364661;0.6058670282363892;0.749110221862793;0.5717284679412842
677;0.7445028424263;3.952724555641019e-06;7685;0.0032689045183360577;0.6102901101112366;0.7499503493309021;0.5731577277183533
678;0.740078866481781;3.962151107070425e-06;7977;0.0032545984722673893;0.6137892007827759;0.7335982322692871;0.6443706750869751
679;0.7328709363937378;3.9716001391636374e-06;8153;0.0032402530778199434;0.6314573884010315;0.7494056224822998;0.5636367201805115
680;0.7398939728736877;3.981071705533076e-06;7970;0.0032258688006550074;0.6140090823173523;0.746773898601532;0.5701515674591064
681;0.7411665320396423;3.990565859919018e-06;7707;0.0032114465720951557;0.6180747151374817;0.7307897210121155;0.5987797975540161
682;0.7386667728424072;4.000082656189903e-06;7905;0.0031969870906323195;0.6153477430343628;0.7362856268882751;0.603256344795227
683;0.743623673915863;4.009622148342637e-06;7652;0.0031824905890971422;0.6104233860969543;0.7345448732376099;0.5809171795845032
684;0.739732027053833;4.019184390502895e-06;7990;0.003167957765981555;0.62018883228302;0.7477301955223083;0.5727078914642334
685;0.7411829233169556;4.028769436925438e-06;8042;0.0031533895526081324;0.6158363819122314;0.7414789199829102;0.594896137714386
686;0.7444289922714233;4.038377341994411e-06;7323;0.0031387864146381617;0.6144285798072815;0.7449096441268921;0.5803448557853699
687;0.7401856780052185;4.048008160223658e-06;7874;0.003124149050563574;0.6190599799156189;0.7330655455589294;0.5887566804885864
688;0.737578809261322;4.057661946257028e-06;7563;0.003109477926045656;0.6211142539978027;0.7502796649932861;0.5667361617088318
689;0.7403040528297424;4.067338754868686e-06;7531;0.0030947739724069834;0.6226212978363037;0.7491562366485596;0.5718073844909668
690;0.7412470579147339;4.0770386409634226e-06;7373;0.0030800376553088427;0.6194930076599121;0.7230445742607117;0.6074258685112
691;0.7384976148605347;4.086761659576969e-06;7637;0.0030652694404125214;0.6260705590248108;0.7389875650405884;0.5820653438568115
692;0.739199697971344;4.096507865876304e-06;7420;0.003050470259040594;0.6244466304779053;0.7476672530174255;0.5703458786010742
693;0.7390716671943665;4.106277315159976e-06;7916;0.003035640809684992;0.6239987015724182;0.750400722026825;0.5657199025154114
694;0.7417657971382141;4.1160700628584e-06;7468;0.003020781558007002;0.6195672154426575;0.7478876113891602;0.5705415606498718
695;0.7416998147964478;4.125886164534192e-06;7685;0.0030058929696679115;0.622529923915863;0.7383096814155579;0.5818251967430115
696;0.7426304221153259;4.135725675882474e-06;7593;0.002990976208820939;0.6115157604217529;0.7474663257598877;0.5816267728805542
697;0.738680362701416;4.1455886527311865e-06;7476;0.002976031508296728;0.6239590644836426;0.738936722278595;0.6198776364326477
698;0.740037739276886;4.155475151041412e-06;7759;0.0029610595665872097;0.6220880150794983;0.7490618228912354;0.5686769485473633
699;0.744373619556427;4.165385226907692e-06;7880;0.0029460613150149584;0.612914502620697;0.7463768124580383;0.5743057131767273
700;0.7442371249198914;4.1753189365583435e-06;7370;0.0029310372192412615;0.6126609444618225;0.7502602934837341;0.5742554068565369
701;0.7395132184028625;4.185276336355775e-06;7238;0.0029159877449274063;0.6257384419441223;0.7502602934837341;0.5643220543861389
702;0.7397462725639343;4.1952574827968115e-06;7286;0.0029009138233959675;0.6208893060684204;0.7447134852409363;0.5787045359611511
703;0.7421537637710571;4.205262432513015e-06;7468;0.002885816153138876;0.6194047927856445;0.75208580493927;0.5628184080123901
704;0.7413235902786255;4.215291242270998e-06;7303;0.002870695199817419;0.6129169464111328;0.7428637742996216;0.5776679515838623
705;0.7436224222183228;4.225343968972758e-06;7088;0.0028555516619235277;0.6186235547065735;0.7463526129722595;0.5721403956413269
706;0.7395395636558533;4.235420669655989e-06;7240;0.002840386237949133;0.6236550211906433;0.7410430908203125;0.5816152691841125
707;0.7425616979598999;4.245521401494413e-06;7205;0.0028251996263861656;0.6139836311340332;0.741696834564209;0.5861377120018005
708;0.7438309788703918;4.2556462217981e-06;7277;0.0028099925257265568;0.614276111125946;0.745287299156189;0.5739597678184509
709;0.7417424917221069;4.265795188013793e-06;7352;0.0027947654016315937;0.6141677498817444;0.749362051486969;0.5834225416183472
710;0.7393940091133118;4.275968357725237e-06;7261;0.002779519185423851;0.6219052672386169;0.7379779815673828;0.5876796245574951
711;0.7422893643379211;4.2861657886535026e-06;7129;0.002764254342764616;0.6187320947647095;0.7424836754798889;0.5814149975776672
712;0.7430041432380676;4.2963875386573174e-06;7133;0.0027489715721458197;0.6163396835327148;0.7498341798782349;0.5682343244552612
713;0.7412621974945068;4.306633665733392e-06;7086;0.002733671572059393;0.6192455291748047;0.7372128963470459;0.5855382680892944
714;0.7411786317825317;4.316904228016745e-06;7167;0.0027183550409972668;0.6190361380577087;0.7424522042274475;0.6116595268249512
715;0.7417818307876587;4.32719928378104e-06;6883;0.002703022677451372;0.6191742420196533;0.7467472553253174;0.5759238004684448
716;0.7401608824729919;4.337518891438912e-06;7143;0.00268767517991364;0.6180462837219238;0.7352954149246216;0.5968846082687378
717;0.742988109588623;4.347863109542301e-06;7116;0.0026723130140453577;0.6132155656814575;0.7349806427955627;0.5956620573997498
718;0.7415460348129272;4.358231996782782e-06;7004;0.0026569371111691;0.6190370917320251;0.7324166893959045;0.5973396897315979
719;0.7401593923568726;4.368625611991897e-06;6856;0.0026415479369461536;0.621135413646698;0.7400310635566711;0.5924196243286133
720;0.7379337549209595;4.379044014141497e-06;6800;0.00262614618986845;0.6262803673744202;0.7406678199768066;0.5826554298400879
721;0.7391567230224609;4.389487262344065e-06;7162;0.0026107325684279203;0.6216986179351807;0.7475365400314331;0.5709392428398132
722;0.7370449304580688;4.399955415853055e-06;6861;0.002595307771116495;0.6212977170944214;0.739442765712738;0.5998416543006897
723;0.7400997281074524;4.410448534063239e-06;6693;0.0025798724964261055;0.6220956444740295;0.7486768364906311;0.5728663802146912
724;0.7409392595291138;4.4209666765110255e-06;6914;0.0025644274428486824;0.6192870140075684;0.7449701428413391;0.5831566452980042
725;0.7442265152931213;4.4315099028748135e-06;6949;0.002548973308876157;0.6167280077934265;0.7428250312805176;0.5760098695755005
726;0.7438451647758484;4.442078272975319e-06;6563;0.002533510560169816;0.6101206541061401;0.723761260509491;0.6253270506858826
727;0.7393555641174316;4.452671846775926e-06;6698;0.0025180401280522346;0.6185198426246643;0.7451032996177673;0.5693957805633545
728;0.7393613457679749;4.463290684383014e-06;6600;0.0025025627110153437;0.6147488951683044;0.7390941381454468;0.5858784317970276
729;0.7417137026786804;4.473934846046311e-06;6756;0.0024870785418897867;0.6140681505203247;0.7452582716941833;0.5673445463180542
730;0.7432804703712463;4.484604392159228e-06;7227;0.002471588784828782;0.6122217178344727;0.7504975199699402;0.5655748248100281
731;0.7430474162101746;4.495299383259203e-06;6939;0.002456093905493617;0.6126330494880676;0.7501924633979797;0.5671507120132446
732;0.7441853284835815;4.506019880028044e-06;6639;0.0024405946023762226;0.6094065308570862;0.7489407658576965;0.5735242366790771
733;0.743076503276825;4.516765943292279e-06;6308;0.0024250915739685297;0.6090778708457947;0.7254342436790466;0.6180456280708313
734;0.7414703965187073;4.527537634023493e-06;6547;0.0024095855187624693;0.6130240559577942;0.7007607221603394;0.6659524440765381
735;0.7415512204170227;4.538335013338676e-06;6718;0.0023940771352499723;0.6118033528327942;0.7484032511711121;0.5675764083862305
736;0.7409922480583191;4.549158142500575e-06;6819;0.002378566889092326;0.6147706508636475;0.7480860948562622;0.5691248774528503
737;0.7414906620979309;4.560007082918035e-06;6865;0.0023630557116121054;0.6146719455718994;0.7478294968605042;0.5685867667198181
738;0.7421086430549622;4.570881896146355e-06;6347;0.002347544301301241;0.6100437641143799;0.7254632711410522;0.6120395660400391
739;0.7394974827766418;4.581782643887625e-06;6687;0.00233203312382102;0.6166794896125793;0.7489286661148071;0.5712260007858276
740;0.7405061721801758;4.592709387991089e-06;6672;0.002316522877663374;0.6136680245399475;0.7447062730789185;0.5694782137870789
741;0.7411625981330872;4.60366219045349e-06;6904;0.002301014494150877;0.6130021214485168;0.7477326393127441;0.5661306381225586
742;0.7399790287017822;4.6146411134194204e-06;6422;0.0022855084389448166;0.6181604266166687;0.7465003132820129;0.5739763379096985
743;0.7421982288360596;4.625646219181678e-06;6360;0.0022700054105371237;0.6127059459686279;0.7353244423866272;0.6049090027809143
744;0.7416641116142273;4.636677570181618e-06;6813;0.0022545061074197292;0.6110675930976868;0.7479190826416016;0.5701886415481567
745;0.7419455647468567;4.647735229009506e-06;6503;0.002239011228084564;0.6125377416610718;0.7378496527671814;0.5818477272987366
746;0.7400380373001099;4.6588192584048745e-06;6711;0.0022235214710235596;0.6139811277389526;0.745384156703949;0.5750945806503296
747;0.7397293448448181;4.66992972125688e-06;6620;0.0022080373018980026;0.6141095161437988;0.750325620174408;0.5724188685417175
748;0.7422257661819458;4.68106668060466e-06;6696;0.0021925598848611116;0.6095490455627441;0.7192386388778687;0.6326344609260559
749;0.7382315993309021;4.692230199637684e-06;6589;0.0021770892199128866;0.6177718639373779;0.7462944984436035;0.5715025067329407
750;0.7396052479743958;4.703420341696122e-06;7022;0.0021616267040371895;0.6125375032424927;0.7358837127685547;0.6052970886230469
751;0.7410088777542114;4.714637170271198e-06;6768;0.002146172570064664;0.6129982471466064;0.7442317008972168;0.5725571513175964
752;0.7389557957649231;4.725880749005549e-06;6646;0.002130727516487241;0.6158482432365417;0.7441421151161194;0.5893679857254028
753;0.7398170828819275;4.737151141693591e-06;6491;0.002115292241796851;0.6193201541900635;0.7483330965042114;0.5693858861923218
754;0.7392287850379944;4.748448412281878e-06;6801;0.002099867444485426;0.6155015230178833;0.7420623898506165;0.5835193991661072
755;0.7391449213027954;4.759772624869468e-06;6442;0.002084453823044896;0.6172133088111877;0.7307413220405579;0.6206587553024292
756;0.7321643233299255;4.7711238437082755e-06;6269;0.0020690520759671926;0.6327659487724304;0.7363824844360352;0.5918018817901611
757;0.7285874485969543;4.782502133203454e-06;6488;0.0020536629017442465;0.632230818271637;0.7334843873977661;0.5906655788421631
758;0.7344162464141846;4.793907557913747e-06;6496;0.0020382869988679886;0.625480055809021;0.7160645127296448;0.6176347732543945
759;0.7385998964309692;4.80534018255186e-06;6332;0.0020229248329997063;0.6195186376571655;0.7396655082702637;0.5806671380996704
760;0.7359983921051025;4.816800071984827e-06;6621;0.002007577335461974;0.6200777888298035;0.7340291738510132;0.5986536741256714
761;0.7361325025558472;4.828287291234377e-06;6608;0.0019922449719160795;0.6210387945175171;0.742892861366272;0.5750080347061157
762;0.732883095741272;4.83980190547731e-06;6421;0.0019769284408539534;0.627943754196167;0.7441324591636658;0.5785312652587891
763;0.7313817143440247;4.851343980045853e-06;6339;0.0019616284407675266;0.6427314877510071;0.7387890815734863;0.5863138437271118
764;0.7347252368927002;4.862913580428045e-06;6285;0.0019463456701487303;0.6254952549934387;0.7407913208007812;0.5802383422851562
765;0.7343884110450745;4.8745107722681005e-06;6237;0.0019310808274894953;0.625755250453949;0.7417646050453186;0.5781519412994385
766;0.7330561876296997;4.886135621366782e-06;6324;0.0019158346112817526;0.6313440203666687;0.7422705888748169;0.5792109966278076
767;0.737475574016571;4.897788193681778e-06;6187;0.0019006076036021113;0.6190659999847412;0.7166189551353455;0.645341157913208
768;0.7345042824745178;4.909468555328075e-06;6410;0.0018854003865271807;0.6299383640289307;0.7345666289329529;0.6009029150009155
769;0.7315699458122253;4.9211767725783274e-06;6508;0.0018702137749642134;0.6337025761604309;0.7389681935310364;0.5835586190223694
770;0.734510064125061;4.932912911863243e-06;6268;0.0018550483509898186;0.6262213587760925;0.7336514592170715;0.600821316242218
771;0.7333694100379944;4.944677039771954e-06;6230;0.0018399048130959272;0.6317031383514404;0.7418856620788574;0.5778005123138428
772;0.7396693825721741;4.956469223052395e-06;6132;0.0018247838597744703;0.621705174446106;0.7382806539535522;0.5817251205444336
773;0.7325919270515442;4.968289528611682e-06;6507;0.0018096861895173788;0.6291979551315308;0.7401787638664246;0.5770032405853271
774;0.7332792282104492;4.980138023516494e-06;6378;0.00179461226798594;0.6299452781677246;0.7288673520088196;0.6335444450378418
775;0.7324057817459106;4.992014774993453e-06;6300;0.0017795629100874066;0.6314145922660828;0.7394887804985046;0.5950835347175598
776;0.7377994060516357;5.003919850429504e-06;6345;0.001764538697898388;0.6216168403625488;0.7263566851615906;0.6132508516311646
777;0.7346861958503723;5.015853317372294e-06;6257;0.0017495403299108148;0.6241375803947449;0.7341235876083374;0.5828293561935425
778;0.7315375208854675;5.027815243530567e-06;6516;0.0017345685046166182;0.6308503746986389;0.7440767884254456;0.5781185030937195
779;0.733997106552124;5.0398056967745345e-06;6288;0.0017196238040924072;0.6317036747932434;0.7376172542572021;0.5876324772834778
780;0.7303938865661621;5.051824745136268e-06;6044;0.001704706926830113;0.6343907713890076;0.7321310043334961;0.5950238704681396
781;0.7309004664421082;5.063872456810084e-06;6339;0.0016898185713216662;0.6361714601516724;0.7267900705337524;0.6163975596427917
782;0.7283998131752014;5.07594890015293e-06;6373;0.0016749592032283545;0.6386411190032959;0.7381668090820312;0.5841243863105774
783;0.7320108413696289;5.0880541436847734e-06;6386;0.0016601296374574304;0.6322236061096191;0.7272331118583679;0.6113786697387695
784;0.7316434383392334;5.100188256088988e-06;6452;0.001645330572500825;0.6313053965568542;0.7196647524833679;0.6198554635047913
785;0.7351256012916565;5.112351306212747e-06;6164;0.0016305624740198255;0.6281588673591614;0.7384355664253235;0.5863900780677795
786;0.7313708066940308;5.124543363067414e-06;6200;0.001615826040506363;0.6297500729560852;0.7366560697555542;0.5845217108726501
787;0.7316725254058838;5.136764495828926e-06;6444;0.0016011219704523683;0.6298394203186035;0.7421132326126099;0.5788807272911072
788;0.7323095798492432;5.149014773838199e-06;6280;0.0015864509623497725;0.6273418068885803;0.7364914417266846;0.5870198607444763
789;0.7395383715629578;5.161294266601511e-06;5942;0.0015718135982751846;0.6202652454376221;0.7375107407569885;0.5809584856033325
790;0.7368240356445312;5.173603043790902e-06;6067;0.001557210460305214;0.6233704686164856;0.7447667717933655;0.5778124332427979
791;0.7335388660430908;5.185941175244567e-06;6159;0.0015426421305164695;0.6291473507881165;0.7400116920471191;0.5782183408737183
792;0.7371980547904968;5.198308730967252e-06;6163;0.001528109540231526;0.6224596500396729;0.7433068752288818;0.577031672000885
793;0.7358655333518982;5.210705781130657e-06;6059;0.0015136130386963487;0.6226698160171509;0.7427475452423096;0.5835413932800293
794;0.7368814945220947;5.223132396073818e-06;5969;0.0014991533244028687;0.622368574142456;0.7309761643409729;0.598946213722229
795;0.7357027530670166;5.235588646303529e-06;6067;0.001484731095843017;0.6255236864089966;0.7418009042739868;0.5757299065589905
796;0.736490786075592;5.2480746024947254e-06;6082;0.0014703469350934029;0.6229315400123596;0.739050567150116;0.5898701548576355
797;0.7345711588859558;5.260590335490889e-06;5953;0.001456001540645957;0.6283337473869324;0.707629382610321;0.6533567905426025
798;0.7333167195320129;5.27313591630445e-06;6434;0.0014416953781619668;0.6287007927894592;0.7447885870933533;0.5795445442199707
799;0.7340700030326843;5.285711416117195e-06;5833;0.001427429262548685;0.626446545124054;0.7215749621391296;0.6177127361297607
800;0.7352478504180908;5.2983169062806625e-06;6349;0.001413203775882721;0.6257173418998718;0.7429049611091614;0.5774551630020142
801;0.7351446747779846;5.310952458316554e-06;5856;0.0013990193838253617;0.6278256177902222;0.7410479784011841;0.5809870958328247
802;0.7336778044700623;5.323618143917136e-06;5915;0.0013848769012838602;0.6285983324050903;0.6742616891860962;0.7213944792747498
803;0.7345587611198425;5.336314034945653e-06;6001;0.0013707767939195037;0.6288427710533142;0.7472023963928223;0.5771706700325012
804;0.7387058138847351;5.349040203436724e-06;5939;0.001356719876639545;0.6218780279159546;0.7221971750259399;0.631915807723999
805;0.7377703785896301;5.36179672159676e-06;5964;0.0013427064986899495;0.6293781995773315;0.7445852160453796;0.5798900723457336
806;0.7338863015174866;5.3745836618043765e-06;5953;0.0013287374749779701;0.6340851187705994;0.7434109449386597;0.5824283957481384
807;0.7294057607650757;5.387401096610791e-06;5975;0.001314813387580216;0.6449850797653198;0.737934410572052;0.6053653359413147
808;0.7319343090057373;5.400249098740251e-06;6061;0.001300934818573296;0.6364609003067017;0.74801105260849;0.5751180052757263
809;0.7352312207221985;5.413127741090432e-06;5960;0.0012871023500338197;0.632513165473938;0.7322399616241455;0.5996763706207275
810;0.7388731837272644;5.426037096732863e-06;5845;0.0012733165640383959;0.6250225305557251;0.7434521317481995;0.583206832408905
811;0.7387636303901672;5.43897723891333e-06;6085;0.0012595781590789557;0.6241105198860168;0.7387720942497253;0.6088142395019531
812;0.733148455619812;5.451948241052302e-06;5863;0.0012458877172321081;0.631536066532135;0.7330486178398132;0.6070834398269653
813;0.7351828217506409;5.464950176745342e-06;5848;0.0012322457041591406;0.6314724683761597;0.7411375045776367;0.5859338045120239
814;0.7367547154426575;5.477983119763523e-06;5973;0.001218652818351984;0.6303168535232544;0.7423505187034607;0.5862151980400085
815;0.7339689135551453;5.491047144053851e-06;5787;0.0012051097583025694;0.6322425603866577;0.7339589595794678;0.6089276671409607
816;0.7358431816101074;5.504142323739682e-06;6073;0.001191616989672184;0.6314594149589539;0.7325474619865417;0.6201895475387573
817;0.7388302087783813;5.517268733121147e-06;5922;0.001178175094537437;0.6259740591049194;0.7237467169761658;0.6244158744812012
818;0.7320680618286133;5.5304264466755605e-06;5666;0.0011647846549749374;0.6376091837882996;0.7296687364578247;0.5999643206596375
819;0.7344068288803101;5.543615539057861e-06;6046;0.0011514463694766164;0.6318345069885254;0.7364042401313782;0.5890280604362488
820;0.7151803374290466;5.5568360851010225e-06;5569;0.001138160703703761;0.7760753631591797;0.7263469696044922;0.6366804242134094
821;0.7252771854400635;5.5700881598164815e-06;5423;0.0011249282397329807;0.6692096590995789;0.7370579838752747;0.6169240474700928
822;0.7308902144432068;5.583371838394567e-06;5561;0.0011117496760562062;0.6555617451667786;0.736484169960022;0.6115531325340271
823;0.7320565581321716;5.59668719620492e-06;5441;0.001098625361919403;0.6518085598945618;0.7373484969139099;0.6085703372955322
824;0.73410964012146;5.610034308796925e-06;5344;0.001085556228645146;0.6430736780166626;0.7378036379814148;0.6003247499465942
825;0.7350239157676697;5.623413251900141e-06;5347;0.0010725425090640783;0.6464306116104126;0.7275406122207642;0.6392770409584045
826;0.7349591851234436;5.63682410142473e-06;5278;0.0010595849016681314;0.6435847878456116;0.7403361201286316;0.6076353788375854
827;0.7310869097709656;5.650266933461879e-06;5506;0.001046683988533914;0.6444830894470215;0.7290489673614502;0.6135919690132141
828;0.73908531665802;5.663741824284246e-06;5466;0.0010338403517380357;0.6325128078460693;0.7416532039642334;0.5925581455230713
829;0.734803318977356;5.677248850346384e-06;5435;0.0010210544569417834;0.6373105049133301;0.7293394804000854;0.6173248887062073
830;0.735982358455658;5.6907880882851754e-06;5648;0.0010083270026370883;0.6374560594558716;0.7400916218757629;0.6147775650024414
831;0.7402181029319763;5.704359614920271e-06;5543;0.0009956584544852376;0.631349503993988;0.7355399131774902;0.6083725094795227
832;0.73394775390625;5.717963507254519e-06;5541;0.0009830492781475186;0.6355651617050171;0.7419873476028442;0.5894140601158142
833;0.7342548966407776;5.731599842474406e-06;5300;0.0009705002303235233;0.6335526704788208;0.7324045896530151;0.6432088613510132
834;0.7308148741722107;5.7452686979505e-06;5500;0.0009580117766745389;0.6401063799858093;0.7423795461654663;0.585414469242096
835;0.7342283129692078;5.758970151237879e-06;5820;0.0009455843828618526;0.6359226107597351;0.7357868552207947;0.5906252861022949
836;0.7340718507766724;5.772704280076577e-06;5638;0.0009332186891697347;0.6362870931625366;0.7398349642753601;0.5916577577590942
837;0.7342548966407776;5.786471162392027e-06;5581;0.0009209151612594724;0.6328673958778381;0.7344746589660645;0.5990308523178101
838;0.7316162586212158;5.800270876295496e-06;5531;0.0009086744394153357;0.6404483318328857;0.7432003021240234;0.5986149907112122
839;0.7322402596473694;5.814103500084538e-06;5560;0.000896496931090951;0.6387122273445129;0.7398930788040161;0.5933493971824646
840;0.7343447804450989;5.8279691122434285e-06;5547;0.0008843832765705884;0.6343109607696533;0.7396776080131531;0.5947889685630798
841;0.7335413098335266;5.841867791443614e-06;5525;0.0008723339415155351;0.6369954943656921;0.7148709297180176;0.6325563788414001
842;0.7328594923019409;5.855799616544164e-06;5573;0.0008603495080024004;0.6362653374671936;0.7450549006462097;0.5940031409263611
843;0.7363047003746033;5.869764666592207e-06;5540;0.0008484304416924715;0.6338133811950684;0.7435707449913025;0.5848942399024963
844;0.7373384833335876;5.883763020823386e-06;5541;0.0008365773246623576;0.6299669146537781;0.7323852181434631;0.5936711430549622
845;0.73221755027771;5.89779475866231e-06;5477;0.0008247906225733459;0.6361826062202454;0.7406702637672424;0.5833632349967957
846;0.7385469079017639;5.9118599597230004e-06;5626;0.0008130708592943847;0.6336300373077393;0.7407211065292358;0.5847834944725037
847;0.7376232743263245;5.9259587038093395e-06;5423;0.0008014185586944222;0.6256908774375916;0.735716700553894;0.60905522108078
848;0.736930251121521;5.940091070915537e-06;5631;0.0007898342446424067;0.6276140213012695;0.7276156544685364;0.6115649938583374
849;0.7338387966156006;5.954257141226567e-06;5684;0.0007783183827996254;0.6368400454521179;0.7368642687797546;0.590470016002655
850;0.7361491322517395;5.9684569951186325e-06;5424;0.0007668715552426875;0.6336597204208374;0.7419631481170654;0.5844935774803162
851;0.7357360124588013;5.982690713159622e-06;5396;0.0007554941694252193;0.6313307285308838;0.7233835458755493;0.6189853549003601
852;0.7338651418685913;5.996958376109559e-06;5536;0.0007441867492161691;0.6318048238754272;0.7436167597770691;0.5828782320022583
853;0.7339362502098083;6.011260064921073e-06;5746;0.0007329498184844851;0.6353143453598022;0.739169180393219;0.5985400676727295
854;0.7383396029472351;6.025595860739846e-06;5421;0.0007217838428914547;0.6305217146873474;0.7455947995185852;0.5833337903022766
855;0.7335594892501831;6.039965844905076e-06;5596;0.000710689346306026;0.6370148658752441;0.7399293780326843;0.5826745629310608
856;0.7351022958755493;6.054370098949949e-06;5260;0.0006996667943894863;0.6363566517829895;0.6845998167991638;0.6604427695274353
857;0.7343336343765259;6.068808704602086e-06;5569;0.000688716652803123;0.6345596313476562;0.740757405757904;0.586095929145813
858;0.7357645034790039;6.083281743784011e-06;5519;0.0006778394454158843;0.6329162120819092;0.7306250929832458;0.629194438457489
859;0.7371399402618408;6.097789298613632e-06;5573;0.0006670355796813965;0.6295217871665955;0.7366100549697876;0.5950053930282593
860;0.7358353137969971;6.112331451404684e-06;5489;0.0006563055794686079;0.6326944828033447;0.7194177508354187;0.6483700275421143
861;0.7371057868003845;6.126908284667202e-06;5436;0.0006456498522311449;0.6317114233970642;0.7353050708770752;0.5956660509109497
862;0.7374991774559021;6.1415198811080035e-06;5514;0.0006350689800456166;0.6263411641120911;0.74558025598526;0.5836499929428101
863;0.7368306517601013;6.1561663236311416e-06;5376;0.0006245633121579885;0.6280203461647034;0.7350823283195496;0.5958077311515808
864;0.7367368340492249;6.170847695338377e-06;5489;0.0006141333724372089;0.6280317306518555;0.7282475829124451;0.610211968421936
865;0.7338609099388123;6.185564079529664e-06;5494;0.000603779568336904;0.6335234642028809;0.7080675959587097;0.6826951503753662
866;0.7353483438491821;6.200315559703602e-06;5477;0.0005935024237260222;0.6322804689407349;0.7426725029945374;0.5945007801055908
867;0.7338545322418213;6.215102219557924e-06;5296;0.0005833023460581899;0.6319869756698608;0.7271919250488281;0.6234848499298096
868;0.7364387512207031;6.229924142989972e-06;5099;0.0005731797427870333;0.630736768245697;0.7374695539474487;0.594727098941803
869;0.7332250475883484;6.244781414097158e-06;5457;0.0005631351377815008;0.6338605284690857;0.7436167597770691;0.5893508195877075
870;0.7301051616668701;6.259674117177462e-06;5214;0.0005531688802875578;0.6385901570320129;0.7096244096755981;0.6710776090621948
871;0.7316782474517822;6.274602336729896e-06;5485;0.0005432814941741526;0.6403520107269287;0.7339444160461426;0.5946618318557739
872;0.7301015257835388;6.289566157454981e-06;5403;0.0005334733286872506;0.6398274302482605;0.7419292330741882;0.5836395621299744
873;0.7341023683547974;6.304565664255245e-06;5183;0.0005237449076958001;0.6320461630821228;0.7416338324546814;0.587662398815155
874;0.7339692115783691;6.319600942235685e-06;5243;0.0005140965804457664;0.6326200366020203;0.7067456841468811;0.6666796207427979
875;0.7353722453117371;6.33467207670426e-06;5263;0.0005045287543907762;0.6295655965805054;0.7409075498580933;0.5839895009994507
876;0.7336421012878418;6.3497791531723795e-06;5217;0.0004950419533997774;0.6299405694007874;0.7423965334892273;0.5826730132102966
877;0.7371284365653992;6.364922257355375e-06;5221;0.0004856364685110748;0.6312764286994934;0.7420793175697327;0.5882161259651184
878;0.7343336343765259;6.380101475172994e-06;5090;0.00047631279448978603;0.6336899399757385;0.7417742609977722;0.5855668783187866
879;0.7374961972236633;6.395316892749897e-06;5359;0.00046707133878953755;0.6274686455726624;0.7389439940452576;0.5886242985725403
880;0.7339141368865967;6.410568596416125e-06;5316;0.0004579124506562948;0.6342473030090332;0.7433359026908875;0.586998462677002
881;0.7354503273963928;6.425856672707606e-06;5013;0.0004488365666475147;0.6346921920776367;0.7355060577392578;0.6007696390151978
882;0.7350729703903198;6.441181208366645e-06;5274;0.0004398440651129931;0.6350797414779663;0.7448297142982483;0.5791860222816467
883;0.7334368824958801;6.456542290342401e-06;5153;0.00043093538261018693;0.6413970589637756;0.7421277761459351;0.5878227353096008
884;0.7354736328125;6.471940005791407e-06;4949;0.00042211083928123116;0.6323927640914917;0.6965746283531189;0.675910234451294
885;0.7328431010246277;6.487374442078034e-06;5101;0.0004133709007874131;0.6386237740516663;0.7427064180374146;0.579307496547699
886;0.7331209182739258;6.502845686775008e-06;5125;0.0004047158872708678;0.6340223550796509;0.7410188913345337;0.5913682579994202
887;0.73539799451828;6.518353827663905e-06;5171;0.0003961461770813912;0.6325975656509399;0.7229405045509338;0.6267152428627014
888;0.7365819215774536;6.533898952735637e-06;5187;0.00038766220677644014;0.6306297779083252;0.7438032031059265;0.5773714780807495
889;0.7333924174308777;6.5494811501909595e-06;5093;0.00037926429649814963;0.6300574541091919;0.7347603440284729;0.5981616377830505
890;0.7384960651397705;6.565100508440979e-06;5036;0.00037095279549248517;0.6280182600021362;0.7340775728225708;0.5884116291999817
891;0.7354691028594971;6.58075711610764e-06;5045;0.0003627281403169036;0.6346299648284912;0.7226935029029846;0.6394176483154297
892;0.7375370264053345;6.596451062024232e-06;5021;0.0003545906220097095;0.6284841299057007;0.7405734062194824;0.5908057689666748
893;0.7369281053543091;6.612182435235905e-06;5357;0.00034654061892069876;0.6286693811416626;0.7310366630554199;0.61555016040802
894;0.7356969714164734;6.627951325000163e-06;5217;0.0003385784802958369;0.6326882839202881;0.7266108989715576;0.6130567193031311
895;0.7361539602279663;6.643757820787365e-06;5084;0.0003307045844849199;0.6302492022514343;0.7378860116004944;0.6014621257781982
896;0.7388195991516113;6.659602012281255e-06;5050;0.00032291922252625227;0.6278552412986755;0.7221391201019287;0.6098785400390625
897;0.7375633716583252;6.675483989379447e-06;5223;0.00031522277276962996;0.6275847554206848;0.7394669651985168;0.5915192365646362
898;0.7360577583312988;6.691403842193945e-06;5065;0.00030761558446101844;0.629653811454773;0.7394112944602966;0.5956308841705322
899;0.7353280782699585;6.707361661051663e-06;5045;0.0003000979486387223;0.635441780090332;0.7410528063774109;0.5841024518013
900;0.7352118492126465;6.723357536494918e-06;5231;0.000292670214548707;0.6319522857666016;0.7401570081710815;0.5879115462303162
901;0.7368739247322083;6.739391559281963e-06;5133;0.0002853327023331076;0.629385769367218;0.7424231171607971;0.5775552988052368
902;0.7344241142272949;6.755463820387488e-06;5242;0.00027808573213405907;0.6335099935531616;0.7418323755264282;0.5845760703086853
903;0.7378172874450684;6.771574411003141e-06;5023;0.00027092965319752693;0.6307416558265686;0.734443187713623;0.6055483818054199
904;0.7375854253768921;6.787723422538053e-06;5283;0.0002638647274579853;0.629901111125946;0.7446069717407227;0.5802360773086548
905;0.7343342304229736;6.803910946619344e-06;5090;0.0002568913041613996;0.6350781321525574;0.7401061654090881;0.586945652961731
906;0.7388561964035034;6.820137075092644e-06;5069;0.00025000967434607446;0.6286529302597046;0.7375712394714355;0.592072069644928
907;0.7340376377105713;6.836401900022633e-06;5000;0.0002432201144983992;0.6346405148506165;0.7462678551673889;0.5857858657836914
908;0.7376862168312073;6.852705513693535e-06;5147;0.00023652295931242406;0.630972146987915;0.7413118481636047;0.5916823744773865
909;0.7361651659011841;6.86904800860966e-06;5092;0.0002299184852745384;0.6308439373970032;0.7470450401306152;0.5826236605644226
910;0.7362553477287292;6.885429477495928e-06;5137;0.00022340696887113154;0.6308466792106628;0.739130437374115;0.5910532474517822
911;0.7342528104782104;6.901850013298389e-06;5193;0.0002169887302443385;0.6344034671783447;0.7440016865730286;0.5822367072105408
912;0.7341514229774475;6.9183097091847505e-06;4863;0.0002106640167767182;0.632132351398468;0.7454761862754822;0.5795057415962219
913;0.7376508116722107;6.934808658544914e-06;5070;0.00020443310495465994;0.6275783777236938;0.7410237193107605;0.582252025604248
914;0.7345878481864929;6.951346954991494e-06;5101;0.00019829630036838353;0.6348034143447876;0.7398422360420227;0.5854920744895935
915;0.7328110337257385;6.9679246923603575e-06;5020;0.00019225383584853262;0.6399639248847961;0.7420648336410522;0.5818654894828796
916;0.7392024397850037;6.9845419647111544e-06;4815;0.00018630600243341178;0.6282047629356384;0.739304780960083;0.5936311483383179
917;0.734594464302063;7.001198866327845e-06;5142;0.00018045303295366466;0.6345392465591431;0.720078706741333;0.6415786147117615
918;0.7343193888664246;7.0178954917192504e-06;5064;0.0001746952038956806;0.636397123336792;0.7393725514411926;0.5817601680755615
919;0.7343659996986389;7.034631935619568e-06;4940;0.0001690327626420185;0.6348775029182434;0.7430768609046936;0.5877084136009216
920;0.7414543628692627;7.051408292988922e-06;4799;0.00016346595657523721;0.6272426843643188;0.736641526222229;0.5870969295501709
921;0.7377673387527466;7.0682246590139076e-06;5158;0.00015799503307789564;0.6313430070877075;0.7373049259185791;0.58228600025177
922;0.7394914627075195;7.085081129108115e-06;4986;0.00015262022498063743;0.6273077726364136;0.7305476069450378;0.6107715964317322
923;0.735788106918335;7.1019777989126755e-06;5019;0.00014734176511410624;0.634558916091919;0.7386825084686279;0.5962706804275513
924;0.7368627190589905;7.118914764296822e-06;5293;0.00014215988630894572;0.6349013447761536;0.7431954741477966;0.5825561285018921
925;0.7367656230926514;7.135892121358407e-06;5048;0.00013707482139579952;0.6325130462646484;0.7317630052566528;0.606018602848053
926;0.736885130405426;7.152909966424458e-06;5096;0.00013208678865339607;0.6332917809486389;0.6356256604194641;6.881819725036621
927;0.7320411205291748;7.169968396051737e-06;5220;0.0001271960063604638;0.6364721059799194;0.7441760301589966;0.5827205777168274
928;0.7350593209266663;7.187067507027266e-06;5038;0.00012240269279573113;0.6334914565086365;0.7431034445762634;0.5782942771911621
929;0.7369889616966248;7.2042073963688885e-06;5063;0.00011770704441005364;0.634074866771698;0.7414159774780273;0.586223304271698
930;0.7353646755218506;7.221388161325826e-06;4951;0.00011310927948215976;0.6339722275733948;0.74403315782547;0.58182692527771
931;0.7357566356658936;7.2386098993792125e-06;5258;0.00010860959446290508;0.6322298645973206;0.7438395023345947;0.5820901989936829
932;0.734152615070343;7.255872708242668e-06;5230;0.00010420819307910278;0.6366482973098755;0.7372007966041565;0.5951134562492371
933;0.7319101095199585;7.27317668586283e-06;4932;9.990525722969323e-05;0.6381465792655945;0.7455100417137146;0.5834006667137146
934;0.7397060394287109;7.290521930419928e-06;5008;9.57009760895744e-05;0.6292485594749451;0.738956093788147;0.599522054195404
935;0.735617995262146;7.307908540328339e-06;5116;9.159554610960186e-05;0.6300114989280701;0.7415660619735718;0.5848415493965149
936;0.7360643744468689;7.32533661423713e-06;4909;8.758912736084312e-05;0.6334424614906311;0.7408930063247681;0.5899891257286072
937;0.7373484969139099;7.342806251030635e-06;5094;8.368190901819617e-05;0.632535994052887;0.7390965223312378;0.5891112685203552
938;0.736777126789093;7.360317549829011e-06;4938;7.987406570464373e-05;0.6317295432090759;0.739091694355011;0.5832148790359497
939;0.7328779101371765;7.377870609988797e-06;5066;7.61657502152957e-05;0.6389619708061218;0.7435150742530823;0.5877266526222229
940;0.736611545085907;7.395465531103477e-06;4830;7.255712989717722e-05;0.6308866143226624;0.743110716342926;0.587319552898407
941;0.7371496558189392;7.413102413004055e-06;4997;6.904836482135579e-05;0.629933774471283;0.7352252006530762;0.5987457633018494
942;0.7359052300453186;7.430781355759607e-06;5025;6.563961505889893e-05;0.633795976638794;0.735660970211029;0.5991849899291992
943;0.7347391247749329;7.448502459677857e-06;4986;6.23310188530013e-05;0.6356030702590942;0.735249400138855;0.6107420921325684
944;0.7345103621482849;7.466265825305755e-06;5089;5.912271808483638e-05;0.6353516578674316;0.7394887804985046;0.5917720794677734
945;0.7381238341331482;7.484071553430024e-06;5006;5.601486554951407e-05;0.6322385668754578;0.7401933073997498;0.5816648602485657
946;0.7334172129631042;7.501919745077752e-06;5059;5.3007592214271426e-05;0.6366308927536011;0.7396994233131409;0.5854154825210571
947;0.7378886938095093;7.519810501516962e-06;4841;5.0101025408366695e-05;0.6297225952148438;0.7391014099121094;0.5840455293655396
948;0.7344152927398682;7.5377439242571765e-06;5088;4.729529609903693e-05;0.6360810995101929;0.7448030710220337;0.5801169872283936
949;0.7356552481651306;7.555720115050008e-06;5061;4.459052797756158e-05;0.6358770728111267;0.6920301914215088;0.6878272891044617
950;0.7324612140655518;7.573739175889721e-06;4726;4.198683382128365e-05;0.6401841640472412;0.7295404076576233;0.5952103734016418
951;0.7348281145095825;7.59180120901382e-06;4890;3.94843373214826e-05;0.6359129548072815;0.7356827855110168;0.5916633605957031
952;0.7356579303741455;7.609906316903635e-06;5109;3.7083136703586206e-05;0.6355734467506409;0.7446505427360535;0.5806646347045898
953;0.7325392961502075;7.628054602284889e-06;4977;3.4783344744937494e-05;0.6371915340423584;0.7188197374343872;0.6273730993270874
954;0.7329133152961731;7.646246168128285e-06;5168;3.2585059670964256e-05;0.6353356838226318;0.7376583814620972;0.5938255786895752
955;0.7350311875343323;7.664481117650104e-06;5078;3.048837788810488e-05;0.6349557638168335;0.7426870465278625;0.5847088098526001
956;0.7348819971084595;7.68275955431277e-06;4844;2.849339034582954e-05;0.6355047821998596;0.7309035062789917;0.603640615940094
957;0.7369880676269531;7.701081581825447e-06;4979;2.660018617461901e-05;0.6328663229942322;0.741834819316864;0.5930966138839722
958;0.7319170236587524;7.719447304144633e-06;4902;2.4808845410007052e-05;0.6375728249549866;0.7390771508216858;0.5870146155357361
959;0.736801028251648;7.737856825474743e-06;5043;2.3119448087527417e-05;0.6326274275779724;0.7361791133880615;0.5933771133422852
960;0.7337716221809387;7.756310250268691e-06;5102;2.153206878574565e-05;0.632328450679779;0.7451032996177673;0.579404354095459
961;0.7362756133079529;7.774807683228508e-06;4885;2.0046774807269685e-05;0.632942795753479;0.7342979311943054;0.5917237401008606
962;0.735182523727417;7.79334922930591e-06;5028;1.866363345470745e-05;0.6351108551025391;0.7453526854515076;0.5793482065200806
963;0.7348220944404602;7.81193499370291e-06;4789;1.7382702935719863e-05;0.6342069506645203;0.7425224184989929;0.5881136059761047
964;0.7346347570419312;7.830565081872406e-06;4992;1.6204041457967833e-05;0.6359778046607971;0.7410019636154175;0.5847252607345581
965;0.7348729372024536;7.849239599518781e-06;5103;1.512769995315466e-05;0.6339604258537292;0.7443382143974304;0.5835285782814026
966;0.7345862984657288;7.867958652598513e-06;5076;1.4153724805510137e-05;0.636873185634613;0.7335812449455261;0.6090062260627747
967;0.7382542490959167;7.886722347320756e-06;4930;1.3282158761285245e-05;0.6320549249649048;0.735191285610199;0.5910051465034485
968;0.7361536622047424;7.905530790147962e-06;5108;1.251304001925746e-05;0.6334280967712402;0.7438395023345947;0.5854127407073975
969;0.7384119629859924;7.924384087796476e-06;5119;1.1846403140225448e-05;0.6293051838874817;0.7386122941970825;0.593988299369812
970;0.7348620295524597;7.94328234723714e-06;4914;1.1282275409030262e-05;0.6368685364723206;0.7354188561439514;0.600949227809906
971;0.7332846522331238;7.962225675695902e-06;4916;1.0820683201018255e-05;0.6395905613899231;0.7389706373214722;0.5869370102882385
972;0.7394945025444031;7.98121418065443e-06;4998;1.0461646525072865e-05;0.632695734500885;0.74024897813797;0.5821722745895386
973;0.7357614636421204;8.000247969850716e-06;4987;1.020517993310932e-05;0.6353595852851868;0.7451662421226501;0.5794105529785156
974;0.735794723033905;8.019327151279681e-06;5015;1.0051295248558745e-05;0.6320452690124512;0.7426386475563049;0.5848193168640137
975;0.7366194128990173;8.038451833193803e-06;4781;9.999999747378752e-06;0.6345395445823669;0.7382346391677856;0.5865433216094971
976;0.7352058291435242;8.05762212410372e-06;4840;9.999999747378752e-06;0.6333180069923401;0.6898415088653564;0.6947261095046997
977;0.7346916198730469;8.076838132778848e-06;4925;9.999999747378752e-06;0.6380391716957092;0.7466745972633362;0.5786287188529968
978;0.7367768287658691;8.096099968248e-06;4890;9.999999747378752e-06;0.6362395286560059;0.740227222442627;0.5823537707328796
979;0.7341880202293396;8.1154077398e-06;4755;9.999999747378752e-06;0.6396941542625427;0.7407090067863464;0.5946821570396423
980;0.7356340289115906;8.134761556984316e-06;4931;9.999999747378752e-06;0.6377161145210266;0.7423989176750183;0.5812658667564392
981;0.7350517511367798;8.154161529611662e-06;4801;9.999999747378752e-06;0.6356459259986877;0.7163841128349304;0.6456516981124878
982;0.735133171081543;8.173607767754633e-06;5098;9.999999747378752e-06;0.6368634700775146;0.7239428162574768;0.625359833240509
983;0.7355284094810486;8.193100381748335e-06;4999;9.999999747378752e-06;0.6383280754089355;0.7449919581413269;0.578543484210968
984;0.7361209988594055;8.212639482190996e-06;4897;9.999999747378752e-06;0.6370446085929871;0.7150912284851074;0.6392160058021545
985;0.7400555610656738;8.232225179944603e-06;4908;9.999999747378752e-06;0.6313440203666687;0.7340461015701294;0.5919030904769897
986;0.7365310788154602;8.251857586135534e-06;4890;9.999999747378752e-06;0.6348001956939697;0.7434230446815491;0.5802761316299438
987;0.7394082546234131;8.271536812155175e-06;4941;9.999999747378752e-06;0.6326319575309753;0.7430356740951538;0.5797837376594543
988;0.7326748371124268;8.291262969660566e-06;5019;9.999999747378752e-06;0.6443368792533875;0.7408567070960999;0.5963243246078491
989;0.736809492111206;8.311036170575037e-06;4978;9.999999747378752e-06;0.6330567598342896;0.7386389374732971;0.5845612287521362
990;0.7341604828834534;8.330856527088818e-06;5183;9.999999747378752e-06;0.6379333138465881;0.7469094395637512;0.5782530307769775
991;0.7362805008888245;8.350724151659704e-06;4813;9.999999747378752e-06;0.6370348334312439;0.7470377683639526;0.5836095809936523
992;0.7345257997512817;8.370639157013687e-06;5201;9.999999747378752e-06;0.6376091241836548;0.731562077999115;0.5982196927070618
993;0.7327995300292969;8.390601656145582e-06;4819;9.999999747378752e-06;0.6428045630455017;0.7263324856758118;0.6108668446540833
994;0.7335430979728699;8.410611762319673e-06;5050;9.999999747378752e-06;0.6423088312149048;0.7365737557411194;0.5939653515815735
995;0.7345390915870667;8.430669589070373e-06;4940;9.999999747378752e-06;0.6373950242996216;0.7417258620262146;0.5773305296897888
996;0.7346692085266113;8.450775250202838e-06;4884;9.999999747378752e-06;0.6367059946060181;0.7246788144111633;0.6245741844177246
997;0.734786331653595;8.470928859793648e-06;4818;9.999999747378752e-06;0.6379569172859192;0.7149193286895752;0.6504092216491699
998;0.7354933023452759;8.491130532191422e-06;4830;9.999999747378752e-06;0.6380358338356018;0.7447449564933777;0.5801066160202026
999;0.7343989610671997;8.511380382017478e-06;5077;9.999999747378752e-06;0.6423106789588928;0.7428444027900696;0.5842682123184204
1000;0.7283195853233337;8.531678524166502e-06;4960;0.004419163800776005;0.6566746234893799;0.7416895627975464;0.5876001715660095
1001;0.7325002551078796;8.552025073807165e-06;4941;0.004419115837663412;0.6482028365135193;0.7098568081855774;0.6404464244842529
1002;0.7321376800537109;8.572420146382805e-06;4925;0.004418971017003059;0.6499075889587402;0.7220107913017273;0.6179423928260803
1003;0.7343438863754272;8.592863857612073e-06;4993;0.004418730270117521;0.6475412249565125;0.736915111541748;0.5975472331047058
1004;0.7381374835968018;8.613356323489585e-06;4927;0.004418392665684223;0.6466758251190186;0.7184493541717529;0.6063370108604431
1005;0.7391155958175659;8.633897660286578e-06;4729;0.004417958669364452;0.6361276507377625;0.7242139577865601;0.5976250171661377
1006;0.7298288345336914;8.654487984551592e-06;4744;0.004417428281158209;0.644989550113678;0.7354552149772644;0.5847805738449097
1007;0.7277936339378357;8.675127413111099e-06;4780;0.00441680196672678;0.6448660492897034;0.737777054309845;0.5832716226577759
1008;0.728706955909729;8.695816063070184e-06;4682;0.004416078794747591;0.6436392068862915;0.7405371069908142;0.5865733623504639
1009;0.729381263256073;8.716554051813217e-06;4670;0.004415259696543217;0.6432655453681946;0.7384017109870911;0.5909336805343628
1010;0.7270206809043884;8.737341497004497e-06;4771;0.004414343740791082;0.6457443833351135;0.7304555773735046;0.5974240899085999
1011;0.7276756167411804;8.758178516588938e-06;4699;0.00441333232447505;0.648550271987915;0.7258651852607727;0.5972084999084473
1012;0.7305216193199158;8.779065228792736e-06;4522;0.0044122240506112576;0.6430649757385254;0.6968845129013062;0.6668462753295898
1013;0.7280254364013672;8.800001752124022e-06;4866;0.004411020316183567;0.6483086347579956;0.7402005791664124;0.5781701803207397
1014;0.7288840413093567;8.820988205373561e-06;4795;0.004409720189869404;0.6439110040664673;0.7373945116996765;0.5867931842803955
1015;0.7279561161994934;8.84202470761541e-06;4629;0.004408323671668768;0.6465933322906494;0.7309156060218811;0.5989453792572021
1016;0.7257723212242126;8.863111378207585e-06;4528;0.004406831692904234;0.6552222967147827;0.737738311290741;0.5970978140830994
1017;0.7278832197189331;8.884248336792773e-06;4586;0.0044052437879145145;0.6540916562080383;0.7301892638206482;0.600405216217041
1018;0.7344017028808594;8.905435703298968e-06;4456;0.00440355995669961;0.6345382928848267;0.7237079739570618;0.6092851758003235
1019;0.7296357750892639;8.926673597940175e-06;4720;0.00440178019925952;0.647878110408783;0.7415103912353516;0.5849263668060303
1020;0.731680691242218;8.947962141217095e-06;4878;0.004399904981255531;0.640717625617981;0.7310221195220947;0.5996268391609192
1021;0.7340957522392273;8.969301453917799e-06;4477;0.004397933837026358;0.6420489549636841;0.7253713011741638;0.6126805543899536
1022;0.7253767848014832;8.990691657118407e-06;4870;0.004395867697894573;0.649506688117981;0.7343415021896362;0.5927732586860657
1023;0.7289012670516968;9.012132872183802e-06;4506;0.004393705632537603;0.6477515697479248;0.7308574914932251;0.6133169531822205
1024;0.7273841500282288;9.033625220768288e-06;4567;0.004391448572278023;0.6486477255821228;0.7204322218894958;0.627722442150116
1025;0.7327269315719604;9.05516882481629e-06;4623;0.004389096517115831;0.6408146619796753;0.7327290177345276;0.5934446454048157
1026;0.7322896122932434;9.076763806563065e-06;4471;0.004386649001389742;0.6391268968582153;0.7321455478668213;0.5958863496780396
1027;0.726308286190033;9.09841028853536e-06;4401;0.004384106490761042;0.6441596150398254;0.7205169796943665;0.6388545036315918
1028;0.7297422885894775;9.120108393552146e-06;4631;0.004381468985229731;0.6444129347801208;0.73936527967453;0.6119686961174011
1029;0.7311147451400757;9.14185824472528e-06;4497;0.004378736950457096;0.6479105949401855;0.7384501099586487;0.5833132863044739
1030;0.726646900177002;9.163659965460223e-06;4493;0.004375909920781851;0.6486217975616455;0.7387576103210449;0.5827857851982117
1031;0.7297677397727966;9.185513679456744e-06;4394;0.004372988827526569;0.6453247666358948;0.7367286682128906;0.5917178392410278
1032;0.7316144108772278;9.20741951070961e-06;4548;0.004369972739368677;0.6426690816879272;0.702433705329895;0.657821774482727
1033;0.7283934354782104;9.22937758350928e-06;4369;0.004366862587630749;0.6467887759208679;0.7257295846939087;0.6167399287223816
1034;0.7276323437690735;9.251388022442651e-06;4404;0.004363658372312784;0.6474238038063049;0.735268771648407;0.5895558595657349
1035;0.7316428422927856;9.273450952393714e-06;4601;0.0043603600934147835;0.6409996151924133;0.7119389772415161;0.6350802183151245
1036;0.7259232997894287;9.295566498544294e-06;4435;0.004356968216598034;0.6481173038482666;0.7348523139953613;0.5902363061904907
1037;0.728568971157074;9.31773478637476e-06;4478;0.004353482276201248;0.6449404954910278;0.7322568893432617;0.5871878862380981
1038;0.7321376800537109;9.339955941664719e-06;4324;0.004349903203547001;0.6398894786834717;0.7417040467262268;0.5861578583717346
1039;0.727810263633728;9.362230090493744e-06;4294;0.0043462300673127174;0.6505107879638672;0.736387312412262;0.5898876786231995
1040;0.7251216173171997;9.38455735924209e-06;4122;0.00434246426448226;0.6547436118125916;0.7356682419776917;0.5869320631027222
1041;0.7295649647712708;9.406937874591395e-06;4175;0.004338604863733053;0.6462079882621765;0.7213401198387146;0.6204205751419067
1042;0.7291494607925415;9.429371763525426e-06;4122;0.00433465326204896;0.6433225870132446;0.728743851184845;0.6031911969184875
1043;0.7293534278869629;9.451859153330776e-06;4034;0.004330608528107405;0.6447476148605347;0.7331163883209229;0.5929352641105652
1044;0.7252287864685059;9.474400171597584e-06;4036;0.0043264711275696754;0.6471623182296753;0.7389658093452454;0.5829318761825562
1045;0.7330552935600281;9.496994946220291e-06;4248;0.004322241060435772;0.6390379667282104;0.7343172430992126;0.6093783378601074
1046;0.7279981970787048;9.519643605398327e-06;4043;0.004317919258028269;0.645962119102478;0.7383363246917725;0.5834524631500244
1047;0.7300485968589783;9.542346277636855e-06;4024;0.004313505254685879;0.6418591141700745;0.7355520129203796;0.5931840538978577
1048;0.7242763638496399;9.565103091747513e-06;4137;0.004308999981731176;0.6537813544273376;0.7267246842384338;0.6181671023368835
1049;0.7218376994132996;9.587914176849119e-06;4210;0.004304402507841587;0.6583828926086426;0.7372710108757019;0.5840372443199158
1050;0.727189838886261;9.61077966236842e-06;4218;0.0042997137643396854;0.6519936919212341;0.7322908043861389;0.5906972289085388
1051;0.7251634001731873;9.633699678040833e-06;4182;0.0042949337512254715;0.6553827524185181;0.7398955225944519;0.5900605320930481
1052;0.7303339838981628;9.656674353911152e-06;4172;0.0042900629341602325;0.6472539305686951;0.7188246250152588;0.6211346387863159
1053;0.7301242351531982;9.679703820334321e-06;4174;0.004285100847482681;0.6471028923988342;0.740094006061554;0.5831004977226257
1054;0.728247880935669;9.702788207976154e-06;4015;0.00428004888817668;0.6444483995437622;0.7353559136390686;0.5979628562927246
1055;0.7266926169395447;9.725927647814076e-06;4124;0.004274906124919653;0.6495233178138733;0.7397405505180359;0.5855424404144287
1056;0.7324345707893372;9.749122271137867e-06;4183;0.0042696730233728886;0.6440055966377258;0.7392393946647644;0.584209144115448
1057;0.7258884906768799;9.772372209550425e-06;4344;0.004264350514858961;0.6544764637947083;0.7314797043800354;0.6065005660057068
1058;0.728155255317688;9.79567759496848e-06;4171;0.004258938133716583;0.6465634703636169;0.7319373488426208;0.5919047594070435
1059;0.7256064414978027;9.819038559623373e-06;4233;0.004253436345607042;0.6487185955047607;0.7324627041816711;0.6023792624473572
1060;0.7256352305412292;9.842455236061787e-06;3870;0.004247845616191626;0.6491382122039795;0.733876645565033;0.6035046577453613
1061;0.7252057790756226;9.865927757146504e-06;4061;0.004242165479809046;0.6547476649284363;0.7321963906288147;0.5959563255310059
1062;0.7301914095878601;9.88945625605717e-06;3949;0.0042363968677818775;0.6451998353004456;0.7357868552207947;0.5910626649856567
1063;0.7269613742828369;9.913040866291027e-06;4000;0.004230539780110121;0.6497535705566406;0.73558109998703;0.5869200825691223
1064;0.7286733984947205;9.936681721663693e-06;3895;0.004224594682455063;0.6447315812110901;0.7254342436790466;0.615889847278595
1065;0.7230494618415833;9.960378956309915e-06;3944;0.004218561574816704;0.6565648913383484;0.7332229018211365;0.5948979258537292
1066;0.7281368374824524;9.984132704684323e-06;4054;0.0042124404571950436;0.6467476487159729;0.731838047504425;0.5903075933456421
1067;0.7243916988372803;1.0007943101562193e-05;3881;0.004206232260912657;0.6570626497268677;0.7283468246459961;0.5964867472648621
1068;0.7262616753578186;1.0031810282040232e-05;3721;0.0041999369859695435;0.6543500423431396;0.7228944897651672;0.6203471422195435
1069;0.7295791506767273;1.0055734381537311e-05;3855;0.004193555098026991;0.6472002863883972;0.735092043876648;0.589796245098114
1070;0.7211704254150391;1.0079715535795258e-05;4081;0.004187086131423712;0.6569494605064392;0.7307097911834717;0.5899405479431152
1071;0.7287079095840454;1.010375388087963e-05;3805;0.004180531017482281;0.6448832154273987;0.6974631547927856;0.7234324216842651
1072;0.7237615585327148;1.0127849553180462e-05;3790;0.004173890221863985;0.6537695527076721;0.7332277894020081;0.5900300145149231
1073;0.7256049513816833;1.0152002689413063e-05;3940;0.0041671632789075375;0.6515027284622192;0.7358667850494385;0.5930560827255249
1074;0.7260217070579529;1.0176213426618784e-05;3857;0.0041603511199355125;0.6468451619148254;0.7161880135536194;0.6185200214385986
1075;0.7219833135604858;1.0200481902165793e-05;3910;0.004153454210609198;0.6588008403778076;0.7078012824058533;0.6612834930419922
1076;0.7139243483543396;1.0224808253749859e-05;3893;0.004146472085267305;0.6947824358940125;0.7273783683776855;0.6073386073112488
1077;0.7257553339004517;1.0249192619395133e-05;4040;0.004139405209571123;0.6565824747085571;0.7277488112449646;0.6037355065345764
1078;0.728247880935669;1.027363513745492e-05;4027;0.0041322545148432255;0.6635044813156128;0.732915461063385;0.6085470914840698
1079;0.7258622050285339;1.0298135946612485e-05;4138;0.0041250200010836124;0.6533762216567993;0.7351162433624268;0.5984283089637756
1080;0.730568528175354;1.0322695185881819e-05;4179;0.004117701668292284;0.6527190804481506;0.7258893847465515;0.611815333366394
1081;0.7265724539756775;1.0347312994608441e-05;3876;0.004110300447791815;0.6531553268432617;0.723860502243042;0.6122245192527771
1082;0.7291833162307739;1.037198951247019e-05;3964;0.0041028158739209175;0.6532711982727051;0.6223991513252258;0.8061022162437439
1083;0.728017270565033;1.0396724879478001e-05;3833;0.004095248878002167;0.6535322070121765;0.7291167378425598;0.6074987649917603
1084;0.7236063480377197;1.0421519235976715e-05;3880;0.0040875994600355625;0.6562334895133972;0.7285114526748657;0.60670006275177
1085;0.724978506565094;1.0446372722645875e-05;3703;0.004079868551343679;0.6555256247520447;0.7336829304695129;0.5945039391517639
1086;0.7257532477378845;1.0471285480500517e-05;3864;0.00407205568626523;0.6540570855140686;0.6964317560195923;0.7008569240570068
1087;0.7277288436889648;1.0496257650891964e-05;3780;0.004064161330461502;0.6574059724807739;0.7297195792198181;0.6117133498191833
1088;0.726700484752655;1.0521289375508656e-05;3850;0.00405618641525507;0.6539282202720642;0.7354503273963928;0.5923611521720886
1089;0.7262834906578064;1.0546380796376916e-05;3678;0.004048130940645933;0.6522358655929565;0.7314724922180176;0.6012168526649475
1090;0.728107750415802;1.0571532055861789e-05;3792;0.00403999537229538;0.6470811367034912;0.7274413108825684;0.6548088192939758
1091;0.7240654230117798;1.0596743296667825e-05;3754;0.004031779710203409;0.6612767577171326;0.7328694462776184;0.589619517326355
1092;0.7233288288116455;1.0622014661839906e-05;3701;0.0040234848856925964;0.6573396921157837;0.7293491363525391;0.6075735092163086
1093;0.7309595346450806;1.064734629476405e-05;3817;0.004015110433101654;0.6516901254653931;0.6959620714187622;0.672562837600708
1094;0.7256116271018982;1.0672738339168222e-05;3701;0.004006657749414444;0.6558834314346313;0.7141808867454529;0.6296182870864868
1095;0.7263745665550232;1.0698190939123152e-05;3779;0.003998126368969679;0.6549276113510132;0.7320123910903931;0.59096759557724
1096;0.7299532294273376;1.0723704239043163e-05;3870;0.003989516757428646;0.6488668322563171;0.728976309299469;0.6120373010635376
1097;0.7243505120277405;1.074927838368697e-05;3660;0.00398082984611392;0.6574369668960571;0.7248216867446899;0.6418098211288452
1098;0.7192419767379761;1.077491351815851e-05;3715;0.003972065635025501;0.6646184921264648;0.7259765267372131;0.6210146546363831
1099;0.7256612181663513;1.0800609787907787e-05;3674;0.0039632245898246765;0.6592033505439758;0.7228436470031738;0.6103323101997375
1100;0.7225008010864258;1.0826367338731654e-05;3666;0.003954307176172733;0.6565714478492737;0.731721818447113;0.6104938387870789
1101;0.7272763848304749;1.0852186316774672e-05;3822;0.003945313394069672;0.6524074673652649;0.7151105999946594;0.6367728114128113
1102;0.7203832268714905;1.0878066868529937e-05;3679;0.003936243709176779;0.65587317943573;0.7250396013259888;0.5989478826522827
1103;0.7191036939620972;1.0904009140839902e-05;3630;0.003927099052816629;0.6607927680015564;0.734072744846344;0.6156644225120544
1104;0.7248544096946716;1.0930013280897207e-05;3690;0.0039178794249892235;0.6588037610054016;0.7331261038780212;0.5938812494277954
1105;0.7253819108009338;1.0956079436245535e-05;3635;0.003908585291355848;0.6511165499687195;0.7347893714904785;0.5942441821098328
1106;0.7250465750694275;1.0982207754780411e-05;3625;0.0038992168847471476;0.6551318764686584;0.7335643172264099;0.6538469791412354
1107;0.7241053581237793;1.1008398384750094e-05;3648;0.003889775136485696;0.6601772308349609;0.7259378433227539;0.6021149754524231
1108;0.7287108898162842;1.1034651474756367e-05;3743;0.0038802598137408495;0.6512044072151184;0.7241461873054504;0.6848896145820618
1109;0.7222145199775696;1.1060967173755405e-05;3614;0.0038706716150045395;0.6600961089134216;0.7321068048477173;0.6027911305427551
1110;0.7249285578727722;1.1087345631058632e-05;3728;0.003861011238768697;0.6605728268623352;0.7349418997764587;0.5942625403404236
1111;0.723162055015564;1.1113786996333535e-05;3486;0.0038512786850333214;0.6569545269012451;0.7336587309837341;0.5969176292419434
1112;0.7199114561080933;1.1140291419604538e-05;3624;0.0038414744194597006;0.6641255617141724;0.6799851655960083;0.6814749836921692
1113;0.7228984832763672;1.1166859051253856e-05;3428;0.0038315991405397654;0.6555644869804382;0.7159846425056458;0.6260663866996765
1114;0.7237280011177063;1.1193490042022328e-05;3473;0.0038216530811041594;0.6604891419410706;0.7205266356468201;0.616110622882843
1115;0.7289487719535828;1.1220184543010279e-05;3513;0.00381163670681417;0.6492769718170166;0.7330582737922668;0.5990943908691406
1116;0.7224103212356567;1.12469427056784e-05;3380;0.0038015504833310843;0.6627874374389648;0.7292644381523132;0.602878987789154
1117;0.7259623408317566;1.1273764681848577e-05;3353;0.0037913948763161898;0.6564463973045349;0.7291191816329956;0.5977175235748291
1118;0.7272089123725891;1.1300650623704757e-05;3257;0.0037811703514307737;0.6580529808998108;0.7295137643814087;0.5995380878448486
1119;0.7258198261260986;1.132760068379384e-05;3528;0.00377087714150548;0.6564763188362122;0.7365761399269104;0.6044704914093018
1120;0.7223407030105591;1.1354615015026499e-05;3469;0.003760515945032239;0.6595756411552429;0.7360386848449707;0.6074536442756653
1121;0.7300164699554443;1.1381693770678095e-05;3273;0.0037500872276723385;0.6500241160392761;0.7158781290054321;0.6237795352935791
1122;0.7253970503807068;1.1408837104389507e-05;3372;0.003739591222256422;0.653999388217926;0.7373242974281311;0.5887919664382935
1123;0.7209612727165222;1.1436045170168023e-05;3287;0.003729028394445777;0.6615708470344543;0.7299084067344666;0.5940570831298828
1124;0.7325202226638794;1.1463318122388224e-05;3265;0.003718399442732334;0.6501979231834412;0.6255611181259155;0.7661738395690918
1125;0.7227468490600586;1.1490656115792832e-05;3428;0.003707704832777381;0.6564279198646545;0.7364672422409058;0.6489816904067993
1126;0.7198769450187683;1.1518059305493607e-05;3271;0.003696944797411561;0.6622233986854553;0.6145232319831848;0.7720126509666443
1127;0.7238239049911499;1.1545527846972229e-05;3316;0.0036861198022961617;0.6578941345214844;0.7348014712333679;0.5923842787742615
1128;0.7302470803260803;1.1573061896081169e-05;3125;0.003675230545923114;0.6488664746284485;0.718957781791687;0.6115384697914124
1129;0.7195888161659241;1.1600661609044577e-05;3147;0.003664277493953705;0.6566911935806274;0.7274945974349976;0.6105878353118896
1130;0.7228591442108154;1.1628327142459179e-05;3269;0.0036532608792185783;0.656854510307312;0.731838047504425;0.6008623242378235
1131;0.7155519723892212;1.1656058653295149e-05;3220;0.0036421814002096653;0.6587738394737244;0.7240880727767944;0.6547229886054993
1132;0.7196805477142334;1.1683856298897002e-05;3140;0.0036310392897576094;0.662343442440033;0.7262065410614014;0.606717586517334
1133;0.7235052585601807;1.1711720236984509e-05;3113;0.003619835479184985;0.6497216820716858;0.7210108637809753;0.6166306734085083
1134;0.7225713133811951;1.1739650625653563e-05;3200;0.0036085699684917927;0.6554672122001648;0.7247732877731323;0.6337951421737671
1135;0.732107400894165;1.1767647623377082e-05;3181;0.0035972436890006065;0.6481850147247314;0.7264704704284668;0.6055343151092529
1136;0.7288389205932617;1.179571138900593e-05;3192;0.0035858568735420704;0.647493839263916;0.6927638053894043;0.6834225654602051
1137;0.7230900526046753;1.1823842081769786e-05;3155;0.0035744099877774715;0.6548692584037781;0.7307945489883423;0.5984818935394287
1138;0.7239598035812378;1.1852039861278082e-05;3203;0.003562903730198741;0.6568989157676697;0.7320826053619385;0.5938823819160461
1139;0.7208511233329773;1.1880304887520873e-05;3260;0.0035513383336365223;0.6583517789840698;0.7131567597389221;0.6130158305168152
1140;0.7149233818054199;1.1908637320869766e-05;3205;0.00353971472941339;0.6615973711013794;0.7265285849571228;0.6030049324035645
1141;0.717261552810669;1.193703732207884e-05;3139;0.0035280329175293446;0.6609852313995361;0.7052397727966309;0.6555373668670654
1142;0.7249137163162231;1.1965505052285526e-05;3331;0.00351629382930696;0.6517326831817627;0.7225773334503174;0.6009383201599121
1143;0.7226729989051819;1.1994040673011541e-05;3205;0.0035044976975768805;0.6533270478248596;0.721332848072052;0.6094638109207153
1144;0.7111037969589233;1.202264434616382e-05;3210;0.003492644988000393;0.6665557622909546;0.7247127294540405;0.5971084833145142
1145;0.7162359356880188;1.20513162340354e-05;3222;0.003480736631900072;0.6643964052200317;0.7274146676063538;0.5946183204650879
1146;0.7252233028411865;1.2080056499306362e-05;3210;0.0034687728621065617;0.6511802077293396;0.7282257676124573;0.5974165797233582
1147;0.7173964977264404;1.2108865305044758e-05;3379;0.003456754144281149;0.6588608026504517;0.7368231415748596;0.5963080525398254
1148;0.7143868207931519;1.2137742814707523e-05;3247;0.003444680944085121;0.6635448336601257;0.7320486903190613;0.5972314476966858
1149;0.7214092016220093;1.2166689192141399e-05;3184;0.003432554192841053;0.6578978300094604;0.7259765267372131;0.5959320664405823
1150;0.7224811315536499;1.2195704601583895e-05;3157;0.003420374123379588;0.6562014818191528;0.7310560345649719;0.5918648838996887
1151;0.7141598463058472;1.222478920766418e-05;3151;0.003408141201362014;0.6614010334014893;0.7248894572257996;0.6040659546852112
1152;0.719778299331665;1.2253943175404036e-05;3207;0.003395856125280261;0.6546043157577515;0.714667558670044;0.6657925844192505
1153;0.7160192131996155;1.2283166670218802e-05;3133;0.003383519360795617;0.66279137134552;0.7279836535453796;0.59749835729599
1154;0.7122613787651062;1.2312459857918292e-05;3099;0.0033711313735693693;0.6692259907722473;0.7125393748283386;0.6230226159095764
1155;0.7249742746353149;1.2341822904707762e-05;3075;0.0033586930949240923;0.6532286405563354;0.7084404826164246;0.6280106902122498
1156;0.7193058729171753;1.2371255977188826e-05;3181;0.003346204524859786;0.6577581167221069;0.7264971137046814;0.6018229722976685
1157;0.723312497138977;1.2400759242360412e-05;3097;0.0033336663618683815;0.6583231687545776;0.7355713844299316;0.595843493938446
1158;0.7143465280532837;1.2430332867619723e-05;3110;0.0033210795372724533;0.6612927913665771;0.7254511713981628;0.5984135866165161
1159;0.714561402797699;1.2459977020763166e-05;3031;0.0033084440510720015;0.6620131731033325;0.7024579048156738;0.6511983871459961
1160;0.7099117040634155;1.2489691869987307e-05;3051;0.0032957608345896006;0.6703540086746216;0.6811739206314087;0.6649114489555359
1161;0.7180453538894653;1.251947758388985e-05;3187;0.003283030353486538;0.6617067456245422;0.7301675081253052;0.6146230101585388
1162;0.7214500308036804;1.254933433147056e-05;3065;0.003270253073424101;0.6540107131004333;0.7338112592697144;0.5985422134399414
1163;0.7115759253501892;1.2579262282132234e-05;3127;0.0032574296928942204;0.667883574962616;0.7327120900154114;0.5994055867195129
1164;0.7173717021942139;1.2609261605681683e-05;3070;0.00324456044472754;0.6607615351676941;0.7330679893493652;0.596114993095398
1165;0.7164655923843384;1.2639332472330656e-05;3118;0.003231646493077278;0.6682189702987671;0.7333803176879883;0.5965465903282166
1166;0.7177727222442627;1.2669475052696835e-05;3095;0.0032186878379434347;0.6652246117591858;0.7197567224502563;0.6256758570671082
1167;0.7145910859107971;1.2699689517804806e-05;3185;0.0032056851778179407;0.671848475933075;0.72286057472229;0.6044822335243225
1168;0.712895393371582;1.2729976039086999e-05;3215;0.0031926394440233707;0.6653887033462524;0.7190013527870178;0.6102449893951416
1169;0.7119765877723694;1.2760334788384701e-05;2983;0.003179550636559725;0.6707820892333984;0.7061694860458374;0.6133567690849304
1170;0.7129296064376831;1.2790765937948994e-05;3115;0.003166419919580221;0.6705263257026672;0.714805543422699;0.6553492546081543
1171;0.7179984450340271;1.2821269660441745e-05;3143;0.00315324729308486;0.6673774123191833;0.7095783948898315;0.6417971849441528
1172;0.7100112438201904;1.2851846128936614e-05;3033;0.0031400336883962154;0.669024646282196;0.7273735404014587;0.5975316762924194
1173;0.7115510702133179;1.2882495516919988e-05;3102;0.003126779804006219;0.6622791886329651;0.7286470532417297;0.6023772358894348
1174;0.7117586731910706;1.2913217998291988e-05;3037;0.003113485872745514;0.6671093702316284;0.718822181224823;0.614025354385376
1175;0.7143973708152771;1.2944013747367477e-05;3264;0.0031001525931060314;0.664699137210846;0.7261387705802917;0.6023047566413879
1176;0.7141791582107544;1.297488293887701e-05;3070;0.0030867804307490587;0.6674763560295105;0.7053898572921753;0.6360493898391724
1177;0.7147865891456604;1.3005825747967841e-05;3111;0.0030733703169971704;0.6647331714630127;0.7258603572845459;0.6157407164573669
1178;0.7168551087379456;1.3036842350204939e-05;3185;0.0030599224846810102;0.6643025279045105;0.7208825349807739;0.6135947704315186
1179;0.7241828441619873;1.3067932921571946e-05;3061;0.0030464378651231527;0.6604706048965454;0.7279715538024902;0.5986176133155823
1180;0.6993781328201294;1.3099097638472195e-05;3082;0.0030329166911542416;0.774216890335083;0.7346901297569275;0.700728178024292
1181;0.7146022915840149;1.3130336677729727e-05;2838;0.0030193598940968513;0.7995004057884216;0.732641875743866;0.668737530708313
1182;0.7084178924560547;1.3161650216590261e-05;2586;0.0030057677067816257;0.7602176070213318;0.7117137908935547;0.6934545636177063
1183;0.6625798344612122;1.3193038432722215e-05;2642;0.0029921410605311394;0.8128754496574402;0.6712933778762817;0.768693208694458
1184;0.6652775406837463;1.3224501504217727e-05;2632;0.0029784804210066795;0.826156735420227;0.6789828538894653;0.8088737726211548
1185;0.6661860942840576;1.3256039609593639e-05;2632;0.0029647862538695335;0.9007493257522583;0.6990731954574585;0.7201241254806519
1186;0.6835907697677612;1.3287652927792538e-05;2594;0.0029510592576116323;0.7786778211593628;0.6548153162002563;0.8006786108016968
1187;0.6875952482223511;1.3319341638183754e-05;2636;0.002937300130724907;0.7387678623199463;0.6955916285514832;0.6745162010192871
1188;0.6819007992744446;1.3351105920564366e-05;2554;0.0029235093388706446;0.7381831407546997;0.6967803835868835;0.6729289889335632
1189;0.6890022158622742;1.3382945955160262e-05;2543;0.0029096875805407763;0.7335295677185059;0.6851542592048645;0.6850952506065369
1190;0.6810591816902161;1.341486192262712e-05;2535;0.0028958353213965893;0.7374238967895508;0.6889359951019287;0.6848411560058594
1191;0.6884486675262451;1.3446854004051453e-05;2581;0.0028819532599300146;0.7216559052467346;0.6876746416091919;0.6855366826057434
1192;0.6860883831977844;1.3478922380951639e-05;2465;0.002868042094632983;0.7270234823226929;0.6833771467208862;0.6839593648910522
1193;0.687670886516571;1.3511067235278939e-05;2484;0.0028541022911667824;0.7264403700828552;0.6938944458961487;0.6894364356994629
1194;0.6910295486450195;1.3543288749418536e-05;2624;0.002840134548023343;0.7193086743354797;0.6927032470703125;0.6785706281661987
1195;0.6984208822250366;1.3575587106190578e-05;2502;0.0028261395636945963;0.7040104269981384;0.7105419635772705;0.649139940738678
1196;0.6993390917778015;1.3607962488851196e-05;2409;0.0028121175710111856;0.7018935084342957;0.7110649347305298;0.6456990242004395
1197;0.6973710060119629;1.3640415081093555e-05;2351;0.0027980695012956858;0.7022510170936584;0.6994048953056335;0.663770854473114
1198;0.6994292736053467;1.367294506704891e-05;2428;0.0027839960530400276;0.696617603302002;0.7072105407714844;0.6461417078971863
1199;0.7029707431793213;1.3705552631287621e-05;2273;0.0027698976919054985;0.6981091499328613;0.6731625199317932;0.7142360210418701
1200;0.6990512609481812;1.3738237958820215e-05;2436;0.0027557748835533857;0.7011821866035461;0.7058692574501038;0.6496039032936096
1201;0.6999325156211853;1.3771001235098455e-05;2362;0.002741628559306264;0.7033665180206299;0.7124837040901184;0.6451787948608398
1202;0.6999591588973999;1.3803842646016352e-05;2366;0.0027274589519947767;0.6998971104621887;0.6791256666183472;0.7169181108474731
1203;0.7041289210319519;1.3836762377911258e-05;2494;0.0027132672257721424;0.6972333788871765;0.7092854380607605;0.6471967101097107
1204;0.7062077522277832;1.3869760617564898e-05;2621;0.002699053380638361;0.7033491134643555;0.7155439853668213;0.6547598242759705
1205;0.701314389705658;1.390283755220443e-05;2588;0.0026848185807466507;0.7157835960388184;0.5965344309806824;1.1808052062988281
1206;0.7091348171234131;1.3935993369503543e-05;2540;0.0026705630589276552;0.6938809156417847;0.6949016451835632;0.6885002255439758
1207;0.7068365812301636;1.3969228257583468e-05;2400;0.002656287746503949;0.6928656697273254;0.7154326438903809;0.638178825378418
1208;0.7097909450531006;1.4002542405014079e-05;2396;0.002641992876306176;0.6883547902107239;0.7183161973953247;0.6365854740142822
1209;0.7072551250457764;1.4035936000814965e-05;2404;0.002627679379656911;0.6930153965950012;0.7161202430725098;0.6421805620193481
1210;0.709639310836792;1.4069409234456486e-05;2370;0.0026133479550480843;0.6890163421630859;0.7170039415359497;0.6365124583244324
1211;0.7065357565879822;1.410296229586085e-05;2359;0.0025989990681409836;0.6975901126861572;0.6888319253921509;0.6999218463897705
1212;0.7078222632408142;1.4136595375403212e-05;2380;0.002584633184596896;0.6951808929443359;0.7190207242965698;0.6428607702255249
1213;0.7095566987991333;1.4170308663912724e-05;2421;0.0025702512357383966;0.6928802132606506;0.6925798058509827;0.6811597347259521
1214;0.7091115117073059;1.4204102352673629e-05;2434;0.002555853920057416;0.6891645789146423;0.7196574807167053;0.6364849209785461
1215;0.7073429226875305;1.4237976633426372e-05;2446;0.0025414414703845978;0.6969341039657593;0.7089585661888123;0.6580976247787476
1216;0.7078452706336975;1.4271931698368634e-05;2413;0.002527014585211873;0.6965016722679138;0.7192071080207825;0.6361737251281738
1217;0.704604983329773;1.4305967740156484e-05;2525;0.0025125741958618164;0.703560471534729;0.7141397595405579;0.646131157875061
1218;0.7045607566833496;1.434008495190542e-05;2417;0.002498120767995715;0.7059280872344971;0.7110891342163086;0.6395568251609802
1219;0.7065064311027527;1.4374283527191488e-05;2350;0.0024836550001055002;0.6972715854644775;0.707629382610321;0.6572238802909851
1220;0.7076930403709412;1.4408563660052398e-05;2453;0.002469177357852459;0.7003517150878906;0.712081789970398;0.6758946180343628
1221;0.7031229138374329;1.4442925544988583e-05;2422;0.0024546885397285223;0.7007535099983215;0.7108736634254456;0.6518456339836121
1222;0.706908643245697;1.4477369376964329e-05;2397;0.0024401892442256212;0.702438473701477;0.7026903629302979;0.659027099609375
1223;0.6983364224433899;1.4511895351408896e-05;2403;0.0024256801698356867;0.7157514691352844;0.7176164388656616;0.6512940526008606
1224;0.6952903866767883;1.454650366421759e-05;2345;0.002411161782220006;0.7165908813476562;0.718841552734375;0.6486475467681885
1225;0.7024362683296204;1.4581194511752892e-05;2457;0.0023966350127011538;0.7050745487213135;0.7172629833221436;0.650250256061554
1226;0.7023530602455139;1.461596809084559e-05;2374;0.0023821000941097736;0.7033228874206543;0.7127597332000732;0.6457390785217285
1227;0.7086942195892334;1.4650824598795859e-05;2319;0.0023675577249377966;0.697828471660614;0.7093653082847595;0.6626339554786682
1228;0.7079859972000122;1.4685764233374407e-05;2420;0.0023530088365077972;0.7020081281661987;0.7118203639984131;0.6502369046211243
1229;0.7051267027854919;1.4720787192823602e-05;2335;0.002338453894481063;0.7028722763061523;0.662894606590271;0.7181722521781921
1230;0.7035245299339294;1.4755893675858567e-05;2324;0.002323893364518881;0.7083236575126648;0.7137886881828308;0.6464698314666748
1231;0.7044920921325684;1.4791083881668333e-05;2271;0.0023093281779438257;0.7052192091941833;0.7035377025604248;0.6551916003227234
1232;0.7067615389823914;1.4826358009916971e-05;2299;0.0022947590332478285;0.7017053365707397;0.7116290926933289;0.6491500735282898
1233;0.7035917043685913;1.4861716260744696e-05;2312;0.002280186163261533;0.7039090991020203;0.7057119011878967;0.666668713092804
1234;0.7063317894935608;1.4897158834769044e-05;2269;0.0022656102664768696;0.6992704272270203;0.7179433107376099;0.6489360332489014
1235;0.7028447985649109;1.4932685933085971e-05;2280;0.002251032507047057;0.7022700309753418;0.7061331272125244;0.6644008755683899
1236;0.7047980427742004;1.4968297757271016e-05;2350;0.0022364528849720955;0.707503080368042;0.7046417593955994;0.667759895324707
1237;0.700995683670044;1.500399450938045e-05;2237;0.002221872331574559;0.706936240196228;0.7134473323822021;0.6798736453056335
1238;0.7065757513046265;1.5039776391952401e-05;2382;0.0022072915453463793;0.6977412700653076;0.7159119844436646;0.6492516994476318
1239;0.7114578485488892;1.5075643608008015e-05;2263;0.002192710991948843;0.6924018859863281;0.7076197266578674;0.655648410320282
1240;0.7038450241088867;1.5111596361052617e-05;2336;0.002178131602704525;0.6992599368095398;0.715272843837738;0.6482764482498169
1241;0.7044560313224792;1.514763485507685e-05;2333;0.002163553610444069;0.6996110081672668;0.7181079387664795;0.6436731815338135
1242;0.7075453996658325;1.518375929455783e-05;2353;0.0021489779464900494;0.705366313457489;0.7103531360626221;0.6503662467002869
1243;0.7046851515769958;1.5219969884460338e-05;2396;0.0021344050765037537;0.7021872401237488;0.7163284420967102;0.6426324248313904
1244;0.7092928290367126;1.5256266830237938e-05;2318;0.0021198356989771128;0.6994417309761047;0.7112513780593872;0.6523347496986389
1245;0.7087435126304626;1.5292650337834168e-05;2367;0.0021052705124020576;0.6969871520996094;0.705215573310852;0.6724086999893188
1246;0.7124992609024048;1.5329120613683722e-05;2422;0.0020907102152705193;0.6912729740142822;0.7198390364646912;0.6431043148040771
1247;0.712352454662323;1.536567786471358e-05;2328;0.0020761550404131413;0.6922554969787598;0.7134763598442078;0.6522828340530396
1248;0.7080758810043335;1.540232229834423e-05;2375;0.002061606151983142;0.697504460811615;0.7132197618484497;0.6442984342575073
1249;0.7080047726631165;1.54390541224908e-05;2341;0.0020470640156418085;0.7016775608062744;0.7027871608734131;0.677071750164032
1250;0.7115305066108704;1.547587354556427e-05;2174;0.0020325290970504284;0.6910737752914429;0.7172194123268127;0.6604017615318298
1251;0.7077048420906067;1.551278077647265e-05;2292;0.0020180020947009325;0.7020752429962158;0.7055375576019287;0.7019668221473694
1252;0.7069095373153687;1.5549776024622142e-05;2444;0.002003483707085252;0.7010686993598938;0.6961387991905212;0.6911535263061523
1253;0.7074860334396362;1.5586859499918353e-05;2300;0.0019889746326953173;0.7041376233100891;0.7081039547920227;0.659565269947052
1254;0.7094311118125916;1.5624031412767486e-05;2357;0.001974475337192416;0.6946533918380737;0.7224417328834534;0.6381761431694031
1255;0.7120259404182434;1.566129197407752e-05;2370;0.001959986751899123;0.6908165812492371;0.7164785265922546;0.6466629505157471
1256;0.7066925764083862;1.569864139525939e-05;2403;0.00194550899323076;0.697252094745636;0.7073703408241272;0.667356014251709
1257;0.7086554765701294;1.5736079888228262e-05;2371;0.0019310432253405452;0.7026801705360413;0.7187616229057312;0.6405193209648132
1258;0.7055264711380005;1.5773607665404624e-05;2356;0.001916589797474444;0.7043601870536804;0.7121375203132629;0.6491811871528625
1259;0.7007414698600769;1.581122493971558e-05;2324;0.0019021494081243873;0.7103869915008545;0.7125321626663208;0.6468665599822998
1260;0.7007302641868591;1.5848931924596034e-05;2345;0.0018877226393669844;0.7083159685134888;0.7093459367752075;0.6574198603630066
1261;0.6995820999145508;1.5886728833989878e-05;2266;0.0018733101896941662;0.7077098488807678;0.7058740854263306;0.6627891659736633
1262;0.7001537680625916;1.5924615882351217e-05;2321;0.0018589126411825418;0.7102375030517578;0.7138686180114746;0.6718885898590088
1263;0.6997684836387634;1.5962593284645618e-05;2300;0.0018445306923240423;0.7098541855812073;0.7028041481971741;0.660487711429596
1264;0.7056066989898682;1.6000661256351273e-05;2326;0.0018301649251952767;0.7028099894523621;0.7073049545288086;0.6660147905349731
1265;0.7037006616592407;1.603882001346028e-05;2274;0.001815816038288176;0.7045142650604248;0.7099682092666626;0.6452321410179138
1266;0.6962703466415405;1.607706977247982e-05;2321;0.0018014844972640276;0.7168768048286438;0.7053874731063843;0.6601040363311768
1267;0.7027134895324707;1.6115410750433406e-05;2276;0.0017871711170300841;0.7093204259872437;0.6972549557685852;0.6610342860221863
1268;0.7136571407318115;1.6153843164862128e-05;2278;0.001772876363247633;0.6956450939178467;0.6780773401260376;0.675689697265625
1269;0.7033820152282715;1.6192367233825858e-05;2329;0.001758600934408605;0.7059946656227112;0.660408079624176;0.765076756477356
1270;0.7083951830863953;1.6230983175904506e-05;2346;0.0017443455290049314;0.7006670236587524;0.7027775049209595;0.6517172455787659
1271;0.7129175066947937;1.626969121019927e-05;2213;0.0017301106126978993;0.6970032453536987;0.7102103233337402;0.6834706664085388
1272;0.7103816866874695;1.630849155633385e-05;2204;0.0017158968839794397;0.6989953517913818;0.6741043329238892;0.7626577019691467
1273;0.7061444520950317;1.6347384434455702e-05;2150;0.0017017049249261618;0.7038573622703552;0.7190594673156738;0.6580842137336731
1274;0.7169507145881653;1.6386370065237326e-05;2150;0.0016875355504453182;0.6846931576728821;0.6906598210334778;0.707460880279541
1275;0.7092404365539551;1.6425448669877465e-05;2319;0.0016733891097828746;0.6973366141319275;0.7052010297775269;0.6547117829322815
1276;0.714287519454956;1.646462047010237e-05;2292;0.0016592664178460836;0.68970787525177;0.704787015914917;0.6783850789070129
1277;0.7121536135673523;1.650388568816711e-05;2339;0.0016451679402962327;0.6955810189247131;0.7074768543243408;0.6622437834739685
1278;0.7090310454368591;1.6543244546856754e-05;2433;0.0016310943756252527;0.7017924785614014;0.7194904088973999;0.6453408598899841
1279;0.70844966173172;1.6582697269487687e-05;2212;0.0016170464223250747;0.6985462307929993;0.7229477763175964;0.6441577076911926
1280;0.7102457880973816;1.6622244079908873e-05;2385;0.0016030245460569859;0.705101728439331;0.7068279981613159;0.6693958640098572
1281;0.7075459957122803;1.6661885202503107e-05;2324;0.0015890294453129172;0.7060533165931702;0.7248677015304565;0.6368322372436523
1282;0.713832676410675;1.6701620862188302e-05;2322;0.001575061702169478;0.6937011480331421;0.7258191704750061;0.6405515074729919
1283;0.7102010250091553;1.674145128441876e-05;2285;0.0015611218987032771;0.7002482414245605;0.7141687870025635;0.6396244168281555
1284;0.7111667394638062;1.678137669518644e-05;2212;0.0015472107334062457;0.6973724365234375;0.7186551094055176;0.6625202894210815
1285;0.7087072134017944;1.6821397321022275e-05;2292;0.001533328671939671;0.7024048566818237;0.724114716053009;0.6385717391967773
1286;0.7126557230949402;1.6861513388997414e-05;2328;0.001519476529210806;0.6982167363166809;0.7069635987281799;0.6712412238121033
1287;0.7100358009338379;1.6901725126724538e-05;2258;0.0015056546544656157;0.7002080082893372;0.7260854840278625;0.6382651925086975
1288;0.7109049558639526;1.6942032762359155e-05;2246;0.0014918638626113534;0.697511613368988;0.718567967414856;0.6536797881126404
1289;0.7133145332336426;1.698243652460086e-05;2099;0.001478104735724628;0.6965116262435913;0.6988504528999329;0.6930158138275146
1290;0.7104301452636719;1.702293664269467e-05;2194;0.0014643777394667268;0.7020329236984253;0.7266060709953308;0.637901782989502
1291;0.7133871912956238;1.7063533346432322e-05;2170;0.0014506836887449026;0.697596549987793;0.7237515449523926;0.6363336443901062
1292;0.7101979851722717;1.710422686615355e-05;2246;0.001437022932805121;0.697780966758728;0.7182604670524597;0.6574012637138367
1293;0.7178876996040344;1.7145017432747397e-05;2174;0.0014233961701393127;0.6883174777030945;0.723664402961731;0.6385966539382935
1294;0.7146146893501282;1.718590527765357e-05;2205;0.001409804099239409;0.6922288537025452;0.7223158478736877;0.6479907035827637
1295;0.7116428017616272;1.7226890632863684e-05;2145;0.001396247185766697;0.6966320276260376;0.7233496308326721;0.6481084823608398
1296;0.7181322574615479;1.7267973730922647e-05;2169;0.0013827261282131076;0.6859514713287354;0.6929720044136047;0.6612315773963928
1297;0.7150907516479492;1.7309154804929912e-05;2143;0.0013692413922399282;0.6926813721656799;0.6926064491271973;0.6865426898002625
1298;0.7139301300048828;1.735043408854085e-05;2216;0.0013557936763390899;0.6978440284729004;0.7142632603645325;0.6589459776878357
1299;0.7097092270851135;1.739181181596806e-05;2167;0.0013423835625872016;0.7032495141029358;0.6137945055961609;1.0871655941009521
1300;0.7126263380050659;1.74332882219827e-05;2150;0.0013290115166455507;0.6952093839645386;0.7234973311424255;0.6391320824623108
1301;0.717735767364502;1.7474863541915792e-05;2108;0.0013156782370060682;0.6949858069419861;0.7183548808097839;0.6416367888450623
1302;0.7090243697166443;1.751653801165962e-05;2169;0.0013023843057453632;0.7015023827552795;0.7187955379486084;0.6620303988456726
1303;0.7127416729927063;1.7558311867668992e-05;2122;0.001289130188524723;0.6987073421478271;0.7223110198974609;0.6393980383872986
1304;0.7134437561035156;1.7600185346962642e-05;2054;0.0012759165838360786;0.6975088715553284;0.7163938283920288;0.6421431303024292
1305;0.713606595993042;1.764215868712455e-05;2110;0.0012627440737560391;0.6986945867538452;0.7256303429603577;0.6408740878105164
1306;0.7103241682052612;1.7684232126305277e-05;2130;0.0012496132403612137;0.7036123275756836;0.7153745293617249;0.6474390625953674
1307;0.715733528137207;1.7726405903223345e-05;2123;0.0012365245493128896;0.6967805624008179;0.7265188694000244;0.6352565884590149
1308;0.7132358551025391;1.776868025716658e-05;2106;0.0012234786991029978;0.6945192217826843;0.720156192779541;0.6527063846588135
1309;0.7160649299621582;1.7811055427993453e-05;2103;0.0012104761553928256;0.692493736743927;0.725114643573761;0.6380302309989929
1310;0.7179521918296814;1.785353165613446e-05;2047;0.001197517616674304;0.6860005855560303;0.6866214275360107;0.7284148931503296
1311;0.7131496071815491;1.7896109182593497e-05;2172;0.0011846034321933985;0.6961621642112732;0.709999680519104;0.6682649850845337
1312;0.7142627239227295;1.793878824894919e-05;2142;0.0011717344168573618;0.694852352142334;0.7129655480384827;0.6621200442314148
1313;0.7142717838287354;1.7981569097356306e-05;2160;0.0011589109199121594;0.69423508644104;0.7026031613349915;0.6678740382194519
1314;0.7111763954162598;1.8024451970547094e-05;2230;0.0011461336398497224;0.6977217197418213;0.7180353403091431;0.6431644558906555
1315;0.7118173837661743;1.8067437111832673e-05;2234;0.0011334031587466598;0.6986720561981201;0.7265019416809082;0.6333653330802917
1316;0.7134955525398254;1.8110524765104442e-05;2233;0.0011207199422642589;0.6965490579605103;0.5796205401420593;0.872001588344574
1317;0.7115077972412109;1.8153715174835413e-05;2243;0.0011080845724791288;0.6991705894470215;0.7043633460998535;0.6813205480575562
1318;0.7149593830108643;1.819700858608163e-05;2111;0.0010954976314678788;0.6910865306854248;0.6664366722106934;0.746660590171814
1319;0.7102549076080322;1.8240405244483554e-05;2138;0.0010829595848917961;0.7004802227020264;0.6981797814369202;0.6883091330528259
1320;0.7143011689186096;1.828390539626746e-05;2142;0.0010704710148274899;0.6957535743713379;0.7157933712005615;0.6578293442726135
1321;0.715703547000885;1.832750928824681e-05;2131;0.0010580325033515692;0.6956246495246887;0.7196962237358093;0.647523045539856
1322;0.7181276679039001;1.8371217167823703e-05;2153;0.0010456446325406432;0.6907919049263;0.7105516791343689;0.6741999387741089
1323;0.7165037393569946;1.8415029282990233e-05;2060;0.0010333078680559993;0.6919568181037903;0.7236232161521912;0.6412691473960876
1324;0.7193718552589417;1.8458945882329888e-05;2141;0.0010210227919742465;0.6886888146400452;0.7092878818511963;0.652086079120636
1325;0.7158376574516296;1.8502967215019034e-05;2030;0.001008789986371994;0.6931188106536865;0.7164422273635864;0.6578291654586792
1326;0.7169153094291687;1.854709353082823e-05;2103;0.0009966098004952073;0.6898586750030518;0.7274364829063416;0.6343600749969482
1327;0.7139413356781006;1.8591325080123734e-05;2139;0.0009844829328358173;0.6969453692436218;0.7200303077697754;0.639948308467865
1328;0.7154309153556824;1.863566211386885e-05;2216;0.0009724099072627723;0.6939507126808167;0.702530562877655;0.6463963985443115
1329;0.7131199836730957;1.86801048836254e-05;2036;0.0009603911894373596;0.6923297047615051;0.7144351601600647;0.6642943024635315
1330;0.711945116519928;1.8724653641555147e-05;2096;0.0009484273614361882;0.7005625367164612;0.6983613967895508;0.6567814946174622
1331;0.7119021415710449;1.8769308640421193e-05;2190;0.0009365188889205456;0.6964353919029236;0.7271483540534973;0.6382169127464294
1332;0.7146285772323608;1.881407013358945e-05;2122;0.0009246663539670408;0.6921184659004211;0.7085155248641968;0.6576479077339172
1333;0.7126457095146179;1.8858938375030062e-05;2171;0.0009128702222369611;0.6959585547447205;0.7174760699272156;0.6424933671951294
1334;0.7135442495346069;1.890391361931885e-05;2130;0.0009011310758069158;0.6992185711860657;0.7255576848983765;0.6339645981788635
1335;0.716996431350708;1.8948996121638736e-05;2257;0.0008894493221305311;0.6923906207084656;0.7296614646911621;0.6292347311973572
1336;0.7152587175369263;1.899418613778123e-05;2117;0.0008778255432844162;0.6967852711677551;0.7246376872062683;0.6401258111000061
1337;0.7182329893112183;1.903948392414785e-05;2191;0.0008662602631375194;0.6914247274398804;0.7274703979492188;0.6304100751876831
1338;0.7122952938079834;1.9084889737751583e-05;2177;0.0008547539473511279;0.7002571821212769;0.7100964784622192;0.6695318222045898
1339;0.7154372334480286;1.9130403836218356e-05;2237;0.0008433071197941899;0.6974052786827087;0.7288504242897034;0.6329867243766785
1340;0.7146322131156921;1.917602647778848e-05;2128;0.0008319203043356538;0.6983712315559387;0.7222383618354797;0.6451110243797302
1341;0.7192229628562927;1.9221757921318118e-05;2100;0.0008205939084291458;0.6889471411705017;0.7113046646118164;0.6782826781272888
1342;0.7193960547447205;1.9267598426280785e-05;2204;0.0008093285723589361;0.6890249848365784;0.725213885307312;0.6327232122421265
1343;0.714151918888092;1.9313548252768765e-05;2282;0.00079812464537099;0.701343834400177;0.7251219153404236;0.6358352303504944
1344;0.7162622213363647;1.9359607661494635e-05;2217;0.0007869827095419168;0.6955162286758423;0.7258095145225525;0.6358627080917358
1345;0.7188860774040222;1.940577691379272e-05;2112;0.0007759031723253429;0.689007043838501;0.718938410282135;0.6524099111557007
1346;0.71745765209198;1.945205627162057e-05;2075;0.0007648866157978773;0.6932938098907471;0.7219066619873047;0.6413674354553223
1347;0.7161641716957092;1.9498445997560483e-05;2212;0.0007539334474131465;0.6966217160224915;0.702472448348999;0.6790833473205566
1348;0.7158237099647522;1.9544946354820945e-05;2069;0.0007430441910400987;0.6968327164649963;0.7002861499786377;0.6820811033248901
1349;0.7155598402023315;1.9591557607238157e-05;2309;0.0007322193123400211;0.6962582468986511;0.7235844731330872;0.6342130899429321
1350;0.7186893820762634;1.9638280019277535e-05;2195;0.0007214592187665403;0.6928707957267761;0.713355302810669;0.6658678650856018
1351;0.7170318365097046;1.9685113856035177e-05;2184;0.0007107644923962653;0.6948179602622986;0.7188488245010376;0.6499353647232056
1352;0.7070544958114624;1.9732059383239394e-05;2010;0.0007001355406828225;0.7064680457115173;0.7034505605697632;0.668221652507782
1353;0.7080174684524536;1.977911686725223e-05;2027;0.0006895728292874992;0.70367830991745;0.7065471410751343;0.6698094010353088
1354;0.7058239579200745;1.9826286575070934e-05;1974;0.0006790768238715827;0.709499716758728;0.7193136811256409;0.6405772566795349
1355;0.7083303928375244;1.98735687743295e-05;1982;0.0006686479900963604;0.7021570205688477;0.7155052423477173;0.6467564105987549
1356;0.708270788192749;1.9920963733300197e-05;2228;0.0006582867936231196;0.7057801485061646;0.7066972851753235;0.6677205562591553
1357;0.7091699242591858;1.9968471720895058e-05;2107;0.0006479936419054866;0.699914813041687;0.7078037261962891;0.6653522253036499
1358;0.7102884650230408;2.001609300666743e-05;2166;0.0006377690588124096;0.6990029215812683;0.7199842929840088;0.6368778944015503
1359;0.7117127180099487;2.006382786081351e-05;2127;0.0006276134517975152;0.6982184648513794;0.7196502089500427;0.6526212096214294
1360;0.7095803022384644;2.0111676554173837e-05;2134;0.0006175272283144295;0.7025610208511353;0.7193378806114197;0.6454132795333862
1361;0.713375985622406;2.0159639358234888e-05;2088;0.000607510912232101;0.6949948072433472;0.7166746854782104;0.6411416530609131
1362;0.7076555490493774;2.0207716545130567e-05;2057;0.000597564852796495;0.7039976119995117;0.7231656312942505;0.636873185634613
1363;0.7063795924186707;2.025590838764377e-05;1992;0.0005876895156688988;0.7053264379501343;0.7010464072227478;0.6753614544868469
1364;0.711029052734375;2.0304215159207956e-05;2022;0.0005778853665105999;0.6987976431846619;0.7127887606620789;0.6524283289909363
1365;0.7072890400886536;2.0352637133908635e-05;2063;0.0005681528127752244;0.707317590713501;0.716018557548523;0.6478579044342041
1366;0.7116058468818665;2.0401174586484992e-05;2033;0.000558492261916399;0.7001881003379822;0.7026007771492004;0.6729176044464111
1367;0.7090848684310913;2.0449827792331413e-05;1937;0.0005489041795954108;0.7046924233436584;0.7106581926345825;0.65673828125
1368;0.7050764560699463;2.049859702749905e-05;2072;0.0005393889732658863;0.7047035694122314;0.7214708924293518;0.6406854391098022
1369;0.709553062915802;2.0547482568697362e-05;1979;0.0005299469921737909;0.7019444704055786;0.7200932502746582;0.6418023109436035
1370;0.7083797454833984;2.059648469329576e-05;2004;0.0005205787601880729;0.7021564245223999;0.7207275629043579;0.6398817896842957
1371;0.70790034532547;2.06456036793251e-05;1973;0.0005112845683470368;0.7009660601615906;0.6940736174583435;0.6839458346366882
1372;0.7063199877738953;2.0694839805479283e-05;1916;0.0005020649405196309;0.7043985724449158;0.7227104902267456;0.637771487236023
1373;0.717343270778656;2.0744193351116883e-05;1879;0.0004929201677441597;0.6864095330238342;0.7124667763710022;0.6589288115501404
1374;0.7081699967384338;2.0793664596262655e-05;1998;0.00048385077388957143;0.7013017535209656;0.7028985619544983;0.6766531467437744
1375;0.7107566595077515;2.08432538216092e-05;1896;0.00047485704999417067;0.6957758069038391;0.6907179355621338;0.6903035044670105
1376;0.7081282734870911;2.08929613085185e-05;1951;0.0004659394035115838;0.7009733319282532;0.6994218230247498;0.6907699108123779
1377;0.7103078365325928;2.0942787339023524e-05;1989;0.00045709830010309815;0.6974480152130127;0.7213957905769348;0.6363133192062378
1378;0.7075247764587402;2.0992732195829874e-05;1998;0.0004483340308070183;0.7007587552070618;0.7019228339195251;0.6769207119941711
1379;0.7055437564849854;2.1042796162317334e-05;1968;0.00043964703218080103;0.7065301537513733;0.7039444446563721;0.6762569546699524
1380;0.7049530148506165;2.1092979522541485e-05;1911;0.00043103768257424235;0.7066395282745361;0.7106412649154663;0.6563203930854797
1381;0.7108435034751892;2.1143282561235366e-05;1900;0.0004225063603371382;0.6969891786575317;0.69869065284729;0.6712331175804138
1382;0.7097939848899841;2.119370556381103e-05;1995;0.000414053414715454;0.700647234916687;0.713824987411499;0.6491082310676575
1383;0.7047378420829773;2.1244248816361176e-05;1965;0.00040567925316281617;0.7091033458709717;0.7102054357528687;0.6530752182006836
1384;0.7097827792167664;2.129491260566083e-05;1950;0.00039738419582135975;0.6976224184036255;0.7067311406135559;0.6699212193489075
1385;0.7084959745407104;2.1345697219168877e-05;1942;0.0003891686210408807;0.6997148990631104;0.7139291167259216;0.6547040939331055
1386;0.7123076915740967;2.139660294502975e-05;1903;0.00038103293627500534;0.6969549655914307;0.7189505100250244;0.6459171175956726
1387;0.7064083814620972;2.1447630072075087e-05;1969;0.00037297740345820785;0.7042595744132996;0.7176358103752136;0.6419860124588013
1388;0.7076927423477173;2.1498778889825314e-05;1974;0.00036500245914794505;0.703362762928009;0.7174736261367798;0.6383842825889587
1389;0.7076830863952637;2.1550049688491296e-05;1870;0.00035710842348635197;0.7023687958717346;0.7136386036872864;0.6436874866485596
1390;0.7089190483093262;2.160144275897604e-05;1907;0.0003492956457193941;0.7007212042808533;0.7214926481246948;0.6391180753707886
1391;0.7080171704292297;2.1652958392876272e-05;1844;0.00034156444598920643;0.7015615701675415;0.7201659083366394;0.6431711912155151
1392;0.7118821740150452;2.1704596882484147e-05;1933;0.0003339151735417545;0.7012727856636047;0.7077237963676453;0.6671430468559265
1393;0.7083513140678406;2.175635852078887e-05;1976;0.0003263481776230037;0.7012759447097778;0.7208195924758911;0.6462451219558716
1394;0.7110953330993652;2.1808243601478367e-05;1946;0.00031886377837508917;0.6977661848068237;0.7172339558601379;0.6436561346054077
1395;0.7037354707717896;2.1860252418940995e-05;1882;0.00031146229594014585;0.7117178440093994;0.7176624536514282;0.6443182229995728
1396;0.7112487554550171;2.191238526826713e-05;1949;0.00030414407956413925;0.697677493095398;0.7096413373947144;0.6555877327919006
1397;0.7077826261520386;2.1964642445250917e-05;1843;0.0002969094202853739;0.7066170573234558;0.7057844996452332;0.6820196509361267
1398;0.7122032642364502;2.2017024246391905e-05;1821;0.0002897586382459849;0.6994282603263855;0.6859652996063232;0.7086098194122314
1399;0.7082459926605225;2.2069530968896744e-05;1948;0.00028269205358810723;0.7047140598297119;0.7056561708450317;0.6677088141441345
1400;0.7088409662246704;2.2122162910680865e-05;1937;0.0002757099864538759;0.7058700323104858;0.7178851962089539;0.6404064893722534
1401;0.7116981744766235;2.21749203703702e-05;1924;0.00026881275698542595;0.69693922996521;0.6935385465621948;0.6947718858718872
1402;0.7084435820579529;2.2227803647302808e-05;1882;0.00026200059801340103;0.7041511535644531;0.7211319208145142;0.639371931552887
1403;0.7062782645225525;2.2280813041530646e-05;1851;0.00025527385878376663;0.706193208694458;0.7190400958061218;0.6400123834609985
1404;0.7089471817016602;2.2333948853821247e-05;1877;0.00024863285943865776;0.7039688229560852;0.7199261784553528;0.6373094916343689
1405;0.7082350850105286;2.2387211385659395e-05;1895;0.00024207781825680286;0.7025436162948608;0.7055060863494873;0.6672695279121399
1406;0.7088621258735657;2.2440600939248896e-05;1844;0.0002356090844841674;0.7032570242881775;0.7224271893501282;0.6385319232940674
1407;0.7077844738960266;2.249411781751423e-05;1842;0.00022922690550331026;0.7043499946594238;0.7094064950942993;0.65772944688797
1408;0.709492564201355;2.2547762324102297e-05;1861;0.00022293157235253602;0.7033904194831848;0.7219551205635071;0.6364854574203491
1409;0.7084112167358398;2.2601534763384175e-05;1785;0.00021672337607014924;0.7060864567756653;0.7138105034828186;0.6582359671592712
1410;0.7159444689750671;2.2655435440456783e-05;1813;0.00021060254948679358;0.6904493570327759;0.7002183794975281;0.6747027635574341
1411;0.7094214558601379;2.270946466114464e-05;1852;0.00020456939819268882;0.6997132897377014;0.7143141031265259;0.6676555871963501
1412;0.7075992226600647;2.2763622732001635e-05;1882;0.00019862416957039386;0.7052909731864929;0.7109511494636536;0.6594811081886292
1413;0.7146627902984619;2.2817909960312696e-05;1907;0.0001927671255543828;0.6943658590316772;0.6129277348518372;1.0340558290481567
1414;0.7115510702133179;2.2872326654095592e-05;1897;0.00018699851352721453;0.6987344622612;0.7007558941841125;0.6768462061882019
1415;0.7092431783676147;2.2926873122102657e-05;1865;0.00018131860997527838;0.7016839981079102;0.7148128151893616;0.6583080291748047
1416;0.7116470336914062;2.2981549673822547e-05;1869;0.00017572763317730278;0.699507474899292;0.7171152830123901;0.6401735544204712
1417;0.7046836614608765;2.3036356619481986e-05;1902;0.00017022585961967707;0.7121041417121887;0.7074841260910034;0.6660594940185547
1418;0.7036901116371155;2.3091294270047545e-05;1935;0.00016481349302921444;0.7133114337921143;0.7035207748413086;0.67108154296875
1419;0.7059919238090515;2.3146362937227382e-05;1896;0.000159490795340389;0.7088883519172668;0.7063026428222656;0.6642542481422424
1420;0.7036334872245789;2.320156293347303e-05;1903;0.00015425799938384444;0.7132542729377747;0.7154616713523865;0.6528882384300232
1421;0.708014190196991;2.3256894571981177e-05;1870;0.00014911533799022436;0.7035165429115295;0.721059262752533;0.638152003288269
1422;0.7079342603683472;2.3312358166695402e-05;1914;0.000144063014886342;0.7062509059906006;0.7009374499320984;0.6702711582183838
1423;0.7065430283546448;2.336795403230802e-05;1869;0.00013910126290284097;0.7073978185653687;0.6993371248245239;0.6701411604881287
1424;0.7044445872306824;2.3423682484261802e-05;1810;0.00013423030031844974;0.7123219966888428;0.7103385925292969;0.6616484522819519
1425;0.7059531807899475;2.3479543838751793e-05;1869;0.00012945033085998148;0.7105446457862854;0.713628888130188;0.6531355381011963
1426;0.7079642415046692;2.353553841272714e-05;1824;0.00012476158735807985;0.7046992778778076;0.7162413001060486;0.644283652305603
1427;0.7066084146499634;2.359166652389283e-05;1872;0.0001201642444357276;0.7094913125038147;0.701276421546936;0.676345705986023
1428;0.7072911858558655;2.364792849071151e-05;1820;0.00011565852764761075;0.7088780999183655;0.7184880375862122;0.6447994709014893
1429;0.706313967704773;2.3704324632405344e-05;1844;0.00011124462616862729;0.7101576924324036;0.7204491496086121;0.637978732585907
1430;0.7091875076293945;2.3760855268957753e-05;1902;0.00010692272189771757;0.7051090598106384;0.7087382674217224;0.6508544087409973
1431;0.7084097266197205;2.3817520721115264e-05;1891;0.00010269301856169477;0.7068715691566467;0.7124474048614502;0.6587468981742859
1432;0.7139906287193298;2.3874321310389352e-05;1803;9.855569805949926e-05;0.6926796436309814;0.6711239218711853;0.7368710041046143
1433;0.7104007601737976;2.3931257359058213e-05;1852;9.45109422900714e-05;0.7049948573112488;0.7113482356071472;0.6478645205497742
1434;0.7062979340553284;2.398832919016862e-05;1807;9.05589186004363e-05;0.7106106281280518;0.7153527140617371;0.6441590785980225
1435;0.7112236022949219;2.4045537127537785e-05;1874;8.669980888953432e-05;0.7043860554695129;0.7086898684501648;0.6633874773979187
1436;0.710044264793396;2.4102881495755137e-05;1862;8.29337805043906e-05;0.7041798830032349;0.7111157774925232;0.6590308547019958
1437;0.7053373456001282;2.4160362620184198e-05;1872;7.926100079203025e-05;0.7110335826873779;0.7140985727310181;0.6404756307601929
1438;0.7085038423538208;2.4217980826964446e-05;1914;7.568162254756317e-05;0.7097667455673218;0.6992450952529907;0.6875572204589844
1439;0.7108719944953918;2.4275736443013113e-05;1849;7.219580584205687e-05;0.7027654051780701;0.719783365726471;0.6460205316543579
1440;0.709048867225647;2.4333629796027103e-05;1838;6.880370347062126e-05;0.7059839963912964;0.7239840030670166;0.6373700499534607
1441;0.7077508568763733;2.4391661214484794e-05;1838;6.550546822836623e-05;0.7103350162506104;0.7153648138046265;0.6498081088066101
1442;0.7077593207359314;2.444983102764793e-05;1817;6.230123835848644e-05;0.7099745869636536;0.6579627990722656;0.7532155513763428
1443;0.7084572315216064;2.450813956556351e-05;1749;5.919115574215539e-05;0.7110259532928467;0.6867110133171082;0.7267009019851685
1444;0.7057507634162903;2.4566587159065612e-05;1830;5.617535498458892e-05;0.7121883034706116;0.7148927450180054;0.6482334136962891
1445;0.7116300463676453;2.4625174139777284e-05;1858;5.325397432898171e-05;0.7039123773574829;0.7154302000999451;0.6443396806716919
1446;0.7044820785522461;2.4683900840112484e-05;1844;5.0427133828634396e-05;0.7126367688179016;0.7109874486923218;0.6591688990592957
1447;0.7066801190376282;2.4742767593277878e-05;1883;4.769496445078403e-05;0.7142124176025391;0.7129098176956177;0.65395587682724
1448;0.7080235481262207;2.480177473327477e-05;1862;4.5057578972773626e-05;0.7095361351966858;0.7198656797409058;0.6404260993003845
1449;0.7070651054382324;2.4860922594901032e-05;1809;4.251509380992502e-05;0.7105201482772827;0.7225942611694336;0.638481855392456
1450;0.7066235542297363;2.4920211513752942e-05;1865;4.0067625377560034e-05;0.711847186088562;0.7160838842391968;0.6418551206588745
1451;0.7062307000160217;2.4979641826227107e-05;1843;3.771527553908527e-05;0.7106914520263672;0.7147692441940308;0.6484882831573486
1452;0.7063090801239014;2.503921386952242e-05;1845;3.545814979588613e-05;0.7117557525634766;0.7209309935569763;0.6369962692260742
1453;0.7074530720710754;2.509892798164189e-05;1835;3.32963427354116e-05;0.7083309292793274;0.7091208100318909;0.6541332006454468
1454;0.7106180787086487;2.5158784501394648e-05;1815;3.122995622106828e-05;0.7054352164268494;0.7194637656211853;0.6430013179779053
1455;0.7062473893165588;2.5218783768397786e-05;1822;2.9259075745358132e-05;0.713600754737854;0.7194104790687561;0.6441599726676941
1456;0.7105832695960999;2.527892612307833e-05;1818;2.7383786800783128e-05;0.7034215927124023;0.7081838250160217;0.6623742580413818
1457;0.7068572044372559;2.5339211906675196e-05;1908;2.5604174879845232e-05;0.71030193567276;0.7099947929382324;0.6521424651145935
1458;0.7077438831329346;2.5399641461241053e-05;1841;2.392031456110999e-05;0.7073603868484497;0.7123602628707886;0.6556900143623352
1459;0.7116624712944031;2.546021512964432e-05;1849;2.233228224213235e-05;0.7026912569999695;0.7087237238883972;0.6670172214508057
1460;0.7096783518791199;2.552093325557112e-05;1874;2.0840145225520246e-05;0.7089362144470215;0.7139896750450134;0.6435347199440002
1461;0.7057637572288513;2.5581796183527173e-05;1818;1.9443968994892202e-05;0.7153206467628479;0.7195678949356079;0.6405315399169922
1462;0.7072594165802002;2.5642804258839796e-05;1869;1.814381539588794e-05;0.7100136280059814;0.697436511516571;0.6783360838890076
1463;0.7069007754325867;2.5703957827659863e-05;1786;1.6939740817178972e-05;0.7130048871040344;0.7018671631813049;0.6777822971343994
1464;0.7024756073951721;2.5765257236963746e-05;1856;1.58317998284474e-05;0.7193843722343445;0.7104814648628235;0.6544287800788879
1465;0.706484317779541;2.5826702834555285e-05;1827;1.4820037904428318e-05;0.711105227470398;0.717664897441864;0.6484142541885376
1466;0.7093191146850586;2.588829496906779e-05;1797;1.3904501429351512e-05;0.7107418179512024;0.7149507999420166;0.6531602740287781
1467;0.7103919982910156;2.5950033989966e-05;1818;1.308522951148916e-05;0.7054593563079834;0.7132100462913513;0.6639683246612549
1468;0.7095070481300354;2.6011920247548037e-05;1825;1.2362257621134631e-05;0.7074493169784546;0.7063655853271484;0.6604979038238525
1469;0.7060112953186035;2.6073954092947462e-05;1875;1.1735618500097189e-05;0.7147396206855774;0.7082394957542419;0.6665425896644592
1470;0.7045186758041382;2.6136135878135192e-05;1820;1.1205339433217887e-05;0.7146720886230469;0.7143019437789917;0.6432084441184998
1471;0.7085089683532715;2.619846595592156e-05;1860;1.0771442248369567e-05;0.7088491320610046;0.7155803442001343;0.642271876335144
1472;0.7043210864067078;2.6260944679958285e-05;1868;1.0433946954435669e-05;0.7142436504364014;0.7177472114562988;0.6439288258552551
1473;0.711037814617157;2.6323572404740453e-05;1840;1.0192869012826122e-05;0.7063618898391724;0.7042495012283325;0.6727800965309143
1474;0.7086654305458069;2.6386349485608602e-05;1824;1.0048217518487945e-05;0.7132076621055603;0.7206695079803467;0.6378295421600342
1475;0.7060161828994751;2.644927627875067e-05;1846;9.999999747378752e-06;0.7158492207527161;0.721332848072052;0.6404522657394409
1476;0.713106632232666;2.6512353141204036e-05;1792;9.999999747378752e-06;0.7049566507339478;0.7061743140220642;0.6605990529060364
1477;0.7033868432044983;2.657558043085757e-05;1814;9.999999747378752e-06;0.7208918929100037;0.7176721692085266;0.6473165154457092
1478;0.7052072286605835;2.6638958506453632e-05;1850;9.999999747378752e-06;0.7159922122955322;0.7184662818908691;0.6485461592674255
1479;0.7066059708595276;2.6702487727590106e-05;1815;9.999999747378752e-06;0.7128837704658508;0.7143891453742981;0.6489266157150269
1480;0.7081581950187683;2.676616845472249e-05;1834;9.999999747378752e-06;0.709384024143219;0.7074816823005676;0.6584360599517822
1481;0.708257794380188;2.6830001049165866e-05;1789;9.999999747378752e-06;0.7112632989883423;0.7081208825111389;0.6606284976005554
1482;0.7070508599281311;2.6893985873097e-05;1783;9.999999747378752e-06;0.7130635976791382;0.6942358016967773;0.7024418711662292
1483;0.70413738489151;2.6958123289556412e-05;1814;9.999999747378752e-06;0.7207548022270203;0.6952405571937561;0.703498899936676
1484;0.7112203240394592;2.702241366245037e-05;1824;9.999999747378752e-06;0.7064732909202576;0.7208437919616699;0.6388317346572876
1485;0.707930326461792;2.7086857356553033e-05;1797;9.999999747378752e-06;0.7103611826896667;0.7200133800506592;0.6423519253730774
1486;0.7043056488037109;2.7151454737508443e-05;1795;9.999999747378752e-06;0.7193845510482788;0.6861832141876221;0.6980670690536499
1487;0.7106344103813171;2.721620617183266e-05;1853;9.999999747378752e-06;0.7062646150588989;0.7122536897659302;0.6581406593322754
1488;0.7047792673110962;2.728111202691583e-05;1814;9.999999747378752e-06;0.7186956405639648;0.7029227614402771;0.6750363707542419
1489;0.7041839957237244;2.734617267102424e-05;1763;9.999999747378752e-06;0.7221243977546692;0.7090505957603455;0.6520363688468933
1490;0.7109173536300659;2.7411388473302424e-05;1906;9.999999747378752e-06;0.708491325378418;0.7207905650138855;0.639415442943573
1491;0.7066184282302856;2.74767598037753e-05;1844;9.999999747378752e-06;0.7143585085868835;0.6999472379684448;0.678449809551239
1492;0.7038971185684204;2.7542287033350177e-05;1828;9.999999747378752e-06;0.7181870341300964;0.7117114067077637;0.6592596769332886
1493;0.7088615298271179;2.760797053381894e-05;1800;9.999999747378752e-06;0.710067629814148;0.7110117077827454;0.6585846543312073
1494;0.7014076113700867;2.767381067786014e-05;1822;9.999999747378752e-06;0.7277429103851318;0.7115418910980225;0.6735556125640869
1495;0.7087949514389038;2.7739807839041087e-05;1810;9.999999747378752e-06;0.7125821709632874;0.7012134790420532;0.6668965220451355
1496;0.7106083631515503;2.780596239181997e-05;1792;9.999999747378752e-06;0.7077739238739014;0.6781499981880188;0.702475905418396
1497;0.7016527056694031;2.7872274711548035e-05;1861;9.999999747378752e-06;0.7241137623786926;0.7131979465484619;0.6455946564674377
1498;0.7060034275054932;2.7938745174471644e-05;1837;9.999999747378752e-06;0.7177937030792236;0.7170426845550537;0.650826632976532
1499;0.7093784809112549;2.800537415773443e-05;1785;9.999999747378752e-06;0.7106533646583557;0.6993032097816467;0.6947713494300842
1500;0.6974442601203918;2.807216203937949e-05;1862;0.004154614172875881;0.7325205206871033;0.7239840030670166;0.6435751914978027
1501;0.7050398588180542;2.813910919835144e-05;1811;0.004154569003731012;0.7182497382164001;0.7205774784088135;0.6387893557548523
1502;0.7081303596496582;2.820621601449865e-05;1783;0.0041544330306351185;0.7135136127471924;0.7182629108428955;0.6441850066184998
1503;0.7066746950149536;2.8273482868575333e-05;1830;0.0041542062535882;0.7180294990539551;0.7231826186180115;0.6399987936019897
1504;0.7077399492263794;2.8340910142243743e-05;1789;0.004153889138251543;0.7127484083175659;0.7234053611755371;0.637064516544342
1505;0.709165096282959;2.840849821807635e-05;1810;0.0041534812189638615;0.7112715840339661;0.7158321142196655;0.6646794080734253
1506;0.7065527439117432;2.847624747955796e-05;1782;0.004152982495725155;0.7210355997085571;0.7169966697692871;0.646257758140564
1507;0.7082834839820862;2.8544158311087936e-05;1766;0.004152393434196711;0.7109016180038452;0.6761646866798401;0.7236961722373962
1508;0.704366147518158;2.8612231097982384e-05;1742;0.004151714034378529;0.7192262411117554;0.7090626955032349;0.6555185317993164
1509;0.7091572284698486;2.8680466226476296e-05;1668;0.004150943830609322;0.7124122977256775;0.7137136459350586;0.6494569182395935
1510;0.7049329876899719;2.8748864083725768e-05;1772;0.004150083288550377;0.7158373594284058;0.7193064093589783;0.6436325311660767
1511;0.7056339383125305;2.8817425057810217e-05;1769;0.0041491324082016945;0.7151528596878052;0.7079296112060547;0.6618296504020691
1512;0.704426109790802;2.8886149537734542e-05;1757;0.004148090723901987;0.7152723670005798;0.7199842929840088;0.6411125659942627
1513;0.7049838304519653;2.895503791343134e-05;1699;0.004146959166973829;0.7176211476325989;0.7205605506896973;0.6416991353034973
1514;0.7042859792709351;2.9024090575763163e-05;1772;0.0041457368060946465;0.7160995006561279;0.7188730239868164;0.6498239040374756
1515;0.6995993256568909;2.9093307916524676e-05;1779;0.004144424572587013;0.7255318760871887;0.7200738787651062;0.6410848498344421
1516;0.7094323039054871;2.9162690328444893e-05;1683;0.004143022000789642;0.7093980312347412;0.7182871103286743;0.6510827541351318
1517;0.7018945217132568;2.9232238205189468e-05;1722;0.004141529090702534;0.7195183038711548;0.7124788761138916;0.6476554274559021
1518;0.6974582076072693;2.9301951941362806e-05;1712;0.004139946307986975;0.7276877164840698;0.7008696794509888;0.6681722402572632
1519;0.7006754875183105;2.937183193251045e-05;1716;0.004138273186981678;0.719336211681366;0.6668482422828674;0.7123898863792419
1520;0.7054138779640198;2.94418785751212e-05;1666;0.004136510659009218;0.7092967629432678;0.714921772480011;0.6599897742271423
1521;0.7042390704154968;2.9512092266629407e-05;1654;0.004134657792747021;0.7156057357788086;0.7034772038459778;0.6745632886886597
1522;0.6992800831794739;2.9582473405417276e-05;1696;0.00413271551951766;0.7204985022544861;0.7130357027053833;0.6565818190574646
1523;0.6989707350730896;2.9653022390817047e-05;1708;0.004130683373659849;0.7249690890312195;0.7200012803077698;0.6404833793640137
1524;0.7001326084136963;2.9723739623113294e-05;1724;0.004128561820834875;0.7228132486343384;0.7181612253189087;0.6383764147758484
1525;0.7028989791870117;2.979462550354524e-05;1603;0.004126350395381451;0.7222558856010437;0.6797406673431396;0.6918049454689026
1526;0.704066276550293;2.986568043430895e-05;1711;0.00412405002862215;0.7215002179145813;0.7179820537567139;0.6396738290786743
1527;0.6556243300437927;2.9936904818559666e-05;1734;0.004121660254895687;0.9000458121299744;0.6921778917312622;0.712269127368927
1528;0.686489999294281;3.0008299060414106e-05;1703;0.004119181074202061;0.7748396992683411;0.6991676092147827;0.6852895021438599
1529;0.6784716248512268;3.007986356495271e-05;1661;0.004116612486541271;0.7820353507995605;0.7137911319732666;0.6659456491470337
1530;0.6961904168128967;3.015159873822196e-05;1699;0.004113955423235893;0.7433292865753174;0.7108882069587708;0.6879989504814148
1531;0.700473964214325;3.022350498723672e-05;1658;0.0041112094186246395;0.7355833649635315;0.6979861259460449;0.6781651377677917
1532;0.6795589923858643;3.029558271998248e-05;1620;0.00410837447270751;0.7712605595588684;0.6763147711753845;0.7416311502456665
1533;0.7064725160598755;3.0367832345417727e-05;1656;0.004105451051145792;0.7295755743980408;0.7051477432250977;0.6636201739311218
1534;0.7021079063415527;3.0440254273476227e-05;1546;0.0041024391539394855;0.7222505211830139;0.7042664885520935;0.6642380952835083
1535;0.7009018659591675;3.051284891506935e-05;1700;0.004099338781088591;0.7216339707374573;0.7167012691497803;0.650963306427002
1536;0.7036668062210083;3.058561668208847e-05;1645;0.004096149932593107;0.7134378552436829;0.713822603225708;0.6451041102409363
1537;0.7006588578224182;3.065855798740719e-05;1584;0.00409287353977561;0.718927800655365;0.6850453019142151;0.68194580078125
1538;0.7010647058486938;3.073167324488378e-05;1696;0.004089508671313524;0.7237319350242615;0.7104233503341675;0.6517978310585022
1539;0.7014965415000916;3.0804962869363484e-05;1728;0.004086056258529425;0.7187556624412537;0.7153333425521851;0.6481220126152039
1540;0.7021787166595459;3.087842727668086e-05;1766;0.004082516301423311;0.7174696922302246;0.7152559161186218;0.646548867225647
1541;0.7060449123382568;3.0952066883662174e-05;1661;0.004078888799995184;0.71734619140625;0.6807986497879028;0.718340277671814
1542;0.7057583332061768;3.102588210812777e-05;1658;0.004075173754245043;0.7087918519973755;0.7165632843971252;0.6466014385223389
1543;0.7031256556510925;3.1099873368894364e-05;1698;0.004071371629834175;0.7155283689498901;0.7031115889549255;0.6578701138496399
1544;0.7025694251060486;3.1174041085777524e-05;1792;0.004067482892423868;0.7155784368515015;0.7162001132965088;0.6354243159294128
1545;0.7020449638366699;3.1248385679594e-05;1544;0.004063506610691547;0.7131876945495605;0.7102514505386353;0.6532455682754517
1546;0.7072013020515442;3.132290757216409e-05;1660;0.004059444181621075;0.7044205665588379;0.7102853655815125;0.666057825088501
1547;0.705055296421051;3.139760718631406e-05;1673;0.004055295139551163;0.7136018872261047;0.7190086245536804;0.636402428150177
1548;0.7073044776916504;3.14724849458786e-05;1666;0.004051059950143099;0.7083289623260498;0.7196816802024841;0.637475848197937
1549;0.7046676278114319;3.154754127570308e-05;1635;0.004046738147735596;0.7141930460929871;0.7120890617370605;0.6538634896278381
1550;0.7053061723709106;3.1622776601646126e-05;1637;0.004042330663651228;0.7102981209754944;0.708823025226593;0.6514998078346252
1551;0.7037085294723511;3.169819135058194e-05;1612;0.004037837497889996;0.7132685780525208;0.6119471788406372;0.9882296323776245
1552;0.6988887190818787;3.1773785950402717e-05;1673;0.004033259116113186;0.7160173058509827;0.7181466817855835;0.6364886164665222
1553;0.7009212374687195;3.184956083002113e-05;1594;0.0040285950526595116;0.7179492712020874;0.7100916504859924;0.6480095982551575
1554;0.7027606964111328;3.1925516419372695e-05;1611;0.00402384577319026;0.714345395565033;0.6979836821556091;0.6618598103523254
1555;0.7075220942497253;3.200165314941833e-05;1582;0.004019011743366718;0.7101495862007141;0.7093580961227417;0.6536127924919128
1556;0.7036752700805664;3.207797145214664e-05;1637;0.004014092963188887;0.7118481397628784;0.709924578666687;0.6669960618019104
1557;0.7018016576766968;3.2154471760576476e-05;1629;0.004009089432656765;0.717586874961853;0.7218945622444153;0.6400924921035767
1558;0.7058733105659485;3.2231154508759354e-05;1633;0.004004002083092928;0.7094544172286987;0.6896599531173706;0.6795304417610168
1559;0.7053040266036987;3.2308020131781905e-05;1628;0.003998829983174801;0.7177860736846924;0.7084477543830872;0.6941825151443481
1560;0.7055234313011169;3.238506906576845e-05;1658;0.003993574529886246;0.7124859094619751;0.7065156698226929;0.645558774471283
1561;0.704107403755188;3.2462301747883294e-05;1626;0.0039882357232272625;0.7151893377304077;0.6727315187454224;0.7332543134689331
1562;0.7061117887496948;3.2539718616333345e-05;1643;0.003982813097536564;0.7134981751441956;0.6654536724090576;0.7412384748458862
1563;0.7011061906814575;3.2617320110370546e-05;1535;0.0039773075841367245;0.7219099998474121;0.6429858207702637;0.7854296565055847
1564;0.6972018480300903;3.26951066702944e-05;1594;0.003971718717366457;0.7276343703269958;0.6833577752113342;0.6828200817108154
1565;0.7058475613594055;3.277307873745439e-05;1568;0.003966047894209623;0.7123941779136658;0.7118856906890869;0.6525585651397705
1566;0.7090316414833069;3.285123675425264e-05;1567;0.003960294183343649;0.7126798629760742;0.6837524175643921;0.696344256401062
1567;0.6950752139091492;3.292958116414622e-05;1647;0.003954458516091108;0.731036901473999;0.7035861611366272;0.6594150066375732
1568;0.698663592338562;3.300811241164984e-05;1591;0.003948540892452002;0.725881040096283;0.6983057260513306;0.6661508083343506
1569;0.6954798698425293;3.3086830942338254e-05;1613;0.003942541778087616;0.7286053895950317;0.7098761796951294;0.6528348922729492
1570;0.7017056941986084;3.316573720284884e-05;1560;0.0039364611729979515;0.7212258577346802;0.7175655961036682;0.6522626876831055
1571;0.6949816942214966;3.324483164088415e-05;1580;0.003930299077183008;0.72833251953125;0.698494553565979;0.6743953824043274
1572;0.693855881690979;3.3324114705214424e-05;1591;0.003924056887626648;0.7289023399353027;0.7124038338661194;0.6403297781944275
1573;0.7003217339515686;3.3403586845680136e-05;1564;0.003917733673006296;0.7209992408752441;0.6918171644210815;0.6845983862876892
1574;0.698092520236969;3.348324851319454e-05;1584;0.0039113303646445274;0.7276886105537415;0.6810674071311951;0.7052182555198669
1575;0.6904796957969666;3.356310015974623e-05;1527;0.003904846729710698;0.7335245609283447;0.6836749315261841;0.7018797993659973
1576;0.6980020403862;3.364314223840172e-05;1500;0.003898283699527383;0.72813880443573;0.6668676137924194;0.7307816743850708
1577;0.696635901927948;3.372337520330805e-05;1554;0.003891641041263938;0.7314445376396179;0.7124885320663452;0.6662299633026123
1578;0.6968638300895691;3.380379950969527e-05;1578;0.0038849192205816507;0.7301082015037537;0.7189044952392578;0.6450101733207703
1579;0.70000821352005;3.38844156138791e-05;1446;0.0038781187031418085;0.7228960990905762;0.7052591443061829;0.6567555665969849
1580;0.6946254968643188;3.3965223973263456e-05;1579;0.0038712394889444113;0.7311573028564453;0.7107502222061157;0.6474283933639526
1581;0.6987670660018921;3.404622504634313e-05;1606;0.00386428227648139;0.7254502177238464;0.698065996170044;0.6818609237670898
1582;0.6993545293807983;3.412741929270629e-05;1552;0.003857246832922101;0.7293593883514404;0.7128299474716187;0.6465967297554016
1583;0.6942796111106873;3.420880717303722e-05;1503;0.0038501338567584753;0.7329519391059875;0.704687774181366;0.650596022605896
1584;0.6933977007865906;3.429038914911878e-05;1617;0.0038429435808211565;0.727139949798584;0.6900206804275513;0.670265793800354
1585;0.6943836808204651;3.437216568383512e-05;1535;0.0038356762379407883;0.7288159132003784;0.7131108045578003;0.6466975808143616
1586;0.7072626948356628;3.445413724117432e-05;1561;0.003828332293778658;0.7165459394454956;0.7125709056854248;0.6403499841690063
1587;0.7010737657546997;3.453630428623092e-05;1578;0.0038209117483347654;0.7238123416900635;0.688495397567749;0.6938312649726868
1588;0.6981369853019714;3.461866728520873e-05;1588;0.003813415300101042;0.7300589084625244;0.707297682762146;0.6464248299598694
1589;0.6919483542442322;3.470122670542328e-05;1543;0.0038058431819081306;0.7327854633331299;0.7110359072685242;0.6532111167907715
1590;0.6979321241378784;3.478398301530461e-05;1518;0.0037981956265866756;0.7299124002456665;0.7091861963272095;0.65675950050354
1591;0.7034443616867065;3.4866936684399885e-05;1583;0.003790473099797964;0.7201975584030151;0.703651487827301;0.6810064315795898
1592;0.6965587139129639;3.495008818337603e-05;1485;0.003782675601541996;0.7274988293647766;0.7072202563285828;0.6623219847679138
1593;0.6982123255729675;3.503343798402243e-05;1560;0.0037748038303107023;0.7179107069969177;0.7118203639984131;0.6516386270523071
1594;0.7061184644699097;3.5116986559253664e-05;1491;0.0037668582517653704;0.71470707654953;0.6938484311103821;0.674030601978302
1595;0.7042551040649414;3.520073438311207e-05;1539;0.0037588386330753565;0.7196969985961914;0.7093483805656433;0.6525378227233887
1596;0.7026950120925903;3.5284681930770495e-05;1477;0.0037507459055632353;0.7195649743080139;0.7127209901809692;0.6470818519592285
1597;0.7004660964012146;3.5368829678535006e-05;1531;0.0037425800692290068;0.7239594459533691;0.7132100462913513;0.6431372761726379
1598;0.702786386013031;3.5453178103847575e-05;1517;0.003734341822564602;0.7218949794769287;0.7112005352973938;0.6457723379135132
1599;0.6945353150367737;3.5537727685288764e-05;1439;0.0037260311655700207;0.7384417057037354;0.6992765665054321;0.6954400539398193
1600;0.6979472637176514;3.562247890258053e-05;1446;0.0037176485639065504;0.7349892854690552;0.711273193359375;0.6705008745193481
1601;0.6986666321754456;3.570743223658882e-05;1442;0.0037091944832354784;0.7316948175430298;0.6931390762329102;0.6916342973709106
1602;0.7026036381721497;3.5792588169326386e-05;1385;0.0037006691563874483;0.7273324728012085;0.7052567005157471;0.6795706152915955
1603;0.7012744545936584;3.587794718395548e-05;1467;0.0036920730490237474;0.7284858226776123;0.6857958436012268;0.713866651058197
1604;0.7039297819137573;3.59635097647906e-05;1485;0.003683406626805663;0.7313249707221985;0.6955286860466003;0.6885696649551392
1605;0.7018570303916931;3.604927639730132e-05;1438;0.003674670122563839;0.7281243801116943;0.7180110812187195;0.6502244472503662
1606;0.7026792764663696;3.613524756811491e-05;1482;0.0036658640019595623;0.728708803653717;0.6903499364852905;0.6972895860671997
1607;0.6983606219291687;3.622142376501916e-05;1456;0.003656988497823477;0.7238079905509949;0.7103918790817261;0.6577432751655579
1608;0.7032361030578613;3.630780547696517e-05;1490;0.0036480443086475134;0.7186062932014465;0.7105250358581543;0.6508998870849609
1609;0.7037315368652344;3.639439319407009e-05;1477;0.003639031434431672;0.7201570868492126;0.7084211111068726;0.6553520560264587
1610;0.6989874243736267;3.648118740761989e-05;1470;0.003629950573667884;0.7260600328445435;0.7077940106391907;0.6604703068733215
1611;0.7003504633903503;3.656818861007226e-05;1517;0.0036208019591867924;0.7240622043609619;0.6986446380615234;0.66494220495224
1612;0.7009146213531494;3.665539729505922e-05;1533;0.003611586056649685;0.7256198525428772;0.7051743865013123;0.6707196831703186
1613;0.7025615572929382;3.6742813957390036e-05;1418;0.003602303098887205;0.7231854200363159;0.7083315253257751;0.6653488874435425
1614;0.6945967674255371;3.683043909305404e-05;1505;0.0035929540172219276;0.7298061847686768;0.6767118573188782;0.6993290781974792
1615;0.7013189196586609;3.691827319922338e-05;1580;0.003583538578823209;0.7209213972091675;0.6960492134094238;0.6673555374145508
1616;0.6959086656570435;3.700631677425585e-05;1526;0.0035740574821829796;0.7279132604598999;0.7114160060882568;0.6533510088920593
1617;0.6911022067070007;3.709457031769783e-05;1550;0.0035645111929625273;0.7333635091781616;0.690986692905426;0.6792298555374146
1618;0.6936973333358765;3.718303433028695e-05;1449;0.003554900176823139;0.7329265475273132;0.7142922878265381;0.64669269323349
1619;0.698043167591095;3.727170931395502e-05;1510;0.003545224666595459;0.7268770337104797;0.6757482290267944;0.7507668137550354
1620;0.695224404335022;3.736059577183089e-05;1525;0.003535485127940774;0.7330188751220703;0.70753014087677;0.6496153473854065
1621;0.6989834904670715;3.744969420824325e-05;1397;0.0035256820265203714;0.7264770269393921;0.6694678664207458;0.7072425484657288
1622;0.6957724690437317;3.753900512872359e-05;1429;0.003515815595164895;0.7271798253059387;0.688575267791748;0.6993225812911987
1623;0.6963943839073181;3.7628529040008964e-05;1464;0.0035058867651969194;0.7315820455551147;0.694536030292511;0.6774228811264038
1624;0.692280650138855;3.771826645004487e-05;1463;0.0034958955366164446;0.7339631915092468;0.7127549052238464;0.6456087827682495
1625;0.6932370066642761;3.780821786798823e-05;1417;0.003485842375084758;0.7384870052337646;0.6992232799530029;0.6598203182220459
1626;0.6960397362709045;3.789838380421017e-05;1362;0.00347572797909379;0.7201001048088074;0.6671460270881653;0.7451667189598083
1627;0.7065606117248535;3.798876477029895e-05;1397;0.003465552581474185;0.7137587666511536;0.6887617111206055;0.6677910685539246
1628;0.6986215114593506;3.8079361279062967e-05;1488;0.00345531664788723;0.7202742695808411;0.6953665018081665;0.6785975098609924
1629;0.7005399465560913;3.817017384453348e-05;1430;0.003445020643994212;0.722033679485321;0.7025232911109924;0.6576443910598755
1630;0.6962978839874268;3.826120298196765e-05;1393;0.0034346652682870626;0.7353834509849548;0.7080652117729187;0.649387001991272
1631;0.7042862772941589;3.8352449207851466e-05;1382;0.0034242505207657814;0.7101166844367981;0.6982088685035706;0.6769991517066956
1632;0.7056185007095337;3.844391303990259e-05;1396;0.0034137770999222994;0.7149743437767029;0.712333619594574;0.6468388438224792
1633;0.6999446749687195;3.853559499707338e-05;1435;0.0034032452385872602;0.7216969728469849;0.7164228558540344;0.640686571598053
1634;0.6963260173797607;3.8627495599553836e-05;1497;0.0033926558680832386;0.723361074924469;0.6991579532623291;0.6637640595436096
1635;0.7008441090583801;3.871961536877448e-05;1350;0.0033820089884102345;0.7225208282470703;0.7176988124847412;0.6445972323417664
1636;0.696616530418396;3.8811954827409336e-05;1403;0.0033713055308908224;0.7224298119544983;0.6958724856376648;0.6616551876068115
1637;0.694508969783783;3.890451449937896e-05;1324;0.0033605454955250025;0.7301827073097229;0.7008914351463318;0.6716065406799316
1638;0.6949145197868347;3.89972949098533e-05;1427;0.0033497295808047056;0.7294225096702576;0.7089537382125854;0.6418228149414062
1639;0.6959637403488159;3.909029658525486e-05;1392;0.0033388580195605755;0.7294080257415771;0.7156432867050171;0.6433038711547852
1640;0.6930209398269653;3.918352005326145e-05;1436;0.0033279317431151867;0.728159487247467;0.7103241086006165;0.6549098491668701
1641;0.6467701196670532;3.927696584280936e-05;1249;0.003316950984299183;0.7655355930328369;0.5791993141174316;0.714537501335144
1642;0.5728246569633484;3.937063448409627e-05;1173;0.0033059162087738514;0.7741348743438721;0.5844240188598633;0.7044833898544312
1643;0.5772806406021118;3.946452650858431e-05;1132;0.0032948278822004795;0.7617394328117371;0.5605640411376953;0.7401788234710693
1644;0.6271649599075317;3.955864244900301e-05;1212;0.0032836864702403545;0.769101619720459;0.6547959446907043;0.6988592147827148
1645;0.6524006724357605;3.9652982839352465e-05;1148;0.003272492438554764;0.7627964019775391;0.659015953540802;0.7019804120063782
1646;0.6476985812187195;3.9747548214906174e-05;1165;0.0032612464856356382;0.7758790254592896;0.6582896113395691;0.7156626582145691
1647;0.6441205143928528;3.984233911221419e-05;1176;0.0032499488443136215;0.7746935486793518;0.6485156416893005;0.7016514539718628
1648;0.6553177833557129;3.993735606910616e-05;1174;0.0032386002130806446;0.7596368193626404;0.660308837890625;0.6919843554496765
1649;0.6574090123176575;4.003259962469434e-05;1097;0.003227200824767351;0.7571436166763306;0.6602531671524048;0.7037310600280762
1650;0.6610836386680603;4.0128070319376664e-05;1149;0.0032157516106963158;0.7518812417984009;0.665269672870636;0.6970670223236084
1651;0.6553020477294922;4.0223768694839895e-05;1139;0.003204252803698182;0.7590243220329285;0.6657660007476807;0.6981189250946045
1652;0.6453446745872498;4.031969529406254e-05;1093;0.003192704636603594;0.7612025737762451;0.6646087169647217;0.7069478631019592
1653;0.649199366569519;4.041585066131804e-05;1103;0.003181108273565769;0.7572270035743713;0.6661582589149475;0.7064791321754456
1654;0.6575763821601868;4.051223534217784e-05;1078;0.0031694634817540646;0.7582506537437439;0.6443319320678711;0.7202411890029907
1655;0.6555020809173584;4.060884988351444e-05;1157;0.003157771425321698;0.7638019323348999;0.6608003377914429;0.7100648283958435
1656;0.6547427773475647;4.070569483350462e-05;1123;0.00314603210426867;0.7694608569145203;0.6468087434768677;0.7217851877212524
1657;0.654438316822052;4.080277074163239e-05;1140;0.003134246449917555;0.7683609127998352;0.6601853370666504;0.6945472955703735
1658;0.6578932404518127;4.0900078158692204e-05;1140;0.003122414695098996;0.7629921436309814;0.657996654510498;0.7194612622261047
1659;0.6585559844970703;4.0997617636792046e-05;1155;0.0031105373054742813;0.7602779269218445;0.6616961359977722;0.6968659162521362
1660;0.6565582752227783;4.1095389729356614e-05;1161;0.003098615212365985;0.7604784369468689;0.6579603552818298;0.6984282732009888
1661;0.6546949744224548;4.119339499113038e-05;1086;0.003086648415774107;0.7641329765319824;0.6690417528152466;0.6963139772415161
1662;0.6605576276779175;4.1291633978180874e-05;1149;0.003074637847021222;0.7560024857521057;0.665286660194397;0.6944158673286438
1663;0.6596403121948242;4.139010724790164e-05;1095;0.003062583738937974;0.7626442313194275;0.6698431372642517;0.7011952996253967
1664;0.6502192616462708;4.148881535901559e-05;1105;0.0030504867900162935;0.7786647081375122;0.660425066947937;0.702846348285675
1665;0.6560743451118469;4.158775887157803e-05;1113;0.0030383476987481117;0.7637964487075806;0.6648750305175781;0.6967734694480896
1666;0.6636611819267273;4.1686938346979904e-05;1086;0.0030261664651334286;0.7552124857902527;0.6478716135025024;0.7715085744857788
1667;0.6624506115913391;4.178635434795106e-05;1164;0.0030139442533254623;0.7632606625556946;0.6728962063789368;0.6961792707443237
1668;0.6631170511245728;4.1886007438563266e-05;1071;0.003001681063324213;0.7608393430709839;0.6726443767547607;0.6941152215003967
1669;0.6636418104171753;4.198589818423353e-05;1148;0.0029893775936216116;0.7614332437515259;0.6636959910392761;0.7077080011367798
1670;0.6610926985740662;4.208602715172729e-05;1106;0.0029770347755402327;0.759762704372406;0.6636451482772827;0.7115416526794434
1671;0.6621764302253723;4.2186394909161584e-05;1101;0.0029646526090800762;0.7548052072525024;0.6764866709709167;0.6908861398696899
1672;0.6632508039474487;4.228700202600833e-05;1087;0.0029522317927330732;0.7617068290710449;0.6665794849395752;0.6972768902778625
1673;0.6607367992401123;4.238784907309759e-05;1174;0.0029397730249911547;0.760332465171814;0.6699230670928955;0.7061278820037842
1674;0.6635707020759583;4.248893662262067e-05;1125;0.002927276538684964;0.7569582462310791;0.6657127737998962;0.6929677128791809
1675;0.662672758102417;4.259026524813352e-05;1130;0.0029147432651370764;0.7606227397918701;0.6616380214691162;0.7163910269737244
1676;0.6620904803276062;4.269183552455985e-05;1154;0.0029021736700087786;0.7613064646720886;0.6697801947593689;0.7237116098403931
1677;0.6610524654388428;4.279364802819452e-05;1154;0.0028895679861307144;0.7673625946044922;0.6709471940994263;0.7072365880012512
1678;0.6593425273895264;4.2895703336706694e-05;1091;0.0028769271448254585;0.7668822407722473;0.653842031955719;0.7270334959030151
1679;0.6644192934036255;4.2998002029143276e-05;1131;0.002864251611754298;0.7592400312423706;0.6458233594894409;0.7437089681625366
1680;0.6593876481056213;4.3100544685932e-05;1130;0.0028515418525785208;0.7652996778488159;0.6698189377784729;0.6963962316513062
1681;0.6654109954833984;4.320333188888486e-05;1118;0.0028387983329594135;0.763744592666626;0.6665068864822388;0.6962194442749023
1682;0.6651934385299683;4.330636422120134e-05;1151;0.0028260217513889074;0.7593076825141907;0.6385551691055298;0.7594314813613892
1683;0.6635494828224182;4.340964226747174e-05;1183;0.00281321257352829;0.762768030166626;0.6739420890808105;0.7027104496955872
1684;0.6616825461387634;4.351316661368062e-05;1125;0.0028003714978694916;0.7643450498580933;0.6621706485748291;0.7505131363868713
1685;0.6677758097648621;4.361693784720986e-05;1152;0.0027874989900738;0.7560678720474243;0.6784477829933167;0.6928831338882446
1686;0.6557281613349915;4.3720956556842234e-05;1161;0.0027745957486331463;0.7623716592788696;0.6634126901626587;0.6975478529930115
1687;0.6619797348976135;4.382522333276463e-05;1088;0.002761662006378174;0.762904167175293;0.6651486158370972;0.7099912166595459
1688;0.6645872592926025;4.392973876657141e-05;1120;0.0027486986946314573;0.7604770064353943;0.6723659634590149;0.6952661871910095
1689;0.6613805294036865;4.4034503451267795e-05;1147;0.002735706279054284;0.7699363827705383;0.660054624080658;0.7177651524543762
1690;0.6660335659980774;4.4139517981273276e-05;1071;0.0027226852253079414;0.7614607214927673;0.67171710729599;0.701492428779602
1691;0.6651023626327515;4.4244782952424864e-05;1110;0.0027096359990537167;0.7616491913795471;0.6695066094398499;0.7016573548316956
1692;0.6590677499771118;4.435029896198054e-05;1159;0.0026965595316141844;0.7651328444480896;0.6723659634590149;0.7021593451499939
1693;0.6621264815330505;4.445606660862266e-05;1128;0.002683456288650632;0.7662020325660706;0.6664342284202576;0.7058448195457458
1694;0.6587811708450317;4.456208649246134e-05;1139;0.002670326502993703;0.7726219296455383;0.6593428254127502;0.6980730295181274
1695;0.6639729142189026;4.466835921503778e-05;1164;0.002657171105965972;0.7578282952308655;0.6621004343032837;0.7017887234687805
1696;0.656078577041626;4.47748853793279e-05;1102;0.0026439905632287264;0.7730573415756226;0.671559751033783;0.6945503354072571
1697;0.6609643697738647;4.488166558974546e-05;1168;0.0026307853404432535;0.7636407613754272;0.6592338681221008;0.7265977263450623
1698;0.6619548797607422;4.4988700452145725e-05;1140;0.002617556368932128;0.7661685347557068;0.6715475916862488;0.7041886448860168
1699;0.6600661277770996;4.509599057382879e-05;1074;0.0026043036486953497;0.7642690539360046;0.6699157953262329;0.7017273902893066
1700;0.6632617115974426;4.520353656354301e-05;1129;0.002591028343886137;0.7628114819526672;0.6580039262771606;0.6999602913856506
1701;0.6646614074707031;4.531133903148862e-05;1189;0.0025777306873351336;0.7621307373046875;0.6787092685699463;0.6994365453720093
1702;0.6572089791297913;4.5419398589320966e-05;1105;0.0025644113775342703;0.774679958820343;0.6227840781211853;0.7759203910827637
1703;0.6608911156654358;4.5527715850154124e-05;1137;0.002551071112975478;0.7635918259620667;0.6700634956359863;0.6976675987243652
1704;0.6624624133110046;4.563629142856432e-05;1130;0.002537710126489401;0.7681868076324463;0.6715064644813538;0.6963579058647156
1705;0.6518922448158264;4.5745125940593454e-05;1080;0.002524329349398613;0.7800312638282776;0.6707075238227844;0.698287844657898
1706;0.660808801651001;4.585422000375253e-05;1118;0.002510929247364402;0.765780508518219;0.6659645438194275;0.6960412263870239
1707;0.6615182161331177;4.596357423702535e-05;1204;0.0024975102860480547;0.7708339095115662;0.6624563336372375;0.6973296403884888
1708;0.6627160310745239;4.607318926087171e-05;1103;0.0024840733967721462;0.7611846327781677;0.6598004102706909;0.7171393036842346
1709;0.6601463556289673;4.618306569723118e-05;1142;0.00247061881236732;0.7650772333145142;0.6736515760421753;0.7015793323516846
1710;0.6629623770713806;4.629320416952653e-05;1095;0.0024571469984948635;0.7654263973236084;0.6744311451911926;0.7093223333358765
1711;0.6615999341011047;4.640360530266729e-05;1130;0.002443659119307995;0.7666575312614441;0.6731116771697998;0.6937267184257507
1712;0.6606208682060242;4.6514269723053255e-05;1148;0.002430155174806714;0.7663946747779846;0.6675455570220947;0.6952938437461853
1713;0.6553177833557129;4.662519805857815e-05;1129;0.0024166363291442394;0.7656580805778503;0.6677634119987488;0.6956701278686523
1714;0.6545257568359375;4.673639093863306e-05;1131;0.002403102582320571;0.7695673704147339;0.673322319984436;0.6927672624588013
1715;0.6628485918045044;4.6847848994110054e-05;1120;0.0023895548656582832;0.7634371519088745;0.6602531671524048;0.7188395261764526
1716;0.665564775466919;4.6959572857405774e-05;1133;0.0023759936448186636;0.7630110383033752;0.6523288488388062;0.7044636607170105
1717;0.660575807094574;4.707156316242499e-05;1110;0.0023624198511242867;0.7680519819259644;0.6678021550178528;0.6938492059707642
1718;0.6598815321922302;4.7183820544584324e-05;1136;0.0023488334845751524;0.7646575570106506;0.6747313737869263;0.706857442855835
1719;0.6621461510658264;4.7296345640815654e-05;1083;0.002335235709324479;0.7684218287467957;0.663722574710846;0.6949317455291748
1720;0.6602668166160583;4.740913908956985e-05;1127;0.0023216267582029104;0.7681880593299866;0.6373688578605652;0.7309911847114563
1721;0.6615533232688904;4.75222015308204e-05;1110;0.0023080073297023773;0.7675031423568726;0.6714774370193481;0.6986578106880188
1722;0.6589627265930176;4.763553360606699e-05;1146;0.002294377889484167;0.7722669243812561;0.6714096069335938;0.7015507221221924
1723;0.6581428647041321;4.774913595833913e-05;1107;0.0022807393688708544;0.7709711194038391;0.6685768961906433;0.6904138326644897
1724;0.660662055015564;4.7863009232199985e-05;1125;0.0022670922335237265;0.7624797224998474;0.6659984588623047;0.7024112343788147
1725;0.6644619703292847;4.797715407374975e-05;1157;0.0022534369491040707;0.7631978392601013;0.6694146394729614;0.6933674216270447
1726;0.6590626239776611;4.809157113062951e-05;1137;0.0022397739812731743;0.7725595831871033;0.6718454360961914;0.6862666606903076
1727;0.6591899991035461;4.820626105202484e-05;1138;0.002226104261353612;0.7718948125839233;0.6733513474464417;0.689509391784668
1728;0.6613768935203552;4.832122448866953e-05;1168;0.002212428255006671;0.7647029161453247;0.6725451350212097;0.7004700303077698
1729;0.6632168889045715;4.8436462092849196e-05;1099;0.0021987466607242823;0.7673017382621765;0.6683323979377747;0.7010599970817566
1730;0.6632229685783386;4.855197451840517e-05;1090;0.002185059944167733;0.765472412109375;0.6431383490562439;0.747967541217804
1731;0.6648629307746887;4.866776242073797e-05;1101;0.002171368570998311;0.7601187229156494;0.6669838428497314;0.6897459030151367
1732;0.6581976413726807;4.8783826456811146e-05;1132;0.0021576734725385904;0.7719014883041382;0.6707849502563477;0.6943860054016113
1733;0.6625962257385254;4.890016728515501e-05;1145;0.002143974881619215;0.7692200541496277;0.6578828692436218;0.7199935913085938
1734;0.6589067578315735;4.901678556587031e-05;1096;0.0021302737295627594;0.7713226675987244;0.6531108617782593;0.7412280440330505
1735;0.6681759357452393;4.913368196063211e-05;1186;0.002116570482030511;0.7644132375717163;0.6579530835151672;0.7179805636405945
1736;0.6634747385978699;4.925085713269337e-05;1083;0.0021028658375144005;0.7687897682189941;0.6572389006614685;0.7332863807678223
1737;0.6637029647827148;4.936831174688883e-05;1106;0.002089160028845072;0.7651177048683167;0.6709374785423279;0.6978305578231812
1738;0.6639241576194763;4.948604646963871e-05;1153;0.0020754539873450994;0.7657564282417297;0.6712231636047363;0.6967414617538452
1739;0.6604211330413818;4.960406196895256e-05;1115;0.0020617484115064144;0.7732157707214355;0.6719229221343994;0.6917616128921509
1740;0.6638966202735901;4.972235891443295e-05;1154;0.002048043766990304;0.7667482495307922;0.6742035746574402;0.6940997242927551
1741;0.6638542413711548;4.984093797727947e-05;1085;0.0020343405194580555;0.7659358978271484;0.6661824584007263;0.7107418179512024
1742;0.6624563932418823;4.995979983029228e-05;1125;0.0020206391345709562;0.7714718580245972;0.6483146548271179;0.7100334763526917
1743;0.6666240096092224;5.007894514787607e-05;1131;0.0020069407764822245;0.7661746144294739;0.6474188566207886;0.7136717438697815
1744;0.6656494736671448;5.019837460604392e-05;1021;0.001993245678022504;0.761049211025238;0.623241662979126;0.7789701223373413
1745;0.6603745222091675;5.031808888242096e-05;1088;0.0019795543048530817;0.7759225964546204;0.6700997948646545;0.7042630910873413
1746;0.6713717579841614;5.0438088656248535e-05;1109;0.0019658675882965326;0.7622685432434082;0.6507769227027893;0.740103542804718
1747;0.6658819317817688;5.05583746083877e-05;1113;0.0019521858775988221;0.7649859189987183;0.6642044186592102;0.7235840559005737
1748;0.6680034399032593;5.0678947421323284e-05;1077;0.0019385098712518811;0.7635213732719421;0.6577739119529724;0.7311317920684814
1749;0.6709226369857788;5.079980777916773e-05;1104;0.0019248401513323188;0.761216402053833;0.675460159778595;0.6927730441093445
1750;0.6681604981422424;5.092095636766498e-05;1175;0.0019111772999167442;0.7661920189857483;0.6714774370193481;0.6859721541404724
1751;0.6662859320640564;5.104239387419429e-05;1116;0.0018975220154970884;0.7696195840835571;0.671816349029541;0.6910909414291382
1752;0.6666176319122314;5.116412098777434e-05;1094;0.0018838747637346387;0.7644656300544739;0.6612530946731567;0.7413040399551392
1753;0.6687339544296265;5.1286138399066855e-05;1135;0.0018702361267060041;0.7682002186775208;0.6682234406471252;0.6914907693862915
1754;0.6664106249809265;5.140844680038072e-05;1120;0.0018566069193184376;0.767947793006897;0.642784833908081;0.7663622498512268
1755;0.667605459690094;5.153104688567584e-05;1180;0.0018429874908179045;0.7684867978096008;0.6800505518913269;0.7004342675209045
1756;0.6648805141448975;5.165393935056712e-05;1132;0.0018293785396963358;0.77291339635849;0.6800311803817749;0.686798632144928
1757;0.6693616509437561;5.1777124892328314e-05;1069;0.0018157806480303407;0.7682539224624634;0.6753584742546082;0.7007569074630737
1758;0.6683453917503357;5.19006042098962e-05;1143;0.0018021943978965282;0.7644559144973755;0.6764503717422485;0.6870810985565186
1759;0.6729711890220642;5.202437800387425e-05;1107;0.0017886203713715076;0.7641377449035645;0.6650639176368713;0.6938075423240662
1760;0.664482831954956;5.21484469765368e-05;1112;0.0017750592669472098;0.7720486521720886;0.6797067523002625;0.6869955062866211
1761;0.6696560978889465;5.2272811831833004e-05;1090;0.0017615115502849221;0.7633358836174011;0.6811206936836243;0.6836068034172058
1762;0.6688843965530396;5.239747327539074e-05;1055;0.0017479779198765755;0.7620939612388611;0.6543843746185303;0.7539464831352234
1763;0.6696494817733765;5.252243201452083e-05;1036;0.0017344588413834572;0.7614680528640747;0.6426807641983032;0.7354410290718079
1764;0.6683614253997803;5.2647688758220785e-05;1086;0.00172095512971282;0.7624460458755493;0.6712159514427185;0.7068531513214111
1765;0.6695114374160767;5.277324421717897e-05;1049;0.0017074670176953077;0.7610108256340027;0.6791305541992188;0.69693523645401
1766;0.6751598715782166;5.2899099103778626e-05;1064;0.0016939954366534948;0.7605441808700562;0.660054624080658;0.7442643046379089
1767;0.6715009808540344;5.302525413210192e-05;1106;0.0016805408522486687;0.7619538903236389;0.679227352142334;0.6831585764884949
1768;0.6660477519035339;5.315171001793392e-05;1082;0.0016671037301421165;0.7636322379112244;0.6761695146560669;0.6963462233543396
1769;0.6688701510429382;5.327846747876684e-05;1059;0.0016536848852410913;0.7639453411102295;0.6620253920555115;0.711170494556427
1770;0.6661942601203918;5.3405527233803864e-05;1113;0.00164028478320688;0.7652413845062256;0.6767796277999878;0.6870710253715515
1771;0.6693891882896423;5.35328900039634e-05;1120;0.0016269038897007704;0.7640852332115173;0.6697099804878235;0.7083510160446167
1772;0.6734681129455566;5.36605565118831e-05;1047;0.001613543019630015;0.7652590274810791;0.660151481628418;0.7436462640762329
1773;0.6710255742073059;5.3788527481924006e-05;1126;0.001600202638655901;0.7682288885116577;0.6615194082260132;0.6922951340675354
1774;0.6652473211288452;5.391680364017456e-05;1103;0.0015868833288550377;0.7726523280143738;0.6730341911315918;0.6929685473442078
1775;0.673712968826294;5.404538571445495e-05;1132;0.001573585788719356;0.762855589389801;0.672775149345398;0.6946150064468384
1776;0.6715554594993591;5.4174274434320944e-05;1147;0.0015603103674948215;0.7675100564956665;0.6760605573654175;0.6936053037643433
1777;0.6673215627670288;5.430347053106823e-05;1082;0.001547057880088687;0.7676615118980408;0.6838517189025879;0.6927493214607239
1778;0.6718348264694214;5.443297473773648e-05;1073;0.0015338287921622396;0.7669892907142639;0.6869434714317322;0.6843537092208862
1779;0.6739614605903625;5.456278778911352e-05;1096;0.0015206235693767667;0.7562364339828491;0.6807381510734558;0.6849765777587891
1780;0.6757215857505798;5.469291042173963e-05;1093;0.0015074430266395211;0.7571343779563904;0.66704922914505;0.7054242491722107
1781;0.6702849864959717;5.48233433739115e-05;1069;0.0014942876296117902;0.7689782977104187;0.6696591377258301;0.6998214721679688
1782;0.6661661267280579;5.495408738568654e-05;1128;0.001481157960370183;0.7725976705551147;0.6810238361358643;0.6897544264793396
1783;0.6730202436447144;5.5085143198887086e-05;1109;0.0014680546009913087;0.7648983001708984;0.6855101585388184;0.6970769762992859
1784;0.671648383140564;5.521651155710459e-05;1144;0.0014549780171364546;0.7678088545799255;0.6623643636703491;0.751541256904602
1785;0.6634215116500854;5.534819320570378e-05;1054;0.0014419290237128735;0.7748593091964722;0.6289264559745789;0.7629495859146118
1786;0.6719473600387573;5.5480188891827104e-05;1130;0.001428907853551209;0.7652820944786072;0.6708019375801086;0.6885375380516052
1787;0.6682482361793518;5.561249936439865e-05;1059;0.0014159154379740357;0.7707412242889404;0.6849315166473389;0.6883159279823303
1788;0.6680524349212646;5.574512537412862e-05;1109;0.0014029521262273192;0.7719810605049133;0.6788666248321533;0.7003028988838196
1789;0.672124445438385;5.587806767351755e-05;1104;0.0013900185003876686;0.7654061317443848;0.6709205508232117;0.6941806077957153
1790;0.6678045988082886;5.60113270168605e-05;1084;0.001377115142531693;0.7682877779006958;0.6666303277015686;0.7126386761665344
1791;0.6712486147880554;5.6144904160251406e-05;1074;0.0013642426347360015;0.7665697336196899;0.6753802299499512;0.6866775751113892
1792;0.6707465052604675;5.627879986158745e-05;1073;0.0013514015590772033;0.7681732773780823;0.6798689961433411;0.685880720615387
1793;0.672859251499176;5.641301488057314e-05;1058;0.0013385924976319075;0.7663961052894592;0.6762518286705017;0.6969188451766968
1794;0.6697469353675842;5.654754997872479e-05;1057;0.0013258159160614014;0.7674998641014099;0.6739469170570374;0.6929152011871338
1795;0.6755908131599426;5.668240591937482e-05;1038;0.0013130723964422941;0.7628200650215149;0.6586891412734985;0.7528886795043945
1796;0.665116548538208;5.681758346767598e-05;982;0.0013003625208511949;0.7695510387420654;0.682796061038971;0.7058825492858887
1797;0.6630904078483582;5.695308339060593e-05;1016;0.0012876869877800345;0.7800578474998474;0.6780991554260254;0.7004840970039368
1798;0.6711726188659668;5.70889064569713e-05;1061;0.0012750460300594568;0.7702804803848267;0.6624902486801147;0.7345398664474487
1799;0.6668473482131958;5.722505343741223e-05;1095;0.0012624404625967145;0.7732217311859131;0.6823821067810059;0.680867075920105
1800;0.6739541888237;5.736152510440671e-05;1019;0.0012498707510530949;0.7642621397972107;0.684127688407898;0.6854651570320129
1801;0.6724149584770203;5.749832223227493e-05;1106;0.001237337477505207;0.7634305953979492;0.6864567995071411;0.6867713928222656
1802;0.6649706959724426;5.7635445597183703e-05;1097;0.0012248412240296602;0.7773323655128479;0.6765254139900208;0.6954975724220276
1803;0.6622033715248108;5.7772895977150927e-05;998;0.0012123823398724198;0.7780286073684692;0.6000837683677673;0.8259636163711548
1804;0.6626521944999695;5.791067415204986e-05;1065;0.0011999616399407387;0.7715302109718323;0.6877521276473999;0.6850011944770813
1805;0.6698594689369202;5.804878090361362e-05;1013;0.0011875794734805822;0.7670847177505493;0.6609770655632019;0.7033328413963318
1806;0.6693322658538818;5.818721701543967e-05;1071;0.0011752364225685596;0.7663230895996094;0.6470556855201721;0.7073509097099304
1807;0.6694251894950867;5.832598327299418e-05;1081;0.00116293306928128;0.7685906887054443;0.668264627456665;0.7093514800071716
1808;0.6653468608856201;5.8465080463616486e-05;1064;0.0011506699956953526;0.7729520201683044;0.6795300245285034;0.6886007785797119
1809;0.6660571694374084;5.8604509376523705e-05;1046;0.0011384475510567427;0.7752387523651123;0.6641269326210022;0.7008181214332581
1810;0.672863781452179;5.8744270802814985e-05;1061;0.0011262665502727032;0.7705050110816956;0.670305609703064;0.6956395506858826
1811;0.6638645529747009;5.8884365535476156e-05;1026;0.0011141272261738777;0.7731546759605408;0.6783678531646729;0.6923463940620422
1812;0.665327787399292;5.902479436938415e-05;1019;0.001102030393667519;0.7730759978294373;0.6786656975746155;0.6956492066383362
1813;0.6676644682884216;5.9165558101311524e-05;1050;0.001089976285584271;0.7729088664054871;0.6784163117408752;0.7037343382835388
1814;0.6706790328025818;5.930665752993112e-05;1055;0.001077965716831386;0.7743317484855652;0.6672332286834717;0.6931145787239075
1815;0.6693952679634094;5.944809345582033e-05;1074;0.00106599903665483;0.7697314620018005;0.6718042492866516;0.6955780982971191
1816;0.6657630205154419;5.9589866681465854e-05;1029;0.00105407671071589;0.7698939442634583;0.6606768369674683;0.7295305728912354
1817;0.6685971617698669;5.973197801126815e-05;1057;0.001042199437506497;0.7663701772689819;0.6854181289672852;0.6920045614242554
1818;0.6712885499000549;5.987442825154606e-05;1083;0.0010303676826879382;0.7682259678840637;0.6778376698493958;0.6945739984512329
1819;0.6702284216880798;6.001721821054127e-05;1023;0.001018582028336823;0.7728844881057739;0.6876165270805359;0.6866115927696228
1820;0.6706318259239197;6.016034869842316e-05;1105;0.0010068427072837949;0.773554265499115;0.6791813969612122;0.6960693001747131
1821;0.6711066365242004;6.030382052729305e-05;1083;0.0009951505344361067;0.766991913318634;0.6877472400665283;0.6859452724456787
1822;0.6735725402832031;6.0447634511189046e-05;1038;0.0009835059754550457;0.7686847448348999;0.666778028011322;0.7113275527954102
1823;0.6644777059555054;6.059179146609058e-05;1010;0.0009719094377942383;0.7777244448661804;0.6450534462928772;0.7424101829528809
1824;0.6677131652832031;6.073629220992301e-05;1053;0.0009603614453226328;0.7822626829147339;0.6682742834091187;0.6889346837997437
1825;0.663241446018219;6.088113756256243e-05;1067;0.0009488625219091773;0.7747296094894409;0.6552680730819702;0.7321534156799316
1826;0.670299232006073;6.1026328345840075e-05;1002;0.0009374131914228201;0.7713464498519897;0.6711118221282959;0.7038947343826294
1827;0.6693891882896423;6.117186538354714e-05;960;0.0009260139777325094;0.7725565433502197;0.6520237922668457;0.7505838871002197
1828;0.6698967218399048;6.13177495014394e-05;1057;0.0009146653464995325;0.7699511051177979;0.6817840933799744;0.69358891248703
1829;0.6677782535552979;6.146398152724193e-05;1081;0.0009033677633851767;0.7719967365264893;0.6671218276023865;0.7130808234214783
1830;0.6660111546516418;6.161056229065375e-05;1017;0.0008921217522583902;0.7776703238487244;0.6544739603996277;0.7001574635505676
1831;0.6634215116500854;6.175749262335267e-05;1006;0.0008809277787804604;0.7733662128448486;0.6812247633934021;0.6858900189399719
1832;0.6664036512374878;6.19047733589998e-05;1095;0.0008697863668203354;0.7747478485107422;0.6624757051467896;0.7064633965492249
1833;0.6630873680114746;6.20524053332444e-05;1000;0.0008586980402469635;0.7746052145957947;0.6769757270812988;0.6936059594154358
1834;0.670754075050354;6.220038938372864e-05;1083;0.0008476632065139711;0.7707403302192688;0.680617094039917;0.6841214895248413
1835;0.6705068349838257;6.234872635009228e-05;1029;0.0008366823894903064;0.7713848948478699;0.6579216122627258;0.7155787348747253
1836;0.6644819378852844;6.249741707397745e-05;1031;0.0008257559966295958;0.7749046683311462;0.6618849635124207;0.7006445527076721
1837;0.6695014834403992;6.264646239903361e-05;982;0.0008148846682161093;0.7700158357620239;0.6613571643829346;0.7240326404571533
1838;0.6716329455375671;6.279586317092198e-05;958;0.0008040686952881515;0.7678948640823364;0.5536251068115234;0.9073647856712341
1839;0.6656213402748108;6.294562023732062e-05;1048;0.0007933087181299925;0.7725459933280945;0.6849581599235535;0.6852688193321228
1840;0.6707556247711182;6.309573444792917e-05;1067;0.0007826050859875977;0.7667674422264099;0.6841010451316833;0.6842392683029175
1841;0.6661482453346252;6.324620665447353e-05;1012;0.0007719582645222545;0.77267986536026;0.6861492991447449;0.6851702928543091
1842;0.6679250597953796;6.339703771071106e-05;1010;0.0007613688358105719;0.7717831134796143;0.67802894115448;0.6853749752044678
1843;0.6663973331451416;6.354822847243494e-05;1040;0.0007508371490985155;0.7720261812210083;0.6776826977729797;0.6868510842323303
1844;0.6664173007011414;6.36997797974794e-05;985;0.0007403637282550335;0.7725358605384827;0.6769442558288574;0.6916829347610474
1845;0.6639099717140198;6.385169254572438e-05;985;0.0007299489807337523;0.7777259349822998;0.6491814255714417;0.7215091586112976
1846;0.666773796081543;6.400396757910052e-05;997;0.00071959343040362;0.7748944163322449;0.6788109540939331;0.6865509152412415
1847;0.6656116843223572;6.415660576159398e-05;920;0.0007092974265106022;0.7744559645652771;0.6686834692955017;0.7119051218032837
1848;0.670241117477417;6.430960795925147e-05;990;0.0006990615511313081;0.7715071439743042;0.666756272315979;0.6901765465736389
1849;0.6661176681518555;6.446297504018499e-05;1004;0.000688886153511703;0.7714105844497681;0.6733658909797668;0.7029680013656616
1850;0.6686874032020569;6.461670787457683e-05;1055;0.0006787716993130744;0.7714415192604065;0.6818978786468506;0.683058500289917
1851;0.67315673828125;6.477080733468452e-05;972;0.0006687186541967094;0.7646392583847046;0.6594445109367371;0.713702380657196
1852;0.668189525604248;6.492527429484578e-05;1038;0.0006587274256162345;0.7748357653617859;0.6800118088722229;0.6844190359115601
1853;0.6672549843788147;6.508010963148341e-05;1030;0.0006487984792329371;0.7747926115989685;0.6649283170700073;0.7333698868751526
1854;0.6666485071182251;6.523531422311048e-05;1016;0.0006389322225004435;0.7779702544212341;0.6749880313873291;0.6930338740348816
1855;0.6691561341285706;6.539088895033505e-05;985;0.0006291291210800409;0.7721246480941772;0.6667538285255432;0.7076300978660583
1856;0.661894679069519;6.554683469586525e-05;1030;0.0006193895824253559;0.7853738069534302;0.6805517077445984;0.6862266659736633
1857;0.6667150855064392;6.570315234451438e-05;1012;0.0006097140721976757;0.7723849415779114;0.6675043702125549;0.695225179195404
1858;0.6671254634857178;6.585984278320575e-05;1018;0.0006001029396429658;0.7778147459030151;0.6677827835083008;0.69486004114151
1859;0.6634078621864319;6.601690690097801e-05;982;0.0005905566504225135;0.7855734825134277;0.6501498818397522;0.7266260385513306
1860;0.6677204370498657;6.617434558898989e-05;950;0.0005810756119899452;0.7715173363685608;0.6719059348106384;0.696942925453186
1861;0.6689939498901367;6.633215974052539e-05;1040;0.0005716602317988873;0.7720891833305359;0.6737362742424011;0.6985059976577759
1862;0.6742150187492371;6.649035025099881e-05;1051;0.0005623109173029661;0.7683457732200623;0.6576407551765442;0.6975159049034119
1863;0.6669344902038574;6.664891801795991e-05;979;0.0005530281341634691;0.7699332237243652;0.6007253527641296;0.8204233646392822
1864;0.6668352484703064;6.680786394109889e-05;1019;0.0005438122316263616;0.7779693007469177;0.6747217178344727;0.6899678111076355
1865;0.6649319529533386;6.696718892225165e-05;999;0.0005346636171452701;0.7765548229217529;0.6801474094390869;0.6934450268745422
1866;0.6652572751045227;6.712689386540473e-05;1010;0.0005255827563814819;0.7772068381309509;0.6821278929710388;0.6890513896942139
1867;0.6651080846786499;6.728697967670053e-05;972;0.0005165699403733015;0.7756630182266235;0.5397836565971375;1.4649584293365479
1868;0.662674605846405;6.744744726444242e-05;1001;0.0005076256347820163;0.7780534625053406;0.6641269326210022;0.7062674760818481
1869;0.6631569862365723;6.760829753909996e-05;988;0.0004987501888535917;0.777686357498169;0.6742205023765564;0.6958649158477783
1870;0.6661367416381836;6.776953141331396e-05;1018;0.0004899440100416541;0.7788593769073486;0.6811569929122925;0.6868318319320679
1871;0.6674950122833252;6.793114980190184e-05;1002;0.00048120750579982996;0.7765175700187683;0.6721843481063843;0.6881955862045288
1872;0.6667238473892212;6.809315362186255e-05;1027;0.0004725410253740847;0.7798033356666565;0.6454577445983887;0.7062541246414185
1873;0.6597453355789185;6.825554379238202e-05;1010;0.00046394497621804476;0.7843696475028992;0.6782758831977844;0.7013927698135376
1874;0.667881429195404;6.841832123483822e-05;994;0.0004554197075776756;0.7805750370025635;0.6686132550239563;0.7138524651527405
1875;0.6669445037841797;6.85814868728064e-05;999;0.0004469656269066036;0.7837286591529846;0.6472275853157043;0.7328539490699768
1876;0.6638233661651611;6.874504163206457e-05;971;0.00043858305434696376;0.784467339515686;0.6685551404953003;0.6966568827629089
1877;0.6620556712150574;6.890898644059835e-05;1009;0.00043027239735238254;0.780783474445343;0.6750146746635437;0.6897032856941223
1878;0.6677501201629639;6.907332222860656e-05;1004;0.0004220340051688254;0.7767913937568665;0.6587908267974854;0.7061172723770142
1879;0.6732593178749084;6.923804992850629e-05;970;0.0004138682270422578;0.7762342691421509;0.5941084623336792;0.8033084869384766
1880;0.6532894968986511;6.940317047493836e-05;978;0.00040577544132247567;0.7887287735939026;0.6749710440635681;0.6891598701477051
1881;0.6673427820205688;6.956868480477245e-05;966;0.0003977559972554445;0.7721003293991089;0.5554555058479309;1.4493595361709595
1882;0.6656567454338074;6.973459385711272e-05;986;0.0003898102149832994;0.7827867865562439;0.6784792542457581;0.6929348111152649
1883;0.6617748141288757;6.990089857330264e-05;946;0.0003819385019596666;0.7826588749885559;0.6775205135345459;0.6936091184616089
1884;0.6666609048843384;7.006759989693083e-05;985;0.0003741411492228508;0.7838566303253174;0.6515952944755554;0.7212032079696655
1885;0.6658074855804443;7.023469877383611e-05;981;0.0003664185060188174;0.7811376452445984;0.6734263896942139;0.6908318996429443
1886;0.6649237871170044;7.040219615211299e-05;1012;0.0003587709506973624;0.7827755808830261;0.6565198302268982;0.7249904274940491
1887;0.6640077233314514;7.057009298211693e-05;1053;0.00035119877429679036;0.7861905694007874;0.6806606650352478;0.6884288787841797
1888;0.665601372718811;7.073839021647003e-05;1012;0.0003437023260630667;0.7760915756225586;0.6776415705680847;0.6902496218681335
1889;0.6666179299354553;7.090708881006602e-05;993;0.0003362819261383265;0.7789950370788574;0.6751550436019897;0.69137042760849
1890;0.660190224647522;7.1076189720076e-05;978;0.0003289378946647048;0.7892569303512573;0.6749129891395569;0.6869131326675415
1891;0.6663973331451416;7.124569390595365e-05;1004;0.000321670580888167;0.7798462510108948;0.6763195991516113;0.6915610432624817
1892;0.6653329730033875;7.141560232944085e-05;1013;0.00031448027584701777;0.7841148376464844;0.66764235496521;0.7039806246757507
