

================================================================
== Vitis HLS Report for 'store_result_float_array_ap_fixed_5u_Pipeline_VITIS_LOOP_29_1'
================================================================
* Date:           Thu May  7 10:03:39 2026

* Version:        2025.2 (Build 6295257 on Nov 14 2025)
* Project:        vitis_unified_project
* Solution:       hls (Vivado IP Flow Target)
* Product family: zynquplus
* Target device:  xck26-sfvc784-2LV-c


================================================================
== Performance Estimates
================================================================
+ Timing: 
    * Summary: 
    +--------+---------+----------+------------+
    |  Clock |  Target | Estimated| Uncertainty|
    +--------+---------+----------+------------+
    |ap_clk  |  5.00 ns|  4.375 ns|     0.62 ns|
    +--------+---------+----------+------------+

+ Latency: 
    * Summary: 
    +---------+---------+----------+----------+-----+-----+-------------------+
    |  Latency (cycles) |  Latency (absolute) |  Interval |      Pipeline     |
    |   min   |   max   |    min   |    max   | min | max |        Type       |
    +---------+---------+----------+----------+-----+-----+-------------------+
    |        ?|        ?|         ?|         ?|    0|    0|  loop pipeline stp|
    +---------+---------+----------+----------+-----+-----+-------------------+

    + Detail: 
        * Instance: 
        N/A

        * Loop: 
        +-------------------+---------+---------+----------+-----------+-----------+------+----------+
        |                   |  Latency (cycles) | Iteration|  Initiation Interval  | Trip |          |
        |     Loop Name     |   min   |   max   |  Latency |  achieved |   target  | Count| Pipelined|
        +-------------------+---------+---------+----------+-----------+-----------+------+----------+
        |- VITIS_LOOP_29_1  |        ?|        ?|         8|          5|          1|     ?|       yes|
        +-------------------+---------+---------+----------+-----------+-----------+------+----------+



================================================================
== Utilization Estimates
================================================================
* Summary: 
+-----------------+---------+------+--------+--------+-----+
|       Name      | BRAM_18K|  DSP |   FF   |   LUT  | URAM|
+-----------------+---------+------+--------+--------+-----+
|DSP              |        -|     -|       -|       -|    -|
|Expression       |        -|     -|       0|    1400|    -|
|FIFO             |        -|     -|       -|       -|    -|
|Instance         |        -|     -|       0|      80|    -|
|Memory           |        -|     -|       -|       -|    -|
|Multiplexer      |        -|     -|       0|     134|    -|
|Register         |        -|     -|     343|       -|    -|
+-----------------+---------+------+--------+--------+-----+
|Total            |        0|     0|     343|    1614|    0|
+-----------------+---------+------+--------+--------+-----+
|Available        |      288|  1248|  234240|  117120|   64|
+-----------------+---------+------+--------+--------+-----+
|Utilization (%)  |        0|     0|      ~0|       1|    0|
+-----------------+---------+------+--------+--------+-----+

+ Detail: 
    * Instance: 
    +---------------------+----------------+---------+----+---+----+-----+
    |       Instance      |     Module     | BRAM_18K| DSP| FF| LUT| URAM|
    +---------------------+----------------+---------+----+---+----+-----+
    |ctlz_14_14_1_1_U116  |ctlz_14_14_1_1  |        0|   0|  0|  16|    0|
    |ctlz_14_14_1_1_U117  |ctlz_14_14_1_1  |        0|   0|  0|  16|    0|
    |ctlz_14_14_1_1_U118  |ctlz_14_14_1_1  |        0|   0|  0|  16|    0|
    |ctlz_14_14_1_1_U119  |ctlz_14_14_1_1  |        0|   0|  0|  16|    0|
    |ctlz_14_14_1_1_U120  |ctlz_14_14_1_1  |        0|   0|  0|  16|    0|
    +---------------------+----------------+---------+----+---+----+-----+
    |Total                |                |        0|   0|  0|  80|    0|
    +---------------------+----------------+---------+----+---+----+-----+

    * DSP: 
    N/A

    * Memory: 
    N/A

    * FIFO: 
    N/A

    * Expression: 
    +---------------------------------------+----------+----+---+-----+------------+------------+
    |             Variable Name             | Operation| DSP| FF| LUT | Bitwidth P0| Bitwidth P1|
    +---------------------------------------+----------+----+---+-----+------------+------------+
    |add_ln29_fu_164_p2                     |         +|   0|  0|   38|          31|           1|
    |add_ln33_1_fu_341_p2                   |         +|   0|  0|   15|           8|           8|
    |add_ln33_2_fu_407_p2                   |         +|   0|  0|   12|           5|           4|
    |add_ln33_3_fu_463_p2                   |         +|   0|  0|   15|           8|           8|
    |add_ln33_4_fu_529_p2                   |         +|   0|  0|   12|           5|           4|
    |add_ln33_5_fu_585_p2                   |         +|   0|  0|   15|           8|           8|
    |add_ln33_6_fu_651_p2                   |         +|   0|  0|   12|           5|           4|
    |add_ln33_7_fu_707_p2                   |         +|   0|  0|   15|           8|           8|
    |add_ln33_8_fu_773_p2                   |         +|   0|  0|   12|           5|           4|
    |add_ln33_9_fu_829_p2                   |         +|   0|  0|   15|           8|           8|
    |add_ln33_fu_285_p2                     |         +|   0|  0|   12|           5|           4|
    |sub_ln33_1_fu_331_p2                   |         -|   0|  0|   12|           4|           5|
    |sub_ln33_2_fu_382_p2                   |         -|   0|  0|   21|           1|          14|
    |sub_ln33_3_fu_453_p2                   |         -|   0|  0|   12|           4|           5|
    |sub_ln33_4_fu_504_p2                   |         -|   0|  0|   21|           1|          14|
    |sub_ln33_5_fu_575_p2                   |         -|   0|  0|   12|           4|           5|
    |sub_ln33_6_fu_626_p2                   |         -|   0|  0|   21|           1|          14|
    |sub_ln33_7_fu_697_p2                   |         -|   0|  0|   12|           4|           5|
    |sub_ln33_8_fu_748_p2                   |         -|   0|  0|   21|           1|          14|
    |sub_ln33_9_fu_819_p2                   |         -|   0|  0|   12|           4|           5|
    |sub_ln33_fu_225_p2                     |         -|   0|  0|   21|           1|          14|
    |pi_assign_1_fu_476_p5                  |      1003|   0|  0|    2|          64|           9|
    |pi_assign_2_fu_598_p5                  |      1003|   0|  0|    2|          64|           9|
    |pi_assign_3_fu_720_p5                  |      1003|   0|  0|    2|          64|           9|
    |pi_assign_4_fu_842_p5                  |      1003|   0|  0|    2|          64|           9|
    |pi_assign_fu_354_p5                    |      1003|   0|  0|    2|          64|           9|
    |ap_block_pp0_stage0_11001              |       and|   0|  0|    2|           1|           1|
    |ap_block_pp0_stage1_11001_grp1         |       and|   0|  0|    2|           1|           1|
    |ap_block_pp0_stage1_11001_grp5         |       and|   0|  0|    2|           1|           1|
    |ap_block_pp0_stage3_11001_grp2         |       and|   0|  0|    2|           1|           1|
    |ap_block_pp0_stage4_11001_grp3         |       and|   0|  0|    2|           1|           1|
    |ap_block_state2_pp0_stage1_iter0_grp1  |       and|   0|  0|    2|           1|           1|
    |ap_block_state4_io_grp2                |       and|   0|  0|    2|           1|           1|
    |icmp_ln29_fu_152_p2                    |      icmp|   0|  0|   39|          32|          32|
    |icmp_ln33_1_fu_377_p2                  |      icmp|   0|  0|   21|          14|           1|
    |icmp_ln33_2_fu_499_p2                  |      icmp|   0|  0|   21|          14|           1|
    |icmp_ln33_3_fu_621_p2                  |      icmp|   0|  0|   21|          14|           1|
    |icmp_ln33_4_fu_743_p2                  |      icmp|   0|  0|   21|          14|           1|
    |icmp_ln33_fu_211_p2                    |      icmp|   0|  0|   21|          14|           1|
    |ap_block_pp0_stage1_subdone            |        or|   0|  0|    2|           1|           1|
    |empty_57_fu_492_p3                     |    select|   0|  0|   32|           1|           1|
    |empty_58_fu_614_p3                     |    select|   0|  0|   32|           1|           1|
    |empty_59_fu_736_p3                     |    select|   0|  0|   32|           1|           1|
    |empty_60_fu_858_p3                     |    select|   0|  0|   32|           1|           1|
    |empty_fu_370_p3                        |    select|   0|  0|   32|           1|           1|
    |select_ln33_1_fu_323_p3                |    select|   0|  0|    7|           1|           7|
    |select_ln33_2_fu_387_p3                |    select|   0|  0|   14|           1|          14|
    |select_ln33_3_fu_445_p3                |    select|   0|  0|    7|           1|           7|
    |select_ln33_4_fu_509_p3                |    select|   0|  0|   14|           1|          14|
    |select_ln33_5_fu_567_p3                |    select|   0|  0|    7|           1|           7|
    |select_ln33_6_fu_631_p3                |    select|   0|  0|   14|           1|          14|
    |select_ln33_7_fu_689_p3                |    select|   0|  0|    7|           1|           7|
    |select_ln33_8_fu_753_p3                |    select|   0|  0|   14|           1|          14|
    |select_ln33_9_fu_811_p3                |    select|   0|  0|    7|           1|           7|
    |select_ln33_fu_231_p3                  |    select|   0|  0|   14|           1|          14|
    |shl_ln33_1_fu_417_p2                   |       shl|   0|  0|  125|          38|          38|
    |shl_ln33_2_fu_539_p2                   |       shl|   0|  0|  125|          38|          38|
    |shl_ln33_3_fu_661_p2                   |       shl|   0|  0|  125|          38|          38|
    |shl_ln33_4_fu_783_p2                   |       shl|   0|  0|  125|          38|          38|
    |shl_ln33_fu_295_p2                     |       shl|   0|  0|  125|          38|          38|
    |ap_enable_pp0                          |       xor|   0|  0|    2|           1|           2|
    +---------------------------------------+----------+----+---+-----+------------+------------+
    |Total                                  |          |   0|  0| 1400|         757|         548|
    +---------------------------------------+----------+----+---+-----+------------+------------+

    * Multiplexer: 
    +-------------------------------+----+-----------+-----+-----------+
    |              Name             | LUT| Input Size| Bits| Total Bits|
    +-------------------------------+----+-----------+-----+-----------+
    |ap_NS_fsm                      |  31|          6|    1|          6|
    |ap_done_int                    |   9|          2|    1|          2|
    |ap_enable_reg_pp0_iter0        |   9|          2|    1|          2|
    |ap_enable_reg_pp0_iter0_reg    |   9|          2|    1|          2|
    |ap_enable_reg_pp0_iter1        |   9|          2|    1|          2|
    |ap_sig_allocacmp_q_load        |   9|          2|   31|         62|
    |gmem_out0_blk_n_W              |   9|          2|    1|          2|
    |m_axi_gmem_out0_0_WDATA        |  31|          6|   32|        192|
    |q_fu_106                       |   9|          2|   31|         62|
    |stream_out0_layer12_out_blk_n  |   9|          2|    1|          2|
    +-------------------------------+----+-----------+-----+-----------+
    |Total                          | 134|         28|  101|        334|
    +-------------------------------+----+-----------+-----+-----------+

    * Register: 
    +-------------------------------------------+----+----+-----+-----------+
    |                    Name                   | FF | LUT| Bits| Const Bits|
    +-------------------------------------------+----+----+-----+-----------+
    |ap_CS_fsm                                  |   5|   0|    5|          0|
    |ap_block_pp0_stage0_subdone_grp0_done_reg  |   1|   0|    1|          0|
    |ap_block_pp0_stage1_subdone_grp0_done_reg  |   1|   0|    1|          0|
    |ap_block_pp0_stage1_subdone_grp1_done_reg  |   1|   0|    1|          0|
    |ap_block_pp0_stage1_subdone_grp5_done_reg  |   1|   0|    1|          0|
    |ap_block_pp0_stage2_subdone_grp0_done_reg  |   1|   0|    1|          0|
    |ap_block_pp0_stage3_subdone_grp0_done_reg  |   1|   0|    1|          0|
    |ap_block_pp0_stage4_subdone_grp0_done_reg  |   1|   0|    1|          0|
    |ap_done_reg                                |   1|   0|    1|          0|
    |ap_enable_reg_pp0_iter0_reg                |   1|   0|    1|          0|
    |ap_enable_reg_pp0_iter1                    |   1|   0|    1|          0|
    |empty_57_reg_965                           |  32|   0|   32|          0|
    |empty_58_reg_981                           |  32|   0|   32|          0|
    |empty_59_reg_997                           |  32|   0|   32|          0|
    |empty_60_reg_1013                          |  32|   0|   32|          0|
    |empty_reg_949                              |  32|   0|   32|          0|
    |icmp_ln29_reg_872                          |   1|   0|    1|          0|
    |icmp_ln33_1_reg_954                        |   1|   0|    1|          0|
    |icmp_ln33_2_reg_970                        |   1|   0|    1|          0|
    |icmp_ln33_3_reg_986                        |   1|   0|    1|          0|
    |icmp_ln33_4_reg_1002                       |   1|   0|    1|          0|
    |icmp_ln33_reg_909                          |   1|   0|    1|          0|
    |q_fu_106                                   |  31|   0|   31|          0|
    |select_ln33_2_reg_959                      |  14|   0|   14|          0|
    |select_ln33_4_reg_975                      |  14|   0|   14|          0|
    |select_ln33_6_reg_991                      |  14|   0|   14|          0|
    |select_ln33_8_reg_1007                     |  14|   0|   14|          0|
    |select_ln33_reg_919                        |  14|   0|   14|          0|
    |tmp_11_reg_937                             |   1|   0|    1|          0|
    |tmp_13_reg_943                             |   1|   0|    1|          0|
    |tmp_1_reg_881                              |  14|   0|   14|          0|
    |tmp_2_reg_888                              |  14|   0|   14|          0|
    |tmp_3_reg_895                              |  14|   0|   14|          0|
    |tmp_4_reg_902                              |  14|   0|   14|          0|
    |tmp_5_reg_914                              |   1|   0|    1|          0|
    |tmp_7_reg_925                              |   1|   0|    1|          0|
    |tmp_9_reg_931                              |   1|   0|    1|          0|
    +-------------------------------------------+----+----+-----+-----------+
    |Total                                      | 343|   0|  343|          0|
    +-------------------------------------------+----+----+-----+-----------+



================================================================
== Interface
================================================================
* Summary: 
+----------------------------------------+-----+-----+------------+-----------------------------------------------------------------+--------------+
|                RTL Ports               | Dir | Bits|  Protocol  |                          Source Object                          |    C Type    |
+----------------------------------------+-----+-----+------------+-----------------------------------------------------------------+--------------+
|ap_clk                                  |   in|    1|  ap_ctrl_hs|  store_result<float,array<ap_fixed,5u>>_Pipeline_VITIS_LOOP_29_1|  return value|
|ap_rst                                  |   in|    1|  ap_ctrl_hs|  store_result<float,array<ap_fixed,5u>>_Pipeline_VITIS_LOOP_29_1|  return value|
|ap_start                                |   in|    1|  ap_ctrl_hs|  store_result<float,array<ap_fixed,5u>>_Pipeline_VITIS_LOOP_29_1|  return value|
|ap_done                                 |  out|    1|  ap_ctrl_hs|  store_result<float,array<ap_fixed,5u>>_Pipeline_VITIS_LOOP_29_1|  return value|
|ap_idle                                 |  out|    1|  ap_ctrl_hs|  store_result<float,array<ap_fixed,5u>>_Pipeline_VITIS_LOOP_29_1|  return value|
|ap_ready                                |  out|    1|  ap_ctrl_hs|  store_result<float,array<ap_fixed,5u>>_Pipeline_VITIS_LOOP_29_1|  return value|
|m_axi_gmem_out0_0_AWVALID               |  out|    1|       m_axi|                                                        gmem_out0|       pointer|
|m_axi_gmem_out0_0_AWREADY               |   in|    1|       m_axi|                                                        gmem_out0|       pointer|
|m_axi_gmem_out0_0_AWADDR                |  out|   64|       m_axi|                                                        gmem_out0|       pointer|
|m_axi_gmem_out0_0_AWID                  |  out|    1|       m_axi|                                                        gmem_out0|       pointer|
|m_axi_gmem_out0_0_AWLEN                 |  out|   32|       m_axi|                                                        gmem_out0|       pointer|
|m_axi_gmem_out0_0_AWSIZE                |  out|    3|       m_axi|                                                        gmem_out0|       pointer|
|m_axi_gmem_out0_0_AWBURST               |  out|    2|       m_axi|                                                        gmem_out0|       pointer|
|m_axi_gmem_out0_0_AWLOCK                |  out|    2|       m_axi|                                                        gmem_out0|       pointer|
|m_axi_gmem_out0_0_AWCACHE               |  out|    4|       m_axi|                                                        gmem_out0|       pointer|
|m_axi_gmem_out0_0_AWPROT                |  out|    3|       m_axi|                                                        gmem_out0|       pointer|
|m_axi_gmem_out0_0_AWQOS                 |  out|    4|       m_axi|                                                        gmem_out0|       pointer|
|m_axi_gmem_out0_0_AWREGION              |  out|    4|       m_axi|                                                        gmem_out0|       pointer|
|m_axi_gmem_out0_0_AWUSER                |  out|    1|       m_axi|                                                        gmem_out0|       pointer|
|m_axi_gmem_out0_0_WVALID                |  out|    1|       m_axi|                                                        gmem_out0|       pointer|
|m_axi_gmem_out0_0_WREADY                |   in|    1|       m_axi|                                                        gmem_out0|       pointer|
|m_axi_gmem_out0_0_WDATA                 |  out|   32|       m_axi|                                                        gmem_out0|       pointer|
|m_axi_gmem_out0_0_WSTRB                 |  out|    4|       m_axi|                                                        gmem_out0|       pointer|
|m_axi_gmem_out0_0_WLAST                 |  out|    1|       m_axi|                                                        gmem_out0|       pointer|
|m_axi_gmem_out0_0_WID                   |  out|    1|       m_axi|                                                        gmem_out0|       pointer|
|m_axi_gmem_out0_0_WUSER                 |  out|    1|       m_axi|                                                        gmem_out0|       pointer|
|m_axi_gmem_out0_0_ARVALID               |  out|    1|       m_axi|                                                        gmem_out0|       pointer|
|m_axi_gmem_out0_0_ARREADY               |   in|    1|       m_axi|                                                        gmem_out0|       pointer|
|m_axi_gmem_out0_0_ARADDR                |  out|   64|       m_axi|                                                        gmem_out0|       pointer|
|m_axi_gmem_out0_0_ARID                  |  out|    1|       m_axi|                                                        gmem_out0|       pointer|
|m_axi_gmem_out0_0_ARLEN                 |  out|   32|       m_axi|                                                        gmem_out0|       pointer|
|m_axi_gmem_out0_0_ARSIZE                |  out|    3|       m_axi|                                                        gmem_out0|       pointer|
|m_axi_gmem_out0_0_ARBURST               |  out|    2|       m_axi|                                                        gmem_out0|       pointer|
|m_axi_gmem_out0_0_ARLOCK                |  out|    2|       m_axi|                                                        gmem_out0|       pointer|
|m_axi_gmem_out0_0_ARCACHE               |  out|    4|       m_axi|                                                        gmem_out0|       pointer|
|m_axi_gmem_out0_0_ARPROT                |  out|    3|       m_axi|                                                        gmem_out0|       pointer|
|m_axi_gmem_out0_0_ARQOS                 |  out|    4|       m_axi|                                                        gmem_out0|       pointer|
|m_axi_gmem_out0_0_ARREGION              |  out|    4|       m_axi|                                                        gmem_out0|       pointer|
|m_axi_gmem_out0_0_ARUSER                |  out|    1|       m_axi|                                                        gmem_out0|       pointer|
|m_axi_gmem_out0_0_RVALID                |   in|    1|       m_axi|                                                        gmem_out0|       pointer|
|m_axi_gmem_out0_0_RREADY                |  out|    1|       m_axi|                                                        gmem_out0|       pointer|
|m_axi_gmem_out0_0_RDATA                 |   in|   32|       m_axi|                                                        gmem_out0|       pointer|
|m_axi_gmem_out0_0_RLAST                 |   in|    1|       m_axi|                                                        gmem_out0|       pointer|
|m_axi_gmem_out0_0_RID                   |   in|    1|       m_axi|                                                        gmem_out0|       pointer|
|m_axi_gmem_out0_0_RFIFONUM              |   in|    9|       m_axi|                                                        gmem_out0|       pointer|
|m_axi_gmem_out0_0_RUSER                 |   in|    1|       m_axi|                                                        gmem_out0|       pointer|
|m_axi_gmem_out0_0_RRESP                 |   in|    2|       m_axi|                                                        gmem_out0|       pointer|
|m_axi_gmem_out0_0_BVALID                |   in|    1|       m_axi|                                                        gmem_out0|       pointer|
|m_axi_gmem_out0_0_BREADY                |  out|    1|       m_axi|                                                        gmem_out0|       pointer|
|m_axi_gmem_out0_0_BRESP                 |   in|    2|       m_axi|                                                        gmem_out0|       pointer|
|m_axi_gmem_out0_0_BID                   |   in|    1|       m_axi|                                                        gmem_out0|       pointer|
|m_axi_gmem_out0_0_BUSER                 |   in|    1|       m_axi|                                                        gmem_out0|       pointer|
|stream_out0_layer12_out_dout            |   in|   80|     ap_fifo|                                          stream_out0_layer12_out|       pointer|
|stream_out0_layer12_out_empty_n         |   in|    1|     ap_fifo|                                          stream_out0_layer12_out|       pointer|
|stream_out0_layer12_out_read            |  out|    1|     ap_fifo|                                          stream_out0_layer12_out|       pointer|
|stream_out0_layer12_out_num_data_valid  |   in|    8|     ap_fifo|                                          stream_out0_layer12_out|       pointer|
|stream_out0_layer12_out_fifo_cap        |   in|    8|     ap_fifo|                                          stream_out0_layer12_out|       pointer|
|batch_size_1                            |   in|   32|     ap_none|                                                     batch_size_1|        scalar|
|sext_ln29                               |   in|   62|     ap_none|                                                        sext_ln29|        scalar|
+----------------------------------------+-----+-----+------------+-----------------------------------------------------------------+--------------+

============================================================
+ Verbose Summary: Synthesis Manager
============================================================
InlineROM: 1
ExposeGlobal: 0
============================================================
+ Verbose Summary: CDFG Model
============================================================
IsTopModel: 0
ResetActiveHigh: 1
IsCombinational: 2
IsDatapathOnly: 2
HasWiredReturn: 1
HasMFsm: 2
HasVarLatency: 1
IsPipeline: 0
IsRtlPipelined: 0
IsInstanceOverlapped: 0
IsDontTouch: 0
HasImplIP: 0
IsGatedGlobalClock: 0

+ Individual pipeline summary: 
  * Pipeline-0: initiation interval (II) = 5, depth = 8


============================================================
+ Verbose Summary: Schedule
============================================================
* Number of FSM states : 8
* Pipeline : 1
  Pipeline-0 : II = 5, D = 8, States = { 1 2 3 4 5 6 7 8 }
* Dataflow Pipeline: 0

* FSM state transitions: 
1 --> 2 
2 --> 3 
3 --> 4 
4 --> 5 
5 --> 6 
6 --> 7 
7 --> 8 
8 --> 

* FSM state operations: 

State 1 <SV = 0> <Delay = 1.87>
ST_1 : Operation 11 [1/1] (0.00ns)   --->   "%q = alloca i32 1"   --->   Operation 11 'alloca' 'q' <Predicate = true> <Delay = 0.00>
ST_1 : Operation 12 [1/1] (0.00ns)   --->   "%sext_ln29_read = read i62 @_ssdm_op_Read.ap_auto.i62, i62 %sext_ln29"   --->   Operation 12 'read' 'sext_ln29_read' <Predicate = true> <Delay = 0.00>
ST_1 : Operation 13 [1/1] (0.00ns)   --->   "%batch_size_1_read = read i32 @_ssdm_op_Read.ap_auto.i32, i32 %batch_size_1"   --->   Operation 13 'read' 'batch_size_1_read' <Predicate = true> <Delay = 0.00>
ST_1 : Operation 14 [1/1] (0.00ns)   --->   "%sext_ln29_cast = sext i62 %sext_ln29_read"   --->   Operation 14 'sext' 'sext_ln29_cast' <Predicate = true> <Delay = 0.00>
ST_1 : Operation 15 [1/1] (0.00ns)   --->   "%specinterface_ln0 = specinterface void @_ssdm_op_SpecInterface, i32 %gmem_out0, void @empty_15, i32 0, i32 0, void @empty_14, i32 0, i32 5, void @empty_11, void @empty_12, void @empty_14, i32 16, i32 16, i32 16, i32 16, void @empty_14, void @empty_14, i32 4294967295, i32 0, i32 0, i32 4"   --->   Operation 15 'specinterface' 'specinterface_ln0' <Predicate = true> <Delay = 0.00>
ST_1 : Operation 16 [1/1] (0.00ns)   --->   "%specinterface_ln0 = specinterface void @_ssdm_op_SpecInterface, i80 %stream_out0_layer12_out, void @empty_9, i32 0, i32 0, void @empty_14, i32 0, i32 0, void @empty_14, void @empty_14, void @empty_14, i32 0, i32 0, i32 0, i32 0, void @empty_14, void @empty_14, i32 4294967295, i32 0, i32 0, i32 0"   --->   Operation 16 'specinterface' 'specinterface_ln0' <Predicate = true> <Delay = 0.00>
ST_1 : Operation 17 [1/1] (0.42ns)   --->   "%store_ln0 = store i31 0, i31 %q"   --->   Operation 17 'store' 'store_ln0' <Predicate = true> <Delay = 0.42>
ST_1 : Operation 18 [1/1] (0.00ns)   --->   "%br_ln29 = br void %VITIS_LOOP_30_2.i" [firmware/myproject_axi_master.cpp:29]   --->   Operation 18 'br' 'br_ln29' <Predicate = true> <Delay = 0.00>
ST_1 : Operation 19 [1/1] (0.00ns)   --->   "%q_load = load i31 %q" [firmware/myproject_axi_master.cpp:29]   --->   Operation 19 'load' 'q_load' <Predicate = true> <Delay = 0.00>
ST_1 : Operation 20 [1/1] (0.00ns)   --->   "%zext_ln29 = zext i31 %q_load" [firmware/myproject_axi_master.cpp:29]   --->   Operation 20 'zext' 'zext_ln29' <Predicate = true> <Delay = 0.00>
ST_1 : Operation 21 [1/1] (1.01ns)   --->   "%icmp_ln29 = icmp_slt  i32 %zext_ln29, i32 %batch_size_1_read" [firmware/myproject_axi_master.cpp:29]   --->   Operation 21 'icmp' 'icmp_ln29' <Predicate = true> <Delay = 1.01> <CoreInst = "Cmp">   --->   Core 9 'Cmp' <Latency = 0> <II = 1> <Delay = 1.01> <FuncUnit> <Opcode : 'seteq' 'setne' 'setle' 'setge' 'setlt' 'setgt'> <InPorts = 2> <OutPorts = 1>
ST_1 : Operation 22 [1/1] (0.00ns)   --->   "%br_ln29 = br i1 %icmp_ln29, void %store_result<float, array<ap_fixed<14, 8, 5, 3, 0>, 5u> >.exit.exitStub, void %VITIS_LOOP_30_2.split.i_ifconv" [firmware/myproject_axi_master.cpp:29]   --->   Operation 22 'br' 'br_ln29' <Predicate = true> <Delay = 0.00>
ST_1 : Operation 23 [1/1] (0.00ns)   --->   "%gmem_out0_addr = getelementptr i32 %gmem_out0, i64 %sext_ln29_cast" [firmware/myproject_axi_master.cpp:29]   --->   Operation 23 'getelementptr' 'gmem_out0_addr' <Predicate = (icmp_ln29)> <Delay = 0.00>
ST_1 : Operation 24 [1/1] (1.00ns)   --->   "%add_ln29 = add i31 %q_load, i31 1" [firmware/myproject_axi_master.cpp:29]   --->   Operation 24 'add' 'add_ln29' <Predicate = (icmp_ln29)> <Delay = 1.00> <CoreInst = "Adder">   --->   Core 1 'Adder' <Latency = 0> <II = 1> <Delay = 1.00> <FuncUnit> <Opcode : 'add' 'sub'> <InPorts = 2> <OutPorts = 1>
ST_1 : Operation 25 [1/1] (0.42ns)   --->   "%store_ln29 = store i31 %add_ln29, i31 %q" [firmware/myproject_axi_master.cpp:29]   --->   Operation 25 'store' 'store_ln29' <Predicate = (icmp_ln29)> <Delay = 0.42>

State 2 <SV = 1> <Delay = 2.71>
ST_2 : Operation 26 [1/1] ( I:1.64ns O:1.64ns )   --->   "%stream_out0_layer12_out_read = read i80 @_ssdm_op_Read.ap_fifo.volatile.i80P0A, i80 %stream_out0_layer12_out" [firmware/myproject_axi_master.cpp:31]   --->   Operation 26 'read' 'stream_out0_layer12_out_read' <Predicate = (icmp_ln29)> <Delay = 1.64> <CoreInst = "FIFO">   --->   Core 77 'FIFO' <Latency = 0> <II = 1> <Delay = 1.64> <Storage> <Opcode : 'read' 'write' 'nbread' 'nbwrite'> <Ports = 0> <Width = 80> <Depth = 128> <FIFO>
ST_2 : Operation 27 [1/1] (0.00ns)   --->   "%tmp = trunc i80 %stream_out0_layer12_out_read" [firmware/myproject_axi_master.cpp:31]   --->   Operation 27 'trunc' 'tmp' <Predicate = (icmp_ln29)> <Delay = 0.00>
ST_2 : Operation 28 [1/1] (0.00ns)   --->   "%tmp_1 = partselect i14 @_ssdm_op_PartSelect.i14.i80.i80, i80 %stream_out0_layer12_out_read, i80 16" [firmware/myproject_axi_master.cpp:31]   --->   Operation 28 'partselect' 'tmp_1' <Predicate = (icmp_ln29)> <Delay = 0.00>
ST_2 : Operation 29 [1/1] (0.00ns)   --->   "%tmp_2 = partselect i14 @_ssdm_op_PartSelect.i14.i80.i80, i80 %stream_out0_layer12_out_read, i80 32" [firmware/myproject_axi_master.cpp:31]   --->   Operation 29 'partselect' 'tmp_2' <Predicate = (icmp_ln29)> <Delay = 0.00>
ST_2 : Operation 30 [1/1] (0.00ns)   --->   "%tmp_3 = partselect i14 @_ssdm_op_PartSelect.i14.i80.i80, i80 %stream_out0_layer12_out_read, i80 48" [firmware/myproject_axi_master.cpp:31]   --->   Operation 30 'partselect' 'tmp_3' <Predicate = (icmp_ln29)> <Delay = 0.00>
ST_2 : Operation 31 [1/1] (0.00ns)   --->   "%tmp_4 = partselect i14 @_ssdm_op_PartSelect.i14.i80.i80, i80 %stream_out0_layer12_out_read, i80 64" [firmware/myproject_axi_master.cpp:31]   --->   Operation 31 'partselect' 'tmp_4' <Predicate = (icmp_ln29)> <Delay = 0.00>
ST_2 : Operation 32 [1/1] (0.83ns)   --->   "%icmp_ln33 = icmp_eq  i14 %tmp, i14 0" [firmware/myproject_axi_master.cpp:33]   --->   Operation 32 'icmp' 'icmp_ln33' <Predicate = (icmp_ln29)> <Delay = 0.83> <CoreInst = "Cmp">   --->   Core 9 'Cmp' <Latency = 0> <II = 1> <Delay = 0.83> <FuncUnit> <Opcode : 'seteq' 'setne' 'setle' 'setge' 'setlt' 'setgt'> <InPorts = 2> <OutPorts = 1>
ST_2 : Operation 33 [1/1] (0.00ns)   --->   "%tmp_5 = bitselect i1 @_ssdm_op_BitSelect.i1.i80.i32, i80 %stream_out0_layer12_out_read, i32 13" [firmware/myproject_axi_master.cpp:33]   --->   Operation 33 'bitselect' 'tmp_5' <Predicate = (icmp_ln29)> <Delay = 0.00>
ST_2 : Operation 34 [1/1] (0.83ns)   --->   "%sub_ln33 = sub i14 0, i14 %tmp" [firmware/myproject_axi_master.cpp:33]   --->   Operation 34 'sub' 'sub_ln33' <Predicate = (icmp_ln29)> <Delay = 0.83> <CoreInst = "Adder">   --->   Core 1 'Adder' <Latency = 0> <II = 1> <Delay = 0.83> <FuncUnit> <Opcode : 'add' 'sub'> <InPorts = 2> <OutPorts = 1>
ST_2 : Operation 35 [1/1] (0.23ns)   --->   "%select_ln33 = select i1 %tmp_5, i14 %sub_ln33, i14 %tmp" [firmware/myproject_axi_master.cpp:33]   --->   Operation 35 'select' 'select_ln33' <Predicate = (icmp_ln29)> <Delay = 0.23> <CoreInst = "Sel">   --->   Core 73 'Sel' <Latency = 0> <II = 1> <Delay = 0.23> <FuncUnit> <Opcode : 'select'> <InPorts = 3> <OutPorts = 1>
ST_2 : Operation 36 [1/1] (0.00ns)   --->   "%tmp_7 = bitselect i1 @_ssdm_op_BitSelect.i1.i80.i80, i80 %stream_out0_layer12_out_read, i80 29" [firmware/myproject_axi_master.cpp:33]   --->   Operation 36 'bitselect' 'tmp_7' <Predicate = (icmp_ln29)> <Delay = 0.00>
ST_2 : Operation 37 [1/1] (0.00ns)   --->   "%tmp_9 = bitselect i1 @_ssdm_op_BitSelect.i1.i80.i80, i80 %stream_out0_layer12_out_read, i80 45" [firmware/myproject_axi_master.cpp:33]   --->   Operation 37 'bitselect' 'tmp_9' <Predicate = (icmp_ln29)> <Delay = 0.00>
ST_2 : Operation 38 [1/1] (0.00ns)   --->   "%tmp_11 = bitselect i1 @_ssdm_op_BitSelect.i1.i80.i80, i80 %stream_out0_layer12_out_read, i80 61" [firmware/myproject_axi_master.cpp:33]   --->   Operation 38 'bitselect' 'tmp_11' <Predicate = (icmp_ln29)> <Delay = 0.00>
ST_2 : Operation 39 [1/1] (0.00ns)   --->   "%tmp_13 = bitselect i1 @_ssdm_op_BitSelect.i1.i80.i80, i80 %stream_out0_layer12_out_read, i80 77" [firmware/myproject_axi_master.cpp:33]   --->   Operation 39 'bitselect' 'tmp_13' <Predicate = (icmp_ln29)> <Delay = 0.00>

State 3 <SV = 2> <Delay = 3.54>
ST_3 : Operation 40 [1/1] (0.43ns)   --->   "%tmp_6_i = ctlz i14 @llvm.ctlz.i14, i14 %select_ln33, i1 0" [firmware/myproject_axi_master.cpp:33]   --->   Operation 40 'ctlz' 'tmp_6_i' <Predicate = (icmp_ln29 & !icmp_ln33)> <Delay = 0.43> <CoreInst = "ctlz">   --->   Core 145 'ctlz' <Latency = 0> <II = 1> <Delay = 0.43> <FuncUnit> <Opcode : 'ctlz'> <InPorts = 1> <OutPorts = 1>
ST_3 : Operation 41 [1/1] (0.00ns)   --->   "%trunc_ln33 = trunc i14 %tmp_6_i" [firmware/myproject_axi_master.cpp:33]   --->   Operation 41 'trunc' 'trunc_ln33' <Predicate = (icmp_ln29 & !icmp_ln33)> <Delay = 0.00>
ST_3 : Operation 42 [1/1] (0.00ns)   --->   "%zext_ln33 = zext i14 %select_ln33" [firmware/myproject_axi_master.cpp:33]   --->   Operation 42 'zext' 'zext_ln33' <Predicate = (icmp_ln29 & !icmp_ln33)> <Delay = 0.00>
ST_3 : Operation 43 [1/1] (0.78ns)   --->   "%add_ln33 = add i5 %trunc_ln33, i5 11" [firmware/myproject_axi_master.cpp:33]   --->   Operation 43 'add' 'add_ln33' <Predicate = (icmp_ln29 & !icmp_ln33)> <Delay = 0.78> <CoreInst = "Adder">   --->   Core 1 'Adder' <Latency = 0> <II = 1> <Delay = 0.78> <FuncUnit> <Opcode : 'add' 'sub'> <InPorts = 2> <OutPorts = 1>
ST_3 : Operation 44 [1/1] (0.00ns)   --->   "%zext_ln33_1 = zext i5 %add_ln33" [firmware/myproject_axi_master.cpp:33]   --->   Operation 44 'zext' 'zext_ln33_1' <Predicate = (icmp_ln29 & !icmp_ln33)> <Delay = 0.00>
ST_3 : Operation 45 [1/1] (1.10ns)   --->   "%shl_ln33 = shl i38 %zext_ln33, i38 %zext_ln33_1" [firmware/myproject_axi_master.cpp:33]   --->   Operation 45 'shl' 'shl_ln33' <Predicate = (icmp_ln29 & !icmp_ln33)> <Delay = 1.10> <CoreInst = "Shifter">   --->   Core 75 'Shifter' <Latency = 0> <II = 1> <Delay = 1.46> <FuncUnit> <Opcode : 'shl' 'lshr' 'ashr'> <InPorts = 2> <OutPorts = 1>
ST_3 : Operation 46 [1/1] (0.00ns)   --->   "%lshr_ln = partselect i37 @_ssdm_op_PartSelect.i37.i38.i32.i32, i38 %shl_ln33, i32 1, i32 37" [firmware/myproject_axi_master.cpp:33]   --->   Operation 46 'partselect' 'lshr_ln' <Predicate = (icmp_ln29 & !icmp_ln33)> <Delay = 0.00>
ST_3 : Operation 47 [1/1] (0.00ns)   --->   "%zext_ln33_2 = zext i37 %lshr_ln" [firmware/myproject_axi_master.cpp:33]   --->   Operation 47 'zext' 'zext_ln33_2' <Predicate = (icmp_ln29 & !icmp_ln33)> <Delay = 0.00>
ST_3 : Operation 48 [1/1] (0.00ns) (grouped into LUT with out node add_ln33_1)   --->   "%tmp_6 = bitselect i1 @_ssdm_op_BitSelect.i1.i38.i32, i38 %shl_ln33, i32 25" [firmware/myproject_axi_master.cpp:33]   --->   Operation 48 'bitselect' 'tmp_6' <Predicate = (icmp_ln29 & !icmp_ln33)> <Delay = 0.00>
ST_3 : Operation 49 [1/1] (0.00ns) (grouped into LUT with out node add_ln33_1)   --->   "%select_ln33_1 = select i1 %tmp_6, i8 127, i8 126" [firmware/myproject_axi_master.cpp:33]   --->   Operation 49 'select' 'select_ln33_1' <Predicate = (icmp_ln29 & !icmp_ln33)> <Delay = 0.00> <CoreInst = "Sel">   --->   Core 73 'Sel' <Latency = 0> <II = 1> <Delay = 0.36> <FuncUnit> <Opcode : 'select'> <InPorts = 3> <OutPorts = 1>
ST_3 : Operation 50 [1/1] (0.78ns)   --->   "%sub_ln33_1 = sub i5 8, i5 %trunc_ln33" [firmware/myproject_axi_master.cpp:33]   --->   Operation 50 'sub' 'sub_ln33_1' <Predicate = (icmp_ln29 & !icmp_ln33)> <Delay = 0.78> <CoreInst = "Adder">   --->   Core 1 'Adder' <Latency = 0> <II = 1> <Delay = 0.78> <FuncUnit> <Opcode : 'add' 'sub'> <InPorts = 2> <OutPorts = 1>
ST_3 : Operation 51 [1/1] (0.00ns) (grouped into LUT with out node add_ln33_1)   --->   "%sext_ln33 = sext i5 %sub_ln33_1" [firmware/myproject_axi_master.cpp:33]   --->   Operation 51 'sext' 'sext_ln33' <Predicate = (icmp_ln29 & !icmp_ln33)> <Delay = 0.00>
ST_3 : Operation 52 [1/1] (0.76ns) (out node of the LUT)   --->   "%add_ln33_1 = add i8 %select_ln33_1, i8 %sext_ln33" [firmware/myproject_axi_master.cpp:33]   --->   Operation 52 'add' 'add_ln33_1' <Predicate = (icmp_ln29 & !icmp_ln33)> <Delay = 0.76> <CoreInst = "Adder">   --->   Core 1 'Adder' <Latency = 0> <II = 1> <Delay = 0.76> <FuncUnit> <Opcode : 'add' 'sub'> <InPorts = 2> <OutPorts = 1>
ST_3 : Operation 53 [1/1] (0.00ns)   --->   "%tmp_7_i = bitconcatenate i9 @_ssdm_op_BitConcatenate.i9.i1.i8, i1 %tmp_5, i8 %add_ln33_1" [firmware/myproject_axi_master.cpp:33]   --->   Operation 53 'bitconcatenate' 'tmp_7_i' <Predicate = (icmp_ln29 & !icmp_ln33)> <Delay = 0.00>
ST_3 : Operation 54 [1/1] (0.00ns)   --->   "%pi_assign = partset i64 @_ssdm_op_PartSet.i64.i64.i9.i32.i32, i64 %zext_ln33_2, i9 %tmp_7_i, i32 23, i32 31" [firmware/myproject_axi_master.cpp:33]   --->   Operation 54 'partset' 'pi_assign' <Predicate = (icmp_ln29 & !icmp_ln33)> <Delay = 0.00>
ST_3 : Operation 55 [1/1] (0.00ns)   --->   "%LD = trunc i64 %pi_assign" [firmware/myproject_axi_master.cpp:33]   --->   Operation 55 'trunc' 'LD' <Predicate = (icmp_ln29 & !icmp_ln33)> <Delay = 0.00>
ST_3 : Operation 56 [1/1] (0.44ns)   --->   "%empty = select i1 %icmp_ln33, i32 0, i32 %LD" [firmware/myproject_axi_master.cpp:33]   --->   Operation 56 'select' 'empty' <Predicate = (icmp_ln29)> <Delay = 0.44> <CoreInst = "Sel">   --->   Core 73 'Sel' <Latency = 0> <II = 1> <Delay = 0.44> <FuncUnit> <Opcode : 'select'> <InPorts = 3> <OutPorts = 1>
ST_3 : Operation 57 [1/1] (0.83ns)   --->   "%icmp_ln33_1 = icmp_eq  i14 %tmp_1, i14 0" [firmware/myproject_axi_master.cpp:33]   --->   Operation 57 'icmp' 'icmp_ln33_1' <Predicate = (icmp_ln29)> <Delay = 0.83> <CoreInst = "Cmp">   --->   Core 9 'Cmp' <Latency = 0> <II = 1> <Delay = 0.83> <FuncUnit> <Opcode : 'seteq' 'setne' 'setle' 'setge' 'setlt' 'setgt'> <InPorts = 2> <OutPorts = 1>
ST_3 : Operation 58 [1/1] (0.83ns)   --->   "%sub_ln33_2 = sub i14 0, i14 %tmp_1" [firmware/myproject_axi_master.cpp:33]   --->   Operation 58 'sub' 'sub_ln33_2' <Predicate = (icmp_ln29 & tmp_7)> <Delay = 0.83> <CoreInst = "Adder">   --->   Core 1 'Adder' <Latency = 0> <II = 1> <Delay = 0.83> <FuncUnit> <Opcode : 'add' 'sub'> <InPorts = 2> <OutPorts = 1>
ST_3 : Operation 59 [1/1] (0.23ns)   --->   "%select_ln33_2 = select i1 %tmp_7, i14 %sub_ln33_2, i14 %tmp_1" [firmware/myproject_axi_master.cpp:33]   --->   Operation 59 'select' 'select_ln33_2' <Predicate = (icmp_ln29)> <Delay = 0.23> <CoreInst = "Sel">   --->   Core 73 'Sel' <Latency = 0> <II = 1> <Delay = 0.23> <FuncUnit> <Opcode : 'select'> <InPorts = 3> <OutPorts = 1>
ST_3 : Operation 145 [1/1] (0.42ns)   --->   "%ret_ln0 = ret"   --->   Operation 145 'ret' 'ret_ln0' <Predicate = (!icmp_ln29)> <Delay = 0.42>

State 4 <SV = 3> <Delay = 4.37>
ST_4 : Operation 60 [1/1] ( I:4.37ns O:4.37ns )   --->   "%write_ln33 = write void @_ssdm_op_Write.m_axi.p1i32.i32, i64 %gmem_out0_addr, i32 %empty, i4 15" [firmware/myproject_axi_master.cpp:33]   --->   Operation 60 'write' 'write_ln33' <Predicate = (icmp_ln29)> <Delay = 4.37> <CoreInst = "m_axi">   --->   Core 119 'm_axi' <Latency = 5> <II = 1> <Delay = 1.00> <Adapter> <Opcode : 'readrequnaligned' 'writerequnaligned' 'read' 'write' 'readreq' 'writereq' 'writeresp'>
ST_4 : Operation 61 [1/1] (0.43ns)   --->   "%tmp_8_i = ctlz i14 @llvm.ctlz.i14, i14 %select_ln33_2, i1 0" [firmware/myproject_axi_master.cpp:33]   --->   Operation 61 'ctlz' 'tmp_8_i' <Predicate = (icmp_ln29 & !icmp_ln33_1)> <Delay = 0.43> <CoreInst = "ctlz">   --->   Core 145 'ctlz' <Latency = 0> <II = 1> <Delay = 0.43> <FuncUnit> <Opcode : 'ctlz'> <InPorts = 1> <OutPorts = 1>
ST_4 : Operation 62 [1/1] (0.00ns)   --->   "%trunc_ln33_1 = trunc i14 %tmp_8_i" [firmware/myproject_axi_master.cpp:33]   --->   Operation 62 'trunc' 'trunc_ln33_1' <Predicate = (icmp_ln29 & !icmp_ln33_1)> <Delay = 0.00>
ST_4 : Operation 63 [1/1] (0.00ns)   --->   "%zext_ln33_3 = zext i14 %select_ln33_2" [firmware/myproject_axi_master.cpp:33]   --->   Operation 63 'zext' 'zext_ln33_3' <Predicate = (icmp_ln29 & !icmp_ln33_1)> <Delay = 0.00>
ST_4 : Operation 64 [1/1] (0.78ns)   --->   "%add_ln33_2 = add i5 %trunc_ln33_1, i5 11" [firmware/myproject_axi_master.cpp:33]   --->   Operation 64 'add' 'add_ln33_2' <Predicate = (icmp_ln29 & !icmp_ln33_1)> <Delay = 0.78> <CoreInst = "Adder">   --->   Core 1 'Adder' <Latency = 0> <II = 1> <Delay = 0.78> <FuncUnit> <Opcode : 'add' 'sub'> <InPorts = 2> <OutPorts = 1>
ST_4 : Operation 65 [1/1] (0.00ns)   --->   "%zext_ln33_4 = zext i5 %add_ln33_2" [firmware/myproject_axi_master.cpp:33]   --->   Operation 65 'zext' 'zext_ln33_4' <Predicate = (icmp_ln29 & !icmp_ln33_1)> <Delay = 0.00>
ST_4 : Operation 66 [1/1] (1.10ns)   --->   "%shl_ln33_1 = shl i38 %zext_ln33_3, i38 %zext_ln33_4" [firmware/myproject_axi_master.cpp:33]   --->   Operation 66 'shl' 'shl_ln33_1' <Predicate = (icmp_ln29 & !icmp_ln33_1)> <Delay = 1.10> <CoreInst = "Shifter">   --->   Core 75 'Shifter' <Latency = 0> <II = 1> <Delay = 1.46> <FuncUnit> <Opcode : 'shl' 'lshr' 'ashr'> <InPorts = 2> <OutPorts = 1>
ST_4 : Operation 67 [1/1] (0.00ns)   --->   "%lshr_ln33_1 = partselect i37 @_ssdm_op_PartSelect.i37.i38.i32.i32, i38 %shl_ln33_1, i32 1, i32 37" [firmware/myproject_axi_master.cpp:33]   --->   Operation 67 'partselect' 'lshr_ln33_1' <Predicate = (icmp_ln29 & !icmp_ln33_1)> <Delay = 0.00>
ST_4 : Operation 68 [1/1] (0.00ns)   --->   "%zext_ln33_5 = zext i37 %lshr_ln33_1" [firmware/myproject_axi_master.cpp:33]   --->   Operation 68 'zext' 'zext_ln33_5' <Predicate = (icmp_ln29 & !icmp_ln33_1)> <Delay = 0.00>
ST_4 : Operation 69 [1/1] (0.00ns) (grouped into LUT with out node add_ln33_3)   --->   "%tmp_8 = bitselect i1 @_ssdm_op_BitSelect.i1.i38.i32, i38 %shl_ln33_1, i32 25" [firmware/myproject_axi_master.cpp:33]   --->   Operation 69 'bitselect' 'tmp_8' <Predicate = (icmp_ln29 & !icmp_ln33_1)> <Delay = 0.00>
ST_4 : Operation 70 [1/1] (0.00ns) (grouped into LUT with out node add_ln33_3)   --->   "%select_ln33_3 = select i1 %tmp_8, i8 127, i8 126" [firmware/myproject_axi_master.cpp:33]   --->   Operation 70 'select' 'select_ln33_3' <Predicate = (icmp_ln29 & !icmp_ln33_1)> <Delay = 0.00> <CoreInst = "Sel">   --->   Core 73 'Sel' <Latency = 0> <II = 1> <Delay = 0.36> <FuncUnit> <Opcode : 'select'> <InPorts = 3> <OutPorts = 1>
ST_4 : Operation 71 [1/1] (0.78ns)   --->   "%sub_ln33_3 = sub i5 8, i5 %trunc_ln33_1" [firmware/myproject_axi_master.cpp:33]   --->   Operation 71 'sub' 'sub_ln33_3' <Predicate = (icmp_ln29 & !icmp_ln33_1)> <Delay = 0.78> <CoreInst = "Adder">   --->   Core 1 'Adder' <Latency = 0> <II = 1> <Delay = 0.78> <FuncUnit> <Opcode : 'add' 'sub'> <InPorts = 2> <OutPorts = 1>
ST_4 : Operation 72 [1/1] (0.00ns) (grouped into LUT with out node add_ln33_3)   --->   "%sext_ln33_1 = sext i5 %sub_ln33_3" [firmware/myproject_axi_master.cpp:33]   --->   Operation 72 'sext' 'sext_ln33_1' <Predicate = (icmp_ln29 & !icmp_ln33_1)> <Delay = 0.00>
ST_4 : Operation 73 [1/1] (0.76ns) (out node of the LUT)   --->   "%add_ln33_3 = add i8 %select_ln33_3, i8 %sext_ln33_1" [firmware/myproject_axi_master.cpp:33]   --->   Operation 73 'add' 'add_ln33_3' <Predicate = (icmp_ln29 & !icmp_ln33_1)> <Delay = 0.76> <CoreInst = "Adder">   --->   Core 1 'Adder' <Latency = 0> <II = 1> <Delay = 0.76> <FuncUnit> <Opcode : 'add' 'sub'> <InPorts = 2> <OutPorts = 1>
ST_4 : Operation 74 [1/1] (0.00ns)   --->   "%tmp_11_i = bitconcatenate i9 @_ssdm_op_BitConcatenate.i9.i1.i8, i1 %tmp_7, i8 %add_ln33_3" [firmware/myproject_axi_master.cpp:33]   --->   Operation 74 'bitconcatenate' 'tmp_11_i' <Predicate = (icmp_ln29 & !icmp_ln33_1)> <Delay = 0.00>
ST_4 : Operation 75 [1/1] (0.00ns)   --->   "%pi_assign_1 = partset i64 @_ssdm_op_PartSet.i64.i64.i9.i32.i32, i64 %zext_ln33_5, i9 %tmp_11_i, i32 23, i32 31" [firmware/myproject_axi_master.cpp:33]   --->   Operation 75 'partset' 'pi_assign_1' <Predicate = (icmp_ln29 & !icmp_ln33_1)> <Delay = 0.00>
ST_4 : Operation 76 [1/1] (0.00ns)   --->   "%LD_1 = trunc i64 %pi_assign_1" [firmware/myproject_axi_master.cpp:33]   --->   Operation 76 'trunc' 'LD_1' <Predicate = (icmp_ln29 & !icmp_ln33_1)> <Delay = 0.00>
ST_4 : Operation 77 [1/1] (0.44ns)   --->   "%empty_57 = select i1 %icmp_ln33_1, i32 0, i32 %LD_1" [firmware/myproject_axi_master.cpp:33]   --->   Operation 77 'select' 'empty_57' <Predicate = (icmp_ln29)> <Delay = 0.44> <CoreInst = "Sel">   --->   Core 73 'Sel' <Latency = 0> <II = 1> <Delay = 0.44> <FuncUnit> <Opcode : 'select'> <InPorts = 3> <OutPorts = 1>
ST_4 : Operation 78 [1/1] (0.83ns)   --->   "%icmp_ln33_2 = icmp_eq  i14 %tmp_2, i14 0" [firmware/myproject_axi_master.cpp:33]   --->   Operation 78 'icmp' 'icmp_ln33_2' <Predicate = (icmp_ln29)> <Delay = 0.83> <CoreInst = "Cmp">   --->   Core 9 'Cmp' <Latency = 0> <II = 1> <Delay = 0.83> <FuncUnit> <Opcode : 'seteq' 'setne' 'setle' 'setge' 'setlt' 'setgt'> <InPorts = 2> <OutPorts = 1>
ST_4 : Operation 79 [1/1] (0.83ns)   --->   "%sub_ln33_4 = sub i14 0, i14 %tmp_2" [firmware/myproject_axi_master.cpp:33]   --->   Operation 79 'sub' 'sub_ln33_4' <Predicate = (icmp_ln29 & tmp_9)> <Delay = 0.83> <CoreInst = "Adder">   --->   Core 1 'Adder' <Latency = 0> <II = 1> <Delay = 0.83> <FuncUnit> <Opcode : 'add' 'sub'> <InPorts = 2> <OutPorts = 1>
ST_4 : Operation 80 [1/1] (0.23ns)   --->   "%select_ln33_4 = select i1 %tmp_9, i14 %sub_ln33_4, i14 %tmp_2" [firmware/myproject_axi_master.cpp:33]   --->   Operation 80 'select' 'select_ln33_4' <Predicate = (icmp_ln29)> <Delay = 0.23> <CoreInst = "Sel">   --->   Core 73 'Sel' <Latency = 0> <II = 1> <Delay = 0.23> <FuncUnit> <Opcode : 'select'> <InPorts = 3> <OutPorts = 1>

State 5 <SV = 4> <Delay = 4.37>
ST_5 : Operation 81 [1/1] ( I:4.37ns O:4.37ns )   --->   "%write_ln33 = write void @_ssdm_op_Write.m_axi.p1i32.i32, i64 %gmem_out0_addr, i32 %empty_57, i4 15" [firmware/myproject_axi_master.cpp:33]   --->   Operation 81 'write' 'write_ln33' <Predicate = (icmp_ln29)> <Delay = 4.37> <CoreInst = "m_axi">   --->   Core 119 'm_axi' <Latency = 5> <II = 1> <Delay = 1.00> <Adapter> <Opcode : 'readrequnaligned' 'writerequnaligned' 'read' 'write' 'readreq' 'writereq' 'writeresp'>
ST_5 : Operation 82 [1/1] (0.43ns)   --->   "%tmp_13_i = ctlz i14 @llvm.ctlz.i14, i14 %select_ln33_4, i1 0" [firmware/myproject_axi_master.cpp:33]   --->   Operation 82 'ctlz' 'tmp_13_i' <Predicate = (icmp_ln29 & !icmp_ln33_2)> <Delay = 0.43> <CoreInst = "ctlz">   --->   Core 145 'ctlz' <Latency = 0> <II = 1> <Delay = 0.43> <FuncUnit> <Opcode : 'ctlz'> <InPorts = 1> <OutPorts = 1>
ST_5 : Operation 83 [1/1] (0.00ns)   --->   "%trunc_ln33_2 = trunc i14 %tmp_13_i" [firmware/myproject_axi_master.cpp:33]   --->   Operation 83 'trunc' 'trunc_ln33_2' <Predicate = (icmp_ln29 & !icmp_ln33_2)> <Delay = 0.00>
ST_5 : Operation 84 [1/1] (0.00ns)   --->   "%zext_ln33_6 = zext i14 %select_ln33_4" [firmware/myproject_axi_master.cpp:33]   --->   Operation 84 'zext' 'zext_ln33_6' <Predicate = (icmp_ln29 & !icmp_ln33_2)> <Delay = 0.00>
ST_5 : Operation 85 [1/1] (0.78ns)   --->   "%add_ln33_4 = add i5 %trunc_ln33_2, i5 11" [firmware/myproject_axi_master.cpp:33]   --->   Operation 85 'add' 'add_ln33_4' <Predicate = (icmp_ln29 & !icmp_ln33_2)> <Delay = 0.78> <CoreInst = "Adder">   --->   Core 1 'Adder' <Latency = 0> <II = 1> <Delay = 0.78> <FuncUnit> <Opcode : 'add' 'sub'> <InPorts = 2> <OutPorts = 1>
ST_5 : Operation 86 [1/1] (0.00ns)   --->   "%zext_ln33_7 = zext i5 %add_ln33_4" [firmware/myproject_axi_master.cpp:33]   --->   Operation 86 'zext' 'zext_ln33_7' <Predicate = (icmp_ln29 & !icmp_ln33_2)> <Delay = 0.00>
ST_5 : Operation 87 [1/1] (1.10ns)   --->   "%shl_ln33_2 = shl i38 %zext_ln33_6, i38 %zext_ln33_7" [firmware/myproject_axi_master.cpp:33]   --->   Operation 87 'shl' 'shl_ln33_2' <Predicate = (icmp_ln29 & !icmp_ln33_2)> <Delay = 1.10> <CoreInst = "Shifter">   --->   Core 75 'Shifter' <Latency = 0> <II = 1> <Delay = 1.46> <FuncUnit> <Opcode : 'shl' 'lshr' 'ashr'> <InPorts = 2> <OutPorts = 1>
ST_5 : Operation 88 [1/1] (0.00ns)   --->   "%lshr_ln33_2 = partselect i37 @_ssdm_op_PartSelect.i37.i38.i32.i32, i38 %shl_ln33_2, i32 1, i32 37" [firmware/myproject_axi_master.cpp:33]   --->   Operation 88 'partselect' 'lshr_ln33_2' <Predicate = (icmp_ln29 & !icmp_ln33_2)> <Delay = 0.00>
ST_5 : Operation 89 [1/1] (0.00ns)   --->   "%zext_ln33_8 = zext i37 %lshr_ln33_2" [firmware/myproject_axi_master.cpp:33]   --->   Operation 89 'zext' 'zext_ln33_8' <Predicate = (icmp_ln29 & !icmp_ln33_2)> <Delay = 0.00>
ST_5 : Operation 90 [1/1] (0.00ns) (grouped into LUT with out node add_ln33_5)   --->   "%tmp_10 = bitselect i1 @_ssdm_op_BitSelect.i1.i38.i32, i38 %shl_ln33_2, i32 25" [firmware/myproject_axi_master.cpp:33]   --->   Operation 90 'bitselect' 'tmp_10' <Predicate = (icmp_ln29 & !icmp_ln33_2)> <Delay = 0.00>
ST_5 : Operation 91 [1/1] (0.00ns) (grouped into LUT with out node add_ln33_5)   --->   "%select_ln33_5 = select i1 %tmp_10, i8 127, i8 126" [firmware/myproject_axi_master.cpp:33]   --->   Operation 91 'select' 'select_ln33_5' <Predicate = (icmp_ln29 & !icmp_ln33_2)> <Delay = 0.00> <CoreInst = "Sel">   --->   Core 73 'Sel' <Latency = 0> <II = 1> <Delay = 0.36> <FuncUnit> <Opcode : 'select'> <InPorts = 3> <OutPorts = 1>
ST_5 : Operation 92 [1/1] (0.78ns)   --->   "%sub_ln33_5 = sub i5 8, i5 %trunc_ln33_2" [firmware/myproject_axi_master.cpp:33]   --->   Operation 92 'sub' 'sub_ln33_5' <Predicate = (icmp_ln29 & !icmp_ln33_2)> <Delay = 0.78> <CoreInst = "Adder">   --->   Core 1 'Adder' <Latency = 0> <II = 1> <Delay = 0.78> <FuncUnit> <Opcode : 'add' 'sub'> <InPorts = 2> <OutPorts = 1>
ST_5 : Operation 93 [1/1] (0.00ns) (grouped into LUT with out node add_ln33_5)   --->   "%sext_ln33_2 = sext i5 %sub_ln33_5" [firmware/myproject_axi_master.cpp:33]   --->   Operation 93 'sext' 'sext_ln33_2' <Predicate = (icmp_ln29 & !icmp_ln33_2)> <Delay = 0.00>
ST_5 : Operation 94 [1/1] (0.76ns) (out node of the LUT)   --->   "%add_ln33_5 = add i8 %select_ln33_5, i8 %sext_ln33_2" [firmware/myproject_axi_master.cpp:33]   --->   Operation 94 'add' 'add_ln33_5' <Predicate = (icmp_ln29 & !icmp_ln33_2)> <Delay = 0.76> <CoreInst = "Adder">   --->   Core 1 'Adder' <Latency = 0> <II = 1> <Delay = 0.76> <FuncUnit> <Opcode : 'add' 'sub'> <InPorts = 2> <OutPorts = 1>
ST_5 : Operation 95 [1/1] (0.00ns)   --->   "%tmp_15_i = bitconcatenate i9 @_ssdm_op_BitConcatenate.i9.i1.i8, i1 %tmp_9, i8 %add_ln33_5" [firmware/myproject_axi_master.cpp:33]   --->   Operation 95 'bitconcatenate' 'tmp_15_i' <Predicate = (icmp_ln29 & !icmp_ln33_2)> <Delay = 0.00>
ST_5 : Operation 96 [1/1] (0.00ns)   --->   "%pi_assign_2 = partset i64 @_ssdm_op_PartSet.i64.i64.i9.i32.i32, i64 %zext_ln33_8, i9 %tmp_15_i, i32 23, i32 31" [firmware/myproject_axi_master.cpp:33]   --->   Operation 96 'partset' 'pi_assign_2' <Predicate = (icmp_ln29 & !icmp_ln33_2)> <Delay = 0.00>
ST_5 : Operation 97 [1/1] (0.00ns)   --->   "%LD_2 = trunc i64 %pi_assign_2" [firmware/myproject_axi_master.cpp:33]   --->   Operation 97 'trunc' 'LD_2' <Predicate = (icmp_ln29 & !icmp_ln33_2)> <Delay = 0.00>
ST_5 : Operation 98 [1/1] (0.44ns)   --->   "%empty_58 = select i1 %icmp_ln33_2, i32 0, i32 %LD_2" [firmware/myproject_axi_master.cpp:33]   --->   Operation 98 'select' 'empty_58' <Predicate = (icmp_ln29)> <Delay = 0.44> <CoreInst = "Sel">   --->   Core 73 'Sel' <Latency = 0> <II = 1> <Delay = 0.44> <FuncUnit> <Opcode : 'select'> <InPorts = 3> <OutPorts = 1>
ST_5 : Operation 99 [1/1] (0.83ns)   --->   "%icmp_ln33_3 = icmp_eq  i14 %tmp_3, i14 0" [firmware/myproject_axi_master.cpp:33]   --->   Operation 99 'icmp' 'icmp_ln33_3' <Predicate = (icmp_ln29)> <Delay = 0.83> <CoreInst = "Cmp">   --->   Core 9 'Cmp' <Latency = 0> <II = 1> <Delay = 0.83> <FuncUnit> <Opcode : 'seteq' 'setne' 'setle' 'setge' 'setlt' 'setgt'> <InPorts = 2> <OutPorts = 1>
ST_5 : Operation 100 [1/1] (0.83ns)   --->   "%sub_ln33_6 = sub i14 0, i14 %tmp_3" [firmware/myproject_axi_master.cpp:33]   --->   Operation 100 'sub' 'sub_ln33_6' <Predicate = (icmp_ln29 & tmp_11)> <Delay = 0.83> <CoreInst = "Adder">   --->   Core 1 'Adder' <Latency = 0> <II = 1> <Delay = 0.83> <FuncUnit> <Opcode : 'add' 'sub'> <InPorts = 2> <OutPorts = 1>
ST_5 : Operation 101 [1/1] (0.23ns)   --->   "%select_ln33_6 = select i1 %tmp_11, i14 %sub_ln33_6, i14 %tmp_3" [firmware/myproject_axi_master.cpp:33]   --->   Operation 101 'select' 'select_ln33_6' <Predicate = (icmp_ln29)> <Delay = 0.23> <CoreInst = "Sel">   --->   Core 73 'Sel' <Latency = 0> <II = 1> <Delay = 0.23> <FuncUnit> <Opcode : 'select'> <InPorts = 3> <OutPorts = 1>

State 6 <SV = 5> <Delay = 4.37>
ST_6 : Operation 102 [1/1] ( I:4.37ns O:4.37ns )   --->   "%write_ln33 = write void @_ssdm_op_Write.m_axi.p1i32.i32, i64 %gmem_out0_addr, i32 %empty_58, i4 15" [firmware/myproject_axi_master.cpp:33]   --->   Operation 102 'write' 'write_ln33' <Predicate = true> <Delay = 4.37> <CoreInst = "m_axi">   --->   Core 119 'm_axi' <Latency = 5> <II = 1> <Delay = 1.00> <Adapter> <Opcode : 'readrequnaligned' 'writerequnaligned' 'read' 'write' 'readreq' 'writereq' 'writeresp'>
ST_6 : Operation 103 [1/1] (0.43ns)   --->   "%tmp_17_i = ctlz i14 @llvm.ctlz.i14, i14 %select_ln33_6, i1 0" [firmware/myproject_axi_master.cpp:33]   --->   Operation 103 'ctlz' 'tmp_17_i' <Predicate = (!icmp_ln33_3)> <Delay = 0.43> <CoreInst = "ctlz">   --->   Core 145 'ctlz' <Latency = 0> <II = 1> <Delay = 0.43> <FuncUnit> <Opcode : 'ctlz'> <InPorts = 1> <OutPorts = 1>
ST_6 : Operation 104 [1/1] (0.00ns)   --->   "%trunc_ln33_3 = trunc i14 %tmp_17_i" [firmware/myproject_axi_master.cpp:33]   --->   Operation 104 'trunc' 'trunc_ln33_3' <Predicate = (!icmp_ln33_3)> <Delay = 0.00>
ST_6 : Operation 105 [1/1] (0.00ns)   --->   "%zext_ln33_9 = zext i14 %select_ln33_6" [firmware/myproject_axi_master.cpp:33]   --->   Operation 105 'zext' 'zext_ln33_9' <Predicate = (!icmp_ln33_3)> <Delay = 0.00>
ST_6 : Operation 106 [1/1] (0.78ns)   --->   "%add_ln33_6 = add i5 %trunc_ln33_3, i5 11" [firmware/myproject_axi_master.cpp:33]   --->   Operation 106 'add' 'add_ln33_6' <Predicate = (!icmp_ln33_3)> <Delay = 0.78> <CoreInst = "Adder">   --->   Core 1 'Adder' <Latency = 0> <II = 1> <Delay = 0.78> <FuncUnit> <Opcode : 'add' 'sub'> <InPorts = 2> <OutPorts = 1>
ST_6 : Operation 107 [1/1] (0.00ns)   --->   "%zext_ln33_10 = zext i5 %add_ln33_6" [firmware/myproject_axi_master.cpp:33]   --->   Operation 107 'zext' 'zext_ln33_10' <Predicate = (!icmp_ln33_3)> <Delay = 0.00>
ST_6 : Operation 108 [1/1] (1.10ns)   --->   "%shl_ln33_3 = shl i38 %zext_ln33_9, i38 %zext_ln33_10" [firmware/myproject_axi_master.cpp:33]   --->   Operation 108 'shl' 'shl_ln33_3' <Predicate = (!icmp_ln33_3)> <Delay = 1.10> <CoreInst = "Shifter">   --->   Core 75 'Shifter' <Latency = 0> <II = 1> <Delay = 1.46> <FuncUnit> <Opcode : 'shl' 'lshr' 'ashr'> <InPorts = 2> <OutPorts = 1>
ST_6 : Operation 109 [1/1] (0.00ns)   --->   "%lshr_ln33_3 = partselect i37 @_ssdm_op_PartSelect.i37.i38.i32.i32, i38 %shl_ln33_3, i32 1, i32 37" [firmware/myproject_axi_master.cpp:33]   --->   Operation 109 'partselect' 'lshr_ln33_3' <Predicate = (!icmp_ln33_3)> <Delay = 0.00>
ST_6 : Operation 110 [1/1] (0.00ns)   --->   "%zext_ln33_11 = zext i37 %lshr_ln33_3" [firmware/myproject_axi_master.cpp:33]   --->   Operation 110 'zext' 'zext_ln33_11' <Predicate = (!icmp_ln33_3)> <Delay = 0.00>
ST_6 : Operation 111 [1/1] (0.00ns) (grouped into LUT with out node add_ln33_7)   --->   "%tmp_12 = bitselect i1 @_ssdm_op_BitSelect.i1.i38.i32, i38 %shl_ln33_3, i32 25" [firmware/myproject_axi_master.cpp:33]   --->   Operation 111 'bitselect' 'tmp_12' <Predicate = (!icmp_ln33_3)> <Delay = 0.00>
ST_6 : Operation 112 [1/1] (0.00ns) (grouped into LUT with out node add_ln33_7)   --->   "%select_ln33_7 = select i1 %tmp_12, i8 127, i8 126" [firmware/myproject_axi_master.cpp:33]   --->   Operation 112 'select' 'select_ln33_7' <Predicate = (!icmp_ln33_3)> <Delay = 0.00> <CoreInst = "Sel">   --->   Core 73 'Sel' <Latency = 0> <II = 1> <Delay = 0.36> <FuncUnit> <Opcode : 'select'> <InPorts = 3> <OutPorts = 1>
ST_6 : Operation 113 [1/1] (0.78ns)   --->   "%sub_ln33_7 = sub i5 8, i5 %trunc_ln33_3" [firmware/myproject_axi_master.cpp:33]   --->   Operation 113 'sub' 'sub_ln33_7' <Predicate = (!icmp_ln33_3)> <Delay = 0.78> <CoreInst = "Adder">   --->   Core 1 'Adder' <Latency = 0> <II = 1> <Delay = 0.78> <FuncUnit> <Opcode : 'add' 'sub'> <InPorts = 2> <OutPorts = 1>
ST_6 : Operation 114 [1/1] (0.00ns) (grouped into LUT with out node add_ln33_7)   --->   "%sext_ln33_3 = sext i5 %sub_ln33_7" [firmware/myproject_axi_master.cpp:33]   --->   Operation 114 'sext' 'sext_ln33_3' <Predicate = (!icmp_ln33_3)> <Delay = 0.00>
ST_6 : Operation 115 [1/1] (0.76ns) (out node of the LUT)   --->   "%add_ln33_7 = add i8 %select_ln33_7, i8 %sext_ln33_3" [firmware/myproject_axi_master.cpp:33]   --->   Operation 115 'add' 'add_ln33_7' <Predicate = (!icmp_ln33_3)> <Delay = 0.76> <CoreInst = "Adder">   --->   Core 1 'Adder' <Latency = 0> <II = 1> <Delay = 0.76> <FuncUnit> <Opcode : 'add' 'sub'> <InPorts = 2> <OutPorts = 1>
ST_6 : Operation 116 [1/1] (0.00ns)   --->   "%tmp_19_i = bitconcatenate i9 @_ssdm_op_BitConcatenate.i9.i1.i8, i1 %tmp_11, i8 %add_ln33_7" [firmware/myproject_axi_master.cpp:33]   --->   Operation 116 'bitconcatenate' 'tmp_19_i' <Predicate = (!icmp_ln33_3)> <Delay = 0.00>
ST_6 : Operation 117 [1/1] (0.00ns)   --->   "%pi_assign_3 = partset i64 @_ssdm_op_PartSet.i64.i64.i9.i32.i32, i64 %zext_ln33_11, i9 %tmp_19_i, i32 23, i32 31" [firmware/myproject_axi_master.cpp:33]   --->   Operation 117 'partset' 'pi_assign_3' <Predicate = (!icmp_ln33_3)> <Delay = 0.00>
ST_6 : Operation 118 [1/1] (0.00ns)   --->   "%LD_3 = trunc i64 %pi_assign_3" [firmware/myproject_axi_master.cpp:33]   --->   Operation 118 'trunc' 'LD_3' <Predicate = (!icmp_ln33_3)> <Delay = 0.00>
ST_6 : Operation 119 [1/1] (0.44ns)   --->   "%empty_59 = select i1 %icmp_ln33_3, i32 0, i32 %LD_3" [firmware/myproject_axi_master.cpp:33]   --->   Operation 119 'select' 'empty_59' <Predicate = true> <Delay = 0.44> <CoreInst = "Sel">   --->   Core 73 'Sel' <Latency = 0> <II = 1> <Delay = 0.44> <FuncUnit> <Opcode : 'select'> <InPorts = 3> <OutPorts = 1>
ST_6 : Operation 120 [1/1] (0.83ns)   --->   "%icmp_ln33_4 = icmp_eq  i14 %tmp_4, i14 0" [firmware/myproject_axi_master.cpp:33]   --->   Operation 120 'icmp' 'icmp_ln33_4' <Predicate = true> <Delay = 0.83> <CoreInst = "Cmp">   --->   Core 9 'Cmp' <Latency = 0> <II = 1> <Delay = 0.83> <FuncUnit> <Opcode : 'seteq' 'setne' 'setle' 'setge' 'setlt' 'setgt'> <InPorts = 2> <OutPorts = 1>
ST_6 : Operation 121 [1/1] (0.83ns)   --->   "%sub_ln33_8 = sub i14 0, i14 %tmp_4" [firmware/myproject_axi_master.cpp:33]   --->   Operation 121 'sub' 'sub_ln33_8' <Predicate = (tmp_13)> <Delay = 0.83> <CoreInst = "Adder">   --->   Core 1 'Adder' <Latency = 0> <II = 1> <Delay = 0.83> <FuncUnit> <Opcode : 'add' 'sub'> <InPorts = 2> <OutPorts = 1>
ST_6 : Operation 122 [1/1] (0.23ns)   --->   "%select_ln33_8 = select i1 %tmp_13, i14 %sub_ln33_8, i14 %tmp_4" [firmware/myproject_axi_master.cpp:33]   --->   Operation 122 'select' 'select_ln33_8' <Predicate = true> <Delay = 0.23> <CoreInst = "Sel">   --->   Core 73 'Sel' <Latency = 0> <II = 1> <Delay = 0.23> <FuncUnit> <Opcode : 'select'> <InPorts = 3> <OutPorts = 1>

State 7 <SV = 6> <Delay = 4.37>
ST_7 : Operation 123 [1/1] ( I:4.37ns O:4.37ns )   --->   "%write_ln33 = write void @_ssdm_op_Write.m_axi.p1i32.i32, i64 %gmem_out0_addr, i32 %empty_59, i4 15" [firmware/myproject_axi_master.cpp:33]   --->   Operation 123 'write' 'write_ln33' <Predicate = true> <Delay = 4.37> <CoreInst = "m_axi">   --->   Core 119 'm_axi' <Latency = 5> <II = 1> <Delay = 1.00> <Adapter> <Opcode : 'readrequnaligned' 'writerequnaligned' 'read' 'write' 'readreq' 'writereq' 'writeresp'>
ST_7 : Operation 124 [1/1] (0.43ns)   --->   "%tmp_21_i = ctlz i14 @llvm.ctlz.i14, i14 %select_ln33_8, i1 0" [firmware/myproject_axi_master.cpp:33]   --->   Operation 124 'ctlz' 'tmp_21_i' <Predicate = (!icmp_ln33_4)> <Delay = 0.43> <CoreInst = "ctlz">   --->   Core 145 'ctlz' <Latency = 0> <II = 1> <Delay = 0.43> <FuncUnit> <Opcode : 'ctlz'> <InPorts = 1> <OutPorts = 1>
ST_7 : Operation 125 [1/1] (0.00ns)   --->   "%trunc_ln33_4 = trunc i14 %tmp_21_i" [firmware/myproject_axi_master.cpp:33]   --->   Operation 125 'trunc' 'trunc_ln33_4' <Predicate = (!icmp_ln33_4)> <Delay = 0.00>
ST_7 : Operation 126 [1/1] (0.00ns)   --->   "%zext_ln33_12 = zext i14 %select_ln33_8" [firmware/myproject_axi_master.cpp:33]   --->   Operation 126 'zext' 'zext_ln33_12' <Predicate = (!icmp_ln33_4)> <Delay = 0.00>
ST_7 : Operation 127 [1/1] (0.78ns)   --->   "%add_ln33_8 = add i5 %trunc_ln33_4, i5 11" [firmware/myproject_axi_master.cpp:33]   --->   Operation 127 'add' 'add_ln33_8' <Predicate = (!icmp_ln33_4)> <Delay = 0.78> <CoreInst = "Adder">   --->   Core 1 'Adder' <Latency = 0> <II = 1> <Delay = 0.78> <FuncUnit> <Opcode : 'add' 'sub'> <InPorts = 2> <OutPorts = 1>
ST_7 : Operation 128 [1/1] (0.00ns)   --->   "%zext_ln33_13 = zext i5 %add_ln33_8" [firmware/myproject_axi_master.cpp:33]   --->   Operation 128 'zext' 'zext_ln33_13' <Predicate = (!icmp_ln33_4)> <Delay = 0.00>
ST_7 : Operation 129 [1/1] (1.10ns)   --->   "%shl_ln33_4 = shl i38 %zext_ln33_12, i38 %zext_ln33_13" [firmware/myproject_axi_master.cpp:33]   --->   Operation 129 'shl' 'shl_ln33_4' <Predicate = (!icmp_ln33_4)> <Delay = 1.10> <CoreInst = "Shifter">   --->   Core 75 'Shifter' <Latency = 0> <II = 1> <Delay = 1.46> <FuncUnit> <Opcode : 'shl' 'lshr' 'ashr'> <InPorts = 2> <OutPorts = 1>
ST_7 : Operation 130 [1/1] (0.00ns)   --->   "%lshr_ln33_4 = partselect i37 @_ssdm_op_PartSelect.i37.i38.i32.i32, i38 %shl_ln33_4, i32 1, i32 37" [firmware/myproject_axi_master.cpp:33]   --->   Operation 130 'partselect' 'lshr_ln33_4' <Predicate = (!icmp_ln33_4)> <Delay = 0.00>
ST_7 : Operation 131 [1/1] (0.00ns)   --->   "%zext_ln33_14 = zext i37 %lshr_ln33_4" [firmware/myproject_axi_master.cpp:33]   --->   Operation 131 'zext' 'zext_ln33_14' <Predicate = (!icmp_ln33_4)> <Delay = 0.00>
ST_7 : Operation 132 [1/1] (0.00ns) (grouped into LUT with out node add_ln33_9)   --->   "%tmp_14 = bitselect i1 @_ssdm_op_BitSelect.i1.i38.i32, i38 %shl_ln33_4, i32 25" [firmware/myproject_axi_master.cpp:33]   --->   Operation 132 'bitselect' 'tmp_14' <Predicate = (!icmp_ln33_4)> <Delay = 0.00>
ST_7 : Operation 133 [1/1] (0.00ns) (grouped into LUT with out node add_ln33_9)   --->   "%select_ln33_9 = select i1 %tmp_14, i8 127, i8 126" [firmware/myproject_axi_master.cpp:33]   --->   Operation 133 'select' 'select_ln33_9' <Predicate = (!icmp_ln33_4)> <Delay = 0.00> <CoreInst = "Sel">   --->   Core 73 'Sel' <Latency = 0> <II = 1> <Delay = 0.36> <FuncUnit> <Opcode : 'select'> <InPorts = 3> <OutPorts = 1>
ST_7 : Operation 134 [1/1] (0.78ns)   --->   "%sub_ln33_9 = sub i5 8, i5 %trunc_ln33_4" [firmware/myproject_axi_master.cpp:33]   --->   Operation 134 'sub' 'sub_ln33_9' <Predicate = (!icmp_ln33_4)> <Delay = 0.78> <CoreInst = "Adder">   --->   Core 1 'Adder' <Latency = 0> <II = 1> <Delay = 0.78> <FuncUnit> <Opcode : 'add' 'sub'> <InPorts = 2> <OutPorts = 1>
ST_7 : Operation 135 [1/1] (0.00ns) (grouped into LUT with out node add_ln33_9)   --->   "%sext_ln33_4 = sext i5 %sub_ln33_9" [firmware/myproject_axi_master.cpp:33]   --->   Operation 135 'sext' 'sext_ln33_4' <Predicate = (!icmp_ln33_4)> <Delay = 0.00>
ST_7 : Operation 136 [1/1] (0.76ns) (out node of the LUT)   --->   "%add_ln33_9 = add i8 %select_ln33_9, i8 %sext_ln33_4" [firmware/myproject_axi_master.cpp:33]   --->   Operation 136 'add' 'add_ln33_9' <Predicate = (!icmp_ln33_4)> <Delay = 0.76> <CoreInst = "Adder">   --->   Core 1 'Adder' <Latency = 0> <II = 1> <Delay = 0.76> <FuncUnit> <Opcode : 'add' 'sub'> <InPorts = 2> <OutPorts = 1>
ST_7 : Operation 137 [1/1] (0.00ns)   --->   "%tmp_23_i = bitconcatenate i9 @_ssdm_op_BitConcatenate.i9.i1.i8, i1 %tmp_13, i8 %add_ln33_9" [firmware/myproject_axi_master.cpp:33]   --->   Operation 137 'bitconcatenate' 'tmp_23_i' <Predicate = (!icmp_ln33_4)> <Delay = 0.00>
ST_7 : Operation 138 [1/1] (0.00ns)   --->   "%pi_assign_4 = partset i64 @_ssdm_op_PartSet.i64.i64.i9.i32.i32, i64 %zext_ln33_14, i9 %tmp_23_i, i32 23, i32 31" [firmware/myproject_axi_master.cpp:33]   --->   Operation 138 'partset' 'pi_assign_4' <Predicate = (!icmp_ln33_4)> <Delay = 0.00>
ST_7 : Operation 139 [1/1] (0.00ns)   --->   "%LD_4 = trunc i64 %pi_assign_4" [firmware/myproject_axi_master.cpp:33]   --->   Operation 139 'trunc' 'LD_4' <Predicate = (!icmp_ln33_4)> <Delay = 0.00>
ST_7 : Operation 140 [1/1] (0.44ns)   --->   "%empty_60 = select i1 %icmp_ln33_4, i32 0, i32 %LD_4" [firmware/myproject_axi_master.cpp:33]   --->   Operation 140 'select' 'empty_60' <Predicate = true> <Delay = 0.44> <CoreInst = "Sel">   --->   Core 73 'Sel' <Latency = 0> <II = 1> <Delay = 0.44> <FuncUnit> <Opcode : 'select'> <InPorts = 3> <OutPorts = 1>

State 8 <SV = 7> <Delay = 4.37>
ST_8 : Operation 141 [1/1] (0.00ns)   --->   "%specpipeline_ln28 = specpipeline void @_ssdm_op_SpecPipeline, i32 4294967295, i32 0, i32 0, i32 0, i32 4294967295, void @empty_14" [firmware/myproject_axi_master.cpp:28]   --->   Operation 141 'specpipeline' 'specpipeline_ln28' <Predicate = true> <Delay = 0.00>
ST_8 : Operation 142 [1/1] (0.00ns)   --->   "%specloopname_ln29 = specloopname void @_ssdm_op_SpecLoopName, void @empty_5" [firmware/myproject_axi_master.cpp:29]   --->   Operation 142 'specloopname' 'specloopname_ln29' <Predicate = true> <Delay = 0.00>
ST_8 : Operation 143 [1/1] ( I:4.37ns O:4.37ns )   --->   "%write_ln33 = write void @_ssdm_op_Write.m_axi.p1i32.i32, i64 %gmem_out0_addr, i32 %empty_60, i4 15" [firmware/myproject_axi_master.cpp:33]   --->   Operation 143 'write' 'write_ln33' <Predicate = true> <Delay = 4.37> <CoreInst = "m_axi">   --->   Core 119 'm_axi' <Latency = 5> <II = 1> <Delay = 1.00> <Adapter> <Opcode : 'readrequnaligned' 'writerequnaligned' 'read' 'write' 'readreq' 'writereq' 'writeresp'>
ST_8 : Operation 144 [1/1] (0.00ns)   --->   "%br_ln29 = br void %VITIS_LOOP_30_2.i" [firmware/myproject_axi_master.cpp:29]   --->   Operation 144 'br' 'br_ln29' <Predicate = true> <Delay = 0.00>


============================================================
+ Verbose Summary: Binding
============================================================
STG Binding: 
---------------- STG Properties BEGIN ----------------
- Is combinational: 0
- Is one-state seq: 0
- Is datapath-only: 0
- Is pipelined: 0
- Is top level: 0
Port [ Return ] is wired: 1; IO mode=ap_ctrl_hs:ce=0
Port [ batch_size_1]:  wired=1; compound=0; hidden=0; nouse=0; global=0; static=0; extern=0; dir=0; type=0; pingpong=0; private_global=0; IO mode=ap_none:ce=0
Port [ gmem_out0]:  wired=1; compound=1; hidden=0; nouse=0; global=0; static=0; extern=0; dir=1; type=4; pingpong=0; private_global=0; IO mode=m_axi:ce=0
Port [ sext_ln29]:  wired=1; compound=0; hidden=0; nouse=0; global=0; static=0; extern=0; dir=0; type=0; pingpong=0; private_global=0; IO mode=ap_none:ce=0
Port [ stream_out0_layer12_out]:  wired=1; compound=1; hidden=0; nouse=0; global=1; static=1; extern=0; dir=0; type=3; pingpong=0; private_global=0; IO mode=ap_fifo:ce=0
---------------- STG Properties END ------------------

---------------- Datapath Model BEGIN ----------------

<LifeTime>
<method=bitvector/>
q                            (alloca        ) [ 010000000]
sext_ln29_read               (read          ) [ 000000000]
batch_size_1_read            (read          ) [ 000000000]
sext_ln29_cast               (sext          ) [ 000000000]
specinterface_ln0            (specinterface ) [ 000000000]
specinterface_ln0            (specinterface ) [ 000000000]
store_ln0                    (store         ) [ 000000000]
br_ln29                      (br            ) [ 000000000]
q_load                       (load          ) [ 000000000]
zext_ln29                    (zext          ) [ 000000000]
icmp_ln29                    (icmp          ) [ 011111000]
br_ln29                      (br            ) [ 000000000]
gmem_out0_addr               (getelementptr ) [ 011111111]
add_ln29                     (add           ) [ 000000000]
store_ln29                   (store         ) [ 000000000]
stream_out0_layer12_out_read (read          ) [ 000000000]
tmp                          (trunc         ) [ 000000000]
tmp_1                        (partselect    ) [ 000100000]
tmp_2                        (partselect    ) [ 000110000]
tmp_3                        (partselect    ) [ 000111000]
tmp_4                        (partselect    ) [ 010111100]
icmp_ln33                    (icmp          ) [ 000100000]
tmp_5                        (bitselect     ) [ 000100000]
sub_ln33                     (sub           ) [ 000000000]
select_ln33                  (select        ) [ 000100000]
tmp_7                        (bitselect     ) [ 000110000]
tmp_9                        (bitselect     ) [ 000111000]
tmp_11                       (bitselect     ) [ 010111100]
tmp_13                       (bitselect     ) [ 011111110]
tmp_6_i                      (ctlz          ) [ 000000000]
trunc_ln33                   (trunc         ) [ 000000000]
zext_ln33                    (zext          ) [ 000000000]
add_ln33                     (add           ) [ 000000000]
zext_ln33_1                  (zext          ) [ 000000000]
shl_ln33                     (shl           ) [ 000000000]
lshr_ln                      (partselect    ) [ 000000000]
zext_ln33_2                  (zext          ) [ 000000000]
tmp_6                        (bitselect     ) [ 000000000]
select_ln33_1                (select        ) [ 000000000]
sub_ln33_1                   (sub           ) [ 000000000]
sext_ln33                    (sext          ) [ 000000000]
add_ln33_1                   (add           ) [ 000000000]
tmp_7_i                      (bitconcatenate) [ 000000000]
pi_assign                    (partset       ) [ 000000000]
LD                           (trunc         ) [ 000000000]
empty                        (select        ) [ 000010000]
icmp_ln33_1                  (icmp          ) [ 000010000]
sub_ln33_2                   (sub           ) [ 000000000]
select_ln33_2                (select        ) [ 000010000]
write_ln33                   (write         ) [ 000000000]
tmp_8_i                      (ctlz          ) [ 000000000]
trunc_ln33_1                 (trunc         ) [ 000000000]
zext_ln33_3                  (zext          ) [ 000000000]
add_ln33_2                   (add           ) [ 000000000]
zext_ln33_4                  (zext          ) [ 000000000]
shl_ln33_1                   (shl           ) [ 000000000]
lshr_ln33_1                  (partselect    ) [ 000000000]
zext_ln33_5                  (zext          ) [ 000000000]
tmp_8                        (bitselect     ) [ 000000000]
select_ln33_3                (select        ) [ 000000000]
sub_ln33_3                   (sub           ) [ 000000000]
sext_ln33_1                  (sext          ) [ 000000000]
add_ln33_3                   (add           ) [ 000000000]
tmp_11_i                     (bitconcatenate) [ 000000000]
pi_assign_1                  (partset       ) [ 000000000]
LD_1                         (trunc         ) [ 000000000]
empty_57                     (select        ) [ 000001000]
icmp_ln33_2                  (icmp          ) [ 000001000]
sub_ln33_4                   (sub           ) [ 000000000]
select_ln33_4                (select        ) [ 000001000]
write_ln33                   (write         ) [ 000000000]
tmp_13_i                     (ctlz          ) [ 000000000]
trunc_ln33_2                 (trunc         ) [ 000000000]
zext_ln33_6                  (zext          ) [ 000000000]
add_ln33_4                   (add           ) [ 000000000]
zext_ln33_7                  (zext          ) [ 000000000]
shl_ln33_2                   (shl           ) [ 000000000]
lshr_ln33_2                  (partselect    ) [ 000000000]
zext_ln33_8                  (zext          ) [ 000000000]
tmp_10                       (bitselect     ) [ 000000000]
select_ln33_5                (select        ) [ 000000000]
sub_ln33_5                   (sub           ) [ 000000000]
sext_ln33_2                  (sext          ) [ 000000000]
add_ln33_5                   (add           ) [ 000000000]
tmp_15_i                     (bitconcatenate) [ 000000000]
pi_assign_2                  (partset       ) [ 000000000]
LD_2                         (trunc         ) [ 000000000]
empty_58                     (select        ) [ 010000100]
icmp_ln33_3                  (icmp          ) [ 010000100]
sub_ln33_6                   (sub           ) [ 000000000]
select_ln33_6                (select        ) [ 010000100]
write_ln33                   (write         ) [ 000000000]
tmp_17_i                     (ctlz          ) [ 000000000]
trunc_ln33_3                 (trunc         ) [ 000000000]
zext_ln33_9                  (zext          ) [ 000000000]
add_ln33_6                   (add           ) [ 000000000]
zext_ln33_10                 (zext          ) [ 000000000]
shl_ln33_3                   (shl           ) [ 000000000]
lshr_ln33_3                  (partselect    ) [ 000000000]
zext_ln33_11                 (zext          ) [ 000000000]
tmp_12                       (bitselect     ) [ 000000000]
select_ln33_7                (select        ) [ 000000000]
sub_ln33_7                   (sub           ) [ 000000000]
sext_ln33_3                  (sext          ) [ 000000000]
add_ln33_7                   (add           ) [ 000000000]
tmp_19_i                     (bitconcatenate) [ 000000000]
pi_assign_3                  (partset       ) [ 000000000]
LD_3                         (trunc         ) [ 000000000]
empty_59                     (select        ) [ 001000010]
icmp_ln33_4                  (icmp          ) [ 001000010]
sub_ln33_8                   (sub           ) [ 000000000]
select_ln33_8                (select        ) [ 001000010]
write_ln33                   (write         ) [ 000000000]
tmp_21_i                     (ctlz          ) [ 000000000]
trunc_ln33_4                 (trunc         ) [ 000000000]
zext_ln33_12                 (zext          ) [ 000000000]
add_ln33_8                   (add           ) [ 000000000]
zext_ln33_13                 (zext          ) [ 000000000]
shl_ln33_4                   (shl           ) [ 000000000]
lshr_ln33_4                  (partselect    ) [ 000000000]
zext_ln33_14                 (zext          ) [ 000000000]
tmp_14                       (bitselect     ) [ 000000000]
select_ln33_9                (select        ) [ 000000000]
sub_ln33_9                   (sub           ) [ 000000000]
sext_ln33_4                  (sext          ) [ 000000000]
add_ln33_9                   (add           ) [ 000000000]
tmp_23_i                     (bitconcatenate) [ 000000000]
pi_assign_4                  (partset       ) [ 000000000]
LD_4                         (trunc         ) [ 000000000]
empty_60                     (select        ) [ 000100001]
specpipeline_ln28            (specpipeline  ) [ 000000000]
specloopname_ln29            (specloopname  ) [ 000000000]
write_ln33                   (write         ) [ 000000000]
br_ln29                      (br            ) [ 000000000]
ret_ln0                      (ret           ) [ 000000000]
</LifeTime>

<model>

<comp_list>
<comp id="0" class="1000" name="batch_size_1">
<pin_list>
<pin id="1" dir="1" index="0" bw="1" slack="0"/>
</pin_list>
<bind>
<StgValue><ssdm name="batch_size_1"/></StgValue>
</bind>
</comp>

<comp id="2" class="1000" name="gmem_out0">
<pin_list>
<pin id="3" dir="1" index="0" bw="1" slack="0"/>
</pin_list>
<bind>
<StgValue><ssdm name="gmem_out0"/><MemPortTyVec>1 </MemPortTyVec>
</StgValue>
</bind>
</comp>

<comp id="4" class="1000" name="sext_ln29">
<pin_list>
<pin id="5" dir="1" index="0" bw="1" slack="0"/>
</pin_list>
<bind>
<StgValue><ssdm name="sext_ln29"/></StgValue>
</bind>
</comp>

<comp id="6" class="1000" name="stream_out0_layer12_out">
<pin_list>
<pin id="7" dir="1" index="0" bw="1" slack="0"/>
</pin_list>
<bind>
<StgValue><ssdm name="stream_out0_layer12_out"/></StgValue>
</bind>
</comp>

<comp id="8" class="1001" name="const_8">
<pin_list>
<pin id="9" dir="1" index="0" bw="1" slack="0"/>
</pin_list>
<bind>
<StgValue><ssdm name=""/></StgValue>
</bind>
</comp>

<comp id="10" class="1001" name="const_10">
<pin_list>
<pin id="11" dir="1" index="0" bw="1" slack="0"/>
</pin_list>
<bind>
<StgValue><ssdm name="_ssdm_op_Read.ap_auto.i62"/></StgValue>
</bind>
</comp>

<comp id="12" class="1001" name="const_12">
<pin_list>
<pin id="13" dir="1" index="0" bw="1" slack="0"/>
</pin_list>
<bind>
<StgValue><ssdm name="_ssdm_op_Read.ap_auto.i32"/></StgValue>
</bind>
</comp>

<comp id="14" class="1001" name="const_14">
<pin_list>
<pin id="15" dir="1" index="0" bw="1" slack="2147483647"/>
</pin_list>
<bind>
<StgValue><ssdm name="_ssdm_op_SpecInterface"/></StgValue>
</bind>
</comp>

<comp id="16" class="1001" name="const_16">
<pin_list>
<pin id="17" dir="1" index="0" bw="1" slack="2147483647"/>
</pin_list>
<bind>
<StgValue><ssdm name="empty_15"/></StgValue>
</bind>
</comp>

<comp id="18" class="1001" name="const_18">
<pin_list>
<pin id="19" dir="1" index="0" bw="1" slack="0"/>
</pin_list>
<bind>
<StgValue><ssdm name=""/></StgValue>
</bind>
</comp>

<comp id="20" class="1001" name="const_20">
<pin_list>
<pin id="21" dir="1" index="0" bw="1" slack="2147483647"/>
</pin_list>
<bind>
<StgValue><ssdm name="empty_14"/></StgValue>
</bind>
</comp>

<comp id="22" class="1001" name="const_22">
<pin_list>
<pin id="23" dir="1" index="0" bw="1" slack="2147483647"/>
</pin_list>
<bind>
<StgValue><ssdm name=""/></StgValue>
</bind>
</comp>

<comp id="24" class="1001" name="const_24">
<pin_list>
<pin id="25" dir="1" index="0" bw="1" slack="2147483647"/>
</pin_list>
<bind>
<StgValue><ssdm name="empty_11"/></StgValue>
</bind>
</comp>

<comp id="26" class="1001" name="const_26">
<pin_list>
<pin id="27" dir="1" index="0" bw="1" slack="2147483647"/>
</pin_list>
<bind>
<StgValue><ssdm name="empty_12"/></StgValue>
</bind>
</comp>

<comp id="28" class="1001" name="const_28">
<pin_list>
<pin id="29" dir="1" index="0" bw="1" slack="2147483647"/>
</pin_list>
<bind>
<StgValue><ssdm name=""/></StgValue>
</bind>
</comp>

<comp id="30" class="1001" name="const_30">
<pin_list>
<pin id="31" dir="1" index="0" bw="1" slack="2147483647"/>
</pin_list>
<bind>
<StgValue><ssdm name=""/></StgValue>
</bind>
</comp>

<comp id="32" class="1001" name="const_32">
<pin_list>
<pin id="33" dir="1" index="0" bw="1" slack="2147483647"/>
</pin_list>
<bind>
<StgValue><ssdm name=""/></StgValue>
</bind>
</comp>

<comp id="34" class="1001" name="const_34">
<pin_list>
<pin id="35" dir="1" index="0" bw="1" slack="2147483647"/>
</pin_list>
<bind>
<StgValue><ssdm name="empty_9"/></StgValue>
</bind>
</comp>

<comp id="36" class="1001" name="const_36">
<pin_list>
<pin id="37" dir="1" index="0" bw="1" slack="0"/>
</pin_list>
<bind>
<StgValue><ssdm name=""/></StgValue>
</bind>
</comp>

<comp id="38" class="1001" name="const_38">
<pin_list>
<pin id="39" dir="1" index="0" bw="1" slack="0"/>
</pin_list>
<bind>
<StgValue><ssdm name=""/></StgValue>
</bind>
</comp>

<comp id="40" class="1001" name="const_40">
<pin_list>
<pin id="41" dir="1" index="0" bw="1" slack="0"/>
</pin_list>
<bind>
<StgValue><ssdm name="_ssdm_op_Read.ap_fifo.volatile.i80P0A"/></StgValue>
</bind>
</comp>

<comp id="42" class="1001" name="const_42">
<pin_list>
<pin id="43" dir="1" index="0" bw="1" slack="0"/>
</pin_list>
<bind>
<StgValue><ssdm name="_ssdm_op_PartSelect.i14.i80.i80"/></StgValue>
</bind>
</comp>

<comp id="44" class="1001" name="const_44">
<pin_list>
<pin id="45" dir="1" index="0" bw="1" slack="0"/>
</pin_list>
<bind>
<StgValue><ssdm name=""/></StgValue>
</bind>
</comp>

<comp id="46" class="1001" name="const_46">
<pin_list>
<pin id="47" dir="1" index="0" bw="1" slack="0"/>
</pin_list>
<bind>
<StgValue><ssdm name=""/></StgValue>
</bind>
</comp>

<comp id="48" class="1001" name="const_48">
<pin_list>
<pin id="49" dir="1" index="0" bw="1" slack="0"/>
</pin_list>
<bind>
<StgValue><ssdm name=""/></StgValue>
</bind>
</comp>

<comp id="50" class="1001" name="const_50">
<pin_list>
<pin id="51" dir="1" index="0" bw="1" slack="0"/>
</pin_list>
<bind>
<StgValue><ssdm name=""/></StgValue>
</bind>
</comp>

<comp id="52" class="1001" name="const_52">
<pin_list>
<pin id="53" dir="1" index="0" bw="1" slack="0"/>
</pin_list>
<bind>
<StgValue><ssdm name=""/></StgValue>
</bind>
</comp>

<comp id="54" class="1001" name="const_54">
<pin_list>
<pin id="55" dir="1" index="0" bw="1" slack="0"/>
</pin_list>
<bind>
<StgValue><ssdm name="_ssdm_op_BitSelect.i1.i80.i32"/></StgValue>
</bind>
</comp>

<comp id="56" class="1001" name="const_56">
<pin_list>
<pin id="57" dir="1" index="0" bw="1" slack="0"/>
</pin_list>
<bind>
<StgValue><ssdm name=""/></StgValue>
</bind>
</comp>

<comp id="58" class="1001" name="const_58">
<pin_list>
<pin id="59" dir="1" index="0" bw="1" slack="0"/>
</pin_list>
<bind>
<StgValue><ssdm name="_ssdm_op_BitSelect.i1.i80.i80"/></StgValue>
</bind>
</comp>

<comp id="60" class="1001" name="const_60">
<pin_list>
<pin id="61" dir="1" index="0" bw="1" slack="0"/>
</pin_list>
<bind>
<StgValue><ssdm name=""/></StgValue>
</bind>
</comp>

<comp id="62" class="1001" name="const_62">
<pin_list>
<pin id="63" dir="1" index="0" bw="1" slack="0"/>
</pin_list>
<bind>
<StgValue><ssdm name=""/></StgValue>
</bind>
</comp>

<comp id="64" class="1001" name="const_64">
<pin_list>
<pin id="65" dir="1" index="0" bw="1" slack="0"/>
</pin_list>
<bind>
<StgValue><ssdm name=""/></StgValue>
</bind>
</comp>

<comp id="66" class="1001" name="const_66">
<pin_list>
<pin id="67" dir="1" index="0" bw="1" slack="0"/>
</pin_list>
<bind>
<StgValue><ssdm name=""/></StgValue>
</bind>
</comp>

<comp id="68" class="1001" name="const_68">
<pin_list>
<pin id="69" dir="1" index="0" bw="1" slack="0"/>
</pin_list>
<bind>
<StgValue><ssdm name="llvm.ctlz.i14"/></StgValue>
</bind>
</comp>

<comp id="70" class="1001" name="const_70">
<pin_list>
<pin id="71" dir="1" index="0" bw="1" slack="0"/>
</pin_list>
<bind>
<StgValue><ssdm name=""/></StgValue>
</bind>
</comp>

<comp id="72" class="1001" name="const_72">
<pin_list>
<pin id="73" dir="1" index="0" bw="1" slack="0"/>
</pin_list>
<bind>
<StgValue><ssdm name=""/></StgValue>
</bind>
</comp>

<comp id="74" class="1001" name="const_74">
<pin_list>
<pin id="75" dir="1" index="0" bw="1" slack="0"/>
</pin_list>
<bind>
<StgValue><ssdm name="_ssdm_op_PartSelect.i37.i38.i32.i32"/></StgValue>
</bind>
</comp>

<comp id="76" class="1001" name="const_76">
<pin_list>
<pin id="77" dir="1" index="0" bw="1" slack="0"/>
</pin_list>
<bind>
<StgValue><ssdm name=""/></StgValue>
</bind>
</comp>

<comp id="78" class="1001" name="const_78">
<pin_list>
<pin id="79" dir="1" index="0" bw="1" slack="0"/>
</pin_list>
<bind>
<StgValue><ssdm name="_ssdm_op_BitSelect.i1.i38.i32"/></StgValue>
</bind>
</comp>

<comp id="80" class="1001" name="const_80">
<pin_list>
<pin id="81" dir="1" index="0" bw="1" slack="0"/>
</pin_list>
<bind>
<StgValue><ssdm name=""/></StgValue>
</bind>
</comp>

<comp id="82" class="1001" name="const_82">
<pin_list>
<pin id="83" dir="1" index="0" bw="1" slack="0"/>
</pin_list>
<bind>
<StgValue><ssdm name=""/></StgValue>
</bind>
</comp>

<comp id="84" class="1001" name="const_84">
<pin_list>
<pin id="85" dir="1" index="0" bw="1" slack="0"/>
</pin_list>
<bind>
<StgValue><ssdm name=""/></StgValue>
</bind>
</comp>

<comp id="86" class="1001" name="const_86">
<pin_list>
<pin id="87" dir="1" index="0" bw="1" slack="0"/>
</pin_list>
<bind>
<StgValue><ssdm name=""/></StgValue>
</bind>
</comp>

<comp id="88" class="1001" name="const_88">
<pin_list>
<pin id="89" dir="1" index="0" bw="1" slack="0"/>
</pin_list>
<bind>
<StgValue><ssdm name="_ssdm_op_BitConcatenate.i9.i1.i8"/></StgValue>
</bind>
</comp>

<comp id="90" class="1001" name="const_90">
<pin_list>
<pin id="91" dir="1" index="0" bw="1" slack="0"/>
</pin_list>
<bind>
<StgValue><ssdm name="_ssdm_op_PartSet.i64.i64.i9.i32.i32"/></StgValue>
</bind>
</comp>

<comp id="92" class="1001" name="const_92">
<pin_list>
<pin id="93" dir="1" index="0" bw="1" slack="0"/>
</pin_list>
<bind>
<StgValue><ssdm name=""/></StgValue>
</bind>
</comp>

<comp id="94" class="1001" name="const_94">
<pin_list>
<pin id="95" dir="1" index="0" bw="1" slack="0"/>
</pin_list>
<bind>
<StgValue><ssdm name=""/></StgValue>
</bind>
</comp>

<comp id="96" class="1001" name="const_96">
<pin_list>
<pin id="97" dir="1" index="0" bw="1" slack="0"/>
</pin_list>
<bind>
<StgValue><ssdm name="_ssdm_op_Write.m_axi.p1i32.i32"/></StgValue>
</bind>
</comp>

<comp id="98" class="1001" name="const_98">
<pin_list>
<pin id="99" dir="1" index="0" bw="1" slack="0"/>
</pin_list>
<bind>
<StgValue><ssdm name=""/></StgValue>
</bind>
</comp>

<comp id="100" class="1001" name="const_100">
<pin_list>
<pin id="101" dir="1" index="0" bw="1" slack="2147483647"/>
</pin_list>
<bind>
<StgValue><ssdm name="_ssdm_op_SpecPipeline"/></StgValue>
</bind>
</comp>

<comp id="102" class="1001" name="const_102">
<pin_list>
<pin id="103" dir="1" index="0" bw="1" slack="2147483647"/>
</pin_list>
<bind>
<StgValue><ssdm name="_ssdm_op_SpecLoopName"/></StgValue>
</bind>
</comp>

<comp id="104" class="1001" name="const_104">
<pin_list>
<pin id="105" dir="1" index="0" bw="1" slack="2147483647"/>
</pin_list>
<bind>
<StgValue><ssdm name="empty_5"/></StgValue>
</bind>
</comp>

<comp id="106" class="1004" name="q_fu_106">
<pin_list>
<pin id="107" dir="0" index="0" bw="1" slack="0"/>
<pin id="108" dir="1" index="1" bw="31" slack="0"/>
</pin_list>
<bind>
<opcode="alloca(26) " fcode="alloca"/>
<opset="q/1 "/>
</bind>
</comp>

<comp id="110" class="1004" name="sext_ln29_read_read_fu_110">
<pin_list>
<pin id="111" dir="0" index="0" bw="62" slack="0"/>
<pin id="112" dir="0" index="1" bw="62" slack="0"/>
<pin id="113" dir="1" index="2" bw="62" slack="0"/>
</pin_list>
<bind>
<opcode="read(1150) " fcode="read"/>
<opset="sext_ln29_read/1 "/>
</bind>
</comp>

<comp id="116" class="1004" name="batch_size_1_read_read_fu_116">
<pin_list>
<pin id="117" dir="0" index="0" bw="32" slack="0"/>
<pin id="118" dir="0" index="1" bw="32" slack="0"/>
<pin id="119" dir="1" index="2" bw="32" slack="0"/>
</pin_list>
<bind>
<opcode="read(1150) " fcode="read"/>
<opset="batch_size_1_read/1 "/>
</bind>
</comp>

<comp id="122" class="1004" name="stream_out0_layer12_out_read_read_fu_122">
<pin_list>
<pin id="123" dir="0" index="0" bw="80" slack="0"/>
<pin id="124" dir="0" index="1" bw="80" slack="0"/>
<pin id="125" dir="1" index="2" bw="80" slack="0"/>
</pin_list>
<bind>
<opcode="read(1150) " fcode="read"/>
<opset="stream_out0_layer12_out_read/2 "/>
</bind>
</comp>

<comp id="128" class="1004" name="grp_write_fu_128">
<pin_list>
<pin id="129" dir="0" index="0" bw="0" slack="0"/>
<pin id="130" dir="0" index="1" bw="32" slack="3"/>
<pin id="131" dir="0" index="2" bw="32" slack="1"/>
<pin id="132" dir="0" index="3" bw="1" slack="0"/>
<pin id="133" dir="1" index="4" bw="0" slack="2147483647"/>
</pin_list>
<bind>
<opcode="write(1151) " fcode="write"/>
<opset="write_ln33/4 write_ln33/5 write_ln33/6 write_ln33/7 write_ln33/8 "/>
</bind>
</comp>

<comp id="136" class="1004" name="sext_ln29_cast_fu_136">
<pin_list>
<pin id="137" dir="0" index="0" bw="62" slack="0"/>
<pin id="138" dir="1" index="1" bw="64" slack="0"/>
</pin_list>
<bind>
<opcode="sext(35) " fcode="sext"/>
<opset="sext_ln29_cast/1 "/>
</bind>
</comp>

<comp id="140" class="1004" name="store_ln0_store_fu_140">
<pin_list>
<pin id="141" dir="0" index="0" bw="1" slack="0"/>
<pin id="142" dir="0" index="1" bw="31" slack="0"/>
<pin id="143" dir="1" index="2" bw="0" slack="2147483647"/>
</pin_list>
<bind>
<opcode="store(28) " fcode="store"/>
<opset="store_ln0/1 "/>
</bind>
</comp>

<comp id="145" class="1004" name="q_load_load_fu_145">
<pin_list>
<pin id="146" dir="0" index="0" bw="31" slack="0"/>
<pin id="147" dir="1" index="1" bw="31" slack="0"/>
</pin_list>
<bind>
<opcode="load(27) " fcode="load"/>
<opset="q_load/1 "/>
</bind>
</comp>

<comp id="148" class="1004" name="zext_ln29_fu_148">
<pin_list>
<pin id="149" dir="0" index="0" bw="31" slack="0"/>
<pin id="150" dir="1" index="1" bw="32" slack="0"/>
</pin_list>
<bind>
<opcode="zext(34) " fcode="zext"/>
<opset="zext_ln29/1 "/>
</bind>
</comp>

<comp id="152" class="1004" name="icmp_ln29_fu_152">
<pin_list>
<pin id="153" dir="0" index="0" bw="32" slack="0"/>
<pin id="154" dir="0" index="1" bw="32" slack="0"/>
<pin id="155" dir="1" index="2" bw="1" slack="1"/>
</pin_list>
<bind>
<opcode="icmp(45) " fcode="icmp"/>
<opset="icmp_ln29/1 "/>
</bind>
</comp>

<comp id="158" class="1004" name="gmem_out0_addr_fu_158">
<pin_list>
<pin id="159" dir="0" index="0" bw="64" slack="0"/>
<pin id="160" dir="0" index="1" bw="64" slack="0"/>
<pin id="161" dir="1" index="2" bw="64" slack="3"/>
</pin_list>
<bind>
<opcode="getelementptr(29) " fcode="getelementptr"/>
<opset="gmem_out0_addr/1 "/>
</bind>
</comp>

<comp id="164" class="1004" name="add_ln29_fu_164">
<pin_list>
<pin id="165" dir="0" index="0" bw="31" slack="0"/>
<pin id="166" dir="0" index="1" bw="1" slack="0"/>
<pin id="167" dir="1" index="2" bw="31" slack="0"/>
</pin_list>
<bind>
<opcode="add(8) " fcode="add"/>
<opset="add_ln29/1 "/>
</bind>
</comp>

<comp id="170" class="1004" name="store_ln29_store_fu_170">
<pin_list>
<pin id="171" dir="0" index="0" bw="31" slack="0"/>
<pin id="172" dir="0" index="1" bw="31" slack="0"/>
<pin id="173" dir="1" index="2" bw="0" slack="2147483647"/>
</pin_list>
<bind>
<opcode="store(28) " fcode="store"/>
<opset="store_ln29/1 "/>
</bind>
</comp>

<comp id="175" class="1004" name="tmp_fu_175">
<pin_list>
<pin id="176" dir="0" index="0" bw="80" slack="0"/>
<pin id="177" dir="1" index="1" bw="14" slack="0"/>
</pin_list>
<bind>
<opcode="trunc(33) " fcode="trunc"/>
<opset="tmp/2 "/>
</bind>
</comp>

<comp id="179" class="1004" name="tmp_1_fu_179">
<pin_list>
<pin id="180" dir="0" index="0" bw="14" slack="0"/>
<pin id="181" dir="0" index="1" bw="80" slack="0"/>
<pin id="182" dir="0" index="2" bw="6" slack="0"/>
<pin id="183" dir="1" index="3" bw="14" slack="1"/>
</pin_list>
<bind>
<opcode="partselect(1002) " fcode="partselect"/>
<opset="tmp_1/2 "/>
</bind>
</comp>

<comp id="187" class="1004" name="tmp_2_fu_187">
<pin_list>
<pin id="188" dir="0" index="0" bw="14" slack="0"/>
<pin id="189" dir="0" index="1" bw="80" slack="0"/>
<pin id="190" dir="0" index="2" bw="7" slack="0"/>
<pin id="191" dir="1" index="3" bw="14" slack="2"/>
</pin_list>
<bind>
<opcode="partselect(1002) " fcode="partselect"/>
<opset="tmp_2/2 "/>
</bind>
</comp>

<comp id="195" class="1004" name="tmp_3_fu_195">
<pin_list>
<pin id="196" dir="0" index="0" bw="14" slack="0"/>
<pin id="197" dir="0" index="1" bw="80" slack="0"/>
<pin id="198" dir="0" index="2" bw="7" slack="0"/>
<pin id="199" dir="1" index="3" bw="14" slack="3"/>
</pin_list>
<bind>
<opcode="partselect(1002) " fcode="partselect"/>
<opset="tmp_3/2 "/>
</bind>
</comp>

<comp id="203" class="1004" name="tmp_4_fu_203">
<pin_list>
<pin id="204" dir="0" index="0" bw="14" slack="0"/>
<pin id="205" dir="0" index="1" bw="80" slack="0"/>
<pin id="206" dir="0" index="2" bw="8" slack="0"/>
<pin id="207" dir="1" index="3" bw="14" slack="4"/>
</pin_list>
<bind>
<opcode="partselect(1002) " fcode="partselect"/>
<opset="tmp_4/2 "/>
</bind>
</comp>

<comp id="211" class="1004" name="icmp_ln33_fu_211">
<pin_list>
<pin id="212" dir="0" index="0" bw="14" slack="0"/>
<pin id="213" dir="0" index="1" bw="14" slack="0"/>
<pin id="214" dir="1" index="2" bw="1" slack="1"/>
</pin_list>
<bind>
<opcode="icmp(45) " fcode="icmp"/>
<opset="icmp_ln33/2 "/>
</bind>
</comp>

<comp id="217" class="1004" name="tmp_5_fu_217">
<pin_list>
<pin id="218" dir="0" index="0" bw="1" slack="0"/>
<pin id="219" dir="0" index="1" bw="80" slack="0"/>
<pin id="220" dir="0" index="2" bw="5" slack="0"/>
<pin id="221" dir="1" index="3" bw="1" slack="0"/>
</pin_list>
<bind>
<opcode="bitselect(1000) " fcode="bitselect"/>
<opset="tmp_5/2 "/>
</bind>
</comp>

<comp id="225" class="1004" name="sub_ln33_fu_225">
<pin_list>
<pin id="226" dir="0" index="0" bw="1" slack="0"/>
<pin id="227" dir="0" index="1" bw="14" slack="0"/>
<pin id="228" dir="1" index="2" bw="14" slack="0"/>
</pin_list>
<bind>
<opcode="sub(10) " fcode="sub"/>
<opset="sub_ln33/2 "/>
</bind>
</comp>

<comp id="231" class="1004" name="select_ln33_fu_231">
<pin_list>
<pin id="232" dir="0" index="0" bw="1" slack="0"/>
<pin id="233" dir="0" index="1" bw="14" slack="0"/>
<pin id="234" dir="0" index="2" bw="14" slack="0"/>
<pin id="235" dir="1" index="3" bw="14" slack="1"/>
</pin_list>
<bind>
<opcode="select(49) " fcode="select"/>
<opset="select_ln33/2 "/>
</bind>
</comp>

<comp id="239" class="1004" name="tmp_7_fu_239">
<pin_list>
<pin id="240" dir="0" index="0" bw="1" slack="0"/>
<pin id="241" dir="0" index="1" bw="80" slack="0"/>
<pin id="242" dir="0" index="2" bw="6" slack="0"/>
<pin id="243" dir="1" index="3" bw="1" slack="1"/>
</pin_list>
<bind>
<opcode="bitselect(1000) " fcode="bitselect"/>
<opset="tmp_7/2 "/>
</bind>
</comp>

<comp id="247" class="1004" name="tmp_9_fu_247">
<pin_list>
<pin id="248" dir="0" index="0" bw="1" slack="0"/>
<pin id="249" dir="0" index="1" bw="80" slack="0"/>
<pin id="250" dir="0" index="2" bw="7" slack="0"/>
<pin id="251" dir="1" index="3" bw="1" slack="2"/>
</pin_list>
<bind>
<opcode="bitselect(1000) " fcode="bitselect"/>
<opset="tmp_9/2 "/>
</bind>
</comp>

<comp id="255" class="1004" name="tmp_11_fu_255">
<pin_list>
<pin id="256" dir="0" index="0" bw="1" slack="0"/>
<pin id="257" dir="0" index="1" bw="80" slack="0"/>
<pin id="258" dir="0" index="2" bw="7" slack="0"/>
<pin id="259" dir="1" index="3" bw="1" slack="3"/>
</pin_list>
<bind>
<opcode="bitselect(1000) " fcode="bitselect"/>
<opset="tmp_11/2 "/>
</bind>
</comp>

<comp id="263" class="1004" name="tmp_13_fu_263">
<pin_list>
<pin id="264" dir="0" index="0" bw="1" slack="0"/>
<pin id="265" dir="0" index="1" bw="80" slack="0"/>
<pin id="266" dir="0" index="2" bw="8" slack="0"/>
<pin id="267" dir="1" index="3" bw="1" slack="4"/>
</pin_list>
<bind>
<opcode="bitselect(1000) " fcode="bitselect"/>
<opset="tmp_13/2 "/>
</bind>
</comp>

<comp id="271" class="1004" name="tmp_6_i_fu_271">
<pin_list>
<pin id="272" dir="0" index="0" bw="14" slack="0"/>
<pin id="273" dir="0" index="1" bw="14" slack="1"/>
<pin id="274" dir="0" index="2" bw="1" slack="0"/>
<pin id="275" dir="1" index="3" bw="14" slack="0"/>
</pin_list>
<bind>
<opcode="ctlz(523) " fcode="ctlz"/>
<opset="tmp_6_i/3 "/>
</bind>
</comp>

<comp id="278" class="1004" name="trunc_ln33_fu_278">
<pin_list>
<pin id="279" dir="0" index="0" bw="14" slack="0"/>
<pin id="280" dir="1" index="1" bw="5" slack="0"/>
</pin_list>
<bind>
<opcode="trunc(33) " fcode="trunc"/>
<opset="trunc_ln33/3 "/>
</bind>
</comp>

<comp id="282" class="1004" name="zext_ln33_fu_282">
<pin_list>
<pin id="283" dir="0" index="0" bw="14" slack="1"/>
<pin id="284" dir="1" index="1" bw="38" slack="0"/>
</pin_list>
<bind>
<opcode="zext(34) " fcode="zext"/>
<opset="zext_ln33/3 "/>
</bind>
</comp>

<comp id="285" class="1004" name="add_ln33_fu_285">
<pin_list>
<pin id="286" dir="0" index="0" bw="5" slack="0"/>
<pin id="287" dir="0" index="1" bw="5" slack="0"/>
<pin id="288" dir="1" index="2" bw="5" slack="0"/>
</pin_list>
<bind>
<opcode="add(8) " fcode="add"/>
<opset="add_ln33/3 "/>
</bind>
</comp>

<comp id="291" class="1004" name="zext_ln33_1_fu_291">
<pin_list>
<pin id="292" dir="0" index="0" bw="5" slack="0"/>
<pin id="293" dir="1" index="1" bw="38" slack="0"/>
</pin_list>
<bind>
<opcode="zext(34) " fcode="zext"/>
<opset="zext_ln33_1/3 "/>
</bind>
</comp>

<comp id="295" class="1004" name="shl_ln33_fu_295">
<pin_list>
<pin id="296" dir="0" index="0" bw="14" slack="0"/>
<pin id="297" dir="0" index="1" bw="5" slack="0"/>
<pin id="298" dir="1" index="2" bw="38" slack="0"/>
</pin_list>
<bind>
<opcode="shl(20) " fcode="shl"/>
<opset="shl_ln33/3 "/>
</bind>
</comp>

<comp id="301" class="1004" name="lshr_ln_fu_301">
<pin_list>
<pin id="302" dir="0" index="0" bw="37" slack="0"/>
<pin id="303" dir="0" index="1" bw="38" slack="0"/>
<pin id="304" dir="0" index="2" bw="1" slack="0"/>
<pin id="305" dir="0" index="3" bw="7" slack="0"/>
<pin id="306" dir="1" index="4" bw="37" slack="0"/>
</pin_list>
<bind>
<opcode="partselect(1002) " fcode="partselect"/>
<opset="lshr_ln/3 "/>
</bind>
</comp>

<comp id="311" class="1004" name="zext_ln33_2_fu_311">
<pin_list>
<pin id="312" dir="0" index="0" bw="37" slack="0"/>
<pin id="313" dir="1" index="1" bw="64" slack="0"/>
</pin_list>
<bind>
<opcode="zext(34) " fcode="zext"/>
<opset="zext_ln33_2/3 "/>
</bind>
</comp>

<comp id="315" class="1004" name="tmp_6_fu_315">
<pin_list>
<pin id="316" dir="0" index="0" bw="1" slack="0"/>
<pin id="317" dir="0" index="1" bw="38" slack="0"/>
<pin id="318" dir="0" index="2" bw="6" slack="0"/>
<pin id="319" dir="1" index="3" bw="1" slack="0"/>
</pin_list>
<bind>
<opcode="bitselect(1000) " fcode="bitselect"/>
<opset="tmp_6/3 "/>
</bind>
</comp>

<comp id="323" class="1004" name="select_ln33_1_fu_323">
<pin_list>
<pin id="324" dir="0" index="0" bw="1" slack="0"/>
<pin id="325" dir="0" index="1" bw="8" slack="0"/>
<pin id="326" dir="0" index="2" bw="8" slack="0"/>
<pin id="327" dir="1" index="3" bw="8" slack="0"/>
</pin_list>
<bind>
<opcode="select(49) " fcode="select"/>
<opset="select_ln33_1/3 "/>
</bind>
</comp>

<comp id="331" class="1004" name="sub_ln33_1_fu_331">
<pin_list>
<pin id="332" dir="0" index="0" bw="5" slack="0"/>
<pin id="333" dir="0" index="1" bw="5" slack="0"/>
<pin id="334" dir="1" index="2" bw="5" slack="0"/>
</pin_list>
<bind>
<opcode="sub(10) " fcode="sub"/>
<opset="sub_ln33_1/3 "/>
</bind>
</comp>

<comp id="337" class="1004" name="sext_ln33_fu_337">
<pin_list>
<pin id="338" dir="0" index="0" bw="5" slack="0"/>
<pin id="339" dir="1" index="1" bw="8" slack="0"/>
</pin_list>
<bind>
<opcode="sext(35) " fcode="sext"/>
<opset="sext_ln33/3 "/>
</bind>
</comp>

<comp id="341" class="1004" name="add_ln33_1_fu_341">
<pin_list>
<pin id="342" dir="0" index="0" bw="8" slack="0"/>
<pin id="343" dir="0" index="1" bw="5" slack="0"/>
<pin id="344" dir="1" index="2" bw="8" slack="0"/>
</pin_list>
<bind>
<opcode="add(8) " fcode="add"/>
<opset="add_ln33_1/3 "/>
</bind>
</comp>

<comp id="347" class="1004" name="tmp_7_i_fu_347">
<pin_list>
<pin id="348" dir="0" index="0" bw="9" slack="0"/>
<pin id="349" dir="0" index="1" bw="1" slack="1"/>
<pin id="350" dir="0" index="2" bw="8" slack="0"/>
<pin id="351" dir="1" index="3" bw="9" slack="0"/>
</pin_list>
<bind>
<opcode="bitconcatenate(1004) " fcode="bitconcatenate"/>
<opset="tmp_7_i/3 "/>
</bind>
</comp>

<comp id="354" class="1004" name="pi_assign_fu_354">
<pin_list>
<pin id="355" dir="0" index="0" bw="64" slack="0"/>
<pin id="356" dir="0" index="1" bw="37" slack="0"/>
<pin id="357" dir="0" index="2" bw="9" slack="0"/>
<pin id="358" dir="0" index="3" bw="6" slack="0"/>
<pin id="359" dir="0" index="4" bw="6" slack="0"/>
<pin id="360" dir="1" index="5" bw="64" slack="0"/>
</pin_list>
<bind>
<opcode="partset(1003) " fcode="partset"/>
<opset="pi_assign/3 "/>
</bind>
</comp>

<comp id="366" class="1004" name="LD_fu_366">
<pin_list>
<pin id="367" dir="0" index="0" bw="64" slack="0"/>
<pin id="368" dir="1" index="1" bw="32" slack="0"/>
</pin_list>
<bind>
<opcode="trunc(33) " fcode="trunc"/>
<opset="LD/3 "/>
</bind>
</comp>

<comp id="370" class="1004" name="empty_fu_370">
<pin_list>
<pin id="371" dir="0" index="0" bw="1" slack="1"/>
<pin id="372" dir="0" index="1" bw="32" slack="0"/>
<pin id="373" dir="0" index="2" bw="32" slack="0"/>
<pin id="374" dir="1" index="3" bw="32" slack="1"/>
</pin_list>
<bind>
<opcode="select(49) " fcode="select"/>
<opset="empty/3 "/>
</bind>
</comp>

<comp id="377" class="1004" name="icmp_ln33_1_fu_377">
<pin_list>
<pin id="378" dir="0" index="0" bw="14" slack="1"/>
<pin id="379" dir="0" index="1" bw="14" slack="0"/>
<pin id="380" dir="1" index="2" bw="1" slack="1"/>
</pin_list>
<bind>
<opcode="icmp(45) " fcode="icmp"/>
<opset="icmp_ln33_1/3 "/>
</bind>
</comp>

<comp id="382" class="1004" name="sub_ln33_2_fu_382">
<pin_list>
<pin id="383" dir="0" index="0" bw="1" slack="0"/>
<pin id="384" dir="0" index="1" bw="14" slack="1"/>
<pin id="385" dir="1" index="2" bw="14" slack="0"/>
</pin_list>
<bind>
<opcode="sub(10) " fcode="sub"/>
<opset="sub_ln33_2/3 "/>
</bind>
</comp>

<comp id="387" class="1004" name="select_ln33_2_fu_387">
<pin_list>
<pin id="388" dir="0" index="0" bw="1" slack="1"/>
<pin id="389" dir="0" index="1" bw="14" slack="0"/>
<pin id="390" dir="0" index="2" bw="14" slack="1"/>
<pin id="391" dir="1" index="3" bw="14" slack="1"/>
</pin_list>
<bind>
<opcode="select(49) " fcode="select"/>
<opset="select_ln33_2/3 "/>
</bind>
</comp>

<comp id="393" class="1004" name="tmp_8_i_fu_393">
<pin_list>
<pin id="394" dir="0" index="0" bw="14" slack="0"/>
<pin id="395" dir="0" index="1" bw="14" slack="1"/>
<pin id="396" dir="0" index="2" bw="1" slack="0"/>
<pin id="397" dir="1" index="3" bw="14" slack="0"/>
</pin_list>
<bind>
<opcode="ctlz(523) " fcode="ctlz"/>
<opset="tmp_8_i/4 "/>
</bind>
</comp>

<comp id="400" class="1004" name="trunc_ln33_1_fu_400">
<pin_list>
<pin id="401" dir="0" index="0" bw="14" slack="0"/>
<pin id="402" dir="1" index="1" bw="5" slack="0"/>
</pin_list>
<bind>
<opcode="trunc(33) " fcode="trunc"/>
<opset="trunc_ln33_1/4 "/>
</bind>
</comp>

<comp id="404" class="1004" name="zext_ln33_3_fu_404">
<pin_list>
<pin id="405" dir="0" index="0" bw="14" slack="1"/>
<pin id="406" dir="1" index="1" bw="38" slack="0"/>
</pin_list>
<bind>
<opcode="zext(34) " fcode="zext"/>
<opset="zext_ln33_3/4 "/>
</bind>
</comp>

<comp id="407" class="1004" name="add_ln33_2_fu_407">
<pin_list>
<pin id="408" dir="0" index="0" bw="5" slack="0"/>
<pin id="409" dir="0" index="1" bw="5" slack="0"/>
<pin id="410" dir="1" index="2" bw="5" slack="0"/>
</pin_list>
<bind>
<opcode="add(8) " fcode="add"/>
<opset="add_ln33_2/4 "/>
</bind>
</comp>

<comp id="413" class="1004" name="zext_ln33_4_fu_413">
<pin_list>
<pin id="414" dir="0" index="0" bw="5" slack="0"/>
<pin id="415" dir="1" index="1" bw="38" slack="0"/>
</pin_list>
<bind>
<opcode="zext(34) " fcode="zext"/>
<opset="zext_ln33_4/4 "/>
</bind>
</comp>

<comp id="417" class="1004" name="shl_ln33_1_fu_417">
<pin_list>
<pin id="418" dir="0" index="0" bw="14" slack="0"/>
<pin id="419" dir="0" index="1" bw="5" slack="0"/>
<pin id="420" dir="1" index="2" bw="38" slack="0"/>
</pin_list>
<bind>
<opcode="shl(20) " fcode="shl"/>
<opset="shl_ln33_1/4 "/>
</bind>
</comp>

<comp id="423" class="1004" name="lshr_ln33_1_fu_423">
<pin_list>
<pin id="424" dir="0" index="0" bw="37" slack="0"/>
<pin id="425" dir="0" index="1" bw="38" slack="0"/>
<pin id="426" dir="0" index="2" bw="1" slack="0"/>
<pin id="427" dir="0" index="3" bw="7" slack="0"/>
<pin id="428" dir="1" index="4" bw="37" slack="0"/>
</pin_list>
<bind>
<opcode="partselect(1002) " fcode="partselect"/>
<opset="lshr_ln33_1/4 "/>
</bind>
</comp>

<comp id="433" class="1004" name="zext_ln33_5_fu_433">
<pin_list>
<pin id="434" dir="0" index="0" bw="37" slack="0"/>
<pin id="435" dir="1" index="1" bw="64" slack="0"/>
</pin_list>
<bind>
<opcode="zext(34) " fcode="zext"/>
<opset="zext_ln33_5/4 "/>
</bind>
</comp>

<comp id="437" class="1004" name="tmp_8_fu_437">
<pin_list>
<pin id="438" dir="0" index="0" bw="1" slack="0"/>
<pin id="439" dir="0" index="1" bw="38" slack="0"/>
<pin id="440" dir="0" index="2" bw="6" slack="0"/>
<pin id="441" dir="1" index="3" bw="1" slack="0"/>
</pin_list>
<bind>
<opcode="bitselect(1000) " fcode="bitselect"/>
<opset="tmp_8/4 "/>
</bind>
</comp>

<comp id="445" class="1004" name="select_ln33_3_fu_445">
<pin_list>
<pin id="446" dir="0" index="0" bw="1" slack="0"/>
<pin id="447" dir="0" index="1" bw="8" slack="0"/>
<pin id="448" dir="0" index="2" bw="8" slack="0"/>
<pin id="449" dir="1" index="3" bw="8" slack="0"/>
</pin_list>
<bind>
<opcode="select(49) " fcode="select"/>
<opset="select_ln33_3/4 "/>
</bind>
</comp>

<comp id="453" class="1004" name="sub_ln33_3_fu_453">
<pin_list>
<pin id="454" dir="0" index="0" bw="5" slack="0"/>
<pin id="455" dir="0" index="1" bw="5" slack="0"/>
<pin id="456" dir="1" index="2" bw="5" slack="0"/>
</pin_list>
<bind>
<opcode="sub(10) " fcode="sub"/>
<opset="sub_ln33_3/4 "/>
</bind>
</comp>

<comp id="459" class="1004" name="sext_ln33_1_fu_459">
<pin_list>
<pin id="460" dir="0" index="0" bw="5" slack="0"/>
<pin id="461" dir="1" index="1" bw="8" slack="0"/>
</pin_list>
<bind>
<opcode="sext(35) " fcode="sext"/>
<opset="sext_ln33_1/4 "/>
</bind>
</comp>

<comp id="463" class="1004" name="add_ln33_3_fu_463">
<pin_list>
<pin id="464" dir="0" index="0" bw="8" slack="0"/>
<pin id="465" dir="0" index="1" bw="5" slack="0"/>
<pin id="466" dir="1" index="2" bw="8" slack="0"/>
</pin_list>
<bind>
<opcode="add(8) " fcode="add"/>
<opset="add_ln33_3/4 "/>
</bind>
</comp>

<comp id="469" class="1004" name="tmp_11_i_fu_469">
<pin_list>
<pin id="470" dir="0" index="0" bw="9" slack="0"/>
<pin id="471" dir="0" index="1" bw="1" slack="2"/>
<pin id="472" dir="0" index="2" bw="8" slack="0"/>
<pin id="473" dir="1" index="3" bw="9" slack="0"/>
</pin_list>
<bind>
<opcode="bitconcatenate(1004) " fcode="bitconcatenate"/>
<opset="tmp_11_i/4 "/>
</bind>
</comp>

<comp id="476" class="1004" name="pi_assign_1_fu_476">
<pin_list>
<pin id="477" dir="0" index="0" bw="64" slack="0"/>
<pin id="478" dir="0" index="1" bw="37" slack="0"/>
<pin id="479" dir="0" index="2" bw="9" slack="0"/>
<pin id="480" dir="0" index="3" bw="6" slack="0"/>
<pin id="481" dir="0" index="4" bw="6" slack="0"/>
<pin id="482" dir="1" index="5" bw="64" slack="0"/>
</pin_list>
<bind>
<opcode="partset(1003) " fcode="partset"/>
<opset="pi_assign_1/4 "/>
</bind>
</comp>

<comp id="488" class="1004" name="LD_1_fu_488">
<pin_list>
<pin id="489" dir="0" index="0" bw="64" slack="0"/>
<pin id="490" dir="1" index="1" bw="32" slack="0"/>
</pin_list>
<bind>
<opcode="trunc(33) " fcode="trunc"/>
<opset="LD_1/4 "/>
</bind>
</comp>

<comp id="492" class="1004" name="empty_57_fu_492">
<pin_list>
<pin id="493" dir="0" index="0" bw="1" slack="1"/>
<pin id="494" dir="0" index="1" bw="32" slack="0"/>
<pin id="495" dir="0" index="2" bw="32" slack="0"/>
<pin id="496" dir="1" index="3" bw="32" slack="1"/>
</pin_list>
<bind>
<opcode="select(49) " fcode="select"/>
<opset="empty_57/4 "/>
</bind>
</comp>

<comp id="499" class="1004" name="icmp_ln33_2_fu_499">
<pin_list>
<pin id="500" dir="0" index="0" bw="14" slack="2"/>
<pin id="501" dir="0" index="1" bw="14" slack="0"/>
<pin id="502" dir="1" index="2" bw="1" slack="1"/>
</pin_list>
<bind>
<opcode="icmp(45) " fcode="icmp"/>
<opset="icmp_ln33_2/4 "/>
</bind>
</comp>

<comp id="504" class="1004" name="sub_ln33_4_fu_504">
<pin_list>
<pin id="505" dir="0" index="0" bw="1" slack="0"/>
<pin id="506" dir="0" index="1" bw="14" slack="2"/>
<pin id="507" dir="1" index="2" bw="14" slack="0"/>
</pin_list>
<bind>
<opcode="sub(10) " fcode="sub"/>
<opset="sub_ln33_4/4 "/>
</bind>
</comp>

<comp id="509" class="1004" name="select_ln33_4_fu_509">
<pin_list>
<pin id="510" dir="0" index="0" bw="1" slack="2"/>
<pin id="511" dir="0" index="1" bw="14" slack="0"/>
<pin id="512" dir="0" index="2" bw="14" slack="2"/>
<pin id="513" dir="1" index="3" bw="14" slack="1"/>
</pin_list>
<bind>
<opcode="select(49) " fcode="select"/>
<opset="select_ln33_4/4 "/>
</bind>
</comp>

<comp id="515" class="1004" name="tmp_13_i_fu_515">
<pin_list>
<pin id="516" dir="0" index="0" bw="14" slack="0"/>
<pin id="517" dir="0" index="1" bw="14" slack="1"/>
<pin id="518" dir="0" index="2" bw="1" slack="0"/>
<pin id="519" dir="1" index="3" bw="14" slack="0"/>
</pin_list>
<bind>
<opcode="ctlz(523) " fcode="ctlz"/>
<opset="tmp_13_i/5 "/>
</bind>
</comp>

<comp id="522" class="1004" name="trunc_ln33_2_fu_522">
<pin_list>
<pin id="523" dir="0" index="0" bw="14" slack="0"/>
<pin id="524" dir="1" index="1" bw="5" slack="0"/>
</pin_list>
<bind>
<opcode="trunc(33) " fcode="trunc"/>
<opset="trunc_ln33_2/5 "/>
</bind>
</comp>

<comp id="526" class="1004" name="zext_ln33_6_fu_526">
<pin_list>
<pin id="527" dir="0" index="0" bw="14" slack="1"/>
<pin id="528" dir="1" index="1" bw="38" slack="0"/>
</pin_list>
<bind>
<opcode="zext(34) " fcode="zext"/>
<opset="zext_ln33_6/5 "/>
</bind>
</comp>

<comp id="529" class="1004" name="add_ln33_4_fu_529">
<pin_list>
<pin id="530" dir="0" index="0" bw="5" slack="0"/>
<pin id="531" dir="0" index="1" bw="5" slack="0"/>
<pin id="532" dir="1" index="2" bw="5" slack="0"/>
</pin_list>
<bind>
<opcode="add(8) " fcode="add"/>
<opset="add_ln33_4/5 "/>
</bind>
</comp>

<comp id="535" class="1004" name="zext_ln33_7_fu_535">
<pin_list>
<pin id="536" dir="0" index="0" bw="5" slack="0"/>
<pin id="537" dir="1" index="1" bw="38" slack="0"/>
</pin_list>
<bind>
<opcode="zext(34) " fcode="zext"/>
<opset="zext_ln33_7/5 "/>
</bind>
</comp>

<comp id="539" class="1004" name="shl_ln33_2_fu_539">
<pin_list>
<pin id="540" dir="0" index="0" bw="14" slack="0"/>
<pin id="541" dir="0" index="1" bw="5" slack="0"/>
<pin id="542" dir="1" index="2" bw="38" slack="0"/>
</pin_list>
<bind>
<opcode="shl(20) " fcode="shl"/>
<opset="shl_ln33_2/5 "/>
</bind>
</comp>

<comp id="545" class="1004" name="lshr_ln33_2_fu_545">
<pin_list>
<pin id="546" dir="0" index="0" bw="37" slack="0"/>
<pin id="547" dir="0" index="1" bw="38" slack="0"/>
<pin id="548" dir="0" index="2" bw="1" slack="0"/>
<pin id="549" dir="0" index="3" bw="7" slack="0"/>
<pin id="550" dir="1" index="4" bw="37" slack="0"/>
</pin_list>
<bind>
<opcode="partselect(1002) " fcode="partselect"/>
<opset="lshr_ln33_2/5 "/>
</bind>
</comp>

<comp id="555" class="1004" name="zext_ln33_8_fu_555">
<pin_list>
<pin id="556" dir="0" index="0" bw="37" slack="0"/>
<pin id="557" dir="1" index="1" bw="64" slack="0"/>
</pin_list>
<bind>
<opcode="zext(34) " fcode="zext"/>
<opset="zext_ln33_8/5 "/>
</bind>
</comp>

<comp id="559" class="1004" name="tmp_10_fu_559">
<pin_list>
<pin id="560" dir="0" index="0" bw="1" slack="0"/>
<pin id="561" dir="0" index="1" bw="38" slack="0"/>
<pin id="562" dir="0" index="2" bw="6" slack="0"/>
<pin id="563" dir="1" index="3" bw="1" slack="0"/>
</pin_list>
<bind>
<opcode="bitselect(1000) " fcode="bitselect"/>
<opset="tmp_10/5 "/>
</bind>
</comp>

<comp id="567" class="1004" name="select_ln33_5_fu_567">
<pin_list>
<pin id="568" dir="0" index="0" bw="1" slack="0"/>
<pin id="569" dir="0" index="1" bw="8" slack="0"/>
<pin id="570" dir="0" index="2" bw="8" slack="0"/>
<pin id="571" dir="1" index="3" bw="8" slack="0"/>
</pin_list>
<bind>
<opcode="select(49) " fcode="select"/>
<opset="select_ln33_5/5 "/>
</bind>
</comp>

<comp id="575" class="1004" name="sub_ln33_5_fu_575">
<pin_list>
<pin id="576" dir="0" index="0" bw="5" slack="0"/>
<pin id="577" dir="0" index="1" bw="5" slack="0"/>
<pin id="578" dir="1" index="2" bw="5" slack="0"/>
</pin_list>
<bind>
<opcode="sub(10) " fcode="sub"/>
<opset="sub_ln33_5/5 "/>
</bind>
</comp>

<comp id="581" class="1004" name="sext_ln33_2_fu_581">
<pin_list>
<pin id="582" dir="0" index="0" bw="5" slack="0"/>
<pin id="583" dir="1" index="1" bw="8" slack="0"/>
</pin_list>
<bind>
<opcode="sext(35) " fcode="sext"/>
<opset="sext_ln33_2/5 "/>
</bind>
</comp>

<comp id="585" class="1004" name="add_ln33_5_fu_585">
<pin_list>
<pin id="586" dir="0" index="0" bw="8" slack="0"/>
<pin id="587" dir="0" index="1" bw="5" slack="0"/>
<pin id="588" dir="1" index="2" bw="8" slack="0"/>
</pin_list>
<bind>
<opcode="add(8) " fcode="add"/>
<opset="add_ln33_5/5 "/>
</bind>
</comp>

<comp id="591" class="1004" name="tmp_15_i_fu_591">
<pin_list>
<pin id="592" dir="0" index="0" bw="9" slack="0"/>
<pin id="593" dir="0" index="1" bw="1" slack="3"/>
<pin id="594" dir="0" index="2" bw="8" slack="0"/>
<pin id="595" dir="1" index="3" bw="9" slack="0"/>
</pin_list>
<bind>
<opcode="bitconcatenate(1004) " fcode="bitconcatenate"/>
<opset="tmp_15_i/5 "/>
</bind>
</comp>

<comp id="598" class="1004" name="pi_assign_2_fu_598">
<pin_list>
<pin id="599" dir="0" index="0" bw="64" slack="0"/>
<pin id="600" dir="0" index="1" bw="37" slack="0"/>
<pin id="601" dir="0" index="2" bw="9" slack="0"/>
<pin id="602" dir="0" index="3" bw="6" slack="0"/>
<pin id="603" dir="0" index="4" bw="6" slack="0"/>
<pin id="604" dir="1" index="5" bw="64" slack="0"/>
</pin_list>
<bind>
<opcode="partset(1003) " fcode="partset"/>
<opset="pi_assign_2/5 "/>
</bind>
</comp>

<comp id="610" class="1004" name="LD_2_fu_610">
<pin_list>
<pin id="611" dir="0" index="0" bw="64" slack="0"/>
<pin id="612" dir="1" index="1" bw="32" slack="0"/>
</pin_list>
<bind>
<opcode="trunc(33) " fcode="trunc"/>
<opset="LD_2/5 "/>
</bind>
</comp>

<comp id="614" class="1004" name="empty_58_fu_614">
<pin_list>
<pin id="615" dir="0" index="0" bw="1" slack="1"/>
<pin id="616" dir="0" index="1" bw="32" slack="0"/>
<pin id="617" dir="0" index="2" bw="32" slack="0"/>
<pin id="618" dir="1" index="3" bw="32" slack="1"/>
</pin_list>
<bind>
<opcode="select(49) " fcode="select"/>
<opset="empty_58/5 "/>
</bind>
</comp>

<comp id="621" class="1004" name="icmp_ln33_3_fu_621">
<pin_list>
<pin id="622" dir="0" index="0" bw="14" slack="3"/>
<pin id="623" dir="0" index="1" bw="14" slack="0"/>
<pin id="624" dir="1" index="2" bw="1" slack="1"/>
</pin_list>
<bind>
<opcode="icmp(45) " fcode="icmp"/>
<opset="icmp_ln33_3/5 "/>
</bind>
</comp>

<comp id="626" class="1004" name="sub_ln33_6_fu_626">
<pin_list>
<pin id="627" dir="0" index="0" bw="1" slack="0"/>
<pin id="628" dir="0" index="1" bw="14" slack="3"/>
<pin id="629" dir="1" index="2" bw="14" slack="0"/>
</pin_list>
<bind>
<opcode="sub(10) " fcode="sub"/>
<opset="sub_ln33_6/5 "/>
</bind>
</comp>

<comp id="631" class="1004" name="select_ln33_6_fu_631">
<pin_list>
<pin id="632" dir="0" index="0" bw="1" slack="3"/>
<pin id="633" dir="0" index="1" bw="14" slack="0"/>
<pin id="634" dir="0" index="2" bw="14" slack="3"/>
<pin id="635" dir="1" index="3" bw="14" slack="1"/>
</pin_list>
<bind>
<opcode="select(49) " fcode="select"/>
<opset="select_ln33_6/5 "/>
</bind>
</comp>

<comp id="637" class="1004" name="tmp_17_i_fu_637">
<pin_list>
<pin id="638" dir="0" index="0" bw="14" slack="0"/>
<pin id="639" dir="0" index="1" bw="14" slack="1"/>
<pin id="640" dir="0" index="2" bw="1" slack="0"/>
<pin id="641" dir="1" index="3" bw="14" slack="0"/>
</pin_list>
<bind>
<opcode="ctlz(523) " fcode="ctlz"/>
<opset="tmp_17_i/6 "/>
</bind>
</comp>

<comp id="644" class="1004" name="trunc_ln33_3_fu_644">
<pin_list>
<pin id="645" dir="0" index="0" bw="14" slack="0"/>
<pin id="646" dir="1" index="1" bw="5" slack="0"/>
</pin_list>
<bind>
<opcode="trunc(33) " fcode="trunc"/>
<opset="trunc_ln33_3/6 "/>
</bind>
</comp>

<comp id="648" class="1004" name="zext_ln33_9_fu_648">
<pin_list>
<pin id="649" dir="0" index="0" bw="14" slack="1"/>
<pin id="650" dir="1" index="1" bw="38" slack="0"/>
</pin_list>
<bind>
<opcode="zext(34) " fcode="zext"/>
<opset="zext_ln33_9/6 "/>
</bind>
</comp>

<comp id="651" class="1004" name="add_ln33_6_fu_651">
<pin_list>
<pin id="652" dir="0" index="0" bw="5" slack="0"/>
<pin id="653" dir="0" index="1" bw="5" slack="0"/>
<pin id="654" dir="1" index="2" bw="5" slack="0"/>
</pin_list>
<bind>
<opcode="add(8) " fcode="add"/>
<opset="add_ln33_6/6 "/>
</bind>
</comp>

<comp id="657" class="1004" name="zext_ln33_10_fu_657">
<pin_list>
<pin id="658" dir="0" index="0" bw="5" slack="0"/>
<pin id="659" dir="1" index="1" bw="38" slack="0"/>
</pin_list>
<bind>
<opcode="zext(34) " fcode="zext"/>
<opset="zext_ln33_10/6 "/>
</bind>
</comp>

<comp id="661" class="1004" name="shl_ln33_3_fu_661">
<pin_list>
<pin id="662" dir="0" index="0" bw="14" slack="0"/>
<pin id="663" dir="0" index="1" bw="5" slack="0"/>
<pin id="664" dir="1" index="2" bw="38" slack="0"/>
</pin_list>
<bind>
<opcode="shl(20) " fcode="shl"/>
<opset="shl_ln33_3/6 "/>
</bind>
</comp>

<comp id="667" class="1004" name="lshr_ln33_3_fu_667">
<pin_list>
<pin id="668" dir="0" index="0" bw="37" slack="0"/>
<pin id="669" dir="0" index="1" bw="38" slack="0"/>
<pin id="670" dir="0" index="2" bw="1" slack="0"/>
<pin id="671" dir="0" index="3" bw="7" slack="0"/>
<pin id="672" dir="1" index="4" bw="37" slack="0"/>
</pin_list>
<bind>
<opcode="partselect(1002) " fcode="partselect"/>
<opset="lshr_ln33_3/6 "/>
</bind>
</comp>

<comp id="677" class="1004" name="zext_ln33_11_fu_677">
<pin_list>
<pin id="678" dir="0" index="0" bw="37" slack="0"/>
<pin id="679" dir="1" index="1" bw="64" slack="0"/>
</pin_list>
<bind>
<opcode="zext(34) " fcode="zext"/>
<opset="zext_ln33_11/6 "/>
</bind>
</comp>

<comp id="681" class="1004" name="tmp_12_fu_681">
<pin_list>
<pin id="682" dir="0" index="0" bw="1" slack="0"/>
<pin id="683" dir="0" index="1" bw="38" slack="0"/>
<pin id="684" dir="0" index="2" bw="6" slack="0"/>
<pin id="685" dir="1" index="3" bw="1" slack="0"/>
</pin_list>
<bind>
<opcode="bitselect(1000) " fcode="bitselect"/>
<opset="tmp_12/6 "/>
</bind>
</comp>

<comp id="689" class="1004" name="select_ln33_7_fu_689">
<pin_list>
<pin id="690" dir="0" index="0" bw="1" slack="0"/>
<pin id="691" dir="0" index="1" bw="8" slack="0"/>
<pin id="692" dir="0" index="2" bw="8" slack="0"/>
<pin id="693" dir="1" index="3" bw="8" slack="0"/>
</pin_list>
<bind>
<opcode="select(49) " fcode="select"/>
<opset="select_ln33_7/6 "/>
</bind>
</comp>

<comp id="697" class="1004" name="sub_ln33_7_fu_697">
<pin_list>
<pin id="698" dir="0" index="0" bw="5" slack="0"/>
<pin id="699" dir="0" index="1" bw="5" slack="0"/>
<pin id="700" dir="1" index="2" bw="5" slack="0"/>
</pin_list>
<bind>
<opcode="sub(10) " fcode="sub"/>
<opset="sub_ln33_7/6 "/>
</bind>
</comp>

<comp id="703" class="1004" name="sext_ln33_3_fu_703">
<pin_list>
<pin id="704" dir="0" index="0" bw="5" slack="0"/>
<pin id="705" dir="1" index="1" bw="8" slack="0"/>
</pin_list>
<bind>
<opcode="sext(35) " fcode="sext"/>
<opset="sext_ln33_3/6 "/>
</bind>
</comp>

<comp id="707" class="1004" name="add_ln33_7_fu_707">
<pin_list>
<pin id="708" dir="0" index="0" bw="8" slack="0"/>
<pin id="709" dir="0" index="1" bw="5" slack="0"/>
<pin id="710" dir="1" index="2" bw="8" slack="0"/>
</pin_list>
<bind>
<opcode="add(8) " fcode="add"/>
<opset="add_ln33_7/6 "/>
</bind>
</comp>

<comp id="713" class="1004" name="tmp_19_i_fu_713">
<pin_list>
<pin id="714" dir="0" index="0" bw="9" slack="0"/>
<pin id="715" dir="0" index="1" bw="1" slack="4"/>
<pin id="716" dir="0" index="2" bw="8" slack="0"/>
<pin id="717" dir="1" index="3" bw="9" slack="0"/>
</pin_list>
<bind>
<opcode="bitconcatenate(1004) " fcode="bitconcatenate"/>
<opset="tmp_19_i/6 "/>
</bind>
</comp>

<comp id="720" class="1004" name="pi_assign_3_fu_720">
<pin_list>
<pin id="721" dir="0" index="0" bw="64" slack="0"/>
<pin id="722" dir="0" index="1" bw="37" slack="0"/>
<pin id="723" dir="0" index="2" bw="9" slack="0"/>
<pin id="724" dir="0" index="3" bw="6" slack="0"/>
<pin id="725" dir="0" index="4" bw="6" slack="0"/>
<pin id="726" dir="1" index="5" bw="64" slack="0"/>
</pin_list>
<bind>
<opcode="partset(1003) " fcode="partset"/>
<opset="pi_assign_3/6 "/>
</bind>
</comp>

<comp id="732" class="1004" name="LD_3_fu_732">
<pin_list>
<pin id="733" dir="0" index="0" bw="64" slack="0"/>
<pin id="734" dir="1" index="1" bw="32" slack="0"/>
</pin_list>
<bind>
<opcode="trunc(33) " fcode="trunc"/>
<opset="LD_3/6 "/>
</bind>
</comp>

<comp id="736" class="1004" name="empty_59_fu_736">
<pin_list>
<pin id="737" dir="0" index="0" bw="1" slack="1"/>
<pin id="738" dir="0" index="1" bw="32" slack="0"/>
<pin id="739" dir="0" index="2" bw="32" slack="0"/>
<pin id="740" dir="1" index="3" bw="32" slack="1"/>
</pin_list>
<bind>
<opcode="select(49) " fcode="select"/>
<opset="empty_59/6 "/>
</bind>
</comp>

<comp id="743" class="1004" name="icmp_ln33_4_fu_743">
<pin_list>
<pin id="744" dir="0" index="0" bw="14" slack="4"/>
<pin id="745" dir="0" index="1" bw="14" slack="0"/>
<pin id="746" dir="1" index="2" bw="1" slack="1"/>
</pin_list>
<bind>
<opcode="icmp(45) " fcode="icmp"/>
<opset="icmp_ln33_4/6 "/>
</bind>
</comp>

<comp id="748" class="1004" name="sub_ln33_8_fu_748">
<pin_list>
<pin id="749" dir="0" index="0" bw="1" slack="0"/>
<pin id="750" dir="0" index="1" bw="14" slack="4"/>
<pin id="751" dir="1" index="2" bw="14" slack="0"/>
</pin_list>
<bind>
<opcode="sub(10) " fcode="sub"/>
<opset="sub_ln33_8/6 "/>
</bind>
</comp>

<comp id="753" class="1004" name="select_ln33_8_fu_753">
<pin_list>
<pin id="754" dir="0" index="0" bw="1" slack="4"/>
<pin id="755" dir="0" index="1" bw="14" slack="0"/>
<pin id="756" dir="0" index="2" bw="14" slack="4"/>
<pin id="757" dir="1" index="3" bw="14" slack="1"/>
</pin_list>
<bind>
<opcode="select(49) " fcode="select"/>
<opset="select_ln33_8/6 "/>
</bind>
</comp>

<comp id="759" class="1004" name="tmp_21_i_fu_759">
<pin_list>
<pin id="760" dir="0" index="0" bw="14" slack="0"/>
<pin id="761" dir="0" index="1" bw="14" slack="1"/>
<pin id="762" dir="0" index="2" bw="1" slack="0"/>
<pin id="763" dir="1" index="3" bw="14" slack="0"/>
</pin_list>
<bind>
<opcode="ctlz(523) " fcode="ctlz"/>
<opset="tmp_21_i/7 "/>
</bind>
</comp>

<comp id="766" class="1004" name="trunc_ln33_4_fu_766">
<pin_list>
<pin id="767" dir="0" index="0" bw="14" slack="0"/>
<pin id="768" dir="1" index="1" bw="5" slack="0"/>
</pin_list>
<bind>
<opcode="trunc(33) " fcode="trunc"/>
<opset="trunc_ln33_4/7 "/>
</bind>
</comp>

<comp id="770" class="1004" name="zext_ln33_12_fu_770">
<pin_list>
<pin id="771" dir="0" index="0" bw="14" slack="1"/>
<pin id="772" dir="1" index="1" bw="38" slack="0"/>
</pin_list>
<bind>
<opcode="zext(34) " fcode="zext"/>
<opset="zext_ln33_12/7 "/>
</bind>
</comp>

<comp id="773" class="1004" name="add_ln33_8_fu_773">
<pin_list>
<pin id="774" dir="0" index="0" bw="5" slack="0"/>
<pin id="775" dir="0" index="1" bw="5" slack="0"/>
<pin id="776" dir="1" index="2" bw="5" slack="0"/>
</pin_list>
<bind>
<opcode="add(8) " fcode="add"/>
<opset="add_ln33_8/7 "/>
</bind>
</comp>

<comp id="779" class="1004" name="zext_ln33_13_fu_779">
<pin_list>
<pin id="780" dir="0" index="0" bw="5" slack="0"/>
<pin id="781" dir="1" index="1" bw="38" slack="0"/>
</pin_list>
<bind>
<opcode="zext(34) " fcode="zext"/>
<opset="zext_ln33_13/7 "/>
</bind>
</comp>

<comp id="783" class="1004" name="shl_ln33_4_fu_783">
<pin_list>
<pin id="784" dir="0" index="0" bw="14" slack="0"/>
<pin id="785" dir="0" index="1" bw="5" slack="0"/>
<pin id="786" dir="1" index="2" bw="38" slack="0"/>
</pin_list>
<bind>
<opcode="shl(20) " fcode="shl"/>
<opset="shl_ln33_4/7 "/>
</bind>
</comp>

<comp id="789" class="1004" name="lshr_ln33_4_fu_789">
<pin_list>
<pin id="790" dir="0" index="0" bw="37" slack="0"/>
<pin id="791" dir="0" index="1" bw="38" slack="0"/>
<pin id="792" dir="0" index="2" bw="1" slack="0"/>
<pin id="793" dir="0" index="3" bw="7" slack="0"/>
<pin id="794" dir="1" index="4" bw="37" slack="0"/>
</pin_list>
<bind>
<opcode="partselect(1002) " fcode="partselect"/>
<opset="lshr_ln33_4/7 "/>
</bind>
</comp>

<comp id="799" class="1004" name="zext_ln33_14_fu_799">
<pin_list>
<pin id="800" dir="0" index="0" bw="37" slack="0"/>
<pin id="801" dir="1" index="1" bw="64" slack="0"/>
</pin_list>
<bind>
<opcode="zext(34) " fcode="zext"/>
<opset="zext_ln33_14/7 "/>
</bind>
</comp>

<comp id="803" class="1004" name="tmp_14_fu_803">
<pin_list>
<pin id="804" dir="0" index="0" bw="1" slack="0"/>
<pin id="805" dir="0" index="1" bw="38" slack="0"/>
<pin id="806" dir="0" index="2" bw="6" slack="0"/>
<pin id="807" dir="1" index="3" bw="1" slack="0"/>
</pin_list>
<bind>
<opcode="bitselect(1000) " fcode="bitselect"/>
<opset="tmp_14/7 "/>
</bind>
</comp>

<comp id="811" class="1004" name="select_ln33_9_fu_811">
<pin_list>
<pin id="812" dir="0" index="0" bw="1" slack="0"/>
<pin id="813" dir="0" index="1" bw="8" slack="0"/>
<pin id="814" dir="0" index="2" bw="8" slack="0"/>
<pin id="815" dir="1" index="3" bw="8" slack="0"/>
</pin_list>
<bind>
<opcode="select(49) " fcode="select"/>
<opset="select_ln33_9/7 "/>
</bind>
</comp>

<comp id="819" class="1004" name="sub_ln33_9_fu_819">
<pin_list>
<pin id="820" dir="0" index="0" bw="5" slack="0"/>
<pin id="821" dir="0" index="1" bw="5" slack="0"/>
<pin id="822" dir="1" index="2" bw="5" slack="0"/>
</pin_list>
<bind>
<opcode="sub(10) " fcode="sub"/>
<opset="sub_ln33_9/7 "/>
</bind>
</comp>

<comp id="825" class="1004" name="sext_ln33_4_fu_825">
<pin_list>
<pin id="826" dir="0" index="0" bw="5" slack="0"/>
<pin id="827" dir="1" index="1" bw="8" slack="0"/>
</pin_list>
<bind>
<opcode="sext(35) " fcode="sext"/>
<opset="sext_ln33_4/7 "/>
</bind>
</comp>

<comp id="829" class="1004" name="add_ln33_9_fu_829">
<pin_list>
<pin id="830" dir="0" index="0" bw="8" slack="0"/>
<pin id="831" dir="0" index="1" bw="5" slack="0"/>
<pin id="832" dir="1" index="2" bw="8" slack="0"/>
</pin_list>
<bind>
<opcode="add(8) " fcode="add"/>
<opset="add_ln33_9/7 "/>
</bind>
</comp>

<comp id="835" class="1004" name="tmp_23_i_fu_835">
<pin_list>
<pin id="836" dir="0" index="0" bw="9" slack="0"/>
<pin id="837" dir="0" index="1" bw="1" slack="5"/>
<pin id="838" dir="0" index="2" bw="8" slack="0"/>
<pin id="839" dir="1" index="3" bw="9" slack="0"/>
</pin_list>
<bind>
<opcode="bitconcatenate(1004) " fcode="bitconcatenate"/>
<opset="tmp_23_i/7 "/>
</bind>
</comp>

<comp id="842" class="1004" name="pi_assign_4_fu_842">
<pin_list>
<pin id="843" dir="0" index="0" bw="64" slack="0"/>
<pin id="844" dir="0" index="1" bw="37" slack="0"/>
<pin id="845" dir="0" index="2" bw="9" slack="0"/>
<pin id="846" dir="0" index="3" bw="6" slack="0"/>
<pin id="847" dir="0" index="4" bw="6" slack="0"/>
<pin id="848" dir="1" index="5" bw="64" slack="0"/>
</pin_list>
<bind>
<opcode="partset(1003) " fcode="partset"/>
<opset="pi_assign_4/7 "/>
</bind>
</comp>

<comp id="854" class="1004" name="LD_4_fu_854">
<pin_list>
<pin id="855" dir="0" index="0" bw="64" slack="0"/>
<pin id="856" dir="1" index="1" bw="32" slack="0"/>
</pin_list>
<bind>
<opcode="trunc(33) " fcode="trunc"/>
<opset="LD_4/7 "/>
</bind>
</comp>

<comp id="858" class="1004" name="empty_60_fu_858">
<pin_list>
<pin id="859" dir="0" index="0" bw="1" slack="1"/>
<pin id="860" dir="0" index="1" bw="32" slack="0"/>
<pin id="861" dir="0" index="2" bw="32" slack="0"/>
<pin id="862" dir="1" index="3" bw="32" slack="1"/>
</pin_list>
<bind>
<opcode="select(49) " fcode="select"/>
<opset="empty_60/7 "/>
</bind>
</comp>

<comp id="865" class="1005" name="q_reg_865">
<pin_list>
<pin id="866" dir="0" index="0" bw="31" slack="0"/>
<pin id="867" dir="1" index="1" bw="31" slack="0"/>
</pin_list>
<bind>
<opset="q "/>
</bind>
</comp>

<comp id="872" class="1005" name="icmp_ln29_reg_872">
<pin_list>
<pin id="873" dir="0" index="0" bw="1" slack="1"/>
<pin id="874" dir="1" index="1" bw="1" slack="2147483647"/>
</pin_list>
<bind>
<opset="icmp_ln29 "/>
</bind>
</comp>

<comp id="876" class="1005" name="gmem_out0_addr_reg_876">
<pin_list>
<pin id="877" dir="0" index="0" bw="32" slack="3"/>
<pin id="878" dir="1" index="1" bw="32" slack="3"/>
</pin_list>
<bind>
<opset="gmem_out0_addr "/>
</bind>
</comp>

<comp id="881" class="1005" name="tmp_1_reg_881">
<pin_list>
<pin id="882" dir="0" index="0" bw="14" slack="1"/>
<pin id="883" dir="1" index="1" bw="14" slack="1"/>
</pin_list>
<bind>
<opset="tmp_1 "/>
</bind>
</comp>

<comp id="888" class="1005" name="tmp_2_reg_888">
<pin_list>
<pin id="889" dir="0" index="0" bw="14" slack="2"/>
<pin id="890" dir="1" index="1" bw="14" slack="2"/>
</pin_list>
<bind>
<opset="tmp_2 "/>
</bind>
</comp>

<comp id="895" class="1005" name="tmp_3_reg_895">
<pin_list>
<pin id="896" dir="0" index="0" bw="14" slack="3"/>
<pin id="897" dir="1" index="1" bw="14" slack="3"/>
</pin_list>
<bind>
<opset="tmp_3 "/>
</bind>
</comp>

<comp id="902" class="1005" name="tmp_4_reg_902">
<pin_list>
<pin id="903" dir="0" index="0" bw="14" slack="4"/>
<pin id="904" dir="1" index="1" bw="14" slack="4"/>
</pin_list>
<bind>
<opset="tmp_4 "/>
</bind>
</comp>

<comp id="909" class="1005" name="icmp_ln33_reg_909">
<pin_list>
<pin id="910" dir="0" index="0" bw="1" slack="1"/>
<pin id="911" dir="1" index="1" bw="1" slack="1"/>
</pin_list>
<bind>
<opset="icmp_ln33 "/>
</bind>
</comp>

<comp id="914" class="1005" name="tmp_5_reg_914">
<pin_list>
<pin id="915" dir="0" index="0" bw="1" slack="1"/>
<pin id="916" dir="1" index="1" bw="1" slack="1"/>
</pin_list>
<bind>
<opset="tmp_5 "/>
</bind>
</comp>

<comp id="919" class="1005" name="select_ln33_reg_919">
<pin_list>
<pin id="920" dir="0" index="0" bw="14" slack="1"/>
<pin id="921" dir="1" index="1" bw="14" slack="1"/>
</pin_list>
<bind>
<opset="select_ln33 "/>
</bind>
</comp>

<comp id="925" class="1005" name="tmp_7_reg_925">
<pin_list>
<pin id="926" dir="0" index="0" bw="1" slack="1"/>
<pin id="927" dir="1" index="1" bw="1" slack="1"/>
</pin_list>
<bind>
<opset="tmp_7 "/>
</bind>
</comp>

<comp id="931" class="1005" name="tmp_9_reg_931">
<pin_list>
<pin id="932" dir="0" index="0" bw="1" slack="2"/>
<pin id="933" dir="1" index="1" bw="1" slack="2"/>
</pin_list>
<bind>
<opset="tmp_9 "/>
</bind>
</comp>

<comp id="937" class="1005" name="tmp_11_reg_937">
<pin_list>
<pin id="938" dir="0" index="0" bw="1" slack="3"/>
<pin id="939" dir="1" index="1" bw="1" slack="3"/>
</pin_list>
<bind>
<opset="tmp_11 "/>
</bind>
</comp>

<comp id="943" class="1005" name="tmp_13_reg_943">
<pin_list>
<pin id="944" dir="0" index="0" bw="1" slack="4"/>
<pin id="945" dir="1" index="1" bw="1" slack="4"/>
</pin_list>
<bind>
<opset="tmp_13 "/>
</bind>
</comp>

<comp id="949" class="1005" name="empty_reg_949">
<pin_list>
<pin id="950" dir="0" index="0" bw="32" slack="1"/>
<pin id="951" dir="1" index="1" bw="32" slack="1"/>
</pin_list>
<bind>
<opset="empty "/>
</bind>
</comp>

<comp id="954" class="1005" name="icmp_ln33_1_reg_954">
<pin_list>
<pin id="955" dir="0" index="0" bw="1" slack="1"/>
<pin id="956" dir="1" index="1" bw="1" slack="1"/>
</pin_list>
<bind>
<opset="icmp_ln33_1 "/>
</bind>
</comp>

<comp id="959" class="1005" name="select_ln33_2_reg_959">
<pin_list>
<pin id="960" dir="0" index="0" bw="14" slack="1"/>
<pin id="961" dir="1" index="1" bw="14" slack="1"/>
</pin_list>
<bind>
<opset="select_ln33_2 "/>
</bind>
</comp>

<comp id="965" class="1005" name="empty_57_reg_965">
<pin_list>
<pin id="966" dir="0" index="0" bw="32" slack="1"/>
<pin id="967" dir="1" index="1" bw="32" slack="1"/>
</pin_list>
<bind>
<opset="empty_57 "/>
</bind>
</comp>

<comp id="970" class="1005" name="icmp_ln33_2_reg_970">
<pin_list>
<pin id="971" dir="0" index="0" bw="1" slack="1"/>
<pin id="972" dir="1" index="1" bw="1" slack="1"/>
</pin_list>
<bind>
<opset="icmp_ln33_2 "/>
</bind>
</comp>

<comp id="975" class="1005" name="select_ln33_4_reg_975">
<pin_list>
<pin id="976" dir="0" index="0" bw="14" slack="1"/>
<pin id="977" dir="1" index="1" bw="14" slack="1"/>
</pin_list>
<bind>
<opset="select_ln33_4 "/>
</bind>
</comp>

<comp id="981" class="1005" name="empty_58_reg_981">
<pin_list>
<pin id="982" dir="0" index="0" bw="32" slack="1"/>
<pin id="983" dir="1" index="1" bw="32" slack="1"/>
</pin_list>
<bind>
<opset="empty_58 "/>
</bind>
</comp>

<comp id="986" class="1005" name="icmp_ln33_3_reg_986">
<pin_list>
<pin id="987" dir="0" index="0" bw="1" slack="1"/>
<pin id="988" dir="1" index="1" bw="1" slack="1"/>
</pin_list>
<bind>
<opset="icmp_ln33_3 "/>
</bind>
</comp>

<comp id="991" class="1005" name="select_ln33_6_reg_991">
<pin_list>
<pin id="992" dir="0" index="0" bw="14" slack="1"/>
<pin id="993" dir="1" index="1" bw="14" slack="1"/>
</pin_list>
<bind>
<opset="select_ln33_6 "/>
</bind>
</comp>

<comp id="997" class="1005" name="empty_59_reg_997">
<pin_list>
<pin id="998" dir="0" index="0" bw="32" slack="1"/>
<pin id="999" dir="1" index="1" bw="32" slack="1"/>
</pin_list>
<bind>
<opset="empty_59 "/>
</bind>
</comp>

<comp id="1002" class="1005" name="icmp_ln33_4_reg_1002">
<pin_list>
<pin id="1003" dir="0" index="0" bw="1" slack="1"/>
<pin id="1004" dir="1" index="1" bw="1" slack="1"/>
</pin_list>
<bind>
<opset="icmp_ln33_4 "/>
</bind>
</comp>

<comp id="1007" class="1005" name="select_ln33_8_reg_1007">
<pin_list>
<pin id="1008" dir="0" index="0" bw="14" slack="1"/>
<pin id="1009" dir="1" index="1" bw="14" slack="1"/>
</pin_list>
<bind>
<opset="select_ln33_8 "/>
</bind>
</comp>

<comp id="1013" class="1005" name="empty_60_reg_1013">
<pin_list>
<pin id="1014" dir="0" index="0" bw="32" slack="1"/>
<pin id="1015" dir="1" index="1" bw="32" slack="1"/>
</pin_list>
<bind>
<opset="empty_60 "/>
</bind>
</comp>

</comp_list>

<net_list>
<net id="109"><net_src comp="8" pin="0"/><net_sink comp="106" pin=0"/></net>

<net id="114"><net_src comp="10" pin="0"/><net_sink comp="110" pin=0"/></net>

<net id="115"><net_src comp="4" pin="0"/><net_sink comp="110" pin=1"/></net>

<net id="120"><net_src comp="12" pin="0"/><net_sink comp="116" pin=0"/></net>

<net id="121"><net_src comp="0" pin="0"/><net_sink comp="116" pin=1"/></net>

<net id="126"><net_src comp="40" pin="0"/><net_sink comp="122" pin=0"/></net>

<net id="127"><net_src comp="6" pin="0"/><net_sink comp="122" pin=1"/></net>

<net id="134"><net_src comp="96" pin="0"/><net_sink comp="128" pin=0"/></net>

<net id="135"><net_src comp="98" pin="0"/><net_sink comp="128" pin=3"/></net>

<net id="139"><net_src comp="110" pin="2"/><net_sink comp="136" pin=0"/></net>

<net id="144"><net_src comp="36" pin="0"/><net_sink comp="140" pin=0"/></net>

<net id="151"><net_src comp="145" pin="1"/><net_sink comp="148" pin=0"/></net>

<net id="156"><net_src comp="148" pin="1"/><net_sink comp="152" pin=0"/></net>

<net id="157"><net_src comp="116" pin="2"/><net_sink comp="152" pin=1"/></net>

<net id="162"><net_src comp="2" pin="0"/><net_sink comp="158" pin=0"/></net>

<net id="163"><net_src comp="136" pin="1"/><net_sink comp="158" pin=1"/></net>

<net id="168"><net_src comp="145" pin="1"/><net_sink comp="164" pin=0"/></net>

<net id="169"><net_src comp="38" pin="0"/><net_sink comp="164" pin=1"/></net>

<net id="174"><net_src comp="164" pin="2"/><net_sink comp="170" pin=0"/></net>

<net id="178"><net_src comp="122" pin="2"/><net_sink comp="175" pin=0"/></net>

<net id="184"><net_src comp="42" pin="0"/><net_sink comp="179" pin=0"/></net>

<net id="185"><net_src comp="122" pin="2"/><net_sink comp="179" pin=1"/></net>

<net id="186"><net_src comp="44" pin="0"/><net_sink comp="179" pin=2"/></net>

<net id="192"><net_src comp="42" pin="0"/><net_sink comp="187" pin=0"/></net>

<net id="193"><net_src comp="122" pin="2"/><net_sink comp="187" pin=1"/></net>

<net id="194"><net_src comp="46" pin="0"/><net_sink comp="187" pin=2"/></net>

<net id="200"><net_src comp="42" pin="0"/><net_sink comp="195" pin=0"/></net>

<net id="201"><net_src comp="122" pin="2"/><net_sink comp="195" pin=1"/></net>

<net id="202"><net_src comp="48" pin="0"/><net_sink comp="195" pin=2"/></net>

<net id="208"><net_src comp="42" pin="0"/><net_sink comp="203" pin=0"/></net>

<net id="209"><net_src comp="122" pin="2"/><net_sink comp="203" pin=1"/></net>

<net id="210"><net_src comp="50" pin="0"/><net_sink comp="203" pin=2"/></net>

<net id="215"><net_src comp="175" pin="1"/><net_sink comp="211" pin=0"/></net>

<net id="216"><net_src comp="52" pin="0"/><net_sink comp="211" pin=1"/></net>

<net id="222"><net_src comp="54" pin="0"/><net_sink comp="217" pin=0"/></net>

<net id="223"><net_src comp="122" pin="2"/><net_sink comp="217" pin=1"/></net>

<net id="224"><net_src comp="56" pin="0"/><net_sink comp="217" pin=2"/></net>

<net id="229"><net_src comp="52" pin="0"/><net_sink comp="225" pin=0"/></net>

<net id="230"><net_src comp="175" pin="1"/><net_sink comp="225" pin=1"/></net>

<net id="236"><net_src comp="217" pin="3"/><net_sink comp="231" pin=0"/></net>

<net id="237"><net_src comp="225" pin="2"/><net_sink comp="231" pin=1"/></net>

<net id="238"><net_src comp="175" pin="1"/><net_sink comp="231" pin=2"/></net>

<net id="244"><net_src comp="58" pin="0"/><net_sink comp="239" pin=0"/></net>

<net id="245"><net_src comp="122" pin="2"/><net_sink comp="239" pin=1"/></net>

<net id="246"><net_src comp="60" pin="0"/><net_sink comp="239" pin=2"/></net>

<net id="252"><net_src comp="58" pin="0"/><net_sink comp="247" pin=0"/></net>

<net id="253"><net_src comp="122" pin="2"/><net_sink comp="247" pin=1"/></net>

<net id="254"><net_src comp="62" pin="0"/><net_sink comp="247" pin=2"/></net>

<net id="260"><net_src comp="58" pin="0"/><net_sink comp="255" pin=0"/></net>

<net id="261"><net_src comp="122" pin="2"/><net_sink comp="255" pin=1"/></net>

<net id="262"><net_src comp="64" pin="0"/><net_sink comp="255" pin=2"/></net>

<net id="268"><net_src comp="58" pin="0"/><net_sink comp="263" pin=0"/></net>

<net id="269"><net_src comp="122" pin="2"/><net_sink comp="263" pin=1"/></net>

<net id="270"><net_src comp="66" pin="0"/><net_sink comp="263" pin=2"/></net>

<net id="276"><net_src comp="68" pin="0"/><net_sink comp="271" pin=0"/></net>

<net id="277"><net_src comp="70" pin="0"/><net_sink comp="271" pin=2"/></net>

<net id="281"><net_src comp="271" pin="3"/><net_sink comp="278" pin=0"/></net>

<net id="289"><net_src comp="278" pin="1"/><net_sink comp="285" pin=0"/></net>

<net id="290"><net_src comp="72" pin="0"/><net_sink comp="285" pin=1"/></net>

<net id="294"><net_src comp="285" pin="2"/><net_sink comp="291" pin=0"/></net>

<net id="299"><net_src comp="282" pin="1"/><net_sink comp="295" pin=0"/></net>

<net id="300"><net_src comp="291" pin="1"/><net_sink comp="295" pin=1"/></net>

<net id="307"><net_src comp="74" pin="0"/><net_sink comp="301" pin=0"/></net>

<net id="308"><net_src comp="295" pin="2"/><net_sink comp="301" pin=1"/></net>

<net id="309"><net_src comp="8" pin="0"/><net_sink comp="301" pin=2"/></net>

<net id="310"><net_src comp="76" pin="0"/><net_sink comp="301" pin=3"/></net>

<net id="314"><net_src comp="301" pin="4"/><net_sink comp="311" pin=0"/></net>

<net id="320"><net_src comp="78" pin="0"/><net_sink comp="315" pin=0"/></net>

<net id="321"><net_src comp="295" pin="2"/><net_sink comp="315" pin=1"/></net>

<net id="322"><net_src comp="80" pin="0"/><net_sink comp="315" pin=2"/></net>

<net id="328"><net_src comp="315" pin="3"/><net_sink comp="323" pin=0"/></net>

<net id="329"><net_src comp="82" pin="0"/><net_sink comp="323" pin=1"/></net>

<net id="330"><net_src comp="84" pin="0"/><net_sink comp="323" pin=2"/></net>

<net id="335"><net_src comp="86" pin="0"/><net_sink comp="331" pin=0"/></net>

<net id="336"><net_src comp="278" pin="1"/><net_sink comp="331" pin=1"/></net>

<net id="340"><net_src comp="331" pin="2"/><net_sink comp="337" pin=0"/></net>

<net id="345"><net_src comp="323" pin="3"/><net_sink comp="341" pin=0"/></net>

<net id="346"><net_src comp="337" pin="1"/><net_sink comp="341" pin=1"/></net>

<net id="352"><net_src comp="88" pin="0"/><net_sink comp="347" pin=0"/></net>

<net id="353"><net_src comp="341" pin="2"/><net_sink comp="347" pin=2"/></net>

<net id="361"><net_src comp="90" pin="0"/><net_sink comp="354" pin=0"/></net>

<net id="362"><net_src comp="311" pin="1"/><net_sink comp="354" pin=1"/></net>

<net id="363"><net_src comp="347" pin="3"/><net_sink comp="354" pin=2"/></net>

<net id="364"><net_src comp="92" pin="0"/><net_sink comp="354" pin=3"/></net>

<net id="365"><net_src comp="94" pin="0"/><net_sink comp="354" pin=4"/></net>

<net id="369"><net_src comp="354" pin="5"/><net_sink comp="366" pin=0"/></net>

<net id="375"><net_src comp="18" pin="0"/><net_sink comp="370" pin=1"/></net>

<net id="376"><net_src comp="366" pin="1"/><net_sink comp="370" pin=2"/></net>

<net id="381"><net_src comp="52" pin="0"/><net_sink comp="377" pin=1"/></net>

<net id="386"><net_src comp="52" pin="0"/><net_sink comp="382" pin=0"/></net>

<net id="392"><net_src comp="382" pin="2"/><net_sink comp="387" pin=1"/></net>

<net id="398"><net_src comp="68" pin="0"/><net_sink comp="393" pin=0"/></net>

<net id="399"><net_src comp="70" pin="0"/><net_sink comp="393" pin=2"/></net>

<net id="403"><net_src comp="393" pin="3"/><net_sink comp="400" pin=0"/></net>

<net id="411"><net_src comp="400" pin="1"/><net_sink comp="407" pin=0"/></net>

<net id="412"><net_src comp="72" pin="0"/><net_sink comp="407" pin=1"/></net>

<net id="416"><net_src comp="407" pin="2"/><net_sink comp="413" pin=0"/></net>

<net id="421"><net_src comp="404" pin="1"/><net_sink comp="417" pin=0"/></net>

<net id="422"><net_src comp="413" pin="1"/><net_sink comp="417" pin=1"/></net>

<net id="429"><net_src comp="74" pin="0"/><net_sink comp="423" pin=0"/></net>

<net id="430"><net_src comp="417" pin="2"/><net_sink comp="423" pin=1"/></net>

<net id="431"><net_src comp="8" pin="0"/><net_sink comp="423" pin=2"/></net>

<net id="432"><net_src comp="76" pin="0"/><net_sink comp="423" pin=3"/></net>

<net id="436"><net_src comp="423" pin="4"/><net_sink comp="433" pin=0"/></net>

<net id="442"><net_src comp="78" pin="0"/><net_sink comp="437" pin=0"/></net>

<net id="443"><net_src comp="417" pin="2"/><net_sink comp="437" pin=1"/></net>

<net id="444"><net_src comp="80" pin="0"/><net_sink comp="437" pin=2"/></net>

<net id="450"><net_src comp="437" pin="3"/><net_sink comp="445" pin=0"/></net>

<net id="451"><net_src comp="82" pin="0"/><net_sink comp="445" pin=1"/></net>

<net id="452"><net_src comp="84" pin="0"/><net_sink comp="445" pin=2"/></net>

<net id="457"><net_src comp="86" pin="0"/><net_sink comp="453" pin=0"/></net>

<net id="458"><net_src comp="400" pin="1"/><net_sink comp="453" pin=1"/></net>

<net id="462"><net_src comp="453" pin="2"/><net_sink comp="459" pin=0"/></net>

<net id="467"><net_src comp="445" pin="3"/><net_sink comp="463" pin=0"/></net>

<net id="468"><net_src comp="459" pin="1"/><net_sink comp="463" pin=1"/></net>

<net id="474"><net_src comp="88" pin="0"/><net_sink comp="469" pin=0"/></net>

<net id="475"><net_src comp="463" pin="2"/><net_sink comp="469" pin=2"/></net>

<net id="483"><net_src comp="90" pin="0"/><net_sink comp="476" pin=0"/></net>

<net id="484"><net_src comp="433" pin="1"/><net_sink comp="476" pin=1"/></net>

<net id="485"><net_src comp="469" pin="3"/><net_sink comp="476" pin=2"/></net>

<net id="486"><net_src comp="92" pin="0"/><net_sink comp="476" pin=3"/></net>

<net id="487"><net_src comp="94" pin="0"/><net_sink comp="476" pin=4"/></net>

<net id="491"><net_src comp="476" pin="5"/><net_sink comp="488" pin=0"/></net>

<net id="497"><net_src comp="18" pin="0"/><net_sink comp="492" pin=1"/></net>

<net id="498"><net_src comp="488" pin="1"/><net_sink comp="492" pin=2"/></net>

<net id="503"><net_src comp="52" pin="0"/><net_sink comp="499" pin=1"/></net>

<net id="508"><net_src comp="52" pin="0"/><net_sink comp="504" pin=0"/></net>

<net id="514"><net_src comp="504" pin="2"/><net_sink comp="509" pin=1"/></net>

<net id="520"><net_src comp="68" pin="0"/><net_sink comp="515" pin=0"/></net>

<net id="521"><net_src comp="70" pin="0"/><net_sink comp="515" pin=2"/></net>

<net id="525"><net_src comp="515" pin="3"/><net_sink comp="522" pin=0"/></net>

<net id="533"><net_src comp="522" pin="1"/><net_sink comp="529" pin=0"/></net>

<net id="534"><net_src comp="72" pin="0"/><net_sink comp="529" pin=1"/></net>

<net id="538"><net_src comp="529" pin="2"/><net_sink comp="535" pin=0"/></net>

<net id="543"><net_src comp="526" pin="1"/><net_sink comp="539" pin=0"/></net>

<net id="544"><net_src comp="535" pin="1"/><net_sink comp="539" pin=1"/></net>

<net id="551"><net_src comp="74" pin="0"/><net_sink comp="545" pin=0"/></net>

<net id="552"><net_src comp="539" pin="2"/><net_sink comp="545" pin=1"/></net>

<net id="553"><net_src comp="8" pin="0"/><net_sink comp="545" pin=2"/></net>

<net id="554"><net_src comp="76" pin="0"/><net_sink comp="545" pin=3"/></net>

<net id="558"><net_src comp="545" pin="4"/><net_sink comp="555" pin=0"/></net>

<net id="564"><net_src comp="78" pin="0"/><net_sink comp="559" pin=0"/></net>

<net id="565"><net_src comp="539" pin="2"/><net_sink comp="559" pin=1"/></net>

<net id="566"><net_src comp="80" pin="0"/><net_sink comp="559" pin=2"/></net>

<net id="572"><net_src comp="559" pin="3"/><net_sink comp="567" pin=0"/></net>

<net id="573"><net_src comp="82" pin="0"/><net_sink comp="567" pin=1"/></net>

<net id="574"><net_src comp="84" pin="0"/><net_sink comp="567" pin=2"/></net>

<net id="579"><net_src comp="86" pin="0"/><net_sink comp="575" pin=0"/></net>

<net id="580"><net_src comp="522" pin="1"/><net_sink comp="575" pin=1"/></net>

<net id="584"><net_src comp="575" pin="2"/><net_sink comp="581" pin=0"/></net>

<net id="589"><net_src comp="567" pin="3"/><net_sink comp="585" pin=0"/></net>

<net id="590"><net_src comp="581" pin="1"/><net_sink comp="585" pin=1"/></net>

<net id="596"><net_src comp="88" pin="0"/><net_sink comp="591" pin=0"/></net>

<net id="597"><net_src comp="585" pin="2"/><net_sink comp="591" pin=2"/></net>

<net id="605"><net_src comp="90" pin="0"/><net_sink comp="598" pin=0"/></net>

<net id="606"><net_src comp="555" pin="1"/><net_sink comp="598" pin=1"/></net>

<net id="607"><net_src comp="591" pin="3"/><net_sink comp="598" pin=2"/></net>

<net id="608"><net_src comp="92" pin="0"/><net_sink comp="598" pin=3"/></net>

<net id="609"><net_src comp="94" pin="0"/><net_sink comp="598" pin=4"/></net>

<net id="613"><net_src comp="598" pin="5"/><net_sink comp="610" pin=0"/></net>

<net id="619"><net_src comp="18" pin="0"/><net_sink comp="614" pin=1"/></net>

<net id="620"><net_src comp="610" pin="1"/><net_sink comp="614" pin=2"/></net>

<net id="625"><net_src comp="52" pin="0"/><net_sink comp="621" pin=1"/></net>

<net id="630"><net_src comp="52" pin="0"/><net_sink comp="626" pin=0"/></net>

<net id="636"><net_src comp="626" pin="2"/><net_sink comp="631" pin=1"/></net>

<net id="642"><net_src comp="68" pin="0"/><net_sink comp="637" pin=0"/></net>

<net id="643"><net_src comp="70" pin="0"/><net_sink comp="637" pin=2"/></net>

<net id="647"><net_src comp="637" pin="3"/><net_sink comp="644" pin=0"/></net>

<net id="655"><net_src comp="644" pin="1"/><net_sink comp="651" pin=0"/></net>

<net id="656"><net_src comp="72" pin="0"/><net_sink comp="651" pin=1"/></net>

<net id="660"><net_src comp="651" pin="2"/><net_sink comp="657" pin=0"/></net>

<net id="665"><net_src comp="648" pin="1"/><net_sink comp="661" pin=0"/></net>

<net id="666"><net_src comp="657" pin="1"/><net_sink comp="661" pin=1"/></net>

<net id="673"><net_src comp="74" pin="0"/><net_sink comp="667" pin=0"/></net>

<net id="674"><net_src comp="661" pin="2"/><net_sink comp="667" pin=1"/></net>

<net id="675"><net_src comp="8" pin="0"/><net_sink comp="667" pin=2"/></net>

<net id="676"><net_src comp="76" pin="0"/><net_sink comp="667" pin=3"/></net>

<net id="680"><net_src comp="667" pin="4"/><net_sink comp="677" pin=0"/></net>

<net id="686"><net_src comp="78" pin="0"/><net_sink comp="681" pin=0"/></net>

<net id="687"><net_src comp="661" pin="2"/><net_sink comp="681" pin=1"/></net>

<net id="688"><net_src comp="80" pin="0"/><net_sink comp="681" pin=2"/></net>

<net id="694"><net_src comp="681" pin="3"/><net_sink comp="689" pin=0"/></net>

<net id="695"><net_src comp="82" pin="0"/><net_sink comp="689" pin=1"/></net>

<net id="696"><net_src comp="84" pin="0"/><net_sink comp="689" pin=2"/></net>

<net id="701"><net_src comp="86" pin="0"/><net_sink comp="697" pin=0"/></net>

<net id="702"><net_src comp="644" pin="1"/><net_sink comp="697" pin=1"/></net>

<net id="706"><net_src comp="697" pin="2"/><net_sink comp="703" pin=0"/></net>

<net id="711"><net_src comp="689" pin="3"/><net_sink comp="707" pin=0"/></net>

<net id="712"><net_src comp="703" pin="1"/><net_sink comp="707" pin=1"/></net>

<net id="718"><net_src comp="88" pin="0"/><net_sink comp="713" pin=0"/></net>

<net id="719"><net_src comp="707" pin="2"/><net_sink comp="713" pin=2"/></net>

<net id="727"><net_src comp="90" pin="0"/><net_sink comp="720" pin=0"/></net>

<net id="728"><net_src comp="677" pin="1"/><net_sink comp="720" pin=1"/></net>

<net id="729"><net_src comp="713" pin="3"/><net_sink comp="720" pin=2"/></net>

<net id="730"><net_src comp="92" pin="0"/><net_sink comp="720" pin=3"/></net>

<net id="731"><net_src comp="94" pin="0"/><net_sink comp="720" pin=4"/></net>

<net id="735"><net_src comp="720" pin="5"/><net_sink comp="732" pin=0"/></net>

<net id="741"><net_src comp="18" pin="0"/><net_sink comp="736" pin=1"/></net>

<net id="742"><net_src comp="732" pin="1"/><net_sink comp="736" pin=2"/></net>

<net id="747"><net_src comp="52" pin="0"/><net_sink comp="743" pin=1"/></net>

<net id="752"><net_src comp="52" pin="0"/><net_sink comp="748" pin=0"/></net>

<net id="758"><net_src comp="748" pin="2"/><net_sink comp="753" pin=1"/></net>

<net id="764"><net_src comp="68" pin="0"/><net_sink comp="759" pin=0"/></net>

<net id="765"><net_src comp="70" pin="0"/><net_sink comp="759" pin=2"/></net>

<net id="769"><net_src comp="759" pin="3"/><net_sink comp="766" pin=0"/></net>

<net id="777"><net_src comp="766" pin="1"/><net_sink comp="773" pin=0"/></net>

<net id="778"><net_src comp="72" pin="0"/><net_sink comp="773" pin=1"/></net>

<net id="782"><net_src comp="773" pin="2"/><net_sink comp="779" pin=0"/></net>

<net id="787"><net_src comp="770" pin="1"/><net_sink comp="783" pin=0"/></net>

<net id="788"><net_src comp="779" pin="1"/><net_sink comp="783" pin=1"/></net>

<net id="795"><net_src comp="74" pin="0"/><net_sink comp="789" pin=0"/></net>

<net id="796"><net_src comp="783" pin="2"/><net_sink comp="789" pin=1"/></net>

<net id="797"><net_src comp="8" pin="0"/><net_sink comp="789" pin=2"/></net>

<net id="798"><net_src comp="76" pin="0"/><net_sink comp="789" pin=3"/></net>

<net id="802"><net_src comp="789" pin="4"/><net_sink comp="799" pin=0"/></net>

<net id="808"><net_src comp="78" pin="0"/><net_sink comp="803" pin=0"/></net>

<net id="809"><net_src comp="783" pin="2"/><net_sink comp="803" pin=1"/></net>

<net id="810"><net_src comp="80" pin="0"/><net_sink comp="803" pin=2"/></net>

<net id="816"><net_src comp="803" pin="3"/><net_sink comp="811" pin=0"/></net>

<net id="817"><net_src comp="82" pin="0"/><net_sink comp="811" pin=1"/></net>

<net id="818"><net_src comp="84" pin="0"/><net_sink comp="811" pin=2"/></net>

<net id="823"><net_src comp="86" pin="0"/><net_sink comp="819" pin=0"/></net>

<net id="824"><net_src comp="766" pin="1"/><net_sink comp="819" pin=1"/></net>

<net id="828"><net_src comp="819" pin="2"/><net_sink comp="825" pin=0"/></net>

<net id="833"><net_src comp="811" pin="3"/><net_sink comp="829" pin=0"/></net>

<net id="834"><net_src comp="825" pin="1"/><net_sink comp="829" pin=1"/></net>

<net id="840"><net_src comp="88" pin="0"/><net_sink comp="835" pin=0"/></net>

<net id="841"><net_src comp="829" pin="2"/><net_sink comp="835" pin=2"/></net>

<net id="849"><net_src comp="90" pin="0"/><net_sink comp="842" pin=0"/></net>

<net id="850"><net_src comp="799" pin="1"/><net_sink comp="842" pin=1"/></net>

<net id="851"><net_src comp="835" pin="3"/><net_sink comp="842" pin=2"/></net>

<net id="852"><net_src comp="92" pin="0"/><net_sink comp="842" pin=3"/></net>

<net id="853"><net_src comp="94" pin="0"/><net_sink comp="842" pin=4"/></net>

<net id="857"><net_src comp="842" pin="5"/><net_sink comp="854" pin=0"/></net>

<net id="863"><net_src comp="18" pin="0"/><net_sink comp="858" pin=1"/></net>

<net id="864"><net_src comp="854" pin="1"/><net_sink comp="858" pin=2"/></net>

<net id="868"><net_src comp="106" pin="1"/><net_sink comp="865" pin=0"/></net>

<net id="869"><net_src comp="865" pin="1"/><net_sink comp="140" pin=1"/></net>

<net id="870"><net_src comp="865" pin="1"/><net_sink comp="145" pin=0"/></net>

<net id="871"><net_src comp="865" pin="1"/><net_sink comp="170" pin=1"/></net>

<net id="875"><net_src comp="152" pin="2"/><net_sink comp="872" pin=0"/></net>

<net id="879"><net_src comp="158" pin="2"/><net_sink comp="876" pin=0"/></net>

<net id="880"><net_src comp="876" pin="1"/><net_sink comp="128" pin=1"/></net>

<net id="884"><net_src comp="179" pin="3"/><net_sink comp="881" pin=0"/></net>

<net id="885"><net_src comp="881" pin="1"/><net_sink comp="377" pin=0"/></net>

<net id="886"><net_src comp="881" pin="1"/><net_sink comp="382" pin=1"/></net>

<net id="887"><net_src comp="881" pin="1"/><net_sink comp="387" pin=2"/></net>

<net id="891"><net_src comp="187" pin="3"/><net_sink comp="888" pin=0"/></net>

<net id="892"><net_src comp="888" pin="1"/><net_sink comp="499" pin=0"/></net>

<net id="893"><net_src comp="888" pin="1"/><net_sink comp="504" pin=1"/></net>

<net id="894"><net_src comp="888" pin="1"/><net_sink comp="509" pin=2"/></net>

<net id="898"><net_src comp="195" pin="3"/><net_sink comp="895" pin=0"/></net>

<net id="899"><net_src comp="895" pin="1"/><net_sink comp="621" pin=0"/></net>

<net id="900"><net_src comp="895" pin="1"/><net_sink comp="626" pin=1"/></net>

<net id="901"><net_src comp="895" pin="1"/><net_sink comp="631" pin=2"/></net>

<net id="905"><net_src comp="203" pin="3"/><net_sink comp="902" pin=0"/></net>

<net id="906"><net_src comp="902" pin="1"/><net_sink comp="743" pin=0"/></net>

<net id="907"><net_src comp="902" pin="1"/><net_sink comp="748" pin=1"/></net>

<net id="908"><net_src comp="902" pin="1"/><net_sink comp="753" pin=2"/></net>

<net id="912"><net_src comp="211" pin="2"/><net_sink comp="909" pin=0"/></net>

<net id="913"><net_src comp="909" pin="1"/><net_sink comp="370" pin=0"/></net>

<net id="917"><net_src comp="217" pin="3"/><net_sink comp="914" pin=0"/></net>

<net id="918"><net_src comp="914" pin="1"/><net_sink comp="347" pin=1"/></net>

<net id="922"><net_src comp="231" pin="3"/><net_sink comp="919" pin=0"/></net>

<net id="923"><net_src comp="919" pin="1"/><net_sink comp="271" pin=1"/></net>

<net id="924"><net_src comp="919" pin="1"/><net_sink comp="282" pin=0"/></net>

<net id="928"><net_src comp="239" pin="3"/><net_sink comp="925" pin=0"/></net>

<net id="929"><net_src comp="925" pin="1"/><net_sink comp="387" pin=0"/></net>

<net id="930"><net_src comp="925" pin="1"/><net_sink comp="469" pin=1"/></net>

<net id="934"><net_src comp="247" pin="3"/><net_sink comp="931" pin=0"/></net>

<net id="935"><net_src comp="931" pin="1"/><net_sink comp="509" pin=0"/></net>

<net id="936"><net_src comp="931" pin="1"/><net_sink comp="591" pin=1"/></net>

<net id="940"><net_src comp="255" pin="3"/><net_sink comp="937" pin=0"/></net>

<net id="941"><net_src comp="937" pin="1"/><net_sink comp="631" pin=0"/></net>

<net id="942"><net_src comp="937" pin="1"/><net_sink comp="713" pin=1"/></net>

<net id="946"><net_src comp="263" pin="3"/><net_sink comp="943" pin=0"/></net>

<net id="947"><net_src comp="943" pin="1"/><net_sink comp="753" pin=0"/></net>

<net id="948"><net_src comp="943" pin="1"/><net_sink comp="835" pin=1"/></net>

<net id="952"><net_src comp="370" pin="3"/><net_sink comp="949" pin=0"/></net>

<net id="953"><net_src comp="949" pin="1"/><net_sink comp="128" pin=2"/></net>

<net id="957"><net_src comp="377" pin="2"/><net_sink comp="954" pin=0"/></net>

<net id="958"><net_src comp="954" pin="1"/><net_sink comp="492" pin=0"/></net>

<net id="962"><net_src comp="387" pin="3"/><net_sink comp="959" pin=0"/></net>

<net id="963"><net_src comp="959" pin="1"/><net_sink comp="393" pin=1"/></net>

<net id="964"><net_src comp="959" pin="1"/><net_sink comp="404" pin=0"/></net>

<net id="968"><net_src comp="492" pin="3"/><net_sink comp="965" pin=0"/></net>

<net id="969"><net_src comp="965" pin="1"/><net_sink comp="128" pin=2"/></net>

<net id="973"><net_src comp="499" pin="2"/><net_sink comp="970" pin=0"/></net>

<net id="974"><net_src comp="970" pin="1"/><net_sink comp="614" pin=0"/></net>

<net id="978"><net_src comp="509" pin="3"/><net_sink comp="975" pin=0"/></net>

<net id="979"><net_src comp="975" pin="1"/><net_sink comp="515" pin=1"/></net>

<net id="980"><net_src comp="975" pin="1"/><net_sink comp="526" pin=0"/></net>

<net id="984"><net_src comp="614" pin="3"/><net_sink comp="981" pin=0"/></net>

<net id="985"><net_src comp="981" pin="1"/><net_sink comp="128" pin=2"/></net>

<net id="989"><net_src comp="621" pin="2"/><net_sink comp="986" pin=0"/></net>

<net id="990"><net_src comp="986" pin="1"/><net_sink comp="736" pin=0"/></net>

<net id="994"><net_src comp="631" pin="3"/><net_sink comp="991" pin=0"/></net>

<net id="995"><net_src comp="991" pin="1"/><net_sink comp="637" pin=1"/></net>

<net id="996"><net_src comp="991" pin="1"/><net_sink comp="648" pin=0"/></net>

<net id="1000"><net_src comp="736" pin="3"/><net_sink comp="997" pin=0"/></net>

<net id="1001"><net_src comp="997" pin="1"/><net_sink comp="128" pin=2"/></net>

<net id="1005"><net_src comp="743" pin="2"/><net_sink comp="1002" pin=0"/></net>

<net id="1006"><net_src comp="1002" pin="1"/><net_sink comp="858" pin=0"/></net>

<net id="1010"><net_src comp="753" pin="3"/><net_sink comp="1007" pin=0"/></net>

<net id="1011"><net_src comp="1007" pin="1"/><net_sink comp="759" pin=1"/></net>

<net id="1012"><net_src comp="1007" pin="1"/><net_sink comp="770" pin=0"/></net>

<net id="1016"><net_src comp="858" pin="3"/><net_sink comp="1013" pin=0"/></net>

<net id="1017"><net_src comp="1013" pin="1"/><net_sink comp="128" pin=2"/></net>

</net_list>

</model> 
---------------- Datapath Model END ------------------

* FSMD analyzer results:
  - Output states:
	Port: gmem_out0 | {4 5 6 7 8 }
	Port: stream_out0_layer12_out | {}
 - Input state : 
	Port: store_result<float,array<ap_fixed,5u>>_Pipeline_VITIS_LOOP_29_1 : batch_size_1 | {1 }
	Port: store_result<float,array<ap_fixed,5u>>_Pipeline_VITIS_LOOP_29_1 : gmem_out0 | {}
	Port: store_result<float,array<ap_fixed,5u>>_Pipeline_VITIS_LOOP_29_1 : sext_ln29 | {1 }
	Port: store_result<float,array<ap_fixed,5u>>_Pipeline_VITIS_LOOP_29_1 : stream_out0_layer12_out | {2 }
  - Chain level:
	State 1
		store_ln0 : 1
		q_load : 1
		zext_ln29 : 2
		icmp_ln29 : 3
		br_ln29 : 4
		gmem_out0_addr : 1
		add_ln29 : 2
		store_ln29 : 3
	State 2
		icmp_ln33 : 1
		sub_ln33 : 1
		select_ln33 : 2
	State 3
		trunc_ln33 : 1
		add_ln33 : 2
		zext_ln33_1 : 3
		shl_ln33 : 4
		lshr_ln : 5
		zext_ln33_2 : 6
		tmp_6 : 5
		select_ln33_1 : 6
		sub_ln33_1 : 2
		sext_ln33 : 3
		add_ln33_1 : 7
		tmp_7_i : 8
		pi_assign : 9
		LD : 10
		empty : 11
		select_ln33_2 : 1
	State 4
		trunc_ln33_1 : 1
		add_ln33_2 : 2
		zext_ln33_4 : 3
		shl_ln33_1 : 4
		lshr_ln33_1 : 5
		zext_ln33_5 : 6
		tmp_8 : 5
		select_ln33_3 : 6
		sub_ln33_3 : 2
		sext_ln33_1 : 3
		add_ln33_3 : 7
		tmp_11_i : 8
		pi_assign_1 : 9
		LD_1 : 10
		empty_57 : 11
		select_ln33_4 : 1
	State 5
		trunc_ln33_2 : 1
		add_ln33_4 : 2
		zext_ln33_7 : 3
		shl_ln33_2 : 4
		lshr_ln33_2 : 5
		zext_ln33_8 : 6
		tmp_10 : 5
		select_ln33_5 : 6
		sub_ln33_5 : 2
		sext_ln33_2 : 3
		add_ln33_5 : 7
		tmp_15_i : 8
		pi_assign_2 : 9
		LD_2 : 10
		empty_58 : 11
		select_ln33_6 : 1
	State 6
		trunc_ln33_3 : 1
		add_ln33_6 : 2
		zext_ln33_10 : 3
		shl_ln33_3 : 4
		lshr_ln33_3 : 5
		zext_ln33_11 : 6
		tmp_12 : 5
		select_ln33_7 : 6
		sub_ln33_7 : 2
		sext_ln33_3 : 3
		add_ln33_7 : 7
		tmp_19_i : 8
		pi_assign_3 : 9
		LD_3 : 10
		empty_59 : 11
		select_ln33_8 : 1
	State 7
		trunc_ln33_4 : 1
		add_ln33_8 : 2
		zext_ln33_13 : 3
		shl_ln33_4 : 4
		lshr_ln33_4 : 5
		zext_ln33_14 : 6
		tmp_14 : 5
		select_ln33_9 : 6
		sub_ln33_9 : 2
		sext_ln33_4 : 3
		add_ln33_9 : 7
		tmp_23_i : 8
		pi_assign_4 : 9
		LD_4 : 10
		empty_60 : 11
	State 8


============================================================
+ Verbose Summary: Datapath Resource usage 
============================================================

* Functional unit list:
|----------|------------------------------------------|---------|---------|
| Operation|              Functional Unit             |    FF   |   LUT   |
|----------|------------------------------------------|---------|---------|
|          |            select_ln33_fu_231            |    0    |    14   |
|          |           select_ln33_1_fu_323           |    0    |    8    |
|          |               empty_fu_370               |    0    |    32   |
|          |           select_ln33_2_fu_387           |    0    |    14   |
|          |           select_ln33_3_fu_445           |    0    |    8    |
|          |              empty_57_fu_492             |    0    |    32   |
|          |           select_ln33_4_fu_509           |    0    |    14   |
|  select  |           select_ln33_5_fu_567           |    0    |    8    |
|          |              empty_58_fu_614             |    0    |    32   |
|          |           select_ln33_6_fu_631           |    0    |    14   |
|          |           select_ln33_7_fu_689           |    0    |    8    |
|          |              empty_59_fu_736             |    0    |    32   |
|          |           select_ln33_8_fu_753           |    0    |    14   |
|          |           select_ln33_9_fu_811           |    0    |    8    |
|          |              empty_60_fu_858             |    0    |    32   |
|----------|------------------------------------------|---------|---------|
|          |              add_ln29_fu_164             |    0    |    38   |
|          |              add_ln33_fu_285             |    0    |    12   |
|          |             add_ln33_1_fu_341            |    0    |    15   |
|          |             add_ln33_2_fu_407            |    0    |    12   |
|          |             add_ln33_3_fu_463            |    0    |    15   |
|    add   |             add_ln33_4_fu_529            |    0    |    12   |
|          |             add_ln33_5_fu_585            |    0    |    15   |
|          |             add_ln33_6_fu_651            |    0    |    12   |
|          |             add_ln33_7_fu_707            |    0    |    15   |
|          |             add_ln33_8_fu_773            |    0    |    12   |
|          |             add_ln33_9_fu_829            |    0    |    15   |
|----------|------------------------------------------|---------|---------|
|          |              sub_ln33_fu_225             |    0    |    21   |
|          |             sub_ln33_1_fu_331            |    0    |    12   |
|          |             sub_ln33_2_fu_382            |    0    |    21   |
|          |             sub_ln33_3_fu_453            |    0    |    12   |
|    sub   |             sub_ln33_4_fu_504            |    0    |    21   |
|          |             sub_ln33_5_fu_575            |    0    |    12   |
|          |             sub_ln33_6_fu_626            |    0    |    21   |
|          |             sub_ln33_7_fu_697            |    0    |    12   |
|          |             sub_ln33_8_fu_748            |    0    |    21   |
|          |             sub_ln33_9_fu_819            |    0    |    12   |
|----------|------------------------------------------|---------|---------|
|          |              shl_ln33_fu_295             |    0    |    29   |
|          |             shl_ln33_1_fu_417            |    0    |    29   |
|    shl   |             shl_ln33_2_fu_539            |    0    |    29   |
|          |             shl_ln33_3_fu_661            |    0    |    29   |
|          |             shl_ln33_4_fu_783            |    0    |    29   |
|----------|------------------------------------------|---------|---------|
|          |             icmp_ln29_fu_152             |    0    |    39   |
|          |             icmp_ln33_fu_211             |    0    |    21   |
|   icmp   |            icmp_ln33_1_fu_377            |    0    |    21   |
|          |            icmp_ln33_2_fu_499            |    0    |    21   |
|          |            icmp_ln33_3_fu_621            |    0    |    21   |
|          |            icmp_ln33_4_fu_743            |    0    |    21   |
|----------|------------------------------------------|---------|---------|
|          |              tmp_6_i_fu_271              |    0    |    16   |
|          |              tmp_8_i_fu_393              |    0    |    16   |
|   ctlz   |              tmp_13_i_fu_515             |    0    |    16   |
|          |              tmp_17_i_fu_637             |    0    |    16   |
|          |              tmp_21_i_fu_759             |    0    |    16   |
|----------|------------------------------------------|---------|---------|
|          |        sext_ln29_read_read_fu_110        |    0    |    0    |
|   read   |       batch_size_1_read_read_fu_116      |    0    |    0    |
|          | stream_out0_layer12_out_read_read_fu_122 |    0    |    0    |
|----------|------------------------------------------|---------|---------|
|   write  |             grp_write_fu_128             |    0    |    0    |
|----------|------------------------------------------|---------|---------|
|          |           sext_ln29_cast_fu_136          |    0    |    0    |
|          |             sext_ln33_fu_337             |    0    |    0    |
|   sext   |            sext_ln33_1_fu_459            |    0    |    0    |
|          |            sext_ln33_2_fu_581            |    0    |    0    |
|          |            sext_ln33_3_fu_703            |    0    |    0    |
|          |            sext_ln33_4_fu_825            |    0    |    0    |
|----------|------------------------------------------|---------|---------|
|          |             zext_ln29_fu_148             |    0    |    0    |
|          |             zext_ln33_fu_282             |    0    |    0    |
|          |            zext_ln33_1_fu_291            |    0    |    0    |
|          |            zext_ln33_2_fu_311            |    0    |    0    |
|          |            zext_ln33_3_fu_404            |    0    |    0    |
|          |            zext_ln33_4_fu_413            |    0    |    0    |
|          |            zext_ln33_5_fu_433            |    0    |    0    |
|   zext   |            zext_ln33_6_fu_526            |    0    |    0    |
|          |            zext_ln33_7_fu_535            |    0    |    0    |
|          |            zext_ln33_8_fu_555            |    0    |    0    |
|          |            zext_ln33_9_fu_648            |    0    |    0    |
|          |            zext_ln33_10_fu_657           |    0    |    0    |
|          |            zext_ln33_11_fu_677           |    0    |    0    |
|          |            zext_ln33_12_fu_770           |    0    |    0    |
|          |            zext_ln33_13_fu_779           |    0    |    0    |
|          |            zext_ln33_14_fu_799           |    0    |    0    |
|----------|------------------------------------------|---------|---------|
|          |                tmp_fu_175                |    0    |    0    |
|          |             trunc_ln33_fu_278            |    0    |    0    |
|          |                 LD_fu_366                |    0    |    0    |
|          |            trunc_ln33_1_fu_400           |    0    |    0    |
|          |                LD_1_fu_488               |    0    |    0    |
|   trunc  |            trunc_ln33_2_fu_522           |    0    |    0    |
|          |                LD_2_fu_610               |    0    |    0    |
|          |            trunc_ln33_3_fu_644           |    0    |    0    |
|          |                LD_3_fu_732               |    0    |    0    |
|          |            trunc_ln33_4_fu_766           |    0    |    0    |
|          |                LD_4_fu_854               |    0    |    0    |
|----------|------------------------------------------|---------|---------|
|          |               tmp_1_fu_179               |    0    |    0    |
|          |               tmp_2_fu_187               |    0    |    0    |
|          |               tmp_3_fu_195               |    0    |    0    |
|          |               tmp_4_fu_203               |    0    |    0    |
|partselect|              lshr_ln_fu_301              |    0    |    0    |
|          |            lshr_ln33_1_fu_423            |    0    |    0    |
|          |            lshr_ln33_2_fu_545            |    0    |    0    |
|          |            lshr_ln33_3_fu_667            |    0    |    0    |
|          |            lshr_ln33_4_fu_789            |    0    |    0    |
|----------|------------------------------------------|---------|---------|
|          |               tmp_5_fu_217               |    0    |    0    |
|          |               tmp_7_fu_239               |    0    |    0    |
|          |               tmp_9_fu_247               |    0    |    0    |
|          |               tmp_11_fu_255              |    0    |    0    |
| bitselect|               tmp_13_fu_263              |    0    |    0    |
|          |               tmp_6_fu_315               |    0    |    0    |
|          |               tmp_8_fu_437               |    0    |    0    |
|          |               tmp_10_fu_559              |    0    |    0    |
|          |               tmp_12_fu_681              |    0    |    0    |
|          |               tmp_14_fu_803              |    0    |    0    |
|----------|------------------------------------------|---------|---------|
|          |              tmp_7_i_fu_347              |    0    |    0    |
|          |              tmp_11_i_fu_469             |    0    |    0    |
|bitconcatenate|              tmp_15_i_fu_591             |    0    |    0    |
|          |              tmp_19_i_fu_713             |    0    |    0    |
|          |              tmp_23_i_fu_835             |    0    |    0    |
|----------|------------------------------------------|---------|---------|
|          |             pi_assign_fu_354             |    0    |    0    |
|          |            pi_assign_1_fu_476            |    0    |    0    |
|  partset |            pi_assign_2_fu_598            |    0    |    0    |
|          |            pi_assign_3_fu_720            |    0    |    0    |
|          |            pi_assign_4_fu_842            |    0    |    0    |
|----------|------------------------------------------|---------|---------|
|   Total  |                                          |    0    |   977   |
|----------|------------------------------------------|---------|---------|

Memories:
N/A

* Register list:
+----------------------+--------+
|                      |   FF   |
+----------------------+--------+
|   empty_57_reg_965   |   32   |
|   empty_58_reg_981   |   32   |
|   empty_59_reg_997   |   32   |
|   empty_60_reg_1013  |   32   |
|     empty_reg_949    |   32   |
|gmem_out0_addr_reg_876|   32   |
|   icmp_ln29_reg_872  |    1   |
|  icmp_ln33_1_reg_954 |    1   |
|  icmp_ln33_2_reg_970 |    1   |
|  icmp_ln33_3_reg_986 |    1   |
| icmp_ln33_4_reg_1002 |    1   |
|   icmp_ln33_reg_909  |    1   |
|       q_reg_865      |   31   |
| select_ln33_2_reg_959|   14   |
| select_ln33_4_reg_975|   14   |
| select_ln33_6_reg_991|   14   |
|select_ln33_8_reg_1007|   14   |
|  select_ln33_reg_919 |   14   |
|    tmp_11_reg_937    |    1   |
|    tmp_13_reg_943    |    1   |
|     tmp_1_reg_881    |   14   |
|     tmp_2_reg_888    |   14   |
|     tmp_3_reg_895    |   14   |
|     tmp_4_reg_902    |   14   |
|     tmp_5_reg_914    |    1   |
|     tmp_7_reg_925    |    1   |
|     tmp_9_reg_931    |    1   |
+----------------------+--------+
|         Total        |   360  |
+----------------------+--------+

* Multiplexer (MUX) list: 
|------------------|------|------|------|--------||---------||---------||---------|
|       Comp       |  Pin | Size |  BW  | S x BW ||  Delay  ||    FF   ||   LUT   |
|------------------|------|------|------|--------||---------||---------||---------|
| grp_write_fu_128 |  p2  |   5  |  32  |   160  ||    0    ||    26   |
|------------------|------|------|------|--------||---------||---------||---------|
|       Total      |      |      |      |   160  ||  0.574  ||    0    ||    26   |
|------------------|------|------|------|--------||---------||---------||---------|



* Summary:
+-----------+--------+--------+--------+
|           |  Delay |   FF   |   LUT  |
+-----------+--------+--------+--------+
|  Function |    -   |    0   |   977  |
|   Memory  |    -   |    -   |    -   |
|Multiplexer|    0   |    0   |   26   |
|  Register |    -   |   360  |    -   |
+-----------+--------+--------+--------+
|   Total   |    0   |   360  |  1003  |
+-----------+--------+--------+--------+
