

================================================================
== Vitis HLS Report for 'dense_latency_ap_ufixed_2_0_4_0_0_ap_fixed_10_7_5_3_0_config11_s'
================================================================
* Date:           Thu May  7 14:41:10 2026

* Version:        2025.2 (Build 6295257 on Nov 14 2025)
* Project:        vitis_unified_project
* Solution:       hls (Vivado IP Flow Target)
* Product family: zynquplus
* Target device:  xck26-sfvc784-2LV-c


================================================================
== Performance Estimates
================================================================
+ Timing: 
    * Summary: 
    +--------+---------+----------+------------+
    |  Clock |  Target | Estimated| Uncertainty|
    +--------+---------+----------+------------+
    |ap_clk  |  5.00 ns|  3.444 ns|     0.62 ns|
    +--------+---------+----------+------------+

+ Latency: 
    * Summary: 
    +---------+---------+----------+----------+-----+-----+---------+
    |  Latency (cycles) |  Latency (absolute) |  Interval | Pipeline|
    |   min   |   max   |    min   |    max   | min | max |   Type  |
    +---------+---------+----------+----------+-----+-----+---------+
    |        0|        0|      0 ns|      0 ns|    1|    1|      yes|
    +---------+---------+----------+----------+-----+-----+---------+

    + Detail: 
        * Instance: 
        N/A

        * Loop: 
        N/A



================================================================
== Utilization Estimates
================================================================
* Summary: 
+-----------------+---------+------+--------+--------+-----+
|       Name      | BRAM_18K|  DSP |   FF   |   LUT  | URAM|
+-----------------+---------+------+--------+--------+-----+
|DSP              |        -|     -|       -|       -|    -|
|Expression       |        -|     -|       0|     580|    -|
|FIFO             |        -|     -|       -|       -|    -|
|Instance         |        -|     -|       -|       -|    -|
|Memory           |        -|     -|       -|       -|    -|
|Multiplexer      |        -|     -|       -|       -|    -|
|Register         |        -|     -|       -|       -|    -|
+-----------------+---------+------+--------+--------+-----+
|Total            |        0|     0|       0|     580|    0|
+-----------------+---------+------+--------+--------+-----+
|Available        |      288|  1248|  234240|  117120|   64|
+-----------------+---------+------+--------+--------+-----+
|Utilization (%)  |        0|     0|       0|      ~0|    0|
+-----------------+---------+------+--------+--------+-----+

+ Detail: 
    * Instance: 
    N/A

    * DSP: 
    N/A

    * Memory: 
    N/A

    * FIFO: 
    N/A

    * Expression: 
    +------------------------+----------+----+---+----+------------+------------+
    |      Variable Name     | Operation| DSP| FF| LUT| Bitwidth P0| Bitwidth P1|
    +------------------------+----------+----+---+----+------------+------------+
    |add_ln58_311_fu_666_p2  |         +|   0|  0|  17|          11|          10|
    |add_ln58_312_fu_672_p2  |         +|   0|  0|  17|          11|          11|
    |add_ln58_314_fu_790_p2  |         +|   0|  0|  18|          11|          11|
    |add_ln58_fu_622_p2      |         +|   0|  0|  19|          12|          12|
    |empty_222_fu_580_p2     |         +|   0|  0|  12|           4|           4|
    |empty_223_fu_696_p2     |         +|   0|  0|  10|           3|           3|
    |empty_225_fu_748_p2     |         +|   0|  0|  10|           5|           5|
    |empty_226_fu_818_p2     |         +|   0|  0|  10|           3|           3|
    |empty_227_fu_828_p2     |         +|   0|  0|  12|           4|           4|
    |empty_228_fu_880_p2     |         +|   0|  0|  10|           5|           5|
    |empty_229_fu_966_p2     |         +|   0|  0|  10|           5|           5|
    |empty_fu_556_p2         |         +|   0|  0|  10|           3|           3|
    |tmp10_fu_940_p2         |         +|   0|  0|  10|           5|           5|
    |tmp12_fu_956_p2         |         +|   0|  0|  12|           4|           4|
    |tmp13_fu_946_p2         |         +|   0|  0|  10|           3|           3|
    |tmp237_fu_890_p2        |         +|   0|  0|  13|           6|           6|
    |tmp2_fu_638_p2          |         +|   0|  0|  10|           3|           3|
    |tmp4213_fu_604_p2       |         +|   0|  0|  12|           5|           5|
    |tmp479_fu_772_p2        |         +|   0|  0|  13|           6|           6|
    |tmp4_fu_732_p2          |         +|   0|  0|  10|           5|           5|
    |tmp505_fu_976_p2        |         +|   0|  0|  13|           6|           6|
    |tmp5_fu_738_p2          |         +|   0|  0|  10|           3|           3|
    |tmp6_fu_762_p2          |         +|   0|  0|  12|           5|           5|
    |tmp7_fu_854_p2          |         +|   0|  0|  10|           5|           5|
    |tmp9_fu_860_p2          |         +|   0|  0|  10|           3|           3|
    |tmp_fu_570_p2           |         +|   0|  0|  10|           3|           3|
    |x_55_fu_682_p2          |         +|   0|  0|  19|          12|          12|
    |x_56_fu_908_p2          |         +|   0|  0|  21|          14|          11|
    |x_57_fu_800_p2          |         +|   0|  0|  21|          14|          14|
    |x_58_fu_994_p2          |         +|   0|  0|  21|          14|          14|
    |x_fu_632_p2             |         +|   0|  0|  20|          13|          13|
    |empty_224_fu_710_p2     |         -|   0|  0|  12|           4|           4|
    |sub_ln73_68_fu_340_p2   |         -|   0|  0|  12|           1|           4|
    |sub_ln73_69_fu_402_p2   |         -|   0|  0|  12|           1|           4|
    |sub_ln73_70_fu_424_p2   |         -|   0|  0|  12|           1|           4|
    |sub_ln73_71_fu_442_p2   |         -|   0|  0|  12|           1|           4|
    |sub_ln73_72_fu_476_p2   |         -|   0|  0|  12|           1|           4|
    |sub_ln73_73_fu_494_p2   |         -|   0|  0|  12|           1|           4|
    |sub_ln73_74_fu_520_p2   |         -|   0|  0|  12|           1|           4|
    |sub_ln73_75_fu_538_p2   |         -|   0|  0|  12|           1|           4|
    |sub_ln73_fu_310_p2      |         -|   0|  0|  12|           1|           4|
    |tmp11_fu_930_p2         |         -|   0|  0|  12|           4|           4|
    |tmp1_fu_594_p2          |         -|   0|  0|  12|           4|           4|
    |tmp4411_fu_648_p2       |         -|   0|  0|  12|           4|           4|
    |tmp8_fu_870_p2          |         -|   0|  0|  12|           4|           4|
    +------------------------+----------+----+---+----+------------+------------+
    |Total                   |          |   0|  0| 580|         235|         258|
    +------------------------+----------+----+---+----+------------+------------+

    * Multiplexer: 
    N/A

    * Register: 
    N/A



================================================================
== Interface
================================================================
* Summary: 
+-------------+-----+-----+------------+-----------------------------------------------------------------------------+--------------+
|  RTL Ports  | Dir | Bits|  Protocol  |                                Source Object                                |    C Type    |
+-------------+-----+-----+------------+-----------------------------------------------------------------------------+--------------+
|ap_ready     |  out|    1|  ap_ctrl_hs|  dense_latency<ap_ufixed<2, 0, 4, 0, 0>, ap_fixed<10, 7, 5, 3, 0>, config11>|  return value|
|ap_return_0  |  out|   10|  ap_ctrl_hs|  dense_latency<ap_ufixed<2, 0, 4, 0, 0>, ap_fixed<10, 7, 5, 3, 0>, config11>|  return value|
|ap_return_1  |  out|   10|  ap_ctrl_hs|  dense_latency<ap_ufixed<2, 0, 4, 0, 0>, ap_fixed<10, 7, 5, 3, 0>, config11>|  return value|
|ap_return_2  |  out|   10|  ap_ctrl_hs|  dense_latency<ap_ufixed<2, 0, 4, 0, 0>, ap_fixed<10, 7, 5, 3, 0>, config11>|  return value|
|ap_return_3  |  out|   10|  ap_ctrl_hs|  dense_latency<ap_ufixed<2, 0, 4, 0, 0>, ap_fixed<10, 7, 5, 3, 0>, config11>|  return value|
|ap_return_4  |  out|   10|  ap_ctrl_hs|  dense_latency<ap_ufixed<2, 0, 4, 0, 0>, ap_fixed<10, 7, 5, 3, 0>, config11>|  return value|
|ap_rst       |   in|    1|  ap_ctrl_hs|  dense_latency<ap_ufixed<2, 0, 4, 0, 0>, ap_fixed<10, 7, 5, 3, 0>, config11>|  return value|
|data_0_val   |   in|    2|     ap_none|                                                                   data_0_val|        scalar|
|data_1_val   |   in|    2|     ap_none|                                                                   data_1_val|        scalar|
|data_2_val   |   in|    2|     ap_none|                                                                   data_2_val|        scalar|
|data_3_val   |   in|    2|     ap_none|                                                                   data_3_val|        scalar|
|data_4_val   |   in|    2|     ap_none|                                                                   data_4_val|        scalar|
|data_5_val   |   in|    2|     ap_none|                                                                   data_5_val|        scalar|
|data_6_val   |   in|    2|     ap_none|                                                                   data_6_val|        scalar|
|data_7_val   |   in|    2|     ap_none|                                                                   data_7_val|        scalar|
|data_10_val  |   in|    2|     ap_none|                                                                  data_10_val|        scalar|
|data_11_val  |   in|    2|     ap_none|                                                                  data_11_val|        scalar|
|data_13_val  |   in|    2|     ap_none|                                                                  data_13_val|        scalar|
|data_14_val  |   in|    2|     ap_none|                                                                  data_14_val|        scalar|
|data_15_val  |   in|    2|     ap_none|                                                                  data_15_val|        scalar|
|data_17_val  |   in|    2|     ap_none|                                                                  data_17_val|        scalar|
|data_18_val  |   in|    2|     ap_none|                                                                  data_18_val|        scalar|
|data_19_val  |   in|    2|     ap_none|                                                                  data_19_val|        scalar|
|data_20_val  |   in|    2|     ap_none|                                                                  data_20_val|        scalar|
|data_21_val  |   in|    2|     ap_none|                                                                  data_21_val|        scalar|
|data_22_val  |   in|    2|     ap_none|                                                                  data_22_val|        scalar|
|data_23_val  |   in|    2|     ap_none|                                                                  data_23_val|        scalar|
|data_24_val  |   in|    2|     ap_none|                                                                  data_24_val|        scalar|
|data_25_val  |   in|    2|     ap_none|                                                                  data_25_val|        scalar|
|data_26_val  |   in|    2|     ap_none|                                                                  data_26_val|        scalar|
|data_27_val  |   in|    2|     ap_none|                                                                  data_27_val|        scalar|
|data_29_val  |   in|    2|     ap_none|                                                                  data_29_val|        scalar|
|data_30_val  |   in|    2|     ap_none|                                                                  data_30_val|        scalar|
+-------------+-----+-----+------------+-----------------------------------------------------------------------------+--------------+

============================================================
+ Verbose Summary: Synthesis Manager
============================================================
InlineROM: 1
ExposeGlobal: 0
============================================================
+ Verbose Summary: CDFG Model
============================================================
IsTopModel: 0
ResetActiveHigh: 1
IsCombinational: 1
IsDatapathOnly: 2
HasWiredReturn: 1
HasMFsm: 2
HasVarLatency: 0
IsPipeline: 1
IsRtlPipelined: 0
IsInstanceOverlapped: 0
IsDontTouch: 0
HasImplIP: 0
IsGatedGlobalClock: 0

+ Individual pipeline summary: 
  * Pipeline-0: initiation interval (II) = 1, depth = 1


============================================================
+ Verbose Summary: Schedule
============================================================
* Number of FSM states : 1
* Pipeline : 1
  Pipeline-0 : II = 1, D = 1, States = { 1 }
* Dataflow Pipeline: 0

* FSM state transitions: 
1 --> 

* FSM state operations: 

State 1 <SV = 0> <Delay = 3.44>
ST_1 : Operation 2 [1/1] (0.00ns)   --->   "%specpipeline_ln26 = specpipeline void @_ssdm_op_SpecPipeline, i32 1, i32 0, i32 0, i32 0, i32 4294967295, void @empty_21" [firmware/nnet_utils/nnet_dense_latency.h:26]   --->   Operation 2 'specpipeline' 'specpipeline_ln26' <Predicate = true> <Delay = 0.00>
ST_1 : Operation 3 [1/1] (0.00ns)   --->   "%specresourcelimit_ln33 = specresourcelimit void @_ssdm_op_SpecResourceLimit, i64 40, void @empty_22, void @empty_21, void @empty_21, void @empty_21" [firmware/nnet_utils/nnet_dense_latency.h:33]   --->   Operation 3 'specresourcelimit' 'specresourcelimit_ln33' <Predicate = true> <Delay = 0.00>
ST_1 : Operation 4 [1/1] (0.00ns)   --->   "%data_30_val_read = read i2 @_ssdm_op_Read.ap_auto.i2, i2 %data_30_val" [firmware/nnet_utils/nnet_mult.h:70->firmware/nnet_utils/nnet_dense_latency.h:42]   --->   Operation 4 'read' 'data_30_val_read' <Predicate = true> <Delay = 0.00>
ST_1 : Operation 5 [1/1] (0.00ns)   --->   "%data_29_val_read = read i2 @_ssdm_op_Read.ap_auto.i2, i2 %data_29_val" [firmware/nnet_utils/nnet_mult.h:70->firmware/nnet_utils/nnet_dense_latency.h:42]   --->   Operation 5 'read' 'data_29_val_read' <Predicate = true> <Delay = 0.00>
ST_1 : Operation 6 [1/1] (0.00ns)   --->   "%data_27_val_read = read i2 @_ssdm_op_Read.ap_auto.i2, i2 %data_27_val" [firmware/nnet_utils/nnet_mult.h:70->firmware/nnet_utils/nnet_dense_latency.h:42]   --->   Operation 6 'read' 'data_27_val_read' <Predicate = true> <Delay = 0.00>
ST_1 : Operation 7 [1/1] (0.00ns)   --->   "%data_26_val_read = read i2 @_ssdm_op_Read.ap_auto.i2, i2 %data_26_val" [firmware/nnet_utils/nnet_mult.h:70->firmware/nnet_utils/nnet_dense_latency.h:42]   --->   Operation 7 'read' 'data_26_val_read' <Predicate = true> <Delay = 0.00>
ST_1 : Operation 8 [1/1] (0.00ns)   --->   "%data_25_val_read = read i2 @_ssdm_op_Read.ap_auto.i2, i2 %data_25_val" [firmware/nnet_utils/nnet_mult.h:70->firmware/nnet_utils/nnet_dense_latency.h:42]   --->   Operation 8 'read' 'data_25_val_read' <Predicate = true> <Delay = 0.00>
ST_1 : Operation 9 [1/1] (0.00ns)   --->   "%data_24_val_read = read i2 @_ssdm_op_Read.ap_auto.i2, i2 %data_24_val" [firmware/nnet_utils/nnet_mult.h:70->firmware/nnet_utils/nnet_dense_latency.h:42]   --->   Operation 9 'read' 'data_24_val_read' <Predicate = true> <Delay = 0.00>
ST_1 : Operation 10 [1/1] (0.00ns)   --->   "%data_23_val_read = read i2 @_ssdm_op_Read.ap_auto.i2, i2 %data_23_val" [firmware/nnet_utils/nnet_mult.h:70->firmware/nnet_utils/nnet_dense_latency.h:42]   --->   Operation 10 'read' 'data_23_val_read' <Predicate = true> <Delay = 0.00>
ST_1 : Operation 11 [1/1] (0.00ns)   --->   "%data_22_val_read = read i2 @_ssdm_op_Read.ap_auto.i2, i2 %data_22_val" [firmware/nnet_utils/nnet_mult.h:70->firmware/nnet_utils/nnet_dense_latency.h:42]   --->   Operation 11 'read' 'data_22_val_read' <Predicate = true> <Delay = 0.00>
ST_1 : Operation 12 [1/1] (0.00ns)   --->   "%data_21_val_read = read i2 @_ssdm_op_Read.ap_auto.i2, i2 %data_21_val" [firmware/nnet_utils/nnet_mult.h:70->firmware/nnet_utils/nnet_dense_latency.h:42]   --->   Operation 12 'read' 'data_21_val_read' <Predicate = true> <Delay = 0.00>
ST_1 : Operation 13 [1/1] (0.00ns)   --->   "%data_20_val_read = read i2 @_ssdm_op_Read.ap_auto.i2, i2 %data_20_val" [firmware/nnet_utils/nnet_mult.h:70->firmware/nnet_utils/nnet_dense_latency.h:42]   --->   Operation 13 'read' 'data_20_val_read' <Predicate = true> <Delay = 0.00>
ST_1 : Operation 14 [1/1] (0.00ns)   --->   "%data_19_val_read = read i2 @_ssdm_op_Read.ap_auto.i2, i2 %data_19_val" [firmware/nnet_utils/nnet_mult.h:70->firmware/nnet_utils/nnet_dense_latency.h:42]   --->   Operation 14 'read' 'data_19_val_read' <Predicate = true> <Delay = 0.00>
ST_1 : Operation 15 [1/1] (0.00ns)   --->   "%data_18_val_read = read i2 @_ssdm_op_Read.ap_auto.i2, i2 %data_18_val" [firmware/nnet_utils/nnet_mult.h:70->firmware/nnet_utils/nnet_dense_latency.h:42]   --->   Operation 15 'read' 'data_18_val_read' <Predicate = true> <Delay = 0.00>
ST_1 : Operation 16 [1/1] (0.00ns)   --->   "%data_17_val_read = read i2 @_ssdm_op_Read.ap_auto.i2, i2 %data_17_val" [firmware/nnet_utils/nnet_mult.h:70->firmware/nnet_utils/nnet_dense_latency.h:42]   --->   Operation 16 'read' 'data_17_val_read' <Predicate = true> <Delay = 0.00>
ST_1 : Operation 17 [1/1] (0.00ns)   --->   "%data_15_val_read = read i2 @_ssdm_op_Read.ap_auto.i2, i2 %data_15_val" [firmware/nnet_utils/nnet_mult.h:70->firmware/nnet_utils/nnet_dense_latency.h:42]   --->   Operation 17 'read' 'data_15_val_read' <Predicate = true> <Delay = 0.00>
ST_1 : Operation 18 [1/1] (0.00ns)   --->   "%data_14_val_read = read i2 @_ssdm_op_Read.ap_auto.i2, i2 %data_14_val" [firmware/nnet_utils/nnet_mult.h:70->firmware/nnet_utils/nnet_dense_latency.h:42]   --->   Operation 18 'read' 'data_14_val_read' <Predicate = true> <Delay = 0.00>
ST_1 : Operation 19 [1/1] (0.00ns)   --->   "%data_13_val_read = read i2 @_ssdm_op_Read.ap_auto.i2, i2 %data_13_val" [firmware/nnet_utils/nnet_mult.h:70->firmware/nnet_utils/nnet_dense_latency.h:42]   --->   Operation 19 'read' 'data_13_val_read' <Predicate = true> <Delay = 0.00>
ST_1 : Operation 20 [1/1] (0.00ns)   --->   "%data_11_val_read = read i2 @_ssdm_op_Read.ap_auto.i2, i2 %data_11_val" [firmware/nnet_utils/nnet_mult.h:70->firmware/nnet_utils/nnet_dense_latency.h:42]   --->   Operation 20 'read' 'data_11_val_read' <Predicate = true> <Delay = 0.00>
ST_1 : Operation 21 [1/1] (0.00ns)   --->   "%data_10_val_read = read i2 @_ssdm_op_Read.ap_auto.i2, i2 %data_10_val" [firmware/nnet_utils/nnet_mult.h:70->firmware/nnet_utils/nnet_dense_latency.h:42]   --->   Operation 21 'read' 'data_10_val_read' <Predicate = true> <Delay = 0.00>
ST_1 : Operation 22 [1/1] (0.00ns)   --->   "%data_7_val_read = read i2 @_ssdm_op_Read.ap_auto.i2, i2 %data_7_val" [firmware/nnet_utils/nnet_mult.h:70->firmware/nnet_utils/nnet_dense_latency.h:42]   --->   Operation 22 'read' 'data_7_val_read' <Predicate = true> <Delay = 0.00>
ST_1 : Operation 23 [1/1] (0.00ns)   --->   "%data_6_val_read = read i2 @_ssdm_op_Read.ap_auto.i2, i2 %data_6_val" [firmware/nnet_utils/nnet_mult.h:70->firmware/nnet_utils/nnet_dense_latency.h:42]   --->   Operation 23 'read' 'data_6_val_read' <Predicate = true> <Delay = 0.00>
ST_1 : Operation 24 [1/1] (0.00ns)   --->   "%data_5_val_read = read i2 @_ssdm_op_Read.ap_auto.i2, i2 %data_5_val" [firmware/nnet_utils/nnet_mult.h:70->firmware/nnet_utils/nnet_dense_latency.h:42]   --->   Operation 24 'read' 'data_5_val_read' <Predicate = true> <Delay = 0.00>
ST_1 : Operation 25 [1/1] (0.00ns)   --->   "%data_4_val_read = read i2 @_ssdm_op_Read.ap_auto.i2, i2 %data_4_val" [firmware/nnet_utils/nnet_mult.h:70->firmware/nnet_utils/nnet_dense_latency.h:42]   --->   Operation 25 'read' 'data_4_val_read' <Predicate = true> <Delay = 0.00>
ST_1 : Operation 26 [1/1] (0.00ns)   --->   "%data_3_val_read = read i2 @_ssdm_op_Read.ap_auto.i2, i2 %data_3_val" [firmware/nnet_utils/nnet_mult.h:70->firmware/nnet_utils/nnet_dense_latency.h:42]   --->   Operation 26 'read' 'data_3_val_read' <Predicate = true> <Delay = 0.00>
ST_1 : Operation 27 [1/1] (0.00ns)   --->   "%data_2_val_read = read i2 @_ssdm_op_Read.ap_auto.i2, i2 %data_2_val" [firmware/nnet_utils/nnet_mult.h:70->firmware/nnet_utils/nnet_dense_latency.h:42]   --->   Operation 27 'read' 'data_2_val_read' <Predicate = true> <Delay = 0.00>
ST_1 : Operation 28 [1/1] (0.00ns)   --->   "%data_1_val_read = read i2 @_ssdm_op_Read.ap_auto.i2, i2 %data_1_val" [firmware/nnet_utils/nnet_mult.h:70->firmware/nnet_utils/nnet_dense_latency.h:42]   --->   Operation 28 'read' 'data_1_val_read' <Predicate = true> <Delay = 0.00>
ST_1 : Operation 29 [1/1] (0.00ns)   --->   "%data_0_val_read = read i2 @_ssdm_op_Read.ap_auto.i2, i2 %data_0_val" [firmware/nnet_utils/nnet_mult.h:70->firmware/nnet_utils/nnet_dense_latency.h:42]   --->   Operation 29 'read' 'data_0_val_read' <Predicate = true> <Delay = 0.00>
ST_1 : Operation 30 [1/1] (0.00ns)   --->   "%shl_ln = bitconcatenate i9 @_ssdm_op_BitConcatenate.i9.i2.i7, i2 %data_1_val_read, i7 0" [firmware/nnet_utils/nnet_dense_latency.h:42]   --->   Operation 30 'bitconcatenate' 'shl_ln' <Predicate = true> <Delay = 0.00>
ST_1 : Operation 31 [1/1] (0.00ns)   --->   "%zext_ln70 = zext i9 %shl_ln" [firmware/nnet_utils/nnet_mult.h:70->firmware/nnet_utils/nnet_dense_latency.h:42]   --->   Operation 31 'zext' 'zext_ln70' <Predicate = true> <Delay = 0.00>
ST_1 : Operation 32 [1/1] (0.00ns)   --->   "%tmp_908 = bitconcatenate i3 @_ssdm_op_BitConcatenate.i3.i2.i1, i2 %data_3_val_read, i1 0" [firmware/nnet_utils/nnet_mult.h:73->firmware/nnet_utils/nnet_dense_latency.h:42]   --->   Operation 32 'bitconcatenate' 'tmp_908' <Predicate = true> <Delay = 0.00>
ST_1 : Operation 33 [1/1] (0.00ns)   --->   "%zext_ln73 = zext i3 %tmp_908" [firmware/nnet_utils/nnet_mult.h:73->firmware/nnet_utils/nnet_dense_latency.h:42]   --->   Operation 33 'zext' 'zext_ln73' <Predicate = true> <Delay = 0.00>
ST_1 : Operation 34 [1/1] (0.00ns)   --->   "%tmp_909 = bitconcatenate i3 @_ssdm_op_BitConcatenate.i3.i2.i1, i2 %data_4_val_read, i1 0" [firmware/nnet_utils/nnet_mult.h:73->firmware/nnet_utils/nnet_dense_latency.h:42]   --->   Operation 34 'bitconcatenate' 'tmp_909' <Predicate = true> <Delay = 0.00>
ST_1 : Operation 35 [1/1] (0.00ns)   --->   "%zext_ln73_51 = zext i3 %tmp_909" [firmware/nnet_utils/nnet_mult.h:73->firmware/nnet_utils/nnet_dense_latency.h:42]   --->   Operation 35 'zext' 'zext_ln73_51' <Predicate = true> <Delay = 0.00>
ST_1 : Operation 36 [1/1] (0.00ns)   --->   "%tmp_910 = bitconcatenate i3 @_ssdm_op_BitConcatenate.i3.i2.i1, i2 %data_5_val_read, i1 0" [firmware/nnet_utils/nnet_mult.h:73->firmware/nnet_utils/nnet_dense_latency.h:42]   --->   Operation 36 'bitconcatenate' 'tmp_910' <Predicate = true> <Delay = 0.00>
ST_1 : Operation 37 [1/1] (0.00ns)   --->   "%zext_ln73_52 = zext i3 %tmp_910" [firmware/nnet_utils/nnet_mult.h:73->firmware/nnet_utils/nnet_dense_latency.h:42]   --->   Operation 37 'zext' 'zext_ln73_52' <Predicate = true> <Delay = 0.00>
ST_1 : Operation 38 [1/1] (0.67ns)   --->   "%sub_ln73 = sub i4 0, i4 %zext_ln73_52" [firmware/nnet_utils/nnet_mult.h:73->firmware/nnet_utils/nnet_dense_latency.h:42]   --->   Operation 38 'sub' 'sub_ln73' <Predicate = true> <Delay = 0.67> <CoreInst = "Adder">   --->   Core 1 'Adder' <Latency = 0> <II = 1> <Delay = 0.79> <FuncUnit> <Opcode : 'add' 'sub'> <InPorts = 2> <OutPorts = 1>
ST_1 : Operation 39 [1/1] (0.00ns)   --->   "%shl_ln42_1 = bitconcatenate i11 @_ssdm_op_BitConcatenate.i11.i4.i7, i4 %sub_ln73, i7 0" [firmware/nnet_utils/nnet_dense_latency.h:42]   --->   Operation 39 'bitconcatenate' 'shl_ln42_1' <Predicate = true> <Delay = 0.00>
ST_1 : Operation 40 [1/1] (0.00ns)   --->   "%sext_ln73 = sext i11 %shl_ln42_1" [firmware/nnet_utils/nnet_mult.h:73->firmware/nnet_utils/nnet_dense_latency.h:42]   --->   Operation 40 'sext' 'sext_ln73' <Predicate = true> <Delay = 0.00>
ST_1 : Operation 41 [1/1] (0.00ns)   --->   "%tmp_911 = bitconcatenate i3 @_ssdm_op_BitConcatenate.i3.i2.i1, i2 %data_6_val_read, i1 0" [firmware/nnet_utils/nnet_mult.h:73->firmware/nnet_utils/nnet_dense_latency.h:42]   --->   Operation 41 'bitconcatenate' 'tmp_911' <Predicate = true> <Delay = 0.00>
ST_1 : Operation 42 [1/1] (0.00ns)   --->   "%zext_ln73_53 = zext i3 %tmp_911" [firmware/nnet_utils/nnet_mult.h:73->firmware/nnet_utils/nnet_dense_latency.h:42]   --->   Operation 42 'zext' 'zext_ln73_53' <Predicate = true> <Delay = 0.00>
ST_1 : Operation 43 [1/1] (0.67ns)   --->   "%sub_ln73_68 = sub i4 0, i4 %zext_ln73_53" [firmware/nnet_utils/nnet_mult.h:73->firmware/nnet_utils/nnet_dense_latency.h:42]   --->   Operation 43 'sub' 'sub_ln73_68' <Predicate = true> <Delay = 0.67> <CoreInst = "Adder">   --->   Core 1 'Adder' <Latency = 0> <II = 1> <Delay = 0.79> <FuncUnit> <Opcode : 'add' 'sub'> <InPorts = 2> <OutPorts = 1>
ST_1 : Operation 44 [1/1] (0.00ns)   --->   "%tmp_912 = bitconcatenate i3 @_ssdm_op_BitConcatenate.i3.i2.i1, i2 %data_11_val_read, i1 0" [firmware/nnet_utils/nnet_mult.h:73->firmware/nnet_utils/nnet_dense_latency.h:42]   --->   Operation 44 'bitconcatenate' 'tmp_912' <Predicate = true> <Delay = 0.00>
ST_1 : Operation 45 [1/1] (0.00ns)   --->   "%zext_ln73_54 = zext i3 %tmp_912" [firmware/nnet_utils/nnet_mult.h:73->firmware/nnet_utils/nnet_dense_latency.h:42]   --->   Operation 45 'zext' 'zext_ln73_54' <Predicate = true> <Delay = 0.00>
ST_1 : Operation 46 [1/1] (0.00ns)   --->   "%zext_ln70_43 = zext i2 %data_13_val_read" [firmware/nnet_utils/nnet_mult.h:70->firmware/nnet_utils/nnet_dense_latency.h:42]   --->   Operation 46 'zext' 'zext_ln70_43' <Predicate = true> <Delay = 0.00>
ST_1 : Operation 47 [1/1] (0.00ns)   --->   "%tmp_913 = bitconcatenate i3 @_ssdm_op_BitConcatenate.i3.i2.i1, i2 %data_13_val_read, i1 0" [firmware/nnet_utils/nnet_mult.h:73->firmware/nnet_utils/nnet_dense_latency.h:42]   --->   Operation 47 'bitconcatenate' 'tmp_913' <Predicate = true> <Delay = 0.00>
ST_1 : Operation 48 [1/1] (0.00ns)   --->   "%zext_ln73_57 = zext i3 %tmp_913" [firmware/nnet_utils/nnet_mult.h:73->firmware/nnet_utils/nnet_dense_latency.h:42]   --->   Operation 48 'zext' 'zext_ln73_57' <Predicate = true> <Delay = 0.00>
ST_1 : Operation 49 [1/1] (0.00ns)   --->   "%tmp_914 = bitconcatenate i3 @_ssdm_op_BitConcatenate.i3.i2.i1, i2 %data_15_val_read, i1 0" [firmware/nnet_utils/nnet_mult.h:73->firmware/nnet_utils/nnet_dense_latency.h:42]   --->   Operation 49 'bitconcatenate' 'tmp_914' <Predicate = true> <Delay = 0.00>
ST_1 : Operation 50 [1/1] (0.00ns)   --->   "%zext_ln73_58 = zext i3 %tmp_914" [firmware/nnet_utils/nnet_mult.h:73->firmware/nnet_utils/nnet_dense_latency.h:42]   --->   Operation 50 'zext' 'zext_ln73_58' <Predicate = true> <Delay = 0.00>
ST_1 : Operation 51 [1/1] (0.00ns)   --->   "%zext_ln73_55 = zext i2 %data_18_val_read" [firmware/nnet_utils/nnet_mult.h:73->firmware/nnet_utils/nnet_dense_latency.h:42]   --->   Operation 51 'zext' 'zext_ln73_55' <Predicate = true> <Delay = 0.00>
ST_1 : Operation 52 [1/1] (0.00ns)   --->   "%tmp_915 = bitconcatenate i3 @_ssdm_op_BitConcatenate.i3.i2.i1, i2 %data_18_val_read, i1 0" [firmware/nnet_utils/nnet_mult.h:73->firmware/nnet_utils/nnet_dense_latency.h:42]   --->   Operation 52 'bitconcatenate' 'tmp_915' <Predicate = true> <Delay = 0.00>
ST_1 : Operation 53 [1/1] (0.00ns)   --->   "%zext_ln73_59 = zext i3 %tmp_915" [firmware/nnet_utils/nnet_mult.h:73->firmware/nnet_utils/nnet_dense_latency.h:42]   --->   Operation 53 'zext' 'zext_ln73_59' <Predicate = true> <Delay = 0.00>
ST_1 : Operation 54 [1/1] (0.67ns)   --->   "%sub_ln73_69 = sub i4 0, i4 %zext_ln73_59" [firmware/nnet_utils/nnet_mult.h:73->firmware/nnet_utils/nnet_dense_latency.h:42]   --->   Operation 54 'sub' 'sub_ln73_69' <Predicate = true> <Delay = 0.67> <CoreInst = "Adder">   --->   Core 1 'Adder' <Latency = 0> <II = 1> <Delay = 0.79> <FuncUnit> <Opcode : 'add' 'sub'> <InPorts = 2> <OutPorts = 1>
ST_1 : Operation 55 [1/1] (0.00ns)   --->   "%zext_ln73_56 = zext i2 %data_21_val_read" [firmware/nnet_utils/nnet_mult.h:73->firmware/nnet_utils/nnet_dense_latency.h:42]   --->   Operation 55 'zext' 'zext_ln73_56' <Predicate = true> <Delay = 0.00>
ST_1 : Operation 56 [1/1] (0.00ns)   --->   "%tmp_916 = bitconcatenate i3 @_ssdm_op_BitConcatenate.i3.i2.i1, i2 %data_21_val_read, i1 0" [firmware/nnet_utils/nnet_mult.h:73->firmware/nnet_utils/nnet_dense_latency.h:42]   --->   Operation 56 'bitconcatenate' 'tmp_916' <Predicate = true> <Delay = 0.00>
ST_1 : Operation 57 [1/1] (0.00ns)   --->   "%zext_ln73_60 = zext i3 %tmp_916" [firmware/nnet_utils/nnet_mult.h:73->firmware/nnet_utils/nnet_dense_latency.h:42]   --->   Operation 57 'zext' 'zext_ln73_60' <Predicate = true> <Delay = 0.00>
ST_1 : Operation 58 [1/1] (0.67ns)   --->   "%sub_ln73_70 = sub i4 0, i4 %zext_ln73_60" [firmware/nnet_utils/nnet_mult.h:73->firmware/nnet_utils/nnet_dense_latency.h:42]   --->   Operation 58 'sub' 'sub_ln73_70' <Predicate = true> <Delay = 0.67> <CoreInst = "Adder">   --->   Core 1 'Adder' <Latency = 0> <II = 1> <Delay = 0.79> <FuncUnit> <Opcode : 'add' 'sub'> <InPorts = 2> <OutPorts = 1>
ST_1 : Operation 59 [1/1] (0.00ns)   --->   "%tmp_917 = bitconcatenate i3 @_ssdm_op_BitConcatenate.i3.i2.i1, i2 %data_23_val_read, i1 0" [firmware/nnet_utils/nnet_mult.h:73->firmware/nnet_utils/nnet_dense_latency.h:42]   --->   Operation 59 'bitconcatenate' 'tmp_917' <Predicate = true> <Delay = 0.00>
ST_1 : Operation 60 [1/1] (0.00ns)   --->   "%zext_ln73_61 = zext i3 %tmp_917" [firmware/nnet_utils/nnet_mult.h:73->firmware/nnet_utils/nnet_dense_latency.h:42]   --->   Operation 60 'zext' 'zext_ln73_61' <Predicate = true> <Delay = 0.00>
ST_1 : Operation 61 [1/1] (0.67ns)   --->   "%sub_ln73_71 = sub i4 0, i4 %zext_ln73_61" [firmware/nnet_utils/nnet_mult.h:73->firmware/nnet_utils/nnet_dense_latency.h:42]   --->   Operation 61 'sub' 'sub_ln73_71' <Predicate = true> <Delay = 0.67> <CoreInst = "Adder">   --->   Core 1 'Adder' <Latency = 0> <II = 1> <Delay = 0.79> <FuncUnit> <Opcode : 'add' 'sub'> <InPorts = 2> <OutPorts = 1>
ST_1 : Operation 62 [1/1] (0.00ns)   --->   "%shl_ln42_2 = bitconcatenate i11 @_ssdm_op_BitConcatenate.i11.i4.i7, i4 %sub_ln73_71, i7 0" [firmware/nnet_utils/nnet_dense_latency.h:42]   --->   Operation 62 'bitconcatenate' 'shl_ln42_2' <Predicate = true> <Delay = 0.00>
ST_1 : Operation 63 [1/1] (0.00ns)   --->   "%sext_ln70 = sext i11 %shl_ln42_2" [firmware/nnet_utils/nnet_mult.h:70->firmware/nnet_utils/nnet_dense_latency.h:42]   --->   Operation 63 'sext' 'sext_ln70' <Predicate = true> <Delay = 0.00>
ST_1 : Operation 64 [1/1] (0.00ns)   --->   "%zext_ln70_44 = zext i2 %data_25_val_read" [firmware/nnet_utils/nnet_mult.h:70->firmware/nnet_utils/nnet_dense_latency.h:42]   --->   Operation 64 'zext' 'zext_ln70_44' <Predicate = true> <Delay = 0.00>
ST_1 : Operation 65 [1/1] (0.00ns)   --->   "%tmp_918 = bitconcatenate i3 @_ssdm_op_BitConcatenate.i3.i2.i1, i2 %data_25_val_read, i1 0" [firmware/nnet_utils/nnet_mult.h:73->firmware/nnet_utils/nnet_dense_latency.h:42]   --->   Operation 65 'bitconcatenate' 'tmp_918' <Predicate = true> <Delay = 0.00>
ST_1 : Operation 66 [1/1] (0.00ns)   --->   "%zext_ln73_62 = zext i3 %tmp_918" [firmware/nnet_utils/nnet_mult.h:73->firmware/nnet_utils/nnet_dense_latency.h:42]   --->   Operation 66 'zext' 'zext_ln73_62' <Predicate = true> <Delay = 0.00>
ST_1 : Operation 67 [1/1] (0.67ns)   --->   "%sub_ln73_72 = sub i4 0, i4 %zext_ln73_62" [firmware/nnet_utils/nnet_mult.h:73->firmware/nnet_utils/nnet_dense_latency.h:42]   --->   Operation 67 'sub' 'sub_ln73_72' <Predicate = true> <Delay = 0.67> <CoreInst = "Adder">   --->   Core 1 'Adder' <Latency = 0> <II = 1> <Delay = 0.79> <FuncUnit> <Opcode : 'add' 'sub'> <InPorts = 2> <OutPorts = 1>
ST_1 : Operation 68 [1/1] (0.00ns)   --->   "%tmp_919 = bitconcatenate i3 @_ssdm_op_BitConcatenate.i3.i2.i1, i2 %data_27_val_read, i1 0" [firmware/nnet_utils/nnet_mult.h:73->firmware/nnet_utils/nnet_dense_latency.h:42]   --->   Operation 68 'bitconcatenate' 'tmp_919' <Predicate = true> <Delay = 0.00>
ST_1 : Operation 69 [1/1] (0.00ns)   --->   "%zext_ln73_63 = zext i3 %tmp_919" [firmware/nnet_utils/nnet_mult.h:73->firmware/nnet_utils/nnet_dense_latency.h:42]   --->   Operation 69 'zext' 'zext_ln73_63' <Predicate = true> <Delay = 0.00>
ST_1 : Operation 70 [1/1] (0.67ns)   --->   "%sub_ln73_73 = sub i4 0, i4 %zext_ln73_63" [firmware/nnet_utils/nnet_mult.h:73->firmware/nnet_utils/nnet_dense_latency.h:42]   --->   Operation 70 'sub' 'sub_ln73_73' <Predicate = true> <Delay = 0.67> <CoreInst = "Adder">   --->   Core 1 'Adder' <Latency = 0> <II = 1> <Delay = 0.79> <FuncUnit> <Opcode : 'add' 'sub'> <InPorts = 2> <OutPorts = 1>
ST_1 : Operation 71 [1/1] (0.00ns)   --->   "%shl_ln42_3 = bitconcatenate i11 @_ssdm_op_BitConcatenate.i11.i4.i7, i4 %sub_ln73_73, i7 0" [firmware/nnet_utils/nnet_dense_latency.h:42]   --->   Operation 71 'bitconcatenate' 'shl_ln42_3' <Predicate = true> <Delay = 0.00>
ST_1 : Operation 72 [1/1] (0.00ns)   --->   "%tmp_920 = bitconcatenate i3 @_ssdm_op_BitConcatenate.i3.i2.i1, i2 %data_29_val_read, i1 0" [firmware/nnet_utils/nnet_mult.h:73->firmware/nnet_utils/nnet_dense_latency.h:42]   --->   Operation 72 'bitconcatenate' 'tmp_920' <Predicate = true> <Delay = 0.00>
ST_1 : Operation 73 [1/1] (0.00ns)   --->   "%zext_ln73_64 = zext i3 %tmp_920" [firmware/nnet_utils/nnet_mult.h:73->firmware/nnet_utils/nnet_dense_latency.h:42]   --->   Operation 73 'zext' 'zext_ln73_64' <Predicate = true> <Delay = 0.00>
ST_1 : Operation 74 [1/1] (0.67ns)   --->   "%sub_ln73_74 = sub i4 0, i4 %zext_ln73_64" [firmware/nnet_utils/nnet_mult.h:73->firmware/nnet_utils/nnet_dense_latency.h:42]   --->   Operation 74 'sub' 'sub_ln73_74' <Predicate = true> <Delay = 0.67> <CoreInst = "Adder">   --->   Core 1 'Adder' <Latency = 0> <II = 1> <Delay = 0.79> <FuncUnit> <Opcode : 'add' 'sub'> <InPorts = 2> <OutPorts = 1>
ST_1 : Operation 75 [1/1] (0.00ns)   --->   "%tmp_921 = bitconcatenate i3 @_ssdm_op_BitConcatenate.i3.i2.i1, i2 %data_30_val_read, i1 0" [firmware/nnet_utils/nnet_mult.h:73->firmware/nnet_utils/nnet_dense_latency.h:42]   --->   Operation 75 'bitconcatenate' 'tmp_921' <Predicate = true> <Delay = 0.00>
ST_1 : Operation 76 [1/1] (0.00ns)   --->   "%zext_ln73_65 = zext i3 %tmp_921" [firmware/nnet_utils/nnet_mult.h:73->firmware/nnet_utils/nnet_dense_latency.h:42]   --->   Operation 76 'zext' 'zext_ln73_65' <Predicate = true> <Delay = 0.00>
ST_1 : Operation 77 [1/1] (0.67ns)   --->   "%sub_ln73_75 = sub i4 0, i4 %zext_ln73_65" [firmware/nnet_utils/nnet_mult.h:73->firmware/nnet_utils/nnet_dense_latency.h:42]   --->   Operation 77 'sub' 'sub_ln73_75' <Predicate = true> <Delay = 0.67> <CoreInst = "Adder">   --->   Core 1 'Adder' <Latency = 0> <II = 1> <Delay = 0.79> <FuncUnit> <Opcode : 'add' 'sub'> <InPorts = 2> <OutPorts = 1>
ST_1 : Operation 78 [1/1] (0.00ns)   --->   "%data_2_val_cast = zext i2 %data_2_val_read" [firmware/nnet_utils/nnet_mult.h:70->firmware/nnet_utils/nnet_dense_latency.h:42]   --->   Operation 78 'zext' 'data_2_val_cast' <Predicate = true> <Delay = 0.00>
ST_1 : Operation 79 [1/1] (0.00ns)   --->   "%data_4_val_cast = zext i2 %data_4_val_read" [firmware/nnet_utils/nnet_mult.h:70->firmware/nnet_utils/nnet_dense_latency.h:42]   --->   Operation 79 'zext' 'data_4_val_cast' <Predicate = true> <Delay = 0.00>
ST_1 : Operation 80 [1/1] (0.00ns)   --->   "%data_7_val_cast14 = zext i2 %data_7_val_read" [firmware/nnet_utils/nnet_mult.h:70->firmware/nnet_utils/nnet_dense_latency.h:42]   --->   Operation 80 'zext' 'data_7_val_cast14' <Predicate = true> <Delay = 0.00>
ST_1 : Operation 81 [1/1] (0.54ns)   --->   "%empty = add i3 %data_4_val_cast, i3 %data_2_val_cast" [firmware/nnet_utils/nnet_mult.h:70->firmware/nnet_utils/nnet_dense_latency.h:42]   --->   Operation 81 'add' 'empty' <Predicate = true> <Delay = 0.54> <CoreInst = "Adder">   --->   Core 1 'Adder' <Latency = 0> <II = 1> <Delay = 0.67> <FuncUnit> <Opcode : 'add' 'sub'> <InPorts = 2> <OutPorts = 1>
ST_1 : Operation 82 [1/1] (0.00ns)   --->   "%p_cast = zext i3 %empty" [firmware/nnet_utils/nnet_mult.h:70->firmware/nnet_utils/nnet_dense_latency.h:42]   --->   Operation 82 'zext' 'p_cast' <Predicate = true> <Delay = 0.00>
ST_1 : Operation 83 [1/1] (0.00ns)   --->   "%data_10_val_cast15 = zext i2 %data_10_val_read" [firmware/nnet_utils/nnet_mult.h:70->firmware/nnet_utils/nnet_dense_latency.h:42]   --->   Operation 83 'zext' 'data_10_val_cast15' <Predicate = true> <Delay = 0.00>
ST_1 : Operation 84 [1/1] (0.54ns)   --->   "%tmp = add i3 %data_7_val_cast14, i3 %data_10_val_cast15" [firmware/nnet_utils/nnet_mult.h:70->firmware/nnet_utils/nnet_dense_latency.h:42]   --->   Operation 84 'add' 'tmp' <Predicate = true> <Delay = 0.54> <CoreInst = "Adder">   --->   Core 1 'Adder' <Latency = 0> <II = 1> <Delay = 0.67> <FuncUnit> <Opcode : 'add' 'sub'> <InPorts = 2> <OutPorts = 1>
ST_1 : Operation 85 [1/1] (0.00ns)   --->   "%tmp_cast = zext i3 %tmp" [firmware/nnet_utils/nnet_mult.h:70->firmware/nnet_utils/nnet_dense_latency.h:42]   --->   Operation 85 'zext' 'tmp_cast' <Predicate = true> <Delay = 0.00>
ST_1 : Operation 86 [1/1] (0.67ns)   --->   "%empty_222 = add i4 %tmp_cast, i4 %p_cast" [firmware/nnet_utils/nnet_mult.h:70->firmware/nnet_utils/nnet_dense_latency.h:42]   --->   Operation 86 'add' 'empty_222' <Predicate = true> <Delay = 0.67> <CoreInst = "Adder">   --->   Core 1 'Adder' <Latency = 0> <II = 1> <Delay = 0.79> <FuncUnit> <Opcode : 'add' 'sub'> <InPorts = 2> <OutPorts = 1>
ST_1 : Operation 87 [1/1] (0.00ns)   --->   "%p_cast1 = zext i4 %empty_222" [firmware/nnet_utils/nnet_mult.h:70->firmware/nnet_utils/nnet_dense_latency.h:42]   --->   Operation 87 'zext' 'p_cast1' <Predicate = true> <Delay = 0.00>
ST_1 : Operation 88 [1/1] (0.00ns)   --->   "%data_24_val_cast16 = zext i2 %data_24_val_read" [firmware/nnet_utils/nnet_mult.h:70->firmware/nnet_utils/nnet_dense_latency.h:42]   --->   Operation 88 'zext' 'data_24_val_cast16' <Predicate = true> <Delay = 0.00>
ST_1 : Operation 89 [1/1] (0.67ns)   --->   "%tmp1 = sub i4 %data_24_val_cast16, i4 %zext_ln73_57" [firmware/nnet_utils/nnet_mult.h:70->firmware/nnet_utils/nnet_dense_latency.h:42]   --->   Operation 89 'sub' 'tmp1' <Predicate = true> <Delay = 0.67> <CoreInst = "Adder">   --->   Core 1 'Adder' <Latency = 0> <II = 1> <Delay = 0.79> <FuncUnit> <Opcode : 'add' 'sub'> <InPorts = 2> <OutPorts = 1>
ST_1 : Operation 90 [1/1] (0.00ns)   --->   "%tmp1_cast = sext i4 %tmp1" [firmware/nnet_utils/nnet_mult.h:70->firmware/nnet_utils/nnet_dense_latency.h:42]   --->   Operation 90 'sext' 'tmp1_cast' <Predicate = true> <Delay = 0.00>
ST_1 : Operation 91 [1/1] (0.79ns)   --->   "%tmp4213 = add i5 %tmp1_cast, i5 %p_cast1" [firmware/nnet_utils/nnet_mult.h:70->firmware/nnet_utils/nnet_dense_latency.h:42]   --->   Operation 91 'add' 'tmp4213' <Predicate = true> <Delay = 0.79> <CoreInst = "Adder">   --->   Core 1 'Adder' <Latency = 0> <II = 1> <Delay = 0.78> <FuncUnit> <Opcode : 'add' 'sub'> <InPorts = 2> <OutPorts = 1>
ST_1 : Operation 92 [1/1] (0.00ns)   --->   "%tmp_42 = bitconcatenate i12 @_ssdm_op_BitConcatenate.i12.i5.i7, i5 %tmp4213, i7 0" [firmware/nnet_utils/nnet_mult.h:70->firmware/nnet_utils/nnet_dense_latency.h:42]   --->   Operation 92 'bitconcatenate' 'tmp_42' <Predicate = true> <Delay = 0.00>
ST_1 : Operation 93 [1/1] (0.00ns)   --->   "%sext_ln58 = sext i12 %tmp_42" [firmware/nnet_utils/nnet_dense_latency.h:58]   --->   Operation 93 'sext' 'sext_ln58' <Predicate = true> <Delay = 0.00>
ST_1 : Operation 94 [1/1] (0.79ns)   --->   "%add_ln58 = add i12 %sext_ln70, i12 %sext_ln73" [firmware/nnet_utils/nnet_dense_latency.h:58]   --->   Operation 94 'add' 'add_ln58' <Predicate = true> <Delay = 0.79> <CoreInst = "Adder">   --->   Core 1 'Adder' <Latency = 0> <II = 1> <Delay = 0.80> <FuncUnit> <Opcode : 'add' 'sub'> <InPorts = 2> <OutPorts = 1>
ST_1 : Operation 95 [1/1] (0.00ns)   --->   "%sext_ln58_116 = sext i12 %add_ln58" [firmware/nnet_utils/nnet_dense_latency.h:58]   --->   Operation 95 'sext' 'sext_ln58_116' <Predicate = true> <Delay = 0.00>
ST_1 : Operation 96 [1/1] (0.80ns)   --->   "%x = add i13 %sext_ln58, i13 %sext_ln58_116" [firmware/nnet_utils/nnet_dense_latency.h:58]   --->   Operation 96 'add' 'x' <Predicate = true> <Delay = 0.80> <CoreInst = "Adder">   --->   Core 1 'Adder' <Latency = 0> <II = 1> <Delay = 0.82> <FuncUnit> <Opcode : 'add' 'sub'> <InPorts = 2> <OutPorts = 1>
ST_1 : Operation 97 [1/1] (0.54ns)   --->   "%tmp2 = add i3 %zext_ln70_43, i3 %zext_ln70_44" [firmware/nnet_utils/nnet_mult.h:70->firmware/nnet_utils/nnet_dense_latency.h:42]   --->   Operation 97 'add' 'tmp2' <Predicate = true> <Delay = 0.54> <CoreInst = "Adder">   --->   Core 1 'Adder' <Latency = 0> <II = 1> <Delay = 0.67> <FuncUnit> <Opcode : 'add' 'sub'> <InPorts = 2> <OutPorts = 1>
ST_1 : Operation 98 [1/1] (0.00ns)   --->   "%tmp2_cast = zext i3 %tmp2" [firmware/nnet_utils/nnet_mult.h:70->firmware/nnet_utils/nnet_dense_latency.h:42]   --->   Operation 98 'zext' 'tmp2_cast' <Predicate = true> <Delay = 0.00>
ST_1 : Operation 99 [1/1] (0.67ns)   --->   "%tmp4411 = sub i4 %tmp2_cast, i4 %zext_ln73_54" [firmware/nnet_utils/nnet_mult.h:70->firmware/nnet_utils/nnet_dense_latency.h:42]   --->   Operation 99 'sub' 'tmp4411' <Predicate = true> <Delay = 0.67> <CoreInst = "Adder">   --->   Core 1 'Adder' <Latency = 0> <II = 1> <Delay = 0.79> <FuncUnit> <Opcode : 'add' 'sub'> <InPorts = 2> <OutPorts = 1>
ST_1 : Operation 100 [1/1] (0.00ns)   --->   "%tmp_43 = bitconcatenate i11 @_ssdm_op_BitConcatenate.i11.i4.i7, i4 %tmp4411, i7 0" [firmware/nnet_utils/nnet_mult.h:70->firmware/nnet_utils/nnet_dense_latency.h:42]   --->   Operation 100 'bitconcatenate' 'tmp_43' <Predicate = true> <Delay = 0.00>
ST_1 : Operation 101 [1/1] (0.00ns)   --->   "%sext_ln58_117 = sext i11 %tmp_43" [firmware/nnet_utils/nnet_dense_latency.h:58]   --->   Operation 101 'sext' 'sext_ln58_117' <Predicate = true> <Delay = 0.00>
ST_1 : Operation 102 [1/1] (0.00ns) (grouped into TernaryAdder)   --->   "%add_ln58_311 = add i11 %shl_ln42_2, i11 512" [firmware/nnet_utils/nnet_dense_latency.h:58]   --->   Operation 102 'add' 'add_ln58_311' <Predicate = true> <Delay = 0.00> <CoreInst = "TAddSub">   --->   Core 10 'TAddSub' <Latency = 0> <II = 1> <Delay = 0.30> <IPBlock> <Opcode : 'add' 'sub'> <InPorts = 3> <OutPorts = 1> <Sync> <CReg>
ST_1 : Operation 103 [1/1] (0.91ns) (root node of TernaryAdder)   --->   "%add_ln58_312 = add i11 %add_ln58_311, i11 %shl_ln42_1" [firmware/nnet_utils/nnet_dense_latency.h:58]   --->   Operation 103 'add' 'add_ln58_312' <Predicate = true> <Delay = 0.91> <CoreInst = "TAddSub">   --->   Core 10 'TAddSub' <Latency = 0> <II = 1> <Delay = 0.30> <IPBlock> <Opcode : 'add' 'sub'> <InPorts = 3> <OutPorts = 1> <Sync> <CReg>
ST_1 : Operation 104 [1/1] (0.00ns)   --->   "%sext_ln58_118 = sext i11 %add_ln58_312" [firmware/nnet_utils/nnet_dense_latency.h:58]   --->   Operation 104 'sext' 'sext_ln58_118' <Predicate = true> <Delay = 0.00>
ST_1 : Operation 105 [1/1] (0.79ns)   --->   "%x_55 = add i12 %sext_ln58_117, i12 %sext_ln58_118" [firmware/nnet_utils/nnet_dense_latency.h:58]   --->   Operation 105 'add' 'x_55' <Predicate = true> <Delay = 0.79> <CoreInst = "Adder">   --->   Core 1 'Adder' <Latency = 0> <II = 1> <Delay = 0.80> <FuncUnit> <Opcode : 'add' 'sub'> <InPorts = 2> <OutPorts = 1>
ST_1 : Operation 106 [1/1] (0.00ns)   --->   "%data_0_val_cast = zext i2 %data_0_val_read" [firmware/nnet_utils/nnet_mult.h:70->firmware/nnet_utils/nnet_dense_latency.h:42]   --->   Operation 106 'zext' 'data_0_val_cast' <Predicate = true> <Delay = 0.00>
ST_1 : Operation 107 [1/1] (0.00ns)   --->   "%data_5_val_cast = zext i2 %data_5_val_read" [firmware/nnet_utils/nnet_mult.h:70->firmware/nnet_utils/nnet_dense_latency.h:42]   --->   Operation 107 'zext' 'data_5_val_cast' <Predicate = true> <Delay = 0.00>
ST_1 : Operation 108 [1/1] (0.54ns)   --->   "%empty_223 = add i3 %data_5_val_cast, i3 %data_0_val_cast" [firmware/nnet_utils/nnet_mult.h:70->firmware/nnet_utils/nnet_dense_latency.h:42]   --->   Operation 108 'add' 'empty_223' <Predicate = true> <Delay = 0.54> <CoreInst = "Adder">   --->   Core 1 'Adder' <Latency = 0> <II = 1> <Delay = 0.67> <FuncUnit> <Opcode : 'add' 'sub'> <InPorts = 2> <OutPorts = 1>
ST_1 : Operation 109 [1/1] (0.00ns)   --->   "%p_cast2 = zext i3 %empty_223" [firmware/nnet_utils/nnet_mult.h:70->firmware/nnet_utils/nnet_dense_latency.h:42]   --->   Operation 109 'zext' 'p_cast2' <Predicate = true> <Delay = 0.00>
ST_1 : Operation 110 [1/1] (0.00ns)   --->   "%data_17_val_cast17 = zext i2 %data_17_val_read" [firmware/nnet_utils/nnet_mult.h:70->firmware/nnet_utils/nnet_dense_latency.h:42]   --->   Operation 110 'zext' 'data_17_val_cast17' <Predicate = true> <Delay = 0.00>
ST_1 : Operation 111 [1/1] (0.67ns)   --->   "%empty_224 = sub i4 %p_cast2, i4 %zext_ln73_51" [firmware/nnet_utils/nnet_mult.h:70->firmware/nnet_utils/nnet_dense_latency.h:42]   --->   Operation 111 'sub' 'empty_224' <Predicate = true> <Delay = 0.67> <CoreInst = "Adder">   --->   Core 1 'Adder' <Latency = 0> <II = 1> <Delay = 0.79> <FuncUnit> <Opcode : 'add' 'sub'> <InPorts = 2> <OutPorts = 1>
ST_1 : Operation 112 [1/1] (0.00ns)   --->   "%p_cast3 = sext i4 %empty_224" [firmware/nnet_utils/nnet_mult.h:70->firmware/nnet_utils/nnet_dense_latency.h:42]   --->   Operation 112 'sext' 'p_cast3' <Predicate = true> <Delay = 0.00>
ST_1 : Operation 113 [1/1] (0.00ns)   --->   "%mul_ln73_32_cast = sext i4 %sub_ln73_69" [firmware/nnet_utils/nnet_mult.h:73->firmware/nnet_utils/nnet_dense_latency.h:42]   --->   Operation 113 'sext' 'mul_ln73_32_cast' <Predicate = true> <Delay = 0.00>
ST_1 : Operation 114 [1/1] (0.00ns)   --->   "%data_22_val_cast18 = zext i2 %data_22_val_read" [firmware/nnet_utils/nnet_mult.h:70->firmware/nnet_utils/nnet_dense_latency.h:42]   --->   Operation 114 'zext' 'data_22_val_cast18' <Predicate = true> <Delay = 0.00>
ST_1 : Operation 115 [1/1] (0.00ns)   --->   "%mul_ln73_33_cast19 = sext i4 %sub_ln73_70" [firmware/nnet_utils/nnet_mult.h:73->firmware/nnet_utils/nnet_dense_latency.h:42]   --->   Operation 115 'sext' 'mul_ln73_33_cast19' <Predicate = true> <Delay = 0.00>
ST_1 : Operation 116 [1/1] (0.00ns) (grouped into TernaryAdder)   --->   "%tmp4 = add i5 %p_cast3, i5 %mul_ln73_32_cast" [firmware/nnet_utils/nnet_mult.h:70->firmware/nnet_utils/nnet_dense_latency.h:42]   --->   Operation 116 'add' 'tmp4' <Predicate = true> <Delay = 0.00> <CoreInst = "TAddSub">   --->   Core 10 'TAddSub' <Latency = 0> <II = 1> <Delay = 0.30> <IPBlock> <Opcode : 'add' 'sub'> <InPorts = 3> <OutPorts = 1> <Sync> <CReg>
ST_1 : Operation 117 [1/1] (0.54ns)   --->   "%tmp5 = add i3 %data_17_val_cast17, i3 %data_22_val_cast18" [firmware/nnet_utils/nnet_mult.h:70->firmware/nnet_utils/nnet_dense_latency.h:42]   --->   Operation 117 'add' 'tmp5' <Predicate = true> <Delay = 0.54> <CoreInst = "Adder">   --->   Core 1 'Adder' <Latency = 0> <II = 1> <Delay = 0.67> <FuncUnit> <Opcode : 'add' 'sub'> <InPorts = 2> <OutPorts = 1>
ST_1 : Operation 118 [1/1] (0.00ns)   --->   "%tmp5_cast = zext i3 %tmp5" [firmware/nnet_utils/nnet_mult.h:70->firmware/nnet_utils/nnet_dense_latency.h:42]   --->   Operation 118 'zext' 'tmp5_cast' <Predicate = true> <Delay = 0.00>
ST_1 : Operation 119 [1/1] (0.61ns) (root node of TernaryAdder)   --->   "%empty_225 = add i5 %tmp5_cast, i5 %tmp4" [firmware/nnet_utils/nnet_mult.h:70->firmware/nnet_utils/nnet_dense_latency.h:42]   --->   Operation 119 'add' 'empty_225' <Predicate = true> <Delay = 0.61> <CoreInst = "TAddSub">   --->   Core 10 'TAddSub' <Latency = 0> <II = 1> <Delay = 0.30> <IPBlock> <Opcode : 'add' 'sub'> <InPorts = 3> <OutPorts = 1> <Sync> <CReg>
ST_1 : Operation 120 [1/1] (0.00ns)   --->   "%p_cast4 = sext i5 %empty_225" [firmware/nnet_utils/nnet_mult.h:70->firmware/nnet_utils/nnet_dense_latency.h:42]   --->   Operation 120 'sext' 'p_cast4' <Predicate = true> <Delay = 0.00>
ST_1 : Operation 121 [1/1] (0.00ns)   --->   "%mul_ln73_37_cast20 = sext i4 %sub_ln73_74" [firmware/nnet_utils/nnet_mult.h:73->firmware/nnet_utils/nnet_dense_latency.h:42]   --->   Operation 121 'sext' 'mul_ln73_37_cast20' <Predicate = true> <Delay = 0.00>
ST_1 : Operation 122 [1/1] (0.79ns)   --->   "%tmp6 = add i5 %mul_ln73_33_cast19, i5 %mul_ln73_37_cast20" [firmware/nnet_utils/nnet_mult.h:73->firmware/nnet_utils/nnet_dense_latency.h:42]   --->   Operation 122 'add' 'tmp6' <Predicate = true> <Delay = 0.79> <CoreInst = "Adder">   --->   Core 1 'Adder' <Latency = 0> <II = 1> <Delay = 0.78> <FuncUnit> <Opcode : 'add' 'sub'> <InPorts = 2> <OutPorts = 1>
ST_1 : Operation 123 [1/1] (0.00ns)   --->   "%tmp6_cast = sext i5 %tmp6" [firmware/nnet_utils/nnet_mult.h:73->firmware/nnet_utils/nnet_dense_latency.h:42]   --->   Operation 123 'sext' 'tmp6_cast' <Predicate = true> <Delay = 0.00>
ST_1 : Operation 124 [1/1] (0.78ns)   --->   "%tmp479 = add i6 %tmp6_cast, i6 %p_cast4" [firmware/nnet_utils/nnet_mult.h:73->firmware/nnet_utils/nnet_dense_latency.h:42]   --->   Operation 124 'add' 'tmp479' <Predicate = true> <Delay = 0.78> <CoreInst = "Adder">   --->   Core 1 'Adder' <Latency = 0> <II = 1> <Delay = 0.78> <FuncUnit> <Opcode : 'add' 'sub'> <InPorts = 2> <OutPorts = 1>
ST_1 : Operation 125 [1/1] (0.00ns)   --->   "%tmp_44 = bitconcatenate i13 @_ssdm_op_BitConcatenate.i13.i6.i7, i6 %tmp479, i7 0" [firmware/nnet_utils/nnet_mult.h:73->firmware/nnet_utils/nnet_dense_latency.h:42]   --->   Operation 125 'bitconcatenate' 'tmp_44' <Predicate = true> <Delay = 0.00>
ST_1 : Operation 126 [1/1] (0.00ns)   --->   "%sext_ln58_119 = sext i13 %tmp_44" [firmware/nnet_utils/nnet_dense_latency.h:58]   --->   Operation 126 'sext' 'sext_ln58_119' <Predicate = true> <Delay = 0.00>
ST_1 : Operation 127 [1/1] (0.79ns)   --->   "%add_ln58_314 = add i11 %shl_ln42_3, i11 %zext_ln70" [firmware/nnet_utils/nnet_dense_latency.h:58]   --->   Operation 127 'add' 'add_ln58_314' <Predicate = true> <Delay = 0.79> <CoreInst = "Adder">   --->   Core 1 'Adder' <Latency = 0> <II = 1> <Delay = 0.79> <FuncUnit> <Opcode : 'add' 'sub'> <InPorts = 2> <OutPorts = 1>
ST_1 : Operation 128 [1/1] (0.00ns)   --->   "%sext_ln58_120 = sext i11 %add_ln58_314" [firmware/nnet_utils/nnet_dense_latency.h:58]   --->   Operation 128 'sext' 'sext_ln58_120' <Predicate = true> <Delay = 0.00>
ST_1 : Operation 129 [1/1] (0.82ns)   --->   "%x_57 = add i14 %sext_ln58_119, i14 %sext_ln58_120" [firmware/nnet_utils/nnet_dense_latency.h:58]   --->   Operation 129 'add' 'x_57' <Predicate = true> <Delay = 0.82> <CoreInst = "Adder">   --->   Core 1 'Adder' <Latency = 0> <II = 1> <Delay = 0.83> <FuncUnit> <Opcode : 'add' 'sub'> <InPorts = 2> <OutPorts = 1>
ST_1 : Operation 130 [1/1] (0.00ns)   --->   "%data_3_val_cast = zext i2 %data_3_val_read" [firmware/nnet_utils/nnet_mult.h:70->firmware/nnet_utils/nnet_dense_latency.h:42]   --->   Operation 130 'zext' 'data_3_val_cast' <Predicate = true> <Delay = 0.00>
ST_1 : Operation 131 [1/1] (0.00ns)   --->   "%data_6_val_cast = zext i2 %data_6_val_read" [firmware/nnet_utils/nnet_mult.h:70->firmware/nnet_utils/nnet_dense_latency.h:42]   --->   Operation 131 'zext' 'data_6_val_cast' <Predicate = true> <Delay = 0.00>
ST_1 : Operation 132 [1/1] (0.00ns)   --->   "%data_14_val_cast = zext i2 %data_14_val_read" [firmware/nnet_utils/nnet_mult.h:70->firmware/nnet_utils/nnet_dense_latency.h:42]   --->   Operation 132 'zext' 'data_14_val_cast' <Predicate = true> <Delay = 0.00>
ST_1 : Operation 133 [1/1] (0.54ns)   --->   "%empty_226 = add i3 %data_6_val_cast, i3 %data_3_val_cast" [firmware/nnet_utils/nnet_mult.h:70->firmware/nnet_utils/nnet_dense_latency.h:42]   --->   Operation 133 'add' 'empty_226' <Predicate = true> <Delay = 0.54> <CoreInst = "Adder">   --->   Core 1 'Adder' <Latency = 0> <II = 1> <Delay = 0.67> <FuncUnit> <Opcode : 'add' 'sub'> <InPorts = 2> <OutPorts = 1>
ST_1 : Operation 134 [1/1] (0.00ns)   --->   "%p_cast5 = zext i3 %empty_226" [firmware/nnet_utils/nnet_mult.h:70->firmware/nnet_utils/nnet_dense_latency.h:42]   --->   Operation 134 'zext' 'p_cast5' <Predicate = true> <Delay = 0.00>
ST_1 : Operation 135 [1/1] (0.67ns)   --->   "%empty_227 = add i4 %p_cast5, i4 %data_14_val_cast" [firmware/nnet_utils/nnet_mult.h:70->firmware/nnet_utils/nnet_dense_latency.h:42]   --->   Operation 135 'add' 'empty_227' <Predicate = true> <Delay = 0.67> <CoreInst = "Adder">   --->   Core 1 'Adder' <Latency = 0> <II = 1> <Delay = 0.79> <FuncUnit> <Opcode : 'add' 'sub'> <InPorts = 2> <OutPorts = 1>
ST_1 : Operation 136 [1/1] (0.00ns)   --->   "%p_cast6 = zext i4 %empty_227" [firmware/nnet_utils/nnet_mult.h:70->firmware/nnet_utils/nnet_dense_latency.h:42]   --->   Operation 136 'zext' 'p_cast6' <Predicate = true> <Delay = 0.00>
ST_1 : Operation 137 [1/1] (0.00ns)   --->   "%data_19_val_cast21 = zext i2 %data_19_val_read" [firmware/nnet_utils/nnet_mult.h:70->firmware/nnet_utils/nnet_dense_latency.h:42]   --->   Operation 137 'zext' 'data_19_val_cast21' <Predicate = true> <Delay = 0.00>
ST_1 : Operation 138 [1/1] (0.00ns)   --->   "%data_20_val_cast22 = zext i2 %data_20_val_read" [firmware/nnet_utils/nnet_mult.h:70->firmware/nnet_utils/nnet_dense_latency.h:42]   --->   Operation 138 'zext' 'data_20_val_cast22' <Predicate = true> <Delay = 0.00>
ST_1 : Operation 139 [1/1] (0.00ns)   --->   "%mul_ln73_35_cast = sext i4 %sub_ln73_72" [firmware/nnet_utils/nnet_mult.h:73->firmware/nnet_utils/nnet_dense_latency.h:42]   --->   Operation 139 'sext' 'mul_ln73_35_cast' <Predicate = true> <Delay = 0.00>
ST_1 : Operation 140 [1/1] (0.00ns)   --->   "%data_30_val_cast = zext i2 %data_30_val_read" [firmware/nnet_utils/nnet_mult.h:70->firmware/nnet_utils/nnet_dense_latency.h:42]   --->   Operation 140 'zext' 'data_30_val_cast' <Predicate = true> <Delay = 0.00>
ST_1 : Operation 141 [1/1] (0.00ns) (grouped into TernaryAdder)   --->   "%tmp7 = add i5 %mul_ln73_35_cast, i5 %p_cast6" [firmware/nnet_utils/nnet_mult.h:73->firmware/nnet_utils/nnet_dense_latency.h:42]   --->   Operation 141 'add' 'tmp7' <Predicate = true> <Delay = 0.00> <CoreInst = "TAddSub">   --->   Core 10 'TAddSub' <Latency = 0> <II = 1> <Delay = 0.30> <IPBlock> <Opcode : 'add' 'sub'> <InPorts = 3> <OutPorts = 1> <Sync> <CReg>
ST_1 : Operation 142 [1/1] (0.54ns)   --->   "%tmp9 = add i3 %data_19_val_cast21, i3 %data_20_val_cast22" [firmware/nnet_utils/nnet_mult.h:70->firmware/nnet_utils/nnet_dense_latency.h:42]   --->   Operation 142 'add' 'tmp9' <Predicate = true> <Delay = 0.54> <CoreInst = "Adder">   --->   Core 1 'Adder' <Latency = 0> <II = 1> <Delay = 0.67> <FuncUnit> <Opcode : 'add' 'sub'> <InPorts = 2> <OutPorts = 1>
ST_1 : Operation 143 [1/1] (0.00ns)   --->   "%tmp9_cast = zext i3 %tmp9" [firmware/nnet_utils/nnet_mult.h:70->firmware/nnet_utils/nnet_dense_latency.h:42]   --->   Operation 143 'zext' 'tmp9_cast' <Predicate = true> <Delay = 0.00>
ST_1 : Operation 144 [1/1] (0.67ns)   --->   "%tmp8 = sub i4 %tmp9_cast, i4 %zext_ln73_58" [firmware/nnet_utils/nnet_mult.h:70->firmware/nnet_utils/nnet_dense_latency.h:42]   --->   Operation 144 'sub' 'tmp8' <Predicate = true> <Delay = 0.67> <CoreInst = "Adder">   --->   Core 1 'Adder' <Latency = 0> <II = 1> <Delay = 0.79> <FuncUnit> <Opcode : 'add' 'sub'> <InPorts = 2> <OutPorts = 1>
ST_1 : Operation 145 [1/1] (0.00ns)   --->   "%tmp8_cast = sext i4 %tmp8" [firmware/nnet_utils/nnet_mult.h:70->firmware/nnet_utils/nnet_dense_latency.h:42]   --->   Operation 145 'sext' 'tmp8_cast' <Predicate = true> <Delay = 0.00>
ST_1 : Operation 146 [1/1] (0.61ns) (root node of TernaryAdder)   --->   "%empty_228 = add i5 %tmp8_cast, i5 %tmp7" [firmware/nnet_utils/nnet_mult.h:70->firmware/nnet_utils/nnet_dense_latency.h:42]   --->   Operation 146 'add' 'empty_228' <Predicate = true> <Delay = 0.61> <CoreInst = "TAddSub">   --->   Core 10 'TAddSub' <Latency = 0> <II = 1> <Delay = 0.30> <IPBlock> <Opcode : 'add' 'sub'> <InPorts = 3> <OutPorts = 1> <Sync> <CReg>
ST_1 : Operation 147 [1/1] (0.00ns)   --->   "%p_cast7 = sext i5 %empty_228" [firmware/nnet_utils/nnet_mult.h:70->firmware/nnet_utils/nnet_dense_latency.h:42]   --->   Operation 147 'sext' 'p_cast7' <Predicate = true> <Delay = 0.00>
ST_1 : Operation 148 [1/1] (0.78ns)   --->   "%tmp237 = add i6 %p_cast7, i6 %data_30_val_cast" [firmware/nnet_utils/nnet_mult.h:70->firmware/nnet_utils/nnet_dense_latency.h:42]   --->   Operation 148 'add' 'tmp237' <Predicate = true> <Delay = 0.78> <CoreInst = "Adder">   --->   Core 1 'Adder' <Latency = 0> <II = 1> <Delay = 0.78> <FuncUnit> <Opcode : 'add' 'sub'> <InPorts = 2> <OutPorts = 1>
ST_1 : Operation 149 [1/1] (0.00ns)   --->   "%tmp_45 = bitconcatenate i13 @_ssdm_op_BitConcatenate.i13.i6.i7, i6 %tmp237, i7 0" [firmware/nnet_utils/nnet_mult.h:70->firmware/nnet_utils/nnet_dense_latency.h:42]   --->   Operation 149 'bitconcatenate' 'tmp_45' <Predicate = true> <Delay = 0.00>
ST_1 : Operation 150 [1/1] (0.00ns)   --->   "%sext_ln58_121 = sext i13 %tmp_45" [firmware/nnet_utils/nnet_dense_latency.h:58]   --->   Operation 150 'sext' 'sext_ln58_121' <Predicate = true> <Delay = 0.00>
ST_1 : Operation 151 [1/1] (0.82ns)   --->   "%x_56 = add i14 %sext_ln58_121, i14 15872" [firmware/nnet_utils/nnet_dense_latency.h:58]   --->   Operation 151 'add' 'x_56' <Predicate = true> <Delay = 0.82> <CoreInst = "Adder">   --->   Core 1 'Adder' <Latency = 0> <II = 1> <Delay = 0.83> <FuncUnit> <Opcode : 'add' 'sub'> <InPorts = 2> <OutPorts = 1>
ST_1 : Operation 152 [1/1] (0.00ns)   --->   "%mul_ln73_28_cast = sext i4 %sub_ln73_68" [firmware/nnet_utils/nnet_mult.h:73->firmware/nnet_utils/nnet_dense_latency.h:42]   --->   Operation 152 'sext' 'mul_ln73_28_cast' <Predicate = true> <Delay = 0.00>
ST_1 : Operation 153 [1/1] (0.00ns)   --->   "%data_26_val_cast24 = zext i2 %data_26_val_read" [firmware/nnet_utils/nnet_mult.h:70->firmware/nnet_utils/nnet_dense_latency.h:42]   --->   Operation 153 'zext' 'data_26_val_cast24' <Predicate = true> <Delay = 0.00>
ST_1 : Operation 154 [1/1] (0.00ns)   --->   "%data_29_val_cast25 = zext i2 %data_29_val_read" [firmware/nnet_utils/nnet_mult.h:70->firmware/nnet_utils/nnet_dense_latency.h:42]   --->   Operation 154 'zext' 'data_29_val_cast25' <Predicate = true> <Delay = 0.00>
ST_1 : Operation 155 [1/1] (0.00ns)   --->   "%mul_ln73_38_cast = sext i4 %sub_ln73_75" [firmware/nnet_utils/nnet_mult.h:73->firmware/nnet_utils/nnet_dense_latency.h:42]   --->   Operation 155 'sext' 'mul_ln73_38_cast' <Predicate = true> <Delay = 0.00>
ST_1 : Operation 156 [1/1] (0.67ns)   --->   "%tmp11 = sub i4 %zext_ln73_55, i4 %zext_ln73" [firmware/nnet_utils/nnet_mult.h:73->firmware/nnet_utils/nnet_dense_latency.h:42]   --->   Operation 156 'sub' 'tmp11' <Predicate = true> <Delay = 0.67> <CoreInst = "Adder">   --->   Core 1 'Adder' <Latency = 0> <II = 1> <Delay = 0.79> <FuncUnit> <Opcode : 'add' 'sub'> <InPorts = 2> <OutPorts = 1>
ST_1 : Operation 157 [1/1] (0.00ns)   --->   "%tmp11_cast = sext i4 %tmp11" [firmware/nnet_utils/nnet_mult.h:73->firmware/nnet_utils/nnet_dense_latency.h:42]   --->   Operation 157 'sext' 'tmp11_cast' <Predicate = true> <Delay = 0.00>
ST_1 : Operation 158 [1/1] (0.00ns) (grouped into TernaryAdder)   --->   "%tmp10 = add i5 %tmp11_cast, i5 %mul_ln73_28_cast" [firmware/nnet_utils/nnet_mult.h:73->firmware/nnet_utils/nnet_dense_latency.h:42]   --->   Operation 158 'add' 'tmp10' <Predicate = true> <Delay = 0.00> <CoreInst = "TAddSub">   --->   Core 10 'TAddSub' <Latency = 0> <II = 1> <Delay = 0.30> <IPBlock> <Opcode : 'add' 'sub'> <InPorts = 3> <OutPorts = 1> <Sync> <CReg>
ST_1 : Operation 159 [1/1] (0.54ns)   --->   "%tmp13 = add i3 %data_26_val_cast24, i3 %data_29_val_cast25" [firmware/nnet_utils/nnet_mult.h:70->firmware/nnet_utils/nnet_dense_latency.h:42]   --->   Operation 159 'add' 'tmp13' <Predicate = true> <Delay = 0.54> <CoreInst = "Adder">   --->   Core 1 'Adder' <Latency = 0> <II = 1> <Delay = 0.67> <FuncUnit> <Opcode : 'add' 'sub'> <InPorts = 2> <OutPorts = 1>
ST_1 : Operation 160 [1/1] (0.00ns)   --->   "%tmp13_cast = zext i3 %tmp13" [firmware/nnet_utils/nnet_mult.h:70->firmware/nnet_utils/nnet_dense_latency.h:42]   --->   Operation 160 'zext' 'tmp13_cast' <Predicate = true> <Delay = 0.00>
ST_1 : Operation 161 [1/1] (0.67ns)   --->   "%tmp12 = add i4 %tmp13_cast, i4 %zext_ln73_56" [firmware/nnet_utils/nnet_mult.h:70->firmware/nnet_utils/nnet_dense_latency.h:42]   --->   Operation 161 'add' 'tmp12' <Predicate = true> <Delay = 0.67> <CoreInst = "Adder">   --->   Core 1 'Adder' <Latency = 0> <II = 1> <Delay = 0.79> <FuncUnit> <Opcode : 'add' 'sub'> <InPorts = 2> <OutPorts = 1>
ST_1 : Operation 162 [1/1] (0.00ns)   --->   "%tmp12_cast = zext i4 %tmp12" [firmware/nnet_utils/nnet_mult.h:70->firmware/nnet_utils/nnet_dense_latency.h:42]   --->   Operation 162 'zext' 'tmp12_cast' <Predicate = true> <Delay = 0.00>
ST_1 : Operation 163 [1/1] (0.61ns) (root node of TernaryAdder)   --->   "%empty_229 = add i5 %tmp12_cast, i5 %tmp10" [firmware/nnet_utils/nnet_mult.h:70->firmware/nnet_utils/nnet_dense_latency.h:42]   --->   Operation 163 'add' 'empty_229' <Predicate = true> <Delay = 0.61> <CoreInst = "TAddSub">   --->   Core 10 'TAddSub' <Latency = 0> <II = 1> <Delay = 0.30> <IPBlock> <Opcode : 'add' 'sub'> <InPorts = 3> <OutPorts = 1> <Sync> <CReg>
ST_1 : Operation 164 [1/1] (0.00ns)   --->   "%p_cast8 = sext i5 %empty_229" [firmware/nnet_utils/nnet_mult.h:70->firmware/nnet_utils/nnet_dense_latency.h:42]   --->   Operation 164 'sext' 'p_cast8' <Predicate = true> <Delay = 0.00>
ST_1 : Operation 165 [1/1] (0.78ns)   --->   "%tmp505 = add i6 %p_cast8, i6 %mul_ln73_38_cast" [firmware/nnet_utils/nnet_mult.h:70->firmware/nnet_utils/nnet_dense_latency.h:42]   --->   Operation 165 'add' 'tmp505' <Predicate = true> <Delay = 0.78> <CoreInst = "Adder">   --->   Core 1 'Adder' <Latency = 0> <II = 1> <Delay = 0.78> <FuncUnit> <Opcode : 'add' 'sub'> <InPorts = 2> <OutPorts = 1>
ST_1 : Operation 166 [1/1] (0.00ns)   --->   "%tmp_46 = bitconcatenate i13 @_ssdm_op_BitConcatenate.i13.i6.i7, i6 %tmp505, i7 0" [firmware/nnet_utils/nnet_mult.h:70->firmware/nnet_utils/nnet_dense_latency.h:42]   --->   Operation 166 'bitconcatenate' 'tmp_46' <Predicate = true> <Delay = 0.00>
ST_1 : Operation 167 [1/1] (0.00ns)   --->   "%sext_ln58_122 = sext i13 %tmp_46" [firmware/nnet_utils/nnet_dense_latency.h:58]   --->   Operation 167 'sext' 'sext_ln58_122' <Predicate = true> <Delay = 0.00>
ST_1 : Operation 168 [1/1] (0.82ns)   --->   "%x_58 = add i14 %sext_ln58_122, i14 %sext_ln58_120" [firmware/nnet_utils/nnet_dense_latency.h:58]   --->   Operation 168 'add' 'x_58' <Predicate = true> <Delay = 0.82> <CoreInst = "Adder">   --->   Core 1 'Adder' <Latency = 0> <II = 1> <Delay = 0.83> <FuncUnit> <Opcode : 'add' 'sub'> <InPorts = 2> <OutPorts = 1>
ST_1 : Operation 169 [1/1] (0.00ns)   --->   "%tmp_922 = partselect i6 @_ssdm_op_PartSelect.i6.i13.i32.i32, i13 %x, i32 7, i32 12" [firmware/nnet_utils/nnet_mult.h:111->firmware/nnet_utils/nnet_dense_latency.h:66]   --->   Operation 169 'partselect' 'tmp_922' <Predicate = true> <Delay = 0.00>
ST_1 : Operation 170 [1/1] (0.00ns)   --->   "%sext_ln111 = sext i6 %tmp_922" [firmware/nnet_utils/nnet_mult.h:111->firmware/nnet_utils/nnet_dense_latency.h:66]   --->   Operation 170 'sext' 'sext_ln111' <Predicate = true> <Delay = 0.00>
ST_1 : Operation 171 [1/1] (0.00ns)   --->   "%tmp_923 = partselect i5 @_ssdm_op_PartSelect.i5.i12.i32.i32, i12 %x_55, i32 7, i32 11" [firmware/nnet_utils/nnet_mult.h:111->firmware/nnet_utils/nnet_dense_latency.h:66]   --->   Operation 171 'partselect' 'tmp_923' <Predicate = true> <Delay = 0.00>
ST_1 : Operation 172 [1/1] (0.00ns)   --->   "%sext_ln111_49 = sext i5 %tmp_923" [firmware/nnet_utils/nnet_mult.h:111->firmware/nnet_utils/nnet_dense_latency.h:66]   --->   Operation 172 'sext' 'sext_ln111_49' <Predicate = true> <Delay = 0.00>
ST_1 : Operation 173 [1/1] (0.00ns)   --->   "%tmp_924 = partselect i7 @_ssdm_op_PartSelect.i7.i14.i32.i32, i14 %x_56, i32 7, i32 13" [firmware/nnet_utils/nnet_mult.h:111->firmware/nnet_utils/nnet_dense_latency.h:66]   --->   Operation 173 'partselect' 'tmp_924' <Predicate = true> <Delay = 0.00>
ST_1 : Operation 174 [1/1] (0.00ns)   --->   "%sext_ln111_50 = sext i7 %tmp_924" [firmware/nnet_utils/nnet_mult.h:111->firmware/nnet_utils/nnet_dense_latency.h:66]   --->   Operation 174 'sext' 'sext_ln111_50' <Predicate = true> <Delay = 0.00>
ST_1 : Operation 175 [1/1] (0.00ns)   --->   "%tmp_925 = partselect i7 @_ssdm_op_PartSelect.i7.i14.i32.i32, i14 %x_57, i32 7, i32 13" [firmware/nnet_utils/nnet_mult.h:111->firmware/nnet_utils/nnet_dense_latency.h:66]   --->   Operation 175 'partselect' 'tmp_925' <Predicate = true> <Delay = 0.00>
ST_1 : Operation 176 [1/1] (0.00ns)   --->   "%sext_ln111_51 = sext i7 %tmp_925" [firmware/nnet_utils/nnet_mult.h:111->firmware/nnet_utils/nnet_dense_latency.h:66]   --->   Operation 176 'sext' 'sext_ln111_51' <Predicate = true> <Delay = 0.00>
ST_1 : Operation 177 [1/1] (0.00ns)   --->   "%tmp_926 = partselect i7 @_ssdm_op_PartSelect.i7.i14.i32.i32, i14 %x_58, i32 7, i32 13" [firmware/nnet_utils/nnet_mult.h:111->firmware/nnet_utils/nnet_dense_latency.h:66]   --->   Operation 177 'partselect' 'tmp_926' <Predicate = true> <Delay = 0.00>
ST_1 : Operation 178 [1/1] (0.00ns)   --->   "%sext_ln111_52 = sext i7 %tmp_926" [firmware/nnet_utils/nnet_mult.h:111->firmware/nnet_utils/nnet_dense_latency.h:66]   --->   Operation 178 'sext' 'sext_ln111_52' <Predicate = true> <Delay = 0.00>
ST_1 : Operation 179 [1/1] (0.00ns)   --->   "%mrv = insertvalue i50 <undef>, i10 %sext_ln111" [firmware/nnet_utils/nnet_dense_latency.h:68]   --->   Operation 179 'insertvalue' 'mrv' <Predicate = true> <Delay = 0.00>
ST_1 : Operation 180 [1/1] (0.00ns)   --->   "%mrv_1 = insertvalue i50 %mrv, i10 %sext_ln111_49" [firmware/nnet_utils/nnet_dense_latency.h:68]   --->   Operation 180 'insertvalue' 'mrv_1' <Predicate = true> <Delay = 0.00>
ST_1 : Operation 181 [1/1] (0.00ns)   --->   "%mrv_2 = insertvalue i50 %mrv_1, i10 %sext_ln111_50" [firmware/nnet_utils/nnet_dense_latency.h:68]   --->   Operation 181 'insertvalue' 'mrv_2' <Predicate = true> <Delay = 0.00>
ST_1 : Operation 182 [1/1] (0.00ns)   --->   "%mrv_3 = insertvalue i50 %mrv_2, i10 %sext_ln111_51" [firmware/nnet_utils/nnet_dense_latency.h:68]   --->   Operation 182 'insertvalue' 'mrv_3' <Predicate = true> <Delay = 0.00>
ST_1 : Operation 183 [1/1] (0.00ns)   --->   "%mrv_4 = insertvalue i50 %mrv_3, i10 %sext_ln111_52" [firmware/nnet_utils/nnet_dense_latency.h:68]   --->   Operation 183 'insertvalue' 'mrv_4' <Predicate = true> <Delay = 0.00>
ST_1 : Operation 184 [1/1] (0.00ns)   --->   "%ret_ln68 = ret i50 %mrv_4" [firmware/nnet_utils/nnet_dense_latency.h:68]   --->   Operation 184 'ret' 'ret_ln68' <Predicate = true> <Delay = 0.00>


============================================================
+ Verbose Summary: Binding
============================================================
STG Binding: 
---------------- STG Properties BEGIN ----------------
- Is combinational: 1
- Is one-state seq: 0
- Is datapath-only: 0
- Is pipelined: 1
- Is top level: 0
Port [ Return ] is wired: 1; IO mode=ap_ctrl_hs:ce=0
Port [ data_0_val]:  wired=1; compound=0; hidden=0; nouse=0; global=0; static=0; extern=0; dir=0; type=0; pingpong=0; private_global=0; IO mode=ap_none:ce=0
Port [ data_1_val]:  wired=1; compound=0; hidden=0; nouse=0; global=0; static=0; extern=0; dir=0; type=0; pingpong=0; private_global=0; IO mode=ap_none:ce=0
Port [ data_2_val]:  wired=1; compound=0; hidden=0; nouse=0; global=0; static=0; extern=0; dir=0; type=0; pingpong=0; private_global=0; IO mode=ap_none:ce=0
Port [ data_3_val]:  wired=1; compound=0; hidden=0; nouse=0; global=0; static=0; extern=0; dir=0; type=0; pingpong=0; private_global=0; IO mode=ap_none:ce=0
Port [ data_4_val]:  wired=1; compound=0; hidden=0; nouse=0; global=0; static=0; extern=0; dir=0; type=0; pingpong=0; private_global=0; IO mode=ap_none:ce=0
Port [ data_5_val]:  wired=1; compound=0; hidden=0; nouse=0; global=0; static=0; extern=0; dir=0; type=0; pingpong=0; private_global=0; IO mode=ap_none:ce=0
Port [ data_6_val]:  wired=1; compound=0; hidden=0; nouse=0; global=0; static=0; extern=0; dir=0; type=0; pingpong=0; private_global=0; IO mode=ap_none:ce=0
Port [ data_7_val]:  wired=1; compound=0; hidden=0; nouse=0; global=0; static=0; extern=0; dir=0; type=0; pingpong=0; private_global=0; IO mode=ap_none:ce=0
Port [ data_10_val]:  wired=1; compound=0; hidden=0; nouse=0; global=0; static=0; extern=0; dir=0; type=0; pingpong=0; private_global=0; IO mode=ap_none:ce=0
Port [ data_11_val]:  wired=1; compound=0; hidden=0; nouse=0; global=0; static=0; extern=0; dir=0; type=0; pingpong=0; private_global=0; IO mode=ap_none:ce=0
Port [ data_13_val]:  wired=1; compound=0; hidden=0; nouse=0; global=0; static=0; extern=0; dir=0; type=0; pingpong=0; private_global=0; IO mode=ap_none:ce=0
Port [ data_14_val]:  wired=1; compound=0; hidden=0; nouse=0; global=0; static=0; extern=0; dir=0; type=0; pingpong=0; private_global=0; IO mode=ap_none:ce=0
Port [ data_15_val]:  wired=1; compound=0; hidden=0; nouse=0; global=0; static=0; extern=0; dir=0; type=0; pingpong=0; private_global=0; IO mode=ap_none:ce=0
Port [ data_17_val]:  wired=1; compound=0; hidden=0; nouse=0; global=0; static=0; extern=0; dir=0; type=0; pingpong=0; private_global=0; IO mode=ap_none:ce=0
Port [ data_18_val]:  wired=1; compound=0; hidden=0; nouse=0; global=0; static=0; extern=0; dir=0; type=0; pingpong=0; private_global=0; IO mode=ap_none:ce=0
Port [ data_19_val]:  wired=1; compound=0; hidden=0; nouse=0; global=0; static=0; extern=0; dir=0; type=0; pingpong=0; private_global=0; IO mode=ap_none:ce=0
Port [ data_20_val]:  wired=1; compound=0; hidden=0; nouse=0; global=0; static=0; extern=0; dir=0; type=0; pingpong=0; private_global=0; IO mode=ap_none:ce=0
Port [ data_21_val]:  wired=1; compound=0; hidden=0; nouse=0; global=0; static=0; extern=0; dir=0; type=0; pingpong=0; private_global=0; IO mode=ap_none:ce=0
Port [ data_22_val]:  wired=1; compound=0; hidden=0; nouse=0; global=0; static=0; extern=0; dir=0; type=0; pingpong=0; private_global=0; IO mode=ap_none:ce=0
Port [ data_23_val]:  wired=1; compound=0; hidden=0; nouse=0; global=0; static=0; extern=0; dir=0; type=0; pingpong=0; private_global=0; IO mode=ap_none:ce=0
Port [ data_24_val]:  wired=1; compound=0; hidden=0; nouse=0; global=0; static=0; extern=0; dir=0; type=0; pingpong=0; private_global=0; IO mode=ap_none:ce=0
Port [ data_25_val]:  wired=1; compound=0; hidden=0; nouse=0; global=0; static=0; extern=0; dir=0; type=0; pingpong=0; private_global=0; IO mode=ap_none:ce=0
Port [ data_26_val]:  wired=1; compound=0; hidden=0; nouse=0; global=0; static=0; extern=0; dir=0; type=0; pingpong=0; private_global=0; IO mode=ap_none:ce=0
Port [ data_27_val]:  wired=1; compound=0; hidden=0; nouse=0; global=0; static=0; extern=0; dir=0; type=0; pingpong=0; private_global=0; IO mode=ap_none:ce=0
Port [ data_29_val]:  wired=1; compound=0; hidden=0; nouse=0; global=0; static=0; extern=0; dir=0; type=0; pingpong=0; private_global=0; IO mode=ap_none:ce=0
Port [ data_30_val]:  wired=1; compound=0; hidden=0; nouse=0; global=0; static=0; extern=0; dir=0; type=0; pingpong=0; private_global=0; IO mode=ap_none:ce=0
---------------- STG Properties END ------------------

---------------- Datapath Model BEGIN ----------------

<LifeTime>
<method=bitvector/>
specpipeline_ln26      (specpipeline     ) [ 00]
specresourcelimit_ln33 (specresourcelimit) [ 00]
data_30_val_read       (read             ) [ 00]
data_29_val_read       (read             ) [ 00]
data_27_val_read       (read             ) [ 00]
data_26_val_read       (read             ) [ 00]
data_25_val_read       (read             ) [ 00]
data_24_val_read       (read             ) [ 00]
data_23_val_read       (read             ) [ 00]
data_22_val_read       (read             ) [ 00]
data_21_val_read       (read             ) [ 00]
data_20_val_read       (read             ) [ 00]
data_19_val_read       (read             ) [ 00]
data_18_val_read       (read             ) [ 00]
data_17_val_read       (read             ) [ 00]
data_15_val_read       (read             ) [ 00]
data_14_val_read       (read             ) [ 00]
data_13_val_read       (read             ) [ 00]
data_11_val_read       (read             ) [ 00]
data_10_val_read       (read             ) [ 00]
data_7_val_read        (read             ) [ 00]
data_6_val_read        (read             ) [ 00]
data_5_val_read        (read             ) [ 00]
data_4_val_read        (read             ) [ 00]
data_3_val_read        (read             ) [ 00]
data_2_val_read        (read             ) [ 00]
data_1_val_read        (read             ) [ 00]
data_0_val_read        (read             ) [ 00]
shl_ln                 (bitconcatenate   ) [ 00]
zext_ln70              (zext             ) [ 00]
tmp_908                (bitconcatenate   ) [ 00]
zext_ln73              (zext             ) [ 00]
tmp_909                (bitconcatenate   ) [ 00]
zext_ln73_51           (zext             ) [ 00]
tmp_910                (bitconcatenate   ) [ 00]
zext_ln73_52           (zext             ) [ 00]
sub_ln73               (sub              ) [ 00]
shl_ln42_1             (bitconcatenate   ) [ 00]
sext_ln73              (sext             ) [ 00]
tmp_911                (bitconcatenate   ) [ 00]
zext_ln73_53           (zext             ) [ 00]
sub_ln73_68            (sub              ) [ 00]
tmp_912                (bitconcatenate   ) [ 00]
zext_ln73_54           (zext             ) [ 00]
zext_ln70_43           (zext             ) [ 00]
tmp_913                (bitconcatenate   ) [ 00]
zext_ln73_57           (zext             ) [ 00]
tmp_914                (bitconcatenate   ) [ 00]
zext_ln73_58           (zext             ) [ 00]
zext_ln73_55           (zext             ) [ 00]
tmp_915                (bitconcatenate   ) [ 00]
zext_ln73_59           (zext             ) [ 00]
sub_ln73_69            (sub              ) [ 00]
zext_ln73_56           (zext             ) [ 00]
tmp_916                (bitconcatenate   ) [ 00]
zext_ln73_60           (zext             ) [ 00]
sub_ln73_70            (sub              ) [ 00]
tmp_917                (bitconcatenate   ) [ 00]
zext_ln73_61           (zext             ) [ 00]
sub_ln73_71            (sub              ) [ 00]
shl_ln42_2             (bitconcatenate   ) [ 00]
sext_ln70              (sext             ) [ 00]
zext_ln70_44           (zext             ) [ 00]
tmp_918                (bitconcatenate   ) [ 00]
zext_ln73_62           (zext             ) [ 00]
sub_ln73_72            (sub              ) [ 00]
tmp_919                (bitconcatenate   ) [ 00]
zext_ln73_63           (zext             ) [ 00]
sub_ln73_73            (sub              ) [ 00]
shl_ln42_3             (bitconcatenate   ) [ 00]
tmp_920                (bitconcatenate   ) [ 00]
zext_ln73_64           (zext             ) [ 00]
sub_ln73_74            (sub              ) [ 00]
tmp_921                (bitconcatenate   ) [ 00]
zext_ln73_65           (zext             ) [ 00]
sub_ln73_75            (sub              ) [ 00]
data_2_val_cast        (zext             ) [ 00]
data_4_val_cast        (zext             ) [ 00]
data_7_val_cast14      (zext             ) [ 00]
empty                  (add              ) [ 00]
p_cast                 (zext             ) [ 00]
data_10_val_cast15     (zext             ) [ 00]
tmp                    (add              ) [ 00]
tmp_cast               (zext             ) [ 00]
empty_222              (add              ) [ 00]
p_cast1                (zext             ) [ 00]
data_24_val_cast16     (zext             ) [ 00]
tmp1                   (sub              ) [ 00]
tmp1_cast              (sext             ) [ 00]
tmp4213                (add              ) [ 00]
tmp_42                 (bitconcatenate   ) [ 00]
sext_ln58              (sext             ) [ 00]
add_ln58               (add              ) [ 00]
sext_ln58_116          (sext             ) [ 00]
x                      (add              ) [ 00]
tmp2                   (add              ) [ 00]
tmp2_cast              (zext             ) [ 00]
tmp4411                (sub              ) [ 00]
tmp_43                 (bitconcatenate   ) [ 00]
sext_ln58_117          (sext             ) [ 00]
add_ln58_311           (add              ) [ 00]
add_ln58_312           (add              ) [ 00]
sext_ln58_118          (sext             ) [ 00]
x_55                   (add              ) [ 00]
data_0_val_cast        (zext             ) [ 00]
data_5_val_cast        (zext             ) [ 00]
empty_223              (add              ) [ 00]
p_cast2                (zext             ) [ 00]
data_17_val_cast17     (zext             ) [ 00]
empty_224              (sub              ) [ 00]
p_cast3                (sext             ) [ 00]
mul_ln73_32_cast       (sext             ) [ 00]
data_22_val_cast18     (zext             ) [ 00]
mul_ln73_33_cast19     (sext             ) [ 00]
tmp4                   (add              ) [ 00]
tmp5                   (add              ) [ 00]
tmp5_cast              (zext             ) [ 00]
empty_225              (add              ) [ 00]
p_cast4                (sext             ) [ 00]
mul_ln73_37_cast20     (sext             ) [ 00]
tmp6                   (add              ) [ 00]
tmp6_cast              (sext             ) [ 00]
tmp479                 (add              ) [ 00]
tmp_44                 (bitconcatenate   ) [ 00]
sext_ln58_119          (sext             ) [ 00]
add_ln58_314           (add              ) [ 00]
sext_ln58_120          (sext             ) [ 00]
x_57                   (add              ) [ 00]
data_3_val_cast        (zext             ) [ 00]
data_6_val_cast        (zext             ) [ 00]
data_14_val_cast       (zext             ) [ 00]
empty_226              (add              ) [ 00]
p_cast5                (zext             ) [ 00]
empty_227              (add              ) [ 00]
p_cast6                (zext             ) [ 00]
data_19_val_cast21     (zext             ) [ 00]
data_20_val_cast22     (zext             ) [ 00]
mul_ln73_35_cast       (sext             ) [ 00]
data_30_val_cast       (zext             ) [ 00]
tmp7                   (add              ) [ 00]
tmp9                   (add              ) [ 00]
tmp9_cast              (zext             ) [ 00]
tmp8                   (sub              ) [ 00]
tmp8_cast              (sext             ) [ 00]
empty_228              (add              ) [ 00]
p_cast7                (sext             ) [ 00]
tmp237                 (add              ) [ 00]
tmp_45                 (bitconcatenate   ) [ 00]
sext_ln58_121          (sext             ) [ 00]
x_56                   (add              ) [ 00]
mul_ln73_28_cast       (sext             ) [ 00]
data_26_val_cast24     (zext             ) [ 00]
data_29_val_cast25     (zext             ) [ 00]
mul_ln73_38_cast       (sext             ) [ 00]
tmp11                  (sub              ) [ 00]
tmp11_cast             (sext             ) [ 00]
tmp10                  (add              ) [ 00]
tmp13                  (add              ) [ 00]
tmp13_cast             (zext             ) [ 00]
tmp12                  (add              ) [ 00]
tmp12_cast             (zext             ) [ 00]
empty_229              (add              ) [ 00]
p_cast8                (sext             ) [ 00]
tmp505                 (add              ) [ 00]
tmp_46                 (bitconcatenate   ) [ 00]
sext_ln58_122          (sext             ) [ 00]
x_58                   (add              ) [ 00]
tmp_922                (partselect       ) [ 00]
sext_ln111             (sext             ) [ 00]
tmp_923                (partselect       ) [ 00]
sext_ln111_49          (sext             ) [ 00]
tmp_924                (partselect       ) [ 00]
sext_ln111_50          (sext             ) [ 00]
tmp_925                (partselect       ) [ 00]
sext_ln111_51          (sext             ) [ 00]
tmp_926                (partselect       ) [ 00]
sext_ln111_52          (sext             ) [ 00]
mrv                    (insertvalue      ) [ 00]
mrv_1                  (insertvalue      ) [ 00]
mrv_2                  (insertvalue      ) [ 00]
mrv_3                  (insertvalue      ) [ 00]
mrv_4                  (insertvalue      ) [ 00]
ret_ln68               (ret              ) [ 00]
</LifeTime>

<model>

<comp_list>
<comp id="0" class="1000" name="data_0_val">
<pin_list>
<pin id="1" dir="1" index="0" bw="1" slack="0"/>
</pin_list>
<bind>
<StgValue><ssdm name="data_0_val"/></StgValue>
</bind>
</comp>

<comp id="2" class="1000" name="data_1_val">
<pin_list>
<pin id="3" dir="1" index="0" bw="1" slack="0"/>
</pin_list>
<bind>
<StgValue><ssdm name="data_1_val"/></StgValue>
</bind>
</comp>

<comp id="4" class="1000" name="data_2_val">
<pin_list>
<pin id="5" dir="1" index="0" bw="1" slack="0"/>
</pin_list>
<bind>
<StgValue><ssdm name="data_2_val"/></StgValue>
</bind>
</comp>

<comp id="6" class="1000" name="data_3_val">
<pin_list>
<pin id="7" dir="1" index="0" bw="1" slack="0"/>
</pin_list>
<bind>
<StgValue><ssdm name="data_3_val"/></StgValue>
</bind>
</comp>

<comp id="8" class="1000" name="data_4_val">
<pin_list>
<pin id="9" dir="1" index="0" bw="1" slack="0"/>
</pin_list>
<bind>
<StgValue><ssdm name="data_4_val"/></StgValue>
</bind>
</comp>

<comp id="10" class="1000" name="data_5_val">
<pin_list>
<pin id="11" dir="1" index="0" bw="1" slack="0"/>
</pin_list>
<bind>
<StgValue><ssdm name="data_5_val"/></StgValue>
</bind>
</comp>

<comp id="12" class="1000" name="data_6_val">
<pin_list>
<pin id="13" dir="1" index="0" bw="1" slack="0"/>
</pin_list>
<bind>
<StgValue><ssdm name="data_6_val"/></StgValue>
</bind>
</comp>

<comp id="14" class="1000" name="data_7_val">
<pin_list>
<pin id="15" dir="1" index="0" bw="1" slack="0"/>
</pin_list>
<bind>
<StgValue><ssdm name="data_7_val"/></StgValue>
</bind>
</comp>

<comp id="16" class="1000" name="data_10_val">
<pin_list>
<pin id="17" dir="1" index="0" bw="1" slack="0"/>
</pin_list>
<bind>
<StgValue><ssdm name="data_10_val"/></StgValue>
</bind>
</comp>

<comp id="18" class="1000" name="data_11_val">
<pin_list>
<pin id="19" dir="1" index="0" bw="1" slack="0"/>
</pin_list>
<bind>
<StgValue><ssdm name="data_11_val"/></StgValue>
</bind>
</comp>

<comp id="20" class="1000" name="data_13_val">
<pin_list>
<pin id="21" dir="1" index="0" bw="1" slack="0"/>
</pin_list>
<bind>
<StgValue><ssdm name="data_13_val"/></StgValue>
</bind>
</comp>

<comp id="22" class="1000" name="data_14_val">
<pin_list>
<pin id="23" dir="1" index="0" bw="1" slack="0"/>
</pin_list>
<bind>
<StgValue><ssdm name="data_14_val"/></StgValue>
</bind>
</comp>

<comp id="24" class="1000" name="data_15_val">
<pin_list>
<pin id="25" dir="1" index="0" bw="1" slack="0"/>
</pin_list>
<bind>
<StgValue><ssdm name="data_15_val"/></StgValue>
</bind>
</comp>

<comp id="26" class="1000" name="data_17_val">
<pin_list>
<pin id="27" dir="1" index="0" bw="1" slack="0"/>
</pin_list>
<bind>
<StgValue><ssdm name="data_17_val"/></StgValue>
</bind>
</comp>

<comp id="28" class="1000" name="data_18_val">
<pin_list>
<pin id="29" dir="1" index="0" bw="1" slack="0"/>
</pin_list>
<bind>
<StgValue><ssdm name="data_18_val"/></StgValue>
</bind>
</comp>

<comp id="30" class="1000" name="data_19_val">
<pin_list>
<pin id="31" dir="1" index="0" bw="1" slack="0"/>
</pin_list>
<bind>
<StgValue><ssdm name="data_19_val"/></StgValue>
</bind>
</comp>

<comp id="32" class="1000" name="data_20_val">
<pin_list>
<pin id="33" dir="1" index="0" bw="1" slack="0"/>
</pin_list>
<bind>
<StgValue><ssdm name="data_20_val"/></StgValue>
</bind>
</comp>

<comp id="34" class="1000" name="data_21_val">
<pin_list>
<pin id="35" dir="1" index="0" bw="1" slack="0"/>
</pin_list>
<bind>
<StgValue><ssdm name="data_21_val"/></StgValue>
</bind>
</comp>

<comp id="36" class="1000" name="data_22_val">
<pin_list>
<pin id="37" dir="1" index="0" bw="1" slack="0"/>
</pin_list>
<bind>
<StgValue><ssdm name="data_22_val"/></StgValue>
</bind>
</comp>

<comp id="38" class="1000" name="data_23_val">
<pin_list>
<pin id="39" dir="1" index="0" bw="1" slack="0"/>
</pin_list>
<bind>
<StgValue><ssdm name="data_23_val"/></StgValue>
</bind>
</comp>

<comp id="40" class="1000" name="data_24_val">
<pin_list>
<pin id="41" dir="1" index="0" bw="1" slack="0"/>
</pin_list>
<bind>
<StgValue><ssdm name="data_24_val"/></StgValue>
</bind>
</comp>

<comp id="42" class="1000" name="data_25_val">
<pin_list>
<pin id="43" dir="1" index="0" bw="1" slack="0"/>
</pin_list>
<bind>
<StgValue><ssdm name="data_25_val"/></StgValue>
</bind>
</comp>

<comp id="44" class="1000" name="data_26_val">
<pin_list>
<pin id="45" dir="1" index="0" bw="1" slack="0"/>
</pin_list>
<bind>
<StgValue><ssdm name="data_26_val"/></StgValue>
</bind>
</comp>

<comp id="46" class="1000" name="data_27_val">
<pin_list>
<pin id="47" dir="1" index="0" bw="1" slack="0"/>
</pin_list>
<bind>
<StgValue><ssdm name="data_27_val"/></StgValue>
</bind>
</comp>

<comp id="48" class="1000" name="data_29_val">
<pin_list>
<pin id="49" dir="1" index="0" bw="1" slack="0"/>
</pin_list>
<bind>
<StgValue><ssdm name="data_29_val"/></StgValue>
</bind>
</comp>

<comp id="50" class="1000" name="data_30_val">
<pin_list>
<pin id="51" dir="1" index="0" bw="1" slack="0"/>
</pin_list>
<bind>
<StgValue><ssdm name="data_30_val"/></StgValue>
</bind>
</comp>

<comp id="52" class="1001" name="const_52">
<pin_list>
<pin id="53" dir="1" index="0" bw="1" slack="2147483647"/>
</pin_list>
<bind>
<StgValue><ssdm name="_ssdm_op_SpecPipeline"/></StgValue>
</bind>
</comp>

<comp id="54" class="1001" name="const_54">
<pin_list>
<pin id="55" dir="1" index="0" bw="1" slack="2147483647"/>
</pin_list>
<bind>
<StgValue><ssdm name=""/></StgValue>
</bind>
</comp>

<comp id="56" class="1001" name="const_56">
<pin_list>
<pin id="57" dir="1" index="0" bw="1" slack="2147483647"/>
</pin_list>
<bind>
<StgValue><ssdm name=""/></StgValue>
</bind>
</comp>

<comp id="58" class="1001" name="const_58">
<pin_list>
<pin id="59" dir="1" index="0" bw="1" slack="2147483647"/>
</pin_list>
<bind>
<StgValue><ssdm name=""/></StgValue>
</bind>
</comp>

<comp id="60" class="1001" name="const_60">
<pin_list>
<pin id="61" dir="1" index="0" bw="1" slack="2147483647"/>
</pin_list>
<bind>
<StgValue><ssdm name="empty_21"/></StgValue>
</bind>
</comp>

<comp id="62" class="1001" name="const_62">
<pin_list>
<pin id="63" dir="1" index="0" bw="1" slack="2147483647"/>
</pin_list>
<bind>
<StgValue><ssdm name="_ssdm_op_SpecResourceLimit"/></StgValue>
</bind>
</comp>

<comp id="64" class="1001" name="const_64">
<pin_list>
<pin id="65" dir="1" index="0" bw="1" slack="2147483647"/>
</pin_list>
<bind>
<StgValue><ssdm name=""/></StgValue>
</bind>
</comp>

<comp id="66" class="1001" name="const_66">
<pin_list>
<pin id="67" dir="1" index="0" bw="1" slack="2147483647"/>
</pin_list>
<bind>
<StgValue><ssdm name="empty_22"/></StgValue>
</bind>
</comp>

<comp id="68" class="1001" name="const_68">
<pin_list>
<pin id="69" dir="1" index="0" bw="1" slack="0"/>
</pin_list>
<bind>
<StgValue><ssdm name="_ssdm_op_Read.ap_auto.i2"/></StgValue>
</bind>
</comp>

<comp id="70" class="1001" name="const_70">
<pin_list>
<pin id="71" dir="1" index="0" bw="1" slack="0"/>
</pin_list>
<bind>
<StgValue><ssdm name="_ssdm_op_BitConcatenate.i9.i2.i7"/></StgValue>
</bind>
</comp>

<comp id="72" class="1001" name="const_72">
<pin_list>
<pin id="73" dir="1" index="0" bw="1" slack="0"/>
</pin_list>
<bind>
<StgValue><ssdm name=""/></StgValue>
</bind>
</comp>

<comp id="74" class="1001" name="const_74">
<pin_list>
<pin id="75" dir="1" index="0" bw="1" slack="0"/>
</pin_list>
<bind>
<StgValue><ssdm name="_ssdm_op_BitConcatenate.i3.i2.i1"/></StgValue>
</bind>
</comp>

<comp id="76" class="1001" name="const_76">
<pin_list>
<pin id="77" dir="1" index="0" bw="1" slack="0"/>
</pin_list>
<bind>
<StgValue><ssdm name=""/></StgValue>
</bind>
</comp>

<comp id="78" class="1001" name="const_78">
<pin_list>
<pin id="79" dir="1" index="0" bw="1" slack="0"/>
</pin_list>
<bind>
<StgValue><ssdm name=""/></StgValue>
</bind>
</comp>

<comp id="80" class="1001" name="const_80">
<pin_list>
<pin id="81" dir="1" index="0" bw="1" slack="0"/>
</pin_list>
<bind>
<StgValue><ssdm name="_ssdm_op_BitConcatenate.i11.i4.i7"/></StgValue>
</bind>
</comp>

<comp id="82" class="1001" name="const_82">
<pin_list>
<pin id="83" dir="1" index="0" bw="1" slack="0"/>
</pin_list>
<bind>
<StgValue><ssdm name="_ssdm_op_BitConcatenate.i12.i5.i7"/></StgValue>
</bind>
</comp>

<comp id="84" class="1001" name="const_84">
<pin_list>
<pin id="85" dir="1" index="0" bw="1" slack="0"/>
</pin_list>
<bind>
<StgValue><ssdm name=""/></StgValue>
</bind>
</comp>

<comp id="86" class="1001" name="const_86">
<pin_list>
<pin id="87" dir="1" index="0" bw="1" slack="0"/>
</pin_list>
<bind>
<StgValue><ssdm name="_ssdm_op_BitConcatenate.i13.i6.i7"/></StgValue>
</bind>
</comp>

<comp id="88" class="1001" name="const_88">
<pin_list>
<pin id="89" dir="1" index="0" bw="1" slack="0"/>
</pin_list>
<bind>
<StgValue><ssdm name=""/></StgValue>
</bind>
</comp>

<comp id="90" class="1001" name="const_90">
<pin_list>
<pin id="91" dir="1" index="0" bw="1" slack="0"/>
</pin_list>
<bind>
<StgValue><ssdm name="_ssdm_op_PartSelect.i6.i13.i32.i32"/></StgValue>
</bind>
</comp>

<comp id="92" class="1001" name="const_92">
<pin_list>
<pin id="93" dir="1" index="0" bw="1" slack="0"/>
</pin_list>
<bind>
<StgValue><ssdm name=""/></StgValue>
</bind>
</comp>

<comp id="94" class="1001" name="const_94">
<pin_list>
<pin id="95" dir="1" index="0" bw="1" slack="0"/>
</pin_list>
<bind>
<StgValue><ssdm name=""/></StgValue>
</bind>
</comp>

<comp id="96" class="1001" name="const_96">
<pin_list>
<pin id="97" dir="1" index="0" bw="1" slack="0"/>
</pin_list>
<bind>
<StgValue><ssdm name="_ssdm_op_PartSelect.i5.i12.i32.i32"/></StgValue>
</bind>
</comp>

<comp id="98" class="1001" name="const_98">
<pin_list>
<pin id="99" dir="1" index="0" bw="1" slack="0"/>
</pin_list>
<bind>
<StgValue><ssdm name=""/></StgValue>
</bind>
</comp>

<comp id="100" class="1001" name="const_100">
<pin_list>
<pin id="101" dir="1" index="0" bw="1" slack="0"/>
</pin_list>
<bind>
<StgValue><ssdm name="_ssdm_op_PartSelect.i7.i14.i32.i32"/></StgValue>
</bind>
</comp>

<comp id="102" class="1001" name="const_102">
<pin_list>
<pin id="103" dir="1" index="0" bw="1" slack="0"/>
</pin_list>
<bind>
<StgValue><ssdm name=""/></StgValue>
</bind>
</comp>

<comp id="104" class="1001" name="const_104">
<pin_list>
<pin id="105" dir="1" index="0" bw="1" slack="0"/>
</pin_list>
<bind>
<StgValue><ssdm name=""/></StgValue>
</bind>
</comp>

<comp id="106" class="1004" name="data_30_val_read_read_fu_106">
<pin_list>
<pin id="107" dir="0" index="0" bw="2" slack="0"/>
<pin id="108" dir="0" index="1" bw="2" slack="0"/>
<pin id="109" dir="1" index="2" bw="2" slack="0"/>
</pin_list>
<bind>
<opcode="read(1150) " fcode="read"/>
<opset="data_30_val_read/1 "/>
</bind>
</comp>

<comp id="112" class="1004" name="data_29_val_read_read_fu_112">
<pin_list>
<pin id="113" dir="0" index="0" bw="2" slack="0"/>
<pin id="114" dir="0" index="1" bw="2" slack="0"/>
<pin id="115" dir="1" index="2" bw="2" slack="0"/>
</pin_list>
<bind>
<opcode="read(1150) " fcode="read"/>
<opset="data_29_val_read/1 "/>
</bind>
</comp>

<comp id="118" class="1004" name="data_27_val_read_read_fu_118">
<pin_list>
<pin id="119" dir="0" index="0" bw="2" slack="0"/>
<pin id="120" dir="0" index="1" bw="2" slack="0"/>
<pin id="121" dir="1" index="2" bw="2" slack="0"/>
</pin_list>
<bind>
<opcode="read(1150) " fcode="read"/>
<opset="data_27_val_read/1 "/>
</bind>
</comp>

<comp id="124" class="1004" name="data_26_val_read_read_fu_124">
<pin_list>
<pin id="125" dir="0" index="0" bw="2" slack="0"/>
<pin id="126" dir="0" index="1" bw="2" slack="0"/>
<pin id="127" dir="1" index="2" bw="2" slack="0"/>
</pin_list>
<bind>
<opcode="read(1150) " fcode="read"/>
<opset="data_26_val_read/1 "/>
</bind>
</comp>

<comp id="130" class="1004" name="data_25_val_read_read_fu_130">
<pin_list>
<pin id="131" dir="0" index="0" bw="2" slack="0"/>
<pin id="132" dir="0" index="1" bw="2" slack="0"/>
<pin id="133" dir="1" index="2" bw="2" slack="0"/>
</pin_list>
<bind>
<opcode="read(1150) " fcode="read"/>
<opset="data_25_val_read/1 "/>
</bind>
</comp>

<comp id="136" class="1004" name="data_24_val_read_read_fu_136">
<pin_list>
<pin id="137" dir="0" index="0" bw="2" slack="0"/>
<pin id="138" dir="0" index="1" bw="2" slack="0"/>
<pin id="139" dir="1" index="2" bw="2" slack="0"/>
</pin_list>
<bind>
<opcode="read(1150) " fcode="read"/>
<opset="data_24_val_read/1 "/>
</bind>
</comp>

<comp id="142" class="1004" name="data_23_val_read_read_fu_142">
<pin_list>
<pin id="143" dir="0" index="0" bw="2" slack="0"/>
<pin id="144" dir="0" index="1" bw="2" slack="0"/>
<pin id="145" dir="1" index="2" bw="2" slack="0"/>
</pin_list>
<bind>
<opcode="read(1150) " fcode="read"/>
<opset="data_23_val_read/1 "/>
</bind>
</comp>

<comp id="148" class="1004" name="data_22_val_read_read_fu_148">
<pin_list>
<pin id="149" dir="0" index="0" bw="2" slack="0"/>
<pin id="150" dir="0" index="1" bw="2" slack="0"/>
<pin id="151" dir="1" index="2" bw="2" slack="0"/>
</pin_list>
<bind>
<opcode="read(1150) " fcode="read"/>
<opset="data_22_val_read/1 "/>
</bind>
</comp>

<comp id="154" class="1004" name="data_21_val_read_read_fu_154">
<pin_list>
<pin id="155" dir="0" index="0" bw="2" slack="0"/>
<pin id="156" dir="0" index="1" bw="2" slack="0"/>
<pin id="157" dir="1" index="2" bw="2" slack="0"/>
</pin_list>
<bind>
<opcode="read(1150) " fcode="read"/>
<opset="data_21_val_read/1 "/>
</bind>
</comp>

<comp id="160" class="1004" name="data_20_val_read_read_fu_160">
<pin_list>
<pin id="161" dir="0" index="0" bw="2" slack="0"/>
<pin id="162" dir="0" index="1" bw="2" slack="0"/>
<pin id="163" dir="1" index="2" bw="2" slack="0"/>
</pin_list>
<bind>
<opcode="read(1150) " fcode="read"/>
<opset="data_20_val_read/1 "/>
</bind>
</comp>

<comp id="166" class="1004" name="data_19_val_read_read_fu_166">
<pin_list>
<pin id="167" dir="0" index="0" bw="2" slack="0"/>
<pin id="168" dir="0" index="1" bw="2" slack="0"/>
<pin id="169" dir="1" index="2" bw="2" slack="0"/>
</pin_list>
<bind>
<opcode="read(1150) " fcode="read"/>
<opset="data_19_val_read/1 "/>
</bind>
</comp>

<comp id="172" class="1004" name="data_18_val_read_read_fu_172">
<pin_list>
<pin id="173" dir="0" index="0" bw="2" slack="0"/>
<pin id="174" dir="0" index="1" bw="2" slack="0"/>
<pin id="175" dir="1" index="2" bw="2" slack="0"/>
</pin_list>
<bind>
<opcode="read(1150) " fcode="read"/>
<opset="data_18_val_read/1 "/>
</bind>
</comp>

<comp id="178" class="1004" name="data_17_val_read_read_fu_178">
<pin_list>
<pin id="179" dir="0" index="0" bw="2" slack="0"/>
<pin id="180" dir="0" index="1" bw="2" slack="0"/>
<pin id="181" dir="1" index="2" bw="2" slack="0"/>
</pin_list>
<bind>
<opcode="read(1150) " fcode="read"/>
<opset="data_17_val_read/1 "/>
</bind>
</comp>

<comp id="184" class="1004" name="data_15_val_read_read_fu_184">
<pin_list>
<pin id="185" dir="0" index="0" bw="2" slack="0"/>
<pin id="186" dir="0" index="1" bw="2" slack="0"/>
<pin id="187" dir="1" index="2" bw="2" slack="0"/>
</pin_list>
<bind>
<opcode="read(1150) " fcode="read"/>
<opset="data_15_val_read/1 "/>
</bind>
</comp>

<comp id="190" class="1004" name="data_14_val_read_read_fu_190">
<pin_list>
<pin id="191" dir="0" index="0" bw="2" slack="0"/>
<pin id="192" dir="0" index="1" bw="2" slack="0"/>
<pin id="193" dir="1" index="2" bw="2" slack="0"/>
</pin_list>
<bind>
<opcode="read(1150) " fcode="read"/>
<opset="data_14_val_read/1 "/>
</bind>
</comp>

<comp id="196" class="1004" name="data_13_val_read_read_fu_196">
<pin_list>
<pin id="197" dir="0" index="0" bw="2" slack="0"/>
<pin id="198" dir="0" index="1" bw="2" slack="0"/>
<pin id="199" dir="1" index="2" bw="2" slack="0"/>
</pin_list>
<bind>
<opcode="read(1150) " fcode="read"/>
<opset="data_13_val_read/1 "/>
</bind>
</comp>

<comp id="202" class="1004" name="data_11_val_read_read_fu_202">
<pin_list>
<pin id="203" dir="0" index="0" bw="2" slack="0"/>
<pin id="204" dir="0" index="1" bw="2" slack="0"/>
<pin id="205" dir="1" index="2" bw="2" slack="0"/>
</pin_list>
<bind>
<opcode="read(1150) " fcode="read"/>
<opset="data_11_val_read/1 "/>
</bind>
</comp>

<comp id="208" class="1004" name="data_10_val_read_read_fu_208">
<pin_list>
<pin id="209" dir="0" index="0" bw="2" slack="0"/>
<pin id="210" dir="0" index="1" bw="2" slack="0"/>
<pin id="211" dir="1" index="2" bw="2" slack="0"/>
</pin_list>
<bind>
<opcode="read(1150) " fcode="read"/>
<opset="data_10_val_read/1 "/>
</bind>
</comp>

<comp id="214" class="1004" name="data_7_val_read_read_fu_214">
<pin_list>
<pin id="215" dir="0" index="0" bw="2" slack="0"/>
<pin id="216" dir="0" index="1" bw="2" slack="0"/>
<pin id="217" dir="1" index="2" bw="2" slack="0"/>
</pin_list>
<bind>
<opcode="read(1150) " fcode="read"/>
<opset="data_7_val_read/1 "/>
</bind>
</comp>

<comp id="220" class="1004" name="data_6_val_read_read_fu_220">
<pin_list>
<pin id="221" dir="0" index="0" bw="2" slack="0"/>
<pin id="222" dir="0" index="1" bw="2" slack="0"/>
<pin id="223" dir="1" index="2" bw="2" slack="0"/>
</pin_list>
<bind>
<opcode="read(1150) " fcode="read"/>
<opset="data_6_val_read/1 "/>
</bind>
</comp>

<comp id="226" class="1004" name="data_5_val_read_read_fu_226">
<pin_list>
<pin id="227" dir="0" index="0" bw="2" slack="0"/>
<pin id="228" dir="0" index="1" bw="2" slack="0"/>
<pin id="229" dir="1" index="2" bw="2" slack="0"/>
</pin_list>
<bind>
<opcode="read(1150) " fcode="read"/>
<opset="data_5_val_read/1 "/>
</bind>
</comp>

<comp id="232" class="1004" name="data_4_val_read_read_fu_232">
<pin_list>
<pin id="233" dir="0" index="0" bw="2" slack="0"/>
<pin id="234" dir="0" index="1" bw="2" slack="0"/>
<pin id="235" dir="1" index="2" bw="2" slack="0"/>
</pin_list>
<bind>
<opcode="read(1150) " fcode="read"/>
<opset="data_4_val_read/1 "/>
</bind>
</comp>

<comp id="238" class="1004" name="data_3_val_read_read_fu_238">
<pin_list>
<pin id="239" dir="0" index="0" bw="2" slack="0"/>
<pin id="240" dir="0" index="1" bw="2" slack="0"/>
<pin id="241" dir="1" index="2" bw="2" slack="0"/>
</pin_list>
<bind>
<opcode="read(1150) " fcode="read"/>
<opset="data_3_val_read/1 "/>
</bind>
</comp>

<comp id="244" class="1004" name="data_2_val_read_read_fu_244">
<pin_list>
<pin id="245" dir="0" index="0" bw="2" slack="0"/>
<pin id="246" dir="0" index="1" bw="2" slack="0"/>
<pin id="247" dir="1" index="2" bw="2" slack="0"/>
</pin_list>
<bind>
<opcode="read(1150) " fcode="read"/>
<opset="data_2_val_read/1 "/>
</bind>
</comp>

<comp id="250" class="1004" name="data_1_val_read_read_fu_250">
<pin_list>
<pin id="251" dir="0" index="0" bw="2" slack="0"/>
<pin id="252" dir="0" index="1" bw="2" slack="0"/>
<pin id="253" dir="1" index="2" bw="2" slack="0"/>
</pin_list>
<bind>
<opcode="read(1150) " fcode="read"/>
<opset="data_1_val_read/1 "/>
</bind>
</comp>

<comp id="256" class="1004" name="data_0_val_read_read_fu_256">
<pin_list>
<pin id="257" dir="0" index="0" bw="2" slack="0"/>
<pin id="258" dir="0" index="1" bw="2" slack="0"/>
<pin id="259" dir="1" index="2" bw="2" slack="0"/>
</pin_list>
<bind>
<opcode="read(1150) " fcode="read"/>
<opset="data_0_val_read/1 "/>
</bind>
</comp>

<comp id="262" class="1004" name="shl_ln_fu_262">
<pin_list>
<pin id="263" dir="0" index="0" bw="9" slack="0"/>
<pin id="264" dir="0" index="1" bw="2" slack="0"/>
<pin id="265" dir="0" index="2" bw="1" slack="0"/>
<pin id="266" dir="1" index="3" bw="9" slack="0"/>
</pin_list>
<bind>
<opcode="bitconcatenate(1004) " fcode="bitconcatenate"/>
<opset="shl_ln/1 "/>
</bind>
</comp>

<comp id="270" class="1004" name="zext_ln70_fu_270">
<pin_list>
<pin id="271" dir="0" index="0" bw="9" slack="0"/>
<pin id="272" dir="1" index="1" bw="11" slack="0"/>
</pin_list>
<bind>
<opcode="zext(34) " fcode="zext"/>
<opset="zext_ln70/1 "/>
</bind>
</comp>

<comp id="274" class="1004" name="tmp_908_fu_274">
<pin_list>
<pin id="275" dir="0" index="0" bw="3" slack="0"/>
<pin id="276" dir="0" index="1" bw="2" slack="0"/>
<pin id="277" dir="0" index="2" bw="1" slack="0"/>
<pin id="278" dir="1" index="3" bw="3" slack="0"/>
</pin_list>
<bind>
<opcode="bitconcatenate(1004) " fcode="bitconcatenate"/>
<opset="tmp_908/1 "/>
</bind>
</comp>

<comp id="282" class="1004" name="zext_ln73_fu_282">
<pin_list>
<pin id="283" dir="0" index="0" bw="3" slack="0"/>
<pin id="284" dir="1" index="1" bw="4" slack="0"/>
</pin_list>
<bind>
<opcode="zext(34) " fcode="zext"/>
<opset="zext_ln73/1 "/>
</bind>
</comp>

<comp id="286" class="1004" name="tmp_909_fu_286">
<pin_list>
<pin id="287" dir="0" index="0" bw="3" slack="0"/>
<pin id="288" dir="0" index="1" bw="2" slack="0"/>
<pin id="289" dir="0" index="2" bw="1" slack="0"/>
<pin id="290" dir="1" index="3" bw="3" slack="0"/>
</pin_list>
<bind>
<opcode="bitconcatenate(1004) " fcode="bitconcatenate"/>
<opset="tmp_909/1 "/>
</bind>
</comp>

<comp id="294" class="1004" name="zext_ln73_51_fu_294">
<pin_list>
<pin id="295" dir="0" index="0" bw="3" slack="0"/>
<pin id="296" dir="1" index="1" bw="4" slack="0"/>
</pin_list>
<bind>
<opcode="zext(34) " fcode="zext"/>
<opset="zext_ln73_51/1 "/>
</bind>
</comp>

<comp id="298" class="1004" name="tmp_910_fu_298">
<pin_list>
<pin id="299" dir="0" index="0" bw="3" slack="0"/>
<pin id="300" dir="0" index="1" bw="2" slack="0"/>
<pin id="301" dir="0" index="2" bw="1" slack="0"/>
<pin id="302" dir="1" index="3" bw="3" slack="0"/>
</pin_list>
<bind>
<opcode="bitconcatenate(1004) " fcode="bitconcatenate"/>
<opset="tmp_910/1 "/>
</bind>
</comp>

<comp id="306" class="1004" name="zext_ln73_52_fu_306">
<pin_list>
<pin id="307" dir="0" index="0" bw="3" slack="0"/>
<pin id="308" dir="1" index="1" bw="4" slack="0"/>
</pin_list>
<bind>
<opcode="zext(34) " fcode="zext"/>
<opset="zext_ln73_52/1 "/>
</bind>
</comp>

<comp id="310" class="1004" name="sub_ln73_fu_310">
<pin_list>
<pin id="311" dir="0" index="0" bw="1" slack="0"/>
<pin id="312" dir="0" index="1" bw="3" slack="0"/>
<pin id="313" dir="1" index="2" bw="4" slack="0"/>
</pin_list>
<bind>
<opcode="sub(10) " fcode="sub"/>
<opset="sub_ln73/1 "/>
</bind>
</comp>

<comp id="316" class="1004" name="shl_ln42_1_fu_316">
<pin_list>
<pin id="317" dir="0" index="0" bw="11" slack="0"/>
<pin id="318" dir="0" index="1" bw="4" slack="0"/>
<pin id="319" dir="0" index="2" bw="1" slack="0"/>
<pin id="320" dir="1" index="3" bw="11" slack="0"/>
</pin_list>
<bind>
<opcode="bitconcatenate(1004) " fcode="bitconcatenate"/>
<opset="shl_ln42_1/1 "/>
</bind>
</comp>

<comp id="324" class="1004" name="sext_ln73_fu_324">
<pin_list>
<pin id="325" dir="0" index="0" bw="11" slack="0"/>
<pin id="326" dir="1" index="1" bw="12" slack="0"/>
</pin_list>
<bind>
<opcode="sext(35) " fcode="sext"/>
<opset="sext_ln73/1 "/>
</bind>
</comp>

<comp id="328" class="1004" name="tmp_911_fu_328">
<pin_list>
<pin id="329" dir="0" index="0" bw="3" slack="0"/>
<pin id="330" dir="0" index="1" bw="2" slack="0"/>
<pin id="331" dir="0" index="2" bw="1" slack="0"/>
<pin id="332" dir="1" index="3" bw="3" slack="0"/>
</pin_list>
<bind>
<opcode="bitconcatenate(1004) " fcode="bitconcatenate"/>
<opset="tmp_911/1 "/>
</bind>
</comp>

<comp id="336" class="1004" name="zext_ln73_53_fu_336">
<pin_list>
<pin id="337" dir="0" index="0" bw="3" slack="0"/>
<pin id="338" dir="1" index="1" bw="4" slack="0"/>
</pin_list>
<bind>
<opcode="zext(34) " fcode="zext"/>
<opset="zext_ln73_53/1 "/>
</bind>
</comp>

<comp id="340" class="1004" name="sub_ln73_68_fu_340">
<pin_list>
<pin id="341" dir="0" index="0" bw="1" slack="0"/>
<pin id="342" dir="0" index="1" bw="3" slack="0"/>
<pin id="343" dir="1" index="2" bw="4" slack="0"/>
</pin_list>
<bind>
<opcode="sub(10) " fcode="sub"/>
<opset="sub_ln73_68/1 "/>
</bind>
</comp>

<comp id="346" class="1004" name="tmp_912_fu_346">
<pin_list>
<pin id="347" dir="0" index="0" bw="3" slack="0"/>
<pin id="348" dir="0" index="1" bw="2" slack="0"/>
<pin id="349" dir="0" index="2" bw="1" slack="0"/>
<pin id="350" dir="1" index="3" bw="3" slack="0"/>
</pin_list>
<bind>
<opcode="bitconcatenate(1004) " fcode="bitconcatenate"/>
<opset="tmp_912/1 "/>
</bind>
</comp>

<comp id="354" class="1004" name="zext_ln73_54_fu_354">
<pin_list>
<pin id="355" dir="0" index="0" bw="3" slack="0"/>
<pin id="356" dir="1" index="1" bw="4" slack="0"/>
</pin_list>
<bind>
<opcode="zext(34) " fcode="zext"/>
<opset="zext_ln73_54/1 "/>
</bind>
</comp>

<comp id="358" class="1004" name="zext_ln70_43_fu_358">
<pin_list>
<pin id="359" dir="0" index="0" bw="2" slack="0"/>
<pin id="360" dir="1" index="1" bw="3" slack="0"/>
</pin_list>
<bind>
<opcode="zext(34) " fcode="zext"/>
<opset="zext_ln70_43/1 "/>
</bind>
</comp>

<comp id="362" class="1004" name="tmp_913_fu_362">
<pin_list>
<pin id="363" dir="0" index="0" bw="3" slack="0"/>
<pin id="364" dir="0" index="1" bw="2" slack="0"/>
<pin id="365" dir="0" index="2" bw="1" slack="0"/>
<pin id="366" dir="1" index="3" bw="3" slack="0"/>
</pin_list>
<bind>
<opcode="bitconcatenate(1004) " fcode="bitconcatenate"/>
<opset="tmp_913/1 "/>
</bind>
</comp>

<comp id="370" class="1004" name="zext_ln73_57_fu_370">
<pin_list>
<pin id="371" dir="0" index="0" bw="3" slack="0"/>
<pin id="372" dir="1" index="1" bw="4" slack="0"/>
</pin_list>
<bind>
<opcode="zext(34) " fcode="zext"/>
<opset="zext_ln73_57/1 "/>
</bind>
</comp>

<comp id="374" class="1004" name="tmp_914_fu_374">
<pin_list>
<pin id="375" dir="0" index="0" bw="3" slack="0"/>
<pin id="376" dir="0" index="1" bw="2" slack="0"/>
<pin id="377" dir="0" index="2" bw="1" slack="0"/>
<pin id="378" dir="1" index="3" bw="3" slack="0"/>
</pin_list>
<bind>
<opcode="bitconcatenate(1004) " fcode="bitconcatenate"/>
<opset="tmp_914/1 "/>
</bind>
</comp>

<comp id="382" class="1004" name="zext_ln73_58_fu_382">
<pin_list>
<pin id="383" dir="0" index="0" bw="3" slack="0"/>
<pin id="384" dir="1" index="1" bw="4" slack="0"/>
</pin_list>
<bind>
<opcode="zext(34) " fcode="zext"/>
<opset="zext_ln73_58/1 "/>
</bind>
</comp>

<comp id="386" class="1004" name="zext_ln73_55_fu_386">
<pin_list>
<pin id="387" dir="0" index="0" bw="2" slack="0"/>
<pin id="388" dir="1" index="1" bw="4" slack="0"/>
</pin_list>
<bind>
<opcode="zext(34) " fcode="zext"/>
<opset="zext_ln73_55/1 "/>
</bind>
</comp>

<comp id="390" class="1004" name="tmp_915_fu_390">
<pin_list>
<pin id="391" dir="0" index="0" bw="3" slack="0"/>
<pin id="392" dir="0" index="1" bw="2" slack="0"/>
<pin id="393" dir="0" index="2" bw="1" slack="0"/>
<pin id="394" dir="1" index="3" bw="3" slack="0"/>
</pin_list>
<bind>
<opcode="bitconcatenate(1004) " fcode="bitconcatenate"/>
<opset="tmp_915/1 "/>
</bind>
</comp>

<comp id="398" class="1004" name="zext_ln73_59_fu_398">
<pin_list>
<pin id="399" dir="0" index="0" bw="3" slack="0"/>
<pin id="400" dir="1" index="1" bw="4" slack="0"/>
</pin_list>
<bind>
<opcode="zext(34) " fcode="zext"/>
<opset="zext_ln73_59/1 "/>
</bind>
</comp>

<comp id="402" class="1004" name="sub_ln73_69_fu_402">
<pin_list>
<pin id="403" dir="0" index="0" bw="1" slack="0"/>
<pin id="404" dir="0" index="1" bw="3" slack="0"/>
<pin id="405" dir="1" index="2" bw="4" slack="0"/>
</pin_list>
<bind>
<opcode="sub(10) " fcode="sub"/>
<opset="sub_ln73_69/1 "/>
</bind>
</comp>

<comp id="408" class="1004" name="zext_ln73_56_fu_408">
<pin_list>
<pin id="409" dir="0" index="0" bw="2" slack="0"/>
<pin id="410" dir="1" index="1" bw="4" slack="0"/>
</pin_list>
<bind>
<opcode="zext(34) " fcode="zext"/>
<opset="zext_ln73_56/1 "/>
</bind>
</comp>

<comp id="412" class="1004" name="tmp_916_fu_412">
<pin_list>
<pin id="413" dir="0" index="0" bw="3" slack="0"/>
<pin id="414" dir="0" index="1" bw="2" slack="0"/>
<pin id="415" dir="0" index="2" bw="1" slack="0"/>
<pin id="416" dir="1" index="3" bw="3" slack="0"/>
</pin_list>
<bind>
<opcode="bitconcatenate(1004) " fcode="bitconcatenate"/>
<opset="tmp_916/1 "/>
</bind>
</comp>

<comp id="420" class="1004" name="zext_ln73_60_fu_420">
<pin_list>
<pin id="421" dir="0" index="0" bw="3" slack="0"/>
<pin id="422" dir="1" index="1" bw="4" slack="0"/>
</pin_list>
<bind>
<opcode="zext(34) " fcode="zext"/>
<opset="zext_ln73_60/1 "/>
</bind>
</comp>

<comp id="424" class="1004" name="sub_ln73_70_fu_424">
<pin_list>
<pin id="425" dir="0" index="0" bw="1" slack="0"/>
<pin id="426" dir="0" index="1" bw="3" slack="0"/>
<pin id="427" dir="1" index="2" bw="4" slack="0"/>
</pin_list>
<bind>
<opcode="sub(10) " fcode="sub"/>
<opset="sub_ln73_70/1 "/>
</bind>
</comp>

<comp id="430" class="1004" name="tmp_917_fu_430">
<pin_list>
<pin id="431" dir="0" index="0" bw="3" slack="0"/>
<pin id="432" dir="0" index="1" bw="2" slack="0"/>
<pin id="433" dir="0" index="2" bw="1" slack="0"/>
<pin id="434" dir="1" index="3" bw="3" slack="0"/>
</pin_list>
<bind>
<opcode="bitconcatenate(1004) " fcode="bitconcatenate"/>
<opset="tmp_917/1 "/>
</bind>
</comp>

<comp id="438" class="1004" name="zext_ln73_61_fu_438">
<pin_list>
<pin id="439" dir="0" index="0" bw="3" slack="0"/>
<pin id="440" dir="1" index="1" bw="4" slack="0"/>
</pin_list>
<bind>
<opcode="zext(34) " fcode="zext"/>
<opset="zext_ln73_61/1 "/>
</bind>
</comp>

<comp id="442" class="1004" name="sub_ln73_71_fu_442">
<pin_list>
<pin id="443" dir="0" index="0" bw="1" slack="0"/>
<pin id="444" dir="0" index="1" bw="3" slack="0"/>
<pin id="445" dir="1" index="2" bw="4" slack="0"/>
</pin_list>
<bind>
<opcode="sub(10) " fcode="sub"/>
<opset="sub_ln73_71/1 "/>
</bind>
</comp>

<comp id="448" class="1004" name="shl_ln42_2_fu_448">
<pin_list>
<pin id="449" dir="0" index="0" bw="11" slack="0"/>
<pin id="450" dir="0" index="1" bw="4" slack="0"/>
<pin id="451" dir="0" index="2" bw="1" slack="0"/>
<pin id="452" dir="1" index="3" bw="11" slack="0"/>
</pin_list>
<bind>
<opcode="bitconcatenate(1004) " fcode="bitconcatenate"/>
<opset="shl_ln42_2/1 "/>
</bind>
</comp>

<comp id="456" class="1004" name="sext_ln70_fu_456">
<pin_list>
<pin id="457" dir="0" index="0" bw="11" slack="0"/>
<pin id="458" dir="1" index="1" bw="12" slack="0"/>
</pin_list>
<bind>
<opcode="sext(35) " fcode="sext"/>
<opset="sext_ln70/1 "/>
</bind>
</comp>

<comp id="460" class="1004" name="zext_ln70_44_fu_460">
<pin_list>
<pin id="461" dir="0" index="0" bw="2" slack="0"/>
<pin id="462" dir="1" index="1" bw="3" slack="0"/>
</pin_list>
<bind>
<opcode="zext(34) " fcode="zext"/>
<opset="zext_ln70_44/1 "/>
</bind>
</comp>

<comp id="464" class="1004" name="tmp_918_fu_464">
<pin_list>
<pin id="465" dir="0" index="0" bw="3" slack="0"/>
<pin id="466" dir="0" index="1" bw="2" slack="0"/>
<pin id="467" dir="0" index="2" bw="1" slack="0"/>
<pin id="468" dir="1" index="3" bw="3" slack="0"/>
</pin_list>
<bind>
<opcode="bitconcatenate(1004) " fcode="bitconcatenate"/>
<opset="tmp_918/1 "/>
</bind>
</comp>

<comp id="472" class="1004" name="zext_ln73_62_fu_472">
<pin_list>
<pin id="473" dir="0" index="0" bw="3" slack="0"/>
<pin id="474" dir="1" index="1" bw="4" slack="0"/>
</pin_list>
<bind>
<opcode="zext(34) " fcode="zext"/>
<opset="zext_ln73_62/1 "/>
</bind>
</comp>

<comp id="476" class="1004" name="sub_ln73_72_fu_476">
<pin_list>
<pin id="477" dir="0" index="0" bw="1" slack="0"/>
<pin id="478" dir="0" index="1" bw="3" slack="0"/>
<pin id="479" dir="1" index="2" bw="4" slack="0"/>
</pin_list>
<bind>
<opcode="sub(10) " fcode="sub"/>
<opset="sub_ln73_72/1 "/>
</bind>
</comp>

<comp id="482" class="1004" name="tmp_919_fu_482">
<pin_list>
<pin id="483" dir="0" index="0" bw="3" slack="0"/>
<pin id="484" dir="0" index="1" bw="2" slack="0"/>
<pin id="485" dir="0" index="2" bw="1" slack="0"/>
<pin id="486" dir="1" index="3" bw="3" slack="0"/>
</pin_list>
<bind>
<opcode="bitconcatenate(1004) " fcode="bitconcatenate"/>
<opset="tmp_919/1 "/>
</bind>
</comp>

<comp id="490" class="1004" name="zext_ln73_63_fu_490">
<pin_list>
<pin id="491" dir="0" index="0" bw="3" slack="0"/>
<pin id="492" dir="1" index="1" bw="4" slack="0"/>
</pin_list>
<bind>
<opcode="zext(34) " fcode="zext"/>
<opset="zext_ln73_63/1 "/>
</bind>
</comp>

<comp id="494" class="1004" name="sub_ln73_73_fu_494">
<pin_list>
<pin id="495" dir="0" index="0" bw="1" slack="0"/>
<pin id="496" dir="0" index="1" bw="3" slack="0"/>
<pin id="497" dir="1" index="2" bw="4" slack="0"/>
</pin_list>
<bind>
<opcode="sub(10) " fcode="sub"/>
<opset="sub_ln73_73/1 "/>
</bind>
</comp>

<comp id="500" class="1004" name="shl_ln42_3_fu_500">
<pin_list>
<pin id="501" dir="0" index="0" bw="11" slack="0"/>
<pin id="502" dir="0" index="1" bw="4" slack="0"/>
<pin id="503" dir="0" index="2" bw="1" slack="0"/>
<pin id="504" dir="1" index="3" bw="11" slack="0"/>
</pin_list>
<bind>
<opcode="bitconcatenate(1004) " fcode="bitconcatenate"/>
<opset="shl_ln42_3/1 "/>
</bind>
</comp>

<comp id="508" class="1004" name="tmp_920_fu_508">
<pin_list>
<pin id="509" dir="0" index="0" bw="3" slack="0"/>
<pin id="510" dir="0" index="1" bw="2" slack="0"/>
<pin id="511" dir="0" index="2" bw="1" slack="0"/>
<pin id="512" dir="1" index="3" bw="3" slack="0"/>
</pin_list>
<bind>
<opcode="bitconcatenate(1004) " fcode="bitconcatenate"/>
<opset="tmp_920/1 "/>
</bind>
</comp>

<comp id="516" class="1004" name="zext_ln73_64_fu_516">
<pin_list>
<pin id="517" dir="0" index="0" bw="3" slack="0"/>
<pin id="518" dir="1" index="1" bw="4" slack="0"/>
</pin_list>
<bind>
<opcode="zext(34) " fcode="zext"/>
<opset="zext_ln73_64/1 "/>
</bind>
</comp>

<comp id="520" class="1004" name="sub_ln73_74_fu_520">
<pin_list>
<pin id="521" dir="0" index="0" bw="1" slack="0"/>
<pin id="522" dir="0" index="1" bw="3" slack="0"/>
<pin id="523" dir="1" index="2" bw="4" slack="0"/>
</pin_list>
<bind>
<opcode="sub(10) " fcode="sub"/>
<opset="sub_ln73_74/1 "/>
</bind>
</comp>

<comp id="526" class="1004" name="tmp_921_fu_526">
<pin_list>
<pin id="527" dir="0" index="0" bw="3" slack="0"/>
<pin id="528" dir="0" index="1" bw="2" slack="0"/>
<pin id="529" dir="0" index="2" bw="1" slack="0"/>
<pin id="530" dir="1" index="3" bw="3" slack="0"/>
</pin_list>
<bind>
<opcode="bitconcatenate(1004) " fcode="bitconcatenate"/>
<opset="tmp_921/1 "/>
</bind>
</comp>

<comp id="534" class="1004" name="zext_ln73_65_fu_534">
<pin_list>
<pin id="535" dir="0" index="0" bw="3" slack="0"/>
<pin id="536" dir="1" index="1" bw="4" slack="0"/>
</pin_list>
<bind>
<opcode="zext(34) " fcode="zext"/>
<opset="zext_ln73_65/1 "/>
</bind>
</comp>

<comp id="538" class="1004" name="sub_ln73_75_fu_538">
<pin_list>
<pin id="539" dir="0" index="0" bw="1" slack="0"/>
<pin id="540" dir="0" index="1" bw="3" slack="0"/>
<pin id="541" dir="1" index="2" bw="4" slack="0"/>
</pin_list>
<bind>
<opcode="sub(10) " fcode="sub"/>
<opset="sub_ln73_75/1 "/>
</bind>
</comp>

<comp id="544" class="1004" name="data_2_val_cast_fu_544">
<pin_list>
<pin id="545" dir="0" index="0" bw="2" slack="0"/>
<pin id="546" dir="1" index="1" bw="3" slack="0"/>
</pin_list>
<bind>
<opcode="zext(34) " fcode="zext"/>
<opset="data_2_val_cast/1 "/>
</bind>
</comp>

<comp id="548" class="1004" name="data_4_val_cast_fu_548">
<pin_list>
<pin id="549" dir="0" index="0" bw="2" slack="0"/>
<pin id="550" dir="1" index="1" bw="3" slack="0"/>
</pin_list>
<bind>
<opcode="zext(34) " fcode="zext"/>
<opset="data_4_val_cast/1 "/>
</bind>
</comp>

<comp id="552" class="1004" name="data_7_val_cast14_fu_552">
<pin_list>
<pin id="553" dir="0" index="0" bw="2" slack="0"/>
<pin id="554" dir="1" index="1" bw="3" slack="0"/>
</pin_list>
<bind>
<opcode="zext(34) " fcode="zext"/>
<opset="data_7_val_cast14/1 "/>
</bind>
</comp>

<comp id="556" class="1004" name="empty_fu_556">
<pin_list>
<pin id="557" dir="0" index="0" bw="2" slack="0"/>
<pin id="558" dir="0" index="1" bw="2" slack="0"/>
<pin id="559" dir="1" index="2" bw="3" slack="0"/>
</pin_list>
<bind>
<opcode="add(8) " fcode="add"/>
<opset="empty/1 "/>
</bind>
</comp>

<comp id="562" class="1004" name="p_cast_fu_562">
<pin_list>
<pin id="563" dir="0" index="0" bw="3" slack="0"/>
<pin id="564" dir="1" index="1" bw="4" slack="0"/>
</pin_list>
<bind>
<opcode="zext(34) " fcode="zext"/>
<opset="p_cast/1 "/>
</bind>
</comp>

<comp id="566" class="1004" name="data_10_val_cast15_fu_566">
<pin_list>
<pin id="567" dir="0" index="0" bw="2" slack="0"/>
<pin id="568" dir="1" index="1" bw="3" slack="0"/>
</pin_list>
<bind>
<opcode="zext(34) " fcode="zext"/>
<opset="data_10_val_cast15/1 "/>
</bind>
</comp>

<comp id="570" class="1004" name="tmp_fu_570">
<pin_list>
<pin id="571" dir="0" index="0" bw="2" slack="0"/>
<pin id="572" dir="0" index="1" bw="2" slack="0"/>
<pin id="573" dir="1" index="2" bw="3" slack="0"/>
</pin_list>
<bind>
<opcode="add(8) " fcode="add"/>
<opset="tmp/1 "/>
</bind>
</comp>

<comp id="576" class="1004" name="tmp_cast_fu_576">
<pin_list>
<pin id="577" dir="0" index="0" bw="3" slack="0"/>
<pin id="578" dir="1" index="1" bw="4" slack="0"/>
</pin_list>
<bind>
<opcode="zext(34) " fcode="zext"/>
<opset="tmp_cast/1 "/>
</bind>
</comp>

<comp id="580" class="1004" name="empty_222_fu_580">
<pin_list>
<pin id="581" dir="0" index="0" bw="3" slack="0"/>
<pin id="582" dir="0" index="1" bw="3" slack="0"/>
<pin id="583" dir="1" index="2" bw="4" slack="0"/>
</pin_list>
<bind>
<opcode="add(8) " fcode="add"/>
<opset="empty_222/1 "/>
</bind>
</comp>

<comp id="586" class="1004" name="p_cast1_fu_586">
<pin_list>
<pin id="587" dir="0" index="0" bw="4" slack="0"/>
<pin id="588" dir="1" index="1" bw="5" slack="0"/>
</pin_list>
<bind>
<opcode="zext(34) " fcode="zext"/>
<opset="p_cast1/1 "/>
</bind>
</comp>

<comp id="590" class="1004" name="data_24_val_cast16_fu_590">
<pin_list>
<pin id="591" dir="0" index="0" bw="2" slack="0"/>
<pin id="592" dir="1" index="1" bw="4" slack="0"/>
</pin_list>
<bind>
<opcode="zext(34) " fcode="zext"/>
<opset="data_24_val_cast16/1 "/>
</bind>
</comp>

<comp id="594" class="1004" name="tmp1_fu_594">
<pin_list>
<pin id="595" dir="0" index="0" bw="2" slack="0"/>
<pin id="596" dir="0" index="1" bw="3" slack="0"/>
<pin id="597" dir="1" index="2" bw="4" slack="0"/>
</pin_list>
<bind>
<opcode="sub(10) " fcode="sub"/>
<opset="tmp1/1 "/>
</bind>
</comp>

<comp id="600" class="1004" name="tmp1_cast_fu_600">
<pin_list>
<pin id="601" dir="0" index="0" bw="4" slack="0"/>
<pin id="602" dir="1" index="1" bw="5" slack="0"/>
</pin_list>
<bind>
<opcode="sext(35) " fcode="sext"/>
<opset="tmp1_cast/1 "/>
</bind>
</comp>

<comp id="604" class="1004" name="tmp4213_fu_604">
<pin_list>
<pin id="605" dir="0" index="0" bw="4" slack="0"/>
<pin id="606" dir="0" index="1" bw="4" slack="0"/>
<pin id="607" dir="1" index="2" bw="5" slack="0"/>
</pin_list>
<bind>
<opcode="add(8) " fcode="add"/>
<opset="tmp4213/1 "/>
</bind>
</comp>

<comp id="610" class="1004" name="tmp_42_fu_610">
<pin_list>
<pin id="611" dir="0" index="0" bw="12" slack="0"/>
<pin id="612" dir="0" index="1" bw="5" slack="0"/>
<pin id="613" dir="0" index="2" bw="1" slack="0"/>
<pin id="614" dir="1" index="3" bw="12" slack="0"/>
</pin_list>
<bind>
<opcode="bitconcatenate(1004) " fcode="bitconcatenate"/>
<opset="tmp_42/1 "/>
</bind>
</comp>

<comp id="618" class="1004" name="sext_ln58_fu_618">
<pin_list>
<pin id="619" dir="0" index="0" bw="12" slack="0"/>
<pin id="620" dir="1" index="1" bw="13" slack="0"/>
</pin_list>
<bind>
<opcode="sext(35) " fcode="sext"/>
<opset="sext_ln58/1 "/>
</bind>
</comp>

<comp id="622" class="1004" name="add_ln58_fu_622">
<pin_list>
<pin id="623" dir="0" index="0" bw="11" slack="0"/>
<pin id="624" dir="0" index="1" bw="11" slack="0"/>
<pin id="625" dir="1" index="2" bw="12" slack="0"/>
</pin_list>
<bind>
<opcode="add(8) " fcode="add"/>
<opset="add_ln58/1 "/>
</bind>
</comp>

<comp id="628" class="1004" name="sext_ln58_116_fu_628">
<pin_list>
<pin id="629" dir="0" index="0" bw="12" slack="0"/>
<pin id="630" dir="1" index="1" bw="13" slack="0"/>
</pin_list>
<bind>
<opcode="sext(35) " fcode="sext"/>
<opset="sext_ln58_116/1 "/>
</bind>
</comp>

<comp id="632" class="1004" name="x_fu_632">
<pin_list>
<pin id="633" dir="0" index="0" bw="12" slack="0"/>
<pin id="634" dir="0" index="1" bw="12" slack="0"/>
<pin id="635" dir="1" index="2" bw="13" slack="0"/>
</pin_list>
<bind>
<opcode="add(8) " fcode="add"/>
<opset="x/1 "/>
</bind>
</comp>

<comp id="638" class="1004" name="tmp2_fu_638">
<pin_list>
<pin id="639" dir="0" index="0" bw="2" slack="0"/>
<pin id="640" dir="0" index="1" bw="2" slack="0"/>
<pin id="641" dir="1" index="2" bw="3" slack="0"/>
</pin_list>
<bind>
<opcode="add(8) " fcode="add"/>
<opset="tmp2/1 "/>
</bind>
</comp>

<comp id="644" class="1004" name="tmp2_cast_fu_644">
<pin_list>
<pin id="645" dir="0" index="0" bw="3" slack="0"/>
<pin id="646" dir="1" index="1" bw="4" slack="0"/>
</pin_list>
<bind>
<opcode="zext(34) " fcode="zext"/>
<opset="tmp2_cast/1 "/>
</bind>
</comp>

<comp id="648" class="1004" name="tmp4411_fu_648">
<pin_list>
<pin id="649" dir="0" index="0" bw="3" slack="0"/>
<pin id="650" dir="0" index="1" bw="3" slack="0"/>
<pin id="651" dir="1" index="2" bw="4" slack="0"/>
</pin_list>
<bind>
<opcode="sub(10) " fcode="sub"/>
<opset="tmp4411/1 "/>
</bind>
</comp>

<comp id="654" class="1004" name="tmp_43_fu_654">
<pin_list>
<pin id="655" dir="0" index="0" bw="11" slack="0"/>
<pin id="656" dir="0" index="1" bw="4" slack="0"/>
<pin id="657" dir="0" index="2" bw="1" slack="0"/>
<pin id="658" dir="1" index="3" bw="11" slack="0"/>
</pin_list>
<bind>
<opcode="bitconcatenate(1004) " fcode="bitconcatenate"/>
<opset="tmp_43/1 "/>
</bind>
</comp>

<comp id="662" class="1004" name="sext_ln58_117_fu_662">
<pin_list>
<pin id="663" dir="0" index="0" bw="11" slack="0"/>
<pin id="664" dir="1" index="1" bw="12" slack="0"/>
</pin_list>
<bind>
<opcode="sext(35) " fcode="sext"/>
<opset="sext_ln58_117/1 "/>
</bind>
</comp>

<comp id="666" class="1004" name="add_ln58_311_fu_666">
<pin_list>
<pin id="667" dir="0" index="0" bw="11" slack="0"/>
<pin id="668" dir="0" index="1" bw="11" slack="0"/>
<pin id="669" dir="1" index="2" bw="11" slack="0"/>
</pin_list>
<bind>
<opcode="add(8) " fcode="add"/>
<opset="add_ln58_311/1 "/>
</bind>
</comp>

<comp id="672" class="1004" name="add_ln58_312_fu_672">
<pin_list>
<pin id="673" dir="0" index="0" bw="11" slack="0"/>
<pin id="674" dir="0" index="1" bw="11" slack="0"/>
<pin id="675" dir="1" index="2" bw="11" slack="0"/>
</pin_list>
<bind>
<opcode="add(8) " fcode="add"/>
<opset="add_ln58_312/1 "/>
</bind>
</comp>

<comp id="678" class="1004" name="sext_ln58_118_fu_678">
<pin_list>
<pin id="679" dir="0" index="0" bw="11" slack="0"/>
<pin id="680" dir="1" index="1" bw="12" slack="0"/>
</pin_list>
<bind>
<opcode="sext(35) " fcode="sext"/>
<opset="sext_ln58_118/1 "/>
</bind>
</comp>

<comp id="682" class="1004" name="x_55_fu_682">
<pin_list>
<pin id="683" dir="0" index="0" bw="11" slack="0"/>
<pin id="684" dir="0" index="1" bw="11" slack="0"/>
<pin id="685" dir="1" index="2" bw="12" slack="0"/>
</pin_list>
<bind>
<opcode="add(8) " fcode="add"/>
<opset="x_55/1 "/>
</bind>
</comp>

<comp id="688" class="1004" name="data_0_val_cast_fu_688">
<pin_list>
<pin id="689" dir="0" index="0" bw="2" slack="0"/>
<pin id="690" dir="1" index="1" bw="3" slack="0"/>
</pin_list>
<bind>
<opcode="zext(34) " fcode="zext"/>
<opset="data_0_val_cast/1 "/>
</bind>
</comp>

<comp id="692" class="1004" name="data_5_val_cast_fu_692">
<pin_list>
<pin id="693" dir="0" index="0" bw="2" slack="0"/>
<pin id="694" dir="1" index="1" bw="3" slack="0"/>
</pin_list>
<bind>
<opcode="zext(34) " fcode="zext"/>
<opset="data_5_val_cast/1 "/>
</bind>
</comp>

<comp id="696" class="1004" name="empty_223_fu_696">
<pin_list>
<pin id="697" dir="0" index="0" bw="2" slack="0"/>
<pin id="698" dir="0" index="1" bw="2" slack="0"/>
<pin id="699" dir="1" index="2" bw="3" slack="0"/>
</pin_list>
<bind>
<opcode="add(8) " fcode="add"/>
<opset="empty_223/1 "/>
</bind>
</comp>

<comp id="702" class="1004" name="p_cast2_fu_702">
<pin_list>
<pin id="703" dir="0" index="0" bw="3" slack="0"/>
<pin id="704" dir="1" index="1" bw="4" slack="0"/>
</pin_list>
<bind>
<opcode="zext(34) " fcode="zext"/>
<opset="p_cast2/1 "/>
</bind>
</comp>

<comp id="706" class="1004" name="data_17_val_cast17_fu_706">
<pin_list>
<pin id="707" dir="0" index="0" bw="2" slack="0"/>
<pin id="708" dir="1" index="1" bw="3" slack="0"/>
</pin_list>
<bind>
<opcode="zext(34) " fcode="zext"/>
<opset="data_17_val_cast17/1 "/>
</bind>
</comp>

<comp id="710" class="1004" name="empty_224_fu_710">
<pin_list>
<pin id="711" dir="0" index="0" bw="3" slack="0"/>
<pin id="712" dir="0" index="1" bw="3" slack="0"/>
<pin id="713" dir="1" index="2" bw="4" slack="0"/>
</pin_list>
<bind>
<opcode="sub(10) " fcode="sub"/>
<opset="empty_224/1 "/>
</bind>
</comp>

<comp id="716" class="1004" name="p_cast3_fu_716">
<pin_list>
<pin id="717" dir="0" index="0" bw="4" slack="0"/>
<pin id="718" dir="1" index="1" bw="5" slack="0"/>
</pin_list>
<bind>
<opcode="sext(35) " fcode="sext"/>
<opset="p_cast3/1 "/>
</bind>
</comp>

<comp id="720" class="1004" name="mul_ln73_32_cast_fu_720">
<pin_list>
<pin id="721" dir="0" index="0" bw="4" slack="0"/>
<pin id="722" dir="1" index="1" bw="5" slack="0"/>
</pin_list>
<bind>
<opcode="sext(35) " fcode="sext"/>
<opset="mul_ln73_32_cast/1 "/>
</bind>
</comp>

<comp id="724" class="1004" name="data_22_val_cast18_fu_724">
<pin_list>
<pin id="725" dir="0" index="0" bw="2" slack="0"/>
<pin id="726" dir="1" index="1" bw="3" slack="0"/>
</pin_list>
<bind>
<opcode="zext(34) " fcode="zext"/>
<opset="data_22_val_cast18/1 "/>
</bind>
</comp>

<comp id="728" class="1004" name="mul_ln73_33_cast19_fu_728">
<pin_list>
<pin id="729" dir="0" index="0" bw="4" slack="0"/>
<pin id="730" dir="1" index="1" bw="5" slack="0"/>
</pin_list>
<bind>
<opcode="sext(35) " fcode="sext"/>
<opset="mul_ln73_33_cast19/1 "/>
</bind>
</comp>

<comp id="732" class="1004" name="tmp4_fu_732">
<pin_list>
<pin id="733" dir="0" index="0" bw="4" slack="0"/>
<pin id="734" dir="0" index="1" bw="4" slack="0"/>
<pin id="735" dir="1" index="2" bw="5" slack="0"/>
</pin_list>
<bind>
<opcode="add(8) " fcode="add"/>
<opset="tmp4/1 "/>
</bind>
</comp>

<comp id="738" class="1004" name="tmp5_fu_738">
<pin_list>
<pin id="739" dir="0" index="0" bw="2" slack="0"/>
<pin id="740" dir="0" index="1" bw="2" slack="0"/>
<pin id="741" dir="1" index="2" bw="3" slack="0"/>
</pin_list>
<bind>
<opcode="add(8) " fcode="add"/>
<opset="tmp5/1 "/>
</bind>
</comp>

<comp id="744" class="1004" name="tmp5_cast_fu_744">
<pin_list>
<pin id="745" dir="0" index="0" bw="3" slack="0"/>
<pin id="746" dir="1" index="1" bw="5" slack="0"/>
</pin_list>
<bind>
<opcode="zext(34) " fcode="zext"/>
<opset="tmp5_cast/1 "/>
</bind>
</comp>

<comp id="748" class="1004" name="empty_225_fu_748">
<pin_list>
<pin id="749" dir="0" index="0" bw="3" slack="0"/>
<pin id="750" dir="0" index="1" bw="5" slack="0"/>
<pin id="751" dir="1" index="2" bw="5" slack="0"/>
</pin_list>
<bind>
<opcode="add(8) " fcode="add"/>
<opset="empty_225/1 "/>
</bind>
</comp>

<comp id="754" class="1004" name="p_cast4_fu_754">
<pin_list>
<pin id="755" dir="0" index="0" bw="5" slack="0"/>
<pin id="756" dir="1" index="1" bw="6" slack="0"/>
</pin_list>
<bind>
<opcode="sext(35) " fcode="sext"/>
<opset="p_cast4/1 "/>
</bind>
</comp>

<comp id="758" class="1004" name="mul_ln73_37_cast20_fu_758">
<pin_list>
<pin id="759" dir="0" index="0" bw="4" slack="0"/>
<pin id="760" dir="1" index="1" bw="5" slack="0"/>
</pin_list>
<bind>
<opcode="sext(35) " fcode="sext"/>
<opset="mul_ln73_37_cast20/1 "/>
</bind>
</comp>

<comp id="762" class="1004" name="tmp6_fu_762">
<pin_list>
<pin id="763" dir="0" index="0" bw="4" slack="0"/>
<pin id="764" dir="0" index="1" bw="4" slack="0"/>
<pin id="765" dir="1" index="2" bw="5" slack="0"/>
</pin_list>
<bind>
<opcode="add(8) " fcode="add"/>
<opset="tmp6/1 "/>
</bind>
</comp>

<comp id="768" class="1004" name="tmp6_cast_fu_768">
<pin_list>
<pin id="769" dir="0" index="0" bw="5" slack="0"/>
<pin id="770" dir="1" index="1" bw="6" slack="0"/>
</pin_list>
<bind>
<opcode="sext(35) " fcode="sext"/>
<opset="tmp6_cast/1 "/>
</bind>
</comp>

<comp id="772" class="1004" name="tmp479_fu_772">
<pin_list>
<pin id="773" dir="0" index="0" bw="5" slack="0"/>
<pin id="774" dir="0" index="1" bw="5" slack="0"/>
<pin id="775" dir="1" index="2" bw="6" slack="0"/>
</pin_list>
<bind>
<opcode="add(8) " fcode="add"/>
<opset="tmp479/1 "/>
</bind>
</comp>

<comp id="778" class="1004" name="tmp_44_fu_778">
<pin_list>
<pin id="779" dir="0" index="0" bw="13" slack="0"/>
<pin id="780" dir="0" index="1" bw="6" slack="0"/>
<pin id="781" dir="0" index="2" bw="1" slack="0"/>
<pin id="782" dir="1" index="3" bw="13" slack="0"/>
</pin_list>
<bind>
<opcode="bitconcatenate(1004) " fcode="bitconcatenate"/>
<opset="tmp_44/1 "/>
</bind>
</comp>

<comp id="786" class="1004" name="sext_ln58_119_fu_786">
<pin_list>
<pin id="787" dir="0" index="0" bw="13" slack="0"/>
<pin id="788" dir="1" index="1" bw="14" slack="0"/>
</pin_list>
<bind>
<opcode="sext(35) " fcode="sext"/>
<opset="sext_ln58_119/1 "/>
</bind>
</comp>

<comp id="790" class="1004" name="add_ln58_314_fu_790">
<pin_list>
<pin id="791" dir="0" index="0" bw="11" slack="0"/>
<pin id="792" dir="0" index="1" bw="9" slack="0"/>
<pin id="793" dir="1" index="2" bw="11" slack="0"/>
</pin_list>
<bind>
<opcode="add(8) " fcode="add"/>
<opset="add_ln58_314/1 "/>
</bind>
</comp>

<comp id="796" class="1004" name="sext_ln58_120_fu_796">
<pin_list>
<pin id="797" dir="0" index="0" bw="11" slack="0"/>
<pin id="798" dir="1" index="1" bw="14" slack="0"/>
</pin_list>
<bind>
<opcode="sext(35) " fcode="sext"/>
<opset="sext_ln58_120/1 "/>
</bind>
</comp>

<comp id="800" class="1004" name="x_57_fu_800">
<pin_list>
<pin id="801" dir="0" index="0" bw="13" slack="0"/>
<pin id="802" dir="0" index="1" bw="11" slack="0"/>
<pin id="803" dir="1" index="2" bw="14" slack="0"/>
</pin_list>
<bind>
<opcode="add(8) " fcode="add"/>
<opset="x_57/1 "/>
</bind>
</comp>

<comp id="806" class="1004" name="data_3_val_cast_fu_806">
<pin_list>
<pin id="807" dir="0" index="0" bw="2" slack="0"/>
<pin id="808" dir="1" index="1" bw="3" slack="0"/>
</pin_list>
<bind>
<opcode="zext(34) " fcode="zext"/>
<opset="data_3_val_cast/1 "/>
</bind>
</comp>

<comp id="810" class="1004" name="data_6_val_cast_fu_810">
<pin_list>
<pin id="811" dir="0" index="0" bw="2" slack="0"/>
<pin id="812" dir="1" index="1" bw="3" slack="0"/>
</pin_list>
<bind>
<opcode="zext(34) " fcode="zext"/>
<opset="data_6_val_cast/1 "/>
</bind>
</comp>

<comp id="814" class="1004" name="data_14_val_cast_fu_814">
<pin_list>
<pin id="815" dir="0" index="0" bw="2" slack="0"/>
<pin id="816" dir="1" index="1" bw="4" slack="0"/>
</pin_list>
<bind>
<opcode="zext(34) " fcode="zext"/>
<opset="data_14_val_cast/1 "/>
</bind>
</comp>

<comp id="818" class="1004" name="empty_226_fu_818">
<pin_list>
<pin id="819" dir="0" index="0" bw="2" slack="0"/>
<pin id="820" dir="0" index="1" bw="2" slack="0"/>
<pin id="821" dir="1" index="2" bw="3" slack="0"/>
</pin_list>
<bind>
<opcode="add(8) " fcode="add"/>
<opset="empty_226/1 "/>
</bind>
</comp>

<comp id="824" class="1004" name="p_cast5_fu_824">
<pin_list>
<pin id="825" dir="0" index="0" bw="3" slack="0"/>
<pin id="826" dir="1" index="1" bw="4" slack="0"/>
</pin_list>
<bind>
<opcode="zext(34) " fcode="zext"/>
<opset="p_cast5/1 "/>
</bind>
</comp>

<comp id="828" class="1004" name="empty_227_fu_828">
<pin_list>
<pin id="829" dir="0" index="0" bw="3" slack="0"/>
<pin id="830" dir="0" index="1" bw="2" slack="0"/>
<pin id="831" dir="1" index="2" bw="4" slack="0"/>
</pin_list>
<bind>
<opcode="add(8) " fcode="add"/>
<opset="empty_227/1 "/>
</bind>
</comp>

<comp id="834" class="1004" name="p_cast6_fu_834">
<pin_list>
<pin id="835" dir="0" index="0" bw="4" slack="0"/>
<pin id="836" dir="1" index="1" bw="5" slack="0"/>
</pin_list>
<bind>
<opcode="zext(34) " fcode="zext"/>
<opset="p_cast6/1 "/>
</bind>
</comp>

<comp id="838" class="1004" name="data_19_val_cast21_fu_838">
<pin_list>
<pin id="839" dir="0" index="0" bw="2" slack="0"/>
<pin id="840" dir="1" index="1" bw="3" slack="0"/>
</pin_list>
<bind>
<opcode="zext(34) " fcode="zext"/>
<opset="data_19_val_cast21/1 "/>
</bind>
</comp>

<comp id="842" class="1004" name="data_20_val_cast22_fu_842">
<pin_list>
<pin id="843" dir="0" index="0" bw="2" slack="0"/>
<pin id="844" dir="1" index="1" bw="3" slack="0"/>
</pin_list>
<bind>
<opcode="zext(34) " fcode="zext"/>
<opset="data_20_val_cast22/1 "/>
</bind>
</comp>

<comp id="846" class="1004" name="mul_ln73_35_cast_fu_846">
<pin_list>
<pin id="847" dir="0" index="0" bw="4" slack="0"/>
<pin id="848" dir="1" index="1" bw="5" slack="0"/>
</pin_list>
<bind>
<opcode="sext(35) " fcode="sext"/>
<opset="mul_ln73_35_cast/1 "/>
</bind>
</comp>

<comp id="850" class="1004" name="data_30_val_cast_fu_850">
<pin_list>
<pin id="851" dir="0" index="0" bw="2" slack="0"/>
<pin id="852" dir="1" index="1" bw="6" slack="0"/>
</pin_list>
<bind>
<opcode="zext(34) " fcode="zext"/>
<opset="data_30_val_cast/1 "/>
</bind>
</comp>

<comp id="854" class="1004" name="tmp7_fu_854">
<pin_list>
<pin id="855" dir="0" index="0" bw="4" slack="0"/>
<pin id="856" dir="0" index="1" bw="4" slack="0"/>
<pin id="857" dir="1" index="2" bw="5" slack="0"/>
</pin_list>
<bind>
<opcode="add(8) " fcode="add"/>
<opset="tmp7/1 "/>
</bind>
</comp>

<comp id="860" class="1004" name="tmp9_fu_860">
<pin_list>
<pin id="861" dir="0" index="0" bw="2" slack="0"/>
<pin id="862" dir="0" index="1" bw="2" slack="0"/>
<pin id="863" dir="1" index="2" bw="3" slack="0"/>
</pin_list>
<bind>
<opcode="add(8) " fcode="add"/>
<opset="tmp9/1 "/>
</bind>
</comp>

<comp id="866" class="1004" name="tmp9_cast_fu_866">
<pin_list>
<pin id="867" dir="0" index="0" bw="3" slack="0"/>
<pin id="868" dir="1" index="1" bw="4" slack="0"/>
</pin_list>
<bind>
<opcode="zext(34) " fcode="zext"/>
<opset="tmp9_cast/1 "/>
</bind>
</comp>

<comp id="870" class="1004" name="tmp8_fu_870">
<pin_list>
<pin id="871" dir="0" index="0" bw="3" slack="0"/>
<pin id="872" dir="0" index="1" bw="3" slack="0"/>
<pin id="873" dir="1" index="2" bw="4" slack="0"/>
</pin_list>
<bind>
<opcode="sub(10) " fcode="sub"/>
<opset="tmp8/1 "/>
</bind>
</comp>

<comp id="876" class="1004" name="tmp8_cast_fu_876">
<pin_list>
<pin id="877" dir="0" index="0" bw="4" slack="0"/>
<pin id="878" dir="1" index="1" bw="5" slack="0"/>
</pin_list>
<bind>
<opcode="sext(35) " fcode="sext"/>
<opset="tmp8_cast/1 "/>
</bind>
</comp>

<comp id="880" class="1004" name="empty_228_fu_880">
<pin_list>
<pin id="881" dir="0" index="0" bw="4" slack="0"/>
<pin id="882" dir="0" index="1" bw="5" slack="0"/>
<pin id="883" dir="1" index="2" bw="5" slack="0"/>
</pin_list>
<bind>
<opcode="add(8) " fcode="add"/>
<opset="empty_228/1 "/>
</bind>
</comp>

<comp id="886" class="1004" name="p_cast7_fu_886">
<pin_list>
<pin id="887" dir="0" index="0" bw="5" slack="0"/>
<pin id="888" dir="1" index="1" bw="6" slack="0"/>
</pin_list>
<bind>
<opcode="sext(35) " fcode="sext"/>
<opset="p_cast7/1 "/>
</bind>
</comp>

<comp id="890" class="1004" name="tmp237_fu_890">
<pin_list>
<pin id="891" dir="0" index="0" bw="5" slack="0"/>
<pin id="892" dir="0" index="1" bw="2" slack="0"/>
<pin id="893" dir="1" index="2" bw="6" slack="0"/>
</pin_list>
<bind>
<opcode="add(8) " fcode="add"/>
<opset="tmp237/1 "/>
</bind>
</comp>

<comp id="896" class="1004" name="tmp_45_fu_896">
<pin_list>
<pin id="897" dir="0" index="0" bw="13" slack="0"/>
<pin id="898" dir="0" index="1" bw="6" slack="0"/>
<pin id="899" dir="0" index="2" bw="1" slack="0"/>
<pin id="900" dir="1" index="3" bw="13" slack="0"/>
</pin_list>
<bind>
<opcode="bitconcatenate(1004) " fcode="bitconcatenate"/>
<opset="tmp_45/1 "/>
</bind>
</comp>

<comp id="904" class="1004" name="sext_ln58_121_fu_904">
<pin_list>
<pin id="905" dir="0" index="0" bw="13" slack="0"/>
<pin id="906" dir="1" index="1" bw="14" slack="0"/>
</pin_list>
<bind>
<opcode="sext(35) " fcode="sext"/>
<opset="sext_ln58_121/1 "/>
</bind>
</comp>

<comp id="908" class="1004" name="x_56_fu_908">
<pin_list>
<pin id="909" dir="0" index="0" bw="13" slack="0"/>
<pin id="910" dir="0" index="1" bw="10" slack="0"/>
<pin id="911" dir="1" index="2" bw="14" slack="0"/>
</pin_list>
<bind>
<opcode="add(8) " fcode="add"/>
<opset="x_56/1 "/>
</bind>
</comp>

<comp id="914" class="1004" name="mul_ln73_28_cast_fu_914">
<pin_list>
<pin id="915" dir="0" index="0" bw="4" slack="0"/>
<pin id="916" dir="1" index="1" bw="5" slack="0"/>
</pin_list>
<bind>
<opcode="sext(35) " fcode="sext"/>
<opset="mul_ln73_28_cast/1 "/>
</bind>
</comp>

<comp id="918" class="1004" name="data_26_val_cast24_fu_918">
<pin_list>
<pin id="919" dir="0" index="0" bw="2" slack="0"/>
<pin id="920" dir="1" index="1" bw="3" slack="0"/>
</pin_list>
<bind>
<opcode="zext(34) " fcode="zext"/>
<opset="data_26_val_cast24/1 "/>
</bind>
</comp>

<comp id="922" class="1004" name="data_29_val_cast25_fu_922">
<pin_list>
<pin id="923" dir="0" index="0" bw="2" slack="0"/>
<pin id="924" dir="1" index="1" bw="3" slack="0"/>
</pin_list>
<bind>
<opcode="zext(34) " fcode="zext"/>
<opset="data_29_val_cast25/1 "/>
</bind>
</comp>

<comp id="926" class="1004" name="mul_ln73_38_cast_fu_926">
<pin_list>
<pin id="927" dir="0" index="0" bw="4" slack="0"/>
<pin id="928" dir="1" index="1" bw="6" slack="0"/>
</pin_list>
<bind>
<opcode="sext(35) " fcode="sext"/>
<opset="mul_ln73_38_cast/1 "/>
</bind>
</comp>

<comp id="930" class="1004" name="tmp11_fu_930">
<pin_list>
<pin id="931" dir="0" index="0" bw="2" slack="0"/>
<pin id="932" dir="0" index="1" bw="3" slack="0"/>
<pin id="933" dir="1" index="2" bw="4" slack="0"/>
</pin_list>
<bind>
<opcode="sub(10) " fcode="sub"/>
<opset="tmp11/1 "/>
</bind>
</comp>

<comp id="936" class="1004" name="tmp11_cast_fu_936">
<pin_list>
<pin id="937" dir="0" index="0" bw="4" slack="0"/>
<pin id="938" dir="1" index="1" bw="5" slack="0"/>
</pin_list>
<bind>
<opcode="sext(35) " fcode="sext"/>
<opset="tmp11_cast/1 "/>
</bind>
</comp>

<comp id="940" class="1004" name="tmp10_fu_940">
<pin_list>
<pin id="941" dir="0" index="0" bw="4" slack="0"/>
<pin id="942" dir="0" index="1" bw="4" slack="0"/>
<pin id="943" dir="1" index="2" bw="5" slack="0"/>
</pin_list>
<bind>
<opcode="add(8) " fcode="add"/>
<opset="tmp10/1 "/>
</bind>
</comp>

<comp id="946" class="1004" name="tmp13_fu_946">
<pin_list>
<pin id="947" dir="0" index="0" bw="2" slack="0"/>
<pin id="948" dir="0" index="1" bw="2" slack="0"/>
<pin id="949" dir="1" index="2" bw="3" slack="0"/>
</pin_list>
<bind>
<opcode="add(8) " fcode="add"/>
<opset="tmp13/1 "/>
</bind>
</comp>

<comp id="952" class="1004" name="tmp13_cast_fu_952">
<pin_list>
<pin id="953" dir="0" index="0" bw="3" slack="0"/>
<pin id="954" dir="1" index="1" bw="4" slack="0"/>
</pin_list>
<bind>
<opcode="zext(34) " fcode="zext"/>
<opset="tmp13_cast/1 "/>
</bind>
</comp>

<comp id="956" class="1004" name="tmp12_fu_956">
<pin_list>
<pin id="957" dir="0" index="0" bw="3" slack="0"/>
<pin id="958" dir="0" index="1" bw="2" slack="0"/>
<pin id="959" dir="1" index="2" bw="4" slack="0"/>
</pin_list>
<bind>
<opcode="add(8) " fcode="add"/>
<opset="tmp12/1 "/>
</bind>
</comp>

<comp id="962" class="1004" name="tmp12_cast_fu_962">
<pin_list>
<pin id="963" dir="0" index="0" bw="4" slack="0"/>
<pin id="964" dir="1" index="1" bw="5" slack="0"/>
</pin_list>
<bind>
<opcode="zext(34) " fcode="zext"/>
<opset="tmp12_cast/1 "/>
</bind>
</comp>

<comp id="966" class="1004" name="empty_229_fu_966">
<pin_list>
<pin id="967" dir="0" index="0" bw="4" slack="0"/>
<pin id="968" dir="0" index="1" bw="5" slack="0"/>
<pin id="969" dir="1" index="2" bw="5" slack="0"/>
</pin_list>
<bind>
<opcode="add(8) " fcode="add"/>
<opset="empty_229/1 "/>
</bind>
</comp>

<comp id="972" class="1004" name="p_cast8_fu_972">
<pin_list>
<pin id="973" dir="0" index="0" bw="5" slack="0"/>
<pin id="974" dir="1" index="1" bw="6" slack="0"/>
</pin_list>
<bind>
<opcode="sext(35) " fcode="sext"/>
<opset="p_cast8/1 "/>
</bind>
</comp>

<comp id="976" class="1004" name="tmp505_fu_976">
<pin_list>
<pin id="977" dir="0" index="0" bw="5" slack="0"/>
<pin id="978" dir="0" index="1" bw="4" slack="0"/>
<pin id="979" dir="1" index="2" bw="6" slack="0"/>
</pin_list>
<bind>
<opcode="add(8) " fcode="add"/>
<opset="tmp505/1 "/>
</bind>
</comp>

<comp id="982" class="1004" name="tmp_46_fu_982">
<pin_list>
<pin id="983" dir="0" index="0" bw="13" slack="0"/>
<pin id="984" dir="0" index="1" bw="6" slack="0"/>
<pin id="985" dir="0" index="2" bw="1" slack="0"/>
<pin id="986" dir="1" index="3" bw="13" slack="0"/>
</pin_list>
<bind>
<opcode="bitconcatenate(1004) " fcode="bitconcatenate"/>
<opset="tmp_46/1 "/>
</bind>
</comp>

<comp id="990" class="1004" name="sext_ln58_122_fu_990">
<pin_list>
<pin id="991" dir="0" index="0" bw="13" slack="0"/>
<pin id="992" dir="1" index="1" bw="14" slack="0"/>
</pin_list>
<bind>
<opcode="sext(35) " fcode="sext"/>
<opset="sext_ln58_122/1 "/>
</bind>
</comp>

<comp id="994" class="1004" name="x_58_fu_994">
<pin_list>
<pin id="995" dir="0" index="0" bw="13" slack="0"/>
<pin id="996" dir="0" index="1" bw="11" slack="0"/>
<pin id="997" dir="1" index="2" bw="14" slack="0"/>
</pin_list>
<bind>
<opcode="add(8) " fcode="add"/>
<opset="x_58/1 "/>
</bind>
</comp>

<comp id="1000" class="1004" name="tmp_922_fu_1000">
<pin_list>
<pin id="1001" dir="0" index="0" bw="6" slack="0"/>
<pin id="1002" dir="0" index="1" bw="13" slack="0"/>
<pin id="1003" dir="0" index="2" bw="4" slack="0"/>
<pin id="1004" dir="0" index="3" bw="5" slack="0"/>
<pin id="1005" dir="1" index="4" bw="6" slack="0"/>
</pin_list>
<bind>
<opcode="partselect(1002) " fcode="partselect"/>
<opset="tmp_922/1 "/>
</bind>
</comp>

<comp id="1010" class="1004" name="sext_ln111_fu_1010">
<pin_list>
<pin id="1011" dir="0" index="0" bw="6" slack="0"/>
<pin id="1012" dir="1" index="1" bw="10" slack="0"/>
</pin_list>
<bind>
<opcode="sext(35) " fcode="sext"/>
<opset="sext_ln111/1 "/>
</bind>
</comp>

<comp id="1014" class="1004" name="tmp_923_fu_1014">
<pin_list>
<pin id="1015" dir="0" index="0" bw="5" slack="0"/>
<pin id="1016" dir="0" index="1" bw="12" slack="0"/>
<pin id="1017" dir="0" index="2" bw="4" slack="0"/>
<pin id="1018" dir="0" index="3" bw="5" slack="0"/>
<pin id="1019" dir="1" index="4" bw="5" slack="0"/>
</pin_list>
<bind>
<opcode="partselect(1002) " fcode="partselect"/>
<opset="tmp_923/1 "/>
</bind>
</comp>

<comp id="1024" class="1004" name="sext_ln111_49_fu_1024">
<pin_list>
<pin id="1025" dir="0" index="0" bw="5" slack="0"/>
<pin id="1026" dir="1" index="1" bw="10" slack="0"/>
</pin_list>
<bind>
<opcode="sext(35) " fcode="sext"/>
<opset="sext_ln111_49/1 "/>
</bind>
</comp>

<comp id="1028" class="1004" name="tmp_924_fu_1028">
<pin_list>
<pin id="1029" dir="0" index="0" bw="7" slack="0"/>
<pin id="1030" dir="0" index="1" bw="14" slack="0"/>
<pin id="1031" dir="0" index="2" bw="4" slack="0"/>
<pin id="1032" dir="0" index="3" bw="5" slack="0"/>
<pin id="1033" dir="1" index="4" bw="7" slack="0"/>
</pin_list>
<bind>
<opcode="partselect(1002) " fcode="partselect"/>
<opset="tmp_924/1 "/>
</bind>
</comp>

<comp id="1038" class="1004" name="sext_ln111_50_fu_1038">
<pin_list>
<pin id="1039" dir="0" index="0" bw="7" slack="0"/>
<pin id="1040" dir="1" index="1" bw="10" slack="0"/>
</pin_list>
<bind>
<opcode="sext(35) " fcode="sext"/>
<opset="sext_ln111_50/1 "/>
</bind>
</comp>

<comp id="1042" class="1004" name="tmp_925_fu_1042">
<pin_list>
<pin id="1043" dir="0" index="0" bw="7" slack="0"/>
<pin id="1044" dir="0" index="1" bw="14" slack="0"/>
<pin id="1045" dir="0" index="2" bw="4" slack="0"/>
<pin id="1046" dir="0" index="3" bw="5" slack="0"/>
<pin id="1047" dir="1" index="4" bw="7" slack="0"/>
</pin_list>
<bind>
<opcode="partselect(1002) " fcode="partselect"/>
<opset="tmp_925/1 "/>
</bind>
</comp>

<comp id="1052" class="1004" name="sext_ln111_51_fu_1052">
<pin_list>
<pin id="1053" dir="0" index="0" bw="7" slack="0"/>
<pin id="1054" dir="1" index="1" bw="10" slack="0"/>
</pin_list>
<bind>
<opcode="sext(35) " fcode="sext"/>
<opset="sext_ln111_51/1 "/>
</bind>
</comp>

<comp id="1056" class="1004" name="tmp_926_fu_1056">
<pin_list>
<pin id="1057" dir="0" index="0" bw="7" slack="0"/>
<pin id="1058" dir="0" index="1" bw="14" slack="0"/>
<pin id="1059" dir="0" index="2" bw="4" slack="0"/>
<pin id="1060" dir="0" index="3" bw="5" slack="0"/>
<pin id="1061" dir="1" index="4" bw="7" slack="0"/>
</pin_list>
<bind>
<opcode="partselect(1002) " fcode="partselect"/>
<opset="tmp_926/1 "/>
</bind>
</comp>

<comp id="1066" class="1004" name="sext_ln111_52_fu_1066">
<pin_list>
<pin id="1067" dir="0" index="0" bw="7" slack="0"/>
<pin id="1068" dir="1" index="1" bw="10" slack="0"/>
</pin_list>
<bind>
<opcode="sext(35) " fcode="sext"/>
<opset="sext_ln111_52/1 "/>
</bind>
</comp>

<comp id="1070" class="1004" name="mrv_fu_1070">
<pin_list>
<pin id="1071" dir="0" index="0" bw="50" slack="0"/>
<pin id="1072" dir="0" index="1" bw="6" slack="0"/>
<pin id="1073" dir="1" index="2" bw="50" slack="0"/>
</pin_list>
<bind>
<opcode="insertvalue(57) " fcode="insertvalue"/>
<opset="mrv/1 "/>
</bind>
</comp>

<comp id="1076" class="1004" name="mrv_1_fu_1076">
<pin_list>
<pin id="1077" dir="0" index="0" bw="50" slack="0"/>
<pin id="1078" dir="0" index="1" bw="5" slack="0"/>
<pin id="1079" dir="1" index="2" bw="50" slack="0"/>
</pin_list>
<bind>
<opcode="insertvalue(57) " fcode="insertvalue"/>
<opset="mrv_1/1 "/>
</bind>
</comp>

<comp id="1082" class="1004" name="mrv_2_fu_1082">
<pin_list>
<pin id="1083" dir="0" index="0" bw="50" slack="0"/>
<pin id="1084" dir="0" index="1" bw="7" slack="0"/>
<pin id="1085" dir="1" index="2" bw="50" slack="0"/>
</pin_list>
<bind>
<opcode="insertvalue(57) " fcode="insertvalue"/>
<opset="mrv_2/1 "/>
</bind>
</comp>

<comp id="1088" class="1004" name="mrv_3_fu_1088">
<pin_list>
<pin id="1089" dir="0" index="0" bw="50" slack="0"/>
<pin id="1090" dir="0" index="1" bw="7" slack="0"/>
<pin id="1091" dir="1" index="2" bw="50" slack="0"/>
</pin_list>
<bind>
<opcode="insertvalue(57) " fcode="insertvalue"/>
<opset="mrv_3/1 "/>
</bind>
</comp>

<comp id="1094" class="1004" name="mrv_4_fu_1094">
<pin_list>
<pin id="1095" dir="0" index="0" bw="50" slack="0"/>
<pin id="1096" dir="0" index="1" bw="7" slack="0"/>
<pin id="1097" dir="1" index="2" bw="50" slack="2147483647"/>
</pin_list>
<bind>
<opcode="insertvalue(57) " fcode="insertvalue"/>
<opset="mrv_4/1 "/>
</bind>
</comp>

</comp_list>

<net_list>
<net id="110"><net_src comp="68" pin="0"/><net_sink comp="106" pin=0"/></net>

<net id="111"><net_src comp="50" pin="0"/><net_sink comp="106" pin=1"/></net>

<net id="116"><net_src comp="68" pin="0"/><net_sink comp="112" pin=0"/></net>

<net id="117"><net_src comp="48" pin="0"/><net_sink comp="112" pin=1"/></net>

<net id="122"><net_src comp="68" pin="0"/><net_sink comp="118" pin=0"/></net>

<net id="123"><net_src comp="46" pin="0"/><net_sink comp="118" pin=1"/></net>

<net id="128"><net_src comp="68" pin="0"/><net_sink comp="124" pin=0"/></net>

<net id="129"><net_src comp="44" pin="0"/><net_sink comp="124" pin=1"/></net>

<net id="134"><net_src comp="68" pin="0"/><net_sink comp="130" pin=0"/></net>

<net id="135"><net_src comp="42" pin="0"/><net_sink comp="130" pin=1"/></net>

<net id="140"><net_src comp="68" pin="0"/><net_sink comp="136" pin=0"/></net>

<net id="141"><net_src comp="40" pin="0"/><net_sink comp="136" pin=1"/></net>

<net id="146"><net_src comp="68" pin="0"/><net_sink comp="142" pin=0"/></net>

<net id="147"><net_src comp="38" pin="0"/><net_sink comp="142" pin=1"/></net>

<net id="152"><net_src comp="68" pin="0"/><net_sink comp="148" pin=0"/></net>

<net id="153"><net_src comp="36" pin="0"/><net_sink comp="148" pin=1"/></net>

<net id="158"><net_src comp="68" pin="0"/><net_sink comp="154" pin=0"/></net>

<net id="159"><net_src comp="34" pin="0"/><net_sink comp="154" pin=1"/></net>

<net id="164"><net_src comp="68" pin="0"/><net_sink comp="160" pin=0"/></net>

<net id="165"><net_src comp="32" pin="0"/><net_sink comp="160" pin=1"/></net>

<net id="170"><net_src comp="68" pin="0"/><net_sink comp="166" pin=0"/></net>

<net id="171"><net_src comp="30" pin="0"/><net_sink comp="166" pin=1"/></net>

<net id="176"><net_src comp="68" pin="0"/><net_sink comp="172" pin=0"/></net>

<net id="177"><net_src comp="28" pin="0"/><net_sink comp="172" pin=1"/></net>

<net id="182"><net_src comp="68" pin="0"/><net_sink comp="178" pin=0"/></net>

<net id="183"><net_src comp="26" pin="0"/><net_sink comp="178" pin=1"/></net>

<net id="188"><net_src comp="68" pin="0"/><net_sink comp="184" pin=0"/></net>

<net id="189"><net_src comp="24" pin="0"/><net_sink comp="184" pin=1"/></net>

<net id="194"><net_src comp="68" pin="0"/><net_sink comp="190" pin=0"/></net>

<net id="195"><net_src comp="22" pin="0"/><net_sink comp="190" pin=1"/></net>

<net id="200"><net_src comp="68" pin="0"/><net_sink comp="196" pin=0"/></net>

<net id="201"><net_src comp="20" pin="0"/><net_sink comp="196" pin=1"/></net>

<net id="206"><net_src comp="68" pin="0"/><net_sink comp="202" pin=0"/></net>

<net id="207"><net_src comp="18" pin="0"/><net_sink comp="202" pin=1"/></net>

<net id="212"><net_src comp="68" pin="0"/><net_sink comp="208" pin=0"/></net>

<net id="213"><net_src comp="16" pin="0"/><net_sink comp="208" pin=1"/></net>

<net id="218"><net_src comp="68" pin="0"/><net_sink comp="214" pin=0"/></net>

<net id="219"><net_src comp="14" pin="0"/><net_sink comp="214" pin=1"/></net>

<net id="224"><net_src comp="68" pin="0"/><net_sink comp="220" pin=0"/></net>

<net id="225"><net_src comp="12" pin="0"/><net_sink comp="220" pin=1"/></net>

<net id="230"><net_src comp="68" pin="0"/><net_sink comp="226" pin=0"/></net>

<net id="231"><net_src comp="10" pin="0"/><net_sink comp="226" pin=1"/></net>

<net id="236"><net_src comp="68" pin="0"/><net_sink comp="232" pin=0"/></net>

<net id="237"><net_src comp="8" pin="0"/><net_sink comp="232" pin=1"/></net>

<net id="242"><net_src comp="68" pin="0"/><net_sink comp="238" pin=0"/></net>

<net id="243"><net_src comp="6" pin="0"/><net_sink comp="238" pin=1"/></net>

<net id="248"><net_src comp="68" pin="0"/><net_sink comp="244" pin=0"/></net>

<net id="249"><net_src comp="4" pin="0"/><net_sink comp="244" pin=1"/></net>

<net id="254"><net_src comp="68" pin="0"/><net_sink comp="250" pin=0"/></net>

<net id="255"><net_src comp="2" pin="0"/><net_sink comp="250" pin=1"/></net>

<net id="260"><net_src comp="68" pin="0"/><net_sink comp="256" pin=0"/></net>

<net id="261"><net_src comp="0" pin="0"/><net_sink comp="256" pin=1"/></net>

<net id="267"><net_src comp="70" pin="0"/><net_sink comp="262" pin=0"/></net>

<net id="268"><net_src comp="250" pin="2"/><net_sink comp="262" pin=1"/></net>

<net id="269"><net_src comp="72" pin="0"/><net_sink comp="262" pin=2"/></net>

<net id="273"><net_src comp="262" pin="3"/><net_sink comp="270" pin=0"/></net>

<net id="279"><net_src comp="74" pin="0"/><net_sink comp="274" pin=0"/></net>

<net id="280"><net_src comp="238" pin="2"/><net_sink comp="274" pin=1"/></net>

<net id="281"><net_src comp="76" pin="0"/><net_sink comp="274" pin=2"/></net>

<net id="285"><net_src comp="274" pin="3"/><net_sink comp="282" pin=0"/></net>

<net id="291"><net_src comp="74" pin="0"/><net_sink comp="286" pin=0"/></net>

<net id="292"><net_src comp="232" pin="2"/><net_sink comp="286" pin=1"/></net>

<net id="293"><net_src comp="76" pin="0"/><net_sink comp="286" pin=2"/></net>

<net id="297"><net_src comp="286" pin="3"/><net_sink comp="294" pin=0"/></net>

<net id="303"><net_src comp="74" pin="0"/><net_sink comp="298" pin=0"/></net>

<net id="304"><net_src comp="226" pin="2"/><net_sink comp="298" pin=1"/></net>

<net id="305"><net_src comp="76" pin="0"/><net_sink comp="298" pin=2"/></net>

<net id="309"><net_src comp="298" pin="3"/><net_sink comp="306" pin=0"/></net>

<net id="314"><net_src comp="78" pin="0"/><net_sink comp="310" pin=0"/></net>

<net id="315"><net_src comp="306" pin="1"/><net_sink comp="310" pin=1"/></net>

<net id="321"><net_src comp="80" pin="0"/><net_sink comp="316" pin=0"/></net>

<net id="322"><net_src comp="310" pin="2"/><net_sink comp="316" pin=1"/></net>

<net id="323"><net_src comp="72" pin="0"/><net_sink comp="316" pin=2"/></net>

<net id="327"><net_src comp="316" pin="3"/><net_sink comp="324" pin=0"/></net>

<net id="333"><net_src comp="74" pin="0"/><net_sink comp="328" pin=0"/></net>

<net id="334"><net_src comp="220" pin="2"/><net_sink comp="328" pin=1"/></net>

<net id="335"><net_src comp="76" pin="0"/><net_sink comp="328" pin=2"/></net>

<net id="339"><net_src comp="328" pin="3"/><net_sink comp="336" pin=0"/></net>

<net id="344"><net_src comp="78" pin="0"/><net_sink comp="340" pin=0"/></net>

<net id="345"><net_src comp="336" pin="1"/><net_sink comp="340" pin=1"/></net>

<net id="351"><net_src comp="74" pin="0"/><net_sink comp="346" pin=0"/></net>

<net id="352"><net_src comp="202" pin="2"/><net_sink comp="346" pin=1"/></net>

<net id="353"><net_src comp="76" pin="0"/><net_sink comp="346" pin=2"/></net>

<net id="357"><net_src comp="346" pin="3"/><net_sink comp="354" pin=0"/></net>

<net id="361"><net_src comp="196" pin="2"/><net_sink comp="358" pin=0"/></net>

<net id="367"><net_src comp="74" pin="0"/><net_sink comp="362" pin=0"/></net>

<net id="368"><net_src comp="196" pin="2"/><net_sink comp="362" pin=1"/></net>

<net id="369"><net_src comp="76" pin="0"/><net_sink comp="362" pin=2"/></net>

<net id="373"><net_src comp="362" pin="3"/><net_sink comp="370" pin=0"/></net>

<net id="379"><net_src comp="74" pin="0"/><net_sink comp="374" pin=0"/></net>

<net id="380"><net_src comp="184" pin="2"/><net_sink comp="374" pin=1"/></net>

<net id="381"><net_src comp="76" pin="0"/><net_sink comp="374" pin=2"/></net>

<net id="385"><net_src comp="374" pin="3"/><net_sink comp="382" pin=0"/></net>

<net id="389"><net_src comp="172" pin="2"/><net_sink comp="386" pin=0"/></net>

<net id="395"><net_src comp="74" pin="0"/><net_sink comp="390" pin=0"/></net>

<net id="396"><net_src comp="172" pin="2"/><net_sink comp="390" pin=1"/></net>

<net id="397"><net_src comp="76" pin="0"/><net_sink comp="390" pin=2"/></net>

<net id="401"><net_src comp="390" pin="3"/><net_sink comp="398" pin=0"/></net>

<net id="406"><net_src comp="78" pin="0"/><net_sink comp="402" pin=0"/></net>

<net id="407"><net_src comp="398" pin="1"/><net_sink comp="402" pin=1"/></net>

<net id="411"><net_src comp="154" pin="2"/><net_sink comp="408" pin=0"/></net>

<net id="417"><net_src comp="74" pin="0"/><net_sink comp="412" pin=0"/></net>

<net id="418"><net_src comp="154" pin="2"/><net_sink comp="412" pin=1"/></net>

<net id="419"><net_src comp="76" pin="0"/><net_sink comp="412" pin=2"/></net>

<net id="423"><net_src comp="412" pin="3"/><net_sink comp="420" pin=0"/></net>

<net id="428"><net_src comp="78" pin="0"/><net_sink comp="424" pin=0"/></net>

<net id="429"><net_src comp="420" pin="1"/><net_sink comp="424" pin=1"/></net>

<net id="435"><net_src comp="74" pin="0"/><net_sink comp="430" pin=0"/></net>

<net id="436"><net_src comp="142" pin="2"/><net_sink comp="430" pin=1"/></net>

<net id="437"><net_src comp="76" pin="0"/><net_sink comp="430" pin=2"/></net>

<net id="441"><net_src comp="430" pin="3"/><net_sink comp="438" pin=0"/></net>

<net id="446"><net_src comp="78" pin="0"/><net_sink comp="442" pin=0"/></net>

<net id="447"><net_src comp="438" pin="1"/><net_sink comp="442" pin=1"/></net>

<net id="453"><net_src comp="80" pin="0"/><net_sink comp="448" pin=0"/></net>

<net id="454"><net_src comp="442" pin="2"/><net_sink comp="448" pin=1"/></net>

<net id="455"><net_src comp="72" pin="0"/><net_sink comp="448" pin=2"/></net>

<net id="459"><net_src comp="448" pin="3"/><net_sink comp="456" pin=0"/></net>

<net id="463"><net_src comp="130" pin="2"/><net_sink comp="460" pin=0"/></net>

<net id="469"><net_src comp="74" pin="0"/><net_sink comp="464" pin=0"/></net>

<net id="470"><net_src comp="130" pin="2"/><net_sink comp="464" pin=1"/></net>

<net id="471"><net_src comp="76" pin="0"/><net_sink comp="464" pin=2"/></net>

<net id="475"><net_src comp="464" pin="3"/><net_sink comp="472" pin=0"/></net>

<net id="480"><net_src comp="78" pin="0"/><net_sink comp="476" pin=0"/></net>

<net id="481"><net_src comp="472" pin="1"/><net_sink comp="476" pin=1"/></net>

<net id="487"><net_src comp="74" pin="0"/><net_sink comp="482" pin=0"/></net>

<net id="488"><net_src comp="118" pin="2"/><net_sink comp="482" pin=1"/></net>

<net id="489"><net_src comp="76" pin="0"/><net_sink comp="482" pin=2"/></net>

<net id="493"><net_src comp="482" pin="3"/><net_sink comp="490" pin=0"/></net>

<net id="498"><net_src comp="78" pin="0"/><net_sink comp="494" pin=0"/></net>

<net id="499"><net_src comp="490" pin="1"/><net_sink comp="494" pin=1"/></net>

<net id="505"><net_src comp="80" pin="0"/><net_sink comp="500" pin=0"/></net>

<net id="506"><net_src comp="494" pin="2"/><net_sink comp="500" pin=1"/></net>

<net id="507"><net_src comp="72" pin="0"/><net_sink comp="500" pin=2"/></net>

<net id="513"><net_src comp="74" pin="0"/><net_sink comp="508" pin=0"/></net>

<net id="514"><net_src comp="112" pin="2"/><net_sink comp="508" pin=1"/></net>

<net id="515"><net_src comp="76" pin="0"/><net_sink comp="508" pin=2"/></net>

<net id="519"><net_src comp="508" pin="3"/><net_sink comp="516" pin=0"/></net>

<net id="524"><net_src comp="78" pin="0"/><net_sink comp="520" pin=0"/></net>

<net id="525"><net_src comp="516" pin="1"/><net_sink comp="520" pin=1"/></net>

<net id="531"><net_src comp="74" pin="0"/><net_sink comp="526" pin=0"/></net>

<net id="532"><net_src comp="106" pin="2"/><net_sink comp="526" pin=1"/></net>

<net id="533"><net_src comp="76" pin="0"/><net_sink comp="526" pin=2"/></net>

<net id="537"><net_src comp="526" pin="3"/><net_sink comp="534" pin=0"/></net>

<net id="542"><net_src comp="78" pin="0"/><net_sink comp="538" pin=0"/></net>

<net id="543"><net_src comp="534" pin="1"/><net_sink comp="538" pin=1"/></net>

<net id="547"><net_src comp="244" pin="2"/><net_sink comp="544" pin=0"/></net>

<net id="551"><net_src comp="232" pin="2"/><net_sink comp="548" pin=0"/></net>

<net id="555"><net_src comp="214" pin="2"/><net_sink comp="552" pin=0"/></net>

<net id="560"><net_src comp="548" pin="1"/><net_sink comp="556" pin=0"/></net>

<net id="561"><net_src comp="544" pin="1"/><net_sink comp="556" pin=1"/></net>

<net id="565"><net_src comp="556" pin="2"/><net_sink comp="562" pin=0"/></net>

<net id="569"><net_src comp="208" pin="2"/><net_sink comp="566" pin=0"/></net>

<net id="574"><net_src comp="552" pin="1"/><net_sink comp="570" pin=0"/></net>

<net id="575"><net_src comp="566" pin="1"/><net_sink comp="570" pin=1"/></net>

<net id="579"><net_src comp="570" pin="2"/><net_sink comp="576" pin=0"/></net>

<net id="584"><net_src comp="576" pin="1"/><net_sink comp="580" pin=0"/></net>

<net id="585"><net_src comp="562" pin="1"/><net_sink comp="580" pin=1"/></net>

<net id="589"><net_src comp="580" pin="2"/><net_sink comp="586" pin=0"/></net>

<net id="593"><net_src comp="136" pin="2"/><net_sink comp="590" pin=0"/></net>

<net id="598"><net_src comp="590" pin="1"/><net_sink comp="594" pin=0"/></net>

<net id="599"><net_src comp="370" pin="1"/><net_sink comp="594" pin=1"/></net>

<net id="603"><net_src comp="594" pin="2"/><net_sink comp="600" pin=0"/></net>

<net id="608"><net_src comp="600" pin="1"/><net_sink comp="604" pin=0"/></net>

<net id="609"><net_src comp="586" pin="1"/><net_sink comp="604" pin=1"/></net>

<net id="615"><net_src comp="82" pin="0"/><net_sink comp="610" pin=0"/></net>

<net id="616"><net_src comp="604" pin="2"/><net_sink comp="610" pin=1"/></net>

<net id="617"><net_src comp="72" pin="0"/><net_sink comp="610" pin=2"/></net>

<net id="621"><net_src comp="610" pin="3"/><net_sink comp="618" pin=0"/></net>

<net id="626"><net_src comp="456" pin="1"/><net_sink comp="622" pin=0"/></net>

<net id="627"><net_src comp="324" pin="1"/><net_sink comp="622" pin=1"/></net>

<net id="631"><net_src comp="622" pin="2"/><net_sink comp="628" pin=0"/></net>

<net id="636"><net_src comp="618" pin="1"/><net_sink comp="632" pin=0"/></net>

<net id="637"><net_src comp="628" pin="1"/><net_sink comp="632" pin=1"/></net>

<net id="642"><net_src comp="358" pin="1"/><net_sink comp="638" pin=0"/></net>

<net id="643"><net_src comp="460" pin="1"/><net_sink comp="638" pin=1"/></net>

<net id="647"><net_src comp="638" pin="2"/><net_sink comp="644" pin=0"/></net>

<net id="652"><net_src comp="644" pin="1"/><net_sink comp="648" pin=0"/></net>

<net id="653"><net_src comp="354" pin="1"/><net_sink comp="648" pin=1"/></net>

<net id="659"><net_src comp="80" pin="0"/><net_sink comp="654" pin=0"/></net>

<net id="660"><net_src comp="648" pin="2"/><net_sink comp="654" pin=1"/></net>

<net id="661"><net_src comp="72" pin="0"/><net_sink comp="654" pin=2"/></net>

<net id="665"><net_src comp="654" pin="3"/><net_sink comp="662" pin=0"/></net>

<net id="670"><net_src comp="448" pin="3"/><net_sink comp="666" pin=0"/></net>

<net id="671"><net_src comp="84" pin="0"/><net_sink comp="666" pin=1"/></net>

<net id="676"><net_src comp="666" pin="2"/><net_sink comp="672" pin=0"/></net>

<net id="677"><net_src comp="316" pin="3"/><net_sink comp="672" pin=1"/></net>

<net id="681"><net_src comp="672" pin="2"/><net_sink comp="678" pin=0"/></net>

<net id="686"><net_src comp="662" pin="1"/><net_sink comp="682" pin=0"/></net>

<net id="687"><net_src comp="678" pin="1"/><net_sink comp="682" pin=1"/></net>

<net id="691"><net_src comp="256" pin="2"/><net_sink comp="688" pin=0"/></net>

<net id="695"><net_src comp="226" pin="2"/><net_sink comp="692" pin=0"/></net>

<net id="700"><net_src comp="692" pin="1"/><net_sink comp="696" pin=0"/></net>

<net id="701"><net_src comp="688" pin="1"/><net_sink comp="696" pin=1"/></net>

<net id="705"><net_src comp="696" pin="2"/><net_sink comp="702" pin=0"/></net>

<net id="709"><net_src comp="178" pin="2"/><net_sink comp="706" pin=0"/></net>

<net id="714"><net_src comp="702" pin="1"/><net_sink comp="710" pin=0"/></net>

<net id="715"><net_src comp="294" pin="1"/><net_sink comp="710" pin=1"/></net>

<net id="719"><net_src comp="710" pin="2"/><net_sink comp="716" pin=0"/></net>

<net id="723"><net_src comp="402" pin="2"/><net_sink comp="720" pin=0"/></net>

<net id="727"><net_src comp="148" pin="2"/><net_sink comp="724" pin=0"/></net>

<net id="731"><net_src comp="424" pin="2"/><net_sink comp="728" pin=0"/></net>

<net id="736"><net_src comp="716" pin="1"/><net_sink comp="732" pin=0"/></net>

<net id="737"><net_src comp="720" pin="1"/><net_sink comp="732" pin=1"/></net>

<net id="742"><net_src comp="706" pin="1"/><net_sink comp="738" pin=0"/></net>

<net id="743"><net_src comp="724" pin="1"/><net_sink comp="738" pin=1"/></net>

<net id="747"><net_src comp="738" pin="2"/><net_sink comp="744" pin=0"/></net>

<net id="752"><net_src comp="744" pin="1"/><net_sink comp="748" pin=0"/></net>

<net id="753"><net_src comp="732" pin="2"/><net_sink comp="748" pin=1"/></net>

<net id="757"><net_src comp="748" pin="2"/><net_sink comp="754" pin=0"/></net>

<net id="761"><net_src comp="520" pin="2"/><net_sink comp="758" pin=0"/></net>

<net id="766"><net_src comp="728" pin="1"/><net_sink comp="762" pin=0"/></net>

<net id="767"><net_src comp="758" pin="1"/><net_sink comp="762" pin=1"/></net>

<net id="771"><net_src comp="762" pin="2"/><net_sink comp="768" pin=0"/></net>

<net id="776"><net_src comp="768" pin="1"/><net_sink comp="772" pin=0"/></net>

<net id="777"><net_src comp="754" pin="1"/><net_sink comp="772" pin=1"/></net>

<net id="783"><net_src comp="86" pin="0"/><net_sink comp="778" pin=0"/></net>

<net id="784"><net_src comp="772" pin="2"/><net_sink comp="778" pin=1"/></net>

<net id="785"><net_src comp="72" pin="0"/><net_sink comp="778" pin=2"/></net>

<net id="789"><net_src comp="778" pin="3"/><net_sink comp="786" pin=0"/></net>

<net id="794"><net_src comp="500" pin="3"/><net_sink comp="790" pin=0"/></net>

<net id="795"><net_src comp="270" pin="1"/><net_sink comp="790" pin=1"/></net>

<net id="799"><net_src comp="790" pin="2"/><net_sink comp="796" pin=0"/></net>

<net id="804"><net_src comp="786" pin="1"/><net_sink comp="800" pin=0"/></net>

<net id="805"><net_src comp="796" pin="1"/><net_sink comp="800" pin=1"/></net>

<net id="809"><net_src comp="238" pin="2"/><net_sink comp="806" pin=0"/></net>

<net id="813"><net_src comp="220" pin="2"/><net_sink comp="810" pin=0"/></net>

<net id="817"><net_src comp="190" pin="2"/><net_sink comp="814" pin=0"/></net>

<net id="822"><net_src comp="810" pin="1"/><net_sink comp="818" pin=0"/></net>

<net id="823"><net_src comp="806" pin="1"/><net_sink comp="818" pin=1"/></net>

<net id="827"><net_src comp="818" pin="2"/><net_sink comp="824" pin=0"/></net>

<net id="832"><net_src comp="824" pin="1"/><net_sink comp="828" pin=0"/></net>

<net id="833"><net_src comp="814" pin="1"/><net_sink comp="828" pin=1"/></net>

<net id="837"><net_src comp="828" pin="2"/><net_sink comp="834" pin=0"/></net>

<net id="841"><net_src comp="166" pin="2"/><net_sink comp="838" pin=0"/></net>

<net id="845"><net_src comp="160" pin="2"/><net_sink comp="842" pin=0"/></net>

<net id="849"><net_src comp="476" pin="2"/><net_sink comp="846" pin=0"/></net>

<net id="853"><net_src comp="106" pin="2"/><net_sink comp="850" pin=0"/></net>

<net id="858"><net_src comp="846" pin="1"/><net_sink comp="854" pin=0"/></net>

<net id="859"><net_src comp="834" pin="1"/><net_sink comp="854" pin=1"/></net>

<net id="864"><net_src comp="838" pin="1"/><net_sink comp="860" pin=0"/></net>

<net id="865"><net_src comp="842" pin="1"/><net_sink comp="860" pin=1"/></net>

<net id="869"><net_src comp="860" pin="2"/><net_sink comp="866" pin=0"/></net>

<net id="874"><net_src comp="866" pin="1"/><net_sink comp="870" pin=0"/></net>

<net id="875"><net_src comp="382" pin="1"/><net_sink comp="870" pin=1"/></net>

<net id="879"><net_src comp="870" pin="2"/><net_sink comp="876" pin=0"/></net>

<net id="884"><net_src comp="876" pin="1"/><net_sink comp="880" pin=0"/></net>

<net id="885"><net_src comp="854" pin="2"/><net_sink comp="880" pin=1"/></net>

<net id="889"><net_src comp="880" pin="2"/><net_sink comp="886" pin=0"/></net>

<net id="894"><net_src comp="886" pin="1"/><net_sink comp="890" pin=0"/></net>

<net id="895"><net_src comp="850" pin="1"/><net_sink comp="890" pin=1"/></net>

<net id="901"><net_src comp="86" pin="0"/><net_sink comp="896" pin=0"/></net>

<net id="902"><net_src comp="890" pin="2"/><net_sink comp="896" pin=1"/></net>

<net id="903"><net_src comp="72" pin="0"/><net_sink comp="896" pin=2"/></net>

<net id="907"><net_src comp="896" pin="3"/><net_sink comp="904" pin=0"/></net>

<net id="912"><net_src comp="904" pin="1"/><net_sink comp="908" pin=0"/></net>

<net id="913"><net_src comp="88" pin="0"/><net_sink comp="908" pin=1"/></net>

<net id="917"><net_src comp="340" pin="2"/><net_sink comp="914" pin=0"/></net>

<net id="921"><net_src comp="124" pin="2"/><net_sink comp="918" pin=0"/></net>

<net id="925"><net_src comp="112" pin="2"/><net_sink comp="922" pin=0"/></net>

<net id="929"><net_src comp="538" pin="2"/><net_sink comp="926" pin=0"/></net>

<net id="934"><net_src comp="386" pin="1"/><net_sink comp="930" pin=0"/></net>

<net id="935"><net_src comp="282" pin="1"/><net_sink comp="930" pin=1"/></net>

<net id="939"><net_src comp="930" pin="2"/><net_sink comp="936" pin=0"/></net>

<net id="944"><net_src comp="936" pin="1"/><net_sink comp="940" pin=0"/></net>

<net id="945"><net_src comp="914" pin="1"/><net_sink comp="940" pin=1"/></net>

<net id="950"><net_src comp="918" pin="1"/><net_sink comp="946" pin=0"/></net>

<net id="951"><net_src comp="922" pin="1"/><net_sink comp="946" pin=1"/></net>

<net id="955"><net_src comp="946" pin="2"/><net_sink comp="952" pin=0"/></net>

<net id="960"><net_src comp="952" pin="1"/><net_sink comp="956" pin=0"/></net>

<net id="961"><net_src comp="408" pin="1"/><net_sink comp="956" pin=1"/></net>

<net id="965"><net_src comp="956" pin="2"/><net_sink comp="962" pin=0"/></net>

<net id="970"><net_src comp="962" pin="1"/><net_sink comp="966" pin=0"/></net>

<net id="971"><net_src comp="940" pin="2"/><net_sink comp="966" pin=1"/></net>

<net id="975"><net_src comp="966" pin="2"/><net_sink comp="972" pin=0"/></net>

<net id="980"><net_src comp="972" pin="1"/><net_sink comp="976" pin=0"/></net>

<net id="981"><net_src comp="926" pin="1"/><net_sink comp="976" pin=1"/></net>

<net id="987"><net_src comp="86" pin="0"/><net_sink comp="982" pin=0"/></net>

<net id="988"><net_src comp="976" pin="2"/><net_sink comp="982" pin=1"/></net>

<net id="989"><net_src comp="72" pin="0"/><net_sink comp="982" pin=2"/></net>

<net id="993"><net_src comp="982" pin="3"/><net_sink comp="990" pin=0"/></net>

<net id="998"><net_src comp="990" pin="1"/><net_sink comp="994" pin=0"/></net>

<net id="999"><net_src comp="796" pin="1"/><net_sink comp="994" pin=1"/></net>

<net id="1006"><net_src comp="90" pin="0"/><net_sink comp="1000" pin=0"/></net>

<net id="1007"><net_src comp="632" pin="2"/><net_sink comp="1000" pin=1"/></net>

<net id="1008"><net_src comp="92" pin="0"/><net_sink comp="1000" pin=2"/></net>

<net id="1009"><net_src comp="94" pin="0"/><net_sink comp="1000" pin=3"/></net>

<net id="1013"><net_src comp="1000" pin="4"/><net_sink comp="1010" pin=0"/></net>

<net id="1020"><net_src comp="96" pin="0"/><net_sink comp="1014" pin=0"/></net>

<net id="1021"><net_src comp="682" pin="2"/><net_sink comp="1014" pin=1"/></net>

<net id="1022"><net_src comp="92" pin="0"/><net_sink comp="1014" pin=2"/></net>

<net id="1023"><net_src comp="98" pin="0"/><net_sink comp="1014" pin=3"/></net>

<net id="1027"><net_src comp="1014" pin="4"/><net_sink comp="1024" pin=0"/></net>

<net id="1034"><net_src comp="100" pin="0"/><net_sink comp="1028" pin=0"/></net>

<net id="1035"><net_src comp="908" pin="2"/><net_sink comp="1028" pin=1"/></net>

<net id="1036"><net_src comp="92" pin="0"/><net_sink comp="1028" pin=2"/></net>

<net id="1037"><net_src comp="102" pin="0"/><net_sink comp="1028" pin=3"/></net>

<net id="1041"><net_src comp="1028" pin="4"/><net_sink comp="1038" pin=0"/></net>

<net id="1048"><net_src comp="100" pin="0"/><net_sink comp="1042" pin=0"/></net>

<net id="1049"><net_src comp="800" pin="2"/><net_sink comp="1042" pin=1"/></net>

<net id="1050"><net_src comp="92" pin="0"/><net_sink comp="1042" pin=2"/></net>

<net id="1051"><net_src comp="102" pin="0"/><net_sink comp="1042" pin=3"/></net>

<net id="1055"><net_src comp="1042" pin="4"/><net_sink comp="1052" pin=0"/></net>

<net id="1062"><net_src comp="100" pin="0"/><net_sink comp="1056" pin=0"/></net>

<net id="1063"><net_src comp="994" pin="2"/><net_sink comp="1056" pin=1"/></net>

<net id="1064"><net_src comp="92" pin="0"/><net_sink comp="1056" pin=2"/></net>

<net id="1065"><net_src comp="102" pin="0"/><net_sink comp="1056" pin=3"/></net>

<net id="1069"><net_src comp="1056" pin="4"/><net_sink comp="1066" pin=0"/></net>

<net id="1074"><net_src comp="104" pin="0"/><net_sink comp="1070" pin=0"/></net>

<net id="1075"><net_src comp="1010" pin="1"/><net_sink comp="1070" pin=1"/></net>

<net id="1080"><net_src comp="1070" pin="2"/><net_sink comp="1076" pin=0"/></net>

<net id="1081"><net_src comp="1024" pin="1"/><net_sink comp="1076" pin=1"/></net>

<net id="1086"><net_src comp="1076" pin="2"/><net_sink comp="1082" pin=0"/></net>

<net id="1087"><net_src comp="1038" pin="1"/><net_sink comp="1082" pin=1"/></net>

<net id="1092"><net_src comp="1082" pin="2"/><net_sink comp="1088" pin=0"/></net>

<net id="1093"><net_src comp="1052" pin="1"/><net_sink comp="1088" pin=1"/></net>

<net id="1098"><net_src comp="1088" pin="2"/><net_sink comp="1094" pin=0"/></net>

<net id="1099"><net_src comp="1066" pin="1"/><net_sink comp="1094" pin=1"/></net>

</net_list>

</model> 
---------------- Datapath Model END ------------------

* FSMD analyzer results:
  - Output states:
 - Input state : 
	Port: dense_latency<ap_ufixed<2, 0, 4, 0, 0>, ap_fixed<10, 7, 5, 3, 0>, config11> : data_0_val | {1 }
	Port: dense_latency<ap_ufixed<2, 0, 4, 0, 0>, ap_fixed<10, 7, 5, 3, 0>, config11> : data_1_val | {1 }
	Port: dense_latency<ap_ufixed<2, 0, 4, 0, 0>, ap_fixed<10, 7, 5, 3, 0>, config11> : data_2_val | {1 }
	Port: dense_latency<ap_ufixed<2, 0, 4, 0, 0>, ap_fixed<10, 7, 5, 3, 0>, config11> : data_3_val | {1 }
	Port: dense_latency<ap_ufixed<2, 0, 4, 0, 0>, ap_fixed<10, 7, 5, 3, 0>, config11> : data_4_val | {1 }
	Port: dense_latency<ap_ufixed<2, 0, 4, 0, 0>, ap_fixed<10, 7, 5, 3, 0>, config11> : data_5_val | {1 }
	Port: dense_latency<ap_ufixed<2, 0, 4, 0, 0>, ap_fixed<10, 7, 5, 3, 0>, config11> : data_6_val | {1 }
	Port: dense_latency<ap_ufixed<2, 0, 4, 0, 0>, ap_fixed<10, 7, 5, 3, 0>, config11> : data_7_val | {1 }
	Port: dense_latency<ap_ufixed<2, 0, 4, 0, 0>, ap_fixed<10, 7, 5, 3, 0>, config11> : data_10_val | {1 }
	Port: dense_latency<ap_ufixed<2, 0, 4, 0, 0>, ap_fixed<10, 7, 5, 3, 0>, config11> : data_11_val | {1 }
	Port: dense_latency<ap_ufixed<2, 0, 4, 0, 0>, ap_fixed<10, 7, 5, 3, 0>, config11> : data_13_val | {1 }
	Port: dense_latency<ap_ufixed<2, 0, 4, 0, 0>, ap_fixed<10, 7, 5, 3, 0>, config11> : data_14_val | {1 }
	Port: dense_latency<ap_ufixed<2, 0, 4, 0, 0>, ap_fixed<10, 7, 5, 3, 0>, config11> : data_15_val | {1 }
	Port: dense_latency<ap_ufixed<2, 0, 4, 0, 0>, ap_fixed<10, 7, 5, 3, 0>, config11> : data_17_val | {1 }
	Port: dense_latency<ap_ufixed<2, 0, 4, 0, 0>, ap_fixed<10, 7, 5, 3, 0>, config11> : data_18_val | {1 }
	Port: dense_latency<ap_ufixed<2, 0, 4, 0, 0>, ap_fixed<10, 7, 5, 3, 0>, config11> : data_19_val | {1 }
	Port: dense_latency<ap_ufixed<2, 0, 4, 0, 0>, ap_fixed<10, 7, 5, 3, 0>, config11> : data_20_val | {1 }
	Port: dense_latency<ap_ufixed<2, 0, 4, 0, 0>, ap_fixed<10, 7, 5, 3, 0>, config11> : data_21_val | {1 }
	Port: dense_latency<ap_ufixed<2, 0, 4, 0, 0>, ap_fixed<10, 7, 5, 3, 0>, config11> : data_22_val | {1 }
	Port: dense_latency<ap_ufixed<2, 0, 4, 0, 0>, ap_fixed<10, 7, 5, 3, 0>, config11> : data_23_val | {1 }
	Port: dense_latency<ap_ufixed<2, 0, 4, 0, 0>, ap_fixed<10, 7, 5, 3, 0>, config11> : data_24_val | {1 }
	Port: dense_latency<ap_ufixed<2, 0, 4, 0, 0>, ap_fixed<10, 7, 5, 3, 0>, config11> : data_25_val | {1 }
	Port: dense_latency<ap_ufixed<2, 0, 4, 0, 0>, ap_fixed<10, 7, 5, 3, 0>, config11> : data_26_val | {1 }
	Port: dense_latency<ap_ufixed<2, 0, 4, 0, 0>, ap_fixed<10, 7, 5, 3, 0>, config11> : data_27_val | {1 }
	Port: dense_latency<ap_ufixed<2, 0, 4, 0, 0>, ap_fixed<10, 7, 5, 3, 0>, config11> : data_29_val | {1 }
	Port: dense_latency<ap_ufixed<2, 0, 4, 0, 0>, ap_fixed<10, 7, 5, 3, 0>, config11> : data_30_val | {1 }
  - Chain level:
	State 1
		zext_ln70 : 1
		zext_ln73 : 1
		zext_ln73_51 : 1
		zext_ln73_52 : 1
		sub_ln73 : 2
		shl_ln42_1 : 3
		sext_ln73 : 4
		zext_ln73_53 : 1
		sub_ln73_68 : 2
		zext_ln73_54 : 1
		zext_ln73_57 : 1
		zext_ln73_58 : 1
		zext_ln73_59 : 1
		sub_ln73_69 : 2
		zext_ln73_60 : 1
		sub_ln73_70 : 2
		zext_ln73_61 : 1
		sub_ln73_71 : 2
		shl_ln42_2 : 3
		sext_ln70 : 4
		zext_ln73_62 : 1
		sub_ln73_72 : 2
		zext_ln73_63 : 1
		sub_ln73_73 : 2
		shl_ln42_3 : 3
		zext_ln73_64 : 1
		sub_ln73_74 : 2
		zext_ln73_65 : 1
		sub_ln73_75 : 2
		empty : 1
		p_cast : 2
		tmp : 1
		tmp_cast : 2
		empty_222 : 3
		p_cast1 : 4
		tmp1 : 2
		tmp1_cast : 3
		tmp4213 : 5
		tmp_42 : 6
		sext_ln58 : 7
		add_ln58 : 5
		sext_ln58_116 : 6
		x : 8
		tmp2 : 1
		tmp2_cast : 2
		tmp4411 : 3
		tmp_43 : 4
		sext_ln58_117 : 5
		add_ln58_311 : 4
		add_ln58_312 : 5
		sext_ln58_118 : 6
		x_55 : 7
		empty_223 : 1
		p_cast2 : 2
		empty_224 : 3
		p_cast3 : 4
		mul_ln73_32_cast : 3
		mul_ln73_33_cast19 : 3
		tmp4 : 5
		tmp5 : 1
		tmp5_cast : 2
		empty_225 : 6
		p_cast4 : 7
		mul_ln73_37_cast20 : 3
		tmp6 : 4
		tmp6_cast : 5
		tmp479 : 8
		tmp_44 : 9
		sext_ln58_119 : 10
		add_ln58_314 : 4
		sext_ln58_120 : 5
		x_57 : 11
		empty_226 : 1
		p_cast5 : 2
		empty_227 : 3
		p_cast6 : 4
		mul_ln73_35_cast : 3
		tmp7 : 5
		tmp9 : 1
		tmp9_cast : 2
		tmp8 : 3
		tmp8_cast : 4
		empty_228 : 6
		p_cast7 : 7
		tmp237 : 8
		tmp_45 : 9
		sext_ln58_121 : 10
		x_56 : 11
		mul_ln73_28_cast : 3
		mul_ln73_38_cast : 3
		tmp11 : 2
		tmp11_cast : 3
		tmp10 : 4
		tmp13 : 1
		tmp13_cast : 2
		tmp12 : 3
		tmp12_cast : 4
		empty_229 : 5
		p_cast8 : 6
		tmp505 : 7
		tmp_46 : 8
		sext_ln58_122 : 9
		x_58 : 10
		tmp_922 : 9
		sext_ln111 : 10
		tmp_923 : 8
		sext_ln111_49 : 9
		tmp_924 : 12
		sext_ln111_50 : 13
		tmp_925 : 12
		sext_ln111_51 : 13
		tmp_926 : 11
		sext_ln111_52 : 12
		mrv : 11
		mrv_1 : 12
		mrv_2 : 14
		mrv_3 : 15
		mrv_4 : 16
		ret_ln68 : 17


============================================================
+ Verbose Summary: Datapath Resource usage 
============================================================

* Functional unit list:
|----------|------------------------------|---------|---------|
| Operation|        Functional Unit       |    FF   |   LUT   |
|----------|------------------------------|---------|---------|
|          |         empty_fu_556         |    0    |    9    |
|          |          tmp_fu_570          |    0    |    9    |
|          |       empty_222_fu_580       |    0    |    10   |
|          |        tmp4213_fu_604        |    0    |    12   |
|          |        add_ln58_fu_622       |    0    |    18   |
|          |           x_fu_632           |    0    |    19   |
|          |          tmp2_fu_638         |    0    |    9    |
|          |      add_ln58_311_fu_666     |    0    |    17   |
|          |      add_ln58_312_fu_672     |    0    |    17   |
|          |          x_55_fu_682         |    0    |    18   |
|          |       empty_223_fu_696       |    0    |    9    |
|          |          tmp4_fu_732         |    0    |    7    |
|          |          tmp5_fu_738         |    0    |    9    |
|          |       empty_225_fu_748       |    0    |    10   |
|          |          tmp6_fu_762         |    0    |    12   |
|    add   |         tmp479_fu_772        |    0    |    12   |
|          |      add_ln58_314_fu_790     |    0    |    18   |
|          |          x_57_fu_800         |    0    |    20   |
|          |       empty_226_fu_818       |    0    |    9    |
|          |       empty_227_fu_828       |    0    |    10   |
|          |          tmp7_fu_854         |    0    |    7    |
|          |          tmp9_fu_860         |    0    |    9    |
|          |       empty_228_fu_880       |    0    |    10   |
|          |         tmp237_fu_890        |    0    |    12   |
|          |          x_56_fu_908         |    0    |    20   |
|          |         tmp10_fu_940         |    0    |    7    |
|          |         tmp13_fu_946         |    0    |    9    |
|          |         tmp12_fu_956         |    0    |    10   |
|          |       empty_229_fu_966       |    0    |    10   |
|          |         tmp505_fu_976        |    0    |    12   |
|          |          x_58_fu_994         |    0    |    20   |
|----------|------------------------------|---------|---------|
|          |        sub_ln73_fu_310       |    0    |    10   |
|          |      sub_ln73_68_fu_340      |    0    |    10   |
|          |      sub_ln73_69_fu_402      |    0    |    10   |
|          |      sub_ln73_70_fu_424      |    0    |    10   |
|          |      sub_ln73_71_fu_442      |    0    |    10   |
|          |      sub_ln73_72_fu_476      |    0    |    10   |
|    sub   |      sub_ln73_73_fu_494      |    0    |    10   |
|          |      sub_ln73_74_fu_520      |    0    |    10   |
|          |      sub_ln73_75_fu_538      |    0    |    10   |
|          |          tmp1_fu_594         |    0    |    10   |
|          |        tmp4411_fu_648        |    0    |    10   |
|          |       empty_224_fu_710       |    0    |    10   |
|          |          tmp8_fu_870         |    0    |    10   |
|          |         tmp11_fu_930         |    0    |    10   |
|----------|------------------------------|---------|---------|
|          | data_30_val_read_read_fu_106 |    0    |    0    |
|          | data_29_val_read_read_fu_112 |    0    |    0    |
|          | data_27_val_read_read_fu_118 |    0    |    0    |
|          | data_26_val_read_read_fu_124 |    0    |    0    |
|          | data_25_val_read_read_fu_130 |    0    |    0    |
|          | data_24_val_read_read_fu_136 |    0    |    0    |
|          | data_23_val_read_read_fu_142 |    0    |    0    |
|          | data_22_val_read_read_fu_148 |    0    |    0    |
|          | data_21_val_read_read_fu_154 |    0    |    0    |
|          | data_20_val_read_read_fu_160 |    0    |    0    |
|          | data_19_val_read_read_fu_166 |    0    |    0    |
|          | data_18_val_read_read_fu_172 |    0    |    0    |
|   read   | data_17_val_read_read_fu_178 |    0    |    0    |
|          | data_15_val_read_read_fu_184 |    0    |    0    |
|          | data_14_val_read_read_fu_190 |    0    |    0    |
|          | data_13_val_read_read_fu_196 |    0    |    0    |
|          | data_11_val_read_read_fu_202 |    0    |    0    |
|          | data_10_val_read_read_fu_208 |    0    |    0    |
|          |  data_7_val_read_read_fu_214 |    0    |    0    |
|          |  data_6_val_read_read_fu_220 |    0    |    0    |
|          |  data_5_val_read_read_fu_226 |    0    |    0    |
|          |  data_4_val_read_read_fu_232 |    0    |    0    |
|          |  data_3_val_read_read_fu_238 |    0    |    0    |
|          |  data_2_val_read_read_fu_244 |    0    |    0    |
|          |  data_1_val_read_read_fu_250 |    0    |    0    |
|          |  data_0_val_read_read_fu_256 |    0    |    0    |
|----------|------------------------------|---------|---------|
|          |         shl_ln_fu_262        |    0    |    0    |
|          |        tmp_908_fu_274        |    0    |    0    |
|          |        tmp_909_fu_286        |    0    |    0    |
|          |        tmp_910_fu_298        |    0    |    0    |
|          |       shl_ln42_1_fu_316      |    0    |    0    |
|          |        tmp_911_fu_328        |    0    |    0    |
|          |        tmp_912_fu_346        |    0    |    0    |
|          |        tmp_913_fu_362        |    0    |    0    |
|          |        tmp_914_fu_374        |    0    |    0    |
|          |        tmp_915_fu_390        |    0    |    0    |
|          |        tmp_916_fu_412        |    0    |    0    |
|bitconcatenate|        tmp_917_fu_430        |    0    |    0    |
|          |       shl_ln42_2_fu_448      |    0    |    0    |
|          |        tmp_918_fu_464        |    0    |    0    |
|          |        tmp_919_fu_482        |    0    |    0    |
|          |       shl_ln42_3_fu_500      |    0    |    0    |
|          |        tmp_920_fu_508        |    0    |    0    |
|          |        tmp_921_fu_526        |    0    |    0    |
|          |         tmp_42_fu_610        |    0    |    0    |
|          |         tmp_43_fu_654        |    0    |    0    |
|          |         tmp_44_fu_778        |    0    |    0    |
|          |         tmp_45_fu_896        |    0    |    0    |
|          |         tmp_46_fu_982        |    0    |    0    |
|----------|------------------------------|---------|---------|
|          |       zext_ln70_fu_270       |    0    |    0    |
|          |       zext_ln73_fu_282       |    0    |    0    |
|          |      zext_ln73_51_fu_294     |    0    |    0    |
|          |      zext_ln73_52_fu_306     |    0    |    0    |
|          |      zext_ln73_53_fu_336     |    0    |    0    |
|          |      zext_ln73_54_fu_354     |    0    |    0    |
|          |      zext_ln70_43_fu_358     |    0    |    0    |
|          |      zext_ln73_57_fu_370     |    0    |    0    |
|          |      zext_ln73_58_fu_382     |    0    |    0    |
|          |      zext_ln73_55_fu_386     |    0    |    0    |
|          |      zext_ln73_59_fu_398     |    0    |    0    |
|          |      zext_ln73_56_fu_408     |    0    |    0    |
|          |      zext_ln73_60_fu_420     |    0    |    0    |
|          |      zext_ln73_61_fu_438     |    0    |    0    |
|          |      zext_ln70_44_fu_460     |    0    |    0    |
|          |      zext_ln73_62_fu_472     |    0    |    0    |
|          |      zext_ln73_63_fu_490     |    0    |    0    |
|          |      zext_ln73_64_fu_516     |    0    |    0    |
|          |      zext_ln73_65_fu_534     |    0    |    0    |
|          |    data_2_val_cast_fu_544    |    0    |    0    |
|          |    data_4_val_cast_fu_548    |    0    |    0    |
|          |   data_7_val_cast14_fu_552   |    0    |    0    |
|          |         p_cast_fu_562        |    0    |    0    |
|   zext   |   data_10_val_cast15_fu_566  |    0    |    0    |
|          |        tmp_cast_fu_576       |    0    |    0    |
|          |        p_cast1_fu_586        |    0    |    0    |
|          |   data_24_val_cast16_fu_590  |    0    |    0    |
|          |       tmp2_cast_fu_644       |    0    |    0    |
|          |    data_0_val_cast_fu_688    |    0    |    0    |
|          |    data_5_val_cast_fu_692    |    0    |    0    |
|          |        p_cast2_fu_702        |    0    |    0    |
|          |   data_17_val_cast17_fu_706  |    0    |    0    |
|          |   data_22_val_cast18_fu_724  |    0    |    0    |
|          |       tmp5_cast_fu_744       |    0    |    0    |
|          |    data_3_val_cast_fu_806    |    0    |    0    |
|          |    data_6_val_cast_fu_810    |    0    |    0    |
|          |    data_14_val_cast_fu_814   |    0    |    0    |
|          |        p_cast5_fu_824        |    0    |    0    |
|          |        p_cast6_fu_834        |    0    |    0    |
|          |   data_19_val_cast21_fu_838  |    0    |    0    |
|          |   data_20_val_cast22_fu_842  |    0    |    0    |
|          |    data_30_val_cast_fu_850   |    0    |    0    |
|          |       tmp9_cast_fu_866       |    0    |    0    |
|          |   data_26_val_cast24_fu_918  |    0    |    0    |
|          |   data_29_val_cast25_fu_922  |    0    |    0    |
|          |       tmp13_cast_fu_952      |    0    |    0    |
|          |       tmp12_cast_fu_962      |    0    |    0    |
|----------|------------------------------|---------|---------|
|          |       sext_ln73_fu_324       |    0    |    0    |
|          |       sext_ln70_fu_456       |    0    |    0    |
|          |       tmp1_cast_fu_600       |    0    |    0    |
|          |       sext_ln58_fu_618       |    0    |    0    |
|          |     sext_ln58_116_fu_628     |    0    |    0    |
|          |     sext_ln58_117_fu_662     |    0    |    0    |
|          |     sext_ln58_118_fu_678     |    0    |    0    |
|          |        p_cast3_fu_716        |    0    |    0    |
|          |    mul_ln73_32_cast_fu_720   |    0    |    0    |
|          |   mul_ln73_33_cast19_fu_728  |    0    |    0    |
|          |        p_cast4_fu_754        |    0    |    0    |
|          |   mul_ln73_37_cast20_fu_758  |    0    |    0    |
|          |       tmp6_cast_fu_768       |    0    |    0    |
|          |     sext_ln58_119_fu_786     |    0    |    0    |
|   sext   |     sext_ln58_120_fu_796     |    0    |    0    |
|          |    mul_ln73_35_cast_fu_846   |    0    |    0    |
|          |       tmp8_cast_fu_876       |    0    |    0    |
|          |        p_cast7_fu_886        |    0    |    0    |
|          |     sext_ln58_121_fu_904     |    0    |    0    |
|          |    mul_ln73_28_cast_fu_914   |    0    |    0    |
|          |    mul_ln73_38_cast_fu_926   |    0    |    0    |
|          |       tmp11_cast_fu_936      |    0    |    0    |
|          |        p_cast8_fu_972        |    0    |    0    |
|          |     sext_ln58_122_fu_990     |    0    |    0    |
|          |      sext_ln111_fu_1010      |    0    |    0    |
|          |     sext_ln111_49_fu_1024    |    0    |    0    |
|          |     sext_ln111_50_fu_1038    |    0    |    0    |
|          |     sext_ln111_51_fu_1052    |    0    |    0    |
|          |     sext_ln111_52_fu_1066    |    0    |    0    |
|----------|------------------------------|---------|---------|
|          |        tmp_922_fu_1000       |    0    |    0    |
|          |        tmp_923_fu_1014       |    0    |    0    |
|partselect|        tmp_924_fu_1028       |    0    |    0    |
|          |        tmp_925_fu_1042       |    0    |    0    |
|          |        tmp_926_fu_1056       |    0    |    0    |
|----------|------------------------------|---------|---------|
|          |          mrv_fu_1070         |    0    |    0    |
|          |         mrv_1_fu_1076        |    0    |    0    |
|insertvalue|         mrv_2_fu_1082        |    0    |    0    |
|          |         mrv_3_fu_1088        |    0    |    0    |
|          |         mrv_4_fu_1094        |    0    |    0    |
|----------|------------------------------|---------|---------|
|   Total  |                              |    0    |   520   |
|----------|------------------------------|---------|---------|

Memories:
N/A

* Register list:
N/A

* Multiplexer (MUX) list: 
|--------|------|------|------|--------|
|  Comp  |  Pin | Size |  BW  | S x BW |
|--------|------|------|------|--------|
|  Total |      |      |      |    0   |
|--------|------|------|------|--------|



* Summary:
+-----------+--------+--------+
|           |   FF   |   LUT  |
+-----------+--------+--------+
|  Function |    0   |   520  |
|   Memory  |    -   |    -   |
|Multiplexer|    -   |    -   |
|  Register |    -   |    -   |
+-----------+--------+--------+
|   Total   |    0   |   520  |
+-----------+--------+--------+
