Copyright 1986-2022 Xilinx, Inc. All Rights Reserved. Copyright 2022-2025 Advanced Micro Devices, Inc. All Rights Reserved.
----------------------------------------------------------------------------------------------------------------------------------------------------------------------------------------------------------------------------------------
| Tool Version      : Vivado v.2025.2 (lin64) Build 6299465 Fri Nov 14 12:34:56 MST 2025
| Date              : Thu May  7 11:58:03 2026
| Host              : 11c2efc5f272 running 64-bit Ubuntu 22.04.5 LTS
| Command           : report_timing_summary -max_paths 10 -file vitis_design_wrapper_timing_summary_routed.rpt -pb vitis_design_wrapper_timing_summary_routed.pb -rpx vitis_design_wrapper_timing_summary_routed.rpx -warn_on_violation
| Design            : vitis_design_wrapper
| Device            : xck26-sfvc784
| Speed File        : -2LV  PRODUCTION 1.30 05-15-2022
| Design State      : Routed
| Temperature Grade : C
----------------------------------------------------------------------------------------------------------------------------------------------------------------------------------------------------------------------------------------

Timing Summary Report

------------------------------------------------------------------------------------------------
| Timer Settings
| --------------
------------------------------------------------------------------------------------------------

  Enable Multi Corner Analysis               :  Yes
  Enable Pessimism Removal                   :  Yes
  Pessimism Removal Resolution               :  Nearest Common Node
  Enable Input Delay Default Clock           :  No
  Enable Preset / Clear Arcs                 :  No
  Disable Flight Delays                      :  No
  Ignore I/O Paths                           :  No
  Timing Early Launch at Borrowing Latches   :  No
  Borrow Time for Max Delay Exceptions       :  Yes
  Merge Timing Exceptions                    :  Yes
  Inter-SLR Compensation                     :  Conservative

  Corner  Analyze    Analyze    
  Name    Max Paths  Min Paths  
  ------  ---------  ---------  
  Slow    Yes        Yes        
  Fast    Yes        Yes        


------------------------------------------------------------------------------------------------
| Report Methodology
| ------------------
------------------------------------------------------------------------------------------------

No report available as report_methodology has not been run prior. Run report_methodology on the current design for the summary of methodology violations.



check_timing report

Table of Contents
-----------------
1. checking no_clock (0)
2. checking constant_clock (0)
3. checking pulse_width_clock (0)
4. checking unconstrained_internal_endpoints (0)
5. checking no_input_delay (0)
6. checking no_output_delay (0)
7. checking multiple_clock (0)
8. checking generated_clocks (0)
9. checking loops (0)
10. checking partial_input_delay (0)
11. checking partial_output_delay (0)
12. checking latch_loops (0)

1. checking no_clock (0)
------------------------
 There are 0 register/latch pins with no clock.


2. checking constant_clock (0)
------------------------------
 There are 0 register/latch pins with constant_clock.


3. checking pulse_width_clock (0)
---------------------------------
 There are 0 register/latch pins which need pulse_width check


4. checking unconstrained_internal_endpoints (0)
------------------------------------------------
 There are 0 pins that are not constrained for maximum delay.

 There are 0 pins that are not constrained for maximum delay due to constant clock.


5. checking no_input_delay (0)
------------------------------
 There are 0 input ports with no input delay specified.

 There are 0 input ports with no input delay but user has a false path constraint.


6. checking no_output_delay (0)
-------------------------------
 There are 0 ports with no output delay specified.

 There are 0 ports with no output delay but user has a false path constraint

 There are 0 ports with no output delay but with a timing clock defined on it or propagating through it


7. checking multiple_clock (0)
------------------------------
 There are 0 register/latch pins with multiple clocks.


8. checking generated_clocks (0)
--------------------------------
 There are 0 generated clocks that are not connected to a clock source.


9. checking loops (0)
---------------------
 There are 0 combinational loops in the design.


10. checking partial_input_delay (0)
------------------------------------
 There are 0 input ports with partial input delay specified.


11. checking partial_output_delay (0)
-------------------------------------
 There are 0 ports with partial output delay specified.


12. checking latch_loops (0)
----------------------------
 There are 0 combinational latch loops in the design through latch input



------------------------------------------------------------------------------------------------
| Design Timing Summary
| ---------------------
------------------------------------------------------------------------------------------------

    WNS(ns)      TNS(ns)  TNS Failing Endpoints  TNS Total Endpoints      WHS(ns)      THS(ns)  THS Failing Endpoints  THS Total Endpoints     WPWS(ns)     TPWS(ns)  TPWS Failing Endpoints  TPWS Total Endpoints  
    -------      -------  ---------------------  -------------------      -------      -------  ---------------------  -------------------     --------     --------  ----------------------  --------------------  
      3.204        0.000                      0                60980        0.009        0.000                      0                60980        3.500        0.000                       0                 21584  


All user specified timing constraints are met.


------------------------------------------------------------------------------------------------
| Clock Summary
| -------------
------------------------------------------------------------------------------------------------

Clock     Waveform(ns)       Period(ns)      Frequency(MHz)
-----     ------------       ----------      --------------
clk_pl_0  {0.000 5.000}      10.000          100.000         
clk_pl_1  {0.000 5.000}      10.000          100.000         


------------------------------------------------------------------------------------------------
| Intra Clock Table
| -----------------
------------------------------------------------------------------------------------------------

Clock             WNS(ns)      TNS(ns)  TNS Failing Endpoints  TNS Total Endpoints      WHS(ns)      THS(ns)  THS Failing Endpoints  THS Total Endpoints     WPWS(ns)     TPWS(ns)  TPWS Failing Endpoints  TPWS Total Endpoints  
-----             -------      -------  ---------------------  -------------------      -------      -------  ---------------------  -------------------     --------     --------  ----------------------  --------------------  
clk_pl_0            3.204        0.000                      0                60980        0.009        0.000                      0                60980        3.500        0.000                       0                 21584  


------------------------------------------------------------------------------------------------
| Inter Clock Table
| -----------------
------------------------------------------------------------------------------------------------

From Clock    To Clock          WNS(ns)      TNS(ns)  TNS Failing Endpoints  TNS Total Endpoints      WHS(ns)      THS(ns)  THS Failing Endpoints  THS Total Endpoints  
----------    --------          -------      -------  ---------------------  -------------------      -------      -------  ---------------------  -------------------  


------------------------------------------------------------------------------------------------
| Other Path Groups Table
| -----------------------
------------------------------------------------------------------------------------------------

Path Group    From Clock    To Clock          WNS(ns)      TNS(ns)  TNS Failing Endpoints  TNS Total Endpoints      WHS(ns)      THS(ns)  THS Failing Endpoints  THS Total Endpoints  
----------    ----------    --------          -------      -------  ---------------------  -------------------      -------      -------  ---------------------  -------------------  


------------------------------------------------------------------------------------------------
| Timing Details
| --------------
------------------------------------------------------------------------------------------------


---------------------------------------------------------------------------------------------------
From Clock:  clk_pl_0
  To Clock:  clk_pl_0

Setup :            0  Failing Endpoints,  Worst Slack        3.204ns,  Total Violation        0.000ns
Hold  :            0  Failing Endpoints,  Worst Slack        0.009ns,  Total Violation        0.000ns
PW    :            0  Failing Endpoints,  Worst Slack        3.500ns,  Total Violation        0.000ns
---------------------------------------------------------------------------------------------------


Max Delay Paths
--------------------------------------------------------------------------------------
Slack (MET) :             3.204ns  (required time - arrival time)
  Source:                 vitis_design_i/myproject_axi_master_1/inst/load_input_float_array_ap_fixed_11_7_0_3_0_60u_U0/grp_load_input_float_array_ap_fixed_60u_Pipeline_VITIS_LOOP_13_1_fu_90/fpext_32ns_64_2_no_dsp_1_U3/din0_buf1_reg[29]/C
                            (rising edge-triggered cell FDRE clocked by clk_pl_0  {rise@0.000ns fall@5.000ns period=10.000ns})
  Destination:            vitis_design_i/myproject_axi_master_1/inst/load_input_float_array_ap_fixed_11_7_0_3_0_60u_U0/grp_load_input_float_array_ap_fixed_60u_Pipeline_VITIS_LOOP_13_1_fu_90/trunc_ln17_57_reg_16857_reg[31]/D
                            (rising edge-triggered cell FDRE clocked by clk_pl_0  {rise@0.000ns fall@5.000ns period=10.000ns})
  Path Group:             clk_pl_0
  Path Type:              Setup (Max at Slow Process Corner)
  Requirement:            10.000ns  (clk_pl_0 rise@10.000ns - clk_pl_0 rise@0.000ns)
  Data Path Delay:        6.693ns  (logic 0.591ns (8.830%)  route 6.102ns (91.170%))
  Logic Levels:           3  (LUT3=1 LUT4=1 LUT5=1)
  Clock Path Skew:        -0.018ns (DCD - SCD + CPR)
    Destination Clock Delay (DCD):    2.522ns = ( 12.522 - 10.000 ) 
    Source Clock Delay      (SCD):    2.681ns
    Clock Pessimism Removal (CPR):    0.141ns
  Clock Uncertainty:      0.130ns  ((TSJ^2 + DJ^2)^1/2) / 2 + PE
    Total System Jitter     (TSJ):    0.071ns
    Discrete Jitter          (DJ):    0.250ns
    Phase Error              (PE):    0.000ns
  Clock Net Delay (Source):      2.414ns (routing 1.045ns, distribution 1.369ns)
  Clock Net Delay (Destination): 2.306ns (routing 0.955ns, distribution 1.351ns)

    Location             Delay type                Incr(ns)  Path(ns)    Netlist Resource(s)
  -------------------------------------------------------------------    -------------------
                         (clock clk_pl_0 rise edge)
                                                      0.000     0.000 r  
    PS8_X0Y0             PS8                          0.000     0.000 r  vitis_design_i/zynq_ultra_ps_e_0/inst/PS8_i/PLCLK[0]
                         net (fo=1, routed)           0.229     0.229    vitis_design_i/zynq_ultra_ps_e_0/inst/pl_clk_unbuffered[0]
    BUFG_PS_X0Y80        BUFG_PS (Prop_BUFG_PS_I_O)
                                                      0.038     0.267 r  vitis_design_i/zynq_ultra_ps_e_0/inst/buffer_pl_clk_0.PL_CLK_0_BUFG/O
    X0Y1 (CLOCK_ROOT)    net (fo=21584, routed)       2.414     2.681    vitis_design_i/myproject_axi_master_1/inst/load_input_float_array_ap_fixed_11_7_0_3_0_60u_U0/grp_load_input_float_array_ap_fixed_60u_Pipeline_VITIS_LOOP_13_1_fu_90/fpext_32ns_64_2_no_dsp_1_U3/ap_clk
    SLICE_X17Y73         FDRE                                         r  vitis_design_i/myproject_axi_master_1/inst/load_input_float_array_ap_fixed_11_7_0_3_0_60u_U0/grp_load_input_float_array_ap_fixed_60u_Pipeline_VITIS_LOOP_13_1_fu_90/fpext_32ns_64_2_no_dsp_1_U3/din0_buf1_reg[29]/C
  -------------------------------------------------------------------    -------------------
    SLICE_X17Y73         FDRE (Prop_GFF_SLICEM_C_Q)
                                                      0.116     2.797 f  vitis_design_i/myproject_axi_master_1/inst/load_input_float_array_ap_fixed_11_7_0_3_0_60u_U0/grp_load_input_float_array_ap_fixed_60u_Pipeline_VITIS_LOOP_13_1_fu_90/fpext_32ns_64_2_no_dsp_1_U3/din0_buf1_reg[29]/Q
                         net (fo=3, routed)           0.404     3.201    vitis_design_wrapper/vitis_design/vitis_design_myproject_axi_master_1_0/vitis_design_myproject_axi_master_1_0_myproject_axi_master/vitis_design_myproject_axi_master_1_0_myproject_axi_master_load_input_float_array_ap_fixed_11_7_0_3_0_60u_s/vitis_design_myproject_axi_master_1_0_myproject_axi_master_load_input_float_array_ap_fixed_60u_Pipeline_VITIS_LOOP_13_1/vitis_design_myproject_axi_master_1_0_myproject_axi_master_fpext_32ns_64_2_no_dsp_1/vitis_design_myproject_axi_master_1_0_myproject_axi_master_fpext_32ns_64_2_no_dsp_1_ip/<hidden>/<hidden>/<hidden>/<hidden>
    SLICE_X16Y73         LUT4 (Prop_D5LUT_SLICEL_I1_O)
                                                      0.187     3.388 r  vitis_design_wrapper/vitis_design/vitis_design_myproject_axi_master_1_0/vitis_design_myproject_axi_master_1_0_myproject_axi_master/vitis_design_myproject_axi_master_1_0_myproject_axi_master_load_input_float_array_ap_fixed_11_7_0_3_0_60u_s/vitis_design_myproject_axi_master_1_0_myproject_axi_master_load_input_float_array_ap_fixed_60u_Pipeline_VITIS_LOOP_13_1/vitis_design_myproject_axi_master_1_0_myproject_axi_master_fpext_32ns_64_2_no_dsp_1/vitis_design_myproject_axi_master_1_0_myproject_axi_master_fpext_32ns_64_2_no_dsp_1_ip/<hidden>/<hidden>/<hidden>/<hidden>
                         net (fo=33, routed)          0.367     3.755    vitis_design_wrapper/vitis_design/vitis_design_myproject_axi_master_1_0/vitis_design_myproject_axi_master_1_0_myproject_axi_master/vitis_design_myproject_axi_master_1_0_myproject_axi_master_load_input_float_array_ap_fixed_11_7_0_3_0_60u_s/vitis_design_myproject_axi_master_1_0_myproject_axi_master_load_input_float_array_ap_fixed_60u_Pipeline_VITIS_LOOP_13_1/vitis_design_myproject_axi_master_1_0_myproject_axi_master_fpext_32ns_64_2_no_dsp_1/vitis_design_myproject_axi_master_1_0_myproject_axi_master_fpext_32ns_64_2_no_dsp_1_ip/<hidden>/<hidden>/<hidden>/<hidden>
    SLICE_X16Y73         LUT5 (Prop_B6LUT_SLICEL_I2_O)
                                                      0.152     3.907 r  vitis_design_wrapper/vitis_design/vitis_design_myproject_axi_master_1_0/vitis_design_myproject_axi_master_1_0_myproject_axi_master/vitis_design_myproject_axi_master_1_0_myproject_axi_master_load_input_float_array_ap_fixed_11_7_0_3_0_60u_s/vitis_design_myproject_axi_master_1_0_myproject_axi_master_load_input_float_array_ap_fixed_60u_Pipeline_VITIS_LOOP_13_1/vitis_design_myproject_axi_master_1_0_myproject_axi_master_fpext_32ns_64_2_no_dsp_1/vitis_design_myproject_axi_master_1_0_myproject_axi_master_fpext_32ns_64_2_no_dsp_1_ip/<hidden>/<hidden>/<hidden>/<hidden>
                         net (fo=2, routed)           0.098     4.005    vitis_design_i/myproject_axi_master_1/inst/load_input_float_array_ap_fixed_11_7_0_3_0_60u_U0/grp_load_input_float_array_ap_fixed_60u_Pipeline_VITIS_LOOP_13_1_fu_90/fpext_32ns_64_2_no_dsp_1_U3/r_tdata[31]
    SLICE_X15Y73         LUT3 (Prop_D6LUT_SLICEL_I0_O)
                                                      0.136     4.141 r  vitis_design_i/myproject_axi_master_1/inst/load_input_float_array_ap_fixed_11_7_0_3_0_60u_U0/grp_load_input_float_array_ap_fixed_60u_Pipeline_VITIS_LOOP_13_1_fu_90/fpext_32ns_64_2_no_dsp_1_U3/trunc_ln17_369_reg_18651[31]_i_1/O
                         net (fo=61, routed)          5.233     9.374    vitis_design_i/myproject_axi_master_1/inst/load_input_float_array_ap_fixed_11_7_0_3_0_60u_U0/grp_load_input_float_array_ap_fixed_60u_Pipeline_VITIS_LOOP_13_1_fu_90/grp_fu_134_p1[31]
    SLICE_X24Y154        FDRE                                         r  vitis_design_i/myproject_axi_master_1/inst/load_input_float_array_ap_fixed_11_7_0_3_0_60u_U0/grp_load_input_float_array_ap_fixed_60u_Pipeline_VITIS_LOOP_13_1_fu_90/trunc_ln17_57_reg_16857_reg[31]/D
  -------------------------------------------------------------------    -------------------

                         (clock clk_pl_0 rise edge)
                                                     10.000    10.000 r  
    PS8_X0Y0             PS8                          0.000    10.000 r  vitis_design_i/zynq_ultra_ps_e_0/inst/PS8_i/PLCLK[0]
                         net (fo=1, routed)           0.181    10.181    vitis_design_i/zynq_ultra_ps_e_0/inst/pl_clk_unbuffered[0]
    BUFG_PS_X0Y80        BUFG_PS (Prop_BUFG_PS_I_O)
                                                      0.035    10.216 r  vitis_design_i/zynq_ultra_ps_e_0/inst/buffer_pl_clk_0.PL_CLK_0_BUFG/O
    X0Y1 (CLOCK_ROOT)    net (fo=21584, routed)       2.306    12.522    vitis_design_i/myproject_axi_master_1/inst/load_input_float_array_ap_fixed_11_7_0_3_0_60u_U0/grp_load_input_float_array_ap_fixed_60u_Pipeline_VITIS_LOOP_13_1_fu_90/ap_clk
    SLICE_X24Y154        FDRE                                         r  vitis_design_i/myproject_axi_master_1/inst/load_input_float_array_ap_fixed_11_7_0_3_0_60u_U0/grp_load_input_float_array_ap_fixed_60u_Pipeline_VITIS_LOOP_13_1_fu_90/trunc_ln17_57_reg_16857_reg[31]/C
                         clock pessimism              0.141    12.663    
                         clock uncertainty           -0.130    12.533    
    SLICE_X24Y154        FDRE (Setup_EFF2_SLICEM_C_D)
                                                      0.045    12.578    vitis_design_i/myproject_axi_master_1/inst/load_input_float_array_ap_fixed_11_7_0_3_0_60u_U0/grp_load_input_float_array_ap_fixed_60u_Pipeline_VITIS_LOOP_13_1_fu_90/trunc_ln17_57_reg_16857_reg[31]
  -------------------------------------------------------------------
                         required time                         12.578    
                         arrival time                          -9.374    
  -------------------------------------------------------------------
                         slack                                  3.204    

Slack (MET) :             3.274ns  (required time - arrival time)
  Source:                 vitis_design_i/myproject_axi_master_1/inst/load_input_float_array_ap_fixed_11_7_0_3_0_60u_U0/grp_load_input_float_array_ap_fixed_60u_Pipeline_VITIS_LOOP_13_1_fu_90/fpext_32ns_64_2_no_dsp_1_U3/din0_buf1_reg[23]/C
                            (rising edge-triggered cell FDRE clocked by clk_pl_0  {rise@0.000ns fall@5.000ns period=10.000ns})
  Destination:            vitis_design_i/myproject_axi_master_1/inst/load_input_float_array_ap_fixed_11_7_0_3_0_60u_U0/grp_load_input_float_array_ap_fixed_60u_Pipeline_VITIS_LOOP_13_1_fu_90/trunc_ln17_57_reg_16857_reg[49]/D
                            (rising edge-triggered cell FDRE clocked by clk_pl_0  {rise@0.000ns fall@5.000ns period=10.000ns})
  Path Group:             clk_pl_0
  Path Type:              Setup (Max at Slow Process Corner)
  Requirement:            10.000ns  (clk_pl_0 rise@10.000ns - clk_pl_0 rise@0.000ns)
  Data Path Delay:        6.619ns  (logic 0.780ns (11.784%)  route 5.839ns (88.216%))
  Logic Levels:           3  (LUT3=1 LUT4=1 LUT5=1)
  Clock Path Skew:        -0.021ns (DCD - SCD + CPR)
    Destination Clock Delay (DCD):    2.519ns = ( 12.519 - 10.000 ) 
    Source Clock Delay      (SCD):    2.681ns
    Clock Pessimism Removal (CPR):    0.141ns
  Clock Uncertainty:      0.130ns  ((TSJ^2 + DJ^2)^1/2) / 2 + PE
    Total System Jitter     (TSJ):    0.071ns
    Discrete Jitter          (DJ):    0.250ns
    Phase Error              (PE):    0.000ns
  Clock Net Delay (Source):      2.414ns (routing 1.045ns, distribution 1.369ns)
  Clock Net Delay (Destination): 2.303ns (routing 0.955ns, distribution 1.348ns)

    Location             Delay type                Incr(ns)  Path(ns)    Netlist Resource(s)
  -------------------------------------------------------------------    -------------------
                         (clock clk_pl_0 rise edge)
                                                      0.000     0.000 r  
    PS8_X0Y0             PS8                          0.000     0.000 r  vitis_design_i/zynq_ultra_ps_e_0/inst/PS8_i/PLCLK[0]
                         net (fo=1, routed)           0.229     0.229    vitis_design_i/zynq_ultra_ps_e_0/inst/pl_clk_unbuffered[0]
    BUFG_PS_X0Y80        BUFG_PS (Prop_BUFG_PS_I_O)
                                                      0.038     0.267 r  vitis_design_i/zynq_ultra_ps_e_0/inst/buffer_pl_clk_0.PL_CLK_0_BUFG/O
    X0Y1 (CLOCK_ROOT)    net (fo=21584, routed)       2.414     2.681    vitis_design_i/myproject_axi_master_1/inst/load_input_float_array_ap_fixed_11_7_0_3_0_60u_U0/grp_load_input_float_array_ap_fixed_60u_Pipeline_VITIS_LOOP_13_1_fu_90/fpext_32ns_64_2_no_dsp_1_U3/ap_clk
    SLICE_X17Y74         FDRE                                         r  vitis_design_i/myproject_axi_master_1/inst/load_input_float_array_ap_fixed_11_7_0_3_0_60u_U0/grp_load_input_float_array_ap_fixed_60u_Pipeline_VITIS_LOOP_13_1_fu_90/fpext_32ns_64_2_no_dsp_1_U3/din0_buf1_reg[23]/C
  -------------------------------------------------------------------    -------------------
    SLICE_X17Y74         FDRE (Prop_HFF2_SLICEM_C_Q)
                                                      0.114     2.795 f  vitis_design_i/myproject_axi_master_1/inst/load_input_float_array_ap_fixed_11_7_0_3_0_60u_U0/grp_load_input_float_array_ap_fixed_60u_Pipeline_VITIS_LOOP_13_1_fu_90/fpext_32ns_64_2_no_dsp_1_U3/din0_buf1_reg[23]/Q
                         net (fo=3, routed)           0.270     3.065    vitis_design_wrapper/vitis_design/vitis_design_myproject_axi_master_1_0/vitis_design_myproject_axi_master_1_0_myproject_axi_master/vitis_design_myproject_axi_master_1_0_myproject_axi_master_load_input_float_array_ap_fixed_11_7_0_3_0_60u_s/vitis_design_myproject_axi_master_1_0_myproject_axi_master_load_input_float_array_ap_fixed_60u_Pipeline_VITIS_LOOP_13_1/vitis_design_myproject_axi_master_1_0_myproject_axi_master_fpext_32ns_64_2_no_dsp_1/vitis_design_myproject_axi_master_1_0_myproject_axi_master_fpext_32ns_64_2_no_dsp_1_ip/<hidden>/<hidden>/<hidden>/<hidden>
    SLICE_X17Y74         LUT4 (Prop_D5LUT_SLICEM_I2_O)
                                                      0.220     3.285 r  vitis_design_wrapper/vitis_design/vitis_design_myproject_axi_master_1_0/vitis_design_myproject_axi_master_1_0_myproject_axi_master/vitis_design_myproject_axi_master_1_0_myproject_axi_master_load_input_float_array_ap_fixed_11_7_0_3_0_60u_s/vitis_design_myproject_axi_master_1_0_myproject_axi_master_load_input_float_array_ap_fixed_60u_Pipeline_VITIS_LOOP_13_1/vitis_design_myproject_axi_master_1_0_myproject_axi_master_fpext_32ns_64_2_no_dsp_1/vitis_design_myproject_axi_master_1_0_myproject_axi_master_fpext_32ns_64_2_no_dsp_1_ip/<hidden>/<hidden>/<hidden>/<hidden>
                         net (fo=33, routed)          0.334     3.620    vitis_design_wrapper/vitis_design/vitis_design_myproject_axi_master_1_0/vitis_design_myproject_axi_master_1_0_myproject_axi_master/vitis_design_myproject_axi_master_1_0_myproject_axi_master_load_input_float_array_ap_fixed_11_7_0_3_0_60u_s/vitis_design_myproject_axi_master_1_0_myproject_axi_master_load_input_float_array_ap_fixed_60u_Pipeline_VITIS_LOOP_13_1/vitis_design_myproject_axi_master_1_0_myproject_axi_master_fpext_32ns_64_2_no_dsp_1/vitis_design_myproject_axi_master_1_0_myproject_axi_master_fpext_32ns_64_2_no_dsp_1_ip/<hidden>/<hidden>/<hidden>/<hidden>
    SLICE_X18Y72         LUT5 (Prop_G6LUT_SLICEM_I1_O)
                                                      0.226     3.846 r  vitis_design_wrapper/vitis_design/vitis_design_myproject_axi_master_1_0/vitis_design_myproject_axi_master_1_0_myproject_axi_master/vitis_design_myproject_axi_master_1_0_myproject_axi_master_load_input_float_array_ap_fixed_11_7_0_3_0_60u_s/vitis_design_myproject_axi_master_1_0_myproject_axi_master_load_input_float_array_ap_fixed_60u_Pipeline_VITIS_LOOP_13_1/vitis_design_myproject_axi_master_1_0_myproject_axi_master_fpext_32ns_64_2_no_dsp_1/vitis_design_myproject_axi_master_1_0_myproject_axi_master_fpext_32ns_64_2_no_dsp_1_ip/<hidden>/<hidden>/<hidden>/<hidden>
                         net (fo=2, routed)           0.157     4.003    vitis_design_i/myproject_axi_master_1/inst/load_input_float_array_ap_fixed_11_7_0_3_0_60u_U0/grp_load_input_float_array_ap_fixed_60u_Pipeline_VITIS_LOOP_13_1_fu_90/fpext_32ns_64_2_no_dsp_1_U3/r_tdata[49]
    SLICE_X18Y72         LUT3 (Prop_D6LUT_SLICEM_I0_O)
                                                      0.220     4.223 r  vitis_design_i/myproject_axi_master_1/inst/load_input_float_array_ap_fixed_11_7_0_3_0_60u_U0/grp_load_input_float_array_ap_fixed_60u_Pipeline_VITIS_LOOP_13_1_fu_90/fpext_32ns_64_2_no_dsp_1_U3/trunc_ln17_369_reg_18651[49]_i_1/O
                         net (fo=61, routed)          5.077     9.300    vitis_design_i/myproject_axi_master_1/inst/load_input_float_array_ap_fixed_11_7_0_3_0_60u_U0/grp_load_input_float_array_ap_fixed_60u_Pipeline_VITIS_LOOP_13_1_fu_90/grp_fu_134_p1[49]
    SLICE_X23Y157        FDRE                                         r  vitis_design_i/myproject_axi_master_1/inst/load_input_float_array_ap_fixed_11_7_0_3_0_60u_U0/grp_load_input_float_array_ap_fixed_60u_Pipeline_VITIS_LOOP_13_1_fu_90/trunc_ln17_57_reg_16857_reg[49]/D
  -------------------------------------------------------------------    -------------------

                         (clock clk_pl_0 rise edge)
                                                     10.000    10.000 r  
    PS8_X0Y0             PS8                          0.000    10.000 r  vitis_design_i/zynq_ultra_ps_e_0/inst/PS8_i/PLCLK[0]
                         net (fo=1, routed)           0.181    10.181    vitis_design_i/zynq_ultra_ps_e_0/inst/pl_clk_unbuffered[0]
    BUFG_PS_X0Y80        BUFG_PS (Prop_BUFG_PS_I_O)
                                                      0.035    10.216 r  vitis_design_i/zynq_ultra_ps_e_0/inst/buffer_pl_clk_0.PL_CLK_0_BUFG/O
    X0Y1 (CLOCK_ROOT)    net (fo=21584, routed)       2.303    12.519    vitis_design_i/myproject_axi_master_1/inst/load_input_float_array_ap_fixed_11_7_0_3_0_60u_U0/grp_load_input_float_array_ap_fixed_60u_Pipeline_VITIS_LOOP_13_1_fu_90/ap_clk
    SLICE_X23Y157        FDRE                                         r  vitis_design_i/myproject_axi_master_1/inst/load_input_float_array_ap_fixed_11_7_0_3_0_60u_U0/grp_load_input_float_array_ap_fixed_60u_Pipeline_VITIS_LOOP_13_1_fu_90/trunc_ln17_57_reg_16857_reg[49]/C
                         clock pessimism              0.141    12.660    
                         clock uncertainty           -0.130    12.530    
    SLICE_X23Y157        FDRE (Setup_GFF_SLICEL_C_D)
                                                      0.044    12.574    vitis_design_i/myproject_axi_master_1/inst/load_input_float_array_ap_fixed_11_7_0_3_0_60u_U0/grp_load_input_float_array_ap_fixed_60u_Pipeline_VITIS_LOOP_13_1_fu_90/trunc_ln17_57_reg_16857_reg[49]
  -------------------------------------------------------------------
                         required time                         12.574    
                         arrival time                          -9.300    
  -------------------------------------------------------------------
                         slack                                  3.274    

Slack (MET) :             3.332ns  (required time - arrival time)
  Source:                 vitis_design_i/myproject_axi_master_1/inst/stream_in0_input_layer_U/U_myproject_axi_master_fifo_w960_d128_A_ram/mem_reg_2/CLKARDCLK
                            (rising edge-triggered cell RAMB36E2 clocked by clk_pl_0  {rise@0.000ns fall@5.000ns period=10.000ns})
  Destination:            vitis_design_i/myproject_axi_master_1/inst/compute_U0/grp_myproject_fu_62/dense_array_ap_fixed_60u_array_ap_fixed_16_13_5_3_0_128u_config3_U0/grp_dense_latency_ap_fixed_11_7_0_3_0_ap_fixed_16_13_5_3_0_config3_s_fu_133/sub_ln58_44_reg_3151_reg[17]/D
                            (rising edge-triggered cell FDRE clocked by clk_pl_0  {rise@0.000ns fall@5.000ns period=10.000ns})
  Path Group:             clk_pl_0
  Path Type:              Setup (Max at Slow Process Corner)
  Requirement:            10.000ns  (clk_pl_0 rise@10.000ns - clk_pl_0 rise@0.000ns)
  Data Path Delay:        6.258ns  (logic 1.816ns (29.019%)  route 4.442ns (70.981%))
  Logic Levels:           9  (CARRY8=5 LUT3=3 LUT4=1)
  Clock Path Skew:        -0.324ns (DCD - SCD + CPR)
    Destination Clock Delay (DCD):    2.479ns = ( 12.479 - 10.000 ) 
    Source Clock Delay      (SCD):    3.008ns
    Clock Pessimism Removal (CPR):    0.204ns
  Clock Uncertainty:      0.130ns  ((TSJ^2 + DJ^2)^1/2) / 2 + PE
    Total System Jitter     (TSJ):    0.071ns
    Discrete Jitter          (DJ):    0.250ns
    Phase Error              (PE):    0.000ns
  Clock Net Delay (Source):      2.741ns (routing 1.045ns, distribution 1.696ns)
  Clock Net Delay (Destination): 2.263ns (routing 0.955ns, distribution 1.308ns)

    Location             Delay type                Incr(ns)  Path(ns)    Netlist Resource(s)
  -------------------------------------------------------------------    -------------------
                         (clock clk_pl_0 rise edge)
                                                      0.000     0.000 r  
    PS8_X0Y0             PS8                          0.000     0.000 r  vitis_design_i/zynq_ultra_ps_e_0/inst/PS8_i/PLCLK[0]
                         net (fo=1, routed)           0.229     0.229    vitis_design_i/zynq_ultra_ps_e_0/inst/pl_clk_unbuffered[0]
    BUFG_PS_X0Y80        BUFG_PS (Prop_BUFG_PS_I_O)
                                                      0.038     0.267 r  vitis_design_i/zynq_ultra_ps_e_0/inst/buffer_pl_clk_0.PL_CLK_0_BUFG/O
    X0Y1 (CLOCK_ROOT)    net (fo=21584, routed)       2.741     3.008    vitis_design_i/myproject_axi_master_1/inst/stream_in0_input_layer_U/U_myproject_axi_master_fifo_w960_d128_A_ram/ap_clk
    RAMB36_X0Y12         RAMB36E2                                     r  vitis_design_i/myproject_axi_master_1/inst/stream_in0_input_layer_U/U_myproject_axi_master_fifo_w960_d128_A_ram/mem_reg_2/CLKARDCLK
  -------------------------------------------------------------------    -------------------
    RAMB36_X0Y12         RAMB36E2 (Prop_RAMB36E2_RAMB36_CLKARDCLK_DOUTBDOUT[2])
                                                      0.323     3.331 r  vitis_design_i/myproject_axi_master_1/inst/stream_in0_input_layer_U/U_myproject_axi_master_fifo_w960_d128_A_ram/mem_reg_2/DOUTBDOUT[2]
                         net (fo=27, routed)          1.445     4.775    vitis_design_i/myproject_axi_master_1/inst/stream_in0_input_layer_U/U_myproject_axi_master_fifo_w960_d128_A_ram/compute_U0/grp_myproject_fu_62/dense_array_ap_fixed_60u_array_ap_fixed_16_13_5_3_0_128u_config3_U0/data_6_reg_669[2]
    SLICE_X20Y91         LUT4 (Prop_A6LUT_SLICEM_I2_O)
                                                      0.083     4.858 r  vitis_design_i/myproject_axi_master_1/inst/stream_in0_input_layer_U/U_myproject_axi_master_fifo_w960_d128_A_ram/sub_ln58_44_reg_3151[3]_i_45/O
                         net (fo=1, routed)           0.594     5.452    vitis_design_i/myproject_axi_master_1/inst/stream_in0_input_layer_U/U_myproject_axi_master_fifo_w960_d128_A_ram/sub_ln58_44_reg_3151[3]_i_45_n_0
    SLICE_X24Y90         CARRY8 (Prop_CARRY8_SLICEM_DI[2]_O[4])
                                                      0.240     5.692 r  vitis_design_i/myproject_axi_master_1/inst/stream_in0_input_layer_U/U_myproject_axi_master_fifo_w960_d128_A_ram/sub_ln58_44_reg_3151_reg[3]_i_19/O[4]
                         net (fo=3, routed)           0.359     6.051    vitis_design_i/myproject_axi_master_1/inst/stream_in0_input_layer_U/U_myproject_axi_master_fifo_w960_d128_A_ram/compute_U0/grp_myproject_fu_62/dense_array_ap_fixed_60u_array_ap_fixed_16_13_5_3_0_128u_config3_U0/grp_dense_latency_ap_fixed_11_7_0_3_0_ap_fixed_16_13_5_3_0_config3_s_fu_133/sub_ln58_43_fu_2476_p2[7]
    SLICE_X24Y102        LUT3 (Prop_B6LUT_SLICEM_I0_O)
                                                      0.137     6.188 r  vitis_design_i/myproject_axi_master_1/inst/stream_in0_input_layer_U/U_myproject_axi_master_fifo_w960_d128_A_ram/sub_ln58_44_reg_3151[3]_i_15/O
                         net (fo=1, routed)           0.390     6.578    vitis_design_i/myproject_axi_master_1/inst/stream_in0_input_layer_U/U_myproject_axi_master_fifo_w960_d128_A_ram/sub_ln58_44_reg_3151[3]_i_15_n_0
    SLICE_X23Y90         CARRY8 (Prop_CARRY8_SLICEL_DI[7]_CO[7])
                                                      0.077     6.655 r  vitis_design_i/myproject_axi_master_1/inst/stream_in0_input_layer_U/U_myproject_axi_master_fifo_w960_d128_A_ram/sub_ln58_44_reg_3151_reg[3]_i_13/CO[7]
                         net (fo=1, routed)           0.030     6.685    vitis_design_i/myproject_axi_master_1/inst/stream_in0_input_layer_U/U_myproject_axi_master_fifo_w960_d128_A_ram/sub_ln58_44_reg_3151_reg[3]_i_13_n_0
    SLICE_X23Y91         CARRY8 (Prop_CARRY8_SLICEL_CI_O[1])
                                                      0.106     6.791 r  vitis_design_i/myproject_axi_master_1/inst/stream_in0_input_layer_U/U_myproject_axi_master_fifo_w960_d128_A_ram/sub_ln58_44_reg_3151_reg[3]_i_14/O[1]
                         net (fo=3, routed)           0.689     7.480    vitis_design_i/myproject_axi_master_1/inst/stream_in0_input_layer_U/U_myproject_axi_master_fifo_w960_d128_A_ram/compute_U0/grp_myproject_fu_62/dense_array_ap_fixed_60u_array_ap_fixed_16_13_5_3_0_128u_config3_U0/grp_dense_latency_ap_fixed_11_7_0_3_0_ap_fixed_16_13_5_3_0_config3_s_fu_133/sext_ln58_90_fu_2492_p1[10]
    SLICE_X21Y101        LUT3 (Prop_C5LUT_SLICEM_I2_O)
                                                      0.136     7.616 r  vitis_design_i/myproject_axi_master_1/inst/stream_in0_input_layer_U/U_myproject_axi_master_fifo_w960_d128_A_ram/sub_ln58_44_reg_3151[17]_i_16/O
                         net (fo=1, routed)           0.674     8.290    vitis_design_i/myproject_axi_master_1/inst/stream_in0_input_layer_U/U_myproject_axi_master_fifo_w960_d128_A_ram/sub_ln58_44_reg_3151[17]_i_16_n_0
    SLICE_X24Y95         CARRY8 (Prop_CARRY8_SLICEM_DI[1]_O[4])
                                                      0.271     8.561 r  vitis_design_i/myproject_axi_master_1/inst/stream_in0_input_layer_U/U_myproject_axi_master_fifo_w960_d128_A_ram/sub_ln58_44_reg_3151_reg[17]_i_2/O[4]
                         net (fo=4, routed)           0.215     8.777    vitis_design_i/myproject_axi_master_1/inst/stream_in0_input_layer_U/U_myproject_axi_master_fifo_w960_d128_A_ram/compute_U0/grp_myproject_fu_62/dense_array_ap_fixed_60u_array_ap_fixed_16_13_5_3_0_128u_config3_U0/grp_dense_latency_ap_fixed_11_7_0_3_0_ap_fixed_16_13_5_3_0_config3_s_fu_133/sext_ln58_121_fu_2506_p1__0[14]
    SLICE_X23Y95         LUT3 (Prop_D6LUT_SLICEL_I0_O)
                                                      0.185     8.962 r  vitis_design_i/myproject_axi_master_1/inst/stream_in0_input_layer_U/U_myproject_axi_master_fifo_w960_d128_A_ram/sub_ln58_44_reg_3151[17]_i_8/O
                         net (fo=1, routed)           0.013     8.975    vitis_design_i/myproject_axi_master_1/inst/stream_in0_input_layer_U/U_myproject_axi_master_fifo_w960_d128_A_ram/sub_ln58_44_reg_3151[17]_i_8_n_0
    SLICE_X23Y95         CARRY8 (Prop_CARRY8_SLICEL_S[3]_O[5])
                                                      0.258     9.233 r  vitis_design_i/myproject_axi_master_1/inst/stream_in0_input_layer_U/U_myproject_axi_master_fifo_w960_d128_A_ram/sub_ln58_44_reg_3151_reg[17]_i_1/O[5]
                         net (fo=1, routed)           0.033     9.266    vitis_design_i/myproject_axi_master_1/inst/compute_U0/grp_myproject_fu_62/dense_array_ap_fixed_60u_array_ap_fixed_16_13_5_3_0_128u_config3_U0/grp_dense_latency_ap_fixed_11_7_0_3_0_ap_fixed_16_13_5_3_0_config3_s_fu_133/O17[15]
    SLICE_X23Y95         FDRE                                         r  vitis_design_i/myproject_axi_master_1/inst/compute_U0/grp_myproject_fu_62/dense_array_ap_fixed_60u_array_ap_fixed_16_13_5_3_0_128u_config3_U0/grp_dense_latency_ap_fixed_11_7_0_3_0_ap_fixed_16_13_5_3_0_config3_s_fu_133/sub_ln58_44_reg_3151_reg[17]/D
  -------------------------------------------------------------------    -------------------

                         (clock clk_pl_0 rise edge)
                                                     10.000    10.000 r  
    PS8_X0Y0             PS8                          0.000    10.000 r  vitis_design_i/zynq_ultra_ps_e_0/inst/PS8_i/PLCLK[0]
                         net (fo=1, routed)           0.181    10.181    vitis_design_i/zynq_ultra_ps_e_0/inst/pl_clk_unbuffered[0]
    BUFG_PS_X0Y80        BUFG_PS (Prop_BUFG_PS_I_O)
                                                      0.035    10.216 r  vitis_design_i/zynq_ultra_ps_e_0/inst/buffer_pl_clk_0.PL_CLK_0_BUFG/O
    X0Y1 (CLOCK_ROOT)    net (fo=21584, routed)       2.263    12.479    vitis_design_i/myproject_axi_master_1/inst/compute_U0/grp_myproject_fu_62/dense_array_ap_fixed_60u_array_ap_fixed_16_13_5_3_0_128u_config3_U0/grp_dense_latency_ap_fixed_11_7_0_3_0_ap_fixed_16_13_5_3_0_config3_s_fu_133/ap_clk
    SLICE_X23Y95         FDRE                                         r  vitis_design_i/myproject_axi_master_1/inst/compute_U0/grp_myproject_fu_62/dense_array_ap_fixed_60u_array_ap_fixed_16_13_5_3_0_128u_config3_U0/grp_dense_latency_ap_fixed_11_7_0_3_0_ap_fixed_16_13_5_3_0_config3_s_fu_133/sub_ln58_44_reg_3151_reg[17]/C
                         clock pessimism              0.204    12.683    
                         clock uncertainty           -0.130    12.554    
    SLICE_X23Y95         FDRE (Setup_FFF_SLICEL_C_D)
                                                      0.044    12.598    vitis_design_i/myproject_axi_master_1/inst/compute_U0/grp_myproject_fu_62/dense_array_ap_fixed_60u_array_ap_fixed_16_13_5_3_0_128u_config3_U0/grp_dense_latency_ap_fixed_11_7_0_3_0_ap_fixed_16_13_5_3_0_config3_s_fu_133/sub_ln58_44_reg_3151_reg[17]
  -------------------------------------------------------------------
                         required time                         12.598    
                         arrival time                          -9.266    
  -------------------------------------------------------------------
                         slack                                  3.332    

Slack (MET) :             3.374ns  (required time - arrival time)
  Source:                 vitis_design_i/myproject_axi_master_1/inst/stream_in0_input_layer_U/U_myproject_axi_master_fifo_w960_d128_A_ram/mem_reg_2/CLKARDCLK
                            (rising edge-triggered cell RAMB36E2 clocked by clk_pl_0  {rise@0.000ns fall@5.000ns period=10.000ns})
  Destination:            vitis_design_i/myproject_axi_master_1/inst/compute_U0/grp_myproject_fu_62/dense_array_ap_fixed_60u_array_ap_fixed_16_13_5_3_0_128u_config3_U0/grp_dense_latency_ap_fixed_11_7_0_3_0_ap_fixed_16_13_5_3_0_config3_s_fu_133/sub_ln58_44_reg_3151_reg[16]/D
                            (rising edge-triggered cell FDRE clocked by clk_pl_0  {rise@0.000ns fall@5.000ns period=10.000ns})
  Path Group:             clk_pl_0
  Path Type:              Setup (Max at Slow Process Corner)
  Requirement:            10.000ns  (clk_pl_0 rise@10.000ns - clk_pl_0 rise@0.000ns)
  Data Path Delay:        6.216ns  (logic 1.788ns (28.765%)  route 4.428ns (71.235%))
  Logic Levels:           9  (CARRY8=5 LUT2=1 LUT3=2 LUT4=1)
  Clock Path Skew:        -0.324ns (DCD - SCD + CPR)
    Destination Clock Delay (DCD):    2.479ns = ( 12.479 - 10.000 ) 
    Source Clock Delay      (SCD):    3.008ns
    Clock Pessimism Removal (CPR):    0.204ns
  Clock Uncertainty:      0.130ns  ((TSJ^2 + DJ^2)^1/2) / 2 + PE
    Total System Jitter     (TSJ):    0.071ns
    Discrete Jitter          (DJ):    0.250ns
    Phase Error              (PE):    0.000ns
  Clock Net Delay (Source):      2.741ns (routing 1.045ns, distribution 1.696ns)
  Clock Net Delay (Destination): 2.263ns (routing 0.955ns, distribution 1.308ns)

    Location             Delay type                Incr(ns)  Path(ns)    Netlist Resource(s)
  -------------------------------------------------------------------    -------------------
                         (clock clk_pl_0 rise edge)
                                                      0.000     0.000 r  
    PS8_X0Y0             PS8                          0.000     0.000 r  vitis_design_i/zynq_ultra_ps_e_0/inst/PS8_i/PLCLK[0]
                         net (fo=1, routed)           0.229     0.229    vitis_design_i/zynq_ultra_ps_e_0/inst/pl_clk_unbuffered[0]
    BUFG_PS_X0Y80        BUFG_PS (Prop_BUFG_PS_I_O)
                                                      0.038     0.267 r  vitis_design_i/zynq_ultra_ps_e_0/inst/buffer_pl_clk_0.PL_CLK_0_BUFG/O
    X0Y1 (CLOCK_ROOT)    net (fo=21584, routed)       2.741     3.008    vitis_design_i/myproject_axi_master_1/inst/stream_in0_input_layer_U/U_myproject_axi_master_fifo_w960_d128_A_ram/ap_clk
    RAMB36_X0Y12         RAMB36E2                                     r  vitis_design_i/myproject_axi_master_1/inst/stream_in0_input_layer_U/U_myproject_axi_master_fifo_w960_d128_A_ram/mem_reg_2/CLKARDCLK
  -------------------------------------------------------------------    -------------------
    RAMB36_X0Y12         RAMB36E2 (Prop_RAMB36E2_RAMB36_CLKARDCLK_DOUTBDOUT[2])
                                                      0.323     3.331 r  vitis_design_i/myproject_axi_master_1/inst/stream_in0_input_layer_U/U_myproject_axi_master_fifo_w960_d128_A_ram/mem_reg_2/DOUTBDOUT[2]
                         net (fo=27, routed)          1.445     4.775    vitis_design_i/myproject_axi_master_1/inst/stream_in0_input_layer_U/U_myproject_axi_master_fifo_w960_d128_A_ram/compute_U0/grp_myproject_fu_62/dense_array_ap_fixed_60u_array_ap_fixed_16_13_5_3_0_128u_config3_U0/data_6_reg_669[2]
    SLICE_X20Y91         LUT4 (Prop_A6LUT_SLICEM_I2_O)
                                                      0.083     4.858 r  vitis_design_i/myproject_axi_master_1/inst/stream_in0_input_layer_U/U_myproject_axi_master_fifo_w960_d128_A_ram/sub_ln58_44_reg_3151[3]_i_45/O
                         net (fo=1, routed)           0.594     5.452    vitis_design_i/myproject_axi_master_1/inst/stream_in0_input_layer_U/U_myproject_axi_master_fifo_w960_d128_A_ram/sub_ln58_44_reg_3151[3]_i_45_n_0
    SLICE_X24Y90         CARRY8 (Prop_CARRY8_SLICEM_DI[2]_O[4])
                                                      0.240     5.692 r  vitis_design_i/myproject_axi_master_1/inst/stream_in0_input_layer_U/U_myproject_axi_master_fifo_w960_d128_A_ram/sub_ln58_44_reg_3151_reg[3]_i_19/O[4]
                         net (fo=3, routed)           0.359     6.051    vitis_design_i/myproject_axi_master_1/inst/stream_in0_input_layer_U/U_myproject_axi_master_fifo_w960_d128_A_ram/compute_U0/grp_myproject_fu_62/dense_array_ap_fixed_60u_array_ap_fixed_16_13_5_3_0_128u_config3_U0/grp_dense_latency_ap_fixed_11_7_0_3_0_ap_fixed_16_13_5_3_0_config3_s_fu_133/sub_ln58_43_fu_2476_p2[7]
    SLICE_X24Y102        LUT3 (Prop_B6LUT_SLICEM_I0_O)
                                                      0.137     6.188 r  vitis_design_i/myproject_axi_master_1/inst/stream_in0_input_layer_U/U_myproject_axi_master_fifo_w960_d128_A_ram/sub_ln58_44_reg_3151[3]_i_15/O
                         net (fo=1, routed)           0.390     6.578    vitis_design_i/myproject_axi_master_1/inst/stream_in0_input_layer_U/U_myproject_axi_master_fifo_w960_d128_A_ram/sub_ln58_44_reg_3151[3]_i_15_n_0
    SLICE_X23Y90         CARRY8 (Prop_CARRY8_SLICEL_DI[7]_CO[7])
                                                      0.077     6.655 r  vitis_design_i/myproject_axi_master_1/inst/stream_in0_input_layer_U/U_myproject_axi_master_fifo_w960_d128_A_ram/sub_ln58_44_reg_3151_reg[3]_i_13/CO[7]
                         net (fo=1, routed)           0.030     6.685    vitis_design_i/myproject_axi_master_1/inst/stream_in0_input_layer_U/U_myproject_axi_master_fifo_w960_d128_A_ram/sub_ln58_44_reg_3151_reg[3]_i_13_n_0
    SLICE_X23Y91         CARRY8 (Prop_CARRY8_SLICEL_CI_O[1])
                                                      0.106     6.791 r  vitis_design_i/myproject_axi_master_1/inst/stream_in0_input_layer_U/U_myproject_axi_master_fifo_w960_d128_A_ram/sub_ln58_44_reg_3151_reg[3]_i_14/O[1]
                         net (fo=3, routed)           0.689     7.480    vitis_design_i/myproject_axi_master_1/inst/stream_in0_input_layer_U/U_myproject_axi_master_fifo_w960_d128_A_ram/compute_U0/grp_myproject_fu_62/dense_array_ap_fixed_60u_array_ap_fixed_16_13_5_3_0_128u_config3_U0/grp_dense_latency_ap_fixed_11_7_0_3_0_ap_fixed_16_13_5_3_0_config3_s_fu_133/sext_ln58_90_fu_2492_p1[10]
    SLICE_X21Y101        LUT3 (Prop_C5LUT_SLICEM_I2_O)
                                                      0.136     7.616 r  vitis_design_i/myproject_axi_master_1/inst/stream_in0_input_layer_U/U_myproject_axi_master_fifo_w960_d128_A_ram/sub_ln58_44_reg_3151[17]_i_16/O
                         net (fo=1, routed)           0.674     8.290    vitis_design_i/myproject_axi_master_1/inst/stream_in0_input_layer_U/U_myproject_axi_master_fifo_w960_d128_A_ram/sub_ln58_44_reg_3151[17]_i_16_n_0
    SLICE_X24Y95         CARRY8 (Prop_CARRY8_SLICEM_DI[1]_O[4])
                                                      0.271     8.561 r  vitis_design_i/myproject_axi_master_1/inst/stream_in0_input_layer_U/U_myproject_axi_master_fifo_w960_d128_A_ram/sub_ln58_44_reg_3151_reg[17]_i_2/O[4]
                         net (fo=4, routed)           0.215     8.777    vitis_design_i/myproject_axi_master_1/inst/stream_in0_input_layer_U/U_myproject_axi_master_fifo_w960_d128_A_ram/compute_U0/grp_myproject_fu_62/dense_array_ap_fixed_60u_array_ap_fixed_16_13_5_3_0_128u_config3_U0/grp_dense_latency_ap_fixed_11_7_0_3_0_ap_fixed_16_13_5_3_0_config3_s_fu_133/sext_ln58_121_fu_2506_p1__0[14]
    SLICE_X23Y95         LUT2 (Prop_D5LUT_SLICEL_I1_O)
                                                      0.187     8.964 r  vitis_design_i/myproject_axi_master_1/inst/stream_in0_input_layer_U/U_myproject_axi_master_fifo_w960_d128_A_ram/sub_ln58_44_reg_3151[17]_i_3/O
                         net (fo=1, routed)           0.000     8.964    vitis_design_i/myproject_axi_master_1/inst/stream_in0_input_layer_U/U_myproject_axi_master_fifo_w960_d128_A_ram/sub_ln58_44_reg_3151[17]_i_3_n_0
    SLICE_X23Y95         CARRY8 (Prop_CARRY8_SLICEL_DI[3]_O[4])
                                                      0.228     9.192 r  vitis_design_i/myproject_axi_master_1/inst/stream_in0_input_layer_U/U_myproject_axi_master_fifo_w960_d128_A_ram/sub_ln58_44_reg_3151_reg[17]_i_1/O[4]
                         net (fo=1, routed)           0.032     9.224    vitis_design_i/myproject_axi_master_1/inst/compute_U0/grp_myproject_fu_62/dense_array_ap_fixed_60u_array_ap_fixed_16_13_5_3_0_128u_config3_U0/grp_dense_latency_ap_fixed_11_7_0_3_0_ap_fixed_16_13_5_3_0_config3_s_fu_133/O17[14]
    SLICE_X23Y95         FDRE                                         r  vitis_design_i/myproject_axi_master_1/inst/compute_U0/grp_myproject_fu_62/dense_array_ap_fixed_60u_array_ap_fixed_16_13_5_3_0_128u_config3_U0/grp_dense_latency_ap_fixed_11_7_0_3_0_ap_fixed_16_13_5_3_0_config3_s_fu_133/sub_ln58_44_reg_3151_reg[16]/D
  -------------------------------------------------------------------    -------------------

                         (clock clk_pl_0 rise edge)
                                                     10.000    10.000 r  
    PS8_X0Y0             PS8                          0.000    10.000 r  vitis_design_i/zynq_ultra_ps_e_0/inst/PS8_i/PLCLK[0]
                         net (fo=1, routed)           0.181    10.181    vitis_design_i/zynq_ultra_ps_e_0/inst/pl_clk_unbuffered[0]
    BUFG_PS_X0Y80        BUFG_PS (Prop_BUFG_PS_I_O)
                                                      0.035    10.216 r  vitis_design_i/zynq_ultra_ps_e_0/inst/buffer_pl_clk_0.PL_CLK_0_BUFG/O
    X0Y1 (CLOCK_ROOT)    net (fo=21584, routed)       2.263    12.479    vitis_design_i/myproject_axi_master_1/inst/compute_U0/grp_myproject_fu_62/dense_array_ap_fixed_60u_array_ap_fixed_16_13_5_3_0_128u_config3_U0/grp_dense_latency_ap_fixed_11_7_0_3_0_ap_fixed_16_13_5_3_0_config3_s_fu_133/ap_clk
    SLICE_X23Y95         FDRE                                         r  vitis_design_i/myproject_axi_master_1/inst/compute_U0/grp_myproject_fu_62/dense_array_ap_fixed_60u_array_ap_fixed_16_13_5_3_0_128u_config3_U0/grp_dense_latency_ap_fixed_11_7_0_3_0_ap_fixed_16_13_5_3_0_config3_s_fu_133/sub_ln58_44_reg_3151_reg[16]/C
                         clock pessimism              0.204    12.683    
                         clock uncertainty           -0.130    12.554    
    SLICE_X23Y95         FDRE (Setup_EFF_SLICEL_C_D)
                                                      0.044    12.598    vitis_design_i/myproject_axi_master_1/inst/compute_U0/grp_myproject_fu_62/dense_array_ap_fixed_60u_array_ap_fixed_16_13_5_3_0_128u_config3_U0/grp_dense_latency_ap_fixed_11_7_0_3_0_ap_fixed_16_13_5_3_0_config3_s_fu_133/sub_ln58_44_reg_3151_reg[16]
  -------------------------------------------------------------------
                         required time                         12.598    
                         arrival time                          -9.224    
  -------------------------------------------------------------------
                         slack                                  3.374    

Slack (MET) :             3.428ns  (required time - arrival time)
  Source:                 vitis_design_i/myproject_axi_master_1/inst/load_input_float_array_ap_fixed_11_7_0_3_0_60u_U0/grp_load_input_float_array_ap_fixed_60u_Pipeline_VITIS_LOOP_13_1_fu_90/fpext_32ns_64_2_no_dsp_1_U3/din0_buf1_reg[29]/C
                            (rising edge-triggered cell FDRE clocked by clk_pl_0  {rise@0.000ns fall@5.000ns period=10.000ns})
  Destination:            vitis_design_i/myproject_axi_master_1/inst/load_input_float_array_ap_fixed_11_7_0_3_0_60u_U0/grp_load_input_float_array_ap_fixed_60u_Pipeline_VITIS_LOOP_13_1_fu_90/trunc_ln17_57_reg_16857_reg[36]/D
                            (rising edge-triggered cell FDRE clocked by clk_pl_0  {rise@0.000ns fall@5.000ns period=10.000ns})
  Path Group:             clk_pl_0
  Path Type:              Setup (Max at Slow Process Corner)
  Requirement:            10.000ns  (clk_pl_0 rise@10.000ns - clk_pl_0 rise@0.000ns)
  Data Path Delay:        6.465ns  (logic 0.678ns (10.487%)  route 5.787ns (89.513%))
  Logic Levels:           3  (LUT3=1 LUT4=1 LUT5=1)
  Clock Path Skew:        -0.021ns (DCD - SCD + CPR)
    Destination Clock Delay (DCD):    2.519ns = ( 12.519 - 10.000 ) 
    Source Clock Delay      (SCD):    2.681ns
    Clock Pessimism Removal (CPR):    0.141ns
  Clock Uncertainty:      0.130ns  ((TSJ^2 + DJ^2)^1/2) / 2 + PE
    Total System Jitter     (TSJ):    0.071ns
    Discrete Jitter          (DJ):    0.250ns
    Phase Error              (PE):    0.000ns
  Clock Net Delay (Source):      2.414ns (routing 1.045ns, distribution 1.369ns)
  Clock Net Delay (Destination): 2.303ns (routing 0.955ns, distribution 1.348ns)

    Location             Delay type                Incr(ns)  Path(ns)    Netlist Resource(s)
  -------------------------------------------------------------------    -------------------
                         (clock clk_pl_0 rise edge)
                                                      0.000     0.000 r  
    PS8_X0Y0             PS8                          0.000     0.000 r  vitis_design_i/zynq_ultra_ps_e_0/inst/PS8_i/PLCLK[0]
                         net (fo=1, routed)           0.229     0.229    vitis_design_i/zynq_ultra_ps_e_0/inst/pl_clk_unbuffered[0]
    BUFG_PS_X0Y80        BUFG_PS (Prop_BUFG_PS_I_O)
                                                      0.038     0.267 r  vitis_design_i/zynq_ultra_ps_e_0/inst/buffer_pl_clk_0.PL_CLK_0_BUFG/O
    X0Y1 (CLOCK_ROOT)    net (fo=21584, routed)       2.414     2.681    vitis_design_i/myproject_axi_master_1/inst/load_input_float_array_ap_fixed_11_7_0_3_0_60u_U0/grp_load_input_float_array_ap_fixed_60u_Pipeline_VITIS_LOOP_13_1_fu_90/fpext_32ns_64_2_no_dsp_1_U3/ap_clk
    SLICE_X17Y73         FDRE                                         r  vitis_design_i/myproject_axi_master_1/inst/load_input_float_array_ap_fixed_11_7_0_3_0_60u_U0/grp_load_input_float_array_ap_fixed_60u_Pipeline_VITIS_LOOP_13_1_fu_90/fpext_32ns_64_2_no_dsp_1_U3/din0_buf1_reg[29]/C
  -------------------------------------------------------------------    -------------------
    SLICE_X17Y73         FDRE (Prop_GFF_SLICEM_C_Q)
                                                      0.116     2.797 f  vitis_design_i/myproject_axi_master_1/inst/load_input_float_array_ap_fixed_11_7_0_3_0_60u_U0/grp_load_input_float_array_ap_fixed_60u_Pipeline_VITIS_LOOP_13_1_fu_90/fpext_32ns_64_2_no_dsp_1_U3/din0_buf1_reg[29]/Q
                         net (fo=3, routed)           0.404     3.201    vitis_design_wrapper/vitis_design/vitis_design_myproject_axi_master_1_0/vitis_design_myproject_axi_master_1_0_myproject_axi_master/vitis_design_myproject_axi_master_1_0_myproject_axi_master_load_input_float_array_ap_fixed_11_7_0_3_0_60u_s/vitis_design_myproject_axi_master_1_0_myproject_axi_master_load_input_float_array_ap_fixed_60u_Pipeline_VITIS_LOOP_13_1/vitis_design_myproject_axi_master_1_0_myproject_axi_master_fpext_32ns_64_2_no_dsp_1/vitis_design_myproject_axi_master_1_0_myproject_axi_master_fpext_32ns_64_2_no_dsp_1_ip/<hidden>/<hidden>/<hidden>/<hidden>
    SLICE_X16Y73         LUT4 (Prop_D5LUT_SLICEL_I1_O)
                                                      0.187     3.388 r  vitis_design_wrapper/vitis_design/vitis_design_myproject_axi_master_1_0/vitis_design_myproject_axi_master_1_0_myproject_axi_master/vitis_design_myproject_axi_master_1_0_myproject_axi_master_load_input_float_array_ap_fixed_11_7_0_3_0_60u_s/vitis_design_myproject_axi_master_1_0_myproject_axi_master_load_input_float_array_ap_fixed_60u_Pipeline_VITIS_LOOP_13_1/vitis_design_myproject_axi_master_1_0_myproject_axi_master_fpext_32ns_64_2_no_dsp_1/vitis_design_myproject_axi_master_1_0_myproject_axi_master_fpext_32ns_64_2_no_dsp_1_ip/<hidden>/<hidden>/<hidden>/<hidden>
                         net (fo=33, routed)          0.296     3.684    vitis_design_wrapper/vitis_design/vitis_design_myproject_axi_master_1_0/vitis_design_myproject_axi_master_1_0_myproject_axi_master/vitis_design_myproject_axi_master_1_0_myproject_axi_master_load_input_float_array_ap_fixed_11_7_0_3_0_60u_s/vitis_design_myproject_axi_master_1_0_myproject_axi_master_load_input_float_array_ap_fixed_60u_Pipeline_VITIS_LOOP_13_1/vitis_design_myproject_axi_master_1_0_myproject_axi_master_fpext_32ns_64_2_no_dsp_1/vitis_design_myproject_axi_master_1_0_myproject_axi_master_fpext_32ns_64_2_no_dsp_1_ip/<hidden>/<hidden>/<hidden>/<hidden>
    SLICE_X17Y73         LUT5 (Prop_H6LUT_SLICEM_I2_O)
                                                      0.189     3.873 r  vitis_design_wrapper/vitis_design/vitis_design_myproject_axi_master_1_0/vitis_design_myproject_axi_master_1_0_myproject_axi_master/vitis_design_myproject_axi_master_1_0_myproject_axi_master_load_input_float_array_ap_fixed_11_7_0_3_0_60u_s/vitis_design_myproject_axi_master_1_0_myproject_axi_master_load_input_float_array_ap_fixed_60u_Pipeline_VITIS_LOOP_13_1/vitis_design_myproject_axi_master_1_0_myproject_axi_master_fpext_32ns_64_2_no_dsp_1/vitis_design_myproject_axi_master_1_0_myproject_axi_master_fpext_32ns_64_2_no_dsp_1_ip/<hidden>/<hidden>/<hidden>/<hidden>
                         net (fo=2, routed)           0.063     3.936    vitis_design_i/myproject_axi_master_1/inst/load_input_float_array_ap_fixed_11_7_0_3_0_60u_U0/grp_load_input_float_array_ap_fixed_60u_Pipeline_VITIS_LOOP_13_1_fu_90/fpext_32ns_64_2_no_dsp_1_U3/r_tdata[36]
    SLICE_X17Y73         LUT3 (Prop_C6LUT_SLICEM_I0_O)
                                                      0.186     4.122 r  vitis_design_i/myproject_axi_master_1/inst/load_input_float_array_ap_fixed_11_7_0_3_0_60u_U0/grp_load_input_float_array_ap_fixed_60u_Pipeline_VITIS_LOOP_13_1_fu_90/fpext_32ns_64_2_no_dsp_1_U3/trunc_ln17_369_reg_18651[36]_i_1/O
                         net (fo=61, routed)          5.024     9.146    vitis_design_i/myproject_axi_master_1/inst/load_input_float_array_ap_fixed_11_7_0_3_0_60u_U0/grp_load_input_float_array_ap_fixed_60u_Pipeline_VITIS_LOOP_13_1_fu_90/grp_fu_134_p1[36]
    SLICE_X23Y157        FDRE                                         r  vitis_design_i/myproject_axi_master_1/inst/load_input_float_array_ap_fixed_11_7_0_3_0_60u_U0/grp_load_input_float_array_ap_fixed_60u_Pipeline_VITIS_LOOP_13_1_fu_90/trunc_ln17_57_reg_16857_reg[36]/D
  -------------------------------------------------------------------    -------------------

                         (clock clk_pl_0 rise edge)
                                                     10.000    10.000 r  
    PS8_X0Y0             PS8                          0.000    10.000 r  vitis_design_i/zynq_ultra_ps_e_0/inst/PS8_i/PLCLK[0]
                         net (fo=1, routed)           0.181    10.181    vitis_design_i/zynq_ultra_ps_e_0/inst/pl_clk_unbuffered[0]
    BUFG_PS_X0Y80        BUFG_PS (Prop_BUFG_PS_I_O)
                                                      0.035    10.216 r  vitis_design_i/zynq_ultra_ps_e_0/inst/buffer_pl_clk_0.PL_CLK_0_BUFG/O
    X0Y1 (CLOCK_ROOT)    net (fo=21584, routed)       2.303    12.519    vitis_design_i/myproject_axi_master_1/inst/load_input_float_array_ap_fixed_11_7_0_3_0_60u_U0/grp_load_input_float_array_ap_fixed_60u_Pipeline_VITIS_LOOP_13_1_fu_90/ap_clk
    SLICE_X23Y157        FDRE                                         r  vitis_design_i/myproject_axi_master_1/inst/load_input_float_array_ap_fixed_11_7_0_3_0_60u_U0/grp_load_input_float_array_ap_fixed_60u_Pipeline_VITIS_LOOP_13_1_fu_90/trunc_ln17_57_reg_16857_reg[36]/C
                         clock pessimism              0.141    12.660    
                         clock uncertainty           -0.130    12.530    
    SLICE_X23Y157        FDRE (Setup_EFF_SLICEL_C_D)
                                                      0.044    12.574    vitis_design_i/myproject_axi_master_1/inst/load_input_float_array_ap_fixed_11_7_0_3_0_60u_U0/grp_load_input_float_array_ap_fixed_60u_Pipeline_VITIS_LOOP_13_1_fu_90/trunc_ln17_57_reg_16857_reg[36]
  -------------------------------------------------------------------
                         required time                         12.574    
                         arrival time                          -9.146    
  -------------------------------------------------------------------
                         slack                                  3.428    

Slack (MET) :             3.447ns  (required time - arrival time)
  Source:                 vitis_design_i/myproject_axi_master_1/inst/stream_in0_input_layer_U/U_myproject_axi_master_fifo_w960_d128_A_ram/mem_reg_4/CLKARDCLK
                            (rising edge-triggered cell RAMB36E2 clocked by clk_pl_0  {rise@0.000ns fall@5.000ns period=10.000ns})
  Destination:            vitis_design_i/myproject_axi_master_1/inst/compute_U0/grp_myproject_fu_62/dense_array_ap_fixed_60u_array_ap_fixed_16_13_5_3_0_128u_config3_U0/grp_dense_latency_ap_fixed_11_7_0_3_0_ap_fixed_16_13_5_3_0_config3_s_fu_133/trunc_ln111_6_reg_3196_reg[12]/D
                            (rising edge-triggered cell FDRE clocked by clk_pl_0  {rise@0.000ns fall@5.000ns period=10.000ns})
  Path Group:             clk_pl_0
  Path Type:              Setup (Max at Slow Process Corner)
  Requirement:            10.000ns  (clk_pl_0 rise@10.000ns - clk_pl_0 rise@0.000ns)
  Data Path Delay:        6.047ns  (logic 1.419ns (23.467%)  route 4.628ns (76.533%))
  Logic Levels:           7  (CARRY8=4 LUT2=1 LUT3=2)
  Clock Path Skew:        -0.420ns (DCD - SCD + CPR)
    Destination Clock Delay (DCD):    2.390ns = ( 12.390 - 10.000 ) 
    Source Clock Delay      (SCD):    2.954ns
    Clock Pessimism Removal (CPR):    0.144ns
  Clock Uncertainty:      0.130ns  ((TSJ^2 + DJ^2)^1/2) / 2 + PE
    Total System Jitter     (TSJ):    0.071ns
    Discrete Jitter          (DJ):    0.250ns
    Phase Error              (PE):    0.000ns
  Clock Net Delay (Source):      2.687ns (routing 1.045ns, distribution 1.642ns)
  Clock Net Delay (Destination): 2.174ns (routing 0.955ns, distribution 1.219ns)

    Location             Delay type                Incr(ns)  Path(ns)    Netlist Resource(s)
  -------------------------------------------------------------------    -------------------
                         (clock clk_pl_0 rise edge)
                                                      0.000     0.000 r  
    PS8_X0Y0             PS8                          0.000     0.000 r  vitis_design_i/zynq_ultra_ps_e_0/inst/PS8_i/PLCLK[0]
                         net (fo=1, routed)           0.229     0.229    vitis_design_i/zynq_ultra_ps_e_0/inst/pl_clk_unbuffered[0]
    BUFG_PS_X0Y80        BUFG_PS (Prop_BUFG_PS_I_O)
                                                      0.038     0.267 r  vitis_design_i/zynq_ultra_ps_e_0/inst/buffer_pl_clk_0.PL_CLK_0_BUFG/O
    X0Y1 (CLOCK_ROOT)    net (fo=21584, routed)       2.687     2.954    vitis_design_i/myproject_axi_master_1/inst/stream_in0_input_layer_U/U_myproject_axi_master_fifo_w960_d128_A_ram/ap_clk
    RAMB36_X0Y11         RAMB36E2                                     r  vitis_design_i/myproject_axi_master_1/inst/stream_in0_input_layer_U/U_myproject_axi_master_fifo_w960_d128_A_ram/mem_reg_4/CLKARDCLK
  -------------------------------------------------------------------    -------------------
    RAMB36_X0Y11         RAMB36E2 (Prop_RAMB36E2_RAMB36_CLKARDCLK_DOUTADOUT[7])
                                                      0.302     3.256 r  vitis_design_i/myproject_axi_master_1/inst/stream_in0_input_layer_U/U_myproject_axi_master_fifo_w960_d128_A_ram/mem_reg_4/DOUTADOUT[7]
                         net (fo=14, routed)          3.171     6.427    vitis_design_i/myproject_axi_master_1/inst/stream_in0_input_layer_U/U_myproject_axi_master_fifo_w960_d128_A_ram/compute_U0/grp_myproject_fu_62/dense_array_ap_fixed_60u_array_ap_fixed_16_13_5_3_0_128u_config3_U0/data_10_reg_689[7]
    SLICE_X18Y110        LUT3 (Prop_G5LUT_SLICEM_I0_O)
                                                      0.155     6.582 f  vitis_design_i/myproject_axi_master_1/inst/stream_in0_input_layer_U/U_myproject_axi_master_fifo_w960_d128_A_ram/tmp_535_reg_3206[10]_i_51/O
                         net (fo=3, routed)           0.225     6.807    vitis_design_i/myproject_axi_master_1/inst/stream_in0_input_layer_U/U_myproject_axi_master_fifo_w960_d128_A_ram/tmp_535_reg_3206[10]_i_51_n_0
    SLICE_X18Y110        LUT2 (Prop_B5LUT_SLICEM_I1_O)
                                                      0.160     6.967 r  vitis_design_i/myproject_axi_master_1/inst/stream_in0_input_layer_U/U_myproject_axi_master_fifo_w960_d128_A_ram/trunc_ln111_6_reg_3196[6]_i_23/O
                         net (fo=1, routed)           0.243     7.210    vitis_design_i/myproject_axi_master_1/inst/stream_in0_input_layer_U/U_myproject_axi_master_fifo_w960_d128_A_ram/trunc_ln111_6_reg_3196[6]_i_23_n_0
    SLICE_X20Y108        CARRY8 (Prop_CARRY8_SLICEM_DI[7]_CO[7])
                                                      0.080     7.290 r  vitis_design_i/myproject_axi_master_1/inst/stream_in0_input_layer_U/U_myproject_axi_master_fifo_w960_d128_A_ram/trunc_ln111_6_reg_3196_reg[6]_i_15/CO[7]
                         net (fo=1, routed)           0.030     7.320    vitis_design_i/myproject_axi_master_1/inst/stream_in0_input_layer_U/U_myproject_axi_master_fifo_w960_d128_A_ram/trunc_ln111_6_reg_3196_reg[6]_i_15_n_0
    SLICE_X20Y109        CARRY8 (Prop_CARRY8_SLICEM_CI_O[0])
                                                      0.078     7.398 r  vitis_design_i/myproject_axi_master_1/inst/stream_in0_input_layer_U/U_myproject_axi_master_fifo_w960_d128_A_ram/trunc_ln111_6_reg_3196_reg[13]_i_18/O[0]
                         net (fo=2, routed)           0.381     7.779    vitis_design_i/myproject_axi_master_1/inst/stream_in0_input_layer_U/U_myproject_axi_master_fifo_w960_d128_A_ram/compute_U0/grp_myproject_fu_62/dense_array_ap_fixed_60u_array_ap_fixed_16_13_5_3_0_128u_config3_U0/grp_dense_latency_ap_fixed_11_7_0_3_0_ap_fixed_16_13_5_3_0_config3_s_fu_133/sub_ln58_31_fu_1856_p2[12]
    SLICE_X21Y111        CARRY8 (Prop_CARRY8_SLICEM_DI[2]_O[3])
                                                      0.133     7.912 r  vitis_design_i/myproject_axi_master_1/inst/stream_in0_input_layer_U/U_myproject_axi_master_fifo_w960_d128_A_ram/trunc_ln111_6_reg_3196_reg[13]_i_15/O[3]
                         net (fo=3, routed)           0.295     8.207    vitis_design_i/myproject_axi_master_1/inst/stream_in0_input_layer_U/U_myproject_axi_master_fifo_w960_d128_A_ram/compute_U0/grp_myproject_fu_62/dense_array_ap_fixed_60u_array_ap_fixed_16_13_5_3_0_128u_config3_U0/grp_dense_latency_ap_fixed_11_7_0_3_0_ap_fixed_16_13_5_3_0_config3_s_fu_133/sext_ln58_80_fu_1882_p1[13]
    SLICE_X19Y112        LUT3 (Prop_H6LUT_SLICEL_I1_O)
                                                      0.227     8.434 r  vitis_design_i/myproject_axi_master_1/inst/stream_in0_input_layer_U/U_myproject_axi_master_fifo_w960_d128_A_ram/trunc_ln111_6_reg_3196[13]_i_5/O
                         net (fo=1, routed)           0.250     8.684    vitis_design_i/myproject_axi_master_1/inst/stream_in0_input_layer_U/U_myproject_axi_master_fifo_w960_d128_A_ram/trunc_ln111_6_reg_3196[13]_i_5_n_0
    SLICE_X20Y112        CARRY8 (Prop_CARRY8_SLICEM_DI[2]_O[5])
                                                      0.284     8.968 r  vitis_design_i/myproject_axi_master_1/inst/stream_in0_input_layer_U/U_myproject_axi_master_fifo_w960_d128_A_ram/trunc_ln111_6_reg_3196_reg[13]_i_1/O[5]
                         net (fo=1, routed)           0.033     9.001    vitis_design_i/myproject_axi_master_1/inst/compute_U0/grp_myproject_fu_62/dense_array_ap_fixed_60u_array_ap_fixed_16_13_5_3_0_128u_config3_U0/grp_dense_latency_ap_fixed_11_7_0_3_0_ap_fixed_16_13_5_3_0_config3_s_fu_133/O8[12]
    SLICE_X20Y112        FDRE                                         r  vitis_design_i/myproject_axi_master_1/inst/compute_U0/grp_myproject_fu_62/dense_array_ap_fixed_60u_array_ap_fixed_16_13_5_3_0_128u_config3_U0/grp_dense_latency_ap_fixed_11_7_0_3_0_ap_fixed_16_13_5_3_0_config3_s_fu_133/trunc_ln111_6_reg_3196_reg[12]/D
  -------------------------------------------------------------------    -------------------

                         (clock clk_pl_0 rise edge)
                                                     10.000    10.000 r  
    PS8_X0Y0             PS8                          0.000    10.000 r  vitis_design_i/zynq_ultra_ps_e_0/inst/PS8_i/PLCLK[0]
                         net (fo=1, routed)           0.181    10.181    vitis_design_i/zynq_ultra_ps_e_0/inst/pl_clk_unbuffered[0]
    BUFG_PS_X0Y80        BUFG_PS (Prop_BUFG_PS_I_O)
                                                      0.035    10.216 r  vitis_design_i/zynq_ultra_ps_e_0/inst/buffer_pl_clk_0.PL_CLK_0_BUFG/O
    X0Y1 (CLOCK_ROOT)    net (fo=21584, routed)       2.174    12.390    vitis_design_i/myproject_axi_master_1/inst/compute_U0/grp_myproject_fu_62/dense_array_ap_fixed_60u_array_ap_fixed_16_13_5_3_0_128u_config3_U0/grp_dense_latency_ap_fixed_11_7_0_3_0_ap_fixed_16_13_5_3_0_config3_s_fu_133/ap_clk
    SLICE_X20Y112        FDRE                                         r  vitis_design_i/myproject_axi_master_1/inst/compute_U0/grp_myproject_fu_62/dense_array_ap_fixed_60u_array_ap_fixed_16_13_5_3_0_128u_config3_U0/grp_dense_latency_ap_fixed_11_7_0_3_0_ap_fixed_16_13_5_3_0_config3_s_fu_133/trunc_ln111_6_reg_3196_reg[12]/C
                         clock pessimism              0.144    12.534    
                         clock uncertainty           -0.130    12.404    
    SLICE_X20Y112        FDRE (Setup_FFF_SLICEM_C_D)
                                                      0.043    12.447    vitis_design_i/myproject_axi_master_1/inst/compute_U0/grp_myproject_fu_62/dense_array_ap_fixed_60u_array_ap_fixed_16_13_5_3_0_128u_config3_U0/grp_dense_latency_ap_fixed_11_7_0_3_0_ap_fixed_16_13_5_3_0_config3_s_fu_133/trunc_ln111_6_reg_3196_reg[12]
  -------------------------------------------------------------------
                         required time                         12.447    
                         arrival time                          -9.001    
  -------------------------------------------------------------------
                         slack                                  3.447    

Slack (MET) :             3.471ns  (required time - arrival time)
  Source:                 vitis_design_i/myproject_axi_master_1/inst/stream_in0_input_layer_U/U_myproject_axi_master_fifo_w960_d128_A_ram/mem_reg_4/CLKARDCLK
                            (rising edge-triggered cell RAMB36E2 clocked by clk_pl_0  {rise@0.000ns fall@5.000ns period=10.000ns})
  Destination:            vitis_design_i/myproject_axi_master_1/inst/compute_U0/grp_myproject_fu_62/dense_array_ap_fixed_60u_array_ap_fixed_16_13_5_3_0_128u_config3_U0/grp_dense_latency_ap_fixed_11_7_0_3_0_ap_fixed_16_13_5_3_0_config3_s_fu_133/trunc_ln111_6_reg_3196_reg[13]/D
                            (rising edge-triggered cell FDRE clocked by clk_pl_0  {rise@0.000ns fall@5.000ns period=10.000ns})
  Path Group:             clk_pl_0
  Path Type:              Setup (Max at Slow Process Corner)
  Requirement:            10.000ns  (clk_pl_0 rise@10.000ns - clk_pl_0 rise@0.000ns)
  Data Path Delay:        6.023ns  (logic 1.321ns (21.934%)  route 4.702ns (78.066%))
  Logic Levels:           7  (CARRY8=4 LUT2=1 LUT3=2)
  Clock Path Skew:        -0.420ns (DCD - SCD + CPR)
    Destination Clock Delay (DCD):    2.390ns = ( 12.390 - 10.000 ) 
    Source Clock Delay      (SCD):    2.954ns
    Clock Pessimism Removal (CPR):    0.144ns
  Clock Uncertainty:      0.130ns  ((TSJ^2 + DJ^2)^1/2) / 2 + PE
    Total System Jitter     (TSJ):    0.071ns
    Discrete Jitter          (DJ):    0.250ns
    Phase Error              (PE):    0.000ns
  Clock Net Delay (Source):      2.687ns (routing 1.045ns, distribution 1.642ns)
  Clock Net Delay (Destination): 2.174ns (routing 0.955ns, distribution 1.219ns)

    Location             Delay type                Incr(ns)  Path(ns)    Netlist Resource(s)
  -------------------------------------------------------------------    -------------------
                         (clock clk_pl_0 rise edge)
                                                      0.000     0.000 r  
    PS8_X0Y0             PS8                          0.000     0.000 r  vitis_design_i/zynq_ultra_ps_e_0/inst/PS8_i/PLCLK[0]
                         net (fo=1, routed)           0.229     0.229    vitis_design_i/zynq_ultra_ps_e_0/inst/pl_clk_unbuffered[0]
    BUFG_PS_X0Y80        BUFG_PS (Prop_BUFG_PS_I_O)
                                                      0.038     0.267 r  vitis_design_i/zynq_ultra_ps_e_0/inst/buffer_pl_clk_0.PL_CLK_0_BUFG/O
    X0Y1 (CLOCK_ROOT)    net (fo=21584, routed)       2.687     2.954    vitis_design_i/myproject_axi_master_1/inst/stream_in0_input_layer_U/U_myproject_axi_master_fifo_w960_d128_A_ram/ap_clk
    RAMB36_X0Y11         RAMB36E2                                     r  vitis_design_i/myproject_axi_master_1/inst/stream_in0_input_layer_U/U_myproject_axi_master_fifo_w960_d128_A_ram/mem_reg_4/CLKARDCLK
  -------------------------------------------------------------------    -------------------
    RAMB36_X0Y11         RAMB36E2 (Prop_RAMB36E2_RAMB36_CLKARDCLK_DOUTADOUT[7])
                                                      0.302     3.256 r  vitis_design_i/myproject_axi_master_1/inst/stream_in0_input_layer_U/U_myproject_axi_master_fifo_w960_d128_A_ram/mem_reg_4/DOUTADOUT[7]
                         net (fo=14, routed)          3.171     6.427    vitis_design_i/myproject_axi_master_1/inst/stream_in0_input_layer_U/U_myproject_axi_master_fifo_w960_d128_A_ram/compute_U0/grp_myproject_fu_62/dense_array_ap_fixed_60u_array_ap_fixed_16_13_5_3_0_128u_config3_U0/data_10_reg_689[7]
    SLICE_X18Y110        LUT3 (Prop_G5LUT_SLICEM_I0_O)
                                                      0.155     6.582 f  vitis_design_i/myproject_axi_master_1/inst/stream_in0_input_layer_U/U_myproject_axi_master_fifo_w960_d128_A_ram/tmp_535_reg_3206[10]_i_51/O
                         net (fo=3, routed)           0.225     6.807    vitis_design_i/myproject_axi_master_1/inst/stream_in0_input_layer_U/U_myproject_axi_master_fifo_w960_d128_A_ram/tmp_535_reg_3206[10]_i_51_n_0
    SLICE_X18Y110        LUT2 (Prop_B5LUT_SLICEM_I1_O)
                                                      0.160     6.967 r  vitis_design_i/myproject_axi_master_1/inst/stream_in0_input_layer_U/U_myproject_axi_master_fifo_w960_d128_A_ram/trunc_ln111_6_reg_3196[6]_i_23/O
                         net (fo=1, routed)           0.243     7.210    vitis_design_i/myproject_axi_master_1/inst/stream_in0_input_layer_U/U_myproject_axi_master_fifo_w960_d128_A_ram/trunc_ln111_6_reg_3196[6]_i_23_n_0
    SLICE_X20Y108        CARRY8 (Prop_CARRY8_SLICEM_DI[7]_CO[7])
                                                      0.080     7.290 r  vitis_design_i/myproject_axi_master_1/inst/stream_in0_input_layer_U/U_myproject_axi_master_fifo_w960_d128_A_ram/trunc_ln111_6_reg_3196_reg[6]_i_15/CO[7]
                         net (fo=1, routed)           0.030     7.320    vitis_design_i/myproject_axi_master_1/inst/stream_in0_input_layer_U/U_myproject_axi_master_fifo_w960_d128_A_ram/trunc_ln111_6_reg_3196_reg[6]_i_15_n_0
    SLICE_X20Y109        CARRY8 (Prop_CARRY8_SLICEM_CI_O[0])
                                                      0.078     7.398 r  vitis_design_i/myproject_axi_master_1/inst/stream_in0_input_layer_U/U_myproject_axi_master_fifo_w960_d128_A_ram/trunc_ln111_6_reg_3196_reg[13]_i_18/O[0]
                         net (fo=2, routed)           0.381     7.779    vitis_design_i/myproject_axi_master_1/inst/stream_in0_input_layer_U/U_myproject_axi_master_fifo_w960_d128_A_ram/compute_U0/grp_myproject_fu_62/dense_array_ap_fixed_60u_array_ap_fixed_16_13_5_3_0_128u_config3_U0/grp_dense_latency_ap_fixed_11_7_0_3_0_ap_fixed_16_13_5_3_0_config3_s_fu_133/sub_ln58_31_fu_1856_p2[12]
    SLICE_X21Y111        CARRY8 (Prop_CARRY8_SLICEM_DI[2]_O[4])
                                                      0.240     8.019 r  vitis_design_i/myproject_axi_master_1/inst/stream_in0_input_layer_U/U_myproject_axi_master_fifo_w960_d128_A_ram/trunc_ln111_6_reg_3196_reg[13]_i_15/O[4]
                         net (fo=3, routed)           0.283     8.301    vitis_design_i/myproject_axi_master_1/inst/stream_in0_input_layer_U/U_myproject_axi_master_fifo_w960_d128_A_ram/compute_U0/grp_myproject_fu_62/dense_array_ap_fixed_60u_array_ap_fixed_16_13_5_3_0_128u_config3_U0/grp_dense_latency_ap_fixed_11_7_0_3_0_ap_fixed_16_13_5_3_0_config3_s_fu_133/sext_ln58_80_fu_1882_p1[14]
    SLICE_X19Y113        LUT3 (Prop_G6LUT_SLICEL_I1_O)
                                                      0.057     8.358 r  vitis_design_i/myproject_axi_master_1/inst/stream_in0_input_layer_U/U_myproject_axi_master_fifo_w960_d128_A_ram/trunc_ln111_6_reg_3196[13]_i_4/O
                         net (fo=1, routed)           0.335     8.693    vitis_design_i/myproject_axi_master_1/inst/stream_in0_input_layer_U/U_myproject_axi_master_fifo_w960_d128_A_ram/trunc_ln111_6_reg_3196[13]_i_4_n_0
    SLICE_X20Y112        CARRY8 (Prop_CARRY8_SLICEM_DI[3]_O[6])
                                                      0.249     8.942 r  vitis_design_i/myproject_axi_master_1/inst/stream_in0_input_layer_U/U_myproject_axi_master_fifo_w960_d128_A_ram/trunc_ln111_6_reg_3196_reg[13]_i_1/O[6]
                         net (fo=1, routed)           0.034     8.976    vitis_design_i/myproject_axi_master_1/inst/compute_U0/grp_myproject_fu_62/dense_array_ap_fixed_60u_array_ap_fixed_16_13_5_3_0_128u_config3_U0/grp_dense_latency_ap_fixed_11_7_0_3_0_ap_fixed_16_13_5_3_0_config3_s_fu_133/O8[13]
    SLICE_X20Y112        FDRE                                         r  vitis_design_i/myproject_axi_master_1/inst/compute_U0/grp_myproject_fu_62/dense_array_ap_fixed_60u_array_ap_fixed_16_13_5_3_0_128u_config3_U0/grp_dense_latency_ap_fixed_11_7_0_3_0_ap_fixed_16_13_5_3_0_config3_s_fu_133/trunc_ln111_6_reg_3196_reg[13]/D
  -------------------------------------------------------------------    -------------------

                         (clock clk_pl_0 rise edge)
                                                     10.000    10.000 r  
    PS8_X0Y0             PS8                          0.000    10.000 r  vitis_design_i/zynq_ultra_ps_e_0/inst/PS8_i/PLCLK[0]
                         net (fo=1, routed)           0.181    10.181    vitis_design_i/zynq_ultra_ps_e_0/inst/pl_clk_unbuffered[0]
    BUFG_PS_X0Y80        BUFG_PS (Prop_BUFG_PS_I_O)
                                                      0.035    10.216 r  vitis_design_i/zynq_ultra_ps_e_0/inst/buffer_pl_clk_0.PL_CLK_0_BUFG/O
    X0Y1 (CLOCK_ROOT)    net (fo=21584, routed)       2.174    12.390    vitis_design_i/myproject_axi_master_1/inst/compute_U0/grp_myproject_fu_62/dense_array_ap_fixed_60u_array_ap_fixed_16_13_5_3_0_128u_config3_U0/grp_dense_latency_ap_fixed_11_7_0_3_0_ap_fixed_16_13_5_3_0_config3_s_fu_133/ap_clk
    SLICE_X20Y112        FDRE                                         r  vitis_design_i/myproject_axi_master_1/inst/compute_U0/grp_myproject_fu_62/dense_array_ap_fixed_60u_array_ap_fixed_16_13_5_3_0_128u_config3_U0/grp_dense_latency_ap_fixed_11_7_0_3_0_ap_fixed_16_13_5_3_0_config3_s_fu_133/trunc_ln111_6_reg_3196_reg[13]/C
                         clock pessimism              0.144    12.534    
                         clock uncertainty           -0.130    12.404    
    SLICE_X20Y112        FDRE (Setup_GFF_SLICEM_C_D)
                                                      0.043    12.447    vitis_design_i/myproject_axi_master_1/inst/compute_U0/grp_myproject_fu_62/dense_array_ap_fixed_60u_array_ap_fixed_16_13_5_3_0_128u_config3_U0/grp_dense_latency_ap_fixed_11_7_0_3_0_ap_fixed_16_13_5_3_0_config3_s_fu_133/trunc_ln111_6_reg_3196_reg[13]
  -------------------------------------------------------------------
                         required time                         12.447    
                         arrival time                          -8.976    
  -------------------------------------------------------------------
                         slack                                  3.471    

Slack (MET) :             3.476ns  (required time - arrival time)
  Source:                 vitis_design_i/myproject_axi_master_1/inst/load_input_float_array_ap_fixed_11_7_0_3_0_60u_U0/grp_load_input_float_array_ap_fixed_60u_Pipeline_VITIS_LOOP_13_1_fu_90/fpext_32ns_64_2_no_dsp_1_U3/din0_buf1_reg[29]/C
                            (rising edge-triggered cell FDRE clocked by clk_pl_0  {rise@0.000ns fall@5.000ns period=10.000ns})
  Destination:            vitis_design_i/myproject_axi_master_1/inst/load_input_float_array_ap_fixed_11_7_0_3_0_60u_U0/grp_load_input_float_array_ap_fixed_60u_Pipeline_VITIS_LOOP_13_1_fu_90/trunc_ln17_57_reg_16857_reg[40]/D
                            (rising edge-triggered cell FDRE clocked by clk_pl_0  {rise@0.000ns fall@5.000ns period=10.000ns})
  Path Group:             clk_pl_0
  Path Type:              Setup (Max at Slow Process Corner)
  Requirement:            10.000ns  (clk_pl_0 rise@10.000ns - clk_pl_0 rise@0.000ns)
  Data Path Delay:        6.429ns  (logic 0.749ns (11.650%)  route 5.680ns (88.350%))
  Logic Levels:           3  (LUT3=1 LUT4=1 LUT5=1)
  Clock Path Skew:        -0.010ns (DCD - SCD + CPR)
    Destination Clock Delay (DCD):    2.530ns = ( 12.530 - 10.000 ) 
    Source Clock Delay      (SCD):    2.681ns
    Clock Pessimism Removal (CPR):    0.141ns
  Clock Uncertainty:      0.130ns  ((TSJ^2 + DJ^2)^1/2) / 2 + PE
    Total System Jitter     (TSJ):    0.071ns
    Discrete Jitter          (DJ):    0.250ns
    Phase Error              (PE):    0.000ns
  Clock Net Delay (Source):      2.414ns (routing 1.045ns, distribution 1.369ns)
  Clock Net Delay (Destination): 2.314ns (routing 0.955ns, distribution 1.359ns)

    Location             Delay type                Incr(ns)  Path(ns)    Netlist Resource(s)
  -------------------------------------------------------------------    -------------------
                         (clock clk_pl_0 rise edge)
                                                      0.000     0.000 r  
    PS8_X0Y0             PS8                          0.000     0.000 r  vitis_design_i/zynq_ultra_ps_e_0/inst/PS8_i/PLCLK[0]
                         net (fo=1, routed)           0.229     0.229    vitis_design_i/zynq_ultra_ps_e_0/inst/pl_clk_unbuffered[0]
    BUFG_PS_X0Y80        BUFG_PS (Prop_BUFG_PS_I_O)
                                                      0.038     0.267 r  vitis_design_i/zynq_ultra_ps_e_0/inst/buffer_pl_clk_0.PL_CLK_0_BUFG/O
    X0Y1 (CLOCK_ROOT)    net (fo=21584, routed)       2.414     2.681    vitis_design_i/myproject_axi_master_1/inst/load_input_float_array_ap_fixed_11_7_0_3_0_60u_U0/grp_load_input_float_array_ap_fixed_60u_Pipeline_VITIS_LOOP_13_1_fu_90/fpext_32ns_64_2_no_dsp_1_U3/ap_clk
    SLICE_X17Y73         FDRE                                         r  vitis_design_i/myproject_axi_master_1/inst/load_input_float_array_ap_fixed_11_7_0_3_0_60u_U0/grp_load_input_float_array_ap_fixed_60u_Pipeline_VITIS_LOOP_13_1_fu_90/fpext_32ns_64_2_no_dsp_1_U3/din0_buf1_reg[29]/C
  -------------------------------------------------------------------    -------------------
    SLICE_X17Y73         FDRE (Prop_GFF_SLICEM_C_Q)
                                                      0.116     2.797 f  vitis_design_i/myproject_axi_master_1/inst/load_input_float_array_ap_fixed_11_7_0_3_0_60u_U0/grp_load_input_float_array_ap_fixed_60u_Pipeline_VITIS_LOOP_13_1_fu_90/fpext_32ns_64_2_no_dsp_1_U3/din0_buf1_reg[29]/Q
                         net (fo=3, routed)           0.404     3.201    vitis_design_wrapper/vitis_design/vitis_design_myproject_axi_master_1_0/vitis_design_myproject_axi_master_1_0_myproject_axi_master/vitis_design_myproject_axi_master_1_0_myproject_axi_master_load_input_float_array_ap_fixed_11_7_0_3_0_60u_s/vitis_design_myproject_axi_master_1_0_myproject_axi_master_load_input_float_array_ap_fixed_60u_Pipeline_VITIS_LOOP_13_1/vitis_design_myproject_axi_master_1_0_myproject_axi_master_fpext_32ns_64_2_no_dsp_1/vitis_design_myproject_axi_master_1_0_myproject_axi_master_fpext_32ns_64_2_no_dsp_1_ip/<hidden>/<hidden>/<hidden>/<hidden>
    SLICE_X16Y73         LUT4 (Prop_D5LUT_SLICEL_I1_O)
                                                      0.187     3.388 r  vitis_design_wrapper/vitis_design/vitis_design_myproject_axi_master_1_0/vitis_design_myproject_axi_master_1_0_myproject_axi_master/vitis_design_myproject_axi_master_1_0_myproject_axi_master_load_input_float_array_ap_fixed_11_7_0_3_0_60u_s/vitis_design_myproject_axi_master_1_0_myproject_axi_master_load_input_float_array_ap_fixed_60u_Pipeline_VITIS_LOOP_13_1/vitis_design_myproject_axi_master_1_0_myproject_axi_master_fpext_32ns_64_2_no_dsp_1/vitis_design_myproject_axi_master_1_0_myproject_axi_master_fpext_32ns_64_2_no_dsp_1_ip/<hidden>/<hidden>/<hidden>/<hidden>
                         net (fo=33, routed)          0.286     3.675    vitis_design_wrapper/vitis_design/vitis_design_myproject_axi_master_1_0/vitis_design_myproject_axi_master_1_0_myproject_axi_master/vitis_design_myproject_axi_master_1_0_myproject_axi_master_load_input_float_array_ap_fixed_11_7_0_3_0_60u_s/vitis_design_myproject_axi_master_1_0_myproject_axi_master_load_input_float_array_ap_fixed_60u_Pipeline_VITIS_LOOP_13_1/vitis_design_myproject_axi_master_1_0_myproject_axi_master_fpext_32ns_64_2_no_dsp_1/vitis_design_myproject_axi_master_1_0_myproject_axi_master_fpext_32ns_64_2_no_dsp_1_ip/<hidden>/<hidden>/<hidden>/<hidden>
    SLICE_X17Y75         LUT5 (Prop_G6LUT_SLICEM_I2_O)
                                                      0.226     3.901 r  vitis_design_wrapper/vitis_design/vitis_design_myproject_axi_master_1_0/vitis_design_myproject_axi_master_1_0_myproject_axi_master/vitis_design_myproject_axi_master_1_0_myproject_axi_master_load_input_float_array_ap_fixed_11_7_0_3_0_60u_s/vitis_design_myproject_axi_master_1_0_myproject_axi_master_load_input_float_array_ap_fixed_60u_Pipeline_VITIS_LOOP_13_1/vitis_design_myproject_axi_master_1_0_myproject_axi_master_fpext_32ns_64_2_no_dsp_1/vitis_design_myproject_axi_master_1_0_myproject_axi_master_fpext_32ns_64_2_no_dsp_1_ip/<hidden>/<hidden>/<hidden>/<hidden>
                         net (fo=2, routed)           0.118     4.019    vitis_design_i/myproject_axi_master_1/inst/load_input_float_array_ap_fixed_11_7_0_3_0_60u_U0/grp_load_input_float_array_ap_fixed_60u_Pipeline_VITIS_LOOP_13_1_fu_90/fpext_32ns_64_2_no_dsp_1_U3/r_tdata[40]
    SLICE_X17Y75         LUT3 (Prop_D5LUT_SLICEM_I0_O)
                                                      0.220     4.239 r  vitis_design_i/myproject_axi_master_1/inst/load_input_float_array_ap_fixed_11_7_0_3_0_60u_U0/grp_load_input_float_array_ap_fixed_60u_Pipeline_VITIS_LOOP_13_1_fu_90/fpext_32ns_64_2_no_dsp_1_U3/trunc_ln17_369_reg_18651[40]_i_1/O
                         net (fo=61, routed)          4.872     9.110    vitis_design_i/myproject_axi_master_1/inst/load_input_float_array_ap_fixed_11_7_0_3_0_60u_U0/grp_load_input_float_array_ap_fixed_60u_Pipeline_VITIS_LOOP_13_1_fu_90/grp_fu_134_p1[40]
    SLICE_X25Y157        FDRE                                         r  vitis_design_i/myproject_axi_master_1/inst/load_input_float_array_ap_fixed_11_7_0_3_0_60u_U0/grp_load_input_float_array_ap_fixed_60u_Pipeline_VITIS_LOOP_13_1_fu_90/trunc_ln17_57_reg_16857_reg[40]/D
  -------------------------------------------------------------------    -------------------

                         (clock clk_pl_0 rise edge)
                                                     10.000    10.000 r  
    PS8_X0Y0             PS8                          0.000    10.000 r  vitis_design_i/zynq_ultra_ps_e_0/inst/PS8_i/PLCLK[0]
                         net (fo=1, routed)           0.181    10.181    vitis_design_i/zynq_ultra_ps_e_0/inst/pl_clk_unbuffered[0]
    BUFG_PS_X0Y80        BUFG_PS (Prop_BUFG_PS_I_O)
                                                      0.035    10.216 r  vitis_design_i/zynq_ultra_ps_e_0/inst/buffer_pl_clk_0.PL_CLK_0_BUFG/O
    X0Y1 (CLOCK_ROOT)    net (fo=21584, routed)       2.314    12.530    vitis_design_i/myproject_axi_master_1/inst/load_input_float_array_ap_fixed_11_7_0_3_0_60u_U0/grp_load_input_float_array_ap_fixed_60u_Pipeline_VITIS_LOOP_13_1_fu_90/ap_clk
    SLICE_X25Y157        FDRE                                         r  vitis_design_i/myproject_axi_master_1/inst/load_input_float_array_ap_fixed_11_7_0_3_0_60u_U0/grp_load_input_float_array_ap_fixed_60u_Pipeline_VITIS_LOOP_13_1_fu_90/trunc_ln17_57_reg_16857_reg[40]/C
                         clock pessimism              0.141    12.671    
                         clock uncertainty           -0.130    12.541    
    SLICE_X25Y157        FDRE (Setup_EFF2_SLICEM_C_D)
                                                      0.045    12.586    vitis_design_i/myproject_axi_master_1/inst/load_input_float_array_ap_fixed_11_7_0_3_0_60u_U0/grp_load_input_float_array_ap_fixed_60u_Pipeline_VITIS_LOOP_13_1_fu_90/trunc_ln17_57_reg_16857_reg[40]
  -------------------------------------------------------------------
                         required time                         12.586    
                         arrival time                          -9.110    
  -------------------------------------------------------------------
                         slack                                  3.476    

Slack (MET) :             3.493ns  (required time - arrival time)
  Source:                 vitis_design_i/myproject_axi_master_1/inst/stream_in0_input_layer_U/U_myproject_axi_master_fifo_w960_d128_A_ram/mem_reg_4/CLKARDCLK
                            (rising edge-triggered cell RAMB36E2 clocked by clk_pl_0  {rise@0.000ns fall@5.000ns period=10.000ns})
  Destination:            vitis_design_i/myproject_axi_master_1/inst/compute_U0/grp_myproject_fu_62/dense_array_ap_fixed_60u_array_ap_fixed_16_13_5_3_0_128u_config3_U0/grp_dense_latency_ap_fixed_11_7_0_3_0_ap_fixed_16_13_5_3_0_config3_s_fu_133/trunc_ln111_6_reg_3196_reg[11]/D
                            (rising edge-triggered cell FDRE clocked by clk_pl_0  {rise@0.000ns fall@5.000ns period=10.000ns})
  Path Group:             clk_pl_0
  Path Type:              Setup (Max at Slow Process Corner)
  Requirement:            10.000ns  (clk_pl_0 rise@10.000ns - clk_pl_0 rise@0.000ns)
  Data Path Delay:        6.002ns  (logic 1.375ns (22.909%)  route 4.627ns (77.091%))
  Logic Levels:           7  (CARRY8=4 LUT2=1 LUT3=2)
  Clock Path Skew:        -0.420ns (DCD - SCD + CPR)
    Destination Clock Delay (DCD):    2.390ns = ( 12.390 - 10.000 ) 
    Source Clock Delay      (SCD):    2.954ns
    Clock Pessimism Removal (CPR):    0.144ns
  Clock Uncertainty:      0.130ns  ((TSJ^2 + DJ^2)^1/2) / 2 + PE
    Total System Jitter     (TSJ):    0.071ns
    Discrete Jitter          (DJ):    0.250ns
    Phase Error              (PE):    0.000ns
  Clock Net Delay (Source):      2.687ns (routing 1.045ns, distribution 1.642ns)
  Clock Net Delay (Destination): 2.174ns (routing 0.955ns, distribution 1.219ns)

    Location             Delay type                Incr(ns)  Path(ns)    Netlist Resource(s)
  -------------------------------------------------------------------    -------------------
                         (clock clk_pl_0 rise edge)
                                                      0.000     0.000 r  
    PS8_X0Y0             PS8                          0.000     0.000 r  vitis_design_i/zynq_ultra_ps_e_0/inst/PS8_i/PLCLK[0]
                         net (fo=1, routed)           0.229     0.229    vitis_design_i/zynq_ultra_ps_e_0/inst/pl_clk_unbuffered[0]
    BUFG_PS_X0Y80        BUFG_PS (Prop_BUFG_PS_I_O)
                                                      0.038     0.267 r  vitis_design_i/zynq_ultra_ps_e_0/inst/buffer_pl_clk_0.PL_CLK_0_BUFG/O
    X0Y1 (CLOCK_ROOT)    net (fo=21584, routed)       2.687     2.954    vitis_design_i/myproject_axi_master_1/inst/stream_in0_input_layer_U/U_myproject_axi_master_fifo_w960_d128_A_ram/ap_clk
    RAMB36_X0Y11         RAMB36E2                                     r  vitis_design_i/myproject_axi_master_1/inst/stream_in0_input_layer_U/U_myproject_axi_master_fifo_w960_d128_A_ram/mem_reg_4/CLKARDCLK
  -------------------------------------------------------------------    -------------------
    RAMB36_X0Y11         RAMB36E2 (Prop_RAMB36E2_RAMB36_CLKARDCLK_DOUTADOUT[7])
                                                      0.302     3.256 r  vitis_design_i/myproject_axi_master_1/inst/stream_in0_input_layer_U/U_myproject_axi_master_fifo_w960_d128_A_ram/mem_reg_4/DOUTADOUT[7]
                         net (fo=14, routed)          3.171     6.427    vitis_design_i/myproject_axi_master_1/inst/stream_in0_input_layer_U/U_myproject_axi_master_fifo_w960_d128_A_ram/compute_U0/grp_myproject_fu_62/dense_array_ap_fixed_60u_array_ap_fixed_16_13_5_3_0_128u_config3_U0/data_10_reg_689[7]
    SLICE_X18Y110        LUT3 (Prop_G5LUT_SLICEM_I0_O)
                                                      0.155     6.582 f  vitis_design_i/myproject_axi_master_1/inst/stream_in0_input_layer_U/U_myproject_axi_master_fifo_w960_d128_A_ram/tmp_535_reg_3206[10]_i_51/O
                         net (fo=3, routed)           0.225     6.807    vitis_design_i/myproject_axi_master_1/inst/stream_in0_input_layer_U/U_myproject_axi_master_fifo_w960_d128_A_ram/tmp_535_reg_3206[10]_i_51_n_0
    SLICE_X18Y110        LUT2 (Prop_B5LUT_SLICEM_I1_O)
                                                      0.160     6.967 r  vitis_design_i/myproject_axi_master_1/inst/stream_in0_input_layer_U/U_myproject_axi_master_fifo_w960_d128_A_ram/trunc_ln111_6_reg_3196[6]_i_23/O
                         net (fo=1, routed)           0.243     7.210    vitis_design_i/myproject_axi_master_1/inst/stream_in0_input_layer_U/U_myproject_axi_master_fifo_w960_d128_A_ram/trunc_ln111_6_reg_3196[6]_i_23_n_0
    SLICE_X20Y108        CARRY8 (Prop_CARRY8_SLICEM_DI[7]_CO[7])
                                                      0.080     7.290 r  vitis_design_i/myproject_axi_master_1/inst/stream_in0_input_layer_U/U_myproject_axi_master_fifo_w960_d128_A_ram/trunc_ln111_6_reg_3196_reg[6]_i_15/CO[7]
                         net (fo=1, routed)           0.030     7.320    vitis_design_i/myproject_axi_master_1/inst/stream_in0_input_layer_U/U_myproject_axi_master_fifo_w960_d128_A_ram/trunc_ln111_6_reg_3196_reg[6]_i_15_n_0
    SLICE_X20Y109        CARRY8 (Prop_CARRY8_SLICEM_CI_O[0])
                                                      0.078     7.398 r  vitis_design_i/myproject_axi_master_1/inst/stream_in0_input_layer_U/U_myproject_axi_master_fifo_w960_d128_A_ram/trunc_ln111_6_reg_3196_reg[13]_i_18/O[0]
                         net (fo=2, routed)           0.381     7.779    vitis_design_i/myproject_axi_master_1/inst/stream_in0_input_layer_U/U_myproject_axi_master_fifo_w960_d128_A_ram/compute_U0/grp_myproject_fu_62/dense_array_ap_fixed_60u_array_ap_fixed_16_13_5_3_0_128u_config3_U0/grp_dense_latency_ap_fixed_11_7_0_3_0_ap_fixed_16_13_5_3_0_config3_s_fu_133/sub_ln58_31_fu_1856_p2[12]
    SLICE_X21Y111        CARRY8 (Prop_CARRY8_SLICEM_DI[2]_O[3])
                                                      0.133     7.912 r  vitis_design_i/myproject_axi_master_1/inst/stream_in0_input_layer_U/U_myproject_axi_master_fifo_w960_d128_A_ram/trunc_ln111_6_reg_3196_reg[13]_i_15/O[3]
                         net (fo=3, routed)           0.295     8.207    vitis_design_i/myproject_axi_master_1/inst/stream_in0_input_layer_U/U_myproject_axi_master_fifo_w960_d128_A_ram/compute_U0/grp_myproject_fu_62/dense_array_ap_fixed_60u_array_ap_fixed_16_13_5_3_0_128u_config3_U0/grp_dense_latency_ap_fixed_11_7_0_3_0_ap_fixed_16_13_5_3_0_config3_s_fu_133/sext_ln58_80_fu_1882_p1[13]
    SLICE_X19Y112        LUT3 (Prop_H6LUT_SLICEL_I1_O)
                                                      0.227     8.434 r  vitis_design_i/myproject_axi_master_1/inst/stream_in0_input_layer_U/U_myproject_axi_master_fifo_w960_d128_A_ram/trunc_ln111_6_reg_3196[13]_i_5/O
                         net (fo=1, routed)           0.250     8.684    vitis_design_i/myproject_axi_master_1/inst/stream_in0_input_layer_U/U_myproject_axi_master_fifo_w960_d128_A_ram/trunc_ln111_6_reg_3196[13]_i_5_n_0
    SLICE_X20Y112        CARRY8 (Prop_CARRY8_SLICEM_DI[2]_O[4])
                                                      0.240     8.924 r  vitis_design_i/myproject_axi_master_1/inst/stream_in0_input_layer_U/U_myproject_axi_master_fifo_w960_d128_A_ram/trunc_ln111_6_reg_3196_reg[13]_i_1/O[4]
                         net (fo=1, routed)           0.032     8.956    vitis_design_i/myproject_axi_master_1/inst/compute_U0/grp_myproject_fu_62/dense_array_ap_fixed_60u_array_ap_fixed_16_13_5_3_0_128u_config3_U0/grp_dense_latency_ap_fixed_11_7_0_3_0_ap_fixed_16_13_5_3_0_config3_s_fu_133/O8[11]
    SLICE_X20Y112        FDRE                                         r  vitis_design_i/myproject_axi_master_1/inst/compute_U0/grp_myproject_fu_62/dense_array_ap_fixed_60u_array_ap_fixed_16_13_5_3_0_128u_config3_U0/grp_dense_latency_ap_fixed_11_7_0_3_0_ap_fixed_16_13_5_3_0_config3_s_fu_133/trunc_ln111_6_reg_3196_reg[11]/D
  -------------------------------------------------------------------    -------------------

                         (clock clk_pl_0 rise edge)
                                                     10.000    10.000 r  
    PS8_X0Y0             PS8                          0.000    10.000 r  vitis_design_i/zynq_ultra_ps_e_0/inst/PS8_i/PLCLK[0]
                         net (fo=1, routed)           0.181    10.181    vitis_design_i/zynq_ultra_ps_e_0/inst/pl_clk_unbuffered[0]
    BUFG_PS_X0Y80        BUFG_PS (Prop_BUFG_PS_I_O)
                                                      0.035    10.216 r  vitis_design_i/zynq_ultra_ps_e_0/inst/buffer_pl_clk_0.PL_CLK_0_BUFG/O
    X0Y1 (CLOCK_ROOT)    net (fo=21584, routed)       2.174    12.390    vitis_design_i/myproject_axi_master_1/inst/compute_U0/grp_myproject_fu_62/dense_array_ap_fixed_60u_array_ap_fixed_16_13_5_3_0_128u_config3_U0/grp_dense_latency_ap_fixed_11_7_0_3_0_ap_fixed_16_13_5_3_0_config3_s_fu_133/ap_clk
    SLICE_X20Y112        FDRE                                         r  vitis_design_i/myproject_axi_master_1/inst/compute_U0/grp_myproject_fu_62/dense_array_ap_fixed_60u_array_ap_fixed_16_13_5_3_0_128u_config3_U0/grp_dense_latency_ap_fixed_11_7_0_3_0_ap_fixed_16_13_5_3_0_config3_s_fu_133/trunc_ln111_6_reg_3196_reg[11]/C
                         clock pessimism              0.144    12.534    
                         clock uncertainty           -0.130    12.404    
    SLICE_X20Y112        FDRE (Setup_EFF_SLICEM_C_D)
                                                      0.044    12.448    vitis_design_i/myproject_axi_master_1/inst/compute_U0/grp_myproject_fu_62/dense_array_ap_fixed_60u_array_ap_fixed_16_13_5_3_0_128u_config3_U0/grp_dense_latency_ap_fixed_11_7_0_3_0_ap_fixed_16_13_5_3_0_config3_s_fu_133/trunc_ln111_6_reg_3196_reg[11]
  -------------------------------------------------------------------
                         required time                         12.448    
                         arrival time                          -8.956    
  -------------------------------------------------------------------
                         slack                                  3.493    

Slack (MET) :             3.502ns  (required time - arrival time)
  Source:                 vitis_design_i/myproject_axi_master_1/inst/load_input_float_array_ap_fixed_11_7_0_3_0_60u_U0/grp_load_input_float_array_ap_fixed_60u_Pipeline_VITIS_LOOP_13_1_fu_90/fpext_32ns_64_2_no_dsp_1_U3/din0_buf1_reg[29]/C
                            (rising edge-triggered cell FDRE clocked by clk_pl_0  {rise@0.000ns fall@5.000ns period=10.000ns})
  Destination:            vitis_design_i/myproject_axi_master_1/inst/load_input_float_array_ap_fixed_11_7_0_3_0_60u_U0/grp_load_input_float_array_ap_fixed_60u_Pipeline_VITIS_LOOP_13_1_fu_90/trunc_ln17_353_reg_18559_reg[31]/D
                            (rising edge-triggered cell FDRE clocked by clk_pl_0  {rise@0.000ns fall@5.000ns period=10.000ns})
  Path Group:             clk_pl_0
  Path Type:              Setup (Max at Slow Process Corner)
  Requirement:            10.000ns  (clk_pl_0 rise@10.000ns - clk_pl_0 rise@0.000ns)
  Data Path Delay:        6.420ns  (logic 0.591ns (9.206%)  route 5.829ns (90.794%))
  Logic Levels:           3  (LUT3=1 LUT4=1 LUT5=1)
  Clock Path Skew:        0.006ns (DCD - SCD + CPR)
    Destination Clock Delay (DCD):    2.546ns = ( 12.546 - 10.000 ) 
    Source Clock Delay      (SCD):    2.681ns
    Clock Pessimism Removal (CPR):    0.141ns
  Clock Uncertainty:      0.130ns  ((TSJ^2 + DJ^2)^1/2) / 2 + PE
    Total System Jitter     (TSJ):    0.071ns
    Discrete Jitter          (DJ):    0.250ns
    Phase Error              (PE):    0.000ns
  Clock Net Delay (Source):      2.414ns (routing 1.045ns, distribution 1.369ns)
  Clock Net Delay (Destination): 2.330ns (routing 0.955ns, distribution 1.375ns)

    Location             Delay type                Incr(ns)  Path(ns)    Netlist Resource(s)
  -------------------------------------------------------------------    -------------------
                         (clock clk_pl_0 rise edge)
                                                      0.000     0.000 r  
    PS8_X0Y0             PS8                          0.000     0.000 r  vitis_design_i/zynq_ultra_ps_e_0/inst/PS8_i/PLCLK[0]
                         net (fo=1, routed)           0.229     0.229    vitis_design_i/zynq_ultra_ps_e_0/inst/pl_clk_unbuffered[0]
    BUFG_PS_X0Y80        BUFG_PS (Prop_BUFG_PS_I_O)
                                                      0.038     0.267 r  vitis_design_i/zynq_ultra_ps_e_0/inst/buffer_pl_clk_0.PL_CLK_0_BUFG/O
    X0Y1 (CLOCK_ROOT)    net (fo=21584, routed)       2.414     2.681    vitis_design_i/myproject_axi_master_1/inst/load_input_float_array_ap_fixed_11_7_0_3_0_60u_U0/grp_load_input_float_array_ap_fixed_60u_Pipeline_VITIS_LOOP_13_1_fu_90/fpext_32ns_64_2_no_dsp_1_U3/ap_clk
    SLICE_X17Y73         FDRE                                         r  vitis_design_i/myproject_axi_master_1/inst/load_input_float_array_ap_fixed_11_7_0_3_0_60u_U0/grp_load_input_float_array_ap_fixed_60u_Pipeline_VITIS_LOOP_13_1_fu_90/fpext_32ns_64_2_no_dsp_1_U3/din0_buf1_reg[29]/C
  -------------------------------------------------------------------    -------------------
    SLICE_X17Y73         FDRE (Prop_GFF_SLICEM_C_Q)
                                                      0.116     2.797 f  vitis_design_i/myproject_axi_master_1/inst/load_input_float_array_ap_fixed_11_7_0_3_0_60u_U0/grp_load_input_float_array_ap_fixed_60u_Pipeline_VITIS_LOOP_13_1_fu_90/fpext_32ns_64_2_no_dsp_1_U3/din0_buf1_reg[29]/Q
                         net (fo=3, routed)           0.404     3.201    vitis_design_wrapper/vitis_design/vitis_design_myproject_axi_master_1_0/vitis_design_myproject_axi_master_1_0_myproject_axi_master/vitis_design_myproject_axi_master_1_0_myproject_axi_master_load_input_float_array_ap_fixed_11_7_0_3_0_60u_s/vitis_design_myproject_axi_master_1_0_myproject_axi_master_load_input_float_array_ap_fixed_60u_Pipeline_VITIS_LOOP_13_1/vitis_design_myproject_axi_master_1_0_myproject_axi_master_fpext_32ns_64_2_no_dsp_1/vitis_design_myproject_axi_master_1_0_myproject_axi_master_fpext_32ns_64_2_no_dsp_1_ip/<hidden>/<hidden>/<hidden>/<hidden>
    SLICE_X16Y73         LUT4 (Prop_D5LUT_SLICEL_I1_O)
                                                      0.187     3.388 r  vitis_design_wrapper/vitis_design/vitis_design_myproject_axi_master_1_0/vitis_design_myproject_axi_master_1_0_myproject_axi_master/vitis_design_myproject_axi_master_1_0_myproject_axi_master_load_input_float_array_ap_fixed_11_7_0_3_0_60u_s/vitis_design_myproject_axi_master_1_0_myproject_axi_master_load_input_float_array_ap_fixed_60u_Pipeline_VITIS_LOOP_13_1/vitis_design_myproject_axi_master_1_0_myproject_axi_master_fpext_32ns_64_2_no_dsp_1/vitis_design_myproject_axi_master_1_0_myproject_axi_master_fpext_32ns_64_2_no_dsp_1_ip/<hidden>/<hidden>/<hidden>/<hidden>
                         net (fo=33, routed)          0.367     3.755    vitis_design_wrapper/vitis_design/vitis_design_myproject_axi_master_1_0/vitis_design_myproject_axi_master_1_0_myproject_axi_master/vitis_design_myproject_axi_master_1_0_myproject_axi_master_load_input_float_array_ap_fixed_11_7_0_3_0_60u_s/vitis_design_myproject_axi_master_1_0_myproject_axi_master_load_input_float_array_ap_fixed_60u_Pipeline_VITIS_LOOP_13_1/vitis_design_myproject_axi_master_1_0_myproject_axi_master_fpext_32ns_64_2_no_dsp_1/vitis_design_myproject_axi_master_1_0_myproject_axi_master_fpext_32ns_64_2_no_dsp_1_ip/<hidden>/<hidden>/<hidden>/<hidden>
    SLICE_X16Y73         LUT5 (Prop_B6LUT_SLICEL_I2_O)
                                                      0.152     3.907 r  vitis_design_wrapper/vitis_design/vitis_design_myproject_axi_master_1_0/vitis_design_myproject_axi_master_1_0_myproject_axi_master/vitis_design_myproject_axi_master_1_0_myproject_axi_master_load_input_float_array_ap_fixed_11_7_0_3_0_60u_s/vitis_design_myproject_axi_master_1_0_myproject_axi_master_load_input_float_array_ap_fixed_60u_Pipeline_VITIS_LOOP_13_1/vitis_design_myproject_axi_master_1_0_myproject_axi_master_fpext_32ns_64_2_no_dsp_1/vitis_design_myproject_axi_master_1_0_myproject_axi_master_fpext_32ns_64_2_no_dsp_1_ip/<hidden>/<hidden>/<hidden>/<hidden>
                         net (fo=2, routed)           0.098     4.005    vitis_design_i/myproject_axi_master_1/inst/load_input_float_array_ap_fixed_11_7_0_3_0_60u_U0/grp_load_input_float_array_ap_fixed_60u_Pipeline_VITIS_LOOP_13_1_fu_90/fpext_32ns_64_2_no_dsp_1_U3/r_tdata[31]
    SLICE_X15Y73         LUT3 (Prop_D6LUT_SLICEL_I0_O)
                                                      0.136     4.141 r  vitis_design_i/myproject_axi_master_1/inst/load_input_float_array_ap_fixed_11_7_0_3_0_60u_U0/grp_load_input_float_array_ap_fixed_60u_Pipeline_VITIS_LOOP_13_1_fu_90/fpext_32ns_64_2_no_dsp_1_U3/trunc_ln17_369_reg_18651[31]_i_1/O
                         net (fo=61, routed)          4.960     9.101    vitis_design_i/myproject_axi_master_1/inst/load_input_float_array_ap_fixed_11_7_0_3_0_60u_U0/grp_load_input_float_array_ap_fixed_60u_Pipeline_VITIS_LOOP_13_1_fu_90/grp_fu_134_p1[31]
    SLICE_X25Y147        FDRE                                         r  vitis_design_i/myproject_axi_master_1/inst/load_input_float_array_ap_fixed_11_7_0_3_0_60u_U0/grp_load_input_float_array_ap_fixed_60u_Pipeline_VITIS_LOOP_13_1_fu_90/trunc_ln17_353_reg_18559_reg[31]/D
  -------------------------------------------------------------------    -------------------

                         (clock clk_pl_0 rise edge)
                                                     10.000    10.000 r  
    PS8_X0Y0             PS8                          0.000    10.000 r  vitis_design_i/zynq_ultra_ps_e_0/inst/PS8_i/PLCLK[0]
                         net (fo=1, routed)           0.181    10.181    vitis_design_i/zynq_ultra_ps_e_0/inst/pl_clk_unbuffered[0]
    BUFG_PS_X0Y80        BUFG_PS (Prop_BUFG_PS_I_O)
                                                      0.035    10.216 r  vitis_design_i/zynq_ultra_ps_e_0/inst/buffer_pl_clk_0.PL_CLK_0_BUFG/O
    X0Y1 (CLOCK_ROOT)    net (fo=21584, routed)       2.330    12.546    vitis_design_i/myproject_axi_master_1/inst/load_input_float_array_ap_fixed_11_7_0_3_0_60u_U0/grp_load_input_float_array_ap_fixed_60u_Pipeline_VITIS_LOOP_13_1_fu_90/ap_clk
    SLICE_X25Y147        FDRE                                         r  vitis_design_i/myproject_axi_master_1/inst/load_input_float_array_ap_fixed_11_7_0_3_0_60u_U0/grp_load_input_float_array_ap_fixed_60u_Pipeline_VITIS_LOOP_13_1_fu_90/trunc_ln17_353_reg_18559_reg[31]/C
                         clock pessimism              0.141    12.687    
                         clock uncertainty           -0.130    12.558    
    SLICE_X25Y147        FDRE (Setup_EFF2_SLICEM_C_D)
                                                      0.045    12.603    vitis_design_i/myproject_axi_master_1/inst/load_input_float_array_ap_fixed_11_7_0_3_0_60u_U0/grp_load_input_float_array_ap_fixed_60u_Pipeline_VITIS_LOOP_13_1_fu_90/trunc_ln17_353_reg_18559_reg[31]
  -------------------------------------------------------------------
                         required time                         12.603    
                         arrival time                          -9.101    
  -------------------------------------------------------------------
                         slack                                  3.502    





Min Delay Paths
--------------------------------------------------------------------------------------
Slack (MET) :             0.009ns  (arrival time - required time)
  Source:                 vitis_design_i/smc_ic_zynq_ultra_ps_e_0_S_AXI_HP0_FPD/inst/switchboards/aw_switchboard/inst/gen_mi[0].inst_opipe_payld/gen_pipe[1].pipe_reg[1][80]/C
                            (rising edge-triggered cell FDRE clocked by clk_pl_0  {rise@0.000ns fall@5.000ns period=10.000ns})
  Destination:            vitis_design_i/smc_ic_zynq_ultra_ps_e_0_S_AXI_HP0_FPD/inst/m00_nodes/m00_aw_node/inst/inst_mi_handler/gen_normal_area.inst_fifo_node_payld/gen_xpm_memory_fifo.inst_fifo/gen_mem_rep[0].inst_xpm_memory/xpm_memory_base_inst/gen_wr_a.gen_word_narrow.mem_reg_0_31_70_83/RAME/I
                            (rising edge-triggered cell RAMD32 clocked by clk_pl_0  {rise@0.000ns fall@5.000ns period=10.000ns})
  Path Group:             clk_pl_0
  Path Type:              Hold (Min at Slow Process Corner)
  Requirement:            0.000ns  (clk_pl_0 rise@0.000ns - clk_pl_0 rise@0.000ns)
  Data Path Delay:        0.206ns  (logic 0.111ns (53.883%)  route 0.095ns (46.116%))
  Logic Levels:           0  
  Clock Path Skew:        0.094ns (DCD - SCD - CPR)
    Destination Clock Delay (DCD):    2.740ns
    Source Clock Delay      (SCD):    2.398ns
    Clock Pessimism Removal (CPR):    0.248ns
  Clock Net Delay (Source):      2.182ns (routing 0.955ns, distribution 1.227ns)
  Clock Net Delay (Destination): 2.473ns (routing 1.045ns, distribution 1.428ns)

    Location             Delay type                Incr(ns)  Path(ns)    Netlist Resource(s)
  -------------------------------------------------------------------    -------------------
                         (clock clk_pl_0 rise edge)
                                                      0.000     0.000 r  
    PS8_X0Y0             PS8                          0.000     0.000 r  vitis_design_i/zynq_ultra_ps_e_0/inst/PS8_i/PLCLK[0]
                         net (fo=1, routed)           0.181     0.181    vitis_design_i/zynq_ultra_ps_e_0/inst/pl_clk_unbuffered[0]
    BUFG_PS_X0Y80        BUFG_PS (Prop_BUFG_PS_I_O)
                                                      0.035     0.216 r  vitis_design_i/zynq_ultra_ps_e_0/inst/buffer_pl_clk_0.PL_CLK_0_BUFG/O
    X0Y1 (CLOCK_ROOT)    net (fo=21584, routed)       2.182     2.398    vitis_design_i/smc_ic_zynq_ultra_ps_e_0_S_AXI_HP0_FPD/inst/switchboards/aw_switchboard/inst/gen_mi[0].inst_opipe_payld/aclk
    SLICE_X4Y126         FDRE                                         r  vitis_design_i/smc_ic_zynq_ultra_ps_e_0_S_AXI_HP0_FPD/inst/switchboards/aw_switchboard/inst/gen_mi[0].inst_opipe_payld/gen_pipe[1].pipe_reg[1][80]/C
  -------------------------------------------------------------------    -------------------
    SLICE_X4Y126         FDRE (Prop_BFF_SLICEM_C_Q)
                                                      0.111     2.509 r  vitis_design_i/smc_ic_zynq_ultra_ps_e_0_S_AXI_HP0_FPD/inst/switchboards/aw_switchboard/inst/gen_mi[0].inst_opipe_payld/gen_pipe[1].pipe_reg[1][80]/Q
                         net (fo=1, routed)           0.095     2.604    vitis_design_i/smc_ic_zynq_ultra_ps_e_0_S_AXI_HP0_FPD/inst/m00_nodes/m00_aw_node/inst/inst_mi_handler/gen_normal_area.inst_fifo_node_payld/gen_xpm_memory_fifo.inst_fifo/gen_mem_rep[0].inst_xpm_memory/xpm_memory_base_inst/gen_wr_a.gen_word_narrow.mem_reg_0_31_70_83/DIE0
    SLICE_X4Y125         RAMD32                                       r  vitis_design_i/smc_ic_zynq_ultra_ps_e_0_S_AXI_HP0_FPD/inst/m00_nodes/m00_aw_node/inst/inst_mi_handler/gen_normal_area.inst_fifo_node_payld/gen_xpm_memory_fifo.inst_fifo/gen_mem_rep[0].inst_xpm_memory/xpm_memory_base_inst/gen_wr_a.gen_word_narrow.mem_reg_0_31_70_83/RAME/I
  -------------------------------------------------------------------    -------------------

                         (clock clk_pl_0 rise edge)
                                                      0.000     0.000 r  
    PS8_X0Y0             PS8                          0.000     0.000 r  vitis_design_i/zynq_ultra_ps_e_0/inst/PS8_i/PLCLK[0]
                         net (fo=1, routed)           0.229     0.229    vitis_design_i/zynq_ultra_ps_e_0/inst/pl_clk_unbuffered[0]
    BUFG_PS_X0Y80        BUFG_PS (Prop_BUFG_PS_I_O)
                                                      0.038     0.267 r  vitis_design_i/zynq_ultra_ps_e_0/inst/buffer_pl_clk_0.PL_CLK_0_BUFG/O
    X0Y1 (CLOCK_ROOT)    net (fo=21584, routed)       2.473     2.740    vitis_design_i/smc_ic_zynq_ultra_ps_e_0_S_AXI_HP0_FPD/inst/m00_nodes/m00_aw_node/inst/inst_mi_handler/gen_normal_area.inst_fifo_node_payld/gen_xpm_memory_fifo.inst_fifo/gen_mem_rep[0].inst_xpm_memory/xpm_memory_base_inst/gen_wr_a.gen_word_narrow.mem_reg_0_31_70_83/WCLK
    SLICE_X4Y125         RAMD32                                       r  vitis_design_i/smc_ic_zynq_ultra_ps_e_0_S_AXI_HP0_FPD/inst/m00_nodes/m00_aw_node/inst/inst_mi_handler/gen_normal_area.inst_fifo_node_payld/gen_xpm_memory_fifo.inst_fifo/gen_mem_rep[0].inst_xpm_memory/xpm_memory_base_inst/gen_wr_a.gen_word_narrow.mem_reg_0_31_70_83/RAME/CLK
                         clock pessimism             -0.248     2.492    
    SLICE_X4Y125         RAMD32 (Hold_E5LUT_SLICEM_CLK_I)
                                                      0.103     2.595    vitis_design_i/smc_ic_zynq_ultra_ps_e_0_S_AXI_HP0_FPD/inst/m00_nodes/m00_aw_node/inst/inst_mi_handler/gen_normal_area.inst_fifo_node_payld/gen_xpm_memory_fifo.inst_fifo/gen_mem_rep[0].inst_xpm_memory/xpm_memory_base_inst/gen_wr_a.gen_word_narrow.mem_reg_0_31_70_83/RAME
  -------------------------------------------------------------------
                         required time                         -2.595    
                         arrival time                           2.604    
  -------------------------------------------------------------------
                         slack                                  0.009    

Slack (MET) :             0.011ns  (arrival time - required time)
  Source:                 vitis_design_i/smc_ic_zynq_ultra_ps_e_0_S_AXI_HP0_FPD/inst/m00_nodes/m00_aw_node/inst/inst_mi_handler/gen_normal_area.inst_fifo_node_payld/gen_xpm_memory_fifo.inst_fifo/gen_mem_rep[0].inst_xpm_memory/xpm_memory_base_inst/gen_rd_b.gen_rd_b_synth_template.gen_rf_narrow_reg.doutb_reg_reg[2]/C
                            (rising edge-triggered cell FDRE clocked by clk_pl_0  {rise@0.000ns fall@5.000ns period=10.000ns})
  Destination:            vitis_design_i/smc_ic_zynq_ultra_ps_e_0_S_AXI_HP0_FPD/inst/m00_exit_pipeline/m00_exit/inst/aw_reg/skid_buffer_reg[1126]/D
                            (rising edge-triggered cell FDRE clocked by clk_pl_0  {rise@0.000ns fall@5.000ns period=10.000ns})
  Path Group:             clk_pl_0
  Path Type:              Hold (Min at Slow Process Corner)
  Requirement:            0.000ns  (clk_pl_0 rise@0.000ns - clk_pl_0 rise@0.000ns)
  Data Path Delay:        0.233ns  (logic 0.115ns (49.292%)  route 0.118ns (50.708%))
  Logic Levels:           0  
  Clock Path Skew:        0.120ns (DCD - SCD - CPR)
    Destination Clock Delay (DCD):    2.714ns
    Source Clock Delay      (SCD):    2.398ns
    Clock Pessimism Removal (CPR):    0.195ns
  Clock Net Delay (Source):      2.182ns (routing 0.955ns, distribution 1.227ns)
  Clock Net Delay (Destination): 2.447ns (routing 1.045ns, distribution 1.402ns)

    Location             Delay type                Incr(ns)  Path(ns)    Netlist Resource(s)
  -------------------------------------------------------------------    -------------------
                         (clock clk_pl_0 rise edge)
                                                      0.000     0.000 r  
    PS8_X0Y0             PS8                          0.000     0.000 r  vitis_design_i/zynq_ultra_ps_e_0/inst/PS8_i/PLCLK[0]
                         net (fo=1, routed)           0.181     0.181    vitis_design_i/zynq_ultra_ps_e_0/inst/pl_clk_unbuffered[0]
    BUFG_PS_X0Y80        BUFG_PS (Prop_BUFG_PS_I_O)
                                                      0.035     0.216 r  vitis_design_i/zynq_ultra_ps_e_0/inst/buffer_pl_clk_0.PL_CLK_0_BUFG/O
    X0Y1 (CLOCK_ROOT)    net (fo=21584, routed)       2.182     2.398    vitis_design_i/smc_ic_zynq_ultra_ps_e_0_S_AXI_HP0_FPD/inst/m00_nodes/m00_aw_node/inst/inst_mi_handler/gen_normal_area.inst_fifo_node_payld/gen_xpm_memory_fifo.inst_fifo/gen_mem_rep[0].inst_xpm_memory/xpm_memory_base_inst/clka
    SLICE_X4Y124         FDRE                                         r  vitis_design_i/smc_ic_zynq_ultra_ps_e_0_S_AXI_HP0_FPD/inst/m00_nodes/m00_aw_node/inst/inst_mi_handler/gen_normal_area.inst_fifo_node_payld/gen_xpm_memory_fifo.inst_fifo/gen_mem_rep[0].inst_xpm_memory/xpm_memory_base_inst/gen_rd_b.gen_rd_b_synth_template.gen_rf_narrow_reg.doutb_reg_reg[2]/C
  -------------------------------------------------------------------    -------------------
    SLICE_X4Y124         FDRE (Prop_DFF2_SLICEM_C_Q)
                                                      0.115     2.513 r  vitis_design_i/smc_ic_zynq_ultra_ps_e_0_S_AXI_HP0_FPD/inst/m00_nodes/m00_aw_node/inst/inst_mi_handler/gen_normal_area.inst_fifo_node_payld/gen_xpm_memory_fifo.inst_fifo/gen_mem_rep[0].inst_xpm_memory/xpm_memory_base_inst/gen_rd_b.gen_rd_b_synth_template.gen_rf_narrow_reg.doutb_reg_reg[2]/Q
                         net (fo=3, routed)           0.118     2.632    vitis_design_i/smc_ic_zynq_ultra_ps_e_0_S_AXI_HP0_FPD/inst/m00_exit_pipeline/m00_exit/inst/aw_reg/D[50]
    SLICE_X2Y124         FDRE                                         r  vitis_design_i/smc_ic_zynq_ultra_ps_e_0_S_AXI_HP0_FPD/inst/m00_exit_pipeline/m00_exit/inst/aw_reg/skid_buffer_reg[1126]/D
  -------------------------------------------------------------------    -------------------

                         (clock clk_pl_0 rise edge)
                                                      0.000     0.000 r  
    PS8_X0Y0             PS8                          0.000     0.000 r  vitis_design_i/zynq_ultra_ps_e_0/inst/PS8_i/PLCLK[0]
                         net (fo=1, routed)           0.229     0.229    vitis_design_i/zynq_ultra_ps_e_0/inst/pl_clk_unbuffered[0]
    BUFG_PS_X0Y80        BUFG_PS (Prop_BUFG_PS_I_O)
                                                      0.038     0.267 r  vitis_design_i/zynq_ultra_ps_e_0/inst/buffer_pl_clk_0.PL_CLK_0_BUFG/O
    X0Y1 (CLOCK_ROOT)    net (fo=21584, routed)       2.447     2.714    vitis_design_i/smc_ic_zynq_ultra_ps_e_0_S_AXI_HP0_FPD/inst/m00_exit_pipeline/m00_exit/inst/aw_reg/aclk
    SLICE_X2Y124         FDRE                                         r  vitis_design_i/smc_ic_zynq_ultra_ps_e_0_S_AXI_HP0_FPD/inst/m00_exit_pipeline/m00_exit/inst/aw_reg/skid_buffer_reg[1126]/C
                         clock pessimism             -0.195     2.519    
    SLICE_X2Y124         FDRE (Hold_EFF2_SLICEM_C_D)
                                                      0.102     2.621    vitis_design_i/smc_ic_zynq_ultra_ps_e_0_S_AXI_HP0_FPD/inst/m00_exit_pipeline/m00_exit/inst/aw_reg/skid_buffer_reg[1126]
  -------------------------------------------------------------------
                         required time                         -2.621    
                         arrival time                           2.632    
  -------------------------------------------------------------------
                         slack                                  0.011    

Slack (MET) :             0.011ns  (arrival time - required time)
  Source:                 vitis_design_i/axi_smc/inst/m00_exit_pipeline/m00_exit/inst/r_reg/m_vector_i_reg[1148]/C
                            (rising edge-triggered cell FDRE clocked by clk_pl_0  {rise@0.000ns fall@5.000ns period=10.000ns})
  Destination:            vitis_design_i/axi_smc/inst/m00_nodes/m00_r_node/inst/inst_mi_handler/gen_normal_area.inst_fifo_node_payld/gen_xpm_memory_fifo.inst_fifo/gen_mem_rep[0].inst_xpm_memory/xpm_memory_base_inst/gen_wr_a.gen_word_narrow.mem_reg_0_31_98_111/RAMG/I
                            (rising edge-triggered cell RAMD32 clocked by clk_pl_0  {rise@0.000ns fall@5.000ns period=10.000ns})
  Path Group:             clk_pl_0
  Path Type:              Hold (Min at Slow Process Corner)
  Requirement:            0.000ns  (clk_pl_0 rise@0.000ns - clk_pl_0 rise@0.000ns)
  Data Path Delay:        0.240ns  (logic 0.112ns (46.667%)  route 0.128ns (53.333%))
  Logic Levels:           0  
  Clock Path Skew:        0.125ns (DCD - SCD - CPR)
    Destination Clock Delay (DCD):    2.724ns
    Source Clock Delay      (SCD):    2.355ns
    Clock Pessimism Removal (CPR):    0.244ns
  Clock Net Delay (Source):      2.139ns (routing 0.955ns, distribution 1.184ns)
  Clock Net Delay (Destination): 2.457ns (routing 1.045ns, distribution 1.412ns)

    Location             Delay type                Incr(ns)  Path(ns)    Netlist Resource(s)
  -------------------------------------------------------------------    -------------------
                         (clock clk_pl_0 rise edge)
                                                      0.000     0.000 r  
    PS8_X0Y0             PS8                          0.000     0.000 r  vitis_design_i/zynq_ultra_ps_e_0/inst/PS8_i/PLCLK[0]
                         net (fo=1, routed)           0.181     0.181    vitis_design_i/zynq_ultra_ps_e_0/inst/pl_clk_unbuffered[0]
    BUFG_PS_X0Y80        BUFG_PS (Prop_BUFG_PS_I_O)
                                                      0.035     0.216 r  vitis_design_i/zynq_ultra_ps_e_0/inst/buffer_pl_clk_0.PL_CLK_0_BUFG/O
    X0Y1 (CLOCK_ROOT)    net (fo=21584, routed)       2.139     2.355    vitis_design_i/axi_smc/inst/m00_exit_pipeline/m00_exit/inst/r_reg/aclk
    SLICE_X2Y67          FDRE                                         r  vitis_design_i/axi_smc/inst/m00_exit_pipeline/m00_exit/inst/r_reg/m_vector_i_reg[1148]/C
  -------------------------------------------------------------------    -------------------
    SLICE_X2Y67          FDRE (Prop_DFF_SLICEM_C_Q)
                                                      0.112     2.467 r  vitis_design_i/axi_smc/inst/m00_exit_pipeline/m00_exit/inst/r_reg/m_vector_i_reg[1148]/Q
                         net (fo=1, routed)           0.128     2.595    vitis_design_i/axi_smc/inst/m00_nodes/m00_r_node/inst/inst_mi_handler/gen_normal_area.inst_fifo_node_payld/gen_xpm_memory_fifo.inst_fifo/gen_mem_rep[0].inst_xpm_memory/xpm_memory_base_inst/gen_wr_a.gen_word_narrow.mem_reg_0_31_98_111/DIG0
    SLICE_X2Y64          RAMD32                                       r  vitis_design_i/axi_smc/inst/m00_nodes/m00_r_node/inst/inst_mi_handler/gen_normal_area.inst_fifo_node_payld/gen_xpm_memory_fifo.inst_fifo/gen_mem_rep[0].inst_xpm_memory/xpm_memory_base_inst/gen_wr_a.gen_word_narrow.mem_reg_0_31_98_111/RAMG/I
  -------------------------------------------------------------------    -------------------

                         (clock clk_pl_0 rise edge)
                                                      0.000     0.000 r  
    PS8_X0Y0             PS8                          0.000     0.000 r  vitis_design_i/zynq_ultra_ps_e_0/inst/PS8_i/PLCLK[0]
                         net (fo=1, routed)           0.229     0.229    vitis_design_i/zynq_ultra_ps_e_0/inst/pl_clk_unbuffered[0]
    BUFG_PS_X0Y80        BUFG_PS (Prop_BUFG_PS_I_O)
                                                      0.038     0.267 r  vitis_design_i/zynq_ultra_ps_e_0/inst/buffer_pl_clk_0.PL_CLK_0_BUFG/O
    X0Y1 (CLOCK_ROOT)    net (fo=21584, routed)       2.457     2.724    vitis_design_i/axi_smc/inst/m00_nodes/m00_r_node/inst/inst_mi_handler/gen_normal_area.inst_fifo_node_payld/gen_xpm_memory_fifo.inst_fifo/gen_mem_rep[0].inst_xpm_memory/xpm_memory_base_inst/gen_wr_a.gen_word_narrow.mem_reg_0_31_98_111/WCLK
    SLICE_X2Y64          RAMD32                                       r  vitis_design_i/axi_smc/inst/m00_nodes/m00_r_node/inst/inst_mi_handler/gen_normal_area.inst_fifo_node_payld/gen_xpm_memory_fifo.inst_fifo/gen_mem_rep[0].inst_xpm_memory/xpm_memory_base_inst/gen_wr_a.gen_word_narrow.mem_reg_0_31_98_111/RAMG/CLK
                         clock pessimism             -0.244     2.480    
    SLICE_X2Y64          RAMD32 (Hold_G5LUT_SLICEM_CLK_I)
                                                      0.104     2.584    vitis_design_i/axi_smc/inst/m00_nodes/m00_r_node/inst/inst_mi_handler/gen_normal_area.inst_fifo_node_payld/gen_xpm_memory_fifo.inst_fifo/gen_mem_rep[0].inst_xpm_memory/xpm_memory_base_inst/gen_wr_a.gen_word_narrow.mem_reg_0_31_98_111/RAMG
  -------------------------------------------------------------------
                         required time                         -2.584    
                         arrival time                           2.595    
  -------------------------------------------------------------------
                         slack                                  0.011    

Slack (MET) :             0.011ns  (arrival time - required time)
  Source:                 vitis_design_i/axi_dma_0/U0/I_PRMRY_DATAMOVER/GEN_S2MM_FULL.I_S2MM_FULL_WRAPPER/I_WR_STATUS_CNTLR/GEN_ENABLE_INDET_BTT.sig_coelsc_interr_reg_reg/C
                            (rising edge-triggered cell FDRE clocked by clk_pl_0  {rise@0.000ns fall@5.000ns period=10.000ns})
  Destination:            vitis_design_i/axi_dma_0/U0/I_PRMRY_DATAMOVER/GEN_S2MM_FULL.I_S2MM_FULL_WRAPPER/I_CMD_STATUS/GEN_INCLUDE_STATUS_FIFO.I_STS_FIFO/USE_SINGLE_REG.sig_regfifo_dout_reg_reg[4]/D
                            (rising edge-triggered cell FDRE clocked by clk_pl_0  {rise@0.000ns fall@5.000ns period=10.000ns})
  Path Group:             clk_pl_0
  Path Type:              Hold (Min at Slow Process Corner)
  Requirement:            0.000ns  (clk_pl_0 rise@0.000ns - clk_pl_0 rise@0.000ns)
  Data Path Delay:        0.230ns  (logic 0.115ns (50.076%)  route 0.115ns (49.924%))
  Logic Levels:           0  
  Clock Path Skew:        0.116ns (DCD - SCD - CPR)
    Destination Clock Delay (DCD):    2.644ns
    Source Clock Delay      (SCD):    2.342ns
    Clock Pessimism Removal (CPR):    0.185ns
  Clock Net Delay (Source):      2.126ns (routing 0.955ns, distribution 1.171ns)
  Clock Net Delay (Destination): 2.377ns (routing 1.045ns, distribution 1.332ns)

    Location             Delay type                Incr(ns)  Path(ns)    Netlist Resource(s)
  -------------------------------------------------------------------    -------------------
                         (clock clk_pl_0 rise edge)
                                                      0.000     0.000 r  
    PS8_X0Y0             PS8                          0.000     0.000 r  vitis_design_i/zynq_ultra_ps_e_0/inst/PS8_i/PLCLK[0]
                         net (fo=1, routed)           0.181     0.181    vitis_design_i/zynq_ultra_ps_e_0/inst/pl_clk_unbuffered[0]
    BUFG_PS_X0Y80        BUFG_PS (Prop_BUFG_PS_I_O)
                                                      0.035     0.216 r  vitis_design_i/zynq_ultra_ps_e_0/inst/buffer_pl_clk_0.PL_CLK_0_BUFG/O
    X0Y1 (CLOCK_ROOT)    net (fo=21584, routed)       2.126     2.342    vitis_design_i/axi_dma_0/U0/I_PRMRY_DATAMOVER/GEN_S2MM_FULL.I_S2MM_FULL_WRAPPER/I_WR_STATUS_CNTLR/m_axi_s2mm_aclk
    SLICE_X10Y35         FDRE                                         r  vitis_design_i/axi_dma_0/U0/I_PRMRY_DATAMOVER/GEN_S2MM_FULL.I_S2MM_FULL_WRAPPER/I_WR_STATUS_CNTLR/GEN_ENABLE_INDET_BTT.sig_coelsc_interr_reg_reg/C
  -------------------------------------------------------------------    -------------------
    SLICE_X10Y35         FDRE (Prop_DFF2_SLICEM_C_Q)
                                                      0.115     2.457 r  vitis_design_i/axi_dma_0/U0/I_PRMRY_DATAMOVER/GEN_S2MM_FULL.I_S2MM_FULL_WRAPPER/I_WR_STATUS_CNTLR/GEN_ENABLE_INDET_BTT.sig_coelsc_interr_reg_reg/Q
                         net (fo=3, routed)           0.115     2.572    vitis_design_i/axi_dma_0/U0/I_PRMRY_DATAMOVER/GEN_S2MM_FULL.I_S2MM_FULL_WRAPPER/I_CMD_STATUS/GEN_INCLUDE_STATUS_FIFO.I_STS_FIFO/D[0]
    SLICE_X8Y35          FDRE                                         r  vitis_design_i/axi_dma_0/U0/I_PRMRY_DATAMOVER/GEN_S2MM_FULL.I_S2MM_FULL_WRAPPER/I_CMD_STATUS/GEN_INCLUDE_STATUS_FIFO.I_STS_FIFO/USE_SINGLE_REG.sig_regfifo_dout_reg_reg[4]/D
  -------------------------------------------------------------------    -------------------

                         (clock clk_pl_0 rise edge)
                                                      0.000     0.000 r  
    PS8_X0Y0             PS8                          0.000     0.000 r  vitis_design_i/zynq_ultra_ps_e_0/inst/PS8_i/PLCLK[0]
                         net (fo=1, routed)           0.229     0.229    vitis_design_i/zynq_ultra_ps_e_0/inst/pl_clk_unbuffered[0]
    BUFG_PS_X0Y80        BUFG_PS (Prop_BUFG_PS_I_O)
                                                      0.038     0.267 r  vitis_design_i/zynq_ultra_ps_e_0/inst/buffer_pl_clk_0.PL_CLK_0_BUFG/O
    X0Y1 (CLOCK_ROOT)    net (fo=21584, routed)       2.377     2.644    vitis_design_i/axi_dma_0/U0/I_PRMRY_DATAMOVER/GEN_S2MM_FULL.I_S2MM_FULL_WRAPPER/I_CMD_STATUS/GEN_INCLUDE_STATUS_FIFO.I_STS_FIFO/m_axi_s2mm_aclk
    SLICE_X8Y35          FDRE                                         r  vitis_design_i/axi_dma_0/U0/I_PRMRY_DATAMOVER/GEN_S2MM_FULL.I_S2MM_FULL_WRAPPER/I_CMD_STATUS/GEN_INCLUDE_STATUS_FIFO.I_STS_FIFO/USE_SINGLE_REG.sig_regfifo_dout_reg_reg[4]/C
                         clock pessimism             -0.185     2.458    
    SLICE_X8Y35          FDRE (Hold_FFF2_SLICEM_C_D)
                                                      0.102     2.560    vitis_design_i/axi_dma_0/U0/I_PRMRY_DATAMOVER/GEN_S2MM_FULL.I_S2MM_FULL_WRAPPER/I_CMD_STATUS/GEN_INCLUDE_STATUS_FIFO.I_STS_FIFO/USE_SINGLE_REG.sig_regfifo_dout_reg_reg[4]
  -------------------------------------------------------------------
                         required time                         -2.560    
                         arrival time                           2.572    
  -------------------------------------------------------------------
                         slack                                  0.011    

Slack (MET) :             0.012ns  (arrival time - required time)
  Source:                 vitis_design_i/axi_dma_0/U0/I_PRMRY_DATAMOVER/GEN_S2MM_FULL.I_S2MM_FULL_WRAPPER/GEN_INCLUDE_IBTTCC.I_S2MM_MSTR_IBTTCC/sig_realign_btt_reg_reg[14]/C
                            (rising edge-triggered cell FDRE clocked by clk_pl_0  {rise@0.000ns fall@5.000ns period=10.000ns})
  Destination:            vitis_design_i/axi_dma_0/U0/I_PRMRY_DATAMOVER/GEN_S2MM_FULL.I_S2MM_FULL_WRAPPER/GEN_INCLUDE_REALIGNER.I_S2MM_REALIGNER/I_DRE_CNTL_FIFO/USE_SRL_FIFO.I_SYNC_FIFO/data_reg[3][16]_srl4/D
                            (rising edge-triggered cell SRL16E clocked by clk_pl_0  {rise@0.000ns fall@5.000ns period=10.000ns})
  Path Group:             clk_pl_0
  Path Type:              Hold (Min at Slow Process Corner)
  Requirement:            0.000ns  (clk_pl_0 rise@0.000ns - clk_pl_0 rise@0.000ns)
  Data Path Delay:        0.227ns  (logic 0.112ns (49.339%)  route 0.115ns (50.661%))
  Logic Levels:           0  
  Clock Path Skew:        0.148ns (DCD - SCD - CPR)
    Destination Clock Delay (DCD):    2.705ns
    Source Clock Delay      (SCD):    2.372ns
    Clock Pessimism Removal (CPR):    0.185ns
  Clock Net Delay (Source):      2.156ns (routing 0.955ns, distribution 1.201ns)
  Clock Net Delay (Destination): 2.438ns (routing 1.045ns, distribution 1.393ns)

    Location             Delay type                Incr(ns)  Path(ns)    Netlist Resource(s)
  -------------------------------------------------------------------    -------------------
                         (clock clk_pl_0 rise edge)
                                                      0.000     0.000 r  
    PS8_X0Y0             PS8                          0.000     0.000 r  vitis_design_i/zynq_ultra_ps_e_0/inst/PS8_i/PLCLK[0]
                         net (fo=1, routed)           0.181     0.181    vitis_design_i/zynq_ultra_ps_e_0/inst/pl_clk_unbuffered[0]
    BUFG_PS_X0Y80        BUFG_PS (Prop_BUFG_PS_I_O)
                                                      0.035     0.216 r  vitis_design_i/zynq_ultra_ps_e_0/inst/buffer_pl_clk_0.PL_CLK_0_BUFG/O
    X0Y1 (CLOCK_ROOT)    net (fo=21584, routed)       2.156     2.372    vitis_design_i/axi_dma_0/U0/I_PRMRY_DATAMOVER/GEN_S2MM_FULL.I_S2MM_FULL_WRAPPER/GEN_INCLUDE_IBTTCC.I_S2MM_MSTR_IBTTCC/m_axi_s2mm_aclk
    SLICE_X11Y22         FDRE                                         r  vitis_design_i/axi_dma_0/U0/I_PRMRY_DATAMOVER/GEN_S2MM_FULL.I_S2MM_FULL_WRAPPER/GEN_INCLUDE_IBTTCC.I_S2MM_MSTR_IBTTCC/sig_realign_btt_reg_reg[14]/C
  -------------------------------------------------------------------    -------------------
    SLICE_X11Y22         FDRE (Prop_FFF_SLICEL_C_Q)
                                                      0.112     2.484 r  vitis_design_i/axi_dma_0/U0/I_PRMRY_DATAMOVER/GEN_S2MM_FULL.I_S2MM_FULL_WRAPPER/GEN_INCLUDE_IBTTCC.I_S2MM_MSTR_IBTTCC/sig_realign_btt_reg_reg[14]/Q
                         net (fo=1, routed)           0.115     2.599    vitis_design_i/axi_dma_0/U0/I_PRMRY_DATAMOVER/GEN_S2MM_FULL.I_S2MM_FULL_WRAPPER/GEN_INCLUDE_REALIGNER.I_S2MM_REALIGNER/I_DRE_CNTL_FIFO/USE_SRL_FIFO.I_SYNC_FIFO/in[14]
    SLICE_X12Y23         SRL16E                                       r  vitis_design_i/axi_dma_0/U0/I_PRMRY_DATAMOVER/GEN_S2MM_FULL.I_S2MM_FULL_WRAPPER/GEN_INCLUDE_REALIGNER.I_S2MM_REALIGNER/I_DRE_CNTL_FIFO/USE_SRL_FIFO.I_SYNC_FIFO/data_reg[3][16]_srl4/D
  -------------------------------------------------------------------    -------------------

                         (clock clk_pl_0 rise edge)
                                                      0.000     0.000 r  
    PS8_X0Y0             PS8                          0.000     0.000 r  vitis_design_i/zynq_ultra_ps_e_0/inst/PS8_i/PLCLK[0]
                         net (fo=1, routed)           0.229     0.229    vitis_design_i/zynq_ultra_ps_e_0/inst/pl_clk_unbuffered[0]
    BUFG_PS_X0Y80        BUFG_PS (Prop_BUFG_PS_I_O)
                                                      0.038     0.267 r  vitis_design_i/zynq_ultra_ps_e_0/inst/buffer_pl_clk_0.PL_CLK_0_BUFG/O
    X0Y1 (CLOCK_ROOT)    net (fo=21584, routed)       2.438     2.705    vitis_design_i/axi_dma_0/U0/I_PRMRY_DATAMOVER/GEN_S2MM_FULL.I_S2MM_FULL_WRAPPER/GEN_INCLUDE_REALIGNER.I_S2MM_REALIGNER/I_DRE_CNTL_FIFO/USE_SRL_FIFO.I_SYNC_FIFO/m_axi_s2mm_aclk
    SLICE_X12Y23         SRL16E                                       r  vitis_design_i/axi_dma_0/U0/I_PRMRY_DATAMOVER/GEN_S2MM_FULL.I_S2MM_FULL_WRAPPER/GEN_INCLUDE_REALIGNER.I_S2MM_REALIGNER/I_DRE_CNTL_FIFO/USE_SRL_FIFO.I_SYNC_FIFO/data_reg[3][16]_srl4/CLK
                         clock pessimism             -0.185     2.520    
    SLICE_X12Y23         SRL16E (Hold_E5LUT_SLICEM_CLK_D)
                                                      0.067     2.587    vitis_design_i/axi_dma_0/U0/I_PRMRY_DATAMOVER/GEN_S2MM_FULL.I_S2MM_FULL_WRAPPER/GEN_INCLUDE_REALIGNER.I_S2MM_REALIGNER/I_DRE_CNTL_FIFO/USE_SRL_FIFO.I_SYNC_FIFO/data_reg[3][16]_srl4
  -------------------------------------------------------------------
                         required time                         -2.587    
                         arrival time                           2.599    
  -------------------------------------------------------------------
                         slack                                  0.012    

Slack (MET) :             0.012ns  (arrival time - required time)
  Source:                 vitis_design_i/smc_ic_zynq_ultra_ps_e_0_S_AXI_HP0_FPD/inst/switchboards/r_switchboard/inst/gen_mi[0].inst_opipe_payld/gen_pipe[1].pipe_reg[1][43]/C
                            (rising edge-triggered cell FDRE clocked by clk_pl_0  {rise@0.000ns fall@5.000ns period=10.000ns})
  Destination:            vitis_design_i/smc_ic_zynq_ultra_ps_e_0_S_AXI_HP0_FPD/inst/s00_nodes/s00_r_node/inst/inst_mi_handler/gen_normal_area.inst_fifo_node_payld/gen_xpm_memory_fifo.inst_fifo/gen_mem_rep[0].inst_xpm_memory/xpm_memory_base_inst/gen_wr_a.gen_word_narrow.mem_reg_0_31_42_55/RAMA_D1/I
                            (rising edge-triggered cell RAMD32 clocked by clk_pl_0  {rise@0.000ns fall@5.000ns period=10.000ns})
  Path Group:             clk_pl_0
  Path Type:              Hold (Min at Slow Process Corner)
  Requirement:            0.000ns  (clk_pl_0 rise@0.000ns - clk_pl_0 rise@0.000ns)
  Data Path Delay:        0.231ns  (logic 0.113ns (48.918%)  route 0.118ns (51.082%))
  Logic Levels:           0  
  Clock Path Skew:        0.140ns (DCD - SCD - CPR)
    Destination Clock Delay (DCD):    2.687ns
    Source Clock Delay      (SCD):    2.356ns
    Clock Pessimism Removal (CPR):    0.192ns
  Clock Net Delay (Source):      2.140ns (routing 0.955ns, distribution 1.185ns)
  Clock Net Delay (Destination): 2.420ns (routing 1.045ns, distribution 1.375ns)

    Location             Delay type                Incr(ns)  Path(ns)    Netlist Resource(s)
  -------------------------------------------------------------------    -------------------
                         (clock clk_pl_0 rise edge)
                                                      0.000     0.000 r  
    PS8_X0Y0             PS8                          0.000     0.000 r  vitis_design_i/zynq_ultra_ps_e_0/inst/PS8_i/PLCLK[0]
                         net (fo=1, routed)           0.181     0.181    vitis_design_i/zynq_ultra_ps_e_0/inst/pl_clk_unbuffered[0]
    BUFG_PS_X0Y80        BUFG_PS (Prop_BUFG_PS_I_O)
                                                      0.035     0.216 r  vitis_design_i/zynq_ultra_ps_e_0/inst/buffer_pl_clk_0.PL_CLK_0_BUFG/O
    X0Y1 (CLOCK_ROOT)    net (fo=21584, routed)       2.140     2.356    vitis_design_i/smc_ic_zynq_ultra_ps_e_0_S_AXI_HP0_FPD/inst/switchboards/r_switchboard/inst/gen_mi[0].inst_opipe_payld/aclk
    SLICE_X5Y75          FDRE                                         r  vitis_design_i/smc_ic_zynq_ultra_ps_e_0_S_AXI_HP0_FPD/inst/switchboards/r_switchboard/inst/gen_mi[0].inst_opipe_payld/gen_pipe[1].pipe_reg[1][43]/C
  -------------------------------------------------------------------    -------------------
    SLICE_X5Y75          FDRE (Prop_CFF2_SLICEM_C_Q)
                                                      0.113     2.469 r  vitis_design_i/smc_ic_zynq_ultra_ps_e_0_S_AXI_HP0_FPD/inst/switchboards/r_switchboard/inst/gen_mi[0].inst_opipe_payld/gen_pipe[1].pipe_reg[1][43]/Q
                         net (fo=1, routed)           0.118     2.587    vitis_design_i/smc_ic_zynq_ultra_ps_e_0_S_AXI_HP0_FPD/inst/s00_nodes/s00_r_node/inst/inst_mi_handler/gen_normal_area.inst_fifo_node_payld/gen_xpm_memory_fifo.inst_fifo/gen_mem_rep[0].inst_xpm_memory/xpm_memory_base_inst/gen_wr_a.gen_word_narrow.mem_reg_0_31_42_55/DIA1
    SLICE_X4Y76          RAMD32                                       r  vitis_design_i/smc_ic_zynq_ultra_ps_e_0_S_AXI_HP0_FPD/inst/s00_nodes/s00_r_node/inst/inst_mi_handler/gen_normal_area.inst_fifo_node_payld/gen_xpm_memory_fifo.inst_fifo/gen_mem_rep[0].inst_xpm_memory/xpm_memory_base_inst/gen_wr_a.gen_word_narrow.mem_reg_0_31_42_55/RAMA_D1/I
  -------------------------------------------------------------------    -------------------

                         (clock clk_pl_0 rise edge)
                                                      0.000     0.000 r  
    PS8_X0Y0             PS8                          0.000     0.000 r  vitis_design_i/zynq_ultra_ps_e_0/inst/PS8_i/PLCLK[0]
                         net (fo=1, routed)           0.229     0.229    vitis_design_i/zynq_ultra_ps_e_0/inst/pl_clk_unbuffered[0]
    BUFG_PS_X0Y80        BUFG_PS (Prop_BUFG_PS_I_O)
                                                      0.038     0.267 r  vitis_design_i/zynq_ultra_ps_e_0/inst/buffer_pl_clk_0.PL_CLK_0_BUFG/O
    X0Y1 (CLOCK_ROOT)    net (fo=21584, routed)       2.420     2.687    vitis_design_i/smc_ic_zynq_ultra_ps_e_0_S_AXI_HP0_FPD/inst/s00_nodes/s00_r_node/inst/inst_mi_handler/gen_normal_area.inst_fifo_node_payld/gen_xpm_memory_fifo.inst_fifo/gen_mem_rep[0].inst_xpm_memory/xpm_memory_base_inst/gen_wr_a.gen_word_narrow.mem_reg_0_31_42_55/WCLK
    SLICE_X4Y76          RAMD32                                       r  vitis_design_i/smc_ic_zynq_ultra_ps_e_0_S_AXI_HP0_FPD/inst/s00_nodes/s00_r_node/inst/inst_mi_handler/gen_normal_area.inst_fifo_node_payld/gen_xpm_memory_fifo.inst_fifo/gen_mem_rep[0].inst_xpm_memory/xpm_memory_base_inst/gen_wr_a.gen_word_narrow.mem_reg_0_31_42_55/RAMA_D1/CLK
                         clock pessimism             -0.192     2.495    
    SLICE_X4Y76          RAMD32 (Hold_A6LUT_SLICEM_CLK_I)
                                                      0.079     2.574    vitis_design_i/smc_ic_zynq_ultra_ps_e_0_S_AXI_HP0_FPD/inst/s00_nodes/s00_r_node/inst/inst_mi_handler/gen_normal_area.inst_fifo_node_payld/gen_xpm_memory_fifo.inst_fifo/gen_mem_rep[0].inst_xpm_memory/xpm_memory_base_inst/gen_wr_a.gen_word_narrow.mem_reg_0_31_42_55/RAMA_D1
  -------------------------------------------------------------------
                         required time                         -2.574    
                         arrival time                           2.587    
  -------------------------------------------------------------------
                         slack                                  0.012    

Slack (MET) :             0.013ns  (arrival time - required time)
  Source:                 vitis_design_i/smc_ic_zynq_ultra_ps_e_0_S_AXI_HP0_FPD/inst/s01_nodes/s01_aw_node/inst/inst_mi_handler/gen_normal_area.inst_fifo_node_payld/gen_xpm_memory_fifo.inst_fifo/gen_mem_rep[0].inst_xpm_memory/xpm_memory_base_inst/gen_rd_b.gen_rd_b_synth_template.gen_rf_narrow_reg.doutb_reg_reg[138]/C
                            (rising edge-triggered cell FDRE clocked by clk_pl_0  {rise@0.000ns fall@5.000ns period=10.000ns})
  Destination:            vitis_design_i/smc_ic_zynq_ultra_ps_e_0_S_AXI_HP0_FPD/inst/switchboards/aw_switchboard/inst/gen_mi[0].inst_opipe_payld/gen_pipe[1].pipe_reg[1][138]/D
                            (rising edge-triggered cell FDRE clocked by clk_pl_0  {rise@0.000ns fall@5.000ns period=10.000ns})
  Path Group:             clk_pl_0
  Path Type:              Hold (Min at Slow Process Corner)
  Requirement:            0.000ns  (clk_pl_0 rise@0.000ns - clk_pl_0 rise@0.000ns)
  Data Path Delay:        0.240ns  (logic 0.114ns (47.500%)  route 0.126ns (52.500%))
  Logic Levels:           0  
  Clock Path Skew:        0.124ns (DCD - SCD - CPR)
    Destination Clock Delay (DCD):    2.712ns
    Source Clock Delay      (SCD):    2.392ns
    Clock Pessimism Removal (CPR):    0.195ns
  Clock Net Delay (Source):      2.176ns (routing 0.955ns, distribution 1.221ns)
  Clock Net Delay (Destination): 2.445ns (routing 1.045ns, distribution 1.400ns)

    Location             Delay type                Incr(ns)  Path(ns)    Netlist Resource(s)
  -------------------------------------------------------------------    -------------------
                         (clock clk_pl_0 rise edge)
                                                      0.000     0.000 r  
    PS8_X0Y0             PS8                          0.000     0.000 r  vitis_design_i/zynq_ultra_ps_e_0/inst/PS8_i/PLCLK[0]
                         net (fo=1, routed)           0.181     0.181    vitis_design_i/zynq_ultra_ps_e_0/inst/pl_clk_unbuffered[0]
    BUFG_PS_X0Y80        BUFG_PS (Prop_BUFG_PS_I_O)
                                                      0.035     0.216 r  vitis_design_i/zynq_ultra_ps_e_0/inst/buffer_pl_clk_0.PL_CLK_0_BUFG/O
    X0Y1 (CLOCK_ROOT)    net (fo=21584, routed)       2.176     2.392    vitis_design_i/smc_ic_zynq_ultra_ps_e_0_S_AXI_HP0_FPD/inst/s01_nodes/s01_aw_node/inst/inst_mi_handler/gen_normal_area.inst_fifo_node_payld/gen_xpm_memory_fifo.inst_fifo/gen_mem_rep[0].inst_xpm_memory/xpm_memory_base_inst/clka
    SLICE_X7Y134         FDRE                                         r  vitis_design_i/smc_ic_zynq_ultra_ps_e_0_S_AXI_HP0_FPD/inst/s01_nodes/s01_aw_node/inst/inst_mi_handler/gen_normal_area.inst_fifo_node_payld/gen_xpm_memory_fifo.inst_fifo/gen_mem_rep[0].inst_xpm_memory/xpm_memory_base_inst/gen_rd_b.gen_rd_b_synth_template.gen_rf_narrow_reg.doutb_reg_reg[138]/C
  -------------------------------------------------------------------    -------------------
    SLICE_X7Y134         FDRE (Prop_GFF2_SLICEM_C_Q)
                                                      0.114     2.506 r  vitis_design_i/smc_ic_zynq_ultra_ps_e_0_S_AXI_HP0_FPD/inst/s01_nodes/s01_aw_node/inst/inst_mi_handler/gen_normal_area.inst_fifo_node_payld/gen_xpm_memory_fifo.inst_fifo/gen_mem_rep[0].inst_xpm_memory/xpm_memory_base_inst/gen_rd_b.gen_rd_b_synth_template.gen_rf_narrow_reg.doutb_reg_reg[138]/Q
                         net (fo=1, routed)           0.126     2.632    vitis_design_i/smc_ic_zynq_ultra_ps_e_0_S_AXI_HP0_FPD/inst/switchboards/aw_switchboard/inst/gen_mi[0].inst_opipe_payld/s_sc_payld[81]
    SLICE_X6Y133         FDRE                                         r  vitis_design_i/smc_ic_zynq_ultra_ps_e_0_S_AXI_HP0_FPD/inst/switchboards/aw_switchboard/inst/gen_mi[0].inst_opipe_payld/gen_pipe[1].pipe_reg[1][138]/D
  -------------------------------------------------------------------    -------------------

                         (clock clk_pl_0 rise edge)
                                                      0.000     0.000 r  
    PS8_X0Y0             PS8                          0.000     0.000 r  vitis_design_i/zynq_ultra_ps_e_0/inst/PS8_i/PLCLK[0]
                         net (fo=1, routed)           0.229     0.229    vitis_design_i/zynq_ultra_ps_e_0/inst/pl_clk_unbuffered[0]
    BUFG_PS_X0Y80        BUFG_PS (Prop_BUFG_PS_I_O)
                                                      0.038     0.267 r  vitis_design_i/zynq_ultra_ps_e_0/inst/buffer_pl_clk_0.PL_CLK_0_BUFG/O
    X0Y1 (CLOCK_ROOT)    net (fo=21584, routed)       2.445     2.712    vitis_design_i/smc_ic_zynq_ultra_ps_e_0_S_AXI_HP0_FPD/inst/switchboards/aw_switchboard/inst/gen_mi[0].inst_opipe_payld/aclk
    SLICE_X6Y133         FDRE                                         r  vitis_design_i/smc_ic_zynq_ultra_ps_e_0_S_AXI_HP0_FPD/inst/switchboards/aw_switchboard/inst/gen_mi[0].inst_opipe_payld/gen_pipe[1].pipe_reg[1][138]/C
                         clock pessimism             -0.195     2.517    
    SLICE_X6Y133         FDRE (Hold_CFF2_SLICEL_C_D)
                                                      0.103     2.620    vitis_design_i/smc_ic_zynq_ultra_ps_e_0_S_AXI_HP0_FPD/inst/switchboards/aw_switchboard/inst/gen_mi[0].inst_opipe_payld/gen_pipe[1].pipe_reg[1][138]
  -------------------------------------------------------------------
                         required time                         -2.620    
                         arrival time                           2.632    
  -------------------------------------------------------------------
                         slack                                  0.013    

Slack (MET) :             0.013ns  (arrival time - required time)
  Source:                 vitis_design_i/axi_smc/inst/m00_nodes/m00_w_node/inst/inst_mi_handler/gen_normal_area.inst_fifo_node_payld/gen_xpm_memory_fifo.inst_fifo/gen_mem_rep[0].inst_xpm_memory/xpm_memory_base_inst/gen_rd_b.gen_rd_b_synth_template.gen_rf_narrow_reg.doutb_reg_reg[84]/C
                            (rising edge-triggered cell FDRE clocked by clk_pl_0  {rise@0.000ns fall@5.000ns period=10.000ns})
  Destination:            vitis_design_i/axi_smc/inst/m00_exit_pipeline/m00_exit/inst/w_reg/skid_buffer_reg[1085]/D
                            (rising edge-triggered cell FDRE clocked by clk_pl_0  {rise@0.000ns fall@5.000ns period=10.000ns})
  Path Group:             clk_pl_0
  Path Type:              Hold (Min at Slow Process Corner)
  Requirement:            0.000ns  (clk_pl_0 rise@0.000ns - clk_pl_0 rise@0.000ns)
  Data Path Delay:        0.239ns  (logic 0.114ns (47.650%)  route 0.125ns (52.350%))
  Logic Levels:           0  
  Clock Path Skew:        0.124ns (DCD - SCD - CPR)
    Destination Clock Delay (DCD):    2.679ns
    Source Clock Delay      (SCD):    2.363ns
    Clock Pessimism Removal (CPR):    0.192ns
  Clock Net Delay (Source):      2.147ns (routing 0.955ns, distribution 1.192ns)
  Clock Net Delay (Destination): 2.412ns (routing 1.045ns, distribution 1.367ns)

    Location             Delay type                Incr(ns)  Path(ns)    Netlist Resource(s)
  -------------------------------------------------------------------    -------------------
                         (clock clk_pl_0 rise edge)
                                                      0.000     0.000 r  
    PS8_X0Y0             PS8                          0.000     0.000 r  vitis_design_i/zynq_ultra_ps_e_0/inst/PS8_i/PLCLK[0]
                         net (fo=1, routed)           0.181     0.181    vitis_design_i/zynq_ultra_ps_e_0/inst/pl_clk_unbuffered[0]
    BUFG_PS_X0Y80        BUFG_PS (Prop_BUFG_PS_I_O)
                                                      0.035     0.216 r  vitis_design_i/zynq_ultra_ps_e_0/inst/buffer_pl_clk_0.PL_CLK_0_BUFG/O
    X0Y1 (CLOCK_ROOT)    net (fo=21584, routed)       2.147     2.363    vitis_design_i/axi_smc/inst/m00_nodes/m00_w_node/inst/inst_mi_handler/gen_normal_area.inst_fifo_node_payld/gen_xpm_memory_fifo.inst_fifo/gen_mem_rep[0].inst_xpm_memory/xpm_memory_base_inst/clka
    SLICE_X10Y65         FDRE                                         r  vitis_design_i/axi_smc/inst/m00_nodes/m00_w_node/inst/inst_mi_handler/gen_normal_area.inst_fifo_node_payld/gen_xpm_memory_fifo.inst_fifo/gen_mem_rep[0].inst_xpm_memory/xpm_memory_base_inst/gen_rd_b.gen_rd_b_synth_template.gen_rf_narrow_reg.doutb_reg_reg[84]/C
  -------------------------------------------------------------------    -------------------
    SLICE_X10Y65         FDRE (Prop_AFF2_SLICEM_C_Q)
                                                      0.114     2.477 r  vitis_design_i/axi_smc/inst/m00_nodes/m00_w_node/inst/inst_mi_handler/gen_normal_area.inst_fifo_node_payld/gen_xpm_memory_fifo.inst_fifo/gen_mem_rep[0].inst_xpm_memory/xpm_memory_base_inst/gen_rd_b.gen_rd_b_synth_template.gen_rf_narrow_reg.doutb_reg_reg[84]/Q
                         net (fo=2, routed)           0.125     2.603    vitis_design_i/axi_smc/inst/m00_exit_pipeline/m00_exit/inst/w_reg/D[61]
    SLICE_X9Y64          FDRE                                         r  vitis_design_i/axi_smc/inst/m00_exit_pipeline/m00_exit/inst/w_reg/skid_buffer_reg[1085]/D
  -------------------------------------------------------------------    -------------------

                         (clock clk_pl_0 rise edge)
                                                      0.000     0.000 r  
    PS8_X0Y0             PS8                          0.000     0.000 r  vitis_design_i/zynq_ultra_ps_e_0/inst/PS8_i/PLCLK[0]
                         net (fo=1, routed)           0.229     0.229    vitis_design_i/zynq_ultra_ps_e_0/inst/pl_clk_unbuffered[0]
    BUFG_PS_X0Y80        BUFG_PS (Prop_BUFG_PS_I_O)
                                                      0.038     0.267 r  vitis_design_i/zynq_ultra_ps_e_0/inst/buffer_pl_clk_0.PL_CLK_0_BUFG/O
    X0Y1 (CLOCK_ROOT)    net (fo=21584, routed)       2.412     2.679    vitis_design_i/axi_smc/inst/m00_exit_pipeline/m00_exit/inst/w_reg/aclk
    SLICE_X9Y64          FDRE                                         r  vitis_design_i/axi_smc/inst/m00_exit_pipeline/m00_exit/inst/w_reg/skid_buffer_reg[1085]/C
                         clock pessimism             -0.192     2.487    
    SLICE_X9Y64          FDRE (Hold_FFF2_SLICEL_C_D)
                                                      0.103     2.590    vitis_design_i/axi_smc/inst/m00_exit_pipeline/m00_exit/inst/w_reg/skid_buffer_reg[1085]
  -------------------------------------------------------------------
                         required time                         -2.590    
                         arrival time                           2.603    
  -------------------------------------------------------------------
                         slack                                  0.013    

Slack (MET) :             0.013ns  (arrival time - required time)
  Source:                 vitis_design_i/axi_smc/inst/s01_nodes/s01_w_node/inst/inst_mi_handler/gen_normal_area.gen_upsizer.inst_upsizer/gen_w_ch.accum_reg[bytes][4][userdata][4]/C
                            (rising edge-triggered cell FDRE clocked by clk_pl_0  {rise@0.000ns fall@5.000ns period=10.000ns})
  Destination:            vitis_design_i/axi_smc/inst/s01_nodes/s01_w_node/inst/inst_mi_handler/gen_normal_area.inst_fifo_node_payld/gen_xpm_memory_fifo.inst_fifo/gen_mem_rep[0].inst_xpm_memory/xpm_memory_base_inst/gen_wr_a.gen_word_narrow.mem_reg_0_31_56_69/RAMA_D1/I
                            (rising edge-triggered cell RAMD32 clocked by clk_pl_0  {rise@0.000ns fall@5.000ns period=10.000ns})
  Path Group:             clk_pl_0
  Path Type:              Hold (Min at Slow Process Corner)
  Requirement:            0.000ns  (clk_pl_0 rise@0.000ns - clk_pl_0 rise@0.000ns)
  Data Path Delay:        0.290ns  (logic 0.112ns (38.621%)  route 0.178ns (61.379%))
  Logic Levels:           0  
  Clock Path Skew:        0.198ns (DCD - SCD - CPR)
    Destination Clock Delay (DCD):    2.738ns
    Source Clock Delay      (SCD):    2.396ns
    Clock Pessimism Removal (CPR):    0.144ns
  Clock Net Delay (Source):      2.180ns (routing 0.955ns, distribution 1.225ns)
  Clock Net Delay (Destination): 2.471ns (routing 1.045ns, distribution 1.426ns)

    Location             Delay type                Incr(ns)  Path(ns)    Netlist Resource(s)
  -------------------------------------------------------------------    -------------------
                         (clock clk_pl_0 rise edge)
                                                      0.000     0.000 r  
    PS8_X0Y0             PS8                          0.000     0.000 r  vitis_design_i/zynq_ultra_ps_e_0/inst/PS8_i/PLCLK[0]
                         net (fo=1, routed)           0.181     0.181    vitis_design_i/zynq_ultra_ps_e_0/inst/pl_clk_unbuffered[0]
    BUFG_PS_X0Y80        BUFG_PS (Prop_BUFG_PS_I_O)
                                                      0.035     0.216 r  vitis_design_i/zynq_ultra_ps_e_0/inst/buffer_pl_clk_0.PL_CLK_0_BUFG/O
    X0Y1 (CLOCK_ROOT)    net (fo=21584, routed)       2.180     2.396    vitis_design_i/axi_smc/inst/s01_nodes/s01_w_node/inst/inst_mi_handler/gen_normal_area.gen_upsizer.inst_upsizer/s_sc_aclk
    SLICE_X15Y57         FDRE                                         r  vitis_design_i/axi_smc/inst/s01_nodes/s01_w_node/inst/inst_mi_handler/gen_normal_area.gen_upsizer.inst_upsizer/gen_w_ch.accum_reg[bytes][4][userdata][4]/C
  -------------------------------------------------------------------    -------------------
    SLICE_X15Y57         FDRE (Prop_EFF_SLICEL_C_Q)
                                                      0.112     2.508 r  vitis_design_i/axi_smc/inst/s01_nodes/s01_w_node/inst/inst_mi_handler/gen_normal_area.gen_upsizer.inst_upsizer/gen_w_ch.accum_reg[bytes][4][userdata][4]/Q
                         net (fo=1, routed)           0.178     2.686    vitis_design_i/axi_smc/inst/s01_nodes/s01_w_node/inst/inst_mi_handler/gen_normal_area.inst_fifo_node_payld/gen_xpm_memory_fifo.inst_fifo/gen_mem_rep[0].inst_xpm_memory/xpm_memory_base_inst/gen_wr_a.gen_word_narrow.mem_reg_0_31_56_69/DIA1
    SLICE_X13Y61         RAMD32                                       r  vitis_design_i/axi_smc/inst/s01_nodes/s01_w_node/inst/inst_mi_handler/gen_normal_area.inst_fifo_node_payld/gen_xpm_memory_fifo.inst_fifo/gen_mem_rep[0].inst_xpm_memory/xpm_memory_base_inst/gen_wr_a.gen_word_narrow.mem_reg_0_31_56_69/RAMA_D1/I
  -------------------------------------------------------------------    -------------------

                         (clock clk_pl_0 rise edge)
                                                      0.000     0.000 r  
    PS8_X0Y0             PS8                          0.000     0.000 r  vitis_design_i/zynq_ultra_ps_e_0/inst/PS8_i/PLCLK[0]
                         net (fo=1, routed)           0.229     0.229    vitis_design_i/zynq_ultra_ps_e_0/inst/pl_clk_unbuffered[0]
    BUFG_PS_X0Y80        BUFG_PS (Prop_BUFG_PS_I_O)
                                                      0.038     0.267 r  vitis_design_i/zynq_ultra_ps_e_0/inst/buffer_pl_clk_0.PL_CLK_0_BUFG/O
    X0Y1 (CLOCK_ROOT)    net (fo=21584, routed)       2.471     2.738    vitis_design_i/axi_smc/inst/s01_nodes/s01_w_node/inst/inst_mi_handler/gen_normal_area.inst_fifo_node_payld/gen_xpm_memory_fifo.inst_fifo/gen_mem_rep[0].inst_xpm_memory/xpm_memory_base_inst/gen_wr_a.gen_word_narrow.mem_reg_0_31_56_69/WCLK
    SLICE_X13Y61         RAMD32                                       r  vitis_design_i/axi_smc/inst/s01_nodes/s01_w_node/inst/inst_mi_handler/gen_normal_area.inst_fifo_node_payld/gen_xpm_memory_fifo.inst_fifo/gen_mem_rep[0].inst_xpm_memory/xpm_memory_base_inst/gen_wr_a.gen_word_narrow.mem_reg_0_31_56_69/RAMA_D1/CLK
                         clock pessimism             -0.144     2.594    
    SLICE_X13Y61         RAMD32 (Hold_A6LUT_SLICEM_CLK_I)
                                                      0.079     2.673    vitis_design_i/axi_smc/inst/s01_nodes/s01_w_node/inst/inst_mi_handler/gen_normal_area.inst_fifo_node_payld/gen_xpm_memory_fifo.inst_fifo/gen_mem_rep[0].inst_xpm_memory/xpm_memory_base_inst/gen_wr_a.gen_word_narrow.mem_reg_0_31_56_69/RAMA_D1
  -------------------------------------------------------------------
                         required time                         -2.673    
                         arrival time                           2.686    
  -------------------------------------------------------------------
                         slack                                  0.013    

Slack (MET) :             0.013ns  (arrival time - required time)
  Source:                 vitis_design_i/smc_ic_zynq_ultra_ps_e_0_S_AXI_HP0_FPD/inst/m00_nodes/m00_r_node/inst/inst_mi_handler/gen_normal_area.inst_fifo_node_payld/gen_xpm_memory_fifo.inst_fifo/gen_mem_rep[0].inst_xpm_memory/xpm_memory_base_inst/gen_rd_b.gen_rd_b_synth_template.gen_rf_narrow_reg.doutb_reg_reg[66]/C
                            (rising edge-triggered cell FDRE clocked by clk_pl_0  {rise@0.000ns fall@5.000ns period=10.000ns})
  Destination:            vitis_design_i/smc_ic_zynq_ultra_ps_e_0_S_AXI_HP0_FPD/inst/switchboards/r_switchboard/inst/gen_mi[0].inst_opipe_payld/gen_pipe[1].pipe_reg[1][66]/D
                            (rising edge-triggered cell FDRE clocked by clk_pl_0  {rise@0.000ns fall@5.000ns period=10.000ns})
  Path Group:             clk_pl_0
  Path Type:              Hold (Min at Slow Process Corner)
  Requirement:            0.000ns  (clk_pl_0 rise@0.000ns - clk_pl_0 rise@0.000ns)
  Data Path Delay:        0.234ns  (logic 0.115ns (49.145%)  route 0.119ns (50.855%))
  Logic Levels:           0  
  Clock Path Skew:        0.119ns (DCD - SCD - CPR)
    Destination Clock Delay (DCD):    2.662ns
    Source Clock Delay      (SCD):    2.350ns
    Clock Pessimism Removal (CPR):    0.192ns
  Clock Net Delay (Source):      2.134ns (routing 0.955ns, distribution 1.179ns)
  Clock Net Delay (Destination): 2.395ns (routing 1.045ns, distribution 1.350ns)

    Location             Delay type                Incr(ns)  Path(ns)    Netlist Resource(s)
  -------------------------------------------------------------------    -------------------
                         (clock clk_pl_0 rise edge)
                                                      0.000     0.000 r  
    PS8_X0Y0             PS8                          0.000     0.000 r  vitis_design_i/zynq_ultra_ps_e_0/inst/PS8_i/PLCLK[0]
                         net (fo=1, routed)           0.181     0.181    vitis_design_i/zynq_ultra_ps_e_0/inst/pl_clk_unbuffered[0]
    BUFG_PS_X0Y80        BUFG_PS (Prop_BUFG_PS_I_O)
                                                      0.035     0.216 r  vitis_design_i/zynq_ultra_ps_e_0/inst/buffer_pl_clk_0.PL_CLK_0_BUFG/O
    X0Y1 (CLOCK_ROOT)    net (fo=21584, routed)       2.134     2.350    vitis_design_i/smc_ic_zynq_ultra_ps_e_0_S_AXI_HP0_FPD/inst/m00_nodes/m00_r_node/inst/inst_mi_handler/gen_normal_area.inst_fifo_node_payld/gen_xpm_memory_fifo.inst_fifo/gen_mem_rep[0].inst_xpm_memory/xpm_memory_base_inst/clka
    SLICE_X1Y76          FDRE                                         r  vitis_design_i/smc_ic_zynq_ultra_ps_e_0_S_AXI_HP0_FPD/inst/m00_nodes/m00_r_node/inst/inst_mi_handler/gen_normal_area.inst_fifo_node_payld/gen_xpm_memory_fifo.inst_fifo/gen_mem_rep[0].inst_xpm_memory/xpm_memory_base_inst/gen_rd_b.gen_rd_b_synth_template.gen_rf_narrow_reg.doutb_reg_reg[66]/C
  -------------------------------------------------------------------    -------------------
    SLICE_X1Y76          FDRE (Prop_FFF2_SLICEM_C_Q)
                                                      0.115     2.465 r  vitis_design_i/smc_ic_zynq_ultra_ps_e_0_S_AXI_HP0_FPD/inst/m00_nodes/m00_r_node/inst/inst_mi_handler/gen_normal_area.inst_fifo_node_payld/gen_xpm_memory_fifo.inst_fifo/gen_mem_rep[0].inst_xpm_memory/xpm_memory_base_inst/gen_rd_b.gen_rd_b_synth_template.gen_rf_narrow_reg.doutb_reg_reg[66]/Q
                         net (fo=1, routed)           0.119     2.584    vitis_design_i/smc_ic_zynq_ultra_ps_e_0_S_AXI_HP0_FPD/inst/switchboards/r_switchboard/inst/gen_mi[0].inst_opipe_payld/s_sc_payld[56]
    SLICE_X2Y76          FDRE                                         r  vitis_design_i/smc_ic_zynq_ultra_ps_e_0_S_AXI_HP0_FPD/inst/switchboards/r_switchboard/inst/gen_mi[0].inst_opipe_payld/gen_pipe[1].pipe_reg[1][66]/D
  -------------------------------------------------------------------    -------------------

                         (clock clk_pl_0 rise edge)
                                                      0.000     0.000 r  
    PS8_X0Y0             PS8                          0.000     0.000 r  vitis_design_i/zynq_ultra_ps_e_0/inst/PS8_i/PLCLK[0]
                         net (fo=1, routed)           0.229     0.229    vitis_design_i/zynq_ultra_ps_e_0/inst/pl_clk_unbuffered[0]
    BUFG_PS_X0Y80        BUFG_PS (Prop_BUFG_PS_I_O)
                                                      0.038     0.267 r  vitis_design_i/zynq_ultra_ps_e_0/inst/buffer_pl_clk_0.PL_CLK_0_BUFG/O
    X0Y1 (CLOCK_ROOT)    net (fo=21584, routed)       2.395     2.662    vitis_design_i/smc_ic_zynq_ultra_ps_e_0_S_AXI_HP0_FPD/inst/switchboards/r_switchboard/inst/gen_mi[0].inst_opipe_payld/aclk
    SLICE_X2Y76          FDRE                                         r  vitis_design_i/smc_ic_zynq_ultra_ps_e_0_S_AXI_HP0_FPD/inst/switchboards/r_switchboard/inst/gen_mi[0].inst_opipe_payld/gen_pipe[1].pipe_reg[1][66]/C
                         clock pessimism             -0.192     2.470    
    SLICE_X2Y76          FDRE (Hold_AFF2_SLICEM_C_D)
                                                      0.102     2.572    vitis_design_i/smc_ic_zynq_ultra_ps_e_0_S_AXI_HP0_FPD/inst/switchboards/r_switchboard/inst/gen_mi[0].inst_opipe_payld/gen_pipe[1].pipe_reg[1][66]
  -------------------------------------------------------------------
                         required time                         -2.572    
                         arrival time                           2.584    
  -------------------------------------------------------------------
                         slack                                  0.013    





Pulse Width Checks
--------------------------------------------------------------------------------------
Clock Name:         clk_pl_0
Waveform(ns):       { 0.000 5.000 }
Period(ns):         10.000
Sources:            { vitis_design_i/zynq_ultra_ps_e_0/inst/PS8_i/PLCLK[0] }

Check Type        Corner  Lib Pin             Reference Pin  Required(ns)  Actual(ns)  Slack(ns)  Location      Pin
Min Period        n/a     PS8/MAXIGP2ACLK     n/a            3.000         10.000      7.000      PS8_X0Y0      vitis_design_i/zynq_ultra_ps_e_0/inst/PS8_i/MAXIGP2ACLK
Min Period        n/a     PS8/SAXIGP0RCLK     n/a            3.000         10.000      7.000      PS8_X0Y0      vitis_design_i/zynq_ultra_ps_e_0/inst/PS8_i/SAXIGP0RCLK
Min Period        n/a     PS8/SAXIGP0WCLK     n/a            3.000         10.000      7.000      PS8_X0Y0      vitis_design_i/zynq_ultra_ps_e_0/inst/PS8_i/SAXIGP0WCLK
Min Period        n/a     PS8/SAXIGP2RCLK     n/a            3.000         10.000      7.000      PS8_X0Y0      vitis_design_i/zynq_ultra_ps_e_0/inst/PS8_i/SAXIGP2RCLK
Min Period        n/a     PS8/SAXIGP2WCLK     n/a            3.000         10.000      7.000      PS8_X0Y0      vitis_design_i/zynq_ultra_ps_e_0/inst/PS8_i/SAXIGP2WCLK
Min Period        n/a     RAMB18E2/CLKARDCLK  n/a            1.960         10.000      8.040      RAMB18_X0Y28  vitis_design_i/myproject_axi_master_1/inst/gmem_in0_m_axi_U/load_unit_0/buff_rdata/U_fifo_mem/mem_reg/CLKARDCLK
Min Period        n/a     RAMB18E2/CLKBWRCLK  n/a            1.960         10.000      8.040      RAMB18_X0Y28  vitis_design_i/myproject_axi_master_1/inst/gmem_in0_m_axi_U/load_unit_0/buff_rdata/U_fifo_mem/mem_reg/CLKBWRCLK
Min Period        n/a     RAMB36E2/CLKARDCLK  n/a            1.960         10.000      8.040      RAMB36_X0Y13  vitis_design_i/myproject_axi_master_1/inst/stream_in0_input_layer_U/U_myproject_axi_master_fifo_w960_d128_A_ram/mem_reg_0/CLKARDCLK
Min Period        n/a     RAMB36E2/CLKBWRCLK  n/a            1.960         10.000      8.040      RAMB36_X0Y13  vitis_design_i/myproject_axi_master_1/inst/stream_in0_input_layer_U/U_myproject_axi_master_fifo_w960_d128_A_ram/mem_reg_0/CLKBWRCLK
Min Period        n/a     RAMB36E2/CLKARDCLK  n/a            1.960         10.000      8.040      RAMB36_X0Y26  vitis_design_i/myproject_axi_master_1/inst/stream_in0_input_layer_U/U_myproject_axi_master_fifo_w960_d128_A_ram/mem_reg_1/CLKARDCLK
Low Pulse Width   Slow    PS8/MAXIGP2ACLK     n/a            1.500         5.000       3.500      PS8_X0Y0      vitis_design_i/zynq_ultra_ps_e_0/inst/PS8_i/MAXIGP2ACLK
Low Pulse Width   Fast    PS8/MAXIGP2ACLK     n/a            1.500         5.000       3.500      PS8_X0Y0      vitis_design_i/zynq_ultra_ps_e_0/inst/PS8_i/MAXIGP2ACLK
Low Pulse Width   Slow    PS8/SAXIGP0RCLK     n/a            1.500         5.000       3.500      PS8_X0Y0      vitis_design_i/zynq_ultra_ps_e_0/inst/PS8_i/SAXIGP0RCLK
Low Pulse Width   Fast    PS8/SAXIGP0RCLK     n/a            1.500         5.000       3.500      PS8_X0Y0      vitis_design_i/zynq_ultra_ps_e_0/inst/PS8_i/SAXIGP0RCLK
Low Pulse Width   Slow    PS8/SAXIGP0WCLK     n/a            1.500         5.000       3.500      PS8_X0Y0      vitis_design_i/zynq_ultra_ps_e_0/inst/PS8_i/SAXIGP0WCLK
Low Pulse Width   Fast    PS8/SAXIGP0WCLK     n/a            1.500         5.000       3.500      PS8_X0Y0      vitis_design_i/zynq_ultra_ps_e_0/inst/PS8_i/SAXIGP0WCLK
Low Pulse Width   Slow    PS8/SAXIGP2RCLK     n/a            1.500         5.000       3.500      PS8_X0Y0      vitis_design_i/zynq_ultra_ps_e_0/inst/PS8_i/SAXIGP2RCLK
Low Pulse Width   Fast    PS8/SAXIGP2RCLK     n/a            1.500         5.000       3.500      PS8_X0Y0      vitis_design_i/zynq_ultra_ps_e_0/inst/PS8_i/SAXIGP2RCLK
Low Pulse Width   Slow    PS8/SAXIGP2WCLK     n/a            1.500         5.000       3.500      PS8_X0Y0      vitis_design_i/zynq_ultra_ps_e_0/inst/PS8_i/SAXIGP2WCLK
Low Pulse Width   Fast    PS8/SAXIGP2WCLK     n/a            1.500         5.000       3.500      PS8_X0Y0      vitis_design_i/zynq_ultra_ps_e_0/inst/PS8_i/SAXIGP2WCLK
High Pulse Width  Slow    PS8/MAXIGP2ACLK     n/a            1.500         5.000       3.500      PS8_X0Y0      vitis_design_i/zynq_ultra_ps_e_0/inst/PS8_i/MAXIGP2ACLK
High Pulse Width  Fast    PS8/MAXIGP2ACLK     n/a            1.500         5.000       3.500      PS8_X0Y0      vitis_design_i/zynq_ultra_ps_e_0/inst/PS8_i/MAXIGP2ACLK
High Pulse Width  Slow    PS8/SAXIGP0RCLK     n/a            1.500         5.000       3.500      PS8_X0Y0      vitis_design_i/zynq_ultra_ps_e_0/inst/PS8_i/SAXIGP0RCLK
High Pulse Width  Fast    PS8/SAXIGP0RCLK     n/a            1.500         5.000       3.500      PS8_X0Y0      vitis_design_i/zynq_ultra_ps_e_0/inst/PS8_i/SAXIGP0RCLK
High Pulse Width  Slow    PS8/SAXIGP0WCLK     n/a            1.500         5.000       3.500      PS8_X0Y0      vitis_design_i/zynq_ultra_ps_e_0/inst/PS8_i/SAXIGP0WCLK
High Pulse Width  Fast    PS8/SAXIGP0WCLK     n/a            1.500         5.000       3.500      PS8_X0Y0      vitis_design_i/zynq_ultra_ps_e_0/inst/PS8_i/SAXIGP0WCLK
High Pulse Width  Slow    PS8/SAXIGP2RCLK     n/a            1.500         5.000       3.500      PS8_X0Y0      vitis_design_i/zynq_ultra_ps_e_0/inst/PS8_i/SAXIGP2RCLK
High Pulse Width  Fast    PS8/SAXIGP2RCLK     n/a            1.500         5.000       3.500      PS8_X0Y0      vitis_design_i/zynq_ultra_ps_e_0/inst/PS8_i/SAXIGP2RCLK
High Pulse Width  Slow    PS8/SAXIGP2WCLK     n/a            1.500         5.000       3.500      PS8_X0Y0      vitis_design_i/zynq_ultra_ps_e_0/inst/PS8_i/SAXIGP2WCLK
High Pulse Width  Fast    PS8/SAXIGP2WCLK     n/a            1.500         5.000       3.500      PS8_X0Y0      vitis_design_i/zynq_ultra_ps_e_0/inst/PS8_i/SAXIGP2WCLK



