==============================================================
Vitis HLS - High-Level Synthesis from C, C++ and OpenCL v2023.2 (64-bit)
Tool Version Limit: 2023.10
Copyright 1986-2022 Xilinx, Inc. All Rights Reserved.
Copyright 2022-2023 Advanced Micro Devices, Inc. All Rights Reserved.

==============================================================
INFO: [HLS 200-1505] Using default flow_target 'vivado'
INFO: [HLS 200-1510] Running: config_array_partition -maximum_size 4096 
INFO: [XFORM 203-101] Allowed max sub elements number after partition is 4096.
ERROR: [HLS 200-642] The 'config_array_partition -maximum_size' command is not supported.
INFO: [HLS 200-1510] Running: config_compile -name_max_length 80 
INFO: [XFORM 203-1161] The maximum of name length is set to 80.
INFO: [HLS 200-1510] Running: set_part xck26-sfvc784-2LV-c 
INFO: [HLS 200-1611] Setting target device to 'xck26-sfvc784-2LV-c'
INFO: [XFORM 203-1161] The maximum of name length is set to 80.
INFO: [HLS 200-1510] Running: config_schedule -enable_dsp_full_reg=false 
INFO: [HLS 200-1510] Running: create_clock -period 5 -name default 
INFO: [SYN 201-201] Setting up clock 'default' with a period of 5ns.
INFO: [HLS 200-1510] Running: set_clock_uncertainty 27% default 
INFO: [SYN 201-201] Setting up clock 'default' with an uncertainty of 1.35ns.
INFO: [HLS 200-1510] Running: csynth_design 
INFO: [HLS 200-111] Finished File checks and directory preparation: CPU user time: 0.03 seconds. CPU system time: 0.01 seconds. Elapsed time: 0.04 seconds; current allocated memory: 186.457 MB.
INFO: [HLS 200-10] Analyzing design file 'firmware/hgq2_1_hls4ml_prj_Vitis_latency_reusefactor4.cpp' ... 
WARNING: [HLS 207-5566] unexpected pragma argument 'softmax', expects function/operation (firmware/nnet_utils/nnet_activation.h:402:36)
WARNING: [HLS 207-5536] 'Resource pragma' is deprecated, use 'bind_op/bind_storage pragma' instead (firmware/nnet_utils/nnet_dense_resource.h:33:9)
WARNING: [HLS 207-5536] 'Resource pragma' is deprecated, use 'bind_op/bind_storage pragma' instead (firmware/nnet_utils/nnet_dense_resource.h:107:9)
WARNING: [HLS 207-5536] 'Resource pragma' is deprecated, use 'bind_op/bind_storage pragma' instead (firmware/nnet_utils/nnet_dense_resource.h:189:9)
WARNING: [HLS 207-5292] unused parameter 'keep' (firmware/nnet_utils/nnet_helpers.h:285:99)
WARNING: [HLS 207-5292] unused parameter 'data' (firmware/nnet_utils/nnet_function_stubs.h:14:36)
WARNING: [HLS 207-5292] unused parameter 'buffer' (firmware/nnet_utils/nnet_function_stubs.h:15:36)
WARNING: [HLS 207-5292] unused parameter 'partition' (firmware/nnet_utils/nnet_function_stubs.h:16:44)
WARNING: [HLS 207-5292] unused parameter 'data' (firmware/nnet_utils/nnet_function_stubs.h:24:24)
WARNING: [HLS 207-5292] unused parameter 'buffer' (firmware/nnet_utils/nnet_function_stubs.h:25:24)
WARNING: [HLS 207-5292] unused parameter 'partition' (firmware/nnet_utils/nnet_function_stubs.h:26:32)
WARNING: [HLS 207-5292] unused parameter 'data' (firmware/nnet_utils/nnet_function_stubs.h:33:30)
WARNING: [HLS 207-5292] unused parameter 'res' (firmware/nnet_utils/nnet_function_stubs.h:33:58)
WARNING: [HLS 207-5292] unused parameter 'weights' (firmware/nnet_utils/nnet_function_stubs.h:34:51)
WARNING: [HLS 207-5292] unused parameter 'biases' (firmware/nnet_utils/nnet_function_stubs.h:35:49)
WARNING: [HLS 207-5292] unused parameter 'data' (firmware/nnet_utils/nnet_function_stubs.h:42:30)
WARNING: [HLS 207-5292] unused parameter 'res' (firmware/nnet_utils/nnet_function_stubs.h:42:58)
WARNING: [HLS 207-5292] unused parameter 'weights' (firmware/nnet_utils/nnet_function_stubs.h:43:51)
WARNING: [HLS 207-5292] unused parameter 'biases' (firmware/nnet_utils/nnet_function_stubs.h:44:49)
WARNING: [HLS 207-5292] unused parameter 'data' (firmware/nnet_utils/nnet_function_stubs.h:51:29)
WARNING: [HLS 207-5292] unused parameter 'res' (firmware/nnet_utils/nnet_function_stubs.h:51:80)
WARNING: [HLS 207-5292] unused parameter 'weights' (firmware/nnet_utils/nnet_function_stubs.h:52:50)
WARNING: [HLS 207-5292] unused parameter 'biases' (firmware/nnet_utils/nnet_function_stubs.h:53:48)
WARNING: [HLS 207-5292] unused parameter 'data' (firmware/nnet_utils/nnet_code_gen.h:16:39)
WARNING: [HLS 207-5292] unused parameter 'res' (firmware/nnet_utils/nnet_code_gen.h:17:38)
WARNING: [HLS 207-5292] unused parameter 'weights' (firmware/nnet_utils/nnet_code_gen.h:18:60)
WARNING: [HLS 207-5292] unused parameter 'biases' (firmware/nnet_utils/nnet_code_gen.h:19:58)
INFO: [HLS 200-111] Finished Source Code Analysis and Preprocessing: CPU user time: 6.33 seconds. CPU system time: 0.33 seconds. Elapsed time: 6.67 seconds; current allocated memory: 193.570 MB.
INFO: [HLS 200-777] Using interface defaults for 'Vivado' flow target.
INFO: [HLS 200-1995] There were 20,534 instructions in the design after the 'Compile/Link' phase of compilation. See the Design Size Report for more details: /home/ncgadmin/Bachelor/HLS4ML_testbench_KV260/development/hgq2/1/hls4ml_prj_Vitis_latency_reusefactor4/hgq2_1_hls4ml_prj_Vitis_latency_reusefactor4_prj/solution1/syn/report/csynth_design_size.rpt
WARNING: [HLS 200-1995] There were 239,095 instructions in the design after the 'Unroll/Inline' phase of compilation. See the Design Size Report for more details: /home/ncgadmin/Bachelor/HLS4ML_testbench_KV260/development/hgq2/1/hls4ml_prj_Vitis_latency_reusefactor4/hgq2_1_hls4ml_prj_Vitis_latency_reusefactor4_prj/solution1/syn/report/csynth_design_size.rpt
INFO: [HLS 200-1995] There were 68,011 instructions in the design after the 'Unroll/Inline (step 2)' phase of compilation. See the Design Size Report for more details: /home/ncgadmin/Bachelor/HLS4ML_testbench_KV260/development/hgq2/1/hls4ml_prj_Vitis_latency_reusefactor4/hgq2_1_hls4ml_prj_Vitis_latency_reusefactor4_prj/solution1/syn/report/csynth_design_size.rpt
INFO: [HLS 200-1995] There were 68,014 instructions in the design after the 'Unroll/Inline (step 3)' phase of compilation. See the Design Size Report for more details: /home/ncgadmin/Bachelor/HLS4ML_testbench_KV260/development/hgq2/1/hls4ml_prj_Vitis_latency_reusefactor4/hgq2_1_hls4ml_prj_Vitis_latency_reusefactor4_prj/solution1/syn/report/csynth_design_size.rpt
INFO: [HLS 200-1995] There were 67,820 instructions in the design after the 'Unroll/Inline (step 4)' phase of compilation. See the Design Size Report for more details: /home/ncgadmin/Bachelor/HLS4ML_testbench_KV260/development/hgq2/1/hls4ml_prj_Vitis_latency_reusefactor4/hgq2_1_hls4ml_prj_Vitis_latency_reusefactor4_prj/solution1/syn/report/csynth_design_size.rpt
INFO: [HLS 200-1995] There were 45,797 instructions in the design after the 'Array/Struct' phase of compilation. See the Design Size Report for more details: /home/ncgadmin/Bachelor/HLS4ML_testbench_KV260/development/hgq2/1/hls4ml_prj_Vitis_latency_reusefactor4/hgq2_1_hls4ml_prj_Vitis_latency_reusefactor4_prj/solution1/syn/report/csynth_design_size.rpt
INFO: [HLS 200-1995] There were 7,376 instructions in the design after the 'Array/Struct (step 2)' phase of compilation. See the Design Size Report for more details: /home/ncgadmin/Bachelor/HLS4ML_testbench_KV260/development/hgq2/1/hls4ml_prj_Vitis_latency_reusefactor4/hgq2_1_hls4ml_prj_Vitis_latency_reusefactor4_prj/solution1/syn/report/csynth_design_size.rpt
INFO: [HLS 200-1995] There were 7,376 instructions in the design after the 'Array/Struct (step 3)' phase of compilation. See the Design Size Report for more details: /home/ncgadmin/Bachelor/HLS4ML_testbench_KV260/development/hgq2/1/hls4ml_prj_Vitis_latency_reusefactor4/hgq2_1_hls4ml_prj_Vitis_latency_reusefactor4_prj/solution1/syn/report/csynth_design_size.rpt
INFO: [HLS 200-1995] There were 7,392 instructions in the design after the 'Array/Struct (step 4)' phase of compilation. See the Design Size Report for more details: /home/ncgadmin/Bachelor/HLS4ML_testbench_KV260/development/hgq2/1/hls4ml_prj_Vitis_latency_reusefactor4/hgq2_1_hls4ml_prj_Vitis_latency_reusefactor4_prj/solution1/syn/report/csynth_design_size.rpt
INFO: [HLS 200-1995] There were 7,179 instructions in the design after the 'Array/Struct (step 5)' phase of compilation. See the Design Size Report for more details: /home/ncgadmin/Bachelor/HLS4ML_testbench_KV260/development/hgq2/1/hls4ml_prj_Vitis_latency_reusefactor4/hgq2_1_hls4ml_prj_Vitis_latency_reusefactor4_prj/solution1/syn/report/csynth_design_size.rpt
INFO: [HLS 200-1995] There were 6,688 instructions in the design after the 'Performance (step 1)' phase of compilation. See the Design Size Report for more details: /home/ncgadmin/Bachelor/HLS4ML_testbench_KV260/development/hgq2/1/hls4ml_prj_Vitis_latency_reusefactor4/hgq2_1_hls4ml_prj_Vitis_latency_reusefactor4_prj/solution1/syn/report/csynth_design_size.rpt
INFO: [HLS 200-1995] There were 5,700 instructions in the design after the 'Performance (step 2)' phase of compilation. See the Design Size Report for more details: /home/ncgadmin/Bachelor/HLS4ML_testbench_KV260/development/hgq2/1/hls4ml_prj_Vitis_latency_reusefactor4/hgq2_1_hls4ml_prj_Vitis_latency_reusefactor4_prj/solution1/syn/report/csynth_design_size.rpt
INFO: [HLS 200-1995] There were 5,700 instructions in the design after the 'Performance (step 3)' phase of compilation. See the Design Size Report for more details: /home/ncgadmin/Bachelor/HLS4ML_testbench_KV260/development/hgq2/1/hls4ml_prj_Vitis_latency_reusefactor4/hgq2_1_hls4ml_prj_Vitis_latency_reusefactor4_prj/solution1/syn/report/csynth_design_size.rpt
INFO: [HLS 200-1995] There were 5,700 instructions in the design after the 'Performance (step 4)' phase of compilation. See the Design Size Report for more details: /home/ncgadmin/Bachelor/HLS4ML_testbench_KV260/development/hgq2/1/hls4ml_prj_Vitis_latency_reusefactor4/hgq2_1_hls4ml_prj_Vitis_latency_reusefactor4_prj/solution1/syn/report/csynth_design_size.rpt
INFO: [HLS 200-1995] There were 5,706 instructions in the design after the 'HW Transforms (step 1)' phase of compilation. See the Design Size Report for more details: /home/ncgadmin/Bachelor/HLS4ML_testbench_KV260/development/hgq2/1/hls4ml_prj_Vitis_latency_reusefactor4/hgq2_1_hls4ml_prj_Vitis_latency_reusefactor4_prj/solution1/syn/report/csynth_design_size.rpt
INFO: [HLS 200-1995] There were 5,715 instructions in the design after the 'HW Transforms (step 2)' phase of compilation. See the Design Size Report for more details: /home/ncgadmin/Bachelor/HLS4ML_testbench_KV260/development/hgq2/1/hls4ml_prj_Vitis_latency_reusefactor4/hgq2_1_hls4ml_prj_Vitis_latency_reusefactor4_prj/solution1/syn/report/csynth_design_size.rpt
INFO: [HLS 214-131] Inlining function 'nnet::product::mult<ap_fixed<26, 19, (ap_q_mode)5, (ap_o_mode)3, 0>, ap_fixed<10, 4, (ap_q_mode)5, (ap_o_mode)3, 0> >::product(ap_fixed<26, 19, (ap_q_mode)5, (ap_o_mode)3, 0>, ap_fixed<10, 4, (ap_q_mode)5, (ap_o_mode)3, 0>)' into 'void nnet::dense_latency<ap_fixed<26, 19, (ap_q_mode)5, (ap_o_mode)3, 0>, ap_fixed<14, 8, (ap_q_mode)5, (ap_o_mode)3, 0>, config3>(ap_fixed<26, 19, (ap_q_mode)5, (ap_o_mode)3, 0>*, ap_fixed<14, 8, (ap_q_mode)5, (ap_o_mode)3, 0>*, config3::weight_t*, config3::bias_t*)' (firmware/nnet_utils/nnet_dense_latency.h:42:27)
INFO: [HLS 214-131] Inlining function 'nnet::DenseLatency<ap_fixed<26, 19, (ap_q_mode)5, (ap_o_mode)3, 0>, ap_fixed<14, 8, (ap_q_mode)5, (ap_o_mode)3, 0>, config3>::dense(ap_fixed<26, 19, (ap_q_mode)5, (ap_o_mode)3, 0>*, ap_fixed<14, 8, (ap_q_mode)5, (ap_o_mode)3, 0>*, ap_fixed<10, 4, (ap_q_mode)5, (ap_o_mode)3, 0>*, ap_fixed<9, 3, (ap_q_mode)5, (ap_o_mode)3, 0>*)' into 'void nnet::dense<ap_fixed<26, 19, (ap_q_mode)5, (ap_o_mode)3, 0>, ap_fixed<14, 8, (ap_q_mode)5, (ap_o_mode)3, 0>, config3>(ap_fixed<26, 19, (ap_q_mode)5, (ap_o_mode)3, 0>*, ap_fixed<14, 8, (ap_q_mode)5, (ap_o_mode)3, 0>*, config3::weight_t*, config3::bias_t*)' (firmware/nnet_utils/nnet_dense.h:45:2)
INFO: [HLS 214-131] Inlining function 'nnet::product::mult<ap_ufixed<11, 6, (ap_q_mode)5, (ap_o_mode)3, 0>, ap_fixed<9, 5, (ap_q_mode)5, (ap_o_mode)3, 0> >::product(ap_ufixed<11, 6, (ap_q_mode)5, (ap_o_mode)3, 0>, ap_fixed<9, 5, (ap_q_mode)5, (ap_o_mode)3, 0>)' into 'void nnet::dense_latency<ap_ufixed<11, 6, (ap_q_mode)5, (ap_o_mode)3, 0>, ap_fixed<14, 11, (ap_q_mode)5, (ap_o_mode)3, 0>, config6>(ap_ufixed<11, 6, (ap_q_mode)5, (ap_o_mode)3, 0>*, ap_fixed<14, 11, (ap_q_mode)5, (ap_o_mode)3, 0>*, config6::weight_t*, config6::bias_t*)' (firmware/nnet_utils/nnet_dense_latency.h:42:27)
INFO: [HLS 214-131] Inlining function 'nnet::DenseLatency<ap_ufixed<11, 6, (ap_q_mode)5, (ap_o_mode)3, 0>, ap_fixed<14, 11, (ap_q_mode)5, (ap_o_mode)3, 0>, config6>::dense(ap_ufixed<11, 6, (ap_q_mode)5, (ap_o_mode)3, 0>*, ap_fixed<14, 11, (ap_q_mode)5, (ap_o_mode)3, 0>*, ap_fixed<9, 5, (ap_q_mode)5, (ap_o_mode)3, 0>*, ap_fixed<7, 4, (ap_q_mode)5, (ap_o_mode)3, 0>*)' into 'void nnet::dense<ap_ufixed<11, 6, (ap_q_mode)5, (ap_o_mode)3, 0>, ap_fixed<14, 11, (ap_q_mode)5, (ap_o_mode)3, 0>, config6>(ap_ufixed<11, 6, (ap_q_mode)5, (ap_o_mode)3, 0>*, ap_fixed<14, 11, (ap_q_mode)5, (ap_o_mode)3, 0>*, config6::weight_t*, config6::bias_t*)' (firmware/nnet_utils/nnet_dense.h:45:2)
INFO: [HLS 214-131] Inlining function 'nnet::product::mult<ap_ufixed<9, 7, (ap_q_mode)5, (ap_o_mode)3, 0>, ap_fixed<9, 4, (ap_q_mode)5, (ap_o_mode)3, 0> >::product(ap_ufixed<9, 7, (ap_q_mode)5, (ap_o_mode)3, 0>, ap_fixed<9, 4, (ap_q_mode)5, (ap_o_mode)3, 0>)' into 'void nnet::dense_latency<ap_ufixed<9, 7, (ap_q_mode)5, (ap_o_mode)3, 0>, ap_fixed<15, 11, (ap_q_mode)5, (ap_o_mode)3, 0>, config9>(ap_ufixed<9, 7, (ap_q_mode)5, (ap_o_mode)3, 0>*, ap_fixed<15, 11, (ap_q_mode)5, (ap_o_mode)3, 0>*, config9::weight_t*, config9::bias_t*)' (firmware/nnet_utils/nnet_dense_latency.h:42:27)
INFO: [HLS 214-131] Inlining function 'nnet::DenseLatency<ap_ufixed<9, 7, (ap_q_mode)5, (ap_o_mode)3, 0>, ap_fixed<15, 11, (ap_q_mode)5, (ap_o_mode)3, 0>, config9>::dense(ap_ufixed<9, 7, (ap_q_mode)5, (ap_o_mode)3, 0>*, ap_fixed<15, 11, (ap_q_mode)5, (ap_o_mode)3, 0>*, ap_fixed<9, 4, (ap_q_mode)5, (ap_o_mode)3, 0>*, ap_fixed<7, 3, (ap_q_mode)5, (ap_o_mode)3, 0>*)' into 'void nnet::dense<ap_ufixed<9, 7, (ap_q_mode)5, (ap_o_mode)3, 0>, ap_fixed<15, 11, (ap_q_mode)5, (ap_o_mode)3, 0>, config9>(ap_ufixed<9, 7, (ap_q_mode)5, (ap_o_mode)3, 0>*, ap_fixed<15, 11, (ap_q_mode)5, (ap_o_mode)3, 0>*, config9::weight_t*, config9::bias_t*)' (firmware/nnet_utils/nnet_dense.h:45:2)
INFO: [HLS 214-131] Inlining function 'nnet::product::mult<ap_ufixed<10, 7, (ap_q_mode)5, (ap_o_mode)3, 0>, ap_fixed<7, 1, (ap_q_mode)5, (ap_o_mode)3, 0> >::product(ap_ufixed<10, 7, (ap_q_mode)5, (ap_o_mode)3, 0>, ap_fixed<7, 1, (ap_q_mode)5, (ap_o_mode)3, 0>)' into 'void nnet::dense_latency<ap_ufixed<10, 7, (ap_q_mode)5, (ap_o_mode)3, 0>, ap_fixed<10, 7, (ap_q_mode)5, (ap_o_mode)3, 0>, config12>(ap_ufixed<10, 7, (ap_q_mode)5, (ap_o_mode)3, 0>*, ap_fixed<10, 7, (ap_q_mode)5, (ap_o_mode)3, 0>*, config12::weight_t*, config12::bias_t*)' (firmware/nnet_utils/nnet_dense_latency.h:42:27)
INFO: [HLS 214-131] Inlining function 'nnet::DenseLatency<ap_ufixed<10, 7, (ap_q_mode)5, (ap_o_mode)3, 0>, ap_fixed<10, 7, (ap_q_mode)5, (ap_o_mode)3, 0>, config12>::dense(ap_ufixed<10, 7, (ap_q_mode)5, (ap_o_mode)3, 0>*, ap_fixed<10, 7, (ap_q_mode)5, (ap_o_mode)3, 0>*, ap_fixed<7, 1, (ap_q_mode)5, (ap_o_mode)3, 0>*, ap_fixed<3, -2, (ap_q_mode)5, (ap_o_mode)3, 0>*)' into 'void nnet::dense<ap_ufixed<10, 7, (ap_q_mode)5, (ap_o_mode)3, 0>, ap_fixed<10, 7, (ap_q_mode)5, (ap_o_mode)3, 0>, config12>(ap_ufixed<10, 7, (ap_q_mode)5, (ap_o_mode)3, 0>*, ap_fixed<10, 7, (ap_q_mode)5, (ap_o_mode)3, 0>*, config12::weight_t*, config12::bias_t*)' (firmware/nnet_utils/nnet_dense.h:45:2)
INFO: [HLS 214-131] Inlining function 'void nnet::dense_0_iq<ap_fixed<27, 19, (ap_q_mode)5, (ap_o_mode)3, 0>, ap_fixed<26, 19, (ap_q_mode)5, (ap_o_mode)3, 0> >(ap_fixed<27, 19, (ap_q_mode)5, (ap_o_mode)3, 0>*, ap_fixed<26, 19, (ap_q_mode)5, (ap_o_mode)3, 0>*)' into 'hgq2_1_hls4ml_prj_Vitis_latency_reusefactor4(ap_fixed<27, 19, (ap_q_mode)5, (ap_o_mode)3, 0>*, ap_fixed<9, 7, (ap_q_mode)5, (ap_o_mode)3, 0>*)' (firmware/hgq2_1_hls4ml_prj_Vitis_latency_reusefactor4.cpp:71:2)
INFO: [HLS 214-131] Inlining function 'void nnet::dense_3_oq<ap_fixed<10, 7, (ap_q_mode)5, (ap_o_mode)3, 0>, ap_fixed<9, 7, (ap_q_mode)5, (ap_o_mode)3, 0> >(ap_fixed<10, 7, (ap_q_mode)5, (ap_o_mode)3, 0>*, ap_fixed<9, 7, (ap_q_mode)5, (ap_o_mode)3, 0>*)' into 'hgq2_1_hls4ml_prj_Vitis_latency_reusefactor4(ap_fixed<27, 19, (ap_q_mode)5, (ap_o_mode)3, 0>*, ap_fixed<9, 7, (ap_q_mode)5, (ap_o_mode)3, 0>*)' (firmware/hgq2_1_hls4ml_prj_Vitis_latency_reusefactor4.cpp:93:5)
INFO: [HLS 214-131] Inlining function 'void nnet::dense<ap_ufixed<10, 7, (ap_q_mode)5, (ap_o_mode)3, 0>, ap_fixed<10, 7, (ap_q_mode)5, (ap_o_mode)3, 0>, config12>(ap_ufixed<10, 7, (ap_q_mode)5, (ap_o_mode)3, 0>*, ap_fixed<10, 7, (ap_q_mode)5, (ap_o_mode)3, 0>*, config12::weight_t*, config12::bias_t*)' into 'hgq2_1_hls4ml_prj_Vitis_latency_reusefactor4(ap_fixed<27, 19, (ap_q_mode)5, (ap_o_mode)3, 0>*, ap_fixed<9, 7, (ap_q_mode)5, (ap_o_mode)3, 0>*)' (firmware/hgq2_1_hls4ml_prj_Vitis_latency_reusefactor4.cpp:91:5)
INFO: [HLS 214-131] Inlining function 'void nnet::dense<ap_fixed<26, 19, (ap_q_mode)5, (ap_o_mode)3, 0>, ap_fixed<14, 8, (ap_q_mode)5, (ap_o_mode)3, 0>, config3>(ap_fixed<26, 19, (ap_q_mode)5, (ap_o_mode)3, 0>*, ap_fixed<14, 8, (ap_q_mode)5, (ap_o_mode)3, 0>*, config3::weight_t*, config3::bias_t*)' into 'hgq2_1_hls4ml_prj_Vitis_latency_reusefactor4(ap_fixed<27, 19, (ap_q_mode)5, (ap_o_mode)3, 0>*, ap_fixed<9, 7, (ap_q_mode)5, (ap_o_mode)3, 0>*)' (firmware/hgq2_1_hls4ml_prj_Vitis_latency_reusefactor4.cpp:73:5)
INFO: [HLS 214-131] Inlining function 'void nnet::dense_1_iq<ap_ufixed<12, 6, (ap_q_mode)5, (ap_o_mode)3, 0>, ap_ufixed<11, 6, (ap_q_mode)5, (ap_o_mode)3, 0> >(ap_ufixed<12, 6, (ap_q_mode)5, (ap_o_mode)3, 0>*, ap_ufixed<11, 6, (ap_q_mode)5, (ap_o_mode)3, 0>*)' into 'hgq2_1_hls4ml_prj_Vitis_latency_reusefactor4(ap_fixed<27, 19, (ap_q_mode)5, (ap_o_mode)3, 0>*, ap_fixed<9, 7, (ap_q_mode)5, (ap_o_mode)3, 0>*)' (firmware/hgq2_1_hls4ml_prj_Vitis_latency_reusefactor4.cpp:77:5)
INFO: [HLS 214-131] Inlining function 'void nnet::dense_3_iq<ap_ufixed<11, 7, (ap_q_mode)5, (ap_o_mode)3, 0>, ap_ufixed<10, 7, (ap_q_mode)5, (ap_o_mode)3, 0> >(ap_ufixed<11, 7, (ap_q_mode)5, (ap_o_mode)3, 0>*, ap_ufixed<10, 7, (ap_q_mode)5, (ap_o_mode)3, 0>*)' into 'hgq2_1_hls4ml_prj_Vitis_latency_reusefactor4(ap_fixed<27, 19, (ap_q_mode)5, (ap_o_mode)3, 0>*, ap_fixed<9, 7, (ap_q_mode)5, (ap_o_mode)3, 0>*)' (firmware/hgq2_1_hls4ml_prj_Vitis_latency_reusefactor4.cpp:89:5)
INFO: [HLS 214-131] Inlining function 'void nnet::dense<ap_ufixed<11, 6, (ap_q_mode)5, (ap_o_mode)3, 0>, ap_fixed<14, 11, (ap_q_mode)5, (ap_o_mode)3, 0>, config6>(ap_ufixed<11, 6, (ap_q_mode)5, (ap_o_mode)3, 0>*, ap_fixed<14, 11, (ap_q_mode)5, (ap_o_mode)3, 0>*, config6::weight_t*, config6::bias_t*)' into 'hgq2_1_hls4ml_prj_Vitis_latency_reusefactor4(ap_fixed<27, 19, (ap_q_mode)5, (ap_o_mode)3, 0>*, ap_fixed<9, 7, (ap_q_mode)5, (ap_o_mode)3, 0>*)' (firmware/hgq2_1_hls4ml_prj_Vitis_latency_reusefactor4.cpp:79:5)
INFO: [HLS 214-131] Inlining function 'void nnet::dense_2_iq<ap_ufixed<10, 7, (ap_q_mode)5, (ap_o_mode)3, 0>, ap_ufixed<9, 7, (ap_q_mode)5, (ap_o_mode)3, 0> >(ap_ufixed<10, 7, (ap_q_mode)5, (ap_o_mode)3, 0>*, ap_ufixed<9, 7, (ap_q_mode)5, (ap_o_mode)3, 0>*)' into 'hgq2_1_hls4ml_prj_Vitis_latency_reusefactor4(ap_fixed<27, 19, (ap_q_mode)5, (ap_o_mode)3, 0>*, ap_fixed<9, 7, (ap_q_mode)5, (ap_o_mode)3, 0>*)' (firmware/hgq2_1_hls4ml_prj_Vitis_latency_reusefactor4.cpp:83:5)
INFO: [HLS 214-131] Inlining function 'void nnet::dense<ap_ufixed<9, 7, (ap_q_mode)5, (ap_o_mode)3, 0>, ap_fixed<15, 11, (ap_q_mode)5, (ap_o_mode)3, 0>, config9>(ap_ufixed<9, 7, (ap_q_mode)5, (ap_o_mode)3, 0>*, ap_fixed<15, 11, (ap_q_mode)5, (ap_o_mode)3, 0>*, config9::weight_t*, config9::bias_t*)' into 'hgq2_1_hls4ml_prj_Vitis_latency_reusefactor4(ap_fixed<27, 19, (ap_q_mode)5, (ap_o_mode)3, 0>*, ap_fixed<9, 7, (ap_q_mode)5, (ap_o_mode)3, 0>*)' (firmware/hgq2_1_hls4ml_prj_Vitis_latency_reusefactor4.cpp:85:5)
INFO: [HLS 214-291] Loop 'Result' is marked as complete unroll implied by the pipeline pragma (firmware/nnet_utils/nnet_dense_latency.h:64:5)
INFO: [HLS 214-291] Loop 'Accum1' is marked as complete unroll implied by the pipeline pragma (firmware/nnet_utils/nnet_dense_latency.h:54:5)
INFO: [HLS 214-291] Loop 'Accum2' is marked as complete unroll implied by the pipeline pragma (firmware/nnet_utils/nnet_dense_latency.h:56:9)
INFO: [HLS 214-291] Loop 'ResetAccum' is marked as complete unroll implied by the pipeline pragma (firmware/nnet_utils/nnet_dense_latency.h:48:5)
INFO: [HLS 214-291] Loop 'Product1' is marked as complete unroll implied by the pipeline pragma (firmware/nnet_utils/nnet_dense_latency.h:37:5)
INFO: [HLS 214-291] Loop 'Product2' is marked as complete unroll implied by the pipeline pragma (firmware/nnet_utils/nnet_dense_latency.h:40:9)
INFO: [HLS 214-291] Loop 'VITIS_LOOP_43_1' is marked as complete unroll implied by the pipeline pragma (firmware/nnet_utils/nnet_activation.h:43:22)
INFO: [HLS 214-186] Unrolling loop 'Result' (firmware/nnet_utils/nnet_dense_latency.h:64:5) in function 'nnet::dense_latency<ap_ufixed<10, 7, (ap_q_mode)5, (ap_o_mode)3, 0>, ap_fixed<10, 7, (ap_q_mode)5, (ap_o_mode)3, 0>, config12>' completely with a factor of 5 (firmware/nnet_utils/nnet_dense_latency.h:15:0)
INFO: [HLS 214-186] Unrolling loop 'Accum1' (firmware/nnet_utils/nnet_dense_latency.h:54:5) in function 'nnet::dense_latency<ap_ufixed<10, 7, (ap_q_mode)5, (ap_o_mode)3, 0>, ap_fixed<10, 7, (ap_q_mode)5, (ap_o_mode)3, 0>, config12>' completely with a factor of 32 (firmware/nnet_utils/nnet_dense_latency.h:15:0)
INFO: [HLS 214-186] Unrolling loop 'Accum2' (firmware/nnet_utils/nnet_dense_latency.h:56:9) in function 'nnet::dense_latency<ap_ufixed<10, 7, (ap_q_mode)5, (ap_o_mode)3, 0>, ap_fixed<10, 7, (ap_q_mode)5, (ap_o_mode)3, 0>, config12>' completely with a factor of 5 (firmware/nnet_utils/nnet_dense_latency.h:15:0)
INFO: [HLS 214-186] Unrolling loop 'ResetAccum' (firmware/nnet_utils/nnet_dense_latency.h:48:5) in function 'nnet::dense_latency<ap_ufixed<10, 7, (ap_q_mode)5, (ap_o_mode)3, 0>, ap_fixed<10, 7, (ap_q_mode)5, (ap_o_mode)3, 0>, config12>' completely with a factor of 5 (firmware/nnet_utils/nnet_dense_latency.h:15:0)
INFO: [HLS 214-186] Unrolling loop 'Product1' (firmware/nnet_utils/nnet_dense_latency.h:37:5) in function 'nnet::dense_latency<ap_ufixed<10, 7, (ap_q_mode)5, (ap_o_mode)3, 0>, ap_fixed<10, 7, (ap_q_mode)5, (ap_o_mode)3, 0>, config12>' completely with a factor of 32 (firmware/nnet_utils/nnet_dense_latency.h:15:0)
INFO: [HLS 214-186] Unrolling loop 'Product2' (firmware/nnet_utils/nnet_dense_latency.h:40:9) in function 'nnet::dense_latency<ap_ufixed<10, 7, (ap_q_mode)5, (ap_o_mode)3, 0>, ap_fixed<10, 7, (ap_q_mode)5, (ap_o_mode)3, 0>, config12>' completely with a factor of 5 (firmware/nnet_utils/nnet_dense_latency.h:15:0)
INFO: [HLS 214-186] Unrolling loop 'VITIS_LOOP_43_1' (firmware/nnet_utils/nnet_activation.h:43:22) in function 'nnet::relu<ap_fixed<15, 11, (ap_q_mode)5, (ap_o_mode)3, 0>, ap_ufixed<11, 7, (ap_q_mode)5, (ap_o_mode)3, 0>, relu_config10>' completely with a factor of 32 (firmware/nnet_utils/nnet_activation.h:39:0)
INFO: [HLS 214-186] Unrolling loop 'Result' (firmware/nnet_utils/nnet_dense_latency.h:64:5) in function 'nnet::dense_latency<ap_ufixed<9, 7, (ap_q_mode)5, (ap_o_mode)3, 0>, ap_fixed<15, 11, (ap_q_mode)5, (ap_o_mode)3, 0>, config9>' completely with a factor of 32 (firmware/nnet_utils/nnet_dense_latency.h:15:0)
INFO: [HLS 214-186] Unrolling loop 'Accum1' (firmware/nnet_utils/nnet_dense_latency.h:54:5) in function 'nnet::dense_latency<ap_ufixed<9, 7, (ap_q_mode)5, (ap_o_mode)3, 0>, ap_fixed<15, 11, (ap_q_mode)5, (ap_o_mode)3, 0>, config9>' completely with a factor of 32 (firmware/nnet_utils/nnet_dense_latency.h:15:0)
INFO: [HLS 214-186] Unrolling loop 'Accum2' (firmware/nnet_utils/nnet_dense_latency.h:56:9) in function 'nnet::dense_latency<ap_ufixed<9, 7, (ap_q_mode)5, (ap_o_mode)3, 0>, ap_fixed<15, 11, (ap_q_mode)5, (ap_o_mode)3, 0>, config9>' completely with a factor of 32 (firmware/nnet_utils/nnet_dense_latency.h:15:0)
INFO: [HLS 214-186] Unrolling loop 'ResetAccum' (firmware/nnet_utils/nnet_dense_latency.h:48:5) in function 'nnet::dense_latency<ap_ufixed<9, 7, (ap_q_mode)5, (ap_o_mode)3, 0>, ap_fixed<15, 11, (ap_q_mode)5, (ap_o_mode)3, 0>, config9>' completely with a factor of 32 (firmware/nnet_utils/nnet_dense_latency.h:15:0)
INFO: [HLS 214-186] Unrolling loop 'Product1' (firmware/nnet_utils/nnet_dense_latency.h:37:5) in function 'nnet::dense_latency<ap_ufixed<9, 7, (ap_q_mode)5, (ap_o_mode)3, 0>, ap_fixed<15, 11, (ap_q_mode)5, (ap_o_mode)3, 0>, config9>' completely with a factor of 32 (firmware/nnet_utils/nnet_dense_latency.h:15:0)
INFO: [HLS 214-186] Unrolling loop 'Product2' (firmware/nnet_utils/nnet_dense_latency.h:40:9) in function 'nnet::dense_latency<ap_ufixed<9, 7, (ap_q_mode)5, (ap_o_mode)3, 0>, ap_fixed<15, 11, (ap_q_mode)5, (ap_o_mode)3, 0>, config9>' completely with a factor of 32 (firmware/nnet_utils/nnet_dense_latency.h:15:0)
INFO: [HLS 214-186] Unrolling loop 'VITIS_LOOP_43_1' (firmware/nnet_utils/nnet_activation.h:43:22) in function 'nnet::relu<ap_fixed<14, 11, (ap_q_mode)5, (ap_o_mode)3, 0>, ap_ufixed<10, 7, (ap_q_mode)5, (ap_o_mode)3, 0>, relu_config7>' completely with a factor of 32 (firmware/nnet_utils/nnet_activation.h:39:0)
INFO: [HLS 214-186] Unrolling loop 'Result' (firmware/nnet_utils/nnet_dense_latency.h:64:5) in function 'nnet::dense_latency<ap_ufixed<11, 6, (ap_q_mode)5, (ap_o_mode)3, 0>, ap_fixed<14, 11, (ap_q_mode)5, (ap_o_mode)3, 0>, config6>' completely with a factor of 32 (firmware/nnet_utils/nnet_dense_latency.h:15:0)
INFO: [HLS 214-186] Unrolling loop 'Accum1' (firmware/nnet_utils/nnet_dense_latency.h:54:5) in function 'nnet::dense_latency<ap_ufixed<11, 6, (ap_q_mode)5, (ap_o_mode)3, 0>, ap_fixed<14, 11, (ap_q_mode)5, (ap_o_mode)3, 0>, config6>' completely with a factor of 64 (firmware/nnet_utils/nnet_dense_latency.h:15:0)
INFO: [HLS 214-186] Unrolling loop 'Accum2' (firmware/nnet_utils/nnet_dense_latency.h:56:9) in function 'nnet::dense_latency<ap_ufixed<11, 6, (ap_q_mode)5, (ap_o_mode)3, 0>, ap_fixed<14, 11, (ap_q_mode)5, (ap_o_mode)3, 0>, config6>' completely with a factor of 32 (firmware/nnet_utils/nnet_dense_latency.h:15:0)
INFO: [HLS 214-186] Unrolling loop 'ResetAccum' (firmware/nnet_utils/nnet_dense_latency.h:48:5) in function 'nnet::dense_latency<ap_ufixed<11, 6, (ap_q_mode)5, (ap_o_mode)3, 0>, ap_fixed<14, 11, (ap_q_mode)5, (ap_o_mode)3, 0>, config6>' completely with a factor of 32 (firmware/nnet_utils/nnet_dense_latency.h:15:0)
INFO: [HLS 214-186] Unrolling loop 'Product1' (firmware/nnet_utils/nnet_dense_latency.h:37:5) in function 'nnet::dense_latency<ap_ufixed<11, 6, (ap_q_mode)5, (ap_o_mode)3, 0>, ap_fixed<14, 11, (ap_q_mode)5, (ap_o_mode)3, 0>, config6>' completely with a factor of 64 (firmware/nnet_utils/nnet_dense_latency.h:15:0)
INFO: [HLS 214-186] Unrolling loop 'Product2' (firmware/nnet_utils/nnet_dense_latency.h:40:9) in function 'nnet::dense_latency<ap_ufixed<11, 6, (ap_q_mode)5, (ap_o_mode)3, 0>, ap_fixed<14, 11, (ap_q_mode)5, (ap_o_mode)3, 0>, config6>' completely with a factor of 32 (firmware/nnet_utils/nnet_dense_latency.h:15:0)
INFO: [HLS 214-186] Unrolling loop 'VITIS_LOOP_43_1' (firmware/nnet_utils/nnet_activation.h:43:22) in function 'nnet::relu<ap_fixed<14, 8, (ap_q_mode)5, (ap_o_mode)3, 0>, ap_ufixed<12, 6, (ap_q_mode)5, (ap_o_mode)3, 0>, relu_config4>' completely with a factor of 64 (firmware/nnet_utils/nnet_activation.h:39:0)
INFO: [HLS 214-186] Unrolling loop 'Result' (firmware/nnet_utils/nnet_dense_latency.h:64:5) in function 'nnet::dense_latency<ap_fixed<26, 19, (ap_q_mode)5, (ap_o_mode)3, 0>, ap_fixed<14, 8, (ap_q_mode)5, (ap_o_mode)3, 0>, config3>' completely with a factor of 64 (firmware/nnet_utils/nnet_dense_latency.h:15:0)
INFO: [HLS 214-186] Unrolling loop 'Accum1' (firmware/nnet_utils/nnet_dense_latency.h:54:5) in function 'nnet::dense_latency<ap_fixed<26, 19, (ap_q_mode)5, (ap_o_mode)3, 0>, ap_fixed<14, 8, (ap_q_mode)5, (ap_o_mode)3, 0>, config3>' completely with a factor of 16 (firmware/nnet_utils/nnet_dense_latency.h:15:0)
INFO: [HLS 214-186] Unrolling loop 'Accum2' (firmware/nnet_utils/nnet_dense_latency.h:56:9) in function 'nnet::dense_latency<ap_fixed<26, 19, (ap_q_mode)5, (ap_o_mode)3, 0>, ap_fixed<14, 8, (ap_q_mode)5, (ap_o_mode)3, 0>, config3>' completely with a factor of 64 (firmware/nnet_utils/nnet_dense_latency.h:15:0)
INFO: [HLS 214-186] Unrolling loop 'ResetAccum' (firmware/nnet_utils/nnet_dense_latency.h:48:5) in function 'nnet::dense_latency<ap_fixed<26, 19, (ap_q_mode)5, (ap_o_mode)3, 0>, ap_fixed<14, 8, (ap_q_mode)5, (ap_o_mode)3, 0>, config3>' completely with a factor of 64 (firmware/nnet_utils/nnet_dense_latency.h:15:0)
INFO: [HLS 214-186] Unrolling loop 'Product1' (firmware/nnet_utils/nnet_dense_latency.h:37:5) in function 'nnet::dense_latency<ap_fixed<26, 19, (ap_q_mode)5, (ap_o_mode)3, 0>, ap_fixed<14, 8, (ap_q_mode)5, (ap_o_mode)3, 0>, config3>' completely with a factor of 16 (firmware/nnet_utils/nnet_dense_latency.h:15:0)
INFO: [HLS 214-186] Unrolling loop 'Product2' (firmware/nnet_utils/nnet_dense_latency.h:40:9) in function 'nnet::dense_latency<ap_fixed<26, 19, (ap_q_mode)5, (ap_o_mode)3, 0>, ap_fixed<14, 8, (ap_q_mode)5, (ap_o_mode)3, 0>, config3>' completely with a factor of 64 (firmware/nnet_utils/nnet_dense_latency.h:15:0)
INFO: [HLS 214-178] Inlining function 'std::enable_if<!(std::is_same<ap_ufixed<10, 7, (ap_q_mode)5, (ap_o_mode)3, 0>, ap_uint<1> >::value), ap_fixed<10, 7, (ap_q_mode)5, (ap_o_mode)3, 0> >::type nnet::cast<ap_ufixed<10, 7, (ap_q_mode)5, (ap_o_mode)3, 0>, ap_fixed<10, 7, (ap_q_mode)5, (ap_o_mode)3, 0>, config12>(config12::accum_t)' into 'void nnet::dense_latency<ap_ufixed<10, 7, (ap_q_mode)5, (ap_o_mode)3, 0>, ap_fixed<10, 7, (ap_q_mode)5, (ap_o_mode)3, 0>, config12>(ap_ufixed<10, 7, (ap_q_mode)5, (ap_o_mode)3, 0>*, ap_fixed<10, 7, (ap_q_mode)5, (ap_o_mode)3, 0>*, config12::weight_t*, config12::bias_t*)' (firmware/nnet_utils/nnet_dense_latency.h:15:0)
INFO: [HLS 214-248] Applying array_partition to 'b12': Complete partitioning on dimension 1. (firmware/weights/b12.h:12:0)
INFO: [HLS 214-248] Applying array_partition to 'b9': Complete partitioning on dimension 1. (firmware/weights/b9.h:12:0)
INFO: [HLS 214-248] Applying array_partition to 'b6': Complete partitioning on dimension 1. (firmware/weights/b6.h:12:0)
INFO: [HLS 214-248] Applying array_partition to 'b3': Complete partitioning on dimension 1. (firmware/weights/b3.h:12:0)
INFO: [HLS 214-248] Applying array_partition to 'mult': Complete partitioning on dimension 1. (firmware/nnet_utils/nnet_dense_latency.h:17:32)
INFO: [HLS 214-248] Applying array_partition to 'layer2_out': Complete partitioning on dimension 1. (firmware/hgq2_1_hls4ml_prj_Vitis_latency_reusefactor4.cpp:38:15)
INFO: [HLS 214-248] Applying array_partition to 'layer3_out': Complete partitioning on dimension 1. (firmware/hgq2_1_hls4ml_prj_Vitis_latency_reusefactor4.cpp:41:12)
INFO: [HLS 214-248] Applying array_partition to 'layer4_out': Complete partitioning on dimension 1. (firmware/hgq2_1_hls4ml_prj_Vitis_latency_reusefactor4.cpp:44:17)
INFO: [HLS 214-248] Applying array_partition to 'layer5_out': Complete partitioning on dimension 1. (firmware/hgq2_1_hls4ml_prj_Vitis_latency_reusefactor4.cpp:47:15)
INFO: [HLS 214-248] Applying array_partition to 'layer6_out': Complete partitioning on dimension 1. (firmware/hgq2_1_hls4ml_prj_Vitis_latency_reusefactor4.cpp:50:12)
INFO: [HLS 214-248] Applying array_partition to 'layer7_out': Complete partitioning on dimension 1. (firmware/hgq2_1_hls4ml_prj_Vitis_latency_reusefactor4.cpp:53:17)
INFO: [HLS 214-248] Applying array_partition to 'layer8_out': Complete partitioning on dimension 1. (firmware/hgq2_1_hls4ml_prj_Vitis_latency_reusefactor4.cpp:56:15)
INFO: [HLS 214-248] Applying array_partition to 'layer9_out': Complete partitioning on dimension 1. (firmware/hgq2_1_hls4ml_prj_Vitis_latency_reusefactor4.cpp:59:12)
INFO: [HLS 214-248] Applying array_partition to 'layer10_out': Complete partitioning on dimension 1. (firmware/hgq2_1_hls4ml_prj_Vitis_latency_reusefactor4.cpp:62:17)
INFO: [HLS 214-248] Applying array_partition to 'layer11_out': Complete partitioning on dimension 1. (firmware/hgq2_1_hls4ml_prj_Vitis_latency_reusefactor4.cpp:65:15)
INFO: [HLS 214-248] Applying array_partition to 'layer12_out': Complete partitioning on dimension 1. (firmware/hgq2_1_hls4ml_prj_Vitis_latency_reusefactor4.cpp:68:12)
INFO: [HLS 214-248] Applying array_partition to 'layer13_out': Complete partitioning on dimension 1. (firmware/hgq2_1_hls4ml_prj_Vitis_latency_reusefactor4.cpp:10:0)
INFO: [HLS 214-248] Applying array_reshape to 'input_layer': Complete reshaping on dimension 1. (firmware/hgq2_1_hls4ml_prj_Vitis_latency_reusefactor4.cpp:10:0)
INFO: [HLS 214-364] Automatically inlining function 'std::enable_if<!(std::is_same<ap_fixed<26, 19, (ap_q_mode)5, (ap_o_mode)3, 0>, ap_uint<1> >::value), ap_fixed<14, 8, (ap_q_mode)5, (ap_o_mode)3, 0> >::type nnet::cast<ap_fixed<26, 19, (ap_q_mode)5, (ap_o_mode)3, 0>, ap_fixed<14, 8, (ap_q_mode)5, (ap_o_mode)3, 0>, config3>(config3::accum_t)' to improve effectiveness of pipeline pragma in function 'void nnet::dense_latency<ap_fixed<26, 19, (ap_q_mode)5, (ap_o_mode)3, 0>, ap_fixed<14, 8, (ap_q_mode)5, (ap_o_mode)3, 0>, config3>(ap_fixed<26, 19, (ap_q_mode)5, (ap_o_mode)3, 0>*, ap_fixed<14, 8, (ap_q_mode)5, (ap_o_mode)3, 0>*, config3::weight_t*, config3::bias_t*)' (firmware/nnet_utils/nnet_dense_latency.h:66:21)
INFO: [HLS 214-364] Automatically inlining function 'std::enable_if<!(std::is_same<ap_ufixed<11, 6, (ap_q_mode)5, (ap_o_mode)3, 0>, ap_uint<1> >::value), ap_fixed<14, 11, (ap_q_mode)5, (ap_o_mode)3, 0> >::type nnet::cast<ap_ufixed<11, 6, (ap_q_mode)5, (ap_o_mode)3, 0>, ap_fixed<14, 11, (ap_q_mode)5, (ap_o_mode)3, 0>, config6>(config6::accum_t)' to improve effectiveness of pipeline pragma in function 'void nnet::dense_latency<ap_ufixed<11, 6, (ap_q_mode)5, (ap_o_mode)3, 0>, ap_fixed<14, 11, (ap_q_mode)5, (ap_o_mode)3, 0>, config6>(ap_ufixed<11, 6, (ap_q_mode)5, (ap_o_mode)3, 0>*, ap_fixed<14, 11, (ap_q_mode)5, (ap_o_mode)3, 0>*, config6::weight_t*, config6::bias_t*)' (firmware/nnet_utils/nnet_dense_latency.h:66:21)
INFO: [HLS 214-364] Automatically inlining function 'std::enable_if<!(std::is_same<ap_ufixed<9, 7, (ap_q_mode)5, (ap_o_mode)3, 0>, ap_uint<1> >::value), ap_fixed<15, 11, (ap_q_mode)5, (ap_o_mode)3, 0> >::type nnet::cast<ap_ufixed<9, 7, (ap_q_mode)5, (ap_o_mode)3, 0>, ap_fixed<15, 11, (ap_q_mode)5, (ap_o_mode)3, 0>, config9>(config9::accum_t)' to improve effectiveness of pipeline pragma in function 'void nnet::dense_latency<ap_ufixed<9, 7, (ap_q_mode)5, (ap_o_mode)3, 0>, ap_fixed<15, 11, (ap_q_mode)5, (ap_o_mode)3, 0>, config9>(ap_ufixed<9, 7, (ap_q_mode)5, (ap_o_mode)3, 0>*, ap_fixed<15, 11, (ap_q_mode)5, (ap_o_mode)3, 0>*, config9::weight_t*, config9::bias_t*)' (firmware/nnet_utils/nnet_dense_latency.h:66:21)
INFO: [HLS 200-111] Finished Compiling Optimization and Transform: CPU user time: 28.11 seconds. CPU system time: 0.41 seconds. Elapsed time: 32.72 seconds; current allocated memory: 200.727 MB.
INFO: [HLS 200-111] Finished Checking Pragmas: CPU user time: 0 seconds. CPU system time: 0 seconds. Elapsed time: 0 seconds; current allocated memory: 200.727 MB.
INFO: [HLS 200-10] Starting code transformations ...
INFO: [HLS 200-111] Finished Standard Transforms: CPU user time: 0.07 seconds. CPU system time: 0.01 seconds. Elapsed time: 0.08 seconds; current allocated memory: 208.422 MB.
INFO: [HLS 200-10] Checking synthesizability ...
INFO: [HLS 200-111] Finished Checking Synthesizability: CPU user time: 0.07 seconds. CPU system time: 0 seconds. Elapsed time: 0.07 seconds; current allocated memory: 212.172 MB.
INFO: [XFORM 203-11] Balancing expressions in function 'nnet::dense_latency<ap_ufixed<9, 7, (ap_q_mode)5, (ap_o_mode)3, 0>, ap_fixed<15, 11, (ap_q_mode)5, (ap_o_mode)3, 0>, config9>' (firmware/nnet_utils/nnet_mult.h:33:12)...19 expression(s) balanced.
INFO: [XFORM 203-11] Balancing expressions in function 'nnet::dense_latency<ap_ufixed<11, 6, (ap_q_mode)5, (ap_o_mode)3, 0>, ap_fixed<14, 11, (ap_q_mode)5, (ap_o_mode)3, 0>, config6>' (firmware/nnet_utils/nnet_mult.h:33:12)...37 expression(s) balanced.
INFO: [XFORM 203-11] Balancing expressions in function 'nnet::dense_latency<ap_ufixed<10, 7, (ap_q_mode)5, (ap_o_mode)3, 0>, ap_fixed<10, 7, (ap_q_mode)5, (ap_o_mode)3, 0>, config12>' (firmware/nnet_utils/nnet_dense_latency.h:33:1)...37 expression(s) balanced.
INFO: [XFORM 203-11] Balancing expressions in function 'nnet::dense_latency<ap_fixed<26, 19, (ap_q_mode)5, (ap_o_mode)3, 0>, ap_fixed<14, 8, (ap_q_mode)5, (ap_o_mode)3, 0>, config3>' (firmware/nnet_utils/nnet_mult.h:33:12)...65 expression(s) balanced.
INFO: [HLS 200-111] Finished Loop, function and other optimizations: CPU user time: 0.16 seconds. CPU system time: 0.01 seconds. Elapsed time: 0.18 seconds; current allocated memory: 243.426 MB.
INFO: [HLS 200-111] Finished Architecture Synthesis: CPU user time: 0.16 seconds. CPU system time: 0.01 seconds. Elapsed time: 0.17 seconds; current allocated memory: 316.000 MB.
INFO: [HLS 200-10] Starting hardware synthesis ...
INFO: [HLS 200-10] Synthesizing 'hgq2_1_hls4ml_prj_Vitis_latency_reusefactor4' ...
WARNING: [SYN 201-103] Legalizing function name 'dense_latency<ap_fixed<26, 19, 5, 3, 0>, ap_fixed<14, 8, 5, 3, 0>, config3>' to 'dense_latency_ap_fixed_26_19_5_3_0_ap_fixed_14_8_5_3_0_config3_s'.
WARNING: [SYN 201-103] Legalizing function name 'relu<ap_fixed<14, 8, 5, 3, 0>, ap_ufixed<12, 6, 5, 3, 0>, relu_config4>' to 'relu_ap_fixed_14_8_5_3_0_ap_ufixed_12_6_5_3_0_relu_config4_s'.
WARNING: [SYN 201-103] Legalizing function name 'dense_latency<ap_ufixed<11, 6, 5, 3, 0>, ap_fixed<14, 11, 5, 3, 0>, config6>' to 'dense_latency_ap_ufixed_11_6_5_3_0_ap_fixed_14_11_5_3_0_config6_s'.
WARNING: [SYN 201-103] Legalizing function name 'relu<ap_fixed<14, 11, 5, 3, 0>, ap_ufixed<10, 7, 5, 3, 0>, relu_config7>' to 'relu_ap_fixed_14_11_5_3_0_ap_ufixed_10_7_5_3_0_relu_config7_s'.
WARNING: [SYN 201-103] Legalizing function name 'dense_latency<ap_ufixed<9, 7, 5, 3, 0>, ap_fixed<15, 11, 5, 3, 0>, config9>' to 'dense_latency_ap_ufixed_9_7_5_3_0_ap_fixed_15_11_5_3_0_config9_s'.
WARNING: [SYN 201-103] Legalizing function name 'relu<ap_fixed<15, 11, 5, 3, 0>, ap_ufixed<11, 7, 5, 3, 0>, relu_config10>' to 'relu_ap_fixed_15_11_5_3_0_ap_ufixed_11_7_5_3_0_relu_config10_s'.
WARNING: [SYN 201-103] Legalizing function name 'dense_latency<ap_ufixed<10, 7, 5, 3, 0>, ap_fixed<10, 7, 5, 3, 0>, config12>' to 'dense_latency_ap_ufixed_10_7_5_3_0_ap_fixed_10_7_5_3_0_config12_s'.
WARNING: [SYN 201-223] Checking resource limit in 'dense_latency<ap_ufixed<11, 6, 5, 3, 0>, ap_fixed<14, 11, 5, 3, 0>, config6>': cannot find any operation of 'mul'.
WARNING: [SYN 201-223] Checking resource limit in 'dense_latency<ap_ufixed<10, 7, 5, 3, 0>, ap_fixed<10, 7, 5, 3, 0>, config12>': cannot find any operation of 'mul'.
INFO: [HLS 200-10] ----------------------------------------------------------------
INFO: [HLS 200-42] -- Implementing module 'dense_latency_ap_fixed_26_19_5_3_0_ap_fixed_14_8_5_3_0_config3_s' 
INFO: [HLS 200-10] ----------------------------------------------------------------
INFO: [SCHED 204-11] Starting scheduling ...
INFO: [SCHED 204-61] Pipelining function 'dense_latency<ap_fixed<26, 19, 5, 3, 0>, ap_fixed<14, 8, 5, 3, 0>, config3>'.
INFO: [HLS 200-1470] Pipelining result : Target II = NA, Final II = 1, Depth = 2, function 'dense_latency<ap_fixed<26, 19, 5, 3, 0>, ap_fixed<14, 8, 5, 3, 0>, config3>'
INFO: [SCHED 204-11] Finished scheduling.
INFO: [HLS 200-111] Finished Scheduling: CPU user time: 0.17 seconds. CPU system time: 0.02 seconds. Elapsed time: 0.19 seconds; current allocated memory: 319.371 MB.
INFO: [BIND 205-100] Starting micro-architecture generation ...
INFO: [BIND 205-101] Performing variable lifetime analysis.
INFO: [BIND 205-101] Exploring resource sharing.
INFO: [BIND 205-101] Binding ...
INFO: [BIND 205-100] Starting global binding ...
INFO: [BIND 205-100] Finished micro-architecture generation.
INFO: [HLS 200-111] Finished Binding: CPU user time: 0.03 seconds. CPU system time: 0 seconds. Elapsed time: 0.03 seconds; current allocated memory: 319.715 MB.
INFO: [HLS 200-10] ----------------------------------------------------------------
INFO: [HLS 200-42] -- Implementing module 'relu_ap_fixed_14_8_5_3_0_ap_ufixed_12_6_5_3_0_relu_config4_s' 
INFO: [HLS 200-10] ----------------------------------------------------------------
INFO: [SCHED 204-11] Starting scheduling ...
INFO: [SCHED 204-61] Pipelining function 'relu<ap_fixed<14, 8, 5, 3, 0>, ap_ufixed<12, 6, 5, 3, 0>, relu_config4>'.
INFO: [HLS 200-1470] Pipelining result : Target II = NA, Final II = 1, Depth = 1, function 'relu<ap_fixed<14, 8, 5, 3, 0>, ap_ufixed<12, 6, 5, 3, 0>, relu_config4>'
INFO: [SCHED 204-11] Finished scheduling.
INFO: [HLS 200-111] Finished Scheduling: CPU user time: 0.05 seconds. CPU system time: 0 seconds. Elapsed time: 0.05 seconds; current allocated memory: 320.754 MB.
INFO: [BIND 205-100] Starting micro-architecture generation ...
INFO: [BIND 205-101] Performing variable lifetime analysis.
INFO: [BIND 205-101] Exploring resource sharing.
INFO: [BIND 205-101] Binding ...
INFO: [BIND 205-100] Finished micro-architecture generation.
INFO: [HLS 200-111] Finished Binding: CPU user time: 0.01 seconds. CPU system time: 0 seconds. Elapsed time: 0.01 seconds; current allocated memory: 320.980 MB.
INFO: [HLS 200-10] ----------------------------------------------------------------
INFO: [HLS 200-42] -- Implementing module 'dense_latency_ap_ufixed_11_6_5_3_0_ap_fixed_14_11_5_3_0_config6_s' 
INFO: [HLS 200-10] ----------------------------------------------------------------
INFO: [SCHED 204-11] Starting scheduling ...
INFO: [SCHED 204-61] Pipelining function 'dense_latency<ap_ufixed<11, 6, 5, 3, 0>, ap_fixed<14, 11, 5, 3, 0>, config6>'.
INFO: [HLS 200-1470] Pipelining result : Target II = NA, Final II = 1, Depth = 2, function 'dense_latency<ap_ufixed<11, 6, 5, 3, 0>, ap_fixed<14, 11, 5, 3, 0>, config6>'
INFO: [SCHED 204-11] Finished scheduling.
INFO: [HLS 200-111] Finished Scheduling: CPU user time: 0.13 seconds. CPU system time: 0 seconds. Elapsed time: 0.14 seconds; current allocated memory: 325.406 MB.
INFO: [BIND 205-100] Starting micro-architecture generation ...
INFO: [BIND 205-101] Performing variable lifetime analysis.
INFO: [BIND 205-101] Exploring resource sharing.
INFO: [BIND 205-101] Binding ...
INFO: [BIND 205-100] Finished micro-architecture generation.
INFO: [HLS 200-111] Finished Binding: CPU user time: 0.03 seconds. CPU system time: 0 seconds. Elapsed time: 0.03 seconds; current allocated memory: 325.406 MB.
INFO: [HLS 200-10] ----------------------------------------------------------------
INFO: [HLS 200-42] -- Implementing module 'relu_ap_fixed_14_11_5_3_0_ap_ufixed_10_7_5_3_0_relu_config7_s' 
INFO: [HLS 200-10] ----------------------------------------------------------------
INFO: [SCHED 204-11] Starting scheduling ...
INFO: [SCHED 204-61] Pipelining function 'relu<ap_fixed<14, 11, 5, 3, 0>, ap_ufixed<10, 7, 5, 3, 0>, relu_config7>'.
INFO: [HLS 200-1470] Pipelining result : Target II = NA, Final II = 1, Depth = 1, function 'relu<ap_fixed<14, 11, 5, 3, 0>, ap_ufixed<10, 7, 5, 3, 0>, relu_config7>'
INFO: [SCHED 204-11] Finished scheduling.
INFO: [HLS 200-111] Finished Scheduling: CPU user time: 0.04 seconds. CPU system time: 0 seconds. Elapsed time: 0.05 seconds; current allocated memory: 325.406 MB.
INFO: [BIND 205-100] Starting micro-architecture generation ...
INFO: [BIND 205-101] Performing variable lifetime analysis.
INFO: [BIND 205-101] Exploring resource sharing.
INFO: [BIND 205-101] Binding ...
INFO: [BIND 205-100] Finished micro-architecture generation.
INFO: [HLS 200-111] Finished Binding: CPU user time: 0.01 seconds. CPU system time: 0 seconds. Elapsed time: 0.01 seconds; current allocated memory: 325.594 MB.
INFO: [HLS 200-10] ----------------------------------------------------------------
INFO: [HLS 200-42] -- Implementing module 'dense_latency_ap_ufixed_9_7_5_3_0_ap_fixed_15_11_5_3_0_config9_s' 
INFO: [HLS 200-10] ----------------------------------------------------------------
INFO: [SCHED 204-11] Starting scheduling ...
INFO: [SCHED 204-61] Pipelining function 'dense_latency<ap_ufixed<9, 7, 5, 3, 0>, ap_fixed<15, 11, 5, 3, 0>, config9>'.
INFO: [HLS 200-1470] Pipelining result : Target II = NA, Final II = 1, Depth = 2, function 'dense_latency<ap_ufixed<9, 7, 5, 3, 0>, ap_fixed<15, 11, 5, 3, 0>, config9>'
INFO: [SCHED 204-11] Finished scheduling.
INFO: [HLS 200-111] Finished Scheduling: CPU user time: 0.09 seconds. CPU system time: 0 seconds. Elapsed time: 0.1 seconds; current allocated memory: 328.961 MB.
INFO: [BIND 205-100] Starting micro-architecture generation ...
INFO: [BIND 205-101] Performing variable lifetime analysis.
INFO: [BIND 205-101] Exploring resource sharing.
INFO: [BIND 205-101] Binding ...
INFO: [BIND 205-100] Starting global binding ...
INFO: [BIND 205-100] Finished micro-architecture generation.
INFO: [HLS 200-111] Finished Binding: CPU user time: 0.02 seconds. CPU system time: 0.01 seconds. Elapsed time: 0.03 seconds; current allocated memory: 328.961 MB.
INFO: [HLS 200-10] ----------------------------------------------------------------
INFO: [HLS 200-42] -- Implementing module 'relu_ap_fixed_15_11_5_3_0_ap_ufixed_11_7_5_3_0_relu_config10_s' 
INFO: [HLS 200-10] ----------------------------------------------------------------
INFO: [SCHED 204-11] Starting scheduling ...
INFO: [SCHED 204-61] Pipelining function 'relu<ap_fixed<15, 11, 5, 3, 0>, ap_ufixed<11, 7, 5, 3, 0>, relu_config10>'.
INFO: [HLS 200-1470] Pipelining result : Target II = NA, Final II = 1, Depth = 1, function 'relu<ap_fixed<15, 11, 5, 3, 0>, ap_ufixed<11, 7, 5, 3, 0>, relu_config10>'
INFO: [SCHED 204-11] Finished scheduling.
INFO: [HLS 200-111] Finished Scheduling: CPU user time: 0.03 seconds. CPU system time: 0 seconds. Elapsed time: 0.03 seconds; current allocated memory: 329.059 MB.
INFO: [BIND 205-100] Starting micro-architecture generation ...
INFO: [BIND 205-101] Performing variable lifetime analysis.
INFO: [BIND 205-101] Exploring resource sharing.
INFO: [BIND 205-101] Binding ...
INFO: [BIND 205-100] Finished micro-architecture generation.
INFO: [HLS 200-111] Finished Binding: CPU user time: 0.01 seconds. CPU system time: 0 seconds. Elapsed time: 0 seconds; current allocated memory: 329.246 MB.
INFO: [HLS 200-10] ----------------------------------------------------------------
INFO: [HLS 200-42] -- Implementing module 'dense_latency_ap_ufixed_10_7_5_3_0_ap_fixed_10_7_5_3_0_config12_s' 
INFO: [HLS 200-10] ----------------------------------------------------------------
INFO: [SCHED 204-11] Starting scheduling ...
INFO: [SCHED 204-61] Pipelining function 'dense_latency<ap_ufixed<10, 7, 5, 3, 0>, ap_fixed<10, 7, 5, 3, 0>, config12>'.
INFO: [HLS 200-1470] Pipelining result : Target II = NA, Final II = 1, Depth = 1, function 'dense_latency<ap_ufixed<10, 7, 5, 3, 0>, ap_fixed<10, 7, 5, 3, 0>, config12>'
INFO: [SCHED 204-11] Finished scheduling.
INFO: [HLS 200-111] Finished Scheduling: CPU user time: 0.06 seconds. CPU system time: 0 seconds. Elapsed time: 0.06 seconds; current allocated memory: 330.555 MB.
INFO: [BIND 205-100] Starting micro-architecture generation ...
INFO: [BIND 205-101] Performing variable lifetime analysis.
INFO: [BIND 205-101] Exploring resource sharing.
INFO: [BIND 205-101] Binding ...
INFO: [BIND 205-100] Finished micro-architecture generation.
INFO: [HLS 200-111] Finished Binding: CPU user time: 0.02 seconds. CPU system time: 0 seconds. Elapsed time: 0.02 seconds; current allocated memory: 330.934 MB.
INFO: [HLS 200-10] ----------------------------------------------------------------
INFO: [HLS 200-42] -- Implementing module 'hgq2_1_hls4ml_prj_Vitis_latency_reusefactor4' 
INFO: [HLS 200-10] ----------------------------------------------------------------
INFO: [SCHED 204-11] Starting scheduling ...
INFO: [SCHED 204-61] Pipelining function 'hgq2_1_hls4ml_prj_Vitis_latency_reusefactor4'.
INFO: [HLS 200-1470] Pipelining result : Target II = NA, Final II = 1, Depth = 9, function 'hgq2_1_hls4ml_prj_Vitis_latency_reusefactor4'
INFO: [SCHED 204-11] Finished scheduling.
INFO: [HLS 200-111] Finished Scheduling: CPU user time: 0.11 seconds. CPU system time: 0 seconds. Elapsed time: 0.12 seconds; current allocated memory: 334.863 MB.
INFO: [BIND 205-100] Starting micro-architecture generation ...
INFO: [BIND 205-101] Performing variable lifetime analysis.
INFO: [BIND 205-101] Exploring resource sharing.
INFO: [BIND 205-101] Binding ...
INFO: [BIND 205-100] Finished micro-architecture generation.
INFO: [HLS 200-111] Finished Binding: CPU user time: 0.04 seconds. CPU system time: 0 seconds. Elapsed time: 0.03 seconds; current allocated memory: 334.863 MB.
INFO: [HLS 200-10] ----------------------------------------------------------------
INFO: [HLS 200-10] -- Generating RTL for module 'dense_latency_ap_fixed_26_19_5_3_0_ap_fixed_14_8_5_3_0_config3_s' 
INFO: [HLS 200-10] ----------------------------------------------------------------
INFO: [RTGEN 206-100] Generating core module 'mul_11s_9ns_20_1_0': 1 instance(s).
INFO: [RTGEN 206-100] Generating core module 'mul_11s_9s_20_1_0': 1 instance(s).
INFO: [RTGEN 206-100] Generating core module 'mul_12s_10s_21_1_0': 1 instance(s).
INFO: [RTGEN 206-100] Generating core module 'mul_12s_9ns_21_1_0': 2 instance(s).
INFO: [RTGEN 206-100] Finished creating RTL model for 'dense_latency_ap_fixed_26_19_5_3_0_ap_fixed_14_8_5_3_0_config3_s'.
INFO: [HLS 200-111] Finished Creating RTL model: CPU user time: 0.06 seconds. CPU system time: 0.01 seconds. Elapsed time: 0.08 seconds; current allocated memory: 339.602 MB.
INFO: [HLS 200-10] ----------------------------------------------------------------
INFO: [HLS 200-10] -- Generating RTL for module 'relu_ap_fixed_14_8_5_3_0_ap_ufixed_12_6_5_3_0_relu_config4_s' 
INFO: [HLS 200-10] ----------------------------------------------------------------
INFO: [RTGEN 206-100] Finished creating RTL model for 'relu_ap_fixed_14_8_5_3_0_ap_ufixed_12_6_5_3_0_relu_config4_s'.
INFO: [HLS 200-111] Finished Creating RTL model: CPU user time: 0.07 seconds. CPU system time: 0.02 seconds. Elapsed time: 0.09 seconds; current allocated memory: 349.219 MB.
INFO: [HLS 200-10] ----------------------------------------------------------------
INFO: [HLS 200-10] -- Generating RTL for module 'dense_latency_ap_ufixed_11_6_5_3_0_ap_fixed_14_11_5_3_0_config6_s' 
INFO: [HLS 200-10] ----------------------------------------------------------------
INFO: [RTGEN 206-100] Finished creating RTL model for 'dense_latency_ap_ufixed_11_6_5_3_0_ap_fixed_14_11_5_3_0_config6_s'.
INFO: [HLS 200-111] Finished Creating RTL model: CPU user time: 0.06 seconds. CPU system time: 0 seconds. Elapsed time: 0.06 seconds; current allocated memory: 355.301 MB.
INFO: [HLS 200-10] ----------------------------------------------------------------
INFO: [HLS 200-10] -- Generating RTL for module 'relu_ap_fixed_14_11_5_3_0_ap_ufixed_10_7_5_3_0_relu_config7_s' 
INFO: [HLS 200-10] ----------------------------------------------------------------
INFO: [RTGEN 206-100] Finished creating RTL model for 'relu_ap_fixed_14_11_5_3_0_ap_ufixed_10_7_5_3_0_relu_config7_s'.
INFO: [HLS 200-111] Finished Creating RTL model: CPU user time: 0.08 seconds. CPU system time: 0.02 seconds. Elapsed time: 0.1 seconds; current allocated memory: 365.109 MB.
INFO: [HLS 200-10] ----------------------------------------------------------------
INFO: [HLS 200-10] -- Generating RTL for module 'dense_latency_ap_ufixed_9_7_5_3_0_ap_fixed_15_11_5_3_0_config9_s' 
INFO: [HLS 200-10] ----------------------------------------------------------------
INFO: [RTGEN 206-100] Generating core module 'mul_7ns_6ns_12_1_0': 1 instance(s).
INFO: [RTGEN 206-100] Generating core module 'mul_9ns_7ns_15_1_0': 1 instance(s).
INFO: [RTGEN 206-100] Finished creating RTL model for 'dense_latency_ap_ufixed_9_7_5_3_0_ap_fixed_15_11_5_3_0_config9_s'.
INFO: [HLS 200-111] Finished Creating RTL model: CPU user time: 0.05 seconds. CPU system time: 0 seconds. Elapsed time: 0.05 seconds; current allocated memory: 369.691 MB.
INFO: [HLS 200-10] ----------------------------------------------------------------
INFO: [HLS 200-10] -- Generating RTL for module 'relu_ap_fixed_15_11_5_3_0_ap_ufixed_11_7_5_3_0_relu_config10_s' 
INFO: [HLS 200-10] ----------------------------------------------------------------
INFO: [RTGEN 206-100] Finished creating RTL model for 'relu_ap_fixed_15_11_5_3_0_ap_ufixed_11_7_5_3_0_relu_config10_s'.
INFO: [HLS 200-111] Finished Creating RTL model: CPU user time: 0.06 seconds. CPU system time: 0.01 seconds. Elapsed time: 0.08 seconds; current allocated memory: 376.906 MB.
INFO: [HLS 200-10] ----------------------------------------------------------------
INFO: [HLS 200-10] -- Generating RTL for module 'dense_latency_ap_ufixed_10_7_5_3_0_ap_fixed_10_7_5_3_0_config12_s' 
INFO: [HLS 200-10] ----------------------------------------------------------------
INFO: [RTGEN 206-100] Finished creating RTL model for 'dense_latency_ap_ufixed_10_7_5_3_0_ap_fixed_10_7_5_3_0_config12_s'.
INFO: [HLS 200-111] Finished Creating RTL model: CPU user time: 0.03 seconds. CPU system time: 0.01 seconds. Elapsed time: 0.03 seconds; current allocated memory: 379.367 MB.
INFO: [HLS 200-10] ----------------------------------------------------------------
INFO: [HLS 200-10] -- Generating RTL for module 'hgq2_1_hls4ml_prj_Vitis_latency_reusefactor4' 
INFO: [HLS 200-10] ----------------------------------------------------------------
INFO: [RTGEN 206-500] Setting interface mode on port 'hgq2_1_hls4ml_prj_Vitis_latency_reusefactor4/input_layer' to 'ap_vld'.
INFO: [RTGEN 206-500] Setting interface mode on port 'hgq2_1_hls4ml_prj_Vitis_latency_reusefactor4/layer13_out_0' to 'ap_vld'.
INFO: [RTGEN 206-500] Setting interface mode on port 'hgq2_1_hls4ml_prj_Vitis_latency_reusefactor4/layer13_out_1' to 'ap_vld'.
INFO: [RTGEN 206-500] Setting interface mode on port 'hgq2_1_hls4ml_prj_Vitis_latency_reusefactor4/layer13_out_2' to 'ap_vld'.
INFO: [RTGEN 206-500] Setting interface mode on port 'hgq2_1_hls4ml_prj_Vitis_latency_reusefactor4/layer13_out_3' to 'ap_vld'.
INFO: [RTGEN 206-500] Setting interface mode on port 'hgq2_1_hls4ml_prj_Vitis_latency_reusefactor4/layer13_out_4' to 'ap_vld'.
INFO: [RTGEN 206-500] Setting interface mode on function 'hgq2_1_hls4ml_prj_Vitis_latency_reusefactor4' to 'ap_ctrl_hs'.
INFO: [HLS 200-1030] Apply Unified Pipeline Control on module 'hgq2_1_hls4ml_prj_Vitis_latency_reusefactor4' pipeline 'hgq2_1_hls4ml_prj_Vitis_latency_reusefactor4' pipeline type 'function pipeline'
INFO: [RTGEN 206-100] Finished creating RTL model for 'hgq2_1_hls4ml_prj_Vitis_latency_reusefactor4'.
INFO: [HLS 200-111] Finished Creating RTL model: CPU user time: 0.09 seconds. CPU system time: 0.01 seconds. Elapsed time: 0.1 seconds; current allocated memory: 392.273 MB.
INFO: [HLS 200-111] Finished Generating all RTL models: CPU user time: 0.15 seconds. CPU system time: 0.01 seconds. Elapsed time: 0.16 seconds; current allocated memory: 400.477 MB.
INFO: [HLS 200-111] Finished Updating report files: CPU user time: 0.26 seconds. CPU system time: 0.01 seconds. Elapsed time: 0.27 seconds; current allocated memory: 408.676 MB.
INFO: [VHDL 208-304] Generating VHDL RTL for hgq2_1_hls4ml_prj_Vitis_latency_reusefactor4.
INFO: [VLOG 209-307] Generating Verilog RTL for hgq2_1_hls4ml_prj_Vitis_latency_reusefactor4.
INFO: [HLS 200-789] **** Estimated Fmax: 279.88 MHz
INFO: [HLS 200-111] Finished Command csynth_design CPU user time: 36.73 seconds. CPU system time: 0.92 seconds. Elapsed time: 41.9 seconds; current allocated memory: 222.703 MB.
==============================================================
Vitis HLS - High-Level Synthesis from C, C++ and OpenCL v2023.2 (64-bit)
Tool Version Limit: 2023.10
Copyright 1986-2022 Xilinx, Inc. All Rights Reserved.
Copyright 2022-2023 Advanced Micro Devices, Inc. All Rights Reserved.

==============================================================
INFO: [SYN 201-201] Setting up clock 'default' with a period of 5ns.
INFO: [SYN 201-201] Setting up clock 'default' with an uncertainty of 1.35ns.
INFO: [HLS 200-1611] Setting target device to 'xck26-sfvc784-2LV-c'
INFO: [HLS 200-1505] Using flow_target 'vivado'
INFO: [HLS 200-1464] Running solution command: config_compile -name_max_length=80
INFO: [XFORM 203-1161] The maximum of name length is set to 80.
INFO: [HLS 200-1464] Running solution command: config_schedule -enable_dsp_full_reg=0
INFO: [HLS 200-1510] Running: config_array_partition -maximum_size 4096 
INFO: [XFORM 203-101] Allowed max sub elements number after partition is 4096.
ERROR: [HLS 200-642] The 'config_array_partition -maximum_size' command is not supported.
INFO: [HLS 200-1510] Running: config_compile -name_max_length 80 
INFO: [XFORM 203-1161] The maximum of name length is set to 80.
INFO: [HLS 200-1510] Running: set_part xck26-sfvc784-2LV-c 
INFO: [XFORM 203-1161] The maximum of name length is set to 80.
INFO: [HLS 200-1510] Running: config_schedule -enable_dsp_full_reg=false 
INFO: [HLS 200-1510] Running: create_clock -period 5 -name default 
INFO: [HLS 200-1510] Running: set_clock_uncertainty 27% default 
INFO: [HLS 200-1510] Running: csynth_design 
INFO: [HLS 200-111] Finished File checks and directory preparation: CPU user time: 0.02 seconds. CPU system time: 0.01 seconds. Elapsed time: 0.03 seconds; current allocated memory: 215.824 MB.
INFO: [HLS 200-10] Analyzing design file 'firmware/hgq2_1_hls4ml_prj_Vitis_latency_reusefactor4.cpp' ... 
WARNING: [HLS 207-5566] unexpected pragma argument 'softmax', expects function/operation (firmware/nnet_utils/nnet_activation.h:402:36)
WARNING: [HLS 207-5536] 'Resource pragma' is deprecated, use 'bind_op/bind_storage pragma' instead (firmware/nnet_utils/nnet_dense_resource.h:33:9)
WARNING: [HLS 207-5536] 'Resource pragma' is deprecated, use 'bind_op/bind_storage pragma' instead (firmware/nnet_utils/nnet_dense_resource.h:107:9)
WARNING: [HLS 207-5536] 'Resource pragma' is deprecated, use 'bind_op/bind_storage pragma' instead (firmware/nnet_utils/nnet_dense_resource.h:189:9)
WARNING: [HLS 207-5292] unused parameter 'keep' (firmware/nnet_utils/nnet_helpers.h:285:99)
WARNING: [HLS 207-5292] unused parameter 'data' (firmware/nnet_utils/nnet_function_stubs.h:14:36)
WARNING: [HLS 207-5292] unused parameter 'buffer' (firmware/nnet_utils/nnet_function_stubs.h:15:36)
WARNING: [HLS 207-5292] unused parameter 'partition' (firmware/nnet_utils/nnet_function_stubs.h:16:44)
WARNING: [HLS 207-5292] unused parameter 'data' (firmware/nnet_utils/nnet_function_stubs.h:24:24)
WARNING: [HLS 207-5292] unused parameter 'buffer' (firmware/nnet_utils/nnet_function_stubs.h:25:24)
WARNING: [HLS 207-5292] unused parameter 'partition' (firmware/nnet_utils/nnet_function_stubs.h:26:32)
WARNING: [HLS 207-5292] unused parameter 'data' (firmware/nnet_utils/nnet_function_stubs.h:33:30)
WARNING: [HLS 207-5292] unused parameter 'res' (firmware/nnet_utils/nnet_function_stubs.h:33:58)
WARNING: [HLS 207-5292] unused parameter 'weights' (firmware/nnet_utils/nnet_function_stubs.h:34:51)
WARNING: [HLS 207-5292] unused parameter 'biases' (firmware/nnet_utils/nnet_function_stubs.h:35:49)
WARNING: [HLS 207-5292] unused parameter 'data' (firmware/nnet_utils/nnet_function_stubs.h:42:30)
WARNING: [HLS 207-5292] unused parameter 'res' (firmware/nnet_utils/nnet_function_stubs.h:42:58)
WARNING: [HLS 207-5292] unused parameter 'weights' (firmware/nnet_utils/nnet_function_stubs.h:43:51)
WARNING: [HLS 207-5292] unused parameter 'biases' (firmware/nnet_utils/nnet_function_stubs.h:44:49)
WARNING: [HLS 207-5292] unused parameter 'data' (firmware/nnet_utils/nnet_function_stubs.h:51:29)
WARNING: [HLS 207-5292] unused parameter 'res' (firmware/nnet_utils/nnet_function_stubs.h:51:80)
WARNING: [HLS 207-5292] unused parameter 'weights' (firmware/nnet_utils/nnet_function_stubs.h:52:50)
WARNING: [HLS 207-5292] unused parameter 'biases' (firmware/nnet_utils/nnet_function_stubs.h:53:48)
WARNING: [HLS 207-5292] unused parameter 'data' (firmware/nnet_utils/nnet_code_gen.h:16:39)
WARNING: [HLS 207-5292] unused parameter 'res' (firmware/nnet_utils/nnet_code_gen.h:17:38)
WARNING: [HLS 207-5292] unused parameter 'weights' (firmware/nnet_utils/nnet_code_gen.h:18:60)
WARNING: [HLS 207-5292] unused parameter 'biases' (firmware/nnet_utils/nnet_code_gen.h:19:58)
INFO: [HLS 200-111] Finished Source Code Analysis and Preprocessing: CPU user time: 6.24 seconds. CPU system time: 0.36 seconds. Elapsed time: 6.61 seconds; current allocated memory: 221.855 MB.
INFO: [HLS 200-777] Using interface defaults for 'Vivado' flow target.
INFO: [HLS 200-1995] There were 20,534 instructions in the design after the 'Compile/Link' phase of compilation. See the Design Size Report for more details: /home/ncgadmin/Bachelor/HLS4ML_testbench_KV260/development/hgq2/1/hls4ml_prj_Vitis_latency_reusefactor4/hgq2_1_hls4ml_prj_Vitis_latency_reusefactor4_prj/solution1/syn/report/csynth_design_size.rpt
WARNING: [HLS 200-1995] There were 239,095 instructions in the design after the 'Unroll/Inline' phase of compilation. See the Design Size Report for more details: /home/ncgadmin/Bachelor/HLS4ML_testbench_KV260/development/hgq2/1/hls4ml_prj_Vitis_latency_reusefactor4/hgq2_1_hls4ml_prj_Vitis_latency_reusefactor4_prj/solution1/syn/report/csynth_design_size.rpt
INFO: [HLS 200-1995] There were 68,011 instructions in the design after the 'Unroll/Inline (step 2)' phase of compilation. See the Design Size Report for more details: /home/ncgadmin/Bachelor/HLS4ML_testbench_KV260/development/hgq2/1/hls4ml_prj_Vitis_latency_reusefactor4/hgq2_1_hls4ml_prj_Vitis_latency_reusefactor4_prj/solution1/syn/report/csynth_design_size.rpt
INFO: [HLS 200-1995] There were 68,014 instructions in the design after the 'Unroll/Inline (step 3)' phase of compilation. See the Design Size Report for more details: /home/ncgadmin/Bachelor/HLS4ML_testbench_KV260/development/hgq2/1/hls4ml_prj_Vitis_latency_reusefactor4/hgq2_1_hls4ml_prj_Vitis_latency_reusefactor4_prj/solution1/syn/report/csynth_design_size.rpt
INFO: [HLS 200-1995] There were 67,820 instructions in the design after the 'Unroll/Inline (step 4)' phase of compilation. See the Design Size Report for more details: /home/ncgadmin/Bachelor/HLS4ML_testbench_KV260/development/hgq2/1/hls4ml_prj_Vitis_latency_reusefactor4/hgq2_1_hls4ml_prj_Vitis_latency_reusefactor4_prj/solution1/syn/report/csynth_design_size.rpt
INFO: [HLS 200-1995] There were 45,797 instructions in the design after the 'Array/Struct (step 1)' phase of compilation. See the Design Size Report for more details: /home/ncgadmin/Bachelor/HLS4ML_testbench_KV260/development/hgq2/1/hls4ml_prj_Vitis_latency_reusefactor4/hgq2_1_hls4ml_prj_Vitis_latency_reusefactor4_prj/solution1/syn/report/csynth_design_size.rpt
INFO: [HLS 200-1995] There were 7,376 instructions in the design after the 'Array/Struct (step 2)' phase of compilation. See the Design Size Report for more details: /home/ncgadmin/Bachelor/HLS4ML_testbench_KV260/development/hgq2/1/hls4ml_prj_Vitis_latency_reusefactor4/hgq2_1_hls4ml_prj_Vitis_latency_reusefactor4_prj/solution1/syn/report/csynth_design_size.rpt
INFO: [HLS 200-1995] There were 7,376 instructions in the design after the 'Array/Struct (step 3)' phase of compilation. See the Design Size Report for more details: /home/ncgadmin/Bachelor/HLS4ML_testbench_KV260/development/hgq2/1/hls4ml_prj_Vitis_latency_reusefactor4/hgq2_1_hls4ml_prj_Vitis_latency_reusefactor4_prj/solution1/syn/report/csynth_design_size.rpt
INFO: [HLS 200-1995] There were 7,392 instructions in the design after the 'Array/Struct (step 4)' phase of compilation. See the Design Size Report for more details: /home/ncgadmin/Bachelor/HLS4ML_testbench_KV260/development/hgq2/1/hls4ml_prj_Vitis_latency_reusefactor4/hgq2_1_hls4ml_prj_Vitis_latency_reusefactor4_prj/solution1/syn/report/csynth_design_size.rpt
INFO: [HLS 200-1995] There were 7,179 instructions in the design after the 'Array/Struct (step 5)' phase of compilation. See the Design Size Report for more details: /home/ncgadmin/Bachelor/HLS4ML_testbench_KV260/development/hgq2/1/hls4ml_prj_Vitis_latency_reusefactor4/hgq2_1_hls4ml_prj_Vitis_latency_reusefactor4_prj/solution1/syn/report/csynth_design_size.rpt
INFO: [HLS 200-1995] There were 6,688 instructions in the design after the 'Performance (step 1)' phase of compilation. See the Design Size Report for more details: /home/ncgadmin/Bachelor/HLS4ML_testbench_KV260/development/hgq2/1/hls4ml_prj_Vitis_latency_reusefactor4/hgq2_1_hls4ml_prj_Vitis_latency_reusefactor4_prj/solution1/syn/report/csynth_design_size.rpt
INFO: [HLS 200-1995] There were 6,678 instructions in the design after the 'Performance (step 2)' phase of compilation. See the Design Size Report for more details: /home/ncgadmin/Bachelor/HLS4ML_testbench_KV260/development/hgq2/1/hls4ml_prj_Vitis_latency_reusefactor4/hgq2_1_hls4ml_prj_Vitis_latency_reusefactor4_prj/solution1/syn/report/csynth_design_size.rpt
INFO: [HLS 200-1995] There were 6,678 instructions in the design after the 'Performance (step 3)' phase of compilation. See the Design Size Report for more details: /home/ncgadmin/Bachelor/HLS4ML_testbench_KV260/development/hgq2/1/hls4ml_prj_Vitis_latency_reusefactor4/hgq2_1_hls4ml_prj_Vitis_latency_reusefactor4_prj/solution1/syn/report/csynth_design_size.rpt
INFO: [HLS 200-1995] There were 6,678 instructions in the design after the 'Performance (step 4)' phase of compilation. See the Design Size Report for more details: /home/ncgadmin/Bachelor/HLS4ML_testbench_KV260/development/hgq2/1/hls4ml_prj_Vitis_latency_reusefactor4/hgq2_1_hls4ml_prj_Vitis_latency_reusefactor4_prj/solution1/syn/report/csynth_design_size.rpt
INFO: [HLS 200-1995] There were 6,684 instructions in the design after the 'HW Transforms (step 1)' phase of compilation. See the Design Size Report for more details: /home/ncgadmin/Bachelor/HLS4ML_testbench_KV260/development/hgq2/1/hls4ml_prj_Vitis_latency_reusefactor4/hgq2_1_hls4ml_prj_Vitis_latency_reusefactor4_prj/solution1/syn/report/csynth_design_size.rpt
INFO: [HLS 200-1995] There were 6,434 instructions in the design after the 'HW Transforms (step 2)' phase of compilation. See the Design Size Report for more details: /home/ncgadmin/Bachelor/HLS4ML_testbench_KV260/development/hgq2/1/hls4ml_prj_Vitis_latency_reusefactor4/hgq2_1_hls4ml_prj_Vitis_latency_reusefactor4_prj/solution1/syn/report/csynth_design_size.rpt
INFO: [HLS 214-131] Inlining function 'nnet::product::mult<ap_fixed<26, 19, (ap_q_mode)5, (ap_o_mode)3, 0>, ap_fixed<10, 4, (ap_q_mode)5, (ap_o_mode)3, 0> >::product(ap_fixed<26, 19, (ap_q_mode)5, (ap_o_mode)3, 0>, ap_fixed<10, 4, (ap_q_mode)5, (ap_o_mode)3, 0>)' into 'void nnet::dense_latency<ap_fixed<26, 19, (ap_q_mode)5, (ap_o_mode)3, 0>, ap_fixed<14, 8, (ap_q_mode)5, (ap_o_mode)3, 0>, config3>(ap_fixed<26, 19, (ap_q_mode)5, (ap_o_mode)3, 0>*, ap_fixed<14, 8, (ap_q_mode)5, (ap_o_mode)3, 0>*, config3::weight_t*, config3::bias_t*)' (firmware/nnet_utils/nnet_dense_latency.h:42:27)
INFO: [HLS 214-131] Inlining function 'nnet::DenseLatency<ap_fixed<26, 19, (ap_q_mode)5, (ap_o_mode)3, 0>, ap_fixed<14, 8, (ap_q_mode)5, (ap_o_mode)3, 0>, config3>::dense(ap_fixed<26, 19, (ap_q_mode)5, (ap_o_mode)3, 0>*, ap_fixed<14, 8, (ap_q_mode)5, (ap_o_mode)3, 0>*, ap_fixed<10, 4, (ap_q_mode)5, (ap_o_mode)3, 0>*, ap_fixed<9, 3, (ap_q_mode)5, (ap_o_mode)3, 0>*)' into 'void nnet::dense<ap_fixed<26, 19, (ap_q_mode)5, (ap_o_mode)3, 0>, ap_fixed<14, 8, (ap_q_mode)5, (ap_o_mode)3, 0>, config3>(ap_fixed<26, 19, (ap_q_mode)5, (ap_o_mode)3, 0>*, ap_fixed<14, 8, (ap_q_mode)5, (ap_o_mode)3, 0>*, config3::weight_t*, config3::bias_t*)' (firmware/nnet_utils/nnet_dense.h:45:2)
INFO: [HLS 214-131] Inlining function 'nnet::product::mult<ap_ufixed<11, 6, (ap_q_mode)5, (ap_o_mode)3, 0>, ap_fixed<9, 5, (ap_q_mode)5, (ap_o_mode)3, 0> >::product(ap_ufixed<11, 6, (ap_q_mode)5, (ap_o_mode)3, 0>, ap_fixed<9, 5, (ap_q_mode)5, (ap_o_mode)3, 0>)' into 'void nnet::dense_latency<ap_ufixed<11, 6, (ap_q_mode)5, (ap_o_mode)3, 0>, ap_fixed<14, 11, (ap_q_mode)5, (ap_o_mode)3, 0>, config6>(ap_ufixed<11, 6, (ap_q_mode)5, (ap_o_mode)3, 0>*, ap_fixed<14, 11, (ap_q_mode)5, (ap_o_mode)3, 0>*, config6::weight_t*, config6::bias_t*)' (firmware/nnet_utils/nnet_dense_latency.h:42:27)
INFO: [HLS 214-131] Inlining function 'nnet::DenseLatency<ap_ufixed<11, 6, (ap_q_mode)5, (ap_o_mode)3, 0>, ap_fixed<14, 11, (ap_q_mode)5, (ap_o_mode)3, 0>, config6>::dense(ap_ufixed<11, 6, (ap_q_mode)5, (ap_o_mode)3, 0>*, ap_fixed<14, 11, (ap_q_mode)5, (ap_o_mode)3, 0>*, ap_fixed<9, 5, (ap_q_mode)5, (ap_o_mode)3, 0>*, ap_fixed<7, 4, (ap_q_mode)5, (ap_o_mode)3, 0>*)' into 'void nnet::dense<ap_ufixed<11, 6, (ap_q_mode)5, (ap_o_mode)3, 0>, ap_fixed<14, 11, (ap_q_mode)5, (ap_o_mode)3, 0>, config6>(ap_ufixed<11, 6, (ap_q_mode)5, (ap_o_mode)3, 0>*, ap_fixed<14, 11, (ap_q_mode)5, (ap_o_mode)3, 0>*, config6::weight_t*, config6::bias_t*)' (firmware/nnet_utils/nnet_dense.h:45:2)
INFO: [HLS 214-131] Inlining function 'nnet::product::mult<ap_ufixed<9, 7, (ap_q_mode)5, (ap_o_mode)3, 0>, ap_fixed<9, 4, (ap_q_mode)5, (ap_o_mode)3, 0> >::product(ap_ufixed<9, 7, (ap_q_mode)5, (ap_o_mode)3, 0>, ap_fixed<9, 4, (ap_q_mode)5, (ap_o_mode)3, 0>)' into 'void nnet::dense_latency<ap_ufixed<9, 7, (ap_q_mode)5, (ap_o_mode)3, 0>, ap_fixed<15, 11, (ap_q_mode)5, (ap_o_mode)3, 0>, config9>(ap_ufixed<9, 7, (ap_q_mode)5, (ap_o_mode)3, 0>*, ap_fixed<15, 11, (ap_q_mode)5, (ap_o_mode)3, 0>*, config9::weight_t*, config9::bias_t*)' (firmware/nnet_utils/nnet_dense_latency.h:42:27)
INFO: [HLS 214-131] Inlining function 'nnet::DenseLatency<ap_ufixed<9, 7, (ap_q_mode)5, (ap_o_mode)3, 0>, ap_fixed<15, 11, (ap_q_mode)5, (ap_o_mode)3, 0>, config9>::dense(ap_ufixed<9, 7, (ap_q_mode)5, (ap_o_mode)3, 0>*, ap_fixed<15, 11, (ap_q_mode)5, (ap_o_mode)3, 0>*, ap_fixed<9, 4, (ap_q_mode)5, (ap_o_mode)3, 0>*, ap_fixed<7, 3, (ap_q_mode)5, (ap_o_mode)3, 0>*)' into 'void nnet::dense<ap_ufixed<9, 7, (ap_q_mode)5, (ap_o_mode)3, 0>, ap_fixed<15, 11, (ap_q_mode)5, (ap_o_mode)3, 0>, config9>(ap_ufixed<9, 7, (ap_q_mode)5, (ap_o_mode)3, 0>*, ap_fixed<15, 11, (ap_q_mode)5, (ap_o_mode)3, 0>*, config9::weight_t*, config9::bias_t*)' (firmware/nnet_utils/nnet_dense.h:45:2)
INFO: [HLS 214-131] Inlining function 'nnet::product::mult<ap_ufixed<10, 7, (ap_q_mode)5, (ap_o_mode)3, 0>, ap_fixed<7, 1, (ap_q_mode)5, (ap_o_mode)3, 0> >::product(ap_ufixed<10, 7, (ap_q_mode)5, (ap_o_mode)3, 0>, ap_fixed<7, 1, (ap_q_mode)5, (ap_o_mode)3, 0>)' into 'void nnet::dense_latency<ap_ufixed<10, 7, (ap_q_mode)5, (ap_o_mode)3, 0>, ap_fixed<10, 7, (ap_q_mode)5, (ap_o_mode)3, 0>, config12>(ap_ufixed<10, 7, (ap_q_mode)5, (ap_o_mode)3, 0>*, ap_fixed<10, 7, (ap_q_mode)5, (ap_o_mode)3, 0>*, config12::weight_t*, config12::bias_t*)' (firmware/nnet_utils/nnet_dense_latency.h:42:27)
INFO: [HLS 214-131] Inlining function 'nnet::DenseLatency<ap_ufixed<10, 7, (ap_q_mode)5, (ap_o_mode)3, 0>, ap_fixed<10, 7, (ap_q_mode)5, (ap_o_mode)3, 0>, config12>::dense(ap_ufixed<10, 7, (ap_q_mode)5, (ap_o_mode)3, 0>*, ap_fixed<10, 7, (ap_q_mode)5, (ap_o_mode)3, 0>*, ap_fixed<7, 1, (ap_q_mode)5, (ap_o_mode)3, 0>*, ap_fixed<3, -2, (ap_q_mode)5, (ap_o_mode)3, 0>*)' into 'void nnet::dense<ap_ufixed<10, 7, (ap_q_mode)5, (ap_o_mode)3, 0>, ap_fixed<10, 7, (ap_q_mode)5, (ap_o_mode)3, 0>, config12>(ap_ufixed<10, 7, (ap_q_mode)5, (ap_o_mode)3, 0>*, ap_fixed<10, 7, (ap_q_mode)5, (ap_o_mode)3, 0>*, config12::weight_t*, config12::bias_t*)' (firmware/nnet_utils/nnet_dense.h:45:2)
INFO: [HLS 214-131] Inlining function 'void nnet::dense_0_iq<ap_fixed<27, 19, (ap_q_mode)5, (ap_o_mode)3, 0>, ap_fixed<26, 19, (ap_q_mode)5, (ap_o_mode)3, 0> >(ap_fixed<27, 19, (ap_q_mode)5, (ap_o_mode)3, 0>*, ap_fixed<26, 19, (ap_q_mode)5, (ap_o_mode)3, 0>*)' into 'hgq2_1_hls4ml_prj_Vitis_latency_reusefactor4(ap_fixed<27, 19, (ap_q_mode)5, (ap_o_mode)3, 0>*, ap_fixed<9, 7, (ap_q_mode)5, (ap_o_mode)3, 0>*)' (firmware/hgq2_1_hls4ml_prj_Vitis_latency_reusefactor4.cpp:71:2)
INFO: [HLS 214-131] Inlining function 'void nnet::dense_3_oq<ap_fixed<10, 7, (ap_q_mode)5, (ap_o_mode)3, 0>, ap_fixed<9, 7, (ap_q_mode)5, (ap_o_mode)3, 0> >(ap_fixed<10, 7, (ap_q_mode)5, (ap_o_mode)3, 0>*, ap_fixed<9, 7, (ap_q_mode)5, (ap_o_mode)3, 0>*)' into 'hgq2_1_hls4ml_prj_Vitis_latency_reusefactor4(ap_fixed<27, 19, (ap_q_mode)5, (ap_o_mode)3, 0>*, ap_fixed<9, 7, (ap_q_mode)5, (ap_o_mode)3, 0>*)' (firmware/hgq2_1_hls4ml_prj_Vitis_latency_reusefactor4.cpp:93:5)
INFO: [HLS 214-131] Inlining function 'void nnet::dense<ap_ufixed<10, 7, (ap_q_mode)5, (ap_o_mode)3, 0>, ap_fixed<10, 7, (ap_q_mode)5, (ap_o_mode)3, 0>, config12>(ap_ufixed<10, 7, (ap_q_mode)5, (ap_o_mode)3, 0>*, ap_fixed<10, 7, (ap_q_mode)5, (ap_o_mode)3, 0>*, config12::weight_t*, config12::bias_t*)' into 'hgq2_1_hls4ml_prj_Vitis_latency_reusefactor4(ap_fixed<27, 19, (ap_q_mode)5, (ap_o_mode)3, 0>*, ap_fixed<9, 7, (ap_q_mode)5, (ap_o_mode)3, 0>*)' (firmware/hgq2_1_hls4ml_prj_Vitis_latency_reusefactor4.cpp:91:5)
INFO: [HLS 214-131] Inlining function 'void nnet::dense<ap_fixed<26, 19, (ap_q_mode)5, (ap_o_mode)3, 0>, ap_fixed<14, 8, (ap_q_mode)5, (ap_o_mode)3, 0>, config3>(ap_fixed<26, 19, (ap_q_mode)5, (ap_o_mode)3, 0>*, ap_fixed<14, 8, (ap_q_mode)5, (ap_o_mode)3, 0>*, config3::weight_t*, config3::bias_t*)' into 'hgq2_1_hls4ml_prj_Vitis_latency_reusefactor4(ap_fixed<27, 19, (ap_q_mode)5, (ap_o_mode)3, 0>*, ap_fixed<9, 7, (ap_q_mode)5, (ap_o_mode)3, 0>*)' (firmware/hgq2_1_hls4ml_prj_Vitis_latency_reusefactor4.cpp:73:5)
INFO: [HLS 214-131] Inlining function 'void nnet::dense_1_iq<ap_ufixed<12, 6, (ap_q_mode)5, (ap_o_mode)3, 0>, ap_ufixed<11, 6, (ap_q_mode)5, (ap_o_mode)3, 0> >(ap_ufixed<12, 6, (ap_q_mode)5, (ap_o_mode)3, 0>*, ap_ufixed<11, 6, (ap_q_mode)5, (ap_o_mode)3, 0>*)' into 'hgq2_1_hls4ml_prj_Vitis_latency_reusefactor4(ap_fixed<27, 19, (ap_q_mode)5, (ap_o_mode)3, 0>*, ap_fixed<9, 7, (ap_q_mode)5, (ap_o_mode)3, 0>*)' (firmware/hgq2_1_hls4ml_prj_Vitis_latency_reusefactor4.cpp:77:5)
INFO: [HLS 214-131] Inlining function 'void nnet::dense_3_iq<ap_ufixed<11, 7, (ap_q_mode)5, (ap_o_mode)3, 0>, ap_ufixed<10, 7, (ap_q_mode)5, (ap_o_mode)3, 0> >(ap_ufixed<11, 7, (ap_q_mode)5, (ap_o_mode)3, 0>*, ap_ufixed<10, 7, (ap_q_mode)5, (ap_o_mode)3, 0>*)' into 'hgq2_1_hls4ml_prj_Vitis_latency_reusefactor4(ap_fixed<27, 19, (ap_q_mode)5, (ap_o_mode)3, 0>*, ap_fixed<9, 7, (ap_q_mode)5, (ap_o_mode)3, 0>*)' (firmware/hgq2_1_hls4ml_prj_Vitis_latency_reusefactor4.cpp:89:5)
INFO: [HLS 214-131] Inlining function 'void nnet::dense<ap_ufixed<11, 6, (ap_q_mode)5, (ap_o_mode)3, 0>, ap_fixed<14, 11, (ap_q_mode)5, (ap_o_mode)3, 0>, config6>(ap_ufixed<11, 6, (ap_q_mode)5, (ap_o_mode)3, 0>*, ap_fixed<14, 11, (ap_q_mode)5, (ap_o_mode)3, 0>*, config6::weight_t*, config6::bias_t*)' into 'hgq2_1_hls4ml_prj_Vitis_latency_reusefactor4(ap_fixed<27, 19, (ap_q_mode)5, (ap_o_mode)3, 0>*, ap_fixed<9, 7, (ap_q_mode)5, (ap_o_mode)3, 0>*)' (firmware/hgq2_1_hls4ml_prj_Vitis_latency_reusefactor4.cpp:79:5)
INFO: [HLS 214-131] Inlining function 'void nnet::dense_2_iq<ap_ufixed<10, 7, (ap_q_mode)5, (ap_o_mode)3, 0>, ap_ufixed<9, 7, (ap_q_mode)5, (ap_o_mode)3, 0> >(ap_ufixed<10, 7, (ap_q_mode)5, (ap_o_mode)3, 0>*, ap_ufixed<9, 7, (ap_q_mode)5, (ap_o_mode)3, 0>*)' into 'hgq2_1_hls4ml_prj_Vitis_latency_reusefactor4(ap_fixed<27, 19, (ap_q_mode)5, (ap_o_mode)3, 0>*, ap_fixed<9, 7, (ap_q_mode)5, (ap_o_mode)3, 0>*)' (firmware/hgq2_1_hls4ml_prj_Vitis_latency_reusefactor4.cpp:83:5)
INFO: [HLS 214-131] Inlining function 'void nnet::dense<ap_ufixed<9, 7, (ap_q_mode)5, (ap_o_mode)3, 0>, ap_fixed<15, 11, (ap_q_mode)5, (ap_o_mode)3, 0>, config9>(ap_ufixed<9, 7, (ap_q_mode)5, (ap_o_mode)3, 0>*, ap_fixed<15, 11, (ap_q_mode)5, (ap_o_mode)3, 0>*, config9::weight_t*, config9::bias_t*)' into 'hgq2_1_hls4ml_prj_Vitis_latency_reusefactor4(ap_fixed<27, 19, (ap_q_mode)5, (ap_o_mode)3, 0>*, ap_fixed<9, 7, (ap_q_mode)5, (ap_o_mode)3, 0>*)' (firmware/hgq2_1_hls4ml_prj_Vitis_latency_reusefactor4.cpp:85:5)
INFO: [HLS 214-291] Loop 'Result' is marked as complete unroll implied by the pipeline pragma (firmware/nnet_utils/nnet_dense_latency.h:64:5)
INFO: [HLS 214-291] Loop 'Accum1' is marked as complete unroll implied by the pipeline pragma (firmware/nnet_utils/nnet_dense_latency.h:54:5)
INFO: [HLS 214-291] Loop 'Accum2' is marked as complete unroll implied by the pipeline pragma (firmware/nnet_utils/nnet_dense_latency.h:56:9)
INFO: [HLS 214-291] Loop 'ResetAccum' is marked as complete unroll implied by the pipeline pragma (firmware/nnet_utils/nnet_dense_latency.h:48:5)
INFO: [HLS 214-291] Loop 'Product1' is marked as complete unroll implied by the pipeline pragma (firmware/nnet_utils/nnet_dense_latency.h:37:5)
INFO: [HLS 214-291] Loop 'Product2' is marked as complete unroll implied by the pipeline pragma (firmware/nnet_utils/nnet_dense_latency.h:40:9)
INFO: [HLS 214-291] Loop 'VITIS_LOOP_43_1' is marked as complete unroll implied by the pipeline pragma (firmware/nnet_utils/nnet_activation.h:43:22)
INFO: [HLS 214-186] Unrolling loop 'Result' (firmware/nnet_utils/nnet_dense_latency.h:64:5) in function 'nnet::dense_latency<ap_ufixed<10, 7, (ap_q_mode)5, (ap_o_mode)3, 0>, ap_fixed<10, 7, (ap_q_mode)5, (ap_o_mode)3, 0>, config12>' completely with a factor of 5 (firmware/nnet_utils/nnet_dense_latency.h:15:0)
INFO: [HLS 214-186] Unrolling loop 'Accum1' (firmware/nnet_utils/nnet_dense_latency.h:54:5) in function 'nnet::dense_latency<ap_ufixed<10, 7, (ap_q_mode)5, (ap_o_mode)3, 0>, ap_fixed<10, 7, (ap_q_mode)5, (ap_o_mode)3, 0>, config12>' completely with a factor of 32 (firmware/nnet_utils/nnet_dense_latency.h:15:0)
INFO: [HLS 214-186] Unrolling loop 'Accum2' (firmware/nnet_utils/nnet_dense_latency.h:56:9) in function 'nnet::dense_latency<ap_ufixed<10, 7, (ap_q_mode)5, (ap_o_mode)3, 0>, ap_fixed<10, 7, (ap_q_mode)5, (ap_o_mode)3, 0>, config12>' completely with a factor of 5 (firmware/nnet_utils/nnet_dense_latency.h:15:0)
INFO: [HLS 214-186] Unrolling loop 'ResetAccum' (firmware/nnet_utils/nnet_dense_latency.h:48:5) in function 'nnet::dense_latency<ap_ufixed<10, 7, (ap_q_mode)5, (ap_o_mode)3, 0>, ap_fixed<10, 7, (ap_q_mode)5, (ap_o_mode)3, 0>, config12>' completely with a factor of 5 (firmware/nnet_utils/nnet_dense_latency.h:15:0)
INFO: [HLS 214-186] Unrolling loop 'Product1' (firmware/nnet_utils/nnet_dense_latency.h:37:5) in function 'nnet::dense_latency<ap_ufixed<10, 7, (ap_q_mode)5, (ap_o_mode)3, 0>, ap_fixed<10, 7, (ap_q_mode)5, (ap_o_mode)3, 0>, config12>' completely with a factor of 32 (firmware/nnet_utils/nnet_dense_latency.h:15:0)
INFO: [HLS 214-186] Unrolling loop 'Product2' (firmware/nnet_utils/nnet_dense_latency.h:40:9) in function 'nnet::dense_latency<ap_ufixed<10, 7, (ap_q_mode)5, (ap_o_mode)3, 0>, ap_fixed<10, 7, (ap_q_mode)5, (ap_o_mode)3, 0>, config12>' completely with a factor of 5 (firmware/nnet_utils/nnet_dense_latency.h:15:0)
INFO: [HLS 214-186] Unrolling loop 'VITIS_LOOP_43_1' (firmware/nnet_utils/nnet_activation.h:43:22) in function 'nnet::relu<ap_fixed<15, 11, (ap_q_mode)5, (ap_o_mode)3, 0>, ap_ufixed<11, 7, (ap_q_mode)5, (ap_o_mode)3, 0>, relu_config10>' completely with a factor of 32 (firmware/nnet_utils/nnet_activation.h:39:0)
INFO: [HLS 214-186] Unrolling loop 'Result' (firmware/nnet_utils/nnet_dense_latency.h:64:5) in function 'nnet::dense_latency<ap_ufixed<9, 7, (ap_q_mode)5, (ap_o_mode)3, 0>, ap_fixed<15, 11, (ap_q_mode)5, (ap_o_mode)3, 0>, config9>' completely with a factor of 32 (firmware/nnet_utils/nnet_dense_latency.h:15:0)
INFO: [HLS 214-186] Unrolling loop 'Accum1' (firmware/nnet_utils/nnet_dense_latency.h:54:5) in function 'nnet::dense_latency<ap_ufixed<9, 7, (ap_q_mode)5, (ap_o_mode)3, 0>, ap_fixed<15, 11, (ap_q_mode)5, (ap_o_mode)3, 0>, config9>' completely with a factor of 32 (firmware/nnet_utils/nnet_dense_latency.h:15:0)
INFO: [HLS 214-186] Unrolling loop 'Accum2' (firmware/nnet_utils/nnet_dense_latency.h:56:9) in function 'nnet::dense_latency<ap_ufixed<9, 7, (ap_q_mode)5, (ap_o_mode)3, 0>, ap_fixed<15, 11, (ap_q_mode)5, (ap_o_mode)3, 0>, config9>' completely with a factor of 32 (firmware/nnet_utils/nnet_dense_latency.h:15:0)
INFO: [HLS 214-186] Unrolling loop 'ResetAccum' (firmware/nnet_utils/nnet_dense_latency.h:48:5) in function 'nnet::dense_latency<ap_ufixed<9, 7, (ap_q_mode)5, (ap_o_mode)3, 0>, ap_fixed<15, 11, (ap_q_mode)5, (ap_o_mode)3, 0>, config9>' completely with a factor of 32 (firmware/nnet_utils/nnet_dense_latency.h:15:0)
INFO: [HLS 214-186] Unrolling loop 'Product1' (firmware/nnet_utils/nnet_dense_latency.h:37:5) in function 'nnet::dense_latency<ap_ufixed<9, 7, (ap_q_mode)5, (ap_o_mode)3, 0>, ap_fixed<15, 11, (ap_q_mode)5, (ap_o_mode)3, 0>, config9>' completely with a factor of 32 (firmware/nnet_utils/nnet_dense_latency.h:15:0)
INFO: [HLS 214-186] Unrolling loop 'Product2' (firmware/nnet_utils/nnet_dense_latency.h:40:9) in function 'nnet::dense_latency<ap_ufixed<9, 7, (ap_q_mode)5, (ap_o_mode)3, 0>, ap_fixed<15, 11, (ap_q_mode)5, (ap_o_mode)3, 0>, config9>' completely with a factor of 32 (firmware/nnet_utils/nnet_dense_latency.h:15:0)
INFO: [HLS 214-186] Unrolling loop 'VITIS_LOOP_43_1' (firmware/nnet_utils/nnet_activation.h:43:22) in function 'nnet::relu<ap_fixed<14, 11, (ap_q_mode)5, (ap_o_mode)3, 0>, ap_ufixed<10, 7, (ap_q_mode)5, (ap_o_mode)3, 0>, relu_config7>' completely with a factor of 32 (firmware/nnet_utils/nnet_activation.h:39:0)
INFO: [HLS 214-186] Unrolling loop 'Result' (firmware/nnet_utils/nnet_dense_latency.h:64:5) in function 'nnet::dense_latency<ap_ufixed<11, 6, (ap_q_mode)5, (ap_o_mode)3, 0>, ap_fixed<14, 11, (ap_q_mode)5, (ap_o_mode)3, 0>, config6>' completely with a factor of 32 (firmware/nnet_utils/nnet_dense_latency.h:15:0)
INFO: [HLS 214-186] Unrolling loop 'Accum1' (firmware/nnet_utils/nnet_dense_latency.h:54:5) in function 'nnet::dense_latency<ap_ufixed<11, 6, (ap_q_mode)5, (ap_o_mode)3, 0>, ap_fixed<14, 11, (ap_q_mode)5, (ap_o_mode)3, 0>, config6>' completely with a factor of 64 (firmware/nnet_utils/nnet_dense_latency.h:15:0)
INFO: [HLS 214-186] Unrolling loop 'Accum2' (firmware/nnet_utils/nnet_dense_latency.h:56:9) in function 'nnet::dense_latency<ap_ufixed<11, 6, (ap_q_mode)5, (ap_o_mode)3, 0>, ap_fixed<14, 11, (ap_q_mode)5, (ap_o_mode)3, 0>, config6>' completely with a factor of 32 (firmware/nnet_utils/nnet_dense_latency.h:15:0)
INFO: [HLS 214-186] Unrolling loop 'ResetAccum' (firmware/nnet_utils/nnet_dense_latency.h:48:5) in function 'nnet::dense_latency<ap_ufixed<11, 6, (ap_q_mode)5, (ap_o_mode)3, 0>, ap_fixed<14, 11, (ap_q_mode)5, (ap_o_mode)3, 0>, config6>' completely with a factor of 32 (firmware/nnet_utils/nnet_dense_latency.h:15:0)
INFO: [HLS 214-186] Unrolling loop 'Product1' (firmware/nnet_utils/nnet_dense_latency.h:37:5) in function 'nnet::dense_latency<ap_ufixed<11, 6, (ap_q_mode)5, (ap_o_mode)3, 0>, ap_fixed<14, 11, (ap_q_mode)5, (ap_o_mode)3, 0>, config6>' completely with a factor of 64 (firmware/nnet_utils/nnet_dense_latency.h:15:0)
INFO: [HLS 214-186] Unrolling loop 'Product2' (firmware/nnet_utils/nnet_dense_latency.h:40:9) in function 'nnet::dense_latency<ap_ufixed<11, 6, (ap_q_mode)5, (ap_o_mode)3, 0>, ap_fixed<14, 11, (ap_q_mode)5, (ap_o_mode)3, 0>, config6>' completely with a factor of 32 (firmware/nnet_utils/nnet_dense_latency.h:15:0)
INFO: [HLS 214-186] Unrolling loop 'VITIS_LOOP_43_1' (firmware/nnet_utils/nnet_activation.h:43:22) in function 'nnet::relu<ap_fixed<14, 8, (ap_q_mode)5, (ap_o_mode)3, 0>, ap_ufixed<12, 6, (ap_q_mode)5, (ap_o_mode)3, 0>, relu_config4>' completely with a factor of 64 (firmware/nnet_utils/nnet_activation.h:39:0)
INFO: [HLS 214-186] Unrolling loop 'Result' (firmware/nnet_utils/nnet_dense_latency.h:64:5) in function 'nnet::dense_latency<ap_fixed<26, 19, (ap_q_mode)5, (ap_o_mode)3, 0>, ap_fixed<14, 8, (ap_q_mode)5, (ap_o_mode)3, 0>, config3>' completely with a factor of 64 (firmware/nnet_utils/nnet_dense_latency.h:15:0)
INFO: [HLS 214-186] Unrolling loop 'Accum1' (firmware/nnet_utils/nnet_dense_latency.h:54:5) in function 'nnet::dense_latency<ap_fixed<26, 19, (ap_q_mode)5, (ap_o_mode)3, 0>, ap_fixed<14, 8, (ap_q_mode)5, (ap_o_mode)3, 0>, config3>' completely with a factor of 16 (firmware/nnet_utils/nnet_dense_latency.h:15:0)
INFO: [HLS 214-186] Unrolling loop 'Accum2' (firmware/nnet_utils/nnet_dense_latency.h:56:9) in function 'nnet::dense_latency<ap_fixed<26, 19, (ap_q_mode)5, (ap_o_mode)3, 0>, ap_fixed<14, 8, (ap_q_mode)5, (ap_o_mode)3, 0>, config3>' completely with a factor of 64 (firmware/nnet_utils/nnet_dense_latency.h:15:0)
INFO: [HLS 214-186] Unrolling loop 'ResetAccum' (firmware/nnet_utils/nnet_dense_latency.h:48:5) in function 'nnet::dense_latency<ap_fixed<26, 19, (ap_q_mode)5, (ap_o_mode)3, 0>, ap_fixed<14, 8, (ap_q_mode)5, (ap_o_mode)3, 0>, config3>' completely with a factor of 64 (firmware/nnet_utils/nnet_dense_latency.h:15:0)
INFO: [HLS 214-186] Unrolling loop 'Product1' (firmware/nnet_utils/nnet_dense_latency.h:37:5) in function 'nnet::dense_latency<ap_fixed<26, 19, (ap_q_mode)5, (ap_o_mode)3, 0>, ap_fixed<14, 8, (ap_q_mode)5, (ap_o_mode)3, 0>, config3>' completely with a factor of 16 (firmware/nnet_utils/nnet_dense_latency.h:15:0)
INFO: [HLS 214-186] Unrolling loop 'Product2' (firmware/nnet_utils/nnet_dense_latency.h:40:9) in function 'nnet::dense_latency<ap_fixed<26, 19, (ap_q_mode)5, (ap_o_mode)3, 0>, ap_fixed<14, 8, (ap_q_mode)5, (ap_o_mode)3, 0>, config3>' completely with a factor of 64 (firmware/nnet_utils/nnet_dense_latency.h:15:0)
INFO: [HLS 214-178] Inlining function 'std::enable_if<!(std::is_same<ap_ufixed<10, 7, (ap_q_mode)5, (ap_o_mode)3, 0>, ap_uint<1> >::value), ap_fixed<10, 7, (ap_q_mode)5, (ap_o_mode)3, 0> >::type nnet::cast<ap_ufixed<10, 7, (ap_q_mode)5, (ap_o_mode)3, 0>, ap_fixed<10, 7, (ap_q_mode)5, (ap_o_mode)3, 0>, config12>(config12::accum_t)' into 'void nnet::dense_latency<ap_ufixed<10, 7, (ap_q_mode)5, (ap_o_mode)3, 0>, ap_fixed<10, 7, (ap_q_mode)5, (ap_o_mode)3, 0>, config12>(ap_ufixed<10, 7, (ap_q_mode)5, (ap_o_mode)3, 0>*, ap_fixed<10, 7, (ap_q_mode)5, (ap_o_mode)3, 0>*, config12::weight_t*, config12::bias_t*)' (firmware/nnet_utils/nnet_dense_latency.h:15:0)
INFO: [HLS 214-248] Applying array_partition to 'b12': Complete partitioning on dimension 1. (firmware/weights/b12.h:12:0)
INFO: [HLS 214-248] Applying array_partition to 'b9': Complete partitioning on dimension 1. (firmware/weights/b9.h:12:0)
INFO: [HLS 214-248] Applying array_partition to 'b6': Complete partitioning on dimension 1. (firmware/weights/b6.h:12:0)
INFO: [HLS 214-248] Applying array_partition to 'b3': Complete partitioning on dimension 1. (firmware/weights/b3.h:12:0)
INFO: [HLS 214-248] Applying array_partition to 'mult': Complete partitioning on dimension 1. (firmware/nnet_utils/nnet_dense_latency.h:17:32)
INFO: [HLS 214-248] Applying array_partition to 'layer2_out': Complete partitioning on dimension 1. (firmware/hgq2_1_hls4ml_prj_Vitis_latency_reusefactor4.cpp:38:15)
INFO: [HLS 214-248] Applying array_partition to 'layer3_out': Complete partitioning on dimension 1. (firmware/hgq2_1_hls4ml_prj_Vitis_latency_reusefactor4.cpp:41:12)
INFO: [HLS 214-248] Applying array_partition to 'layer4_out': Complete partitioning on dimension 1. (firmware/hgq2_1_hls4ml_prj_Vitis_latency_reusefactor4.cpp:44:17)
INFO: [HLS 214-248] Applying array_partition to 'layer5_out': Complete partitioning on dimension 1. (firmware/hgq2_1_hls4ml_prj_Vitis_latency_reusefactor4.cpp:47:15)
INFO: [HLS 214-248] Applying array_partition to 'layer6_out': Complete partitioning on dimension 1. (firmware/hgq2_1_hls4ml_prj_Vitis_latency_reusefactor4.cpp:50:12)
INFO: [HLS 214-248] Applying array_partition to 'layer7_out': Complete partitioning on dimension 1. (firmware/hgq2_1_hls4ml_prj_Vitis_latency_reusefactor4.cpp:53:17)
INFO: [HLS 214-248] Applying array_partition to 'layer8_out': Complete partitioning on dimension 1. (firmware/hgq2_1_hls4ml_prj_Vitis_latency_reusefactor4.cpp:56:15)
INFO: [HLS 214-248] Applying array_partition to 'layer9_out': Complete partitioning on dimension 1. (firmware/hgq2_1_hls4ml_prj_Vitis_latency_reusefactor4.cpp:59:12)
INFO: [HLS 214-248] Applying array_partition to 'layer10_out': Complete partitioning on dimension 1. (firmware/hgq2_1_hls4ml_prj_Vitis_latency_reusefactor4.cpp:62:17)
INFO: [HLS 214-248] Applying array_partition to 'layer11_out': Complete partitioning on dimension 1. (firmware/hgq2_1_hls4ml_prj_Vitis_latency_reusefactor4.cpp:65:15)
INFO: [HLS 214-248] Applying array_partition to 'layer12_out': Complete partitioning on dimension 1. (firmware/hgq2_1_hls4ml_prj_Vitis_latency_reusefactor4.cpp:68:12)
INFO: [HLS 214-248] Applying array_partition to 'layer13_out': Complete partitioning on dimension 1. (firmware/hgq2_1_hls4ml_prj_Vitis_latency_reusefactor4.cpp:10:0)
INFO: [HLS 214-248] Applying array_reshape to 'input_layer': Complete reshaping on dimension 1. (firmware/hgq2_1_hls4ml_prj_Vitis_latency_reusefactor4.cpp:10:0)
INFO: [HLS 200-111] Finished Compiling Optimization and Transform: CPU user time: 27.52 seconds. CPU system time: 0.38 seconds. Elapsed time: 32.45 seconds; current allocated memory: 226.824 MB.
INFO: [HLS 200-111] Finished Checking Pragmas: CPU user time: 0 seconds. CPU system time: 0 seconds. Elapsed time: 0 seconds; current allocated memory: 226.824 MB.
INFO: [HLS 200-10] Starting code transformations ...
INFO: [HLS 200-111] Finished Standard Transforms: CPU user time: 0.08 seconds. CPU system time: 0 seconds. Elapsed time: 0.08 seconds; current allocated memory: 234.445 MB.
INFO: [HLS 200-10] Checking synthesizability ...
INFO: [XFORM 203-602] Inlining function 'nnet::cast<ap_ufixed<11, 6, (ap_q_mode)5, (ap_o_mode)3, 0>, ap_fixed<14, 11, (ap_q_mode)5, (ap_o_mode)3, 0>, config6>' into 'nnet::dense_latency<ap_ufixed<11, 6, (ap_q_mode)5, (ap_o_mode)3, 0>, ap_fixed<14, 11, (ap_q_mode)5, (ap_o_mode)3, 0>, config6>' (firmware/nnet_utils/nnet_dense_latency.h:66) automatically.
INFO: [XFORM 203-602] Inlining function 'nnet::cast<ap_ufixed<9, 7, (ap_q_mode)5, (ap_o_mode)3, 0>, ap_fixed<15, 11, (ap_q_mode)5, (ap_o_mode)3, 0>, config9>' into 'nnet::dense_latency<ap_ufixed<9, 7, (ap_q_mode)5, (ap_o_mode)3, 0>, ap_fixed<15, 11, (ap_q_mode)5, (ap_o_mode)3, 0>, config9>' (firmware/nnet_utils/nnet_dense_latency.h:66) automatically.
INFO: [HLS 200-111] Finished Checking Synthesizability: CPU user time: 0.07 seconds. CPU system time: 0.01 seconds. Elapsed time: 0.08 seconds; current allocated memory: 238.020 MB.
INFO: [XFORM 203-602] Inlining function 'nnet::cast<ap_fixed<26, 19, (ap_q_mode)5, (ap_o_mode)3, 0>, ap_fixed<14, 8, (ap_q_mode)5, (ap_o_mode)3, 0>, config3>' into 'nnet::dense_latency<ap_fixed<26, 19, (ap_q_mode)5, (ap_o_mode)3, 0>, ap_fixed<14, 8, (ap_q_mode)5, (ap_o_mode)3, 0>, config3>' (firmware/nnet_utils/nnet_dense_latency.h:66) automatically.
INFO: [XFORM 203-602] Inlining function 'nnet::cast<ap_ufixed<11, 6, (ap_q_mode)5, (ap_o_mode)3, 0>, ap_fixed<14, 11, (ap_q_mode)5, (ap_o_mode)3, 0>, config6>' into 'nnet::dense_latency<ap_ufixed<11, 6, (ap_q_mode)5, (ap_o_mode)3, 0>, ap_fixed<14, 11, (ap_q_mode)5, (ap_o_mode)3, 0>, config6>' (firmware/nnet_utils/nnet_dense_latency.h:66) automatically.
INFO: [XFORM 203-602] Inlining function 'nnet::cast<ap_ufixed<9, 7, (ap_q_mode)5, (ap_o_mode)3, 0>, ap_fixed<15, 11, (ap_q_mode)5, (ap_o_mode)3, 0>, config9>' into 'nnet::dense_latency<ap_ufixed<9, 7, (ap_q_mode)5, (ap_o_mode)3, 0>, ap_fixed<15, 11, (ap_q_mode)5, (ap_o_mode)3, 0>, config9>' (firmware/nnet_utils/nnet_dense_latency.h:66) automatically.
INFO: [XFORM 203-11] Balancing expressions in function 'nnet::dense_latency<ap_ufixed<9, 7, (ap_q_mode)5, (ap_o_mode)3, 0>, ap_fixed<15, 11, (ap_q_mode)5, (ap_o_mode)3, 0>, config9>' (firmware/nnet_utils/nnet_mult.h:33:12)...19 expression(s) balanced.
INFO: [XFORM 203-11] Balancing expressions in function 'nnet::dense_latency<ap_ufixed<11, 6, (ap_q_mode)5, (ap_o_mode)3, 0>, ap_fixed<14, 11, (ap_q_mode)5, (ap_o_mode)3, 0>, config6>' (firmware/nnet_utils/nnet_mult.h:33:12)...37 expression(s) balanced.
INFO: [XFORM 203-11] Balancing expressions in function 'nnet::dense_latency<ap_ufixed<10, 7, (ap_q_mode)5, (ap_o_mode)3, 0>, ap_fixed<10, 7, (ap_q_mode)5, (ap_o_mode)3, 0>, config12>' (firmware/nnet_utils/nnet_dense_latency.h:33:1)...37 expression(s) balanced.
INFO: [XFORM 203-11] Balancing expressions in function 'nnet::dense_latency<ap_fixed<26, 19, (ap_q_mode)5, (ap_o_mode)3, 0>, ap_fixed<14, 8, (ap_q_mode)5, (ap_o_mode)3, 0>, config3>' (firmware/nnet_utils/nnet_mult.h:33:12)...65 expression(s) balanced.
INFO: [HLS 200-111] Finished Loop, function and other optimizations: CPU user time: 0.16 seconds. CPU system time: 0.01 seconds. Elapsed time: 0.17 seconds; current allocated memory: 270.027 MB.
INFO: [HLS 200-111] Finished Architecture Synthesis: CPU user time: 0.17 seconds. CPU system time: 0 seconds. Elapsed time: 0.18 seconds; current allocated memory: 342.184 MB.
INFO: [HLS 200-10] Starting hardware synthesis ...
INFO: [HLS 200-10] Synthesizing 'hgq2_1_hls4ml_prj_Vitis_latency_reusefactor4' ...
WARNING: [SYN 201-103] Legalizing function name 'dense_latency<ap_fixed<26, 19, 5, 3, 0>, ap_fixed<14, 8, 5, 3, 0>, config3>' to 'dense_latency_ap_fixed_26_19_5_3_0_ap_fixed_14_8_5_3_0_config3_s'.
WARNING: [SYN 201-103] Legalizing function name 'relu<ap_fixed<14, 8, 5, 3, 0>, ap_ufixed<12, 6, 5, 3, 0>, relu_config4>' to 'relu_ap_fixed_14_8_5_3_0_ap_ufixed_12_6_5_3_0_relu_config4_s'.
WARNING: [SYN 201-103] Legalizing function name 'dense_latency<ap_ufixed<11, 6, 5, 3, 0>, ap_fixed<14, 11, 5, 3, 0>, config6>' to 'dense_latency_ap_ufixed_11_6_5_3_0_ap_fixed_14_11_5_3_0_config6_s'.
WARNING: [SYN 201-103] Legalizing function name 'relu<ap_fixed<14, 11, 5, 3, 0>, ap_ufixed<10, 7, 5, 3, 0>, relu_config7>' to 'relu_ap_fixed_14_11_5_3_0_ap_ufixed_10_7_5_3_0_relu_config7_s'.
WARNING: [SYN 201-103] Legalizing function name 'dense_latency<ap_ufixed<9, 7, 5, 3, 0>, ap_fixed<15, 11, 5, 3, 0>, config9>' to 'dense_latency_ap_ufixed_9_7_5_3_0_ap_fixed_15_11_5_3_0_config9_s'.
WARNING: [SYN 201-103] Legalizing function name 'relu<ap_fixed<15, 11, 5, 3, 0>, ap_ufixed<11, 7, 5, 3, 0>, relu_config10>' to 'relu_ap_fixed_15_11_5_3_0_ap_ufixed_11_7_5_3_0_relu_config10_s'.
WARNING: [SYN 201-103] Legalizing function name 'dense_latency<ap_ufixed<10, 7, 5, 3, 0>, ap_fixed<10, 7, 5, 3, 0>, config12>' to 'dense_latency_ap_ufixed_10_7_5_3_0_ap_fixed_10_7_5_3_0_config12_s'.
WARNING: [SYN 201-223] Checking resource limit in 'dense_latency<ap_ufixed<11, 6, 5, 3, 0>, ap_fixed<14, 11, 5, 3, 0>, config6>': cannot find any operation of 'mul'.
WARNING: [SYN 201-223] Checking resource limit in 'dense_latency<ap_ufixed<10, 7, 5, 3, 0>, ap_fixed<10, 7, 5, 3, 0>, config12>': cannot find any operation of 'mul'.
INFO: [HLS 200-10] ----------------------------------------------------------------
INFO: [HLS 200-42] -- Implementing module 'dense_latency_ap_fixed_26_19_5_3_0_ap_fixed_14_8_5_3_0_config3_s' 
INFO: [HLS 200-10] ----------------------------------------------------------------
INFO: [SCHED 204-11] Starting scheduling ...
INFO: [SCHED 204-61] Pipelining function 'dense_latency<ap_fixed<26, 19, 5, 3, 0>, ap_fixed<14, 8, 5, 3, 0>, config3>'.
INFO: [HLS 200-1470] Pipelining result : Target II = NA, Final II = 2, Depth = 2, function 'dense_latency<ap_fixed<26, 19, 5, 3, 0>, ap_fixed<14, 8, 5, 3, 0>, config3>'
INFO: [SCHED 204-11] Finished scheduling.
INFO: [HLS 200-111] Finished Scheduling: CPU user time: 0.17 seconds. CPU system time: 0 seconds. Elapsed time: 0.18 seconds; current allocated memory: 346.309 MB.
INFO: [BIND 205-100] Starting micro-architecture generation ...
INFO: [BIND 205-101] Performing variable lifetime analysis.
INFO: [BIND 205-101] Exploring resource sharing.
INFO: [BIND 205-101] Binding ...
INFO: [BIND 205-100] Starting global binding ...
INFO: [BIND 205-100] Finished micro-architecture generation.
INFO: [HLS 200-111] Finished Binding: CPU user time: 0.03 seconds. CPU system time: 0.01 seconds. Elapsed time: 0.03 seconds; current allocated memory: 346.309 MB.
INFO: [HLS 200-10] ----------------------------------------------------------------
INFO: [HLS 200-42] -- Implementing module 'relu_ap_fixed_14_8_5_3_0_ap_ufixed_12_6_5_3_0_relu_config4_s' 
INFO: [HLS 200-10] ----------------------------------------------------------------
INFO: [SCHED 204-11] Starting scheduling ...
INFO: [SCHED 204-61] Pipelining function 'relu<ap_fixed<14, 8, 5, 3, 0>, ap_ufixed<12, 6, 5, 3, 0>, relu_config4>'.
INFO: [HLS 200-1470] Pipelining result : Target II = NA, Final II = 1, Depth = 1, function 'relu<ap_fixed<14, 8, 5, 3, 0>, ap_ufixed<12, 6, 5, 3, 0>, relu_config4>'
INFO: [SCHED 204-11] Finished scheduling.
INFO: [HLS 200-111] Finished Scheduling: CPU user time: 0.05 seconds. CPU system time: 0 seconds. Elapsed time: 0.05 seconds; current allocated memory: 346.789 MB.
INFO: [BIND 205-100] Starting micro-architecture generation ...
INFO: [BIND 205-101] Performing variable lifetime analysis.
INFO: [BIND 205-101] Exploring resource sharing.
INFO: [BIND 205-101] Binding ...
INFO: [BIND 205-100] Finished micro-architecture generation.
INFO: [HLS 200-111] Finished Binding: CPU user time: 0.01 seconds. CPU system time: 0 seconds. Elapsed time: 0.01 seconds; current allocated memory: 347.047 MB.
INFO: [HLS 200-10] ----------------------------------------------------------------
INFO: [HLS 200-42] -- Implementing module 'dense_latency_ap_ufixed_11_6_5_3_0_ap_fixed_14_11_5_3_0_config6_s' 
INFO: [HLS 200-10] ----------------------------------------------------------------
INFO: [SCHED 204-11] Starting scheduling ...
INFO: [SCHED 204-61] Pipelining function 'dense_latency<ap_ufixed<11, 6, 5, 3, 0>, ap_fixed<14, 11, 5, 3, 0>, config6>'.
INFO: [HLS 200-1470] Pipelining result : Target II = NA, Final II = 2, Depth = 2, function 'dense_latency<ap_ufixed<11, 6, 5, 3, 0>, ap_fixed<14, 11, 5, 3, 0>, config6>'
INFO: [SCHED 204-11] Finished scheduling.
INFO: [HLS 200-111] Finished Scheduling: CPU user time: 0.12 seconds. CPU system time: 0 seconds. Elapsed time: 0.13 seconds; current allocated memory: 351.352 MB.
INFO: [BIND 205-100] Starting micro-architecture generation ...
INFO: [BIND 205-101] Performing variable lifetime analysis.
INFO: [BIND 205-101] Exploring resource sharing.
INFO: [BIND 205-101] Binding ...
INFO: [BIND 205-100] Finished micro-architecture generation.
INFO: [HLS 200-111] Finished Binding: CPU user time: 0.04 seconds. CPU system time: 0 seconds. Elapsed time: 0.03 seconds; current allocated memory: 351.352 MB.
INFO: [HLS 200-10] ----------------------------------------------------------------
INFO: [HLS 200-42] -- Implementing module 'relu_ap_fixed_14_11_5_3_0_ap_ufixed_10_7_5_3_0_relu_config7_s' 
INFO: [HLS 200-10] ----------------------------------------------------------------
INFO: [SCHED 204-11] Starting scheduling ...
INFO: [SCHED 204-61] Pipelining function 'relu<ap_fixed<14, 11, 5, 3, 0>, ap_ufixed<10, 7, 5, 3, 0>, relu_config7>'.
INFO: [HLS 200-1470] Pipelining result : Target II = NA, Final II = 1, Depth = 1, function 'relu<ap_fixed<14, 11, 5, 3, 0>, ap_ufixed<10, 7, 5, 3, 0>, relu_config7>'
INFO: [SCHED 204-11] Finished scheduling.
INFO: [HLS 200-111] Finished Scheduling: CPU user time: 0.04 seconds. CPU system time: 0.01 seconds. Elapsed time: 0.05 seconds; current allocated memory: 351.441 MB.
INFO: [BIND 205-100] Starting micro-architecture generation ...
INFO: [BIND 205-101] Performing variable lifetime analysis.
INFO: [BIND 205-101] Exploring resource sharing.
INFO: [BIND 205-101] Binding ...
INFO: [BIND 205-100] Finished micro-architecture generation.
INFO: [HLS 200-111] Finished Binding: CPU user time: 0 seconds. CPU system time: 0 seconds. Elapsed time: 0.01 seconds; current allocated memory: 351.668 MB.
INFO: [HLS 200-10] ----------------------------------------------------------------
INFO: [HLS 200-42] -- Implementing module 'dense_latency_ap_ufixed_9_7_5_3_0_ap_fixed_15_11_5_3_0_config9_s' 
INFO: [HLS 200-10] ----------------------------------------------------------------
INFO: [SCHED 204-11] Starting scheduling ...
INFO: [SCHED 204-61] Pipelining function 'dense_latency<ap_ufixed<9, 7, 5, 3, 0>, ap_fixed<15, 11, 5, 3, 0>, config9>'.
INFO: [HLS 200-1470] Pipelining result : Target II = NA, Final II = 2, Depth = 2, function 'dense_latency<ap_ufixed<9, 7, 5, 3, 0>, ap_fixed<15, 11, 5, 3, 0>, config9>'
INFO: [SCHED 204-11] Finished scheduling.
INFO: [HLS 200-111] Finished Scheduling: CPU user time: 0.1 seconds. CPU system time: 0 seconds. Elapsed time: 0.1 seconds; current allocated memory: 354.891 MB.
INFO: [BIND 205-100] Starting micro-architecture generation ...
INFO: [BIND 205-101] Performing variable lifetime analysis.
INFO: [BIND 205-101] Exploring resource sharing.
INFO: [BIND 205-101] Binding ...
INFO: [BIND 205-100] Starting global binding ...
INFO: [BIND 205-100] Finished micro-architecture generation.
INFO: [HLS 200-111] Finished Binding: CPU user time: 0.02 seconds. CPU system time: 0 seconds. Elapsed time: 0.03 seconds; current allocated memory: 354.891 MB.
INFO: [HLS 200-10] ----------------------------------------------------------------
INFO: [HLS 200-42] -- Implementing module 'relu_ap_fixed_15_11_5_3_0_ap_ufixed_11_7_5_3_0_relu_config10_s' 
INFO: [HLS 200-10] ----------------------------------------------------------------
INFO: [SCHED 204-11] Starting scheduling ...
INFO: [SCHED 204-61] Pipelining function 'relu<ap_fixed<15, 11, 5, 3, 0>, ap_ufixed<11, 7, 5, 3, 0>, relu_config10>'.
INFO: [HLS 200-1470] Pipelining result : Target II = NA, Final II = 1, Depth = 1, function 'relu<ap_fixed<15, 11, 5, 3, 0>, ap_ufixed<11, 7, 5, 3, 0>, relu_config10>'
INFO: [SCHED 204-11] Finished scheduling.
INFO: [HLS 200-111] Finished Scheduling: CPU user time: 0.03 seconds. CPU system time: 0.01 seconds. Elapsed time: 0.04 seconds; current allocated memory: 355.035 MB.
INFO: [BIND 205-100] Starting micro-architecture generation ...
INFO: [BIND 205-101] Performing variable lifetime analysis.
INFO: [BIND 205-101] Exploring resource sharing.
INFO: [BIND 205-101] Binding ...
INFO: [BIND 205-100] Finished micro-architecture generation.
INFO: [HLS 200-111] Finished Binding: CPU user time: 0.01 seconds. CPU system time: 0 seconds. Elapsed time: 0.01 seconds; current allocated memory: 355.254 MB.
INFO: [HLS 200-10] ----------------------------------------------------------------
INFO: [HLS 200-42] -- Implementing module 'dense_latency_ap_ufixed_10_7_5_3_0_ap_fixed_10_7_5_3_0_config12_s' 
INFO: [HLS 200-10] ----------------------------------------------------------------
INFO: [SCHED 204-11] Starting scheduling ...
INFO: [SCHED 204-61] Pipelining function 'dense_latency<ap_ufixed<10, 7, 5, 3, 0>, ap_fixed<10, 7, 5, 3, 0>, config12>'.
INFO: [HLS 200-1470] Pipelining result : Target II = NA, Final II = 1, Depth = 1, function 'dense_latency<ap_ufixed<10, 7, 5, 3, 0>, ap_fixed<10, 7, 5, 3, 0>, config12>'
INFO: [SCHED 204-11] Finished scheduling.
INFO: [HLS 200-111] Finished Scheduling: CPU user time: 0.06 seconds. CPU system time: 0 seconds. Elapsed time: 0.06 seconds; current allocated memory: 356.531 MB.
INFO: [BIND 205-100] Starting micro-architecture generation ...
INFO: [BIND 205-101] Performing variable lifetime analysis.
INFO: [BIND 205-101] Exploring resource sharing.
INFO: [BIND 205-101] Binding ...
INFO: [BIND 205-100] Finished micro-architecture generation.
INFO: [HLS 200-111] Finished Binding: CPU user time: 0.02 seconds. CPU system time: 0 seconds. Elapsed time: 0.02 seconds; current allocated memory: 356.910 MB.
INFO: [HLS 200-10] ----------------------------------------------------------------
INFO: [HLS 200-42] -- Implementing module 'hgq2_1_hls4ml_prj_Vitis_latency_reusefactor4' 
INFO: [HLS 200-10] ----------------------------------------------------------------
INFO: [SCHED 204-11] Starting scheduling ...
INFO: [SCHED 204-61] Pipelining function 'hgq2_1_hls4ml_prj_Vitis_latency_reusefactor4'.
INFO: [HLS 200-1470] Pipelining result : Target II = NA, Final II = 2, Depth = 12, function 'hgq2_1_hls4ml_prj_Vitis_latency_reusefactor4'
INFO: [SCHED 204-11] Finished scheduling.
INFO: [HLS 200-111] Finished Scheduling: CPU user time: 0.11 seconds. CPU system time: 0.01 seconds. Elapsed time: 0.12 seconds; current allocated memory: 360.898 MB.
INFO: [BIND 205-100] Starting micro-architecture generation ...
INFO: [BIND 205-101] Performing variable lifetime analysis.
INFO: [BIND 205-101] Exploring resource sharing.
INFO: [BIND 205-101] Binding ...
INFO: [BIND 205-100] Finished micro-architecture generation.
INFO: [HLS 200-111] Finished Binding: CPU user time: 0.02 seconds. CPU system time: 0 seconds. Elapsed time: 0.03 seconds; current allocated memory: 360.898 MB.
INFO: [HLS 200-10] ----------------------------------------------------------------
INFO: [HLS 200-10] -- Generating RTL for module 'dense_latency_ap_fixed_26_19_5_3_0_ap_fixed_14_8_5_3_0_config3_s' 
INFO: [HLS 200-10] ----------------------------------------------------------------
INFO: [RTGEN 206-100] Generating core module 'mul_11s_9ns_20_1_1': 1 instance(s).
INFO: [RTGEN 206-100] Generating core module 'mul_11s_9s_20_1_1': 1 instance(s).
INFO: [RTGEN 206-100] Generating core module 'mul_12s_10s_21_1_1': 1 instance(s).
INFO: [RTGEN 206-100] Generating core module 'mul_12s_9ns_21_1_1': 2 instance(s).
INFO: [RTGEN 206-100] Finished creating RTL model for 'dense_latency_ap_fixed_26_19_5_3_0_ap_fixed_14_8_5_3_0_config3_s'.
INFO: [HLS 200-111] Finished Creating RTL model: CPU user time: 0.06 seconds. CPU system time: 0.01 seconds. Elapsed time: 0.08 seconds; current allocated memory: 365.641 MB.
INFO: [HLS 200-10] ----------------------------------------------------------------
INFO: [HLS 200-10] -- Generating RTL for module 'relu_ap_fixed_14_8_5_3_0_ap_ufixed_12_6_5_3_0_relu_config4_s' 
INFO: [HLS 200-10] ----------------------------------------------------------------
INFO: [RTGEN 206-100] Finished creating RTL model for 'relu_ap_fixed_14_8_5_3_0_ap_ufixed_12_6_5_3_0_relu_config4_s'.
INFO: [HLS 200-111] Finished Creating RTL model: CPU user time: 0.08 seconds. CPU system time: 0.01 seconds. Elapsed time: 0.08 seconds; current allocated memory: 375.121 MB.
INFO: [HLS 200-10] ----------------------------------------------------------------
INFO: [HLS 200-10] -- Generating RTL for module 'dense_latency_ap_ufixed_11_6_5_3_0_ap_fixed_14_11_5_3_0_config6_s' 
INFO: [HLS 200-10] ----------------------------------------------------------------
INFO: [RTGEN 206-100] Finished creating RTL model for 'dense_latency_ap_ufixed_11_6_5_3_0_ap_fixed_14_11_5_3_0_config6_s'.
INFO: [HLS 200-111] Finished Creating RTL model: CPU user time: 0.06 seconds. CPU system time: 0 seconds. Elapsed time: 0.07 seconds; current allocated memory: 381.160 MB.
INFO: [HLS 200-10] ----------------------------------------------------------------
INFO: [HLS 200-10] -- Generating RTL for module 'relu_ap_fixed_14_11_5_3_0_ap_ufixed_10_7_5_3_0_relu_config7_s' 
INFO: [HLS 200-10] ----------------------------------------------------------------
INFO: [RTGEN 206-100] Finished creating RTL model for 'relu_ap_fixed_14_11_5_3_0_ap_ufixed_10_7_5_3_0_relu_config7_s'.
INFO: [HLS 200-111] Finished Creating RTL model: CPU user time: 0.08 seconds. CPU system time: 0.01 seconds. Elapsed time: 0.09 seconds; current allocated memory: 390.914 MB.
INFO: [HLS 200-10] ----------------------------------------------------------------
INFO: [HLS 200-10] -- Generating RTL for module 'dense_latency_ap_ufixed_9_7_5_3_0_ap_fixed_15_11_5_3_0_config9_s' 
INFO: [HLS 200-10] ----------------------------------------------------------------
INFO: [RTGEN 206-100] Generating core module 'mul_7ns_6ns_12_1_1': 1 instance(s).
INFO: [RTGEN 206-100] Generating core module 'mul_9ns_7ns_15_1_1': 1 instance(s).
INFO: [RTGEN 206-100] Finished creating RTL model for 'dense_latency_ap_ufixed_9_7_5_3_0_ap_fixed_15_11_5_3_0_config9_s'.
INFO: [HLS 200-111] Finished Creating RTL model: CPU user time: 0.05 seconds. CPU system time: 0 seconds. Elapsed time: 0.05 seconds; current allocated memory: 395.477 MB.
INFO: [HLS 200-10] ----------------------------------------------------------------
INFO: [HLS 200-10] -- Generating RTL for module 'relu_ap_fixed_15_11_5_3_0_ap_ufixed_11_7_5_3_0_relu_config10_s' 
INFO: [HLS 200-10] ----------------------------------------------------------------
INFO: [RTGEN 206-100] Finished creating RTL model for 'relu_ap_fixed_15_11_5_3_0_ap_ufixed_11_7_5_3_0_relu_config10_s'.
INFO: [HLS 200-111] Finished Creating RTL model: CPU user time: 0.07 seconds. CPU system time: 0.01 seconds. Elapsed time: 0.07 seconds; current allocated memory: 402.723 MB.
INFO: [HLS 200-10] ----------------------------------------------------------------
INFO: [HLS 200-10] -- Generating RTL for module 'dense_latency_ap_ufixed_10_7_5_3_0_ap_fixed_10_7_5_3_0_config12_s' 
INFO: [HLS 200-10] ----------------------------------------------------------------
INFO: [RTGEN 206-100] Finished creating RTL model for 'dense_latency_ap_ufixed_10_7_5_3_0_ap_fixed_10_7_5_3_0_config12_s'.
INFO: [HLS 200-111] Finished Creating RTL model: CPU user time: 0.02 seconds. CPU system time: 0 seconds. Elapsed time: 0.04 seconds; current allocated memory: 405.293 MB.
INFO: [HLS 200-10] ----------------------------------------------------------------
INFO: [HLS 200-10] -- Generating RTL for module 'hgq2_1_hls4ml_prj_Vitis_latency_reusefactor4' 
INFO: [HLS 200-10] ----------------------------------------------------------------
INFO: [RTGEN 206-500] Setting interface mode on port 'hgq2_1_hls4ml_prj_Vitis_latency_reusefactor4/input_layer' to 'ap_vld'.
INFO: [RTGEN 206-500] Setting interface mode on port 'hgq2_1_hls4ml_prj_Vitis_latency_reusefactor4/layer13_out_0' to 'ap_vld'.
INFO: [RTGEN 206-500] Setting interface mode on port 'hgq2_1_hls4ml_prj_Vitis_latency_reusefactor4/layer13_out_1' to 'ap_vld'.
INFO: [RTGEN 206-500] Setting interface mode on port 'hgq2_1_hls4ml_prj_Vitis_latency_reusefactor4/layer13_out_2' to 'ap_vld'.
INFO: [RTGEN 206-500] Setting interface mode on port 'hgq2_1_hls4ml_prj_Vitis_latency_reusefactor4/layer13_out_3' to 'ap_vld'.
INFO: [RTGEN 206-500] Setting interface mode on port 'hgq2_1_hls4ml_prj_Vitis_latency_reusefactor4/layer13_out_4' to 'ap_vld'.
INFO: [RTGEN 206-500] Setting interface mode on function 'hgq2_1_hls4ml_prj_Vitis_latency_reusefactor4' to 'ap_ctrl_hs'.
INFO: [HLS 200-1030] Apply Unified Pipeline Control on module 'hgq2_1_hls4ml_prj_Vitis_latency_reusefactor4' pipeline 'hgq2_1_hls4ml_prj_Vitis_latency_reusefactor4' pipeline type 'function pipeline'
INFO: [RTGEN 206-100] Finished creating RTL model for 'hgq2_1_hls4ml_prj_Vitis_latency_reusefactor4'.
INFO: [HLS 200-111] Finished Creating RTL model: CPU user time: 0.1 seconds. CPU system time: 0.01 seconds. Elapsed time: 0.1 seconds; current allocated memory: 418.723 MB.
INFO: [HLS 200-111] Finished Generating all RTL models: CPU user time: 0.15 seconds. CPU system time: 0.01 seconds. Elapsed time: 0.16 seconds; current allocated memory: 427.027 MB.
INFO: [HLS 200-111] Finished Updating report files: CPU user time: 0.25 seconds. CPU system time: 0.01 seconds. Elapsed time: 0.26 seconds; current allocated memory: 436.934 MB.
INFO: [VHDL 208-304] Generating VHDL RTL for hgq2_1_hls4ml_prj_Vitis_latency_reusefactor4.
INFO: [VLOG 209-307] Generating Verilog RTL for hgq2_1_hls4ml_prj_Vitis_latency_reusefactor4.
INFO: [HLS 200-789] **** Estimated Fmax: 298.94 MHz
INFO: [HLS 200-111] Finished Command csynth_design CPU user time: 36.05 seconds. CPU system time: 0.89 seconds. Elapsed time: 41.51 seconds; current allocated memory: 221.367 MB.
==============================================================
Vitis HLS - High-Level Synthesis from C, C++ and OpenCL v2025.2 (64-bit)
Tool Version Limit: 2025.11
Copyright 1986-2022 Xilinx, Inc. All Rights Reserved.
Copyright 2022-2025 Advanced Micro Devices, Inc. All Rights Reserved.

==============================================================
INFO: [SYN 201-201] Setting up clock 'default' with a period of 5ns.
INFO: [SYN 201-201] Setting up clock 'default' with an uncertainty of 1.35ns.
INFO: [HLS 200-1611] Setting target device to 'xck26-sfvc784-2LV-c'
INFO: [HLS 200-1505] Using flow_target 'vivado'
INFO: [HLS 200-1464] Running solution command: config_compile -name_max_length=80
INFO: [XFORM 203-1161] The maximum of name length is set to 80.
INFO: [HLS 200-1464] Running solution command: config_compile -complex-mul-dsp=0
INFO: [XFORM 203-1161] The maximum of name length is set to 80.
INFO: [HLS 200-1464] Running solution command: config_schedule -enable_dsp_full_reg=0
INFO: [HLS 200-1510] Running: config_array_partition -maximum_size 4096 
ERROR: [HLS 200-101] config_array_partition: Unknown option '-maximum_size'.
ERROR: [HLS 200-101] config_array_partition: Unknown option '4096'.
INFO: [HLS 200-1510] Running: config_compile -name_max_length 80 
INFO: [XFORM 203-1161] The maximum of name length is set to 80.
INFO: [HLS 200-1510] Running: set_part xck26-sfvc784-2LV-c 
INFO: [XFORM 203-1161] The maximum of name length is set to 80.
INFO: [HLS 200-1510] Running: config_schedule -enable_dsp_full_reg=false 
INFO: [HLS 200-1510] Running: create_clock -period 5 -name default 
INFO: [HLS 200-1510] Running: set_clock_uncertainty 27% default 
INFO: [HLS 200-1510] Running: csynth_design 
INFO: [HLS 200-111] Finished File checks and directory preparation: CPU user time: 1.29 seconds. CPU system time: 0.09 seconds. Elapsed time: 1.67 seconds; current allocated memory: 301.770 MB.
INFO: [HLS 200-2191] C-Synthesis will use clang-16 as the compiler
INFO: [HLS 200-10] Analyzing design file 'firmware/hgq2_1_hls4ml_prj_Vitis_latency_reusefactor4.cpp' ... 
WARNING: [HLS 207-7036] unexpected pragma argument 'softmax', expects function/operation (firmware/nnet_utils/nnet_activation.h:402:36)
WARNING: [HLS 207-6996] 'Resource pragma' is deprecated, use 'bind_op/bind_storage pragma' instead (firmware/nnet_utils/nnet_dense_resource.h:33:13)
WARNING: [HLS 207-6996] 'Resource pragma' is deprecated, use 'bind_op/bind_storage pragma' instead (firmware/nnet_utils/nnet_dense_resource.h:107:13)
WARNING: [HLS 207-6996] 'Resource pragma' is deprecated, use 'bind_op/bind_storage pragma' instead (firmware/nnet_utils/nnet_dense_resource.h:189:13)
WARNING: [HLS 207-6591] unused parameter 'keep' (firmware/nnet_utils/nnet_helpers.h:285:99)
WARNING: [HLS 207-6591] unused parameter 'data' (firmware/nnet_utils/nnet_function_stubs.h:14:36)
WARNING: [HLS 207-6591] unused parameter 'buffer' (firmware/nnet_utils/nnet_function_stubs.h:15:36)
WARNING: [HLS 207-6591] unused parameter 'partition' (firmware/nnet_utils/nnet_function_stubs.h:16:44)
WARNING: [HLS 207-6591] unused parameter 'data' (firmware/nnet_utils/nnet_function_stubs.h:24:24)
WARNING: [HLS 207-6591] unused parameter 'buffer' (firmware/nnet_utils/nnet_function_stubs.h:25:24)
WARNING: [HLS 207-6591] unused parameter 'partition' (firmware/nnet_utils/nnet_function_stubs.h:26:32)
WARNING: [HLS 207-6591] unused parameter 'data' (firmware/nnet_utils/nnet_function_stubs.h:33:30)
WARNING: [HLS 207-6591] unused parameter 'res' (firmware/nnet_utils/nnet_function_stubs.h:33:58)
WARNING: [HLS 207-6591] unused parameter 'weights' (firmware/nnet_utils/nnet_function_stubs.h:34:51)
WARNING: [HLS 207-6591] unused parameter 'biases' (firmware/nnet_utils/nnet_function_stubs.h:35:49)
WARNING: [HLS 207-6591] unused parameter 'data' (firmware/nnet_utils/nnet_function_stubs.h:42:30)
WARNING: [HLS 207-6591] unused parameter 'res' (firmware/nnet_utils/nnet_function_stubs.h:42:58)
WARNING: [HLS 207-6591] unused parameter 'weights' (firmware/nnet_utils/nnet_function_stubs.h:43:51)
WARNING: [HLS 207-6591] unused parameter 'biases' (firmware/nnet_utils/nnet_function_stubs.h:44:49)
WARNING: [HLS 207-6591] unused parameter 'data' (firmware/nnet_utils/nnet_function_stubs.h:51:29)
WARNING: [HLS 207-6591] unused parameter 'res' (firmware/nnet_utils/nnet_function_stubs.h:51:80)
WARNING: [HLS 207-6591] unused parameter 'weights' (firmware/nnet_utils/nnet_function_stubs.h:52:50)
WARNING: [HLS 207-6591] unused parameter 'biases' (firmware/nnet_utils/nnet_function_stubs.h:53:48)
WARNING: [HLS 207-6591] unused parameter 'data' (firmware/nnet_utils/nnet_code_gen.h:16:39)
WARNING: [HLS 207-6591] unused parameter 'res' (firmware/nnet_utils/nnet_code_gen.h:17:38)
WARNING: [HLS 207-6591] unused parameter 'weights' (firmware/nnet_utils/nnet_code_gen.h:18:60)
WARNING: [HLS 207-6591] unused parameter 'biases' (firmware/nnet_utils/nnet_code_gen.h:19:58)
INFO: [HLS 200-111] Finished Source Code Analysis and Preprocessing: CPU user time: 8.52 seconds. CPU system time: 0.46 seconds. Elapsed time: 9.46 seconds; current allocated memory: 307.281 MB.
INFO: [HLS 200-777] Using interface defaults for 'Vivado' flow target.
INFO: [HLS 200-1995] There were 20,534 instructions in the design after the 'Compile/Link' phase of compilation. See the Design Size Report for more details (/home/ncgadmin/Bachelor/HLS4ML_testbench_KV260/development/hgq2/1/hls4ml_prj_Vitis_latency_reusefactor4/hgq2_1_hls4ml_prj_Vitis_latency_reusefactor4_prj/solution1/syn/report/csynth_design_size.rpt:2)
WARNING: [HLS 200-1995] There were 224,723 instructions in the design after the 'Unroll/Inline' phase of compilation. See the Design Size Report for more details (/home/ncgadmin/Bachelor/HLS4ML_testbench_KV260/development/hgq2/1/hls4ml_prj_Vitis_latency_reusefactor4/hgq2_1_hls4ml_prj_Vitis_latency_reusefactor4_prj/solution1/syn/report/csynth_design_size.rpt:2)
INFO: [HLS 200-1995] There were 68,021 instructions in the design after the 'Unroll/Inline (step 2)' phase of compilation. See the Design Size Report for more details (/home/ncgadmin/Bachelor/HLS4ML_testbench_KV260/development/hgq2/1/hls4ml_prj_Vitis_latency_reusefactor4/hgq2_1_hls4ml_prj_Vitis_latency_reusefactor4_prj/solution1/syn/report/csynth_design_size.rpt:2)
INFO: [HLS 200-1995] There were 67,193 instructions in the design after the 'Unroll/Inline (step 3)' phase of compilation. See the Design Size Report for more details (/home/ncgadmin/Bachelor/HLS4ML_testbench_KV260/development/hgq2/1/hls4ml_prj_Vitis_latency_reusefactor4/hgq2_1_hls4ml_prj_Vitis_latency_reusefactor4_prj/solution1/syn/report/csynth_design_size.rpt:2)
INFO: [HLS 200-1995] There were 66,411 instructions in the design after the 'Unroll/Inline (step 4)' phase of compilation. See the Design Size Report for more details (/home/ncgadmin/Bachelor/HLS4ML_testbench_KV260/development/hgq2/1/hls4ml_prj_Vitis_latency_reusefactor4/hgq2_1_hls4ml_prj_Vitis_latency_reusefactor4_prj/solution1/syn/report/csynth_design_size.rpt:2)
INFO: [HLS 200-1995] There were 40,335 instructions in the design after the 'Array/Struct (step 1)' phase of compilation. See the Design Size Report for more details (/home/ncgadmin/Bachelor/HLS4ML_testbench_KV260/development/hgq2/1/hls4ml_prj_Vitis_latency_reusefactor4/hgq2_1_hls4ml_prj_Vitis_latency_reusefactor4_prj/solution1/syn/report/csynth_design_size.rpt:2)
INFO: [HLS 200-1995] There were 10,361 instructions in the design after the 'Array/Struct (step 2)' phase of compilation. See the Design Size Report for more details (/home/ncgadmin/Bachelor/HLS4ML_testbench_KV260/development/hgq2/1/hls4ml_prj_Vitis_latency_reusefactor4/hgq2_1_hls4ml_prj_Vitis_latency_reusefactor4_prj/solution1/syn/report/csynth_design_size.rpt:2)
INFO: [HLS 200-1995] There were 10,361 instructions in the design after the 'Array/Struct (step 3)' phase of compilation. See the Design Size Report for more details (/home/ncgadmin/Bachelor/HLS4ML_testbench_KV260/development/hgq2/1/hls4ml_prj_Vitis_latency_reusefactor4/hgq2_1_hls4ml_prj_Vitis_latency_reusefactor4_prj/solution1/syn/report/csynth_design_size.rpt:2)
INFO: [HLS 200-1995] There were 5,599 instructions in the design after the 'Array/Struct (step 4)' phase of compilation. See the Design Size Report for more details (/home/ncgadmin/Bachelor/HLS4ML_testbench_KV260/development/hgq2/1/hls4ml_prj_Vitis_latency_reusefactor4/hgq2_1_hls4ml_prj_Vitis_latency_reusefactor4_prj/solution1/syn/report/csynth_design_size.rpt:2)
INFO: [HLS 200-1995] There were 5,397 instructions in the design after the 'Array/Struct (step 5)' phase of compilation. See the Design Size Report for more details (/home/ncgadmin/Bachelor/HLS4ML_testbench_KV260/development/hgq2/1/hls4ml_prj_Vitis_latency_reusefactor4/hgq2_1_hls4ml_prj_Vitis_latency_reusefactor4_prj/solution1/syn/report/csynth_design_size.rpt:2)
INFO: [HLS 200-1995] There were 5,157 instructions in the design after the 'Performance (step 1)' phase of compilation. See the Design Size Report for more details (/home/ncgadmin/Bachelor/HLS4ML_testbench_KV260/development/hgq2/1/hls4ml_prj_Vitis_latency_reusefactor4/hgq2_1_hls4ml_prj_Vitis_latency_reusefactor4_prj/solution1/syn/report/csynth_design_size.rpt:2)
INFO: [HLS 200-1995] There were 5,157 instructions in the design after the 'Performance (step 2)' phase of compilation. See the Design Size Report for more details (/home/ncgadmin/Bachelor/HLS4ML_testbench_KV260/development/hgq2/1/hls4ml_prj_Vitis_latency_reusefactor4/hgq2_1_hls4ml_prj_Vitis_latency_reusefactor4_prj/solution1/syn/report/csynth_design_size.rpt:2)
INFO: [HLS 200-1995] There were 5,157 instructions in the design after the 'Performance (step 3)' phase of compilation. See the Design Size Report for more details (/home/ncgadmin/Bachelor/HLS4ML_testbench_KV260/development/hgq2/1/hls4ml_prj_Vitis_latency_reusefactor4/hgq2_1_hls4ml_prj_Vitis_latency_reusefactor4_prj/solution1/syn/report/csynth_design_size.rpt:2)
INFO: [HLS 200-1995] There were 5,157 instructions in the design after the 'Performance (step 4)' phase of compilation. See the Design Size Report for more details (/home/ncgadmin/Bachelor/HLS4ML_testbench_KV260/development/hgq2/1/hls4ml_prj_Vitis_latency_reusefactor4/hgq2_1_hls4ml_prj_Vitis_latency_reusefactor4_prj/solution1/syn/report/csynth_design_size.rpt:2)
INFO: [HLS 200-1995] There were 4,755 instructions in the design after the 'HW Transforms (step 1)' phase of compilation. See the Design Size Report for more details (/home/ncgadmin/Bachelor/HLS4ML_testbench_KV260/development/hgq2/1/hls4ml_prj_Vitis_latency_reusefactor4/hgq2_1_hls4ml_prj_Vitis_latency_reusefactor4_prj/solution1/syn/report/csynth_design_size.rpt:2)
INFO: [HLS 200-1995] There were 4,460 instructions in the design after the 'HW Transforms (step 2)' phase of compilation. See the Design Size Report for more details (/home/ncgadmin/Bachelor/HLS4ML_testbench_KV260/development/hgq2/1/hls4ml_prj_Vitis_latency_reusefactor4/hgq2_1_hls4ml_prj_Vitis_latency_reusefactor4_prj/solution1/syn/report/csynth_design_size.rpt:2)
INFO: [HLS 214-131] Inlining function 'nnet::product::mult<ap_fixed<26, 19, (ap_q_mode)5, (ap_o_mode)3, 0>, ap_fixed<10, 4, (ap_q_mode)5, (ap_o_mode)3, 0> >::product(ap_fixed<26, 19, (ap_q_mode)5, (ap_o_mode)3, 0>, ap_fixed<10, 4, (ap_q_mode)5, (ap_o_mode)3, 0>)' into 'void nnet::dense_latency<ap_fixed<26, 19, (ap_q_mode)5, (ap_o_mode)3, 0>, ap_fixed<14, 8, (ap_q_mode)5, (ap_o_mode)3, 0>, config3>(ap_fixed<26, 19, (ap_q_mode)5, (ap_o_mode)3, 0>*, ap_fixed<14, 8, (ap_q_mode)5, (ap_o_mode)3, 0>*, config3::weight_t*, config3::bias_t*)' (firmware/nnet_utils/nnet_dense_latency.h:42:27)
INFO: [HLS 214-131] Inlining function 'nnet::DenseLatency<ap_fixed<26, 19, (ap_q_mode)5, (ap_o_mode)3, 0>, ap_fixed<14, 8, (ap_q_mode)5, (ap_o_mode)3, 0>, config3>::dense(ap_fixed<26, 19, (ap_q_mode)5, (ap_o_mode)3, 0>*, ap_fixed<14, 8, (ap_q_mode)5, (ap_o_mode)3, 0>*, ap_fixed<10, 4, (ap_q_mode)5, (ap_o_mode)3, 0>*, ap_fixed<9, 3, (ap_q_mode)5, (ap_o_mode)3, 0>*)' into 'void nnet::dense<ap_fixed<26, 19, (ap_q_mode)5, (ap_o_mode)3, 0>, ap_fixed<14, 8, (ap_q_mode)5, (ap_o_mode)3, 0>, config3>(ap_fixed<26, 19, (ap_q_mode)5, (ap_o_mode)3, 0>*, ap_fixed<14, 8, (ap_q_mode)5, (ap_o_mode)3, 0>*, config3::weight_t*, config3::bias_t*)' (firmware/nnet_utils/nnet_dense.h:45:5)
INFO: [HLS 214-131] Inlining function 'nnet::product::mult<ap_ufixed<11, 6, (ap_q_mode)5, (ap_o_mode)3, 0>, ap_fixed<9, 5, (ap_q_mode)5, (ap_o_mode)3, 0> >::product(ap_ufixed<11, 6, (ap_q_mode)5, (ap_o_mode)3, 0>, ap_fixed<9, 5, (ap_q_mode)5, (ap_o_mode)3, 0>)' into 'void nnet::dense_latency<ap_ufixed<11, 6, (ap_q_mode)5, (ap_o_mode)3, 0>, ap_fixed<14, 11, (ap_q_mode)5, (ap_o_mode)3, 0>, config6>(ap_ufixed<11, 6, (ap_q_mode)5, (ap_o_mode)3, 0>*, ap_fixed<14, 11, (ap_q_mode)5, (ap_o_mode)3, 0>*, config6::weight_t*, config6::bias_t*)' (firmware/nnet_utils/nnet_dense_latency.h:42:27)
INFO: [HLS 214-131] Inlining function 'nnet::DenseLatency<ap_ufixed<11, 6, (ap_q_mode)5, (ap_o_mode)3, 0>, ap_fixed<14, 11, (ap_q_mode)5, (ap_o_mode)3, 0>, config6>::dense(ap_ufixed<11, 6, (ap_q_mode)5, (ap_o_mode)3, 0>*, ap_fixed<14, 11, (ap_q_mode)5, (ap_o_mode)3, 0>*, ap_fixed<9, 5, (ap_q_mode)5, (ap_o_mode)3, 0>*, ap_fixed<7, 4, (ap_q_mode)5, (ap_o_mode)3, 0>*)' into 'void nnet::dense<ap_ufixed<11, 6, (ap_q_mode)5, (ap_o_mode)3, 0>, ap_fixed<14, 11, (ap_q_mode)5, (ap_o_mode)3, 0>, config6>(ap_ufixed<11, 6, (ap_q_mode)5, (ap_o_mode)3, 0>*, ap_fixed<14, 11, (ap_q_mode)5, (ap_o_mode)3, 0>*, config6::weight_t*, config6::bias_t*)' (firmware/nnet_utils/nnet_dense.h:45:5)
INFO: [HLS 214-131] Inlining function 'nnet::product::mult<ap_ufixed<9, 7, (ap_q_mode)5, (ap_o_mode)3, 0>, ap_fixed<9, 4, (ap_q_mode)5, (ap_o_mode)3, 0> >::product(ap_ufixed<9, 7, (ap_q_mode)5, (ap_o_mode)3, 0>, ap_fixed<9, 4, (ap_q_mode)5, (ap_o_mode)3, 0>)' into 'void nnet::dense_latency<ap_ufixed<9, 7, (ap_q_mode)5, (ap_o_mode)3, 0>, ap_fixed<15, 11, (ap_q_mode)5, (ap_o_mode)3, 0>, config9>(ap_ufixed<9, 7, (ap_q_mode)5, (ap_o_mode)3, 0>*, ap_fixed<15, 11, (ap_q_mode)5, (ap_o_mode)3, 0>*, config9::weight_t*, config9::bias_t*)' (firmware/nnet_utils/nnet_dense_latency.h:42:27)
INFO: [HLS 214-131] Inlining function 'nnet::DenseLatency<ap_ufixed<9, 7, (ap_q_mode)5, (ap_o_mode)3, 0>, ap_fixed<15, 11, (ap_q_mode)5, (ap_o_mode)3, 0>, config9>::dense(ap_ufixed<9, 7, (ap_q_mode)5, (ap_o_mode)3, 0>*, ap_fixed<15, 11, (ap_q_mode)5, (ap_o_mode)3, 0>*, ap_fixed<9, 4, (ap_q_mode)5, (ap_o_mode)3, 0>*, ap_fixed<7, 3, (ap_q_mode)5, (ap_o_mode)3, 0>*)' into 'void nnet::dense<ap_ufixed<9, 7, (ap_q_mode)5, (ap_o_mode)3, 0>, ap_fixed<15, 11, (ap_q_mode)5, (ap_o_mode)3, 0>, config9>(ap_ufixed<9, 7, (ap_q_mode)5, (ap_o_mode)3, 0>*, ap_fixed<15, 11, (ap_q_mode)5, (ap_o_mode)3, 0>*, config9::weight_t*, config9::bias_t*)' (firmware/nnet_utils/nnet_dense.h:45:5)
INFO: [HLS 214-131] Inlining function 'nnet::product::mult<ap_ufixed<10, 7, (ap_q_mode)5, (ap_o_mode)3, 0>, ap_fixed<7, 1, (ap_q_mode)5, (ap_o_mode)3, 0> >::product(ap_ufixed<10, 7, (ap_q_mode)5, (ap_o_mode)3, 0>, ap_fixed<7, 1, (ap_q_mode)5, (ap_o_mode)3, 0>)' into 'void nnet::dense_latency<ap_ufixed<10, 7, (ap_q_mode)5, (ap_o_mode)3, 0>, ap_fixed<10, 7, (ap_q_mode)5, (ap_o_mode)3, 0>, config12>(ap_ufixed<10, 7, (ap_q_mode)5, (ap_o_mode)3, 0>*, ap_fixed<10, 7, (ap_q_mode)5, (ap_o_mode)3, 0>*, config12::weight_t*, config12::bias_t*)' (firmware/nnet_utils/nnet_dense_latency.h:42:27)
INFO: [HLS 214-131] Inlining function 'nnet::DenseLatency<ap_ufixed<10, 7, (ap_q_mode)5, (ap_o_mode)3, 0>, ap_fixed<10, 7, (ap_q_mode)5, (ap_o_mode)3, 0>, config12>::dense(ap_ufixed<10, 7, (ap_q_mode)5, (ap_o_mode)3, 0>*, ap_fixed<10, 7, (ap_q_mode)5, (ap_o_mode)3, 0>*, ap_fixed<7, 1, (ap_q_mode)5, (ap_o_mode)3, 0>*, ap_fixed<3, -2, (ap_q_mode)5, (ap_o_mode)3, 0>*)' into 'void nnet::dense<ap_ufixed<10, 7, (ap_q_mode)5, (ap_o_mode)3, 0>, ap_fixed<10, 7, (ap_q_mode)5, (ap_o_mode)3, 0>, config12>(ap_ufixed<10, 7, (ap_q_mode)5, (ap_o_mode)3, 0>*, ap_fixed<10, 7, (ap_q_mode)5, (ap_o_mode)3, 0>*, config12::weight_t*, config12::bias_t*)' (firmware/nnet_utils/nnet_dense.h:45:5)
INFO: [HLS 214-131] Inlining function 'void nnet::dense_0_iq<ap_fixed<27, 19, (ap_q_mode)5, (ap_o_mode)3, 0>, ap_fixed<26, 19, (ap_q_mode)5, (ap_o_mode)3, 0> >(ap_fixed<27, 19, (ap_q_mode)5, (ap_o_mode)3, 0>*, ap_fixed<26, 19, (ap_q_mode)5, (ap_o_mode)3, 0>*)' into 'hgq2_1_hls4ml_prj_Vitis_latency_reusefactor4(ap_fixed<27, 19, (ap_q_mode)5, (ap_o_mode)3, 0>*, ap_fixed<9, 7, (ap_q_mode)5, (ap_o_mode)3, 0>*)' (firmware/hgq2_1_hls4ml_prj_Vitis_latency_reusefactor4.cpp:71:5)
INFO: [HLS 214-131] Inlining function 'void nnet::dense_3_oq<ap_fixed<10, 7, (ap_q_mode)5, (ap_o_mode)3, 0>, ap_fixed<9, 7, (ap_q_mode)5, (ap_o_mode)3, 0> >(ap_fixed<10, 7, (ap_q_mode)5, (ap_o_mode)3, 0>*, ap_fixed<9, 7, (ap_q_mode)5, (ap_o_mode)3, 0>*)' into 'hgq2_1_hls4ml_prj_Vitis_latency_reusefactor4(ap_fixed<27, 19, (ap_q_mode)5, (ap_o_mode)3, 0>*, ap_fixed<9, 7, (ap_q_mode)5, (ap_o_mode)3, 0>*)' (firmware/hgq2_1_hls4ml_prj_Vitis_latency_reusefactor4.cpp:93:5)
INFO: [HLS 214-131] Inlining function 'void nnet::dense<ap_ufixed<10, 7, (ap_q_mode)5, (ap_o_mode)3, 0>, ap_fixed<10, 7, (ap_q_mode)5, (ap_o_mode)3, 0>, config12>(ap_ufixed<10, 7, (ap_q_mode)5, (ap_o_mode)3, 0>*, ap_fixed<10, 7, (ap_q_mode)5, (ap_o_mode)3, 0>*, config12::weight_t*, config12::bias_t*)' into 'hgq2_1_hls4ml_prj_Vitis_latency_reusefactor4(ap_fixed<27, 19, (ap_q_mode)5, (ap_o_mode)3, 0>*, ap_fixed<9, 7, (ap_q_mode)5, (ap_o_mode)3, 0>*)' (firmware/hgq2_1_hls4ml_prj_Vitis_latency_reusefactor4.cpp:91:5)
INFO: [HLS 214-131] Inlining function 'void nnet::dense<ap_fixed<26, 19, (ap_q_mode)5, (ap_o_mode)3, 0>, ap_fixed<14, 8, (ap_q_mode)5, (ap_o_mode)3, 0>, config3>(ap_fixed<26, 19, (ap_q_mode)5, (ap_o_mode)3, 0>*, ap_fixed<14, 8, (ap_q_mode)5, (ap_o_mode)3, 0>*, config3::weight_t*, config3::bias_t*)' into 'hgq2_1_hls4ml_prj_Vitis_latency_reusefactor4(ap_fixed<27, 19, (ap_q_mode)5, (ap_o_mode)3, 0>*, ap_fixed<9, 7, (ap_q_mode)5, (ap_o_mode)3, 0>*)' (firmware/hgq2_1_hls4ml_prj_Vitis_latency_reusefactor4.cpp:73:5)
INFO: [HLS 214-131] Inlining function 'void nnet::dense_1_iq<ap_ufixed<12, 6, (ap_q_mode)5, (ap_o_mode)3, 0>, ap_ufixed<11, 6, (ap_q_mode)5, (ap_o_mode)3, 0> >(ap_ufixed<12, 6, (ap_q_mode)5, (ap_o_mode)3, 0>*, ap_ufixed<11, 6, (ap_q_mode)5, (ap_o_mode)3, 0>*)' into 'hgq2_1_hls4ml_prj_Vitis_latency_reusefactor4(ap_fixed<27, 19, (ap_q_mode)5, (ap_o_mode)3, 0>*, ap_fixed<9, 7, (ap_q_mode)5, (ap_o_mode)3, 0>*)' (firmware/hgq2_1_hls4ml_prj_Vitis_latency_reusefactor4.cpp:77:5)
INFO: [HLS 214-131] Inlining function 'void nnet::dense_3_iq<ap_ufixed<11, 7, (ap_q_mode)5, (ap_o_mode)3, 0>, ap_ufixed<10, 7, (ap_q_mode)5, (ap_o_mode)3, 0> >(ap_ufixed<11, 7, (ap_q_mode)5, (ap_o_mode)3, 0>*, ap_ufixed<10, 7, (ap_q_mode)5, (ap_o_mode)3, 0>*)' into 'hgq2_1_hls4ml_prj_Vitis_latency_reusefactor4(ap_fixed<27, 19, (ap_q_mode)5, (ap_o_mode)3, 0>*, ap_fixed<9, 7, (ap_q_mode)5, (ap_o_mode)3, 0>*)' (firmware/hgq2_1_hls4ml_prj_Vitis_latency_reusefactor4.cpp:89:5)
INFO: [HLS 214-131] Inlining function 'void nnet::dense<ap_ufixed<11, 6, (ap_q_mode)5, (ap_o_mode)3, 0>, ap_fixed<14, 11, (ap_q_mode)5, (ap_o_mode)3, 0>, config6>(ap_ufixed<11, 6, (ap_q_mode)5, (ap_o_mode)3, 0>*, ap_fixed<14, 11, (ap_q_mode)5, (ap_o_mode)3, 0>*, config6::weight_t*, config6::bias_t*)' into 'hgq2_1_hls4ml_prj_Vitis_latency_reusefactor4(ap_fixed<27, 19, (ap_q_mode)5, (ap_o_mode)3, 0>*, ap_fixed<9, 7, (ap_q_mode)5, (ap_o_mode)3, 0>*)' (firmware/hgq2_1_hls4ml_prj_Vitis_latency_reusefactor4.cpp:79:5)
INFO: [HLS 214-131] Inlining function 'void nnet::dense_2_iq<ap_ufixed<10, 7, (ap_q_mode)5, (ap_o_mode)3, 0>, ap_ufixed<9, 7, (ap_q_mode)5, (ap_o_mode)3, 0> >(ap_ufixed<10, 7, (ap_q_mode)5, (ap_o_mode)3, 0>*, ap_ufixed<9, 7, (ap_q_mode)5, (ap_o_mode)3, 0>*)' into 'hgq2_1_hls4ml_prj_Vitis_latency_reusefactor4(ap_fixed<27, 19, (ap_q_mode)5, (ap_o_mode)3, 0>*, ap_fixed<9, 7, (ap_q_mode)5, (ap_o_mode)3, 0>*)' (firmware/hgq2_1_hls4ml_prj_Vitis_latency_reusefactor4.cpp:83:5)
INFO: [HLS 214-131] Inlining function 'void nnet::dense<ap_ufixed<9, 7, (ap_q_mode)5, (ap_o_mode)3, 0>, ap_fixed<15, 11, (ap_q_mode)5, (ap_o_mode)3, 0>, config9>(ap_ufixed<9, 7, (ap_q_mode)5, (ap_o_mode)3, 0>*, ap_fixed<15, 11, (ap_q_mode)5, (ap_o_mode)3, 0>*, config9::weight_t*, config9::bias_t*)' into 'hgq2_1_hls4ml_prj_Vitis_latency_reusefactor4(ap_fixed<27, 19, (ap_q_mode)5, (ap_o_mode)3, 0>*, ap_fixed<9, 7, (ap_q_mode)5, (ap_o_mode)3, 0>*)' (firmware/hgq2_1_hls4ml_prj_Vitis_latency_reusefactor4.cpp:85:5)
INFO: [HLS 214-291] Loop 'Result' is marked as complete unroll implied by the pipeline pragma (firmware/nnet_utils/nnet_dense_latency.h:64:5)
INFO: [HLS 214-291] Loop 'Accum1' is marked as complete unroll implied by the pipeline pragma (firmware/nnet_utils/nnet_dense_latency.h:54:5)
INFO: [HLS 214-291] Loop 'Accum2' is marked as complete unroll implied by the pipeline pragma (firmware/nnet_utils/nnet_dense_latency.h:56:9)
INFO: [HLS 214-291] Loop 'ResetAccum' is marked as complete unroll implied by the pipeline pragma (firmware/nnet_utils/nnet_dense_latency.h:48:5)
INFO: [HLS 214-291] Loop 'Product1' is marked as complete unroll implied by the pipeline pragma (firmware/nnet_utils/nnet_dense_latency.h:37:5)
INFO: [HLS 214-291] Loop 'Product2' is marked as complete unroll implied by the pipeline pragma (firmware/nnet_utils/nnet_dense_latency.h:40:9)
INFO: [HLS 214-291] Loop 'VITIS_LOOP_43_1' is marked as complete unroll implied by the pipeline pragma (firmware/nnet_utils/nnet_activation.h:43:22)
INFO: [HLS 214-186] Unrolling loop 'Result' (firmware/nnet_utils/nnet_dense_latency.h:64:5) in function 'nnet::dense_latency<ap_ufixed<10, 7, (ap_q_mode)5, (ap_o_mode)3, 0>, ap_fixed<10, 7, (ap_q_mode)5, (ap_o_mode)3, 0>, config12>' completely with a factor of 5 (firmware/nnet_utils/nnet_dense_latency.h:15:0)
INFO: [HLS 214-186] Unrolling loop 'Accum1' (firmware/nnet_utils/nnet_dense_latency.h:54:5) in function 'nnet::dense_latency<ap_ufixed<10, 7, (ap_q_mode)5, (ap_o_mode)3, 0>, ap_fixed<10, 7, (ap_q_mode)5, (ap_o_mode)3, 0>, config12>' completely with a factor of 32 (firmware/nnet_utils/nnet_dense_latency.h:15:0)
INFO: [HLS 214-186] Unrolling loop 'Accum2' (firmware/nnet_utils/nnet_dense_latency.h:56:9) in function 'nnet::dense_latency<ap_ufixed<10, 7, (ap_q_mode)5, (ap_o_mode)3, 0>, ap_fixed<10, 7, (ap_q_mode)5, (ap_o_mode)3, 0>, config12>' completely with a factor of 5 (firmware/nnet_utils/nnet_dense_latency.h:15:0)
INFO: [HLS 214-186] Unrolling loop 'ResetAccum' (firmware/nnet_utils/nnet_dense_latency.h:48:5) in function 'nnet::dense_latency<ap_ufixed<10, 7, (ap_q_mode)5, (ap_o_mode)3, 0>, ap_fixed<10, 7, (ap_q_mode)5, (ap_o_mode)3, 0>, config12>' completely with a factor of 5 (firmware/nnet_utils/nnet_dense_latency.h:15:0)
INFO: [HLS 214-186] Unrolling loop 'Product1' (firmware/nnet_utils/nnet_dense_latency.h:37:5) in function 'nnet::dense_latency<ap_ufixed<10, 7, (ap_q_mode)5, (ap_o_mode)3, 0>, ap_fixed<10, 7, (ap_q_mode)5, (ap_o_mode)3, 0>, config12>' completely with a factor of 32 (firmware/nnet_utils/nnet_dense_latency.h:15:0)
INFO: [HLS 214-186] Unrolling loop 'Product2' (firmware/nnet_utils/nnet_dense_latency.h:40:9) in function 'nnet::dense_latency<ap_ufixed<10, 7, (ap_q_mode)5, (ap_o_mode)3, 0>, ap_fixed<10, 7, (ap_q_mode)5, (ap_o_mode)3, 0>, config12>' completely with a factor of 5 (firmware/nnet_utils/nnet_dense_latency.h:15:0)
INFO: [HLS 214-186] Unrolling loop 'VITIS_LOOP_43_1' (firmware/nnet_utils/nnet_activation.h:43:22) in function 'nnet::relu<ap_fixed<15, 11, (ap_q_mode)5, (ap_o_mode)3, 0>, ap_ufixed<11, 7, (ap_q_mode)5, (ap_o_mode)3, 0>, relu_config10>' completely with a factor of 32 (firmware/nnet_utils/nnet_activation.h:39:0)
INFO: [HLS 214-186] Unrolling loop 'Result' (firmware/nnet_utils/nnet_dense_latency.h:64:5) in function 'nnet::dense_latency<ap_ufixed<9, 7, (ap_q_mode)5, (ap_o_mode)3, 0>, ap_fixed<15, 11, (ap_q_mode)5, (ap_o_mode)3, 0>, config9>' completely with a factor of 32 (firmware/nnet_utils/nnet_dense_latency.h:15:0)
INFO: [HLS 214-186] Unrolling loop 'Accum1' (firmware/nnet_utils/nnet_dense_latency.h:54:5) in function 'nnet::dense_latency<ap_ufixed<9, 7, (ap_q_mode)5, (ap_o_mode)3, 0>, ap_fixed<15, 11, (ap_q_mode)5, (ap_o_mode)3, 0>, config9>' completely with a factor of 32 (firmware/nnet_utils/nnet_dense_latency.h:15:0)
INFO: [HLS 214-186] Unrolling loop 'Accum2' (firmware/nnet_utils/nnet_dense_latency.h:56:9) in function 'nnet::dense_latency<ap_ufixed<9, 7, (ap_q_mode)5, (ap_o_mode)3, 0>, ap_fixed<15, 11, (ap_q_mode)5, (ap_o_mode)3, 0>, config9>' completely with a factor of 32 (firmware/nnet_utils/nnet_dense_latency.h:15:0)
INFO: [HLS 214-186] Unrolling loop 'ResetAccum' (firmware/nnet_utils/nnet_dense_latency.h:48:5) in function 'nnet::dense_latency<ap_ufixed<9, 7, (ap_q_mode)5, (ap_o_mode)3, 0>, ap_fixed<15, 11, (ap_q_mode)5, (ap_o_mode)3, 0>, config9>' completely with a factor of 32 (firmware/nnet_utils/nnet_dense_latency.h:15:0)
INFO: [HLS 214-186] Unrolling loop 'Product1' (firmware/nnet_utils/nnet_dense_latency.h:37:5) in function 'nnet::dense_latency<ap_ufixed<9, 7, (ap_q_mode)5, (ap_o_mode)3, 0>, ap_fixed<15, 11, (ap_q_mode)5, (ap_o_mode)3, 0>, config9>' completely with a factor of 32 (firmware/nnet_utils/nnet_dense_latency.h:15:0)
INFO: [HLS 214-186] Unrolling loop 'Product2' (firmware/nnet_utils/nnet_dense_latency.h:40:9) in function 'nnet::dense_latency<ap_ufixed<9, 7, (ap_q_mode)5, (ap_o_mode)3, 0>, ap_fixed<15, 11, (ap_q_mode)5, (ap_o_mode)3, 0>, config9>' completely with a factor of 32 (firmware/nnet_utils/nnet_dense_latency.h:15:0)
INFO: [HLS 214-186] Unrolling loop 'VITIS_LOOP_43_1' (firmware/nnet_utils/nnet_activation.h:43:22) in function 'nnet::relu<ap_fixed<14, 11, (ap_q_mode)5, (ap_o_mode)3, 0>, ap_ufixed<10, 7, (ap_q_mode)5, (ap_o_mode)3, 0>, relu_config7>' completely with a factor of 32 (firmware/nnet_utils/nnet_activation.h:39:0)
INFO: [HLS 214-186] Unrolling loop 'Result' (firmware/nnet_utils/nnet_dense_latency.h:64:5) in function 'nnet::dense_latency<ap_ufixed<11, 6, (ap_q_mode)5, (ap_o_mode)3, 0>, ap_fixed<14, 11, (ap_q_mode)5, (ap_o_mode)3, 0>, config6>' completely with a factor of 32 (firmware/nnet_utils/nnet_dense_latency.h:15:0)
INFO: [HLS 214-186] Unrolling loop 'Accum1' (firmware/nnet_utils/nnet_dense_latency.h:54:5) in function 'nnet::dense_latency<ap_ufixed<11, 6, (ap_q_mode)5, (ap_o_mode)3, 0>, ap_fixed<14, 11, (ap_q_mode)5, (ap_o_mode)3, 0>, config6>' completely with a factor of 64 (firmware/nnet_utils/nnet_dense_latency.h:15:0)
INFO: [HLS 214-186] Unrolling loop 'Accum2' (firmware/nnet_utils/nnet_dense_latency.h:56:9) in function 'nnet::dense_latency<ap_ufixed<11, 6, (ap_q_mode)5, (ap_o_mode)3, 0>, ap_fixed<14, 11, (ap_q_mode)5, (ap_o_mode)3, 0>, config6>' completely with a factor of 32 (firmware/nnet_utils/nnet_dense_latency.h:15:0)
INFO: [HLS 214-186] Unrolling loop 'ResetAccum' (firmware/nnet_utils/nnet_dense_latency.h:48:5) in function 'nnet::dense_latency<ap_ufixed<11, 6, (ap_q_mode)5, (ap_o_mode)3, 0>, ap_fixed<14, 11, (ap_q_mode)5, (ap_o_mode)3, 0>, config6>' completely with a factor of 32 (firmware/nnet_utils/nnet_dense_latency.h:15:0)
INFO: [HLS 214-186] Unrolling loop 'Product1' (firmware/nnet_utils/nnet_dense_latency.h:37:5) in function 'nnet::dense_latency<ap_ufixed<11, 6, (ap_q_mode)5, (ap_o_mode)3, 0>, ap_fixed<14, 11, (ap_q_mode)5, (ap_o_mode)3, 0>, config6>' completely with a factor of 64 (firmware/nnet_utils/nnet_dense_latency.h:15:0)
INFO: [HLS 214-186] Unrolling loop 'Product2' (firmware/nnet_utils/nnet_dense_latency.h:40:9) in function 'nnet::dense_latency<ap_ufixed<11, 6, (ap_q_mode)5, (ap_o_mode)3, 0>, ap_fixed<14, 11, (ap_q_mode)5, (ap_o_mode)3, 0>, config6>' completely with a factor of 32 (firmware/nnet_utils/nnet_dense_latency.h:15:0)
INFO: [HLS 214-186] Unrolling loop 'VITIS_LOOP_43_1' (firmware/nnet_utils/nnet_activation.h:43:22) in function 'nnet::relu<ap_fixed<14, 8, (ap_q_mode)5, (ap_o_mode)3, 0>, ap_ufixed<12, 6, (ap_q_mode)5, (ap_o_mode)3, 0>, relu_config4>' completely with a factor of 64 (firmware/nnet_utils/nnet_activation.h:39:0)
INFO: [HLS 214-186] Unrolling loop 'Result' (firmware/nnet_utils/nnet_dense_latency.h:64:5) in function 'nnet::dense_latency<ap_fixed<26, 19, (ap_q_mode)5, (ap_o_mode)3, 0>, ap_fixed<14, 8, (ap_q_mode)5, (ap_o_mode)3, 0>, config3>' completely with a factor of 64 (firmware/nnet_utils/nnet_dense_latency.h:15:0)
INFO: [HLS 214-186] Unrolling loop 'Accum1' (firmware/nnet_utils/nnet_dense_latency.h:54:5) in function 'nnet::dense_latency<ap_fixed<26, 19, (ap_q_mode)5, (ap_o_mode)3, 0>, ap_fixed<14, 8, (ap_q_mode)5, (ap_o_mode)3, 0>, config3>' completely with a factor of 16 (firmware/nnet_utils/nnet_dense_latency.h:15:0)
INFO: [HLS 214-186] Unrolling loop 'Accum2' (firmware/nnet_utils/nnet_dense_latency.h:56:9) in function 'nnet::dense_latency<ap_fixed<26, 19, (ap_q_mode)5, (ap_o_mode)3, 0>, ap_fixed<14, 8, (ap_q_mode)5, (ap_o_mode)3, 0>, config3>' completely with a factor of 64 (firmware/nnet_utils/nnet_dense_latency.h:15:0)
INFO: [HLS 214-186] Unrolling loop 'ResetAccum' (firmware/nnet_utils/nnet_dense_latency.h:48:5) in function 'nnet::dense_latency<ap_fixed<26, 19, (ap_q_mode)5, (ap_o_mode)3, 0>, ap_fixed<14, 8, (ap_q_mode)5, (ap_o_mode)3, 0>, config3>' completely with a factor of 64 (firmware/nnet_utils/nnet_dense_latency.h:15:0)
INFO: [HLS 214-186] Unrolling loop 'Product1' (firmware/nnet_utils/nnet_dense_latency.h:37:5) in function 'nnet::dense_latency<ap_fixed<26, 19, (ap_q_mode)5, (ap_o_mode)3, 0>, ap_fixed<14, 8, (ap_q_mode)5, (ap_o_mode)3, 0>, config3>' completely with a factor of 16 (firmware/nnet_utils/nnet_dense_latency.h:15:0)
INFO: [HLS 214-186] Unrolling loop 'Product2' (firmware/nnet_utils/nnet_dense_latency.h:40:9) in function 'nnet::dense_latency<ap_fixed<26, 19, (ap_q_mode)5, (ap_o_mode)3, 0>, ap_fixed<14, 8, (ap_q_mode)5, (ap_o_mode)3, 0>, config3>' completely with a factor of 64 (firmware/nnet_utils/nnet_dense_latency.h:15:0)
INFO: [HLS 214-178] Inlining function 'std::enable_if<!(std::is_same<ap_ufixed<11, 6, (ap_q_mode)5, (ap_o_mode)3, 0>, ap_uint<1> >::value), ap_fixed<14, 11, (ap_q_mode)5, (ap_o_mode)3, 0> >::type nnet::cast<ap_ufixed<11, 6, (ap_q_mode)5, (ap_o_mode)3, 0>, ap_fixed<14, 11, (ap_q_mode)5, (ap_o_mode)3, 0>, config6>(config6::accum_t)' into 'void nnet::dense_latency<ap_ufixed<11, 6, (ap_q_mode)5, (ap_o_mode)3, 0>, ap_fixed<14, 11, (ap_q_mode)5, (ap_o_mode)3, 0>, config6>(ap_ufixed<11, 6, (ap_q_mode)5, (ap_o_mode)3, 0>*, ap_fixed<14, 11, (ap_q_mode)5, (ap_o_mode)3, 0>*, config6::weight_t*, config6::bias_t*)' (firmware/nnet_utils/nnet_dense_latency.h:15:0)
INFO: [HLS 214-178] Inlining function 'std::enable_if<!(std::is_same<ap_ufixed<9, 7, (ap_q_mode)5, (ap_o_mode)3, 0>, ap_uint<1> >::value), ap_fixed<15, 11, (ap_q_mode)5, (ap_o_mode)3, 0> >::type nnet::cast<ap_ufixed<9, 7, (ap_q_mode)5, (ap_o_mode)3, 0>, ap_fixed<15, 11, (ap_q_mode)5, (ap_o_mode)3, 0>, config9>(config9::accum_t)' into 'void nnet::dense_latency<ap_ufixed<9, 7, (ap_q_mode)5, (ap_o_mode)3, 0>, ap_fixed<15, 11, (ap_q_mode)5, (ap_o_mode)3, 0>, config9>(ap_ufixed<9, 7, (ap_q_mode)5, (ap_o_mode)3, 0>*, ap_fixed<15, 11, (ap_q_mode)5, (ap_o_mode)3, 0>*, config9::weight_t*, config9::bias_t*)' (firmware/nnet_utils/nnet_dense_latency.h:15:0)
INFO: [HLS 214-178] Inlining function 'std::enable_if<!(std::is_same<ap_ufixed<10, 7, (ap_q_mode)5, (ap_o_mode)3, 0>, ap_uint<1> >::value), ap_fixed<10, 7, (ap_q_mode)5, (ap_o_mode)3, 0> >::type nnet::cast<ap_ufixed<10, 7, (ap_q_mode)5, (ap_o_mode)3, 0>, ap_fixed<10, 7, (ap_q_mode)5, (ap_o_mode)3, 0>, config12>(config12::accum_t)' into 'void nnet::dense_latency<ap_ufixed<10, 7, (ap_q_mode)5, (ap_o_mode)3, 0>, ap_fixed<10, 7, (ap_q_mode)5, (ap_o_mode)3, 0>, config12>(ap_ufixed<10, 7, (ap_q_mode)5, (ap_o_mode)3, 0>*, ap_fixed<10, 7, (ap_q_mode)5, (ap_o_mode)3, 0>*, config12::weight_t*, config12::bias_t*)' (firmware/nnet_utils/nnet_dense_latency.h:15:0)
INFO: [HLS 214-248] Applying array_partition to 'b12': Complete partitioning on dimension 1. (firmware/weights/b12.h:12:0)
INFO: [HLS 214-248] Applying array_partition to 'b9': Complete partitioning on dimension 1. (firmware/weights/b9.h:12:0)
INFO: [HLS 214-248] Applying array_partition to 'b6': Complete partitioning on dimension 1. (firmware/weights/b6.h:12:0)
INFO: [HLS 214-248] Applying array_partition to 'b3': Complete partitioning on dimension 1. (firmware/weights/b3.h:12:0)
INFO: [HLS 214-248] Applying array_partition to 'mult': Complete partitioning on dimension 1. (firmware/nnet_utils/nnet_dense_latency.h:17:32)
INFO: [HLS 214-248] Applying array_partition to 'layer2_out': Complete partitioning on dimension 1. (firmware/hgq2_1_hls4ml_prj_Vitis_latency_reusefactor4.cpp:38:18)
INFO: [HLS 214-248] Applying array_partition to 'layer3_out': Complete partitioning on dimension 1. (firmware/hgq2_1_hls4ml_prj_Vitis_latency_reusefactor4.cpp:41:15)
INFO: [HLS 214-248] Applying array_partition to 'layer4_out': Complete partitioning on dimension 1. (firmware/hgq2_1_hls4ml_prj_Vitis_latency_reusefactor4.cpp:44:20)
INFO: [HLS 214-248] Applying array_partition to 'layer5_out': Complete partitioning on dimension 1. (firmware/hgq2_1_hls4ml_prj_Vitis_latency_reusefactor4.cpp:47:18)
INFO: [HLS 214-248] Applying array_partition to 'layer6_out': Complete partitioning on dimension 1. (firmware/hgq2_1_hls4ml_prj_Vitis_latency_reusefactor4.cpp:50:15)
INFO: [HLS 214-248] Applying array_partition to 'layer7_out': Complete partitioning on dimension 1. (firmware/hgq2_1_hls4ml_prj_Vitis_latency_reusefactor4.cpp:53:20)
INFO: [HLS 214-248] Applying array_partition to 'layer8_out': Complete partitioning on dimension 1. (firmware/hgq2_1_hls4ml_prj_Vitis_latency_reusefactor4.cpp:56:18)
INFO: [HLS 214-248] Applying array_partition to 'layer9_out': Complete partitioning on dimension 1. (firmware/hgq2_1_hls4ml_prj_Vitis_latency_reusefactor4.cpp:59:15)
INFO: [HLS 214-248] Applying array_partition to 'layer10_out': Complete partitioning on dimension 1. (firmware/hgq2_1_hls4ml_prj_Vitis_latency_reusefactor4.cpp:62:20)
INFO: [HLS 214-248] Applying array_partition to 'layer11_out': Complete partitioning on dimension 1. (firmware/hgq2_1_hls4ml_prj_Vitis_latency_reusefactor4.cpp:65:18)
INFO: [HLS 214-248] Applying array_partition to 'layer12_out': Complete partitioning on dimension 1. (firmware/hgq2_1_hls4ml_prj_Vitis_latency_reusefactor4.cpp:68:15)
INFO: [HLS 214-248] Applying array_partition to 'layer13_out': Complete partitioning on dimension 1. (firmware/hgq2_1_hls4ml_prj_Vitis_latency_reusefactor4.cpp:10:0)
INFO: [HLS 214-248] Applying array_reshape to 'input_layer': Complete reshaping on dimension 1. (firmware/hgq2_1_hls4ml_prj_Vitis_latency_reusefactor4.cpp:10:0)
INFO: [HLS 200-111] Finished Compiling Optimization and Transform: CPU user time: 31.69 seconds. CPU system time: 0.38 seconds. Elapsed time: 33.18 seconds; current allocated memory: 322.637 MB.
INFO: [HLS 200-111] Finished Checking Pragmas: CPU user time: 0 seconds. CPU system time: 0 seconds. Elapsed time: 0 seconds; current allocated memory: 322.637 MB.
INFO: [HLS 200-10] Starting code transformations ...
INFO: [HLS 200-111] Finished Standard Transforms: CPU user time: 0.06 seconds. CPU system time: 0.01 seconds. Elapsed time: 0.11 seconds; current allocated memory: 328.176 MB.
INFO: [HLS 200-10] Checking synthesizability ...
INFO: [HLS 200-111] Finished Checking Synthesizability: CPU user time: 0.07 seconds. CPU system time: 0 seconds. Elapsed time: 0.07 seconds; current allocated memory: 331.695 MB.
INFO: [XFORM 203-602] Inlining function 'nnet::cast<ap_fixed<26, 19, (ap_q_mode)5, (ap_o_mode)3, 0>, ap_fixed<14, 8, (ap_q_mode)5, (ap_o_mode)3, 0>, config3>' into 'nnet::dense_latency<ap_fixed<26, 19, (ap_q_mode)5, (ap_o_mode)3, 0>, ap_fixed<14, 8, (ap_q_mode)5, (ap_o_mode)3, 0>, config3>' (firmware/nnet_utils/nnet_dense_latency.h:66->firmware/hgq2_1_hls4ml_prj_Vitis_latency_reusefactor4.cpp:54) automatically.
INFO: [XFORM 203-11] Balancing expressions in function 'nnet::dense_latency<ap_ufixed<9, 7, (ap_q_mode)5, (ap_o_mode)3, 0>, ap_fixed<15, 11, (ap_q_mode)5, (ap_o_mode)3, 0>, config9>' (firmware/nnet_utils/nnet_mult.h:33:12)...77 expression(s) balanced.
INFO: [XFORM 203-11] Balancing expressions in function 'nnet::dense_latency<ap_ufixed<11, 6, (ap_q_mode)5, (ap_o_mode)3, 0>, ap_fixed<14, 11, (ap_q_mode)5, (ap_o_mode)3, 0>, config6>' (firmware/nnet_utils/nnet_mult.h:33:12)...103 expression(s) balanced.
INFO: [XFORM 203-11] Balancing expressions in function 'nnet::dense_latency<ap_ufixed<10, 7, (ap_q_mode)5, (ap_o_mode)3, 0>, ap_fixed<10, 7, (ap_q_mode)5, (ap_o_mode)3, 0>, config12>' (firmware/nnet_utils/nnet_dense_latency.h:26:1)...37 expression(s) balanced.
INFO: [XFORM 203-11] Balancing expressions in function 'nnet::dense_latency<ap_fixed<26, 19, (ap_q_mode)5, (ap_o_mode)3, 0>, ap_fixed<14, 8, (ap_q_mode)5, (ap_o_mode)3, 0>, config3>' (firmware/nnet_utils/nnet_mult.h:33:12)...65 expression(s) balanced.
INFO: [HLS 200-111] Finished Loop, function and other optimizations: CPU user time: 0.19 seconds. CPU system time: 0.01 seconds. Elapsed time: 0.21 seconds; current allocated memory: 358.484 MB.
INFO: [HLS 200-111] Finished Architecture Synthesis: CPU user time: 0.25 seconds. CPU system time: 0.01 seconds. Elapsed time: 0.32 seconds; current allocated memory: 425.020 MB.
INFO: [HLS 200-10] Starting hardware synthesis ...
INFO: [HLS 200-10] Synthesizing 'hgq2_1_hls4ml_prj_Vitis_latency_reusefactor4' ...
WARNING: [SYN 201-103] Legalizing function name 'dense_latency<ap_fixed<26, 19, 5, 3, 0>, ap_fixed<14, 8, 5, 3, 0>, config3>' to 'dense_latency_ap_fixed_26_19_5_3_0_ap_fixed_14_8_5_3_0_config3_s'.
WARNING: [SYN 201-103] Legalizing function name 'relu<ap_fixed<14, 8, 5, 3, 0>, ap_ufixed<12, 6, 5, 3, 0>, relu_config4>' to 'relu_ap_fixed_14_8_5_3_0_ap_ufixed_12_6_5_3_0_relu_config4_s'.
WARNING: [SYN 201-103] Legalizing function name 'dense_latency<ap_ufixed<11, 6, 5, 3, 0>, ap_fixed<14, 11, 5, 3, 0>, config6>' to 'dense_latency_ap_ufixed_11_6_5_3_0_ap_fixed_14_11_5_3_0_config6_s'.
WARNING: [SYN 201-103] Legalizing function name 'relu<ap_fixed<14, 11, 5, 3, 0>, ap_ufixed<10, 7, 5, 3, 0>, relu_config7>' to 'relu_ap_fixed_14_11_5_3_0_ap_ufixed_10_7_5_3_0_relu_config7_s'.
WARNING: [SYN 201-103] Legalizing function name 'dense_latency<ap_ufixed<9, 7, 5, 3, 0>, ap_fixed<15, 11, 5, 3, 0>, config9>' to 'dense_latency_ap_ufixed_9_7_5_3_0_ap_fixed_15_11_5_3_0_config9_s'.
WARNING: [SYN 201-103] Legalizing function name 'relu<ap_fixed<15, 11, 5, 3, 0>, ap_ufixed<11, 7, 5, 3, 0>, relu_config10>' to 'relu_ap_fixed_15_11_5_3_0_ap_ufixed_11_7_5_3_0_relu_config10_s'.
WARNING: [SYN 201-103] Legalizing function name 'dense_latency<ap_ufixed<10, 7, 5, 3, 0>, ap_fixed<10, 7, 5, 3, 0>, config12>' to 'dense_latency_ap_ufixed_10_7_5_3_0_ap_fixed_10_7_5_3_0_config12_s'.
WARNING: [SYN 201-223] Checking resource limit in 'dense_latency<ap_ufixed<11, 6, 5, 3, 0>, ap_fixed<14, 11, 5, 3, 0>, config6>': cannot find any operation of 'mul'.
WARNING: [SYN 201-223] Checking resource limit in 'dense_latency<ap_ufixed<10, 7, 5, 3, 0>, ap_fixed<10, 7, 5, 3, 0>, config12>': cannot find any operation of 'mul'.
INFO: [HLS 200-10] ----------------------------------------------------------------
INFO: [HLS 200-42] -- Implementing module 'dense_latency_ap_fixed_26_19_5_3_0_ap_fixed_14_8_5_3_0_config3_s' 
INFO: [HLS 200-10] ----------------------------------------------------------------
INFO: [SCHED 204-11] Starting scheduling ...
INFO: [SCHED 204-61] Pipelining function 'dense_latency<ap_fixed<26, 19, 5, 3, 0>, ap_fixed<14, 8, 5, 3, 0>, config3>'.
INFO: [HLS 200-1470] Pipelining result : Target II = NA, Final II = 2, Depth = 2, function 'dense_latency<ap_fixed<26, 19, 5, 3, 0>, ap_fixed<14, 8, 5, 3, 0>, config3>'
INFO: [SCHED 204-11] Finished scheduling.
INFO: [HLS 200-111] Finished Scheduling: CPU user time: 0.11 seconds. CPU system time: 0.02 seconds. Elapsed time: 0.14 seconds; current allocated memory: 429.402 MB.
INFO: [BIND 205-100] Starting micro-architecture generation ...
INFO: [BIND 205-101] Performing variable lifetime analysis.
INFO: [BIND 205-101] Exploring resource sharing.
INFO: [BIND 205-101] Binding ...
INFO: [BIND 205-100] Starting global binding ...
INFO: [BIND 205-100] Finished micro-architecture generation.
INFO: [HLS 200-111] Finished Binding: CPU user time: 0.03 seconds. CPU system time: 0 seconds. Elapsed time: 0.04 seconds; current allocated memory: 429.402 MB.
INFO: [HLS 200-10] ----------------------------------------------------------------
INFO: [HLS 200-42] -- Implementing module 'relu_ap_fixed_14_8_5_3_0_ap_ufixed_12_6_5_3_0_relu_config4_s' 
INFO: [HLS 200-10] ----------------------------------------------------------------
INFO: [SCHED 204-11] Starting scheduling ...
INFO: [SCHED 204-61] Pipelining function 'relu<ap_fixed<14, 8, 5, 3, 0>, ap_ufixed<12, 6, 5, 3, 0>, relu_config4>'.
INFO: [HLS 200-1470] Pipelining result : Target II = NA, Final II = 1, Depth = 1, function 'relu<ap_fixed<14, 8, 5, 3, 0>, ap_ufixed<12, 6, 5, 3, 0>, relu_config4>'
INFO: [SCHED 204-11] Finished scheduling.
INFO: [HLS 200-111] Finished Scheduling: CPU user time: 0.03 seconds. CPU system time: 0 seconds. Elapsed time: 0.03 seconds; current allocated memory: 429.598 MB.
INFO: [BIND 205-100] Starting micro-architecture generation ...
INFO: [BIND 205-101] Performing variable lifetime analysis.
INFO: [BIND 205-101] Exploring resource sharing.
INFO: [BIND 205-101] Binding ...
INFO: [BIND 205-100] Finished micro-architecture generation.
INFO: [HLS 200-111] Finished Binding: CPU user time: 0.01 seconds. CPU system time: 0 seconds. Elapsed time: 0 seconds; current allocated memory: 429.598 MB.
INFO: [HLS 200-10] ----------------------------------------------------------------
INFO: [HLS 200-42] -- Implementing module 'dense_latency_ap_ufixed_11_6_5_3_0_ap_fixed_14_11_5_3_0_config6_s' 
INFO: [HLS 200-10] ----------------------------------------------------------------
INFO: [SCHED 204-11] Starting scheduling ...
INFO: [SCHED 204-61] Pipelining function 'dense_latency<ap_ufixed<11, 6, 5, 3, 0>, ap_fixed<14, 11, 5, 3, 0>, config6>'.
INFO: [HLS 200-1470] Pipelining result : Target II = NA, Final II = 2, Depth = 2, function 'dense_latency<ap_ufixed<11, 6, 5, 3, 0>, ap_fixed<14, 11, 5, 3, 0>, config6>'
INFO: [SCHED 204-11] Finished scheduling.
INFO: [HLS 200-111] Finished Scheduling: CPU user time: 0.1 seconds. CPU system time: 0.01 seconds. Elapsed time: 0.1 seconds; current allocated memory: 434.871 MB.
INFO: [BIND 205-100] Starting micro-architecture generation ...
INFO: [BIND 205-101] Performing variable lifetime analysis.
INFO: [BIND 205-101] Exploring resource sharing.
INFO: [BIND 205-101] Binding ...
INFO: [BIND 205-100] Finished micro-architecture generation.
INFO: [HLS 200-111] Finished Binding: CPU user time: 0.02 seconds. CPU system time: 0 seconds. Elapsed time: 0.03 seconds; current allocated memory: 434.871 MB.
INFO: [HLS 200-10] ----------------------------------------------------------------
INFO: [HLS 200-42] -- Implementing module 'relu_ap_fixed_14_11_5_3_0_ap_ufixed_10_7_5_3_0_relu_config7_s' 
INFO: [HLS 200-10] ----------------------------------------------------------------
INFO: [SCHED 204-11] Starting scheduling ...
INFO: [SCHED 204-61] Pipelining function 'relu<ap_fixed<14, 11, 5, 3, 0>, ap_ufixed<10, 7, 5, 3, 0>, relu_config7>'.
INFO: [HLS 200-1470] Pipelining result : Target II = NA, Final II = 1, Depth = 1, function 'relu<ap_fixed<14, 11, 5, 3, 0>, ap_ufixed<10, 7, 5, 3, 0>, relu_config7>'
INFO: [SCHED 204-11] Finished scheduling.
INFO: [HLS 200-111] Finished Scheduling: CPU user time: 0.04 seconds. CPU system time: 0 seconds. Elapsed time: 0.04 seconds; current allocated memory: 434.871 MB.
INFO: [BIND 205-100] Starting micro-architecture generation ...
INFO: [BIND 205-101] Performing variable lifetime analysis.
INFO: [BIND 205-101] Exploring resource sharing.
INFO: [BIND 205-101] Binding ...
INFO: [BIND 205-100] Finished micro-architecture generation.
INFO: [HLS 200-111] Finished Binding: CPU user time: 0 seconds. CPU system time: 0 seconds. Elapsed time: 0 seconds; current allocated memory: 434.871 MB.
INFO: [HLS 200-10] ----------------------------------------------------------------
INFO: [HLS 200-42] -- Implementing module 'dense_latency_ap_ufixed_9_7_5_3_0_ap_fixed_15_11_5_3_0_config9_s' 
INFO: [HLS 200-10] ----------------------------------------------------------------
INFO: [SCHED 204-11] Starting scheduling ...
INFO: [SCHED 204-61] Pipelining function 'dense_latency<ap_ufixed<9, 7, 5, 3, 0>, ap_fixed<15, 11, 5, 3, 0>, config9>'.
INFO: [HLS 200-1470] Pipelining result : Target II = NA, Final II = 2, Depth = 2, function 'dense_latency<ap_ufixed<9, 7, 5, 3, 0>, ap_fixed<15, 11, 5, 3, 0>, config9>'
INFO: [SCHED 204-11] Finished scheduling.
INFO: [HLS 200-111] Finished Scheduling: CPU user time: 0.07 seconds. CPU system time: 0.01 seconds. Elapsed time: 0.07 seconds; current allocated memory: 438.684 MB.
INFO: [BIND 205-100] Starting micro-architecture generation ...
INFO: [BIND 205-101] Performing variable lifetime analysis.
INFO: [BIND 205-101] Exploring resource sharing.
INFO: [BIND 205-101] Binding ...
INFO: [BIND 205-100] Starting global binding ...
INFO: [BIND 205-100] Finished micro-architecture generation.
INFO: [HLS 200-111] Finished Binding: CPU user time: 0.02 seconds. CPU system time: 0 seconds. Elapsed time: 0.02 seconds; current allocated memory: 438.684 MB.
INFO: [HLS 200-10] ----------------------------------------------------------------
INFO: [HLS 200-42] -- Implementing module 'relu_ap_fixed_15_11_5_3_0_ap_ufixed_11_7_5_3_0_relu_config10_s' 
INFO: [HLS 200-10] ----------------------------------------------------------------
INFO: [SCHED 204-11] Starting scheduling ...
INFO: [SCHED 204-61] Pipelining function 'relu<ap_fixed<15, 11, 5, 3, 0>, ap_ufixed<11, 7, 5, 3, 0>, relu_config10>'.
INFO: [HLS 200-1470] Pipelining result : Target II = NA, Final II = 1, Depth = 1, function 'relu<ap_fixed<15, 11, 5, 3, 0>, ap_ufixed<11, 7, 5, 3, 0>, relu_config10>'
INFO: [SCHED 204-11] Finished scheduling.
INFO: [HLS 200-111] Finished Scheduling: CPU user time: 0.03 seconds. CPU system time: 0 seconds. Elapsed time: 0.03 seconds; current allocated memory: 438.684 MB.
INFO: [BIND 205-100] Starting micro-architecture generation ...
INFO: [BIND 205-101] Performing variable lifetime analysis.
INFO: [BIND 205-101] Exploring resource sharing.
INFO: [BIND 205-101] Binding ...
INFO: [BIND 205-100] Finished micro-architecture generation.
INFO: [HLS 200-111] Finished Binding: CPU user time: 0.01 seconds. CPU system time: 0 seconds. Elapsed time: 0 seconds; current allocated memory: 438.684 MB.
INFO: [HLS 200-10] ----------------------------------------------------------------
INFO: [HLS 200-42] -- Implementing module 'dense_latency_ap_ufixed_10_7_5_3_0_ap_fixed_10_7_5_3_0_config12_s' 
INFO: [HLS 200-10] ----------------------------------------------------------------
INFO: [SCHED 204-11] Starting scheduling ...
INFO: [SCHED 204-61] Pipelining function 'dense_latency<ap_ufixed<10, 7, 5, 3, 0>, ap_fixed<10, 7, 5, 3, 0>, config12>'.
INFO: [HLS 200-1470] Pipelining result : Target II = NA, Final II = 2, Depth = 2, function 'dense_latency<ap_ufixed<10, 7, 5, 3, 0>, ap_fixed<10, 7, 5, 3, 0>, config12>'
INFO: [SCHED 204-11] Finished scheduling.
INFO: [HLS 200-111] Finished Scheduling: CPU user time: 0.03 seconds. CPU system time: 0 seconds. Elapsed time: 0.04 seconds; current allocated memory: 441.008 MB.
INFO: [BIND 205-100] Starting micro-architecture generation ...
INFO: [BIND 205-101] Performing variable lifetime analysis.
INFO: [BIND 205-101] Exploring resource sharing.
INFO: [BIND 205-101] Binding ...
INFO: [BIND 205-100] Finished micro-architecture generation.
INFO: [HLS 200-111] Finished Binding: CPU user time: 0.02 seconds. CPU system time: 0 seconds. Elapsed time: 0.01 seconds; current allocated memory: 441.008 MB.
INFO: [HLS 200-10] ----------------------------------------------------------------
INFO: [HLS 200-42] -- Implementing module 'hgq2_1_hls4ml_prj_Vitis_latency_reusefactor4' 
INFO: [HLS 200-10] ----------------------------------------------------------------
INFO: [SCHED 204-11] Starting scheduling ...
INFO: [SCHED 204-61] Pipelining function 'hgq2_1_hls4ml_prj_Vitis_latency_reusefactor4'.
INFO: [HLS 200-1470] Pipelining result : Target II = NA, Final II = 2, Depth = 13, function 'hgq2_1_hls4ml_prj_Vitis_latency_reusefactor4'
INFO: [SCHED 204-11] Finished scheduling.
INFO: [HLS 200-111] Finished Scheduling: CPU user time: 0.07 seconds. CPU system time: 0 seconds. Elapsed time: 0.08 seconds; current allocated memory: 444.570 MB.
INFO: [BIND 205-100] Starting micro-architecture generation ...
INFO: [BIND 205-101] Performing variable lifetime analysis.
INFO: [BIND 205-101] Exploring resource sharing.
INFO: [BIND 205-101] Binding ...
INFO: [BIND 205-100] Finished micro-architecture generation.
INFO: [HLS 200-111] Finished Binding: CPU user time: 0.03 seconds. CPU system time: 0 seconds. Elapsed time: 0.03 seconds; current allocated memory: 444.570 MB.
INFO: [HLS 200-10] ----------------------------------------------------------------
INFO: [HLS 200-10] -- Generating RTL for module 'dense_latency_ap_fixed_26_19_5_3_0_ap_fixed_14_8_5_3_0_config3_s' 
INFO: [HLS 200-10] ----------------------------------------------------------------
INFO: [RTGEN 206-100] Generating core module 'mul_11s_9ns_20_1_1': 1 instance(s).
INFO: [RTGEN 206-100] Generating core module 'mul_11s_9s_20_1_1': 1 instance(s).
INFO: [RTGEN 206-100] Generating core module 'mul_12s_10s_21_1_1': 1 instance(s).
INFO: [RTGEN 206-100] Generating core module 'mul_12s_9ns_21_1_1': 2 instance(s).
INFO: [RTGEN 206-100] Finished creating RTL model for 'dense_latency_ap_fixed_26_19_5_3_0_ap_fixed_14_8_5_3_0_config3_s'.
INFO: [HLS 200-111] Finished Creating RTL model: CPU user time: 0.08 seconds. CPU system time: 0.01 seconds. Elapsed time: 0.09 seconds; current allocated memory: 449.340 MB.
INFO: [HLS 200-10] ----------------------------------------------------------------
INFO: [HLS 200-10] -- Generating RTL for module 'relu_ap_fixed_14_8_5_3_0_ap_ufixed_12_6_5_3_0_relu_config4_s' 
INFO: [HLS 200-10] ----------------------------------------------------------------
INFO: [RTGEN 206-100] Finished creating RTL model for 'relu_ap_fixed_14_8_5_3_0_ap_ufixed_12_6_5_3_0_relu_config4_s'.
INFO: [HLS 200-111] Finished Creating RTL model: CPU user time: 0.09 seconds. CPU system time: 0.01 seconds. Elapsed time: 0.11 seconds; current allocated memory: 459.957 MB.
INFO: [HLS 200-10] ----------------------------------------------------------------
INFO: [HLS 200-10] -- Generating RTL for module 'dense_latency_ap_ufixed_11_6_5_3_0_ap_fixed_14_11_5_3_0_config6_s' 
INFO: [HLS 200-10] ----------------------------------------------------------------
INFO: [RTGEN 206-100] Finished creating RTL model for 'dense_latency_ap_ufixed_11_6_5_3_0_ap_fixed_14_11_5_3_0_config6_s'.
INFO: [HLS 200-111] Finished Creating RTL model: CPU user time: 0.06 seconds. CPU system time: 0 seconds. Elapsed time: 0.07 seconds; current allocated memory: 465.395 MB.
INFO: [HLS 200-10] ----------------------------------------------------------------
INFO: [HLS 200-10] -- Generating RTL for module 'relu_ap_fixed_14_11_5_3_0_ap_ufixed_10_7_5_3_0_relu_config7_s' 
INFO: [HLS 200-10] ----------------------------------------------------------------
INFO: [RTGEN 206-100] Finished creating RTL model for 'relu_ap_fixed_14_11_5_3_0_ap_ufixed_10_7_5_3_0_relu_config7_s'.
INFO: [HLS 200-111] Finished Creating RTL model: CPU user time: 0.1 seconds. CPU system time: 0.02 seconds. Elapsed time: 0.11 seconds; current allocated memory: 481.293 MB.
INFO: [HLS 200-10] ----------------------------------------------------------------
INFO: [HLS 200-10] -- Generating RTL for module 'dense_latency_ap_ufixed_9_7_5_3_0_ap_fixed_15_11_5_3_0_config9_s' 
INFO: [HLS 200-10] ----------------------------------------------------------------
INFO: [RTGEN 206-100] Generating core module 'mul_7ns_6ns_12_1_1': 1 instance(s).
INFO: [RTGEN 206-100] Generating core module 'mul_9ns_7ns_15_1_1': 1 instance(s).
INFO: [RTGEN 206-100] Finished creating RTL model for 'dense_latency_ap_ufixed_9_7_5_3_0_ap_fixed_15_11_5_3_0_config9_s'.
INFO: [HLS 200-111] Finished Creating RTL model: CPU user time: 0.06 seconds. CPU system time: 0 seconds. Elapsed time: 0.06 seconds; current allocated memory: 481.293 MB.
INFO: [HLS 200-10] ----------------------------------------------------------------
INFO: [HLS 200-10] -- Generating RTL for module 'relu_ap_fixed_15_11_5_3_0_ap_ufixed_11_7_5_3_0_relu_config10_s' 
INFO: [HLS 200-10] ----------------------------------------------------------------
INFO: [RTGEN 206-100] Finished creating RTL model for 'relu_ap_fixed_15_11_5_3_0_ap_ufixed_11_7_5_3_0_relu_config10_s'.
INFO: [HLS 200-111] Finished Creating RTL model: CPU user time: 0.08 seconds. CPU system time: 0.01 seconds. Elapsed time: 0.09 seconds; current allocated memory: 490.609 MB.
INFO: [HLS 200-10] ----------------------------------------------------------------
INFO: [HLS 200-10] -- Generating RTL for module 'dense_latency_ap_ufixed_10_7_5_3_0_ap_fixed_10_7_5_3_0_config12_s' 
INFO: [HLS 200-10] ----------------------------------------------------------------
INFO: [RTGEN 206-100] Finished creating RTL model for 'dense_latency_ap_ufixed_10_7_5_3_0_ap_fixed_10_7_5_3_0_config12_s'.
INFO: [HLS 200-111] Finished Creating RTL model: CPU user time: 0.03 seconds. CPU system time: 0.01 seconds. Elapsed time: 0.04 seconds; current allocated memory: 491.906 MB.
INFO: [HLS 200-10] ----------------------------------------------------------------
INFO: [HLS 200-10] -- Generating RTL for module 'hgq2_1_hls4ml_prj_Vitis_latency_reusefactor4' 
INFO: [HLS 200-10] ----------------------------------------------------------------
INFO: [RTGEN 206-500] Setting interface mode on port 'hgq2_1_hls4ml_prj_Vitis_latency_reusefactor4/input_layer' to 'ap_vld'.
INFO: [RTGEN 206-500] Setting interface mode on port 'hgq2_1_hls4ml_prj_Vitis_latency_reusefactor4/layer13_out_0' to 'ap_vld'.
INFO: [RTGEN 206-500] Setting interface mode on port 'hgq2_1_hls4ml_prj_Vitis_latency_reusefactor4/layer13_out_1' to 'ap_vld'.
INFO: [RTGEN 206-500] Setting interface mode on port 'hgq2_1_hls4ml_prj_Vitis_latency_reusefactor4/layer13_out_2' to 'ap_vld'.
INFO: [RTGEN 206-500] Setting interface mode on port 'hgq2_1_hls4ml_prj_Vitis_latency_reusefactor4/layer13_out_3' to 'ap_vld'.
INFO: [RTGEN 206-500] Setting interface mode on port 'hgq2_1_hls4ml_prj_Vitis_latency_reusefactor4/layer13_out_4' to 'ap_vld'.
INFO: [RTGEN 206-500] Setting interface mode on function 'hgq2_1_hls4ml_prj_Vitis_latency_reusefactor4' to 'ap_ctrl_hs'.
INFO: [HLS 200-1030] Apply Unified Pipeline Control on module 'hgq2_1_hls4ml_prj_Vitis_latency_reusefactor4' pipeline 'hgq2_1_hls4ml_prj_Vitis_latency_reusefactor4' pipeline type 'function pipeline'
INFO: [RTGEN 206-100] Finished creating RTL model for 'hgq2_1_hls4ml_prj_Vitis_latency_reusefactor4'.
INFO: [HLS 200-111] Finished Creating RTL model: CPU user time: 0.12 seconds. CPU system time: 0.01 seconds. Elapsed time: 0.13 seconds; current allocated memory: 504.918 MB.
INFO: [HLS 200-111] Finished Generating all RTL models: CPU user time: 0.2 seconds. CPU system time: 0.02 seconds. Elapsed time: 0.23 seconds; current allocated memory: 514.520 MB.
INFO: [HLS 200-2225] Wrote inferred directives to file /home/ncgadmin/Bachelor/HLS4ML_testbench_KV260/development/hgq2/1/hls4ml_prj_Vitis_latency_reusefactor4/hgq2_1_hls4ml_prj_Vitis_latency_reusefactor4_prj/solution1/syn/inferred_directives.ini
INFO: [HLS 200-111] Finished Updating report files: CPU user time: 0.25 seconds. CPU system time: 0.03 seconds. Elapsed time: 0.29 seconds; current allocated memory: 522.070 MB.
INFO: [VHDL 208-304] Generating VHDL RTL for hgq2_1_hls4ml_prj_Vitis_latency_reusefactor4.
INFO: [VLOG 209-307] Generating Verilog RTL for hgq2_1_hls4ml_prj_Vitis_latency_reusefactor4.
INFO: [HLS 200-789] **** Estimated Fmax: 302.85 MHz
INFO: [HLS 200-2161] Finished Command csynth_design Elapsed time: 00:00:46; Allocated memory: 220.301 MB.
==============================================================
Vitis HLS - High-Level Synthesis from C, C++ and OpenCL v2025.2 (64-bit)
Tool Version Limit: 2025.11
Copyright 1986-2022 Xilinx, Inc. All Rights Reserved.
Copyright 2022-2025 Advanced Micro Devices, Inc. All Rights Reserved.

==============================================================
INFO: [SYN 201-201] Setting up clock 'default' with a period of 5ns.
INFO: [SYN 201-201] Setting up clock 'default' with an uncertainty of 1.35ns.
INFO: [HLS 200-1611] Setting target device to 'xck26-sfvc784-2LV-c'
INFO: [HLS 200-1505] Using flow_target 'vivado'
INFO: [HLS 200-1464] Running solution command: config_compile -name_max_length=80
INFO: [XFORM 203-1161] The maximum of name length is set to 80.
INFO: [HLS 200-1464] Running solution command: config_compile -complex-mul-dsp=0
INFO: [XFORM 203-1161] The maximum of name length is set to 80.
INFO: [HLS 200-1464] Running solution command: config_schedule -enable_dsp_full_reg=0
INFO: [HLS 200-1510] Running: config_array_partition -maximum_size 4096 
ERROR: [HLS 200-101] config_array_partition: Unknown option '-maximum_size'.
ERROR: [HLS 200-101] config_array_partition: Unknown option '4096'.
INFO: [HLS 200-1510] Running: config_compile -name_max_length 80 
INFO: [XFORM 203-1161] The maximum of name length is set to 80.
INFO: [HLS 200-1510] Running: set_part xck26-sfvc784-2LV-c 
INFO: [XFORM 203-1161] The maximum of name length is set to 80.
INFO: [HLS 200-1510] Running: config_schedule -enable_dsp_full_reg=false 
INFO: [HLS 200-1510] Running: create_clock -period 5 -name default 
INFO: [HLS 200-1510] Running: set_clock_uncertainty 27% default 
INFO: [HLS 200-1510] Running: csynth_design 
INFO: [HLS 200-111] Finished File checks and directory preparation: CPU user time: 1.26 seconds. CPU system time: 0.08 seconds. Elapsed time: 1.33 seconds; current allocated memory: 301.805 MB.
INFO: [HLS 200-2191] C-Synthesis will use clang-16 as the compiler
INFO: [HLS 200-10] Analyzing design file 'firmware/hgq2_1_hls4ml_prj_Vitis_latency_reusefactor4.cpp' ... 
WARNING: [HLS 207-7036] unexpected pragma argument 'softmax', expects function/operation (firmware/nnet_utils/nnet_activation.h:402:36)
WARNING: [HLS 207-6996] 'Resource pragma' is deprecated, use 'bind_op/bind_storage pragma' instead (firmware/nnet_utils/nnet_dense_resource.h:33:13)
WARNING: [HLS 207-6996] 'Resource pragma' is deprecated, use 'bind_op/bind_storage pragma' instead (firmware/nnet_utils/nnet_dense_resource.h:107:13)
WARNING: [HLS 207-6996] 'Resource pragma' is deprecated, use 'bind_op/bind_storage pragma' instead (firmware/nnet_utils/nnet_dense_resource.h:189:13)
WARNING: [HLS 207-6591] unused parameter 'keep' (firmware/nnet_utils/nnet_helpers.h:285:99)
WARNING: [HLS 207-6591] unused parameter 'data' (firmware/nnet_utils/nnet_function_stubs.h:14:36)
WARNING: [HLS 207-6591] unused parameter 'buffer' (firmware/nnet_utils/nnet_function_stubs.h:15:36)
WARNING: [HLS 207-6591] unused parameter 'partition' (firmware/nnet_utils/nnet_function_stubs.h:16:44)
WARNING: [HLS 207-6591] unused parameter 'data' (firmware/nnet_utils/nnet_function_stubs.h:24:24)
WARNING: [HLS 207-6591] unused parameter 'buffer' (firmware/nnet_utils/nnet_function_stubs.h:25:24)
WARNING: [HLS 207-6591] unused parameter 'partition' (firmware/nnet_utils/nnet_function_stubs.h:26:32)
WARNING: [HLS 207-6591] unused parameter 'data' (firmware/nnet_utils/nnet_function_stubs.h:33:30)
WARNING: [HLS 207-6591] unused parameter 'res' (firmware/nnet_utils/nnet_function_stubs.h:33:58)
WARNING: [HLS 207-6591] unused parameter 'weights' (firmware/nnet_utils/nnet_function_stubs.h:34:51)
WARNING: [HLS 207-6591] unused parameter 'biases' (firmware/nnet_utils/nnet_function_stubs.h:35:49)
WARNING: [HLS 207-6591] unused parameter 'data' (firmware/nnet_utils/nnet_function_stubs.h:42:30)
WARNING: [HLS 207-6591] unused parameter 'res' (firmware/nnet_utils/nnet_function_stubs.h:42:58)
WARNING: [HLS 207-6591] unused parameter 'weights' (firmware/nnet_utils/nnet_function_stubs.h:43:51)
WARNING: [HLS 207-6591] unused parameter 'biases' (firmware/nnet_utils/nnet_function_stubs.h:44:49)
WARNING: [HLS 207-6591] unused parameter 'data' (firmware/nnet_utils/nnet_function_stubs.h:51:29)
WARNING: [HLS 207-6591] unused parameter 'res' (firmware/nnet_utils/nnet_function_stubs.h:51:80)
WARNING: [HLS 207-6591] unused parameter 'weights' (firmware/nnet_utils/nnet_function_stubs.h:52:50)
WARNING: [HLS 207-6591] unused parameter 'biases' (firmware/nnet_utils/nnet_function_stubs.h:53:48)
WARNING: [HLS 207-6591] unused parameter 'data' (firmware/nnet_utils/nnet_code_gen.h:16:39)
WARNING: [HLS 207-6591] unused parameter 'res' (firmware/nnet_utils/nnet_code_gen.h:17:38)
WARNING: [HLS 207-6591] unused parameter 'weights' (firmware/nnet_utils/nnet_code_gen.h:18:60)
WARNING: [HLS 207-6591] unused parameter 'biases' (firmware/nnet_utils/nnet_code_gen.h:19:58)
INFO: [HLS 200-111] Finished Source Code Analysis and Preprocessing: CPU user time: 8.07 seconds. CPU system time: 0.4 seconds. Elapsed time: 8.49 seconds; current allocated memory: 307.254 MB.
INFO: [HLS 200-777] Using interface defaults for 'Vivado' flow target.
INFO: [HLS 200-1995] There were 20,534 instructions in the design after the 'Compile/Link' phase of compilation. See the Design Size Report for more details (/home/ncgadmin/Bachelor/HLS4ML_testbench_KV260/development/hgq2/1/hls4ml_prj_Vitis_latency_reusefactor4/hgq2_1_hls4ml_prj_Vitis_latency_reusefactor4_prj/solution1/syn/report/csynth_design_size.rpt:2)
WARNING: [HLS 200-1995] There were 224,723 instructions in the design after the 'Unroll/Inline' phase of compilation. See the Design Size Report for more details (/home/ncgadmin/Bachelor/HLS4ML_testbench_KV260/development/hgq2/1/hls4ml_prj_Vitis_latency_reusefactor4/hgq2_1_hls4ml_prj_Vitis_latency_reusefactor4_prj/solution1/syn/report/csynth_design_size.rpt:2)
INFO: [HLS 200-1995] There were 68,021 instructions in the design after the 'Unroll/Inline (step 2)' phase of compilation. See the Design Size Report for more details (/home/ncgadmin/Bachelor/HLS4ML_testbench_KV260/development/hgq2/1/hls4ml_prj_Vitis_latency_reusefactor4/hgq2_1_hls4ml_prj_Vitis_latency_reusefactor4_prj/solution1/syn/report/csynth_design_size.rpt:2)
INFO: [HLS 200-1995] There were 67,193 instructions in the design after the 'Unroll/Inline (step 3)' phase of compilation. See the Design Size Report for more details (/home/ncgadmin/Bachelor/HLS4ML_testbench_KV260/development/hgq2/1/hls4ml_prj_Vitis_latency_reusefactor4/hgq2_1_hls4ml_prj_Vitis_latency_reusefactor4_prj/solution1/syn/report/csynth_design_size.rpt:2)
INFO: [HLS 200-1995] There were 66,411 instructions in the design after the 'Unroll/Inline (step 4)' phase of compilation. See the Design Size Report for more details (/home/ncgadmin/Bachelor/HLS4ML_testbench_KV260/development/hgq2/1/hls4ml_prj_Vitis_latency_reusefactor4/hgq2_1_hls4ml_prj_Vitis_latency_reusefactor4_prj/solution1/syn/report/csynth_design_size.rpt:2)
INFO: [HLS 200-1995] There were 40,335 instructions in the design after the 'Array/Struct (step 1)' phase of compilation. See the Design Size Report for more details (/home/ncgadmin/Bachelor/HLS4ML_testbench_KV260/development/hgq2/1/hls4ml_prj_Vitis_latency_reusefactor4/hgq2_1_hls4ml_prj_Vitis_latency_reusefactor4_prj/solution1/syn/report/csynth_design_size.rpt:2)
INFO: [HLS 200-1995] There were 10,361 instructions in the design after the 'Array/Struct (step 2)' phase of compilation. See the Design Size Report for more details (/home/ncgadmin/Bachelor/HLS4ML_testbench_KV260/development/hgq2/1/hls4ml_prj_Vitis_latency_reusefactor4/hgq2_1_hls4ml_prj_Vitis_latency_reusefactor4_prj/solution1/syn/report/csynth_design_size.rpt:2)
INFO: [HLS 200-1995] There were 10,361 instructions in the design after the 'Array/Struct (step 3)' phase of compilation. See the Design Size Report for more details (/home/ncgadmin/Bachelor/HLS4ML_testbench_KV260/development/hgq2/1/hls4ml_prj_Vitis_latency_reusefactor4/hgq2_1_hls4ml_prj_Vitis_latency_reusefactor4_prj/solution1/syn/report/csynth_design_size.rpt:2)
INFO: [HLS 200-1995] There were 5,599 instructions in the design after the 'Array/Struct (step 4)' phase of compilation. See the Design Size Report for more details (/home/ncgadmin/Bachelor/HLS4ML_testbench_KV260/development/hgq2/1/hls4ml_prj_Vitis_latency_reusefactor4/hgq2_1_hls4ml_prj_Vitis_latency_reusefactor4_prj/solution1/syn/report/csynth_design_size.rpt:2)
INFO: [HLS 200-1995] There were 5,397 instructions in the design after the 'Array/Struct (step 5)' phase of compilation. See the Design Size Report for more details (/home/ncgadmin/Bachelor/HLS4ML_testbench_KV260/development/hgq2/1/hls4ml_prj_Vitis_latency_reusefactor4/hgq2_1_hls4ml_prj_Vitis_latency_reusefactor4_prj/solution1/syn/report/csynth_design_size.rpt:2)
INFO: [HLS 200-1995] There were 5,157 instructions in the design after the 'Performance (step 1)' phase of compilation. See the Design Size Report for more details (/home/ncgadmin/Bachelor/HLS4ML_testbench_KV260/development/hgq2/1/hls4ml_prj_Vitis_latency_reusefactor4/hgq2_1_hls4ml_prj_Vitis_latency_reusefactor4_prj/solution1/syn/report/csynth_design_size.rpt:2)
INFO: [HLS 200-1995] There were 5,157 instructions in the design after the 'Performance (step 2)' phase of compilation. See the Design Size Report for more details (/home/ncgadmin/Bachelor/HLS4ML_testbench_KV260/development/hgq2/1/hls4ml_prj_Vitis_latency_reusefactor4/hgq2_1_hls4ml_prj_Vitis_latency_reusefactor4_prj/solution1/syn/report/csynth_design_size.rpt:2)
INFO: [HLS 200-1995] There were 5,157 instructions in the design after the 'Performance (step 3)' phase of compilation. See the Design Size Report for more details (/home/ncgadmin/Bachelor/HLS4ML_testbench_KV260/development/hgq2/1/hls4ml_prj_Vitis_latency_reusefactor4/hgq2_1_hls4ml_prj_Vitis_latency_reusefactor4_prj/solution1/syn/report/csynth_design_size.rpt:2)
INFO: [HLS 200-1995] There were 5,157 instructions in the design after the 'Performance (step 4)' phase of compilation. See the Design Size Report for more details (/home/ncgadmin/Bachelor/HLS4ML_testbench_KV260/development/hgq2/1/hls4ml_prj_Vitis_latency_reusefactor4/hgq2_1_hls4ml_prj_Vitis_latency_reusefactor4_prj/solution1/syn/report/csynth_design_size.rpt:2)
INFO: [HLS 200-1995] There were 4,755 instructions in the design after the 'HW Transforms (step 1)' phase of compilation. See the Design Size Report for more details (/home/ncgadmin/Bachelor/HLS4ML_testbench_KV260/development/hgq2/1/hls4ml_prj_Vitis_latency_reusefactor4/hgq2_1_hls4ml_prj_Vitis_latency_reusefactor4_prj/solution1/syn/report/csynth_design_size.rpt:2)
INFO: [HLS 200-1995] There were 4,460 instructions in the design after the 'HW Transforms (step 2)' phase of compilation. See the Design Size Report for more details (/home/ncgadmin/Bachelor/HLS4ML_testbench_KV260/development/hgq2/1/hls4ml_prj_Vitis_latency_reusefactor4/hgq2_1_hls4ml_prj_Vitis_latency_reusefactor4_prj/solution1/syn/report/csynth_design_size.rpt:2)
INFO: [HLS 214-131] Inlining function 'nnet::product::mult<ap_fixed<26, 19, (ap_q_mode)5, (ap_o_mode)3, 0>, ap_fixed<10, 4, (ap_q_mode)5, (ap_o_mode)3, 0> >::product(ap_fixed<26, 19, (ap_q_mode)5, (ap_o_mode)3, 0>, ap_fixed<10, 4, (ap_q_mode)5, (ap_o_mode)3, 0>)' into 'void nnet::dense_latency<ap_fixed<26, 19, (ap_q_mode)5, (ap_o_mode)3, 0>, ap_fixed<14, 8, (ap_q_mode)5, (ap_o_mode)3, 0>, config3>(ap_fixed<26, 19, (ap_q_mode)5, (ap_o_mode)3, 0>*, ap_fixed<14, 8, (ap_q_mode)5, (ap_o_mode)3, 0>*, config3::weight_t*, config3::bias_t*)' (firmware/nnet_utils/nnet_dense_latency.h:42:27)
INFO: [HLS 214-131] Inlining function 'nnet::DenseLatency<ap_fixed<26, 19, (ap_q_mode)5, (ap_o_mode)3, 0>, ap_fixed<14, 8, (ap_q_mode)5, (ap_o_mode)3, 0>, config3>::dense(ap_fixed<26, 19, (ap_q_mode)5, (ap_o_mode)3, 0>*, ap_fixed<14, 8, (ap_q_mode)5, (ap_o_mode)3, 0>*, ap_fixed<10, 4, (ap_q_mode)5, (ap_o_mode)3, 0>*, ap_fixed<9, 3, (ap_q_mode)5, (ap_o_mode)3, 0>*)' into 'void nnet::dense<ap_fixed<26, 19, (ap_q_mode)5, (ap_o_mode)3, 0>, ap_fixed<14, 8, (ap_q_mode)5, (ap_o_mode)3, 0>, config3>(ap_fixed<26, 19, (ap_q_mode)5, (ap_o_mode)3, 0>*, ap_fixed<14, 8, (ap_q_mode)5, (ap_o_mode)3, 0>*, config3::weight_t*, config3::bias_t*)' (firmware/nnet_utils/nnet_dense.h:45:5)
INFO: [HLS 214-131] Inlining function 'nnet::product::mult<ap_ufixed<11, 6, (ap_q_mode)5, (ap_o_mode)3, 0>, ap_fixed<9, 5, (ap_q_mode)5, (ap_o_mode)3, 0> >::product(ap_ufixed<11, 6, (ap_q_mode)5, (ap_o_mode)3, 0>, ap_fixed<9, 5, (ap_q_mode)5, (ap_o_mode)3, 0>)' into 'void nnet::dense_latency<ap_ufixed<11, 6, (ap_q_mode)5, (ap_o_mode)3, 0>, ap_fixed<14, 11, (ap_q_mode)5, (ap_o_mode)3, 0>, config6>(ap_ufixed<11, 6, (ap_q_mode)5, (ap_o_mode)3, 0>*, ap_fixed<14, 11, (ap_q_mode)5, (ap_o_mode)3, 0>*, config6::weight_t*, config6::bias_t*)' (firmware/nnet_utils/nnet_dense_latency.h:42:27)
INFO: [HLS 214-131] Inlining function 'nnet::DenseLatency<ap_ufixed<11, 6, (ap_q_mode)5, (ap_o_mode)3, 0>, ap_fixed<14, 11, (ap_q_mode)5, (ap_o_mode)3, 0>, config6>::dense(ap_ufixed<11, 6, (ap_q_mode)5, (ap_o_mode)3, 0>*, ap_fixed<14, 11, (ap_q_mode)5, (ap_o_mode)3, 0>*, ap_fixed<9, 5, (ap_q_mode)5, (ap_o_mode)3, 0>*, ap_fixed<7, 4, (ap_q_mode)5, (ap_o_mode)3, 0>*)' into 'void nnet::dense<ap_ufixed<11, 6, (ap_q_mode)5, (ap_o_mode)3, 0>, ap_fixed<14, 11, (ap_q_mode)5, (ap_o_mode)3, 0>, config6>(ap_ufixed<11, 6, (ap_q_mode)5, (ap_o_mode)3, 0>*, ap_fixed<14, 11, (ap_q_mode)5, (ap_o_mode)3, 0>*, config6::weight_t*, config6::bias_t*)' (firmware/nnet_utils/nnet_dense.h:45:5)
INFO: [HLS 214-131] Inlining function 'nnet::product::mult<ap_ufixed<9, 7, (ap_q_mode)5, (ap_o_mode)3, 0>, ap_fixed<9, 4, (ap_q_mode)5, (ap_o_mode)3, 0> >::product(ap_ufixed<9, 7, (ap_q_mode)5, (ap_o_mode)3, 0>, ap_fixed<9, 4, (ap_q_mode)5, (ap_o_mode)3, 0>)' into 'void nnet::dense_latency<ap_ufixed<9, 7, (ap_q_mode)5, (ap_o_mode)3, 0>, ap_fixed<15, 11, (ap_q_mode)5, (ap_o_mode)3, 0>, config9>(ap_ufixed<9, 7, (ap_q_mode)5, (ap_o_mode)3, 0>*, ap_fixed<15, 11, (ap_q_mode)5, (ap_o_mode)3, 0>*, config9::weight_t*, config9::bias_t*)' (firmware/nnet_utils/nnet_dense_latency.h:42:27)
INFO: [HLS 214-131] Inlining function 'nnet::DenseLatency<ap_ufixed<9, 7, (ap_q_mode)5, (ap_o_mode)3, 0>, ap_fixed<15, 11, (ap_q_mode)5, (ap_o_mode)3, 0>, config9>::dense(ap_ufixed<9, 7, (ap_q_mode)5, (ap_o_mode)3, 0>*, ap_fixed<15, 11, (ap_q_mode)5, (ap_o_mode)3, 0>*, ap_fixed<9, 4, (ap_q_mode)5, (ap_o_mode)3, 0>*, ap_fixed<7, 3, (ap_q_mode)5, (ap_o_mode)3, 0>*)' into 'void nnet::dense<ap_ufixed<9, 7, (ap_q_mode)5, (ap_o_mode)3, 0>, ap_fixed<15, 11, (ap_q_mode)5, (ap_o_mode)3, 0>, config9>(ap_ufixed<9, 7, (ap_q_mode)5, (ap_o_mode)3, 0>*, ap_fixed<15, 11, (ap_q_mode)5, (ap_o_mode)3, 0>*, config9::weight_t*, config9::bias_t*)' (firmware/nnet_utils/nnet_dense.h:45:5)
INFO: [HLS 214-131] Inlining function 'nnet::product::mult<ap_ufixed<10, 7, (ap_q_mode)5, (ap_o_mode)3, 0>, ap_fixed<7, 1, (ap_q_mode)5, (ap_o_mode)3, 0> >::product(ap_ufixed<10, 7, (ap_q_mode)5, (ap_o_mode)3, 0>, ap_fixed<7, 1, (ap_q_mode)5, (ap_o_mode)3, 0>)' into 'void nnet::dense_latency<ap_ufixed<10, 7, (ap_q_mode)5, (ap_o_mode)3, 0>, ap_fixed<10, 7, (ap_q_mode)5, (ap_o_mode)3, 0>, config12>(ap_ufixed<10, 7, (ap_q_mode)5, (ap_o_mode)3, 0>*, ap_fixed<10, 7, (ap_q_mode)5, (ap_o_mode)3, 0>*, config12::weight_t*, config12::bias_t*)' (firmware/nnet_utils/nnet_dense_latency.h:42:27)
INFO: [HLS 214-131] Inlining function 'nnet::DenseLatency<ap_ufixed<10, 7, (ap_q_mode)5, (ap_o_mode)3, 0>, ap_fixed<10, 7, (ap_q_mode)5, (ap_o_mode)3, 0>, config12>::dense(ap_ufixed<10, 7, (ap_q_mode)5, (ap_o_mode)3, 0>*, ap_fixed<10, 7, (ap_q_mode)5, (ap_o_mode)3, 0>*, ap_fixed<7, 1, (ap_q_mode)5, (ap_o_mode)3, 0>*, ap_fixed<3, -2, (ap_q_mode)5, (ap_o_mode)3, 0>*)' into 'void nnet::dense<ap_ufixed<10, 7, (ap_q_mode)5, (ap_o_mode)3, 0>, ap_fixed<10, 7, (ap_q_mode)5, (ap_o_mode)3, 0>, config12>(ap_ufixed<10, 7, (ap_q_mode)5, (ap_o_mode)3, 0>*, ap_fixed<10, 7, (ap_q_mode)5, (ap_o_mode)3, 0>*, config12::weight_t*, config12::bias_t*)' (firmware/nnet_utils/nnet_dense.h:45:5)
INFO: [HLS 214-131] Inlining function 'void nnet::dense_0_iq<ap_fixed<27, 19, (ap_q_mode)5, (ap_o_mode)3, 0>, ap_fixed<26, 19, (ap_q_mode)5, (ap_o_mode)3, 0> >(ap_fixed<27, 19, (ap_q_mode)5, (ap_o_mode)3, 0>*, ap_fixed<26, 19, (ap_q_mode)5, (ap_o_mode)3, 0>*)' into 'hgq2_1_hls4ml_prj_Vitis_latency_reusefactor4(ap_fixed<27, 19, (ap_q_mode)5, (ap_o_mode)3, 0>*, ap_fixed<9, 7, (ap_q_mode)5, (ap_o_mode)3, 0>*)' (firmware/hgq2_1_hls4ml_prj_Vitis_latency_reusefactor4.cpp:71:5)
INFO: [HLS 214-131] Inlining function 'void nnet::dense_3_oq<ap_fixed<10, 7, (ap_q_mode)5, (ap_o_mode)3, 0>, ap_fixed<9, 7, (ap_q_mode)5, (ap_o_mode)3, 0> >(ap_fixed<10, 7, (ap_q_mode)5, (ap_o_mode)3, 0>*, ap_fixed<9, 7, (ap_q_mode)5, (ap_o_mode)3, 0>*)' into 'hgq2_1_hls4ml_prj_Vitis_latency_reusefactor4(ap_fixed<27, 19, (ap_q_mode)5, (ap_o_mode)3, 0>*, ap_fixed<9, 7, (ap_q_mode)5, (ap_o_mode)3, 0>*)' (firmware/hgq2_1_hls4ml_prj_Vitis_latency_reusefactor4.cpp:93:5)
INFO: [HLS 214-131] Inlining function 'void nnet::dense<ap_ufixed<10, 7, (ap_q_mode)5, (ap_o_mode)3, 0>, ap_fixed<10, 7, (ap_q_mode)5, (ap_o_mode)3, 0>, config12>(ap_ufixed<10, 7, (ap_q_mode)5, (ap_o_mode)3, 0>*, ap_fixed<10, 7, (ap_q_mode)5, (ap_o_mode)3, 0>*, config12::weight_t*, config12::bias_t*)' into 'hgq2_1_hls4ml_prj_Vitis_latency_reusefactor4(ap_fixed<27, 19, (ap_q_mode)5, (ap_o_mode)3, 0>*, ap_fixed<9, 7, (ap_q_mode)5, (ap_o_mode)3, 0>*)' (firmware/hgq2_1_hls4ml_prj_Vitis_latency_reusefactor4.cpp:91:5)
INFO: [HLS 214-131] Inlining function 'void nnet::dense<ap_fixed<26, 19, (ap_q_mode)5, (ap_o_mode)3, 0>, ap_fixed<14, 8, (ap_q_mode)5, (ap_o_mode)3, 0>, config3>(ap_fixed<26, 19, (ap_q_mode)5, (ap_o_mode)3, 0>*, ap_fixed<14, 8, (ap_q_mode)5, (ap_o_mode)3, 0>*, config3::weight_t*, config3::bias_t*)' into 'hgq2_1_hls4ml_prj_Vitis_latency_reusefactor4(ap_fixed<27, 19, (ap_q_mode)5, (ap_o_mode)3, 0>*, ap_fixed<9, 7, (ap_q_mode)5, (ap_o_mode)3, 0>*)' (firmware/hgq2_1_hls4ml_prj_Vitis_latency_reusefactor4.cpp:73:5)
INFO: [HLS 214-131] Inlining function 'void nnet::dense_1_iq<ap_ufixed<12, 6, (ap_q_mode)5, (ap_o_mode)3, 0>, ap_ufixed<11, 6, (ap_q_mode)5, (ap_o_mode)3, 0> >(ap_ufixed<12, 6, (ap_q_mode)5, (ap_o_mode)3, 0>*, ap_ufixed<11, 6, (ap_q_mode)5, (ap_o_mode)3, 0>*)' into 'hgq2_1_hls4ml_prj_Vitis_latency_reusefactor4(ap_fixed<27, 19, (ap_q_mode)5, (ap_o_mode)3, 0>*, ap_fixed<9, 7, (ap_q_mode)5, (ap_o_mode)3, 0>*)' (firmware/hgq2_1_hls4ml_prj_Vitis_latency_reusefactor4.cpp:77:5)
INFO: [HLS 214-131] Inlining function 'void nnet::dense_3_iq<ap_ufixed<11, 7, (ap_q_mode)5, (ap_o_mode)3, 0>, ap_ufixed<10, 7, (ap_q_mode)5, (ap_o_mode)3, 0> >(ap_ufixed<11, 7, (ap_q_mode)5, (ap_o_mode)3, 0>*, ap_ufixed<10, 7, (ap_q_mode)5, (ap_o_mode)3, 0>*)' into 'hgq2_1_hls4ml_prj_Vitis_latency_reusefactor4(ap_fixed<27, 19, (ap_q_mode)5, (ap_o_mode)3, 0>*, ap_fixed<9, 7, (ap_q_mode)5, (ap_o_mode)3, 0>*)' (firmware/hgq2_1_hls4ml_prj_Vitis_latency_reusefactor4.cpp:89:5)
INFO: [HLS 214-131] Inlining function 'void nnet::dense<ap_ufixed<11, 6, (ap_q_mode)5, (ap_o_mode)3, 0>, ap_fixed<14, 11, (ap_q_mode)5, (ap_o_mode)3, 0>, config6>(ap_ufixed<11, 6, (ap_q_mode)5, (ap_o_mode)3, 0>*, ap_fixed<14, 11, (ap_q_mode)5, (ap_o_mode)3, 0>*, config6::weight_t*, config6::bias_t*)' into 'hgq2_1_hls4ml_prj_Vitis_latency_reusefactor4(ap_fixed<27, 19, (ap_q_mode)5, (ap_o_mode)3, 0>*, ap_fixed<9, 7, (ap_q_mode)5, (ap_o_mode)3, 0>*)' (firmware/hgq2_1_hls4ml_prj_Vitis_latency_reusefactor4.cpp:79:5)
INFO: [HLS 214-131] Inlining function 'void nnet::dense_2_iq<ap_ufixed<10, 7, (ap_q_mode)5, (ap_o_mode)3, 0>, ap_ufixed<9, 7, (ap_q_mode)5, (ap_o_mode)3, 0> >(ap_ufixed<10, 7, (ap_q_mode)5, (ap_o_mode)3, 0>*, ap_ufixed<9, 7, (ap_q_mode)5, (ap_o_mode)3, 0>*)' into 'hgq2_1_hls4ml_prj_Vitis_latency_reusefactor4(ap_fixed<27, 19, (ap_q_mode)5, (ap_o_mode)3, 0>*, ap_fixed<9, 7, (ap_q_mode)5, (ap_o_mode)3, 0>*)' (firmware/hgq2_1_hls4ml_prj_Vitis_latency_reusefactor4.cpp:83:5)
INFO: [HLS 214-131] Inlining function 'void nnet::dense<ap_ufixed<9, 7, (ap_q_mode)5, (ap_o_mode)3, 0>, ap_fixed<15, 11, (ap_q_mode)5, (ap_o_mode)3, 0>, config9>(ap_ufixed<9, 7, (ap_q_mode)5, (ap_o_mode)3, 0>*, ap_fixed<15, 11, (ap_q_mode)5, (ap_o_mode)3, 0>*, config9::weight_t*, config9::bias_t*)' into 'hgq2_1_hls4ml_prj_Vitis_latency_reusefactor4(ap_fixed<27, 19, (ap_q_mode)5, (ap_o_mode)3, 0>*, ap_fixed<9, 7, (ap_q_mode)5, (ap_o_mode)3, 0>*)' (firmware/hgq2_1_hls4ml_prj_Vitis_latency_reusefactor4.cpp:85:5)
INFO: [HLS 214-291] Loop 'Result' is marked as complete unroll implied by the pipeline pragma (firmware/nnet_utils/nnet_dense_latency.h:64:5)
INFO: [HLS 214-291] Loop 'Accum1' is marked as complete unroll implied by the pipeline pragma (firmware/nnet_utils/nnet_dense_latency.h:54:5)
INFO: [HLS 214-291] Loop 'Accum2' is marked as complete unroll implied by the pipeline pragma (firmware/nnet_utils/nnet_dense_latency.h:56:9)
INFO: [HLS 214-291] Loop 'ResetAccum' is marked as complete unroll implied by the pipeline pragma (firmware/nnet_utils/nnet_dense_latency.h:48:5)
INFO: [HLS 214-291] Loop 'Product1' is marked as complete unroll implied by the pipeline pragma (firmware/nnet_utils/nnet_dense_latency.h:37:5)
INFO: [HLS 214-291] Loop 'Product2' is marked as complete unroll implied by the pipeline pragma (firmware/nnet_utils/nnet_dense_latency.h:40:9)
INFO: [HLS 214-291] Loop 'VITIS_LOOP_43_1' is marked as complete unroll implied by the pipeline pragma (firmware/nnet_utils/nnet_activation.h:43:22)
INFO: [HLS 214-186] Unrolling loop 'Result' (firmware/nnet_utils/nnet_dense_latency.h:64:5) in function 'nnet::dense_latency<ap_ufixed<10, 7, (ap_q_mode)5, (ap_o_mode)3, 0>, ap_fixed<10, 7, (ap_q_mode)5, (ap_o_mode)3, 0>, config12>' completely with a factor of 5 (firmware/nnet_utils/nnet_dense_latency.h:15:0)
INFO: [HLS 214-186] Unrolling loop 'Accum1' (firmware/nnet_utils/nnet_dense_latency.h:54:5) in function 'nnet::dense_latency<ap_ufixed<10, 7, (ap_q_mode)5, (ap_o_mode)3, 0>, ap_fixed<10, 7, (ap_q_mode)5, (ap_o_mode)3, 0>, config12>' completely with a factor of 32 (firmware/nnet_utils/nnet_dense_latency.h:15:0)
INFO: [HLS 214-186] Unrolling loop 'Accum2' (firmware/nnet_utils/nnet_dense_latency.h:56:9) in function 'nnet::dense_latency<ap_ufixed<10, 7, (ap_q_mode)5, (ap_o_mode)3, 0>, ap_fixed<10, 7, (ap_q_mode)5, (ap_o_mode)3, 0>, config12>' completely with a factor of 5 (firmware/nnet_utils/nnet_dense_latency.h:15:0)
INFO: [HLS 214-186] Unrolling loop 'ResetAccum' (firmware/nnet_utils/nnet_dense_latency.h:48:5) in function 'nnet::dense_latency<ap_ufixed<10, 7, (ap_q_mode)5, (ap_o_mode)3, 0>, ap_fixed<10, 7, (ap_q_mode)5, (ap_o_mode)3, 0>, config12>' completely with a factor of 5 (firmware/nnet_utils/nnet_dense_latency.h:15:0)
INFO: [HLS 214-186] Unrolling loop 'Product1' (firmware/nnet_utils/nnet_dense_latency.h:37:5) in function 'nnet::dense_latency<ap_ufixed<10, 7, (ap_q_mode)5, (ap_o_mode)3, 0>, ap_fixed<10, 7, (ap_q_mode)5, (ap_o_mode)3, 0>, config12>' completely with a factor of 32 (firmware/nnet_utils/nnet_dense_latency.h:15:0)
INFO: [HLS 214-186] Unrolling loop 'Product2' (firmware/nnet_utils/nnet_dense_latency.h:40:9) in function 'nnet::dense_latency<ap_ufixed<10, 7, (ap_q_mode)5, (ap_o_mode)3, 0>, ap_fixed<10, 7, (ap_q_mode)5, (ap_o_mode)3, 0>, config12>' completely with a factor of 5 (firmware/nnet_utils/nnet_dense_latency.h:15:0)
INFO: [HLS 214-186] Unrolling loop 'VITIS_LOOP_43_1' (firmware/nnet_utils/nnet_activation.h:43:22) in function 'nnet::relu<ap_fixed<15, 11, (ap_q_mode)5, (ap_o_mode)3, 0>, ap_ufixed<11, 7, (ap_q_mode)5, (ap_o_mode)3, 0>, relu_config10>' completely with a factor of 32 (firmware/nnet_utils/nnet_activation.h:39:0)
INFO: [HLS 214-186] Unrolling loop 'Result' (firmware/nnet_utils/nnet_dense_latency.h:64:5) in function 'nnet::dense_latency<ap_ufixed<9, 7, (ap_q_mode)5, (ap_o_mode)3, 0>, ap_fixed<15, 11, (ap_q_mode)5, (ap_o_mode)3, 0>, config9>' completely with a factor of 32 (firmware/nnet_utils/nnet_dense_latency.h:15:0)
INFO: [HLS 214-186] Unrolling loop 'Accum1' (firmware/nnet_utils/nnet_dense_latency.h:54:5) in function 'nnet::dense_latency<ap_ufixed<9, 7, (ap_q_mode)5, (ap_o_mode)3, 0>, ap_fixed<15, 11, (ap_q_mode)5, (ap_o_mode)3, 0>, config9>' completely with a factor of 32 (firmware/nnet_utils/nnet_dense_latency.h:15:0)
INFO: [HLS 214-186] Unrolling loop 'Accum2' (firmware/nnet_utils/nnet_dense_latency.h:56:9) in function 'nnet::dense_latency<ap_ufixed<9, 7, (ap_q_mode)5, (ap_o_mode)3, 0>, ap_fixed<15, 11, (ap_q_mode)5, (ap_o_mode)3, 0>, config9>' completely with a factor of 32 (firmware/nnet_utils/nnet_dense_latency.h:15:0)
INFO: [HLS 214-186] Unrolling loop 'ResetAccum' (firmware/nnet_utils/nnet_dense_latency.h:48:5) in function 'nnet::dense_latency<ap_ufixed<9, 7, (ap_q_mode)5, (ap_o_mode)3, 0>, ap_fixed<15, 11, (ap_q_mode)5, (ap_o_mode)3, 0>, config9>' completely with a factor of 32 (firmware/nnet_utils/nnet_dense_latency.h:15:0)
INFO: [HLS 214-186] Unrolling loop 'Product1' (firmware/nnet_utils/nnet_dense_latency.h:37:5) in function 'nnet::dense_latency<ap_ufixed<9, 7, (ap_q_mode)5, (ap_o_mode)3, 0>, ap_fixed<15, 11, (ap_q_mode)5, (ap_o_mode)3, 0>, config9>' completely with a factor of 32 (firmware/nnet_utils/nnet_dense_latency.h:15:0)
INFO: [HLS 214-186] Unrolling loop 'Product2' (firmware/nnet_utils/nnet_dense_latency.h:40:9) in function 'nnet::dense_latency<ap_ufixed<9, 7, (ap_q_mode)5, (ap_o_mode)3, 0>, ap_fixed<15, 11, (ap_q_mode)5, (ap_o_mode)3, 0>, config9>' completely with a factor of 32 (firmware/nnet_utils/nnet_dense_latency.h:15:0)
INFO: [HLS 214-186] Unrolling loop 'VITIS_LOOP_43_1' (firmware/nnet_utils/nnet_activation.h:43:22) in function 'nnet::relu<ap_fixed<14, 11, (ap_q_mode)5, (ap_o_mode)3, 0>, ap_ufixed<10, 7, (ap_q_mode)5, (ap_o_mode)3, 0>, relu_config7>' completely with a factor of 32 (firmware/nnet_utils/nnet_activation.h:39:0)
INFO: [HLS 214-186] Unrolling loop 'Result' (firmware/nnet_utils/nnet_dense_latency.h:64:5) in function 'nnet::dense_latency<ap_ufixed<11, 6, (ap_q_mode)5, (ap_o_mode)3, 0>, ap_fixed<14, 11, (ap_q_mode)5, (ap_o_mode)3, 0>, config6>' completely with a factor of 32 (firmware/nnet_utils/nnet_dense_latency.h:15:0)
INFO: [HLS 214-186] Unrolling loop 'Accum1' (firmware/nnet_utils/nnet_dense_latency.h:54:5) in function 'nnet::dense_latency<ap_ufixed<11, 6, (ap_q_mode)5, (ap_o_mode)3, 0>, ap_fixed<14, 11, (ap_q_mode)5, (ap_o_mode)3, 0>, config6>' completely with a factor of 64 (firmware/nnet_utils/nnet_dense_latency.h:15:0)
INFO: [HLS 214-186] Unrolling loop 'Accum2' (firmware/nnet_utils/nnet_dense_latency.h:56:9) in function 'nnet::dense_latency<ap_ufixed<11, 6, (ap_q_mode)5, (ap_o_mode)3, 0>, ap_fixed<14, 11, (ap_q_mode)5, (ap_o_mode)3, 0>, config6>' completely with a factor of 32 (firmware/nnet_utils/nnet_dense_latency.h:15:0)
INFO: [HLS 214-186] Unrolling loop 'ResetAccum' (firmware/nnet_utils/nnet_dense_latency.h:48:5) in function 'nnet::dense_latency<ap_ufixed<11, 6, (ap_q_mode)5, (ap_o_mode)3, 0>, ap_fixed<14, 11, (ap_q_mode)5, (ap_o_mode)3, 0>, config6>' completely with a factor of 32 (firmware/nnet_utils/nnet_dense_latency.h:15:0)
INFO: [HLS 214-186] Unrolling loop 'Product1' (firmware/nnet_utils/nnet_dense_latency.h:37:5) in function 'nnet::dense_latency<ap_ufixed<11, 6, (ap_q_mode)5, (ap_o_mode)3, 0>, ap_fixed<14, 11, (ap_q_mode)5, (ap_o_mode)3, 0>, config6>' completely with a factor of 64 (firmware/nnet_utils/nnet_dense_latency.h:15:0)
INFO: [HLS 214-186] Unrolling loop 'Product2' (firmware/nnet_utils/nnet_dense_latency.h:40:9) in function 'nnet::dense_latency<ap_ufixed<11, 6, (ap_q_mode)5, (ap_o_mode)3, 0>, ap_fixed<14, 11, (ap_q_mode)5, (ap_o_mode)3, 0>, config6>' completely with a factor of 32 (firmware/nnet_utils/nnet_dense_latency.h:15:0)
INFO: [HLS 214-186] Unrolling loop 'VITIS_LOOP_43_1' (firmware/nnet_utils/nnet_activation.h:43:22) in function 'nnet::relu<ap_fixed<14, 8, (ap_q_mode)5, (ap_o_mode)3, 0>, ap_ufixed<12, 6, (ap_q_mode)5, (ap_o_mode)3, 0>, relu_config4>' completely with a factor of 64 (firmware/nnet_utils/nnet_activation.h:39:0)
INFO: [HLS 214-186] Unrolling loop 'Result' (firmware/nnet_utils/nnet_dense_latency.h:64:5) in function 'nnet::dense_latency<ap_fixed<26, 19, (ap_q_mode)5, (ap_o_mode)3, 0>, ap_fixed<14, 8, (ap_q_mode)5, (ap_o_mode)3, 0>, config3>' completely with a factor of 64 (firmware/nnet_utils/nnet_dense_latency.h:15:0)
INFO: [HLS 214-186] Unrolling loop 'Accum1' (firmware/nnet_utils/nnet_dense_latency.h:54:5) in function 'nnet::dense_latency<ap_fixed<26, 19, (ap_q_mode)5, (ap_o_mode)3, 0>, ap_fixed<14, 8, (ap_q_mode)5, (ap_o_mode)3, 0>, config3>' completely with a factor of 16 (firmware/nnet_utils/nnet_dense_latency.h:15:0)
INFO: [HLS 214-186] Unrolling loop 'Accum2' (firmware/nnet_utils/nnet_dense_latency.h:56:9) in function 'nnet::dense_latency<ap_fixed<26, 19, (ap_q_mode)5, (ap_o_mode)3, 0>, ap_fixed<14, 8, (ap_q_mode)5, (ap_o_mode)3, 0>, config3>' completely with a factor of 64 (firmware/nnet_utils/nnet_dense_latency.h:15:0)
INFO: [HLS 214-186] Unrolling loop 'ResetAccum' (firmware/nnet_utils/nnet_dense_latency.h:48:5) in function 'nnet::dense_latency<ap_fixed<26, 19, (ap_q_mode)5, (ap_o_mode)3, 0>, ap_fixed<14, 8, (ap_q_mode)5, (ap_o_mode)3, 0>, config3>' completely with a factor of 64 (firmware/nnet_utils/nnet_dense_latency.h:15:0)
INFO: [HLS 214-186] Unrolling loop 'Product1' (firmware/nnet_utils/nnet_dense_latency.h:37:5) in function 'nnet::dense_latency<ap_fixed<26, 19, (ap_q_mode)5, (ap_o_mode)3, 0>, ap_fixed<14, 8, (ap_q_mode)5, (ap_o_mode)3, 0>, config3>' completely with a factor of 16 (firmware/nnet_utils/nnet_dense_latency.h:15:0)
INFO: [HLS 214-186] Unrolling loop 'Product2' (firmware/nnet_utils/nnet_dense_latency.h:40:9) in function 'nnet::dense_latency<ap_fixed<26, 19, (ap_q_mode)5, (ap_o_mode)3, 0>, ap_fixed<14, 8, (ap_q_mode)5, (ap_o_mode)3, 0>, config3>' completely with a factor of 64 (firmware/nnet_utils/nnet_dense_latency.h:15:0)
INFO: [HLS 214-178] Inlining function 'std::enable_if<!(std::is_same<ap_ufixed<11, 6, (ap_q_mode)5, (ap_o_mode)3, 0>, ap_uint<1> >::value), ap_fixed<14, 11, (ap_q_mode)5, (ap_o_mode)3, 0> >::type nnet::cast<ap_ufixed<11, 6, (ap_q_mode)5, (ap_o_mode)3, 0>, ap_fixed<14, 11, (ap_q_mode)5, (ap_o_mode)3, 0>, config6>(config6::accum_t)' into 'void nnet::dense_latency<ap_ufixed<11, 6, (ap_q_mode)5, (ap_o_mode)3, 0>, ap_fixed<14, 11, (ap_q_mode)5, (ap_o_mode)3, 0>, config6>(ap_ufixed<11, 6, (ap_q_mode)5, (ap_o_mode)3, 0>*, ap_fixed<14, 11, (ap_q_mode)5, (ap_o_mode)3, 0>*, config6::weight_t*, config6::bias_t*)' (firmware/nnet_utils/nnet_dense_latency.h:15:0)
INFO: [HLS 214-178] Inlining function 'std::enable_if<!(std::is_same<ap_ufixed<9, 7, (ap_q_mode)5, (ap_o_mode)3, 0>, ap_uint<1> >::value), ap_fixed<15, 11, (ap_q_mode)5, (ap_o_mode)3, 0> >::type nnet::cast<ap_ufixed<9, 7, (ap_q_mode)5, (ap_o_mode)3, 0>, ap_fixed<15, 11, (ap_q_mode)5, (ap_o_mode)3, 0>, config9>(config9::accum_t)' into 'void nnet::dense_latency<ap_ufixed<9, 7, (ap_q_mode)5, (ap_o_mode)3, 0>, ap_fixed<15, 11, (ap_q_mode)5, (ap_o_mode)3, 0>, config9>(ap_ufixed<9, 7, (ap_q_mode)5, (ap_o_mode)3, 0>*, ap_fixed<15, 11, (ap_q_mode)5, (ap_o_mode)3, 0>*, config9::weight_t*, config9::bias_t*)' (firmware/nnet_utils/nnet_dense_latency.h:15:0)
INFO: [HLS 214-178] Inlining function 'std::enable_if<!(std::is_same<ap_ufixed<10, 7, (ap_q_mode)5, (ap_o_mode)3, 0>, ap_uint<1> >::value), ap_fixed<10, 7, (ap_q_mode)5, (ap_o_mode)3, 0> >::type nnet::cast<ap_ufixed<10, 7, (ap_q_mode)5, (ap_o_mode)3, 0>, ap_fixed<10, 7, (ap_q_mode)5, (ap_o_mode)3, 0>, config12>(config12::accum_t)' into 'void nnet::dense_latency<ap_ufixed<10, 7, (ap_q_mode)5, (ap_o_mode)3, 0>, ap_fixed<10, 7, (ap_q_mode)5, (ap_o_mode)3, 0>, config12>(ap_ufixed<10, 7, (ap_q_mode)5, (ap_o_mode)3, 0>*, ap_fixed<10, 7, (ap_q_mode)5, (ap_o_mode)3, 0>*, config12::weight_t*, config12::bias_t*)' (firmware/nnet_utils/nnet_dense_latency.h:15:0)
INFO: [HLS 214-248] Applying array_partition to 'b12': Complete partitioning on dimension 1. (firmware/weights/b12.h:12:0)
INFO: [HLS 214-248] Applying array_partition to 'b9': Complete partitioning on dimension 1. (firmware/weights/b9.h:12:0)
INFO: [HLS 214-248] Applying array_partition to 'b6': Complete partitioning on dimension 1. (firmware/weights/b6.h:12:0)
INFO: [HLS 214-248] Applying array_partition to 'b3': Complete partitioning on dimension 1. (firmware/weights/b3.h:12:0)
INFO: [HLS 214-248] Applying array_partition to 'mult': Complete partitioning on dimension 1. (firmware/nnet_utils/nnet_dense_latency.h:17:32)
INFO: [HLS 214-248] Applying array_partition to 'layer2_out': Complete partitioning on dimension 1. (firmware/hgq2_1_hls4ml_prj_Vitis_latency_reusefactor4.cpp:38:18)
INFO: [HLS 214-248] Applying array_partition to 'layer3_out': Complete partitioning on dimension 1. (firmware/hgq2_1_hls4ml_prj_Vitis_latency_reusefactor4.cpp:41:15)
INFO: [HLS 214-248] Applying array_partition to 'layer4_out': Complete partitioning on dimension 1. (firmware/hgq2_1_hls4ml_prj_Vitis_latency_reusefactor4.cpp:44:20)
INFO: [HLS 214-248] Applying array_partition to 'layer5_out': Complete partitioning on dimension 1. (firmware/hgq2_1_hls4ml_prj_Vitis_latency_reusefactor4.cpp:47:18)
INFO: [HLS 214-248] Applying array_partition to 'layer6_out': Complete partitioning on dimension 1. (firmware/hgq2_1_hls4ml_prj_Vitis_latency_reusefactor4.cpp:50:15)
INFO: [HLS 214-248] Applying array_partition to 'layer7_out': Complete partitioning on dimension 1. (firmware/hgq2_1_hls4ml_prj_Vitis_latency_reusefactor4.cpp:53:20)
INFO: [HLS 214-248] Applying array_partition to 'layer8_out': Complete partitioning on dimension 1. (firmware/hgq2_1_hls4ml_prj_Vitis_latency_reusefactor4.cpp:56:18)
INFO: [HLS 214-248] Applying array_partition to 'layer9_out': Complete partitioning on dimension 1. (firmware/hgq2_1_hls4ml_prj_Vitis_latency_reusefactor4.cpp:59:15)
INFO: [HLS 214-248] Applying array_partition to 'layer10_out': Complete partitioning on dimension 1. (firmware/hgq2_1_hls4ml_prj_Vitis_latency_reusefactor4.cpp:62:20)
INFO: [HLS 214-248] Applying array_partition to 'layer11_out': Complete partitioning on dimension 1. (firmware/hgq2_1_hls4ml_prj_Vitis_latency_reusefactor4.cpp:65:18)
INFO: [HLS 214-248] Applying array_partition to 'layer12_out': Complete partitioning on dimension 1. (firmware/hgq2_1_hls4ml_prj_Vitis_latency_reusefactor4.cpp:68:15)
INFO: [HLS 214-248] Applying array_partition to 'layer13_out': Complete partitioning on dimension 1. (firmware/hgq2_1_hls4ml_prj_Vitis_latency_reusefactor4.cpp:10:0)
INFO: [HLS 214-248] Applying array_reshape to 'input_layer': Complete reshaping on dimension 1. (firmware/hgq2_1_hls4ml_prj_Vitis_latency_reusefactor4.cpp:10:0)
INFO: [HLS 200-111] Finished Compiling Optimization and Transform: CPU user time: 31.61 seconds. CPU system time: 0.41 seconds. Elapsed time: 32.88 seconds; current allocated memory: 322.582 MB.
INFO: [HLS 200-111] Finished Checking Pragmas: CPU user time: 0 seconds. CPU system time: 0 seconds. Elapsed time: 0 seconds; current allocated memory: 322.582 MB.
INFO: [HLS 200-10] Starting code transformations ...
INFO: [HLS 200-111] Finished Standard Transforms: CPU user time: 0.06 seconds. CPU system time: 0 seconds. Elapsed time: 0.06 seconds; current allocated memory: 328.133 MB.
INFO: [HLS 200-10] Checking synthesizability ...
INFO: [HLS 200-111] Finished Checking Synthesizability: CPU user time: 0.06 seconds. CPU system time: 0.01 seconds. Elapsed time: 0.07 seconds; current allocated memory: 331.523 MB.
INFO: [XFORM 203-602] Inlining function 'nnet::cast<ap_fixed<26, 19, (ap_q_mode)5, (ap_o_mode)3, 0>, ap_fixed<14, 8, (ap_q_mode)5, (ap_o_mode)3, 0>, config3>' into 'nnet::dense_latency<ap_fixed<26, 19, (ap_q_mode)5, (ap_o_mode)3, 0>, ap_fixed<14, 8, (ap_q_mode)5, (ap_o_mode)3, 0>, config3>' (firmware/nnet_utils/nnet_dense_latency.h:66->firmware/hgq2_1_hls4ml_prj_Vitis_latency_reusefactor4.cpp:54) automatically.
INFO: [XFORM 203-11] Balancing expressions in function 'nnet::dense_latency<ap_ufixed<9, 7, (ap_q_mode)5, (ap_o_mode)3, 0>, ap_fixed<15, 11, (ap_q_mode)5, (ap_o_mode)3, 0>, config9>' (firmware/nnet_utils/nnet_mult.h:33:12)...77 expression(s) balanced.
INFO: [XFORM 203-11] Balancing expressions in function 'nnet::dense_latency<ap_ufixed<11, 6, (ap_q_mode)5, (ap_o_mode)3, 0>, ap_fixed<14, 11, (ap_q_mode)5, (ap_o_mode)3, 0>, config6>' (firmware/nnet_utils/nnet_mult.h:33:12)...103 expression(s) balanced.
INFO: [XFORM 203-11] Balancing expressions in function 'nnet::dense_latency<ap_ufixed<10, 7, (ap_q_mode)5, (ap_o_mode)3, 0>, ap_fixed<10, 7, (ap_q_mode)5, (ap_o_mode)3, 0>, config12>' (firmware/nnet_utils/nnet_dense_latency.h:26:1)...37 expression(s) balanced.
INFO: [XFORM 203-11] Balancing expressions in function 'nnet::dense_latency<ap_fixed<26, 19, (ap_q_mode)5, (ap_o_mode)3, 0>, ap_fixed<14, 8, (ap_q_mode)5, (ap_o_mode)3, 0>, config3>' (firmware/nnet_utils/nnet_mult.h:33:12)...65 expression(s) balanced.
INFO: [HLS 200-111] Finished Loop, function and other optimizations: CPU user time: 0.19 seconds. CPU system time: 0 seconds. Elapsed time: 0.19 seconds; current allocated memory: 358.434 MB.
INFO: [HLS 200-111] Finished Architecture Synthesis: CPU user time: 0.24 seconds. CPU system time: 0.01 seconds. Elapsed time: 0.26 seconds; current allocated memory: 424.973 MB.
INFO: [HLS 200-10] Starting hardware synthesis ...
INFO: [HLS 200-10] Synthesizing 'hgq2_1_hls4ml_prj_Vitis_latency_reusefactor4' ...
WARNING: [SYN 201-103] Legalizing function name 'dense_latency<ap_fixed<26, 19, 5, 3, 0>, ap_fixed<14, 8, 5, 3, 0>, config3>' to 'dense_latency_ap_fixed_26_19_5_3_0_ap_fixed_14_8_5_3_0_config3_s'.
WARNING: [SYN 201-103] Legalizing function name 'relu<ap_fixed<14, 8, 5, 3, 0>, ap_ufixed<12, 6, 5, 3, 0>, relu_config4>' to 'relu_ap_fixed_14_8_5_3_0_ap_ufixed_12_6_5_3_0_relu_config4_s'.
WARNING: [SYN 201-103] Legalizing function name 'dense_latency<ap_ufixed<11, 6, 5, 3, 0>, ap_fixed<14, 11, 5, 3, 0>, config6>' to 'dense_latency_ap_ufixed_11_6_5_3_0_ap_fixed_14_11_5_3_0_config6_s'.
WARNING: [SYN 201-103] Legalizing function name 'relu<ap_fixed<14, 11, 5, 3, 0>, ap_ufixed<10, 7, 5, 3, 0>, relu_config7>' to 'relu_ap_fixed_14_11_5_3_0_ap_ufixed_10_7_5_3_0_relu_config7_s'.
WARNING: [SYN 201-103] Legalizing function name 'dense_latency<ap_ufixed<9, 7, 5, 3, 0>, ap_fixed<15, 11, 5, 3, 0>, config9>' to 'dense_latency_ap_ufixed_9_7_5_3_0_ap_fixed_15_11_5_3_0_config9_s'.
WARNING: [SYN 201-103] Legalizing function name 'relu<ap_fixed<15, 11, 5, 3, 0>, ap_ufixed<11, 7, 5, 3, 0>, relu_config10>' to 'relu_ap_fixed_15_11_5_3_0_ap_ufixed_11_7_5_3_0_relu_config10_s'.
WARNING: [SYN 201-103] Legalizing function name 'dense_latency<ap_ufixed<10, 7, 5, 3, 0>, ap_fixed<10, 7, 5, 3, 0>, config12>' to 'dense_latency_ap_ufixed_10_7_5_3_0_ap_fixed_10_7_5_3_0_config12_s'.
WARNING: [SYN 201-223] Checking resource limit in 'dense_latency<ap_ufixed<11, 6, 5, 3, 0>, ap_fixed<14, 11, 5, 3, 0>, config6>': cannot find any operation of 'mul'.
WARNING: [SYN 201-223] Checking resource limit in 'dense_latency<ap_ufixed<10, 7, 5, 3, 0>, ap_fixed<10, 7, 5, 3, 0>, config12>': cannot find any operation of 'mul'.
INFO: [HLS 200-10] ----------------------------------------------------------------
INFO: [HLS 200-42] -- Implementing module 'dense_latency_ap_fixed_26_19_5_3_0_ap_fixed_14_8_5_3_0_config3_s' 
INFO: [HLS 200-10] ----------------------------------------------------------------
INFO: [SCHED 204-11] Starting scheduling ...
INFO: [SCHED 204-61] Pipelining function 'dense_latency<ap_fixed<26, 19, 5, 3, 0>, ap_fixed<14, 8, 5, 3, 0>, config3>'.
INFO: [HLS 200-1470] Pipelining result : Target II = NA, Final II = 2, Depth = 2, function 'dense_latency<ap_fixed<26, 19, 5, 3, 0>, ap_fixed<14, 8, 5, 3, 0>, config3>'
INFO: [SCHED 204-11] Finished scheduling.
INFO: [HLS 200-111] Finished Scheduling: CPU user time: 0.12 seconds. CPU system time: 0.02 seconds. Elapsed time: 0.12 seconds; current allocated memory: 429.242 MB.
INFO: [BIND 205-100] Starting micro-architecture generation ...
INFO: [BIND 205-101] Performing variable lifetime analysis.
INFO: [BIND 205-101] Exploring resource sharing.
INFO: [BIND 205-101] Binding ...
INFO: [BIND 205-100] Starting global binding ...
INFO: [BIND 205-100] Finished micro-architecture generation.
INFO: [HLS 200-111] Finished Binding: CPU user time: 0.02 seconds. CPU system time: 0 seconds. Elapsed time: 0.03 seconds; current allocated memory: 429.242 MB.
INFO: [HLS 200-10] ----------------------------------------------------------------
INFO: [HLS 200-42] -- Implementing module 'relu_ap_fixed_14_8_5_3_0_ap_ufixed_12_6_5_3_0_relu_config4_s' 
INFO: [HLS 200-10] ----------------------------------------------------------------
INFO: [SCHED 204-11] Starting scheduling ...
INFO: [SCHED 204-61] Pipelining function 'relu<ap_fixed<14, 8, 5, 3, 0>, ap_ufixed<12, 6, 5, 3, 0>, relu_config4>'.
INFO: [HLS 200-1470] Pipelining result : Target II = NA, Final II = 1, Depth = 1, function 'relu<ap_fixed<14, 8, 5, 3, 0>, ap_ufixed<12, 6, 5, 3, 0>, relu_config4>'
INFO: [SCHED 204-11] Finished scheduling.
INFO: [HLS 200-111] Finished Scheduling: CPU user time: 0.04 seconds. CPU system time: 0.01 seconds. Elapsed time: 0.04 seconds; current allocated memory: 429.555 MB.
INFO: [BIND 205-100] Starting micro-architecture generation ...
INFO: [BIND 205-101] Performing variable lifetime analysis.
INFO: [BIND 205-101] Exploring resource sharing.
INFO: [BIND 205-101] Binding ...
INFO: [BIND 205-100] Finished micro-architecture generation.
INFO: [HLS 200-111] Finished Binding: CPU user time: 0.01 seconds. CPU system time: 0 seconds. Elapsed time: 0.01 seconds; current allocated memory: 429.555 MB.
INFO: [HLS 200-10] ----------------------------------------------------------------
INFO: [HLS 200-42] -- Implementing module 'dense_latency_ap_ufixed_11_6_5_3_0_ap_fixed_14_11_5_3_0_config6_s' 
INFO: [HLS 200-10] ----------------------------------------------------------------
INFO: [SCHED 204-11] Starting scheduling ...
INFO: [SCHED 204-61] Pipelining function 'dense_latency<ap_ufixed<11, 6, 5, 3, 0>, ap_fixed<14, 11, 5, 3, 0>, config6>'.
INFO: [HLS 200-1470] Pipelining result : Target II = NA, Final II = 2, Depth = 2, function 'dense_latency<ap_ufixed<11, 6, 5, 3, 0>, ap_fixed<14, 11, 5, 3, 0>, config6>'
INFO: [SCHED 204-11] Finished scheduling.
INFO: [HLS 200-111] Finished Scheduling: CPU user time: 0.09 seconds. CPU system time: 0 seconds. Elapsed time: 0.09 seconds; current allocated memory: 434.840 MB.
INFO: [BIND 205-100] Starting micro-architecture generation ...
INFO: [BIND 205-101] Performing variable lifetime analysis.
INFO: [BIND 205-101] Exploring resource sharing.
INFO: [BIND 205-101] Binding ...
INFO: [BIND 205-100] Finished micro-architecture generation.
INFO: [HLS 200-111] Finished Binding: CPU user time: 0.03 seconds. CPU system time: 0 seconds. Elapsed time: 0.03 seconds; current allocated memory: 434.840 MB.
INFO: [HLS 200-10] ----------------------------------------------------------------
INFO: [HLS 200-42] -- Implementing module 'relu_ap_fixed_14_11_5_3_0_ap_ufixed_10_7_5_3_0_relu_config7_s' 
INFO: [HLS 200-10] ----------------------------------------------------------------
INFO: [SCHED 204-11] Starting scheduling ...
INFO: [SCHED 204-61] Pipelining function 'relu<ap_fixed<14, 11, 5, 3, 0>, ap_ufixed<10, 7, 5, 3, 0>, relu_config7>'.
INFO: [HLS 200-1470] Pipelining result : Target II = NA, Final II = 1, Depth = 1, function 'relu<ap_fixed<14, 11, 5, 3, 0>, ap_ufixed<10, 7, 5, 3, 0>, relu_config7>'
INFO: [SCHED 204-11] Finished scheduling.
INFO: [HLS 200-111] Finished Scheduling: CPU user time: 0.04 seconds. CPU system time: 0 seconds. Elapsed time: 0.04 seconds; current allocated memory: 434.840 MB.
INFO: [BIND 205-100] Starting micro-architecture generation ...
INFO: [BIND 205-101] Performing variable lifetime analysis.
INFO: [BIND 205-101] Exploring resource sharing.
INFO: [BIND 205-101] Binding ...
INFO: [BIND 205-100] Finished micro-architecture generation.
INFO: [HLS 200-111] Finished Binding: CPU user time: 0 seconds. CPU system time: 0 seconds. Elapsed time: 0.01 seconds; current allocated memory: 434.840 MB.
INFO: [HLS 200-10] ----------------------------------------------------------------
INFO: [HLS 200-42] -- Implementing module 'dense_latency_ap_ufixed_9_7_5_3_0_ap_fixed_15_11_5_3_0_config9_s' 
INFO: [HLS 200-10] ----------------------------------------------------------------
INFO: [SCHED 204-11] Starting scheduling ...
INFO: [SCHED 204-61] Pipelining function 'dense_latency<ap_ufixed<9, 7, 5, 3, 0>, ap_fixed<15, 11, 5, 3, 0>, config9>'.
INFO: [HLS 200-1470] Pipelining result : Target II = NA, Final II = 2, Depth = 2, function 'dense_latency<ap_ufixed<9, 7, 5, 3, 0>, ap_fixed<15, 11, 5, 3, 0>, config9>'
INFO: [SCHED 204-11] Finished scheduling.
INFO: [HLS 200-111] Finished Scheduling: CPU user time: 0.07 seconds. CPU system time: 0.01 seconds. Elapsed time: 0.06 seconds; current allocated memory: 438.535 MB.
INFO: [BIND 205-100] Starting micro-architecture generation ...
INFO: [BIND 205-101] Performing variable lifetime analysis.
INFO: [BIND 205-101] Exploring resource sharing.
INFO: [BIND 205-101] Binding ...
INFO: [BIND 205-100] Starting global binding ...
INFO: [BIND 205-100] Finished micro-architecture generation.
INFO: [HLS 200-111] Finished Binding: CPU user time: 0.02 seconds. CPU system time: 0 seconds. Elapsed time: 0.03 seconds; current allocated memory: 438.535 MB.
INFO: [HLS 200-10] ----------------------------------------------------------------
INFO: [HLS 200-42] -- Implementing module 'relu_ap_fixed_15_11_5_3_0_ap_ufixed_11_7_5_3_0_relu_config10_s' 
INFO: [HLS 200-10] ----------------------------------------------------------------
INFO: [SCHED 204-11] Starting scheduling ...
INFO: [SCHED 204-61] Pipelining function 'relu<ap_fixed<15, 11, 5, 3, 0>, ap_ufixed<11, 7, 5, 3, 0>, relu_config10>'.
INFO: [HLS 200-1470] Pipelining result : Target II = NA, Final II = 1, Depth = 1, function 'relu<ap_fixed<15, 11, 5, 3, 0>, ap_ufixed<11, 7, 5, 3, 0>, relu_config10>'
INFO: [SCHED 204-11] Finished scheduling.
INFO: [HLS 200-111] Finished Scheduling: CPU user time: 0.02 seconds. CPU system time: 0 seconds. Elapsed time: 0.02 seconds; current allocated memory: 438.535 MB.
INFO: [BIND 205-100] Starting micro-architecture generation ...
INFO: [BIND 205-101] Performing variable lifetime analysis.
INFO: [BIND 205-101] Exploring resource sharing.
INFO: [BIND 205-101] Binding ...
INFO: [BIND 205-100] Finished micro-architecture generation.
INFO: [HLS 200-111] Finished Binding: CPU user time: 0.01 seconds. CPU system time: 0 seconds. Elapsed time: 0 seconds; current allocated memory: 438.535 MB.
INFO: [HLS 200-10] ----------------------------------------------------------------
INFO: [HLS 200-42] -- Implementing module 'dense_latency_ap_ufixed_10_7_5_3_0_ap_fixed_10_7_5_3_0_config12_s' 
INFO: [HLS 200-10] ----------------------------------------------------------------
INFO: [SCHED 204-11] Starting scheduling ...
INFO: [SCHED 204-61] Pipelining function 'dense_latency<ap_ufixed<10, 7, 5, 3, 0>, ap_fixed<10, 7, 5, 3, 0>, config12>'.
INFO: [HLS 200-1470] Pipelining result : Target II = NA, Final II = 2, Depth = 2, function 'dense_latency<ap_ufixed<10, 7, 5, 3, 0>, ap_fixed<10, 7, 5, 3, 0>, config12>'
INFO: [SCHED 204-11] Finished scheduling.
INFO: [HLS 200-111] Finished Scheduling: CPU user time: 0.04 seconds. CPU system time: 0 seconds. Elapsed time: 0.04 seconds; current allocated memory: 440.965 MB.
INFO: [BIND 205-100] Starting micro-architecture generation ...
INFO: [BIND 205-101] Performing variable lifetime analysis.
INFO: [BIND 205-101] Exploring resource sharing.
INFO: [BIND 205-101] Binding ...
INFO: [BIND 205-100] Finished micro-architecture generation.
INFO: [HLS 200-111] Finished Binding: CPU user time: 0.01 seconds. CPU system time: 0 seconds. Elapsed time: 0.01 seconds; current allocated memory: 440.965 MB.
INFO: [HLS 200-10] ----------------------------------------------------------------
INFO: [HLS 200-42] -- Implementing module 'hgq2_1_hls4ml_prj_Vitis_latency_reusefactor4' 
INFO: [HLS 200-10] ----------------------------------------------------------------
INFO: [SCHED 204-11] Starting scheduling ...
INFO: [SCHED 204-61] Pipelining function 'hgq2_1_hls4ml_prj_Vitis_latency_reusefactor4'.
INFO: [HLS 200-1470] Pipelining result : Target II = NA, Final II = 2, Depth = 13, function 'hgq2_1_hls4ml_prj_Vitis_latency_reusefactor4'
INFO: [SCHED 204-11] Finished scheduling.
INFO: [HLS 200-111] Finished Scheduling: CPU user time: 0.08 seconds. CPU system time: 0 seconds. Elapsed time: 0.08 seconds; current allocated memory: 444.504 MB.
INFO: [BIND 205-100] Starting micro-architecture generation ...
INFO: [BIND 205-101] Performing variable lifetime analysis.
INFO: [BIND 205-101] Exploring resource sharing.
INFO: [BIND 205-101] Binding ...
INFO: [BIND 205-100] Finished micro-architecture generation.
INFO: [HLS 200-111] Finished Binding: CPU user time: 0.03 seconds. CPU system time: 0 seconds. Elapsed time: 0.02 seconds; current allocated memory: 444.504 MB.
INFO: [HLS 200-10] ----------------------------------------------------------------
INFO: [HLS 200-10] -- Generating RTL for module 'dense_latency_ap_fixed_26_19_5_3_0_ap_fixed_14_8_5_3_0_config3_s' 
INFO: [HLS 200-10] ----------------------------------------------------------------
INFO: [RTGEN 206-100] Generating core module 'mul_11s_9ns_20_1_1': 1 instance(s).
INFO: [RTGEN 206-100] Generating core module 'mul_11s_9s_20_1_1': 1 instance(s).
INFO: [RTGEN 206-100] Generating core module 'mul_12s_10s_21_1_1': 1 instance(s).
INFO: [RTGEN 206-100] Generating core module 'mul_12s_9ns_21_1_1': 2 instance(s).
INFO: [RTGEN 206-100] Finished creating RTL model for 'dense_latency_ap_fixed_26_19_5_3_0_ap_fixed_14_8_5_3_0_config3_s'.
INFO: [HLS 200-111] Finished Creating RTL model: CPU user time: 0.07 seconds. CPU system time: 0.01 seconds. Elapsed time: 0.08 seconds; current allocated memory: 449.289 MB.
INFO: [HLS 200-10] ----------------------------------------------------------------
INFO: [HLS 200-10] -- Generating RTL for module 'relu_ap_fixed_14_8_5_3_0_ap_ufixed_12_6_5_3_0_relu_config4_s' 
INFO: [HLS 200-10] ----------------------------------------------------------------
INFO: [RTGEN 206-100] Finished creating RTL model for 'relu_ap_fixed_14_8_5_3_0_ap_ufixed_12_6_5_3_0_relu_config4_s'.
INFO: [HLS 200-111] Finished Creating RTL model: CPU user time: 0.1 seconds. CPU system time: 0.01 seconds. Elapsed time: 0.11 seconds; current allocated memory: 459.910 MB.
INFO: [HLS 200-10] ----------------------------------------------------------------
INFO: [HLS 200-10] -- Generating RTL for module 'dense_latency_ap_ufixed_11_6_5_3_0_ap_fixed_14_11_5_3_0_config6_s' 
INFO: [HLS 200-10] ----------------------------------------------------------------
INFO: [RTGEN 206-100] Finished creating RTL model for 'dense_latency_ap_ufixed_11_6_5_3_0_ap_fixed_14_11_5_3_0_config6_s'.
INFO: [HLS 200-111] Finished Creating RTL model: CPU user time: 0.06 seconds. CPU system time: 0 seconds. Elapsed time: 0.07 seconds; current allocated memory: 465.363 MB.
INFO: [HLS 200-10] ----------------------------------------------------------------
INFO: [HLS 200-10] -- Generating RTL for module 'relu_ap_fixed_14_11_5_3_0_ap_ufixed_10_7_5_3_0_relu_config7_s' 
INFO: [HLS 200-10] ----------------------------------------------------------------
INFO: [RTGEN 206-100] Finished creating RTL model for 'relu_ap_fixed_14_11_5_3_0_ap_ufixed_10_7_5_3_0_relu_config7_s'.
INFO: [HLS 200-111] Finished Creating RTL model: CPU user time: 0.1 seconds. CPU system time: 0.02 seconds. Elapsed time: 0.11 seconds; current allocated memory: 481.262 MB.
INFO: [HLS 200-10] ----------------------------------------------------------------
INFO: [HLS 200-10] -- Generating RTL for module 'dense_latency_ap_ufixed_9_7_5_3_0_ap_fixed_15_11_5_3_0_config9_s' 
INFO: [HLS 200-10] ----------------------------------------------------------------
INFO: [RTGEN 206-100] Generating core module 'mul_7ns_6ns_12_1_1': 1 instance(s).
INFO: [RTGEN 206-100] Generating core module 'mul_9ns_7ns_15_1_1': 1 instance(s).
INFO: [RTGEN 206-100] Finished creating RTL model for 'dense_latency_ap_ufixed_9_7_5_3_0_ap_fixed_15_11_5_3_0_config9_s'.
INFO: [HLS 200-111] Finished Creating RTL model: CPU user time: 0.06 seconds. CPU system time: 0 seconds. Elapsed time: 0.06 seconds; current allocated memory: 481.262 MB.
INFO: [HLS 200-10] ----------------------------------------------------------------
INFO: [HLS 200-10] -- Generating RTL for module 'relu_ap_fixed_15_11_5_3_0_ap_ufixed_11_7_5_3_0_relu_config10_s' 
INFO: [HLS 200-10] ----------------------------------------------------------------
INFO: [RTGEN 206-100] Finished creating RTL model for 'relu_ap_fixed_15_11_5_3_0_ap_ufixed_11_7_5_3_0_relu_config10_s'.
INFO: [HLS 200-111] Finished Creating RTL model: CPU user time: 0.08 seconds. CPU system time: 0.01 seconds. Elapsed time: 0.1 seconds; current allocated memory: 490.578 MB.
INFO: [HLS 200-10] ----------------------------------------------------------------
INFO: [HLS 200-10] -- Generating RTL for module 'dense_latency_ap_ufixed_10_7_5_3_0_ap_fixed_10_7_5_3_0_config12_s' 
INFO: [HLS 200-10] ----------------------------------------------------------------
INFO: [RTGEN 206-100] Finished creating RTL model for 'dense_latency_ap_ufixed_10_7_5_3_0_ap_fixed_10_7_5_3_0_config12_s'.
INFO: [HLS 200-111] Finished Creating RTL model: CPU user time: 0.04 seconds. CPU system time: 0 seconds. Elapsed time: 0.04 seconds; current allocated memory: 491.875 MB.
INFO: [HLS 200-10] ----------------------------------------------------------------
INFO: [HLS 200-10] -- Generating RTL for module 'hgq2_1_hls4ml_prj_Vitis_latency_reusefactor4' 
INFO: [HLS 200-10] ----------------------------------------------------------------
INFO: [RTGEN 206-500] Setting interface mode on port 'hgq2_1_hls4ml_prj_Vitis_latency_reusefactor4/input_layer' to 'ap_vld'.
INFO: [RTGEN 206-500] Setting interface mode on port 'hgq2_1_hls4ml_prj_Vitis_latency_reusefactor4/layer13_out_0' to 'ap_vld'.
INFO: [RTGEN 206-500] Setting interface mode on port 'hgq2_1_hls4ml_prj_Vitis_latency_reusefactor4/layer13_out_1' to 'ap_vld'.
INFO: [RTGEN 206-500] Setting interface mode on port 'hgq2_1_hls4ml_prj_Vitis_latency_reusefactor4/layer13_out_2' to 'ap_vld'.
INFO: [RTGEN 206-500] Setting interface mode on port 'hgq2_1_hls4ml_prj_Vitis_latency_reusefactor4/layer13_out_3' to 'ap_vld'.
INFO: [RTGEN 206-500] Setting interface mode on port 'hgq2_1_hls4ml_prj_Vitis_latency_reusefactor4/layer13_out_4' to 'ap_vld'.
INFO: [RTGEN 206-500] Setting interface mode on function 'hgq2_1_hls4ml_prj_Vitis_latency_reusefactor4' to 'ap_ctrl_hs'.
INFO: [HLS 200-1030] Apply Unified Pipeline Control on module 'hgq2_1_hls4ml_prj_Vitis_latency_reusefactor4' pipeline 'hgq2_1_hls4ml_prj_Vitis_latency_reusefactor4' pipeline type 'function pipeline'
INFO: [RTGEN 206-100] Finished creating RTL model for 'hgq2_1_hls4ml_prj_Vitis_latency_reusefactor4'.
INFO: [HLS 200-111] Finished Creating RTL model: CPU user time: 0.13 seconds. CPU system time: 0.01 seconds. Elapsed time: 0.13 seconds; current allocated memory: 504.887 MB.
INFO: [HLS 200-111] Finished Generating all RTL models: CPU user time: 0.18 seconds. CPU system time: 0.02 seconds. Elapsed time: 0.2 seconds; current allocated memory: 514.520 MB.
INFO: [HLS 200-2225] Wrote inferred directives to file /home/ncgadmin/Bachelor/HLS4ML_testbench_KV260/development/hgq2/1/hls4ml_prj_Vitis_latency_reusefactor4/hgq2_1_hls4ml_prj_Vitis_latency_reusefactor4_prj/solution1/syn/inferred_directives.ini
INFO: [HLS 200-111] Finished Updating report files: CPU user time: 0.25 seconds. CPU system time: 0.02 seconds. Elapsed time: 0.27 seconds; current allocated memory: 522.074 MB.
INFO: [VHDL 208-304] Generating VHDL RTL for hgq2_1_hls4ml_prj_Vitis_latency_reusefactor4.
INFO: [VLOG 209-307] Generating Verilog RTL for hgq2_1_hls4ml_prj_Vitis_latency_reusefactor4.
INFO: [HLS 200-789] **** Estimated Fmax: 302.85 MHz
INFO: [HLS 200-2161] Finished Command csynth_design Elapsed time: 00:00:45; Allocated memory: 220.270 MB.
