Copyright 1986-2022 Xilinx, Inc. All Rights Reserved. Copyright 2022-2025 Advanced Micro Devices, Inc. All Rights Reserved.
----------------------------------------------------------------------------------------------------------------------------------------------------------------------------------------------------------------------------------------
| Tool Version      : Vivado v.2025.2 (lin64) Build 6299465 Fri Nov 14 12:34:56 MST 2025
| Date              : Thu May  7 12:28:25 2026
| Host              : 11c2efc5f272 running 64-bit Ubuntu 22.04.5 LTS
| Command           : report_timing_summary -max_paths 10 -file vitis_design_wrapper_timing_summary_routed.rpt -pb vitis_design_wrapper_timing_summary_routed.pb -rpx vitis_design_wrapper_timing_summary_routed.rpx -warn_on_violation
| Design            : vitis_design_wrapper
| Device            : xck26-sfvc784
| Speed File        : -2LV  PRODUCTION 1.30 05-15-2022
| Design State      : Routed
| Temperature Grade : C
----------------------------------------------------------------------------------------------------------------------------------------------------------------------------------------------------------------------------------------

Timing Summary Report

------------------------------------------------------------------------------------------------
| Timer Settings
| --------------
------------------------------------------------------------------------------------------------

  Enable Multi Corner Analysis               :  Yes
  Enable Pessimism Removal                   :  Yes
  Pessimism Removal Resolution               :  Nearest Common Node
  Enable Input Delay Default Clock           :  No
  Enable Preset / Clear Arcs                 :  No
  Disable Flight Delays                      :  No
  Ignore I/O Paths                           :  No
  Timing Early Launch at Borrowing Latches   :  No
  Borrow Time for Max Delay Exceptions       :  Yes
  Merge Timing Exceptions                    :  Yes
  Inter-SLR Compensation                     :  Conservative

  Corner  Analyze    Analyze    
  Name    Max Paths  Min Paths  
  ------  ---------  ---------  
  Slow    Yes        Yes        
  Fast    Yes        Yes        


------------------------------------------------------------------------------------------------
| Report Methodology
| ------------------
------------------------------------------------------------------------------------------------

No report available as report_methodology has not been run prior. Run report_methodology on the current design for the summary of methodology violations.



check_timing report

Table of Contents
-----------------
1. checking no_clock (0)
2. checking constant_clock (0)
3. checking pulse_width_clock (0)
4. checking unconstrained_internal_endpoints (0)
5. checking no_input_delay (0)
6. checking no_output_delay (0)
7. checking multiple_clock (0)
8. checking generated_clocks (0)
9. checking loops (0)
10. checking partial_input_delay (0)
11. checking partial_output_delay (0)
12. checking latch_loops (0)

1. checking no_clock (0)
------------------------
 There are 0 register/latch pins with no clock.


2. checking constant_clock (0)
------------------------------
 There are 0 register/latch pins with constant_clock.


3. checking pulse_width_clock (0)
---------------------------------
 There are 0 register/latch pins which need pulse_width check


4. checking unconstrained_internal_endpoints (0)
------------------------------------------------
 There are 0 pins that are not constrained for maximum delay.

 There are 0 pins that are not constrained for maximum delay due to constant clock.


5. checking no_input_delay (0)
------------------------------
 There are 0 input ports with no input delay specified.

 There are 0 input ports with no input delay but user has a false path constraint.


6. checking no_output_delay (0)
-------------------------------
 There are 0 ports with no output delay specified.

 There are 0 ports with no output delay but user has a false path constraint

 There are 0 ports with no output delay but with a timing clock defined on it or propagating through it


7. checking multiple_clock (0)
------------------------------
 There are 0 register/latch pins with multiple clocks.


8. checking generated_clocks (0)
--------------------------------
 There are 0 generated clocks that are not connected to a clock source.


9. checking loops (0)
---------------------
 There are 0 combinational loops in the design.


10. checking partial_input_delay (0)
------------------------------------
 There are 0 input ports with partial input delay specified.


11. checking partial_output_delay (0)
-------------------------------------
 There are 0 ports with partial output delay specified.


12. checking latch_loops (0)
----------------------------
 There are 0 combinational latch loops in the design through latch input



------------------------------------------------------------------------------------------------
| Design Timing Summary
| ---------------------
------------------------------------------------------------------------------------------------

    WNS(ns)      TNS(ns)  TNS Failing Endpoints  TNS Total Endpoints      WHS(ns)      THS(ns)  THS Failing Endpoints  THS Total Endpoints     WPWS(ns)     TPWS(ns)  TPWS Failing Endpoints  TPWS Total Endpoints  
    -------      -------  ---------------------  -------------------      -------      -------  ---------------------  -------------------     --------     --------  ----------------------  --------------------  
      3.180        0.000                      0                64605        0.010        0.000                      0                64605        3.500        0.000                       0                 24159  


All user specified timing constraints are met.


------------------------------------------------------------------------------------------------
| Clock Summary
| -------------
------------------------------------------------------------------------------------------------

Clock     Waveform(ns)       Period(ns)      Frequency(MHz)
-----     ------------       ----------      --------------
clk_pl_0  {0.000 5.000}      10.000          100.000         
clk_pl_1  {0.000 5.000}      10.000          100.000         


------------------------------------------------------------------------------------------------
| Intra Clock Table
| -----------------
------------------------------------------------------------------------------------------------

Clock             WNS(ns)      TNS(ns)  TNS Failing Endpoints  TNS Total Endpoints      WHS(ns)      THS(ns)  THS Failing Endpoints  THS Total Endpoints     WPWS(ns)     TPWS(ns)  TPWS Failing Endpoints  TPWS Total Endpoints  
-----             -------      -------  ---------------------  -------------------      -------      -------  ---------------------  -------------------     --------     --------  ----------------------  --------------------  
clk_pl_0            3.180        0.000                      0                64605        0.010        0.000                      0                64605        3.500        0.000                       0                 24159  


------------------------------------------------------------------------------------------------
| Inter Clock Table
| -----------------
------------------------------------------------------------------------------------------------

From Clock    To Clock          WNS(ns)      TNS(ns)  TNS Failing Endpoints  TNS Total Endpoints      WHS(ns)      THS(ns)  THS Failing Endpoints  THS Total Endpoints  
----------    --------          -------      -------  ---------------------  -------------------      -------      -------  ---------------------  -------------------  


------------------------------------------------------------------------------------------------
| Other Path Groups Table
| -----------------------
------------------------------------------------------------------------------------------------

Path Group    From Clock    To Clock          WNS(ns)      TNS(ns)  TNS Failing Endpoints  TNS Total Endpoints      WHS(ns)      THS(ns)  THS Failing Endpoints  THS Total Endpoints  
----------    ----------    --------          -------      -------  ---------------------  -------------------      -------      -------  ---------------------  -------------------  


------------------------------------------------------------------------------------------------
| Timing Details
| --------------
------------------------------------------------------------------------------------------------


---------------------------------------------------------------------------------------------------
From Clock:  clk_pl_0
  To Clock:  clk_pl_0

Setup :            0  Failing Endpoints,  Worst Slack        3.180ns,  Total Violation        0.000ns
Hold  :            0  Failing Endpoints,  Worst Slack        0.010ns,  Total Violation        0.000ns
PW    :            0  Failing Endpoints,  Worst Slack        3.500ns,  Total Violation        0.000ns
---------------------------------------------------------------------------------------------------


Max Delay Paths
--------------------------------------------------------------------------------------
Slack (MET) :             3.180ns  (required time - arrival time)
  Source:                 vitis_design_i/myproject_axi_master_1/inst/stream_in0_input_layer_U/U_myproject_axi_master_fifo_w960_d128_A_ram/mem_reg_3/CLKARDCLK
                            (rising edge-triggered cell RAMB36E2 clocked by clk_pl_0  {rise@0.000ns fall@5.000ns period=10.000ns})
  Destination:            vitis_design_i/myproject_axi_master_1/inst/compute_U0/grp_myproject_fu_62/dense_array_ap_fixed_60u_array_ap_fixed_16_13_5_3_0_128u_config3_U0/grp_dense_latency_ap_fixed_11_7_0_3_0_ap_fixed_16_13_5_3_0_config3_s_fu_163/trunc_ln111_56_reg_12685_reg[12]/D
                            (rising edge-triggered cell FDRE clocked by clk_pl_0  {rise@0.000ns fall@5.000ns period=10.000ns})
  Path Group:             clk_pl_0
  Path Type:              Setup (Max at Slow Process Corner)
  Requirement:            10.000ns  (clk_pl_0 rise@10.000ns - clk_pl_0 rise@0.000ns)
  Data Path Delay:        6.261ns  (logic 2.079ns (33.204%)  route 4.182ns (66.796%))
  Logic Levels:           10  (CARRY8=5 LUT3=2 LUT4=1 LUT5=1 LUT6=1)
  Clock Path Skew:        -0.472ns (DCD - SCD + CPR)
    Destination Clock Delay (DCD):    2.827ns = ( 12.827 - 10.000 ) 
    Source Clock Delay      (SCD):    3.539ns
    Clock Pessimism Removal (CPR):    0.239ns
  Clock Uncertainty:      0.130ns  ((TSJ^2 + DJ^2)^1/2) / 2 + PE
    Total System Jitter     (TSJ):    0.071ns
    Discrete Jitter          (DJ):    0.250ns
    Phase Error              (PE):    0.000ns
  Clock Net Delay (Source):      3.272ns (routing 1.584ns, distribution 1.688ns)
  Clock Net Delay (Destination): 2.611ns (routing 1.450ns, distribution 1.161ns)

    Location             Delay type                Incr(ns)  Path(ns)    Netlist Resource(s)
  -------------------------------------------------------------------    -------------------
                         (clock clk_pl_0 rise edge)
                                                      0.000     0.000 r  
    PS8_X0Y0             PS8                          0.000     0.000 r  vitis_design_i/zynq_ultra_ps_e_0/inst/PS8_i/PLCLK[0]
                         net (fo=1, routed)           0.229     0.229    vitis_design_i/zynq_ultra_ps_e_0/inst/pl_clk_unbuffered[0]
    BUFG_PS_X0Y80        BUFG_PS (Prop_BUFG_PS_I_O)
                                                      0.038     0.267 r  vitis_design_i/zynq_ultra_ps_e_0/inst/buffer_pl_clk_0.PL_CLK_0_BUFG/O
    X1Y1 (CLOCK_ROOT)    net (fo=24198, routed)       3.272     3.539    vitis_design_i/myproject_axi_master_1/inst/stream_in0_input_layer_U/U_myproject_axi_master_fifo_w960_d128_A_ram/ap_clk
    RAMB36_X2Y12         RAMB36E2                                     r  vitis_design_i/myproject_axi_master_1/inst/stream_in0_input_layer_U/U_myproject_axi_master_fifo_w960_d128_A_ram/mem_reg_3/CLKARDCLK
  -------------------------------------------------------------------    -------------------
    RAMB36_X2Y12         RAMB36E2 (Prop_RAMB36E2_RAMB36_CLKARDCLK_DOUTBDOUT[26])
                                                      0.317     3.856 r  vitis_design_i/myproject_axi_master_1/inst/stream_in0_input_layer_U/U_myproject_axi_master_fifo_w960_d128_A_ram/mem_reg_3/DOUTBDOUT[26]
                         net (fo=72, routed)          2.353     6.209    vitis_design_i/myproject_axi_master_1/inst/stream_in0_input_layer_U/U_myproject_axi_master_fifo_w960_d128_A_ram/compute_U0/grp_myproject_fu_62/dense_array_ap_fixed_60u_array_ap_fixed_16_13_5_3_0_128u_config3_U0/data_15_reg_1070[2]
    SLICE_X28Y72         LUT6 (Prop_F6LUT_SLICEM_I5_O)
                                                      0.135     6.344 r  vitis_design_i/myproject_axi_master_1/inst/stream_in0_input_layer_U/U_myproject_axi_master_fifo_w960_d128_A_ram/trunc_ln111_56_reg_12685[6]_i_51/O
                         net (fo=1, routed)           0.029     6.373    vitis_design_i/myproject_axi_master_1/inst/stream_in0_input_layer_U/U_myproject_axi_master_fifo_w960_d128_A_ram/trunc_ln111_56_reg_12685[6]_i_51_n_0
    SLICE_X28Y72         CARRY8 (Prop_CARRY8_SLICEM_S[5]_CO[7])
                                                      0.238     6.611 r  vitis_design_i/myproject_axi_master_1/inst/stream_in0_input_layer_U/U_myproject_axi_master_fifo_w960_d128_A_ram/trunc_ln111_56_reg_12685_reg[6]_i_20/CO[7]
                         net (fo=1, routed)           0.030     6.641    vitis_design_i/myproject_axi_master_1/inst/stream_in0_input_layer_U/U_myproject_axi_master_fifo_w960_d128_A_ram/trunc_ln111_56_reg_12685_reg[6]_i_20_n_0
    SLICE_X28Y73         CARRY8 (Prop_CARRY8_SLICEM_CI_O[0])
                                                      0.078     6.719 r  vitis_design_i/myproject_axi_master_1/inst/stream_in0_input_layer_U/U_myproject_axi_master_fifo_w960_d128_A_ram/trunc_ln111_56_reg_12685_reg[13]_i_100/O[0]
                         net (fo=4, routed)           0.503     7.221    vitis_design_i/myproject_axi_master_1/inst/stream_in0_input_layer_U/U_myproject_axi_master_fifo_w960_d128_A_ram/compute_U0/grp_myproject_fu_62/dense_array_ap_fixed_60u_array_ap_fixed_16_13_5_3_0_128u_config3_U0/grp_dense_latency_ap_fixed_11_7_0_3_0_ap_fixed_16_13_5_3_0_config3_s_fu_163/sext_ln58_129_fu_8077_p1[11]
    SLICE_X40Y71         LUT3 (Prop_C5LUT_SLICEM_I2_O)
                                                      0.223     7.444 r  vitis_design_i/myproject_axi_master_1/inst/stream_in0_input_layer_U/U_myproject_axi_master_fifo_w960_d128_A_ram/trunc_ln111_56_reg_12685[13]_i_104/O
                         net (fo=1, routed)           0.465     7.909    vitis_design_i/myproject_axi_master_1/inst/stream_in0_input_layer_U/U_myproject_axi_master_fifo_w960_d128_A_ram/trunc_ln111_56_reg_12685[13]_i_104_n_0
    SLICE_X28Y74         LUT5 (Prop_G6LUT_SLICEM_I1_O)
                                                      0.226     8.135 r  vitis_design_i/myproject_axi_master_1/inst/stream_in0_input_layer_U/U_myproject_axi_master_fifo_w960_d128_A_ram/trunc_ln111_56_reg_12685[13]_i_71/O
                         net (fo=1, routed)           0.021     8.156    vitis_design_i/myproject_axi_master_1/inst/stream_in0_input_layer_U/U_myproject_axi_master_fifo_w960_d128_A_ram/trunc_ln111_56_reg_12685[13]_i_71_n_0
    SLICE_X28Y74         CARRY8 (Prop_CARRY8_SLICEM_S[6]_CO[7])
                                                      0.175     8.331 r  vitis_design_i/myproject_axi_master_1/inst/stream_in0_input_layer_U/U_myproject_axi_master_fifo_w960_d128_A_ram/trunc_ln111_56_reg_12685_reg[13]_i_18/CO[7]
                         net (fo=1, routed)           0.030     8.361    vitis_design_i/myproject_axi_master_1/inst/stream_in0_input_layer_U/U_myproject_axi_master_fifo_w960_d128_A_ram/trunc_ln111_56_reg_12685_reg[13]_i_18_n_0
    SLICE_X28Y75         CARRY8 (Prop_CARRY8_SLICEM_CI_O[0])
                                                      0.078     8.439 r  vitis_design_i/myproject_axi_master_1/inst/stream_in0_input_layer_U/U_myproject_axi_master_fifo_w960_d128_A_ram/trunc_ln111_56_reg_12685_reg[13]_i_16/O[0]
                         net (fo=2, routed)           0.427     8.866    vitis_design_i/myproject_axi_master_1/inst/stream_in0_input_layer_U/U_myproject_axi_master_fifo_w960_d128_A_ram/compute_U0/grp_myproject_fu_62/dense_array_ap_fixed_60u_array_ap_fixed_16_13_5_3_0_128u_config3_U0/grp_dense_latency_ap_fixed_11_7_0_3_0_ap_fixed_16_13_5_3_0_config3_s_fu_163/sext_ln58_150_fu_8503_p1[13]
    SLICE_X28Y88         LUT3 (Prop_A5LUT_SLICEM_I1_O)
                                                      0.194     9.060 r  vitis_design_i/myproject_axi_master_1/inst/stream_in0_input_layer_U/U_myproject_axi_master_fifo_w960_d128_A_ram/trunc_ln111_56_reg_12685[13]_i_6/O
                         net (fo=2, routed)           0.269     9.330    vitis_design_i/myproject_axi_master_1/inst/stream_in0_input_layer_U/U_myproject_axi_master_fifo_w960_d128_A_ram/trunc_ln111_56_reg_12685[13]_i_6_n_0
    SLICE_X28Y88         LUT4 (Prop_B6LUT_SLICEM_I3_O)
                                                      0.082     9.412 r  vitis_design_i/myproject_axi_master_1/inst/stream_in0_input_layer_U/U_myproject_axi_master_fifo_w960_d128_A_ram/trunc_ln111_56_reg_12685[13]_i_12/O
                         net (fo=1, routed)           0.022     9.434    vitis_design_i/myproject_axi_master_1/inst/stream_in0_input_layer_U/U_myproject_axi_master_fifo_w960_d128_A_ram/trunc_ln111_56_reg_12685[13]_i_12_n_0
    SLICE_X28Y88         CARRY8 (Prop_CARRY8_SLICEM_S[1]_O[5])
                                                      0.333     9.767 r  vitis_design_i/myproject_axi_master_1/inst/stream_in0_input_layer_U/U_myproject_axi_master_fifo_w960_d128_A_ram/trunc_ln111_56_reg_12685_reg[13]_i_1/O[5]
                         net (fo=1, routed)           0.033     9.800    vitis_design_i/myproject_axi_master_1/inst/compute_U0/grp_myproject_fu_62/dense_array_ap_fixed_60u_array_ap_fixed_16_13_5_3_0_128u_config3_U0/grp_dense_latency_ap_fixed_11_7_0_3_0_ap_fixed_16_13_5_3_0_config3_s_fu_163/x_61_fu_10975_p2[12]
    SLICE_X28Y88         FDRE                                         r  vitis_design_i/myproject_axi_master_1/inst/compute_U0/grp_myproject_fu_62/dense_array_ap_fixed_60u_array_ap_fixed_16_13_5_3_0_128u_config3_U0/grp_dense_latency_ap_fixed_11_7_0_3_0_ap_fixed_16_13_5_3_0_config3_s_fu_163/trunc_ln111_56_reg_12685_reg[12]/D
  -------------------------------------------------------------------    -------------------

                         (clock clk_pl_0 rise edge)
                                                     10.000    10.000 r  
    PS8_X0Y0             PS8                          0.000    10.000 r  vitis_design_i/zynq_ultra_ps_e_0/inst/PS8_i/PLCLK[0]
                         net (fo=1, routed)           0.181    10.181    vitis_design_i/zynq_ultra_ps_e_0/inst/pl_clk_unbuffered[0]
    BUFG_PS_X0Y80        BUFG_PS (Prop_BUFG_PS_I_O)
                                                      0.035    10.216 r  vitis_design_i/zynq_ultra_ps_e_0/inst/buffer_pl_clk_0.PL_CLK_0_BUFG/O
    X1Y1 (CLOCK_ROOT)    net (fo=24198, routed)       2.611    12.827    vitis_design_i/myproject_axi_master_1/inst/compute_U0/grp_myproject_fu_62/dense_array_ap_fixed_60u_array_ap_fixed_16_13_5_3_0_128u_config3_U0/grp_dense_latency_ap_fixed_11_7_0_3_0_ap_fixed_16_13_5_3_0_config3_s_fu_163/ap_clk
    SLICE_X28Y88         FDRE                                         r  vitis_design_i/myproject_axi_master_1/inst/compute_U0/grp_myproject_fu_62/dense_array_ap_fixed_60u_array_ap_fixed_16_13_5_3_0_128u_config3_U0/grp_dense_latency_ap_fixed_11_7_0_3_0_ap_fixed_16_13_5_3_0_config3_s_fu_163/trunc_ln111_56_reg_12685_reg[12]/C
                         clock pessimism              0.239    13.067    
                         clock uncertainty           -0.130    12.937    
    SLICE_X28Y88         FDRE (Setup_FFF_SLICEM_C_D)
                                                      0.043    12.980    vitis_design_i/myproject_axi_master_1/inst/compute_U0/grp_myproject_fu_62/dense_array_ap_fixed_60u_array_ap_fixed_16_13_5_3_0_128u_config3_U0/grp_dense_latency_ap_fixed_11_7_0_3_0_ap_fixed_16_13_5_3_0_config3_s_fu_163/trunc_ln111_56_reg_12685_reg[12]
  -------------------------------------------------------------------
                         required time                         12.980    
                         arrival time                          -9.800    
  -------------------------------------------------------------------
                         slack                                  3.180    

Slack (MET) :             3.199ns  (required time - arrival time)
  Source:                 vitis_design_i/myproject_axi_master_1/inst/stream_in0_input_layer_U/U_myproject_axi_master_fifo_w960_d128_A_ram/mem_reg_3/CLKARDCLK
                            (rising edge-triggered cell RAMB36E2 clocked by clk_pl_0  {rise@0.000ns fall@5.000ns period=10.000ns})
  Destination:            vitis_design_i/myproject_axi_master_1/inst/compute_U0/grp_myproject_fu_62/dense_array_ap_fixed_60u_array_ap_fixed_16_13_5_3_0_128u_config3_U0/grp_dense_latency_ap_fixed_11_7_0_3_0_ap_fixed_16_13_5_3_0_config3_s_fu_163/trunc_ln111_56_reg_12685_reg[13]/D
                            (rising edge-triggered cell FDRE clocked by clk_pl_0  {rise@0.000ns fall@5.000ns period=10.000ns})
  Path Group:             clk_pl_0
  Path Type:              Setup (Max at Slow Process Corner)
  Requirement:            10.000ns  (clk_pl_0 rise@10.000ns - clk_pl_0 rise@0.000ns)
  Data Path Delay:        6.242ns  (logic 2.059ns (32.985%)  route 4.183ns (67.015%))
  Logic Levels:           10  (CARRY8=5 LUT3=2 LUT4=1 LUT5=1 LUT6=1)
  Clock Path Skew:        -0.472ns (DCD - SCD + CPR)
    Destination Clock Delay (DCD):    2.827ns = ( 12.827 - 10.000 ) 
    Source Clock Delay      (SCD):    3.539ns
    Clock Pessimism Removal (CPR):    0.239ns
  Clock Uncertainty:      0.130ns  ((TSJ^2 + DJ^2)^1/2) / 2 + PE
    Total System Jitter     (TSJ):    0.071ns
    Discrete Jitter          (DJ):    0.250ns
    Phase Error              (PE):    0.000ns
  Clock Net Delay (Source):      3.272ns (routing 1.584ns, distribution 1.688ns)
  Clock Net Delay (Destination): 2.611ns (routing 1.450ns, distribution 1.161ns)

    Location             Delay type                Incr(ns)  Path(ns)    Netlist Resource(s)
  -------------------------------------------------------------------    -------------------
                         (clock clk_pl_0 rise edge)
                                                      0.000     0.000 r  
    PS8_X0Y0             PS8                          0.000     0.000 r  vitis_design_i/zynq_ultra_ps_e_0/inst/PS8_i/PLCLK[0]
                         net (fo=1, routed)           0.229     0.229    vitis_design_i/zynq_ultra_ps_e_0/inst/pl_clk_unbuffered[0]
    BUFG_PS_X0Y80        BUFG_PS (Prop_BUFG_PS_I_O)
                                                      0.038     0.267 r  vitis_design_i/zynq_ultra_ps_e_0/inst/buffer_pl_clk_0.PL_CLK_0_BUFG/O
    X1Y1 (CLOCK_ROOT)    net (fo=24198, routed)       3.272     3.539    vitis_design_i/myproject_axi_master_1/inst/stream_in0_input_layer_U/U_myproject_axi_master_fifo_w960_d128_A_ram/ap_clk
    RAMB36_X2Y12         RAMB36E2                                     r  vitis_design_i/myproject_axi_master_1/inst/stream_in0_input_layer_U/U_myproject_axi_master_fifo_w960_d128_A_ram/mem_reg_3/CLKARDCLK
  -------------------------------------------------------------------    -------------------
    RAMB36_X2Y12         RAMB36E2 (Prop_RAMB36E2_RAMB36_CLKARDCLK_DOUTBDOUT[26])
                                                      0.317     3.856 r  vitis_design_i/myproject_axi_master_1/inst/stream_in0_input_layer_U/U_myproject_axi_master_fifo_w960_d128_A_ram/mem_reg_3/DOUTBDOUT[26]
                         net (fo=72, routed)          2.353     6.209    vitis_design_i/myproject_axi_master_1/inst/stream_in0_input_layer_U/U_myproject_axi_master_fifo_w960_d128_A_ram/compute_U0/grp_myproject_fu_62/dense_array_ap_fixed_60u_array_ap_fixed_16_13_5_3_0_128u_config3_U0/data_15_reg_1070[2]
    SLICE_X28Y72         LUT6 (Prop_F6LUT_SLICEM_I5_O)
                                                      0.135     6.344 r  vitis_design_i/myproject_axi_master_1/inst/stream_in0_input_layer_U/U_myproject_axi_master_fifo_w960_d128_A_ram/trunc_ln111_56_reg_12685[6]_i_51/O
                         net (fo=1, routed)           0.029     6.373    vitis_design_i/myproject_axi_master_1/inst/stream_in0_input_layer_U/U_myproject_axi_master_fifo_w960_d128_A_ram/trunc_ln111_56_reg_12685[6]_i_51_n_0
    SLICE_X28Y72         CARRY8 (Prop_CARRY8_SLICEM_S[5]_CO[7])
                                                      0.238     6.611 r  vitis_design_i/myproject_axi_master_1/inst/stream_in0_input_layer_U/U_myproject_axi_master_fifo_w960_d128_A_ram/trunc_ln111_56_reg_12685_reg[6]_i_20/CO[7]
                         net (fo=1, routed)           0.030     6.641    vitis_design_i/myproject_axi_master_1/inst/stream_in0_input_layer_U/U_myproject_axi_master_fifo_w960_d128_A_ram/trunc_ln111_56_reg_12685_reg[6]_i_20_n_0
    SLICE_X28Y73         CARRY8 (Prop_CARRY8_SLICEM_CI_O[0])
                                                      0.078     6.719 r  vitis_design_i/myproject_axi_master_1/inst/stream_in0_input_layer_U/U_myproject_axi_master_fifo_w960_d128_A_ram/trunc_ln111_56_reg_12685_reg[13]_i_100/O[0]
                         net (fo=4, routed)           0.503     7.221    vitis_design_i/myproject_axi_master_1/inst/stream_in0_input_layer_U/U_myproject_axi_master_fifo_w960_d128_A_ram/compute_U0/grp_myproject_fu_62/dense_array_ap_fixed_60u_array_ap_fixed_16_13_5_3_0_128u_config3_U0/grp_dense_latency_ap_fixed_11_7_0_3_0_ap_fixed_16_13_5_3_0_config3_s_fu_163/sext_ln58_129_fu_8077_p1[11]
    SLICE_X40Y71         LUT3 (Prop_C5LUT_SLICEM_I2_O)
                                                      0.223     7.444 r  vitis_design_i/myproject_axi_master_1/inst/stream_in0_input_layer_U/U_myproject_axi_master_fifo_w960_d128_A_ram/trunc_ln111_56_reg_12685[13]_i_104/O
                         net (fo=1, routed)           0.465     7.909    vitis_design_i/myproject_axi_master_1/inst/stream_in0_input_layer_U/U_myproject_axi_master_fifo_w960_d128_A_ram/trunc_ln111_56_reg_12685[13]_i_104_n_0
    SLICE_X28Y74         LUT5 (Prop_G6LUT_SLICEM_I1_O)
                                                      0.226     8.135 r  vitis_design_i/myproject_axi_master_1/inst/stream_in0_input_layer_U/U_myproject_axi_master_fifo_w960_d128_A_ram/trunc_ln111_56_reg_12685[13]_i_71/O
                         net (fo=1, routed)           0.021     8.156    vitis_design_i/myproject_axi_master_1/inst/stream_in0_input_layer_U/U_myproject_axi_master_fifo_w960_d128_A_ram/trunc_ln111_56_reg_12685[13]_i_71_n_0
    SLICE_X28Y74         CARRY8 (Prop_CARRY8_SLICEM_S[6]_CO[7])
                                                      0.175     8.331 r  vitis_design_i/myproject_axi_master_1/inst/stream_in0_input_layer_U/U_myproject_axi_master_fifo_w960_d128_A_ram/trunc_ln111_56_reg_12685_reg[13]_i_18/CO[7]
                         net (fo=1, routed)           0.030     8.361    vitis_design_i/myproject_axi_master_1/inst/stream_in0_input_layer_U/U_myproject_axi_master_fifo_w960_d128_A_ram/trunc_ln111_56_reg_12685_reg[13]_i_18_n_0
    SLICE_X28Y75         CARRY8 (Prop_CARRY8_SLICEM_CI_O[0])
                                                      0.078     8.439 r  vitis_design_i/myproject_axi_master_1/inst/stream_in0_input_layer_U/U_myproject_axi_master_fifo_w960_d128_A_ram/trunc_ln111_56_reg_12685_reg[13]_i_16/O[0]
                         net (fo=2, routed)           0.427     8.866    vitis_design_i/myproject_axi_master_1/inst/stream_in0_input_layer_U/U_myproject_axi_master_fifo_w960_d128_A_ram/compute_U0/grp_myproject_fu_62/dense_array_ap_fixed_60u_array_ap_fixed_16_13_5_3_0_128u_config3_U0/grp_dense_latency_ap_fixed_11_7_0_3_0_ap_fixed_16_13_5_3_0_config3_s_fu_163/sext_ln58_150_fu_8503_p1[13]
    SLICE_X28Y88         LUT3 (Prop_A5LUT_SLICEM_I1_O)
                                                      0.194     9.060 r  vitis_design_i/myproject_axi_master_1/inst/stream_in0_input_layer_U/U_myproject_axi_master_fifo_w960_d128_A_ram/trunc_ln111_56_reg_12685[13]_i_6/O
                         net (fo=2, routed)           0.269     9.330    vitis_design_i/myproject_axi_master_1/inst/stream_in0_input_layer_U/U_myproject_axi_master_fifo_w960_d128_A_ram/trunc_ln111_56_reg_12685[13]_i_6_n_0
    SLICE_X28Y88         LUT4 (Prop_B6LUT_SLICEM_I3_O)
                                                      0.082     9.412 r  vitis_design_i/myproject_axi_master_1/inst/stream_in0_input_layer_U/U_myproject_axi_master_fifo_w960_d128_A_ram/trunc_ln111_56_reg_12685[13]_i_12/O
                         net (fo=1, routed)           0.022     9.434    vitis_design_i/myproject_axi_master_1/inst/stream_in0_input_layer_U/U_myproject_axi_master_fifo_w960_d128_A_ram/trunc_ln111_56_reg_12685[13]_i_12_n_0
    SLICE_X28Y88         CARRY8 (Prop_CARRY8_SLICEM_S[1]_O[6])
                                                      0.313     9.747 r  vitis_design_i/myproject_axi_master_1/inst/stream_in0_input_layer_U/U_myproject_axi_master_fifo_w960_d128_A_ram/trunc_ln111_56_reg_12685_reg[13]_i_1/O[6]
                         net (fo=1, routed)           0.034     9.781    vitis_design_i/myproject_axi_master_1/inst/compute_U0/grp_myproject_fu_62/dense_array_ap_fixed_60u_array_ap_fixed_16_13_5_3_0_128u_config3_U0/grp_dense_latency_ap_fixed_11_7_0_3_0_ap_fixed_16_13_5_3_0_config3_s_fu_163/x_61_fu_10975_p2[13]
    SLICE_X28Y88         FDRE                                         r  vitis_design_i/myproject_axi_master_1/inst/compute_U0/grp_myproject_fu_62/dense_array_ap_fixed_60u_array_ap_fixed_16_13_5_3_0_128u_config3_U0/grp_dense_latency_ap_fixed_11_7_0_3_0_ap_fixed_16_13_5_3_0_config3_s_fu_163/trunc_ln111_56_reg_12685_reg[13]/D
  -------------------------------------------------------------------    -------------------

                         (clock clk_pl_0 rise edge)
                                                     10.000    10.000 r  
    PS8_X0Y0             PS8                          0.000    10.000 r  vitis_design_i/zynq_ultra_ps_e_0/inst/PS8_i/PLCLK[0]
                         net (fo=1, routed)           0.181    10.181    vitis_design_i/zynq_ultra_ps_e_0/inst/pl_clk_unbuffered[0]
    BUFG_PS_X0Y80        BUFG_PS (Prop_BUFG_PS_I_O)
                                                      0.035    10.216 r  vitis_design_i/zynq_ultra_ps_e_0/inst/buffer_pl_clk_0.PL_CLK_0_BUFG/O
    X1Y1 (CLOCK_ROOT)    net (fo=24198, routed)       2.611    12.827    vitis_design_i/myproject_axi_master_1/inst/compute_U0/grp_myproject_fu_62/dense_array_ap_fixed_60u_array_ap_fixed_16_13_5_3_0_128u_config3_U0/grp_dense_latency_ap_fixed_11_7_0_3_0_ap_fixed_16_13_5_3_0_config3_s_fu_163/ap_clk
    SLICE_X28Y88         FDRE                                         r  vitis_design_i/myproject_axi_master_1/inst/compute_U0/grp_myproject_fu_62/dense_array_ap_fixed_60u_array_ap_fixed_16_13_5_3_0_128u_config3_U0/grp_dense_latency_ap_fixed_11_7_0_3_0_ap_fixed_16_13_5_3_0_config3_s_fu_163/trunc_ln111_56_reg_12685_reg[13]/C
                         clock pessimism              0.239    13.067    
                         clock uncertainty           -0.130    12.937    
    SLICE_X28Y88         FDRE (Setup_GFF_SLICEM_C_D)
                                                      0.043    12.980    vitis_design_i/myproject_axi_master_1/inst/compute_U0/grp_myproject_fu_62/dense_array_ap_fixed_60u_array_ap_fixed_16_13_5_3_0_128u_config3_U0/grp_dense_latency_ap_fixed_11_7_0_3_0_ap_fixed_16_13_5_3_0_config3_s_fu_163/trunc_ln111_56_reg_12685_reg[13]
  -------------------------------------------------------------------
                         required time                         12.980    
                         arrival time                          -9.781    
  -------------------------------------------------------------------
                         slack                                  3.199    

Slack (MET) :             3.229ns  (required time - arrival time)
  Source:                 vitis_design_i/myproject_axi_master_1/inst/stream_in0_input_layer_U/U_myproject_axi_master_fifo_w960_d128_A_ram/mem_reg_3/CLKARDCLK
                            (rising edge-triggered cell RAMB36E2 clocked by clk_pl_0  {rise@0.000ns fall@5.000ns period=10.000ns})
  Destination:            vitis_design_i/myproject_axi_master_1/inst/compute_U0/grp_myproject_fu_62/dense_array_ap_fixed_60u_array_ap_fixed_16_13_5_3_0_128u_config3_U0/grp_dense_latency_ap_fixed_11_7_0_3_0_ap_fixed_16_13_5_3_0_config3_s_fu_163/trunc_ln111_56_reg_12685_reg[11]/D
                            (rising edge-triggered cell FDRE clocked by clk_pl_0  {rise@0.000ns fall@5.000ns period=10.000ns})
  Path Group:             clk_pl_0
  Path Type:              Setup (Max at Slow Process Corner)
  Requirement:            10.000ns  (clk_pl_0 rise@10.000ns - clk_pl_0 rise@0.000ns)
  Data Path Delay:        6.213ns  (logic 2.032ns (32.704%)  route 4.181ns (67.296%))
  Logic Levels:           10  (CARRY8=5 LUT3=2 LUT4=1 LUT5=1 LUT6=1)
  Clock Path Skew:        -0.472ns (DCD - SCD + CPR)
    Destination Clock Delay (DCD):    2.827ns = ( 12.827 - 10.000 ) 
    Source Clock Delay      (SCD):    3.539ns
    Clock Pessimism Removal (CPR):    0.239ns
  Clock Uncertainty:      0.130ns  ((TSJ^2 + DJ^2)^1/2) / 2 + PE
    Total System Jitter     (TSJ):    0.071ns
    Discrete Jitter          (DJ):    0.250ns
    Phase Error              (PE):    0.000ns
  Clock Net Delay (Source):      3.272ns (routing 1.584ns, distribution 1.688ns)
  Clock Net Delay (Destination): 2.611ns (routing 1.450ns, distribution 1.161ns)

    Location             Delay type                Incr(ns)  Path(ns)    Netlist Resource(s)
  -------------------------------------------------------------------    -------------------
                         (clock clk_pl_0 rise edge)
                                                      0.000     0.000 r  
    PS8_X0Y0             PS8                          0.000     0.000 r  vitis_design_i/zynq_ultra_ps_e_0/inst/PS8_i/PLCLK[0]
                         net (fo=1, routed)           0.229     0.229    vitis_design_i/zynq_ultra_ps_e_0/inst/pl_clk_unbuffered[0]
    BUFG_PS_X0Y80        BUFG_PS (Prop_BUFG_PS_I_O)
                                                      0.038     0.267 r  vitis_design_i/zynq_ultra_ps_e_0/inst/buffer_pl_clk_0.PL_CLK_0_BUFG/O
    X1Y1 (CLOCK_ROOT)    net (fo=24198, routed)       3.272     3.539    vitis_design_i/myproject_axi_master_1/inst/stream_in0_input_layer_U/U_myproject_axi_master_fifo_w960_d128_A_ram/ap_clk
    RAMB36_X2Y12         RAMB36E2                                     r  vitis_design_i/myproject_axi_master_1/inst/stream_in0_input_layer_U/U_myproject_axi_master_fifo_w960_d128_A_ram/mem_reg_3/CLKARDCLK
  -------------------------------------------------------------------    -------------------
    RAMB36_X2Y12         RAMB36E2 (Prop_RAMB36E2_RAMB36_CLKARDCLK_DOUTBDOUT[26])
                                                      0.317     3.856 r  vitis_design_i/myproject_axi_master_1/inst/stream_in0_input_layer_U/U_myproject_axi_master_fifo_w960_d128_A_ram/mem_reg_3/DOUTBDOUT[26]
                         net (fo=72, routed)          2.353     6.209    vitis_design_i/myproject_axi_master_1/inst/stream_in0_input_layer_U/U_myproject_axi_master_fifo_w960_d128_A_ram/compute_U0/grp_myproject_fu_62/dense_array_ap_fixed_60u_array_ap_fixed_16_13_5_3_0_128u_config3_U0/data_15_reg_1070[2]
    SLICE_X28Y72         LUT6 (Prop_F6LUT_SLICEM_I5_O)
                                                      0.135     6.344 r  vitis_design_i/myproject_axi_master_1/inst/stream_in0_input_layer_U/U_myproject_axi_master_fifo_w960_d128_A_ram/trunc_ln111_56_reg_12685[6]_i_51/O
                         net (fo=1, routed)           0.029     6.373    vitis_design_i/myproject_axi_master_1/inst/stream_in0_input_layer_U/U_myproject_axi_master_fifo_w960_d128_A_ram/trunc_ln111_56_reg_12685[6]_i_51_n_0
    SLICE_X28Y72         CARRY8 (Prop_CARRY8_SLICEM_S[5]_CO[7])
                                                      0.238     6.611 r  vitis_design_i/myproject_axi_master_1/inst/stream_in0_input_layer_U/U_myproject_axi_master_fifo_w960_d128_A_ram/trunc_ln111_56_reg_12685_reg[6]_i_20/CO[7]
                         net (fo=1, routed)           0.030     6.641    vitis_design_i/myproject_axi_master_1/inst/stream_in0_input_layer_U/U_myproject_axi_master_fifo_w960_d128_A_ram/trunc_ln111_56_reg_12685_reg[6]_i_20_n_0
    SLICE_X28Y73         CARRY8 (Prop_CARRY8_SLICEM_CI_O[0])
                                                      0.078     6.719 r  vitis_design_i/myproject_axi_master_1/inst/stream_in0_input_layer_U/U_myproject_axi_master_fifo_w960_d128_A_ram/trunc_ln111_56_reg_12685_reg[13]_i_100/O[0]
                         net (fo=4, routed)           0.503     7.221    vitis_design_i/myproject_axi_master_1/inst/stream_in0_input_layer_U/U_myproject_axi_master_fifo_w960_d128_A_ram/compute_U0/grp_myproject_fu_62/dense_array_ap_fixed_60u_array_ap_fixed_16_13_5_3_0_128u_config3_U0/grp_dense_latency_ap_fixed_11_7_0_3_0_ap_fixed_16_13_5_3_0_config3_s_fu_163/sext_ln58_129_fu_8077_p1[11]
    SLICE_X40Y71         LUT3 (Prop_C5LUT_SLICEM_I2_O)
                                                      0.223     7.444 r  vitis_design_i/myproject_axi_master_1/inst/stream_in0_input_layer_U/U_myproject_axi_master_fifo_w960_d128_A_ram/trunc_ln111_56_reg_12685[13]_i_104/O
                         net (fo=1, routed)           0.465     7.909    vitis_design_i/myproject_axi_master_1/inst/stream_in0_input_layer_U/U_myproject_axi_master_fifo_w960_d128_A_ram/trunc_ln111_56_reg_12685[13]_i_104_n_0
    SLICE_X28Y74         LUT5 (Prop_G6LUT_SLICEM_I1_O)
                                                      0.226     8.135 r  vitis_design_i/myproject_axi_master_1/inst/stream_in0_input_layer_U/U_myproject_axi_master_fifo_w960_d128_A_ram/trunc_ln111_56_reg_12685[13]_i_71/O
                         net (fo=1, routed)           0.021     8.156    vitis_design_i/myproject_axi_master_1/inst/stream_in0_input_layer_U/U_myproject_axi_master_fifo_w960_d128_A_ram/trunc_ln111_56_reg_12685[13]_i_71_n_0
    SLICE_X28Y74         CARRY8 (Prop_CARRY8_SLICEM_S[6]_CO[7])
                                                      0.175     8.331 r  vitis_design_i/myproject_axi_master_1/inst/stream_in0_input_layer_U/U_myproject_axi_master_fifo_w960_d128_A_ram/trunc_ln111_56_reg_12685_reg[13]_i_18/CO[7]
                         net (fo=1, routed)           0.030     8.361    vitis_design_i/myproject_axi_master_1/inst/stream_in0_input_layer_U/U_myproject_axi_master_fifo_w960_d128_A_ram/trunc_ln111_56_reg_12685_reg[13]_i_18_n_0
    SLICE_X28Y75         CARRY8 (Prop_CARRY8_SLICEM_CI_O[0])
                                                      0.078     8.439 r  vitis_design_i/myproject_axi_master_1/inst/stream_in0_input_layer_U/U_myproject_axi_master_fifo_w960_d128_A_ram/trunc_ln111_56_reg_12685_reg[13]_i_16/O[0]
                         net (fo=2, routed)           0.427     8.866    vitis_design_i/myproject_axi_master_1/inst/stream_in0_input_layer_U/U_myproject_axi_master_fifo_w960_d128_A_ram/compute_U0/grp_myproject_fu_62/dense_array_ap_fixed_60u_array_ap_fixed_16_13_5_3_0_128u_config3_U0/grp_dense_latency_ap_fixed_11_7_0_3_0_ap_fixed_16_13_5_3_0_config3_s_fu_163/sext_ln58_150_fu_8503_p1[13]
    SLICE_X28Y88         LUT3 (Prop_A5LUT_SLICEM_I1_O)
                                                      0.194     9.060 r  vitis_design_i/myproject_axi_master_1/inst/stream_in0_input_layer_U/U_myproject_axi_master_fifo_w960_d128_A_ram/trunc_ln111_56_reg_12685[13]_i_6/O
                         net (fo=2, routed)           0.269     9.330    vitis_design_i/myproject_axi_master_1/inst/stream_in0_input_layer_U/U_myproject_axi_master_fifo_w960_d128_A_ram/trunc_ln111_56_reg_12685[13]_i_6_n_0
    SLICE_X28Y88         LUT4 (Prop_B6LUT_SLICEM_I3_O)
                                                      0.082     9.412 r  vitis_design_i/myproject_axi_master_1/inst/stream_in0_input_layer_U/U_myproject_axi_master_fifo_w960_d128_A_ram/trunc_ln111_56_reg_12685[13]_i_12/O
                         net (fo=1, routed)           0.022     9.434    vitis_design_i/myproject_axi_master_1/inst/stream_in0_input_layer_U/U_myproject_axi_master_fifo_w960_d128_A_ram/trunc_ln111_56_reg_12685[13]_i_12_n_0
    SLICE_X28Y88         CARRY8 (Prop_CARRY8_SLICEM_S[1]_O[4])
                                                      0.286     9.720 r  vitis_design_i/myproject_axi_master_1/inst/stream_in0_input_layer_U/U_myproject_axi_master_fifo_w960_d128_A_ram/trunc_ln111_56_reg_12685_reg[13]_i_1/O[4]
                         net (fo=1, routed)           0.032     9.752    vitis_design_i/myproject_axi_master_1/inst/compute_U0/grp_myproject_fu_62/dense_array_ap_fixed_60u_array_ap_fixed_16_13_5_3_0_128u_config3_U0/grp_dense_latency_ap_fixed_11_7_0_3_0_ap_fixed_16_13_5_3_0_config3_s_fu_163/x_61_fu_10975_p2[11]
    SLICE_X28Y88         FDRE                                         r  vitis_design_i/myproject_axi_master_1/inst/compute_U0/grp_myproject_fu_62/dense_array_ap_fixed_60u_array_ap_fixed_16_13_5_3_0_128u_config3_U0/grp_dense_latency_ap_fixed_11_7_0_3_0_ap_fixed_16_13_5_3_0_config3_s_fu_163/trunc_ln111_56_reg_12685_reg[11]/D
  -------------------------------------------------------------------    -------------------

                         (clock clk_pl_0 rise edge)
                                                     10.000    10.000 r  
    PS8_X0Y0             PS8                          0.000    10.000 r  vitis_design_i/zynq_ultra_ps_e_0/inst/PS8_i/PLCLK[0]
                         net (fo=1, routed)           0.181    10.181    vitis_design_i/zynq_ultra_ps_e_0/inst/pl_clk_unbuffered[0]
    BUFG_PS_X0Y80        BUFG_PS (Prop_BUFG_PS_I_O)
                                                      0.035    10.216 r  vitis_design_i/zynq_ultra_ps_e_0/inst/buffer_pl_clk_0.PL_CLK_0_BUFG/O
    X1Y1 (CLOCK_ROOT)    net (fo=24198, routed)       2.611    12.827    vitis_design_i/myproject_axi_master_1/inst/compute_U0/grp_myproject_fu_62/dense_array_ap_fixed_60u_array_ap_fixed_16_13_5_3_0_128u_config3_U0/grp_dense_latency_ap_fixed_11_7_0_3_0_ap_fixed_16_13_5_3_0_config3_s_fu_163/ap_clk
    SLICE_X28Y88         FDRE                                         r  vitis_design_i/myproject_axi_master_1/inst/compute_U0/grp_myproject_fu_62/dense_array_ap_fixed_60u_array_ap_fixed_16_13_5_3_0_128u_config3_U0/grp_dense_latency_ap_fixed_11_7_0_3_0_ap_fixed_16_13_5_3_0_config3_s_fu_163/trunc_ln111_56_reg_12685_reg[11]/C
                         clock pessimism              0.239    13.067    
                         clock uncertainty           -0.130    12.937    
    SLICE_X28Y88         FDRE (Setup_EFF_SLICEM_C_D)
                                                      0.044    12.981    vitis_design_i/myproject_axi_master_1/inst/compute_U0/grp_myproject_fu_62/dense_array_ap_fixed_60u_array_ap_fixed_16_13_5_3_0_128u_config3_U0/grp_dense_latency_ap_fixed_11_7_0_3_0_ap_fixed_16_13_5_3_0_config3_s_fu_163/trunc_ln111_56_reg_12685_reg[11]
  -------------------------------------------------------------------
                         required time                         12.981    
                         arrival time                          -9.752    
  -------------------------------------------------------------------
                         slack                                  3.229    

Slack (MET) :             3.329ns  (required time - arrival time)
  Source:                 vitis_design_i/myproject_axi_master_1/inst/stream_in0_input_layer_U/U_myproject_axi_master_fifo_w960_d128_A_ram/mem_reg_3/CLKARDCLK
                            (rising edge-triggered cell RAMB36E2 clocked by clk_pl_0  {rise@0.000ns fall@5.000ns period=10.000ns})
  Destination:            vitis_design_i/myproject_axi_master_1/inst/compute_U0/grp_myproject_fu_62/dense_array_ap_fixed_60u_array_ap_fixed_16_13_5_3_0_128u_config3_U0/grp_dense_latency_ap_fixed_11_7_0_3_0_ap_fixed_16_13_5_3_0_config3_s_fu_163/trunc_ln111_56_reg_12685_reg[10]/D
                            (rising edge-triggered cell FDRE clocked by clk_pl_0  {rise@0.000ns fall@5.000ns period=10.000ns})
  Path Group:             clk_pl_0
  Path Type:              Setup (Max at Slow Process Corner)
  Requirement:            10.000ns  (clk_pl_0 rise@10.000ns - clk_pl_0 rise@0.000ns)
  Data Path Delay:        6.112ns  (logic 1.929ns (31.559%)  route 4.183ns (68.441%))
  Logic Levels:           10  (CARRY8=5 LUT3=2 LUT4=1 LUT5=1 LUT6=1)
  Clock Path Skew:        -0.472ns (DCD - SCD + CPR)
    Destination Clock Delay (DCD):    2.827ns = ( 12.827 - 10.000 ) 
    Source Clock Delay      (SCD):    3.539ns
    Clock Pessimism Removal (CPR):    0.239ns
  Clock Uncertainty:      0.130ns  ((TSJ^2 + DJ^2)^1/2) / 2 + PE
    Total System Jitter     (TSJ):    0.071ns
    Discrete Jitter          (DJ):    0.250ns
    Phase Error              (PE):    0.000ns
  Clock Net Delay (Source):      3.272ns (routing 1.584ns, distribution 1.688ns)
  Clock Net Delay (Destination): 2.611ns (routing 1.450ns, distribution 1.161ns)

    Location             Delay type                Incr(ns)  Path(ns)    Netlist Resource(s)
  -------------------------------------------------------------------    -------------------
                         (clock clk_pl_0 rise edge)
                                                      0.000     0.000 r  
    PS8_X0Y0             PS8                          0.000     0.000 r  vitis_design_i/zynq_ultra_ps_e_0/inst/PS8_i/PLCLK[0]
                         net (fo=1, routed)           0.229     0.229    vitis_design_i/zynq_ultra_ps_e_0/inst/pl_clk_unbuffered[0]
    BUFG_PS_X0Y80        BUFG_PS (Prop_BUFG_PS_I_O)
                                                      0.038     0.267 r  vitis_design_i/zynq_ultra_ps_e_0/inst/buffer_pl_clk_0.PL_CLK_0_BUFG/O
    X1Y1 (CLOCK_ROOT)    net (fo=24198, routed)       3.272     3.539    vitis_design_i/myproject_axi_master_1/inst/stream_in0_input_layer_U/U_myproject_axi_master_fifo_w960_d128_A_ram/ap_clk
    RAMB36_X2Y12         RAMB36E2                                     r  vitis_design_i/myproject_axi_master_1/inst/stream_in0_input_layer_U/U_myproject_axi_master_fifo_w960_d128_A_ram/mem_reg_3/CLKARDCLK
  -------------------------------------------------------------------    -------------------
    RAMB36_X2Y12         RAMB36E2 (Prop_RAMB36E2_RAMB36_CLKARDCLK_DOUTBDOUT[26])
                                                      0.317     3.856 r  vitis_design_i/myproject_axi_master_1/inst/stream_in0_input_layer_U/U_myproject_axi_master_fifo_w960_d128_A_ram/mem_reg_3/DOUTBDOUT[26]
                         net (fo=72, routed)          2.353     6.209    vitis_design_i/myproject_axi_master_1/inst/stream_in0_input_layer_U/U_myproject_axi_master_fifo_w960_d128_A_ram/compute_U0/grp_myproject_fu_62/dense_array_ap_fixed_60u_array_ap_fixed_16_13_5_3_0_128u_config3_U0/data_15_reg_1070[2]
    SLICE_X28Y72         LUT6 (Prop_F6LUT_SLICEM_I5_O)
                                                      0.135     6.344 r  vitis_design_i/myproject_axi_master_1/inst/stream_in0_input_layer_U/U_myproject_axi_master_fifo_w960_d128_A_ram/trunc_ln111_56_reg_12685[6]_i_51/O
                         net (fo=1, routed)           0.029     6.373    vitis_design_i/myproject_axi_master_1/inst/stream_in0_input_layer_U/U_myproject_axi_master_fifo_w960_d128_A_ram/trunc_ln111_56_reg_12685[6]_i_51_n_0
    SLICE_X28Y72         CARRY8 (Prop_CARRY8_SLICEM_S[5]_CO[7])
                                                      0.238     6.611 r  vitis_design_i/myproject_axi_master_1/inst/stream_in0_input_layer_U/U_myproject_axi_master_fifo_w960_d128_A_ram/trunc_ln111_56_reg_12685_reg[6]_i_20/CO[7]
                         net (fo=1, routed)           0.030     6.641    vitis_design_i/myproject_axi_master_1/inst/stream_in0_input_layer_U/U_myproject_axi_master_fifo_w960_d128_A_ram/trunc_ln111_56_reg_12685_reg[6]_i_20_n_0
    SLICE_X28Y73         CARRY8 (Prop_CARRY8_SLICEM_CI_O[0])
                                                      0.078     6.719 r  vitis_design_i/myproject_axi_master_1/inst/stream_in0_input_layer_U/U_myproject_axi_master_fifo_w960_d128_A_ram/trunc_ln111_56_reg_12685_reg[13]_i_100/O[0]
                         net (fo=4, routed)           0.503     7.221    vitis_design_i/myproject_axi_master_1/inst/stream_in0_input_layer_U/U_myproject_axi_master_fifo_w960_d128_A_ram/compute_U0/grp_myproject_fu_62/dense_array_ap_fixed_60u_array_ap_fixed_16_13_5_3_0_128u_config3_U0/grp_dense_latency_ap_fixed_11_7_0_3_0_ap_fixed_16_13_5_3_0_config3_s_fu_163/sext_ln58_129_fu_8077_p1[11]
    SLICE_X40Y71         LUT3 (Prop_C5LUT_SLICEM_I2_O)
                                                      0.223     7.444 r  vitis_design_i/myproject_axi_master_1/inst/stream_in0_input_layer_U/U_myproject_axi_master_fifo_w960_d128_A_ram/trunc_ln111_56_reg_12685[13]_i_104/O
                         net (fo=1, routed)           0.465     7.909    vitis_design_i/myproject_axi_master_1/inst/stream_in0_input_layer_U/U_myproject_axi_master_fifo_w960_d128_A_ram/trunc_ln111_56_reg_12685[13]_i_104_n_0
    SLICE_X28Y74         LUT5 (Prop_G6LUT_SLICEM_I1_O)
                                                      0.226     8.135 r  vitis_design_i/myproject_axi_master_1/inst/stream_in0_input_layer_U/U_myproject_axi_master_fifo_w960_d128_A_ram/trunc_ln111_56_reg_12685[13]_i_71/O
                         net (fo=1, routed)           0.021     8.156    vitis_design_i/myproject_axi_master_1/inst/stream_in0_input_layer_U/U_myproject_axi_master_fifo_w960_d128_A_ram/trunc_ln111_56_reg_12685[13]_i_71_n_0
    SLICE_X28Y74         CARRY8 (Prop_CARRY8_SLICEM_S[6]_CO[7])
                                                      0.175     8.331 r  vitis_design_i/myproject_axi_master_1/inst/stream_in0_input_layer_U/U_myproject_axi_master_fifo_w960_d128_A_ram/trunc_ln111_56_reg_12685_reg[13]_i_18/CO[7]
                         net (fo=1, routed)           0.030     8.361    vitis_design_i/myproject_axi_master_1/inst/stream_in0_input_layer_U/U_myproject_axi_master_fifo_w960_d128_A_ram/trunc_ln111_56_reg_12685_reg[13]_i_18_n_0
    SLICE_X28Y75         CARRY8 (Prop_CARRY8_SLICEM_CI_O[0])
                                                      0.078     8.439 r  vitis_design_i/myproject_axi_master_1/inst/stream_in0_input_layer_U/U_myproject_axi_master_fifo_w960_d128_A_ram/trunc_ln111_56_reg_12685_reg[13]_i_16/O[0]
                         net (fo=2, routed)           0.427     8.866    vitis_design_i/myproject_axi_master_1/inst/stream_in0_input_layer_U/U_myproject_axi_master_fifo_w960_d128_A_ram/compute_U0/grp_myproject_fu_62/dense_array_ap_fixed_60u_array_ap_fixed_16_13_5_3_0_128u_config3_U0/grp_dense_latency_ap_fixed_11_7_0_3_0_ap_fixed_16_13_5_3_0_config3_s_fu_163/sext_ln58_150_fu_8503_p1[13]
    SLICE_X28Y88         LUT3 (Prop_A5LUT_SLICEM_I1_O)
                                                      0.194     9.060 r  vitis_design_i/myproject_axi_master_1/inst/stream_in0_input_layer_U/U_myproject_axi_master_fifo_w960_d128_A_ram/trunc_ln111_56_reg_12685[13]_i_6/O
                         net (fo=2, routed)           0.269     9.330    vitis_design_i/myproject_axi_master_1/inst/stream_in0_input_layer_U/U_myproject_axi_master_fifo_w960_d128_A_ram/trunc_ln111_56_reg_12685[13]_i_6_n_0
    SLICE_X28Y88         LUT4 (Prop_B6LUT_SLICEM_I3_O)
                                                      0.082     9.412 r  vitis_design_i/myproject_axi_master_1/inst/stream_in0_input_layer_U/U_myproject_axi_master_fifo_w960_d128_A_ram/trunc_ln111_56_reg_12685[13]_i_12/O
                         net (fo=1, routed)           0.022     9.434    vitis_design_i/myproject_axi_master_1/inst/stream_in0_input_layer_U/U_myproject_axi_master_fifo_w960_d128_A_ram/trunc_ln111_56_reg_12685[13]_i_12_n_0
    SLICE_X28Y88         CARRY8 (Prop_CARRY8_SLICEM_S[1]_O[3])
                                                      0.183     9.617 r  vitis_design_i/myproject_axi_master_1/inst/stream_in0_input_layer_U/U_myproject_axi_master_fifo_w960_d128_A_ram/trunc_ln111_56_reg_12685_reg[13]_i_1/O[3]
                         net (fo=1, routed)           0.034     9.651    vitis_design_i/myproject_axi_master_1/inst/compute_U0/grp_myproject_fu_62/dense_array_ap_fixed_60u_array_ap_fixed_16_13_5_3_0_128u_config3_U0/grp_dense_latency_ap_fixed_11_7_0_3_0_ap_fixed_16_13_5_3_0_config3_s_fu_163/x_61_fu_10975_p2[10]
    SLICE_X28Y88         FDRE                                         r  vitis_design_i/myproject_axi_master_1/inst/compute_U0/grp_myproject_fu_62/dense_array_ap_fixed_60u_array_ap_fixed_16_13_5_3_0_128u_config3_U0/grp_dense_latency_ap_fixed_11_7_0_3_0_ap_fixed_16_13_5_3_0_config3_s_fu_163/trunc_ln111_56_reg_12685_reg[10]/D
  -------------------------------------------------------------------    -------------------

                         (clock clk_pl_0 rise edge)
                                                     10.000    10.000 r  
    PS8_X0Y0             PS8                          0.000    10.000 r  vitis_design_i/zynq_ultra_ps_e_0/inst/PS8_i/PLCLK[0]
                         net (fo=1, routed)           0.181    10.181    vitis_design_i/zynq_ultra_ps_e_0/inst/pl_clk_unbuffered[0]
    BUFG_PS_X0Y80        BUFG_PS (Prop_BUFG_PS_I_O)
                                                      0.035    10.216 r  vitis_design_i/zynq_ultra_ps_e_0/inst/buffer_pl_clk_0.PL_CLK_0_BUFG/O
    X1Y1 (CLOCK_ROOT)    net (fo=24198, routed)       2.611    12.827    vitis_design_i/myproject_axi_master_1/inst/compute_U0/grp_myproject_fu_62/dense_array_ap_fixed_60u_array_ap_fixed_16_13_5_3_0_128u_config3_U0/grp_dense_latency_ap_fixed_11_7_0_3_0_ap_fixed_16_13_5_3_0_config3_s_fu_163/ap_clk
    SLICE_X28Y88         FDRE                                         r  vitis_design_i/myproject_axi_master_1/inst/compute_U0/grp_myproject_fu_62/dense_array_ap_fixed_60u_array_ap_fixed_16_13_5_3_0_128u_config3_U0/grp_dense_latency_ap_fixed_11_7_0_3_0_ap_fixed_16_13_5_3_0_config3_s_fu_163/trunc_ln111_56_reg_12685_reg[10]/C
                         clock pessimism              0.239    13.067    
                         clock uncertainty           -0.130    12.937    
    SLICE_X28Y88         FDRE (Setup_DFF_SLICEM_C_D)
                                                      0.043    12.980    vitis_design_i/myproject_axi_master_1/inst/compute_U0/grp_myproject_fu_62/dense_array_ap_fixed_60u_array_ap_fixed_16_13_5_3_0_128u_config3_U0/grp_dense_latency_ap_fixed_11_7_0_3_0_ap_fixed_16_13_5_3_0_config3_s_fu_163/trunc_ln111_56_reg_12685_reg[10]
  -------------------------------------------------------------------
                         required time                         12.980    
                         arrival time                          -9.651    
  -------------------------------------------------------------------
                         slack                                  3.329    

Slack (MET) :             3.333ns  (required time - arrival time)
  Source:                 vitis_design_i/myproject_axi_master_1/inst/stream_in0_input_layer_U/U_myproject_axi_master_fifo_w960_d128_A_ram/mem_reg_3/CLKARDCLK
                            (rising edge-triggered cell RAMB36E2 clocked by clk_pl_0  {rise@0.000ns fall@5.000ns period=10.000ns})
  Destination:            vitis_design_i/myproject_axi_master_1/inst/compute_U0/grp_myproject_fu_62/dense_array_ap_fixed_60u_array_ap_fixed_16_13_5_3_0_128u_config3_U0/grp_dense_latency_ap_fixed_11_7_0_3_0_ap_fixed_16_13_5_3_0_config3_s_fu_163/trunc_ln111_56_reg_12685_reg[9]/D
                            (rising edge-triggered cell FDRE clocked by clk_pl_0  {rise@0.000ns fall@5.000ns period=10.000ns})
  Path Group:             clk_pl_0
  Path Type:              Setup (Max at Slow Process Corner)
  Requirement:            10.000ns  (clk_pl_0 rise@10.000ns - clk_pl_0 rise@0.000ns)
  Data Path Delay:        6.108ns  (logic 1.925ns (31.515%)  route 4.183ns (68.485%))
  Logic Levels:           10  (CARRY8=5 LUT3=2 LUT4=1 LUT5=1 LUT6=1)
  Clock Path Skew:        -0.472ns (DCD - SCD + CPR)
    Destination Clock Delay (DCD):    2.827ns = ( 12.827 - 10.000 ) 
    Source Clock Delay      (SCD):    3.539ns
    Clock Pessimism Removal (CPR):    0.239ns
  Clock Uncertainty:      0.130ns  ((TSJ^2 + DJ^2)^1/2) / 2 + PE
    Total System Jitter     (TSJ):    0.071ns
    Discrete Jitter          (DJ):    0.250ns
    Phase Error              (PE):    0.000ns
  Clock Net Delay (Source):      3.272ns (routing 1.584ns, distribution 1.688ns)
  Clock Net Delay (Destination): 2.611ns (routing 1.450ns, distribution 1.161ns)

    Location             Delay type                Incr(ns)  Path(ns)    Netlist Resource(s)
  -------------------------------------------------------------------    -------------------
                         (clock clk_pl_0 rise edge)
                                                      0.000     0.000 r  
    PS8_X0Y0             PS8                          0.000     0.000 r  vitis_design_i/zynq_ultra_ps_e_0/inst/PS8_i/PLCLK[0]
                         net (fo=1, routed)           0.229     0.229    vitis_design_i/zynq_ultra_ps_e_0/inst/pl_clk_unbuffered[0]
    BUFG_PS_X0Y80        BUFG_PS (Prop_BUFG_PS_I_O)
                                                      0.038     0.267 r  vitis_design_i/zynq_ultra_ps_e_0/inst/buffer_pl_clk_0.PL_CLK_0_BUFG/O
    X1Y1 (CLOCK_ROOT)    net (fo=24198, routed)       3.272     3.539    vitis_design_i/myproject_axi_master_1/inst/stream_in0_input_layer_U/U_myproject_axi_master_fifo_w960_d128_A_ram/ap_clk
    RAMB36_X2Y12         RAMB36E2                                     r  vitis_design_i/myproject_axi_master_1/inst/stream_in0_input_layer_U/U_myproject_axi_master_fifo_w960_d128_A_ram/mem_reg_3/CLKARDCLK
  -------------------------------------------------------------------    -------------------
    RAMB36_X2Y12         RAMB36E2 (Prop_RAMB36E2_RAMB36_CLKARDCLK_DOUTBDOUT[26])
                                                      0.317     3.856 r  vitis_design_i/myproject_axi_master_1/inst/stream_in0_input_layer_U/U_myproject_axi_master_fifo_w960_d128_A_ram/mem_reg_3/DOUTBDOUT[26]
                         net (fo=72, routed)          2.353     6.209    vitis_design_i/myproject_axi_master_1/inst/stream_in0_input_layer_U/U_myproject_axi_master_fifo_w960_d128_A_ram/compute_U0/grp_myproject_fu_62/dense_array_ap_fixed_60u_array_ap_fixed_16_13_5_3_0_128u_config3_U0/data_15_reg_1070[2]
    SLICE_X28Y72         LUT6 (Prop_F6LUT_SLICEM_I5_O)
                                                      0.135     6.344 r  vitis_design_i/myproject_axi_master_1/inst/stream_in0_input_layer_U/U_myproject_axi_master_fifo_w960_d128_A_ram/trunc_ln111_56_reg_12685[6]_i_51/O
                         net (fo=1, routed)           0.029     6.373    vitis_design_i/myproject_axi_master_1/inst/stream_in0_input_layer_U/U_myproject_axi_master_fifo_w960_d128_A_ram/trunc_ln111_56_reg_12685[6]_i_51_n_0
    SLICE_X28Y72         CARRY8 (Prop_CARRY8_SLICEM_S[5]_CO[7])
                                                      0.238     6.611 r  vitis_design_i/myproject_axi_master_1/inst/stream_in0_input_layer_U/U_myproject_axi_master_fifo_w960_d128_A_ram/trunc_ln111_56_reg_12685_reg[6]_i_20/CO[7]
                         net (fo=1, routed)           0.030     6.641    vitis_design_i/myproject_axi_master_1/inst/stream_in0_input_layer_U/U_myproject_axi_master_fifo_w960_d128_A_ram/trunc_ln111_56_reg_12685_reg[6]_i_20_n_0
    SLICE_X28Y73         CARRY8 (Prop_CARRY8_SLICEM_CI_O[0])
                                                      0.078     6.719 r  vitis_design_i/myproject_axi_master_1/inst/stream_in0_input_layer_U/U_myproject_axi_master_fifo_w960_d128_A_ram/trunc_ln111_56_reg_12685_reg[13]_i_100/O[0]
                         net (fo=4, routed)           0.503     7.221    vitis_design_i/myproject_axi_master_1/inst/stream_in0_input_layer_U/U_myproject_axi_master_fifo_w960_d128_A_ram/compute_U0/grp_myproject_fu_62/dense_array_ap_fixed_60u_array_ap_fixed_16_13_5_3_0_128u_config3_U0/grp_dense_latency_ap_fixed_11_7_0_3_0_ap_fixed_16_13_5_3_0_config3_s_fu_163/sext_ln58_129_fu_8077_p1[11]
    SLICE_X40Y71         LUT3 (Prop_C5LUT_SLICEM_I2_O)
                                                      0.223     7.444 r  vitis_design_i/myproject_axi_master_1/inst/stream_in0_input_layer_U/U_myproject_axi_master_fifo_w960_d128_A_ram/trunc_ln111_56_reg_12685[13]_i_104/O
                         net (fo=1, routed)           0.465     7.909    vitis_design_i/myproject_axi_master_1/inst/stream_in0_input_layer_U/U_myproject_axi_master_fifo_w960_d128_A_ram/trunc_ln111_56_reg_12685[13]_i_104_n_0
    SLICE_X28Y74         LUT5 (Prop_G6LUT_SLICEM_I1_O)
                                                      0.226     8.135 r  vitis_design_i/myproject_axi_master_1/inst/stream_in0_input_layer_U/U_myproject_axi_master_fifo_w960_d128_A_ram/trunc_ln111_56_reg_12685[13]_i_71/O
                         net (fo=1, routed)           0.021     8.156    vitis_design_i/myproject_axi_master_1/inst/stream_in0_input_layer_U/U_myproject_axi_master_fifo_w960_d128_A_ram/trunc_ln111_56_reg_12685[13]_i_71_n_0
    SLICE_X28Y74         CARRY8 (Prop_CARRY8_SLICEM_S[6]_CO[7])
                                                      0.175     8.331 r  vitis_design_i/myproject_axi_master_1/inst/stream_in0_input_layer_U/U_myproject_axi_master_fifo_w960_d128_A_ram/trunc_ln111_56_reg_12685_reg[13]_i_18/CO[7]
                         net (fo=1, routed)           0.030     8.361    vitis_design_i/myproject_axi_master_1/inst/stream_in0_input_layer_U/U_myproject_axi_master_fifo_w960_d128_A_ram/trunc_ln111_56_reg_12685_reg[13]_i_18_n_0
    SLICE_X28Y75         CARRY8 (Prop_CARRY8_SLICEM_CI_O[0])
                                                      0.078     8.439 r  vitis_design_i/myproject_axi_master_1/inst/stream_in0_input_layer_U/U_myproject_axi_master_fifo_w960_d128_A_ram/trunc_ln111_56_reg_12685_reg[13]_i_16/O[0]
                         net (fo=2, routed)           0.427     8.866    vitis_design_i/myproject_axi_master_1/inst/stream_in0_input_layer_U/U_myproject_axi_master_fifo_w960_d128_A_ram/compute_U0/grp_myproject_fu_62/dense_array_ap_fixed_60u_array_ap_fixed_16_13_5_3_0_128u_config3_U0/grp_dense_latency_ap_fixed_11_7_0_3_0_ap_fixed_16_13_5_3_0_config3_s_fu_163/sext_ln58_150_fu_8503_p1[13]
    SLICE_X28Y88         LUT3 (Prop_A5LUT_SLICEM_I1_O)
                                                      0.194     9.060 r  vitis_design_i/myproject_axi_master_1/inst/stream_in0_input_layer_U/U_myproject_axi_master_fifo_w960_d128_A_ram/trunc_ln111_56_reg_12685[13]_i_6/O
                         net (fo=2, routed)           0.269     9.330    vitis_design_i/myproject_axi_master_1/inst/stream_in0_input_layer_U/U_myproject_axi_master_fifo_w960_d128_A_ram/trunc_ln111_56_reg_12685[13]_i_6_n_0
    SLICE_X28Y88         LUT4 (Prop_B6LUT_SLICEM_I3_O)
                                                      0.082     9.412 r  vitis_design_i/myproject_axi_master_1/inst/stream_in0_input_layer_U/U_myproject_axi_master_fifo_w960_d128_A_ram/trunc_ln111_56_reg_12685[13]_i_12/O
                         net (fo=1, routed)           0.022     9.434    vitis_design_i/myproject_axi_master_1/inst/stream_in0_input_layer_U/U_myproject_axi_master_fifo_w960_d128_A_ram/trunc_ln111_56_reg_12685[13]_i_12_n_0
    SLICE_X28Y88         CARRY8 (Prop_CARRY8_SLICEM_S[1]_O[2])
                                                      0.179     9.613 r  vitis_design_i/myproject_axi_master_1/inst/stream_in0_input_layer_U/U_myproject_axi_master_fifo_w960_d128_A_ram/trunc_ln111_56_reg_12685_reg[13]_i_1/O[2]
                         net (fo=1, routed)           0.034     9.647    vitis_design_i/myproject_axi_master_1/inst/compute_U0/grp_myproject_fu_62/dense_array_ap_fixed_60u_array_ap_fixed_16_13_5_3_0_128u_config3_U0/grp_dense_latency_ap_fixed_11_7_0_3_0_ap_fixed_16_13_5_3_0_config3_s_fu_163/x_61_fu_10975_p2[9]
    SLICE_X28Y88         FDRE                                         r  vitis_design_i/myproject_axi_master_1/inst/compute_U0/grp_myproject_fu_62/dense_array_ap_fixed_60u_array_ap_fixed_16_13_5_3_0_128u_config3_U0/grp_dense_latency_ap_fixed_11_7_0_3_0_ap_fixed_16_13_5_3_0_config3_s_fu_163/trunc_ln111_56_reg_12685_reg[9]/D
  -------------------------------------------------------------------    -------------------

                         (clock clk_pl_0 rise edge)
                                                     10.000    10.000 r  
    PS8_X0Y0             PS8                          0.000    10.000 r  vitis_design_i/zynq_ultra_ps_e_0/inst/PS8_i/PLCLK[0]
                         net (fo=1, routed)           0.181    10.181    vitis_design_i/zynq_ultra_ps_e_0/inst/pl_clk_unbuffered[0]
    BUFG_PS_X0Y80        BUFG_PS (Prop_BUFG_PS_I_O)
                                                      0.035    10.216 r  vitis_design_i/zynq_ultra_ps_e_0/inst/buffer_pl_clk_0.PL_CLK_0_BUFG/O
    X1Y1 (CLOCK_ROOT)    net (fo=24198, routed)       2.611    12.827    vitis_design_i/myproject_axi_master_1/inst/compute_U0/grp_myproject_fu_62/dense_array_ap_fixed_60u_array_ap_fixed_16_13_5_3_0_128u_config3_U0/grp_dense_latency_ap_fixed_11_7_0_3_0_ap_fixed_16_13_5_3_0_config3_s_fu_163/ap_clk
    SLICE_X28Y88         FDRE                                         r  vitis_design_i/myproject_axi_master_1/inst/compute_U0/grp_myproject_fu_62/dense_array_ap_fixed_60u_array_ap_fixed_16_13_5_3_0_128u_config3_U0/grp_dense_latency_ap_fixed_11_7_0_3_0_ap_fixed_16_13_5_3_0_config3_s_fu_163/trunc_ln111_56_reg_12685_reg[9]/C
                         clock pessimism              0.239    13.067    
                         clock uncertainty           -0.130    12.937    
    SLICE_X28Y88         FDRE (Setup_CFF_SLICEM_C_D)
                                                      0.043    12.980    vitis_design_i/myproject_axi_master_1/inst/compute_U0/grp_myproject_fu_62/dense_array_ap_fixed_60u_array_ap_fixed_16_13_5_3_0_128u_config3_U0/grp_dense_latency_ap_fixed_11_7_0_3_0_ap_fixed_16_13_5_3_0_config3_s_fu_163/trunc_ln111_56_reg_12685_reg[9]
  -------------------------------------------------------------------
                         required time                         12.980    
                         arrival time                          -9.647    
  -------------------------------------------------------------------
                         slack                                  3.333    

Slack (MET) :             3.398ns  (required time - arrival time)
  Source:                 vitis_design_i/myproject_axi_master_1/inst/load_input_float_array_ap_fixed_11_7_0_3_0_60u_U0/grp_load_input_float_array_ap_fixed_60u_Pipeline_VITIS_LOOP_13_1_fu_90/sub_ln17_163_reg_19031_reg[0]/C
                            (rising edge-triggered cell FDRE clocked by clk_pl_0  {rise@0.000ns fall@5.000ns period=10.000ns})
  Destination:            vitis_design_i/myproject_axi_master_1/inst/load_input_float_array_ap_fixed_11_7_0_3_0_60u_U0/grp_load_input_float_array_ap_fixed_60u_Pipeline_VITIS_LOOP_13_1_fu_90/tmp_397_reg_19053_reg[5]/D
                            (rising edge-triggered cell FDRE clocked by clk_pl_0  {rise@0.000ns fall@5.000ns period=10.000ns})
  Path Group:             clk_pl_0
  Path Type:              Setup (Max at Slow Process Corner)
  Requirement:            10.000ns  (clk_pl_0 rise@10.000ns - clk_pl_0 rise@0.000ns)
  Data Path Delay:        6.258ns  (logic 1.638ns (26.175%)  route 4.620ns (73.825%))
  Logic Levels:           10  (CARRY8=1 LUT2=1 LUT4=3 LUT5=3 LUT6=2)
  Clock Path Skew:        -0.257ns (DCD - SCD + CPR)
    Destination Clock Delay (DCD):    2.852ns = ( 12.852 - 10.000 ) 
    Source Clock Delay      (SCD):    3.348ns
    Clock Pessimism Removal (CPR):    0.239ns
  Clock Uncertainty:      0.130ns  ((TSJ^2 + DJ^2)^1/2) / 2 + PE
    Total System Jitter     (TSJ):    0.071ns
    Discrete Jitter          (DJ):    0.250ns
    Phase Error              (PE):    0.000ns
  Clock Net Delay (Source):      3.081ns (routing 1.584ns, distribution 1.497ns)
  Clock Net Delay (Destination): 2.636ns (routing 1.450ns, distribution 1.186ns)

    Location             Delay type                Incr(ns)  Path(ns)    Netlist Resource(s)
  -------------------------------------------------------------------    -------------------
                         (clock clk_pl_0 rise edge)
                                                      0.000     0.000 r  
    PS8_X0Y0             PS8                          0.000     0.000 r  vitis_design_i/zynq_ultra_ps_e_0/inst/PS8_i/PLCLK[0]
                         net (fo=1, routed)           0.229     0.229    vitis_design_i/zynq_ultra_ps_e_0/inst/pl_clk_unbuffered[0]
    BUFG_PS_X0Y80        BUFG_PS (Prop_BUFG_PS_I_O)
                                                      0.038     0.267 r  vitis_design_i/zynq_ultra_ps_e_0/inst/buffer_pl_clk_0.PL_CLK_0_BUFG/O
    X1Y1 (CLOCK_ROOT)    net (fo=24198, routed)       3.081     3.348    vitis_design_i/myproject_axi_master_1/inst/load_input_float_array_ap_fixed_11_7_0_3_0_60u_U0/grp_load_input_float_array_ap_fixed_60u_Pipeline_VITIS_LOOP_13_1_fu_90/ap_clk
    SLICE_X22Y68         FDRE                                         r  vitis_design_i/myproject_axi_master_1/inst/load_input_float_array_ap_fixed_11_7_0_3_0_60u_U0/grp_load_input_float_array_ap_fixed_60u_Pipeline_VITIS_LOOP_13_1_fu_90/sub_ln17_163_reg_19031_reg[0]/C
  -------------------------------------------------------------------    -------------------
    SLICE_X22Y68         FDRE (Prop_EFF_SLICEL_C_Q)
                                                      0.114     3.462 f  vitis_design_i/myproject_axi_master_1/inst/load_input_float_array_ap_fixed_11_7_0_3_0_60u_U0/grp_load_input_float_array_ap_fixed_60u_Pipeline_VITIS_LOOP_13_1_fu_90/sub_ln17_163_reg_19031_reg[0]/Q
                         net (fo=54, routed)          1.055     4.517    vitis_design_i/myproject_axi_master_1/inst/load_input_float_array_ap_fixed_11_7_0_3_0_60u_U0/grp_load_input_float_array_ap_fixed_60u_Pipeline_VITIS_LOOP_13_1_fu_90/sub_ln17_163_reg_19031[0]
    SLICE_X24Y65         LUT2 (Prop_A6LUT_SLICEM_I0_O)
                                                      0.189     4.706 r  vitis_design_i/myproject_axi_master_1/inst/load_input_float_array_ap_fixed_11_7_0_3_0_60u_U0/grp_load_input_float_array_ap_fixed_60u_Pipeline_VITIS_LOOP_13_1_fu_90/tmp_397_reg_19053[8]_i_17/O
                         net (fo=1, routed)           0.017     4.723    vitis_design_i/myproject_axi_master_1/inst/load_input_float_array_ap_fixed_11_7_0_3_0_60u_U0/grp_load_input_float_array_ap_fixed_60u_Pipeline_VITIS_LOOP_13_1_fu_90/tmp_397_reg_19053[8]_i_17_n_0
    SLICE_X24Y65         CARRY8 (Prop_CARRY8_SLICEM_S[0]_CO[5])
                                                      0.281     5.004 r  vitis_design_i/myproject_axi_master_1/inst/load_input_float_array_ap_fixed_11_7_0_3_0_60u_U0/grp_load_input_float_array_ap_fixed_60u_Pipeline_VITIS_LOOP_13_1_fu_90/tmp_397_reg_19053_reg[8]_i_3/CO[5]
                         net (fo=24, routed)          1.173     6.177    vitis_design_i/myproject_axi_master_1/inst/load_input_float_array_ap_fixed_11_7_0_3_0_60u_U0/grp_load_input_float_array_ap_fixed_60u_Pipeline_VITIS_LOOP_13_1_fu_90/p_0_in15_in
    SLICE_X22Y67         LUT6 (Prop_H6LUT_SLICEL_I0_O)
                                                      0.083     6.260 f  vitis_design_i/myproject_axi_master_1/inst/load_input_float_array_ap_fixed_11_7_0_3_0_60u_U0/grp_load_input_float_array_ap_fixed_60u_Pipeline_VITIS_LOOP_13_1_fu_90/tmp_397_reg_19053[10]_i_76/O
                         net (fo=35, routed)          0.485     6.744    vitis_design_i/myproject_axi_master_1/inst/load_input_float_array_ap_fixed_11_7_0_3_0_60u_U0/grp_load_input_float_array_ap_fixed_60u_Pipeline_VITIS_LOOP_13_1_fu_90/tmp_397_reg_19053[10]_i_76_n_0
    SLICE_X19Y72         LUT4 (Prop_D5LUT_SLICEL_I2_O)
                                                      0.152     6.896 f  vitis_design_i/myproject_axi_master_1/inst/load_input_float_array_ap_fixed_11_7_0_3_0_60u_U0/grp_load_input_float_array_ap_fixed_60u_Pipeline_VITIS_LOOP_13_1_fu_90/tmp_397_reg_19053[10]_i_81/O
                         net (fo=2, routed)           0.252     7.149    vitis_design_i/myproject_axi_master_1/inst/load_input_float_array_ap_fixed_11_7_0_3_0_60u_U0/grp_load_input_float_array_ap_fixed_60u_Pipeline_VITIS_LOOP_13_1_fu_90/tmp_397_reg_19053[10]_i_81_n_0
    SLICE_X19Y72         LUT4 (Prop_C5LUT_SLICEL_I0_O)
                                                      0.091     7.240 f  vitis_design_i/myproject_axi_master_1/inst/load_input_float_array_ap_fixed_11_7_0_3_0_60u_U0/grp_load_input_float_array_ap_fixed_60u_Pipeline_VITIS_LOOP_13_1_fu_90/tmp_397_reg_19053[3]_i_19/O
                         net (fo=1, routed)           0.156     7.396    vitis_design_i/myproject_axi_master_1/inst/load_input_float_array_ap_fixed_11_7_0_3_0_60u_U0/grp_load_input_float_array_ap_fixed_60u_Pipeline_VITIS_LOOP_13_1_fu_90/tmp_397_reg_19053[3]_i_19_n_0
    SLICE_X19Y72         LUT6 (Prop_G6LUT_SLICEL_I0_O)
                                                      0.226     7.622 f  vitis_design_i/myproject_axi_master_1/inst/load_input_float_array_ap_fixed_11_7_0_3_0_60u_U0/grp_load_input_float_array_ap_fixed_60u_Pipeline_VITIS_LOOP_13_1_fu_90/tmp_397_reg_19053[3]_i_12/O
                         net (fo=5, routed)           0.318     7.940    vitis_design_i/myproject_axi_master_1/inst/load_input_float_array_ap_fixed_11_7_0_3_0_60u_U0/grp_load_input_float_array_ap_fixed_60u_Pipeline_VITIS_LOOP_13_1_fu_90/tmp_397_reg_19053[3]_i_12_n_0
    SLICE_X22Y68         LUT5 (Prop_G6LUT_SLICEL_I0_O)
                                                      0.137     8.077 f  vitis_design_i/myproject_axi_master_1/inst/load_input_float_array_ap_fixed_11_7_0_3_0_60u_U0/grp_load_input_float_array_ap_fixed_60u_Pipeline_VITIS_LOOP_13_1_fu_90/tmp_397_reg_19053[3]_i_10/O
                         net (fo=3, routed)           0.106     8.182    vitis_design_i/myproject_axi_master_1/inst/load_input_float_array_ap_fixed_11_7_0_3_0_60u_U0/grp_load_input_float_array_ap_fixed_60u_Pipeline_VITIS_LOOP_13_1_fu_90/tmp_397_reg_19053[3]_i_10_n_0
    SLICE_X22Y69         LUT5 (Prop_H6LUT_SLICEL_I4_O)
                                                      0.083     8.265 f  vitis_design_i/myproject_axi_master_1/inst/load_input_float_array_ap_fixed_11_7_0_3_0_60u_U0/grp_load_input_float_array_ap_fixed_60u_Pipeline_VITIS_LOOP_13_1_fu_90/tmp_397_reg_19053[3]_i_4/O
                         net (fo=6, routed)           0.757     9.022    vitis_design_i/myproject_axi_master_1/inst/load_input_float_array_ap_fixed_11_7_0_3_0_60u_U0/grp_load_input_float_array_ap_fixed_60u_Pipeline_VITIS_LOOP_13_1_fu_90/tmp_397_reg_19053[3]_i_4_n_0
    SLICE_X24Y70         LUT5 (Prop_G5LUT_SLICEM_I1_O)
                                                      0.226     9.248 r  vitis_design_i/myproject_axi_master_1/inst/load_input_float_array_ap_fixed_11_7_0_3_0_60u_U0/grp_load_input_float_array_ap_fixed_60u_Pipeline_VITIS_LOOP_13_1_fu_90/tmp_397_reg_19053[5]_i_2/O
                         net (fo=1, routed)           0.207     9.455    vitis_design_i/myproject_axi_master_1/inst/load_input_float_array_ap_fixed_11_7_0_3_0_60u_U0/grp_load_input_float_array_ap_fixed_60u_Pipeline_VITIS_LOOP_13_1_fu_90/tmp_397_reg_19053[5]_i_2_n_0
    SLICE_X24Y70         LUT4 (Prop_F6LUT_SLICEM_I0_O)
                                                      0.056     9.511 r  vitis_design_i/myproject_axi_master_1/inst/load_input_float_array_ap_fixed_11_7_0_3_0_60u_U0/grp_load_input_float_array_ap_fixed_60u_Pipeline_VITIS_LOOP_13_1_fu_90/tmp_397_reg_19053[5]_i_1/O
                         net (fo=1, routed)           0.095     9.606    vitis_design_i/myproject_axi_master_1/inst/load_input_float_array_ap_fixed_11_7_0_3_0_60u_U0/grp_load_input_float_array_ap_fixed_60u_Pipeline_VITIS_LOOP_13_1_fu_90/tmp_397_reg_19053[5]_i_1_n_0
    SLICE_X24Y70         FDRE                                         r  vitis_design_i/myproject_axi_master_1/inst/load_input_float_array_ap_fixed_11_7_0_3_0_60u_U0/grp_load_input_float_array_ap_fixed_60u_Pipeline_VITIS_LOOP_13_1_fu_90/tmp_397_reg_19053_reg[5]/D
  -------------------------------------------------------------------    -------------------

                         (clock clk_pl_0 rise edge)
                                                     10.000    10.000 r  
    PS8_X0Y0             PS8                          0.000    10.000 r  vitis_design_i/zynq_ultra_ps_e_0/inst/PS8_i/PLCLK[0]
                         net (fo=1, routed)           0.181    10.181    vitis_design_i/zynq_ultra_ps_e_0/inst/pl_clk_unbuffered[0]
    BUFG_PS_X0Y80        BUFG_PS (Prop_BUFG_PS_I_O)
                                                      0.035    10.216 r  vitis_design_i/zynq_ultra_ps_e_0/inst/buffer_pl_clk_0.PL_CLK_0_BUFG/O
    X1Y1 (CLOCK_ROOT)    net (fo=24198, routed)       2.636    12.852    vitis_design_i/myproject_axi_master_1/inst/load_input_float_array_ap_fixed_11_7_0_3_0_60u_U0/grp_load_input_float_array_ap_fixed_60u_Pipeline_VITIS_LOOP_13_1_fu_90/ap_clk
    SLICE_X24Y70         FDRE                                         r  vitis_design_i/myproject_axi_master_1/inst/load_input_float_array_ap_fixed_11_7_0_3_0_60u_U0/grp_load_input_float_array_ap_fixed_60u_Pipeline_VITIS_LOOP_13_1_fu_90/tmp_397_reg_19053_reg[5]/C
                         clock pessimism              0.239    13.091    
                         clock uncertainty           -0.130    12.962    
    SLICE_X24Y70         FDRE (Setup_FFF_SLICEM_C_D)
                                                      0.043    13.005    vitis_design_i/myproject_axi_master_1/inst/load_input_float_array_ap_fixed_11_7_0_3_0_60u_U0/grp_load_input_float_array_ap_fixed_60u_Pipeline_VITIS_LOOP_13_1_fu_90/tmp_397_reg_19053_reg[5]
  -------------------------------------------------------------------
                         required time                         13.005    
                         arrival time                          -9.606    
  -------------------------------------------------------------------
                         slack                                  3.398    

Slack (MET) :             3.410ns  (required time - arrival time)
  Source:                 vitis_design_i/myproject_axi_master_1/inst/stream_in0_input_layer_U/U_myproject_axi_master_fifo_w960_d128_A_ram/mem_reg_3/CLKARDCLK
                            (rising edge-triggered cell RAMB36E2 clocked by clk_pl_0  {rise@0.000ns fall@5.000ns period=10.000ns})
  Destination:            vitis_design_i/myproject_axi_master_1/inst/compute_U0/grp_myproject_fu_62/dense_array_ap_fixed_60u_array_ap_fixed_16_13_5_3_0_128u_config3_U0/grp_dense_latency_ap_fixed_11_7_0_3_0_ap_fixed_16_13_5_3_0_config3_s_fu_163/trunc_ln111_38_reg_12620_reg[14]/D
                            (rising edge-triggered cell FDRE clocked by clk_pl_0  {rise@0.000ns fall@5.000ns period=10.000ns})
  Path Group:             clk_pl_0
  Path Type:              Setup (Max at Slow Process Corner)
  Requirement:            10.000ns  (clk_pl_0 rise@10.000ns - clk_pl_0 rise@0.000ns)
  Data Path Delay:        6.139ns  (logic 1.935ns (31.522%)  route 4.204ns (68.478%))
  Logic Levels:           10  (CARRY8=4 LUT3=3 LUT4=2 LUT5=1)
  Clock Path Skew:        -0.366ns (DCD - SCD + CPR)
    Destination Clock Delay (DCD):    2.929ns = ( 12.929 - 10.000 ) 
    Source Clock Delay      (SCD):    3.539ns
    Clock Pessimism Removal (CPR):    0.244ns
  Clock Uncertainty:      0.130ns  ((TSJ^2 + DJ^2)^1/2) / 2 + PE
    Total System Jitter     (TSJ):    0.071ns
    Discrete Jitter          (DJ):    0.250ns
    Phase Error              (PE):    0.000ns
  Clock Net Delay (Source):      3.272ns (routing 1.584ns, distribution 1.688ns)
  Clock Net Delay (Destination): 2.713ns (routing 1.450ns, distribution 1.263ns)

    Location             Delay type                Incr(ns)  Path(ns)    Netlist Resource(s)
  -------------------------------------------------------------------    -------------------
                         (clock clk_pl_0 rise edge)
                                                      0.000     0.000 r  
    PS8_X0Y0             PS8                          0.000     0.000 r  vitis_design_i/zynq_ultra_ps_e_0/inst/PS8_i/PLCLK[0]
                         net (fo=1, routed)           0.229     0.229    vitis_design_i/zynq_ultra_ps_e_0/inst/pl_clk_unbuffered[0]
    BUFG_PS_X0Y80        BUFG_PS (Prop_BUFG_PS_I_O)
                                                      0.038     0.267 r  vitis_design_i/zynq_ultra_ps_e_0/inst/buffer_pl_clk_0.PL_CLK_0_BUFG/O
    X1Y1 (CLOCK_ROOT)    net (fo=24198, routed)       3.272     3.539    vitis_design_i/myproject_axi_master_1/inst/stream_in0_input_layer_U/U_myproject_axi_master_fifo_w960_d128_A_ram/ap_clk
    RAMB36_X2Y12         RAMB36E2                                     r  vitis_design_i/myproject_axi_master_1/inst/stream_in0_input_layer_U/U_myproject_axi_master_fifo_w960_d128_A_ram/mem_reg_3/CLKARDCLK
  -------------------------------------------------------------------    -------------------
    RAMB36_X2Y12         RAMB36E2 (Prop_RAMB36E2_RAMB36_CLKARDCLK_DOUTBDOUT[26])
                                                      0.317     3.856 r  vitis_design_i/myproject_axi_master_1/inst/stream_in0_input_layer_U/U_myproject_axi_master_fifo_w960_d128_A_ram/mem_reg_3/DOUTBDOUT[26]
                         net (fo=72, routed)          2.355     6.211    vitis_design_i/myproject_axi_master_1/inst/stream_in0_input_layer_U/U_myproject_axi_master_fifo_w960_d128_A_ram/compute_U0/grp_myproject_fu_62/dense_array_ap_fixed_60u_array_ap_fixed_16_13_5_3_0_128u_config3_U0/data_15_reg_1070[2]
    SLICE_X37Y78         LUT5 (Prop_D5LUT_SLICEM_I1_O)
                                                      0.190     6.401 f  vitis_design_i/myproject_axi_master_1/inst/stream_in0_input_layer_U/U_myproject_axi_master_fifo_w960_d128_A_ram/trunc_ln111_38_reg_12620[0]_i_87/O
                         net (fo=2, routed)           0.476     6.877    vitis_design_i/myproject_axi_master_1/inst/stream_in0_input_layer_U/U_myproject_axi_master_fifo_w960_d128_A_ram/trunc_ln111_38_reg_12620[0]_i_87_n_0
    SLICE_X43Y82         LUT3 (Prop_F5LUT_SLICEM_I1_O)
                                                      0.232     7.109 r  vitis_design_i/myproject_axi_master_1/inst/stream_in0_input_layer_U/U_myproject_axi_master_fifo_w960_d128_A_ram/trunc_ln111_38_reg_12620[0]_i_24/O
                         net (fo=2, routed)           0.170     7.279    vitis_design_i/myproject_axi_master_1/inst/stream_in0_input_layer_U/U_myproject_axi_master_fifo_w960_d128_A_ram/trunc_ln111_38_reg_12620[0]_i_24_n_0
    SLICE_X43Y82         LUT4 (Prop_G6LUT_SLICEM_I3_O)
                                                      0.057     7.336 r  vitis_design_i/myproject_axi_master_1/inst/stream_in0_input_layer_U/U_myproject_axi_master_fifo_w960_d128_A_ram/trunc_ln111_38_reg_12620[0]_i_31/O
                         net (fo=1, routed)           0.021     7.357    vitis_design_i/myproject_axi_master_1/inst/stream_in0_input_layer_U/U_myproject_axi_master_fifo_w960_d128_A_ram/trunc_ln111_38_reg_12620[0]_i_31_n_0
    SLICE_X43Y82         CARRY8 (Prop_CARRY8_SLICEM_S[6]_CO[7])
                                                      0.175     7.532 r  vitis_design_i/myproject_axi_master_1/inst/stream_in0_input_layer_U/U_myproject_axi_master_fifo_w960_d128_A_ram/trunc_ln111_38_reg_12620_reg[0]_i_18/CO[7]
                         net (fo=1, routed)           0.030     7.562    vitis_design_i/myproject_axi_master_1/inst/stream_in0_input_layer_U/U_myproject_axi_master_fifo_w960_d128_A_ram/trunc_ln111_38_reg_12620_reg[0]_i_18_n_0
    SLICE_X43Y83         CARRY8 (Prop_CARRY8_SLICEM_CI_O[1])
                                                      0.106     7.668 r  vitis_design_i/myproject_axi_master_1/inst/stream_in0_input_layer_U/U_myproject_axi_master_fifo_w960_d128_A_ram/trunc_ln111_38_reg_12620_reg[0]_i_21/O[1]
                         net (fo=2, routed)           0.432     8.100    vitis_design_i/myproject_axi_master_1/inst/stream_in0_input_layer_U/U_myproject_axi_master_fifo_w960_d128_A_ram/compute_U0/grp_myproject_fu_62/dense_array_ap_fixed_60u_array_ap_fixed_16_13_5_3_0_128u_config3_U0/grp_dense_latency_ap_fixed_11_7_0_3_0_ap_fixed_16_13_5_3_0_config3_s_fu_163/sext_ln58_151_fu_8537_p1[14]
    SLICE_X44Y87         LUT3 (Prop_G6LUT_SLICEL_I0_O)
                                                      0.151     8.251 r  vitis_design_i/myproject_axi_master_1/inst/stream_in0_input_layer_U/U_myproject_axi_master_fifo_w960_d128_A_ram/trunc_ln111_38_reg_12620[14]_i_15/O
                         net (fo=2, routed)           0.392     8.642    vitis_design_i/myproject_axi_master_1/inst/stream_in0_input_layer_U/U_myproject_axi_master_fifo_w960_d128_A_ram/trunc_ln111_38_reg_12620[14]_i_15_n_0
    SLICE_X43Y87         LUT4 (Prop_B6LUT_SLICEM_I3_O)
                                                      0.082     8.724 r  vitis_design_i/myproject_axi_master_1/inst/stream_in0_input_layer_U/U_myproject_axi_master_fifo_w960_d128_A_ram/trunc_ln111_38_reg_12620[14]_i_21/O
                         net (fo=1, routed)           0.022     8.746    vitis_design_i/myproject_axi_master_1/inst/stream_in0_input_layer_U/U_myproject_axi_master_fifo_w960_d128_A_ram/trunc_ln111_38_reg_12620[14]_i_21_n_0
    SLICE_X43Y87         CARRY8 (Prop_CARRY8_SLICEM_S[1]_O[4])
                                                      0.286     9.032 r  vitis_design_i/myproject_axi_master_1/inst/stream_in0_input_layer_U/U_myproject_axi_master_fifo_w960_d128_A_ram/trunc_ln111_38_reg_12620_reg[14]_i_2/O[4]
                         net (fo=3, routed)           0.260     9.292    vitis_design_i/myproject_axi_master_1/inst/stream_in0_input_layer_U/U_myproject_axi_master_fifo_w960_d128_A_ram/compute_U0/grp_myproject_fu_62/dense_array_ap_fixed_60u_array_ap_fixed_16_13_5_3_0_128u_config3_U0/grp_dense_latency_ap_fixed_11_7_0_3_0_ap_fixed_16_13_5_3_0_config3_s_fu_163/sext_ln58_449_fu_10791_p1[18]
    SLICE_X42Y88         LUT3 (Prop_D6LUT_SLICEL_I2_O)
                                                      0.081     9.373 r  vitis_design_i/myproject_axi_master_1/inst/stream_in0_input_layer_U/U_myproject_axi_master_fifo_w960_d128_A_ram/trunc_ln111_38_reg_12620[14]_i_8/O
                         net (fo=1, routed)           0.013     9.386    vitis_design_i/myproject_axi_master_1/inst/stream_in0_input_layer_U/U_myproject_axi_master_fifo_w960_d128_A_ram/trunc_ln111_38_reg_12620[14]_i_8_n_0
    SLICE_X42Y88         CARRY8 (Prop_CARRY8_SLICEL_S[3]_O[5])
                                                      0.258     9.644 r  vitis_design_i/myproject_axi_master_1/inst/stream_in0_input_layer_U/U_myproject_axi_master_fifo_w960_d128_A_ram/trunc_ln111_38_reg_12620_reg[14]_i_1/O[5]
                         net (fo=1, routed)           0.033     9.677    vitis_design_i/myproject_axi_master_1/inst/compute_U0/grp_myproject_fu_62/dense_array_ap_fixed_60u_array_ap_fixed_16_13_5_3_0_128u_config3_U0/grp_dense_latency_ap_fixed_11_7_0_3_0_ap_fixed_16_13_5_3_0_config3_s_fu_163/trunc_ln111_38_reg_12620_reg[14]_0[6]
    SLICE_X42Y88         FDRE                                         r  vitis_design_i/myproject_axi_master_1/inst/compute_U0/grp_myproject_fu_62/dense_array_ap_fixed_60u_array_ap_fixed_16_13_5_3_0_128u_config3_U0/grp_dense_latency_ap_fixed_11_7_0_3_0_ap_fixed_16_13_5_3_0_config3_s_fu_163/trunc_ln111_38_reg_12620_reg[14]/D
  -------------------------------------------------------------------    -------------------

                         (clock clk_pl_0 rise edge)
                                                     10.000    10.000 r  
    PS8_X0Y0             PS8                          0.000    10.000 r  vitis_design_i/zynq_ultra_ps_e_0/inst/PS8_i/PLCLK[0]
                         net (fo=1, routed)           0.181    10.181    vitis_design_i/zynq_ultra_ps_e_0/inst/pl_clk_unbuffered[0]
    BUFG_PS_X0Y80        BUFG_PS (Prop_BUFG_PS_I_O)
                                                      0.035    10.216 r  vitis_design_i/zynq_ultra_ps_e_0/inst/buffer_pl_clk_0.PL_CLK_0_BUFG/O
    X1Y1 (CLOCK_ROOT)    net (fo=24198, routed)       2.713    12.929    vitis_design_i/myproject_axi_master_1/inst/compute_U0/grp_myproject_fu_62/dense_array_ap_fixed_60u_array_ap_fixed_16_13_5_3_0_128u_config3_U0/grp_dense_latency_ap_fixed_11_7_0_3_0_ap_fixed_16_13_5_3_0_config3_s_fu_163/ap_clk
    SLICE_X42Y88         FDRE                                         r  vitis_design_i/myproject_axi_master_1/inst/compute_U0/grp_myproject_fu_62/dense_array_ap_fixed_60u_array_ap_fixed_16_13_5_3_0_128u_config3_U0/grp_dense_latency_ap_fixed_11_7_0_3_0_ap_fixed_16_13_5_3_0_config3_s_fu_163/trunc_ln111_38_reg_12620_reg[14]/C
                         clock pessimism              0.244    13.173    
                         clock uncertainty           -0.130    13.043    
    SLICE_X42Y88         FDRE (Setup_FFF_SLICEL_C_D)
                                                      0.044    13.087    vitis_design_i/myproject_axi_master_1/inst/compute_U0/grp_myproject_fu_62/dense_array_ap_fixed_60u_array_ap_fixed_16_13_5_3_0_128u_config3_U0/grp_dense_latency_ap_fixed_11_7_0_3_0_ap_fixed_16_13_5_3_0_config3_s_fu_163/trunc_ln111_38_reg_12620_reg[14]
  -------------------------------------------------------------------
                         required time                         13.087    
                         arrival time                          -9.677    
  -------------------------------------------------------------------
                         slack                                  3.410    

Slack (MET) :             3.428ns  (required time - arrival time)
  Source:                 vitis_design_i/myproject_axi_master_1/inst/stream_in0_input_layer_U/U_myproject_axi_master_fifo_w960_d128_A_ram/mem_reg_3/CLKARDCLK
                            (rising edge-triggered cell RAMB36E2 clocked by clk_pl_0  {rise@0.000ns fall@5.000ns period=10.000ns})
  Destination:            vitis_design_i/myproject_axi_master_1/inst/compute_U0/grp_myproject_fu_62/dense_array_ap_fixed_60u_array_ap_fixed_16_13_5_3_0_128u_config3_U0/grp_dense_latency_ap_fixed_11_7_0_3_0_ap_fixed_16_13_5_3_0_config3_s_fu_163/add_ln58_513_reg_12460_reg[18]/D
                            (rising edge-triggered cell FDRE clocked by clk_pl_0  {rise@0.000ns fall@5.000ns period=10.000ns})
  Path Group:             clk_pl_0
  Path Type:              Setup (Max at Slow Process Corner)
  Requirement:            10.000ns  (clk_pl_0 rise@10.000ns - clk_pl_0 rise@0.000ns)
  Data Path Delay:        6.026ns  (logic 2.079ns (34.502%)  route 3.947ns (65.498%))
  Logic Levels:           11  (CARRY8=4 LUT3=1 LUT4=1 LUT5=4 LUT6=1)
  Clock Path Skew:        -0.459ns (DCD - SCD + CPR)
    Destination Clock Delay (DCD):    2.840ns = ( 12.840 - 10.000 ) 
    Source Clock Delay      (SCD):    3.539ns
    Clock Pessimism Removal (CPR):    0.239ns
  Clock Uncertainty:      0.130ns  ((TSJ^2 + DJ^2)^1/2) / 2 + PE
    Total System Jitter     (TSJ):    0.071ns
    Discrete Jitter          (DJ):    0.250ns
    Phase Error              (PE):    0.000ns
  Clock Net Delay (Source):      3.272ns (routing 1.584ns, distribution 1.688ns)
  Clock Net Delay (Destination): 2.624ns (routing 1.450ns, distribution 1.174ns)

    Location             Delay type                Incr(ns)  Path(ns)    Netlist Resource(s)
  -------------------------------------------------------------------    -------------------
                         (clock clk_pl_0 rise edge)
                                                      0.000     0.000 r  
    PS8_X0Y0             PS8                          0.000     0.000 r  vitis_design_i/zynq_ultra_ps_e_0/inst/PS8_i/PLCLK[0]
                         net (fo=1, routed)           0.229     0.229    vitis_design_i/zynq_ultra_ps_e_0/inst/pl_clk_unbuffered[0]
    BUFG_PS_X0Y80        BUFG_PS (Prop_BUFG_PS_I_O)
                                                      0.038     0.267 r  vitis_design_i/zynq_ultra_ps_e_0/inst/buffer_pl_clk_0.PL_CLK_0_BUFG/O
    X1Y1 (CLOCK_ROOT)    net (fo=24198, routed)       3.272     3.539    vitis_design_i/myproject_axi_master_1/inst/stream_in0_input_layer_U/U_myproject_axi_master_fifo_w960_d128_A_ram/ap_clk
    RAMB36_X2Y12         RAMB36E2                                     r  vitis_design_i/myproject_axi_master_1/inst/stream_in0_input_layer_U/U_myproject_axi_master_fifo_w960_d128_A_ram/mem_reg_3/CLKARDCLK
  -------------------------------------------------------------------    -------------------
    RAMB36_X2Y12         RAMB36E2 (Prop_RAMB36E2_RAMB36_CLKARDCLK_DOUTBDOUT[26])
                                                      0.317     3.856 r  vitis_design_i/myproject_axi_master_1/inst/stream_in0_input_layer_U/U_myproject_axi_master_fifo_w960_d128_A_ram/mem_reg_3/DOUTBDOUT[26]
                         net (fo=72, routed)          2.355     6.211    vitis_design_i/myproject_axi_master_1/inst/stream_in0_input_layer_U/U_myproject_axi_master_fifo_w960_d128_A_ram/compute_U0/grp_myproject_fu_62/dense_array_ap_fixed_60u_array_ap_fixed_16_13_5_3_0_128u_config3_U0/data_15_reg_1070[2]
    SLICE_X37Y78         LUT4 (Prop_D6LUT_SLICEM_I3_O)
                                                      0.185     6.396 r  vitis_design_i/myproject_axi_master_1/inst/stream_in0_input_layer_U/U_myproject_axi_master_fifo_w960_d128_A_ram/add_ln58_513_reg_12460[19]_i_136/O
                         net (fo=1, routed)           0.215     6.611    vitis_design_i/myproject_axi_master_1/inst/stream_in0_input_layer_U/U_myproject_axi_master_fifo_w960_d128_A_ram/add_ln58_513_reg_12460[19]_i_136_n_0
    SLICE_X35Y79         LUT5 (Prop_D6LUT_SLICEM_I2_O)
                                                      0.134     6.745 r  vitis_design_i/myproject_axi_master_1/inst/stream_in0_input_layer_U/U_myproject_axi_master_fifo_w960_d128_A_ram/add_ln58_513_reg_12460[19]_i_121/O
                         net (fo=1, routed)           0.032     6.777    vitis_design_i/myproject_axi_master_1/inst/stream_in0_input_layer_U/U_myproject_axi_master_fifo_w960_d128_A_ram/add_ln58_513_reg_12460[19]_i_121_n_0
    SLICE_X35Y79         CARRY8 (Prop_CARRY8_SLICEM_S[3]_O[5])
                                                      0.262     7.039 r  vitis_design_i/myproject_axi_master_1/inst/stream_in0_input_layer_U/U_myproject_axi_master_fifo_w960_d128_A_ram/add_ln58_513_reg_12460_reg[19]_i_87/O[5]
                         net (fo=2, routed)           0.391     7.429    vitis_design_i/myproject_axi_master_1/inst/stream_in0_input_layer_U/U_myproject_axi_master_fifo_w960_d128_A_ram/compute_U0/grp_myproject_fu_62/dense_array_ap_fixed_60u_array_ap_fixed_16_13_5_3_0_128u_config3_U0/grp_dense_latency_ap_fixed_11_7_0_3_0_ap_fixed_16_13_5_3_0_config3_s_fu_163/sub_ln58_40_fu_7971_p2[11]
    SLICE_X34Y76         LUT5 (Prop_F6LUT_SLICEM_I4_O)
                                                      0.080     7.509 r  vitis_design_i/myproject_axi_master_1/inst/stream_in0_input_layer_U/U_myproject_axi_master_fifo_w960_d128_A_ram/add_ln58_513_reg_12460[19]_i_70/O
                         net (fo=2, routed)           0.162     7.671    vitis_design_i/myproject_axi_master_1/inst/stream_in0_input_layer_U/U_myproject_axi_master_fifo_w960_d128_A_ram/add_ln58_513_reg_12460[19]_i_70_n_0
    SLICE_X34Y79         LUT5 (Prop_H6LUT_SLICEM_I0_O)
                                                      0.084     7.755 r  vitis_design_i/myproject_axi_master_1/inst/stream_in0_input_layer_U/U_myproject_axi_master_fifo_w960_d128_A_ram/add_ln58_513_reg_12460[19]_i_76/O
                         net (fo=1, routed)           0.021     7.776    vitis_design_i/myproject_axi_master_1/inst/stream_in0_input_layer_U/U_myproject_axi_master_fifo_w960_d128_A_ram/add_ln58_513_reg_12460[19]_i_76_n_0
    SLICE_X34Y79         CARRY8 (Prop_CARRY8_SLICEM_S[7]_CO[7])
                                                      0.175     7.951 r  vitis_design_i/myproject_axi_master_1/inst/stream_in0_input_layer_U/U_myproject_axi_master_fifo_w960_d128_A_ram/add_ln58_513_reg_12460_reg[19]_i_24/CO[7]
                         net (fo=1, routed)           0.030     7.981    vitis_design_i/myproject_axi_master_1/inst/stream_in0_input_layer_U/U_myproject_axi_master_fifo_w960_d128_A_ram/add_ln58_513_reg_12460_reg[19]_i_24_n_0
    SLICE_X34Y80         CARRY8 (Prop_CARRY8_SLICEM_CI_O[0])
                                                      0.078     8.059 r  vitis_design_i/myproject_axi_master_1/inst/stream_in0_input_layer_U/U_myproject_axi_master_fifo_w960_d128_A_ram/add_ln58_513_reg_12460_reg[19]_i_16/O[0]
                         net (fo=3, routed)           0.237     8.296    vitis_design_i/myproject_axi_master_1/inst/stream_in0_input_layer_U/U_myproject_axi_master_fifo_w960_d128_A_ram/compute_U0/grp_myproject_fu_62/dense_array_ap_fixed_60u_array_ap_fixed_16_13_5_3_0_128u_config3_U0/grp_dense_latency_ap_fixed_11_7_0_3_0_ap_fixed_16_13_5_3_0_config3_s_fu_163/sext_ln58_420_fu_9927_p1[13]
    SLICE_X34Y84         LUT3 (Prop_B6LUT_SLICEM_I0_O)
                                                      0.188     8.484 f  vitis_design_i/myproject_axi_master_1/inst/stream_in0_input_layer_U/U_myproject_axi_master_fifo_w960_d128_A_ram/add_ln58_513_reg_12460[19]_i_23/O
                         net (fo=2, routed)           0.180     8.664    vitis_design_i/myproject_axi_master_1/inst/stream_in0_input_layer_U/U_myproject_axi_master_fifo_w960_d128_A_ram/add_ln58_513_reg_12460[19]_i_23_n_0
    SLICE_X35Y83         LUT5 (Prop_G6LUT_SLICEM_I1_O)
                                                      0.186     8.850 r  vitis_design_i/myproject_axi_master_1/inst/stream_in0_input_layer_U/U_myproject_axi_master_fifo_w960_d128_A_ram/add_ln58_513_reg_12460[19]_i_6/O
                         net (fo=2, routed)           0.269     9.119    vitis_design_i/myproject_axi_master_1/inst/stream_in0_input_layer_U/U_myproject_axi_master_fifo_w960_d128_A_ram/add_ln58_513_reg_12460[19]_i_6_n_0
    SLICE_X34Y83         LUT6 (Prop_B6LUT_SLICEM_I0_O)
                                                      0.057     9.176 r  vitis_design_i/myproject_axi_master_1/inst/stream_in0_input_layer_U/U_myproject_axi_master_fifo_w960_d128_A_ram/add_ln58_513_reg_12460[19]_i_13/O
                         net (fo=1, routed)           0.022     9.198    vitis_design_i/myproject_axi_master_1/inst/stream_in0_input_layer_U/U_myproject_axi_master_fifo_w960_d128_A_ram/add_ln58_513_reg_12460[19]_i_13_n_0
    SLICE_X34Y83         CARRY8 (Prop_CARRY8_SLICEM_S[1]_O[5])
                                                      0.333     9.531 r  vitis_design_i/myproject_axi_master_1/inst/stream_in0_input_layer_U/U_myproject_axi_master_fifo_w960_d128_A_ram/add_ln58_513_reg_12460_reg[19]_i_1/O[5]
                         net (fo=1, routed)           0.033     9.564    vitis_design_i/myproject_axi_master_1/inst/compute_U0/grp_myproject_fu_62/dense_array_ap_fixed_60u_array_ap_fixed_16_13_5_3_0_128u_config3_U0/grp_dense_latency_ap_fixed_11_7_0_3_0_ap_fixed_16_13_5_3_0_config3_s_fu_163/add_ln58_513_fu_9991_p2[12]
    SLICE_X34Y83         FDRE                                         r  vitis_design_i/myproject_axi_master_1/inst/compute_U0/grp_myproject_fu_62/dense_array_ap_fixed_60u_array_ap_fixed_16_13_5_3_0_128u_config3_U0/grp_dense_latency_ap_fixed_11_7_0_3_0_ap_fixed_16_13_5_3_0_config3_s_fu_163/add_ln58_513_reg_12460_reg[18]/D
  -------------------------------------------------------------------    -------------------

                         (clock clk_pl_0 rise edge)
                                                     10.000    10.000 r  
    PS8_X0Y0             PS8                          0.000    10.000 r  vitis_design_i/zynq_ultra_ps_e_0/inst/PS8_i/PLCLK[0]
                         net (fo=1, routed)           0.181    10.181    vitis_design_i/zynq_ultra_ps_e_0/inst/pl_clk_unbuffered[0]
    BUFG_PS_X0Y80        BUFG_PS (Prop_BUFG_PS_I_O)
                                                      0.035    10.216 r  vitis_design_i/zynq_ultra_ps_e_0/inst/buffer_pl_clk_0.PL_CLK_0_BUFG/O
    X1Y1 (CLOCK_ROOT)    net (fo=24198, routed)       2.624    12.840    vitis_design_i/myproject_axi_master_1/inst/compute_U0/grp_myproject_fu_62/dense_array_ap_fixed_60u_array_ap_fixed_16_13_5_3_0_128u_config3_U0/grp_dense_latency_ap_fixed_11_7_0_3_0_ap_fixed_16_13_5_3_0_config3_s_fu_163/ap_clk
    SLICE_X34Y83         FDRE                                         r  vitis_design_i/myproject_axi_master_1/inst/compute_U0/grp_myproject_fu_62/dense_array_ap_fixed_60u_array_ap_fixed_16_13_5_3_0_128u_config3_U0/grp_dense_latency_ap_fixed_11_7_0_3_0_ap_fixed_16_13_5_3_0_config3_s_fu_163/add_ln58_513_reg_12460_reg[18]/C
                         clock pessimism              0.239    13.079    
                         clock uncertainty           -0.130    12.950    
    SLICE_X34Y83         FDRE (Setup_FFF_SLICEM_C_D)
                                                      0.043    12.993    vitis_design_i/myproject_axi_master_1/inst/compute_U0/grp_myproject_fu_62/dense_array_ap_fixed_60u_array_ap_fixed_16_13_5_3_0_128u_config3_U0/grp_dense_latency_ap_fixed_11_7_0_3_0_ap_fixed_16_13_5_3_0_config3_s_fu_163/add_ln58_513_reg_12460_reg[18]
  -------------------------------------------------------------------
                         required time                         12.993    
                         arrival time                          -9.564    
  -------------------------------------------------------------------
                         slack                                  3.428    

Slack (MET) :             3.431ns  (required time - arrival time)
  Source:                 vitis_design_i/myproject_axi_master_1/inst/stream_in0_input_layer_U/U_myproject_axi_master_fifo_w960_d128_A_ram/mem_reg_3/CLKARDCLK
                            (rising edge-triggered cell RAMB36E2 clocked by clk_pl_0  {rise@0.000ns fall@5.000ns period=10.000ns})
  Destination:            vitis_design_i/myproject_axi_master_1/inst/compute_U0/grp_myproject_fu_62/dense_array_ap_fixed_60u_array_ap_fixed_16_13_5_3_0_128u_config3_U0/grp_dense_latency_ap_fixed_11_7_0_3_0_ap_fixed_16_13_5_3_0_config3_s_fu_163/trunc_ln111_56_reg_12685_reg[8]/D
                            (rising edge-triggered cell FDRE clocked by clk_pl_0  {rise@0.000ns fall@5.000ns period=10.000ns})
  Path Group:             clk_pl_0
  Path Type:              Setup (Max at Slow Process Corner)
  Requirement:            10.000ns  (clk_pl_0 rise@10.000ns - clk_pl_0 rise@0.000ns)
  Data Path Delay:        6.010ns  (logic 1.828ns (30.414%)  route 4.182ns (69.586%))
  Logic Levels:           10  (CARRY8=5 LUT3=2 LUT4=1 LUT5=1 LUT6=1)
  Clock Path Skew:        -0.472ns (DCD - SCD + CPR)
    Destination Clock Delay (DCD):    2.827ns = ( 12.827 - 10.000 ) 
    Source Clock Delay      (SCD):    3.539ns
    Clock Pessimism Removal (CPR):    0.239ns
  Clock Uncertainty:      0.130ns  ((TSJ^2 + DJ^2)^1/2) / 2 + PE
    Total System Jitter     (TSJ):    0.071ns
    Discrete Jitter          (DJ):    0.250ns
    Phase Error              (PE):    0.000ns
  Clock Net Delay (Source):      3.272ns (routing 1.584ns, distribution 1.688ns)
  Clock Net Delay (Destination): 2.611ns (routing 1.450ns, distribution 1.161ns)

    Location             Delay type                Incr(ns)  Path(ns)    Netlist Resource(s)
  -------------------------------------------------------------------    -------------------
                         (clock clk_pl_0 rise edge)
                                                      0.000     0.000 r  
    PS8_X0Y0             PS8                          0.000     0.000 r  vitis_design_i/zynq_ultra_ps_e_0/inst/PS8_i/PLCLK[0]
                         net (fo=1, routed)           0.229     0.229    vitis_design_i/zynq_ultra_ps_e_0/inst/pl_clk_unbuffered[0]
    BUFG_PS_X0Y80        BUFG_PS (Prop_BUFG_PS_I_O)
                                                      0.038     0.267 r  vitis_design_i/zynq_ultra_ps_e_0/inst/buffer_pl_clk_0.PL_CLK_0_BUFG/O
    X1Y1 (CLOCK_ROOT)    net (fo=24198, routed)       3.272     3.539    vitis_design_i/myproject_axi_master_1/inst/stream_in0_input_layer_U/U_myproject_axi_master_fifo_w960_d128_A_ram/ap_clk
    RAMB36_X2Y12         RAMB36E2                                     r  vitis_design_i/myproject_axi_master_1/inst/stream_in0_input_layer_U/U_myproject_axi_master_fifo_w960_d128_A_ram/mem_reg_3/CLKARDCLK
  -------------------------------------------------------------------    -------------------
    RAMB36_X2Y12         RAMB36E2 (Prop_RAMB36E2_RAMB36_CLKARDCLK_DOUTBDOUT[26])
                                                      0.317     3.856 r  vitis_design_i/myproject_axi_master_1/inst/stream_in0_input_layer_U/U_myproject_axi_master_fifo_w960_d128_A_ram/mem_reg_3/DOUTBDOUT[26]
                         net (fo=72, routed)          2.353     6.209    vitis_design_i/myproject_axi_master_1/inst/stream_in0_input_layer_U/U_myproject_axi_master_fifo_w960_d128_A_ram/compute_U0/grp_myproject_fu_62/dense_array_ap_fixed_60u_array_ap_fixed_16_13_5_3_0_128u_config3_U0/data_15_reg_1070[2]
    SLICE_X28Y72         LUT6 (Prop_F6LUT_SLICEM_I5_O)
                                                      0.135     6.344 r  vitis_design_i/myproject_axi_master_1/inst/stream_in0_input_layer_U/U_myproject_axi_master_fifo_w960_d128_A_ram/trunc_ln111_56_reg_12685[6]_i_51/O
                         net (fo=1, routed)           0.029     6.373    vitis_design_i/myproject_axi_master_1/inst/stream_in0_input_layer_U/U_myproject_axi_master_fifo_w960_d128_A_ram/trunc_ln111_56_reg_12685[6]_i_51_n_0
    SLICE_X28Y72         CARRY8 (Prop_CARRY8_SLICEM_S[5]_CO[7])
                                                      0.238     6.611 r  vitis_design_i/myproject_axi_master_1/inst/stream_in0_input_layer_U/U_myproject_axi_master_fifo_w960_d128_A_ram/trunc_ln111_56_reg_12685_reg[6]_i_20/CO[7]
                         net (fo=1, routed)           0.030     6.641    vitis_design_i/myproject_axi_master_1/inst/stream_in0_input_layer_U/U_myproject_axi_master_fifo_w960_d128_A_ram/trunc_ln111_56_reg_12685_reg[6]_i_20_n_0
    SLICE_X28Y73         CARRY8 (Prop_CARRY8_SLICEM_CI_O[0])
                                                      0.078     6.719 r  vitis_design_i/myproject_axi_master_1/inst/stream_in0_input_layer_U/U_myproject_axi_master_fifo_w960_d128_A_ram/trunc_ln111_56_reg_12685_reg[13]_i_100/O[0]
                         net (fo=4, routed)           0.503     7.221    vitis_design_i/myproject_axi_master_1/inst/stream_in0_input_layer_U/U_myproject_axi_master_fifo_w960_d128_A_ram/compute_U0/grp_myproject_fu_62/dense_array_ap_fixed_60u_array_ap_fixed_16_13_5_3_0_128u_config3_U0/grp_dense_latency_ap_fixed_11_7_0_3_0_ap_fixed_16_13_5_3_0_config3_s_fu_163/sext_ln58_129_fu_8077_p1[11]
    SLICE_X40Y71         LUT3 (Prop_C5LUT_SLICEM_I2_O)
                                                      0.223     7.444 r  vitis_design_i/myproject_axi_master_1/inst/stream_in0_input_layer_U/U_myproject_axi_master_fifo_w960_d128_A_ram/trunc_ln111_56_reg_12685[13]_i_104/O
                         net (fo=1, routed)           0.465     7.909    vitis_design_i/myproject_axi_master_1/inst/stream_in0_input_layer_U/U_myproject_axi_master_fifo_w960_d128_A_ram/trunc_ln111_56_reg_12685[13]_i_104_n_0
    SLICE_X28Y74         LUT5 (Prop_G6LUT_SLICEM_I1_O)
                                                      0.226     8.135 r  vitis_design_i/myproject_axi_master_1/inst/stream_in0_input_layer_U/U_myproject_axi_master_fifo_w960_d128_A_ram/trunc_ln111_56_reg_12685[13]_i_71/O
                         net (fo=1, routed)           0.021     8.156    vitis_design_i/myproject_axi_master_1/inst/stream_in0_input_layer_U/U_myproject_axi_master_fifo_w960_d128_A_ram/trunc_ln111_56_reg_12685[13]_i_71_n_0
    SLICE_X28Y74         CARRY8 (Prop_CARRY8_SLICEM_S[6]_CO[7])
                                                      0.175     8.331 r  vitis_design_i/myproject_axi_master_1/inst/stream_in0_input_layer_U/U_myproject_axi_master_fifo_w960_d128_A_ram/trunc_ln111_56_reg_12685_reg[13]_i_18/CO[7]
                         net (fo=1, routed)           0.030     8.361    vitis_design_i/myproject_axi_master_1/inst/stream_in0_input_layer_U/U_myproject_axi_master_fifo_w960_d128_A_ram/trunc_ln111_56_reg_12685_reg[13]_i_18_n_0
    SLICE_X28Y75         CARRY8 (Prop_CARRY8_SLICEM_CI_O[0])
                                                      0.078     8.439 r  vitis_design_i/myproject_axi_master_1/inst/stream_in0_input_layer_U/U_myproject_axi_master_fifo_w960_d128_A_ram/trunc_ln111_56_reg_12685_reg[13]_i_16/O[0]
                         net (fo=2, routed)           0.427     8.866    vitis_design_i/myproject_axi_master_1/inst/stream_in0_input_layer_U/U_myproject_axi_master_fifo_w960_d128_A_ram/compute_U0/grp_myproject_fu_62/dense_array_ap_fixed_60u_array_ap_fixed_16_13_5_3_0_128u_config3_U0/grp_dense_latency_ap_fixed_11_7_0_3_0_ap_fixed_16_13_5_3_0_config3_s_fu_163/sext_ln58_150_fu_8503_p1[13]
    SLICE_X28Y88         LUT3 (Prop_A5LUT_SLICEM_I1_O)
                                                      0.194     9.060 r  vitis_design_i/myproject_axi_master_1/inst/stream_in0_input_layer_U/U_myproject_axi_master_fifo_w960_d128_A_ram/trunc_ln111_56_reg_12685[13]_i_6/O
                         net (fo=2, routed)           0.269     9.330    vitis_design_i/myproject_axi_master_1/inst/stream_in0_input_layer_U/U_myproject_axi_master_fifo_w960_d128_A_ram/trunc_ln111_56_reg_12685[13]_i_6_n_0
    SLICE_X28Y88         LUT4 (Prop_B6LUT_SLICEM_I3_O)
                                                      0.082     9.412 r  vitis_design_i/myproject_axi_master_1/inst/stream_in0_input_layer_U/U_myproject_axi_master_fifo_w960_d128_A_ram/trunc_ln111_56_reg_12685[13]_i_12/O
                         net (fo=1, routed)           0.022     9.434    vitis_design_i/myproject_axi_master_1/inst/stream_in0_input_layer_U/U_myproject_axi_master_fifo_w960_d128_A_ram/trunc_ln111_56_reg_12685[13]_i_12_n_0
    SLICE_X28Y88         CARRY8 (Prop_CARRY8_SLICEM_S[1]_O[1])
                                                      0.082     9.516 r  vitis_design_i/myproject_axi_master_1/inst/stream_in0_input_layer_U/U_myproject_axi_master_fifo_w960_d128_A_ram/trunc_ln111_56_reg_12685_reg[13]_i_1/O[1]
                         net (fo=1, routed)           0.033     9.549    vitis_design_i/myproject_axi_master_1/inst/compute_U0/grp_myproject_fu_62/dense_array_ap_fixed_60u_array_ap_fixed_16_13_5_3_0_128u_config3_U0/grp_dense_latency_ap_fixed_11_7_0_3_0_ap_fixed_16_13_5_3_0_config3_s_fu_163/x_61_fu_10975_p2[8]
    SLICE_X28Y88         FDRE                                         r  vitis_design_i/myproject_axi_master_1/inst/compute_U0/grp_myproject_fu_62/dense_array_ap_fixed_60u_array_ap_fixed_16_13_5_3_0_128u_config3_U0/grp_dense_latency_ap_fixed_11_7_0_3_0_ap_fixed_16_13_5_3_0_config3_s_fu_163/trunc_ln111_56_reg_12685_reg[8]/D
  -------------------------------------------------------------------    -------------------

                         (clock clk_pl_0 rise edge)
                                                     10.000    10.000 r  
    PS8_X0Y0             PS8                          0.000    10.000 r  vitis_design_i/zynq_ultra_ps_e_0/inst/PS8_i/PLCLK[0]
                         net (fo=1, routed)           0.181    10.181    vitis_design_i/zynq_ultra_ps_e_0/inst/pl_clk_unbuffered[0]
    BUFG_PS_X0Y80        BUFG_PS (Prop_BUFG_PS_I_O)
                                                      0.035    10.216 r  vitis_design_i/zynq_ultra_ps_e_0/inst/buffer_pl_clk_0.PL_CLK_0_BUFG/O
    X1Y1 (CLOCK_ROOT)    net (fo=24198, routed)       2.611    12.827    vitis_design_i/myproject_axi_master_1/inst/compute_U0/grp_myproject_fu_62/dense_array_ap_fixed_60u_array_ap_fixed_16_13_5_3_0_128u_config3_U0/grp_dense_latency_ap_fixed_11_7_0_3_0_ap_fixed_16_13_5_3_0_config3_s_fu_163/ap_clk
    SLICE_X28Y88         FDRE                                         r  vitis_design_i/myproject_axi_master_1/inst/compute_U0/grp_myproject_fu_62/dense_array_ap_fixed_60u_array_ap_fixed_16_13_5_3_0_128u_config3_U0/grp_dense_latency_ap_fixed_11_7_0_3_0_ap_fixed_16_13_5_3_0_config3_s_fu_163/trunc_ln111_56_reg_12685_reg[8]/C
                         clock pessimism              0.239    13.067    
                         clock uncertainty           -0.130    12.937    
    SLICE_X28Y88         FDRE (Setup_BFF_SLICEM_C_D)
                                                      0.043    12.980    vitis_design_i/myproject_axi_master_1/inst/compute_U0/grp_myproject_fu_62/dense_array_ap_fixed_60u_array_ap_fixed_16_13_5_3_0_128u_config3_U0/grp_dense_latency_ap_fixed_11_7_0_3_0_ap_fixed_16_13_5_3_0_config3_s_fu_163/trunc_ln111_56_reg_12685_reg[8]
  -------------------------------------------------------------------
                         required time                         12.980    
                         arrival time                          -9.549    
  -------------------------------------------------------------------
                         slack                                  3.431    

Slack (MET) :             3.435ns  (required time - arrival time)
  Source:                 vitis_design_i/myproject_axi_master_1/inst/stream_in0_input_layer_U/U_myproject_axi_master_fifo_w960_d128_A_ram/mem_reg_4/CLKARDCLK
                            (rising edge-triggered cell RAMB36E2 clocked by clk_pl_0  {rise@0.000ns fall@5.000ns period=10.000ns})
  Destination:            vitis_design_i/myproject_axi_master_1/inst/compute_U0/grp_myproject_fu_62/dense_array_ap_fixed_60u_array_ap_fixed_16_13_5_3_0_128u_config3_U0/grp_dense_latency_ap_fixed_11_7_0_3_0_ap_fixed_16_13_5_3_0_config3_s_fu_163/trunc_ln111_51_reg_12670_reg[13]/D
                            (rising edge-triggered cell FDRE clocked by clk_pl_0  {rise@0.000ns fall@5.000ns period=10.000ns})
  Path Group:             clk_pl_0
  Path Type:              Setup (Max at Slow Process Corner)
  Requirement:            10.000ns  (clk_pl_0 rise@10.000ns - clk_pl_0 rise@0.000ns)
  Data Path Delay:        6.296ns  (logic 2.244ns (35.640%)  route 4.052ns (64.360%))
  Logic Levels:           11  (CARRY8=5 LUT3=2 LUT4=1 LUT5=1 LUT6=2)
  Clock Path Skew:        -0.182ns (DCD - SCD + CPR)
    Destination Clock Delay (DCD):    2.936ns = ( 12.936 - 10.000 ) 
    Source Clock Delay      (SCD):    3.307ns
    Clock Pessimism Removal (CPR):    0.188ns
  Clock Uncertainty:      0.130ns  ((TSJ^2 + DJ^2)^1/2) / 2 + PE
    Total System Jitter     (TSJ):    0.071ns
    Discrete Jitter          (DJ):    0.250ns
    Phase Error              (PE):    0.000ns
  Clock Net Delay (Source):      3.040ns (routing 1.584ns, distribution 1.456ns)
  Clock Net Delay (Destination): 2.720ns (routing 1.450ns, distribution 1.270ns)

    Location             Delay type                Incr(ns)  Path(ns)    Netlist Resource(s)
  -------------------------------------------------------------------    -------------------
                         (clock clk_pl_0 rise edge)
                                                      0.000     0.000 r  
    PS8_X0Y0             PS8                          0.000     0.000 r  vitis_design_i/zynq_ultra_ps_e_0/inst/PS8_i/PLCLK[0]
                         net (fo=1, routed)           0.229     0.229    vitis_design_i/zynq_ultra_ps_e_0/inst/pl_clk_unbuffered[0]
    BUFG_PS_X0Y80        BUFG_PS (Prop_BUFG_PS_I_O)
                                                      0.038     0.267 r  vitis_design_i/zynq_ultra_ps_e_0/inst/buffer_pl_clk_0.PL_CLK_0_BUFG/O
    X1Y1 (CLOCK_ROOT)    net (fo=24198, routed)       3.040     3.307    vitis_design_i/myproject_axi_master_1/inst/stream_in0_input_layer_U/U_myproject_axi_master_fifo_w960_d128_A_ram/ap_clk
    RAMB36_X0Y8          RAMB36E2                                     r  vitis_design_i/myproject_axi_master_1/inst/stream_in0_input_layer_U/U_myproject_axi_master_fifo_w960_d128_A_ram/mem_reg_4/CLKARDCLK
  -------------------------------------------------------------------    -------------------
    RAMB36_X0Y8          RAMB36E2 (Prop_RAMB36E2_RAMB36_CLKARDCLK_DOUTADOUT[0])
                                                      0.305     3.612 r  vitis_design_i/myproject_axi_master_1/inst/stream_in0_input_layer_U/U_myproject_axi_master_fifo_w960_d128_A_ram/mem_reg_4/DOUTADOUT[0]
                         net (fo=43, routed)          1.461     5.073    vitis_design_i/myproject_axi_master_1/inst/stream_in0_input_layer_U/U_myproject_axi_master_fifo_w960_d128_A_ram/compute_U0/grp_myproject_fu_62/dense_array_ap_fixed_60u_array_ap_fixed_16_13_5_3_0_128u_config3_U0/data_16_reg_1075[0]
    SLICE_X40Y74         CARRY8 (Prop_CARRY8_SLICEM_S[1]_O[4])
                                                      0.286     5.359 r  vitis_design_i/myproject_axi_master_1/inst/stream_in0_input_layer_U/U_myproject_axi_master_fifo_w960_d128_A_ram/trunc_ln111_51_reg_12670_reg[5]_i_62/O[4]
                         net (fo=2, routed)           0.359     5.718    vitis_design_i/myproject_axi_master_1/inst/stream_in0_input_layer_U/U_myproject_axi_master_fifo_w960_d128_A_ram/compute_U0/grp_myproject_fu_62/dense_array_ap_fixed_60u_array_ap_fixed_16_13_5_3_0_128u_config3_U0/grp_dense_latency_ap_fixed_11_7_0_3_0_ap_fixed_16_13_5_3_0_config3_s_fu_163/sext_ln58_232_fu_8415_p1[6]
    SLICE_X38Y67         LUT4 (Prop_C5LUT_SLICEM_I0_O)
                                                      0.193     5.911 r  vitis_design_i/myproject_axi_master_1/inst/stream_in0_input_layer_U/U_myproject_axi_master_fifo_w960_d128_A_ram/trunc_ln111_51_reg_12670[13]_i_132/O
                         net (fo=2, routed)           0.418     6.329    vitis_design_i/myproject_axi_master_1/inst/stream_in0_input_layer_U/U_myproject_axi_master_fifo_w960_d128_A_ram/trunc_ln111_51_reg_12670[13]_i_132_n_0
    SLICE_X39Y74         LUT6 (Prop_D6LUT_SLICEL_I0_O)
                                                      0.081     6.410 r  vitis_design_i/myproject_axi_master_1/inst/stream_in0_input_layer_U/U_myproject_axi_master_fifo_w960_d128_A_ram/trunc_ln111_51_reg_12670[13]_i_138/O
                         net (fo=1, routed)           0.013     6.423    vitis_design_i/myproject_axi_master_1/inst/stream_in0_input_layer_U/U_myproject_axi_master_fifo_w960_d128_A_ram/trunc_ln111_51_reg_12670[13]_i_138_n_0
    SLICE_X39Y74         CARRY8 (Prop_CARRY8_SLICEL_S[3]_O[4])
                                                      0.208     6.631 r  vitis_design_i/myproject_axi_master_1/inst/stream_in0_input_layer_U/U_myproject_axi_master_fifo_w960_d128_A_ram/trunc_ln111_51_reg_12670_reg[13]_i_79/O[4]
                         net (fo=3, routed)           0.411     7.042    vitis_design_i/myproject_axi_master_1/inst/stream_in0_input_layer_U/U_myproject_axi_master_fifo_w960_d128_A_ram/compute_U0/grp_myproject_fu_62/dense_array_ap_fixed_60u_array_ap_fixed_16_13_5_3_0_128u_config3_U0/grp_dense_latency_ap_fixed_11_7_0_3_0_ap_fixed_16_13_5_3_0_config3_s_fu_163/sext_ln58_145_fu_8425_p1[8]
    SLICE_X42Y79         LUT3 (Prop_G5LUT_SLICEL_I1_O)
                                                      0.136     7.178 f  vitis_design_i/myproject_axi_master_1/inst/stream_in0_input_layer_U/U_myproject_axi_master_fifo_w960_d128_A_ram/trunc_ln111_51_reg_12670[5]_i_46/O
                         net (fo=3, routed)           0.344     7.522    vitis_design_i/myproject_axi_master_1/inst/stream_in0_input_layer_U/U_myproject_axi_master_fifo_w960_d128_A_ram/trunc_ln111_51_reg_12670[5]_i_46_n_0
    SLICE_X40Y76         LUT5 (Prop_B6LUT_SLICEM_I0_O)
                                                      0.225     7.747 r  vitis_design_i/myproject_axi_master_1/inst/stream_in0_input_layer_U/U_myproject_axi_master_fifo_w960_d128_A_ram/trunc_ln111_51_reg_12670[5]_i_21/O
                         net (fo=2, routed)           0.106     7.853    vitis_design_i/myproject_axi_master_1/inst/stream_in0_input_layer_U/U_myproject_axi_master_fifo_w960_d128_A_ram/trunc_ln111_51_reg_12670[5]_i_21_n_0
    SLICE_X40Y77         LUT6 (Prop_G6LUT_SLICEM_I0_O)
                                                      0.152     8.005 r  vitis_design_i/myproject_axi_master_1/inst/stream_in0_input_layer_U/U_myproject_axi_master_fifo_w960_d128_A_ram/trunc_ln111_51_reg_12670[5]_i_29/O
                         net (fo=1, routed)           0.021     8.026    vitis_design_i/myproject_axi_master_1/inst/stream_in0_input_layer_U/U_myproject_axi_master_fifo_w960_d128_A_ram/trunc_ln111_51_reg_12670[5]_i_29_n_0
    SLICE_X40Y77         CARRY8 (Prop_CARRY8_SLICEM_S[6]_CO[7])
                                                      0.175     8.201 r  vitis_design_i/myproject_axi_master_1/inst/stream_in0_input_layer_U/U_myproject_axi_master_fifo_w960_d128_A_ram/trunc_ln111_51_reg_12670_reg[5]_i_18/CO[7]
                         net (fo=1, routed)           0.030     8.231    vitis_design_i/myproject_axi_master_1/inst/stream_in0_input_layer_U/U_myproject_axi_master_fifo_w960_d128_A_ram/trunc_ln111_51_reg_12670_reg[5]_i_18_n_0
    SLICE_X40Y78         CARRY8 (Prop_CARRY8_SLICEM_CI_O[0])
                                                      0.078     8.309 r  vitis_design_i/myproject_axi_master_1/inst/stream_in0_input_layer_U/U_myproject_axi_master_fifo_w960_d128_A_ram/trunc_ln111_51_reg_12670_reg[13]_i_18/O[0]
                         net (fo=2, routed)           0.451     8.760    vitis_design_i/myproject_axi_master_1/inst/stream_in0_input_layer_U/U_myproject_axi_master_fifo_w960_d128_A_ram/compute_U0/grp_myproject_fu_62/dense_array_ap_fixed_60u_array_ap_fixed_16_13_5_3_0_128u_config3_U0/grp_dense_latency_ap_fixed_11_7_0_3_0_ap_fixed_16_13_5_3_0_config3_s_fu_163/sext_ln58_165_fu_8919_p1[11]
    SLICE_X44Y77         LUT3 (Prop_G6LUT_SLICEL_I0_O)
                                                      0.082     8.842 r  vitis_design_i/myproject_axi_master_1/inst/stream_in0_input_layer_U/U_myproject_axi_master_fifo_w960_d128_A_ram/trunc_ln111_51_reg_12670[13]_i_8/O
                         net (fo=2, routed)           0.404     9.246    vitis_design_i/myproject_axi_master_1/inst/stream_in0_input_layer_U/U_myproject_axi_master_fifo_w960_d128_A_ram/trunc_ln111_51_reg_12670[13]_i_8_n_0
    SLICE_X43Y78         CARRY8 (Prop_CARRY8_SLICEM_DI[0]_O[7])
                                                      0.323     9.569 r  vitis_design_i/myproject_axi_master_1/inst/stream_in0_input_layer_U/U_myproject_axi_master_fifo_w960_d128_A_ram/trunc_ln111_51_reg_12670_reg[13]_i_1/O[7]
                         net (fo=1, routed)           0.034     9.603    vitis_design_i/myproject_axi_master_1/inst/compute_U0/grp_myproject_fu_62/dense_array_ap_fixed_60u_array_ap_fixed_16_13_5_3_0_128u_config3_U0/grp_dense_latency_ap_fixed_11_7_0_3_0_ap_fixed_16_13_5_3_0_config3_s_fu_163/x_56_fu_11297_p2[13]
    SLICE_X43Y78         FDRE                                         r  vitis_design_i/myproject_axi_master_1/inst/compute_U0/grp_myproject_fu_62/dense_array_ap_fixed_60u_array_ap_fixed_16_13_5_3_0_128u_config3_U0/grp_dense_latency_ap_fixed_11_7_0_3_0_ap_fixed_16_13_5_3_0_config3_s_fu_163/trunc_ln111_51_reg_12670_reg[13]/D
  -------------------------------------------------------------------    -------------------

                         (clock clk_pl_0 rise edge)
                                                     10.000    10.000 r  
    PS8_X0Y0             PS8                          0.000    10.000 r  vitis_design_i/zynq_ultra_ps_e_0/inst/PS8_i/PLCLK[0]
                         net (fo=1, routed)           0.181    10.181    vitis_design_i/zynq_ultra_ps_e_0/inst/pl_clk_unbuffered[0]
    BUFG_PS_X0Y80        BUFG_PS (Prop_BUFG_PS_I_O)
                                                      0.035    10.216 r  vitis_design_i/zynq_ultra_ps_e_0/inst/buffer_pl_clk_0.PL_CLK_0_BUFG/O
    X1Y1 (CLOCK_ROOT)    net (fo=24198, routed)       2.720    12.936    vitis_design_i/myproject_axi_master_1/inst/compute_U0/grp_myproject_fu_62/dense_array_ap_fixed_60u_array_ap_fixed_16_13_5_3_0_128u_config3_U0/grp_dense_latency_ap_fixed_11_7_0_3_0_ap_fixed_16_13_5_3_0_config3_s_fu_163/ap_clk
    SLICE_X43Y78         FDRE                                         r  vitis_design_i/myproject_axi_master_1/inst/compute_U0/grp_myproject_fu_62/dense_array_ap_fixed_60u_array_ap_fixed_16_13_5_3_0_128u_config3_U0/grp_dense_latency_ap_fixed_11_7_0_3_0_ap_fixed_16_13_5_3_0_config3_s_fu_163/trunc_ln111_51_reg_12670_reg[13]/C
                         clock pessimism              0.188    13.124    
                         clock uncertainty           -0.130    12.994    
    SLICE_X43Y78         FDRE (Setup_HFF_SLICEM_C_D)
                                                      0.044    13.038    vitis_design_i/myproject_axi_master_1/inst/compute_U0/grp_myproject_fu_62/dense_array_ap_fixed_60u_array_ap_fixed_16_13_5_3_0_128u_config3_U0/grp_dense_latency_ap_fixed_11_7_0_3_0_ap_fixed_16_13_5_3_0_config3_s_fu_163/trunc_ln111_51_reg_12670_reg[13]
  -------------------------------------------------------------------
                         required time                         13.038    
                         arrival time                          -9.603    
  -------------------------------------------------------------------
                         slack                                  3.435    





Min Delay Paths
--------------------------------------------------------------------------------------
Slack (MET) :             0.010ns  (arrival time - required time)
  Source:                 vitis_design_i/axi_smc/inst/switchboards/ar_switchboard/inst/gen_mi[0].inst_opipe_payld/gen_pipe[1].pipe_reg[1][87]/C
                            (rising edge-triggered cell FDRE clocked by clk_pl_0  {rise@0.000ns fall@5.000ns period=10.000ns})
  Destination:            vitis_design_i/axi_smc/inst/m00_nodes/m00_ar_node/inst/inst_mi_handler/gen_normal_area.inst_fifo_node_payld/gen_xpm_memory_fifo.inst_fifo/gen_mem_rep[0].inst_xpm_memory/xpm_memory_base_inst/gen_wr_a.gen_word_narrow.mem_reg_0_31_84_97/RAMA_D1/I
                            (rising edge-triggered cell RAMD32 clocked by clk_pl_0  {rise@0.000ns fall@5.000ns period=10.000ns})
  Path Group:             clk_pl_0
  Path Type:              Hold (Min at Slow Process Corner)
  Requirement:            0.000ns  (clk_pl_0 rise@0.000ns - clk_pl_0 rise@0.000ns)
  Data Path Delay:        0.282ns  (logic 0.111ns (39.362%)  route 0.171ns (60.638%))
  Logic Levels:           0  
  Clock Path Skew:        0.193ns (DCD - SCD - CPR)
    Destination Clock Delay (DCD):    3.473ns
    Source Clock Delay      (SCD):    3.046ns
    Clock Pessimism Removal (CPR):    0.234ns
  Clock Net Delay (Source):      2.830ns (routing 1.450ns, distribution 1.380ns)
  Clock Net Delay (Destination): 3.206ns (routing 1.584ns, distribution 1.622ns)

    Location             Delay type                Incr(ns)  Path(ns)    Netlist Resource(s)
  -------------------------------------------------------------------    -------------------
                         (clock clk_pl_0 rise edge)
                                                      0.000     0.000 r  
    PS8_X0Y0             PS8                          0.000     0.000 r  vitis_design_i/zynq_ultra_ps_e_0/inst/PS8_i/PLCLK[0]
                         net (fo=1, routed)           0.181     0.181    vitis_design_i/zynq_ultra_ps_e_0/inst/pl_clk_unbuffered[0]
    BUFG_PS_X0Y80        BUFG_PS (Prop_BUFG_PS_I_O)
                                                      0.035     0.216 r  vitis_design_i/zynq_ultra_ps_e_0/inst/buffer_pl_clk_0.PL_CLK_0_BUFG/O
    X1Y1 (CLOCK_ROOT)    net (fo=24198, routed)       2.830     3.046    vitis_design_i/axi_smc/inst/switchboards/ar_switchboard/inst/gen_mi[0].inst_opipe_payld/aclk
    SLICE_X4Y26          FDRE                                         r  vitis_design_i/axi_smc/inst/switchboards/ar_switchboard/inst/gen_mi[0].inst_opipe_payld/gen_pipe[1].pipe_reg[1][87]/C
  -------------------------------------------------------------------    -------------------
    SLICE_X4Y26          FDRE (Prop_BFF_SLICEM_C_Q)
                                                      0.111     3.157 r  vitis_design_i/axi_smc/inst/switchboards/ar_switchboard/inst/gen_mi[0].inst_opipe_payld/gen_pipe[1].pipe_reg[1][87]/Q
                         net (fo=1, routed)           0.171     3.328    vitis_design_i/axi_smc/inst/m00_nodes/m00_ar_node/inst/inst_mi_handler/gen_normal_area.inst_fifo_node_payld/gen_xpm_memory_fifo.inst_fifo/gen_mem_rep[0].inst_xpm_memory/xpm_memory_base_inst/gen_wr_a.gen_word_narrow.mem_reg_0_31_84_97/DIA1
    SLICE_X2Y26          RAMD32                                       r  vitis_design_i/axi_smc/inst/m00_nodes/m00_ar_node/inst/inst_mi_handler/gen_normal_area.inst_fifo_node_payld/gen_xpm_memory_fifo.inst_fifo/gen_mem_rep[0].inst_xpm_memory/xpm_memory_base_inst/gen_wr_a.gen_word_narrow.mem_reg_0_31_84_97/RAMA_D1/I
  -------------------------------------------------------------------    -------------------

                         (clock clk_pl_0 rise edge)
                                                      0.000     0.000 r  
    PS8_X0Y0             PS8                          0.000     0.000 r  vitis_design_i/zynq_ultra_ps_e_0/inst/PS8_i/PLCLK[0]
                         net (fo=1, routed)           0.229     0.229    vitis_design_i/zynq_ultra_ps_e_0/inst/pl_clk_unbuffered[0]
    BUFG_PS_X0Y80        BUFG_PS (Prop_BUFG_PS_I_O)
                                                      0.038     0.267 r  vitis_design_i/zynq_ultra_ps_e_0/inst/buffer_pl_clk_0.PL_CLK_0_BUFG/O
    X1Y1 (CLOCK_ROOT)    net (fo=24198, routed)       3.206     3.473    vitis_design_i/axi_smc/inst/m00_nodes/m00_ar_node/inst/inst_mi_handler/gen_normal_area.inst_fifo_node_payld/gen_xpm_memory_fifo.inst_fifo/gen_mem_rep[0].inst_xpm_memory/xpm_memory_base_inst/gen_wr_a.gen_word_narrow.mem_reg_0_31_84_97/WCLK
    SLICE_X2Y26          RAMD32                                       r  vitis_design_i/axi_smc/inst/m00_nodes/m00_ar_node/inst/inst_mi_handler/gen_normal_area.inst_fifo_node_payld/gen_xpm_memory_fifo.inst_fifo/gen_mem_rep[0].inst_xpm_memory/xpm_memory_base_inst/gen_wr_a.gen_word_narrow.mem_reg_0_31_84_97/RAMA_D1/CLK
                         clock pessimism             -0.234     3.239    
    SLICE_X2Y26          RAMD32 (Hold_A6LUT_SLICEM_CLK_I)
                                                      0.079     3.318    vitis_design_i/axi_smc/inst/m00_nodes/m00_ar_node/inst/inst_mi_handler/gen_normal_area.inst_fifo_node_payld/gen_xpm_memory_fifo.inst_fifo/gen_mem_rep[0].inst_xpm_memory/xpm_memory_base_inst/gen_wr_a.gen_word_narrow.mem_reg_0_31_84_97/RAMA_D1
  -------------------------------------------------------------------
                         required time                         -3.318    
                         arrival time                           3.328    
  -------------------------------------------------------------------
                         slack                                  0.010    

Slack (MET) :             0.010ns  (arrival time - required time)
  Source:                 vitis_design_i/axi_smc/inst/s01_nodes/s01_aw_node/inst/inst_mi_handler/gen_normal_area.inst_fifo_node_payld/gen_xpm_memory_fifo.inst_fifo/gen_mem_rep[0].inst_xpm_memory/xpm_memory_base_inst/gen_rd_b.gen_rd_b_synth_template.gen_rf_narrow_reg.doutb_reg_reg[95]/C
                            (rising edge-triggered cell FDRE clocked by clk_pl_0  {rise@0.000ns fall@5.000ns period=10.000ns})
  Destination:            vitis_design_i/axi_smc/inst/switchboards/aw_switchboard/inst/gen_mi[0].inst_opipe_payld/gen_pipe[1].pipe_reg[1][95]/D
                            (rising edge-triggered cell FDRE clocked by clk_pl_0  {rise@0.000ns fall@5.000ns period=10.000ns})
  Path Group:             clk_pl_0
  Path Type:              Hold (Min at Slow Process Corner)
  Requirement:            0.000ns  (clk_pl_0 rise@0.000ns - clk_pl_0 rise@0.000ns)
  Data Path Delay:        0.247ns  (logic 0.111ns (44.939%)  route 0.136ns (55.061%))
  Logic Levels:           0  
  Clock Path Skew:        0.135ns (DCD - SCD - CPR)
    Destination Clock Delay (DCD):    3.403ns
    Source Clock Delay      (SCD):    3.034ns
    Clock Pessimism Removal (CPR):    0.234ns
  Clock Net Delay (Source):      2.818ns (routing 1.450ns, distribution 1.368ns)
  Clock Net Delay (Destination): 3.136ns (routing 1.584ns, distribution 1.552ns)

    Location             Delay type                Incr(ns)  Path(ns)    Netlist Resource(s)
  -------------------------------------------------------------------    -------------------
                         (clock clk_pl_0 rise edge)
                                                      0.000     0.000 r  
    PS8_X0Y0             PS8                          0.000     0.000 r  vitis_design_i/zynq_ultra_ps_e_0/inst/PS8_i/PLCLK[0]
                         net (fo=1, routed)           0.181     0.181    vitis_design_i/zynq_ultra_ps_e_0/inst/pl_clk_unbuffered[0]
    BUFG_PS_X0Y80        BUFG_PS (Prop_BUFG_PS_I_O)
                                                      0.035     0.216 r  vitis_design_i/zynq_ultra_ps_e_0/inst/buffer_pl_clk_0.PL_CLK_0_BUFG/O
    X1Y1 (CLOCK_ROOT)    net (fo=24198, routed)       2.818     3.034    vitis_design_i/axi_smc/inst/s01_nodes/s01_aw_node/inst/inst_mi_handler/gen_normal_area.inst_fifo_node_payld/gen_xpm_memory_fifo.inst_fifo/gen_mem_rep[0].inst_xpm_memory/xpm_memory_base_inst/clka
    SLICE_X7Y38          FDRE                                         r  vitis_design_i/axi_smc/inst/s01_nodes/s01_aw_node/inst/inst_mi_handler/gen_normal_area.inst_fifo_node_payld/gen_xpm_memory_fifo.inst_fifo/gen_mem_rep[0].inst_xpm_memory/xpm_memory_base_inst/gen_rd_b.gen_rd_b_synth_template.gen_rf_narrow_reg.doutb_reg_reg[95]/C
  -------------------------------------------------------------------    -------------------
    SLICE_X7Y38          FDRE (Prop_FFF_SLICEM_C_Q)
                                                      0.111     3.145 r  vitis_design_i/axi_smc/inst/s01_nodes/s01_aw_node/inst/inst_mi_handler/gen_normal_area.inst_fifo_node_payld/gen_xpm_memory_fifo.inst_fifo/gen_mem_rep[0].inst_xpm_memory/xpm_memory_base_inst/gen_rd_b.gen_rd_b_synth_template.gen_rf_narrow_reg.doutb_reg_reg[95]/Q
                         net (fo=1, routed)           0.136     3.281    vitis_design_i/axi_smc/inst/switchboards/aw_switchboard/inst/gen_mi[0].inst_opipe_payld/s_sc_payld[38]
    SLICE_X6Y39          FDRE                                         r  vitis_design_i/axi_smc/inst/switchboards/aw_switchboard/inst/gen_mi[0].inst_opipe_payld/gen_pipe[1].pipe_reg[1][95]/D
  -------------------------------------------------------------------    -------------------

                         (clock clk_pl_0 rise edge)
                                                      0.000     0.000 r  
    PS8_X0Y0             PS8                          0.000     0.000 r  vitis_design_i/zynq_ultra_ps_e_0/inst/PS8_i/PLCLK[0]
                         net (fo=1, routed)           0.229     0.229    vitis_design_i/zynq_ultra_ps_e_0/inst/pl_clk_unbuffered[0]
    BUFG_PS_X0Y80        BUFG_PS (Prop_BUFG_PS_I_O)
                                                      0.038     0.267 r  vitis_design_i/zynq_ultra_ps_e_0/inst/buffer_pl_clk_0.PL_CLK_0_BUFG/O
    X1Y1 (CLOCK_ROOT)    net (fo=24198, routed)       3.136     3.403    vitis_design_i/axi_smc/inst/switchboards/aw_switchboard/inst/gen_mi[0].inst_opipe_payld/aclk
    SLICE_X6Y39          FDRE                                         r  vitis_design_i/axi_smc/inst/switchboards/aw_switchboard/inst/gen_mi[0].inst_opipe_payld/gen_pipe[1].pipe_reg[1][95]/C
                         clock pessimism             -0.234     3.169    
    SLICE_X6Y39          FDRE (Hold_BFF2_SLICEL_C_D)
                                                      0.102     3.271    vitis_design_i/axi_smc/inst/switchboards/aw_switchboard/inst/gen_mi[0].inst_opipe_payld/gen_pipe[1].pipe_reg[1][95]
  -------------------------------------------------------------------
                         required time                         -3.271    
                         arrival time                           3.281    
  -------------------------------------------------------------------
                         slack                                  0.010    

Slack (MET) :             0.011ns  (arrival time - required time)
  Source:                 vitis_design_i/axi_smc/inst/s00_entry_pipeline/s00_mmu/inst/ar_reg_stall/m_vector_i_reg[1125]/C
                            (rising edge-triggered cell FDRE clocked by clk_pl_0  {rise@0.000ns fall@5.000ns period=10.000ns})
  Destination:            vitis_design_i/axi_smc/inst/s00_entry_pipeline/s00_transaction_regulator/inst/gen_endpoint.gen_r_singleorder.r_singleorder/gen_cmd_reg.cmd_reg/skid_buffer_reg[1125]/D
                            (rising edge-triggered cell FDRE clocked by clk_pl_0  {rise@0.000ns fall@5.000ns period=10.000ns})
  Path Group:             clk_pl_0
  Path Type:              Hold (Min at Slow Process Corner)
  Requirement:            0.000ns  (clk_pl_0 rise@0.000ns - clk_pl_0 rise@0.000ns)
  Data Path Delay:        0.244ns  (logic 0.114ns (46.672%)  route 0.130ns (53.328%))
  Logic Levels:           0  
  Clock Path Skew:        0.131ns (DCD - SCD - CPR)
    Destination Clock Delay (DCD):    3.418ns
    Source Clock Delay      (SCD):    3.053ns
    Clock Pessimism Removal (CPR):    0.234ns
  Clock Net Delay (Source):      2.837ns (routing 1.450ns, distribution 1.387ns)
  Clock Net Delay (Destination): 3.151ns (routing 1.584ns, distribution 1.567ns)

    Location             Delay type                Incr(ns)  Path(ns)    Netlist Resource(s)
  -------------------------------------------------------------------    -------------------
                         (clock clk_pl_0 rise edge)
                                                      0.000     0.000 r  
    PS8_X0Y0             PS8                          0.000     0.000 r  vitis_design_i/zynq_ultra_ps_e_0/inst/PS8_i/PLCLK[0]
                         net (fo=1, routed)           0.181     0.181    vitis_design_i/zynq_ultra_ps_e_0/inst/pl_clk_unbuffered[0]
    BUFG_PS_X0Y80        BUFG_PS (Prop_BUFG_PS_I_O)
                                                      0.035     0.216 r  vitis_design_i/zynq_ultra_ps_e_0/inst/buffer_pl_clk_0.PL_CLK_0_BUFG/O
    X1Y1 (CLOCK_ROOT)    net (fo=24198, routed)       2.837     3.053    vitis_design_i/axi_smc/inst/s00_entry_pipeline/s00_mmu/inst/ar_reg_stall/aclk
    SLICE_X4Y20          FDRE                                         r  vitis_design_i/axi_smc/inst/s00_entry_pipeline/s00_mmu/inst/ar_reg_stall/m_vector_i_reg[1125]/C
  -------------------------------------------------------------------    -------------------
    SLICE_X4Y20          FDRE (Prop_AFF2_SLICEM_C_Q)
                                                      0.114     3.167 r  vitis_design_i/axi_smc/inst/s00_entry_pipeline/s00_mmu/inst/ar_reg_stall/m_vector_i_reg[1125]/Q
                         net (fo=6, routed)           0.130     3.297    vitis_design_i/axi_smc/inst/s00_entry_pipeline/s00_transaction_regulator/inst/gen_endpoint.gen_r_singleorder.r_singleorder/gen_cmd_reg.cmd_reg/D[45]
    SLICE_X3Y19          FDRE                                         r  vitis_design_i/axi_smc/inst/s00_entry_pipeline/s00_transaction_regulator/inst/gen_endpoint.gen_r_singleorder.r_singleorder/gen_cmd_reg.cmd_reg/skid_buffer_reg[1125]/D
  -------------------------------------------------------------------    -------------------

                         (clock clk_pl_0 rise edge)
                                                      0.000     0.000 r  
    PS8_X0Y0             PS8                          0.000     0.000 r  vitis_design_i/zynq_ultra_ps_e_0/inst/PS8_i/PLCLK[0]
                         net (fo=1, routed)           0.229     0.229    vitis_design_i/zynq_ultra_ps_e_0/inst/pl_clk_unbuffered[0]
    BUFG_PS_X0Y80        BUFG_PS (Prop_BUFG_PS_I_O)
                                                      0.038     0.267 r  vitis_design_i/zynq_ultra_ps_e_0/inst/buffer_pl_clk_0.PL_CLK_0_BUFG/O
    X1Y1 (CLOCK_ROOT)    net (fo=24198, routed)       3.151     3.418    vitis_design_i/axi_smc/inst/s00_entry_pipeline/s00_transaction_regulator/inst/gen_endpoint.gen_r_singleorder.r_singleorder/gen_cmd_reg.cmd_reg/aclk
    SLICE_X3Y19          FDRE                                         r  vitis_design_i/axi_smc/inst/s00_entry_pipeline/s00_transaction_regulator/inst/gen_endpoint.gen_r_singleorder.r_singleorder/gen_cmd_reg.cmd_reg/skid_buffer_reg[1125]/C
                         clock pessimism             -0.234     3.184    
    SLICE_X3Y19          FDRE (Hold_FFF2_SLICEL_C_D)
                                                      0.103     3.287    vitis_design_i/axi_smc/inst/s00_entry_pipeline/s00_transaction_regulator/inst/gen_endpoint.gen_r_singleorder.r_singleorder/gen_cmd_reg.cmd_reg/skid_buffer_reg[1125]
  -------------------------------------------------------------------
                         required time                         -3.287    
                         arrival time                           3.297    
  -------------------------------------------------------------------
                         slack                                  0.011    

Slack (MET) :             0.011ns  (arrival time - required time)
  Source:                 vitis_design_i/myproject_axi_master_1/inst/control_s_axi_U/rdata_reg[25]/C
                            (rising edge-triggered cell FDRE clocked by clk_pl_0  {rise@0.000ns fall@5.000ns period=10.000ns})
  Destination:            vitis_design_i/axi_interconnect_0/m02_couplers/m02_regslice/inst/r.r_pipe/m_payload_i_reg[25]/D
                            (rising edge-triggered cell FDRE clocked by clk_pl_0  {rise@0.000ns fall@5.000ns period=10.000ns})
  Path Group:             clk_pl_0
  Path Type:              Hold (Min at Slow Process Corner)
  Requirement:            0.000ns  (clk_pl_0 rise@0.000ns - clk_pl_0 rise@0.000ns)
  Data Path Delay:        0.254ns  (logic 0.112ns (44.095%)  route 0.142ns (55.906%))
  Logic Levels:           0  
  Clock Path Skew:        0.142ns (DCD - SCD - CPR)
    Destination Clock Delay (DCD):    3.408ns
    Source Clock Delay      (SCD):    3.026ns
    Clock Pessimism Removal (CPR):    0.240ns
  Clock Net Delay (Source):      2.810ns (routing 1.450ns, distribution 1.360ns)
  Clock Net Delay (Destination): 3.141ns (routing 1.584ns, distribution 1.557ns)

    Location             Delay type                Incr(ns)  Path(ns)    Netlist Resource(s)
  -------------------------------------------------------------------    -------------------
                         (clock clk_pl_0 rise edge)
                                                      0.000     0.000 r  
    PS8_X0Y0             PS8                          0.000     0.000 r  vitis_design_i/zynq_ultra_ps_e_0/inst/PS8_i/PLCLK[0]
                         net (fo=1, routed)           0.181     0.181    vitis_design_i/zynq_ultra_ps_e_0/inst/pl_clk_unbuffered[0]
    BUFG_PS_X0Y80        BUFG_PS (Prop_BUFG_PS_I_O)
                                                      0.035     0.216 r  vitis_design_i/zynq_ultra_ps_e_0/inst/buffer_pl_clk_0.PL_CLK_0_BUFG/O
    X1Y1 (CLOCK_ROOT)    net (fo=24198, routed)       2.810     3.026    vitis_design_i/myproject_axi_master_1/inst/control_s_axi_U/ap_clk
    SLICE_X15Y66         FDRE                                         r  vitis_design_i/myproject_axi_master_1/inst/control_s_axi_U/rdata_reg[25]/C
  -------------------------------------------------------------------    -------------------
    SLICE_X15Y66         FDRE (Prop_CFF_SLICEL_C_Q)
                                                      0.112     3.138 r  vitis_design_i/myproject_axi_master_1/inst/control_s_axi_U/rdata_reg[25]/Q
                         net (fo=1, routed)           0.142     3.280    vitis_design_i/axi_interconnect_0/m02_couplers/m02_regslice/inst/r.r_pipe/D[25]
    SLICE_X14Y66         FDRE                                         r  vitis_design_i/axi_interconnect_0/m02_couplers/m02_regslice/inst/r.r_pipe/m_payload_i_reg[25]/D
  -------------------------------------------------------------------    -------------------

                         (clock clk_pl_0 rise edge)
                                                      0.000     0.000 r  
    PS8_X0Y0             PS8                          0.000     0.000 r  vitis_design_i/zynq_ultra_ps_e_0/inst/PS8_i/PLCLK[0]
                         net (fo=1, routed)           0.229     0.229    vitis_design_i/zynq_ultra_ps_e_0/inst/pl_clk_unbuffered[0]
    BUFG_PS_X0Y80        BUFG_PS (Prop_BUFG_PS_I_O)
                                                      0.038     0.267 r  vitis_design_i/zynq_ultra_ps_e_0/inst/buffer_pl_clk_0.PL_CLK_0_BUFG/O
    X1Y1 (CLOCK_ROOT)    net (fo=24198, routed)       3.141     3.408    vitis_design_i/axi_interconnect_0/m02_couplers/m02_regslice/inst/r.r_pipe/aclk
    SLICE_X14Y66         FDRE                                         r  vitis_design_i/axi_interconnect_0/m02_couplers/m02_regslice/inst/r.r_pipe/m_payload_i_reg[25]/C
                         clock pessimism             -0.240     3.168    
    SLICE_X14Y66         FDRE (Hold_HFF_SLICEL_C_D)
                                                      0.101     3.269    vitis_design_i/axi_interconnect_0/m02_couplers/m02_regslice/inst/r.r_pipe/m_payload_i_reg[25]
  -------------------------------------------------------------------
                         required time                         -3.269    
                         arrival time                           3.280    
  -------------------------------------------------------------------
                         slack                                  0.011    

Slack (MET) :             0.011ns  (arrival time - required time)
  Source:                 vitis_design_i/axi_dma_0/U0/I_PRMRY_DATAMOVER/GEN_S2MM_FULL.I_S2MM_FULL_WRAPPER/I_ADDR_CNTL/sig_next_len_reg_reg[0]/C
                            (rising edge-triggered cell FDRE clocked by clk_pl_0  {rise@0.000ns fall@5.000ns period=10.000ns})
  Destination:            vitis_design_i/axi_smc/inst/s01_entry_pipeline/s01_mmu/inst/aw_sreg/skid_buffer_reg[1125]/D
                            (rising edge-triggered cell FDRE clocked by clk_pl_0  {rise@0.000ns fall@5.000ns period=10.000ns})
  Path Group:             clk_pl_0
  Path Type:              Hold (Min at Slow Process Corner)
  Requirement:            0.000ns  (clk_pl_0 rise@0.000ns - clk_pl_0 rise@0.000ns)
  Data Path Delay:        0.251ns  (logic 0.112ns (44.572%)  route 0.139ns (55.428%))
  Logic Levels:           0  
  Clock Path Skew:        0.137ns (DCD - SCD - CPR)
    Destination Clock Delay (DCD):    3.382ns
    Source Clock Delay      (SCD):    3.010ns
    Clock Pessimism Removal (CPR):    0.234ns
  Clock Net Delay (Source):      2.794ns (routing 1.450ns, distribution 1.344ns)
  Clock Net Delay (Destination): 3.115ns (routing 1.584ns, distribution 1.531ns)

    Location             Delay type                Incr(ns)  Path(ns)    Netlist Resource(s)
  -------------------------------------------------------------------    -------------------
                         (clock clk_pl_0 rise edge)
                                                      0.000     0.000 r  
    PS8_X0Y0             PS8                          0.000     0.000 r  vitis_design_i/zynq_ultra_ps_e_0/inst/PS8_i/PLCLK[0]
                         net (fo=1, routed)           0.181     0.181    vitis_design_i/zynq_ultra_ps_e_0/inst/pl_clk_unbuffered[0]
    BUFG_PS_X0Y80        BUFG_PS (Prop_BUFG_PS_I_O)
                                                      0.035     0.216 r  vitis_design_i/zynq_ultra_ps_e_0/inst/buffer_pl_clk_0.PL_CLK_0_BUFG/O
    X1Y1 (CLOCK_ROOT)    net (fo=24198, routed)       2.794     3.010    vitis_design_i/axi_dma_0/U0/I_PRMRY_DATAMOVER/GEN_S2MM_FULL.I_S2MM_FULL_WRAPPER/I_ADDR_CNTL/m_axi_s2mm_aclk
    SLICE_X17Y40         FDRE                                         r  vitis_design_i/axi_dma_0/U0/I_PRMRY_DATAMOVER/GEN_S2MM_FULL.I_S2MM_FULL_WRAPPER/I_ADDR_CNTL/sig_next_len_reg_reg[0]/C
  -------------------------------------------------------------------    -------------------
    SLICE_X17Y40         FDRE (Prop_HFF_SLICEM_C_Q)
                                                      0.112     3.122 r  vitis_design_i/axi_dma_0/U0/I_PRMRY_DATAMOVER/GEN_S2MM_FULL.I_S2MM_FULL_WRAPPER/I_ADDR_CNTL/sig_next_len_reg_reg[0]/Q
                         net (fo=2, routed)           0.139     3.261    vitis_design_i/axi_smc/inst/s01_entry_pipeline/s01_mmu/inst/aw_sreg/skid_buffer_reg[1144]_0[37]
    SLICE_X14Y40         FDRE                                         r  vitis_design_i/axi_smc/inst/s01_entry_pipeline/s01_mmu/inst/aw_sreg/skid_buffer_reg[1125]/D
  -------------------------------------------------------------------    -------------------

                         (clock clk_pl_0 rise edge)
                                                      0.000     0.000 r  
    PS8_X0Y0             PS8                          0.000     0.000 r  vitis_design_i/zynq_ultra_ps_e_0/inst/PS8_i/PLCLK[0]
                         net (fo=1, routed)           0.229     0.229    vitis_design_i/zynq_ultra_ps_e_0/inst/pl_clk_unbuffered[0]
    BUFG_PS_X0Y80        BUFG_PS (Prop_BUFG_PS_I_O)
                                                      0.038     0.267 r  vitis_design_i/zynq_ultra_ps_e_0/inst/buffer_pl_clk_0.PL_CLK_0_BUFG/O
    X1Y1 (CLOCK_ROOT)    net (fo=24198, routed)       3.115     3.382    vitis_design_i/axi_smc/inst/s01_entry_pipeline/s01_mmu/inst/aw_sreg/aclk
    SLICE_X14Y40         FDRE                                         r  vitis_design_i/axi_smc/inst/s01_entry_pipeline/s01_mmu/inst/aw_sreg/skid_buffer_reg[1125]/C
                         clock pessimism             -0.234     3.147    
    SLICE_X14Y40         FDRE (Hold_HFF2_SLICEL_C_D)
                                                      0.103     3.250    vitis_design_i/axi_smc/inst/s01_entry_pipeline/s01_mmu/inst/aw_sreg/skid_buffer_reg[1125]
  -------------------------------------------------------------------
                         required time                         -3.250    
                         arrival time                           3.261    
  -------------------------------------------------------------------
                         slack                                  0.011    

Slack (MET) :             0.011ns  (arrival time - required time)
  Source:                 vitis_design_i/axi_smc/inst/s01_nodes/s01_w_node/inst/inst_mi_handler/gen_normal_area.gen_upsizer.inst_upsizer/gen_w_ch.accum_reg[bytes][12][userdata][3]/C
                            (rising edge-triggered cell FDRE clocked by clk_pl_0  {rise@0.000ns fall@5.000ns period=10.000ns})
  Destination:            vitis_design_i/axi_smc/inst/s01_nodes/s01_w_node/inst/inst_mi_handler/gen_normal_area.inst_fifo_node_payld/gen_xpm_memory_fifo.inst_fifo/gen_mem_rep[0].inst_xpm_memory/xpm_memory_base_inst/gen_wr_a.gen_word_narrow.mem_reg_0_31_126_139/RAMB/I
                            (rising edge-triggered cell RAMD32 clocked by clk_pl_0  {rise@0.000ns fall@5.000ns period=10.000ns})
  Path Group:             clk_pl_0
  Path Type:              Hold (Min at Slow Process Corner)
  Requirement:            0.000ns  (clk_pl_0 rise@0.000ns - clk_pl_0 rise@0.000ns)
  Data Path Delay:        0.244ns  (logic 0.112ns (45.902%)  route 0.132ns (54.098%))
  Logic Levels:           0  
  Clock Path Skew:        0.129ns (DCD - SCD - CPR)
    Destination Clock Delay (DCD):    3.419ns
    Source Clock Delay      (SCD):    3.056ns
    Clock Pessimism Removal (CPR):    0.234ns
  Clock Net Delay (Source):      2.840ns (routing 1.450ns, distribution 1.390ns)
  Clock Net Delay (Destination): 3.152ns (routing 1.584ns, distribution 1.568ns)

    Location             Delay type                Incr(ns)  Path(ns)    Netlist Resource(s)
  -------------------------------------------------------------------    -------------------
                         (clock clk_pl_0 rise edge)
                                                      0.000     0.000 r  
    PS8_X0Y0             PS8                          0.000     0.000 r  vitis_design_i/zynq_ultra_ps_e_0/inst/PS8_i/PLCLK[0]
                         net (fo=1, routed)           0.181     0.181    vitis_design_i/zynq_ultra_ps_e_0/inst/pl_clk_unbuffered[0]
    BUFG_PS_X0Y80        BUFG_PS (Prop_BUFG_PS_I_O)
                                                      0.035     0.216 r  vitis_design_i/zynq_ultra_ps_e_0/inst/buffer_pl_clk_0.PL_CLK_0_BUFG/O
    X1Y1 (CLOCK_ROOT)    net (fo=24198, routed)       2.840     3.056    vitis_design_i/axi_smc/inst/s01_nodes/s01_w_node/inst/inst_mi_handler/gen_normal_area.gen_upsizer.inst_upsizer/s_sc_aclk
    SLICE_X5Y49          FDRE                                         r  vitis_design_i/axi_smc/inst/s01_nodes/s01_w_node/inst/inst_mi_handler/gen_normal_area.gen_upsizer.inst_upsizer/gen_w_ch.accum_reg[bytes][12][userdata][3]/C
  -------------------------------------------------------------------    -------------------
    SLICE_X5Y49          FDRE (Prop_CFF_SLICEM_C_Q)
                                                      0.112     3.168 r  vitis_design_i/axi_smc/inst/s01_nodes/s01_w_node/inst/inst_mi_handler/gen_normal_area.gen_upsizer.inst_upsizer/gen_w_ch.accum_reg[bytes][12][userdata][3]/Q
                         net (fo=1, routed)           0.132     3.300    vitis_design_i/axi_smc/inst/s01_nodes/s01_w_node/inst/inst_mi_handler/gen_normal_area.inst_fifo_node_payld/gen_xpm_memory_fifo.inst_fifo/gen_mem_rep[0].inst_xpm_memory/xpm_memory_base_inst/gen_wr_a.gen_word_narrow.mem_reg_0_31_126_139/DIB0
    SLICE_X7Y49          RAMD32                                       r  vitis_design_i/axi_smc/inst/s01_nodes/s01_w_node/inst/inst_mi_handler/gen_normal_area.inst_fifo_node_payld/gen_xpm_memory_fifo.inst_fifo/gen_mem_rep[0].inst_xpm_memory/xpm_memory_base_inst/gen_wr_a.gen_word_narrow.mem_reg_0_31_126_139/RAMB/I
  -------------------------------------------------------------------    -------------------

                         (clock clk_pl_0 rise edge)
                                                      0.000     0.000 r  
    PS8_X0Y0             PS8                          0.000     0.000 r  vitis_design_i/zynq_ultra_ps_e_0/inst/PS8_i/PLCLK[0]
                         net (fo=1, routed)           0.229     0.229    vitis_design_i/zynq_ultra_ps_e_0/inst/pl_clk_unbuffered[0]
    BUFG_PS_X0Y80        BUFG_PS (Prop_BUFG_PS_I_O)
                                                      0.038     0.267 r  vitis_design_i/zynq_ultra_ps_e_0/inst/buffer_pl_clk_0.PL_CLK_0_BUFG/O
    X1Y1 (CLOCK_ROOT)    net (fo=24198, routed)       3.152     3.419    vitis_design_i/axi_smc/inst/s01_nodes/s01_w_node/inst/inst_mi_handler/gen_normal_area.inst_fifo_node_payld/gen_xpm_memory_fifo.inst_fifo/gen_mem_rep[0].inst_xpm_memory/xpm_memory_base_inst/gen_wr_a.gen_word_narrow.mem_reg_0_31_126_139/WCLK
    SLICE_X7Y49          RAMD32                                       r  vitis_design_i/axi_smc/inst/s01_nodes/s01_w_node/inst/inst_mi_handler/gen_normal_area.inst_fifo_node_payld/gen_xpm_memory_fifo.inst_fifo/gen_mem_rep[0].inst_xpm_memory/xpm_memory_base_inst/gen_wr_a.gen_word_narrow.mem_reg_0_31_126_139/RAMB/CLK
                         clock pessimism             -0.234     3.185    
    SLICE_X7Y49          RAMD32 (Hold_B5LUT_SLICEM_CLK_I)
                                                      0.104     3.289    vitis_design_i/axi_smc/inst/s01_nodes/s01_w_node/inst/inst_mi_handler/gen_normal_area.inst_fifo_node_payld/gen_xpm_memory_fifo.inst_fifo/gen_mem_rep[0].inst_xpm_memory/xpm_memory_base_inst/gen_wr_a.gen_word_narrow.mem_reg_0_31_126_139/RAMB
  -------------------------------------------------------------------
                         required time                         -3.289    
                         arrival time                           3.300    
  -------------------------------------------------------------------
                         slack                                  0.011    

Slack (MET) :             0.011ns  (arrival time - required time)
  Source:                 vitis_design_i/axi_smc/inst/s00_entry_pipeline/s00_mmu/inst/ar_reg_stall/m_vector_i_reg[1090]/C
                            (rising edge-triggered cell FDRE clocked by clk_pl_0  {rise@0.000ns fall@5.000ns period=10.000ns})
  Destination:            vitis_design_i/axi_smc/inst/s00_entry_pipeline/s00_transaction_regulator/inst/gen_endpoint.gen_r_singleorder.r_singleorder/gen_cmd_reg.cmd_reg/skid_buffer_reg[1090]/D
                            (rising edge-triggered cell FDRE clocked by clk_pl_0  {rise@0.000ns fall@5.000ns period=10.000ns})
  Path Group:             clk_pl_0
  Path Type:              Hold (Min at Slow Process Corner)
  Requirement:            0.000ns  (clk_pl_0 rise@0.000ns - clk_pl_0 rise@0.000ns)
  Data Path Delay:        0.257ns  (logic 0.111ns (43.171%)  route 0.146ns (56.829%))
  Logic Levels:           0  
  Clock Path Skew:        0.145ns (DCD - SCD - CPR)
    Destination Clock Delay (DCD):    3.434ns
    Source Clock Delay      (SCD):    3.055ns
    Clock Pessimism Removal (CPR):    0.234ns
  Clock Net Delay (Source):      2.839ns (routing 1.450ns, distribution 1.389ns)
  Clock Net Delay (Destination): 3.167ns (routing 1.584ns, distribution 1.583ns)

    Location             Delay type                Incr(ns)  Path(ns)    Netlist Resource(s)
  -------------------------------------------------------------------    -------------------
                         (clock clk_pl_0 rise edge)
                                                      0.000     0.000 r  
    PS8_X0Y0             PS8                          0.000     0.000 r  vitis_design_i/zynq_ultra_ps_e_0/inst/PS8_i/PLCLK[0]
                         net (fo=1, routed)           0.181     0.181    vitis_design_i/zynq_ultra_ps_e_0/inst/pl_clk_unbuffered[0]
    BUFG_PS_X0Y80        BUFG_PS (Prop_BUFG_PS_I_O)
                                                      0.035     0.216 r  vitis_design_i/zynq_ultra_ps_e_0/inst/buffer_pl_clk_0.PL_CLK_0_BUFG/O
    X1Y1 (CLOCK_ROOT)    net (fo=24198, routed)       2.839     3.055    vitis_design_i/axi_smc/inst/s00_entry_pipeline/s00_mmu/inst/ar_reg_stall/aclk
    SLICE_X4Y18          FDRE                                         r  vitis_design_i/axi_smc/inst/s00_entry_pipeline/s00_mmu/inst/ar_reg_stall/m_vector_i_reg[1090]/C
  -------------------------------------------------------------------    -------------------
    SLICE_X4Y18          FDRE (Prop_BFF_SLICEM_C_Q)
                                                      0.111     3.166 r  vitis_design_i/axi_smc/inst/s00_entry_pipeline/s00_mmu/inst/ar_reg_stall/m_vector_i_reg[1090]/Q
                         net (fo=2, routed)           0.146     3.312    vitis_design_i/axi_smc/inst/s00_entry_pipeline/s00_transaction_regulator/inst/gen_endpoint.gen_r_singleorder.r_singleorder/gen_cmd_reg.cmd_reg/D[42]
    SLICE_X3Y18          FDRE                                         r  vitis_design_i/axi_smc/inst/s00_entry_pipeline/s00_transaction_regulator/inst/gen_endpoint.gen_r_singleorder.r_singleorder/gen_cmd_reg.cmd_reg/skid_buffer_reg[1090]/D
  -------------------------------------------------------------------    -------------------

                         (clock clk_pl_0 rise edge)
                                                      0.000     0.000 r  
    PS8_X0Y0             PS8                          0.000     0.000 r  vitis_design_i/zynq_ultra_ps_e_0/inst/PS8_i/PLCLK[0]
                         net (fo=1, routed)           0.229     0.229    vitis_design_i/zynq_ultra_ps_e_0/inst/pl_clk_unbuffered[0]
    BUFG_PS_X0Y80        BUFG_PS (Prop_BUFG_PS_I_O)
                                                      0.038     0.267 r  vitis_design_i/zynq_ultra_ps_e_0/inst/buffer_pl_clk_0.PL_CLK_0_BUFG/O
    X1Y1 (CLOCK_ROOT)    net (fo=24198, routed)       3.167     3.434    vitis_design_i/axi_smc/inst/s00_entry_pipeline/s00_transaction_regulator/inst/gen_endpoint.gen_r_singleorder.r_singleorder/gen_cmd_reg.cmd_reg/aclk
    SLICE_X3Y18          FDRE                                         r  vitis_design_i/axi_smc/inst/s00_entry_pipeline/s00_transaction_regulator/inst/gen_endpoint.gen_r_singleorder.r_singleorder/gen_cmd_reg.cmd_reg/skid_buffer_reg[1090]/C
                         clock pessimism             -0.234     3.200    
    SLICE_X3Y18          FDRE (Hold_HFF_SLICEL_C_D)
                                                      0.101     3.301    vitis_design_i/axi_smc/inst/s00_entry_pipeline/s00_transaction_regulator/inst/gen_endpoint.gen_r_singleorder.r_singleorder/gen_cmd_reg.cmd_reg/skid_buffer_reg[1090]
  -------------------------------------------------------------------
                         required time                         -3.301    
                         arrival time                           3.312    
  -------------------------------------------------------------------
                         slack                                  0.011    

Slack (MET) :             0.011ns  (arrival time - required time)
  Source:                 vitis_design_i/axi_smc/inst/s01_nodes/s01_w_node/inst/inst_mi_handler/gen_normal_area.inst_fifo_node_payld/gen_xpm_memory_fifo.inst_fifo/gen_mem_rep[0].inst_xpm_memory/xpm_memory_base_inst/gen_rd_b.gen_rd_b_synth_template.gen_rf_narrow_reg.doutb_reg_reg[67]/C
                            (rising edge-triggered cell FDRE clocked by clk_pl_0  {rise@0.000ns fall@5.000ns period=10.000ns})
  Destination:            vitis_design_i/axi_smc/inst/switchboards/w_switchboard/inst/gen_mi[0].inst_opipe_payld/gen_pipe[1].pipe_reg[1][67]/D
                            (rising edge-triggered cell FDRE clocked by clk_pl_0  {rise@0.000ns fall@5.000ns period=10.000ns})
  Path Group:             clk_pl_0
  Path Type:              Hold (Min at Slow Process Corner)
  Requirement:            0.000ns  (clk_pl_0 rise@0.000ns - clk_pl_0 rise@0.000ns)
  Data Path Delay:        0.247ns  (logic 0.111ns (44.939%)  route 0.136ns (55.061%))
  Logic Levels:           0  
  Clock Path Skew:        0.135ns (DCD - SCD - CPR)
    Destination Clock Delay (DCD):    3.418ns
    Source Clock Delay      (SCD):    3.049ns
    Clock Pessimism Removal (CPR):    0.234ns
  Clock Net Delay (Source):      2.833ns (routing 1.450ns, distribution 1.383ns)
  Clock Net Delay (Destination): 3.151ns (routing 1.584ns, distribution 1.567ns)

    Location             Delay type                Incr(ns)  Path(ns)    Netlist Resource(s)
  -------------------------------------------------------------------    -------------------
                         (clock clk_pl_0 rise edge)
                                                      0.000     0.000 r  
    PS8_X0Y0             PS8                          0.000     0.000 r  vitis_design_i/zynq_ultra_ps_e_0/inst/PS8_i/PLCLK[0]
                         net (fo=1, routed)           0.181     0.181    vitis_design_i/zynq_ultra_ps_e_0/inst/pl_clk_unbuffered[0]
    BUFG_PS_X0Y80        BUFG_PS (Prop_BUFG_PS_I_O)
                                                      0.035     0.216 r  vitis_design_i/zynq_ultra_ps_e_0/inst/buffer_pl_clk_0.PL_CLK_0_BUFG/O
    X1Y1 (CLOCK_ROOT)    net (fo=24198, routed)       2.833     3.049    vitis_design_i/axi_smc/inst/s01_nodes/s01_w_node/inst/inst_mi_handler/gen_normal_area.inst_fifo_node_payld/gen_xpm_memory_fifo.inst_fifo/gen_mem_rep[0].inst_xpm_memory/xpm_memory_base_inst/clka
    SLICE_X7Y50          FDRE                                         r  vitis_design_i/axi_smc/inst/s01_nodes/s01_w_node/inst/inst_mi_handler/gen_normal_area.inst_fifo_node_payld/gen_xpm_memory_fifo.inst_fifo/gen_mem_rep[0].inst_xpm_memory/xpm_memory_base_inst/gen_rd_b.gen_rd_b_synth_template.gen_rf_narrow_reg.doutb_reg_reg[67]/C
  -------------------------------------------------------------------    -------------------
    SLICE_X7Y50          FDRE (Prop_FFF_SLICEM_C_Q)
                                                      0.111     3.160 r  vitis_design_i/axi_smc/inst/s01_nodes/s01_w_node/inst/inst_mi_handler/gen_normal_area.inst_fifo_node_payld/gen_xpm_memory_fifo.inst_fifo/gen_mem_rep[0].inst_xpm_memory/xpm_memory_base_inst/gen_rd_b.gen_rd_b_synth_template.gen_rf_narrow_reg.doutb_reg_reg[67]/Q
                         net (fo=1, routed)           0.136     3.296    vitis_design_i/axi_smc/inst/switchboards/w_switchboard/inst/gen_mi[0].inst_opipe_payld/s_sc_payld[55]
    SLICE_X6Y51          FDRE                                         r  vitis_design_i/axi_smc/inst/switchboards/w_switchboard/inst/gen_mi[0].inst_opipe_payld/gen_pipe[1].pipe_reg[1][67]/D
  -------------------------------------------------------------------    -------------------

                         (clock clk_pl_0 rise edge)
                                                      0.000     0.000 r  
    PS8_X0Y0             PS8                          0.000     0.000 r  vitis_design_i/zynq_ultra_ps_e_0/inst/PS8_i/PLCLK[0]
                         net (fo=1, routed)           0.229     0.229    vitis_design_i/zynq_ultra_ps_e_0/inst/pl_clk_unbuffered[0]
    BUFG_PS_X0Y80        BUFG_PS (Prop_BUFG_PS_I_O)
                                                      0.038     0.267 r  vitis_design_i/zynq_ultra_ps_e_0/inst/buffer_pl_clk_0.PL_CLK_0_BUFG/O
    X1Y1 (CLOCK_ROOT)    net (fo=24198, routed)       3.151     3.418    vitis_design_i/axi_smc/inst/switchboards/w_switchboard/inst/gen_mi[0].inst_opipe_payld/aclk
    SLICE_X6Y51          FDRE                                         r  vitis_design_i/axi_smc/inst/switchboards/w_switchboard/inst/gen_mi[0].inst_opipe_payld/gen_pipe[1].pipe_reg[1][67]/C
                         clock pessimism             -0.234     3.184    
    SLICE_X6Y51          FDRE (Hold_HFF_SLICEL_C_D)
                                                      0.101     3.285    vitis_design_i/axi_smc/inst/switchboards/w_switchboard/inst/gen_mi[0].inst_opipe_payld/gen_pipe[1].pipe_reg[1][67]
  -------------------------------------------------------------------
                         required time                         -3.285    
                         arrival time                           3.296    
  -------------------------------------------------------------------
                         slack                                  0.011    

Slack (MET) :             0.012ns  (arrival time - required time)
  Source:                 vitis_design_i/smc_ic_zynq_ultra_ps_e_0_S_AXI_HP0_FPD/inst/m00_nodes/m00_aw_node/inst/inst_mi_handler/gen_normal_area.inst_fifo_node_payld/gen_xpm_memory_fifo.inst_fifo/gen_mem_rep[0].inst_xpm_memory/xpm_memory_base_inst/gen_rd_b.gen_rd_b_synth_template.gen_rf_narrow_reg.doutb_reg_reg[169]/C
                            (rising edge-triggered cell FDRE clocked by clk_pl_0  {rise@0.000ns fall@5.000ns period=10.000ns})
  Destination:            vitis_design_i/smc_ic_zynq_ultra_ps_e_0_S_AXI_HP0_FPD/inst/m00_exit_pipeline/m00_exit/inst/aw_reg/skid_buffer_reg[1142]/D
                            (rising edge-triggered cell FDRE clocked by clk_pl_0  {rise@0.000ns fall@5.000ns period=10.000ns})
  Path Group:             clk_pl_0
  Path Type:              Hold (Min at Slow Process Corner)
  Requirement:            0.000ns  (clk_pl_0 rise@0.000ns - clk_pl_0 rise@0.000ns)
  Data Path Delay:        0.244ns  (logic 0.112ns (45.880%)  route 0.132ns (54.120%))
  Logic Levels:           0  
  Clock Path Skew:        0.132ns (DCD - SCD - CPR)
    Destination Clock Delay (DCD):    3.397ns
    Source Clock Delay      (SCD):    3.024ns
    Clock Pessimism Removal (CPR):    0.240ns
  Clock Net Delay (Source):      2.808ns (routing 1.450ns, distribution 1.358ns)
  Clock Net Delay (Destination): 3.130ns (routing 1.584ns, distribution 1.546ns)

    Location             Delay type                Incr(ns)  Path(ns)    Netlist Resource(s)
  -------------------------------------------------------------------    -------------------
                         (clock clk_pl_0 rise edge)
                                                      0.000     0.000 r  
    PS8_X0Y0             PS8                          0.000     0.000 r  vitis_design_i/zynq_ultra_ps_e_0/inst/PS8_i/PLCLK[0]
                         net (fo=1, routed)           0.181     0.181    vitis_design_i/zynq_ultra_ps_e_0/inst/pl_clk_unbuffered[0]
    BUFG_PS_X0Y80        BUFG_PS (Prop_BUFG_PS_I_O)
                                                      0.035     0.216 r  vitis_design_i/zynq_ultra_ps_e_0/inst/buffer_pl_clk_0.PL_CLK_0_BUFG/O
    X1Y1 (CLOCK_ROOT)    net (fo=24198, routed)       2.808     3.024    vitis_design_i/smc_ic_zynq_ultra_ps_e_0_S_AXI_HP0_FPD/inst/m00_nodes/m00_aw_node/inst/inst_mi_handler/gen_normal_area.inst_fifo_node_payld/gen_xpm_memory_fifo.inst_fifo/gen_mem_rep[0].inst_xpm_memory/xpm_memory_base_inst/clka
    SLICE_X10Y95         FDRE                                         r  vitis_design_i/smc_ic_zynq_ultra_ps_e_0_S_AXI_HP0_FPD/inst/m00_nodes/m00_aw_node/inst/inst_mi_handler/gen_normal_area.inst_fifo_node_payld/gen_xpm_memory_fifo.inst_fifo/gen_mem_rep[0].inst_xpm_memory/xpm_memory_base_inst/gen_rd_b.gen_rd_b_synth_template.gen_rf_narrow_reg.doutb_reg_reg[169]/C
  -------------------------------------------------------------------    -------------------
    SLICE_X10Y95         FDRE (Prop_AFF_SLICEM_C_Q)
                                                      0.112     3.136 r  vitis_design_i/smc_ic_zynq_ultra_ps_e_0_S_AXI_HP0_FPD/inst/m00_nodes/m00_aw_node/inst/inst_mi_handler/gen_normal_area.inst_fifo_node_payld/gen_xpm_memory_fifo.inst_fifo/gen_mem_rep[0].inst_xpm_memory/xpm_memory_base_inst/gen_rd_b.gen_rd_b_synth_template.gen_rf_narrow_reg.doutb_reg_reg[169]/Q
                         net (fo=2, routed)           0.132     3.268    vitis_design_i/smc_ic_zynq_ultra_ps_e_0_S_AXI_HP0_FPD/inst/m00_exit_pipeline/m00_exit/inst/aw_reg/D[65]
    SLICE_X8Y95          FDRE                                         r  vitis_design_i/smc_ic_zynq_ultra_ps_e_0_S_AXI_HP0_FPD/inst/m00_exit_pipeline/m00_exit/inst/aw_reg/skid_buffer_reg[1142]/D
  -------------------------------------------------------------------    -------------------

                         (clock clk_pl_0 rise edge)
                                                      0.000     0.000 r  
    PS8_X0Y0             PS8                          0.000     0.000 r  vitis_design_i/zynq_ultra_ps_e_0/inst/PS8_i/PLCLK[0]
                         net (fo=1, routed)           0.229     0.229    vitis_design_i/zynq_ultra_ps_e_0/inst/pl_clk_unbuffered[0]
    BUFG_PS_X0Y80        BUFG_PS (Prop_BUFG_PS_I_O)
                                                      0.038     0.267 r  vitis_design_i/zynq_ultra_ps_e_0/inst/buffer_pl_clk_0.PL_CLK_0_BUFG/O
    X1Y1 (CLOCK_ROOT)    net (fo=24198, routed)       3.130     3.397    vitis_design_i/smc_ic_zynq_ultra_ps_e_0_S_AXI_HP0_FPD/inst/m00_exit_pipeline/m00_exit/inst/aw_reg/aclk
    SLICE_X8Y95          FDRE                                         r  vitis_design_i/smc_ic_zynq_ultra_ps_e_0_S_AXI_HP0_FPD/inst/m00_exit_pipeline/m00_exit/inst/aw_reg/skid_buffer_reg[1142]/C
                         clock pessimism             -0.240     3.157    
    SLICE_X8Y95          FDRE (Hold_GFF_SLICEM_C_D)
                                                      0.100     3.257    vitis_design_i/smc_ic_zynq_ultra_ps_e_0_S_AXI_HP0_FPD/inst/m00_exit_pipeline/m00_exit/inst/aw_reg/skid_buffer_reg[1142]
  -------------------------------------------------------------------
                         required time                         -3.257    
                         arrival time                           3.268    
  -------------------------------------------------------------------
                         slack                                  0.012    

Slack (MET) :             0.012ns  (arrival time - required time)
  Source:                 vitis_design_i/myproject_axi_master_1/inst/compute_U0/grp_myproject_fu_62/dense_array_ap_ufixed_128u_array_ap_fixed_17_14_5_3_0_64u_config6_U0/data_44_reg_949_reg[0]/C
                            (rising edge-triggered cell FDRE clocked by clk_pl_0  {rise@0.000ns fall@5.000ns period=10.000ns})
  Destination:            vitis_design_i/myproject_axi_master_1/inst/compute_U0/grp_myproject_fu_62/dense_array_ap_ufixed_128u_array_ap_fixed_17_14_5_3_0_64u_config6_U0/grp_dense_latency_ap_ufixed_8_6_0_3_0_ap_fixed_17_14_5_3_0_config6_s_fu_221/data_98_val_read_reg_7343_reg[0]/D
                            (rising edge-triggered cell FDRE clocked by clk_pl_0  {rise@0.000ns fall@5.000ns period=10.000ns})
  Path Group:             clk_pl_0
  Path Type:              Hold (Min at Slow Process Corner)
  Requirement:            0.000ns  (clk_pl_0 rise@0.000ns - clk_pl_0 rise@0.000ns)
  Data Path Delay:        0.313ns  (logic 0.112ns (35.783%)  route 0.201ns (64.217%))
  Logic Levels:           0  
  Clock Path Skew:        0.200ns (DCD - SCD - CPR)
    Destination Clock Delay (DCD):    3.229ns
    Source Clock Delay      (SCD):    2.844ns
    Clock Pessimism Removal (CPR):    0.185ns
  Clock Net Delay (Source):      2.628ns (routing 1.450ns, distribution 1.178ns)
  Clock Net Delay (Destination): 2.962ns (routing 1.584ns, distribution 1.378ns)

    Location             Delay type                Incr(ns)  Path(ns)    Netlist Resource(s)
  -------------------------------------------------------------------    -------------------
                         (clock clk_pl_0 rise edge)
                                                      0.000     0.000 r  
    PS8_X0Y0             PS8                          0.000     0.000 r  vitis_design_i/zynq_ultra_ps_e_0/inst/PS8_i/PLCLK[0]
                         net (fo=1, routed)           0.181     0.181    vitis_design_i/zynq_ultra_ps_e_0/inst/pl_clk_unbuffered[0]
    BUFG_PS_X0Y80        BUFG_PS (Prop_BUFG_PS_I_O)
                                                      0.035     0.216 r  vitis_design_i/zynq_ultra_ps_e_0/inst/buffer_pl_clk_0.PL_CLK_0_BUFG/O
    X1Y1 (CLOCK_ROOT)    net (fo=24198, routed)       2.628     2.844    vitis_design_i/myproject_axi_master_1/inst/compute_U0/grp_myproject_fu_62/dense_array_ap_ufixed_128u_array_ap_fixed_17_14_5_3_0_64u_config6_U0/ap_clk
    SLICE_X29Y118        FDRE                                         r  vitis_design_i/myproject_axi_master_1/inst/compute_U0/grp_myproject_fu_62/dense_array_ap_ufixed_128u_array_ap_fixed_17_14_5_3_0_64u_config6_U0/data_44_reg_949_reg[0]/C
  -------------------------------------------------------------------    -------------------
    SLICE_X29Y118        FDRE (Prop_AFF_SLICEM_C_Q)
                                                      0.112     2.956 r  vitis_design_i/myproject_axi_master_1/inst/compute_U0/grp_myproject_fu_62/dense_array_ap_ufixed_128u_array_ap_fixed_17_14_5_3_0_64u_config6_U0/data_44_reg_949_reg[0]/Q
                         net (fo=1, routed)           0.201     3.157    vitis_design_i/myproject_axi_master_1/inst/compute_U0/grp_myproject_fu_62/dense_array_ap_ufixed_128u_array_ap_fixed_17_14_5_3_0_64u_config6_U0/grp_dense_latency_ap_ufixed_8_6_0_3_0_ap_fixed_17_14_5_3_0_config6_s_fu_221/data_98_val_read_reg_7343_reg[7]_0[0]
    SLICE_X29Y124        FDRE                                         r  vitis_design_i/myproject_axi_master_1/inst/compute_U0/grp_myproject_fu_62/dense_array_ap_ufixed_128u_array_ap_fixed_17_14_5_3_0_64u_config6_U0/grp_dense_latency_ap_ufixed_8_6_0_3_0_ap_fixed_17_14_5_3_0_config6_s_fu_221/data_98_val_read_reg_7343_reg[0]/D
  -------------------------------------------------------------------    -------------------

                         (clock clk_pl_0 rise edge)
                                                      0.000     0.000 r  
    PS8_X0Y0             PS8                          0.000     0.000 r  vitis_design_i/zynq_ultra_ps_e_0/inst/PS8_i/PLCLK[0]
                         net (fo=1, routed)           0.229     0.229    vitis_design_i/zynq_ultra_ps_e_0/inst/pl_clk_unbuffered[0]
    BUFG_PS_X0Y80        BUFG_PS (Prop_BUFG_PS_I_O)
                                                      0.038     0.267 r  vitis_design_i/zynq_ultra_ps_e_0/inst/buffer_pl_clk_0.PL_CLK_0_BUFG/O
    X1Y1 (CLOCK_ROOT)    net (fo=24198, routed)       2.962     3.229    vitis_design_i/myproject_axi_master_1/inst/compute_U0/grp_myproject_fu_62/dense_array_ap_ufixed_128u_array_ap_fixed_17_14_5_3_0_64u_config6_U0/grp_dense_latency_ap_ufixed_8_6_0_3_0_ap_fixed_17_14_5_3_0_config6_s_fu_221/ap_clk
    SLICE_X29Y124        FDRE                                         r  vitis_design_i/myproject_axi_master_1/inst/compute_U0/grp_myproject_fu_62/dense_array_ap_ufixed_128u_array_ap_fixed_17_14_5_3_0_64u_config6_U0/grp_dense_latency_ap_ufixed_8_6_0_3_0_ap_fixed_17_14_5_3_0_config6_s_fu_221/data_98_val_read_reg_7343_reg[0]/C
                         clock pessimism             -0.185     3.044    
    SLICE_X29Y124        FDRE (Hold_EFF_SLICEM_C_D)
                                                      0.101     3.145    vitis_design_i/myproject_axi_master_1/inst/compute_U0/grp_myproject_fu_62/dense_array_ap_ufixed_128u_array_ap_fixed_17_14_5_3_0_64u_config6_U0/grp_dense_latency_ap_ufixed_8_6_0_3_0_ap_fixed_17_14_5_3_0_config6_s_fu_221/data_98_val_read_reg_7343_reg[0]
  -------------------------------------------------------------------
                         required time                         -3.145    
                         arrival time                           3.157    
  -------------------------------------------------------------------
                         slack                                  0.012    





Pulse Width Checks
--------------------------------------------------------------------------------------
Clock Name:         clk_pl_0
Waveform(ns):       { 0.000 5.000 }
Period(ns):         10.000
Sources:            { vitis_design_i/zynq_ultra_ps_e_0/inst/PS8_i/PLCLK[0] }

Check Type        Corner  Lib Pin             Reference Pin  Required(ns)  Actual(ns)  Slack(ns)  Location      Pin
Min Period        n/a     PS8/MAXIGP2ACLK     n/a            3.000         10.000      7.000      PS8_X0Y0      vitis_design_i/zynq_ultra_ps_e_0/inst/PS8_i/MAXIGP2ACLK
Min Period        n/a     PS8/SAXIGP0RCLK     n/a            3.000         10.000      7.000      PS8_X0Y0      vitis_design_i/zynq_ultra_ps_e_0/inst/PS8_i/SAXIGP0RCLK
Min Period        n/a     PS8/SAXIGP0WCLK     n/a            3.000         10.000      7.000      PS8_X0Y0      vitis_design_i/zynq_ultra_ps_e_0/inst/PS8_i/SAXIGP0WCLK
Min Period        n/a     PS8/SAXIGP2RCLK     n/a            3.000         10.000      7.000      PS8_X0Y0      vitis_design_i/zynq_ultra_ps_e_0/inst/PS8_i/SAXIGP2RCLK
Min Period        n/a     PS8/SAXIGP2WCLK     n/a            3.000         10.000      7.000      PS8_X0Y0      vitis_design_i/zynq_ultra_ps_e_0/inst/PS8_i/SAXIGP2WCLK
Min Period        n/a     RAMB18E2/CLKARDCLK  n/a            1.960         10.000      8.040      RAMB18_X0Y24  vitis_design_i/myproject_axi_master_1/inst/gmem_in0_m_axi_U/load_unit_0/buff_rdata/U_fifo_mem/mem_reg/CLKARDCLK
Min Period        n/a     RAMB18E2/CLKBWRCLK  n/a            1.960         10.000      8.040      RAMB18_X0Y24  vitis_design_i/myproject_axi_master_1/inst/gmem_in0_m_axi_U/load_unit_0/buff_rdata/U_fifo_mem/mem_reg/CLKBWRCLK
Min Period        n/a     RAMB36E2/CLKARDCLK  n/a            1.960         10.000      8.040      RAMB36_X0Y11  vitis_design_i/myproject_axi_master_1/inst/stream_in0_input_layer_U/U_myproject_axi_master_fifo_w960_d128_A_ram/mem_reg_0/CLKARDCLK
Min Period        n/a     RAMB36E2/CLKBWRCLK  n/a            1.960         10.000      8.040      RAMB36_X0Y11  vitis_design_i/myproject_axi_master_1/inst/stream_in0_input_layer_U/U_myproject_axi_master_fifo_w960_d128_A_ram/mem_reg_0/CLKBWRCLK
Min Period        n/a     RAMB36E2/CLKARDCLK  n/a            1.960         10.000      8.040      RAMB36_X1Y12  vitis_design_i/myproject_axi_master_1/inst/stream_in0_input_layer_U/U_myproject_axi_master_fifo_w960_d128_A_ram/mem_reg_1/CLKARDCLK
Low Pulse Width   Slow    PS8/MAXIGP2ACLK     n/a            1.500         5.000       3.500      PS8_X0Y0      vitis_design_i/zynq_ultra_ps_e_0/inst/PS8_i/MAXIGP2ACLK
Low Pulse Width   Fast    PS8/MAXIGP2ACLK     n/a            1.500         5.000       3.500      PS8_X0Y0      vitis_design_i/zynq_ultra_ps_e_0/inst/PS8_i/MAXIGP2ACLK
Low Pulse Width   Slow    PS8/SAXIGP0RCLK     n/a            1.500         5.000       3.500      PS8_X0Y0      vitis_design_i/zynq_ultra_ps_e_0/inst/PS8_i/SAXIGP0RCLK
Low Pulse Width   Fast    PS8/SAXIGP0RCLK     n/a            1.500         5.000       3.500      PS8_X0Y0      vitis_design_i/zynq_ultra_ps_e_0/inst/PS8_i/SAXIGP0RCLK
Low Pulse Width   Slow    PS8/SAXIGP0WCLK     n/a            1.500         5.000       3.500      PS8_X0Y0      vitis_design_i/zynq_ultra_ps_e_0/inst/PS8_i/SAXIGP0WCLK
Low Pulse Width   Fast    PS8/SAXIGP0WCLK     n/a            1.500         5.000       3.500      PS8_X0Y0      vitis_design_i/zynq_ultra_ps_e_0/inst/PS8_i/SAXIGP0WCLK
Low Pulse Width   Slow    PS8/SAXIGP2RCLK     n/a            1.500         5.000       3.500      PS8_X0Y0      vitis_design_i/zynq_ultra_ps_e_0/inst/PS8_i/SAXIGP2RCLK
Low Pulse Width   Fast    PS8/SAXIGP2RCLK     n/a            1.500         5.000       3.500      PS8_X0Y0      vitis_design_i/zynq_ultra_ps_e_0/inst/PS8_i/SAXIGP2RCLK
Low Pulse Width   Slow    PS8/SAXIGP2WCLK     n/a            1.500         5.000       3.500      PS8_X0Y0      vitis_design_i/zynq_ultra_ps_e_0/inst/PS8_i/SAXIGP2WCLK
Low Pulse Width   Fast    PS8/SAXIGP2WCLK     n/a            1.500         5.000       3.500      PS8_X0Y0      vitis_design_i/zynq_ultra_ps_e_0/inst/PS8_i/SAXIGP2WCLK
High Pulse Width  Slow    PS8/MAXIGP2ACLK     n/a            1.500         5.000       3.500      PS8_X0Y0      vitis_design_i/zynq_ultra_ps_e_0/inst/PS8_i/MAXIGP2ACLK
High Pulse Width  Fast    PS8/MAXIGP2ACLK     n/a            1.500         5.000       3.500      PS8_X0Y0      vitis_design_i/zynq_ultra_ps_e_0/inst/PS8_i/MAXIGP2ACLK
High Pulse Width  Slow    PS8/SAXIGP0RCLK     n/a            1.500         5.000       3.500      PS8_X0Y0      vitis_design_i/zynq_ultra_ps_e_0/inst/PS8_i/SAXIGP0RCLK
High Pulse Width  Fast    PS8/SAXIGP0RCLK     n/a            1.500         5.000       3.500      PS8_X0Y0      vitis_design_i/zynq_ultra_ps_e_0/inst/PS8_i/SAXIGP0RCLK
High Pulse Width  Slow    PS8/SAXIGP0WCLK     n/a            1.500         5.000       3.500      PS8_X0Y0      vitis_design_i/zynq_ultra_ps_e_0/inst/PS8_i/SAXIGP0WCLK
High Pulse Width  Fast    PS8/SAXIGP0WCLK     n/a            1.500         5.000       3.500      PS8_X0Y0      vitis_design_i/zynq_ultra_ps_e_0/inst/PS8_i/SAXIGP0WCLK
High Pulse Width  Slow    PS8/SAXIGP2RCLK     n/a            1.500         5.000       3.500      PS8_X0Y0      vitis_design_i/zynq_ultra_ps_e_0/inst/PS8_i/SAXIGP2RCLK
High Pulse Width  Fast    PS8/SAXIGP2RCLK     n/a            1.500         5.000       3.500      PS8_X0Y0      vitis_design_i/zynq_ultra_ps_e_0/inst/PS8_i/SAXIGP2RCLK
High Pulse Width  Slow    PS8/SAXIGP2WCLK     n/a            1.500         5.000       3.500      PS8_X0Y0      vitis_design_i/zynq_ultra_ps_e_0/inst/PS8_i/SAXIGP2WCLK
High Pulse Width  Fast    PS8/SAXIGP2WCLK     n/a            1.500         5.000       3.500      PS8_X0Y0      vitis_design_i/zynq_ultra_ps_e_0/inst/PS8_i/SAXIGP2WCLK



