

================================================================
== Vitis HLS Report for 'dense_array_ap_ufixed_64u_array_ap_fixed_16_13_5_3_0_32u_config6_s'
================================================================
* Date:           Thu May  7 15:39:02 2026

* Version:        2025.2 (Build 6295257 on Nov 14 2025)
* Project:        vitis_unified_project
* Solution:       hls (Vivado IP Flow Target)
* Product family: zynquplus
* Target device:  xck26-sfvc784-2LV-c


================================================================
== Performance Estimates
================================================================
+ Timing: 
    * Summary: 
    +--------+---------+----------+------------+
    |  Clock |  Target | Estimated| Uncertainty|
    +--------+---------+----------+------------+
    |ap_clk  |  5.00 ns|  4.155 ns|     0.62 ns|
    +--------+---------+----------+------------+

+ Latency: 
    * Summary: 
    +---------+---------+-----------+-----------+-----+-----+---------+
    |  Latency (cycles) |   Latency (absolute)  |  Interval | Pipeline|
    |   min   |   max   |    min    |    max    | min | max |   Type  |
    +---------+---------+-----------+-----------+-----+-----+---------+
    |        2|        2|  10.000 ns|  10.000 ns|    2|    2|       no|
    +---------+---------+-----------+-----------+-----+-----+---------+

    + Detail: 
        * Instance: 
        +------------------------------------------------------------------------------+-------------------------------------------------------------------+---------+---------+----------+----------+-----+-----+---------+
        |                                                                              |                                                                   |  Latency (cycles) |  Latency (absolute) |  Interval | Pipeline|
        |                                   Instance                                   |                               Module                              |   min   |   max   |    min   |    max   | min | max |   Type  |
        +------------------------------------------------------------------------------+-------------------------------------------------------------------+---------+---------+----------+----------+-----+-----+---------+
        |grp_dense_latency_ap_ufixed_10_6_0_3_0_ap_fixed_16_13_5_3_0_config6_s_fu_173  |dense_latency_ap_ufixed_10_6_0_3_0_ap_fixed_16_13_5_3_0_config6_s  |        1|        1|  5.000 ns|  5.000 ns|    1|    1|      yes|
        +------------------------------------------------------------------------------+-------------------------------------------------------------------+---------+---------+----------+----------+-----+-----+---------+

        * Loop: 
        N/A

============================================================
+ Verbose Summary: Synthesis Manager
============================================================
InlineROM: 1
ExposeGlobal: 0
============================================================
+ Verbose Summary: CDFG Model
============================================================
IsTopModel: 0
ResetActiveHigh: 1
IsCombinational: 2
IsDatapathOnly: 0
HasWiredReturn: 1
HasMFsm: 0
HasVarLatency: 1
IsPipeline: 0
IsRtlPipelined: 0
IsInstanceOverlapped: 0
IsDontTouch: 0
HasImplIP: 0
IsGatedGlobalClock: 0


============================================================
+ Verbose Summary: Schedule
============================================================
* Number of FSM states : 3
* Pipeline : 0
* Dataflow Pipeline: 0

* FSM state transitions: 
1 --> 2 
2 --> 3 
3 --> 

* FSM state operations: 

State 1 <SV = 0> <Delay = 3.48>
ST_1 : Operation 4 [1/1] ( I:1.83ns O:1.83ns )   --->   "%layer4_out_read = read i640 @_ssdm_op_Read.ap_fifo.volatile.i640P0A, i640 %layer4_out" [firmware/nnet_utils/nnet_dense_stream.h:43->firmware/nnet_utils/nnet_dense_stream.h:93]   --->   Operation 4 'read' 'layer4_out_read' <Predicate = true> <Delay = 1.83> <CoreInst = "FIFO_SRL">   --->   Core 80 'FIFO_SRL' <Latency = 0> <II = 1> <Delay = 1.83> <Storage> <Opcode : 'read' 'write' 'nbread' 'nbwrite'> <Ports = 0> <Width = 640> <Depth = 1> <FIFO>
ST_1 : Operation 5 [1/1] (0.00ns)   --->   "%data = trunc i640 %layer4_out_read" [firmware/nnet_utils/nnet_dense_stream.h:43->firmware/nnet_utils/nnet_dense_stream.h:93]   --->   Operation 5 'trunc' 'data' <Predicate = true> <Delay = 0.00>
ST_1 : Operation 6 [1/1] (0.00ns)   --->   "%data_33 = partselect i10 @_ssdm_op_PartSelect.i10.i640.i32.i32, i640 %layer4_out_read, i32 10, i32 19" [firmware/nnet_utils/nnet_dense_stream.h:43->firmware/nnet_utils/nnet_dense_stream.h:93]   --->   Operation 6 'partselect' 'data_33' <Predicate = true> <Delay = 0.00>
ST_1 : Operation 7 [1/1] (0.00ns)   --->   "%data_1 = partselect i10 @_ssdm_op_PartSelect.i10.i640.i32.i32, i640 %layer4_out_read, i32 40, i32 49" [firmware/nnet_utils/nnet_dense_stream.h:43->firmware/nnet_utils/nnet_dense_stream.h:93]   --->   Operation 7 'partselect' 'data_1' <Predicate = true> <Delay = 0.00>
ST_1 : Operation 8 [1/1] (0.00ns)   --->   "%data_2 = partselect i10 @_ssdm_op_PartSelect.i10.i640.i32.i32, i640 %layer4_out_read, i32 70, i32 79" [firmware/nnet_utils/nnet_dense_stream.h:43->firmware/nnet_utils/nnet_dense_stream.h:93]   --->   Operation 8 'partselect' 'data_2' <Predicate = true> <Delay = 0.00>
ST_1 : Operation 9 [1/1] (0.00ns)   --->   "%data_3 = partselect i10 @_ssdm_op_PartSelect.i10.i640.i32.i32, i640 %layer4_out_read, i32 90, i32 99" [firmware/nnet_utils/nnet_dense_stream.h:43->firmware/nnet_utils/nnet_dense_stream.h:93]   --->   Operation 9 'partselect' 'data_3' <Predicate = true> <Delay = 0.00>
ST_1 : Operation 10 [1/1] (0.00ns)   --->   "%data_4 = partselect i10 @_ssdm_op_PartSelect.i10.i640.i32.i32, i640 %layer4_out_read, i32 100, i32 109" [firmware/nnet_utils/nnet_dense_stream.h:43->firmware/nnet_utils/nnet_dense_stream.h:93]   --->   Operation 10 'partselect' 'data_4' <Predicate = true> <Delay = 0.00>
ST_1 : Operation 11 [1/1] (0.00ns)   --->   "%data_5 = partselect i10 @_ssdm_op_PartSelect.i10.i640.i32.i32, i640 %layer4_out_read, i32 120, i32 129" [firmware/nnet_utils/nnet_dense_stream.h:43->firmware/nnet_utils/nnet_dense_stream.h:93]   --->   Operation 11 'partselect' 'data_5' <Predicate = true> <Delay = 0.00>
ST_1 : Operation 12 [1/1] (0.00ns)   --->   "%data_6 = partselect i10 @_ssdm_op_PartSelect.i10.i640.i32.i32, i640 %layer4_out_read, i32 140, i32 149" [firmware/nnet_utils/nnet_dense_stream.h:43->firmware/nnet_utils/nnet_dense_stream.h:93]   --->   Operation 12 'partselect' 'data_6' <Predicate = true> <Delay = 0.00>
ST_1 : Operation 13 [1/1] (0.00ns)   --->   "%data_7 = partselect i10 @_ssdm_op_PartSelect.i10.i640.i32.i32, i640 %layer4_out_read, i32 150, i32 159" [firmware/nnet_utils/nnet_dense_stream.h:43->firmware/nnet_utils/nnet_dense_stream.h:93]   --->   Operation 13 'partselect' 'data_7' <Predicate = true> <Delay = 0.00>
ST_1 : Operation 14 [1/1] (0.00ns)   --->   "%data_8 = partselect i10 @_ssdm_op_PartSelect.i10.i640.i32.i32, i640 %layer4_out_read, i32 160, i32 169" [firmware/nnet_utils/nnet_dense_stream.h:43->firmware/nnet_utils/nnet_dense_stream.h:93]   --->   Operation 14 'partselect' 'data_8' <Predicate = true> <Delay = 0.00>
ST_1 : Operation 15 [1/1] (0.00ns)   --->   "%data_9 = partselect i10 @_ssdm_op_PartSelect.i10.i640.i32.i32, i640 %layer4_out_read, i32 180, i32 189" [firmware/nnet_utils/nnet_dense_stream.h:43->firmware/nnet_utils/nnet_dense_stream.h:93]   --->   Operation 15 'partselect' 'data_9' <Predicate = true> <Delay = 0.00>
ST_1 : Operation 16 [1/1] (0.00ns)   --->   "%data_10 = partselect i10 @_ssdm_op_PartSelect.i10.i640.i32.i32, i640 %layer4_out_read, i32 190, i32 199" [firmware/nnet_utils/nnet_dense_stream.h:43->firmware/nnet_utils/nnet_dense_stream.h:93]   --->   Operation 16 'partselect' 'data_10' <Predicate = true> <Delay = 0.00>
ST_1 : Operation 17 [1/1] (0.00ns)   --->   "%data_11 = partselect i10 @_ssdm_op_PartSelect.i10.i640.i32.i32, i640 %layer4_out_read, i32 200, i32 209" [firmware/nnet_utils/nnet_dense_stream.h:43->firmware/nnet_utils/nnet_dense_stream.h:93]   --->   Operation 17 'partselect' 'data_11' <Predicate = true> <Delay = 0.00>
ST_1 : Operation 18 [1/1] (0.00ns)   --->   "%data_12 = partselect i10 @_ssdm_op_PartSelect.i10.i640.i32.i32, i640 %layer4_out_read, i32 210, i32 219" [firmware/nnet_utils/nnet_dense_stream.h:43->firmware/nnet_utils/nnet_dense_stream.h:93]   --->   Operation 18 'partselect' 'data_12' <Predicate = true> <Delay = 0.00>
ST_1 : Operation 19 [1/1] (0.00ns)   --->   "%data_13 = partselect i10 @_ssdm_op_PartSelect.i10.i640.i32.i32, i640 %layer4_out_read, i32 220, i32 229" [firmware/nnet_utils/nnet_dense_stream.h:43->firmware/nnet_utils/nnet_dense_stream.h:93]   --->   Operation 19 'partselect' 'data_13' <Predicate = true> <Delay = 0.00>
ST_1 : Operation 20 [1/1] (0.00ns)   --->   "%data_14 = partselect i10 @_ssdm_op_PartSelect.i10.i640.i32.i32, i640 %layer4_out_read, i32 230, i32 239" [firmware/nnet_utils/nnet_dense_stream.h:43->firmware/nnet_utils/nnet_dense_stream.h:93]   --->   Operation 20 'partselect' 'data_14' <Predicate = true> <Delay = 0.00>
ST_1 : Operation 21 [1/1] (0.00ns)   --->   "%data_15 = partselect i10 @_ssdm_op_PartSelect.i10.i640.i32.i32, i640 %layer4_out_read, i32 250, i32 259" [firmware/nnet_utils/nnet_dense_stream.h:43->firmware/nnet_utils/nnet_dense_stream.h:93]   --->   Operation 21 'partselect' 'data_15' <Predicate = true> <Delay = 0.00>
ST_1 : Operation 22 [1/1] (0.00ns)   --->   "%data_16 = partselect i10 @_ssdm_op_PartSelect.i10.i640.i32.i32, i640 %layer4_out_read, i32 260, i32 269" [firmware/nnet_utils/nnet_dense_stream.h:43->firmware/nnet_utils/nnet_dense_stream.h:93]   --->   Operation 22 'partselect' 'data_16' <Predicate = true> <Delay = 0.00>
ST_1 : Operation 23 [1/1] (0.00ns)   --->   "%data_17 = partselect i10 @_ssdm_op_PartSelect.i10.i640.i32.i32, i640 %layer4_out_read, i32 280, i32 289" [firmware/nnet_utils/nnet_dense_stream.h:43->firmware/nnet_utils/nnet_dense_stream.h:93]   --->   Operation 23 'partselect' 'data_17' <Predicate = true> <Delay = 0.00>
ST_1 : Operation 24 [1/1] (0.00ns)   --->   "%data_18 = partselect i10 @_ssdm_op_PartSelect.i10.i640.i32.i32, i640 %layer4_out_read, i32 310, i32 319" [firmware/nnet_utils/nnet_dense_stream.h:43->firmware/nnet_utils/nnet_dense_stream.h:93]   --->   Operation 24 'partselect' 'data_18' <Predicate = true> <Delay = 0.00>
ST_1 : Operation 25 [1/1] (0.00ns)   --->   "%data_19 = partselect i10 @_ssdm_op_PartSelect.i10.i640.i32.i32, i640 %layer4_out_read, i32 330, i32 339" [firmware/nnet_utils/nnet_dense_stream.h:43->firmware/nnet_utils/nnet_dense_stream.h:93]   --->   Operation 25 'partselect' 'data_19' <Predicate = true> <Delay = 0.00>
ST_1 : Operation 26 [1/1] (0.00ns)   --->   "%data_20 = partselect i10 @_ssdm_op_PartSelect.i10.i640.i32.i32, i640 %layer4_out_read, i32 340, i32 349" [firmware/nnet_utils/nnet_dense_stream.h:43->firmware/nnet_utils/nnet_dense_stream.h:93]   --->   Operation 26 'partselect' 'data_20' <Predicate = true> <Delay = 0.00>
ST_1 : Operation 27 [1/1] (0.00ns)   --->   "%data_21 = partselect i10 @_ssdm_op_PartSelect.i10.i640.i32.i32, i640 %layer4_out_read, i32 350, i32 359" [firmware/nnet_utils/nnet_dense_stream.h:43->firmware/nnet_utils/nnet_dense_stream.h:93]   --->   Operation 27 'partselect' 'data_21' <Predicate = true> <Delay = 0.00>
ST_1 : Operation 28 [1/1] (0.00ns)   --->   "%data_22 = partselect i10 @_ssdm_op_PartSelect.i10.i640.i32.i32, i640 %layer4_out_read, i32 400, i32 409" [firmware/nnet_utils/nnet_dense_stream.h:43->firmware/nnet_utils/nnet_dense_stream.h:93]   --->   Operation 28 'partselect' 'data_22' <Predicate = true> <Delay = 0.00>
ST_1 : Operation 29 [1/1] (0.00ns)   --->   "%data_23 = partselect i10 @_ssdm_op_PartSelect.i10.i640.i32.i32, i640 %layer4_out_read, i32 410, i32 419" [firmware/nnet_utils/nnet_dense_stream.h:43->firmware/nnet_utils/nnet_dense_stream.h:93]   --->   Operation 29 'partselect' 'data_23' <Predicate = true> <Delay = 0.00>
ST_1 : Operation 30 [1/1] (0.00ns)   --->   "%data_24 = partselect i10 @_ssdm_op_PartSelect.i10.i640.i32.i32, i640 %layer4_out_read, i32 430, i32 439" [firmware/nnet_utils/nnet_dense_stream.h:43->firmware/nnet_utils/nnet_dense_stream.h:93]   --->   Operation 30 'partselect' 'data_24' <Predicate = true> <Delay = 0.00>
ST_1 : Operation 31 [1/1] (0.00ns)   --->   "%data_25 = partselect i10 @_ssdm_op_PartSelect.i10.i640.i32.i32, i640 %layer4_out_read, i32 440, i32 449" [firmware/nnet_utils/nnet_dense_stream.h:43->firmware/nnet_utils/nnet_dense_stream.h:93]   --->   Operation 31 'partselect' 'data_25' <Predicate = true> <Delay = 0.00>
ST_1 : Operation 32 [1/1] (0.00ns)   --->   "%data_26 = partselect i10 @_ssdm_op_PartSelect.i10.i640.i32.i32, i640 %layer4_out_read, i32 530, i32 539" [firmware/nnet_utils/nnet_dense_stream.h:43->firmware/nnet_utils/nnet_dense_stream.h:93]   --->   Operation 32 'partselect' 'data_26' <Predicate = true> <Delay = 0.00>
ST_1 : Operation 33 [1/1] (0.00ns)   --->   "%data_27 = partselect i10 @_ssdm_op_PartSelect.i10.i640.i32.i32, i640 %layer4_out_read, i32 540, i32 549" [firmware/nnet_utils/nnet_dense_stream.h:43->firmware/nnet_utils/nnet_dense_stream.h:93]   --->   Operation 33 'partselect' 'data_27' <Predicate = true> <Delay = 0.00>
ST_1 : Operation 34 [1/1] (0.00ns)   --->   "%data_28 = partselect i10 @_ssdm_op_PartSelect.i10.i640.i32.i32, i640 %layer4_out_read, i32 550, i32 559" [firmware/nnet_utils/nnet_dense_stream.h:43->firmware/nnet_utils/nnet_dense_stream.h:93]   --->   Operation 34 'partselect' 'data_28' <Predicate = true> <Delay = 0.00>
ST_1 : Operation 35 [1/1] (0.00ns)   --->   "%data_29 = partselect i10 @_ssdm_op_PartSelect.i10.i640.i32.i32, i640 %layer4_out_read, i32 580, i32 589" [firmware/nnet_utils/nnet_dense_stream.h:43->firmware/nnet_utils/nnet_dense_stream.h:93]   --->   Operation 35 'partselect' 'data_29' <Predicate = true> <Delay = 0.00>
ST_1 : Operation 36 [1/1] (0.00ns)   --->   "%data_30 = partselect i10 @_ssdm_op_PartSelect.i10.i640.i32.i32, i640 %layer4_out_read, i32 590, i32 599" [firmware/nnet_utils/nnet_dense_stream.h:43->firmware/nnet_utils/nnet_dense_stream.h:93]   --->   Operation 36 'partselect' 'data_30' <Predicate = true> <Delay = 0.00>
ST_1 : Operation 37 [1/1] (0.00ns)   --->   "%data_31 = partselect i10 @_ssdm_op_PartSelect.i10.i640.i32.i32, i640 %layer4_out_read, i32 600, i32 609" [firmware/nnet_utils/nnet_dense_stream.h:43->firmware/nnet_utils/nnet_dense_stream.h:93]   --->   Operation 37 'partselect' 'data_31' <Predicate = true> <Delay = 0.00>
ST_1 : Operation 38 [1/1] (0.00ns)   --->   "%data_32 = partselect i10 @_ssdm_op_PartSelect.i10.i640.i32.i32, i640 %layer4_out_read, i32 620, i32 629" [firmware/nnet_utils/nnet_dense_stream.h:43->firmware/nnet_utils/nnet_dense_stream.h:93]   --->   Operation 38 'partselect' 'data_32' <Predicate = true> <Delay = 0.00>
ST_1 : Operation 39 [2/2] (1.65ns)   --->   "%call_ret = call i368 @dense_latency<ap_ufixed<10, 6, 0, 3, 0>, ap_fixed<16, 13, 5, 3, 0>, config6>, i10 %data, i10 %data_33, i10 %data_1, i10 %data_2, i10 %data_3, i10 %data_4, i10 %data_5, i10 %data_6, i10 %data_7, i10 %data_8, i10 %data_9, i10 %data_10, i10 %data_11, i10 %data_12, i10 %data_13, i10 %data_14, i10 %data_15, i10 %data_16, i10 %data_17, i10 %data_18, i10 %data_19, i10 %data_20, i10 %data_21, i10 %data_22, i10 %data_23, i10 %data_24, i10 %data_25, i10 %data_26, i10 %data_27, i10 %data_28, i10 %data_29, i10 %data_30, i10 %data_31, i10 %data_32" [firmware/nnet_utils/nnet_dense_stream.h:17->firmware/nnet_utils/nnet_dense_stream.h:95]   --->   Operation 39 'call' 'call_ret' <Predicate = true> <Delay = 1.65> <CoreType = "Generic">   --->   Generic Core

State 2 <SV = 1> <Delay = 4.15>
ST_2 : Operation 40 [1/2] (4.15ns)   --->   "%call_ret = call i368 @dense_latency<ap_ufixed<10, 6, 0, 3, 0>, ap_fixed<16, 13, 5, 3, 0>, config6>, i10 %data, i10 %data_33, i10 %data_1, i10 %data_2, i10 %data_3, i10 %data_4, i10 %data_5, i10 %data_6, i10 %data_7, i10 %data_8, i10 %data_9, i10 %data_10, i10 %data_11, i10 %data_12, i10 %data_13, i10 %data_14, i10 %data_15, i10 %data_16, i10 %data_17, i10 %data_18, i10 %data_19, i10 %data_20, i10 %data_21, i10 %data_22, i10 %data_23, i10 %data_24, i10 %data_25, i10 %data_26, i10 %data_27, i10 %data_28, i10 %data_29, i10 %data_30, i10 %data_31, i10 %data_32" [firmware/nnet_utils/nnet_dense_stream.h:17->firmware/nnet_utils/nnet_dense_stream.h:95]   --->   Operation 40 'call' 'call_ret' <Predicate = true> <Delay = 4.15> <CoreType = "Generic">   --->   Generic Core
ST_2 : Operation 41 [1/1] (0.00ns)   --->   "%res = extractvalue i368 %call_ret" [firmware/nnet_utils/nnet_dense_stream.h:17->firmware/nnet_utils/nnet_dense_stream.h:95]   --->   Operation 41 'extractvalue' 'res' <Predicate = true> <Delay = 0.00>
ST_2 : Operation 42 [1/1] (0.00ns)   --->   "%res_22 = extractvalue i368 %call_ret" [firmware/nnet_utils/nnet_dense_stream.h:17->firmware/nnet_utils/nnet_dense_stream.h:95]   --->   Operation 42 'extractvalue' 'res_22' <Predicate = true> <Delay = 0.00>
ST_2 : Operation 43 [1/1] (0.00ns)   --->   "%res_1 = extractvalue i368 %call_ret" [firmware/nnet_utils/nnet_dense_stream.h:17->firmware/nnet_utils/nnet_dense_stream.h:95]   --->   Operation 43 'extractvalue' 'res_1' <Predicate = true> <Delay = 0.00>
ST_2 : Operation 44 [1/1] (0.00ns)   --->   "%res_2 = extractvalue i368 %call_ret" [firmware/nnet_utils/nnet_dense_stream.h:17->firmware/nnet_utils/nnet_dense_stream.h:95]   --->   Operation 44 'extractvalue' 'res_2' <Predicate = true> <Delay = 0.00>
ST_2 : Operation 45 [1/1] (0.00ns)   --->   "%res_3 = extractvalue i368 %call_ret" [firmware/nnet_utils/nnet_dense_stream.h:17->firmware/nnet_utils/nnet_dense_stream.h:95]   --->   Operation 45 'extractvalue' 'res_3' <Predicate = true> <Delay = 0.00>
ST_2 : Operation 46 [1/1] (0.00ns)   --->   "%res_4 = extractvalue i368 %call_ret" [firmware/nnet_utils/nnet_dense_stream.h:17->firmware/nnet_utils/nnet_dense_stream.h:95]   --->   Operation 46 'extractvalue' 'res_4' <Predicate = true> <Delay = 0.00>
ST_2 : Operation 47 [1/1] (0.00ns)   --->   "%res_5 = extractvalue i368 %call_ret" [firmware/nnet_utils/nnet_dense_stream.h:17->firmware/nnet_utils/nnet_dense_stream.h:95]   --->   Operation 47 'extractvalue' 'res_5' <Predicate = true> <Delay = 0.00>
ST_2 : Operation 48 [1/1] (0.00ns)   --->   "%res_6 = extractvalue i368 %call_ret" [firmware/nnet_utils/nnet_dense_stream.h:17->firmware/nnet_utils/nnet_dense_stream.h:95]   --->   Operation 48 'extractvalue' 'res_6' <Predicate = true> <Delay = 0.00>
ST_2 : Operation 49 [1/1] (0.00ns)   --->   "%res_7 = extractvalue i368 %call_ret" [firmware/nnet_utils/nnet_dense_stream.h:17->firmware/nnet_utils/nnet_dense_stream.h:95]   --->   Operation 49 'extractvalue' 'res_7' <Predicate = true> <Delay = 0.00>
ST_2 : Operation 50 [1/1] (0.00ns)   --->   "%res_8 = extractvalue i368 %call_ret" [firmware/nnet_utils/nnet_dense_stream.h:17->firmware/nnet_utils/nnet_dense_stream.h:95]   --->   Operation 50 'extractvalue' 'res_8' <Predicate = true> <Delay = 0.00>
ST_2 : Operation 51 [1/1] (0.00ns)   --->   "%res_9 = extractvalue i368 %call_ret" [firmware/nnet_utils/nnet_dense_stream.h:17->firmware/nnet_utils/nnet_dense_stream.h:95]   --->   Operation 51 'extractvalue' 'res_9' <Predicate = true> <Delay = 0.00>
ST_2 : Operation 52 [1/1] (0.00ns)   --->   "%res_10 = extractvalue i368 %call_ret" [firmware/nnet_utils/nnet_dense_stream.h:17->firmware/nnet_utils/nnet_dense_stream.h:95]   --->   Operation 52 'extractvalue' 'res_10' <Predicate = true> <Delay = 0.00>
ST_2 : Operation 53 [1/1] (0.00ns)   --->   "%res_11 = extractvalue i368 %call_ret" [firmware/nnet_utils/nnet_dense_stream.h:17->firmware/nnet_utils/nnet_dense_stream.h:95]   --->   Operation 53 'extractvalue' 'res_11' <Predicate = true> <Delay = 0.00>
ST_2 : Operation 54 [1/1] (0.00ns)   --->   "%res_12 = extractvalue i368 %call_ret" [firmware/nnet_utils/nnet_dense_stream.h:17->firmware/nnet_utils/nnet_dense_stream.h:95]   --->   Operation 54 'extractvalue' 'res_12' <Predicate = true> <Delay = 0.00>
ST_2 : Operation 55 [1/1] (0.00ns)   --->   "%res_13 = extractvalue i368 %call_ret" [firmware/nnet_utils/nnet_dense_stream.h:17->firmware/nnet_utils/nnet_dense_stream.h:95]   --->   Operation 55 'extractvalue' 'res_13' <Predicate = true> <Delay = 0.00>
ST_2 : Operation 56 [1/1] (0.00ns)   --->   "%res_14 = extractvalue i368 %call_ret" [firmware/nnet_utils/nnet_dense_stream.h:17->firmware/nnet_utils/nnet_dense_stream.h:95]   --->   Operation 56 'extractvalue' 'res_14' <Predicate = true> <Delay = 0.00>
ST_2 : Operation 57 [1/1] (0.00ns)   --->   "%res_15 = extractvalue i368 %call_ret" [firmware/nnet_utils/nnet_dense_stream.h:17->firmware/nnet_utils/nnet_dense_stream.h:95]   --->   Operation 57 'extractvalue' 'res_15' <Predicate = true> <Delay = 0.00>
ST_2 : Operation 58 [1/1] (0.00ns)   --->   "%res_16 = extractvalue i368 %call_ret" [firmware/nnet_utils/nnet_dense_stream.h:17->firmware/nnet_utils/nnet_dense_stream.h:95]   --->   Operation 58 'extractvalue' 'res_16' <Predicate = true> <Delay = 0.00>
ST_2 : Operation 59 [1/1] (0.00ns)   --->   "%res_17 = extractvalue i368 %call_ret" [firmware/nnet_utils/nnet_dense_stream.h:17->firmware/nnet_utils/nnet_dense_stream.h:95]   --->   Operation 59 'extractvalue' 'res_17' <Predicate = true> <Delay = 0.00>
ST_2 : Operation 60 [1/1] (0.00ns)   --->   "%res_18 = extractvalue i368 %call_ret" [firmware/nnet_utils/nnet_dense_stream.h:17->firmware/nnet_utils/nnet_dense_stream.h:95]   --->   Operation 60 'extractvalue' 'res_18' <Predicate = true> <Delay = 0.00>
ST_2 : Operation 61 [1/1] (0.00ns)   --->   "%res_19 = extractvalue i368 %call_ret" [firmware/nnet_utils/nnet_dense_stream.h:17->firmware/nnet_utils/nnet_dense_stream.h:95]   --->   Operation 61 'extractvalue' 'res_19' <Predicate = true> <Delay = 0.00>
ST_2 : Operation 62 [1/1] (0.00ns)   --->   "%res_20 = extractvalue i368 %call_ret" [firmware/nnet_utils/nnet_dense_stream.h:17->firmware/nnet_utils/nnet_dense_stream.h:95]   --->   Operation 62 'extractvalue' 'res_20' <Predicate = true> <Delay = 0.00>
ST_2 : Operation 63 [1/1] (0.00ns)   --->   "%res_21 = extractvalue i368 %call_ret" [firmware/nnet_utils/nnet_dense_stream.h:17->firmware/nnet_utils/nnet_dense_stream.h:95]   --->   Operation 63 'extractvalue' 'res_21' <Predicate = true> <Delay = 0.00>

State 3 <SV = 2> <Delay = 1.83>
ST_3 : Operation 64 [1/1] (0.00ns)   --->   "%specinterface_ln0 = specinterface void @_ssdm_op_SpecInterface, i512 %layer6_out, void @empty_9, i32 0, i32 0, void @empty_14, i32 0, i32 0, void @empty_14, void @empty_14, void @empty_14, i32 0, i32 0, i32 0, i32 0, void @empty_14, void @empty_14, i32 4294967295, i32 0, i32 0, i32 0"   --->   Operation 64 'specinterface' 'specinterface_ln0' <Predicate = true> <Delay = 0.00>
ST_3 : Operation 65 [1/1] (0.00ns)   --->   "%specinterface_ln0 = specinterface void @_ssdm_op_SpecInterface, i640 %layer4_out, void @empty_9, i32 0, i32 0, void @empty_14, i32 0, i32 0, void @empty_14, void @empty_14, void @empty_14, i32 0, i32 0, i32 0, i32 0, void @empty_14, void @empty_14, i32 4294967295, i32 0, i32 0, i32 0"   --->   Operation 65 'specinterface' 'specinterface_ln0' <Predicate = true> <Delay = 0.00>
ST_3 : Operation 66 [1/1] (0.00ns)   --->   "%or_ln77_1 = bitconcatenate i496 @_ssdm_op_BitConcatenate.i496.i16.i16.i16.i16.i16.i16.i16.i16.i16.i16.i16.i16.i16.i16.i16.i16.i16.i64.i16.i16.i16.i16.i16.i16.i16.i16.i16.i16, i16 %res_21, i16 %res_20, i16 0, i16 %res_19, i16 %res_18, i16 %res_17, i16 %res_16, i16 0, i16 %res_15, i16 %res_14, i16 %res_13, i16 0, i16 %res_12, i16 %res_11, i16 %res_10, i16 %res_9, i16 %res_8, i64 0, i16 %res_7, i16 %res_6, i16 %res_5, i16 %res_4, i16 %res_3, i16 %res_2, i16 %res_1, i16 %res_22, i16 0, i16 %res" [firmware/nnet_utils/nnet_dense_stream.h:77->firmware/nnet_utils/nnet_dense_stream.h:100]   --->   Operation 66 'bitconcatenate' 'or_ln77_1' <Predicate = true> <Delay = 0.00>
ST_3 : Operation 67 [1/1] (0.00ns)   --->   "%zext_ln77 = zext i496 %or_ln77_1" [firmware/nnet_utils/nnet_dense_stream.h:77->firmware/nnet_utils/nnet_dense_stream.h:100]   --->   Operation 67 'zext' 'zext_ln77' <Predicate = true> <Delay = 0.00>
ST_3 : Operation 68 [1/1] ( I:1.83ns O:1.83ns )   --->   "%write_ln77 = write void @_ssdm_op_Write.ap_fifo.volatile.i512P0A, i512 %layer6_out, i512 %zext_ln77" [firmware/nnet_utils/nnet_dense_stream.h:77->firmware/nnet_utils/nnet_dense_stream.h:100]   --->   Operation 68 'write' 'write_ln77' <Predicate = true> <Delay = 1.83> <CoreInst = "FIFO_SRL">   --->   Core 80 'FIFO_SRL' <Latency = 0> <II = 1> <Delay = 1.83> <Storage> <Opcode : 'read' 'write' 'nbread' 'nbwrite'> <Ports = 0> <Width = 512> <Depth = 1> <FIFO>
ST_3 : Operation 69 [1/1] (0.00ns)   --->   "%ret_ln101 = ret" [firmware/nnet_utils/nnet_dense_stream.h:101]   --->   Operation 69 'ret' 'ret_ln101' <Predicate = true> <Delay = 0.00>


============================================================
+ Verbose Summary: Binding
============================================================
STG Binding: 
---------------- STG Properties BEGIN ----------------
- Is combinational: 0
- Is one-state seq: 0
- Is datapath-only: 0
- Is pipelined: 0
- Is top level: 0
Port [ Return ] is wired: 1; IO mode=ap_ctrl_hs:ce=0
Port [ layer4_out]:  wired=1; compound=1; hidden=0; nouse=0; global=0; static=0; extern=0; dir=0; type=3; pingpong=0; private_global=0; IO mode=ap_fifo:ce=0
Port [ layer6_out]:  wired=1; compound=1; hidden=0; nouse=0; global=0; static=0; extern=0; dir=1; type=3; pingpong=0; private_global=0; IO mode=ap_fifo:ce=0
---------------- STG Properties END ------------------

---------------- Datapath Model BEGIN ----------------

<LifeTime>
<method=bitvector/>
layer4_out_read   (read          ) [ 0000]
data              (trunc         ) [ 0000]
data_33           (partselect    ) [ 0000]
data_1            (partselect    ) [ 0000]
data_2            (partselect    ) [ 0000]
data_3            (partselect    ) [ 0000]
data_4            (partselect    ) [ 0000]
data_5            (partselect    ) [ 0000]
data_6            (partselect    ) [ 0000]
data_7            (partselect    ) [ 0000]
data_8            (partselect    ) [ 0000]
data_9            (partselect    ) [ 0000]
data_10           (partselect    ) [ 0000]
data_11           (partselect    ) [ 0000]
data_12           (partselect    ) [ 0000]
data_13           (partselect    ) [ 0000]
data_14           (partselect    ) [ 0000]
data_15           (partselect    ) [ 0000]
data_16           (partselect    ) [ 0000]
data_17           (partselect    ) [ 0000]
data_18           (partselect    ) [ 0000]
data_19           (partselect    ) [ 0000]
data_20           (partselect    ) [ 0000]
data_21           (partselect    ) [ 0000]
data_22           (partselect    ) [ 0000]
data_23           (partselect    ) [ 0000]
data_24           (partselect    ) [ 0000]
data_25           (partselect    ) [ 0000]
data_26           (partselect    ) [ 0000]
data_27           (partselect    ) [ 0000]
data_28           (partselect    ) [ 0000]
data_29           (partselect    ) [ 0000]
data_30           (partselect    ) [ 0000]
data_31           (partselect    ) [ 0000]
data_32           (partselect    ) [ 0000]
call_ret          (call          ) [ 0000]
res               (extractvalue  ) [ 0001]
res_22            (extractvalue  ) [ 0001]
res_1             (extractvalue  ) [ 0001]
res_2             (extractvalue  ) [ 0001]
res_3             (extractvalue  ) [ 0001]
res_4             (extractvalue  ) [ 0001]
res_5             (extractvalue  ) [ 0001]
res_6             (extractvalue  ) [ 0001]
res_7             (extractvalue  ) [ 0001]
res_8             (extractvalue  ) [ 0001]
res_9             (extractvalue  ) [ 0001]
res_10            (extractvalue  ) [ 0001]
res_11            (extractvalue  ) [ 0001]
res_12            (extractvalue  ) [ 0001]
res_13            (extractvalue  ) [ 0001]
res_14            (extractvalue  ) [ 0001]
res_15            (extractvalue  ) [ 0001]
res_16            (extractvalue  ) [ 0001]
res_17            (extractvalue  ) [ 0001]
res_18            (extractvalue  ) [ 0001]
res_19            (extractvalue  ) [ 0001]
res_20            (extractvalue  ) [ 0001]
res_21            (extractvalue  ) [ 0001]
specinterface_ln0 (specinterface ) [ 0000]
specinterface_ln0 (specinterface ) [ 0000]
or_ln77_1         (bitconcatenate) [ 0000]
zext_ln77         (zext          ) [ 0000]
write_ln77        (write         ) [ 0000]
ret_ln101         (ret           ) [ 0000]
</LifeTime>

<model>

<comp_list>
<comp id="0" class="1000" name="layer4_out">
<pin_list>
<pin id="1" dir="1" index="0" bw="1" slack="0"/>
</pin_list>
<bind>
<StgValue><ssdm name="layer4_out"/></StgValue>
</bind>
</comp>

<comp id="2" class="1000" name="layer6_out">
<pin_list>
<pin id="3" dir="1" index="0" bw="1" slack="0"/>
</pin_list>
<bind>
<StgValue><ssdm name="layer6_out"/></StgValue>
</bind>
</comp>

<comp id="4" class="1001" name="const_4">
<pin_list>
<pin id="5" dir="1" index="0" bw="1" slack="0"/>
</pin_list>
<bind>
<StgValue><ssdm name="_ssdm_op_Read.ap_fifo.volatile.i640P0A"/></StgValue>
</bind>
</comp>

<comp id="6" class="1001" name="const_6">
<pin_list>
<pin id="7" dir="1" index="0" bw="1" slack="0"/>
</pin_list>
<bind>
<StgValue><ssdm name="_ssdm_op_PartSelect.i10.i640.i32.i32"/></StgValue>
</bind>
</comp>

<comp id="8" class="1001" name="const_8">
<pin_list>
<pin id="9" dir="1" index="0" bw="1" slack="0"/>
</pin_list>
<bind>
<StgValue><ssdm name=""/></StgValue>
</bind>
</comp>

<comp id="10" class="1001" name="const_10">
<pin_list>
<pin id="11" dir="1" index="0" bw="1" slack="0"/>
</pin_list>
<bind>
<StgValue><ssdm name=""/></StgValue>
</bind>
</comp>

<comp id="12" class="1001" name="const_12">
<pin_list>
<pin id="13" dir="1" index="0" bw="1" slack="0"/>
</pin_list>
<bind>
<StgValue><ssdm name=""/></StgValue>
</bind>
</comp>

<comp id="14" class="1001" name="const_14">
<pin_list>
<pin id="15" dir="1" index="0" bw="1" slack="0"/>
</pin_list>
<bind>
<StgValue><ssdm name=""/></StgValue>
</bind>
</comp>

<comp id="16" class="1001" name="const_16">
<pin_list>
<pin id="17" dir="1" index="0" bw="1" slack="0"/>
</pin_list>
<bind>
<StgValue><ssdm name=""/></StgValue>
</bind>
</comp>

<comp id="18" class="1001" name="const_18">
<pin_list>
<pin id="19" dir="1" index="0" bw="1" slack="0"/>
</pin_list>
<bind>
<StgValue><ssdm name=""/></StgValue>
</bind>
</comp>

<comp id="20" class="1001" name="const_20">
<pin_list>
<pin id="21" dir="1" index="0" bw="1" slack="0"/>
</pin_list>
<bind>
<StgValue><ssdm name=""/></StgValue>
</bind>
</comp>

<comp id="22" class="1001" name="const_22">
<pin_list>
<pin id="23" dir="1" index="0" bw="1" slack="0"/>
</pin_list>
<bind>
<StgValue><ssdm name=""/></StgValue>
</bind>
</comp>

<comp id="24" class="1001" name="const_24">
<pin_list>
<pin id="25" dir="1" index="0" bw="1" slack="0"/>
</pin_list>
<bind>
<StgValue><ssdm name=""/></StgValue>
</bind>
</comp>

<comp id="26" class="1001" name="const_26">
<pin_list>
<pin id="27" dir="1" index="0" bw="1" slack="0"/>
</pin_list>
<bind>
<StgValue><ssdm name=""/></StgValue>
</bind>
</comp>

<comp id="28" class="1001" name="const_28">
<pin_list>
<pin id="29" dir="1" index="0" bw="1" slack="0"/>
</pin_list>
<bind>
<StgValue><ssdm name=""/></StgValue>
</bind>
</comp>

<comp id="30" class="1001" name="const_30">
<pin_list>
<pin id="31" dir="1" index="0" bw="1" slack="0"/>
</pin_list>
<bind>
<StgValue><ssdm name=""/></StgValue>
</bind>
</comp>

<comp id="32" class="1001" name="const_32">
<pin_list>
<pin id="33" dir="1" index="0" bw="1" slack="0"/>
</pin_list>
<bind>
<StgValue><ssdm name=""/></StgValue>
</bind>
</comp>

<comp id="34" class="1001" name="const_34">
<pin_list>
<pin id="35" dir="1" index="0" bw="1" slack="0"/>
</pin_list>
<bind>
<StgValue><ssdm name=""/></StgValue>
</bind>
</comp>

<comp id="36" class="1001" name="const_36">
<pin_list>
<pin id="37" dir="1" index="0" bw="1" slack="0"/>
</pin_list>
<bind>
<StgValue><ssdm name=""/></StgValue>
</bind>
</comp>

<comp id="38" class="1001" name="const_38">
<pin_list>
<pin id="39" dir="1" index="0" bw="1" slack="0"/>
</pin_list>
<bind>
<StgValue><ssdm name=""/></StgValue>
</bind>
</comp>

<comp id="40" class="1001" name="const_40">
<pin_list>
<pin id="41" dir="1" index="0" bw="1" slack="0"/>
</pin_list>
<bind>
<StgValue><ssdm name=""/></StgValue>
</bind>
</comp>

<comp id="42" class="1001" name="const_42">
<pin_list>
<pin id="43" dir="1" index="0" bw="1" slack="0"/>
</pin_list>
<bind>
<StgValue><ssdm name=""/></StgValue>
</bind>
</comp>

<comp id="44" class="1001" name="const_44">
<pin_list>
<pin id="45" dir="1" index="0" bw="1" slack="0"/>
</pin_list>
<bind>
<StgValue><ssdm name=""/></StgValue>
</bind>
</comp>

<comp id="46" class="1001" name="const_46">
<pin_list>
<pin id="47" dir="1" index="0" bw="1" slack="0"/>
</pin_list>
<bind>
<StgValue><ssdm name=""/></StgValue>
</bind>
</comp>

<comp id="48" class="1001" name="const_48">
<pin_list>
<pin id="49" dir="1" index="0" bw="1" slack="0"/>
</pin_list>
<bind>
<StgValue><ssdm name=""/></StgValue>
</bind>
</comp>

<comp id="50" class="1001" name="const_50">
<pin_list>
<pin id="51" dir="1" index="0" bw="1" slack="0"/>
</pin_list>
<bind>
<StgValue><ssdm name=""/></StgValue>
</bind>
</comp>

<comp id="52" class="1001" name="const_52">
<pin_list>
<pin id="53" dir="1" index="0" bw="1" slack="0"/>
</pin_list>
<bind>
<StgValue><ssdm name=""/></StgValue>
</bind>
</comp>

<comp id="54" class="1001" name="const_54">
<pin_list>
<pin id="55" dir="1" index="0" bw="1" slack="0"/>
</pin_list>
<bind>
<StgValue><ssdm name=""/></StgValue>
</bind>
</comp>

<comp id="56" class="1001" name="const_56">
<pin_list>
<pin id="57" dir="1" index="0" bw="1" slack="0"/>
</pin_list>
<bind>
<StgValue><ssdm name=""/></StgValue>
</bind>
</comp>

<comp id="58" class="1001" name="const_58">
<pin_list>
<pin id="59" dir="1" index="0" bw="1" slack="0"/>
</pin_list>
<bind>
<StgValue><ssdm name=""/></StgValue>
</bind>
</comp>

<comp id="60" class="1001" name="const_60">
<pin_list>
<pin id="61" dir="1" index="0" bw="1" slack="0"/>
</pin_list>
<bind>
<StgValue><ssdm name=""/></StgValue>
</bind>
</comp>

<comp id="62" class="1001" name="const_62">
<pin_list>
<pin id="63" dir="1" index="0" bw="1" slack="0"/>
</pin_list>
<bind>
<StgValue><ssdm name=""/></StgValue>
</bind>
</comp>

<comp id="64" class="1001" name="const_64">
<pin_list>
<pin id="65" dir="1" index="0" bw="1" slack="0"/>
</pin_list>
<bind>
<StgValue><ssdm name=""/></StgValue>
</bind>
</comp>

<comp id="66" class="1001" name="const_66">
<pin_list>
<pin id="67" dir="1" index="0" bw="1" slack="0"/>
</pin_list>
<bind>
<StgValue><ssdm name=""/></StgValue>
</bind>
</comp>

<comp id="68" class="1001" name="const_68">
<pin_list>
<pin id="69" dir="1" index="0" bw="1" slack="0"/>
</pin_list>
<bind>
<StgValue><ssdm name=""/></StgValue>
</bind>
</comp>

<comp id="70" class="1001" name="const_70">
<pin_list>
<pin id="71" dir="1" index="0" bw="1" slack="0"/>
</pin_list>
<bind>
<StgValue><ssdm name=""/></StgValue>
</bind>
</comp>

<comp id="72" class="1001" name="const_72">
<pin_list>
<pin id="73" dir="1" index="0" bw="1" slack="0"/>
</pin_list>
<bind>
<StgValue><ssdm name=""/></StgValue>
</bind>
</comp>

<comp id="74" class="1001" name="const_74">
<pin_list>
<pin id="75" dir="1" index="0" bw="1" slack="0"/>
</pin_list>
<bind>
<StgValue><ssdm name=""/></StgValue>
</bind>
</comp>

<comp id="76" class="1001" name="const_76">
<pin_list>
<pin id="77" dir="1" index="0" bw="1" slack="0"/>
</pin_list>
<bind>
<StgValue><ssdm name=""/></StgValue>
</bind>
</comp>

<comp id="78" class="1001" name="const_78">
<pin_list>
<pin id="79" dir="1" index="0" bw="1" slack="0"/>
</pin_list>
<bind>
<StgValue><ssdm name=""/></StgValue>
</bind>
</comp>

<comp id="80" class="1001" name="const_80">
<pin_list>
<pin id="81" dir="1" index="0" bw="1" slack="0"/>
</pin_list>
<bind>
<StgValue><ssdm name=""/></StgValue>
</bind>
</comp>

<comp id="82" class="1001" name="const_82">
<pin_list>
<pin id="83" dir="1" index="0" bw="1" slack="0"/>
</pin_list>
<bind>
<StgValue><ssdm name=""/></StgValue>
</bind>
</comp>

<comp id="84" class="1001" name="const_84">
<pin_list>
<pin id="85" dir="1" index="0" bw="1" slack="0"/>
</pin_list>
<bind>
<StgValue><ssdm name=""/></StgValue>
</bind>
</comp>

<comp id="86" class="1001" name="const_86">
<pin_list>
<pin id="87" dir="1" index="0" bw="1" slack="0"/>
</pin_list>
<bind>
<StgValue><ssdm name=""/></StgValue>
</bind>
</comp>

<comp id="88" class="1001" name="const_88">
<pin_list>
<pin id="89" dir="1" index="0" bw="1" slack="0"/>
</pin_list>
<bind>
<StgValue><ssdm name=""/></StgValue>
</bind>
</comp>

<comp id="90" class="1001" name="const_90">
<pin_list>
<pin id="91" dir="1" index="0" bw="1" slack="0"/>
</pin_list>
<bind>
<StgValue><ssdm name=""/></StgValue>
</bind>
</comp>

<comp id="92" class="1001" name="const_92">
<pin_list>
<pin id="93" dir="1" index="0" bw="1" slack="0"/>
</pin_list>
<bind>
<StgValue><ssdm name=""/></StgValue>
</bind>
</comp>

<comp id="94" class="1001" name="const_94">
<pin_list>
<pin id="95" dir="1" index="0" bw="1" slack="0"/>
</pin_list>
<bind>
<StgValue><ssdm name=""/></StgValue>
</bind>
</comp>

<comp id="96" class="1001" name="const_96">
<pin_list>
<pin id="97" dir="1" index="0" bw="1" slack="0"/>
</pin_list>
<bind>
<StgValue><ssdm name=""/></StgValue>
</bind>
</comp>

<comp id="98" class="1001" name="const_98">
<pin_list>
<pin id="99" dir="1" index="0" bw="1" slack="0"/>
</pin_list>
<bind>
<StgValue><ssdm name=""/></StgValue>
</bind>
</comp>

<comp id="100" class="1001" name="const_100">
<pin_list>
<pin id="101" dir="1" index="0" bw="1" slack="0"/>
</pin_list>
<bind>
<StgValue><ssdm name=""/></StgValue>
</bind>
</comp>

<comp id="102" class="1001" name="const_102">
<pin_list>
<pin id="103" dir="1" index="0" bw="1" slack="0"/>
</pin_list>
<bind>
<StgValue><ssdm name=""/></StgValue>
</bind>
</comp>

<comp id="104" class="1001" name="const_104">
<pin_list>
<pin id="105" dir="1" index="0" bw="1" slack="0"/>
</pin_list>
<bind>
<StgValue><ssdm name=""/></StgValue>
</bind>
</comp>

<comp id="106" class="1001" name="const_106">
<pin_list>
<pin id="107" dir="1" index="0" bw="1" slack="0"/>
</pin_list>
<bind>
<StgValue><ssdm name=""/></StgValue>
</bind>
</comp>

<comp id="108" class="1001" name="const_108">
<pin_list>
<pin id="109" dir="1" index="0" bw="1" slack="0"/>
</pin_list>
<bind>
<StgValue><ssdm name=""/></StgValue>
</bind>
</comp>

<comp id="110" class="1001" name="const_110">
<pin_list>
<pin id="111" dir="1" index="0" bw="1" slack="0"/>
</pin_list>
<bind>
<StgValue><ssdm name=""/></StgValue>
</bind>
</comp>

<comp id="112" class="1001" name="const_112">
<pin_list>
<pin id="113" dir="1" index="0" bw="1" slack="0"/>
</pin_list>
<bind>
<StgValue><ssdm name=""/></StgValue>
</bind>
</comp>

<comp id="114" class="1001" name="const_114">
<pin_list>
<pin id="115" dir="1" index="0" bw="1" slack="0"/>
</pin_list>
<bind>
<StgValue><ssdm name=""/></StgValue>
</bind>
</comp>

<comp id="116" class="1001" name="const_116">
<pin_list>
<pin id="117" dir="1" index="0" bw="1" slack="0"/>
</pin_list>
<bind>
<StgValue><ssdm name=""/></StgValue>
</bind>
</comp>

<comp id="118" class="1001" name="const_118">
<pin_list>
<pin id="119" dir="1" index="0" bw="1" slack="0"/>
</pin_list>
<bind>
<StgValue><ssdm name=""/></StgValue>
</bind>
</comp>

<comp id="120" class="1001" name="const_120">
<pin_list>
<pin id="121" dir="1" index="0" bw="1" slack="0"/>
</pin_list>
<bind>
<StgValue><ssdm name=""/></StgValue>
</bind>
</comp>

<comp id="122" class="1001" name="const_122">
<pin_list>
<pin id="123" dir="1" index="0" bw="1" slack="0"/>
</pin_list>
<bind>
<StgValue><ssdm name=""/></StgValue>
</bind>
</comp>

<comp id="124" class="1001" name="const_124">
<pin_list>
<pin id="125" dir="1" index="0" bw="1" slack="0"/>
</pin_list>
<bind>
<StgValue><ssdm name=""/></StgValue>
</bind>
</comp>

<comp id="126" class="1001" name="const_126">
<pin_list>
<pin id="127" dir="1" index="0" bw="1" slack="0"/>
</pin_list>
<bind>
<StgValue><ssdm name=""/></StgValue>
</bind>
</comp>

<comp id="128" class="1001" name="const_128">
<pin_list>
<pin id="129" dir="1" index="0" bw="1" slack="0"/>
</pin_list>
<bind>
<StgValue><ssdm name=""/></StgValue>
</bind>
</comp>

<comp id="130" class="1001" name="const_130">
<pin_list>
<pin id="131" dir="1" index="0" bw="1" slack="0"/>
</pin_list>
<bind>
<StgValue><ssdm name=""/></StgValue>
</bind>
</comp>

<comp id="132" class="1001" name="const_132">
<pin_list>
<pin id="133" dir="1" index="0" bw="1" slack="0"/>
</pin_list>
<bind>
<StgValue><ssdm name=""/></StgValue>
</bind>
</comp>

<comp id="134" class="1001" name="const_134">
<pin_list>
<pin id="135" dir="1" index="0" bw="1" slack="0"/>
</pin_list>
<bind>
<StgValue><ssdm name=""/></StgValue>
</bind>
</comp>

<comp id="136" class="1001" name="const_136">
<pin_list>
<pin id="137" dir="1" index="0" bw="1" slack="0"/>
</pin_list>
<bind>
<StgValue><ssdm name=""/></StgValue>
</bind>
</comp>

<comp id="138" class="1001" name="const_138">
<pin_list>
<pin id="139" dir="1" index="0" bw="1" slack="0"/>
</pin_list>
<bind>
<StgValue><ssdm name=""/></StgValue>
</bind>
</comp>

<comp id="140" class="1001" name="const_140">
<pin_list>
<pin id="141" dir="1" index="0" bw="1" slack="0"/>
</pin_list>
<bind>
<StgValue><ssdm name="dense_latency<ap_ufixed<10, 6, 0, 3, 0>, ap_fixed<16, 13, 5, 3, 0>, config6>"/></StgValue>
</bind>
</comp>

<comp id="142" class="1001" name="const_142">
<pin_list>
<pin id="143" dir="1" index="0" bw="1" slack="2147483647"/>
</pin_list>
<bind>
<StgValue><ssdm name="_ssdm_op_SpecInterface"/></StgValue>
</bind>
</comp>

<comp id="144" class="1001" name="const_144">
<pin_list>
<pin id="145" dir="1" index="0" bw="1" slack="2147483647"/>
</pin_list>
<bind>
<StgValue><ssdm name="empty_9"/></StgValue>
</bind>
</comp>

<comp id="146" class="1001" name="const_146">
<pin_list>
<pin id="147" dir="1" index="0" bw="1" slack="2147483647"/>
</pin_list>
<bind>
<StgValue><ssdm name=""/></StgValue>
</bind>
</comp>

<comp id="148" class="1001" name="const_148">
<pin_list>
<pin id="149" dir="1" index="0" bw="1" slack="2147483647"/>
</pin_list>
<bind>
<StgValue><ssdm name="empty_14"/></StgValue>
</bind>
</comp>

<comp id="150" class="1001" name="const_150">
<pin_list>
<pin id="151" dir="1" index="0" bw="1" slack="2147483647"/>
</pin_list>
<bind>
<StgValue><ssdm name=""/></StgValue>
</bind>
</comp>

<comp id="152" class="1001" name="const_152">
<pin_list>
<pin id="153" dir="1" index="0" bw="1" slack="0"/>
</pin_list>
<bind>
<StgValue><ssdm name="_ssdm_op_BitConcatenate.i496.i16.i16.i16.i16.i16.i16.i16.i16.i16.i16.i16.i16.i16.i16.i16.i16.i16.i64.i16.i16.i16.i16.i16.i16.i16.i16.i16.i16"/></StgValue>
</bind>
</comp>

<comp id="154" class="1001" name="const_154">
<pin_list>
<pin id="155" dir="1" index="0" bw="1" slack="0"/>
</pin_list>
<bind>
<StgValue><ssdm name=""/></StgValue>
</bind>
</comp>

<comp id="156" class="1001" name="const_156">
<pin_list>
<pin id="157" dir="1" index="0" bw="1" slack="0"/>
</pin_list>
<bind>
<StgValue><ssdm name=""/></StgValue>
</bind>
</comp>

<comp id="158" class="1001" name="const_158">
<pin_list>
<pin id="159" dir="1" index="0" bw="1" slack="0"/>
</pin_list>
<bind>
<StgValue><ssdm name="_ssdm_op_Write.ap_fifo.volatile.i512P0A"/></StgValue>
</bind>
</comp>

<comp id="160" class="1004" name="layer4_out_read_read_fu_160">
<pin_list>
<pin id="161" dir="0" index="0" bw="640" slack="0"/>
<pin id="162" dir="0" index="1" bw="640" slack="0"/>
<pin id="163" dir="1" index="2" bw="640" slack="0"/>
</pin_list>
<bind>
<opcode="read(1150) " fcode="read"/>
<opset="layer4_out_read/1 "/>
</bind>
</comp>

<comp id="166" class="1004" name="write_ln77_write_fu_166">
<pin_list>
<pin id="167" dir="0" index="0" bw="0" slack="0"/>
<pin id="168" dir="0" index="1" bw="512" slack="0"/>
<pin id="169" dir="0" index="2" bw="496" slack="0"/>
<pin id="170" dir="1" index="3" bw="0" slack="2147483647"/>
</pin_list>
<bind>
<opcode="write(1151) " fcode="write"/>
<opset="write_ln77/3 "/>
</bind>
</comp>

<comp id="173" class="1004" name="grp_dense_latency_ap_ufixed_10_6_0_3_0_ap_fixed_16_13_5_3_0_config6_s_fu_173">
<pin_list>
<pin id="174" dir="0" index="0" bw="368" slack="0"/>
<pin id="175" dir="0" index="1" bw="10" slack="0"/>
<pin id="176" dir="0" index="2" bw="10" slack="0"/>
<pin id="177" dir="0" index="3" bw="10" slack="0"/>
<pin id="178" dir="0" index="4" bw="10" slack="0"/>
<pin id="179" dir="0" index="5" bw="10" slack="0"/>
<pin id="180" dir="0" index="6" bw="10" slack="0"/>
<pin id="181" dir="0" index="7" bw="10" slack="0"/>
<pin id="182" dir="0" index="8" bw="10" slack="0"/>
<pin id="183" dir="0" index="9" bw="10" slack="0"/>
<pin id="184" dir="0" index="10" bw="10" slack="0"/>
<pin id="185" dir="0" index="11" bw="10" slack="0"/>
<pin id="186" dir="0" index="12" bw="10" slack="0"/>
<pin id="187" dir="0" index="13" bw="10" slack="0"/>
<pin id="188" dir="0" index="14" bw="10" slack="0"/>
<pin id="189" dir="0" index="15" bw="10" slack="0"/>
<pin id="190" dir="0" index="16" bw="10" slack="0"/>
<pin id="191" dir="0" index="17" bw="10" slack="0"/>
<pin id="192" dir="0" index="18" bw="10" slack="0"/>
<pin id="193" dir="0" index="19" bw="10" slack="0"/>
<pin id="194" dir="0" index="20" bw="10" slack="0"/>
<pin id="195" dir="0" index="21" bw="10" slack="0"/>
<pin id="196" dir="0" index="22" bw="10" slack="0"/>
<pin id="197" dir="0" index="23" bw="10" slack="0"/>
<pin id="198" dir="0" index="24" bw="10" slack="0"/>
<pin id="199" dir="0" index="25" bw="10" slack="0"/>
<pin id="200" dir="0" index="26" bw="10" slack="0"/>
<pin id="201" dir="0" index="27" bw="10" slack="0"/>
<pin id="202" dir="0" index="28" bw="10" slack="0"/>
<pin id="203" dir="0" index="29" bw="10" slack="0"/>
<pin id="204" dir="0" index="30" bw="10" slack="0"/>
<pin id="205" dir="0" index="31" bw="10" slack="0"/>
<pin id="206" dir="0" index="32" bw="10" slack="0"/>
<pin id="207" dir="0" index="33" bw="10" slack="0"/>
<pin id="208" dir="0" index="34" bw="10" slack="0"/>
<pin id="209" dir="1" index="35" bw="368" slack="0"/>
</pin_list>
<bind>
<opcode="call(48) " fcode="call"/>
<opset="call_ret/1 "/>
</bind>
</comp>

<comp id="211" class="1004" name="data_fu_211">
<pin_list>
<pin id="212" dir="0" index="0" bw="640" slack="0"/>
<pin id="213" dir="1" index="1" bw="10" slack="0"/>
</pin_list>
<bind>
<opcode="trunc(33) " fcode="trunc"/>
<opset="data/1 "/>
</bind>
</comp>

<comp id="216" class="1004" name="data_33_fu_216">
<pin_list>
<pin id="217" dir="0" index="0" bw="10" slack="0"/>
<pin id="218" dir="0" index="1" bw="640" slack="0"/>
<pin id="219" dir="0" index="2" bw="5" slack="0"/>
<pin id="220" dir="0" index="3" bw="6" slack="0"/>
<pin id="221" dir="1" index="4" bw="10" slack="0"/>
</pin_list>
<bind>
<opcode="partselect(1002) " fcode="partselect"/>
<opset="data_33/1 "/>
</bind>
</comp>

<comp id="227" class="1004" name="data_1_fu_227">
<pin_list>
<pin id="228" dir="0" index="0" bw="10" slack="0"/>
<pin id="229" dir="0" index="1" bw="640" slack="0"/>
<pin id="230" dir="0" index="2" bw="7" slack="0"/>
<pin id="231" dir="0" index="3" bw="7" slack="0"/>
<pin id="232" dir="1" index="4" bw="10" slack="0"/>
</pin_list>
<bind>
<opcode="partselect(1002) " fcode="partselect"/>
<opset="data_1/1 "/>
</bind>
</comp>

<comp id="238" class="1004" name="data_2_fu_238">
<pin_list>
<pin id="239" dir="0" index="0" bw="10" slack="0"/>
<pin id="240" dir="0" index="1" bw="640" slack="0"/>
<pin id="241" dir="0" index="2" bw="8" slack="0"/>
<pin id="242" dir="0" index="3" bw="8" slack="0"/>
<pin id="243" dir="1" index="4" bw="10" slack="0"/>
</pin_list>
<bind>
<opcode="partselect(1002) " fcode="partselect"/>
<opset="data_2/1 "/>
</bind>
</comp>

<comp id="249" class="1004" name="data_3_fu_249">
<pin_list>
<pin id="250" dir="0" index="0" bw="10" slack="0"/>
<pin id="251" dir="0" index="1" bw="640" slack="0"/>
<pin id="252" dir="0" index="2" bw="8" slack="0"/>
<pin id="253" dir="0" index="3" bw="8" slack="0"/>
<pin id="254" dir="1" index="4" bw="10" slack="0"/>
</pin_list>
<bind>
<opcode="partselect(1002) " fcode="partselect"/>
<opset="data_3/1 "/>
</bind>
</comp>

<comp id="260" class="1004" name="data_4_fu_260">
<pin_list>
<pin id="261" dir="0" index="0" bw="10" slack="0"/>
<pin id="262" dir="0" index="1" bw="640" slack="0"/>
<pin id="263" dir="0" index="2" bw="8" slack="0"/>
<pin id="264" dir="0" index="3" bw="8" slack="0"/>
<pin id="265" dir="1" index="4" bw="10" slack="0"/>
</pin_list>
<bind>
<opcode="partselect(1002) " fcode="partselect"/>
<opset="data_4/1 "/>
</bind>
</comp>

<comp id="271" class="1004" name="data_5_fu_271">
<pin_list>
<pin id="272" dir="0" index="0" bw="10" slack="0"/>
<pin id="273" dir="0" index="1" bw="640" slack="0"/>
<pin id="274" dir="0" index="2" bw="8" slack="0"/>
<pin id="275" dir="0" index="3" bw="9" slack="0"/>
<pin id="276" dir="1" index="4" bw="10" slack="0"/>
</pin_list>
<bind>
<opcode="partselect(1002) " fcode="partselect"/>
<opset="data_5/1 "/>
</bind>
</comp>

<comp id="282" class="1004" name="data_6_fu_282">
<pin_list>
<pin id="283" dir="0" index="0" bw="10" slack="0"/>
<pin id="284" dir="0" index="1" bw="640" slack="0"/>
<pin id="285" dir="0" index="2" bw="9" slack="0"/>
<pin id="286" dir="0" index="3" bw="9" slack="0"/>
<pin id="287" dir="1" index="4" bw="10" slack="0"/>
</pin_list>
<bind>
<opcode="partselect(1002) " fcode="partselect"/>
<opset="data_6/1 "/>
</bind>
</comp>

<comp id="293" class="1004" name="data_7_fu_293">
<pin_list>
<pin id="294" dir="0" index="0" bw="10" slack="0"/>
<pin id="295" dir="0" index="1" bw="640" slack="0"/>
<pin id="296" dir="0" index="2" bw="9" slack="0"/>
<pin id="297" dir="0" index="3" bw="9" slack="0"/>
<pin id="298" dir="1" index="4" bw="10" slack="0"/>
</pin_list>
<bind>
<opcode="partselect(1002) " fcode="partselect"/>
<opset="data_7/1 "/>
</bind>
</comp>

<comp id="304" class="1004" name="data_8_fu_304">
<pin_list>
<pin id="305" dir="0" index="0" bw="10" slack="0"/>
<pin id="306" dir="0" index="1" bw="640" slack="0"/>
<pin id="307" dir="0" index="2" bw="9" slack="0"/>
<pin id="308" dir="0" index="3" bw="9" slack="0"/>
<pin id="309" dir="1" index="4" bw="10" slack="0"/>
</pin_list>
<bind>
<opcode="partselect(1002) " fcode="partselect"/>
<opset="data_8/1 "/>
</bind>
</comp>

<comp id="315" class="1004" name="data_9_fu_315">
<pin_list>
<pin id="316" dir="0" index="0" bw="10" slack="0"/>
<pin id="317" dir="0" index="1" bw="640" slack="0"/>
<pin id="318" dir="0" index="2" bw="9" slack="0"/>
<pin id="319" dir="0" index="3" bw="9" slack="0"/>
<pin id="320" dir="1" index="4" bw="10" slack="0"/>
</pin_list>
<bind>
<opcode="partselect(1002) " fcode="partselect"/>
<opset="data_9/1 "/>
</bind>
</comp>

<comp id="326" class="1004" name="data_10_fu_326">
<pin_list>
<pin id="327" dir="0" index="0" bw="10" slack="0"/>
<pin id="328" dir="0" index="1" bw="640" slack="0"/>
<pin id="329" dir="0" index="2" bw="9" slack="0"/>
<pin id="330" dir="0" index="3" bw="9" slack="0"/>
<pin id="331" dir="1" index="4" bw="10" slack="0"/>
</pin_list>
<bind>
<opcode="partselect(1002) " fcode="partselect"/>
<opset="data_10/1 "/>
</bind>
</comp>

<comp id="337" class="1004" name="data_11_fu_337">
<pin_list>
<pin id="338" dir="0" index="0" bw="10" slack="0"/>
<pin id="339" dir="0" index="1" bw="640" slack="0"/>
<pin id="340" dir="0" index="2" bw="9" slack="0"/>
<pin id="341" dir="0" index="3" bw="9" slack="0"/>
<pin id="342" dir="1" index="4" bw="10" slack="0"/>
</pin_list>
<bind>
<opcode="partselect(1002) " fcode="partselect"/>
<opset="data_11/1 "/>
</bind>
</comp>

<comp id="348" class="1004" name="data_12_fu_348">
<pin_list>
<pin id="349" dir="0" index="0" bw="10" slack="0"/>
<pin id="350" dir="0" index="1" bw="640" slack="0"/>
<pin id="351" dir="0" index="2" bw="9" slack="0"/>
<pin id="352" dir="0" index="3" bw="9" slack="0"/>
<pin id="353" dir="1" index="4" bw="10" slack="0"/>
</pin_list>
<bind>
<opcode="partselect(1002) " fcode="partselect"/>
<opset="data_12/1 "/>
</bind>
</comp>

<comp id="359" class="1004" name="data_13_fu_359">
<pin_list>
<pin id="360" dir="0" index="0" bw="10" slack="0"/>
<pin id="361" dir="0" index="1" bw="640" slack="0"/>
<pin id="362" dir="0" index="2" bw="9" slack="0"/>
<pin id="363" dir="0" index="3" bw="9" slack="0"/>
<pin id="364" dir="1" index="4" bw="10" slack="0"/>
</pin_list>
<bind>
<opcode="partselect(1002) " fcode="partselect"/>
<opset="data_13/1 "/>
</bind>
</comp>

<comp id="370" class="1004" name="data_14_fu_370">
<pin_list>
<pin id="371" dir="0" index="0" bw="10" slack="0"/>
<pin id="372" dir="0" index="1" bw="640" slack="0"/>
<pin id="373" dir="0" index="2" bw="9" slack="0"/>
<pin id="374" dir="0" index="3" bw="9" slack="0"/>
<pin id="375" dir="1" index="4" bw="10" slack="0"/>
</pin_list>
<bind>
<opcode="partselect(1002) " fcode="partselect"/>
<opset="data_14/1 "/>
</bind>
</comp>

<comp id="381" class="1004" name="data_15_fu_381">
<pin_list>
<pin id="382" dir="0" index="0" bw="10" slack="0"/>
<pin id="383" dir="0" index="1" bw="640" slack="0"/>
<pin id="384" dir="0" index="2" bw="9" slack="0"/>
<pin id="385" dir="0" index="3" bw="10" slack="0"/>
<pin id="386" dir="1" index="4" bw="10" slack="0"/>
</pin_list>
<bind>
<opcode="partselect(1002) " fcode="partselect"/>
<opset="data_15/1 "/>
</bind>
</comp>

<comp id="392" class="1004" name="data_16_fu_392">
<pin_list>
<pin id="393" dir="0" index="0" bw="10" slack="0"/>
<pin id="394" dir="0" index="1" bw="640" slack="0"/>
<pin id="395" dir="0" index="2" bw="10" slack="0"/>
<pin id="396" dir="0" index="3" bw="10" slack="0"/>
<pin id="397" dir="1" index="4" bw="10" slack="0"/>
</pin_list>
<bind>
<opcode="partselect(1002) " fcode="partselect"/>
<opset="data_16/1 "/>
</bind>
</comp>

<comp id="403" class="1004" name="data_17_fu_403">
<pin_list>
<pin id="404" dir="0" index="0" bw="10" slack="0"/>
<pin id="405" dir="0" index="1" bw="640" slack="0"/>
<pin id="406" dir="0" index="2" bw="10" slack="0"/>
<pin id="407" dir="0" index="3" bw="10" slack="0"/>
<pin id="408" dir="1" index="4" bw="10" slack="0"/>
</pin_list>
<bind>
<opcode="partselect(1002) " fcode="partselect"/>
<opset="data_17/1 "/>
</bind>
</comp>

<comp id="414" class="1004" name="data_18_fu_414">
<pin_list>
<pin id="415" dir="0" index="0" bw="10" slack="0"/>
<pin id="416" dir="0" index="1" bw="640" slack="0"/>
<pin id="417" dir="0" index="2" bw="10" slack="0"/>
<pin id="418" dir="0" index="3" bw="10" slack="0"/>
<pin id="419" dir="1" index="4" bw="10" slack="0"/>
</pin_list>
<bind>
<opcode="partselect(1002) " fcode="partselect"/>
<opset="data_18/1 "/>
</bind>
</comp>

<comp id="425" class="1004" name="data_19_fu_425">
<pin_list>
<pin id="426" dir="0" index="0" bw="10" slack="0"/>
<pin id="427" dir="0" index="1" bw="640" slack="0"/>
<pin id="428" dir="0" index="2" bw="10" slack="0"/>
<pin id="429" dir="0" index="3" bw="10" slack="0"/>
<pin id="430" dir="1" index="4" bw="10" slack="0"/>
</pin_list>
<bind>
<opcode="partselect(1002) " fcode="partselect"/>
<opset="data_19/1 "/>
</bind>
</comp>

<comp id="436" class="1004" name="data_20_fu_436">
<pin_list>
<pin id="437" dir="0" index="0" bw="10" slack="0"/>
<pin id="438" dir="0" index="1" bw="640" slack="0"/>
<pin id="439" dir="0" index="2" bw="10" slack="0"/>
<pin id="440" dir="0" index="3" bw="10" slack="0"/>
<pin id="441" dir="1" index="4" bw="10" slack="0"/>
</pin_list>
<bind>
<opcode="partselect(1002) " fcode="partselect"/>
<opset="data_20/1 "/>
</bind>
</comp>

<comp id="447" class="1004" name="data_21_fu_447">
<pin_list>
<pin id="448" dir="0" index="0" bw="10" slack="0"/>
<pin id="449" dir="0" index="1" bw="640" slack="0"/>
<pin id="450" dir="0" index="2" bw="10" slack="0"/>
<pin id="451" dir="0" index="3" bw="10" slack="0"/>
<pin id="452" dir="1" index="4" bw="10" slack="0"/>
</pin_list>
<bind>
<opcode="partselect(1002) " fcode="partselect"/>
<opset="data_21/1 "/>
</bind>
</comp>

<comp id="458" class="1004" name="data_22_fu_458">
<pin_list>
<pin id="459" dir="0" index="0" bw="10" slack="0"/>
<pin id="460" dir="0" index="1" bw="640" slack="0"/>
<pin id="461" dir="0" index="2" bw="10" slack="0"/>
<pin id="462" dir="0" index="3" bw="10" slack="0"/>
<pin id="463" dir="1" index="4" bw="10" slack="0"/>
</pin_list>
<bind>
<opcode="partselect(1002) " fcode="partselect"/>
<opset="data_22/1 "/>
</bind>
</comp>

<comp id="469" class="1004" name="data_23_fu_469">
<pin_list>
<pin id="470" dir="0" index="0" bw="10" slack="0"/>
<pin id="471" dir="0" index="1" bw="640" slack="0"/>
<pin id="472" dir="0" index="2" bw="10" slack="0"/>
<pin id="473" dir="0" index="3" bw="10" slack="0"/>
<pin id="474" dir="1" index="4" bw="10" slack="0"/>
</pin_list>
<bind>
<opcode="partselect(1002) " fcode="partselect"/>
<opset="data_23/1 "/>
</bind>
</comp>

<comp id="480" class="1004" name="data_24_fu_480">
<pin_list>
<pin id="481" dir="0" index="0" bw="10" slack="0"/>
<pin id="482" dir="0" index="1" bw="640" slack="0"/>
<pin id="483" dir="0" index="2" bw="10" slack="0"/>
<pin id="484" dir="0" index="3" bw="10" slack="0"/>
<pin id="485" dir="1" index="4" bw="10" slack="0"/>
</pin_list>
<bind>
<opcode="partselect(1002) " fcode="partselect"/>
<opset="data_24/1 "/>
</bind>
</comp>

<comp id="491" class="1004" name="data_25_fu_491">
<pin_list>
<pin id="492" dir="0" index="0" bw="10" slack="0"/>
<pin id="493" dir="0" index="1" bw="640" slack="0"/>
<pin id="494" dir="0" index="2" bw="10" slack="0"/>
<pin id="495" dir="0" index="3" bw="10" slack="0"/>
<pin id="496" dir="1" index="4" bw="10" slack="0"/>
</pin_list>
<bind>
<opcode="partselect(1002) " fcode="partselect"/>
<opset="data_25/1 "/>
</bind>
</comp>

<comp id="502" class="1004" name="data_26_fu_502">
<pin_list>
<pin id="503" dir="0" index="0" bw="10" slack="0"/>
<pin id="504" dir="0" index="1" bw="640" slack="0"/>
<pin id="505" dir="0" index="2" bw="11" slack="0"/>
<pin id="506" dir="0" index="3" bw="11" slack="0"/>
<pin id="507" dir="1" index="4" bw="10" slack="0"/>
</pin_list>
<bind>
<opcode="partselect(1002) " fcode="partselect"/>
<opset="data_26/1 "/>
</bind>
</comp>

<comp id="513" class="1004" name="data_27_fu_513">
<pin_list>
<pin id="514" dir="0" index="0" bw="10" slack="0"/>
<pin id="515" dir="0" index="1" bw="640" slack="0"/>
<pin id="516" dir="0" index="2" bw="11" slack="0"/>
<pin id="517" dir="0" index="3" bw="11" slack="0"/>
<pin id="518" dir="1" index="4" bw="10" slack="0"/>
</pin_list>
<bind>
<opcode="partselect(1002) " fcode="partselect"/>
<opset="data_27/1 "/>
</bind>
</comp>

<comp id="524" class="1004" name="data_28_fu_524">
<pin_list>
<pin id="525" dir="0" index="0" bw="10" slack="0"/>
<pin id="526" dir="0" index="1" bw="640" slack="0"/>
<pin id="527" dir="0" index="2" bw="11" slack="0"/>
<pin id="528" dir="0" index="3" bw="11" slack="0"/>
<pin id="529" dir="1" index="4" bw="10" slack="0"/>
</pin_list>
<bind>
<opcode="partselect(1002) " fcode="partselect"/>
<opset="data_28/1 "/>
</bind>
</comp>

<comp id="535" class="1004" name="data_29_fu_535">
<pin_list>
<pin id="536" dir="0" index="0" bw="10" slack="0"/>
<pin id="537" dir="0" index="1" bw="640" slack="0"/>
<pin id="538" dir="0" index="2" bw="11" slack="0"/>
<pin id="539" dir="0" index="3" bw="11" slack="0"/>
<pin id="540" dir="1" index="4" bw="10" slack="0"/>
</pin_list>
<bind>
<opcode="partselect(1002) " fcode="partselect"/>
<opset="data_29/1 "/>
</bind>
</comp>

<comp id="546" class="1004" name="data_30_fu_546">
<pin_list>
<pin id="547" dir="0" index="0" bw="10" slack="0"/>
<pin id="548" dir="0" index="1" bw="640" slack="0"/>
<pin id="549" dir="0" index="2" bw="11" slack="0"/>
<pin id="550" dir="0" index="3" bw="11" slack="0"/>
<pin id="551" dir="1" index="4" bw="10" slack="0"/>
</pin_list>
<bind>
<opcode="partselect(1002) " fcode="partselect"/>
<opset="data_30/1 "/>
</bind>
</comp>

<comp id="557" class="1004" name="data_31_fu_557">
<pin_list>
<pin id="558" dir="0" index="0" bw="10" slack="0"/>
<pin id="559" dir="0" index="1" bw="640" slack="0"/>
<pin id="560" dir="0" index="2" bw="11" slack="0"/>
<pin id="561" dir="0" index="3" bw="11" slack="0"/>
<pin id="562" dir="1" index="4" bw="10" slack="0"/>
</pin_list>
<bind>
<opcode="partselect(1002) " fcode="partselect"/>
<opset="data_31/1 "/>
</bind>
</comp>

<comp id="568" class="1004" name="data_32_fu_568">
<pin_list>
<pin id="569" dir="0" index="0" bw="10" slack="0"/>
<pin id="570" dir="0" index="1" bw="640" slack="0"/>
<pin id="571" dir="0" index="2" bw="11" slack="0"/>
<pin id="572" dir="0" index="3" bw="11" slack="0"/>
<pin id="573" dir="1" index="4" bw="10" slack="0"/>
</pin_list>
<bind>
<opcode="partselect(1002) " fcode="partselect"/>
<opset="data_32/1 "/>
</bind>
</comp>

<comp id="579" class="1004" name="res_fu_579">
<pin_list>
<pin id="580" dir="0" index="0" bw="368" slack="0"/>
<pin id="581" dir="1" index="1" bw="16" slack="1"/>
</pin_list>
<bind>
<opcode="extractvalue(56) " fcode="extractvalue"/>
<opset="res/2 "/>
</bind>
</comp>

<comp id="583" class="1004" name="res_22_fu_583">
<pin_list>
<pin id="584" dir="0" index="0" bw="368" slack="0"/>
<pin id="585" dir="1" index="1" bw="16" slack="1"/>
</pin_list>
<bind>
<opcode="extractvalue(56) " fcode="extractvalue"/>
<opset="res_22/2 "/>
</bind>
</comp>

<comp id="587" class="1004" name="res_1_fu_587">
<pin_list>
<pin id="588" dir="0" index="0" bw="368" slack="0"/>
<pin id="589" dir="1" index="1" bw="16" slack="1"/>
</pin_list>
<bind>
<opcode="extractvalue(56) " fcode="extractvalue"/>
<opset="res_1/2 "/>
</bind>
</comp>

<comp id="591" class="1004" name="res_2_fu_591">
<pin_list>
<pin id="592" dir="0" index="0" bw="368" slack="0"/>
<pin id="593" dir="1" index="1" bw="16" slack="1"/>
</pin_list>
<bind>
<opcode="extractvalue(56) " fcode="extractvalue"/>
<opset="res_2/2 "/>
</bind>
</comp>

<comp id="595" class="1004" name="res_3_fu_595">
<pin_list>
<pin id="596" dir="0" index="0" bw="368" slack="0"/>
<pin id="597" dir="1" index="1" bw="16" slack="1"/>
</pin_list>
<bind>
<opcode="extractvalue(56) " fcode="extractvalue"/>
<opset="res_3/2 "/>
</bind>
</comp>

<comp id="599" class="1004" name="res_4_fu_599">
<pin_list>
<pin id="600" dir="0" index="0" bw="368" slack="0"/>
<pin id="601" dir="1" index="1" bw="16" slack="1"/>
</pin_list>
<bind>
<opcode="extractvalue(56) " fcode="extractvalue"/>
<opset="res_4/2 "/>
</bind>
</comp>

<comp id="603" class="1004" name="res_5_fu_603">
<pin_list>
<pin id="604" dir="0" index="0" bw="368" slack="0"/>
<pin id="605" dir="1" index="1" bw="16" slack="1"/>
</pin_list>
<bind>
<opcode="extractvalue(56) " fcode="extractvalue"/>
<opset="res_5/2 "/>
</bind>
</comp>

<comp id="607" class="1004" name="res_6_fu_607">
<pin_list>
<pin id="608" dir="0" index="0" bw="368" slack="0"/>
<pin id="609" dir="1" index="1" bw="16" slack="1"/>
</pin_list>
<bind>
<opcode="extractvalue(56) " fcode="extractvalue"/>
<opset="res_6/2 "/>
</bind>
</comp>

<comp id="611" class="1004" name="res_7_fu_611">
<pin_list>
<pin id="612" dir="0" index="0" bw="368" slack="0"/>
<pin id="613" dir="1" index="1" bw="16" slack="1"/>
</pin_list>
<bind>
<opcode="extractvalue(56) " fcode="extractvalue"/>
<opset="res_7/2 "/>
</bind>
</comp>

<comp id="615" class="1004" name="res_8_fu_615">
<pin_list>
<pin id="616" dir="0" index="0" bw="368" slack="0"/>
<pin id="617" dir="1" index="1" bw="16" slack="1"/>
</pin_list>
<bind>
<opcode="extractvalue(56) " fcode="extractvalue"/>
<opset="res_8/2 "/>
</bind>
</comp>

<comp id="619" class="1004" name="res_9_fu_619">
<pin_list>
<pin id="620" dir="0" index="0" bw="368" slack="0"/>
<pin id="621" dir="1" index="1" bw="16" slack="1"/>
</pin_list>
<bind>
<opcode="extractvalue(56) " fcode="extractvalue"/>
<opset="res_9/2 "/>
</bind>
</comp>

<comp id="623" class="1004" name="res_10_fu_623">
<pin_list>
<pin id="624" dir="0" index="0" bw="368" slack="0"/>
<pin id="625" dir="1" index="1" bw="16" slack="1"/>
</pin_list>
<bind>
<opcode="extractvalue(56) " fcode="extractvalue"/>
<opset="res_10/2 "/>
</bind>
</comp>

<comp id="627" class="1004" name="res_11_fu_627">
<pin_list>
<pin id="628" dir="0" index="0" bw="368" slack="0"/>
<pin id="629" dir="1" index="1" bw="16" slack="1"/>
</pin_list>
<bind>
<opcode="extractvalue(56) " fcode="extractvalue"/>
<opset="res_11/2 "/>
</bind>
</comp>

<comp id="631" class="1004" name="res_12_fu_631">
<pin_list>
<pin id="632" dir="0" index="0" bw="368" slack="0"/>
<pin id="633" dir="1" index="1" bw="16" slack="1"/>
</pin_list>
<bind>
<opcode="extractvalue(56) " fcode="extractvalue"/>
<opset="res_12/2 "/>
</bind>
</comp>

<comp id="635" class="1004" name="res_13_fu_635">
<pin_list>
<pin id="636" dir="0" index="0" bw="368" slack="0"/>
<pin id="637" dir="1" index="1" bw="16" slack="1"/>
</pin_list>
<bind>
<opcode="extractvalue(56) " fcode="extractvalue"/>
<opset="res_13/2 "/>
</bind>
</comp>

<comp id="639" class="1004" name="res_14_fu_639">
<pin_list>
<pin id="640" dir="0" index="0" bw="368" slack="0"/>
<pin id="641" dir="1" index="1" bw="16" slack="1"/>
</pin_list>
<bind>
<opcode="extractvalue(56) " fcode="extractvalue"/>
<opset="res_14/2 "/>
</bind>
</comp>

<comp id="643" class="1004" name="res_15_fu_643">
<pin_list>
<pin id="644" dir="0" index="0" bw="368" slack="0"/>
<pin id="645" dir="1" index="1" bw="16" slack="1"/>
</pin_list>
<bind>
<opcode="extractvalue(56) " fcode="extractvalue"/>
<opset="res_15/2 "/>
</bind>
</comp>

<comp id="647" class="1004" name="res_16_fu_647">
<pin_list>
<pin id="648" dir="0" index="0" bw="368" slack="0"/>
<pin id="649" dir="1" index="1" bw="16" slack="1"/>
</pin_list>
<bind>
<opcode="extractvalue(56) " fcode="extractvalue"/>
<opset="res_16/2 "/>
</bind>
</comp>

<comp id="651" class="1004" name="res_17_fu_651">
<pin_list>
<pin id="652" dir="0" index="0" bw="368" slack="0"/>
<pin id="653" dir="1" index="1" bw="16" slack="1"/>
</pin_list>
<bind>
<opcode="extractvalue(56) " fcode="extractvalue"/>
<opset="res_17/2 "/>
</bind>
</comp>

<comp id="655" class="1004" name="res_18_fu_655">
<pin_list>
<pin id="656" dir="0" index="0" bw="368" slack="0"/>
<pin id="657" dir="1" index="1" bw="16" slack="1"/>
</pin_list>
<bind>
<opcode="extractvalue(56) " fcode="extractvalue"/>
<opset="res_18/2 "/>
</bind>
</comp>

<comp id="659" class="1004" name="res_19_fu_659">
<pin_list>
<pin id="660" dir="0" index="0" bw="368" slack="0"/>
<pin id="661" dir="1" index="1" bw="16" slack="1"/>
</pin_list>
<bind>
<opcode="extractvalue(56) " fcode="extractvalue"/>
<opset="res_19/2 "/>
</bind>
</comp>

<comp id="663" class="1004" name="res_20_fu_663">
<pin_list>
<pin id="664" dir="0" index="0" bw="368" slack="0"/>
<pin id="665" dir="1" index="1" bw="16" slack="1"/>
</pin_list>
<bind>
<opcode="extractvalue(56) " fcode="extractvalue"/>
<opset="res_20/2 "/>
</bind>
</comp>

<comp id="667" class="1004" name="res_21_fu_667">
<pin_list>
<pin id="668" dir="0" index="0" bw="368" slack="0"/>
<pin id="669" dir="1" index="1" bw="16" slack="1"/>
</pin_list>
<bind>
<opcode="extractvalue(56) " fcode="extractvalue"/>
<opset="res_21/2 "/>
</bind>
</comp>

<comp id="671" class="1004" name="or_ln77_1_fu_671">
<pin_list>
<pin id="672" dir="0" index="0" bw="496" slack="0"/>
<pin id="673" dir="0" index="1" bw="16" slack="1"/>
<pin id="674" dir="0" index="2" bw="16" slack="1"/>
<pin id="675" dir="0" index="3" bw="1" slack="0"/>
<pin id="676" dir="0" index="4" bw="16" slack="1"/>
<pin id="677" dir="0" index="5" bw="16" slack="1"/>
<pin id="678" dir="0" index="6" bw="16" slack="1"/>
<pin id="679" dir="0" index="7" bw="16" slack="1"/>
<pin id="680" dir="0" index="8" bw="1" slack="0"/>
<pin id="681" dir="0" index="9" bw="16" slack="1"/>
<pin id="682" dir="0" index="10" bw="16" slack="1"/>
<pin id="683" dir="0" index="11" bw="16" slack="1"/>
<pin id="684" dir="0" index="12" bw="1" slack="0"/>
<pin id="685" dir="0" index="13" bw="16" slack="1"/>
<pin id="686" dir="0" index="14" bw="16" slack="1"/>
<pin id="687" dir="0" index="15" bw="16" slack="1"/>
<pin id="688" dir="0" index="16" bw="16" slack="1"/>
<pin id="689" dir="0" index="17" bw="16" slack="1"/>
<pin id="690" dir="0" index="18" bw="1" slack="0"/>
<pin id="691" dir="0" index="19" bw="16" slack="1"/>
<pin id="692" dir="0" index="20" bw="16" slack="1"/>
<pin id="693" dir="0" index="21" bw="16" slack="1"/>
<pin id="694" dir="0" index="22" bw="16" slack="1"/>
<pin id="695" dir="0" index="23" bw="16" slack="1"/>
<pin id="696" dir="0" index="24" bw="16" slack="1"/>
<pin id="697" dir="0" index="25" bw="16" slack="1"/>
<pin id="698" dir="0" index="26" bw="16" slack="1"/>
<pin id="699" dir="0" index="27" bw="1" slack="0"/>
<pin id="700" dir="0" index="28" bw="16" slack="1"/>
<pin id="701" dir="1" index="29" bw="496" slack="0"/>
</pin_list>
<bind>
<opcode="bitconcatenate(1004) " fcode="bitconcatenate"/>
<opset="or_ln77_1/3 "/>
</bind>
</comp>

<comp id="708" class="1004" name="zext_ln77_fu_708">
<pin_list>
<pin id="709" dir="0" index="0" bw="496" slack="0"/>
<pin id="710" dir="1" index="1" bw="512" slack="0"/>
</pin_list>
<bind>
<opcode="zext(34) " fcode="zext"/>
<opset="zext_ln77/3 "/>
</bind>
</comp>

<comp id="713" class="1005" name="res_reg_713">
<pin_list>
<pin id="714" dir="0" index="0" bw="16" slack="1"/>
<pin id="715" dir="1" index="1" bw="16" slack="1"/>
</pin_list>
<bind>
<opset="res "/>
</bind>
</comp>

<comp id="718" class="1005" name="res_22_reg_718">
<pin_list>
<pin id="719" dir="0" index="0" bw="16" slack="1"/>
<pin id="720" dir="1" index="1" bw="16" slack="1"/>
</pin_list>
<bind>
<opset="res_22 "/>
</bind>
</comp>

<comp id="723" class="1005" name="res_1_reg_723">
<pin_list>
<pin id="724" dir="0" index="0" bw="16" slack="1"/>
<pin id="725" dir="1" index="1" bw="16" slack="1"/>
</pin_list>
<bind>
<opset="res_1 "/>
</bind>
</comp>

<comp id="728" class="1005" name="res_2_reg_728">
<pin_list>
<pin id="729" dir="0" index="0" bw="16" slack="1"/>
<pin id="730" dir="1" index="1" bw="16" slack="1"/>
</pin_list>
<bind>
<opset="res_2 "/>
</bind>
</comp>

<comp id="733" class="1005" name="res_3_reg_733">
<pin_list>
<pin id="734" dir="0" index="0" bw="16" slack="1"/>
<pin id="735" dir="1" index="1" bw="16" slack="1"/>
</pin_list>
<bind>
<opset="res_3 "/>
</bind>
</comp>

<comp id="738" class="1005" name="res_4_reg_738">
<pin_list>
<pin id="739" dir="0" index="0" bw="16" slack="1"/>
<pin id="740" dir="1" index="1" bw="16" slack="1"/>
</pin_list>
<bind>
<opset="res_4 "/>
</bind>
</comp>

<comp id="743" class="1005" name="res_5_reg_743">
<pin_list>
<pin id="744" dir="0" index="0" bw="16" slack="1"/>
<pin id="745" dir="1" index="1" bw="16" slack="1"/>
</pin_list>
<bind>
<opset="res_5 "/>
</bind>
</comp>

<comp id="748" class="1005" name="res_6_reg_748">
<pin_list>
<pin id="749" dir="0" index="0" bw="16" slack="1"/>
<pin id="750" dir="1" index="1" bw="16" slack="1"/>
</pin_list>
<bind>
<opset="res_6 "/>
</bind>
</comp>

<comp id="753" class="1005" name="res_7_reg_753">
<pin_list>
<pin id="754" dir="0" index="0" bw="16" slack="1"/>
<pin id="755" dir="1" index="1" bw="16" slack="1"/>
</pin_list>
<bind>
<opset="res_7 "/>
</bind>
</comp>

<comp id="758" class="1005" name="res_8_reg_758">
<pin_list>
<pin id="759" dir="0" index="0" bw="16" slack="1"/>
<pin id="760" dir="1" index="1" bw="16" slack="1"/>
</pin_list>
<bind>
<opset="res_8 "/>
</bind>
</comp>

<comp id="763" class="1005" name="res_9_reg_763">
<pin_list>
<pin id="764" dir="0" index="0" bw="16" slack="1"/>
<pin id="765" dir="1" index="1" bw="16" slack="1"/>
</pin_list>
<bind>
<opset="res_9 "/>
</bind>
</comp>

<comp id="768" class="1005" name="res_10_reg_768">
<pin_list>
<pin id="769" dir="0" index="0" bw="16" slack="1"/>
<pin id="770" dir="1" index="1" bw="16" slack="1"/>
</pin_list>
<bind>
<opset="res_10 "/>
</bind>
</comp>

<comp id="773" class="1005" name="res_11_reg_773">
<pin_list>
<pin id="774" dir="0" index="0" bw="16" slack="1"/>
<pin id="775" dir="1" index="1" bw="16" slack="1"/>
</pin_list>
<bind>
<opset="res_11 "/>
</bind>
</comp>

<comp id="778" class="1005" name="res_12_reg_778">
<pin_list>
<pin id="779" dir="0" index="0" bw="16" slack="1"/>
<pin id="780" dir="1" index="1" bw="16" slack="1"/>
</pin_list>
<bind>
<opset="res_12 "/>
</bind>
</comp>

<comp id="783" class="1005" name="res_13_reg_783">
<pin_list>
<pin id="784" dir="0" index="0" bw="16" slack="1"/>
<pin id="785" dir="1" index="1" bw="16" slack="1"/>
</pin_list>
<bind>
<opset="res_13 "/>
</bind>
</comp>

<comp id="788" class="1005" name="res_14_reg_788">
<pin_list>
<pin id="789" dir="0" index="0" bw="16" slack="1"/>
<pin id="790" dir="1" index="1" bw="16" slack="1"/>
</pin_list>
<bind>
<opset="res_14 "/>
</bind>
</comp>

<comp id="793" class="1005" name="res_15_reg_793">
<pin_list>
<pin id="794" dir="0" index="0" bw="16" slack="1"/>
<pin id="795" dir="1" index="1" bw="16" slack="1"/>
</pin_list>
<bind>
<opset="res_15 "/>
</bind>
</comp>

<comp id="798" class="1005" name="res_16_reg_798">
<pin_list>
<pin id="799" dir="0" index="0" bw="16" slack="1"/>
<pin id="800" dir="1" index="1" bw="16" slack="1"/>
</pin_list>
<bind>
<opset="res_16 "/>
</bind>
</comp>

<comp id="803" class="1005" name="res_17_reg_803">
<pin_list>
<pin id="804" dir="0" index="0" bw="16" slack="1"/>
<pin id="805" dir="1" index="1" bw="16" slack="1"/>
</pin_list>
<bind>
<opset="res_17 "/>
</bind>
</comp>

<comp id="808" class="1005" name="res_18_reg_808">
<pin_list>
<pin id="809" dir="0" index="0" bw="16" slack="1"/>
<pin id="810" dir="1" index="1" bw="16" slack="1"/>
</pin_list>
<bind>
<opset="res_18 "/>
</bind>
</comp>

<comp id="813" class="1005" name="res_19_reg_813">
<pin_list>
<pin id="814" dir="0" index="0" bw="16" slack="1"/>
<pin id="815" dir="1" index="1" bw="16" slack="1"/>
</pin_list>
<bind>
<opset="res_19 "/>
</bind>
</comp>

<comp id="818" class="1005" name="res_20_reg_818">
<pin_list>
<pin id="819" dir="0" index="0" bw="16" slack="1"/>
<pin id="820" dir="1" index="1" bw="16" slack="1"/>
</pin_list>
<bind>
<opset="res_20 "/>
</bind>
</comp>

<comp id="823" class="1005" name="res_21_reg_823">
<pin_list>
<pin id="824" dir="0" index="0" bw="16" slack="1"/>
<pin id="825" dir="1" index="1" bw="16" slack="1"/>
</pin_list>
<bind>
<opset="res_21 "/>
</bind>
</comp>

</comp_list>

<net_list>
<net id="164"><net_src comp="4" pin="0"/><net_sink comp="160" pin=0"/></net>

<net id="165"><net_src comp="0" pin="0"/><net_sink comp="160" pin=1"/></net>

<net id="171"><net_src comp="158" pin="0"/><net_sink comp="166" pin=0"/></net>

<net id="172"><net_src comp="2" pin="0"/><net_sink comp="166" pin=1"/></net>

<net id="210"><net_src comp="140" pin="0"/><net_sink comp="173" pin=0"/></net>

<net id="214"><net_src comp="160" pin="2"/><net_sink comp="211" pin=0"/></net>

<net id="215"><net_src comp="211" pin="1"/><net_sink comp="173" pin=1"/></net>

<net id="222"><net_src comp="6" pin="0"/><net_sink comp="216" pin=0"/></net>

<net id="223"><net_src comp="160" pin="2"/><net_sink comp="216" pin=1"/></net>

<net id="224"><net_src comp="8" pin="0"/><net_sink comp="216" pin=2"/></net>

<net id="225"><net_src comp="10" pin="0"/><net_sink comp="216" pin=3"/></net>

<net id="226"><net_src comp="216" pin="4"/><net_sink comp="173" pin=2"/></net>

<net id="233"><net_src comp="6" pin="0"/><net_sink comp="227" pin=0"/></net>

<net id="234"><net_src comp="160" pin="2"/><net_sink comp="227" pin=1"/></net>

<net id="235"><net_src comp="12" pin="0"/><net_sink comp="227" pin=2"/></net>

<net id="236"><net_src comp="14" pin="0"/><net_sink comp="227" pin=3"/></net>

<net id="237"><net_src comp="227" pin="4"/><net_sink comp="173" pin=3"/></net>

<net id="244"><net_src comp="6" pin="0"/><net_sink comp="238" pin=0"/></net>

<net id="245"><net_src comp="160" pin="2"/><net_sink comp="238" pin=1"/></net>

<net id="246"><net_src comp="16" pin="0"/><net_sink comp="238" pin=2"/></net>

<net id="247"><net_src comp="18" pin="0"/><net_sink comp="238" pin=3"/></net>

<net id="248"><net_src comp="238" pin="4"/><net_sink comp="173" pin=4"/></net>

<net id="255"><net_src comp="6" pin="0"/><net_sink comp="249" pin=0"/></net>

<net id="256"><net_src comp="160" pin="2"/><net_sink comp="249" pin=1"/></net>

<net id="257"><net_src comp="20" pin="0"/><net_sink comp="249" pin=2"/></net>

<net id="258"><net_src comp="22" pin="0"/><net_sink comp="249" pin=3"/></net>

<net id="259"><net_src comp="249" pin="4"/><net_sink comp="173" pin=5"/></net>

<net id="266"><net_src comp="6" pin="0"/><net_sink comp="260" pin=0"/></net>

<net id="267"><net_src comp="160" pin="2"/><net_sink comp="260" pin=1"/></net>

<net id="268"><net_src comp="24" pin="0"/><net_sink comp="260" pin=2"/></net>

<net id="269"><net_src comp="26" pin="0"/><net_sink comp="260" pin=3"/></net>

<net id="270"><net_src comp="260" pin="4"/><net_sink comp="173" pin=6"/></net>

<net id="277"><net_src comp="6" pin="0"/><net_sink comp="271" pin=0"/></net>

<net id="278"><net_src comp="160" pin="2"/><net_sink comp="271" pin=1"/></net>

<net id="279"><net_src comp="28" pin="0"/><net_sink comp="271" pin=2"/></net>

<net id="280"><net_src comp="30" pin="0"/><net_sink comp="271" pin=3"/></net>

<net id="281"><net_src comp="271" pin="4"/><net_sink comp="173" pin=7"/></net>

<net id="288"><net_src comp="6" pin="0"/><net_sink comp="282" pin=0"/></net>

<net id="289"><net_src comp="160" pin="2"/><net_sink comp="282" pin=1"/></net>

<net id="290"><net_src comp="32" pin="0"/><net_sink comp="282" pin=2"/></net>

<net id="291"><net_src comp="34" pin="0"/><net_sink comp="282" pin=3"/></net>

<net id="292"><net_src comp="282" pin="4"/><net_sink comp="173" pin=8"/></net>

<net id="299"><net_src comp="6" pin="0"/><net_sink comp="293" pin=0"/></net>

<net id="300"><net_src comp="160" pin="2"/><net_sink comp="293" pin=1"/></net>

<net id="301"><net_src comp="36" pin="0"/><net_sink comp="293" pin=2"/></net>

<net id="302"><net_src comp="38" pin="0"/><net_sink comp="293" pin=3"/></net>

<net id="303"><net_src comp="293" pin="4"/><net_sink comp="173" pin=9"/></net>

<net id="310"><net_src comp="6" pin="0"/><net_sink comp="304" pin=0"/></net>

<net id="311"><net_src comp="160" pin="2"/><net_sink comp="304" pin=1"/></net>

<net id="312"><net_src comp="40" pin="0"/><net_sink comp="304" pin=2"/></net>

<net id="313"><net_src comp="42" pin="0"/><net_sink comp="304" pin=3"/></net>

<net id="314"><net_src comp="304" pin="4"/><net_sink comp="173" pin=10"/></net>

<net id="321"><net_src comp="6" pin="0"/><net_sink comp="315" pin=0"/></net>

<net id="322"><net_src comp="160" pin="2"/><net_sink comp="315" pin=1"/></net>

<net id="323"><net_src comp="44" pin="0"/><net_sink comp="315" pin=2"/></net>

<net id="324"><net_src comp="46" pin="0"/><net_sink comp="315" pin=3"/></net>

<net id="325"><net_src comp="315" pin="4"/><net_sink comp="173" pin=11"/></net>

<net id="332"><net_src comp="6" pin="0"/><net_sink comp="326" pin=0"/></net>

<net id="333"><net_src comp="160" pin="2"/><net_sink comp="326" pin=1"/></net>

<net id="334"><net_src comp="48" pin="0"/><net_sink comp="326" pin=2"/></net>

<net id="335"><net_src comp="50" pin="0"/><net_sink comp="326" pin=3"/></net>

<net id="336"><net_src comp="326" pin="4"/><net_sink comp="173" pin=12"/></net>

<net id="343"><net_src comp="6" pin="0"/><net_sink comp="337" pin=0"/></net>

<net id="344"><net_src comp="160" pin="2"/><net_sink comp="337" pin=1"/></net>

<net id="345"><net_src comp="52" pin="0"/><net_sink comp="337" pin=2"/></net>

<net id="346"><net_src comp="54" pin="0"/><net_sink comp="337" pin=3"/></net>

<net id="347"><net_src comp="337" pin="4"/><net_sink comp="173" pin=13"/></net>

<net id="354"><net_src comp="6" pin="0"/><net_sink comp="348" pin=0"/></net>

<net id="355"><net_src comp="160" pin="2"/><net_sink comp="348" pin=1"/></net>

<net id="356"><net_src comp="56" pin="0"/><net_sink comp="348" pin=2"/></net>

<net id="357"><net_src comp="58" pin="0"/><net_sink comp="348" pin=3"/></net>

<net id="358"><net_src comp="348" pin="4"/><net_sink comp="173" pin=14"/></net>

<net id="365"><net_src comp="6" pin="0"/><net_sink comp="359" pin=0"/></net>

<net id="366"><net_src comp="160" pin="2"/><net_sink comp="359" pin=1"/></net>

<net id="367"><net_src comp="60" pin="0"/><net_sink comp="359" pin=2"/></net>

<net id="368"><net_src comp="62" pin="0"/><net_sink comp="359" pin=3"/></net>

<net id="369"><net_src comp="359" pin="4"/><net_sink comp="173" pin=15"/></net>

<net id="376"><net_src comp="6" pin="0"/><net_sink comp="370" pin=0"/></net>

<net id="377"><net_src comp="160" pin="2"/><net_sink comp="370" pin=1"/></net>

<net id="378"><net_src comp="64" pin="0"/><net_sink comp="370" pin=2"/></net>

<net id="379"><net_src comp="66" pin="0"/><net_sink comp="370" pin=3"/></net>

<net id="380"><net_src comp="370" pin="4"/><net_sink comp="173" pin=16"/></net>

<net id="387"><net_src comp="6" pin="0"/><net_sink comp="381" pin=0"/></net>

<net id="388"><net_src comp="160" pin="2"/><net_sink comp="381" pin=1"/></net>

<net id="389"><net_src comp="68" pin="0"/><net_sink comp="381" pin=2"/></net>

<net id="390"><net_src comp="70" pin="0"/><net_sink comp="381" pin=3"/></net>

<net id="391"><net_src comp="381" pin="4"/><net_sink comp="173" pin=17"/></net>

<net id="398"><net_src comp="6" pin="0"/><net_sink comp="392" pin=0"/></net>

<net id="399"><net_src comp="160" pin="2"/><net_sink comp="392" pin=1"/></net>

<net id="400"><net_src comp="72" pin="0"/><net_sink comp="392" pin=2"/></net>

<net id="401"><net_src comp="74" pin="0"/><net_sink comp="392" pin=3"/></net>

<net id="402"><net_src comp="392" pin="4"/><net_sink comp="173" pin=18"/></net>

<net id="409"><net_src comp="6" pin="0"/><net_sink comp="403" pin=0"/></net>

<net id="410"><net_src comp="160" pin="2"/><net_sink comp="403" pin=1"/></net>

<net id="411"><net_src comp="76" pin="0"/><net_sink comp="403" pin=2"/></net>

<net id="412"><net_src comp="78" pin="0"/><net_sink comp="403" pin=3"/></net>

<net id="413"><net_src comp="403" pin="4"/><net_sink comp="173" pin=19"/></net>

<net id="420"><net_src comp="6" pin="0"/><net_sink comp="414" pin=0"/></net>

<net id="421"><net_src comp="160" pin="2"/><net_sink comp="414" pin=1"/></net>

<net id="422"><net_src comp="80" pin="0"/><net_sink comp="414" pin=2"/></net>

<net id="423"><net_src comp="82" pin="0"/><net_sink comp="414" pin=3"/></net>

<net id="424"><net_src comp="414" pin="4"/><net_sink comp="173" pin=20"/></net>

<net id="431"><net_src comp="6" pin="0"/><net_sink comp="425" pin=0"/></net>

<net id="432"><net_src comp="160" pin="2"/><net_sink comp="425" pin=1"/></net>

<net id="433"><net_src comp="84" pin="0"/><net_sink comp="425" pin=2"/></net>

<net id="434"><net_src comp="86" pin="0"/><net_sink comp="425" pin=3"/></net>

<net id="435"><net_src comp="425" pin="4"/><net_sink comp="173" pin=21"/></net>

<net id="442"><net_src comp="6" pin="0"/><net_sink comp="436" pin=0"/></net>

<net id="443"><net_src comp="160" pin="2"/><net_sink comp="436" pin=1"/></net>

<net id="444"><net_src comp="88" pin="0"/><net_sink comp="436" pin=2"/></net>

<net id="445"><net_src comp="90" pin="0"/><net_sink comp="436" pin=3"/></net>

<net id="446"><net_src comp="436" pin="4"/><net_sink comp="173" pin=22"/></net>

<net id="453"><net_src comp="6" pin="0"/><net_sink comp="447" pin=0"/></net>

<net id="454"><net_src comp="160" pin="2"/><net_sink comp="447" pin=1"/></net>

<net id="455"><net_src comp="92" pin="0"/><net_sink comp="447" pin=2"/></net>

<net id="456"><net_src comp="94" pin="0"/><net_sink comp="447" pin=3"/></net>

<net id="457"><net_src comp="447" pin="4"/><net_sink comp="173" pin=23"/></net>

<net id="464"><net_src comp="6" pin="0"/><net_sink comp="458" pin=0"/></net>

<net id="465"><net_src comp="160" pin="2"/><net_sink comp="458" pin=1"/></net>

<net id="466"><net_src comp="96" pin="0"/><net_sink comp="458" pin=2"/></net>

<net id="467"><net_src comp="98" pin="0"/><net_sink comp="458" pin=3"/></net>

<net id="468"><net_src comp="458" pin="4"/><net_sink comp="173" pin=24"/></net>

<net id="475"><net_src comp="6" pin="0"/><net_sink comp="469" pin=0"/></net>

<net id="476"><net_src comp="160" pin="2"/><net_sink comp="469" pin=1"/></net>

<net id="477"><net_src comp="100" pin="0"/><net_sink comp="469" pin=2"/></net>

<net id="478"><net_src comp="102" pin="0"/><net_sink comp="469" pin=3"/></net>

<net id="479"><net_src comp="469" pin="4"/><net_sink comp="173" pin=25"/></net>

<net id="486"><net_src comp="6" pin="0"/><net_sink comp="480" pin=0"/></net>

<net id="487"><net_src comp="160" pin="2"/><net_sink comp="480" pin=1"/></net>

<net id="488"><net_src comp="104" pin="0"/><net_sink comp="480" pin=2"/></net>

<net id="489"><net_src comp="106" pin="0"/><net_sink comp="480" pin=3"/></net>

<net id="490"><net_src comp="480" pin="4"/><net_sink comp="173" pin=26"/></net>

<net id="497"><net_src comp="6" pin="0"/><net_sink comp="491" pin=0"/></net>

<net id="498"><net_src comp="160" pin="2"/><net_sink comp="491" pin=1"/></net>

<net id="499"><net_src comp="108" pin="0"/><net_sink comp="491" pin=2"/></net>

<net id="500"><net_src comp="110" pin="0"/><net_sink comp="491" pin=3"/></net>

<net id="501"><net_src comp="491" pin="4"/><net_sink comp="173" pin=27"/></net>

<net id="508"><net_src comp="6" pin="0"/><net_sink comp="502" pin=0"/></net>

<net id="509"><net_src comp="160" pin="2"/><net_sink comp="502" pin=1"/></net>

<net id="510"><net_src comp="112" pin="0"/><net_sink comp="502" pin=2"/></net>

<net id="511"><net_src comp="114" pin="0"/><net_sink comp="502" pin=3"/></net>

<net id="512"><net_src comp="502" pin="4"/><net_sink comp="173" pin=28"/></net>

<net id="519"><net_src comp="6" pin="0"/><net_sink comp="513" pin=0"/></net>

<net id="520"><net_src comp="160" pin="2"/><net_sink comp="513" pin=1"/></net>

<net id="521"><net_src comp="116" pin="0"/><net_sink comp="513" pin=2"/></net>

<net id="522"><net_src comp="118" pin="0"/><net_sink comp="513" pin=3"/></net>

<net id="523"><net_src comp="513" pin="4"/><net_sink comp="173" pin=29"/></net>

<net id="530"><net_src comp="6" pin="0"/><net_sink comp="524" pin=0"/></net>

<net id="531"><net_src comp="160" pin="2"/><net_sink comp="524" pin=1"/></net>

<net id="532"><net_src comp="120" pin="0"/><net_sink comp="524" pin=2"/></net>

<net id="533"><net_src comp="122" pin="0"/><net_sink comp="524" pin=3"/></net>

<net id="534"><net_src comp="524" pin="4"/><net_sink comp="173" pin=30"/></net>

<net id="541"><net_src comp="6" pin="0"/><net_sink comp="535" pin=0"/></net>

<net id="542"><net_src comp="160" pin="2"/><net_sink comp="535" pin=1"/></net>

<net id="543"><net_src comp="124" pin="0"/><net_sink comp="535" pin=2"/></net>

<net id="544"><net_src comp="126" pin="0"/><net_sink comp="535" pin=3"/></net>

<net id="545"><net_src comp="535" pin="4"/><net_sink comp="173" pin=31"/></net>

<net id="552"><net_src comp="6" pin="0"/><net_sink comp="546" pin=0"/></net>

<net id="553"><net_src comp="160" pin="2"/><net_sink comp="546" pin=1"/></net>

<net id="554"><net_src comp="128" pin="0"/><net_sink comp="546" pin=2"/></net>

<net id="555"><net_src comp="130" pin="0"/><net_sink comp="546" pin=3"/></net>

<net id="556"><net_src comp="546" pin="4"/><net_sink comp="173" pin=32"/></net>

<net id="563"><net_src comp="6" pin="0"/><net_sink comp="557" pin=0"/></net>

<net id="564"><net_src comp="160" pin="2"/><net_sink comp="557" pin=1"/></net>

<net id="565"><net_src comp="132" pin="0"/><net_sink comp="557" pin=2"/></net>

<net id="566"><net_src comp="134" pin="0"/><net_sink comp="557" pin=3"/></net>

<net id="567"><net_src comp="557" pin="4"/><net_sink comp="173" pin=33"/></net>

<net id="574"><net_src comp="6" pin="0"/><net_sink comp="568" pin=0"/></net>

<net id="575"><net_src comp="160" pin="2"/><net_sink comp="568" pin=1"/></net>

<net id="576"><net_src comp="136" pin="0"/><net_sink comp="568" pin=2"/></net>

<net id="577"><net_src comp="138" pin="0"/><net_sink comp="568" pin=3"/></net>

<net id="578"><net_src comp="568" pin="4"/><net_sink comp="173" pin=34"/></net>

<net id="582"><net_src comp="173" pin="35"/><net_sink comp="579" pin=0"/></net>

<net id="586"><net_src comp="173" pin="35"/><net_sink comp="583" pin=0"/></net>

<net id="590"><net_src comp="173" pin="35"/><net_sink comp="587" pin=0"/></net>

<net id="594"><net_src comp="173" pin="35"/><net_sink comp="591" pin=0"/></net>

<net id="598"><net_src comp="173" pin="35"/><net_sink comp="595" pin=0"/></net>

<net id="602"><net_src comp="173" pin="35"/><net_sink comp="599" pin=0"/></net>

<net id="606"><net_src comp="173" pin="35"/><net_sink comp="603" pin=0"/></net>

<net id="610"><net_src comp="173" pin="35"/><net_sink comp="607" pin=0"/></net>

<net id="614"><net_src comp="173" pin="35"/><net_sink comp="611" pin=0"/></net>

<net id="618"><net_src comp="173" pin="35"/><net_sink comp="615" pin=0"/></net>

<net id="622"><net_src comp="173" pin="35"/><net_sink comp="619" pin=0"/></net>

<net id="626"><net_src comp="173" pin="35"/><net_sink comp="623" pin=0"/></net>

<net id="630"><net_src comp="173" pin="35"/><net_sink comp="627" pin=0"/></net>

<net id="634"><net_src comp="173" pin="35"/><net_sink comp="631" pin=0"/></net>

<net id="638"><net_src comp="173" pin="35"/><net_sink comp="635" pin=0"/></net>

<net id="642"><net_src comp="173" pin="35"/><net_sink comp="639" pin=0"/></net>

<net id="646"><net_src comp="173" pin="35"/><net_sink comp="643" pin=0"/></net>

<net id="650"><net_src comp="173" pin="35"/><net_sink comp="647" pin=0"/></net>

<net id="654"><net_src comp="173" pin="35"/><net_sink comp="651" pin=0"/></net>

<net id="658"><net_src comp="173" pin="35"/><net_sink comp="655" pin=0"/></net>

<net id="662"><net_src comp="173" pin="35"/><net_sink comp="659" pin=0"/></net>

<net id="666"><net_src comp="173" pin="35"/><net_sink comp="663" pin=0"/></net>

<net id="670"><net_src comp="173" pin="35"/><net_sink comp="667" pin=0"/></net>

<net id="702"><net_src comp="152" pin="0"/><net_sink comp="671" pin=0"/></net>

<net id="703"><net_src comp="154" pin="0"/><net_sink comp="671" pin=3"/></net>

<net id="704"><net_src comp="154" pin="0"/><net_sink comp="671" pin=8"/></net>

<net id="705"><net_src comp="154" pin="0"/><net_sink comp="671" pin=12"/></net>

<net id="706"><net_src comp="156" pin="0"/><net_sink comp="671" pin=18"/></net>

<net id="707"><net_src comp="154" pin="0"/><net_sink comp="671" pin=27"/></net>

<net id="711"><net_src comp="671" pin="29"/><net_sink comp="708" pin=0"/></net>

<net id="712"><net_src comp="708" pin="1"/><net_sink comp="166" pin=2"/></net>

<net id="716"><net_src comp="579" pin="1"/><net_sink comp="713" pin=0"/></net>

<net id="717"><net_src comp="713" pin="1"/><net_sink comp="671" pin=28"/></net>

<net id="721"><net_src comp="583" pin="1"/><net_sink comp="718" pin=0"/></net>

<net id="722"><net_src comp="718" pin="1"/><net_sink comp="671" pin=26"/></net>

<net id="726"><net_src comp="587" pin="1"/><net_sink comp="723" pin=0"/></net>

<net id="727"><net_src comp="723" pin="1"/><net_sink comp="671" pin=25"/></net>

<net id="731"><net_src comp="591" pin="1"/><net_sink comp="728" pin=0"/></net>

<net id="732"><net_src comp="728" pin="1"/><net_sink comp="671" pin=24"/></net>

<net id="736"><net_src comp="595" pin="1"/><net_sink comp="733" pin=0"/></net>

<net id="737"><net_src comp="733" pin="1"/><net_sink comp="671" pin=23"/></net>

<net id="741"><net_src comp="599" pin="1"/><net_sink comp="738" pin=0"/></net>

<net id="742"><net_src comp="738" pin="1"/><net_sink comp="671" pin=22"/></net>

<net id="746"><net_src comp="603" pin="1"/><net_sink comp="743" pin=0"/></net>

<net id="747"><net_src comp="743" pin="1"/><net_sink comp="671" pin=21"/></net>

<net id="751"><net_src comp="607" pin="1"/><net_sink comp="748" pin=0"/></net>

<net id="752"><net_src comp="748" pin="1"/><net_sink comp="671" pin=20"/></net>

<net id="756"><net_src comp="611" pin="1"/><net_sink comp="753" pin=0"/></net>

<net id="757"><net_src comp="753" pin="1"/><net_sink comp="671" pin=19"/></net>

<net id="761"><net_src comp="615" pin="1"/><net_sink comp="758" pin=0"/></net>

<net id="762"><net_src comp="758" pin="1"/><net_sink comp="671" pin=17"/></net>

<net id="766"><net_src comp="619" pin="1"/><net_sink comp="763" pin=0"/></net>

<net id="767"><net_src comp="763" pin="1"/><net_sink comp="671" pin=16"/></net>

<net id="771"><net_src comp="623" pin="1"/><net_sink comp="768" pin=0"/></net>

<net id="772"><net_src comp="768" pin="1"/><net_sink comp="671" pin=15"/></net>

<net id="776"><net_src comp="627" pin="1"/><net_sink comp="773" pin=0"/></net>

<net id="777"><net_src comp="773" pin="1"/><net_sink comp="671" pin=14"/></net>

<net id="781"><net_src comp="631" pin="1"/><net_sink comp="778" pin=0"/></net>

<net id="782"><net_src comp="778" pin="1"/><net_sink comp="671" pin=13"/></net>

<net id="786"><net_src comp="635" pin="1"/><net_sink comp="783" pin=0"/></net>

<net id="787"><net_src comp="783" pin="1"/><net_sink comp="671" pin=11"/></net>

<net id="791"><net_src comp="639" pin="1"/><net_sink comp="788" pin=0"/></net>

<net id="792"><net_src comp="788" pin="1"/><net_sink comp="671" pin=10"/></net>

<net id="796"><net_src comp="643" pin="1"/><net_sink comp="793" pin=0"/></net>

<net id="797"><net_src comp="793" pin="1"/><net_sink comp="671" pin=9"/></net>

<net id="801"><net_src comp="647" pin="1"/><net_sink comp="798" pin=0"/></net>

<net id="802"><net_src comp="798" pin="1"/><net_sink comp="671" pin=7"/></net>

<net id="806"><net_src comp="651" pin="1"/><net_sink comp="803" pin=0"/></net>

<net id="807"><net_src comp="803" pin="1"/><net_sink comp="671" pin=6"/></net>

<net id="811"><net_src comp="655" pin="1"/><net_sink comp="808" pin=0"/></net>

<net id="812"><net_src comp="808" pin="1"/><net_sink comp="671" pin=5"/></net>

<net id="816"><net_src comp="659" pin="1"/><net_sink comp="813" pin=0"/></net>

<net id="817"><net_src comp="813" pin="1"/><net_sink comp="671" pin=4"/></net>

<net id="821"><net_src comp="663" pin="1"/><net_sink comp="818" pin=0"/></net>

<net id="822"><net_src comp="818" pin="1"/><net_sink comp="671" pin=2"/></net>

<net id="826"><net_src comp="667" pin="1"/><net_sink comp="823" pin=0"/></net>

<net id="827"><net_src comp="823" pin="1"/><net_sink comp="671" pin=1"/></net>

</net_list>

</model> 
---------------- Datapath Model END ------------------

* FSMD analyzer results:
  - Output states:
	Port: layer6_out | {3 }
 - Input state : 
	Port: dense<array<ap_ufixed,64u>,array<ap_fixed<16,13,5,3,0>,32u>,config6> : layer4_out | {1 }
  - Chain level:
	State 1
		call_ret : 1
	State 2
		res : 1
		res_22 : 1
		res_1 : 1
		res_2 : 1
		res_3 : 1
		res_4 : 1
		res_5 : 1
		res_6 : 1
		res_7 : 1
		res_8 : 1
		res_9 : 1
		res_10 : 1
		res_11 : 1
		res_12 : 1
		res_13 : 1
		res_14 : 1
		res_15 : 1
		res_16 : 1
		res_17 : 1
		res_18 : 1
		res_19 : 1
		res_20 : 1
		res_21 : 1
	State 3
		zext_ln77 : 1
		write_ln77 : 2


============================================================
+ Verbose Summary: Datapath Resource usage 
============================================================

* Functional unit list:
|----------|------------------------------------------------------------------------------|---------|---------|---------|
| Operation|                                Functional Unit                               |   DSP   |    FF   |   LUT   |
|----------|------------------------------------------------------------------------------|---------|---------|---------|
|   call   | grp_dense_latency_ap_ufixed_10_6_0_3_0_ap_fixed_16_13_5_3_0_config6_s_fu_173 |    0    |   665   |   7559  |
|----------|------------------------------------------------------------------------------|---------|---------|---------|
|   read   |                          layer4_out_read_read_fu_160                         |    0    |    0    |    0    |
|----------|------------------------------------------------------------------------------|---------|---------|---------|
|   write  |                            write_ln77_write_fu_166                           |    0    |    0    |    0    |
|----------|------------------------------------------------------------------------------|---------|---------|---------|
|   trunc  |                                  data_fu_211                                 |    0    |    0    |    0    |
|----------|------------------------------------------------------------------------------|---------|---------|---------|
|          |                                data_33_fu_216                                |    0    |    0    |    0    |
|          |                                 data_1_fu_227                                |    0    |    0    |    0    |
|          |                                 data_2_fu_238                                |    0    |    0    |    0    |
|          |                                 data_3_fu_249                                |    0    |    0    |    0    |
|          |                                 data_4_fu_260                                |    0    |    0    |    0    |
|          |                                 data_5_fu_271                                |    0    |    0    |    0    |
|          |                                 data_6_fu_282                                |    0    |    0    |    0    |
|          |                                 data_7_fu_293                                |    0    |    0    |    0    |
|          |                                 data_8_fu_304                                |    0    |    0    |    0    |
|          |                                 data_9_fu_315                                |    0    |    0    |    0    |
|          |                                data_10_fu_326                                |    0    |    0    |    0    |
|          |                                data_11_fu_337                                |    0    |    0    |    0    |
|          |                                data_12_fu_348                                |    0    |    0    |    0    |
|          |                                data_13_fu_359                                |    0    |    0    |    0    |
|          |                                data_14_fu_370                                |    0    |    0    |    0    |
|          |                                data_15_fu_381                                |    0    |    0    |    0    |
|partselect|                                data_16_fu_392                                |    0    |    0    |    0    |
|          |                                data_17_fu_403                                |    0    |    0    |    0    |
|          |                                data_18_fu_414                                |    0    |    0    |    0    |
|          |                                data_19_fu_425                                |    0    |    0    |    0    |
|          |                                data_20_fu_436                                |    0    |    0    |    0    |
|          |                                data_21_fu_447                                |    0    |    0    |    0    |
|          |                                data_22_fu_458                                |    0    |    0    |    0    |
|          |                                data_23_fu_469                                |    0    |    0    |    0    |
|          |                                data_24_fu_480                                |    0    |    0    |    0    |
|          |                                data_25_fu_491                                |    0    |    0    |    0    |
|          |                                data_26_fu_502                                |    0    |    0    |    0    |
|          |                                data_27_fu_513                                |    0    |    0    |    0    |
|          |                                data_28_fu_524                                |    0    |    0    |    0    |
|          |                                data_29_fu_535                                |    0    |    0    |    0    |
|          |                                data_30_fu_546                                |    0    |    0    |    0    |
|          |                                data_31_fu_557                                |    0    |    0    |    0    |
|          |                                data_32_fu_568                                |    0    |    0    |    0    |
|----------|------------------------------------------------------------------------------|---------|---------|---------|
|          |                                  res_fu_579                                  |    0    |    0    |    0    |
|          |                                 res_22_fu_583                                |    0    |    0    |    0    |
|          |                                 res_1_fu_587                                 |    0    |    0    |    0    |
|          |                                 res_2_fu_591                                 |    0    |    0    |    0    |
|          |                                 res_3_fu_595                                 |    0    |    0    |    0    |
|          |                                 res_4_fu_599                                 |    0    |    0    |    0    |
|          |                                 res_5_fu_603                                 |    0    |    0    |    0    |
|          |                                 res_6_fu_607                                 |    0    |    0    |    0    |
|          |                                 res_7_fu_611                                 |    0    |    0    |    0    |
|          |                                 res_8_fu_615                                 |    0    |    0    |    0    |
|          |                                 res_9_fu_619                                 |    0    |    0    |    0    |
|extractvalue|                                 res_10_fu_623                                |    0    |    0    |    0    |
|          |                                 res_11_fu_627                                |    0    |    0    |    0    |
|          |                                 res_12_fu_631                                |    0    |    0    |    0    |
|          |                                 res_13_fu_635                                |    0    |    0    |    0    |
|          |                                 res_14_fu_639                                |    0    |    0    |    0    |
|          |                                 res_15_fu_643                                |    0    |    0    |    0    |
|          |                                 res_16_fu_647                                |    0    |    0    |    0    |
|          |                                 res_17_fu_651                                |    0    |    0    |    0    |
|          |                                 res_18_fu_655                                |    0    |    0    |    0    |
|          |                                 res_19_fu_659                                |    0    |    0    |    0    |
|          |                                 res_20_fu_663                                |    0    |    0    |    0    |
|          |                                 res_21_fu_667                                |    0    |    0    |    0    |
|----------|------------------------------------------------------------------------------|---------|---------|---------|
|bitconcatenate|                               or_ln77_1_fu_671                               |    0    |    0    |    0    |
|----------|------------------------------------------------------------------------------|---------|---------|---------|
|   zext   |                               zext_ln77_fu_708                               |    0    |    0    |    0    |
|----------|------------------------------------------------------------------------------|---------|---------|---------|
|   Total  |                                                                              |    0    |   665   |   7559  |
|----------|------------------------------------------------------------------------------|---------|---------|---------|

Memories:
N/A

* Register list:
+--------------+--------+
|              |   FF   |
+--------------+--------+
|res_10_reg_768|   16   |
|res_11_reg_773|   16   |
|res_12_reg_778|   16   |
|res_13_reg_783|   16   |
|res_14_reg_788|   16   |
|res_15_reg_793|   16   |
|res_16_reg_798|   16   |
|res_17_reg_803|   16   |
|res_18_reg_808|   16   |
|res_19_reg_813|   16   |
| res_1_reg_723|   16   |
|res_20_reg_818|   16   |
|res_21_reg_823|   16   |
|res_22_reg_718|   16   |
| res_2_reg_728|   16   |
| res_3_reg_733|   16   |
| res_4_reg_738|   16   |
| res_5_reg_743|   16   |
| res_6_reg_748|   16   |
| res_7_reg_753|   16   |
| res_8_reg_758|   16   |
| res_9_reg_763|   16   |
|  res_reg_713 |   16   |
+--------------+--------+
|     Total    |   368  |
+--------------+--------+

* Multiplexer (MUX) list: 
|--------|------|------|------|--------|
|  Comp  |  Pin | Size |  BW  | S x BW |
|--------|------|------|------|--------|
|  Total |      |      |      |    0   |
|--------|------|------|------|--------|



* Summary:
+-----------+--------+--------+--------+
|           |   DSP  |   FF   |   LUT  |
+-----------+--------+--------+--------+
|  Function |    0   |   665  |  7559  |
|   Memory  |    -   |    -   |    -   |
|Multiplexer|    -   |    -   |    -   |
|  Register |    -   |   368  |    -   |
+-----------+--------+--------+--------+
|   Total   |    0   |  1033  |  7559  |
+-----------+--------+--------+--------+
