

================================================================
== Vitis HLS Report for 'dense_latency_ap_fixed_11_5_0_3_0_ap_fixed_14_9_5_3_0_config3_s'
================================================================
* Date:           Thu May  7 10:16:24 2026

* Version:        2025.2 (Build 6295257 on Nov 14 2025)
* Project:        vitis_unified_project
* Solution:       hls (Vivado IP Flow Target)
* Product family: zynquplus
* Target device:  xck26-sfvc784-2LV-c


================================================================
== Performance Estimates
================================================================
+ Timing: 
    * Summary: 
    +--------+---------+----------+------------+
    |  Clock |  Target | Estimated| Uncertainty|
    +--------+---------+----------+------------+
    |ap_clk  |  5.00 ns|  4.273 ns|     0.62 ns|
    +--------+---------+----------+------------+

+ Latency: 
    * Summary: 
    +---------+---------+----------+----------+-----+-----+---------+
    |  Latency (cycles) |  Latency (absolute) |  Interval | Pipeline|
    |   min   |   max   |    min   |    max   | min | max |   Type  |
    +---------+---------+----------+----------+-----+-----+---------+
    |        1|        1|  5.000 ns|  5.000 ns|    1|    1|      yes|
    +---------+---------+----------+----------+-----+-----+---------+

    + Detail: 
        * Instance: 
        N/A

        * Loop: 
        N/A

============================================================
+ Verbose Summary: Synthesis Manager
============================================================
InlineROM: 1
ExposeGlobal: 0
============================================================
+ Verbose Summary: CDFG Model
============================================================
IsTopModel: 0
ResetActiveHigh: 1
IsCombinational: 0
IsDatapathOnly: 0
HasWiredReturn: 1
HasMFsm: 2
HasVarLatency: 0
IsPipeline: 1
IsRtlPipelined: 1
IsInstanceOverlapped: 0
IsDontTouch: 0
HasImplIP: 0
IsGatedGlobalClock: 0

+ Individual pipeline summary: 
  * Pipeline-0: initiation interval (II) = 1, depth = 2


============================================================
+ Verbose Summary: Schedule
============================================================
* Number of FSM states : 2
* Pipeline : 1
  Pipeline-0 : II = 1, D = 2, States = { 1 2 }
* Dataflow Pipeline: 0

* FSM state transitions: 
1 --> 2 
2 --> 

* FSM state operations: 

State 1 <SV = 0> <Delay = 2.14>
ST_1 : Operation 3 [1/1] (0.00ns)   --->   "%data_15_val_read = read i11 @_ssdm_op_Read.ap_auto.i11, i11 %data_15_val" [firmware/nnet_utils/nnet_mult.h:70->firmware/nnet_utils/nnet_dense_latency.h:42]   --->   Operation 3 'read' 'data_15_val_read' <Predicate = true> <Delay = 0.00>
ST_1 : Operation 4 [1/1] (0.00ns)   --->   "%data_14_val_read = read i11 @_ssdm_op_Read.ap_auto.i11, i11 %data_14_val" [firmware/nnet_utils/nnet_mult.h:70->firmware/nnet_utils/nnet_dense_latency.h:42]   --->   Operation 4 'read' 'data_14_val_read' <Predicate = true> <Delay = 0.00>
ST_1 : Operation 5 [1/1] (0.00ns)   --->   "%data_13_val_read = read i11 @_ssdm_op_Read.ap_auto.i11, i11 %data_13_val" [firmware/nnet_utils/nnet_mult.h:70->firmware/nnet_utils/nnet_dense_latency.h:42]   --->   Operation 5 'read' 'data_13_val_read' <Predicate = true> <Delay = 0.00>
ST_1 : Operation 6 [1/1] (0.00ns)   --->   "%data_12_val_read = read i11 @_ssdm_op_Read.ap_auto.i11, i11 %data_12_val" [firmware/nnet_utils/nnet_mult.h:70->firmware/nnet_utils/nnet_dense_latency.h:42]   --->   Operation 6 'read' 'data_12_val_read' <Predicate = true> <Delay = 0.00>
ST_1 : Operation 7 [1/1] (0.00ns)   --->   "%data_11_val_read = read i11 @_ssdm_op_Read.ap_auto.i11, i11 %data_11_val" [firmware/nnet_utils/nnet_mult.h:70->firmware/nnet_utils/nnet_dense_latency.h:42]   --->   Operation 7 'read' 'data_11_val_read' <Predicate = true> <Delay = 0.00>
ST_1 : Operation 8 [1/1] (0.00ns)   --->   "%data_10_val_read = read i11 @_ssdm_op_Read.ap_auto.i11, i11 %data_10_val" [firmware/nnet_utils/nnet_mult.h:70->firmware/nnet_utils/nnet_dense_latency.h:42]   --->   Operation 8 'read' 'data_10_val_read' <Predicate = true> <Delay = 0.00>
ST_1 : Operation 9 [1/1] (0.00ns)   --->   "%data_9_val_read = read i11 @_ssdm_op_Read.ap_auto.i11, i11 %data_9_val" [firmware/nnet_utils/nnet_mult.h:70->firmware/nnet_utils/nnet_dense_latency.h:42]   --->   Operation 9 'read' 'data_9_val_read' <Predicate = true> <Delay = 0.00>
ST_1 : Operation 10 [1/1] (0.00ns)   --->   "%data_8_val_read = read i11 @_ssdm_op_Read.ap_auto.i11, i11 %data_8_val" [firmware/nnet_utils/nnet_mult.h:70->firmware/nnet_utils/nnet_dense_latency.h:42]   --->   Operation 10 'read' 'data_8_val_read' <Predicate = true> <Delay = 0.00>
ST_1 : Operation 11 [1/1] (0.00ns)   --->   "%data_7_val_read = read i11 @_ssdm_op_Read.ap_auto.i11, i11 %data_7_val" [firmware/nnet_utils/nnet_mult.h:70->firmware/nnet_utils/nnet_dense_latency.h:42]   --->   Operation 11 'read' 'data_7_val_read' <Predicate = true> <Delay = 0.00>
ST_1 : Operation 12 [1/1] (0.00ns)   --->   "%data_6_val_read = read i11 @_ssdm_op_Read.ap_auto.i11, i11 %data_6_val" [firmware/nnet_utils/nnet_mult.h:70->firmware/nnet_utils/nnet_dense_latency.h:42]   --->   Operation 12 'read' 'data_6_val_read' <Predicate = true> <Delay = 0.00>
ST_1 : Operation 13 [1/1] (0.00ns)   --->   "%data_5_val_read = read i11 @_ssdm_op_Read.ap_auto.i11, i11 %data_5_val" [firmware/nnet_utils/nnet_mult.h:70->firmware/nnet_utils/nnet_dense_latency.h:42]   --->   Operation 13 'read' 'data_5_val_read' <Predicate = true> <Delay = 0.00>
ST_1 : Operation 14 [1/1] (0.00ns)   --->   "%data_4_val_read = read i11 @_ssdm_op_Read.ap_auto.i11, i11 %data_4_val" [firmware/nnet_utils/nnet_mult.h:70->firmware/nnet_utils/nnet_dense_latency.h:42]   --->   Operation 14 'read' 'data_4_val_read' <Predicate = true> <Delay = 0.00>
ST_1 : Operation 15 [1/1] (0.00ns)   --->   "%data_3_val_read = read i11 @_ssdm_op_Read.ap_auto.i11, i11 %data_3_val" [firmware/nnet_utils/nnet_mult.h:70->firmware/nnet_utils/nnet_dense_latency.h:42]   --->   Operation 15 'read' 'data_3_val_read' <Predicate = true> <Delay = 0.00>
ST_1 : Operation 16 [1/1] (0.00ns)   --->   "%data_2_val_read = read i11 @_ssdm_op_Read.ap_auto.i11, i11 %data_2_val" [firmware/nnet_utils/nnet_mult.h:70->firmware/nnet_utils/nnet_dense_latency.h:42]   --->   Operation 16 'read' 'data_2_val_read' <Predicate = true> <Delay = 0.00>
ST_1 : Operation 17 [1/1] (0.00ns)   --->   "%data_1_val_read = read i11 @_ssdm_op_Read.ap_auto.i11, i11 %data_1_val" [firmware/nnet_utils/nnet_mult.h:70->firmware/nnet_utils/nnet_dense_latency.h:42]   --->   Operation 17 'read' 'data_1_val_read' <Predicate = true> <Delay = 0.00>
ST_1 : Operation 18 [1/1] (0.00ns)   --->   "%data_0_val_read = read i11 @_ssdm_op_Read.ap_auto.i11, i11 %data_0_val" [firmware/nnet_utils/nnet_mult.h:70->firmware/nnet_utils/nnet_dense_latency.h:42]   --->   Operation 18 'read' 'data_0_val_read' <Predicate = true> <Delay = 0.00>
ST_1 : Operation 19 [1/1] (0.00ns)   --->   "%sext_ln73_12 = sext i11 %data_0_val_read" [firmware/nnet_utils/nnet_mult.h:73->firmware/nnet_utils/nnet_dense_latency.h:42]   --->   Operation 19 'sext' 'sext_ln73_12' <Predicate = true> <Delay = 0.00>
ST_1 : Operation 20 [1/1] (2.14ns)   --->   "%mul_ln17 = mul i18 %sext_ln73_12, i18 262056" [firmware/nnet_utils/nnet_dense_latency.h:17]   --->   Operation 20 'mul' 'mul_ln17' <Predicate = true> <Delay = 2.14> <CoreInst = "Multiplier">   --->   Core 3 'Multiplier' <Latency = 0> <II = 1> <Delay = 2.14> <FuncUnit> <Opcode : 'mul'> <InPorts = 2> <OutPorts = 1>
ST_1 : Operation 21 [1/1] (0.00ns)   --->   "%mult_266 = bitconcatenate i12 @_ssdm_op_BitConcatenate.i12.i11.i1, i11 %data_1_val_read, i1 0" [firmware/nnet_utils/nnet_mult.h:73->firmware/nnet_utils/nnet_dense_latency.h:42]   --->   Operation 21 'bitconcatenate' 'mult_266' <Predicate = true> <Delay = 0.00>
ST_1 : Operation 22 [1/1] (0.00ns)   --->   "%sext_ln17_166 = sext i12 %mult_266" [firmware/nnet_utils/nnet_dense_latency.h:17]   --->   Operation 22 'sext' 'sext_ln17_166' <Predicate = true> <Delay = 0.00>
ST_1 : Operation 23 [1/1] (0.00ns)   --->   "%sext_ln73_16 = sext i11 %data_1_val_read" [firmware/nnet_utils/nnet_mult.h:73->firmware/nnet_utils/nnet_dense_latency.h:42]   --->   Operation 23 'sext' 'sext_ln73_16' <Predicate = true> <Delay = 0.00>
ST_1 : Operation 24 [1/1] (2.14ns)   --->   "%mul_ln17_1 = mul i17 %sext_ln73_16, i17 44" [firmware/nnet_utils/nnet_dense_latency.h:17]   --->   Operation 24 'mul' 'mul_ln17_1' <Predicate = true> <Delay = 2.14> <CoreInst = "Multiplier">   --->   Core 3 'Multiplier' <Latency = 0> <II = 1> <Delay = 2.14> <FuncUnit> <Opcode : 'mul'> <InPorts = 2> <OutPorts = 1>
ST_1 : Operation 25 [1/1] (0.00ns)   --->   "%sext_ln73_18 = sext i11 %data_2_val_read" [firmware/nnet_utils/nnet_mult.h:73->firmware/nnet_utils/nnet_dense_latency.h:42]   --->   Operation 25 'sext' 'sext_ln73_18' <Predicate = true> <Delay = 0.00>
ST_1 : Operation 26 [1/1] (2.14ns)   --->   "%mul_ln17_2 = mul i17 %sext_ln73_18, i17 131020" [firmware/nnet_utils/nnet_dense_latency.h:17]   --->   Operation 26 'mul' 'mul_ln17_2' <Predicate = true> <Delay = 2.14> <CoreInst = "Multiplier">   --->   Core 3 'Multiplier' <Latency = 0> <II = 1> <Delay = 2.14> <FuncUnit> <Opcode : 'mul'> <InPorts = 2> <OutPorts = 1>
ST_1 : Operation 27 [1/1] (0.00ns)   --->   "%sext_ln73_22 = sext i11 %data_3_val_read" [firmware/nnet_utils/nnet_mult.h:73->firmware/nnet_utils/nnet_dense_latency.h:42]   --->   Operation 27 'sext' 'sext_ln73_22' <Predicate = true> <Delay = 0.00>
ST_1 : Operation 28 [1/1] (2.14ns)   --->   "%mul_ln17_4 = mul i18 %sext_ln73_22, i18 262056" [firmware/nnet_utils/nnet_dense_latency.h:17]   --->   Operation 28 'mul' 'mul_ln17_4' <Predicate = true> <Delay = 2.14> <CoreInst = "Multiplier">   --->   Core 3 'Multiplier' <Latency = 0> <II = 1> <Delay = 2.14> <FuncUnit> <Opcode : 'mul'> <InPorts = 2> <OutPorts = 1>
ST_1 : Operation 29 [1/1] (0.00ns)   --->   "%sext_ln73_24 = sext i11 %data_4_val_read" [firmware/nnet_utils/nnet_mult.h:73->firmware/nnet_utils/nnet_dense_latency.h:42]   --->   Operation 29 'sext' 'sext_ln73_24' <Predicate = true> <Delay = 0.00>
ST_1 : Operation 30 [1/1] (0.00ns)   --->   "%sext_ln73_25 = sext i11 %data_4_val_read" [firmware/nnet_utils/nnet_mult.h:73->firmware/nnet_utils/nnet_dense_latency.h:42]   --->   Operation 30 'sext' 'sext_ln73_25' <Predicate = true> <Delay = 0.00>
ST_1 : Operation 31 [1/1] (2.14ns)   --->   "%mult_283 = mul i18 %sext_ln73_25, i18 50" [firmware/nnet_utils/nnet_mult.h:73->firmware/nnet_utils/nnet_dense_latency.h:42]   --->   Operation 31 'mul' 'mult_283' <Predicate = true> <Delay = 2.14> <CoreInst = "Multiplier">   --->   Core 3 'Multiplier' <Latency = 0> <II = 1> <Delay = 2.14> <FuncUnit> <Opcode : 'mul'> <InPorts = 2> <OutPorts = 1>
ST_1 : Operation 32 [1/1] (2.14ns)   --->   "%mul_ln17_5 = mul i17 %sext_ln73_24, i17 52" [firmware/nnet_utils/nnet_dense_latency.h:17]   --->   Operation 32 'mul' 'mul_ln17_5' <Predicate = true> <Delay = 2.14> <CoreInst = "Multiplier">   --->   Core 3 'Multiplier' <Latency = 0> <II = 1> <Delay = 2.14> <FuncUnit> <Opcode : 'mul'> <InPorts = 2> <OutPorts = 1>
ST_1 : Operation 33 [1/1] (0.00ns)   --->   "%sext_ln73_28 = sext i11 %data_6_val_read" [firmware/nnet_utils/nnet_mult.h:73->firmware/nnet_utils/nnet_dense_latency.h:42]   --->   Operation 33 'sext' 'sext_ln73_28' <Predicate = true> <Delay = 0.00>
ST_1 : Operation 34 [1/1] (0.00ns)   --->   "%sext_ln73_36 = sext i11 %data_8_val_read" [firmware/nnet_utils/nnet_mult.h:73->firmware/nnet_utils/nnet_dense_latency.h:42]   --->   Operation 34 'sext' 'sext_ln73_36' <Predicate = true> <Delay = 0.00>
ST_1 : Operation 35 [1/1] (0.80ns)   --->   "%add_ln58_452 = add i13 %sext_ln17_166, i13 1016" [firmware/nnet_utils/nnet_dense_latency.h:58]   --->   Operation 35 'add' 'add_ln58_452' <Predicate = true> <Delay = 0.80> <CoreInst = "Adder">   --->   Core 1 'Adder' <Latency = 0> <II = 1> <Delay = 0.80> <FuncUnit> <Opcode : 'add' 'sub'> <InPorts = 2> <OutPorts = 1>
ST_1 : Operation 36 [1/1] (0.79ns)   --->   "%tmp21 = add i12 %sext_ln73_36, i12 %sext_ln73_28" [firmware/nnet_utils/nnet_mult.h:73->firmware/nnet_utils/nnet_dense_latency.h:42]   --->   Operation 36 'add' 'tmp21' <Predicate = true> <Delay = 0.79> <CoreInst = "Adder">   --->   Core 1 'Adder' <Latency = 0> <II = 1> <Delay = 0.79> <FuncUnit> <Opcode : 'add' 'sub'> <InPorts = 2> <OutPorts = 1>

State 2 <SV = 1> <Delay = 4.27>
ST_2 : Operation 37 [1/1] (0.00ns)   --->   "%specpipeline_ln26 = specpipeline void @_ssdm_op_SpecPipeline, i32 1, i32 0, i32 0, i32 0, i32 4294967295, void @empty_14" [firmware/nnet_utils/nnet_dense_latency.h:26]   --->   Operation 37 'specpipeline' 'specpipeline_ln26' <Predicate = true> <Delay = 0.00>
ST_2 : Operation 38 [1/1] (0.00ns)   --->   "%specresourcelimit_ln33 = specresourcelimit void @_ssdm_op_SpecResourceLimit, i64 216, void @empty_16, void @empty_14, void @empty_14, void @empty_14" [firmware/nnet_utils/nnet_dense_latency.h:33]   --->   Operation 38 'specresourcelimit' 'specresourcelimit_ln33' <Predicate = true> <Delay = 0.00>
ST_2 : Operation 39 [1/1] (0.00ns)   --->   "%sext_ln73 = sext i11 %data_0_val_read" [firmware/nnet_utils/nnet_mult.h:73->firmware/nnet_utils/nnet_dense_latency.h:42]   --->   Operation 39 'sext' 'sext_ln73' <Predicate = true> <Delay = 0.00>
ST_2 : Operation 40 [1/1] (0.00ns)   --->   "%mult = bitconcatenate i13 @_ssdm_op_BitConcatenate.i13.i11.i2, i11 %data_0_val_read, i2 0" [firmware/nnet_utils/nnet_mult.h:73->firmware/nnet_utils/nnet_dense_latency.h:42]   --->   Operation 40 'bitconcatenate' 'mult' <Predicate = true> <Delay = 0.00>
ST_2 : Operation 41 [1/1] (0.00ns)   --->   "%sext_ln17 = sext i13 %mult" [firmware/nnet_utils/nnet_dense_latency.h:17]   --->   Operation 41 'sext' 'sext_ln17' <Predicate = true> <Delay = 0.00>
ST_2 : Operation 42 [1/1] (0.00ns)   --->   "%mult_265 = bitconcatenate i17 @_ssdm_op_BitConcatenate.i17.i11.i6, i11 %data_0_val_read, i6 0" [firmware/nnet_utils/nnet_mult.h:73->firmware/nnet_utils/nnet_dense_latency.h:42]   --->   Operation 42 'bitconcatenate' 'mult_265' <Predicate = true> <Delay = 0.00>
ST_2 : Operation 43 [1/1] (0.00ns)   --->   "%sext_ln17_163 = sext i17 %mult_265" [firmware/nnet_utils/nnet_dense_latency.h:17]   --->   Operation 43 'sext' 'sext_ln17_163' <Predicate = true> <Delay = 0.00>
ST_2 : Operation 44 [1/1] (0.00ns)   --->   "%tmp_386 = bitconcatenate i15 @_ssdm_op_BitConcatenate.i15.i11.i4, i11 %data_0_val_read, i4 0" [firmware/nnet_utils/nnet_dense_latency.h:17]   --->   Operation 44 'bitconcatenate' 'tmp_386' <Predicate = true> <Delay = 0.00>
ST_2 : Operation 45 [1/1] (0.00ns)   --->   "%sext_ln17_164 = sext i15 %tmp_386" [firmware/nnet_utils/nnet_dense_latency.h:17]   --->   Operation 45 'sext' 'sext_ln17_164' <Predicate = true> <Delay = 0.00>
ST_2 : Operation 46 [1/1] (0.00ns) (grouped into TernaryAdder)   --->   "%add_ln17 = add i18 %sext_ln17_163, i18 %sext_ln17_164" [firmware/nnet_utils/nnet_dense_latency.h:17]   --->   Operation 46 'add' 'add_ln17' <Predicate = true> <Delay = 0.00> <CoreInst = "TAddSub">   --->   Core 10 'TAddSub' <Latency = 0> <II = 1> <Delay = 0.34> <IPBlock> <Opcode : 'add' 'sub'> <InPorts = 3> <OutPorts = 1> <Sync> <CReg>
ST_2 : Operation 47 [1/1] (0.00ns)   --->   "%tmp_387 = bitconcatenate i12 @_ssdm_op_BitConcatenate.i12.i11.i1, i11 %data_0_val_read, i1 0" [firmware/nnet_utils/nnet_mult.h:73->firmware/nnet_utils/nnet_dense_latency.h:42]   --->   Operation 47 'bitconcatenate' 'tmp_387' <Predicate = true> <Delay = 0.00>
ST_2 : Operation 48 [1/1] (0.00ns)   --->   "%sext_ln73_13 = sext i12 %tmp_387" [firmware/nnet_utils/nnet_mult.h:73->firmware/nnet_utils/nnet_dense_latency.h:42]   --->   Operation 48 'sext' 'sext_ln73_13' <Predicate = true> <Delay = 0.00>
ST_2 : Operation 49 [1/1] (0.00ns)   --->   "%p_shl36 = bitconcatenate i14 @_ssdm_op_BitConcatenate.i14.i11.i3, i11 %data_0_val_read, i3 0" [firmware/nnet_utils/nnet_dense_latency.h:17]   --->   Operation 49 'bitconcatenate' 'p_shl36' <Predicate = true> <Delay = 0.00>
ST_2 : Operation 50 [1/1] (0.00ns)   --->   "%sext_ln17_165 = sext i12 %tmp_387" [firmware/nnet_utils/nnet_dense_latency.h:17]   --->   Operation 50 'sext' 'sext_ln17_165' <Predicate = true> <Delay = 0.00>
ST_2 : Operation 51 [1/1] (0.00ns) (grouped into TernaryAdder)   --->   "%sub_ln17 = sub i14 %sext_ln17_165, i14 %p_shl36" [firmware/nnet_utils/nnet_dense_latency.h:17]   --->   Operation 51 'sub' 'sub_ln17' <Predicate = true> <Delay = 0.00> <CoreInst = "TAddSub">   --->   Core 10 'TAddSub' <Latency = 0> <II = 1> <Delay = 0.34> <IPBlock> <Opcode : 'add' 'sub'> <InPorts = 3> <OutPorts = 1> <Sync> <CReg>
ST_2 : Operation 52 [1/1] (0.00ns)   --->   "%sext_ln73_14 = sext i15 %tmp_386" [firmware/nnet_utils/nnet_mult.h:73->firmware/nnet_utils/nnet_dense_latency.h:42]   --->   Operation 52 'sext' 'sext_ln73_14' <Predicate = true> <Delay = 0.00>
ST_2 : Operation 53 [1/1] (0.00ns)   --->   "%p_shl37 = bitconcatenate i16 @_ssdm_op_BitConcatenate.i16.i11.i5, i11 %data_0_val_read, i5 0" [firmware/nnet_utils/nnet_dense_latency.h:17]   --->   Operation 53 'bitconcatenate' 'p_shl37' <Predicate = true> <Delay = 0.00>
ST_2 : Operation 54 [1/1] (0.00ns)   --->   "%sext_ln17_169 = sext i14 %p_shl36" [firmware/nnet_utils/nnet_dense_latency.h:17]   --->   Operation 54 'sext' 'sext_ln17_169' <Predicate = true> <Delay = 0.00>
ST_2 : Operation 55 [1/1] (0.00ns) (grouped into TernaryAdder)   --->   "%sub_ln17_48 = sub i16 %p_shl37, i16 %sext_ln17_169" [firmware/nnet_utils/nnet_dense_latency.h:17]   --->   Operation 55 'sub' 'sub_ln17_48' <Predicate = true> <Delay = 0.00> <CoreInst = "TAddSub">   --->   Core 10 'TAddSub' <Latency = 0> <II = 1> <Delay = 0.34> <IPBlock> <Opcode : 'add' 'sub'> <InPorts = 3> <OutPorts = 1> <Sync> <CReg>
ST_2 : Operation 56 [1/1] (0.00ns)   --->   "%sext_ln70 = sext i11 %data_1_val_read" [firmware/nnet_utils/nnet_mult.h:70->firmware/nnet_utils/nnet_dense_latency.h:42]   --->   Operation 56 'sext' 'sext_ln70' <Predicate = true> <Delay = 0.00>
ST_2 : Operation 57 [1/1] (0.00ns)   --->   "%sext_ln70_2 = sext i11 %data_1_val_read" [firmware/nnet_utils/nnet_mult.h:70->firmware/nnet_utils/nnet_dense_latency.h:42]   --->   Operation 57 'sext' 'sext_ln70_2' <Predicate = true> <Delay = 0.00>
ST_2 : Operation 58 [1/1] (0.00ns)   --->   "%tmp_388 = bitconcatenate i17 @_ssdm_op_BitConcatenate.i17.i11.i6, i11 %data_1_val_read, i6 0" [firmware/nnet_utils/nnet_dense_latency.h:17]   --->   Operation 58 'bitconcatenate' 'tmp_388' <Predicate = true> <Delay = 0.00>
ST_2 : Operation 59 [1/1] (0.00ns)   --->   "%sext_ln17_173 = sext i17 %tmp_388" [firmware/nnet_utils/nnet_dense_latency.h:17]   --->   Operation 59 'sext' 'sext_ln17_173' <Predicate = true> <Delay = 0.00>
ST_2 : Operation 60 [1/1] (0.00ns)   --->   "%tmp_389 = bitconcatenate i15 @_ssdm_op_BitConcatenate.i15.i11.i4, i11 %data_1_val_read, i4 0" [firmware/nnet_utils/nnet_dense_latency.h:17]   --->   Operation 60 'bitconcatenate' 'tmp_389' <Predicate = true> <Delay = 0.00>
ST_2 : Operation 61 [1/1] (0.00ns)   --->   "%sext_ln17_181 = sext i15 %tmp_389" [firmware/nnet_utils/nnet_dense_latency.h:17]   --->   Operation 61 'sext' 'sext_ln17_181' <Predicate = true> <Delay = 0.00>
ST_2 : Operation 62 [1/1] (0.86ns)   --->   "%add_ln17_48 = add i18 %sext_ln17_173, i18 %sext_ln17_181" [firmware/nnet_utils/nnet_dense_latency.h:17]   --->   Operation 62 'add' 'add_ln17_48' <Predicate = true> <Delay = 0.86> <CoreInst = "Adder">   --->   Core 1 'Adder' <Latency = 0> <II = 1> <Delay = 0.86> <FuncUnit> <Opcode : 'add' 'sub'> <InPorts = 2> <OutPorts = 1>
ST_2 : Operation 63 [1/1] (0.00ns)   --->   "%tmp_390 = bitconcatenate i18 @_ssdm_op_BitConcatenate.i18.i11.i7, i11 %data_1_val_read, i7 0" [firmware/nnet_utils/nnet_mult.h:73->firmware/nnet_utils/nnet_dense_latency.h:42]   --->   Operation 63 'bitconcatenate' 'tmp_390' <Predicate = true> <Delay = 0.00>
ST_2 : Operation 64 [1/1] (0.00ns)   --->   "%sext_ln73_15 = sext i18 %tmp_390" [firmware/nnet_utils/nnet_mult.h:73->firmware/nnet_utils/nnet_dense_latency.h:42]   --->   Operation 64 'sext' 'sext_ln73_15' <Predicate = true> <Delay = 0.00>
ST_2 : Operation 65 [1/1] (0.00ns)   --->   "%tmp_391 = bitconcatenate i16 @_ssdm_op_BitConcatenate.i16.i11.i5, i11 %data_1_val_read, i5 0" [firmware/nnet_utils/nnet_mult.h:73->firmware/nnet_utils/nnet_dense_latency.h:42]   --->   Operation 65 'bitconcatenate' 'tmp_391' <Predicate = true> <Delay = 0.00>
ST_2 : Operation 66 [1/1] (0.00ns)   --->   "%sext_ln73_19 = sext i16 %tmp_391" [firmware/nnet_utils/nnet_mult.h:73->firmware/nnet_utils/nnet_dense_latency.h:42]   --->   Operation 66 'sext' 'sext_ln73_19' <Predicate = true> <Delay = 0.00>
ST_2 : Operation 67 [1/1] (0.00ns) (grouped into TernaryAdder)   --->   "%mult_267 = sub i19 %sext_ln73_15, i19 %sext_ln73_19" [firmware/nnet_utils/nnet_mult.h:73->firmware/nnet_utils/nnet_dense_latency.h:42]   --->   Operation 67 'sub' 'mult_267' <Predicate = true> <Delay = 0.00> <CoreInst = "TAddSub">   --->   Core 10 'TAddSub' <Latency = 0> <II = 1> <Delay = 0.34> <IPBlock> <Opcode : 'add' 'sub'> <InPorts = 3> <OutPorts = 1> <Sync> <CReg>
ST_2 : Operation 68 [1/1] (0.00ns)   --->   "%mult_268 = bitconcatenate i13 @_ssdm_op_BitConcatenate.i13.i11.i2, i11 %data_1_val_read, i2 0" [firmware/nnet_utils/nnet_mult.h:73->firmware/nnet_utils/nnet_dense_latency.h:42]   --->   Operation 68 'bitconcatenate' 'mult_268' <Predicate = true> <Delay = 0.00>
ST_2 : Operation 69 [1/1] (0.00ns)   --->   "%sext_ln17_167 = sext i13 %mult_268" [firmware/nnet_utils/nnet_dense_latency.h:17]   --->   Operation 69 'sext' 'sext_ln17_167' <Predicate = true> <Delay = 0.00>
ST_2 : Operation 70 [1/1] (0.00ns)   --->   "%tmp_392 = bitconcatenate i14 @_ssdm_op_BitConcatenate.i14.i11.i3, i11 %data_1_val_read, i3 0" [firmware/nnet_utils/nnet_dense_latency.h:17]   --->   Operation 70 'bitconcatenate' 'tmp_392' <Predicate = true> <Delay = 0.00>
ST_2 : Operation 71 [1/1] (0.00ns)   --->   "%sext_ln17_187 = sext i14 %tmp_392" [firmware/nnet_utils/nnet_dense_latency.h:17]   --->   Operation 71 'sext' 'sext_ln17_187' <Predicate = true> <Delay = 0.00>
ST_2 : Operation 72 [1/1] (0.00ns) (grouped into TernaryAdder)   --->   "%sub_ln17_49 = sub i17 %tmp_388, i17 %sext_ln17_187" [firmware/nnet_utils/nnet_dense_latency.h:17]   --->   Operation 72 'sub' 'sub_ln17_49' <Predicate = true> <Delay = 0.00> <CoreInst = "TAddSub">   --->   Core 10 'TAddSub' <Latency = 0> <II = 1> <Delay = 0.34> <IPBlock> <Opcode : 'add' 'sub'> <InPorts = 3> <OutPorts = 1> <Sync> <CReg>
ST_2 : Operation 73 [1/1] (0.00ns)   --->   "%sext_ln17_189 = sext i15 %tmp_389" [firmware/nnet_utils/nnet_dense_latency.h:17]   --->   Operation 73 'sext' 'sext_ln17_189' <Predicate = true> <Delay = 0.00>
ST_2 : Operation 74 [1/1] (0.00ns) (grouped into TernaryAdder)   --->   "%add_ln17_49 = add i19 %sext_ln73_15, i19 %sext_ln17_189" [firmware/nnet_utils/nnet_dense_latency.h:17]   --->   Operation 74 'add' 'add_ln17_49' <Predicate = true> <Delay = 0.00> <CoreInst = "TAddSub">   --->   Core 10 'TAddSub' <Latency = 0> <II = 1> <Delay = 0.34> <IPBlock> <Opcode : 'add' 'sub'> <InPorts = 3> <OutPorts = 1> <Sync> <CReg>
ST_2 : Operation 75 [1/1] (0.00ns)   --->   "%sext_ln73_17 = sext i11 %data_2_val_read" [firmware/nnet_utils/nnet_mult.h:73->firmware/nnet_utils/nnet_dense_latency.h:42]   --->   Operation 75 'sext' 'sext_ln73_17' <Predicate = true> <Delay = 0.00>
ST_2 : Operation 76 [1/1] (0.00ns)   --->   "%sext_ln17_168 = sext i11 %data_2_val_read" [firmware/nnet_utils/nnet_dense_latency.h:17]   --->   Operation 76 'sext' 'sext_ln17_168' <Predicate = true> <Delay = 0.00>
ST_2 : Operation 77 [1/1] (0.00ns)   --->   "%tmp_393 = bitconcatenate i14 @_ssdm_op_BitConcatenate.i14.i11.i3, i11 %data_2_val_read, i3 0" [firmware/nnet_utils/nnet_mult.h:73->firmware/nnet_utils/nnet_dense_latency.h:42]   --->   Operation 77 'bitconcatenate' 'tmp_393' <Predicate = true> <Delay = 0.00>
ST_2 : Operation 78 [1/1] (0.00ns)   --->   "%sext_ln73_21 = sext i14 %tmp_393" [firmware/nnet_utils/nnet_mult.h:73->firmware/nnet_utils/nnet_dense_latency.h:42]   --->   Operation 78 'sext' 'sext_ln73_21' <Predicate = true> <Delay = 0.00>
ST_2 : Operation 79 [1/1] (0.00ns)   --->   "%tmp_394 = bitconcatenate i12 @_ssdm_op_BitConcatenate.i12.i11.i1, i11 %data_2_val_read, i1 0" [firmware/nnet_utils/nnet_mult.h:73->firmware/nnet_utils/nnet_dense_latency.h:42]   --->   Operation 79 'bitconcatenate' 'tmp_394' <Predicate = true> <Delay = 0.00>
ST_2 : Operation 80 [1/1] (0.00ns)   --->   "%sext_ln73_26 = sext i12 %tmp_394" [firmware/nnet_utils/nnet_mult.h:73->firmware/nnet_utils/nnet_dense_latency.h:42]   --->   Operation 80 'sext' 'sext_ln73_26' <Predicate = true> <Delay = 0.00>
ST_2 : Operation 81 [1/1] (0.00ns) (grouped into TernaryAdder)   --->   "%mult_269 = sub i15 %sext_ln73_21, i15 %sext_ln73_26" [firmware/nnet_utils/nnet_mult.h:73->firmware/nnet_utils/nnet_dense_latency.h:42]   --->   Operation 81 'sub' 'mult_269' <Predicate = true> <Delay = 0.00> <CoreInst = "TAddSub">   --->   Core 10 'TAddSub' <Latency = 0> <II = 1> <Delay = 0.34> <IPBlock> <Opcode : 'add' 'sub'> <InPorts = 3> <OutPorts = 1> <Sync> <CReg>
ST_2 : Operation 82 [1/1] (0.00ns)   --->   "%tmp_395 = bitconcatenate i16 @_ssdm_op_BitConcatenate.i16.i11.i5, i11 %data_2_val_read, i5 0" [firmware/nnet_utils/nnet_dense_latency.h:17]   --->   Operation 82 'bitconcatenate' 'tmp_395' <Predicate = true> <Delay = 0.00>
ST_2 : Operation 83 [1/1] (0.00ns)   --->   "%sext_ln17_192 = sext i16 %tmp_395" [firmware/nnet_utils/nnet_dense_latency.h:17]   --->   Operation 83 'sext' 'sext_ln17_192' <Predicate = true> <Delay = 0.00>
ST_2 : Operation 84 [1/1] (0.00ns)   --->   "%sext_ln17_193 = sext i14 %tmp_393" [firmware/nnet_utils/nnet_dense_latency.h:17]   --->   Operation 84 'sext' 'sext_ln17_193' <Predicate = true> <Delay = 0.00>
ST_2 : Operation 85 [1/1] (0.85ns)   --->   "%add_ln17_50 = add i17 %sext_ln17_192, i17 %sext_ln17_193" [firmware/nnet_utils/nnet_dense_latency.h:17]   --->   Operation 85 'add' 'add_ln17_50' <Predicate = true> <Delay = 0.85> <CoreInst = "Adder">   --->   Core 1 'Adder' <Latency = 0> <II = 1> <Delay = 0.85> <FuncUnit> <Opcode : 'add' 'sub'> <InPorts = 2> <OutPorts = 1>
ST_2 : Operation 86 [1/1] (2.14ns)   --->   "%mul_ln17_3 = mul i18 %sext_ln17_168, i18 262056" [firmware/nnet_utils/nnet_dense_latency.h:17]   --->   Operation 86 'mul' 'mul_ln17_3' <Predicate = true> <Delay = 2.14> <CoreInst = "Multiplier">   --->   Core 3 'Multiplier' <Latency = 0> <II = 1> <Delay = 2.14> <FuncUnit> <Opcode : 'mul'> <InPorts = 2> <OutPorts = 1>
ST_2 : Operation 87 [1/1] (0.00ns)   --->   "%mult_272 = bitconcatenate i17 @_ssdm_op_BitConcatenate.i17.i11.i6, i11 %data_2_val_read, i6 0" [firmware/nnet_utils/nnet_dense_latency.h:17]   --->   Operation 87 'bitconcatenate' 'mult_272' <Predicate = true> <Delay = 0.00>
ST_2 : Operation 88 [1/1] (0.00ns)   --->   "%mult_273 = bitconcatenate i13 @_ssdm_op_BitConcatenate.i13.i11.i2, i11 %data_2_val_read, i2 0" [firmware/nnet_utils/nnet_dense_latency.h:17]   --->   Operation 88 'bitconcatenate' 'mult_273' <Predicate = true> <Delay = 0.00>
ST_2 : Operation 89 [1/1] (0.00ns)   --->   "%sext_ln17_200 = sext i13 %mult_273" [firmware/nnet_utils/nnet_dense_latency.h:17]   --->   Operation 89 'sext' 'sext_ln17_200' <Predicate = true> <Delay = 0.00>
ST_2 : Operation 90 [1/1] (0.00ns) (grouped into TernaryAdder)   --->   "%sub_ln17_50 = sub i17 %mult_272, i17 %sext_ln17_200" [firmware/nnet_utils/nnet_dense_latency.h:17]   --->   Operation 90 'sub' 'sub_ln17_50' <Predicate = true> <Delay = 0.00> <CoreInst = "TAddSub">   --->   Core 10 'TAddSub' <Latency = 0> <II = 1> <Delay = 0.34> <IPBlock> <Opcode : 'add' 'sub'> <InPorts = 3> <OutPorts = 1> <Sync> <CReg>
ST_2 : Operation 91 [1/1] (0.00ns)   --->   "%p_shl39 = bitconcatenate i15 @_ssdm_op_BitConcatenate.i15.i11.i4, i11 %data_2_val_read, i4 0" [firmware/nnet_utils/nnet_dense_latency.h:17]   --->   Operation 91 'bitconcatenate' 'p_shl39' <Predicate = true> <Delay = 0.00>
ST_2 : Operation 92 [1/1] (0.00ns)   --->   "%sext_ln17_201 = sext i13 %mult_273" [firmware/nnet_utils/nnet_dense_latency.h:17]   --->   Operation 92 'sext' 'sext_ln17_201' <Predicate = true> <Delay = 0.00>
ST_2 : Operation 93 [1/1] (0.00ns) (grouped into TernaryAdder)   --->   "%sub_ln17_51 = sub i15 %sext_ln17_201, i15 %p_shl39" [firmware/nnet_utils/nnet_dense_latency.h:17]   --->   Operation 93 'sub' 'sub_ln17_51' <Predicate = true> <Delay = 0.00> <CoreInst = "TAddSub">   --->   Core 10 'TAddSub' <Latency = 0> <II = 1> <Delay = 0.34> <IPBlock> <Opcode : 'add' 'sub'> <InPorts = 3> <OutPorts = 1> <Sync> <CReg>
ST_2 : Operation 94 [1/1] (0.85ns)   --->   "%mult_270 = sub i17 %sext_ln17_193, i17 %sext_ln17_192" [firmware/nnet_utils/nnet_mult.h:73->firmware/nnet_utils/nnet_dense_latency.h:42]   --->   Operation 94 'sub' 'mult_270' <Predicate = true> <Delay = 0.85> <CoreInst = "Adder">   --->   Core 1 'Adder' <Latency = 0> <II = 1> <Delay = 0.85> <FuncUnit> <Opcode : 'add' 'sub'> <InPorts = 2> <OutPorts = 1>
ST_2 : Operation 95 [1/1] (0.00ns)   --->   "%trunc_ln17 = trunc i17 %mult_270" [firmware/nnet_utils/nnet_dense_latency.h:17]   --->   Operation 95 'trunc' 'trunc_ln17' <Predicate = true> <Delay = 0.00>
ST_2 : Operation 96 [1/1] (0.00ns)   --->   "%sext_ln17_170 = sext i17 %mult_270" [firmware/nnet_utils/nnet_dense_latency.h:17]   --->   Operation 96 'sext' 'sext_ln17_170' <Predicate = true> <Delay = 0.00>
ST_2 : Operation 97 [1/1] (0.85ns)   --->   "%mult_271 = sub i17 %sext_ln17_200, i17 %sext_ln17_192" [firmware/nnet_utils/nnet_mult.h:73->firmware/nnet_utils/nnet_dense_latency.h:42]   --->   Operation 97 'sub' 'mult_271' <Predicate = true> <Delay = 0.85> <CoreInst = "Adder">   --->   Core 1 'Adder' <Latency = 0> <II = 1> <Delay = 0.85> <FuncUnit> <Opcode : 'add' 'sub'> <InPorts = 2> <OutPorts = 1>
ST_2 : Operation 98 [1/1] (0.00ns)   --->   "%trunc_ln17_128 = trunc i17 %mult_271" [firmware/nnet_utils/nnet_dense_latency.h:17]   --->   Operation 98 'trunc' 'trunc_ln17_128' <Predicate = true> <Delay = 0.00>
ST_2 : Operation 99 [1/1] (0.00ns)   --->   "%sext_ln17_171 = sext i17 %mult_272" [firmware/nnet_utils/nnet_dense_latency.h:17]   --->   Operation 99 'sext' 'sext_ln17_171' <Predicate = true> <Delay = 0.00>
ST_2 : Operation 100 [1/1] (0.00ns)   --->   "%sext_ln17_172 = sext i13 %mult_273" [firmware/nnet_utils/nnet_dense_latency.h:17]   --->   Operation 100 'sext' 'sext_ln17_172' <Predicate = true> <Delay = 0.00>
ST_2 : Operation 101 [1/1] (0.00ns) (grouped into TernaryAdder)   --->   "%sub_ln17_52 = sub i15 %p_shl39, i15 %sext_ln17_201" [firmware/nnet_utils/nnet_dense_latency.h:17]   --->   Operation 101 'sub' 'sub_ln17_52' <Predicate = true> <Delay = 0.00> <CoreInst = "TAddSub">   --->   Core 10 'TAddSub' <Latency = 0> <II = 1> <Delay = 0.34> <IPBlock> <Opcode : 'add' 'sub'> <InPorts = 3> <OutPorts = 1> <Sync> <CReg>
ST_2 : Operation 102 [1/1] (0.00ns)   --->   "%sext_ln73_20 = sext i11 %data_3_val_read" [firmware/nnet_utils/nnet_mult.h:73->firmware/nnet_utils/nnet_dense_latency.h:42]   --->   Operation 102 'sext' 'sext_ln73_20' <Predicate = true> <Delay = 0.00>
ST_2 : Operation 103 [1/1] (0.00ns)   --->   "%tmp_397 = bitconcatenate i17 @_ssdm_op_BitConcatenate.i17.i11.i6, i11 %data_3_val_read, i6 0" [firmware/nnet_utils/nnet_mult.h:73->firmware/nnet_utils/nnet_dense_latency.h:42]   --->   Operation 103 'bitconcatenate' 'tmp_397' <Predicate = true> <Delay = 0.00>
ST_2 : Operation 104 [1/1] (0.00ns)   --->   "%sext_ln73_27 = sext i17 %tmp_397" [firmware/nnet_utils/nnet_mult.h:73->firmware/nnet_utils/nnet_dense_latency.h:42]   --->   Operation 104 'sext' 'sext_ln73_27' <Predicate = true> <Delay = 0.00>
ST_2 : Operation 105 [1/1] (0.00ns)   --->   "%tmp_398 = bitconcatenate i15 @_ssdm_op_BitConcatenate.i15.i11.i4, i11 %data_3_val_read, i4 0" [firmware/nnet_utils/nnet_mult.h:73->firmware/nnet_utils/nnet_dense_latency.h:42]   --->   Operation 105 'bitconcatenate' 'tmp_398' <Predicate = true> <Delay = 0.00>
ST_2 : Operation 106 [1/1] (0.00ns)   --->   "%sext_ln73_29 = sext i15 %tmp_398" [firmware/nnet_utils/nnet_mult.h:73->firmware/nnet_utils/nnet_dense_latency.h:42]   --->   Operation 106 'sext' 'sext_ln73_29' <Predicate = true> <Delay = 0.00>
ST_2 : Operation 107 [1/1] (0.86ns)   --->   "%mult_274 = sub i18 %sext_ln73_29, i18 %sext_ln73_27" [firmware/nnet_utils/nnet_mult.h:73->firmware/nnet_utils/nnet_dense_latency.h:42]   --->   Operation 107 'sub' 'mult_274' <Predicate = true> <Delay = 0.86> <CoreInst = "Adder">   --->   Core 1 'Adder' <Latency = 0> <II = 1> <Delay = 0.86> <FuncUnit> <Opcode : 'add' 'sub'> <InPorts = 2> <OutPorts = 1>
ST_2 : Operation 108 [1/1] (0.00ns)   --->   "%mult_275 = bitconcatenate i16 @_ssdm_op_BitConcatenate.i16.i11.i5, i11 %data_3_val_read, i5 0" [firmware/nnet_utils/nnet_mult.h:73->firmware/nnet_utils/nnet_dense_latency.h:42]   --->   Operation 108 'bitconcatenate' 'mult_275' <Predicate = true> <Delay = 0.00>
ST_2 : Operation 109 [1/1] (0.00ns)   --->   "%sext_ln17_174 = sext i16 %mult_275" [firmware/nnet_utils/nnet_dense_latency.h:17]   --->   Operation 109 'sext' 'sext_ln17_174' <Predicate = true> <Delay = 0.00>
ST_2 : Operation 110 [1/1] (0.00ns)   --->   "%tmp_399 = bitconcatenate i18 @_ssdm_op_BitConcatenate.i18.i11.i7, i11 %data_3_val_read, i7 0" [firmware/nnet_utils/nnet_dense_latency.h:17]   --->   Operation 110 'bitconcatenate' 'tmp_399' <Predicate = true> <Delay = 0.00>
ST_2 : Operation 111 [1/1] (0.00ns)   --->   "%sext_ln17_208 = sext i18 %tmp_399" [firmware/nnet_utils/nnet_dense_latency.h:17]   --->   Operation 111 'sext' 'sext_ln17_208' <Predicate = true> <Delay = 0.00>
ST_2 : Operation 112 [1/1] (0.00ns) (grouped into TernaryAdder)   --->   "%sub_ln17_53 = sub i19 0, i19 %sext_ln17_208" [firmware/nnet_utils/nnet_dense_latency.h:17]   --->   Operation 112 'sub' 'sub_ln17_53' <Predicate = true> <Delay = 0.00> <CoreInst = "TAddSub">   --->   Core 10 'TAddSub' <Latency = 0> <II = 1> <Delay = 0.34> <IPBlock> <Opcode : 'add' 'sub'> <InPorts = 3> <OutPorts = 1> <Sync> <CReg>
ST_2 : Operation 113 [1/1] (0.00ns)   --->   "%sext_ln17_209 = sext i16 %mult_275" [firmware/nnet_utils/nnet_dense_latency.h:17]   --->   Operation 113 'sext' 'sext_ln17_209' <Predicate = true> <Delay = 0.00>
ST_2 : Operation 114 [1/1] (0.69ns) (root node of TernaryAdder)   --->   "%sub_ln17_54 = sub i19 %sub_ln17_53, i19 %sext_ln17_209" [firmware/nnet_utils/nnet_dense_latency.h:17]   --->   Operation 114 'sub' 'sub_ln17_54' <Predicate = true> <Delay = 0.69> <CoreInst = "TAddSub">   --->   Core 10 'TAddSub' <Latency = 0> <II = 1> <Delay = 0.34> <IPBlock> <Opcode : 'add' 'sub'> <InPorts = 3> <OutPorts = 1> <Sync> <CReg>
ST_2 : Operation 115 [1/1] (0.00ns)   --->   "%sext_ln73_31 = sext i17 %tmp_397" [firmware/nnet_utils/nnet_mult.h:73->firmware/nnet_utils/nnet_dense_latency.h:42]   --->   Operation 115 'sext' 'sext_ln73_31' <Predicate = true> <Delay = 0.00>
ST_2 : Operation 116 [1/1] (0.00ns)   --->   "%sext_ln73_32 = sext i15 %tmp_398" [firmware/nnet_utils/nnet_mult.h:73->firmware/nnet_utils/nnet_dense_latency.h:42]   --->   Operation 116 'sext' 'sext_ln73_32' <Predicate = true> <Delay = 0.00>
ST_2 : Operation 117 [1/1] (0.86ns)   --->   "%mult_276 = add i19 %sext_ln73_31, i19 %sext_ln73_32" [firmware/nnet_utils/nnet_mult.h:73->firmware/nnet_utils/nnet_dense_latency.h:42]   --->   Operation 117 'add' 'mult_276' <Predicate = true> <Delay = 0.86> <CoreInst = "Adder">   --->   Core 1 'Adder' <Latency = 0> <II = 1> <Delay = 0.86> <FuncUnit> <Opcode : 'add' 'sub'> <InPorts = 2> <OutPorts = 1>
ST_2 : Operation 118 [1/1] (0.00ns)   --->   "%mult_281 = bitconcatenate i14 @_ssdm_op_BitConcatenate.i14.i11.i3, i11 %data_3_val_read, i3 0" [firmware/nnet_utils/nnet_mult.h:73->firmware/nnet_utils/nnet_dense_latency.h:42]   --->   Operation 118 'bitconcatenate' 'mult_281' <Predicate = true> <Delay = 0.00>
ST_2 : Operation 119 [1/1] (0.00ns)   --->   "%sext_ln73_33 = sext i14 %mult_281" [firmware/nnet_utils/nnet_mult.h:73->firmware/nnet_utils/nnet_dense_latency.h:42]   --->   Operation 119 'sext' 'sext_ln73_33' <Predicate = true> <Delay = 0.00>
ST_2 : Operation 120 [1/1] (0.83ns)   --->   "%mult_277 = sub i15 0, i15 %sext_ln73_33" [firmware/nnet_utils/nnet_mult.h:73->firmware/nnet_utils/nnet_dense_latency.h:42]   --->   Operation 120 'sub' 'mult_277' <Predicate = true> <Delay = 0.83> <CoreInst = "Adder">   --->   Core 1 'Adder' <Latency = 0> <II = 1> <Delay = 0.83> <FuncUnit> <Opcode : 'add' 'sub'> <InPorts = 2> <OutPorts = 1>
ST_2 : Operation 121 [1/1] (0.00ns)   --->   "%sext_ln17_175 = sext i15 %mult_277" [firmware/nnet_utils/nnet_dense_latency.h:17]   --->   Operation 121 'sext' 'sext_ln17_175' <Predicate = true> <Delay = 0.00>
ST_2 : Operation 122 [1/1] (0.00ns)   --->   "%sext_ln17_210 = sext i16 %mult_275" [firmware/nnet_utils/nnet_dense_latency.h:17]   --->   Operation 122 'sext' 'sext_ln17_210' <Predicate = true> <Delay = 0.00>
ST_2 : Operation 123 [1/1] (0.87ns)   --->   "%sub_ln17_55 = sub i18 %sext_ln17_210, i18 %tmp_399" [firmware/nnet_utils/nnet_dense_latency.h:17]   --->   Operation 123 'sub' 'sub_ln17_55' <Predicate = true> <Delay = 0.87> <CoreInst = "Adder">   --->   Core 1 'Adder' <Latency = 0> <II = 1> <Delay = 0.87> <FuncUnit> <Opcode : 'add' 'sub'> <InPorts = 2> <OutPorts = 1>
ST_2 : Operation 124 [1/1] (0.00ns)   --->   "%mult_278 = bitconcatenate i13 @_ssdm_op_BitConcatenate.i13.i11.i2, i11 %data_3_val_read, i2 0" [firmware/nnet_utils/nnet_mult.h:73->firmware/nnet_utils/nnet_dense_latency.h:42]   --->   Operation 124 'bitconcatenate' 'mult_278' <Predicate = true> <Delay = 0.00>
ST_2 : Operation 125 [1/1] (0.00ns)   --->   "%sext_ln17_176 = sext i13 %mult_278" [firmware/nnet_utils/nnet_dense_latency.h:17]   --->   Operation 125 'sext' 'sext_ln17_176' <Predicate = true> <Delay = 0.00>
ST_2 : Operation 126 [1/1] (2.14ns)   --->   "%mult_279 = mul i18 %sext_ln73_22, i18 46" [firmware/nnet_utils/nnet_mult.h:73->firmware/nnet_utils/nnet_dense_latency.h:42]   --->   Operation 126 'mul' 'mult_279' <Predicate = true> <Delay = 2.14> <CoreInst = "Multiplier">   --->   Core 3 'Multiplier' <Latency = 0> <II = 1> <Delay = 2.14> <FuncUnit> <Opcode : 'mul'> <InPorts = 2> <OutPorts = 1>
ST_2 : Operation 127 [1/1] (0.00ns)   --->   "%sext_ln73_38 = sext i14 %mult_281" [firmware/nnet_utils/nnet_mult.h:73->firmware/nnet_utils/nnet_dense_latency.h:42]   --->   Operation 127 'sext' 'sext_ln73_38' <Predicate = true> <Delay = 0.00>
ST_2 : Operation 128 [1/1] (0.87ns)   --->   "%mult_280 = sub i19 %sext_ln73_38, i19 %sext_ln17_208" [firmware/nnet_utils/nnet_mult.h:73->firmware/nnet_utils/nnet_dense_latency.h:42]   --->   Operation 128 'sub' 'mult_280' <Predicate = true> <Delay = 0.87> <CoreInst = "Adder">   --->   Core 1 'Adder' <Latency = 0> <II = 1> <Delay = 0.87> <FuncUnit> <Opcode : 'add' 'sub'> <InPorts = 2> <OutPorts = 1>
ST_2 : Operation 129 [1/1] (0.00ns)   --->   "%sext_ln17_177 = sext i14 %mult_281" [firmware/nnet_utils/nnet_dense_latency.h:17]   --->   Operation 129 'sext' 'sext_ln17_177' <Predicate = true> <Delay = 0.00>
ST_2 : Operation 130 [1/1] (0.00ns)   --->   "%sext_ln73_23 = sext i11 %data_4_val_read" [firmware/nnet_utils/nnet_mult.h:73->firmware/nnet_utils/nnet_dense_latency.h:42]   --->   Operation 130 'sext' 'sext_ln73_23' <Predicate = true> <Delay = 0.00>
ST_2 : Operation 131 [1/1] (0.00ns)   --->   "%mult_286 = bitconcatenate i15 @_ssdm_op_BitConcatenate.i15.i11.i4, i11 %data_4_val_read, i4 0" [firmware/nnet_utils/nnet_mult.h:73->firmware/nnet_utils/nnet_dense_latency.h:42]   --->   Operation 131 'bitconcatenate' 'mult_286' <Predicate = true> <Delay = 0.00>
ST_2 : Operation 132 [1/1] (0.00ns)   --->   "%sext_ln73_39 = sext i15 %mult_286" [firmware/nnet_utils/nnet_mult.h:73->firmware/nnet_utils/nnet_dense_latency.h:42]   --->   Operation 132 'sext' 'sext_ln73_39' <Predicate = true> <Delay = 0.00>
ST_2 : Operation 133 [1/1] (0.00ns)   --->   "%mult_288 = bitconcatenate i13 @_ssdm_op_BitConcatenate.i13.i11.i2, i11 %data_4_val_read, i2 0" [firmware/nnet_utils/nnet_mult.h:73->firmware/nnet_utils/nnet_dense_latency.h:42]   --->   Operation 133 'bitconcatenate' 'mult_288' <Predicate = true> <Delay = 0.00>
ST_2 : Operation 134 [1/1] (0.00ns)   --->   "%sext_ln73_41 = sext i13 %mult_288" [firmware/nnet_utils/nnet_mult.h:73->firmware/nnet_utils/nnet_dense_latency.h:42]   --->   Operation 134 'sext' 'sext_ln73_41' <Predicate = true> <Delay = 0.00>
ST_2 : Operation 135 [1/1] (0.84ns)   --->   "%mult_282 = sub i16 %sext_ln73_41, i16 %sext_ln73_39" [firmware/nnet_utils/nnet_mult.h:73->firmware/nnet_utils/nnet_dense_latency.h:42]   --->   Operation 135 'sub' 'mult_282' <Predicate = true> <Delay = 0.84> <CoreInst = "Adder">   --->   Core 1 'Adder' <Latency = 0> <II = 1> <Delay = 0.84> <FuncUnit> <Opcode : 'add' 'sub'> <InPorts = 2> <OutPorts = 1>
ST_2 : Operation 136 [1/1] (0.00ns)   --->   "%sext_ln17_178 = sext i16 %mult_282" [firmware/nnet_utils/nnet_dense_latency.h:17]   --->   Operation 136 'sext' 'sext_ln17_178' <Predicate = true> <Delay = 0.00>
ST_2 : Operation 137 [1/1] (0.00ns)   --->   "%tmp_403 = bitconcatenate i17 @_ssdm_op_BitConcatenate.i17.i11.i6, i11 %data_4_val_read, i6 0" [firmware/nnet_utils/nnet_mult.h:73->firmware/nnet_utils/nnet_dense_latency.h:42]   --->   Operation 137 'bitconcatenate' 'tmp_403' <Predicate = true> <Delay = 0.00>
ST_2 : Operation 138 [1/1] (0.00ns)   --->   "%sext_ln73_44 = sext i17 %tmp_403" [firmware/nnet_utils/nnet_mult.h:73->firmware/nnet_utils/nnet_dense_latency.h:42]   --->   Operation 138 'sext' 'sext_ln73_44' <Predicate = true> <Delay = 0.00>
ST_2 : Operation 139 [1/1] (0.00ns)   --->   "%sext_ln17_179 = sext i18 %mult_283" [firmware/nnet_utils/nnet_dense_latency.h:17]   --->   Operation 139 'sext' 'sext_ln17_179' <Predicate = true> <Delay = 0.00>
ST_2 : Operation 140 [1/1] (0.00ns)   --->   "%sext_ln73_45 = sext i13 %mult_288" [firmware/nnet_utils/nnet_mult.h:73->firmware/nnet_utils/nnet_dense_latency.h:42]   --->   Operation 140 'sext' 'sext_ln73_45' <Predicate = true> <Delay = 0.00>
ST_2 : Operation 141 [1/1] (0.00ns) (grouped into TernaryAdder)   --->   "%mult_284 = sub i18 %sext_ln73_45, i18 %sext_ln73_44" [firmware/nnet_utils/nnet_mult.h:73->firmware/nnet_utils/nnet_dense_latency.h:42]   --->   Operation 141 'sub' 'mult_284' <Predicate = true> <Delay = 0.00> <CoreInst = "TAddSub">   --->   Core 10 'TAddSub' <Latency = 0> <II = 1> <Delay = 0.34> <IPBlock> <Opcode : 'add' 'sub'> <InPorts = 3> <OutPorts = 1> <Sync> <CReg>
ST_2 : Operation 142 [1/1] (0.00ns)   --->   "%sext_ln73_47 = sext i15 %mult_286" [firmware/nnet_utils/nnet_mult.h:73->firmware/nnet_utils/nnet_dense_latency.h:42]   --->   Operation 142 'sext' 'sext_ln73_47' <Predicate = true> <Delay = 0.00>
ST_2 : Operation 143 [1/1] (0.00ns) (grouped into TernaryAdder)   --->   "%sub_ln73 = sub i17 0, i17 %sext_ln73_47" [firmware/nnet_utils/nnet_mult.h:73->firmware/nnet_utils/nnet_dense_latency.h:42]   --->   Operation 143 'sub' 'sub_ln73' <Predicate = true> <Delay = 0.00> <CoreInst = "TAddSub">   --->   Core 10 'TAddSub' <Latency = 0> <II = 1> <Delay = 0.34> <IPBlock> <Opcode : 'add' 'sub'> <InPorts = 3> <OutPorts = 1> <Sync> <CReg>
ST_2 : Operation 144 [1/1] (0.00ns)   --->   "%sext_ln73_48 = sext i13 %mult_288" [firmware/nnet_utils/nnet_mult.h:73->firmware/nnet_utils/nnet_dense_latency.h:42]   --->   Operation 144 'sext' 'sext_ln73_48' <Predicate = true> <Delay = 0.00>
ST_2 : Operation 145 [1/1] (0.68ns) (root node of TernaryAdder)   --->   "%mult_285 = sub i17 %sub_ln73, i17 %sext_ln73_48" [firmware/nnet_utils/nnet_mult.h:73->firmware/nnet_utils/nnet_dense_latency.h:42]   --->   Operation 145 'sub' 'mult_285' <Predicate = true> <Delay = 0.68> <CoreInst = "TAddSub">   --->   Core 10 'TAddSub' <Latency = 0> <II = 1> <Delay = 0.34> <IPBlock> <Opcode : 'add' 'sub'> <InPorts = 3> <OutPorts = 1> <Sync> <CReg>
ST_2 : Operation 146 [1/1] (0.00ns)   --->   "%sext_ln17_180 = sext i17 %mult_285" [firmware/nnet_utils/nnet_dense_latency.h:17]   --->   Operation 146 'sext' 'sext_ln17_180' <Predicate = true> <Delay = 0.00>
ST_2 : Operation 147 [1/1] (0.00ns)   --->   "%mult_287 = bitconcatenate i14 @_ssdm_op_BitConcatenate.i14.i11.i3, i11 %data_4_val_read, i3 0" [firmware/nnet_utils/nnet_mult.h:73->firmware/nnet_utils/nnet_dense_latency.h:42]   --->   Operation 147 'bitconcatenate' 'mult_287' <Predicate = true> <Delay = 0.00>
ST_2 : Operation 148 [1/1] (0.00ns)   --->   "%sext_ln17_182 = sext i14 %mult_287" [firmware/nnet_utils/nnet_dense_latency.h:17]   --->   Operation 148 'sext' 'sext_ln17_182' <Predicate = true> <Delay = 0.00>
ST_2 : Operation 149 [1/1] (0.00ns)   --->   "%sext_ln17_183 = sext i13 %mult_288" [firmware/nnet_utils/nnet_dense_latency.h:17]   --->   Operation 149 'sext' 'sext_ln17_183' <Predicate = true> <Delay = 0.00>
ST_2 : Operation 150 [1/1] (0.00ns)   --->   "%sext_ln70_3 = sext i11 %data_5_val_read" [firmware/nnet_utils/nnet_mult.h:70->firmware/nnet_utils/nnet_dense_latency.h:42]   --->   Operation 150 'sext' 'sext_ln70_3' <Predicate = true> <Delay = 0.00>
ST_2 : Operation 151 [1/1] (0.00ns)   --->   "%sext_ln70_4 = sext i11 %data_5_val_read" [firmware/nnet_utils/nnet_mult.h:70->firmware/nnet_utils/nnet_dense_latency.h:42]   --->   Operation 151 'sext' 'sext_ln70_4' <Predicate = true> <Delay = 0.00>
ST_2 : Operation 152 [1/1] (0.00ns)   --->   "%mult_289 = bitconcatenate i13 @_ssdm_op_BitConcatenate.i13.i11.i2, i11 %data_5_val_read, i2 0" [firmware/nnet_utils/nnet_mult.h:73->firmware/nnet_utils/nnet_dense_latency.h:42]   --->   Operation 152 'bitconcatenate' 'mult_289' <Predicate = true> <Delay = 0.00>
ST_2 : Operation 153 [1/1] (0.00ns)   --->   "%sext_ln17_184 = sext i13 %mult_289" [firmware/nnet_utils/nnet_dense_latency.h:17]   --->   Operation 153 'sext' 'sext_ln17_184' <Predicate = true> <Delay = 0.00>
ST_2 : Operation 154 [1/1] (0.00ns)   --->   "%sext_ln17_185 = sext i13 %mult_289" [firmware/nnet_utils/nnet_dense_latency.h:17]   --->   Operation 154 'sext' 'sext_ln17_185' <Predicate = true> <Delay = 0.00>
ST_2 : Operation 155 [1/1] (0.00ns)   --->   "%mult_291 = bitconcatenate i15 @_ssdm_op_BitConcatenate.i15.i11.i4, i11 %data_5_val_read, i4 0" [firmware/nnet_utils/nnet_mult.h:73->firmware/nnet_utils/nnet_dense_latency.h:42]   --->   Operation 155 'bitconcatenate' 'mult_291' <Predicate = true> <Delay = 0.00>
ST_2 : Operation 156 [1/1] (0.00ns)   --->   "%sext_ln73_49 = sext i15 %mult_291" [firmware/nnet_utils/nnet_mult.h:73->firmware/nnet_utils/nnet_dense_latency.h:42]   --->   Operation 156 'sext' 'sext_ln73_49' <Predicate = true> <Delay = 0.00>
ST_2 : Operation 157 [1/1] (0.00ns)   --->   "%sext_ln73_51 = sext i13 %mult_289" [firmware/nnet_utils/nnet_mult.h:73->firmware/nnet_utils/nnet_dense_latency.h:42]   --->   Operation 157 'sext' 'sext_ln73_51' <Predicate = true> <Delay = 0.00>
ST_2 : Operation 158 [1/1] (0.84ns)   --->   "%mult_290 = sub i16 %sext_ln73_51, i16 %sext_ln73_49" [firmware/nnet_utils/nnet_mult.h:73->firmware/nnet_utils/nnet_dense_latency.h:42]   --->   Operation 158 'sub' 'mult_290' <Predicate = true> <Delay = 0.84> <CoreInst = "Adder">   --->   Core 1 'Adder' <Latency = 0> <II = 1> <Delay = 0.84> <FuncUnit> <Opcode : 'add' 'sub'> <InPorts = 2> <OutPorts = 1>
ST_2 : Operation 159 [1/1] (0.00ns)   --->   "%sext_ln17_186 = sext i16 %mult_290" [firmware/nnet_utils/nnet_dense_latency.h:17]   --->   Operation 159 'sext' 'sext_ln17_186' <Predicate = true> <Delay = 0.00>
ST_2 : Operation 160 [1/1] (0.00ns)   --->   "%tmp_405 = bitconcatenate i12 @_ssdm_op_BitConcatenate.i12.i11.i1, i11 %data_5_val_read, i1 0" [firmware/nnet_utils/nnet_mult.h:73->firmware/nnet_utils/nnet_dense_latency.h:42]   --->   Operation 160 'bitconcatenate' 'tmp_405' <Predicate = true> <Delay = 0.00>
ST_2 : Operation 161 [1/1] (0.00ns)   --->   "%sext_ln73_53 = sext i12 %tmp_405" [firmware/nnet_utils/nnet_mult.h:73->firmware/nnet_utils/nnet_dense_latency.h:42]   --->   Operation 161 'sext' 'sext_ln73_53' <Predicate = true> <Delay = 0.00>
ST_2 : Operation 162 [1/1] (0.84ns)   --->   "%mult_292 = sub i16 %sext_ln73_49, i16 %sext_ln73_53" [firmware/nnet_utils/nnet_mult.h:73->firmware/nnet_utils/nnet_dense_latency.h:42]   --->   Operation 162 'sub' 'mult_292' <Predicate = true> <Delay = 0.84> <CoreInst = "Adder">   --->   Core 1 'Adder' <Latency = 0> <II = 1> <Delay = 0.84> <FuncUnit> <Opcode : 'add' 'sub'> <InPorts = 2> <OutPorts = 1>
ST_2 : Operation 163 [1/1] (0.00ns)   --->   "%sext_ln17_188 = sext i16 %mult_292" [firmware/nnet_utils/nnet_dense_latency.h:17]   --->   Operation 163 'sext' 'sext_ln17_188' <Predicate = true> <Delay = 0.00>
ST_2 : Operation 164 [1/1] (0.00ns)   --->   "%tmp_406 = bitconcatenate i16 @_ssdm_op_BitConcatenate.i16.i11.i5, i11 %data_5_val_read, i5 0" [firmware/nnet_utils/nnet_mult.h:73->firmware/nnet_utils/nnet_dense_latency.h:42]   --->   Operation 164 'bitconcatenate' 'tmp_406' <Predicate = true> <Delay = 0.00>
ST_2 : Operation 165 [1/1] (0.00ns)   --->   "%sext_ln73_54 = sext i16 %tmp_406" [firmware/nnet_utils/nnet_mult.h:73->firmware/nnet_utils/nnet_dense_latency.h:42]   --->   Operation 165 'sext' 'sext_ln73_54' <Predicate = true> <Delay = 0.00>
ST_2 : Operation 166 [1/1] (0.00ns)   --->   "%mult_294 = bitconcatenate i14 @_ssdm_op_BitConcatenate.i14.i11.i3, i11 %data_5_val_read, i3 0" [firmware/nnet_utils/nnet_mult.h:73->firmware/nnet_utils/nnet_dense_latency.h:42]   --->   Operation 166 'bitconcatenate' 'mult_294' <Predicate = true> <Delay = 0.00>
ST_2 : Operation 167 [1/1] (0.00ns)   --->   "%sext_ln73_56 = sext i14 %mult_294" [firmware/nnet_utils/nnet_mult.h:73->firmware/nnet_utils/nnet_dense_latency.h:42]   --->   Operation 167 'sext' 'sext_ln73_56' <Predicate = true> <Delay = 0.00>
ST_2 : Operation 168 [1/1] (0.83ns)   --->   "%mult_293 = sub i15 0, i15 %sext_ln73_56" [firmware/nnet_utils/nnet_mult.h:73->firmware/nnet_utils/nnet_dense_latency.h:42]   --->   Operation 168 'sub' 'mult_293' <Predicate = true> <Delay = 0.83> <CoreInst = "Adder">   --->   Core 1 'Adder' <Latency = 0> <II = 1> <Delay = 0.83> <FuncUnit> <Opcode : 'add' 'sub'> <InPorts = 2> <OutPorts = 1>
ST_2 : Operation 169 [1/1] (0.00ns)   --->   "%sext_ln17_190 = sext i15 %mult_293" [firmware/nnet_utils/nnet_dense_latency.h:17]   --->   Operation 169 'sext' 'sext_ln17_190' <Predicate = true> <Delay = 0.00>
ST_2 : Operation 170 [1/1] (0.00ns)   --->   "%sext_ln17_191 = sext i14 %mult_294" [firmware/nnet_utils/nnet_dense_latency.h:17]   --->   Operation 170 'sext' 'sext_ln17_191' <Predicate = true> <Delay = 0.00>
ST_2 : Operation 171 [1/1] (0.00ns)   --->   "%mult_296 = bitconcatenate i12 @_ssdm_op_BitConcatenate.i12.i11.i1, i11 %data_6_val_read, i1 0" [firmware/nnet_utils/nnet_mult.h:73->firmware/nnet_utils/nnet_dense_latency.h:42]   --->   Operation 171 'bitconcatenate' 'mult_296' <Predicate = true> <Delay = 0.00>
ST_2 : Operation 172 [1/1] (0.00ns)   --->   "%sext_ln73_57 = sext i12 %mult_296" [firmware/nnet_utils/nnet_mult.h:73->firmware/nnet_utils/nnet_dense_latency.h:42]   --->   Operation 172 'sext' 'sext_ln73_57' <Predicate = true> <Delay = 0.00>
ST_2 : Operation 173 [1/1] (0.80ns)   --->   "%mult_295 = sub i13 0, i13 %sext_ln73_57" [firmware/nnet_utils/nnet_mult.h:73->firmware/nnet_utils/nnet_dense_latency.h:42]   --->   Operation 173 'sub' 'mult_295' <Predicate = true> <Delay = 0.80> <CoreInst = "Adder">   --->   Core 1 'Adder' <Latency = 0> <II = 1> <Delay = 0.80> <FuncUnit> <Opcode : 'add' 'sub'> <InPorts = 2> <OutPorts = 1>
ST_2 : Operation 174 [1/1] (0.00ns)   --->   "%sext_ln17_194 = sext i13 %mult_295" [firmware/nnet_utils/nnet_dense_latency.h:17]   --->   Operation 174 'sext' 'sext_ln17_194' <Predicate = true> <Delay = 0.00>
ST_2 : Operation 175 [1/1] (0.00ns)   --->   "%sext_ln17_195 = sext i12 %mult_296" [firmware/nnet_utils/nnet_dense_latency.h:17]   --->   Operation 175 'sext' 'sext_ln17_195' <Predicate = true> <Delay = 0.00>
ST_2 : Operation 176 [1/1] (0.00ns)   --->   "%tmp_409 = bitconcatenate i15 @_ssdm_op_BitConcatenate.i15.i11.i4, i11 %data_6_val_read, i4 0" [firmware/nnet_utils/nnet_mult.h:73->firmware/nnet_utils/nnet_dense_latency.h:42]   --->   Operation 176 'bitconcatenate' 'tmp_409' <Predicate = true> <Delay = 0.00>
ST_2 : Operation 177 [1/1] (0.00ns)   --->   "%sext_ln73_58 = sext i15 %tmp_409" [firmware/nnet_utils/nnet_mult.h:73->firmware/nnet_utils/nnet_dense_latency.h:42]   --->   Operation 177 'sext' 'sext_ln73_58' <Predicate = true> <Delay = 0.00>
ST_2 : Operation 178 [1/1] (0.84ns)   --->   "%mult_297 = sub i16 0, i16 %sext_ln73_58" [firmware/nnet_utils/nnet_mult.h:73->firmware/nnet_utils/nnet_dense_latency.h:42]   --->   Operation 178 'sub' 'mult_297' <Predicate = true> <Delay = 0.84> <CoreInst = "Adder">   --->   Core 1 'Adder' <Latency = 0> <II = 1> <Delay = 0.84> <FuncUnit> <Opcode : 'add' 'sub'> <InPorts = 2> <OutPorts = 1>
ST_2 : Operation 179 [1/1] (0.00ns)   --->   "%sext_ln17_196 = sext i16 %mult_297" [firmware/nnet_utils/nnet_dense_latency.h:17]   --->   Operation 179 'sext' 'sext_ln17_196' <Predicate = true> <Delay = 0.00>
ST_2 : Operation 180 [1/1] (0.00ns)   --->   "%p_shl40 = bitconcatenate i18 @_ssdm_op_BitConcatenate.i18.i11.i7, i11 %data_6_val_read, i7 0" [firmware/nnet_utils/nnet_dense_latency.h:17]   --->   Operation 180 'bitconcatenate' 'p_shl40' <Predicate = true> <Delay = 0.00>
ST_2 : Operation 181 [1/1] (0.00ns)   --->   "%tmp_410 = bitconcatenate i16 @_ssdm_op_BitConcatenate.i16.i11.i5, i11 %data_6_val_read, i5 0" [firmware/nnet_utils/nnet_dense_latency.h:17]   --->   Operation 181 'bitconcatenate' 'tmp_410' <Predicate = true> <Delay = 0.00>
ST_2 : Operation 182 [1/1] (0.00ns)   --->   "%sext_ln17_213 = sext i16 %tmp_410" [firmware/nnet_utils/nnet_dense_latency.h:17]   --->   Operation 182 'sext' 'sext_ln17_213' <Predicate = true> <Delay = 0.00>
ST_2 : Operation 183 [1/1] (0.87ns)   --->   "%sub_ln17_56 = sub i18 %sext_ln17_213, i18 %p_shl40" [firmware/nnet_utils/nnet_dense_latency.h:17]   --->   Operation 183 'sub' 'sub_ln17_56' <Predicate = true> <Delay = 0.87> <CoreInst = "Adder">   --->   Core 1 'Adder' <Latency = 0> <II = 1> <Delay = 0.87> <FuncUnit> <Opcode : 'add' 'sub'> <InPorts = 2> <OutPorts = 1>
ST_2 : Operation 184 [1/1] (0.00ns)   --->   "%p_shl41 = bitconcatenate i17 @_ssdm_op_BitConcatenate.i17.i11.i6, i11 %data_6_val_read, i6 0" [firmware/nnet_utils/nnet_dense_latency.h:17]   --->   Operation 184 'bitconcatenate' 'p_shl41' <Predicate = true> <Delay = 0.00>
ST_2 : Operation 185 [1/1] (0.00ns)   --->   "%sext_ln17_220 = sext i15 %tmp_409" [firmware/nnet_utils/nnet_dense_latency.h:17]   --->   Operation 185 'sext' 'sext_ln17_220' <Predicate = true> <Delay = 0.00>
ST_2 : Operation 186 [1/1] (0.00ns) (grouped into TernaryAdder)   --->   "%sub_ln17_57 = sub i17 %p_shl41, i17 %sext_ln17_220" [firmware/nnet_utils/nnet_dense_latency.h:17]   --->   Operation 186 'sub' 'sub_ln17_57' <Predicate = true> <Delay = 0.00> <CoreInst = "TAddSub">   --->   Core 10 'TAddSub' <Latency = 0> <II = 1> <Delay = 0.34> <IPBlock> <Opcode : 'add' 'sub'> <InPorts = 3> <OutPorts = 1> <Sync> <CReg>
ST_2 : Operation 187 [1/1] (0.00ns)   --->   "%sext_ln73_30 = sext i11 %data_7_val_read" [firmware/nnet_utils/nnet_mult.h:73->firmware/nnet_utils/nnet_dense_latency.h:42]   --->   Operation 187 'sext' 'sext_ln73_30' <Predicate = true> <Delay = 0.00>
ST_2 : Operation 188 [1/1] (0.00ns)   --->   "%tmp_411 = bitconcatenate i15 @_ssdm_op_BitConcatenate.i15.i11.i4, i11 %data_7_val_read, i4 0" [firmware/nnet_utils/nnet_mult.h:73->firmware/nnet_utils/nnet_dense_latency.h:42]   --->   Operation 188 'bitconcatenate' 'tmp_411' <Predicate = true> <Delay = 0.00>
ST_2 : Operation 189 [1/1] (0.00ns)   --->   "%sext_ln73_59 = sext i15 %tmp_411" [firmware/nnet_utils/nnet_mult.h:73->firmware/nnet_utils/nnet_dense_latency.h:42]   --->   Operation 189 'sext' 'sext_ln73_59' <Predicate = true> <Delay = 0.00>
ST_2 : Operation 190 [1/1] (0.00ns)   --->   "%tmp_412 = bitconcatenate i13 @_ssdm_op_BitConcatenate.i13.i11.i2, i11 %data_7_val_read, i2 0" [firmware/nnet_utils/nnet_mult.h:73->firmware/nnet_utils/nnet_dense_latency.h:42]   --->   Operation 190 'bitconcatenate' 'tmp_412' <Predicate = true> <Delay = 0.00>
ST_2 : Operation 191 [1/1] (0.00ns)   --->   "%sext_ln73_62 = sext i13 %tmp_412" [firmware/nnet_utils/nnet_mult.h:73->firmware/nnet_utils/nnet_dense_latency.h:42]   --->   Operation 191 'sext' 'sext_ln73_62' <Predicate = true> <Delay = 0.00>
ST_2 : Operation 192 [1/1] (0.84ns)   --->   "%mult_298 = sub i16 %sext_ln73_59, i16 %sext_ln73_62" [firmware/nnet_utils/nnet_mult.h:73->firmware/nnet_utils/nnet_dense_latency.h:42]   --->   Operation 192 'sub' 'mult_298' <Predicate = true> <Delay = 0.84> <CoreInst = "Adder">   --->   Core 1 'Adder' <Latency = 0> <II = 1> <Delay = 0.84> <FuncUnit> <Opcode : 'add' 'sub'> <InPorts = 2> <OutPorts = 1>
ST_2 : Operation 193 [1/1] (0.00ns)   --->   "%sext_ln17_197 = sext i16 %mult_298" [firmware/nnet_utils/nnet_dense_latency.h:17]   --->   Operation 193 'sext' 'sext_ln17_197' <Predicate = true> <Delay = 0.00>
ST_2 : Operation 194 [1/1] (0.00ns)   --->   "%mult_299 = bitconcatenate i14 @_ssdm_op_BitConcatenate.i14.i11.i3, i11 %data_7_val_read, i3 0" [firmware/nnet_utils/nnet_mult.h:73->firmware/nnet_utils/nnet_dense_latency.h:42]   --->   Operation 194 'bitconcatenate' 'mult_299' <Predicate = true> <Delay = 0.00>
ST_2 : Operation 195 [1/1] (0.00ns)   --->   "%sext_ln17_198 = sext i14 %mult_299" [firmware/nnet_utils/nnet_dense_latency.h:17]   --->   Operation 195 'sext' 'sext_ln17_198' <Predicate = true> <Delay = 0.00>
ST_2 : Operation 196 [1/1] (0.00ns)   --->   "%sext_ln17_199 = sext i14 %mult_299" [firmware/nnet_utils/nnet_dense_latency.h:17]   --->   Operation 196 'sext' 'sext_ln17_199' <Predicate = true> <Delay = 0.00>
ST_2 : Operation 197 [1/1] (0.00ns)   --->   "%tmp_413 = bitconcatenate i16 @_ssdm_op_BitConcatenate.i16.i11.i5, i11 %data_7_val_read, i5 0" [firmware/nnet_utils/nnet_mult.h:73->firmware/nnet_utils/nnet_dense_latency.h:42]   --->   Operation 197 'bitconcatenate' 'tmp_413' <Predicate = true> <Delay = 0.00>
ST_2 : Operation 198 [1/1] (0.00ns)   --->   "%mult_300 = bitconcatenate i12 @_ssdm_op_BitConcatenate.i12.i11.i1, i11 %data_7_val_read, i1 0" [firmware/nnet_utils/nnet_mult.h:73->firmware/nnet_utils/nnet_dense_latency.h:42]   --->   Operation 198 'bitconcatenate' 'mult_300' <Predicate = true> <Delay = 0.00>
ST_2 : Operation 199 [1/1] (0.00ns)   --->   "%sext_ln17_202 = sext i12 %mult_300" [firmware/nnet_utils/nnet_dense_latency.h:17]   --->   Operation 199 'sext' 'sext_ln17_202' <Predicate = true> <Delay = 0.00>
ST_2 : Operation 200 [1/1] (0.00ns)   --->   "%sext_ln73_63 = sext i15 %tmp_411" [firmware/nnet_utils/nnet_mult.h:73->firmware/nnet_utils/nnet_dense_latency.h:42]   --->   Operation 200 'sext' 'sext_ln73_63' <Predicate = true> <Delay = 0.00>
ST_2 : Operation 201 [1/1] (0.00ns) (grouped into TernaryAdder)   --->   "%sub_ln73_258 = sub i17 0, i17 %sext_ln73_63" [firmware/nnet_utils/nnet_mult.h:73->firmware/nnet_utils/nnet_dense_latency.h:42]   --->   Operation 201 'sub' 'sub_ln73_258' <Predicate = true> <Delay = 0.00> <CoreInst = "TAddSub">   --->   Core 10 'TAddSub' <Latency = 0> <II = 1> <Delay = 0.34> <IPBlock> <Opcode : 'add' 'sub'> <InPorts = 3> <OutPorts = 1> <Sync> <CReg>
ST_2 : Operation 202 [1/1] (0.00ns)   --->   "%sext_ln73_65 = sext i12 %mult_300" [firmware/nnet_utils/nnet_mult.h:73->firmware/nnet_utils/nnet_dense_latency.h:42]   --->   Operation 202 'sext' 'sext_ln73_65' <Predicate = true> <Delay = 0.00>
ST_2 : Operation 203 [1/1] (0.68ns) (root node of TernaryAdder)   --->   "%mult_301 = sub i17 %sub_ln73_258, i17 %sext_ln73_65" [firmware/nnet_utils/nnet_mult.h:73->firmware/nnet_utils/nnet_dense_latency.h:42]   --->   Operation 203 'sub' 'mult_301' <Predicate = true> <Delay = 0.68> <CoreInst = "TAddSub">   --->   Core 10 'TAddSub' <Latency = 0> <II = 1> <Delay = 0.34> <IPBlock> <Opcode : 'add' 'sub'> <InPorts = 3> <OutPorts = 1> <Sync> <CReg>
ST_2 : Operation 204 [1/1] (0.00ns)   --->   "%sext_ln73_34 = sext i11 %data_8_val_read" [firmware/nnet_utils/nnet_mult.h:73->firmware/nnet_utils/nnet_dense_latency.h:42]   --->   Operation 204 'sext' 'sext_ln73_34' <Predicate = true> <Delay = 0.00>
ST_2 : Operation 205 [1/1] (0.00ns)   --->   "%sext_ln73_35 = sext i11 %data_8_val_read" [firmware/nnet_utils/nnet_mult.h:73->firmware/nnet_utils/nnet_dense_latency.h:42]   --->   Operation 205 'sext' 'sext_ln73_35' <Predicate = true> <Delay = 0.00>
ST_2 : Operation 206 [1/1] (0.00ns)   --->   "%mult_302 = bitconcatenate i12 @_ssdm_op_BitConcatenate.i12.i11.i1, i11 %data_8_val_read, i1 0" [firmware/nnet_utils/nnet_mult.h:73->firmware/nnet_utils/nnet_dense_latency.h:42]   --->   Operation 206 'bitconcatenate' 'mult_302' <Predicate = true> <Delay = 0.00>
ST_2 : Operation 207 [1/1] (0.00ns)   --->   "%sext_ln17_203 = sext i12 %mult_302" [firmware/nnet_utils/nnet_dense_latency.h:17]   --->   Operation 207 'sext' 'sext_ln17_203' <Predicate = true> <Delay = 0.00>
ST_2 : Operation 208 [1/1] (0.00ns)   --->   "%sext_ln17_204 = sext i12 %mult_302" [firmware/nnet_utils/nnet_dense_latency.h:17]   --->   Operation 208 'sext' 'sext_ln17_204' <Predicate = true> <Delay = 0.00>
ST_2 : Operation 209 [1/1] (0.00ns)   --->   "%tmp_414 = bitconcatenate i13 @_ssdm_op_BitConcatenate.i13.i11.i2, i11 %data_8_val_read, i2 0" [firmware/nnet_utils/nnet_mult.h:73->firmware/nnet_utils/nnet_dense_latency.h:42]   --->   Operation 209 'bitconcatenate' 'tmp_414' <Predicate = true> <Delay = 0.00>
ST_2 : Operation 210 [1/1] (0.00ns)   --->   "%sext_ln73_67 = sext i13 %tmp_414" [firmware/nnet_utils/nnet_mult.h:73->firmware/nnet_utils/nnet_dense_latency.h:42]   --->   Operation 210 'sext' 'sext_ln73_67' <Predicate = true> <Delay = 0.00>
ST_2 : Operation 211 [1/1] (0.00ns) (grouped into TernaryAdder)   --->   "%mult_303 = sub i14 %sext_ln73_35, i14 %sext_ln73_67" [firmware/nnet_utils/nnet_mult.h:73->firmware/nnet_utils/nnet_dense_latency.h:42]   --->   Operation 211 'sub' 'mult_303' <Predicate = true> <Delay = 0.00> <CoreInst = "TAddSub">   --->   Core 10 'TAddSub' <Latency = 0> <II = 1> <Delay = 0.34> <IPBlock> <Opcode : 'add' 'sub'> <InPorts = 3> <OutPorts = 1> <Sync> <CReg>
ST_2 : Operation 212 [1/1] (0.00ns)   --->   "%mult_304 = bitconcatenate i14 @_ssdm_op_BitConcatenate.i14.i11.i3, i11 %data_8_val_read, i3 0" [firmware/nnet_utils/nnet_mult.h:73->firmware/nnet_utils/nnet_dense_latency.h:42]   --->   Operation 212 'bitconcatenate' 'mult_304' <Predicate = true> <Delay = 0.00>
ST_2 : Operation 213 [1/1] (0.00ns)   --->   "%sext_ln17_205 = sext i14 %mult_304" [firmware/nnet_utils/nnet_dense_latency.h:17]   --->   Operation 213 'sext' 'sext_ln17_205' <Predicate = true> <Delay = 0.00>
ST_2 : Operation 214 [1/1] (0.00ns)   --->   "%sext_ln73_37 = sext i11 %data_9_val_read" [firmware/nnet_utils/nnet_mult.h:73->firmware/nnet_utils/nnet_dense_latency.h:42]   --->   Operation 214 'sext' 'sext_ln73_37' <Predicate = true> <Delay = 0.00>
ST_2 : Operation 215 [1/1] (0.00ns)   --->   "%sext_ln73_40 = sext i11 %data_9_val_read" [firmware/nnet_utils/nnet_mult.h:73->firmware/nnet_utils/nnet_dense_latency.h:42]   --->   Operation 215 'sext' 'sext_ln73_40' <Predicate = true> <Delay = 0.00>
ST_2 : Operation 216 [1/1] (0.00ns)   --->   "%sext_ln73_42 = sext i11 %data_9_val_read" [firmware/nnet_utils/nnet_mult.h:73->firmware/nnet_utils/nnet_dense_latency.h:42]   --->   Operation 216 'sext' 'sext_ln73_42' <Predicate = true> <Delay = 0.00>
ST_2 : Operation 217 [1/1] (0.00ns)   --->   "%tmp_415 = bitconcatenate i13 @_ssdm_op_BitConcatenate.i13.i11.i2, i11 %data_9_val_read, i2 0" [firmware/nnet_utils/nnet_mult.h:73->firmware/nnet_utils/nnet_dense_latency.h:42]   --->   Operation 217 'bitconcatenate' 'tmp_415' <Predicate = true> <Delay = 0.00>
ST_2 : Operation 218 [1/1] (0.00ns)   --->   "%sext_ln73_68 = sext i13 %tmp_415" [firmware/nnet_utils/nnet_mult.h:73->firmware/nnet_utils/nnet_dense_latency.h:42]   --->   Operation 218 'sext' 'sext_ln73_68' <Predicate = true> <Delay = 0.00>
ST_2 : Operation 219 [1/1] (0.82ns)   --->   "%mult_305 = sub i14 %sext_ln73_68, i14 %sext_ln73_42" [firmware/nnet_utils/nnet_mult.h:73->firmware/nnet_utils/nnet_dense_latency.h:42]   --->   Operation 219 'sub' 'mult_305' <Predicate = true> <Delay = 0.82> <CoreInst = "Adder">   --->   Core 1 'Adder' <Latency = 0> <II = 1> <Delay = 0.82> <FuncUnit> <Opcode : 'add' 'sub'> <InPorts = 2> <OutPorts = 1>
ST_2 : Operation 220 [1/1] (0.00ns)   --->   "%sext_ln17_206 = sext i14 %mult_305" [firmware/nnet_utils/nnet_dense_latency.h:17]   --->   Operation 220 'sext' 'sext_ln17_206' <Predicate = true> <Delay = 0.00>
ST_2 : Operation 221 [1/1] (0.00ns)   --->   "%tmp_416 = bitconcatenate i17 @_ssdm_op_BitConcatenate.i17.i11.i6, i11 %data_9_val_read, i6 0" [firmware/nnet_utils/nnet_mult.h:73->firmware/nnet_utils/nnet_dense_latency.h:42]   --->   Operation 221 'bitconcatenate' 'tmp_416' <Predicate = true> <Delay = 0.00>
ST_2 : Operation 222 [1/1] (0.00ns)   --->   "%sext_ln73_69 = sext i17 %tmp_416" [firmware/nnet_utils/nnet_mult.h:73->firmware/nnet_utils/nnet_dense_latency.h:42]   --->   Operation 222 'sext' 'sext_ln73_69' <Predicate = true> <Delay = 0.00>
ST_2 : Operation 223 [1/1] (0.00ns)   --->   "%mult_309 = bitconcatenate i15 @_ssdm_op_BitConcatenate.i15.i11.i4, i11 %data_9_val_read, i4 0" [firmware/nnet_utils/nnet_mult.h:73->firmware/nnet_utils/nnet_dense_latency.h:42]   --->   Operation 223 'bitconcatenate' 'mult_309' <Predicate = true> <Delay = 0.00>
ST_2 : Operation 224 [1/1] (0.00ns)   --->   "%sext_ln73_70 = sext i15 %mult_309" [firmware/nnet_utils/nnet_mult.h:73->firmware/nnet_utils/nnet_dense_latency.h:42]   --->   Operation 224 'sext' 'sext_ln73_70' <Predicate = true> <Delay = 0.00>
ST_2 : Operation 225 [1/1] (0.86ns)   --->   "%mult_306 = sub i18 %sext_ln73_70, i18 %sext_ln73_69" [firmware/nnet_utils/nnet_mult.h:73->firmware/nnet_utils/nnet_dense_latency.h:42]   --->   Operation 225 'sub' 'mult_306' <Predicate = true> <Delay = 0.86> <CoreInst = "Adder">   --->   Core 1 'Adder' <Latency = 0> <II = 1> <Delay = 0.86> <FuncUnit> <Opcode : 'add' 'sub'> <InPorts = 2> <OutPorts = 1>
ST_2 : Operation 226 [1/1] (0.00ns)   --->   "%mult_307 = bitconcatenate i14 @_ssdm_op_BitConcatenate.i14.i11.i3, i11 %data_9_val_read, i3 0" [firmware/nnet_utils/nnet_mult.h:73->firmware/nnet_utils/nnet_dense_latency.h:42]   --->   Operation 226 'bitconcatenate' 'mult_307' <Predicate = true> <Delay = 0.00>
ST_2 : Operation 227 [1/1] (0.00ns)   --->   "%sext_ln17_207 = sext i14 %mult_307" [firmware/nnet_utils/nnet_dense_latency.h:17]   --->   Operation 227 'sext' 'sext_ln17_207' <Predicate = true> <Delay = 0.00>
ST_2 : Operation 228 [1/1] (0.00ns) (grouped into TernaryAdder)   --->   "%mult_308 = sub i15 %sext_ln17_207, i15 %sext_ln73_40" [firmware/nnet_utils/nnet_mult.h:73->firmware/nnet_utils/nnet_dense_latency.h:42]   --->   Operation 228 'sub' 'mult_308' <Predicate = true> <Delay = 0.00> <CoreInst = "TAddSub">   --->   Core 10 'TAddSub' <Latency = 0> <II = 1> <Delay = 0.34> <IPBlock> <Opcode : 'add' 'sub'> <InPorts = 3> <OutPorts = 1> <Sync> <CReg>
ST_2 : Operation 229 [1/1] (0.00ns)   --->   "%mult_314 = bitconcatenate i16 @_ssdm_op_BitConcatenate.i16.i11.i5, i11 %data_9_val_read, i5 0" [firmware/nnet_utils/nnet_mult.h:73->firmware/nnet_utils/nnet_dense_latency.h:42]   --->   Operation 229 'bitconcatenate' 'mult_314' <Predicate = true> <Delay = 0.00>
ST_2 : Operation 230 [1/1] (0.00ns)   --->   "%sext_ln73_71 = sext i16 %mult_314" [firmware/nnet_utils/nnet_mult.h:73->firmware/nnet_utils/nnet_dense_latency.h:42]   --->   Operation 230 'sext' 'sext_ln73_71' <Predicate = true> <Delay = 0.00>
ST_2 : Operation 231 [1/1] (0.00ns)   --->   "%sext_ln73_72 = sext i13 %tmp_415" [firmware/nnet_utils/nnet_mult.h:73->firmware/nnet_utils/nnet_dense_latency.h:42]   --->   Operation 231 'sext' 'sext_ln73_72' <Predicate = true> <Delay = 0.00>
ST_2 : Operation 232 [1/1] (0.85ns)   --->   "%mult_310 = sub i17 %sext_ln73_71, i17 %sext_ln73_72" [firmware/nnet_utils/nnet_mult.h:73->firmware/nnet_utils/nnet_dense_latency.h:42]   --->   Operation 232 'sub' 'mult_310' <Predicate = true> <Delay = 0.85> <CoreInst = "Adder">   --->   Core 1 'Adder' <Latency = 0> <II = 1> <Delay = 0.85> <FuncUnit> <Opcode : 'add' 'sub'> <InPorts = 2> <OutPorts = 1>
ST_2 : Operation 233 [1/1] (0.00ns)   --->   "%sext_ln17_211 = sext i17 %mult_310" [firmware/nnet_utils/nnet_dense_latency.h:17]   --->   Operation 233 'sext' 'sext_ln17_211' <Predicate = true> <Delay = 0.00>
ST_2 : Operation 234 [1/1] (0.00ns)   --->   "%sext_ln73_73 = sext i15 %mult_309" [firmware/nnet_utils/nnet_mult.h:73->firmware/nnet_utils/nnet_dense_latency.h:42]   --->   Operation 234 'sext' 'sext_ln73_73' <Predicate = true> <Delay = 0.00>
ST_2 : Operation 235 [1/1] (0.00ns)   --->   "%sext_ln73_74 = sext i13 %tmp_415" [firmware/nnet_utils/nnet_mult.h:73->firmware/nnet_utils/nnet_dense_latency.h:42]   --->   Operation 235 'sext' 'sext_ln73_74' <Predicate = true> <Delay = 0.00>
ST_2 : Operation 236 [1/1] (0.84ns)   --->   "%mult_311 = sub i16 %sext_ln73_73, i16 %sext_ln73_74" [firmware/nnet_utils/nnet_mult.h:73->firmware/nnet_utils/nnet_dense_latency.h:42]   --->   Operation 236 'sub' 'mult_311' <Predicate = true> <Delay = 0.84> <CoreInst = "Adder">   --->   Core 1 'Adder' <Latency = 0> <II = 1> <Delay = 0.84> <FuncUnit> <Opcode : 'add' 'sub'> <InPorts = 2> <OutPorts = 1>
ST_2 : Operation 237 [1/1] (0.00ns)   --->   "%sext_ln73_75 = sext i14 %mult_307" [firmware/nnet_utils/nnet_mult.h:73->firmware/nnet_utils/nnet_dense_latency.h:42]   --->   Operation 237 'sext' 'sext_ln73_75' <Predicate = true> <Delay = 0.00>
ST_2 : Operation 238 [1/1] (0.85ns)   --->   "%mult_312 = sub i17 %sext_ln73_71, i17 %sext_ln73_75" [firmware/nnet_utils/nnet_mult.h:73->firmware/nnet_utils/nnet_dense_latency.h:42]   --->   Operation 238 'sub' 'mult_312' <Predicate = true> <Delay = 0.85> <CoreInst = "Adder">   --->   Core 1 'Adder' <Latency = 0> <II = 1> <Delay = 0.85> <FuncUnit> <Opcode : 'add' 'sub'> <InPorts = 2> <OutPorts = 1>
ST_2 : Operation 239 [1/1] (0.00ns)   --->   "%trunc_ln17_129 = trunc i17 %mult_312" [firmware/nnet_utils/nnet_dense_latency.h:17]   --->   Operation 239 'trunc' 'trunc_ln17_129' <Predicate = true> <Delay = 0.00>
ST_2 : Operation 240 [1/1] (0.85ns)   --->   "%mult_313 = sub i17 %sext_ln73_72, i17 %sext_ln73_71" [firmware/nnet_utils/nnet_mult.h:73->firmware/nnet_utils/nnet_dense_latency.h:42]   --->   Operation 240 'sub' 'mult_313' <Predicate = true> <Delay = 0.85> <CoreInst = "Adder">   --->   Core 1 'Adder' <Latency = 0> <II = 1> <Delay = 0.85> <FuncUnit> <Opcode : 'add' 'sub'> <InPorts = 2> <OutPorts = 1>
ST_2 : Operation 241 [1/1] (0.00ns)   --->   "%sext_ln17_212 = sext i17 %mult_313" [firmware/nnet_utils/nnet_dense_latency.h:17]   --->   Operation 241 'sext' 'sext_ln17_212' <Predicate = true> <Delay = 0.00>
ST_2 : Operation 242 [1/1] (0.84ns)   --->   "%mult_315 = sub i16 %sext_ln73_74, i16 %sext_ln73_73" [firmware/nnet_utils/nnet_mult.h:73->firmware/nnet_utils/nnet_dense_latency.h:42]   --->   Operation 242 'sub' 'mult_315' <Predicate = true> <Delay = 0.84> <CoreInst = "Adder">   --->   Core 1 'Adder' <Latency = 0> <II = 1> <Delay = 0.84> <FuncUnit> <Opcode : 'add' 'sub'> <InPorts = 2> <OutPorts = 1>
ST_2 : Operation 243 [1/1] (0.00ns)   --->   "%sext_ln17_214 = sext i16 %mult_315" [firmware/nnet_utils/nnet_dense_latency.h:17]   --->   Operation 243 'sext' 'sext_ln17_214' <Predicate = true> <Delay = 0.00>
ST_2 : Operation 244 [1/1] (0.00ns)   --->   "%sext_ln73_43 = sext i11 %data_10_val_read" [firmware/nnet_utils/nnet_mult.h:73->firmware/nnet_utils/nnet_dense_latency.h:42]   --->   Operation 244 'sext' 'sext_ln73_43' <Predicate = true> <Delay = 0.00>
ST_2 : Operation 245 [1/1] (0.00ns)   --->   "%sext_ln73_46 = sext i11 %data_10_val_read" [firmware/nnet_utils/nnet_mult.h:73->firmware/nnet_utils/nnet_dense_latency.h:42]   --->   Operation 245 'sext' 'sext_ln73_46' <Predicate = true> <Delay = 0.00>
ST_2 : Operation 246 [1/1] (0.00ns)   --->   "%tmp_419 = bitconcatenate i15 @_ssdm_op_BitConcatenate.i15.i11.i4, i11 %data_10_val_read, i4 0" [firmware/nnet_utils/nnet_mult.h:73->firmware/nnet_utils/nnet_dense_latency.h:42]   --->   Operation 246 'bitconcatenate' 'tmp_419' <Predicate = true> <Delay = 0.00>
ST_2 : Operation 247 [1/1] (0.00ns)   --->   "%sext_ln73_76 = sext i15 %tmp_419" [firmware/nnet_utils/nnet_mult.h:73->firmware/nnet_utils/nnet_dense_latency.h:42]   --->   Operation 247 'sext' 'sext_ln73_76' <Predicate = true> <Delay = 0.00>
ST_2 : Operation 248 [1/1] (0.00ns)   --->   "%tmp_420 = bitconcatenate i12 @_ssdm_op_BitConcatenate.i12.i11.i1, i11 %data_10_val_read, i1 0" [firmware/nnet_utils/nnet_mult.h:73->firmware/nnet_utils/nnet_dense_latency.h:42]   --->   Operation 248 'bitconcatenate' 'tmp_420' <Predicate = true> <Delay = 0.00>
ST_2 : Operation 249 [1/1] (0.00ns)   --->   "%sext_ln73_77 = sext i12 %tmp_420" [firmware/nnet_utils/nnet_mult.h:73->firmware/nnet_utils/nnet_dense_latency.h:42]   --->   Operation 249 'sext' 'sext_ln73_77' <Predicate = true> <Delay = 0.00>
ST_2 : Operation 250 [1/1] (0.84ns)   --->   "%mult_316 = sub i16 %sext_ln73_76, i16 %sext_ln73_77" [firmware/nnet_utils/nnet_mult.h:73->firmware/nnet_utils/nnet_dense_latency.h:42]   --->   Operation 250 'sub' 'mult_316' <Predicate = true> <Delay = 0.84> <CoreInst = "Adder">   --->   Core 1 'Adder' <Latency = 0> <II = 1> <Delay = 0.84> <FuncUnit> <Opcode : 'add' 'sub'> <InPorts = 2> <OutPorts = 1>
ST_2 : Operation 251 [1/1] (0.00ns)   --->   "%sext_ln17_215 = sext i16 %mult_316" [firmware/nnet_utils/nnet_dense_latency.h:17]   --->   Operation 251 'sext' 'sext_ln17_215' <Predicate = true> <Delay = 0.00>
ST_2 : Operation 252 [1/1] (0.00ns)   --->   "%sext_ln17_216 = sext i16 %mult_316" [firmware/nnet_utils/nnet_dense_latency.h:17]   --->   Operation 252 'sext' 'sext_ln17_216' <Predicate = true> <Delay = 0.00>
ST_2 : Operation 253 [1/1] (0.00ns)   --->   "%mult_317 = bitconcatenate i13 @_ssdm_op_BitConcatenate.i13.i11.i2, i11 %data_10_val_read, i2 0" [firmware/nnet_utils/nnet_mult.h:73->firmware/nnet_utils/nnet_dense_latency.h:42]   --->   Operation 253 'bitconcatenate' 'mult_317' <Predicate = true> <Delay = 0.00>
ST_2 : Operation 254 [1/1] (0.00ns)   --->   "%sext_ln17_217 = sext i13 %mult_317" [firmware/nnet_utils/nnet_dense_latency.h:17]   --->   Operation 254 'sext' 'sext_ln17_217' <Predicate = true> <Delay = 0.00>
ST_2 : Operation 255 [1/1] (0.00ns)   --->   "%sext_ln17_218 = sext i13 %mult_317" [firmware/nnet_utils/nnet_dense_latency.h:17]   --->   Operation 255 'sext' 'sext_ln17_218' <Predicate = true> <Delay = 0.00>
ST_2 : Operation 256 [1/1] (0.00ns)   --->   "%mult_319 = bitconcatenate i14 @_ssdm_op_BitConcatenate.i14.i11.i3, i11 %data_10_val_read, i3 0" [firmware/nnet_utils/nnet_mult.h:73->firmware/nnet_utils/nnet_dense_latency.h:42]   --->   Operation 256 'bitconcatenate' 'mult_319' <Predicate = true> <Delay = 0.00>
ST_2 : Operation 257 [1/1] (0.00ns)   --->   "%sext_ln73_78 = sext i14 %mult_319" [firmware/nnet_utils/nnet_mult.h:73->firmware/nnet_utils/nnet_dense_latency.h:42]   --->   Operation 257 'sext' 'sext_ln73_78' <Predicate = true> <Delay = 0.00>
ST_2 : Operation 258 [1/1] (0.00ns) (grouped into TernaryAdder)   --->   "%mult_318 = sub i15 %sext_ln73_46, i15 %sext_ln73_78" [firmware/nnet_utils/nnet_mult.h:73->firmware/nnet_utils/nnet_dense_latency.h:42]   --->   Operation 258 'sub' 'mult_318' <Predicate = true> <Delay = 0.00> <CoreInst = "TAddSub">   --->   Core 10 'TAddSub' <Latency = 0> <II = 1> <Delay = 0.34> <IPBlock> <Opcode : 'add' 'sub'> <InPorts = 3> <OutPorts = 1> <Sync> <CReg>
ST_2 : Operation 259 [1/1] (0.00ns)   --->   "%sext_ln17_219 = sext i14 %mult_319" [firmware/nnet_utils/nnet_dense_latency.h:17]   --->   Operation 259 'sext' 'sext_ln17_219' <Predicate = true> <Delay = 0.00>
ST_2 : Operation 260 [1/1] (0.00ns)   --->   "%tmp_422 = bitconcatenate i16 @_ssdm_op_BitConcatenate.i16.i11.i5, i11 %data_10_val_read, i5 0" [firmware/nnet_utils/nnet_mult.h:73->firmware/nnet_utils/nnet_dense_latency.h:42]   --->   Operation 260 'bitconcatenate' 'tmp_422' <Predicate = true> <Delay = 0.00>
ST_2 : Operation 261 [1/1] (0.00ns)   --->   "%sext_ln73_79 = sext i16 %tmp_422" [firmware/nnet_utils/nnet_mult.h:73->firmware/nnet_utils/nnet_dense_latency.h:42]   --->   Operation 261 'sext' 'sext_ln73_79' <Predicate = true> <Delay = 0.00>
ST_2 : Operation 262 [1/1] (0.85ns)   --->   "%sub_ln73_271 = sub i18 0, i18 %sext_ln73_79" [firmware/nnet_utils/nnet_mult.h:73->firmware/nnet_utils/nnet_dense_latency.h:42]   --->   Operation 262 'sub' 'sub_ln73_271' <Predicate = true> <Delay = 0.85> <CoreInst = "Adder">   --->   Core 1 'Adder' <Latency = 0> <II = 1> <Delay = 0.85> <FuncUnit> <Opcode : 'add' 'sub'> <InPorts = 2> <OutPorts = 1>
ST_2 : Operation 263 [1/1] (0.00ns)   --->   "%sext_ln73_80 = sext i14 %mult_319" [firmware/nnet_utils/nnet_mult.h:73->firmware/nnet_utils/nnet_dense_latency.h:42]   --->   Operation 263 'sext' 'sext_ln73_80' <Predicate = true> <Delay = 0.00>
ST_2 : Operation 264 [1/1] (0.00ns) (grouped into TernaryAdder)   --->   "%mult_320 = sub i18 %sub_ln73_271, i18 %sext_ln73_80" [firmware/nnet_utils/nnet_mult.h:73->firmware/nnet_utils/nnet_dense_latency.h:42]   --->   Operation 264 'sub' 'mult_320' <Predicate = true> <Delay = 0.00> <CoreInst = "TAddSub">   --->   Core 10 'TAddSub' <Latency = 0> <II = 1> <Delay = 0.34> <IPBlock> <Opcode : 'add' 'sub'> <InPorts = 3> <OutPorts = 1> <Sync> <CReg>
ST_2 : Operation 265 [1/1] (0.00ns)   --->   "%sext_ln73_81 = sext i15 %tmp_419" [firmware/nnet_utils/nnet_mult.h:73->firmware/nnet_utils/nnet_dense_latency.h:42]   --->   Operation 265 'sext' 'sext_ln73_81' <Predicate = true> <Delay = 0.00>
ST_2 : Operation 266 [1/1] (0.00ns)   --->   "%sext_ln73_82 = sext i13 %mult_317" [firmware/nnet_utils/nnet_mult.h:73->firmware/nnet_utils/nnet_dense_latency.h:42]   --->   Operation 266 'sext' 'sext_ln73_82' <Predicate = true> <Delay = 0.00>
ST_2 : Operation 267 [1/1] (0.00ns) (grouped into TernaryAdder)   --->   "%mult_321 = add i17 %sext_ln73_81, i17 %sext_ln73_82" [firmware/nnet_utils/nnet_mult.h:73->firmware/nnet_utils/nnet_dense_latency.h:42]   --->   Operation 267 'add' 'mult_321' <Predicate = true> <Delay = 0.00> <CoreInst = "TAddSub">   --->   Core 10 'TAddSub' <Latency = 0> <II = 1> <Delay = 0.34> <IPBlock> <Opcode : 'add' 'sub'> <InPorts = 3> <OutPorts = 1> <Sync> <CReg>
ST_2 : Operation 268 [1/1] (0.83ns)   --->   "%mult_322 = sub i15 0, i15 %sext_ln73_78" [firmware/nnet_utils/nnet_mult.h:73->firmware/nnet_utils/nnet_dense_latency.h:42]   --->   Operation 268 'sub' 'mult_322' <Predicate = true> <Delay = 0.83> <CoreInst = "Adder">   --->   Core 1 'Adder' <Latency = 0> <II = 1> <Delay = 0.83> <FuncUnit> <Opcode : 'add' 'sub'> <InPorts = 2> <OutPorts = 1>
ST_2 : Operation 269 [1/1] (0.00ns)   --->   "%sext_ln17_221 = sext i15 %mult_322" [firmware/nnet_utils/nnet_dense_latency.h:17]   --->   Operation 269 'sext' 'sext_ln17_221' <Predicate = true> <Delay = 0.00>
ST_2 : Operation 270 [1/1] (0.00ns)   --->   "%tmp_423 = bitconcatenate i17 @_ssdm_op_BitConcatenate.i17.i11.i6, i11 %data_10_val_read, i6 0" [firmware/nnet_utils/nnet_mult.h:73->firmware/nnet_utils/nnet_dense_latency.h:42]   --->   Operation 270 'bitconcatenate' 'tmp_423' <Predicate = true> <Delay = 0.00>
ST_2 : Operation 271 [1/1] (0.00ns)   --->   "%sext_ln73_83 = sext i17 %tmp_423" [firmware/nnet_utils/nnet_mult.h:73->firmware/nnet_utils/nnet_dense_latency.h:42]   --->   Operation 271 'sext' 'sext_ln73_83' <Predicate = true> <Delay = 0.00>
ST_2 : Operation 272 [1/1] (0.00ns)   --->   "%sext_ln73_84 = sext i15 %tmp_419" [firmware/nnet_utils/nnet_mult.h:73->firmware/nnet_utils/nnet_dense_latency.h:42]   --->   Operation 272 'sext' 'sext_ln73_84' <Predicate = true> <Delay = 0.00>
ST_2 : Operation 273 [1/1] (0.86ns)   --->   "%mult_323 = sub i18 %sext_ln73_84, i18 %sext_ln73_83" [firmware/nnet_utils/nnet_mult.h:73->firmware/nnet_utils/nnet_dense_latency.h:42]   --->   Operation 273 'sub' 'mult_323' <Predicate = true> <Delay = 0.86> <CoreInst = "Adder">   --->   Core 1 'Adder' <Latency = 0> <II = 1> <Delay = 0.86> <FuncUnit> <Opcode : 'add' 'sub'> <InPorts = 2> <OutPorts = 1>
ST_2 : Operation 274 [1/1] (0.00ns)   --->   "%sext_ln73_50 = sext i11 %data_11_val_read" [firmware/nnet_utils/nnet_mult.h:73->firmware/nnet_utils/nnet_dense_latency.h:42]   --->   Operation 274 'sext' 'sext_ln73_50' <Predicate = true> <Delay = 0.00>
ST_2 : Operation 275 [1/1] (0.00ns)   --->   "%sext_ln73_52 = sext i11 %data_11_val_read" [firmware/nnet_utils/nnet_mult.h:73->firmware/nnet_utils/nnet_dense_latency.h:42]   --->   Operation 275 'sext' 'sext_ln73_52' <Predicate = true> <Delay = 0.00>
ST_2 : Operation 276 [1/1] (0.00ns)   --->   "%mult_326 = bitconcatenate i14 @_ssdm_op_BitConcatenate.i14.i11.i3, i11 %data_11_val_read, i3 0" [firmware/nnet_utils/nnet_mult.h:73->firmware/nnet_utils/nnet_dense_latency.h:42]   --->   Operation 276 'bitconcatenate' 'mult_326' <Predicate = true> <Delay = 0.00>
ST_2 : Operation 277 [1/1] (0.00ns)   --->   "%sext_ln73_85 = sext i14 %mult_326" [firmware/nnet_utils/nnet_mult.h:73->firmware/nnet_utils/nnet_dense_latency.h:42]   --->   Operation 277 'sext' 'sext_ln73_85' <Predicate = true> <Delay = 0.00>
ST_2 : Operation 278 [1/1] (0.00ns)   --->   "%mult_325 = bitconcatenate i12 @_ssdm_op_BitConcatenate.i12.i11.i1, i11 %data_11_val_read, i1 0" [firmware/nnet_utils/nnet_mult.h:73->firmware/nnet_utils/nnet_dense_latency.h:42]   --->   Operation 278 'bitconcatenate' 'mult_325' <Predicate = true> <Delay = 0.00>
ST_2 : Operation 279 [1/1] (0.00ns)   --->   "%sext_ln73_86 = sext i12 %mult_325" [firmware/nnet_utils/nnet_mult.h:73->firmware/nnet_utils/nnet_dense_latency.h:42]   --->   Operation 279 'sext' 'sext_ln73_86' <Predicate = true> <Delay = 0.00>
ST_2 : Operation 280 [1/1] (0.83ns)   --->   "%mult_324 = sub i15 %sext_ln73_86, i15 %sext_ln73_85" [firmware/nnet_utils/nnet_mult.h:73->firmware/nnet_utils/nnet_dense_latency.h:42]   --->   Operation 280 'sub' 'mult_324' <Predicate = true> <Delay = 0.83> <CoreInst = "Adder">   --->   Core 1 'Adder' <Latency = 0> <II = 1> <Delay = 0.83> <FuncUnit> <Opcode : 'add' 'sub'> <InPorts = 2> <OutPorts = 1>
ST_2 : Operation 281 [1/1] (0.00ns)   --->   "%sext_ln17_222 = sext i15 %mult_324" [firmware/nnet_utils/nnet_dense_latency.h:17]   --->   Operation 281 'sext' 'sext_ln17_222' <Predicate = true> <Delay = 0.00>
ST_2 : Operation 282 [1/1] (0.00ns)   --->   "%sext_ln17_223 = sext i12 %mult_325" [firmware/nnet_utils/nnet_dense_latency.h:17]   --->   Operation 282 'sext' 'sext_ln17_223' <Predicate = true> <Delay = 0.00>
ST_2 : Operation 283 [1/1] (0.00ns)   --->   "%mult_328 = bitconcatenate i13 @_ssdm_op_BitConcatenate.i13.i11.i2, i11 %data_11_val_read, i2 0" [firmware/nnet_utils/nnet_mult.h:73->firmware/nnet_utils/nnet_dense_latency.h:42]   --->   Operation 283 'bitconcatenate' 'mult_328' <Predicate = true> <Delay = 0.00>
ST_2 : Operation 284 [1/1] (0.00ns)   --->   "%sext_ln73_87 = sext i13 %mult_328" [firmware/nnet_utils/nnet_mult.h:73->firmware/nnet_utils/nnet_dense_latency.h:42]   --->   Operation 284 'sext' 'sext_ln73_87' <Predicate = true> <Delay = 0.00>
ST_2 : Operation 285 [1/1] (0.00ns)   --->   "%sext_ln17_224 = sext i14 %mult_326" [firmware/nnet_utils/nnet_dense_latency.h:17]   --->   Operation 285 'sext' 'sext_ln17_224' <Predicate = true> <Delay = 0.00>
ST_2 : Operation 286 [1/1] (0.00ns)   --->   "%sext_ln17_225 = sext i14 %mult_326" [firmware/nnet_utils/nnet_dense_latency.h:17]   --->   Operation 286 'sext' 'sext_ln17_225' <Predicate = true> <Delay = 0.00>
ST_2 : Operation 287 [1/1] (2.14ns)   --->   "%mult_327 = mul i19 %sext_ln73_50, i19 524184" [firmware/nnet_utils/nnet_mult.h:73->firmware/nnet_utils/nnet_dense_latency.h:42]   --->   Operation 287 'mul' 'mult_327' <Predicate = true> <Delay = 2.14> <CoreInst = "Multiplier">   --->   Core 3 'Multiplier' <Latency = 0> <II = 1> <Delay = 2.14> <FuncUnit> <Opcode : 'mul'> <InPorts = 2> <OutPorts = 1>
ST_2 : Operation 288 [1/1] (0.00ns)   --->   "%sext_ln17_226 = sext i13 %mult_328" [firmware/nnet_utils/nnet_dense_latency.h:17]   --->   Operation 288 'sext' 'sext_ln17_226' <Predicate = true> <Delay = 0.00>
ST_2 : Operation 289 [1/1] (0.80ns)   --->   "%mult_329 = sub i13 0, i13 %sext_ln17_223" [firmware/nnet_utils/nnet_mult.h:73->firmware/nnet_utils/nnet_dense_latency.h:42]   --->   Operation 289 'sub' 'mult_329' <Predicate = true> <Delay = 0.80> <CoreInst = "Adder">   --->   Core 1 'Adder' <Latency = 0> <II = 1> <Delay = 0.80> <FuncUnit> <Opcode : 'add' 'sub'> <InPorts = 2> <OutPorts = 1>
ST_2 : Operation 290 [1/1] (0.00ns)   --->   "%sext_ln17_227 = sext i13 %mult_329" [firmware/nnet_utils/nnet_dense_latency.h:17]   --->   Operation 290 'sext' 'sext_ln17_227' <Predicate = true> <Delay = 0.00>
ST_2 : Operation 291 [1/1] (0.83ns)   --->   "%mult_330 = sub i15 0, i15 %sext_ln73_85" [firmware/nnet_utils/nnet_mult.h:73->firmware/nnet_utils/nnet_dense_latency.h:42]   --->   Operation 291 'sub' 'mult_330' <Predicate = true> <Delay = 0.83> <CoreInst = "Adder">   --->   Core 1 'Adder' <Latency = 0> <II = 1> <Delay = 0.83> <FuncUnit> <Opcode : 'add' 'sub'> <InPorts = 2> <OutPorts = 1>
ST_2 : Operation 292 [1/1] (0.00ns)   --->   "%sext_ln17_228 = sext i15 %mult_330" [firmware/nnet_utils/nnet_dense_latency.h:17]   --->   Operation 292 'sext' 'sext_ln17_228' <Predicate = true> <Delay = 0.00>
ST_2 : Operation 293 [1/1] (0.00ns)   --->   "%sext_ln70_5 = sext i11 %data_12_val_read" [firmware/nnet_utils/nnet_mult.h:70->firmware/nnet_utils/nnet_dense_latency.h:42]   --->   Operation 293 'sext' 'sext_ln70_5' <Predicate = true> <Delay = 0.00>
ST_2 : Operation 294 [1/1] (0.00ns)   --->   "%sext_ln70_6 = sext i11 %data_12_val_read" [firmware/nnet_utils/nnet_mult.h:70->firmware/nnet_utils/nnet_dense_latency.h:42]   --->   Operation 294 'sext' 'sext_ln70_6' <Predicate = true> <Delay = 0.00>
ST_2 : Operation 295 [1/1] (0.00ns)   --->   "%mult_333 = bitconcatenate i15 @_ssdm_op_BitConcatenate.i15.i11.i4, i11 %data_12_val_read, i4 0" [firmware/nnet_utils/nnet_mult.h:73->firmware/nnet_utils/nnet_dense_latency.h:42]   --->   Operation 295 'bitconcatenate' 'mult_333' <Predicate = true> <Delay = 0.00>
ST_2 : Operation 296 [1/1] (0.00ns)   --->   "%sext_ln73_88 = sext i15 %mult_333" [firmware/nnet_utils/nnet_mult.h:73->firmware/nnet_utils/nnet_dense_latency.h:42]   --->   Operation 296 'sext' 'sext_ln73_88' <Predicate = true> <Delay = 0.00>
ST_2 : Operation 297 [1/1] (0.00ns)   --->   "%tmp_428 = bitconcatenate i13 @_ssdm_op_BitConcatenate.i13.i11.i2, i11 %data_12_val_read, i2 0" [firmware/nnet_utils/nnet_mult.h:73->firmware/nnet_utils/nnet_dense_latency.h:42]   --->   Operation 297 'bitconcatenate' 'tmp_428' <Predicate = true> <Delay = 0.00>
ST_2 : Operation 298 [1/1] (0.00ns)   --->   "%sext_ln73_89 = sext i13 %tmp_428" [firmware/nnet_utils/nnet_mult.h:73->firmware/nnet_utils/nnet_dense_latency.h:42]   --->   Operation 298 'sext' 'sext_ln73_89' <Predicate = true> <Delay = 0.00>
ST_2 : Operation 299 [1/1] (0.82ns)   --->   "%mult_331 = sub i14 %sext_ln70_6, i14 %sext_ln73_89" [firmware/nnet_utils/nnet_mult.h:73->firmware/nnet_utils/nnet_dense_latency.h:42]   --->   Operation 299 'sub' 'mult_331' <Predicate = true> <Delay = 0.82> <CoreInst = "Adder">   --->   Core 1 'Adder' <Latency = 0> <II = 1> <Delay = 0.82> <FuncUnit> <Opcode : 'add' 'sub'> <InPorts = 2> <OutPorts = 1>
ST_2 : Operation 300 [1/1] (0.00ns)   --->   "%sext_ln17_229 = sext i14 %mult_331" [firmware/nnet_utils/nnet_dense_latency.h:17]   --->   Operation 300 'sext' 'sext_ln17_229' <Predicate = true> <Delay = 0.00>
ST_2 : Operation 301 [1/1] (0.00ns)   --->   "%tmp_429 = bitconcatenate i12 @_ssdm_op_BitConcatenate.i12.i11.i1, i11 %data_12_val_read, i1 0" [firmware/nnet_utils/nnet_mult.h:73->firmware/nnet_utils/nnet_dense_latency.h:42]   --->   Operation 301 'bitconcatenate' 'tmp_429' <Predicate = true> <Delay = 0.00>
ST_2 : Operation 302 [1/1] (0.00ns)   --->   "%sext_ln73_90 = sext i12 %tmp_429" [firmware/nnet_utils/nnet_mult.h:73->firmware/nnet_utils/nnet_dense_latency.h:42]   --->   Operation 302 'sext' 'sext_ln73_90' <Predicate = true> <Delay = 0.00>
ST_2 : Operation 303 [1/1] (0.80ns)   --->   "%mult_332 = sub i13 0, i13 %sext_ln73_90" [firmware/nnet_utils/nnet_mult.h:73->firmware/nnet_utils/nnet_dense_latency.h:42]   --->   Operation 303 'sub' 'mult_332' <Predicate = true> <Delay = 0.80> <CoreInst = "Adder">   --->   Core 1 'Adder' <Latency = 0> <II = 1> <Delay = 0.80> <FuncUnit> <Opcode : 'add' 'sub'> <InPorts = 2> <OutPorts = 1>
ST_2 : Operation 304 [1/1] (0.00ns)   --->   "%sext_ln17_230 = sext i13 %mult_332" [firmware/nnet_utils/nnet_dense_latency.h:17]   --->   Operation 304 'sext' 'sext_ln17_230' <Predicate = true> <Delay = 0.00>
ST_2 : Operation 305 [1/1] (0.00ns)   --->   "%sext_ln17_231 = sext i15 %mult_333" [firmware/nnet_utils/nnet_dense_latency.h:17]   --->   Operation 305 'sext' 'sext_ln17_231' <Predicate = true> <Delay = 0.00>
ST_2 : Operation 306 [1/1] (0.00ns)   --->   "%tmp_430 = bitconcatenate i14 @_ssdm_op_BitConcatenate.i14.i11.i3, i11 %data_12_val_read, i3 0" [firmware/nnet_utils/nnet_mult.h:73->firmware/nnet_utils/nnet_dense_latency.h:42]   --->   Operation 306 'bitconcatenate' 'tmp_430' <Predicate = true> <Delay = 0.00>
ST_2 : Operation 307 [1/1] (0.00ns)   --->   "%tmp_431 = bitconcatenate i16 @_ssdm_op_BitConcatenate.i16.i11.i5, i11 %data_12_val_read, i5 0" [firmware/nnet_utils/nnet_mult.h:73->firmware/nnet_utils/nnet_dense_latency.h:42]   --->   Operation 307 'bitconcatenate' 'tmp_431' <Predicate = true> <Delay = 0.00>
ST_2 : Operation 308 [1/1] (0.00ns)   --->   "%sext_ln73_91 = sext i16 %tmp_431" [firmware/nnet_utils/nnet_mult.h:73->firmware/nnet_utils/nnet_dense_latency.h:42]   --->   Operation 308 'sext' 'sext_ln73_91' <Predicate = true> <Delay = 0.00>
ST_2 : Operation 309 [1/1] (0.00ns)   --->   "%sext_ln73_92 = sext i14 %tmp_430" [firmware/nnet_utils/nnet_mult.h:73->firmware/nnet_utils/nnet_dense_latency.h:42]   --->   Operation 309 'sext' 'sext_ln73_92' <Predicate = true> <Delay = 0.00>
ST_2 : Operation 310 [1/1] (0.85ns)   --->   "%mult_334 = add i18 %sext_ln73_91, i18 %sext_ln73_92" [firmware/nnet_utils/nnet_mult.h:73->firmware/nnet_utils/nnet_dense_latency.h:42]   --->   Operation 310 'add' 'mult_334' <Predicate = true> <Delay = 0.85> <CoreInst = "Adder">   --->   Core 1 'Adder' <Latency = 0> <II = 1> <Delay = 0.85> <FuncUnit> <Opcode : 'add' 'sub'> <InPorts = 2> <OutPorts = 1>
ST_2 : Operation 311 [1/1] (0.00ns)   --->   "%sext_ln17_232 = sext i18 %mult_334" [firmware/nnet_utils/nnet_dense_latency.h:17]   --->   Operation 311 'sext' 'sext_ln17_232' <Predicate = true> <Delay = 0.00>
ST_2 : Operation 312 [1/1] (0.00ns)   --->   "%sext_ln17_233 = sext i16 %tmp_431" [firmware/nnet_utils/nnet_dense_latency.h:17]   --->   Operation 312 'sext' 'sext_ln17_233' <Predicate = true> <Delay = 0.00>
ST_2 : Operation 313 [1/1] (0.00ns)   --->   "%sext_ln17_234 = sext i13 %tmp_428" [firmware/nnet_utils/nnet_dense_latency.h:17]   --->   Operation 313 'sext' 'sext_ln17_234' <Predicate = true> <Delay = 0.00>
ST_2 : Operation 314 [1/1] (0.00ns) (grouped into TernaryAdder)   --->   "%add_ln17_51 = add i17 %sext_ln17_233, i17 %sext_ln17_234" [firmware/nnet_utils/nnet_dense_latency.h:17]   --->   Operation 314 'add' 'add_ln17_51' <Predicate = true> <Delay = 0.00> <CoreInst = "TAddSub">   --->   Core 10 'TAddSub' <Latency = 0> <II = 1> <Delay = 0.34> <IPBlock> <Opcode : 'add' 'sub'> <InPorts = 3> <OutPorts = 1> <Sync> <CReg>
ST_2 : Operation 315 [1/1] (0.00ns)   --->   "%tmp_432 = bitconcatenate i17 @_ssdm_op_BitConcatenate.i17.i11.i6, i11 %data_12_val_read, i6 0" [firmware/nnet_utils/nnet_mult.h:73->firmware/nnet_utils/nnet_dense_latency.h:42]   --->   Operation 315 'bitconcatenate' 'tmp_432' <Predicate = true> <Delay = 0.00>
ST_2 : Operation 316 [1/1] (0.00ns)   --->   "%sext_ln73_93 = sext i17 %tmp_432" [firmware/nnet_utils/nnet_mult.h:73->firmware/nnet_utils/nnet_dense_latency.h:42]   --->   Operation 316 'sext' 'sext_ln73_93' <Predicate = true> <Delay = 0.00>
ST_2 : Operation 317 [1/1] (0.00ns)   --->   "%sext_ln73_94 = sext i15 %mult_333" [firmware/nnet_utils/nnet_mult.h:73->firmware/nnet_utils/nnet_dense_latency.h:42]   --->   Operation 317 'sext' 'sext_ln73_94' <Predicate = true> <Delay = 0.00>
ST_2 : Operation 318 [1/1] (0.86ns)   --->   "%mult_335 = sub i18 %sext_ln73_93, i18 %sext_ln73_94" [firmware/nnet_utils/nnet_mult.h:73->firmware/nnet_utils/nnet_dense_latency.h:42]   --->   Operation 318 'sub' 'mult_335' <Predicate = true> <Delay = 0.86> <CoreInst = "Adder">   --->   Core 1 'Adder' <Latency = 0> <II = 1> <Delay = 0.86> <FuncUnit> <Opcode : 'add' 'sub'> <InPorts = 2> <OutPorts = 1>
ST_2 : Operation 319 [1/1] (0.00ns)   --->   "%sext_ln73_55 = sext i11 %data_13_val_read" [firmware/nnet_utils/nnet_mult.h:73->firmware/nnet_utils/nnet_dense_latency.h:42]   --->   Operation 319 'sext' 'sext_ln73_55' <Predicate = true> <Delay = 0.00>
ST_2 : Operation 320 [1/1] (0.00ns)   --->   "%tmp_433 = bitconcatenate i14 @_ssdm_op_BitConcatenate.i14.i11.i3, i11 %data_13_val_read, i3 0" [firmware/nnet_utils/nnet_mult.h:73->firmware/nnet_utils/nnet_dense_latency.h:42]   --->   Operation 320 'bitconcatenate' 'tmp_433' <Predicate = true> <Delay = 0.00>
ST_2 : Operation 321 [1/1] (0.00ns)   --->   "%sext_ln73_95 = sext i14 %tmp_433" [firmware/nnet_utils/nnet_mult.h:73->firmware/nnet_utils/nnet_dense_latency.h:42]   --->   Operation 321 'sext' 'sext_ln73_95' <Predicate = true> <Delay = 0.00>
ST_2 : Operation 322 [1/1] (0.00ns)   --->   "%mult_336 = bitconcatenate i15 @_ssdm_op_BitConcatenate.i15.i11.i4, i11 %data_13_val_read, i4 0" [firmware/nnet_utils/nnet_mult.h:73->firmware/nnet_utils/nnet_dense_latency.h:42]   --->   Operation 322 'bitconcatenate' 'mult_336' <Predicate = true> <Delay = 0.00>
ST_2 : Operation 323 [1/1] (0.00ns)   --->   "%sext_ln17_235 = sext i15 %mult_336" [firmware/nnet_utils/nnet_dense_latency.h:17]   --->   Operation 323 'sext' 'sext_ln17_235' <Predicate = true> <Delay = 0.00>
ST_2 : Operation 324 [1/1] (0.00ns)   --->   "%sext_ln17_236 = sext i15 %mult_336" [firmware/nnet_utils/nnet_dense_latency.h:17]   --->   Operation 324 'sext' 'sext_ln17_236' <Predicate = true> <Delay = 0.00>
ST_2 : Operation 325 [1/1] (0.00ns)   --->   "%mult_338 = bitconcatenate i13 @_ssdm_op_BitConcatenate.i13.i11.i2, i11 %data_13_val_read, i2 0" [firmware/nnet_utils/nnet_mult.h:73->firmware/nnet_utils/nnet_dense_latency.h:42]   --->   Operation 325 'bitconcatenate' 'mult_338' <Predicate = true> <Delay = 0.00>
ST_2 : Operation 326 [1/1] (0.00ns)   --->   "%sext_ln73_96 = sext i13 %mult_338" [firmware/nnet_utils/nnet_mult.h:73->firmware/nnet_utils/nnet_dense_latency.h:42]   --->   Operation 326 'sext' 'sext_ln73_96' <Predicate = true> <Delay = 0.00>
ST_2 : Operation 327 [1/1] (0.00ns) (grouped into TernaryAdder)   --->   "%mult_337 = sub i16 %sext_ln73_96, i16 %sext_ln17_236" [firmware/nnet_utils/nnet_mult.h:73->firmware/nnet_utils/nnet_dense_latency.h:42]   --->   Operation 327 'sub' 'mult_337' <Predicate = true> <Delay = 0.00> <CoreInst = "TAddSub">   --->   Core 10 'TAddSub' <Latency = 0> <II = 1> <Delay = 0.34> <IPBlock> <Opcode : 'add' 'sub'> <InPorts = 3> <OutPorts = 1> <Sync> <CReg>
ST_2 : Operation 328 [1/1] (0.00ns)   --->   "%sext_ln17_237 = sext i13 %mult_338" [firmware/nnet_utils/nnet_dense_latency.h:17]   --->   Operation 328 'sext' 'sext_ln17_237' <Predicate = true> <Delay = 0.00>
ST_2 : Operation 329 [1/1] (0.00ns)   --->   "%sext_ln17_238 = sext i13 %mult_338" [firmware/nnet_utils/nnet_dense_latency.h:17]   --->   Operation 329 'sext' 'sext_ln17_238' <Predicate = true> <Delay = 0.00>
ST_2 : Operation 330 [1/1] (2.14ns)   --->   "%mult_339 = mul i18 %sext_ln73_55, i18 46" [firmware/nnet_utils/nnet_mult.h:73->firmware/nnet_utils/nnet_dense_latency.h:42]   --->   Operation 330 'mul' 'mult_339' <Predicate = true> <Delay = 2.14> <CoreInst = "Multiplier">   --->   Core 3 'Multiplier' <Latency = 0> <II = 1> <Delay = 2.14> <FuncUnit> <Opcode : 'mul'> <InPorts = 2> <OutPorts = 1>
ST_2 : Operation 331 [1/1] (0.00ns)   --->   "%tmp_435 = bitconcatenate i12 @_ssdm_op_BitConcatenate.i12.i11.i1, i11 %data_13_val_read, i1 0" [firmware/nnet_utils/nnet_mult.h:73->firmware/nnet_utils/nnet_dense_latency.h:42]   --->   Operation 331 'bitconcatenate' 'tmp_435' <Predicate = true> <Delay = 0.00>
ST_2 : Operation 332 [1/1] (0.00ns)   --->   "%sext_ln73_97 = sext i12 %tmp_435" [firmware/nnet_utils/nnet_mult.h:73->firmware/nnet_utils/nnet_dense_latency.h:42]   --->   Operation 332 'sext' 'sext_ln73_97' <Predicate = true> <Delay = 0.00>
ST_2 : Operation 333 [1/1] (0.00ns) (grouped into TernaryAdder)   --->   "%mult_340 = sub i15 %sext_ln73_95, i15 %sext_ln73_97" [firmware/nnet_utils/nnet_mult.h:73->firmware/nnet_utils/nnet_dense_latency.h:42]   --->   Operation 333 'sub' 'mult_340' <Predicate = true> <Delay = 0.00> <CoreInst = "TAddSub">   --->   Core 10 'TAddSub' <Latency = 0> <II = 1> <Delay = 0.34> <IPBlock> <Opcode : 'add' 'sub'> <InPorts = 3> <OutPorts = 1> <Sync> <CReg>
ST_2 : Operation 334 [1/1] (0.00ns)   --->   "%sext_ln73_60 = sext i11 %data_14_val_read" [firmware/nnet_utils/nnet_mult.h:73->firmware/nnet_utils/nnet_dense_latency.h:42]   --->   Operation 334 'sext' 'sext_ln73_60' <Predicate = true> <Delay = 0.00>
ST_2 : Operation 335 [1/1] (0.00ns)   --->   "%sext_ln73_61 = sext i11 %data_14_val_read" [firmware/nnet_utils/nnet_mult.h:73->firmware/nnet_utils/nnet_dense_latency.h:42]   --->   Operation 335 'sext' 'sext_ln73_61' <Predicate = true> <Delay = 0.00>
ST_2 : Operation 336 [1/1] (0.00ns)   --->   "%mult_341 = bitconcatenate i18 @_ssdm_op_BitConcatenate.i18.i11.i7, i11 %data_14_val_read, i7 0" [firmware/nnet_utils/nnet_mult.h:73->firmware/nnet_utils/nnet_dense_latency.h:42]   --->   Operation 336 'bitconcatenate' 'mult_341' <Predicate = true> <Delay = 0.00>
ST_2 : Operation 337 [1/1] (0.00ns)   --->   "%sext_ln17_239 = sext i18 %mult_341" [firmware/nnet_utils/nnet_dense_latency.h:17]   --->   Operation 337 'sext' 'sext_ln17_239' <Predicate = true> <Delay = 0.00>
ST_2 : Operation 338 [1/1] (0.00ns)   --->   "%sext_ln73_98 = sext i18 %mult_341" [firmware/nnet_utils/nnet_mult.h:73->firmware/nnet_utils/nnet_dense_latency.h:42]   --->   Operation 338 'sext' 'sext_ln73_98' <Predicate = true> <Delay = 0.00>
ST_2 : Operation 339 [1/1] (0.87ns)   --->   "%sub_ln73_283 = sub i20 0, i20 %sext_ln73_98" [firmware/nnet_utils/nnet_mult.h:73->firmware/nnet_utils/nnet_dense_latency.h:42]   --->   Operation 339 'sub' 'sub_ln73_283' <Predicate = true> <Delay = 0.87> <CoreInst = "Adder">   --->   Core 1 'Adder' <Latency = 0> <II = 1> <Delay = 0.87> <FuncUnit> <Opcode : 'add' 'sub'> <InPorts = 2> <OutPorts = 1>
ST_2 : Operation 340 [1/1] (0.00ns)   --->   "%tmp_436 = bitconcatenate i16 @_ssdm_op_BitConcatenate.i16.i11.i5, i11 %data_14_val_read, i5 0" [firmware/nnet_utils/nnet_mult.h:73->firmware/nnet_utils/nnet_dense_latency.h:42]   --->   Operation 340 'bitconcatenate' 'tmp_436' <Predicate = true> <Delay = 0.00>
ST_2 : Operation 341 [1/1] (0.00ns)   --->   "%sext_ln73_99 = sext i16 %tmp_436" [firmware/nnet_utils/nnet_mult.h:73->firmware/nnet_utils/nnet_dense_latency.h:42]   --->   Operation 341 'sext' 'sext_ln73_99' <Predicate = true> <Delay = 0.00>
ST_2 : Operation 342 [1/1] (0.00ns) (grouped into TernaryAdder)   --->   "%mult_342 = sub i20 %sub_ln73_283, i20 %sext_ln73_99" [firmware/nnet_utils/nnet_mult.h:73->firmware/nnet_utils/nnet_dense_latency.h:42]   --->   Operation 342 'sub' 'mult_342' <Predicate = true> <Delay = 0.00> <CoreInst = "TAddSub">   --->   Core 10 'TAddSub' <Latency = 0> <II = 1> <Delay = 0.34> <IPBlock> <Opcode : 'add' 'sub'> <InPorts = 3> <OutPorts = 1> <Sync> <CReg>
ST_2 : Operation 343 [1/1] (0.00ns)   --->   "%p_shl42 = bitconcatenate i19 @_ssdm_op_BitConcatenate.i19.i11.i8, i11 %data_14_val_read, i8 0" [firmware/nnet_utils/nnet_dense_latency.h:17]   --->   Operation 343 'bitconcatenate' 'p_shl42' <Predicate = true> <Delay = 0.00>
ST_2 : Operation 344 [1/1] (0.00ns)   --->   "%mult_346 = bitconcatenate i17 @_ssdm_op_BitConcatenate.i17.i11.i6, i11 %data_14_val_read, i6 0" [firmware/nnet_utils/nnet_dense_latency.h:17]   --->   Operation 344 'bitconcatenate' 'mult_346' <Predicate = true> <Delay = 0.00>
ST_2 : Operation 345 [1/1] (0.00ns)   --->   "%sext_ln17_240 = sext i17 %mult_346" [firmware/nnet_utils/nnet_dense_latency.h:17]   --->   Operation 345 'sext' 'sext_ln17_240' <Predicate = true> <Delay = 0.00>
ST_2 : Operation 346 [1/1] (0.00ns) (grouped into TernaryAdder)   --->   "%sub_ln17_58 = sub i19 %p_shl42, i19 %sext_ln17_240" [firmware/nnet_utils/nnet_dense_latency.h:17]   --->   Operation 346 'sub' 'sub_ln17_58' <Predicate = true> <Delay = 0.00> <CoreInst = "TAddSub">   --->   Core 10 'TAddSub' <Latency = 0> <II = 1> <Delay = 0.34> <IPBlock> <Opcode : 'add' 'sub'> <InPorts = 3> <OutPorts = 1> <Sync> <CReg>
ST_2 : Operation 347 [1/1] (2.14ns)   --->   "%mul_ln17_6 = mul i17 %sext_ln73_60, i17 44" [firmware/nnet_utils/nnet_dense_latency.h:17]   --->   Operation 347 'mul' 'mul_ln17_6' <Predicate = true> <Delay = 2.14> <CoreInst = "Multiplier">   --->   Core 3 'Multiplier' <Latency = 0> <II = 1> <Delay = 2.14> <FuncUnit> <Opcode : 'mul'> <InPorts = 2> <OutPorts = 1>
ST_2 : Operation 348 [1/1] (0.00ns)   --->   "%sext_ln73_100 = sext i17 %mult_346" [firmware/nnet_utils/nnet_mult.h:73->firmware/nnet_utils/nnet_dense_latency.h:42]   --->   Operation 348 'sext' 'sext_ln73_100' <Predicate = true> <Delay = 0.00>
ST_2 : Operation 349 [1/1] (2.14ns)   --->   "%mult_343 = mul i19 %sext_ln73_61, i19 524172" [firmware/nnet_utils/nnet_mult.h:73->firmware/nnet_utils/nnet_dense_latency.h:42]   --->   Operation 349 'mul' 'mult_343' <Predicate = true> <Delay = 2.14> <CoreInst = "Multiplier">   --->   Core 3 'Multiplier' <Latency = 0> <II = 1> <Delay = 2.14> <FuncUnit> <Opcode : 'mul'> <InPorts = 2> <OutPorts = 1>
ST_2 : Operation 350 [1/1] (0.00ns)   --->   "%sext_ln17_241 = sext i19 %mult_343" [firmware/nnet_utils/nnet_dense_latency.h:17]   --->   Operation 350 'sext' 'sext_ln17_241' <Predicate = true> <Delay = 0.00>
ST_2 : Operation 351 [1/1] (0.00ns)   --->   "%sext_ln73_101 = sext i16 %tmp_436" [firmware/nnet_utils/nnet_mult.h:73->firmware/nnet_utils/nnet_dense_latency.h:42]   --->   Operation 351 'sext' 'sext_ln73_101' <Predicate = true> <Delay = 0.00>
ST_2 : Operation 352 [1/1] (0.87ns)   --->   "%mult_344 = sub i19 %sext_ln17_239, i19 %sext_ln73_101" [firmware/nnet_utils/nnet_mult.h:73->firmware/nnet_utils/nnet_dense_latency.h:42]   --->   Operation 352 'sub' 'mult_344' <Predicate = true> <Delay = 0.87> <CoreInst = "Adder">   --->   Core 1 'Adder' <Latency = 0> <II = 1> <Delay = 0.87> <FuncUnit> <Opcode : 'add' 'sub'> <InPorts = 2> <OutPorts = 1>
ST_2 : Operation 353 [1/1] (0.00ns)   --->   "%trunc_ln17_130 = trunc i19 %mult_344" [firmware/nnet_utils/nnet_dense_latency.h:17]   --->   Operation 353 'trunc' 'trunc_ln17_130' <Predicate = true> <Delay = 0.00>
ST_2 : Operation 354 [1/1] (0.00ns)   --->   "%sext_ln73_102 = sext i16 %tmp_436" [firmware/nnet_utils/nnet_mult.h:73->firmware/nnet_utils/nnet_dense_latency.h:42]   --->   Operation 354 'sext' 'sext_ln73_102' <Predicate = true> <Delay = 0.00>
ST_2 : Operation 355 [1/1] (0.00ns)   --->   "%tmp_438 = bitconcatenate i14 @_ssdm_op_BitConcatenate.i14.i11.i3, i11 %data_14_val_read, i3 0" [firmware/nnet_utils/nnet_mult.h:73->firmware/nnet_utils/nnet_dense_latency.h:42]   --->   Operation 355 'bitconcatenate' 'tmp_438' <Predicate = true> <Delay = 0.00>
ST_2 : Operation 356 [1/1] (0.00ns)   --->   "%sext_ln73_103 = sext i14 %tmp_438" [firmware/nnet_utils/nnet_mult.h:73->firmware/nnet_utils/nnet_dense_latency.h:42]   --->   Operation 356 'sext' 'sext_ln73_103' <Predicate = true> <Delay = 0.00>
ST_2 : Operation 357 [1/1] (0.00ns) (grouped into TernaryAdder)   --->   "%mult_345 = sub i17 %sext_ln73_103, i17 %sext_ln73_102" [firmware/nnet_utils/nnet_mult.h:73->firmware/nnet_utils/nnet_dense_latency.h:42]   --->   Operation 357 'sub' 'mult_345' <Predicate = true> <Delay = 0.00> <CoreInst = "TAddSub">   --->   Core 10 'TAddSub' <Latency = 0> <II = 1> <Delay = 0.34> <IPBlock> <Opcode : 'add' 'sub'> <InPorts = 3> <OutPorts = 1> <Sync> <CReg>
ST_2 : Operation 358 [1/1] (0.00ns) (grouped into TernaryAdder)   --->   "%add_ln17_52 = add i19 %sext_ln17_239, i19 %sext_ln73_101" [firmware/nnet_utils/nnet_dense_latency.h:17]   --->   Operation 358 'add' 'add_ln17_52' <Predicate = true> <Delay = 0.00> <CoreInst = "TAddSub">   --->   Core 10 'TAddSub' <Latency = 0> <II = 1> <Delay = 0.34> <IPBlock> <Opcode : 'add' 'sub'> <InPorts = 3> <OutPorts = 1> <Sync> <CReg>
ST_2 : Operation 359 [1/1] (0.00ns)   --->   "%tmp_439 = bitconcatenate i13 @_ssdm_op_BitConcatenate.i13.i11.i2, i11 %data_14_val_read, i2 0" [firmware/nnet_utils/nnet_mult.h:73->firmware/nnet_utils/nnet_dense_latency.h:42]   --->   Operation 359 'bitconcatenate' 'tmp_439' <Predicate = true> <Delay = 0.00>
ST_2 : Operation 360 [1/1] (0.00ns)   --->   "%sext_ln73_104 = sext i13 %tmp_439" [firmware/nnet_utils/nnet_mult.h:73->firmware/nnet_utils/nnet_dense_latency.h:42]   --->   Operation 360 'sext' 'sext_ln73_104' <Predicate = true> <Delay = 0.00>
ST_2 : Operation 361 [1/1] (0.00ns) (grouped into TernaryAdder)   --->   "%mult_347 = sub i19 %sext_ln17_239, i19 %sext_ln73_104" [firmware/nnet_utils/nnet_mult.h:73->firmware/nnet_utils/nnet_dense_latency.h:42]   --->   Operation 361 'sub' 'mult_347' <Predicate = true> <Delay = 0.00> <CoreInst = "TAddSub">   --->   Core 10 'TAddSub' <Latency = 0> <II = 1> <Delay = 0.34> <IPBlock> <Opcode : 'add' 'sub'> <InPorts = 3> <OutPorts = 1> <Sync> <CReg>
ST_2 : Operation 362 [1/1] (0.00ns)   --->   "%sext_ln73_105 = sext i14 %tmp_438" [firmware/nnet_utils/nnet_mult.h:73->firmware/nnet_utils/nnet_dense_latency.h:42]   --->   Operation 362 'sext' 'sext_ln73_105' <Predicate = true> <Delay = 0.00>
ST_2 : Operation 363 [1/1] (0.00ns)   --->   "%tmp_440 = bitconcatenate i15 @_ssdm_op_BitConcatenate.i15.i11.i4, i11 %data_14_val_read, i4 0" [firmware/nnet_utils/nnet_mult.h:73->firmware/nnet_utils/nnet_dense_latency.h:42]   --->   Operation 363 'bitconcatenate' 'tmp_440' <Predicate = true> <Delay = 0.00>
ST_2 : Operation 364 [1/1] (0.00ns)   --->   "%sext_ln73_106 = sext i15 %tmp_440" [firmware/nnet_utils/nnet_mult.h:73->firmware/nnet_utils/nnet_dense_latency.h:42]   --->   Operation 364 'sext' 'sext_ln73_106' <Predicate = true> <Delay = 0.00>
ST_2 : Operation 365 [1/1] (0.87ns)   --->   "%mult_348 = sub i19 %sext_ln17_239, i19 %sext_ln73_106" [firmware/nnet_utils/nnet_mult.h:73->firmware/nnet_utils/nnet_dense_latency.h:42]   --->   Operation 365 'sub' 'mult_348' <Predicate = true> <Delay = 0.87> <CoreInst = "Adder">   --->   Core 1 'Adder' <Latency = 0> <II = 1> <Delay = 0.87> <FuncUnit> <Opcode : 'add' 'sub'> <InPorts = 2> <OutPorts = 1>
ST_2 : Operation 366 [1/1] (0.00ns)   --->   "%sext_ln73_107 = sext i13 %tmp_439" [firmware/nnet_utils/nnet_mult.h:73->firmware/nnet_utils/nnet_dense_latency.h:42]   --->   Operation 366 'sext' 'sext_ln73_107' <Predicate = true> <Delay = 0.00>
ST_2 : Operation 367 [1/1] (0.00ns) (grouped into TernaryAdder)   --->   "%mult_349 = sub i17 %sext_ln73_102, i17 %sext_ln73_107" [firmware/nnet_utils/nnet_mult.h:73->firmware/nnet_utils/nnet_dense_latency.h:42]   --->   Operation 367 'sub' 'mult_349' <Predicate = true> <Delay = 0.00> <CoreInst = "TAddSub">   --->   Core 10 'TAddSub' <Latency = 0> <II = 1> <Delay = 0.34> <IPBlock> <Opcode : 'add' 'sub'> <InPorts = 3> <OutPorts = 1> <Sync> <CReg>
ST_2 : Operation 368 [1/1] (0.00ns)   --->   "%sext_ln73_108 = sext i14 %tmp_438" [firmware/nnet_utils/nnet_mult.h:73->firmware/nnet_utils/nnet_dense_latency.h:42]   --->   Operation 368 'sext' 'sext_ln73_108' <Predicate = true> <Delay = 0.00>
ST_2 : Operation 369 [1/1] (0.86ns)   --->   "%mult_350 = sub i18 %sext_ln73_100, i18 %sext_ln73_108" [firmware/nnet_utils/nnet_mult.h:73->firmware/nnet_utils/nnet_dense_latency.h:42]   --->   Operation 369 'sub' 'mult_350' <Predicate = true> <Delay = 0.86> <CoreInst = "Adder">   --->   Core 1 'Adder' <Latency = 0> <II = 1> <Delay = 0.86> <FuncUnit> <Opcode : 'add' 'sub'> <InPorts = 2> <OutPorts = 1>
ST_2 : Operation 370 [1/1] (0.00ns)   --->   "%trunc_ln17_131 = trunc i18 %mult_350" [firmware/nnet_utils/nnet_dense_latency.h:17]   --->   Operation 370 'trunc' 'trunc_ln17_131' <Predicate = true> <Delay = 0.00>
ST_2 : Operation 371 [1/1] (0.00ns)   --->   "%sext_ln73_109 = sext i15 %tmp_440" [firmware/nnet_utils/nnet_mult.h:73->firmware/nnet_utils/nnet_dense_latency.h:42]   --->   Operation 371 'sext' 'sext_ln73_109' <Predicate = true> <Delay = 0.00>
ST_2 : Operation 372 [1/1] (2.14ns)   --->   "%mul_ln17_7 = mul i19 %sext_ln73_61, i19 524112" [firmware/nnet_utils/nnet_dense_latency.h:17]   --->   Operation 372 'mul' 'mul_ln17_7' <Predicate = true> <Delay = 2.14> <CoreInst = "Multiplier">   --->   Core 3 'Multiplier' <Latency = 0> <II = 1> <Delay = 2.14> <FuncUnit> <Opcode : 'mul'> <InPorts = 2> <OutPorts = 1>
ST_2 : Operation 373 [1/1] (0.00ns)   --->   "%sext_ln73_64 = sext i11 %data_15_val_read" [firmware/nnet_utils/nnet_mult.h:73->firmware/nnet_utils/nnet_dense_latency.h:42]   --->   Operation 373 'sext' 'sext_ln73_64' <Predicate = true> <Delay = 0.00>
ST_2 : Operation 374 [1/1] (0.00ns)   --->   "%sext_ln73_66 = sext i11 %data_15_val_read" [firmware/nnet_utils/nnet_mult.h:73->firmware/nnet_utils/nnet_dense_latency.h:42]   --->   Operation 374 'sext' 'sext_ln73_66' <Predicate = true> <Delay = 0.00>
ST_2 : Operation 375 [1/1] (0.00ns)   --->   "%tmp_441 = bitconcatenate i17 @_ssdm_op_BitConcatenate.i17.i11.i6, i11 %data_15_val_read, i6 0" [firmware/nnet_utils/nnet_mult.h:73->firmware/nnet_utils/nnet_dense_latency.h:42]   --->   Operation 375 'bitconcatenate' 'tmp_441' <Predicate = true> <Delay = 0.00>
ST_2 : Operation 376 [1/1] (0.00ns)   --->   "%sext_ln73_110 = sext i17 %tmp_441" [firmware/nnet_utils/nnet_mult.h:73->firmware/nnet_utils/nnet_dense_latency.h:42]   --->   Operation 376 'sext' 'sext_ln73_110' <Predicate = true> <Delay = 0.00>
ST_2 : Operation 377 [1/1] (0.00ns)   --->   "%tmp_442 = bitconcatenate i15 @_ssdm_op_BitConcatenate.i15.i11.i4, i11 %data_15_val_read, i4 0" [firmware/nnet_utils/nnet_mult.h:73->firmware/nnet_utils/nnet_dense_latency.h:42]   --->   Operation 377 'bitconcatenate' 'tmp_442' <Predicate = true> <Delay = 0.00>
ST_2 : Operation 378 [1/1] (0.00ns)   --->   "%sext_ln73_111 = sext i15 %tmp_442" [firmware/nnet_utils/nnet_mult.h:73->firmware/nnet_utils/nnet_dense_latency.h:42]   --->   Operation 378 'sext' 'sext_ln73_111' <Predicate = true> <Delay = 0.00>
ST_2 : Operation 379 [1/1] (0.00ns) (grouped into TernaryAdder)   --->   "%mult_351 = sub i18 %sext_ln73_110, i18 %sext_ln73_111" [firmware/nnet_utils/nnet_mult.h:73->firmware/nnet_utils/nnet_dense_latency.h:42]   --->   Operation 379 'sub' 'mult_351' <Predicate = true> <Delay = 0.00> <CoreInst = "TAddSub">   --->   Core 10 'TAddSub' <Latency = 0> <II = 1> <Delay = 0.34> <IPBlock> <Opcode : 'add' 'sub'> <InPorts = 3> <OutPorts = 1> <Sync> <CReg>
ST_2 : Operation 380 [1/1] (0.00ns)   --->   "%sext_ln73_112 = sext i15 %tmp_442" [firmware/nnet_utils/nnet_mult.h:73->firmware/nnet_utils/nnet_dense_latency.h:42]   --->   Operation 380 'sext' 'sext_ln73_112' <Predicate = true> <Delay = 0.00>
ST_2 : Operation 381 [1/1] (0.00ns)   --->   "%mult_354 = bitconcatenate i13 @_ssdm_op_BitConcatenate.i13.i11.i2, i11 %data_15_val_read, i2 0" [firmware/nnet_utils/nnet_mult.h:73->firmware/nnet_utils/nnet_dense_latency.h:42]   --->   Operation 381 'bitconcatenate' 'mult_354' <Predicate = true> <Delay = 0.00>
ST_2 : Operation 382 [1/1] (0.00ns)   --->   "%sext_ln73_113 = sext i13 %mult_354" [firmware/nnet_utils/nnet_mult.h:73->firmware/nnet_utils/nnet_dense_latency.h:42]   --->   Operation 382 'sext' 'sext_ln73_113' <Predicate = true> <Delay = 0.00>
ST_2 : Operation 383 [1/1] (0.84ns)   --->   "%mult_352 = add i17 %sext_ln73_112, i17 %sext_ln73_113" [firmware/nnet_utils/nnet_mult.h:73->firmware/nnet_utils/nnet_dense_latency.h:42]   --->   Operation 383 'add' 'mult_352' <Predicate = true> <Delay = 0.84> <CoreInst = "Adder">   --->   Core 1 'Adder' <Latency = 0> <II = 1> <Delay = 0.84> <FuncUnit> <Opcode : 'add' 'sub'> <InPorts = 2> <OutPorts = 1>
ST_2 : Operation 384 [1/1] (0.00ns)   --->   "%sext_ln17_242 = sext i17 %mult_352" [firmware/nnet_utils/nnet_dense_latency.h:17]   --->   Operation 384 'sext' 'sext_ln17_242' <Predicate = true> <Delay = 0.00>
ST_2 : Operation 385 [1/1] (0.00ns)   --->   "%tmp_444 = bitconcatenate i16 @_ssdm_op_BitConcatenate.i16.i11.i5, i11 %data_15_val_read, i5 0" [firmware/nnet_utils/nnet_mult.h:73->firmware/nnet_utils/nnet_dense_latency.h:42]   --->   Operation 385 'bitconcatenate' 'tmp_444' <Predicate = true> <Delay = 0.00>
ST_2 : Operation 386 [1/1] (0.00ns)   --->   "%sext_ln73_114 = sext i16 %tmp_444" [firmware/nnet_utils/nnet_mult.h:73->firmware/nnet_utils/nnet_dense_latency.h:42]   --->   Operation 386 'sext' 'sext_ln73_114' <Predicate = true> <Delay = 0.00>
ST_2 : Operation 387 [1/1] (0.85ns)   --->   "%mult_353 = sub i17 0, i17 %sext_ln73_114" [firmware/nnet_utils/nnet_mult.h:73->firmware/nnet_utils/nnet_dense_latency.h:42]   --->   Operation 387 'sub' 'mult_353' <Predicate = true> <Delay = 0.85> <CoreInst = "Adder">   --->   Core 1 'Adder' <Latency = 0> <II = 1> <Delay = 0.85> <FuncUnit> <Opcode : 'add' 'sub'> <InPorts = 2> <OutPorts = 1>
ST_2 : Operation 388 [1/1] (0.00ns)   --->   "%sext_ln17_243 = sext i17 %mult_353" [firmware/nnet_utils/nnet_dense_latency.h:17]   --->   Operation 388 'sext' 'sext_ln17_243' <Predicate = true> <Delay = 0.00>
ST_2 : Operation 389 [1/1] (0.00ns)   --->   "%tmp_445 = bitconcatenate i18 @_ssdm_op_BitConcatenate.i18.i11.i7, i11 %data_15_val_read, i7 0" [firmware/nnet_utils/nnet_dense_latency.h:17]   --->   Operation 389 'bitconcatenate' 'tmp_445' <Predicate = true> <Delay = 0.00>
ST_2 : Operation 390 [1/1] (0.00ns)   --->   "%sext_ln17_244 = sext i18 %tmp_445" [firmware/nnet_utils/nnet_dense_latency.h:17]   --->   Operation 390 'sext' 'sext_ln17_244' <Predicate = true> <Delay = 0.00>
ST_2 : Operation 391 [1/1] (0.87ns)   --->   "%sub_ln17_59 = sub i19 0, i19 %sext_ln17_244" [firmware/nnet_utils/nnet_dense_latency.h:17]   --->   Operation 391 'sub' 'sub_ln17_59' <Predicate = true> <Delay = 0.87> <CoreInst = "Adder">   --->   Core 1 'Adder' <Latency = 0> <II = 1> <Delay = 0.87> <FuncUnit> <Opcode : 'add' 'sub'> <InPorts = 2> <OutPorts = 1>
ST_2 : Operation 392 [1/1] (0.00ns)   --->   "%sext_ln17_245 = sext i15 %tmp_442" [firmware/nnet_utils/nnet_dense_latency.h:17]   --->   Operation 392 'sext' 'sext_ln17_245' <Predicate = true> <Delay = 0.00>
ST_2 : Operation 393 [1/1] (0.00ns) (grouped into TernaryAdder)   --->   "%sub_ln17_60 = sub i19 %sub_ln17_59, i19 %sext_ln17_245" [firmware/nnet_utils/nnet_dense_latency.h:17]   --->   Operation 393 'sub' 'sub_ln17_60' <Predicate = true> <Delay = 0.00> <CoreInst = "TAddSub">   --->   Core 10 'TAddSub' <Latency = 0> <II = 1> <Delay = 0.34> <IPBlock> <Opcode : 'add' 'sub'> <InPorts = 3> <OutPorts = 1> <Sync> <CReg>
ST_2 : Operation 394 [1/1] (0.00ns)   --->   "%sext_ln17_246 = sext i13 %mult_354" [firmware/nnet_utils/nnet_dense_latency.h:17]   --->   Operation 394 'sext' 'sext_ln17_246' <Predicate = true> <Delay = 0.00>
ST_2 : Operation 395 [1/1] (0.00ns)   --->   "%mult_355 = bitconcatenate i14 @_ssdm_op_BitConcatenate.i14.i11.i3, i11 %data_15_val_read, i3 0" [firmware/nnet_utils/nnet_mult.h:73->firmware/nnet_utils/nnet_dense_latency.h:42]   --->   Operation 395 'bitconcatenate' 'mult_355' <Predicate = true> <Delay = 0.00>
ST_2 : Operation 396 [1/1] (0.00ns)   --->   "%sext_ln17_247 = sext i14 %mult_355" [firmware/nnet_utils/nnet_dense_latency.h:17]   --->   Operation 396 'sext' 'sext_ln17_247' <Predicate = true> <Delay = 0.00>
ST_2 : Operation 397 [1/1] (0.00ns)   --->   "%mult_356 = bitconcatenate i12 @_ssdm_op_BitConcatenate.i12.i11.i1, i11 %data_15_val_read, i1 0" [firmware/nnet_utils/nnet_mult.h:73->firmware/nnet_utils/nnet_dense_latency.h:42]   --->   Operation 397 'bitconcatenate' 'mult_356' <Predicate = true> <Delay = 0.00>
ST_2 : Operation 398 [1/1] (0.00ns)   --->   "%sext_ln17_248 = sext i12 %mult_356" [firmware/nnet_utils/nnet_dense_latency.h:17]   --->   Operation 398 'sext' 'sext_ln17_248' <Predicate = true> <Delay = 0.00>
ST_2 : Operation 399 [1/1] (0.00ns)   --->   "%sext_ln73_115 = sext i15 %tmp_442" [firmware/nnet_utils/nnet_mult.h:73->firmware/nnet_utils/nnet_dense_latency.h:42]   --->   Operation 399 'sext' 'sext_ln73_115' <Predicate = true> <Delay = 0.00>
ST_2 : Operation 400 [1/1] (0.84ns)   --->   "%mult_357 = sub i16 0, i16 %sext_ln73_115" [firmware/nnet_utils/nnet_mult.h:73->firmware/nnet_utils/nnet_dense_latency.h:42]   --->   Operation 400 'sub' 'mult_357' <Predicate = true> <Delay = 0.84> <CoreInst = "Adder">   --->   Core 1 'Adder' <Latency = 0> <II = 1> <Delay = 0.84> <FuncUnit> <Opcode : 'add' 'sub'> <InPorts = 2> <OutPorts = 1>
ST_2 : Operation 401 [1/1] (0.00ns)   --->   "%sext_ln17_249 = sext i16 %mult_357" [firmware/nnet_utils/nnet_dense_latency.h:17]   --->   Operation 401 'sext' 'sext_ln17_249' <Predicate = true> <Delay = 0.00>
ST_2 : Operation 402 [1/1] (2.14ns)   --->   "%mult_358 = mul i18 %sext_ln73_66, i18 262102" [firmware/nnet_utils/nnet_mult.h:73->firmware/nnet_utils/nnet_dense_latency.h:42]   --->   Operation 402 'mul' 'mult_358' <Predicate = true> <Delay = 2.14> <CoreInst = "Multiplier">   --->   Core 3 'Multiplier' <Latency = 0> <II = 1> <Delay = 2.14> <FuncUnit> <Opcode : 'mul'> <InPorts = 2> <OutPorts = 1>
ST_2 : Operation 403 [1/1] (0.00ns)   --->   "%sext_ln17_250 = sext i18 %mult_358" [firmware/nnet_utils/nnet_dense_latency.h:17]   --->   Operation 403 'sext' 'sext_ln17_250' <Predicate = true> <Delay = 0.00>
ST_2 : Operation 404 [1/1] (0.00ns)   --->   "%sext_ln73_116 = sext i13 %mult_354" [firmware/nnet_utils/nnet_mult.h:73->firmware/nnet_utils/nnet_dense_latency.h:42]   --->   Operation 404 'sext' 'sext_ln73_116' <Predicate = true> <Delay = 0.00>
ST_2 : Operation 405 [1/1] (0.84ns)   --->   "%mult_359 = sub i16 %sext_ln73_116, i16 %sext_ln73_115" [firmware/nnet_utils/nnet_mult.h:73->firmware/nnet_utils/nnet_dense_latency.h:42]   --->   Operation 405 'sub' 'mult_359' <Predicate = true> <Delay = 0.84> <CoreInst = "Adder">   --->   Core 1 'Adder' <Latency = 0> <II = 1> <Delay = 0.84> <FuncUnit> <Opcode : 'add' 'sub'> <InPorts = 2> <OutPorts = 1>
ST_2 : Operation 406 [1/1] (0.00ns)   --->   "%sext_ln17_251 = sext i16 %mult_359" [firmware/nnet_utils/nnet_dense_latency.h:17]   --->   Operation 406 'sext' 'sext_ln17_251' <Predicate = true> <Delay = 0.00>
ST_2 : Operation 407 [1/1] (0.86ns)   --->   "%add_ln58 = add i18 %sext_ln17_163, i18 261248" [firmware/nnet_utils/nnet_dense_latency.h:58]   --->   Operation 407 'add' 'add_ln58' <Predicate = true> <Delay = 0.86> <CoreInst = "Adder">   --->   Core 1 'Adder' <Latency = 0> <II = 1> <Delay = 0.86> <FuncUnit> <Opcode : 'add' 'sub'> <InPorts = 2> <OutPorts = 1>
ST_2 : Operation 408 [1/1] (0.00ns)   --->   "%sext_ln58 = sext i18 %add_ln58" [firmware/nnet_utils/nnet_dense_latency.h:58]   --->   Operation 408 'sext' 'sext_ln58' <Predicate = true> <Delay = 0.00>
ST_2 : Operation 409 [1/1] (0.80ns)   --->   "%sub_ln58_42 = sub i13 192, i13 %sext_ln73_13" [firmware/nnet_utils/nnet_dense_latency.h:58]   --->   Operation 409 'sub' 'sub_ln58_42' <Predicate = true> <Delay = 0.80> <CoreInst = "Adder">   --->   Core 1 'Adder' <Latency = 0> <II = 1> <Delay = 0.80> <FuncUnit> <Opcode : 'add' 'sub'> <InPorts = 2> <OutPorts = 1>
ST_2 : Operation 410 [1/1] (0.00ns)   --->   "%sext_ln58_144 = sext i13 %sub_ln58_42" [firmware/nnet_utils/nnet_dense_latency.h:58]   --->   Operation 410 'sext' 'sext_ln58_144' <Predicate = true> <Delay = 0.00>
ST_2 : Operation 411 [1/1] (0.77ns) (root node of TernaryAdder)   --->   "%add_ln58_449 = add i14 %sub_ln17, i14 768" [firmware/nnet_utils/nnet_dense_latency.h:58]   --->   Operation 411 'add' 'add_ln58_449' <Predicate = true> <Delay = 0.77> <CoreInst = "TAddSub">   --->   Core 10 'TAddSub' <Latency = 0> <II = 1> <Delay = 0.34> <IPBlock> <Opcode : 'add' 'sub'> <InPorts = 3> <OutPorts = 1> <Sync> <CReg>
ST_2 : Operation 412 [1/1] (0.00ns)   --->   "%sext_ln58_220 = sext i14 %add_ln58_449" [firmware/nnet_utils/nnet_dense_latency.h:58]   --->   Operation 412 'sext' 'sext_ln58_220' <Predicate = true> <Delay = 0.00>
ST_2 : Operation 413 [1/1] (0.68ns) (root node of TernaryAdder)   --->   "%add_ln58_450 = add i16 %sub_ln17_48, i16 64576" [firmware/nnet_utils/nnet_dense_latency.h:58]   --->   Operation 413 'add' 'add_ln58_450' <Predicate = true> <Delay = 0.68> <CoreInst = "TAddSub">   --->   Core 10 'TAddSub' <Latency = 0> <II = 1> <Delay = 0.34> <IPBlock> <Opcode : 'add' 'sub'> <InPorts = 3> <OutPorts = 1> <Sync> <CReg>
ST_2 : Operation 414 [1/1] (0.00ns)   --->   "%sext_ln58_223 = sext i16 %add_ln58_450" [firmware/nnet_utils/nnet_dense_latency.h:58]   --->   Operation 414 'sext' 'sext_ln58_223' <Predicate = true> <Delay = 0.00>
ST_2 : Operation 415 [1/1] (0.82ns)   --->   "%add_ln58_451 = add i13 %sext_ln70, i13 5680" [firmware/nnet_utils/nnet_dense_latency.h:58]   --->   Operation 415 'add' 'add_ln58_451' <Predicate = true> <Delay = 0.82> <CoreInst = "Adder">   --->   Core 1 'Adder' <Latency = 0> <II = 1> <Delay = 0.82> <FuncUnit> <Opcode : 'add' 'sub'> <InPorts = 2> <OutPorts = 1>
ST_2 : Operation 416 [1/1] (0.00ns)   --->   "%sext_ln58_147 = sext i13 %add_ln58_451" [firmware/nnet_utils/nnet_dense_latency.h:58]   --->   Operation 416 'sext' 'sext_ln58_147' <Predicate = true> <Delay = 0.00>
ST_2 : Operation 417 [1/1] (0.00ns)   --->   "%sext_ln58_148 = sext i13 %add_ln58_452" [firmware/nnet_utils/nnet_dense_latency.h:58]   --->   Operation 417 'sext' 'sext_ln58_148' <Predicate = true> <Delay = 0.00>
ST_2 : Operation 418 [1/1] (0.86ns)   --->   "%add_ln58_453 = add i17 %mul_ln17_1, i17 896" [firmware/nnet_utils/nnet_dense_latency.h:58]   --->   Operation 418 'add' 'add_ln58_453' <Predicate = true> <Delay = 0.86> <CoreInst = "Adder">   --->   Core 1 'Adder' <Latency = 0> <II = 1> <Delay = 0.86> <FuncUnit> <Opcode : 'add' 'sub'> <InPorts = 2> <OutPorts = 1>
ST_2 : Operation 419 [1/1] (0.00ns)   --->   "%sext_ln58_224 = sext i17 %add_ln58_453" [firmware/nnet_utils/nnet_dense_latency.h:58]   --->   Operation 419 'sext' 'sext_ln58_224' <Predicate = true> <Delay = 0.00>
ST_2 : Operation 420 [1/1] (0.69ns) (root node of TernaryAdder)   --->   "%add_ln58_454 = add i18 %sext_ln58_224, i18 %add_ln17" [firmware/nnet_utils/nnet_dense_latency.h:58]   --->   Operation 420 'add' 'add_ln58_454' <Predicate = true> <Delay = 0.69> <CoreInst = "TAddSub">   --->   Core 10 'TAddSub' <Latency = 0> <II = 1> <Delay = 0.34> <IPBlock> <Opcode : 'add' 'sub'> <InPorts = 3> <OutPorts = 1> <Sync> <CReg>
ST_2 : Operation 421 [1/1] (0.00ns)   --->   "%sext_ln58_149 = sext i18 %add_ln58_454" [firmware/nnet_utils/nnet_dense_latency.h:58]   --->   Operation 421 'sext' 'sext_ln58_149' <Predicate = true> <Delay = 0.00>
ST_2 : Operation 422 [1/1] (0.82ns)   --->   "%add_ln58_455 = add i14 %sext_ln17_167, i14 192" [firmware/nnet_utils/nnet_dense_latency.h:58]   --->   Operation 422 'add' 'add_ln58_455' <Predicate = true> <Delay = 0.82> <CoreInst = "Adder">   --->   Core 1 'Adder' <Latency = 0> <II = 1> <Delay = 0.82> <FuncUnit> <Opcode : 'add' 'sub'> <InPorts = 2> <OutPorts = 1>
ST_2 : Operation 423 [1/1] (0.00ns)   --->   "%sext_ln58_150 = sext i14 %add_ln58_455" [firmware/nnet_utils/nnet_dense_latency.h:58]   --->   Operation 423 'sext' 'sext_ln58_150' <Predicate = true> <Delay = 0.00>
ST_2 : Operation 424 [1/1] (0.73ns) (root node of TernaryAdder)   --->   "%add_ln58_456 = add i15 %mult_269, i15 %sext_ln58_147" [firmware/nnet_utils/nnet_dense_latency.h:58]   --->   Operation 424 'add' 'add_ln58_456' <Predicate = true> <Delay = 0.73> <CoreInst = "TAddSub">   --->   Core 10 'TAddSub' <Latency = 0> <II = 1> <Delay = 0.34> <IPBlock> <Opcode : 'add' 'sub'> <InPorts = 3> <OutPorts = 1> <Sync> <CReg>
ST_2 : Operation 425 [1/1] (0.00ns)   --->   "%sext_ln58_151 = sext i15 %add_ln58_456" [firmware/nnet_utils/nnet_dense_latency.h:58]   --->   Operation 425 'sext' 'sext_ln58_151' <Predicate = true> <Delay = 0.00>
ST_2 : Operation 426 [1/1] (0.87ns)   --->   "%add_ln58_457 = add i18 %mul_ln17_3, i18 256384" [firmware/nnet_utils/nnet_dense_latency.h:58]   --->   Operation 426 'add' 'add_ln58_457' <Predicate = true> <Delay = 0.87> <CoreInst = "Adder">   --->   Core 1 'Adder' <Latency = 0> <II = 1> <Delay = 0.87> <FuncUnit> <Opcode : 'add' 'sub'> <InPorts = 2> <OutPorts = 1>
ST_2 : Operation 427 [1/1] (0.00ns)   --->   "%sext_ln58_152 = sext i18 %add_ln58_457" [firmware/nnet_utils/nnet_dense_latency.h:58]   --->   Operation 427 'sext' 'sext_ln58_152' <Predicate = true> <Delay = 0.00>
ST_2 : Operation 428 [1/1] (0.68ns) (root node of TernaryAdder)   --->   "%add_ln58_458 = add i17 %sub_ln17_50, i17 %sext_ln58_148" [firmware/nnet_utils/nnet_dense_latency.h:58]   --->   Operation 428 'add' 'add_ln58_458' <Predicate = true> <Delay = 0.68> <CoreInst = "TAddSub">   --->   Core 10 'TAddSub' <Latency = 0> <II = 1> <Delay = 0.34> <IPBlock> <Opcode : 'add' 'sub'> <InPorts = 3> <OutPorts = 1> <Sync> <CReg>
ST_2 : Operation 429 [1/1] (0.00ns)   --->   "%sext_ln58_225 = sext i17 %add_ln58_458" [firmware/nnet_utils/nnet_dense_latency.h:58]   --->   Operation 429 'sext' 'sext_ln58_225' <Predicate = true> <Delay = 0.00>
ST_2 : Operation 430 [1/1] (0.73ns) (root node of TernaryAdder)   --->   "%add_ln58_459 = add i15 %sub_ln17_51, i15 30848" [firmware/nnet_utils/nnet_dense_latency.h:58]   --->   Operation 430 'add' 'add_ln58_459' <Predicate = true> <Delay = 0.73> <CoreInst = "TAddSub">   --->   Core 10 'TAddSub' <Latency = 0> <II = 1> <Delay = 0.34> <IPBlock> <Opcode : 'add' 'sub'> <InPorts = 3> <OutPorts = 1> <Sync> <CReg>
ST_2 : Operation 431 [1/1] (0.00ns)   --->   "%sext_ln58_154 = sext i15 %add_ln58_459" [firmware/nnet_utils/nnet_dense_latency.h:58]   --->   Operation 431 'sext' 'sext_ln58_154' <Predicate = true> <Delay = 0.00>
ST_2 : Operation 432 [1/1] (0.85ns)   --->   "%add_ln58_460 = add i16 %trunc_ln17_128, i16 65312" [firmware/nnet_utils/nnet_dense_latency.h:58]   --->   Operation 432 'add' 'add_ln58_460' <Predicate = true> <Delay = 0.85> <CoreInst = "Adder">   --->   Core 1 'Adder' <Latency = 0> <II = 1> <Delay = 0.85> <FuncUnit> <Opcode : 'add' 'sub'> <InPorts = 2> <OutPorts = 1>
ST_2 : Operation 433 [1/1] (0.00ns)   --->   "%sext_ln58_155 = sext i16 %add_ln58_460" [firmware/nnet_utils/nnet_dense_latency.h:58]   --->   Operation 433 'sext' 'sext_ln58_155' <Predicate = true> <Delay = 0.00>
ST_2 : Operation 434 [1/1] (0.00ns) (grouped into TernaryAdder)   --->   "%sub_ln58_43 = sub i15 128, i15 %sext_ln73_21" [firmware/nnet_utils/nnet_dense_latency.h:58]   --->   Operation 434 'sub' 'sub_ln58_43' <Predicate = true> <Delay = 0.00> <CoreInst = "TAddSub">   --->   Core 10 'TAddSub' <Latency = 0> <II = 1> <Delay = 0.34> <IPBlock> <Opcode : 'add' 'sub'> <InPorts = 3> <OutPorts = 1> <Sync> <CReg>
ST_2 : Operation 435 [1/1] (0.86ns)   --->   "%add_ln58_461 = add i17 %mult_271, i17 125184" [firmware/nnet_utils/nnet_dense_latency.h:58]   --->   Operation 435 'add' 'add_ln58_461' <Predicate = true> <Delay = 0.86> <CoreInst = "Adder">   --->   Core 1 'Adder' <Latency = 0> <II = 1> <Delay = 0.86> <FuncUnit> <Opcode : 'add' 'sub'> <InPorts = 2> <OutPorts = 1>
ST_2 : Operation 436 [1/1] (0.00ns)   --->   "%sext_ln58_157 = sext i17 %add_ln58_461" [firmware/nnet_utils/nnet_dense_latency.h:58]   --->   Operation 436 'sext' 'sext_ln58_157' <Predicate = true> <Delay = 0.00>
ST_2 : Operation 437 [1/1] (0.86ns)   --->   "%add_ln58_462 = add i18 %sext_ln17_171, i18 %sext_ln58_144" [firmware/nnet_utils/nnet_dense_latency.h:58]   --->   Operation 437 'add' 'add_ln58_462' <Predicate = true> <Delay = 0.86> <CoreInst = "Adder">   --->   Core 1 'Adder' <Latency = 0> <II = 1> <Delay = 0.86> <FuncUnit> <Opcode : 'add' 'sub'> <InPorts = 2> <OutPorts = 1>
ST_2 : Operation 438 [1/1] (0.00ns)   --->   "%sext_ln58_158 = sext i18 %add_ln58_462" [firmware/nnet_utils/nnet_dense_latency.h:58]   --->   Operation 438 'sext' 'sext_ln58_158' <Predicate = true> <Delay = 0.00>
ST_2 : Operation 439 [1/1] (0.73ns) (root node of TernaryAdder)   --->   "%add_ln58_463 = add i15 %sub_ln17_52, i15 496" [firmware/nnet_utils/nnet_dense_latency.h:58]   --->   Operation 439 'add' 'add_ln58_463' <Predicate = true> <Delay = 0.73> <CoreInst = "TAddSub">   --->   Core 10 'TAddSub' <Latency = 0> <II = 1> <Delay = 0.34> <IPBlock> <Opcode : 'add' 'sub'> <InPorts = 3> <OutPorts = 1> <Sync> <CReg>
ST_2 : Operation 440 [1/1] (0.00ns)   --->   "%sext_ln58_159 = sext i15 %add_ln58_463" [firmware/nnet_utils/nnet_dense_latency.h:58]   --->   Operation 440 'sext' 'sext_ln58_159' <Predicate = true> <Delay = 0.00>
ST_2 : Operation 441 [1/1] (0.87ns)   --->   "%add_ln58_464 = add i18 %mul_ln17_4, i18 %sext_ln58_155" [firmware/nnet_utils/nnet_dense_latency.h:58]   --->   Operation 441 'add' 'add_ln58_464' <Predicate = true> <Delay = 0.87> <CoreInst = "Adder">   --->   Core 1 'Adder' <Latency = 0> <II = 1> <Delay = 0.87> <FuncUnit> <Opcode : 'add' 'sub'> <InPorts = 2> <OutPorts = 1>
ST_2 : Operation 442 [1/1] (0.00ns)   --->   "%sext_ln58_160 = sext i18 %add_ln58_464" [firmware/nnet_utils/nnet_dense_latency.h:58]   --->   Operation 442 'sext' 'sext_ln58_160' <Predicate = true> <Delay = 0.00>
ST_2 : Operation 443 [1/1] (0.85ns)   --->   "%add_ln58_465 = add i17 %sext_ln58_223, i17 %sext_ln17_177" [firmware/nnet_utils/nnet_dense_latency.h:58]   --->   Operation 443 'add' 'add_ln58_465' <Predicate = true> <Delay = 0.85> <CoreInst = "Adder">   --->   Core 1 'Adder' <Latency = 0> <II = 1> <Delay = 0.85> <FuncUnit> <Opcode : 'add' 'sub'> <InPorts = 2> <OutPorts = 1>
ST_2 : Operation 444 [1/1] (0.00ns)   --->   "%sext_ln58_226 = sext i17 %add_ln58_465" [firmware/nnet_utils/nnet_dense_latency.h:58]   --->   Operation 444 'sext' 'sext_ln58_226' <Predicate = true> <Delay = 0.00>
ST_2 : Operation 445 [1/1] (0.69ns) (root node of TernaryAdder)   --->   "%x_72 = add i19 %sext_ln58_226, i19 %add_ln17_49" [firmware/nnet_utils/nnet_dense_latency.h:58]   --->   Operation 445 'add' 'x_72' <Predicate = true> <Delay = 0.69> <CoreInst = "TAddSub">   --->   Core 10 'TAddSub' <Latency = 0> <II = 1> <Delay = 0.34> <IPBlock> <Opcode : 'add' 'sub'> <InPorts = 3> <OutPorts = 1> <Sync> <CReg>
ST_2 : Operation 446 [1/1] (0.83ns)   --->   "%add_ln58_467 = add i15 %sext_ln17_182, i15 28928" [firmware/nnet_utils/nnet_dense_latency.h:58]   --->   Operation 446 'add' 'add_ln58_467' <Predicate = true> <Delay = 0.83> <CoreInst = "Adder">   --->   Core 1 'Adder' <Latency = 0> <II = 1> <Delay = 0.83> <FuncUnit> <Opcode : 'add' 'sub'> <InPorts = 2> <OutPorts = 1>
ST_2 : Operation 447 [1/1] (0.00ns)   --->   "%sext_ln58_162 = sext i15 %add_ln58_467" [firmware/nnet_utils/nnet_dense_latency.h:58]   --->   Operation 447 'sext' 'sext_ln58_162' <Predicate = true> <Delay = 0.00>
ST_2 : Operation 448 [1/1] (0.00ns) (grouped into TernaryAdder)   --->   "%add_ln58_468 = add i19 %mult_276, i19 %sext_ln17_179" [firmware/nnet_utils/nnet_dense_latency.h:58]   --->   Operation 448 'add' 'add_ln58_468' <Predicate = true> <Delay = 0.00> <CoreInst = "TAddSub">   --->   Core 10 'TAddSub' <Latency = 0> <II = 1> <Delay = 0.34> <IPBlock> <Opcode : 'add' 'sub'> <InPorts = 3> <OutPorts = 1> <Sync> <CReg>
ST_2 : Operation 449 [1/1] (0.86ns)   --->   "%add_ln58_469 = add i18 %sext_ln58_225, i18 %sext_ln17_186" [firmware/nnet_utils/nnet_dense_latency.h:58]   --->   Operation 449 'add' 'add_ln58_469' <Predicate = true> <Delay = 0.86> <CoreInst = "Adder">   --->   Core 1 'Adder' <Latency = 0> <II = 1> <Delay = 0.86> <FuncUnit> <Opcode : 'add' 'sub'> <InPorts = 2> <OutPorts = 1>
ST_2 : Operation 450 [1/1] (0.00ns)   --->   "%sext_ln58_229 = sext i18 %add_ln58_469" [firmware/nnet_utils/nnet_dense_latency.h:58]   --->   Operation 450 'sext' 'sext_ln58_229' <Predicate = true> <Delay = 0.00>
ST_2 : Operation 451 [1/1] (0.69ns) (root node of TernaryAdder)   --->   "%add_ln58_470 = add i19 %sext_ln58_229, i19 %add_ln58_468" [firmware/nnet_utils/nnet_dense_latency.h:58]   --->   Operation 451 'add' 'add_ln58_470' <Predicate = true> <Delay = 0.69> <CoreInst = "TAddSub">   --->   Core 10 'TAddSub' <Latency = 0> <II = 1> <Delay = 0.34> <IPBlock> <Opcode : 'add' 'sub'> <InPorts = 3> <OutPorts = 1> <Sync> <CReg>
ST_2 : Operation 452 [1/1] (0.84ns)   --->   "%add_ln58_471 = add i16 %sext_ln58_154, i16 %sext_ln73_49" [firmware/nnet_utils/nnet_dense_latency.h:58]   --->   Operation 452 'add' 'add_ln58_471' <Predicate = true> <Delay = 0.84> <CoreInst = "Adder">   --->   Core 1 'Adder' <Latency = 0> <II = 1> <Delay = 0.84> <FuncUnit> <Opcode : 'add' 'sub'> <InPorts = 2> <OutPorts = 1>
ST_2 : Operation 453 [1/1] (0.00ns)   --->   "%sext_ln58_163 = sext i16 %add_ln58_471" [firmware/nnet_utils/nnet_dense_latency.h:58]   --->   Operation 453 'sext' 'sext_ln58_163' <Predicate = true> <Delay = 0.00>
ST_2 : Operation 454 [1/1] (0.82ns)   --->   "%add_ln58_472 = add i14 %sext_ln17_176, i14 %sext_ln70_4" [firmware/nnet_utils/nnet_dense_latency.h:58]   --->   Operation 454 'add' 'add_ln58_472' <Predicate = true> <Delay = 0.82> <CoreInst = "Adder">   --->   Core 1 'Adder' <Latency = 0> <II = 1> <Delay = 0.82> <FuncUnit> <Opcode : 'add' 'sub'> <InPorts = 2> <OutPorts = 1>
ST_2 : Operation 455 [1/1] (0.00ns)   --->   "%sext_ln58_230 = sext i14 %add_ln58_472" [firmware/nnet_utils/nnet_dense_latency.h:58]   --->   Operation 455 'sext' 'sext_ln58_230' <Predicate = true> <Delay = 0.00>
ST_2 : Operation 456 [1/1] (0.84ns)   --->   "%add_ln58_473 = add i15 %sext_ln58_230, i15 22528" [firmware/nnet_utils/nnet_dense_latency.h:58]   --->   Operation 456 'add' 'add_ln58_473' <Predicate = true> <Delay = 0.84> <CoreInst = "Adder">   --->   Core 1 'Adder' <Latency = 0> <II = 1> <Delay = 0.84> <FuncUnit> <Opcode : 'add' 'sub'> <InPorts = 2> <OutPorts = 1>
ST_2 : Operation 457 [1/1] (0.00ns)   --->   "%sext_ln58_164 = sext i15 %add_ln58_473" [firmware/nnet_utils/nnet_dense_latency.h:58]   --->   Operation 457 'sext' 'sext_ln58_164' <Predicate = true> <Delay = 0.00>
ST_2 : Operation 458 [1/1] (0.00ns) (grouped into TernaryAdder)   --->   "%add_ln58_474 = add i19 %mult_280, i19 %sext_ln58_158" [firmware/nnet_utils/nnet_dense_latency.h:58]   --->   Operation 458 'add' 'add_ln58_474' <Predicate = true> <Delay = 0.00> <CoreInst = "TAddSub">   --->   Core 10 'TAddSub' <Latency = 0> <II = 1> <Delay = 0.34> <IPBlock> <Opcode : 'add' 'sub'> <InPorts = 3> <OutPorts = 1> <Sync> <CReg>
ST_2 : Operation 459 [1/1] (0.86ns)   --->   "%add_ln58_475 = add i17 %mul_ln17_5, i17 %sext_ln17_190" [firmware/nnet_utils/nnet_dense_latency.h:58]   --->   Operation 459 'add' 'add_ln58_475' <Predicate = true> <Delay = 0.86> <CoreInst = "Adder">   --->   Core 1 'Adder' <Latency = 0> <II = 1> <Delay = 0.86> <FuncUnit> <Opcode : 'add' 'sub'> <InPorts = 2> <OutPorts = 1>
ST_2 : Operation 460 [1/1] (0.00ns)   --->   "%sext_ln58_231 = sext i17 %add_ln58_475" [firmware/nnet_utils/nnet_dense_latency.h:58]   --->   Operation 460 'sext' 'sext_ln58_231' <Predicate = true> <Delay = 0.00>
ST_2 : Operation 461 [1/1] (0.69ns) (root node of TernaryAdder)   --->   "%add_ln58_476 = add i19 %sext_ln58_231, i19 %add_ln58_474" [firmware/nnet_utils/nnet_dense_latency.h:58]   --->   Operation 461 'add' 'add_ln58_476' <Predicate = true> <Delay = 0.69> <CoreInst = "TAddSub">   --->   Core 10 'TAddSub' <Latency = 0> <II = 1> <Delay = 0.34> <IPBlock> <Opcode : 'add' 'sub'> <InPorts = 3> <OutPorts = 1> <Sync> <CReg>
ST_2 : Operation 462 [1/1] (0.00ns)   --->   "%sext_ln58_165 = sext i19 %add_ln58_476" [firmware/nnet_utils/nnet_dense_latency.h:58]   --->   Operation 462 'sext' 'sext_ln58_165' <Predicate = true> <Delay = 0.00>
ST_2 : Operation 463 [1/1] (0.84ns)   --->   "%add_ln58_477 = add i16 %sext_ln58_162, i16 %sext_ln17_191" [firmware/nnet_utils/nnet_dense_latency.h:58]   --->   Operation 463 'add' 'add_ln58_477' <Predicate = true> <Delay = 0.84> <CoreInst = "Adder">   --->   Core 1 'Adder' <Latency = 0> <II = 1> <Delay = 0.84> <FuncUnit> <Opcode : 'add' 'sub'> <InPorts = 2> <OutPorts = 1>
ST_2 : Operation 464 [1/1] (0.00ns)   --->   "%sext_ln58_166 = sext i16 %add_ln58_477" [firmware/nnet_utils/nnet_dense_latency.h:58]   --->   Operation 464 'sext' 'sext_ln58_166' <Predicate = true> <Delay = 0.00>
ST_2 : Operation 465 [1/1] (0.00ns) (grouped into TernaryAdder)   --->   "%sub_ln58 = sub i19 %add_ln58_470, i19 %sext_ln73_34" [firmware/nnet_utils/nnet_dense_latency.h:58]   --->   Operation 465 'sub' 'sub_ln58' <Predicate = true> <Delay = 0.00> <CoreInst = "TAddSub">   --->   Core 10 'TAddSub' <Latency = 0> <II = 1> <Delay = 0.34> <IPBlock> <Opcode : 'add' 'sub'> <InPorts = 3> <OutPorts = 1> <Sync> <CReg>
ST_2 : Operation 466 [1/1] (0.86ns)   --->   "%add_ln58_478 = add i18 %sext_ln17_171, i18 %sext_ln58_150" [firmware/nnet_utils/nnet_dense_latency.h:58]   --->   Operation 466 'add' 'add_ln58_478' <Predicate = true> <Delay = 0.86> <CoreInst = "Adder">   --->   Core 1 'Adder' <Latency = 0> <II = 1> <Delay = 0.86> <FuncUnit> <Opcode : 'add' 'sub'> <InPorts = 2> <OutPorts = 1>
ST_2 : Operation 467 [1/1] (0.00ns) (grouped into TernaryAdder)   --->   "%add_ln58_479 = add i18 %add_ln58_478, i18 %mult_274" [firmware/nnet_utils/nnet_dense_latency.h:58]   --->   Operation 467 'add' 'add_ln58_479' <Predicate = true> <Delay = 0.00> <CoreInst = "TAddSub">   --->   Core 10 'TAddSub' <Latency = 0> <II = 1> <Delay = 0.34> <IPBlock> <Opcode : 'add' 'sub'> <InPorts = 3> <OutPorts = 1> <Sync> <CReg>
ST_2 : Operation 468 [1/1] (0.80ns)   --->   "%add_ln58_480 = add i13 %sext_ln17_202, i13 %sext_ln70_3" [firmware/nnet_utils/nnet_dense_latency.h:58]   --->   Operation 468 'add' 'add_ln58_480' <Predicate = true> <Delay = 0.80> <CoreInst = "Adder">   --->   Core 1 'Adder' <Latency = 0> <II = 1> <Delay = 0.80> <FuncUnit> <Opcode : 'add' 'sub'> <InPorts = 2> <OutPorts = 1>
ST_2 : Operation 469 [1/1] (0.00ns)   --->   "%sext_ln58_232 = sext i13 %add_ln58_480" [firmware/nnet_utils/nnet_dense_latency.h:58]   --->   Operation 469 'sext' 'sext_ln58_232' <Predicate = true> <Delay = 0.00>
ST_2 : Operation 470 [1/1] (0.77ns) (root node of TernaryAdder)   --->   "%add_ln58_481 = add i14 %sext_ln58_232, i14 %mult_303" [firmware/nnet_utils/nnet_dense_latency.h:58]   --->   Operation 470 'add' 'add_ln58_481' <Predicate = true> <Delay = 0.77> <CoreInst = "TAddSub">   --->   Core 10 'TAddSub' <Latency = 0> <II = 1> <Delay = 0.34> <IPBlock> <Opcode : 'add' 'sub'> <InPorts = 3> <OutPorts = 1> <Sync> <CReg>
ST_2 : Operation 471 [1/1] (0.00ns)   --->   "%sext_ln58_233 = sext i14 %add_ln58_481" [firmware/nnet_utils/nnet_dense_latency.h:58]   --->   Operation 471 'sext' 'sext_ln58_233' <Predicate = true> <Delay = 0.00>
ST_2 : Operation 472 [1/1] (0.69ns) (root node of TernaryAdder)   --->   "%add_ln58_482 = add i18 %sext_ln58_233, i18 %add_ln58_479" [firmware/nnet_utils/nnet_dense_latency.h:58]   --->   Operation 472 'add' 'add_ln58_482' <Predicate = true> <Delay = 0.69> <CoreInst = "TAddSub">   --->   Core 10 'TAddSub' <Latency = 0> <II = 1> <Delay = 0.34> <IPBlock> <Opcode : 'add' 'sub'> <InPorts = 3> <OutPorts = 1> <Sync> <CReg>
ST_2 : Operation 473 [1/1] (0.00ns)   --->   "%sext_ln58_167 = sext i18 %add_ln58_482" [firmware/nnet_utils/nnet_dense_latency.h:58]   --->   Operation 473 'sext' 'sext_ln58_167' <Predicate = true> <Delay = 0.00>
ST_2 : Operation 474 [1/1] (0.83ns)   --->   "%add_ln58_483 = add i15 %sext_ln17_182, i15 %sext_ln17_205" [firmware/nnet_utils/nnet_dense_latency.h:58]   --->   Operation 474 'add' 'add_ln58_483' <Predicate = true> <Delay = 0.83> <CoreInst = "Adder">   --->   Core 1 'Adder' <Latency = 0> <II = 1> <Delay = 0.83> <FuncUnit> <Opcode : 'add' 'sub'> <InPorts = 2> <OutPorts = 1>
ST_2 : Operation 475 [1/1] (0.00ns)   --->   "%sext_ln58_234 = sext i15 %add_ln58_483" [firmware/nnet_utils/nnet_dense_latency.h:58]   --->   Operation 475 'sext' 'sext_ln58_234' <Predicate = true> <Delay = 0.00>
ST_2 : Operation 476 [1/1] (0.84ns)   --->   "%sub_ln58_44 = sub i16 %sext_ln58_234, i16 %sext_ln73_14" [firmware/nnet_utils/nnet_dense_latency.h:58]   --->   Operation 476 'sub' 'sub_ln58_44' <Predicate = true> <Delay = 0.84> <CoreInst = "Adder">   --->   Core 1 'Adder' <Latency = 0> <II = 1> <Delay = 0.84> <FuncUnit> <Opcode : 'add' 'sub'> <InPorts = 2> <OutPorts = 1>
ST_2 : Operation 477 [1/1] (0.00ns)   --->   "%sext_ln58_168 = sext i16 %sub_ln58_44" [firmware/nnet_utils/nnet_dense_latency.h:58]   --->   Operation 477 'sext' 'sext_ln58_168' <Predicate = true> <Delay = 0.00>
ST_2 : Operation 478 [1/1] (0.00ns) (grouped into TernaryAdder)   --->   "%add_ln58_484 = add i18 %sext_ln17_171, i18 %sext_ln17_212" [firmware/nnet_utils/nnet_dense_latency.h:58]   --->   Operation 478 'add' 'add_ln58_484' <Predicate = true> <Delay = 0.00> <CoreInst = "TAddSub">   --->   Core 10 'TAddSub' <Latency = 0> <II = 1> <Delay = 0.34> <IPBlock> <Opcode : 'add' 'sub'> <InPorts = 3> <OutPorts = 1> <Sync> <CReg>
ST_2 : Operation 479 [1/1] (0.83ns)   --->   "%add_ln58_485 = add i15 %sext_ln58_220, i15 %sext_ln17_182" [firmware/nnet_utils/nnet_dense_latency.h:58]   --->   Operation 479 'add' 'add_ln58_485' <Predicate = true> <Delay = 0.83> <CoreInst = "Adder">   --->   Core 1 'Adder' <Latency = 0> <II = 1> <Delay = 0.83> <FuncUnit> <Opcode : 'add' 'sub'> <InPorts = 2> <OutPorts = 1>
ST_2 : Operation 480 [1/1] (0.00ns)   --->   "%sext_ln58_235 = sext i15 %add_ln58_485" [firmware/nnet_utils/nnet_dense_latency.h:58]   --->   Operation 480 'sext' 'sext_ln58_235' <Predicate = true> <Delay = 0.00>
ST_2 : Operation 481 [1/1] (0.84ns)   --->   "%add_ln58_486 = add i16 %sext_ln58_235, i16 %sext_ln73_49" [firmware/nnet_utils/nnet_dense_latency.h:58]   --->   Operation 481 'add' 'add_ln58_486' <Predicate = true> <Delay = 0.84> <CoreInst = "Adder">   --->   Core 1 'Adder' <Latency = 0> <II = 1> <Delay = 0.84> <FuncUnit> <Opcode : 'add' 'sub'> <InPorts = 2> <OutPorts = 1>
ST_2 : Operation 482 [1/1] (0.00ns)   --->   "%sext_ln58_236 = sext i16 %add_ln58_486" [firmware/nnet_utils/nnet_dense_latency.h:58]   --->   Operation 482 'sext' 'sext_ln58_236' <Predicate = true> <Delay = 0.00>
ST_2 : Operation 483 [1/1] (0.69ns) (root node of TernaryAdder)   --->   "%add_ln58_487 = add i18 %sext_ln58_236, i18 %add_ln58_484" [firmware/nnet_utils/nnet_dense_latency.h:58]   --->   Operation 483 'add' 'add_ln58_487' <Predicate = true> <Delay = 0.69> <CoreInst = "TAddSub">   --->   Core 10 'TAddSub' <Latency = 0> <II = 1> <Delay = 0.34> <IPBlock> <Opcode : 'add' 'sub'> <InPorts = 3> <OutPorts = 1> <Sync> <CReg>
ST_2 : Operation 484 [1/1] (0.00ns)   --->   "%sext_ln58_169 = sext i18 %add_ln58_487" [firmware/nnet_utils/nnet_dense_latency.h:58]   --->   Operation 484 'sext' 'sext_ln58_169' <Predicate = true> <Delay = 0.00>
ST_2 : Operation 485 [1/1] (0.85ns)   --->   "%add_ln58_488 = add i17 %sext_ln58_166, i17 %sext_ln73_71" [firmware/nnet_utils/nnet_dense_latency.h:58]   --->   Operation 485 'add' 'add_ln58_488' <Predicate = true> <Delay = 0.85> <CoreInst = "Adder">   --->   Core 1 'Adder' <Latency = 0> <II = 1> <Delay = 0.85> <FuncUnit> <Opcode : 'add' 'sub'> <InPorts = 2> <OutPorts = 1>
ST_2 : Operation 486 [1/1] (0.00ns)   --->   "%sext_ln58_170 = sext i17 %add_ln58_488" [firmware/nnet_utils/nnet_dense_latency.h:58]   --->   Operation 486 'sext' 'sext_ln58_170' <Predicate = true> <Delay = 0.00>
ST_2 : Operation 487 [1/1] (0.85ns)   --->   "%sub_ln58_45 = sub i17 %sext_ln58_168, i17 %sext_ln73_71" [firmware/nnet_utils/nnet_dense_latency.h:58]   --->   Operation 487 'sub' 'sub_ln58_45' <Predicate = true> <Delay = 0.85> <CoreInst = "Adder">   --->   Core 1 'Adder' <Latency = 0> <II = 1> <Delay = 0.85> <FuncUnit> <Opcode : 'add' 'sub'> <InPorts = 2> <OutPorts = 1>
ST_2 : Operation 488 [1/1] (0.00ns)   --->   "%sext_ln58_171 = sext i17 %sub_ln58_45" [firmware/nnet_utils/nnet_dense_latency.h:58]   --->   Operation 488 'sext' 'sext_ln58_171' <Predicate = true> <Delay = 0.00>
ST_2 : Operation 489 [1/1] (0.00ns) (grouped into TernaryAdder)   --->   "%add_ln58_489 = add i18 %sub_ln17_55, i18 %sext_ln17_215" [firmware/nnet_utils/nnet_dense_latency.h:58]   --->   Operation 489 'add' 'add_ln58_489' <Predicate = true> <Delay = 0.00> <CoreInst = "TAddSub">   --->   Core 10 'TAddSub' <Latency = 0> <II = 1> <Delay = 0.34> <IPBlock> <Opcode : 'add' 'sub'> <InPorts = 3> <OutPorts = 1> <Sync> <CReg>
ST_2 : Operation 490 [1/1] (0.73ns) (root node of TernaryAdder)   --->   "%add_ln58_490 = add i15 %sub_ln58_43, i15 %sext_ln17_204" [firmware/nnet_utils/nnet_dense_latency.h:58]   --->   Operation 490 'add' 'add_ln58_490' <Predicate = true> <Delay = 0.73> <CoreInst = "TAddSub">   --->   Core 10 'TAddSub' <Latency = 0> <II = 1> <Delay = 0.34> <IPBlock> <Opcode : 'add' 'sub'> <InPorts = 3> <OutPorts = 1> <Sync> <CReg>
ST_2 : Operation 491 [1/1] (0.00ns)   --->   "%sext_ln58_237 = sext i15 %add_ln58_490" [firmware/nnet_utils/nnet_dense_latency.h:58]   --->   Operation 491 'sext' 'sext_ln58_237' <Predicate = true> <Delay = 0.00>
ST_2 : Operation 492 [1/1] (0.69ns) (root node of TernaryAdder)   --->   "%add_ln58_491 = add i18 %sext_ln58_237, i18 %add_ln58_489" [firmware/nnet_utils/nnet_dense_latency.h:58]   --->   Operation 492 'add' 'add_ln58_491' <Predicate = true> <Delay = 0.69> <CoreInst = "TAddSub">   --->   Core 10 'TAddSub' <Latency = 0> <II = 1> <Delay = 0.34> <IPBlock> <Opcode : 'add' 'sub'> <InPorts = 3> <OutPorts = 1> <Sync> <CReg>
ST_2 : Operation 493 [1/1] (0.00ns)   --->   "%sext_ln58_172 = sext i18 %add_ln58_491" [firmware/nnet_utils/nnet_dense_latency.h:58]   --->   Operation 493 'sext' 'sext_ln58_172' <Predicate = true> <Delay = 0.00>
ST_2 : Operation 494 [1/1] (0.00ns) (grouped into TernaryAdder)   --->   "%add_ln58_492 = add i18 %sub_ln17_56, i18 %sext_ln73_70" [firmware/nnet_utils/nnet_dense_latency.h:58]   --->   Operation 494 'add' 'add_ln58_492' <Predicate = true> <Delay = 0.00> <CoreInst = "TAddSub">   --->   Core 10 'TAddSub' <Latency = 0> <II = 1> <Delay = 0.34> <IPBlock> <Opcode : 'add' 'sub'> <InPorts = 3> <OutPorts = 1> <Sync> <CReg>
ST_2 : Operation 495 [1/1] (0.83ns)   --->   "%add_ln58_493 = add i15 %sext_ln73_78, i15 31808" [firmware/nnet_utils/nnet_dense_latency.h:58]   --->   Operation 495 'add' 'add_ln58_493' <Predicate = true> <Delay = 0.83> <CoreInst = "Adder">   --->   Core 1 'Adder' <Latency = 0> <II = 1> <Delay = 0.83> <FuncUnit> <Opcode : 'add' 'sub'> <InPorts = 2> <OutPorts = 1>
ST_2 : Operation 496 [1/1] (0.00ns)   --->   "%sext_ln58_238 = sext i15 %add_ln58_493" [firmware/nnet_utils/nnet_dense_latency.h:58]   --->   Operation 496 'sext' 'sext_ln58_238' <Predicate = true> <Delay = 0.00>
ST_2 : Operation 497 [1/1] (0.69ns) (root node of TernaryAdder)   --->   "%add_ln58_494 = add i18 %sext_ln58_238, i18 %add_ln58_492" [firmware/nnet_utils/nnet_dense_latency.h:58]   --->   Operation 497 'add' 'add_ln58_494' <Predicate = true> <Delay = 0.69> <CoreInst = "TAddSub">   --->   Core 10 'TAddSub' <Latency = 0> <II = 1> <Delay = 0.34> <IPBlock> <Opcode : 'add' 'sub'> <InPorts = 3> <OutPorts = 1> <Sync> <CReg>
ST_2 : Operation 498 [1/1] (0.00ns)   --->   "%sext_ln58_173 = sext i18 %add_ln58_494" [firmware/nnet_utils/nnet_dense_latency.h:58]   --->   Operation 498 'sext' 'sext_ln58_173' <Predicate = true> <Delay = 0.00>
ST_2 : Operation 499 [1/1] (0.82ns)   --->   "%add_ln58_495 = add i14 %sext_ln17_218, i14 12800" [firmware/nnet_utils/nnet_dense_latency.h:58]   --->   Operation 499 'add' 'add_ln58_495' <Predicate = true> <Delay = 0.82> <CoreInst = "Adder">   --->   Core 1 'Adder' <Latency = 0> <II = 1> <Delay = 0.82> <FuncUnit> <Opcode : 'add' 'sub'> <InPorts = 2> <OutPorts = 1>
ST_2 : Operation 500 [1/1] (0.00ns)   --->   "%sext_ln58_239 = sext i14 %add_ln58_495" [firmware/nnet_utils/nnet_dense_latency.h:58]   --->   Operation 500 'sext' 'sext_ln58_239' <Predicate = true> <Delay = 0.00>
ST_2 : Operation 501 [1/1] (0.85ns)   --->   "%add_ln58_496 = add i16 %sext_ln58_239, i16 %trunc_ln17_129" [firmware/nnet_utils/nnet_dense_latency.h:58]   --->   Operation 501 'add' 'add_ln58_496' <Predicate = true> <Delay = 0.85> <CoreInst = "Adder">   --->   Core 1 'Adder' <Latency = 0> <II = 1> <Delay = 0.85> <FuncUnit> <Opcode : 'add' 'sub'> <InPorts = 2> <OutPorts = 1>
ST_2 : Operation 502 [1/1] (0.00ns)   --->   "%sext_ln58_174 = sext i16 %add_ln58_496" [firmware/nnet_utils/nnet_dense_latency.h:58]   --->   Operation 502 'sext' 'sext_ln58_174' <Predicate = true> <Delay = 0.00>
ST_2 : Operation 503 [1/1] (0.00ns) (grouped into TernaryAdder)   --->   "%add_ln58_497 = add i17 %sext_ln17_174, i17 %sext_ln17_185" [firmware/nnet_utils/nnet_dense_latency.h:58]   --->   Operation 503 'add' 'add_ln58_497' <Predicate = true> <Delay = 0.00> <CoreInst = "TAddSub">   --->   Core 10 'TAddSub' <Latency = 0> <II = 1> <Delay = 0.34> <IPBlock> <Opcode : 'add' 'sub'> <InPorts = 3> <OutPorts = 1> <Sync> <CReg>
ST_2 : Operation 504 [1/1] (0.80ns)   --->   "%add_ln58_498 = add i13 %sext_ln17_223, i13 7712" [firmware/nnet_utils/nnet_dense_latency.h:58]   --->   Operation 504 'add' 'add_ln58_498' <Predicate = true> <Delay = 0.80> <CoreInst = "Adder">   --->   Core 1 'Adder' <Latency = 0> <II = 1> <Delay = 0.80> <FuncUnit> <Opcode : 'add' 'sub'> <InPorts = 2> <OutPorts = 1>
ST_2 : Operation 505 [1/1] (0.00ns)   --->   "%sext_ln58_240 = sext i13 %add_ln58_498" [firmware/nnet_utils/nnet_dense_latency.h:58]   --->   Operation 505 'sext' 'sext_ln58_240' <Predicate = true> <Delay = 0.00>
ST_2 : Operation 506 [1/1] (0.68ns) (root node of TernaryAdder)   --->   "%add_ln58_499 = add i17 %sext_ln58_240, i17 %add_ln58_497" [firmware/nnet_utils/nnet_dense_latency.h:58]   --->   Operation 506 'add' 'add_ln58_499' <Predicate = true> <Delay = 0.68> <CoreInst = "TAddSub">   --->   Core 10 'TAddSub' <Latency = 0> <II = 1> <Delay = 0.34> <IPBlock> <Opcode : 'add' 'sub'> <InPorts = 3> <OutPorts = 1> <Sync> <CReg>
ST_2 : Operation 507 [1/1] (0.00ns)   --->   "%sext_ln58_175 = sext i17 %add_ln58_499" [firmware/nnet_utils/nnet_dense_latency.h:58]   --->   Operation 507 'sext' 'sext_ln58_175' <Predicate = true> <Delay = 0.00>
ST_2 : Operation 508 [1/1] (0.00ns) (grouped into TernaryAdder)   --->   "%sub_ln58_46 = sub i18 %sext_ln17_196, i18 %sext_ln73_44" [firmware/nnet_utils/nnet_dense_latency.h:58]   --->   Operation 508 'sub' 'sub_ln58_46' <Predicate = true> <Delay = 0.00> <CoreInst = "TAddSub">   --->   Core 10 'TAddSub' <Latency = 0> <II = 1> <Delay = 0.34> <IPBlock> <Opcode : 'add' 'sub'> <InPorts = 3> <OutPorts = 1> <Sync> <CReg>
ST_2 : Operation 509 [1/1] (0.83ns)   --->   "%add_ln58_500 = add i15 %sext_ln73_85, i15 31872" [firmware/nnet_utils/nnet_dense_latency.h:58]   --->   Operation 509 'add' 'add_ln58_500' <Predicate = true> <Delay = 0.83> <CoreInst = "Adder">   --->   Core 1 'Adder' <Latency = 0> <II = 1> <Delay = 0.83> <FuncUnit> <Opcode : 'add' 'sub'> <InPorts = 2> <OutPorts = 1>
ST_2 : Operation 510 [1/1] (0.00ns)   --->   "%sext_ln58_241 = sext i15 %add_ln58_500" [firmware/nnet_utils/nnet_dense_latency.h:58]   --->   Operation 510 'sext' 'sext_ln58_241' <Predicate = true> <Delay = 0.00>
ST_2 : Operation 511 [1/1] (0.69ns) (root node of TernaryAdder)   --->   "%x_48 = add i18 %sext_ln58_241, i18 %sub_ln58_46" [firmware/nnet_utils/nnet_dense_latency.h:58]   --->   Operation 511 'add' 'x_48' <Predicate = true> <Delay = 0.69> <CoreInst = "TAddSub">   --->   Core 10 'TAddSub' <Latency = 0> <II = 1> <Delay = 0.34> <IPBlock> <Opcode : 'add' 'sub'> <InPorts = 3> <OutPorts = 1> <Sync> <CReg>
ST_2 : Operation 512 [1/1] (0.79ns)   --->   "%tmp = sub i12 %sext_ln73_52, i12 %sext_ln73_30" [firmware/nnet_utils/nnet_mult.h:73->firmware/nnet_utils/nnet_dense_latency.h:42]   --->   Operation 512 'sub' 'tmp' <Predicate = true> <Delay = 0.79> <CoreInst = "Adder">   --->   Core 1 'Adder' <Latency = 0> <II = 1> <Delay = 0.79> <FuncUnit> <Opcode : 'add' 'sub'> <InPorts = 2> <OutPorts = 1>
ST_2 : Operation 513 [1/1] (0.00ns)   --->   "%p_shl43 = bitconcatenate i18 @_ssdm_op_BitConcatenate.i18.i12.i6, i12 %tmp, i6 0" [firmware/nnet_utils/nnet_dense_latency.h:58]   --->   Operation 513 'bitconcatenate' 'p_shl43' <Predicate = true> <Delay = 0.00>
ST_2 : Operation 514 [1/1] (0.00ns)   --->   "%tmp_446 = bitconcatenate i16 @_ssdm_op_BitConcatenate.i16.i12.i4, i12 %tmp, i4 0" [firmware/nnet_utils/nnet_dense_latency.h:58]   --->   Operation 514 'bitconcatenate' 'tmp_446' <Predicate = true> <Delay = 0.00>
ST_2 : Operation 515 [1/1] (0.00ns)   --->   "%sext_ln58_242 = sext i16 %tmp_446" [firmware/nnet_utils/nnet_dense_latency.h:58]   --->   Operation 515 'sext' 'sext_ln58_242' <Predicate = true> <Delay = 0.00>
ST_2 : Operation 516 [1/1] (0.00ns) (grouped into TernaryAdder)   --->   "%sub_ln58_47 = sub i18 %p_shl43, i18 %sext_ln58_242" [firmware/nnet_utils/nnet_dense_latency.h:58]   --->   Operation 516 'sub' 'sub_ln58_47' <Predicate = true> <Delay = 0.00> <CoreInst = "TAddSub">   --->   Core 10 'TAddSub' <Latency = 0> <II = 1> <Delay = 0.34> <IPBlock> <Opcode : 'add' 'sub'> <InPorts = 3> <OutPorts = 1> <Sync> <CReg>
ST_2 : Operation 517 [1/1] (0.69ns) (root node of TernaryAdder)   --->   "%x_56 = add i18 %sub_ln58_47, i18 260864" [firmware/nnet_utils/nnet_dense_latency.h:58]   --->   Operation 517 'add' 'x_56' <Predicate = true> <Delay = 0.69> <CoreInst = "TAddSub">   --->   Core 10 'TAddSub' <Latency = 0> <II = 1> <Delay = 0.34> <IPBlock> <Opcode : 'add' 'sub'> <InPorts = 3> <OutPorts = 1> <Sync> <CReg>
ST_2 : Operation 518 [1/1] (0.83ns)   --->   "%sub_ln58_48 = sub i15 %sext_ln17_227, i15 %sext_ln73_33" [firmware/nnet_utils/nnet_dense_latency.h:58]   --->   Operation 518 'sub' 'sub_ln58_48' <Predicate = true> <Delay = 0.83> <CoreInst = "Adder">   --->   Core 1 'Adder' <Latency = 0> <II = 1> <Delay = 0.83> <FuncUnit> <Opcode : 'add' 'sub'> <InPorts = 2> <OutPorts = 1>
ST_2 : Operation 519 [1/1] (0.00ns)   --->   "%sext_ln58_243 = sext i15 %sub_ln58_48" [firmware/nnet_utils/nnet_dense_latency.h:58]   --->   Operation 519 'sext' 'sext_ln58_243' <Predicate = true> <Delay = 0.00>
ST_2 : Operation 520 [1/1] (0.84ns)   --->   "%add_ln58_503 = add i16 %sext_ln58_243, i16 %sext_ln58_159" [firmware/nnet_utils/nnet_dense_latency.h:58]   --->   Operation 520 'add' 'add_ln58_503' <Predicate = true> <Delay = 0.84> <CoreInst = "Adder">   --->   Core 1 'Adder' <Latency = 0> <II = 1> <Delay = 0.84> <FuncUnit> <Opcode : 'add' 'sub'> <InPorts = 2> <OutPorts = 1>
ST_2 : Operation 521 [1/1] (0.00ns)   --->   "%sext_ln58_179 = sext i16 %add_ln58_503" [firmware/nnet_utils/nnet_dense_latency.h:58]   --->   Operation 521 'sext' 'sext_ln58_179' <Predicate = true> <Delay = 0.00>
ST_2 : Operation 522 [1/1] (0.69ns) (root node of TernaryAdder)   --->   "%add_ln58_504 = add i19 %sub_ln58, i19 %sext_ln17_229" [firmware/nnet_utils/nnet_dense_latency.h:58]   --->   Operation 522 'add' 'add_ln58_504' <Predicate = true> <Delay = 0.69> <CoreInst = "TAddSub">   --->   Core 10 'TAddSub' <Latency = 0> <II = 1> <Delay = 0.34> <IPBlock> <Opcode : 'add' 'sub'> <InPorts = 3> <OutPorts = 1> <Sync> <CReg>
ST_2 : Operation 523 [1/1] (0.00ns)   --->   "%sext_ln58_180 = sext i19 %add_ln58_504" [firmware/nnet_utils/nnet_dense_latency.h:58]   --->   Operation 523 'sext' 'sext_ln58_180' <Predicate = true> <Delay = 0.00>
ST_2 : Operation 524 [1/1] (0.83ns)   --->   "%sub_ln58_49 = sub i15 %sext_ln17_230, i15 %sext_ln73_78" [firmware/nnet_utils/nnet_dense_latency.h:58]   --->   Operation 524 'sub' 'sub_ln58_49' <Predicate = true> <Delay = 0.83> <CoreInst = "Adder">   --->   Core 1 'Adder' <Latency = 0> <II = 1> <Delay = 0.83> <FuncUnit> <Opcode : 'add' 'sub'> <InPorts = 2> <OutPorts = 1>
ST_2 : Operation 525 [1/1] (0.00ns)   --->   "%sext_ln58_244 = sext i15 %sub_ln58_49" [firmware/nnet_utils/nnet_dense_latency.h:58]   --->   Operation 525 'sext' 'sext_ln58_244' <Predicate = true> <Delay = 0.00>
ST_2 : Operation 526 [1/1] (0.84ns)   --->   "%add_ln58_505 = add i16 %sext_ln58_244, i16 %sext_ln58_164" [firmware/nnet_utils/nnet_dense_latency.h:58]   --->   Operation 526 'add' 'add_ln58_505' <Predicate = true> <Delay = 0.84> <CoreInst = "Adder">   --->   Core 1 'Adder' <Latency = 0> <II = 1> <Delay = 0.84> <FuncUnit> <Opcode : 'add' 'sub'> <InPorts = 2> <OutPorts = 1>
ST_2 : Operation 527 [1/1] (0.00ns)   --->   "%sext_ln58_181 = sext i16 %add_ln58_505" [firmware/nnet_utils/nnet_dense_latency.h:58]   --->   Operation 527 'sext' 'sext_ln58_181' <Predicate = true> <Delay = 0.00>
ST_2 : Operation 528 [1/1] (0.69ns) (root node of TernaryAdder)   --->   "%add_ln58_506 = add i18 %mult_320, i18 %sext_ln17_211" [firmware/nnet_utils/nnet_dense_latency.h:58]   --->   Operation 528 'add' 'add_ln58_506' <Predicate = true> <Delay = 0.69> <CoreInst = "TAddSub">   --->   Core 10 'TAddSub' <Latency = 0> <II = 1> <Delay = 0.34> <IPBlock> <Opcode : 'add' 'sub'> <InPorts = 3> <OutPorts = 1> <Sync> <CReg>
ST_2 : Operation 529 [1/1] (0.00ns)   --->   "%sext_ln58_245 = sext i18 %add_ln58_506" [firmware/nnet_utils/nnet_dense_latency.h:58]   --->   Operation 529 'sext' 'sext_ln58_245' <Predicate = true> <Delay = 0.00>
ST_2 : Operation 530 [1/1] (0.00ns) (grouped into TernaryAdder)   --->   "%add_ln58_507 = add i19 %sext_ln58_245, i19 %sext_ln58_167" [firmware/nnet_utils/nnet_dense_latency.h:58]   --->   Operation 530 'add' 'add_ln58_507' <Predicate = true> <Delay = 0.00> <CoreInst = "TAddSub">   --->   Core 10 'TAddSub' <Latency = 0> <II = 1> <Delay = 0.34> <IPBlock> <Opcode : 'add' 'sub'> <InPorts = 3> <OutPorts = 1> <Sync> <CReg>
ST_2 : Operation 531 [1/1] (0.83ns)   --->   "%add_ln58_508 = add i15 %sext_ln73_85, i15 %sext_ln17_238" [firmware/nnet_utils/nnet_dense_latency.h:58]   --->   Operation 531 'add' 'add_ln58_508' <Predicate = true> <Delay = 0.83> <CoreInst = "Adder">   --->   Core 1 'Adder' <Latency = 0> <II = 1> <Delay = 0.83> <FuncUnit> <Opcode : 'add' 'sub'> <InPorts = 2> <OutPorts = 1>
ST_2 : Operation 532 [1/1] (0.00ns)   --->   "%sext_ln58_246 = sext i14 %tmp_430" [firmware/nnet_utils/nnet_dense_latency.h:58]   --->   Operation 532 'sext' 'sext_ln58_246' <Predicate = true> <Delay = 0.00>
ST_2 : Operation 533 [1/1] (0.00ns)   --->   "%sext_ln58_247 = sext i15 %add_ln58_508" [firmware/nnet_utils/nnet_dense_latency.h:58]   --->   Operation 533 'sext' 'sext_ln58_247' <Predicate = true> <Delay = 0.00>
ST_2 : Operation 534 [1/1] (0.84ns)   --->   "%sub_ln58_50 = sub i16 %sext_ln58_247, i16 %sext_ln58_246" [firmware/nnet_utils/nnet_dense_latency.h:58]   --->   Operation 534 'sub' 'sub_ln58_50' <Predicate = true> <Delay = 0.84> <CoreInst = "Adder">   --->   Core 1 'Adder' <Latency = 0> <II = 1> <Delay = 0.84> <FuncUnit> <Opcode : 'add' 'sub'> <InPorts = 2> <OutPorts = 1>
ST_2 : Operation 535 [1/1] (0.00ns)   --->   "%sext_ln58_248 = sext i16 %sub_ln58_50" [firmware/nnet_utils/nnet_dense_latency.h:58]   --->   Operation 535 'sext' 'sext_ln58_248' <Predicate = true> <Delay = 0.00>
ST_2 : Operation 536 [1/1] (0.69ns) (root node of TernaryAdder)   --->   "%x_57 = add i19 %sext_ln58_248, i19 %add_ln58_507" [firmware/nnet_utils/nnet_dense_latency.h:58]   --->   Operation 536 'add' 'x_57' <Predicate = true> <Delay = 0.69> <CoreInst = "TAddSub">   --->   Core 10 'TAddSub' <Latency = 0> <II = 1> <Delay = 0.34> <IPBlock> <Opcode : 'add' 'sub'> <InPorts = 3> <OutPorts = 1> <Sync> <CReg>
ST_2 : Operation 537 [1/1] (0.00ns) (grouped into TernaryAdder)   --->   "%add_ln58_510 = add i18 %sext_ln58_171, i18 %sext_ln17_235" [firmware/nnet_utils/nnet_dense_latency.h:58]   --->   Operation 537 'add' 'add_ln58_510' <Predicate = true> <Delay = 0.00> <CoreInst = "TAddSub">   --->   Core 10 'TAddSub' <Latency = 0> <II = 1> <Delay = 0.34> <IPBlock> <Opcode : 'add' 'sub'> <InPorts = 3> <OutPorts = 1> <Sync> <CReg>
ST_2 : Operation 538 [1/1] (0.69ns) (root node of TernaryAdder)   --->   "%x_67 = add i18 %add_ln58_510, i18 %mult_323" [firmware/nnet_utils/nnet_dense_latency.h:58]   --->   Operation 538 'add' 'x_67' <Predicate = true> <Delay = 0.69> <CoreInst = "TAddSub">   --->   Core 10 'TAddSub' <Latency = 0> <II = 1> <Delay = 0.34> <IPBlock> <Opcode : 'add' 'sub'> <InPorts = 3> <OutPorts = 1> <Sync> <CReg>
ST_2 : Operation 539 [1/1] (0.87ns)   --->   "%x = add i19 %sext_ln17_239, i19 %sext_ln58_151" [firmware/nnet_utils/nnet_dense_latency.h:58]   --->   Operation 539 'add' 'x' <Predicate = true> <Delay = 0.87> <CoreInst = "Adder">   --->   Core 1 'Adder' <Latency = 0> <II = 1> <Delay = 0.87> <FuncUnit> <Opcode : 'add' 'sub'> <InPorts = 2> <OutPorts = 1>
ST_2 : Operation 540 [1/1] (0.79ns)   --->   "%tmp3 = sub i12 %sext_ln73_23, i12 %sext_ln73_37" [firmware/nnet_utils/nnet_mult.h:73->firmware/nnet_utils/nnet_dense_latency.h:42]   --->   Operation 540 'sub' 'tmp3' <Predicate = true> <Delay = 0.79> <CoreInst = "Adder">   --->   Core 1 'Adder' <Latency = 0> <II = 1> <Delay = 0.79> <FuncUnit> <Opcode : 'add' 'sub'> <InPorts = 2> <OutPorts = 1>
ST_2 : Operation 541 [1/1] (0.00ns)   --->   "%tmp_447 = bitconcatenate i16 @_ssdm_op_BitConcatenate.i16.i12.i4, i12 %tmp3, i4 0" [firmware/nnet_utils/nnet_dense_latency.h:58]   --->   Operation 541 'bitconcatenate' 'tmp_447' <Predicate = true> <Delay = 0.00>
ST_2 : Operation 542 [1/1] (0.00ns)   --->   "%sext_ln58_249 = sext i16 %tmp_447" [firmware/nnet_utils/nnet_dense_latency.h:58]   --->   Operation 542 'sext' 'sext_ln58_249' <Predicate = true> <Delay = 0.00>
ST_2 : Operation 543 [1/1] (0.00ns)   --->   "%tmp_448 = bitconcatenate i14 @_ssdm_op_BitConcatenate.i14.i12.i2, i12 %tmp3, i2 0" [firmware/nnet_utils/nnet_dense_latency.h:58]   --->   Operation 543 'bitconcatenate' 'tmp_448' <Predicate = true> <Delay = 0.00>
ST_2 : Operation 544 [1/1] (0.00ns)   --->   "%sext_ln58_264 = sext i14 %tmp_448" [firmware/nnet_utils/nnet_dense_latency.h:58]   --->   Operation 544 'sext' 'sext_ln58_264' <Predicate = true> <Delay = 0.00>
ST_2 : Operation 545 [1/1] (0.00ns) (grouped into TernaryAdder)   --->   "%add_ln58_513 = add i17 %sext_ln58_249, i17 %sext_ln58_264" [firmware/nnet_utils/nnet_dense_latency.h:58]   --->   Operation 545 'add' 'add_ln58_513' <Predicate = true> <Delay = 0.00> <CoreInst = "TAddSub">   --->   Core 10 'TAddSub' <Latency = 0> <II = 1> <Delay = 0.34> <IPBlock> <Opcode : 'add' 'sub'> <InPorts = 3> <OutPorts = 1> <Sync> <CReg>
ST_2 : Operation 546 [1/1] (0.82ns)   --->   "%add_ln58_514 = add i14 %sext_ln17, i14 2016" [firmware/nnet_utils/nnet_dense_latency.h:58]   --->   Operation 546 'add' 'add_ln58_514' <Predicate = true> <Delay = 0.82> <CoreInst = "Adder">   --->   Core 1 'Adder' <Latency = 0> <II = 1> <Delay = 0.82> <FuncUnit> <Opcode : 'add' 'sub'> <InPorts = 2> <OutPorts = 1>
ST_2 : Operation 547 [1/1] (0.00ns)   --->   "%sext_ln58_185 = sext i14 %add_ln58_514" [firmware/nnet_utils/nnet_dense_latency.h:58]   --->   Operation 547 'sext' 'sext_ln58_185' <Predicate = true> <Delay = 0.00>
ST_2 : Operation 548 [1/1] (0.00ns) (grouped into TernaryAdder)   --->   "%add_ln58_515 = add i17 %add_ln17_50, i17 %sext_ln58_185" [firmware/nnet_utils/nnet_dense_latency.h:58]   --->   Operation 548 'add' 'add_ln58_515' <Predicate = true> <Delay = 0.00> <CoreInst = "TAddSub">   --->   Core 10 'TAddSub' <Latency = 0> <II = 1> <Delay = 0.34> <IPBlock> <Opcode : 'add' 'sub'> <InPorts = 3> <OutPorts = 1> <Sync> <CReg>
ST_2 : Operation 549 [1/1] (0.68ns) (root node of TernaryAdder)   --->   "%add_ln58_516 = add i17 %add_ln58_515, i17 %sext_ln17_216" [firmware/nnet_utils/nnet_dense_latency.h:58]   --->   Operation 549 'add' 'add_ln58_516' <Predicate = true> <Delay = 0.68> <CoreInst = "TAddSub">   --->   Core 10 'TAddSub' <Latency = 0> <II = 1> <Delay = 0.34> <IPBlock> <Opcode : 'add' 'sub'> <InPorts = 3> <OutPorts = 1> <Sync> <CReg>
ST_2 : Operation 550 [1/1] (0.00ns)   --->   "%sext_ln58_250 = sext i17 %add_ln58_516" [firmware/nnet_utils/nnet_dense_latency.h:58]   --->   Operation 550 'sext' 'sext_ln58_250' <Predicate = true> <Delay = 0.00>
ST_2 : Operation 551 [1/1] (0.87ns)   --->   "%add_ln58_517 = add i18 %sext_ln58_250, i18 %mult_274" [firmware/nnet_utils/nnet_dense_latency.h:58]   --->   Operation 551 'add' 'add_ln58_517' <Predicate = true> <Delay = 0.87> <CoreInst = "Adder">   --->   Core 1 'Adder' <Latency = 0> <II = 1> <Delay = 0.87> <FuncUnit> <Opcode : 'add' 'sub'> <InPorts = 2> <OutPorts = 1>
ST_2 : Operation 552 [1/1] (0.00ns)   --->   "%sext_ln58_187 = sext i18 %add_ln58_517" [firmware/nnet_utils/nnet_dense_latency.h:58]   --->   Operation 552 'sext' 'sext_ln58_187' <Predicate = true> <Delay = 0.00>
ST_2 : Operation 553 [1/1] (0.68ns) (root node of TernaryAdder)   --->   "%add_ln58_518 = add i17 %add_ln58_513, i17 %sext_ln17_222" [firmware/nnet_utils/nnet_dense_latency.h:58]   --->   Operation 553 'add' 'add_ln58_518' <Predicate = true> <Delay = 0.68> <CoreInst = "TAddSub">   --->   Core 10 'TAddSub' <Latency = 0> <II = 1> <Delay = 0.34> <IPBlock> <Opcode : 'add' 'sub'> <InPorts = 3> <OutPorts = 1> <Sync> <CReg>
ST_2 : Operation 554 [1/1] (0.00ns)   --->   "%sext_ln58_251 = sext i17 %add_ln58_518" [firmware/nnet_utils/nnet_dense_latency.h:58]   --->   Operation 554 'sext' 'sext_ln58_251' <Predicate = true> <Delay = 0.00>
ST_2 : Operation 555 [1/1] (0.87ns)   --->   "%add_ln58_519 = add i19 %sext_ln58_251, i19 %sext_ln58_187" [firmware/nnet_utils/nnet_dense_latency.h:58]   --->   Operation 555 'add' 'add_ln58_519' <Predicate = true> <Delay = 0.87> <CoreInst = "Adder">   --->   Core 1 'Adder' <Latency = 0> <II = 1> <Delay = 0.87> <FuncUnit> <Opcode : 'add' 'sub'> <InPorts = 2> <OutPorts = 1>
ST_2 : Operation 556 [1/1] (0.00ns)   --->   "%sext_ln58_188 = sext i19 %add_ln58_519" [firmware/nnet_utils/nnet_dense_latency.h:58]   --->   Operation 556 'sext' 'sext_ln58_188' <Predicate = true> <Delay = 0.00>
ST_2 : Operation 557 [1/1] (0.69ns) (root node of TernaryAdder)   --->   "%x_40 = add i20 %mult_342, i20 %sext_ln58_188" [firmware/nnet_utils/nnet_dense_latency.h:58]   --->   Operation 557 'add' 'x_40' <Predicate = true> <Delay = 0.69> <CoreInst = "TAddSub">   --->   Core 10 'TAddSub' <Latency = 0> <II = 1> <Delay = 0.34> <IPBlock> <Opcode : 'add' 'sub'> <InPorts = 3> <OutPorts = 1> <Sync> <CReg>
ST_2 : Operation 558 [1/1] (0.69ns) (root node of TernaryAdder)   --->   "%x_41 = add i19 %sub_ln17_58, i19 %sext_ln58_175" [firmware/nnet_utils/nnet_dense_latency.h:58]   --->   Operation 558 'add' 'x_41' <Predicate = true> <Delay = 0.69> <CoreInst = "TAddSub">   --->   Core 10 'TAddSub' <Latency = 0> <II = 1> <Delay = 0.34> <IPBlock> <Opcode : 'add' 'sub'> <InPorts = 3> <OutPorts = 1> <Sync> <CReg>
ST_2 : Operation 559 [1/1] (0.79ns)   --->   "%tmp5 = add i12 %sext_ln70_5, i12 %sext_ln73_43" [firmware/nnet_utils/nnet_mult.h:70->firmware/nnet_utils/nnet_dense_latency.h:42]   --->   Operation 559 'add' 'tmp5' <Predicate = true> <Delay = 0.79> <CoreInst = "Adder">   --->   Core 1 'Adder' <Latency = 0> <II = 1> <Delay = 0.79> <FuncUnit> <Opcode : 'add' 'sub'> <InPorts = 2> <OutPorts = 1>
ST_2 : Operation 560 [1/1] (0.00ns)   --->   "%tmp_449 = bitconcatenate i15 @_ssdm_op_BitConcatenate.i15.i12.i3, i12 %tmp5, i3 0" [firmware/nnet_utils/nnet_mult.h:70->firmware/nnet_utils/nnet_dense_latency.h:42]   --->   Operation 560 'bitconcatenate' 'tmp_449' <Predicate = true> <Delay = 0.00>
ST_2 : Operation 561 [1/1] (0.00ns)   --->   "%p_shl58 = sext i15 %tmp_449" [firmware/nnet_utils/nnet_mult.h:70->firmware/nnet_utils/nnet_dense_latency.h:42]   --->   Operation 561 'sext' 'p_shl58' <Predicate = true> <Delay = 0.00>
ST_2 : Operation 562 [1/1] (0.00ns)   --->   "%tmp_450 = bitconcatenate i13 @_ssdm_op_BitConcatenate.i13.i12.i1, i12 %tmp5, i1 0" [firmware/nnet_utils/nnet_mult.h:70->firmware/nnet_utils/nnet_dense_latency.h:42]   --->   Operation 562 'bitconcatenate' 'tmp_450' <Predicate = true> <Delay = 0.00>
ST_2 : Operation 563 [1/1] (0.00ns)   --->   "%p_shl59 = sext i13 %tmp_450" [firmware/nnet_utils/nnet_mult.h:70->firmware/nnet_utils/nnet_dense_latency.h:42]   --->   Operation 563 'sext' 'p_shl59' <Predicate = true> <Delay = 0.00>
ST_2 : Operation 564 [1/1] (0.84ns)   --->   "%tmp6 = sub i16 %p_shl58, i16 %p_shl59" [firmware/nnet_utils/nnet_mult.h:70->firmware/nnet_utils/nnet_dense_latency.h:42]   --->   Operation 564 'sub' 'tmp6' <Predicate = true> <Delay = 0.84> <CoreInst = "Adder">   --->   Core 1 'Adder' <Latency = 0> <II = 1> <Delay = 0.84> <FuncUnit> <Opcode : 'add' 'sub'> <InPorts = 2> <OutPorts = 1>
ST_2 : Operation 565 [1/1] (0.00ns)   --->   "%sext_ln58_252 = sext i16 %tmp6" [firmware/nnet_utils/nnet_dense_latency.h:58]   --->   Operation 565 'sext' 'sext_ln58_252' <Predicate = true> <Delay = 0.00>
ST_2 : Operation 566 [1/1] (0.86ns)   --->   "%add_ln58_522 = add i17 %mul_ln17_2, i17 130592" [firmware/nnet_utils/nnet_dense_latency.h:58]   --->   Operation 566 'add' 'add_ln58_522' <Predicate = true> <Delay = 0.86> <CoreInst = "Adder">   --->   Core 1 'Adder' <Latency = 0> <II = 1> <Delay = 0.86> <FuncUnit> <Opcode : 'add' 'sub'> <InPorts = 2> <OutPorts = 1>
ST_2 : Operation 567 [1/1] (0.00ns)   --->   "%sext_ln58_253 = sext i17 %add_ln58_522" [firmware/nnet_utils/nnet_dense_latency.h:58]   --->   Operation 567 'sext' 'sext_ln58_253' <Predicate = true> <Delay = 0.00>
ST_2 : Operation 568 [1/1] (0.86ns)   --->   "%add_ln58_523 = add i18 %sext_ln58_253, i18 %sext_ln17_178" [firmware/nnet_utils/nnet_dense_latency.h:58]   --->   Operation 568 'add' 'add_ln58_523' <Predicate = true> <Delay = 0.86> <CoreInst = "Adder">   --->   Core 1 'Adder' <Latency = 0> <II = 1> <Delay = 0.86> <FuncUnit> <Opcode : 'add' 'sub'> <InPorts = 2> <OutPorts = 1>
ST_2 : Operation 569 [1/1] (0.00ns)   --->   "%sext_ln58_254 = sext i18 %add_ln58_523" [firmware/nnet_utils/nnet_dense_latency.h:58]   --->   Operation 569 'sext' 'sext_ln58_254' <Predicate = true> <Delay = 0.00>
ST_2 : Operation 570 [1/1] (0.00ns) (grouped into TernaryAdder)   --->   "%add_ln58_524 = add i19 %sext_ln58_254, i19 %sub_ln17_54" [firmware/nnet_utils/nnet_dense_latency.h:58]   --->   Operation 570 'add' 'add_ln58_524' <Predicate = true> <Delay = 0.00> <CoreInst = "TAddSub">   --->   Core 10 'TAddSub' <Latency = 0> <II = 1> <Delay = 0.34> <IPBlock> <Opcode : 'add' 'sub'> <InPorts = 3> <OutPorts = 1> <Sync> <CReg>
ST_2 : Operation 571 [1/1] (0.00ns) (grouped into TernaryAdder)   --->   "%sub_ln58_51 = sub i16 %sext_ln17_206, i16 %sext_ln73_59" [firmware/nnet_utils/nnet_dense_latency.h:58]   --->   Operation 571 'sub' 'sub_ln58_51' <Predicate = true> <Delay = 0.00> <CoreInst = "TAddSub">   --->   Core 10 'TAddSub' <Latency = 0> <II = 1> <Delay = 0.34> <IPBlock> <Opcode : 'add' 'sub'> <InPorts = 3> <OutPorts = 1> <Sync> <CReg>
ST_2 : Operation 572 [1/1] (0.82ns)   --->   "%sub_ln58_52 = sub i14 %sext_ln17_194, i14 %sext_ln73_87" [firmware/nnet_utils/nnet_dense_latency.h:58]   --->   Operation 572 'sub' 'sub_ln58_52' <Predicate = true> <Delay = 0.82> <CoreInst = "Adder">   --->   Core 1 'Adder' <Latency = 0> <II = 1> <Delay = 0.82> <FuncUnit> <Opcode : 'add' 'sub'> <InPorts = 2> <OutPorts = 1>
ST_2 : Operation 573 [1/1] (0.00ns)   --->   "%sext_ln58_255 = sext i14 %sub_ln58_52" [firmware/nnet_utils/nnet_dense_latency.h:58]   --->   Operation 573 'sext' 'sext_ln58_255' <Predicate = true> <Delay = 0.00>
ST_2 : Operation 574 [1/1] (0.68ns) (root node of TernaryAdder)   --->   "%add_ln58_525 = add i16 %sext_ln58_255, i16 %sub_ln58_51" [firmware/nnet_utils/nnet_dense_latency.h:58]   --->   Operation 574 'add' 'add_ln58_525' <Predicate = true> <Delay = 0.68> <CoreInst = "TAddSub">   --->   Core 10 'TAddSub' <Latency = 0> <II = 1> <Delay = 0.34> <IPBlock> <Opcode : 'add' 'sub'> <InPorts = 3> <OutPorts = 1> <Sync> <CReg>
ST_2 : Operation 575 [1/1] (0.00ns)   --->   "%sext_ln58_256 = sext i16 %add_ln58_525" [firmware/nnet_utils/nnet_dense_latency.h:58]   --->   Operation 575 'sext' 'sext_ln58_256' <Predicate = true> <Delay = 0.00>
ST_2 : Operation 576 [1/1] (0.69ns) (root node of TernaryAdder)   --->   "%add_ln58_526 = add i19 %sext_ln58_256, i19 %add_ln58_524" [firmware/nnet_utils/nnet_dense_latency.h:58]   --->   Operation 576 'add' 'add_ln58_526' <Predicate = true> <Delay = 0.69> <CoreInst = "TAddSub">   --->   Core 10 'TAddSub' <Latency = 0> <II = 1> <Delay = 0.34> <IPBlock> <Opcode : 'add' 'sub'> <InPorts = 3> <OutPorts = 1> <Sync> <CReg>
ST_2 : Operation 577 [1/1] (0.00ns)   --->   "%sext_ln58_191 = sext i19 %add_ln58_526" [firmware/nnet_utils/nnet_dense_latency.h:58]   --->   Operation 577 'sext' 'sext_ln58_191' <Predicate = true> <Delay = 0.00>
ST_2 : Operation 578 [1/1] (0.86ns)   --->   "%add_ln58_527 = add i17 %mul_ln17_6, i17 %sext_ln58_252" [firmware/nnet_utils/nnet_dense_latency.h:58]   --->   Operation 578 'add' 'add_ln58_527' <Predicate = true> <Delay = 0.86> <CoreInst = "Adder">   --->   Core 1 'Adder' <Latency = 0> <II = 1> <Delay = 0.86> <FuncUnit> <Opcode : 'add' 'sub'> <InPorts = 2> <OutPorts = 1>
ST_2 : Operation 579 [1/1] (0.00ns)   --->   "%sext_ln58_257 = sext i17 %add_ln58_527" [firmware/nnet_utils/nnet_dense_latency.h:58]   --->   Operation 579 'sext' 'sext_ln58_257' <Predicate = true> <Delay = 0.00>
ST_2 : Operation 580 [1/1] (0.88ns)   --->   "%x_42 = add i20 %sext_ln58_257, i20 %sext_ln58_191" [firmware/nnet_utils/nnet_dense_latency.h:58]   --->   Operation 580 'add' 'x_42' <Predicate = true> <Delay = 0.88> <CoreInst = "Adder">   --->   Core 1 'Adder' <Latency = 0> <II = 1> <Delay = 0.88> <FuncUnit> <Opcode : 'add' 'sub'> <InPorts = 2> <OutPorts = 1>
ST_2 : Operation 581 [1/1] (0.88ns)   --->   "%x_46 = add i20 %sext_ln58_180, i20 %sext_ln17_241" [firmware/nnet_utils/nnet_dense_latency.h:58]   --->   Operation 581 'add' 'x_46' <Predicate = true> <Delay = 0.88> <CoreInst = "Adder">   --->   Core 1 'Adder' <Latency = 0> <II = 1> <Delay = 0.88> <FuncUnit> <Opcode : 'add' 'sub'> <InPorts = 2> <OutPorts = 1>
ST_2 : Operation 582 [1/1] (0.87ns)   --->   "%add_ln58_530 = add i19 %sext_ln58_160, i19 %sext_ln17_180" [firmware/nnet_utils/nnet_dense_latency.h:58]   --->   Operation 582 'add' 'add_ln58_530' <Predicate = true> <Delay = 0.87> <CoreInst = "Adder">   --->   Core 1 'Adder' <Latency = 0> <II = 1> <Delay = 0.87> <FuncUnit> <Opcode : 'add' 'sub'> <InPorts = 2> <OutPorts = 1>
ST_2 : Operation 583 [1/1] (0.00ns) (grouped into TernaryAdder)   --->   "%add_ln58_531 = add i19 %add_ln58_530, i19 %mult_344" [firmware/nnet_utils/nnet_dense_latency.h:58]   --->   Operation 583 'add' 'add_ln58_531' <Predicate = true> <Delay = 0.00> <CoreInst = "TAddSub">   --->   Core 10 'TAddSub' <Latency = 0> <II = 1> <Delay = 0.34> <IPBlock> <Opcode : 'add' 'sub'> <InPorts = 3> <OutPorts = 1> <Sync> <CReg>
ST_2 : Operation 584 [1/1] (0.82ns)   --->   "%add_ln58_532 = add i14 %sext_ln17_184, i14 %sext_ln70_6" [firmware/nnet_utils/nnet_dense_latency.h:58]   --->   Operation 584 'add' 'add_ln58_532' <Predicate = true> <Delay = 0.82> <CoreInst = "Adder">   --->   Core 1 'Adder' <Latency = 0> <II = 1> <Delay = 0.82> <FuncUnit> <Opcode : 'add' 'sub'> <InPorts = 2> <OutPorts = 1>
ST_2 : Operation 585 [1/1] (0.00ns)   --->   "%sext_ln58_258 = sext i14 %add_ln58_532" [firmware/nnet_utils/nnet_dense_latency.h:58]   --->   Operation 585 'sext' 'sext_ln58_258' <Predicate = true> <Delay = 0.00>
ST_2 : Operation 586 [1/1] (0.73ns) (root node of TernaryAdder)   --->   "%add_ln58_533 = add i15 %sext_ln58_258, i15 %mult_308" [firmware/nnet_utils/nnet_dense_latency.h:58]   --->   Operation 586 'add' 'add_ln58_533' <Predicate = true> <Delay = 0.73> <CoreInst = "TAddSub">   --->   Core 10 'TAddSub' <Latency = 0> <II = 1> <Delay = 0.34> <IPBlock> <Opcode : 'add' 'sub'> <InPorts = 3> <OutPorts = 1> <Sync> <CReg>
ST_2 : Operation 587 [1/1] (0.00ns)   --->   "%sext_ln58_259 = sext i15 %add_ln58_533" [firmware/nnet_utils/nnet_dense_latency.h:58]   --->   Operation 587 'sext' 'sext_ln58_259' <Predicate = true> <Delay = 0.00>
ST_2 : Operation 588 [1/1] (0.69ns) (root node of TernaryAdder)   --->   "%x_50 = add i19 %sext_ln58_259, i19 %add_ln58_531" [firmware/nnet_utils/nnet_dense_latency.h:58]   --->   Operation 588 'add' 'x_50' <Predicate = true> <Delay = 0.69> <CoreInst = "TAddSub">   --->   Core 10 'TAddSub' <Latency = 0> <II = 1> <Delay = 0.34> <IPBlock> <Opcode : 'add' 'sub'> <InPorts = 3> <OutPorts = 1> <Sync> <CReg>
ST_2 : Operation 589 [1/1] (0.69ns) (root node of TernaryAdder)   --->   "%x_54 = add i19 %mult_347, i19 %sext_ln58_172" [firmware/nnet_utils/nnet_dense_latency.h:58]   --->   Operation 589 'add' 'x_54' <Predicate = true> <Delay = 0.69> <CoreInst = "TAddSub">   --->   Core 10 'TAddSub' <Latency = 0> <II = 1> <Delay = 0.34> <IPBlock> <Opcode : 'add' 'sub'> <InPorts = 3> <OutPorts = 1> <Sync> <CReg>
ST_2 : Operation 590 [1/1] (0.00ns) (grouped into TernaryAdder)   --->   "%add_ln58_536 = add i19 %sext_ln58_173, i19 %sext_ln17_232" [firmware/nnet_utils/nnet_dense_latency.h:58]   --->   Operation 590 'add' 'add_ln58_536' <Predicate = true> <Delay = 0.00> <CoreInst = "TAddSub">   --->   Core 10 'TAddSub' <Latency = 0> <II = 1> <Delay = 0.34> <IPBlock> <Opcode : 'add' 'sub'> <InPorts = 3> <OutPorts = 1> <Sync> <CReg>
ST_2 : Operation 591 [1/1] (0.85ns)   --->   "%sub_ln58_53 = sub i17 %sext_ln17_224, i17 %sext_ln73_102" [firmware/nnet_utils/nnet_dense_latency.h:58]   --->   Operation 591 'sub' 'sub_ln58_53' <Predicate = true> <Delay = 0.85> <CoreInst = "Adder">   --->   Core 1 'Adder' <Latency = 0> <II = 1> <Delay = 0.85> <FuncUnit> <Opcode : 'add' 'sub'> <InPorts = 2> <OutPorts = 1>
ST_2 : Operation 592 [1/1] (0.00ns)   --->   "%sext_ln58_260 = sext i17 %sub_ln58_53" [firmware/nnet_utils/nnet_dense_latency.h:58]   --->   Operation 592 'sext' 'sext_ln58_260' <Predicate = true> <Delay = 0.00>
ST_2 : Operation 593 [1/1] (0.69ns) (root node of TernaryAdder)   --->   "%x_59 = add i19 %sext_ln58_260, i19 %add_ln58_536" [firmware/nnet_utils/nnet_dense_latency.h:58]   --->   Operation 593 'add' 'x_59' <Predicate = true> <Delay = 0.69> <CoreInst = "TAddSub">   --->   Core 10 'TAddSub' <Latency = 0> <II = 1> <Delay = 0.34> <IPBlock> <Opcode : 'add' 'sub'> <InPorts = 3> <OutPorts = 1> <Sync> <CReg>
ST_2 : Operation 594 [1/1] (0.88ns)   --->   "%x_61 = add i19 %mult_348, i19 %sext_ln58_181" [firmware/nnet_utils/nnet_dense_latency.h:58]   --->   Operation 594 'add' 'x_61' <Predicate = true> <Delay = 0.88> <CoreInst = "Adder">   --->   Core 1 'Adder' <Latency = 0> <II = 1> <Delay = 0.88> <FuncUnit> <Opcode : 'add' 'sub'> <InPorts = 2> <OutPorts = 1>
ST_2 : Operation 595 [1/1] (0.00ns) (grouped into TernaryAdder)   --->   "%add_ln58_539 = add i18 %mult_279, i18 %sext_ln58_157" [firmware/nnet_utils/nnet_dense_latency.h:58]   --->   Operation 595 'add' 'add_ln58_539' <Predicate = true> <Delay = 0.00> <CoreInst = "TAddSub">   --->   Core 10 'TAddSub' <Latency = 0> <II = 1> <Delay = 0.34> <IPBlock> <Opcode : 'add' 'sub'> <InPorts = 3> <OutPorts = 1> <Sync> <CReg>
ST_2 : Operation 596 [1/1] (0.85ns)   --->   "%add_ln58_540 = add i16 %mult_282, i16 %sext_ln17_198" [firmware/nnet_utils/nnet_dense_latency.h:58]   --->   Operation 596 'add' 'add_ln58_540' <Predicate = true> <Delay = 0.85> <CoreInst = "Adder">   --->   Core 1 'Adder' <Latency = 0> <II = 1> <Delay = 0.85> <FuncUnit> <Opcode : 'add' 'sub'> <InPorts = 2> <OutPorts = 1>
ST_2 : Operation 597 [1/1] (0.00ns)   --->   "%sext_ln58_261 = sext i16 %add_ln58_540" [firmware/nnet_utils/nnet_dense_latency.h:58]   --->   Operation 597 'sext' 'sext_ln58_261' <Predicate = true> <Delay = 0.00>
ST_2 : Operation 598 [1/1] (0.68ns) (root node of TernaryAdder)   --->   "%add_ln58_541 = add i17 %sext_ln58_261, i17 %mult_349" [firmware/nnet_utils/nnet_dense_latency.h:58]   --->   Operation 598 'add' 'add_ln58_541' <Predicate = true> <Delay = 0.68> <CoreInst = "TAddSub">   --->   Core 10 'TAddSub' <Latency = 0> <II = 1> <Delay = 0.34> <IPBlock> <Opcode : 'add' 'sub'> <InPorts = 3> <OutPorts = 1> <Sync> <CReg>
ST_2 : Operation 599 [1/1] (0.00ns)   --->   "%sext_ln58_262 = sext i17 %add_ln58_541" [firmware/nnet_utils/nnet_dense_latency.h:58]   --->   Operation 599 'sext' 'sext_ln58_262' <Predicate = true> <Delay = 0.00>
ST_2 : Operation 600 [1/1] (0.69ns) (root node of TernaryAdder)   --->   "%add_ln58_542 = add i18 %sext_ln58_262, i18 %add_ln58_539" [firmware/nnet_utils/nnet_dense_latency.h:58]   --->   Operation 600 'add' 'add_ln58_542' <Predicate = true> <Delay = 0.69> <CoreInst = "TAddSub">   --->   Core 10 'TAddSub' <Latency = 0> <II = 1> <Delay = 0.34> <IPBlock> <Opcode : 'add' 'sub'> <InPorts = 3> <OutPorts = 1> <Sync> <CReg>
ST_2 : Operation 601 [1/1] (0.00ns)   --->   "%sext_ln58_196 = sext i18 %add_ln58_542" [firmware/nnet_utils/nnet_dense_latency.h:58]   --->   Operation 601 'sext' 'sext_ln58_196' <Predicate = true> <Delay = 0.00>
ST_2 : Operation 602 [1/1] (0.87ns)   --->   "%add_ln58_543 = add i18 %mult_350, i18 %sext_ln58_170" [firmware/nnet_utils/nnet_dense_latency.h:58]   --->   Operation 602 'add' 'add_ln58_543' <Predicate = true> <Delay = 0.87> <CoreInst = "Adder">   --->   Core 1 'Adder' <Latency = 0> <II = 1> <Delay = 0.87> <FuncUnit> <Opcode : 'add' 'sub'> <InPorts = 2> <OutPorts = 1>
ST_2 : Operation 603 [1/1] (0.00ns) (grouped into TernaryAdder)   --->   "%add_ln58_544 = add i18 %mult_335, i18 %sext_ln58_174" [firmware/nnet_utils/nnet_dense_latency.h:58]   --->   Operation 603 'add' 'add_ln58_544' <Predicate = true> <Delay = 0.00> <CoreInst = "TAddSub">   --->   Core 10 'TAddSub' <Latency = 0> <II = 1> <Delay = 0.34> <IPBlock> <Opcode : 'add' 'sub'> <InPorts = 3> <OutPorts = 1> <Sync> <CReg>
ST_2 : Operation 604 [1/1] (0.84ns)   --->   "%sub_ln58_54 = sub i16 %sext_ln17_236, i16 %sext_ln73_109" [firmware/nnet_utils/nnet_dense_latency.h:58]   --->   Operation 604 'sub' 'sub_ln58_54' <Predicate = true> <Delay = 0.84> <CoreInst = "Adder">   --->   Core 1 'Adder' <Latency = 0> <II = 1> <Delay = 0.84> <FuncUnit> <Opcode : 'add' 'sub'> <InPorts = 2> <OutPorts = 1>
ST_2 : Operation 605 [1/1] (0.00ns)   --->   "%sext_ln58_263 = sext i16 %sub_ln58_54" [firmware/nnet_utils/nnet_dense_latency.h:58]   --->   Operation 605 'sext' 'sext_ln58_263' <Predicate = true> <Delay = 0.00>
ST_2 : Operation 606 [1/1] (0.69ns) (root node of TernaryAdder)   --->   "%x_66 = add i18 %sext_ln58_263, i18 %add_ln58_544" [firmware/nnet_utils/nnet_dense_latency.h:58]   --->   Operation 606 'add' 'x_66' <Predicate = true> <Delay = 0.69> <CoreInst = "TAddSub">   --->   Core 10 'TAddSub' <Latency = 0> <II = 1> <Delay = 0.34> <IPBlock> <Opcode : 'add' 'sub'> <InPorts = 3> <OutPorts = 1> <Sync> <CReg>
ST_2 : Operation 607 [1/1] (0.88ns)   --->   "%x_69 = add i19 %mul_ln17_7, i19 %sext_ln58_179" [firmware/nnet_utils/nnet_dense_latency.h:58]   --->   Operation 607 'add' 'x_69' <Predicate = true> <Delay = 0.88> <CoreInst = "Adder">   --->   Core 1 'Adder' <Latency = 0> <II = 1> <Delay = 0.88> <FuncUnit> <Opcode : 'add' 'sub'> <InPorts = 2> <OutPorts = 1>
ST_2 : Operation 608 [1/1] (0.79ns)   --->   "%tmp870 = sub i12 %sext_ln73, i12 %sext_ln73_20" [firmware/nnet_utils/nnet_mult.h:73->firmware/nnet_utils/nnet_dense_latency.h:42]   --->   Operation 608 'sub' 'tmp870' <Predicate = true> <Delay = 0.79> <CoreInst = "Adder">   --->   Core 1 'Adder' <Latency = 0> <II = 1> <Delay = 0.79> <FuncUnit> <Opcode : 'add' 'sub'> <InPorts = 2> <OutPorts = 1>
ST_2 : Operation 609 [1/1] (0.00ns)   --->   "%tmp_s = bitconcatenate i17 @_ssdm_op_BitConcatenate.i17.i12.i5, i12 %tmp870, i5 0" [firmware/nnet_utils/nnet_mult.h:73->firmware/nnet_utils/nnet_dense_latency.h:42]   --->   Operation 609 'bitconcatenate' 'tmp_s' <Predicate = true> <Delay = 0.00>
ST_2 : Operation 610 [1/1] (0.00ns)   --->   "%sext_ln58_265 = sext i17 %tmp_s" [firmware/nnet_utils/nnet_dense_latency.h:58]   --->   Operation 610 'sext' 'sext_ln58_265' <Predicate = true> <Delay = 0.00>
ST_2 : Operation 611 [1/1] (0.68ns) (root node of TernaryAdder)   --->   "%add_ln58_547 = add i17 %sub_ln17_49, i17 64" [firmware/nnet_utils/nnet_dense_latency.h:58]   --->   Operation 611 'add' 'add_ln58_547' <Predicate = true> <Delay = 0.68> <CoreInst = "TAddSub">   --->   Core 10 'TAddSub' <Latency = 0> <II = 1> <Delay = 0.34> <IPBlock> <Opcode : 'add' 'sub'> <InPorts = 3> <OutPorts = 1> <Sync> <CReg>
ST_2 : Operation 612 [1/1] (0.00ns)   --->   "%sext_ln58_199 = sext i17 %add_ln58_547" [firmware/nnet_utils/nnet_dense_latency.h:58]   --->   Operation 612 'sext' 'sext_ln58_199' <Predicate = true> <Delay = 0.00>
ST_2 : Operation 613 [1/1] (0.86ns)   --->   "%add_ln58_548 = add i18 %sext_ln58_199, i18 %sext_ln17_170" [firmware/nnet_utils/nnet_dense_latency.h:58]   --->   Operation 613 'add' 'add_ln58_548' <Predicate = true> <Delay = 0.86> <CoreInst = "Adder">   --->   Core 1 'Adder' <Latency = 0> <II = 1> <Delay = 0.86> <FuncUnit> <Opcode : 'add' 'sub'> <InPorts = 2> <OutPorts = 1>
ST_2 : Operation 614 [1/1] (0.00ns)   --->   "%sext_ln58_284 = sext i18 %add_ln58_548" [firmware/nnet_utils/nnet_dense_latency.h:58]   --->   Operation 614 'sext' 'sext_ln58_284' <Predicate = true> <Delay = 0.00>
ST_2 : Operation 615 [1/1] (0.00ns) (grouped into TernaryAdder)   --->   "%add_ln58_549 = add i19 %sext_ln58_265, i19 %sext_ln58_284" [firmware/nnet_utils/nnet_dense_latency.h:58]   --->   Operation 615 'add' 'add_ln58_549' <Predicate = true> <Delay = 0.00> <CoreInst = "TAddSub">   --->   Core 10 'TAddSub' <Latency = 0> <II = 1> <Delay = 0.34> <IPBlock> <Opcode : 'add' 'sub'> <InPorts = 3> <OutPorts = 1> <Sync> <CReg>
ST_2 : Operation 616 [1/1] (0.86ns)   --->   "%add_ln58_550 = add i17 %trunc_ln17_131, i17 %sext_ln17_228" [firmware/nnet_utils/nnet_dense_latency.h:58]   --->   Operation 616 'add' 'add_ln58_550' <Predicate = true> <Delay = 0.86> <CoreInst = "Adder">   --->   Core 1 'Adder' <Latency = 0> <II = 1> <Delay = 0.86> <FuncUnit> <Opcode : 'add' 'sub'> <InPorts = 2> <OutPorts = 1>
ST_2 : Operation 617 [1/1] (0.00ns)   --->   "%sext_ln58_301 = sext i17 %add_ln58_550" [firmware/nnet_utils/nnet_dense_latency.h:58]   --->   Operation 617 'sext' 'sext_ln58_301' <Predicate = true> <Delay = 0.00>
ST_2 : Operation 618 [1/1] (0.69ns) (root node of TernaryAdder)   --->   "%x_70 = add i19 %sext_ln58_301, i19 %add_ln58_549" [firmware/nnet_utils/nnet_dense_latency.h:58]   --->   Operation 618 'add' 'x_70' <Predicate = true> <Delay = 0.69> <CoreInst = "TAddSub">   --->   Core 10 'TAddSub' <Latency = 0> <II = 1> <Delay = 0.34> <IPBlock> <Opcode : 'add' 'sub'> <InPorts = 3> <OutPorts = 1> <Sync> <CReg>
ST_2 : Operation 619 [1/1] (0.79ns)   --->   "%tmp11 = sub i12 %sext_ln70_5, i12 %sext_ln73_52" [firmware/nnet_utils/nnet_mult.h:70->firmware/nnet_utils/nnet_dense_latency.h:42]   --->   Operation 619 'sub' 'tmp11' <Predicate = true> <Delay = 0.79> <CoreInst = "Adder">   --->   Core 1 'Adder' <Latency = 0> <II = 1> <Delay = 0.79> <FuncUnit> <Opcode : 'add' 'sub'> <InPorts = 2> <OutPorts = 1>
ST_2 : Operation 620 [1/1] (0.00ns)   --->   "%tmp_451 = bitconcatenate i17 @_ssdm_op_BitConcatenate.i17.i12.i5, i12 %tmp11, i5 0" [firmware/nnet_utils/nnet_mult.h:70->firmware/nnet_utils/nnet_dense_latency.h:42]   --->   Operation 620 'bitconcatenate' 'tmp_451' <Predicate = true> <Delay = 0.00>
ST_2 : Operation 621 [1/1] (0.00ns)   --->   "%p_shl56 = sext i17 %tmp_451" [firmware/nnet_utils/nnet_mult.h:70->firmware/nnet_utils/nnet_dense_latency.h:42]   --->   Operation 621 'sext' 'p_shl56' <Predicate = true> <Delay = 0.00>
ST_2 : Operation 622 [1/1] (0.00ns)   --->   "%tmp_452 = bitconcatenate i15 @_ssdm_op_BitConcatenate.i15.i12.i3, i12 %tmp11, i3 0" [firmware/nnet_utils/nnet_mult.h:70->firmware/nnet_utils/nnet_dense_latency.h:42]   --->   Operation 622 'bitconcatenate' 'tmp_452' <Predicate = true> <Delay = 0.00>
ST_2 : Operation 623 [1/1] (0.00ns)   --->   "%p_shl57 = sext i15 %tmp_452" [firmware/nnet_utils/nnet_mult.h:70->firmware/nnet_utils/nnet_dense_latency.h:42]   --->   Operation 623 'sext' 'p_shl57' <Predicate = true> <Delay = 0.00>
ST_2 : Operation 624 [1/1] (0.86ns)   --->   "%tmp12 = sub i18 %p_shl56, i18 %p_shl57" [firmware/nnet_utils/nnet_mult.h:70->firmware/nnet_utils/nnet_dense_latency.h:42]   --->   Operation 624 'sub' 'tmp12' <Predicate = true> <Delay = 0.86> <CoreInst = "Adder">   --->   Core 1 'Adder' <Latency = 0> <II = 1> <Delay = 0.86> <FuncUnit> <Opcode : 'add' 'sub'> <InPorts = 2> <OutPorts = 1>
ST_2 : Operation 625 [1/1] (0.00ns) (grouped into TernaryAdder)   --->   "%add_ln58_552 = add i18 %add_ln17_48, i18 %sext_ln17_197" [firmware/nnet_utils/nnet_dense_latency.h:58]   --->   Operation 625 'add' 'add_ln58_552' <Predicate = true> <Delay = 0.00> <CoreInst = "TAddSub">   --->   Core 10 'TAddSub' <Latency = 0> <II = 1> <Delay = 0.34> <IPBlock> <Opcode : 'add' 'sub'> <InPorts = 3> <OutPorts = 1> <Sync> <CReg>
ST_2 : Operation 626 [1/1] (0.83ns)   --->   "%sub_ln58_55 = sub i15 29696, i15 %sext_ln73_95" [firmware/nnet_utils/nnet_dense_latency.h:58]   --->   Operation 626 'sub' 'sub_ln58_55' <Predicate = true> <Delay = 0.83> <CoreInst = "Adder">   --->   Core 1 'Adder' <Latency = 0> <II = 1> <Delay = 0.83> <FuncUnit> <Opcode : 'add' 'sub'> <InPorts = 2> <OutPorts = 1>
ST_2 : Operation 627 [1/1] (0.00ns)   --->   "%sext_ln58_302 = sext i14 %tmp_393" [firmware/nnet_utils/nnet_dense_latency.h:58]   --->   Operation 627 'sext' 'sext_ln58_302' <Predicate = true> <Delay = 0.00>
ST_2 : Operation 628 [1/1] (0.00ns)   --->   "%sext_ln58_303 = sext i15 %sub_ln58_55" [firmware/nnet_utils/nnet_dense_latency.h:58]   --->   Operation 628 'sext' 'sext_ln58_303' <Predicate = true> <Delay = 0.00>
ST_2 : Operation 629 [1/1] (0.84ns)   --->   "%sub_ln58_56 = sub i16 %sext_ln58_303, i16 %sext_ln58_302" [firmware/nnet_utils/nnet_dense_latency.h:58]   --->   Operation 629 'sub' 'sub_ln58_56' <Predicate = true> <Delay = 0.84> <CoreInst = "Adder">   --->   Core 1 'Adder' <Latency = 0> <II = 1> <Delay = 0.84> <FuncUnit> <Opcode : 'add' 'sub'> <InPorts = 2> <OutPorts = 1>
ST_2 : Operation 630 [1/1] (0.00ns)   --->   "%sext_ln58_266 = sext i16 %sub_ln58_56" [firmware/nnet_utils/nnet_dense_latency.h:58]   --->   Operation 630 'sext' 'sext_ln58_266' <Predicate = true> <Delay = 0.00>
ST_2 : Operation 631 [1/1] (0.69ns) (root node of TernaryAdder)   --->   "%add_ln58_553 = add i18 %sext_ln58_266, i18 %add_ln58_552" [firmware/nnet_utils/nnet_dense_latency.h:58]   --->   Operation 631 'add' 'add_ln58_553' <Predicate = true> <Delay = 0.69> <CoreInst = "TAddSub">   --->   Core 10 'TAddSub' <Latency = 0> <II = 1> <Delay = 0.34> <IPBlock> <Opcode : 'add' 'sub'> <InPorts = 3> <OutPorts = 1> <Sync> <CReg>
ST_2 : Operation 632 [1/1] (0.00ns)   --->   "%sext_ln58_202 = sext i18 %add_ln58_553" [firmware/nnet_utils/nnet_dense_latency.h:58]   --->   Operation 632 'sext' 'sext_ln58_202' <Predicate = true> <Delay = 0.00>
ST_2 : Operation 633 [1/1] (0.69ns) (root node of TernaryAdder)   --->   "%add_ln58_554 = add i18 %tmp12, i18 %mult_351" [firmware/nnet_utils/nnet_dense_latency.h:58]   --->   Operation 633 'add' 'add_ln58_554' <Predicate = true> <Delay = 0.69> <CoreInst = "TAddSub">   --->   Core 10 'TAddSub' <Latency = 0> <II = 1> <Delay = 0.34> <IPBlock> <Opcode : 'add' 'sub'> <InPorts = 3> <OutPorts = 1> <Sync> <CReg>
ST_2 : Operation 634 [1/1] (0.00ns)   --->   "%sext_ln58_267 = sext i18 %add_ln58_554" [firmware/nnet_utils/nnet_dense_latency.h:58]   --->   Operation 634 'sext' 'sext_ln58_267' <Predicate = true> <Delay = 0.00>
ST_2 : Operation 635 [1/1] (0.87ns)   --->   "%x_43 = add i19 %sext_ln58_267, i19 %sext_ln58_202" [firmware/nnet_utils/nnet_dense_latency.h:58]   --->   Operation 635 'add' 'x_43' <Predicate = true> <Delay = 0.87> <CoreInst = "Adder">   --->   Core 1 'Adder' <Latency = 0> <II = 1> <Delay = 0.87> <FuncUnit> <Opcode : 'add' 'sub'> <InPorts = 2> <OutPorts = 1>
ST_2 : Operation 636 [1/1] (0.86ns)   --->   "%sub_ln58_57 = sub i18 %sext_ln17_242, i18 %sext_ln73_44" [firmware/nnet_utils/nnet_dense_latency.h:58]   --->   Operation 636 'sub' 'sub_ln58_57' <Predicate = true> <Delay = 0.86> <CoreInst = "Adder">   --->   Core 1 'Adder' <Latency = 0> <II = 1> <Delay = 0.86> <FuncUnit> <Opcode : 'add' 'sub'> <InPorts = 2> <OutPorts = 1>
ST_2 : Operation 637 [1/1] (0.00ns)   --->   "%sext_ln58_268 = sext i18 %sub_ln58_57" [firmware/nnet_utils/nnet_dense_latency.h:58]   --->   Operation 637 'sext' 'sext_ln58_268' <Predicate = true> <Delay = 0.00>
ST_2 : Operation 638 [1/1] (0.00ns) (grouped into TernaryAdder)   --->   "%add_ln58_556 = add i19 %sext_ln58_268, i19 %sext_ln58_152" [firmware/nnet_utils/nnet_dense_latency.h:58]   --->   Operation 638 'add' 'add_ln58_556' <Predicate = true> <Delay = 0.00> <CoreInst = "TAddSub">   --->   Core 10 'TAddSub' <Latency = 0> <II = 1> <Delay = 0.34> <IPBlock> <Opcode : 'add' 'sub'> <InPorts = 3> <OutPorts = 1> <Sync> <CReg>
ST_2 : Operation 639 [1/1] (0.83ns)   --->   "%add_ln58_557 = add i15 %sext_ln17_199, i15 %sext_ln17_195" [firmware/nnet_utils/nnet_dense_latency.h:58]   --->   Operation 639 'add' 'add_ln58_557' <Predicate = true> <Delay = 0.83> <CoreInst = "Adder">   --->   Core 1 'Adder' <Latency = 0> <II = 1> <Delay = 0.83> <FuncUnit> <Opcode : 'add' 'sub'> <InPorts = 2> <OutPorts = 1>
ST_2 : Operation 640 [1/1] (0.00ns)   --->   "%sext_ln58_269 = sext i15 %add_ln58_557" [firmware/nnet_utils/nnet_dense_latency.h:58]   --->   Operation 640 'sext' 'sext_ln58_269' <Predicate = true> <Delay = 0.00>
ST_2 : Operation 641 [1/1] (0.84ns)   --->   "%sub_ln58_58 = sub i16 %sext_ln58_269, i16 %sext_ln73_88" [firmware/nnet_utils/nnet_dense_latency.h:58]   --->   Operation 641 'sub' 'sub_ln58_58' <Predicate = true> <Delay = 0.84> <CoreInst = "Adder">   --->   Core 1 'Adder' <Latency = 0> <II = 1> <Delay = 0.84> <FuncUnit> <Opcode : 'add' 'sub'> <InPorts = 2> <OutPorts = 1>
ST_2 : Operation 642 [1/1] (0.00ns)   --->   "%sext_ln58_270 = sext i16 %sub_ln58_58" [firmware/nnet_utils/nnet_dense_latency.h:58]   --->   Operation 642 'sext' 'sext_ln58_270' <Predicate = true> <Delay = 0.00>
ST_2 : Operation 643 [1/1] (0.69ns) (root node of TernaryAdder)   --->   "%x_44 = add i19 %sext_ln58_270, i19 %add_ln58_556" [firmware/nnet_utils/nnet_dense_latency.h:58]   --->   Operation 643 'add' 'x_44' <Predicate = true> <Delay = 0.69> <CoreInst = "TAddSub">   --->   Core 10 'TAddSub' <Latency = 0> <II = 1> <Delay = 0.34> <IPBlock> <Opcode : 'add' 'sub'> <InPorts = 3> <OutPorts = 1> <Sync> <CReg>
ST_2 : Operation 644 [1/1] (0.79ns)   --->   "%tmp13 = add i12 %sext_ln73_23, i12 %sext_ln73_17" [firmware/nnet_utils/nnet_mult.h:73->firmware/nnet_utils/nnet_dense_latency.h:42]   --->   Operation 644 'add' 'tmp13' <Predicate = true> <Delay = 0.79> <CoreInst = "Adder">   --->   Core 1 'Adder' <Latency = 0> <II = 1> <Delay = 0.79> <FuncUnit> <Opcode : 'add' 'sub'> <InPorts = 2> <OutPorts = 1>
ST_2 : Operation 645 [1/1] (0.00ns)   --->   "%p_shl44 = bitconcatenate i17 @_ssdm_op_BitConcatenate.i17.i12.i5, i12 %tmp13, i5 0" [firmware/nnet_utils/nnet_dense_latency.h:58]   --->   Operation 645 'bitconcatenate' 'p_shl44' <Predicate = true> <Delay = 0.00>
ST_2 : Operation 646 [1/1] (0.00ns)   --->   "%tmp_453 = bitconcatenate i15 @_ssdm_op_BitConcatenate.i15.i12.i3, i12 %tmp13, i3 0" [firmware/nnet_utils/nnet_dense_latency.h:58]   --->   Operation 646 'bitconcatenate' 'tmp_453' <Predicate = true> <Delay = 0.00>
ST_2 : Operation 647 [1/1] (0.00ns)   --->   "%sext_ln58_304 = sext i15 %tmp_453" [firmware/nnet_utils/nnet_dense_latency.h:58]   --->   Operation 647 'sext' 'sext_ln58_304' <Predicate = true> <Delay = 0.00>
ST_2 : Operation 648 [1/1] (0.00ns) (grouped into TernaryAdder)   --->   "%sub_ln58_59 = sub i17 %p_shl44, i17 %sext_ln58_304" [firmware/nnet_utils/nnet_dense_latency.h:58]   --->   Operation 648 'sub' 'sub_ln58_59' <Predicate = true> <Delay = 0.00> <CoreInst = "TAddSub">   --->   Core 10 'TAddSub' <Latency = 0> <II = 1> <Delay = 0.34> <IPBlock> <Opcode : 'add' 'sub'> <InPorts = 3> <OutPorts = 1> <Sync> <CReg>
ST_2 : Operation 649 [1/1] (0.68ns) (root node of TernaryAdder)   --->   "%add_ln58_559 = add i17 %sub_ln58_59, i17 1920" [firmware/nnet_utils/nnet_dense_latency.h:58]   --->   Operation 649 'add' 'add_ln58_559' <Predicate = true> <Delay = 0.68> <CoreInst = "TAddSub">   --->   Core 10 'TAddSub' <Latency = 0> <II = 1> <Delay = 0.34> <IPBlock> <Opcode : 'add' 'sub'> <InPorts = 3> <OutPorts = 1> <Sync> <CReg>
ST_2 : Operation 650 [1/1] (0.00ns)   --->   "%sext_ln58_205 = sext i17 %add_ln58_559" [firmware/nnet_utils/nnet_dense_latency.h:58]   --->   Operation 650 'sext' 'sext_ln58_205' <Predicate = true> <Delay = 0.00>
ST_2 : Operation 651 [1/1] (0.00ns) (grouped into TernaryAdder)   --->   "%add_ln58_560 = add i18 %mult_306, i18 %sext_ln58_205" [firmware/nnet_utils/nnet_dense_latency.h:58]   --->   Operation 651 'add' 'add_ln58_560' <Predicate = true> <Delay = 0.00> <CoreInst = "TAddSub">   --->   Core 10 'TAddSub' <Latency = 0> <II = 1> <Delay = 0.34> <IPBlock> <Opcode : 'add' 'sub'> <InPorts = 3> <OutPorts = 1> <Sync> <CReg>
ST_2 : Operation 652 [1/1] (0.84ns)   --->   "%add_ln58_561 = add i16 %sext_ln17_236, i16 %sext_ln17_217" [firmware/nnet_utils/nnet_dense_latency.h:58]   --->   Operation 652 'add' 'add_ln58_561' <Predicate = true> <Delay = 0.84> <CoreInst = "Adder">   --->   Core 1 'Adder' <Latency = 0> <II = 1> <Delay = 0.84> <FuncUnit> <Opcode : 'add' 'sub'> <InPorts = 2> <OutPorts = 1>
ST_2 : Operation 653 [1/1] (0.00ns)   --->   "%sext_ln58_271 = sext i16 %add_ln58_561" [firmware/nnet_utils/nnet_dense_latency.h:58]   --->   Operation 653 'sext' 'sext_ln58_271' <Predicate = true> <Delay = 0.00>
ST_2 : Operation 654 [1/1] (0.69ns) (root node of TernaryAdder)   --->   "%add_ln58_562 = add i18 %sext_ln58_271, i18 %add_ln58_560" [firmware/nnet_utils/nnet_dense_latency.h:58]   --->   Operation 654 'add' 'add_ln58_562' <Predicate = true> <Delay = 0.69> <CoreInst = "TAddSub">   --->   Core 10 'TAddSub' <Latency = 0> <II = 1> <Delay = 0.34> <IPBlock> <Opcode : 'add' 'sub'> <InPorts = 3> <OutPorts = 1> <Sync> <CReg>
ST_2 : Operation 655 [1/1] (0.00ns)   --->   "%sext_ln58_206 = sext i18 %add_ln58_562" [firmware/nnet_utils/nnet_dense_latency.h:58]   --->   Operation 655 'sext' 'sext_ln58_206' <Predicate = true> <Delay = 0.00>
ST_2 : Operation 656 [1/1] (0.86ns)   --->   "%sub_ln58_60 = sub i18 %sext_ln17_243, i18 %sext_ln73_100" [firmware/nnet_utils/nnet_dense_latency.h:58]   --->   Operation 656 'sub' 'sub_ln58_60' <Predicate = true> <Delay = 0.86> <CoreInst = "Adder">   --->   Core 1 'Adder' <Latency = 0> <II = 1> <Delay = 0.86> <FuncUnit> <Opcode : 'add' 'sub'> <InPorts = 2> <OutPorts = 1>
ST_2 : Operation 657 [1/1] (0.00ns)   --->   "%sext_ln58_272 = sext i18 %sub_ln58_60" [firmware/nnet_utils/nnet_dense_latency.h:58]   --->   Operation 657 'sext' 'sext_ln58_272' <Predicate = true> <Delay = 0.00>
ST_2 : Operation 658 [1/1] (0.87ns)   --->   "%x_45 = add i19 %sext_ln58_272, i19 %sext_ln58_206" [firmware/nnet_utils/nnet_dense_latency.h:58]   --->   Operation 658 'add' 'x_45' <Predicate = true> <Delay = 0.87> <CoreInst = "Adder">   --->   Core 1 'Adder' <Latency = 0> <II = 1> <Delay = 0.87> <FuncUnit> <Opcode : 'add' 'sub'> <InPorts = 2> <OutPorts = 1>
ST_2 : Operation 659 [1/1] (0.69ns) (root node of TernaryAdder)   --->   "%x_47 = add i19 %sub_ln17_60, i19 %sext_ln58_163" [firmware/nnet_utils/nnet_dense_latency.h:58]   --->   Operation 659 'add' 'x_47' <Predicate = true> <Delay = 0.69> <CoreInst = "TAddSub">   --->   Core 10 'TAddSub' <Latency = 0> <II = 1> <Delay = 0.34> <IPBlock> <Opcode : 'add' 'sub'> <InPorts = 3> <OutPorts = 1> <Sync> <CReg>
ST_2 : Operation 660 [1/1] (0.79ns)   --->   "%tmp16 = sub i12 %sext_ln73_64, i12 %sext_ln73" [firmware/nnet_utils/nnet_mult.h:73->firmware/nnet_utils/nnet_dense_latency.h:42]   --->   Operation 660 'sub' 'tmp16' <Predicate = true> <Delay = 0.79> <CoreInst = "Adder">   --->   Core 1 'Adder' <Latency = 0> <II = 1> <Delay = 0.79> <FuncUnit> <Opcode : 'add' 'sub'> <InPorts = 2> <OutPorts = 1>
ST_2 : Operation 661 [1/1] (0.00ns)   --->   "%tmp_454 = bitconcatenate i16 @_ssdm_op_BitConcatenate.i16.i12.i4, i12 %tmp16, i4 0" [firmware/nnet_utils/nnet_mult.h:73->firmware/nnet_utils/nnet_dense_latency.h:42]   --->   Operation 661 'bitconcatenate' 'tmp_454' <Predicate = true> <Delay = 0.00>
ST_2 : Operation 662 [1/1] (0.00ns)   --->   "%p_shl52 = sext i16 %tmp_454" [firmware/nnet_utils/nnet_mult.h:73->firmware/nnet_utils/nnet_dense_latency.h:42]   --->   Operation 662 'sext' 'p_shl52' <Predicate = true> <Delay = 0.00>
ST_2 : Operation 663 [1/1] (0.00ns)   --->   "%tmp_455 = bitconcatenate i14 @_ssdm_op_BitConcatenate.i14.i12.i2, i12 %tmp16, i2 0" [firmware/nnet_utils/nnet_mult.h:73->firmware/nnet_utils/nnet_dense_latency.h:42]   --->   Operation 663 'bitconcatenate' 'tmp_455' <Predicate = true> <Delay = 0.00>
ST_2 : Operation 664 [1/1] (0.00ns)   --->   "%p_shl53 = sext i14 %tmp_455" [firmware/nnet_utils/nnet_mult.h:73->firmware/nnet_utils/nnet_dense_latency.h:42]   --->   Operation 664 'sext' 'p_shl53' <Predicate = true> <Delay = 0.00>
ST_2 : Operation 665 [1/1] (0.85ns)   --->   "%tmp17 = sub i17 %p_shl52, i17 %p_shl53" [firmware/nnet_utils/nnet_mult.h:73->firmware/nnet_utils/nnet_dense_latency.h:42]   --->   Operation 665 'sub' 'tmp17' <Predicate = true> <Delay = 0.85> <CoreInst = "Adder">   --->   Core 1 'Adder' <Latency = 0> <II = 1> <Delay = 0.85> <FuncUnit> <Opcode : 'add' 'sub'> <InPorts = 2> <OutPorts = 1>
ST_2 : Operation 666 [1/1] (0.00ns)   --->   "%sext_ln58_273 = sext i17 %tmp17" [firmware/nnet_utils/nnet_dense_latency.h:58]   --->   Operation 666 'sext' 'sext_ln58_273' <Predicate = true> <Delay = 0.00>
ST_2 : Operation 667 [1/1] (0.85ns)   --->   "%add_ln58_565 = add i16 %trunc_ln17, i16 1792" [firmware/nnet_utils/nnet_dense_latency.h:58]   --->   Operation 667 'add' 'add_ln58_565' <Predicate = true> <Delay = 0.85> <CoreInst = "Adder">   --->   Core 1 'Adder' <Latency = 0> <II = 1> <Delay = 0.85> <FuncUnit> <Opcode : 'add' 'sub'> <InPorts = 2> <OutPorts = 1>
ST_2 : Operation 668 [1/1] (0.00ns)   --->   "%sext_ln58_209 = sext i16 %add_ln58_565" [firmware/nnet_utils/nnet_dense_latency.h:58]   --->   Operation 668 'sext' 'sext_ln58_209' <Predicate = true> <Delay = 0.00>
ST_2 : Operation 669 [1/1] (0.87ns)   --->   "%add_ln58_566 = add i18 %mult_274, i18 %sext_ln58_209" [firmware/nnet_utils/nnet_dense_latency.h:58]   --->   Operation 669 'add' 'add_ln58_566' <Predicate = true> <Delay = 0.87> <CoreInst = "Adder">   --->   Core 1 'Adder' <Latency = 0> <II = 1> <Delay = 0.87> <FuncUnit> <Opcode : 'add' 'sub'> <InPorts = 2> <OutPorts = 1>
ST_2 : Operation 670 [1/1] (0.00ns)   --->   "%sext_ln58_210 = sext i18 %add_ln58_566" [firmware/nnet_utils/nnet_dense_latency.h:58]   --->   Operation 670 'sext' 'sext_ln58_210' <Predicate = true> <Delay = 0.00>
ST_2 : Operation 671 [1/1] (0.69ns) (root node of TernaryAdder)   --->   "%add_ln58_567 = add i18 %mult_284, i18 %sext_ln17_188" [firmware/nnet_utils/nnet_dense_latency.h:58]   --->   Operation 671 'add' 'add_ln58_567' <Predicate = true> <Delay = 0.69> <CoreInst = "TAddSub">   --->   Core 10 'TAddSub' <Latency = 0> <II = 1> <Delay = 0.34> <IPBlock> <Opcode : 'add' 'sub'> <InPorts = 3> <OutPorts = 1> <Sync> <CReg>
ST_2 : Operation 672 [1/1] (0.00ns)   --->   "%sext_ln58_274 = sext i18 %add_ln58_567" [firmware/nnet_utils/nnet_dense_latency.h:58]   --->   Operation 672 'sext' 'sext_ln58_274' <Predicate = true> <Delay = 0.00>
ST_2 : Operation 673 [1/1] (0.00ns) (grouped into TernaryAdder)   --->   "%add_ln58_568 = add i19 %sext_ln58_274, i19 %sext_ln58_210" [firmware/nnet_utils/nnet_dense_latency.h:58]   --->   Operation 673 'add' 'add_ln58_568' <Predicate = true> <Delay = 0.00> <CoreInst = "TAddSub">   --->   Core 10 'TAddSub' <Latency = 0> <II = 1> <Delay = 0.34> <IPBlock> <Opcode : 'add' 'sub'> <InPorts = 3> <OutPorts = 1> <Sync> <CReg>
ST_2 : Operation 674 [1/1] (0.73ns) (root node of TernaryAdder)   --->   "%add_ln58_569 = add i15 %mult_318, i15 %sext_ln17_207" [firmware/nnet_utils/nnet_dense_latency.h:58]   --->   Operation 674 'add' 'add_ln58_569' <Predicate = true> <Delay = 0.73> <CoreInst = "TAddSub">   --->   Core 10 'TAddSub' <Latency = 0> <II = 1> <Delay = 0.34> <IPBlock> <Opcode : 'add' 'sub'> <InPorts = 3> <OutPorts = 1> <Sync> <CReg>
ST_2 : Operation 675 [1/1] (0.00ns)   --->   "%sext_ln58_275 = sext i15 %add_ln58_569" [firmware/nnet_utils/nnet_dense_latency.h:58]   --->   Operation 675 'sext' 'sext_ln58_275' <Predicate = true> <Delay = 0.00>
ST_2 : Operation 676 [1/1] (0.80ns)   --->   "%sub_ln58_61 = sub i13 %sext_ln17_203, i13 %sext_ln73_90" [firmware/nnet_utils/nnet_dense_latency.h:58]   --->   Operation 676 'sub' 'sub_ln58_61' <Predicate = true> <Delay = 0.80> <CoreInst = "Adder">   --->   Core 1 'Adder' <Latency = 0> <II = 1> <Delay = 0.80> <FuncUnit> <Opcode : 'add' 'sub'> <InPorts = 2> <OutPorts = 1>
ST_2 : Operation 677 [1/1] (0.00ns)   --->   "%sext_ln58_276 = sext i13 %sub_ln58_61" [firmware/nnet_utils/nnet_dense_latency.h:58]   --->   Operation 677 'sext' 'sext_ln58_276' <Predicate = true> <Delay = 0.00>
ST_2 : Operation 678 [1/1] (0.84ns)   --->   "%add_ln58_570 = add i16 %sext_ln58_276, i16 %sext_ln58_275" [firmware/nnet_utils/nnet_dense_latency.h:58]   --->   Operation 678 'add' 'add_ln58_570' <Predicate = true> <Delay = 0.84> <CoreInst = "Adder">   --->   Core 1 'Adder' <Latency = 0> <II = 1> <Delay = 0.84> <FuncUnit> <Opcode : 'add' 'sub'> <InPorts = 2> <OutPorts = 1>
ST_2 : Operation 679 [1/1] (0.00ns)   --->   "%sext_ln58_277 = sext i16 %add_ln58_570" [firmware/nnet_utils/nnet_dense_latency.h:58]   --->   Operation 679 'sext' 'sext_ln58_277' <Predicate = true> <Delay = 0.00>
ST_2 : Operation 680 [1/1] (0.69ns) (root node of TernaryAdder)   --->   "%add_ln58_571 = add i19 %sext_ln58_277, i19 %add_ln58_568" [firmware/nnet_utils/nnet_dense_latency.h:58]   --->   Operation 680 'add' 'add_ln58_571' <Predicate = true> <Delay = 0.69> <CoreInst = "TAddSub">   --->   Core 10 'TAddSub' <Latency = 0> <II = 1> <Delay = 0.34> <IPBlock> <Opcode : 'add' 'sub'> <InPorts = 3> <OutPorts = 1> <Sync> <CReg>
ST_2 : Operation 681 [1/1] (0.00ns)   --->   "%sext_ln58_211 = sext i19 %add_ln58_571" [firmware/nnet_utils/nnet_dense_latency.h:58]   --->   Operation 681 'sext' 'sext_ln58_211' <Predicate = true> <Delay = 0.00>
ST_2 : Operation 682 [1/1] (0.87ns)   --->   "%add_ln58_572 = add i18 %trunc_ln17_130, i18 %sext_ln58_273" [firmware/nnet_utils/nnet_dense_latency.h:58]   --->   Operation 682 'add' 'add_ln58_572' <Predicate = true> <Delay = 0.87> <CoreInst = "Adder">   --->   Core 1 'Adder' <Latency = 0> <II = 1> <Delay = 0.87> <FuncUnit> <Opcode : 'add' 'sub'> <InPorts = 2> <OutPorts = 1>
ST_2 : Operation 683 [1/1] (0.00ns)   --->   "%sext_ln58_278 = sext i18 %add_ln58_572" [firmware/nnet_utils/nnet_dense_latency.h:58]   --->   Operation 683 'sext' 'sext_ln58_278' <Predicate = true> <Delay = 0.00>
ST_2 : Operation 684 [1/1] (0.88ns)   --->   "%x_49 = add i20 %sext_ln58_278, i20 %sext_ln58_211" [firmware/nnet_utils/nnet_dense_latency.h:58]   --->   Operation 684 'add' 'x_49' <Predicate = true> <Delay = 0.88> <CoreInst = "Adder">   --->   Core 1 'Adder' <Latency = 0> <II = 1> <Delay = 0.88> <FuncUnit> <Opcode : 'add' 'sub'> <InPorts = 2> <OutPorts = 1>
ST_2 : Operation 685 [1/1] (0.69ns) (root node of TernaryAdder)   --->   "%add_ln58_574 = add i19 %mult_267, i19 %sext_ln58" [firmware/nnet_utils/nnet_dense_latency.h:58]   --->   Operation 685 'add' 'add_ln58_574' <Predicate = true> <Delay = 0.69> <CoreInst = "TAddSub">   --->   Core 10 'TAddSub' <Latency = 0> <II = 1> <Delay = 0.34> <IPBlock> <Opcode : 'add' 'sub'> <InPorts = 3> <OutPorts = 1> <Sync> <CReg>
ST_2 : Operation 686 [1/1] (0.68ns) (root node of TernaryAdder)   --->   "%add_ln58_575 = add i17 %mult_345, i17 %sext_ln17_175" [firmware/nnet_utils/nnet_dense_latency.h:58]   --->   Operation 686 'add' 'add_ln58_575' <Predicate = true> <Delay = 0.68> <CoreInst = "TAddSub">   --->   Core 10 'TAddSub' <Latency = 0> <II = 1> <Delay = 0.34> <IPBlock> <Opcode : 'add' 'sub'> <InPorts = 3> <OutPorts = 1> <Sync> <CReg>
ST_2 : Operation 687 [1/1] (0.00ns)   --->   "%sext_ln58_279 = sext i17 %add_ln58_575" [firmware/nnet_utils/nnet_dense_latency.h:58]   --->   Operation 687 'sext' 'sext_ln58_279' <Predicate = true> <Delay = 0.00>
ST_2 : Operation 688 [1/1] (0.00ns) (grouped into TernaryAdder)   --->   "%add_ln58_576 = add i19 %sext_ln58_279, i19 %add_ln58_574" [firmware/nnet_utils/nnet_dense_latency.h:58]   --->   Operation 688 'add' 'add_ln58_576' <Predicate = true> <Delay = 0.00> <CoreInst = "TAddSub">   --->   Core 10 'TAddSub' <Latency = 0> <II = 1> <Delay = 0.34> <IPBlock> <Opcode : 'add' 'sub'> <InPorts = 3> <OutPorts = 1> <Sync> <CReg>
ST_2 : Operation 689 [1/1] (0.84ns)   --->   "%sub_ln58_62 = sub i16 %sext_ln73_73, i16 %sext_ln73_62" [firmware/nnet_utils/nnet_dense_latency.h:58]   --->   Operation 689 'sub' 'sub_ln58_62' <Predicate = true> <Delay = 0.84> <CoreInst = "Adder">   --->   Core 1 'Adder' <Latency = 0> <II = 1> <Delay = 0.84> <FuncUnit> <Opcode : 'add' 'sub'> <InPorts = 2> <OutPorts = 1>
ST_2 : Operation 690 [1/1] (0.00ns)   --->   "%sext_ln58_280 = sext i16 %sub_ln58_62" [firmware/nnet_utils/nnet_dense_latency.h:58]   --->   Operation 690 'sext' 'sext_ln58_280' <Predicate = true> <Delay = 0.00>
ST_2 : Operation 691 [1/1] (0.82ns)   --->   "%sub_ln58_63 = sub i14 %sext_ln17_246, i14 %sext_ln73_87" [firmware/nnet_utils/nnet_dense_latency.h:58]   --->   Operation 691 'sub' 'sub_ln58_63' <Predicate = true> <Delay = 0.82> <CoreInst = "Adder">   --->   Core 1 'Adder' <Latency = 0> <II = 1> <Delay = 0.82> <FuncUnit> <Opcode : 'add' 'sub'> <InPorts = 2> <OutPorts = 1>
ST_2 : Operation 692 [1/1] (0.00ns)   --->   "%sext_ln58_281 = sext i14 %sub_ln58_63" [firmware/nnet_utils/nnet_dense_latency.h:58]   --->   Operation 692 'sext' 'sext_ln58_281' <Predicate = true> <Delay = 0.00>
ST_2 : Operation 693 [1/1] (0.83ns)   --->   "%add_ln58_577 = add i15 %sext_ln58_281, i15 %sext_ln73_78" [firmware/nnet_utils/nnet_dense_latency.h:58]   --->   Operation 693 'add' 'add_ln58_577' <Predicate = true> <Delay = 0.83> <CoreInst = "Adder">   --->   Core 1 'Adder' <Latency = 0> <II = 1> <Delay = 0.83> <FuncUnit> <Opcode : 'add' 'sub'> <InPorts = 2> <OutPorts = 1>
ST_2 : Operation 694 [1/1] (0.00ns)   --->   "%sext_ln58_282 = sext i15 %add_ln58_577" [firmware/nnet_utils/nnet_dense_latency.h:58]   --->   Operation 694 'sext' 'sext_ln58_282' <Predicate = true> <Delay = 0.00>
ST_2 : Operation 695 [1/1] (0.85ns)   --->   "%add_ln58_578 = add i17 %sext_ln58_282, i17 %sext_ln58_280" [firmware/nnet_utils/nnet_dense_latency.h:58]   --->   Operation 695 'add' 'add_ln58_578' <Predicate = true> <Delay = 0.85> <CoreInst = "Adder">   --->   Core 1 'Adder' <Latency = 0> <II = 1> <Delay = 0.85> <FuncUnit> <Opcode : 'add' 'sub'> <InPorts = 2> <OutPorts = 1>
ST_2 : Operation 696 [1/1] (0.00ns)   --->   "%sext_ln58_283 = sext i17 %add_ln58_578" [firmware/nnet_utils/nnet_dense_latency.h:58]   --->   Operation 696 'sext' 'sext_ln58_283' <Predicate = true> <Delay = 0.00>
ST_2 : Operation 697 [1/1] (0.69ns) (root node of TernaryAdder)   --->   "%x_51 = add i19 %sext_ln58_283, i19 %add_ln58_576" [firmware/nnet_utils/nnet_dense_latency.h:58]   --->   Operation 697 'add' 'x_51' <Predicate = true> <Delay = 0.69> <CoreInst = "TAddSub">   --->   Core 10 'TAddSub' <Latency = 0> <II = 1> <Delay = 0.34> <IPBlock> <Opcode : 'add' 'sub'> <InPorts = 3> <OutPorts = 1> <Sync> <CReg>
ST_2 : Operation 698 [1/1] (0.79ns)   --->   "%tmp1968 = sub i12 %sext_ln70_5, i12 %sext_ln73_64" [firmware/nnet_utils/nnet_mult.h:70->firmware/nnet_utils/nnet_dense_latency.h:42]   --->   Operation 698 'sub' 'tmp1968' <Predicate = true> <Delay = 0.79> <CoreInst = "Adder">   --->   Core 1 'Adder' <Latency = 0> <II = 1> <Delay = 0.79> <FuncUnit> <Opcode : 'add' 'sub'> <InPorts = 2> <OutPorts = 1>
ST_2 : Operation 699 [1/1] (0.00ns)   --->   "%tmp_1 = bitconcatenate i15 @_ssdm_op_BitConcatenate.i15.i12.i3, i12 %tmp1968, i3 0" [firmware/nnet_utils/nnet_mult.h:70->firmware/nnet_utils/nnet_dense_latency.h:42]   --->   Operation 699 'bitconcatenate' 'tmp_1' <Predicate = true> <Delay = 0.00>
ST_2 : Operation 700 [1/1] (0.00ns)   --->   "%sext_ln58_305 = sext i15 %tmp_1" [firmware/nnet_utils/nnet_dense_latency.h:58]   --->   Operation 700 'sext' 'sext_ln58_305' <Predicate = true> <Delay = 0.00>
ST_2 : Operation 701 [1/1] (0.85ns)   --->   "%sub_ln58_64 = sub i17 129280, i17 %sext_ln73_54" [firmware/nnet_utils/nnet_dense_latency.h:58]   --->   Operation 701 'sub' 'sub_ln58_64' <Predicate = true> <Delay = 0.85> <CoreInst = "Adder">   --->   Core 1 'Adder' <Latency = 0> <II = 1> <Delay = 0.85> <FuncUnit> <Opcode : 'add' 'sub'> <InPorts = 2> <OutPorts = 1>
ST_2 : Operation 702 [1/1] (0.00ns)   --->   "%sext_ln58_306 = sext i16 %tmp_413" [firmware/nnet_utils/nnet_dense_latency.h:58]   --->   Operation 702 'sext' 'sext_ln58_306' <Predicate = true> <Delay = 0.00>
ST_2 : Operation 703 [1/1] (0.00ns)   --->   "%sext_ln58_307 = sext i17 %sub_ln58_64" [firmware/nnet_utils/nnet_dense_latency.h:58]   --->   Operation 703 'sext' 'sext_ln58_307' <Predicate = true> <Delay = 0.00>
ST_2 : Operation 704 [1/1] (0.00ns) (grouped into TernaryAdder)   --->   "%sub_ln58_65 = sub i18 %sext_ln58_307, i18 %sext_ln58_306" [firmware/nnet_utils/nnet_dense_latency.h:58]   --->   Operation 704 'sub' 'sub_ln58_65' <Predicate = true> <Delay = 0.00> <CoreInst = "TAddSub">   --->   Core 10 'TAddSub' <Latency = 0> <II = 1> <Delay = 0.34> <IPBlock> <Opcode : 'add' 'sub'> <InPorts = 3> <OutPorts = 1> <Sync> <CReg>
ST_2 : Operation 705 [1/1] (0.68ns) (root node of TernaryAdder)   --->   "%add_ln58_580 = add i16 %mult_337, i16 %sext_ln17_225" [firmware/nnet_utils/nnet_dense_latency.h:58]   --->   Operation 705 'add' 'add_ln58_580' <Predicate = true> <Delay = 0.68> <CoreInst = "TAddSub">   --->   Core 10 'TAddSub' <Latency = 0> <II = 1> <Delay = 0.34> <IPBlock> <Opcode : 'add' 'sub'> <InPorts = 3> <OutPorts = 1> <Sync> <CReg>
ST_2 : Operation 706 [1/1] (0.00ns)   --->   "%sext_ln58_308 = sext i15 %mult_309" [firmware/nnet_utils/nnet_dense_latency.h:58]   --->   Operation 706 'sext' 'sext_ln58_308' <Predicate = true> <Delay = 0.00>
ST_2 : Operation 707 [1/1] (0.00ns)   --->   "%sext_ln58_309 = sext i16 %add_ln58_580" [firmware/nnet_utils/nnet_dense_latency.h:58]   --->   Operation 707 'sext' 'sext_ln58_309' <Predicate = true> <Delay = 0.00>
ST_2 : Operation 708 [1/1] (0.85ns)   --->   "%sub_ln58_66 = sub i17 %sext_ln58_309, i17 %sext_ln58_308" [firmware/nnet_utils/nnet_dense_latency.h:58]   --->   Operation 708 'sub' 'sub_ln58_66' <Predicate = true> <Delay = 0.85> <CoreInst = "Adder">   --->   Core 1 'Adder' <Latency = 0> <II = 1> <Delay = 0.85> <FuncUnit> <Opcode : 'add' 'sub'> <InPorts = 2> <OutPorts = 1>
ST_2 : Operation 709 [1/1] (0.00ns)   --->   "%sext_ln58_285 = sext i17 %sub_ln58_66" [firmware/nnet_utils/nnet_dense_latency.h:58]   --->   Operation 709 'sext' 'sext_ln58_285' <Predicate = true> <Delay = 0.00>
ST_2 : Operation 710 [1/1] (0.69ns) (root node of TernaryAdder)   --->   "%add_ln58_581 = add i18 %sext_ln58_285, i18 %sub_ln58_65" [firmware/nnet_utils/nnet_dense_latency.h:58]   --->   Operation 710 'add' 'add_ln58_581' <Predicate = true> <Delay = 0.69> <CoreInst = "TAddSub">   --->   Core 10 'TAddSub' <Latency = 0> <II = 1> <Delay = 0.34> <IPBlock> <Opcode : 'add' 'sub'> <InPorts = 3> <OutPorts = 1> <Sync> <CReg>
ST_2 : Operation 711 [1/1] (0.00ns)   --->   "%sext_ln58_213 = sext i18 %add_ln58_581" [firmware/nnet_utils/nnet_dense_latency.h:58]   --->   Operation 711 'sext' 'sext_ln58_213' <Predicate = true> <Delay = 0.00>
ST_2 : Operation 712 [1/1] (0.00ns) (grouped into TernaryAdder)   --->   "%add_ln58_582 = add i19 %sext_ln58_213, i19 %sext_ln17_240" [firmware/nnet_utils/nnet_dense_latency.h:58]   --->   Operation 712 'add' 'add_ln58_582' <Predicate = true> <Delay = 0.00> <CoreInst = "TAddSub">   --->   Core 10 'TAddSub' <Latency = 0> <II = 1> <Delay = 0.34> <IPBlock> <Opcode : 'add' 'sub'> <InPorts = 3> <OutPorts = 1> <Sync> <CReg>
ST_2 : Operation 713 [1/1] (0.69ns) (root node of TernaryAdder)   --->   "%x_52 = add i19 %sext_ln58_305, i19 %add_ln58_582" [firmware/nnet_utils/nnet_dense_latency.h:58]   --->   Operation 713 'add' 'x_52' <Predicate = true> <Delay = 0.69> <CoreInst = "TAddSub">   --->   Core 10 'TAddSub' <Latency = 0> <II = 1> <Delay = 0.34> <IPBlock> <Opcode : 'add' 'sub'> <InPorts = 3> <OutPorts = 1> <Sync> <CReg>
ST_2 : Operation 714 [1/1] (0.00ns)   --->   "%sext_ln58_310 = sext i12 %tmp_420" [firmware/nnet_utils/nnet_dense_latency.h:58]   --->   Operation 714 'sext' 'sext_ln58_310' <Predicate = true> <Delay = 0.00>
ST_2 : Operation 715 [1/1] (0.82ns)   --->   "%sub_ln58_67 = sub i14 %sext_ln17_246, i14 %sext_ln58_310" [firmware/nnet_utils/nnet_dense_latency.h:58]   --->   Operation 715 'sub' 'sub_ln58_67' <Predicate = true> <Delay = 0.82> <CoreInst = "Adder">   --->   Core 1 'Adder' <Latency = 0> <II = 1> <Delay = 0.82> <FuncUnit> <Opcode : 'add' 'sub'> <InPorts = 2> <OutPorts = 1>
ST_2 : Operation 716 [1/1] (0.00ns)   --->   "%sext_ln58_286 = sext i14 %sub_ln58_67" [firmware/nnet_utils/nnet_dense_latency.h:58]   --->   Operation 716 'sext' 'sext_ln58_286' <Predicate = true> <Delay = 0.00>
ST_2 : Operation 717 [1/1] (0.69ns) (root node of TernaryAdder)   --->   "%x_53 = add i19 %sext_ln58_286, i19 %add_ln17_52" [firmware/nnet_utils/nnet_dense_latency.h:58]   --->   Operation 717 'add' 'x_53' <Predicate = true> <Delay = 0.69> <CoreInst = "TAddSub">   --->   Core 10 'TAddSub' <Latency = 0> <II = 1> <Delay = 0.34> <IPBlock> <Opcode : 'add' 'sub'> <InPorts = 3> <OutPorts = 1> <Sync> <CReg>
ST_2 : Operation 718 [1/1] (0.00ns) (grouped into TernaryAdder)   --->   "%add_ln58_585 = add i19 %sext_ln58_149, i19 %sext_ln17_231" [firmware/nnet_utils/nnet_dense_latency.h:58]   --->   Operation 718 'add' 'add_ln58_585' <Predicate = true> <Delay = 0.00> <CoreInst = "TAddSub">   --->   Core 10 'TAddSub' <Latency = 0> <II = 1> <Delay = 0.34> <IPBlock> <Opcode : 'add' 'sub'> <InPorts = 3> <OutPorts = 1> <Sync> <CReg>
ST_2 : Operation 719 [1/1] (0.00ns)   --->   "%sext_ln58_311 = sext i13 %mult_289" [firmware/nnet_utils/nnet_dense_latency.h:58]   --->   Operation 719 'sext' 'sext_ln58_311' <Predicate = true> <Delay = 0.00>
ST_2 : Operation 720 [1/1] (0.00ns)   --->   "%sext_ln58_312 = sext i14 %mult_355" [firmware/nnet_utils/nnet_dense_latency.h:58]   --->   Operation 720 'sext' 'sext_ln58_312' <Predicate = true> <Delay = 0.00>
ST_2 : Operation 721 [1/1] (0.83ns)   --->   "%sub_ln58_68 = sub i15 %sext_ln58_312, i15 %sext_ln58_311" [firmware/nnet_utils/nnet_dense_latency.h:58]   --->   Operation 721 'sub' 'sub_ln58_68' <Predicate = true> <Delay = 0.83> <CoreInst = "Adder">   --->   Core 1 'Adder' <Latency = 0> <II = 1> <Delay = 0.83> <FuncUnit> <Opcode : 'add' 'sub'> <InPorts = 2> <OutPorts = 1>
ST_2 : Operation 722 [1/1] (0.00ns)   --->   "%sext_ln58_287 = sext i15 %sub_ln58_68" [firmware/nnet_utils/nnet_dense_latency.h:58]   --->   Operation 722 'sext' 'sext_ln58_287' <Predicate = true> <Delay = 0.00>
ST_2 : Operation 723 [1/1] (0.69ns) (root node of TernaryAdder)   --->   "%x_55 = add i19 %sext_ln58_287, i19 %add_ln58_585" [firmware/nnet_utils/nnet_dense_latency.h:58]   --->   Operation 723 'add' 'x_55' <Predicate = true> <Delay = 0.69> <CoreInst = "TAddSub">   --->   Core 10 'TAddSub' <Latency = 0> <II = 1> <Delay = 0.34> <IPBlock> <Opcode : 'add' 'sub'> <InPorts = 3> <OutPorts = 1> <Sync> <CReg>
ST_2 : Operation 724 [1/1] (0.00ns)   --->   "%tmp_456 = bitconcatenate i15 @_ssdm_op_BitConcatenate.i15.i12.i3, i12 %tmp21, i3 0" [firmware/nnet_utils/nnet_mult.h:73->firmware/nnet_utils/nnet_dense_latency.h:42]   --->   Operation 724 'bitconcatenate' 'tmp_456' <Predicate = true> <Delay = 0.00>
ST_2 : Operation 725 [1/1] (0.00ns)   --->   "%p_shl49 = sext i15 %tmp_456" [firmware/nnet_utils/nnet_mult.h:73->firmware/nnet_utils/nnet_dense_latency.h:42]   --->   Operation 725 'sext' 'p_shl49' <Predicate = true> <Delay = 0.00>
ST_2 : Operation 726 [1/1] (0.00ns)   --->   "%tmp_457 = bitconcatenate i13 @_ssdm_op_BitConcatenate.i13.i12.i1, i12 %tmp21, i1 0" [firmware/nnet_utils/nnet_mult.h:73->firmware/nnet_utils/nnet_dense_latency.h:42]   --->   Operation 726 'bitconcatenate' 'tmp_457' <Predicate = true> <Delay = 0.00>
ST_2 : Operation 727 [1/1] (0.00ns)   --->   "%p_shl51 = sext i13 %tmp_457" [firmware/nnet_utils/nnet_mult.h:73->firmware/nnet_utils/nnet_dense_latency.h:42]   --->   Operation 727 'sext' 'p_shl51' <Predicate = true> <Delay = 0.00>
ST_2 : Operation 728 [1/1] (0.84ns)   --->   "%tmp22 = sub i16 %p_shl51, i16 %p_shl49" [firmware/nnet_utils/nnet_mult.h:73->firmware/nnet_utils/nnet_dense_latency.h:42]   --->   Operation 728 'sub' 'tmp22' <Predicate = true> <Delay = 0.84> <CoreInst = "Adder">   --->   Core 1 'Adder' <Latency = 0> <II = 1> <Delay = 0.84> <FuncUnit> <Opcode : 'add' 'sub'> <InPorts = 2> <OutPorts = 1>
ST_2 : Operation 729 [1/1] (0.82ns)   --->   "%add_ln58_587 = add i14 %sext_ln17_184, i14 14528" [firmware/nnet_utils/nnet_dense_latency.h:58]   --->   Operation 729 'add' 'add_ln58_587' <Predicate = true> <Delay = 0.82> <CoreInst = "Adder">   --->   Core 1 'Adder' <Latency = 0> <II = 1> <Delay = 0.82> <FuncUnit> <Opcode : 'add' 'sub'> <InPorts = 2> <OutPorts = 1>
ST_2 : Operation 730 [1/1] (0.00ns)   --->   "%sext_ln58_216 = sext i14 %add_ln58_587" [firmware/nnet_utils/nnet_dense_latency.h:58]   --->   Operation 730 'sext' 'sext_ln58_216' <Predicate = true> <Delay = 0.00>
ST_2 : Operation 731 [1/1] (0.00ns) (grouped into TernaryAdder)   --->   "%add_ln58_588 = add i16 %mult_311, i16 %sext_ln58_216" [firmware/nnet_utils/nnet_dense_latency.h:58]   --->   Operation 731 'add' 'add_ln58_588' <Predicate = true> <Delay = 0.00> <CoreInst = "TAddSub">   --->   Core 10 'TAddSub' <Latency = 0> <II = 1> <Delay = 0.34> <IPBlock> <Opcode : 'add' 'sub'> <InPorts = 3> <OutPorts = 1> <Sync> <CReg>
ST_2 : Operation 732 [1/1] (0.68ns) (root node of TernaryAdder)   --->   "%add_ln58_589 = add i16 %add_ln58_588, i16 %tmp22" [firmware/nnet_utils/nnet_dense_latency.h:58]   --->   Operation 732 'add' 'add_ln58_589' <Predicate = true> <Delay = 0.68> <CoreInst = "TAddSub">   --->   Core 10 'TAddSub' <Latency = 0> <II = 1> <Delay = 0.34> <IPBlock> <Opcode : 'add' 'sub'> <InPorts = 3> <OutPorts = 1> <Sync> <CReg>
ST_2 : Operation 733 [1/1] (0.00ns)   --->   "%sext_ln58_217 = sext i16 %add_ln58_589" [firmware/nnet_utils/nnet_dense_latency.h:58]   --->   Operation 733 'sext' 'sext_ln58_217' <Predicate = true> <Delay = 0.00>
ST_2 : Operation 734 [1/1] (0.68ns) (root node of TernaryAdder)   --->   "%add_ln58_590 = add i17 %mult_321, i17 %sext_ln58_217" [firmware/nnet_utils/nnet_dense_latency.h:58]   --->   Operation 734 'add' 'add_ln58_590' <Predicate = true> <Delay = 0.68> <CoreInst = "TAddSub">   --->   Core 10 'TAddSub' <Latency = 0> <II = 1> <Delay = 0.34> <IPBlock> <Opcode : 'add' 'sub'> <InPorts = 3> <OutPorts = 1> <Sync> <CReg>
ST_2 : Operation 735 [1/1] (0.00ns)   --->   "%sext_ln58_288 = sext i17 %add_ln58_590" [firmware/nnet_utils/nnet_dense_latency.h:58]   --->   Operation 735 'sext' 'sext_ln58_288' <Predicate = true> <Delay = 0.00>
ST_2 : Operation 736 [1/1] (0.87ns)   --->   "%add_ln58_591 = add i18 %mult_339, i18 %sext_ln58_288" [firmware/nnet_utils/nnet_dense_latency.h:58]   --->   Operation 736 'add' 'add_ln58_591' <Predicate = true> <Delay = 0.87> <CoreInst = "Adder">   --->   Core 1 'Adder' <Latency = 0> <II = 1> <Delay = 0.87> <FuncUnit> <Opcode : 'add' 'sub'> <InPorts = 2> <OutPorts = 1>
ST_2 : Operation 737 [1/1] (0.00ns)   --->   "%sext_ln58_289 = sext i18 %add_ln58_591" [firmware/nnet_utils/nnet_dense_latency.h:58]   --->   Operation 737 'sext' 'sext_ln58_289' <Predicate = true> <Delay = 0.00>
ST_2 : Operation 738 [1/1] (0.00ns) (grouped into TernaryAdder)   --->   "%add_ln58_592 = add i19 %sext_ln58_289, i19 %mult_327" [firmware/nnet_utils/nnet_dense_latency.h:58]   --->   Operation 738 'add' 'add_ln58_592' <Predicate = true> <Delay = 0.00> <CoreInst = "TAddSub">   --->   Core 10 'TAddSub' <Latency = 0> <II = 1> <Delay = 0.34> <IPBlock> <Opcode : 'add' 'sub'> <InPorts = 3> <OutPorts = 1> <Sync> <CReg>
ST_2 : Operation 739 [1/1] (0.82ns)   --->   "%sub_ln58_69 = sub i14 %sext_ln17_248, i14 %sext_ln73_89" [firmware/nnet_utils/nnet_dense_latency.h:58]   --->   Operation 739 'sub' 'sub_ln58_69' <Predicate = true> <Delay = 0.82> <CoreInst = "Adder">   --->   Core 1 'Adder' <Latency = 0> <II = 1> <Delay = 0.82> <FuncUnit> <Opcode : 'add' 'sub'> <InPorts = 2> <OutPorts = 1>
ST_2 : Operation 740 [1/1] (0.00ns)   --->   "%sext_ln58_290 = sext i14 %sub_ln58_69" [firmware/nnet_utils/nnet_dense_latency.h:58]   --->   Operation 740 'sext' 'sext_ln58_290' <Predicate = true> <Delay = 0.00>
ST_2 : Operation 741 [1/1] (0.83ns)   --->   "%sub_ln58_70 = sub i15 %sext_ln58_290, i15 %sext_ln73_105" [firmware/nnet_utils/nnet_dense_latency.h:58]   --->   Operation 741 'sub' 'sub_ln58_70' <Predicate = true> <Delay = 0.83> <CoreInst = "Adder">   --->   Core 1 'Adder' <Latency = 0> <II = 1> <Delay = 0.83> <FuncUnit> <Opcode : 'add' 'sub'> <InPorts = 2> <OutPorts = 1>
ST_2 : Operation 742 [1/1] (0.00ns)   --->   "%sext_ln58_291 = sext i15 %sub_ln58_70" [firmware/nnet_utils/nnet_dense_latency.h:58]   --->   Operation 742 'sext' 'sext_ln58_291' <Predicate = true> <Delay = 0.00>
ST_2 : Operation 743 [1/1] (0.69ns) (root node of TernaryAdder)   --->   "%x_58 = add i19 %sext_ln58_291, i19 %add_ln58_592" [firmware/nnet_utils/nnet_dense_latency.h:58]   --->   Operation 743 'add' 'x_58' <Predicate = true> <Delay = 0.69> <CoreInst = "TAddSub">   --->   Core 10 'TAddSub' <Latency = 0> <II = 1> <Delay = 0.34> <IPBlock> <Opcode : 'add' 'sub'> <InPorts = 3> <OutPorts = 1> <Sync> <CReg>
ST_2 : Operation 744 [1/1] (0.79ns)   --->   "%tmp23 = add i12 %sext_ln73_37, i12 %sext_ln73_30" [firmware/nnet_utils/nnet_mult.h:73->firmware/nnet_utils/nnet_dense_latency.h:42]   --->   Operation 744 'add' 'tmp23' <Predicate = true> <Delay = 0.79> <CoreInst = "Adder">   --->   Core 1 'Adder' <Latency = 0> <II = 1> <Delay = 0.79> <FuncUnit> <Opcode : 'add' 'sub'> <InPorts = 2> <OutPorts = 1>
ST_2 : Operation 745 [1/1] (0.00ns)   --->   "%tmp_458 = bitconcatenate i17 @_ssdm_op_BitConcatenate.i17.i12.i5, i12 %tmp23, i5 0" [firmware/nnet_utils/nnet_mult.h:73->firmware/nnet_utils/nnet_dense_latency.h:42]   --->   Operation 745 'bitconcatenate' 'tmp_458' <Predicate = true> <Delay = 0.00>
ST_2 : Operation 746 [1/1] (0.00ns)   --->   "%p_shl = sext i17 %tmp_458" [firmware/nnet_utils/nnet_mult.h:73->firmware/nnet_utils/nnet_dense_latency.h:42]   --->   Operation 746 'sext' 'p_shl' <Predicate = true> <Delay = 0.00>
ST_2 : Operation 747 [1/1] (0.00ns)   --->   "%tmp_459 = bitconcatenate i15 @_ssdm_op_BitConcatenate.i15.i12.i3, i12 %tmp23, i3 0" [firmware/nnet_utils/nnet_mult.h:73->firmware/nnet_utils/nnet_dense_latency.h:42]   --->   Operation 747 'bitconcatenate' 'tmp_459' <Predicate = true> <Delay = 0.00>
ST_2 : Operation 748 [1/1] (0.00ns)   --->   "%p_shl48 = sext i15 %tmp_459" [firmware/nnet_utils/nnet_mult.h:73->firmware/nnet_utils/nnet_dense_latency.h:42]   --->   Operation 748 'sext' 'p_shl48' <Predicate = true> <Delay = 0.00>
ST_2 : Operation 749 [1/1] (0.00ns) (grouped into TernaryAdder)   --->   "%tmp24 = sub i18 %p_shl48, i18 %p_shl" [firmware/nnet_utils/nnet_mult.h:73->firmware/nnet_utils/nnet_dense_latency.h:42]   --->   Operation 749 'sub' 'tmp24' <Predicate = true> <Delay = 0.00> <CoreInst = "TAddSub">   --->   Core 10 'TAddSub' <Latency = 0> <II = 1> <Delay = 0.34> <IPBlock> <Opcode : 'add' 'sub'> <InPorts = 3> <OutPorts = 1> <Sync> <CReg>
ST_2 : Operation 750 [1/1] (0.82ns)   --->   "%add_ln58_594 = add i14 %sext_ln17_172, i14 448" [firmware/nnet_utils/nnet_dense_latency.h:58]   --->   Operation 750 'add' 'add_ln58_594' <Predicate = true> <Delay = 0.82> <CoreInst = "Adder">   --->   Core 1 'Adder' <Latency = 0> <II = 1> <Delay = 0.82> <FuncUnit> <Opcode : 'add' 'sub'> <InPorts = 2> <OutPorts = 1>
ST_2 : Operation 751 [1/1] (0.00ns)   --->   "%sext_ln58_219 = sext i14 %add_ln58_594" [firmware/nnet_utils/nnet_dense_latency.h:58]   --->   Operation 751 'sext' 'sext_ln58_219' <Predicate = true> <Delay = 0.00>
ST_2 : Operation 752 [1/1] (0.00ns) (grouped into TernaryAdder)   --->   "%add_ln58_595 = add i16 %sext_ln73_39, i16 %sext_ln58_219" [firmware/nnet_utils/nnet_dense_latency.h:58]   --->   Operation 752 'add' 'add_ln58_595' <Predicate = true> <Delay = 0.00> <CoreInst = "TAddSub">   --->   Core 10 'TAddSub' <Latency = 0> <II = 1> <Delay = 0.34> <IPBlock> <Opcode : 'add' 'sub'> <InPorts = 3> <OutPorts = 1> <Sync> <CReg>
ST_2 : Operation 753 [1/1] (0.68ns) (root node of TernaryAdder)   --->   "%add_ln58_596 = add i16 %add_ln58_595, i16 %sext_ln17_219" [firmware/nnet_utils/nnet_dense_latency.h:58]   --->   Operation 753 'add' 'add_ln58_596' <Predicate = true> <Delay = 0.68> <CoreInst = "TAddSub">   --->   Core 10 'TAddSub' <Latency = 0> <II = 1> <Delay = 0.34> <IPBlock> <Opcode : 'add' 'sub'> <InPorts = 3> <OutPorts = 1> <Sync> <CReg>
ST_2 : Operation 754 [1/1] (0.00ns)   --->   "%sext_ln58_292 = sext i16 %add_ln58_596" [firmware/nnet_utils/nnet_dense_latency.h:58]   --->   Operation 754 'sext' 'sext_ln58_292' <Predicate = true> <Delay = 0.00>
ST_2 : Operation 755 [1/1] (0.85ns)   --->   "%sub_ln58_71 = sub i17 %sext_ln58_292, i17 %sext_ln73_54" [firmware/nnet_utils/nnet_dense_latency.h:58]   --->   Operation 755 'sub' 'sub_ln58_71' <Predicate = true> <Delay = 0.85> <CoreInst = "Adder">   --->   Core 1 'Adder' <Latency = 0> <II = 1> <Delay = 0.85> <FuncUnit> <Opcode : 'add' 'sub'> <InPorts = 2> <OutPorts = 1>
ST_2 : Operation 756 [1/1] (0.00ns)   --->   "%sext_ln58_221 = sext i17 %sub_ln58_71" [firmware/nnet_utils/nnet_dense_latency.h:58]   --->   Operation 756 'sext' 'sext_ln58_221' <Predicate = true> <Delay = 0.00>
ST_2 : Operation 757 [1/1] (0.69ns) (root node of TernaryAdder)   --->   "%add_ln58_597 = add i18 %tmp24, i18 %sext_ln58_221" [firmware/nnet_utils/nnet_dense_latency.h:58]   --->   Operation 757 'add' 'add_ln58_597' <Predicate = true> <Delay = 0.69> <CoreInst = "TAddSub">   --->   Core 10 'TAddSub' <Latency = 0> <II = 1> <Delay = 0.34> <IPBlock> <Opcode : 'add' 'sub'> <InPorts = 3> <OutPorts = 1> <Sync> <CReg>
ST_2 : Operation 758 [1/1] (0.00ns)   --->   "%sext_ln58_222 = sext i18 %add_ln58_597" [firmware/nnet_utils/nnet_dense_latency.h:58]   --->   Operation 758 'sext' 'sext_ln58_222' <Predicate = true> <Delay = 0.00>
ST_2 : Operation 759 [1/1] (0.68ns) (root node of TernaryAdder)   --->   "%add_ln58_598 = add i17 %add_ln17_51, i17 %sext_ln17_249" [firmware/nnet_utils/nnet_dense_latency.h:58]   --->   Operation 759 'add' 'add_ln58_598' <Predicate = true> <Delay = 0.68> <CoreInst = "TAddSub">   --->   Core 10 'TAddSub' <Latency = 0> <II = 1> <Delay = 0.34> <IPBlock> <Opcode : 'add' 'sub'> <InPorts = 3> <OutPorts = 1> <Sync> <CReg>
ST_2 : Operation 760 [1/1] (0.00ns)   --->   "%sext_ln58_293 = sext i17 %add_ln58_598" [firmware/nnet_utils/nnet_dense_latency.h:58]   --->   Operation 760 'sext' 'sext_ln58_293' <Predicate = true> <Delay = 0.00>
ST_2 : Operation 761 [1/1] (0.87ns)   --->   "%x_60 = add i19 %sext_ln58_293, i19 %sext_ln58_222" [firmware/nnet_utils/nnet_dense_latency.h:58]   --->   Operation 761 'add' 'x_60' <Predicate = true> <Delay = 0.87> <CoreInst = "Adder">   --->   Core 1 'Adder' <Latency = 0> <II = 1> <Delay = 0.87> <FuncUnit> <Opcode : 'add' 'sub'> <InPorts = 2> <OutPorts = 1>
ST_2 : Operation 762 [1/1] (0.87ns)   --->   "%x_62 = add i19 %sext_ln58_196, i19 %sext_ln17_247" [firmware/nnet_utils/nnet_dense_latency.h:58]   --->   Operation 762 'add' 'x_62' <Predicate = true> <Delay = 0.87> <CoreInst = "Adder">   --->   Core 1 'Adder' <Latency = 0> <II = 1> <Delay = 0.87> <FuncUnit> <Opcode : 'add' 'sub'> <InPorts = 2> <OutPorts = 1>
ST_2 : Operation 763 [1/1] (0.88ns)   --->   "%add_ln58_601 = add i19 %mult_348, i19 %sext_ln17_250" [firmware/nnet_utils/nnet_dense_latency.h:58]   --->   Operation 763 'add' 'add_ln58_601' <Predicate = true> <Delay = 0.88> <CoreInst = "Adder">   --->   Core 1 'Adder' <Latency = 0> <II = 1> <Delay = 0.88> <FuncUnit> <Opcode : 'add' 'sub'> <InPorts = 2> <OutPorts = 1>
ST_2 : Operation 764 [1/1] (0.00ns)   --->   "%sext_ln58_294 = sext i19 %add_ln58_601" [firmware/nnet_utils/nnet_dense_latency.h:58]   --->   Operation 764 'sext' 'sext_ln58_294' <Predicate = true> <Delay = 0.00>
ST_2 : Operation 765 [1/1] (0.00ns) (grouped into TernaryAdder)   --->   "%add_ln58_602 = add i20 %sext_ln58_294, i20 %sext_ln58_165" [firmware/nnet_utils/nnet_dense_latency.h:58]   --->   Operation 765 'add' 'add_ln58_602' <Predicate = true> <Delay = 0.00> <CoreInst = "TAddSub">   --->   Core 10 'TAddSub' <Latency = 0> <II = 1> <Delay = 0.34> <IPBlock> <Opcode : 'add' 'sub'> <InPorts = 3> <OutPorts = 1> <Sync> <CReg>
ST_2 : Operation 766 [1/1] (0.00ns) (grouped into TernaryAdder)   --->   "%add_ln58_603 = add i17 %mult_301, i17 %mult_312" [firmware/nnet_utils/nnet_dense_latency.h:58]   --->   Operation 766 'add' 'add_ln58_603' <Predicate = true> <Delay = 0.00> <CoreInst = "TAddSub">   --->   Core 10 'TAddSub' <Latency = 0> <II = 1> <Delay = 0.34> <IPBlock> <Opcode : 'add' 'sub'> <InPorts = 3> <OutPorts = 1> <Sync> <CReg>
ST_2 : Operation 767 [1/1] (0.73ns) (root node of TernaryAdder)   --->   "%add_ln58_604 = add i15 %mult_340, i15 %sext_ln17_226" [firmware/nnet_utils/nnet_dense_latency.h:58]   --->   Operation 767 'add' 'add_ln58_604' <Predicate = true> <Delay = 0.73> <CoreInst = "TAddSub">   --->   Core 10 'TAddSub' <Latency = 0> <II = 1> <Delay = 0.34> <IPBlock> <Opcode : 'add' 'sub'> <InPorts = 3> <OutPorts = 1> <Sync> <CReg>
ST_2 : Operation 768 [1/1] (0.00ns)   --->   "%sext_ln58_295 = sext i15 %add_ln58_604" [firmware/nnet_utils/nnet_dense_latency.h:58]   --->   Operation 768 'sext' 'sext_ln58_295' <Predicate = true> <Delay = 0.00>
ST_2 : Operation 769 [1/1] (0.68ns) (root node of TernaryAdder)   --->   "%add_ln58_605 = add i17 %sext_ln58_295, i17 %add_ln58_603" [firmware/nnet_utils/nnet_dense_latency.h:58]   --->   Operation 769 'add' 'add_ln58_605' <Predicate = true> <Delay = 0.68> <CoreInst = "TAddSub">   --->   Core 10 'TAddSub' <Latency = 0> <II = 1> <Delay = 0.34> <IPBlock> <Opcode : 'add' 'sub'> <InPorts = 3> <OutPorts = 1> <Sync> <CReg>
ST_2 : Operation 770 [1/1] (0.00ns)   --->   "%sext_ln58_296 = sext i17 %add_ln58_605" [firmware/nnet_utils/nnet_dense_latency.h:58]   --->   Operation 770 'sext' 'sext_ln58_296' <Predicate = true> <Delay = 0.00>
ST_2 : Operation 771 [1/1] (0.69ns) (root node of TernaryAdder)   --->   "%x_63 = add i20 %sext_ln58_296, i20 %add_ln58_602" [firmware/nnet_utils/nnet_dense_latency.h:58]   --->   Operation 771 'add' 'x_63' <Predicate = true> <Delay = 0.69> <CoreInst = "TAddSub">   --->   Core 10 'TAddSub' <Latency = 0> <II = 1> <Delay = 0.34> <IPBlock> <Opcode : 'add' 'sub'> <InPorts = 3> <OutPorts = 1> <Sync> <CReg>
ST_2 : Operation 772 [1/1] (0.86ns)   --->   "%sub_ln58_72 = sub i18 %sext_ln17_251, i18 %sext_ln73_100" [firmware/nnet_utils/nnet_dense_latency.h:58]   --->   Operation 772 'sub' 'sub_ln58_72' <Predicate = true> <Delay = 0.86> <CoreInst = "Adder">   --->   Core 1 'Adder' <Latency = 0> <II = 1> <Delay = 0.86> <FuncUnit> <Opcode : 'add' 'sub'> <InPorts = 2> <OutPorts = 1>
ST_2 : Operation 773 [1/1] (0.00ns)   --->   "%sext_ln58_297 = sext i18 %sub_ln58_72" [firmware/nnet_utils/nnet_dense_latency.h:58]   --->   Operation 773 'sext' 'sext_ln58_297' <Predicate = true> <Delay = 0.00>
ST_2 : Operation 774 [1/1] (0.87ns)   --->   "%x_64 = add i19 %sext_ln58_297, i19 %sext_ln58_169" [firmware/nnet_utils/nnet_dense_latency.h:58]   --->   Operation 774 'add' 'x_64' <Predicate = true> <Delay = 0.87> <CoreInst = "Adder">   --->   Core 1 'Adder' <Latency = 0> <II = 1> <Delay = 0.87> <FuncUnit> <Opcode : 'add' 'sub'> <InPorts = 2> <OutPorts = 1>
ST_2 : Operation 775 [1/1] (0.00ns)   --->   "%sext_ln58_313 = sext i16 %tmp_444" [firmware/nnet_utils/nnet_dense_latency.h:58]   --->   Operation 775 'sext' 'sext_ln58_313' <Predicate = true> <Delay = 0.00>
ST_2 : Operation 776 [1/1] (0.00ns)   --->   "%sext_ln58_314 = sext i18 %add_ln58_543" [firmware/nnet_utils/nnet_dense_latency.h:58]   --->   Operation 776 'sext' 'sext_ln58_314' <Predicate = true> <Delay = 0.00>
ST_2 : Operation 777 [1/1] (0.87ns)   --->   "%x_65 = sub i19 %sext_ln58_314, i19 %sext_ln58_313" [firmware/nnet_utils/nnet_dense_latency.h:58]   --->   Operation 777 'sub' 'x_65' <Predicate = true> <Delay = 0.87> <CoreInst = "Adder">   --->   Core 1 'Adder' <Latency = 0> <II = 1> <Delay = 0.87> <FuncUnit> <Opcode : 'add' 'sub'> <InPorts = 2> <OutPorts = 1>
ST_2 : Operation 778 [1/1] (0.79ns)   --->   "%tmp25 = add i12 %sext_ln73_64, i12 %sext_ln73_20" [firmware/nnet_utils/nnet_mult.h:73->firmware/nnet_utils/nnet_dense_latency.h:42]   --->   Operation 778 'add' 'tmp25' <Predicate = true> <Delay = 0.79> <CoreInst = "Adder">   --->   Core 1 'Adder' <Latency = 0> <II = 1> <Delay = 0.79> <FuncUnit> <Opcode : 'add' 'sub'> <InPorts = 2> <OutPorts = 1>
ST_2 : Operation 779 [1/1] (0.00ns)   --->   "%tmp25_cast = sext i12 %tmp25" [firmware/nnet_utils/nnet_mult.h:73->firmware/nnet_utils/nnet_dense_latency.h:42]   --->   Operation 779 'sext' 'tmp25_cast' <Predicate = true> <Delay = 0.00>
ST_2 : Operation 780 [1/1] (2.18ns)   --->   "%tmp26 = mul i20 %tmp25_cast, i20 1048492" [firmware/nnet_utils/nnet_mult.h:73->firmware/nnet_utils/nnet_dense_latency.h:42]   --->   Operation 780 'mul' 'tmp26' <Predicate = true> <Delay = 2.18> <CoreInst = "Multiplier">   --->   Core 3 'Multiplier' <Latency = 0> <II = 1> <Delay = 2.18> <FuncUnit> <Opcode : 'mul'> <InPorts = 2> <OutPorts = 1>
ST_2 : Operation 781 [1/1] (0.00ns)   --->   "%data_14_val_cast160 = sext i11 %data_14_val_read" [firmware/nnet_utils/nnet_mult.h:70->firmware/nnet_utils/nnet_dense_latency.h:42]   --->   Operation 781 'sext' 'data_14_val_cast160' <Predicate = true> <Delay = 0.00>
ST_2 : Operation 782 [1/1] (0.79ns)   --->   "%tmp2866 = sub i12 %data_14_val_cast160, i12 %sext_ln70_2" [firmware/nnet_utils/nnet_mult.h:70->firmware/nnet_utils/nnet_dense_latency.h:42]   --->   Operation 782 'sub' 'tmp2866' <Predicate = true> <Delay = 0.79> <CoreInst = "Adder">   --->   Core 1 'Adder' <Latency = 0> <II = 1> <Delay = 0.79> <FuncUnit> <Opcode : 'add' 'sub'> <InPorts = 2> <OutPorts = 1>
ST_2 : Operation 783 [1/1] (0.00ns)   --->   "%tmp_2 = bitconcatenate i16 @_ssdm_op_BitConcatenate.i16.i12.i4, i12 %tmp2866, i4 0" [firmware/nnet_utils/nnet_mult.h:70->firmware/nnet_utils/nnet_dense_latency.h:42]   --->   Operation 783 'bitconcatenate' 'tmp_2' <Predicate = true> <Delay = 0.00>
ST_2 : Operation 784 [1/1] (0.00ns)   --->   "%sext_ln58_315 = sext i16 %tmp_2" [firmware/nnet_utils/nnet_dense_latency.h:58]   --->   Operation 784 'sext' 'sext_ln58_315' <Predicate = true> <Delay = 0.00>
ST_2 : Operation 785 [1/1] (0.00ns) (grouped into TernaryAdder)   --->   "%add_ln58_608 = add i18 %mul_ln17, i18 %sext_ln17_214" [firmware/nnet_utils/nnet_dense_latency.h:58]   --->   Operation 785 'add' 'add_ln58_608' <Predicate = true> <Delay = 0.00> <CoreInst = "TAddSub">   --->   Core 10 'TAddSub' <Latency = 0> <II = 1> <Delay = 0.34> <IPBlock> <Opcode : 'add' 'sub'> <InPorts = 3> <OutPorts = 1> <Sync> <CReg>
ST_2 : Operation 786 [1/1] (0.82ns)   --->   "%add_ln58_609 = add i14 %sext_ln17_237, i14 1856" [firmware/nnet_utils/nnet_dense_latency.h:58]   --->   Operation 786 'add' 'add_ln58_609' <Predicate = true> <Delay = 0.82> <CoreInst = "Adder">   --->   Core 1 'Adder' <Latency = 0> <II = 1> <Delay = 0.82> <FuncUnit> <Opcode : 'add' 'sub'> <InPorts = 2> <OutPorts = 1>
ST_2 : Operation 787 [1/1] (0.00ns)   --->   "%sext_ln58_298 = sext i14 %add_ln58_609" [firmware/nnet_utils/nnet_dense_latency.h:58]   --->   Operation 787 'sext' 'sext_ln58_298' <Predicate = true> <Delay = 0.00>
ST_2 : Operation 788 [1/1] (0.83ns)   --->   "%add_ln58_610 = add i15 %sext_ln58_298, i15 %sext_ln17_183" [firmware/nnet_utils/nnet_dense_latency.h:58]   --->   Operation 788 'add' 'add_ln58_610' <Predicate = true> <Delay = 0.83> <CoreInst = "Adder">   --->   Core 1 'Adder' <Latency = 0> <II = 1> <Delay = 0.83> <FuncUnit> <Opcode : 'add' 'sub'> <InPorts = 2> <OutPorts = 1>
ST_2 : Operation 789 [1/1] (0.00ns)   --->   "%sext_ln58_299 = sext i15 %add_ln58_610" [firmware/nnet_utils/nnet_dense_latency.h:58]   --->   Operation 789 'sext' 'sext_ln58_299' <Predicate = true> <Delay = 0.00>
ST_2 : Operation 790 [1/1] (0.69ns) (root node of TernaryAdder)   --->   "%add_ln58_611 = add i18 %sext_ln58_299, i18 %add_ln58_608" [firmware/nnet_utils/nnet_dense_latency.h:58]   --->   Operation 790 'add' 'add_ln58_611' <Predicate = true> <Delay = 0.69> <CoreInst = "TAddSub">   --->   Core 10 'TAddSub' <Latency = 0> <II = 1> <Delay = 0.34> <IPBlock> <Opcode : 'add' 'sub'> <InPorts = 3> <OutPorts = 1> <Sync> <CReg>
ST_2 : Operation 791 [1/1] (0.00ns)   --->   "%sext_ln58_316 = sext i18 %add_ln58_611" [firmware/nnet_utils/nnet_dense_latency.h:58]   --->   Operation 791 'sext' 'sext_ln58_316' <Predicate = true> <Delay = 0.00>
ST_2 : Operation 792 [1/1] (0.87ns)   --->   "%add_ln58_612 = add i19 %sext_ln58_315, i19 %sext_ln58_316" [firmware/nnet_utils/nnet_dense_latency.h:58]   --->   Operation 792 'add' 'add_ln58_612' <Predicate = true> <Delay = 0.87> <CoreInst = "Adder">   --->   Core 1 'Adder' <Latency = 0> <II = 1> <Delay = 0.87> <FuncUnit> <Opcode : 'add' 'sub'> <InPorts = 2> <OutPorts = 1>
ST_2 : Operation 793 [1/1] (0.00ns)   --->   "%sext_ln58_317 = sext i19 %add_ln58_612" [firmware/nnet_utils/nnet_dense_latency.h:58]   --->   Operation 793 'sext' 'sext_ln58_317' <Predicate = true> <Delay = 0.00>
ST_2 : Operation 794 [1/1] (0.89ns)   --->   "%x_68 = add i20 %sext_ln58_317, i20 %tmp26" [firmware/nnet_utils/nnet_dense_latency.h:58]   --->   Operation 794 'add' 'x_68' <Predicate = true> <Delay = 0.89> <CoreInst = "Adder">   --->   Core 1 'Adder' <Latency = 0> <II = 1> <Delay = 0.89> <FuncUnit> <Opcode : 'add' 'sub'> <InPorts = 2> <OutPorts = 1>
ST_2 : Operation 795 [1/1] (0.79ns)   --->   "%tmp3064 = add i12 %data_14_val_cast160, i12 %sext_ln70_5" [firmware/nnet_utils/nnet_mult.h:70->firmware/nnet_utils/nnet_dense_latency.h:42]   --->   Operation 795 'add' 'tmp3064' <Predicate = true> <Delay = 0.79> <CoreInst = "Adder">   --->   Core 1 'Adder' <Latency = 0> <II = 1> <Delay = 0.79> <FuncUnit> <Opcode : 'add' 'sub'> <InPorts = 2> <OutPorts = 1>
ST_2 : Operation 796 [1/1] (0.00ns)   --->   "%tmp_3 = bitconcatenate i17 @_ssdm_op_BitConcatenate.i17.i12.i5, i12 %tmp3064, i5 0" [firmware/nnet_utils/nnet_mult.h:70->firmware/nnet_utils/nnet_dense_latency.h:42]   --->   Operation 796 'bitconcatenate' 'tmp_3' <Predicate = true> <Delay = 0.00>
ST_2 : Operation 797 [1/1] (0.00ns)   --->   "%sext_ln58_318 = sext i17 %tmp_3" [firmware/nnet_utils/nnet_dense_latency.h:58]   --->   Operation 797 'sext' 'sext_ln58_318' <Predicate = true> <Delay = 0.00>
ST_2 : Operation 798 [1/1] (0.83ns)   --->   "%sub_ln58_74 = sub i15 32000, i15 %sext_ln73_56" [firmware/nnet_utils/nnet_dense_latency.h:58]   --->   Operation 798 'sub' 'sub_ln58_74' <Predicate = true> <Delay = 0.83> <CoreInst = "Adder">   --->   Core 1 'Adder' <Latency = 0> <II = 1> <Delay = 0.83> <FuncUnit> <Opcode : 'add' 'sub'> <InPorts = 2> <OutPorts = 1>
ST_2 : Operation 799 [1/1] (0.00ns)   --->   "%sext_ln58_227 = sext i15 %sub_ln58_74" [firmware/nnet_utils/nnet_dense_latency.h:58]   --->   Operation 799 'sext' 'sext_ln58_227' <Predicate = true> <Delay = 0.00>
ST_2 : Operation 800 [1/1] (0.68ns) (root node of TernaryAdder)   --->   "%add_ln58_614 = add i17 %sub_ln17_57, i17 %sext_ln58_227" [firmware/nnet_utils/nnet_dense_latency.h:58]   --->   Operation 800 'add' 'add_ln58_614' <Predicate = true> <Delay = 0.68> <CoreInst = "TAddSub">   --->   Core 10 'TAddSub' <Latency = 0> <II = 1> <Delay = 0.34> <IPBlock> <Opcode : 'add' 'sub'> <InPorts = 3> <OutPorts = 1> <Sync> <CReg>
ST_2 : Operation 801 [1/1] (0.00ns)   --->   "%sext_ln58_228 = sext i17 %add_ln58_614" [firmware/nnet_utils/nnet_dense_latency.h:58]   --->   Operation 801 'sext' 'sext_ln58_228' <Predicate = true> <Delay = 0.00>
ST_2 : Operation 802 [1/1] (0.84ns)   --->   "%sub_ln58_75 = sub i16 %sext_ln17_221, i16 %sext_ln73_115" [firmware/nnet_utils/nnet_dense_latency.h:58]   --->   Operation 802 'sub' 'sub_ln58_75' <Predicate = true> <Delay = 0.84> <CoreInst = "Adder">   --->   Core 1 'Adder' <Latency = 0> <II = 1> <Delay = 0.84> <FuncUnit> <Opcode : 'add' 'sub'> <InPorts = 2> <OutPorts = 1>
ST_2 : Operation 803 [1/1] (0.00ns)   --->   "%sext_ln58_300 = sext i16 %sub_ln58_75" [firmware/nnet_utils/nnet_dense_latency.h:58]   --->   Operation 803 'sext' 'sext_ln58_300' <Predicate = true> <Delay = 0.00>
ST_2 : Operation 804 [1/1] (0.86ns)   --->   "%add_ln58_615 = add i18 %sext_ln58_300, i18 %sext_ln58_228" [firmware/nnet_utils/nnet_dense_latency.h:58]   --->   Operation 804 'add' 'add_ln58_615' <Predicate = true> <Delay = 0.86> <CoreInst = "Adder">   --->   Core 1 'Adder' <Latency = 0> <II = 1> <Delay = 0.86> <FuncUnit> <Opcode : 'add' 'sub'> <InPorts = 2> <OutPorts = 1>
ST_2 : Operation 805 [1/1] (0.00ns)   --->   "%sext_ln58_319 = sext i18 %add_ln58_615" [firmware/nnet_utils/nnet_dense_latency.h:58]   --->   Operation 805 'sext' 'sext_ln58_319' <Predicate = true> <Delay = 0.00>
ST_2 : Operation 806 [1/1] (0.87ns)   --->   "%x_71 = add i19 %sext_ln58_318, i19 %sext_ln58_319" [firmware/nnet_utils/nnet_dense_latency.h:58]   --->   Operation 806 'add' 'x_71' <Predicate = true> <Delay = 0.87> <CoreInst = "Adder">   --->   Core 1 'Adder' <Latency = 0> <II = 1> <Delay = 0.87> <FuncUnit> <Opcode : 'add' 'sub'> <InPorts = 2> <OutPorts = 1>
ST_2 : Operation 807 [1/1] (0.00ns)   --->   "%trunc_ln6 = partselect i13 @_ssdm_op_PartSelect.i13.i19.i32.i32, i19 %x, i32 6, i32 18" [firmware/nnet_utils/nnet_mult.h:111->firmware/nnet_utils/nnet_dense_latency.h:66]   --->   Operation 807 'partselect' 'trunc_ln6' <Predicate = true> <Delay = 0.00>
ST_2 : Operation 808 [1/1] (0.00ns)   --->   "%sext_ln111 = sext i13 %trunc_ln6" [firmware/nnet_utils/nnet_mult.h:111->firmware/nnet_utils/nnet_dense_latency.h:66]   --->   Operation 808 'sext' 'sext_ln111' <Predicate = true> <Delay = 0.00>
ST_2 : Operation 809 [1/1] (0.00ns)   --->   "%trunc_ln111_s = partselect i14 @_ssdm_op_PartSelect.i14.i20.i32.i32, i20 %x_40, i32 6, i32 19" [firmware/nnet_utils/nnet_mult.h:111->firmware/nnet_utils/nnet_dense_latency.h:66]   --->   Operation 809 'partselect' 'trunc_ln111_s' <Predicate = true> <Delay = 0.00>
ST_2 : Operation 810 [1/1] (0.00ns)   --->   "%trunc_ln111_38 = partselect i13 @_ssdm_op_PartSelect.i13.i19.i32.i32, i19 %x_41, i32 6, i32 18" [firmware/nnet_utils/nnet_mult.h:111->firmware/nnet_utils/nnet_dense_latency.h:66]   --->   Operation 810 'partselect' 'trunc_ln111_38' <Predicate = true> <Delay = 0.00>
ST_2 : Operation 811 [1/1] (0.00ns)   --->   "%sext_ln111_37 = sext i13 %trunc_ln111_38" [firmware/nnet_utils/nnet_mult.h:111->firmware/nnet_utils/nnet_dense_latency.h:66]   --->   Operation 811 'sext' 'sext_ln111_37' <Predicate = true> <Delay = 0.00>
ST_2 : Operation 812 [1/1] (0.00ns)   --->   "%trunc_ln111_39 = partselect i14 @_ssdm_op_PartSelect.i14.i20.i32.i32, i20 %x_42, i32 6, i32 19" [firmware/nnet_utils/nnet_mult.h:111->firmware/nnet_utils/nnet_dense_latency.h:66]   --->   Operation 812 'partselect' 'trunc_ln111_39' <Predicate = true> <Delay = 0.00>
ST_2 : Operation 813 [1/1] (0.00ns)   --->   "%trunc_ln111_40 = partselect i13 @_ssdm_op_PartSelect.i13.i19.i32.i32, i19 %x_43, i32 6, i32 18" [firmware/nnet_utils/nnet_mult.h:111->firmware/nnet_utils/nnet_dense_latency.h:66]   --->   Operation 813 'partselect' 'trunc_ln111_40' <Predicate = true> <Delay = 0.00>
ST_2 : Operation 814 [1/1] (0.00ns)   --->   "%sext_ln111_38 = sext i13 %trunc_ln111_40" [firmware/nnet_utils/nnet_mult.h:111->firmware/nnet_utils/nnet_dense_latency.h:66]   --->   Operation 814 'sext' 'sext_ln111_38' <Predicate = true> <Delay = 0.00>
ST_2 : Operation 815 [1/1] (0.00ns)   --->   "%trunc_ln111_41 = partselect i13 @_ssdm_op_PartSelect.i13.i19.i32.i32, i19 %x_44, i32 6, i32 18" [firmware/nnet_utils/nnet_mult.h:111->firmware/nnet_utils/nnet_dense_latency.h:66]   --->   Operation 815 'partselect' 'trunc_ln111_41' <Predicate = true> <Delay = 0.00>
ST_2 : Operation 816 [1/1] (0.00ns)   --->   "%sext_ln111_39 = sext i13 %trunc_ln111_41" [firmware/nnet_utils/nnet_mult.h:111->firmware/nnet_utils/nnet_dense_latency.h:66]   --->   Operation 816 'sext' 'sext_ln111_39' <Predicate = true> <Delay = 0.00>
ST_2 : Operation 817 [1/1] (0.00ns)   --->   "%trunc_ln111_42 = partselect i13 @_ssdm_op_PartSelect.i13.i19.i32.i32, i19 %x_45, i32 6, i32 18" [firmware/nnet_utils/nnet_mult.h:111->firmware/nnet_utils/nnet_dense_latency.h:66]   --->   Operation 817 'partselect' 'trunc_ln111_42' <Predicate = true> <Delay = 0.00>
ST_2 : Operation 818 [1/1] (0.00ns)   --->   "%sext_ln111_40 = sext i13 %trunc_ln111_42" [firmware/nnet_utils/nnet_mult.h:111->firmware/nnet_utils/nnet_dense_latency.h:66]   --->   Operation 818 'sext' 'sext_ln111_40' <Predicate = true> <Delay = 0.00>
ST_2 : Operation 819 [1/1] (0.00ns)   --->   "%trunc_ln111_43 = partselect i14 @_ssdm_op_PartSelect.i14.i20.i32.i32, i20 %x_46, i32 6, i32 19" [firmware/nnet_utils/nnet_mult.h:111->firmware/nnet_utils/nnet_dense_latency.h:66]   --->   Operation 819 'partselect' 'trunc_ln111_43' <Predicate = true> <Delay = 0.00>
ST_2 : Operation 820 [1/1] (0.00ns)   --->   "%trunc_ln111_44 = partselect i13 @_ssdm_op_PartSelect.i13.i19.i32.i32, i19 %x_47, i32 6, i32 18" [firmware/nnet_utils/nnet_mult.h:111->firmware/nnet_utils/nnet_dense_latency.h:66]   --->   Operation 820 'partselect' 'trunc_ln111_44' <Predicate = true> <Delay = 0.00>
ST_2 : Operation 821 [1/1] (0.00ns)   --->   "%sext_ln111_41 = sext i13 %trunc_ln111_44" [firmware/nnet_utils/nnet_mult.h:111->firmware/nnet_utils/nnet_dense_latency.h:66]   --->   Operation 821 'sext' 'sext_ln111_41' <Predicate = true> <Delay = 0.00>
ST_2 : Operation 822 [1/1] (0.00ns)   --->   "%trunc_ln111_45 = partselect i12 @_ssdm_op_PartSelect.i12.i18.i32.i32, i18 %x_48, i32 6, i32 17" [firmware/nnet_utils/nnet_mult.h:111->firmware/nnet_utils/nnet_dense_latency.h:66]   --->   Operation 822 'partselect' 'trunc_ln111_45' <Predicate = true> <Delay = 0.00>
ST_2 : Operation 823 [1/1] (0.00ns)   --->   "%sext_ln111_42 = sext i12 %trunc_ln111_45" [firmware/nnet_utils/nnet_mult.h:111->firmware/nnet_utils/nnet_dense_latency.h:66]   --->   Operation 823 'sext' 'sext_ln111_42' <Predicate = true> <Delay = 0.00>
ST_2 : Operation 824 [1/1] (0.00ns)   --->   "%trunc_ln111_46 = partselect i14 @_ssdm_op_PartSelect.i14.i20.i32.i32, i20 %x_49, i32 6, i32 19" [firmware/nnet_utils/nnet_mult.h:111->firmware/nnet_utils/nnet_dense_latency.h:66]   --->   Operation 824 'partselect' 'trunc_ln111_46' <Predicate = true> <Delay = 0.00>
ST_2 : Operation 825 [1/1] (0.00ns)   --->   "%trunc_ln111_47 = partselect i13 @_ssdm_op_PartSelect.i13.i19.i32.i32, i19 %x_50, i32 6, i32 18" [firmware/nnet_utils/nnet_mult.h:111->firmware/nnet_utils/nnet_dense_latency.h:66]   --->   Operation 825 'partselect' 'trunc_ln111_47' <Predicate = true> <Delay = 0.00>
ST_2 : Operation 826 [1/1] (0.00ns)   --->   "%sext_ln111_43 = sext i13 %trunc_ln111_47" [firmware/nnet_utils/nnet_mult.h:111->firmware/nnet_utils/nnet_dense_latency.h:66]   --->   Operation 826 'sext' 'sext_ln111_43' <Predicate = true> <Delay = 0.00>
ST_2 : Operation 827 [1/1] (0.00ns)   --->   "%trunc_ln111_48 = partselect i13 @_ssdm_op_PartSelect.i13.i19.i32.i32, i19 %x_51, i32 6, i32 18" [firmware/nnet_utils/nnet_mult.h:111->firmware/nnet_utils/nnet_dense_latency.h:66]   --->   Operation 827 'partselect' 'trunc_ln111_48' <Predicate = true> <Delay = 0.00>
ST_2 : Operation 828 [1/1] (0.00ns)   --->   "%sext_ln111_44 = sext i13 %trunc_ln111_48" [firmware/nnet_utils/nnet_mult.h:111->firmware/nnet_utils/nnet_dense_latency.h:66]   --->   Operation 828 'sext' 'sext_ln111_44' <Predicate = true> <Delay = 0.00>
ST_2 : Operation 829 [1/1] (0.00ns)   --->   "%tmp_460 = partselect i13 @_ssdm_op_PartSelect.i13.i19.i32.i32, i19 %x_52, i32 6, i32 18" [firmware/nnet_utils/nnet_mult.h:111->firmware/nnet_utils/nnet_dense_latency.h:66]   --->   Operation 829 'partselect' 'tmp_460' <Predicate = true> <Delay = 0.00>
ST_2 : Operation 830 [1/1] (0.00ns)   --->   "%sext_ln111_61 = sext i13 %tmp_460" [firmware/nnet_utils/nnet_mult.h:111->firmware/nnet_utils/nnet_dense_latency.h:66]   --->   Operation 830 'sext' 'sext_ln111_61' <Predicate = true> <Delay = 0.00>
ST_2 : Operation 831 [1/1] (0.00ns)   --->   "%trunc_ln111_49 = partselect i13 @_ssdm_op_PartSelect.i13.i19.i32.i32, i19 %x_53, i32 6, i32 18" [firmware/nnet_utils/nnet_mult.h:111->firmware/nnet_utils/nnet_dense_latency.h:66]   --->   Operation 831 'partselect' 'trunc_ln111_49' <Predicate = true> <Delay = 0.00>
ST_2 : Operation 832 [1/1] (0.00ns)   --->   "%sext_ln111_45 = sext i13 %trunc_ln111_49" [firmware/nnet_utils/nnet_mult.h:111->firmware/nnet_utils/nnet_dense_latency.h:66]   --->   Operation 832 'sext' 'sext_ln111_45' <Predicate = true> <Delay = 0.00>
ST_2 : Operation 833 [1/1] (0.00ns)   --->   "%trunc_ln111_50 = partselect i13 @_ssdm_op_PartSelect.i13.i19.i32.i32, i19 %x_54, i32 6, i32 18" [firmware/nnet_utils/nnet_mult.h:111->firmware/nnet_utils/nnet_dense_latency.h:66]   --->   Operation 833 'partselect' 'trunc_ln111_50' <Predicate = true> <Delay = 0.00>
ST_2 : Operation 834 [1/1] (0.00ns)   --->   "%sext_ln111_46 = sext i13 %trunc_ln111_50" [firmware/nnet_utils/nnet_mult.h:111->firmware/nnet_utils/nnet_dense_latency.h:66]   --->   Operation 834 'sext' 'sext_ln111_46' <Predicate = true> <Delay = 0.00>
ST_2 : Operation 835 [1/1] (0.00ns)   --->   "%trunc_ln111_51 = partselect i13 @_ssdm_op_PartSelect.i13.i19.i32.i32, i19 %x_55, i32 6, i32 18" [firmware/nnet_utils/nnet_mult.h:111->firmware/nnet_utils/nnet_dense_latency.h:66]   --->   Operation 835 'partselect' 'trunc_ln111_51' <Predicate = true> <Delay = 0.00>
ST_2 : Operation 836 [1/1] (0.00ns)   --->   "%sext_ln111_47 = sext i13 %trunc_ln111_51" [firmware/nnet_utils/nnet_mult.h:111->firmware/nnet_utils/nnet_dense_latency.h:66]   --->   Operation 836 'sext' 'sext_ln111_47' <Predicate = true> <Delay = 0.00>
ST_2 : Operation 837 [1/1] (0.00ns)   --->   "%trunc_ln111_52 = partselect i12 @_ssdm_op_PartSelect.i12.i18.i32.i32, i18 %x_56, i32 6, i32 17" [firmware/nnet_utils/nnet_mult.h:111->firmware/nnet_utils/nnet_dense_latency.h:66]   --->   Operation 837 'partselect' 'trunc_ln111_52' <Predicate = true> <Delay = 0.00>
ST_2 : Operation 838 [1/1] (0.00ns)   --->   "%sext_ln111_48 = sext i12 %trunc_ln111_52" [firmware/nnet_utils/nnet_mult.h:111->firmware/nnet_utils/nnet_dense_latency.h:66]   --->   Operation 838 'sext' 'sext_ln111_48' <Predicate = true> <Delay = 0.00>
ST_2 : Operation 839 [1/1] (0.00ns)   --->   "%trunc_ln111_53 = partselect i13 @_ssdm_op_PartSelect.i13.i19.i32.i32, i19 %x_57, i32 6, i32 18" [firmware/nnet_utils/nnet_mult.h:111->firmware/nnet_utils/nnet_dense_latency.h:66]   --->   Operation 839 'partselect' 'trunc_ln111_53' <Predicate = true> <Delay = 0.00>
ST_2 : Operation 840 [1/1] (0.00ns)   --->   "%sext_ln111_49 = sext i13 %trunc_ln111_53" [firmware/nnet_utils/nnet_mult.h:111->firmware/nnet_utils/nnet_dense_latency.h:66]   --->   Operation 840 'sext' 'sext_ln111_49' <Predicate = true> <Delay = 0.00>
ST_2 : Operation 841 [1/1] (0.00ns)   --->   "%trunc_ln111_54 = partselect i13 @_ssdm_op_PartSelect.i13.i19.i32.i32, i19 %x_58, i32 6, i32 18" [firmware/nnet_utils/nnet_mult.h:111->firmware/nnet_utils/nnet_dense_latency.h:66]   --->   Operation 841 'partselect' 'trunc_ln111_54' <Predicate = true> <Delay = 0.00>
ST_2 : Operation 842 [1/1] (0.00ns)   --->   "%sext_ln111_50 = sext i13 %trunc_ln111_54" [firmware/nnet_utils/nnet_mult.h:111->firmware/nnet_utils/nnet_dense_latency.h:66]   --->   Operation 842 'sext' 'sext_ln111_50' <Predicate = true> <Delay = 0.00>
ST_2 : Operation 843 [1/1] (0.00ns)   --->   "%trunc_ln111_55 = partselect i13 @_ssdm_op_PartSelect.i13.i19.i32.i32, i19 %x_59, i32 6, i32 18" [firmware/nnet_utils/nnet_mult.h:111->firmware/nnet_utils/nnet_dense_latency.h:66]   --->   Operation 843 'partselect' 'trunc_ln111_55' <Predicate = true> <Delay = 0.00>
ST_2 : Operation 844 [1/1] (0.00ns)   --->   "%sext_ln111_51 = sext i13 %trunc_ln111_55" [firmware/nnet_utils/nnet_mult.h:111->firmware/nnet_utils/nnet_dense_latency.h:66]   --->   Operation 844 'sext' 'sext_ln111_51' <Predicate = true> <Delay = 0.00>
ST_2 : Operation 845 [1/1] (0.00ns)   --->   "%trunc_ln111_56 = partselect i13 @_ssdm_op_PartSelect.i13.i19.i32.i32, i19 %x_60, i32 6, i32 18" [firmware/nnet_utils/nnet_mult.h:111->firmware/nnet_utils/nnet_dense_latency.h:66]   --->   Operation 845 'partselect' 'trunc_ln111_56' <Predicate = true> <Delay = 0.00>
ST_2 : Operation 846 [1/1] (0.00ns)   --->   "%sext_ln111_52 = sext i13 %trunc_ln111_56" [firmware/nnet_utils/nnet_mult.h:111->firmware/nnet_utils/nnet_dense_latency.h:66]   --->   Operation 846 'sext' 'sext_ln111_52' <Predicate = true> <Delay = 0.00>
ST_2 : Operation 847 [1/1] (0.00ns)   --->   "%trunc_ln111_57 = partselect i13 @_ssdm_op_PartSelect.i13.i19.i32.i32, i19 %x_61, i32 6, i32 18" [firmware/nnet_utils/nnet_mult.h:111->firmware/nnet_utils/nnet_dense_latency.h:66]   --->   Operation 847 'partselect' 'trunc_ln111_57' <Predicate = true> <Delay = 0.00>
ST_2 : Operation 848 [1/1] (0.00ns)   --->   "%sext_ln111_53 = sext i13 %trunc_ln111_57" [firmware/nnet_utils/nnet_mult.h:111->firmware/nnet_utils/nnet_dense_latency.h:66]   --->   Operation 848 'sext' 'sext_ln111_53' <Predicate = true> <Delay = 0.00>
ST_2 : Operation 849 [1/1] (0.00ns)   --->   "%trunc_ln111_58 = partselect i13 @_ssdm_op_PartSelect.i13.i19.i32.i32, i19 %x_62, i32 6, i32 18" [firmware/nnet_utils/nnet_mult.h:111->firmware/nnet_utils/nnet_dense_latency.h:66]   --->   Operation 849 'partselect' 'trunc_ln111_58' <Predicate = true> <Delay = 0.00>
ST_2 : Operation 850 [1/1] (0.00ns)   --->   "%sext_ln111_54 = sext i13 %trunc_ln111_58" [firmware/nnet_utils/nnet_mult.h:111->firmware/nnet_utils/nnet_dense_latency.h:66]   --->   Operation 850 'sext' 'sext_ln111_54' <Predicate = true> <Delay = 0.00>
ST_2 : Operation 851 [1/1] (0.00ns)   --->   "%trunc_ln111_59 = partselect i14 @_ssdm_op_PartSelect.i14.i20.i32.i32, i20 %x_63, i32 6, i32 19" [firmware/nnet_utils/nnet_mult.h:111->firmware/nnet_utils/nnet_dense_latency.h:66]   --->   Operation 851 'partselect' 'trunc_ln111_59' <Predicate = true> <Delay = 0.00>
ST_2 : Operation 852 [1/1] (0.00ns)   --->   "%trunc_ln111_60 = partselect i13 @_ssdm_op_PartSelect.i13.i19.i32.i32, i19 %x_64, i32 6, i32 18" [firmware/nnet_utils/nnet_mult.h:111->firmware/nnet_utils/nnet_dense_latency.h:66]   --->   Operation 852 'partselect' 'trunc_ln111_60' <Predicate = true> <Delay = 0.00>
ST_2 : Operation 853 [1/1] (0.00ns)   --->   "%sext_ln111_55 = sext i13 %trunc_ln111_60" [firmware/nnet_utils/nnet_mult.h:111->firmware/nnet_utils/nnet_dense_latency.h:66]   --->   Operation 853 'sext' 'sext_ln111_55' <Predicate = true> <Delay = 0.00>
ST_2 : Operation 854 [1/1] (0.00ns)   --->   "%trunc_ln111_61 = partselect i13 @_ssdm_op_PartSelect.i13.i19.i32.i32, i19 %x_65, i32 6, i32 18" [firmware/nnet_utils/nnet_mult.h:111->firmware/nnet_utils/nnet_dense_latency.h:66]   --->   Operation 854 'partselect' 'trunc_ln111_61' <Predicate = true> <Delay = 0.00>
ST_2 : Operation 855 [1/1] (0.00ns)   --->   "%sext_ln111_56 = sext i13 %trunc_ln111_61" [firmware/nnet_utils/nnet_mult.h:111->firmware/nnet_utils/nnet_dense_latency.h:66]   --->   Operation 855 'sext' 'sext_ln111_56' <Predicate = true> <Delay = 0.00>
ST_2 : Operation 856 [1/1] (0.00ns)   --->   "%trunc_ln111_62 = partselect i12 @_ssdm_op_PartSelect.i12.i18.i32.i32, i18 %x_66, i32 6, i32 17" [firmware/nnet_utils/nnet_mult.h:111->firmware/nnet_utils/nnet_dense_latency.h:66]   --->   Operation 856 'partselect' 'trunc_ln111_62' <Predicate = true> <Delay = 0.00>
ST_2 : Operation 857 [1/1] (0.00ns)   --->   "%sext_ln111_57 = sext i12 %trunc_ln111_62" [firmware/nnet_utils/nnet_mult.h:111->firmware/nnet_utils/nnet_dense_latency.h:66]   --->   Operation 857 'sext' 'sext_ln111_57' <Predicate = true> <Delay = 0.00>
ST_2 : Operation 858 [1/1] (0.00ns)   --->   "%trunc_ln111_63 = partselect i12 @_ssdm_op_PartSelect.i12.i18.i32.i32, i18 %x_67, i32 6, i32 17" [firmware/nnet_utils/nnet_mult.h:111->firmware/nnet_utils/nnet_dense_latency.h:66]   --->   Operation 858 'partselect' 'trunc_ln111_63' <Predicate = true> <Delay = 0.00>
ST_2 : Operation 859 [1/1] (0.00ns)   --->   "%sext_ln111_58 = sext i12 %trunc_ln111_63" [firmware/nnet_utils/nnet_mult.h:111->firmware/nnet_utils/nnet_dense_latency.h:66]   --->   Operation 859 'sext' 'sext_ln111_58' <Predicate = true> <Delay = 0.00>
ST_2 : Operation 860 [1/1] (0.00ns)   --->   "%trunc_ln111_64 = partselect i14 @_ssdm_op_PartSelect.i14.i20.i32.i32, i20 %x_68, i32 6, i32 19" [firmware/nnet_utils/nnet_mult.h:111->firmware/nnet_utils/nnet_dense_latency.h:66]   --->   Operation 860 'partselect' 'trunc_ln111_64' <Predicate = true> <Delay = 0.00>
ST_2 : Operation 861 [1/1] (0.00ns)   --->   "%trunc_ln111_65 = partselect i13 @_ssdm_op_PartSelect.i13.i19.i32.i32, i19 %x_69, i32 6, i32 18" [firmware/nnet_utils/nnet_mult.h:111->firmware/nnet_utils/nnet_dense_latency.h:66]   --->   Operation 861 'partselect' 'trunc_ln111_65' <Predicate = true> <Delay = 0.00>
ST_2 : Operation 862 [1/1] (0.00ns)   --->   "%sext_ln111_59 = sext i13 %trunc_ln111_65" [firmware/nnet_utils/nnet_mult.h:111->firmware/nnet_utils/nnet_dense_latency.h:66]   --->   Operation 862 'sext' 'sext_ln111_59' <Predicate = true> <Delay = 0.00>
ST_2 : Operation 863 [1/1] (0.00ns)   --->   "%tmp_461 = partselect i13 @_ssdm_op_PartSelect.i13.i19.i32.i32, i19 %x_70, i32 6, i32 18" [firmware/nnet_utils/nnet_mult.h:111->firmware/nnet_utils/nnet_dense_latency.h:66]   --->   Operation 863 'partselect' 'tmp_461' <Predicate = true> <Delay = 0.00>
ST_2 : Operation 864 [1/1] (0.00ns)   --->   "%sext_ln111_62 = sext i13 %tmp_461" [firmware/nnet_utils/nnet_mult.h:111->firmware/nnet_utils/nnet_dense_latency.h:66]   --->   Operation 864 'sext' 'sext_ln111_62' <Predicate = true> <Delay = 0.00>
ST_2 : Operation 865 [1/1] (0.00ns)   --->   "%tmp_462 = partselect i13 @_ssdm_op_PartSelect.i13.i19.i32.i32, i19 %x_71, i32 6, i32 18" [firmware/nnet_utils/nnet_mult.h:111->firmware/nnet_utils/nnet_dense_latency.h:66]   --->   Operation 865 'partselect' 'tmp_462' <Predicate = true> <Delay = 0.00>
ST_2 : Operation 866 [1/1] (0.00ns)   --->   "%sext_ln111_63 = sext i13 %tmp_462" [firmware/nnet_utils/nnet_mult.h:111->firmware/nnet_utils/nnet_dense_latency.h:66]   --->   Operation 866 'sext' 'sext_ln111_63' <Predicate = true> <Delay = 0.00>
ST_2 : Operation 867 [1/1] (0.00ns)   --->   "%trunc_ln111_66 = partselect i13 @_ssdm_op_PartSelect.i13.i19.i32.i32, i19 %x_72, i32 6, i32 18" [firmware/nnet_utils/nnet_mult.h:111->firmware/nnet_utils/nnet_dense_latency.h:66]   --->   Operation 867 'partselect' 'trunc_ln111_66' <Predicate = true> <Delay = 0.00>
ST_2 : Operation 868 [1/1] (0.00ns)   --->   "%sext_ln111_60 = sext i13 %trunc_ln111_66" [firmware/nnet_utils/nnet_mult.h:111->firmware/nnet_utils/nnet_dense_latency.h:66]   --->   Operation 868 'sext' 'sext_ln111_60' <Predicate = true> <Delay = 0.00>
ST_2 : Operation 869 [1/1] (0.00ns)   --->   "%newret = insertvalue i476 <undef>, i14 %sext_ln111" [firmware/nnet_utils/nnet_mult.h:111->firmware/nnet_utils/nnet_dense_latency.h:66]   --->   Operation 869 'insertvalue' 'newret' <Predicate = true> <Delay = 0.00>
ST_2 : Operation 870 [1/1] (0.00ns)   --->   "%newret2 = insertvalue i476 %newret, i14 %trunc_ln111_s" [firmware/nnet_utils/nnet_mult.h:111->firmware/nnet_utils/nnet_dense_latency.h:66]   --->   Operation 870 'insertvalue' 'newret2' <Predicate = true> <Delay = 0.00>
ST_2 : Operation 871 [1/1] (0.00ns)   --->   "%newret4 = insertvalue i476 %newret2, i14 %sext_ln111_37" [firmware/nnet_utils/nnet_mult.h:111->firmware/nnet_utils/nnet_dense_latency.h:66]   --->   Operation 871 'insertvalue' 'newret4' <Predicate = true> <Delay = 0.00>
ST_2 : Operation 872 [1/1] (0.00ns)   --->   "%newret6 = insertvalue i476 %newret4, i14 %trunc_ln111_39" [firmware/nnet_utils/nnet_mult.h:111->firmware/nnet_utils/nnet_dense_latency.h:66]   --->   Operation 872 'insertvalue' 'newret6' <Predicate = true> <Delay = 0.00>
ST_2 : Operation 873 [1/1] (0.00ns)   --->   "%newret8 = insertvalue i476 %newret6, i14 %sext_ln111_38" [firmware/nnet_utils/nnet_mult.h:111->firmware/nnet_utils/nnet_dense_latency.h:66]   --->   Operation 873 'insertvalue' 'newret8' <Predicate = true> <Delay = 0.00>
ST_2 : Operation 874 [1/1] (0.00ns)   --->   "%newret10 = insertvalue i476 %newret8, i14 %sext_ln111_39" [firmware/nnet_utils/nnet_mult.h:111->firmware/nnet_utils/nnet_dense_latency.h:66]   --->   Operation 874 'insertvalue' 'newret10' <Predicate = true> <Delay = 0.00>
ST_2 : Operation 875 [1/1] (0.00ns)   --->   "%newret12 = insertvalue i476 %newret10, i14 %sext_ln111_40" [firmware/nnet_utils/nnet_mult.h:111->firmware/nnet_utils/nnet_dense_latency.h:66]   --->   Operation 875 'insertvalue' 'newret12' <Predicate = true> <Delay = 0.00>
ST_2 : Operation 876 [1/1] (0.00ns)   --->   "%newret14 = insertvalue i476 %newret12, i14 %trunc_ln111_43" [firmware/nnet_utils/nnet_mult.h:111->firmware/nnet_utils/nnet_dense_latency.h:66]   --->   Operation 876 'insertvalue' 'newret14' <Predicate = true> <Delay = 0.00>
ST_2 : Operation 877 [1/1] (0.00ns)   --->   "%newret16 = insertvalue i476 %newret14, i14 %sext_ln111_41" [firmware/nnet_utils/nnet_mult.h:111->firmware/nnet_utils/nnet_dense_latency.h:66]   --->   Operation 877 'insertvalue' 'newret16' <Predicate = true> <Delay = 0.00>
ST_2 : Operation 878 [1/1] (0.00ns)   --->   "%newret18 = insertvalue i476 %newret16, i14 %sext_ln111_42" [firmware/nnet_utils/nnet_mult.h:111->firmware/nnet_utils/nnet_dense_latency.h:66]   --->   Operation 878 'insertvalue' 'newret18' <Predicate = true> <Delay = 0.00>
ST_2 : Operation 879 [1/1] (0.00ns)   --->   "%newret20 = insertvalue i476 %newret18, i14 %trunc_ln111_46" [firmware/nnet_utils/nnet_mult.h:111->firmware/nnet_utils/nnet_dense_latency.h:66]   --->   Operation 879 'insertvalue' 'newret20' <Predicate = true> <Delay = 0.00>
ST_2 : Operation 880 [1/1] (0.00ns)   --->   "%newret22 = insertvalue i476 %newret20, i14 %sext_ln111_43" [firmware/nnet_utils/nnet_mult.h:111->firmware/nnet_utils/nnet_dense_latency.h:66]   --->   Operation 880 'insertvalue' 'newret22' <Predicate = true> <Delay = 0.00>
ST_2 : Operation 881 [1/1] (0.00ns)   --->   "%newret24 = insertvalue i476 %newret22, i14 %sext_ln111_44" [firmware/nnet_utils/nnet_mult.h:111->firmware/nnet_utils/nnet_dense_latency.h:66]   --->   Operation 881 'insertvalue' 'newret24' <Predicate = true> <Delay = 0.00>
ST_2 : Operation 882 [1/1] (0.00ns)   --->   "%newret26 = insertvalue i476 %newret24, i14 %sext_ln111_61" [firmware/nnet_utils/nnet_mult.h:111->firmware/nnet_utils/nnet_dense_latency.h:66]   --->   Operation 882 'insertvalue' 'newret26' <Predicate = true> <Delay = 0.00>
ST_2 : Operation 883 [1/1] (0.00ns)   --->   "%newret28 = insertvalue i476 %newret26, i14 %sext_ln111_45" [firmware/nnet_utils/nnet_mult.h:111->firmware/nnet_utils/nnet_dense_latency.h:66]   --->   Operation 883 'insertvalue' 'newret28' <Predicate = true> <Delay = 0.00>
ST_2 : Operation 884 [1/1] (0.00ns)   --->   "%newret30 = insertvalue i476 %newret28, i14 %sext_ln111_46" [firmware/nnet_utils/nnet_mult.h:111->firmware/nnet_utils/nnet_dense_latency.h:66]   --->   Operation 884 'insertvalue' 'newret30' <Predicate = true> <Delay = 0.00>
ST_2 : Operation 885 [1/1] (0.00ns)   --->   "%newret32 = insertvalue i476 %newret30, i14 %sext_ln111_47" [firmware/nnet_utils/nnet_mult.h:111->firmware/nnet_utils/nnet_dense_latency.h:66]   --->   Operation 885 'insertvalue' 'newret32' <Predicate = true> <Delay = 0.00>
ST_2 : Operation 886 [1/1] (0.00ns)   --->   "%newret33 = insertvalue i476 %newret32, i14 %sext_ln111_48" [firmware/nnet_utils/nnet_mult.h:111->firmware/nnet_utils/nnet_dense_latency.h:66]   --->   Operation 886 'insertvalue' 'newret33' <Predicate = true> <Delay = 0.00>
ST_2 : Operation 887 [1/1] (0.00ns)   --->   "%newret34 = insertvalue i476 %newret33, i14 %sext_ln111_49" [firmware/nnet_utils/nnet_mult.h:111->firmware/nnet_utils/nnet_dense_latency.h:66]   --->   Operation 887 'insertvalue' 'newret34' <Predicate = true> <Delay = 0.00>
ST_2 : Operation 888 [1/1] (0.00ns)   --->   "%newret35 = insertvalue i476 %newret34, i14 %sext_ln111_50" [firmware/nnet_utils/nnet_mult.h:111->firmware/nnet_utils/nnet_dense_latency.h:66]   --->   Operation 888 'insertvalue' 'newret35' <Predicate = true> <Delay = 0.00>
ST_2 : Operation 889 [1/1] (0.00ns)   --->   "%newret36 = insertvalue i476 %newret35, i14 %sext_ln111_51" [firmware/nnet_utils/nnet_mult.h:111->firmware/nnet_utils/nnet_dense_latency.h:66]   --->   Operation 889 'insertvalue' 'newret36' <Predicate = true> <Delay = 0.00>
ST_2 : Operation 890 [1/1] (0.00ns)   --->   "%newret37 = insertvalue i476 %newret36, i14 %sext_ln111_52" [firmware/nnet_utils/nnet_mult.h:111->firmware/nnet_utils/nnet_dense_latency.h:66]   --->   Operation 890 'insertvalue' 'newret37' <Predicate = true> <Delay = 0.00>
ST_2 : Operation 891 [1/1] (0.00ns)   --->   "%newret38 = insertvalue i476 %newret37, i14 %sext_ln111_53" [firmware/nnet_utils/nnet_mult.h:111->firmware/nnet_utils/nnet_dense_latency.h:66]   --->   Operation 891 'insertvalue' 'newret38' <Predicate = true> <Delay = 0.00>
ST_2 : Operation 892 [1/1] (0.00ns)   --->   "%newret39 = insertvalue i476 %newret38, i14 %sext_ln111_54" [firmware/nnet_utils/nnet_mult.h:111->firmware/nnet_utils/nnet_dense_latency.h:66]   --->   Operation 892 'insertvalue' 'newret39' <Predicate = true> <Delay = 0.00>
ST_2 : Operation 893 [1/1] (0.00ns)   --->   "%newret40 = insertvalue i476 %newret39, i14 %trunc_ln111_59" [firmware/nnet_utils/nnet_mult.h:111->firmware/nnet_utils/nnet_dense_latency.h:66]   --->   Operation 893 'insertvalue' 'newret40' <Predicate = true> <Delay = 0.00>
ST_2 : Operation 894 [1/1] (0.00ns)   --->   "%newret41 = insertvalue i476 %newret40, i14 %sext_ln111_55" [firmware/nnet_utils/nnet_mult.h:111->firmware/nnet_utils/nnet_dense_latency.h:66]   --->   Operation 894 'insertvalue' 'newret41' <Predicate = true> <Delay = 0.00>
ST_2 : Operation 895 [1/1] (0.00ns)   --->   "%newret42 = insertvalue i476 %newret41, i14 %sext_ln111_56" [firmware/nnet_utils/nnet_mult.h:111->firmware/nnet_utils/nnet_dense_latency.h:66]   --->   Operation 895 'insertvalue' 'newret42' <Predicate = true> <Delay = 0.00>
ST_2 : Operation 896 [1/1] (0.00ns)   --->   "%newret43 = insertvalue i476 %newret42, i14 %sext_ln111_57" [firmware/nnet_utils/nnet_mult.h:111->firmware/nnet_utils/nnet_dense_latency.h:66]   --->   Operation 896 'insertvalue' 'newret43' <Predicate = true> <Delay = 0.00>
ST_2 : Operation 897 [1/1] (0.00ns)   --->   "%newret44 = insertvalue i476 %newret43, i14 %sext_ln111_58" [firmware/nnet_utils/nnet_mult.h:111->firmware/nnet_utils/nnet_dense_latency.h:66]   --->   Operation 897 'insertvalue' 'newret44' <Predicate = true> <Delay = 0.00>
ST_2 : Operation 898 [1/1] (0.00ns)   --->   "%newret45 = insertvalue i476 %newret44, i14 %trunc_ln111_64" [firmware/nnet_utils/nnet_mult.h:111->firmware/nnet_utils/nnet_dense_latency.h:66]   --->   Operation 898 'insertvalue' 'newret45' <Predicate = true> <Delay = 0.00>
ST_2 : Operation 899 [1/1] (0.00ns)   --->   "%newret46 = insertvalue i476 %newret45, i14 %sext_ln111_59" [firmware/nnet_utils/nnet_mult.h:111->firmware/nnet_utils/nnet_dense_latency.h:66]   --->   Operation 899 'insertvalue' 'newret46' <Predicate = true> <Delay = 0.00>
ST_2 : Operation 900 [1/1] (0.00ns)   --->   "%newret47 = insertvalue i476 %newret46, i14 %sext_ln111_62" [firmware/nnet_utils/nnet_mult.h:111->firmware/nnet_utils/nnet_dense_latency.h:66]   --->   Operation 900 'insertvalue' 'newret47' <Predicate = true> <Delay = 0.00>
ST_2 : Operation 901 [1/1] (0.00ns)   --->   "%newret48 = insertvalue i476 %newret47, i14 %sext_ln111_63" [firmware/nnet_utils/nnet_mult.h:111->firmware/nnet_utils/nnet_dense_latency.h:66]   --->   Operation 901 'insertvalue' 'newret48' <Predicate = true> <Delay = 0.00>
ST_2 : Operation 902 [1/1] (0.00ns)   --->   "%newret49 = insertvalue i476 %newret48, i14 %sext_ln111_60" [firmware/nnet_utils/nnet_mult.h:111->firmware/nnet_utils/nnet_dense_latency.h:66]   --->   Operation 902 'insertvalue' 'newret49' <Predicate = true> <Delay = 0.00>
ST_2 : Operation 903 [1/1] (0.00ns)   --->   "%ret_ln111 = ret i476 %newret49" [firmware/nnet_utils/nnet_mult.h:111->firmware/nnet_utils/nnet_dense_latency.h:66]   --->   Operation 903 'ret' 'ret_ln111' <Predicate = true> <Delay = 0.00>


============================================================
+ Verbose Summary: Timing violations
============================================================
Target clock period: 5.000ns, clock uncertainty: 0.625ns.

 <State 1>: 2.140ns
The critical path consists of the following:
	wire read operation ('data_0_val_read', firmware/nnet_utils/nnet_mult.h:70->firmware/nnet_utils/nnet_dense_latency.h:42) on port 'data_0_val' (firmware/nnet_utils/nnet_mult.h:70->firmware/nnet_utils/nnet_dense_latency.h:42) [34]  (0.000 ns)
	'mul' operation 18 bit ('mul_ln17', firmware/nnet_utils/nnet_dense_latency.h:17) [50]  (2.140 ns)

 <State 2>: 4.273ns
The critical path consists of the following:
	'add' operation 15 bit ('add_ln58_467', firmware/nnet_utils/nnet_dense_latency.h:58) [459]  (0.831 ns)
	'add' operation 16 bit ('add_ln58_477', firmware/nnet_utils/nnet_dense_latency.h:58) [476]  (0.842 ns)
	'add' operation 17 bit ('add_ln58_488', firmware/nnet_utils/nnet_dense_latency.h:58) [498]  (0.853 ns)
	'add' operation 18 bit ('add_ln58_543', firmware/nnet_utils/nnet_dense_latency.h:58) [615]  (0.873 ns)
	'sub' operation 19 bit ('x', firmware/nnet_utils/nnet_dense_latency.h:58) [791]  (0.873 ns)


============================================================
+ Verbose Summary: Binding
============================================================
N/A
* FSMD analyzer results:
  - Output states:
 - Input state : 
  - Chain level:
	State 1
	State 2


============================================================
+ Verbose Summary: Datapath Resource usage 
============================================================
N/A
