

================================================================
== Vitis HLS Report for 'relu_array_ap_fixed_32u_array_ap_ufixed_8_6_0_3_0_32u_relu_config7_s'
================================================================
* Date:           Thu May  7 10:16:26 2026

* Version:        2025.2 (Build 6295257 on Nov 14 2025)
* Project:        vitis_unified_project
* Solution:       hls (Vivado IP Flow Target)
* Product family: zynquplus
* Target device:  xck26-sfvc784-2LV-c


================================================================
== Performance Estimates
================================================================
+ Timing: 
    * Summary: 
    +--------+---------+----------+------------+
    |  Clock |  Target | Estimated| Uncertainty|
    +--------+---------+----------+------------+
    |ap_clk  |  5.00 ns|  3.084 ns|     0.62 ns|
    +--------+---------+----------+------------+

+ Latency: 
    * Summary: 
    +---------+---------+----------+----------+-----+-----+---------+
    |  Latency (cycles) |  Latency (absolute) |  Interval | Pipeline|
    |   min   |   max   |    min   |    max   | min | max |   Type  |
    +---------+---------+----------+----------+-----+-----+---------+
    |        1|        1|  5.000 ns|  5.000 ns|    1|    1|       no|
    +---------+---------+----------+----------+-----+-----+---------+

    + Detail: 
        * Instance: 
        N/A

        * Loop: 
        N/A



================================================================
== Utilization Estimates
================================================================
* Summary: 
+-----------------+---------+------+--------+--------+-----+
|       Name      | BRAM_18K|  DSP |   FF   |   LUT  | URAM|
+-----------------+---------+------+--------+--------+-----+
|DSP              |        -|     -|       -|       -|    -|
|Expression       |        -|     -|       0|    1474|    -|
|FIFO             |        -|     -|       -|       -|    -|
|Instance         |        -|     -|       -|       -|    -|
|Memory           |        -|     -|       -|       -|    -|
|Multiplexer      |        -|     -|       0|      50|    -|
|Register         |        -|     -|     260|       -|    -|
+-----------------+---------+------+--------+--------+-----+
|Total            |        0|     0|     260|    1524|    0|
+-----------------+---------+------+--------+--------+-----+
|Available        |      288|  1248|  234240|  117120|   64|
+-----------------+---------+------+--------+--------+-----+
|Utilization (%)  |        0|     0|      ~0|       1|    0|
+-----------------+---------+------+--------+--------+-----+

+ Detail: 
    * Instance: 
    N/A

    * DSP: 
    N/A

    * Memory: 
    N/A

    * FIFO: 
    N/A

    * Expression: 
    +-------------------------------------+----------+----+---+----+------------+------------+
    |            Variable Name            | Operation| DSP| FF| LUT| Bitwidth P0| Bitwidth P1|
    +-------------------------------------+----------+----+---+----+------------+------------+
    |add_ln52_10_fu_1053_p2               |         +|   0|  0|  15|           8|           8|
    |add_ln52_11_fu_1095_p2               |         +|   0|  0|  15|           8|           8|
    |add_ln52_12_fu_1137_p2               |         +|   0|  0|  15|           8|           8|
    |add_ln52_13_fu_1179_p2               |         +|   0|  0|  15|           8|           8|
    |add_ln52_14_fu_1221_p2               |         +|   0|  0|  15|           8|           8|
    |add_ln52_15_fu_1263_p2               |         +|   0|  0|  15|           8|           8|
    |add_ln52_16_fu_1305_p2               |         +|   0|  0|  15|           8|           8|
    |add_ln52_17_fu_1347_p2               |         +|   0|  0|  15|           8|           8|
    |add_ln52_18_fu_1389_p2               |         +|   0|  0|  15|           8|           8|
    |add_ln52_19_fu_1431_p2               |         +|   0|  0|  15|           8|           8|
    |add_ln52_1_fu_675_p2                 |         +|   0|  0|  15|           8|           8|
    |add_ln52_20_fu_1473_p2               |         +|   0|  0|  15|           8|           8|
    |add_ln52_21_fu_1515_p2               |         +|   0|  0|  15|           8|           8|
    |add_ln52_22_fu_1557_p2               |         +|   0|  0|  15|           8|           8|
    |add_ln52_23_fu_1599_p2               |         +|   0|  0|  15|           8|           8|
    |add_ln52_24_fu_1641_p2               |         +|   0|  0|  15|           8|           8|
    |add_ln52_25_fu_1683_p2               |         +|   0|  0|  15|           8|           8|
    |add_ln52_26_fu_1725_p2               |         +|   0|  0|  15|           8|           8|
    |add_ln52_27_fu_1767_p2               |         +|   0|  0|  15|           8|           8|
    |add_ln52_28_fu_1809_p2               |         +|   0|  0|  15|           8|           8|
    |add_ln52_29_fu_1851_p2               |         +|   0|  0|  15|           8|           8|
    |add_ln52_2_fu_717_p2                 |         +|   0|  0|  15|           8|           8|
    |add_ln52_30_fu_1893_p2               |         +|   0|  0|  15|           8|           8|
    |add_ln52_31_fu_1935_p2               |         +|   0|  0|  15|           8|           8|
    |add_ln52_3_fu_759_p2                 |         +|   0|  0|  15|           8|           8|
    |add_ln52_4_fu_801_p2                 |         +|   0|  0|  15|           8|           8|
    |add_ln52_5_fu_843_p2                 |         +|   0|  0|  15|           8|           8|
    |add_ln52_6_fu_885_p2                 |         +|   0|  0|  15|           8|           8|
    |add_ln52_7_fu_927_p2                 |         +|   0|  0|  15|           8|           8|
    |add_ln52_8_fu_969_p2                 |         +|   0|  0|  15|           8|           8|
    |add_ln52_9_fu_1011_p2                |         +|   0|  0|  15|           8|           8|
    |add_ln52_fu_633_p2                   |         +|   0|  0|  15|           8|           8|
    |icmp_ln51_10_fu_1025_p2              |      icmp|   0|  0|  23|          16|           1|
    |icmp_ln51_11_fu_1067_p2              |      icmp|   0|  0|  23|          16|           1|
    |icmp_ln51_12_fu_1109_p2              |      icmp|   0|  0|  23|          16|           1|
    |icmp_ln51_13_fu_1151_p2              |      icmp|   0|  0|  23|          16|           1|
    |icmp_ln51_14_fu_1193_p2              |      icmp|   0|  0|  23|          16|           1|
    |icmp_ln51_15_fu_1235_p2              |      icmp|   0|  0|  23|          16|           1|
    |icmp_ln51_16_fu_1277_p2              |      icmp|   0|  0|  23|          16|           1|
    |icmp_ln51_17_fu_1319_p2              |      icmp|   0|  0|  23|          16|           1|
    |icmp_ln51_18_fu_1361_p2              |      icmp|   0|  0|  23|          16|           1|
    |icmp_ln51_19_fu_1403_p2              |      icmp|   0|  0|  23|          16|           1|
    |icmp_ln51_1_fu_647_p2                |      icmp|   0|  0|  23|          16|           1|
    |icmp_ln51_20_fu_1445_p2              |      icmp|   0|  0|  23|          16|           1|
    |icmp_ln51_21_fu_1487_p2              |      icmp|   0|  0|  23|          16|           1|
    |icmp_ln51_22_fu_1529_p2              |      icmp|   0|  0|  23|          16|           1|
    |icmp_ln51_23_fu_1571_p2              |      icmp|   0|  0|  23|          16|           1|
    |icmp_ln51_24_fu_1613_p2              |      icmp|   0|  0|  23|          16|           1|
    |icmp_ln51_25_fu_1655_p2              |      icmp|   0|  0|  23|          16|           1|
    |icmp_ln51_26_fu_1697_p2              |      icmp|   0|  0|  23|          16|           1|
    |icmp_ln51_27_fu_1739_p2              |      icmp|   0|  0|  23|          16|           1|
    |icmp_ln51_28_fu_1781_p2              |      icmp|   0|  0|  23|          16|           1|
    |icmp_ln51_29_fu_1823_p2              |      icmp|   0|  0|  23|          16|           1|
    |icmp_ln51_2_fu_689_p2                |      icmp|   0|  0|  23|          16|           1|
    |icmp_ln51_30_fu_1865_p2              |      icmp|   0|  0|  23|          16|           1|
    |icmp_ln51_31_fu_1907_p2              |      icmp|   0|  0|  23|          16|           1|
    |icmp_ln51_3_fu_731_p2                |      icmp|   0|  0|  23|          16|           1|
    |icmp_ln51_4_fu_773_p2                |      icmp|   0|  0|  23|          16|           1|
    |icmp_ln51_5_fu_815_p2                |      icmp|   0|  0|  23|          16|           1|
    |icmp_ln51_6_fu_857_p2                |      icmp|   0|  0|  23|          16|           1|
    |icmp_ln51_7_fu_899_p2                |      icmp|   0|  0|  23|          16|           1|
    |icmp_ln51_8_fu_941_p2                |      icmp|   0|  0|  23|          16|           1|
    |icmp_ln51_9_fu_983_p2                |      icmp|   0|  0|  23|          16|           1|
    |icmp_ln51_fu_609_p2                  |      icmp|   0|  0|  23|          16|           1|
    |ap_block_state1                      |        or|   0|  0|   2|           1|           1|
    |out_data_0_0_0_0_0_load_fu_639_p3    |    select|   0|  0|   8|           1|           8|
    |out_data_0_10_0_0_0_load_fu_1059_p3  |    select|   0|  0|   8|           1|           8|
    |out_data_0_11_0_0_0_load_fu_1101_p3  |    select|   0|  0|   8|           1|           8|
    |out_data_0_12_0_0_0_load_fu_1143_p3  |    select|   0|  0|   8|           1|           8|
    |out_data_0_13_0_0_0_load_fu_1185_p3  |    select|   0|  0|   8|           1|           8|
    |out_data_0_14_0_0_0_load_fu_1227_p3  |    select|   0|  0|   8|           1|           8|
    |out_data_0_15_0_0_0_load_fu_1269_p3  |    select|   0|  0|   8|           1|           8|
    |out_data_0_16_0_0_0_load_fu_1311_p3  |    select|   0|  0|   8|           1|           8|
    |out_data_0_17_0_0_0_load_fu_1353_p3  |    select|   0|  0|   8|           1|           8|
    |out_data_0_18_0_0_0_load_fu_1395_p3  |    select|   0|  0|   8|           1|           8|
    |out_data_0_19_0_0_0_load_fu_1437_p3  |    select|   0|  0|   8|           1|           8|
    |out_data_0_1_0_0_0_load_fu_681_p3    |    select|   0|  0|   8|           1|           8|
    |out_data_0_20_0_0_0_load_fu_1479_p3  |    select|   0|  0|   8|           1|           8|
    |out_data_0_21_0_0_0_load_fu_1521_p3  |    select|   0|  0|   8|           1|           8|
    |out_data_0_22_0_0_0_load_fu_1563_p3  |    select|   0|  0|   8|           1|           8|
    |out_data_0_23_0_0_0_load_fu_1605_p3  |    select|   0|  0|   8|           1|           8|
    |out_data_0_24_0_0_0_load_fu_1647_p3  |    select|   0|  0|   8|           1|           8|
    |out_data_0_25_0_0_0_load_fu_1689_p3  |    select|   0|  0|   8|           1|           8|
    |out_data_0_26_0_0_0_load_fu_1731_p3  |    select|   0|  0|   8|           1|           8|
    |out_data_0_27_0_0_0_load_fu_1773_p3  |    select|   0|  0|   8|           1|           8|
    |out_data_0_28_0_0_0_load_fu_1815_p3  |    select|   0|  0|   8|           1|           8|
    |out_data_0_29_0_0_0_load_fu_1857_p3  |    select|   0|  0|   8|           1|           8|
    |out_data_0_2_0_0_0_load_fu_723_p3    |    select|   0|  0|   8|           1|           8|
    |out_data_0_30_0_0_0_load_fu_1899_p3  |    select|   0|  0|   8|           1|           8|
    |out_data_0_3_0_0_0_load_fu_765_p3    |    select|   0|  0|   8|           1|           8|
    |out_data_0_4_0_0_0_load_fu_807_p3    |    select|   0|  0|   8|           1|           8|
    |out_data_0_5_0_0_0_load_fu_849_p3    |    select|   0|  0|   8|           1|           8|
    |out_data_0_6_0_0_0_load_fu_891_p3    |    select|   0|  0|   8|           1|           8|
    |out_data_0_7_0_0_0_load_fu_933_p3    |    select|   0|  0|   8|           1|           8|
    |out_data_0_8_0_0_0_load_fu_975_p3    |    select|   0|  0|   8|           1|           8|
    |out_data_0_9_0_0_0_load_fu_1017_p3   |    select|   0|  0|   8|           1|           8|
    |storemerge210_fu_1941_p3             |    select|   0|  0|   8|           1|           8|
    +-------------------------------------+----------+----+---+----+------------+------------+
    |Total                                |          |   0|  0|1474|         801|         545|
    +-------------------------------------+----------+----+---+----+------------+------------+

    * Multiplexer: 
    +------------------+----+-----------+-----+-----------+
    |       Name       | LUT| Input Size| Bits| Total Bits|
    +------------------+----+-----------+-----+-----------+
    |ap_NS_fsm         |  14|          3|    1|          3|
    |ap_done           |   9|          2|    1|          2|
    |layer6_out_blk_n  |   9|          2|    1|          2|
    |layer7_out_blk_n  |   9|          2|    1|          2|
    |real_start        |   9|          2|    1|          2|
    +------------------+----+-----------+-----+-----------+
    |Total             |  50|         11|    5|         11|
    +------------------+----+-----------+-----+-----------+

    * Register: 
    +-----------------------------------+---+----+-----+-----------+
    |                Name               | FF| LUT| Bits| Const Bits|
    +-----------------------------------+---+----+-----+-----------+
    |ap_CS_fsm                          |  2|   0|    2|          0|
    |ap_done_reg                        |  1|   0|    1|          0|
    |out_data_0_0_0_0_0_load_reg_1986   |  8|   0|    8|          0|
    |out_data_0_10_0_0_0_load_reg_2036  |  8|   0|    8|          0|
    |out_data_0_11_0_0_0_load_reg_2041  |  8|   0|    8|          0|
    |out_data_0_12_0_0_0_load_reg_2046  |  8|   0|    8|          0|
    |out_data_0_13_0_0_0_load_reg_2051  |  8|   0|    8|          0|
    |out_data_0_14_0_0_0_load_reg_2056  |  8|   0|    8|          0|
    |out_data_0_15_0_0_0_load_reg_2061  |  8|   0|    8|          0|
    |out_data_0_16_0_0_0_load_reg_2066  |  8|   0|    8|          0|
    |out_data_0_17_0_0_0_load_reg_2071  |  8|   0|    8|          0|
    |out_data_0_18_0_0_0_load_reg_2076  |  8|   0|    8|          0|
    |out_data_0_19_0_0_0_load_reg_2081  |  8|   0|    8|          0|
    |out_data_0_1_0_0_0_load_reg_1991   |  8|   0|    8|          0|
    |out_data_0_20_0_0_0_load_reg_2086  |  8|   0|    8|          0|
    |out_data_0_21_0_0_0_load_reg_2091  |  8|   0|    8|          0|
    |out_data_0_22_0_0_0_load_reg_2096  |  8|   0|    8|          0|
    |out_data_0_23_0_0_0_load_reg_2101  |  8|   0|    8|          0|
    |out_data_0_24_0_0_0_load_reg_2106  |  8|   0|    8|          0|
    |out_data_0_25_0_0_0_load_reg_2111  |  8|   0|    8|          0|
    |out_data_0_26_0_0_0_load_reg_2116  |  8|   0|    8|          0|
    |out_data_0_27_0_0_0_load_reg_2121  |  8|   0|    8|          0|
    |out_data_0_28_0_0_0_load_reg_2126  |  8|   0|    8|          0|
    |out_data_0_29_0_0_0_load_reg_2131  |  8|   0|    8|          0|
    |out_data_0_2_0_0_0_load_reg_1996   |  8|   0|    8|          0|
    |out_data_0_30_0_0_0_load_reg_2136  |  8|   0|    8|          0|
    |out_data_0_3_0_0_0_load_reg_2001   |  8|   0|    8|          0|
    |out_data_0_4_0_0_0_load_reg_2006   |  8|   0|    8|          0|
    |out_data_0_5_0_0_0_load_reg_2011   |  8|   0|    8|          0|
    |out_data_0_6_0_0_0_load_reg_2016   |  8|   0|    8|          0|
    |out_data_0_7_0_0_0_load_reg_2021   |  8|   0|    8|          0|
    |out_data_0_8_0_0_0_load_reg_2026   |  8|   0|    8|          0|
    |out_data_0_9_0_0_0_load_reg_2031   |  8|   0|    8|          0|
    |start_once_reg                     |  1|   0|    1|          0|
    |storemerge210_reg_2141             |  8|   0|    8|          0|
    +-----------------------------------+---+----+-----+-----------+
    |Total                              |260|   0|  260|          0|
    +-----------------------------------+---+----+-----+-----------+



================================================================
== Interface
================================================================
* Summary: 
+---------------------------+-----+-----+------------+------------------------------------------------------------------------+--------------+
|         RTL Ports         | Dir | Bits|  Protocol  |                              Source Object                             |    C Type    |
+---------------------------+-----+-----+------------+------------------------------------------------------------------------+--------------+
|ap_clk                     |   in|    1|  ap_ctrl_hs|  relu<array<ap_fixed,32u>,array<ap_ufixed<8,6,0,3,0>,32u>,relu_config7>|  return value|
|ap_rst                     |   in|    1|  ap_ctrl_hs|  relu<array<ap_fixed,32u>,array<ap_ufixed<8,6,0,3,0>,32u>,relu_config7>|  return value|
|ap_start                   |   in|    1|  ap_ctrl_hs|  relu<array<ap_fixed,32u>,array<ap_ufixed<8,6,0,3,0>,32u>,relu_config7>|  return value|
|start_full_n               |   in|    1|  ap_ctrl_hs|  relu<array<ap_fixed,32u>,array<ap_ufixed<8,6,0,3,0>,32u>,relu_config7>|  return value|
|ap_done                    |  out|    1|  ap_ctrl_hs|  relu<array<ap_fixed,32u>,array<ap_ufixed<8,6,0,3,0>,32u>,relu_config7>|  return value|
|ap_continue                |   in|    1|  ap_ctrl_hs|  relu<array<ap_fixed,32u>,array<ap_ufixed<8,6,0,3,0>,32u>,relu_config7>|  return value|
|ap_idle                    |  out|    1|  ap_ctrl_hs|  relu<array<ap_fixed,32u>,array<ap_ufixed<8,6,0,3,0>,32u>,relu_config7>|  return value|
|ap_ready                   |  out|    1|  ap_ctrl_hs|  relu<array<ap_fixed,32u>,array<ap_ufixed<8,6,0,3,0>,32u>,relu_config7>|  return value|
|start_out                  |  out|    1|  ap_ctrl_hs|  relu<array<ap_fixed,32u>,array<ap_ufixed<8,6,0,3,0>,32u>,relu_config7>|  return value|
|start_write                |  out|    1|  ap_ctrl_hs|  relu<array<ap_fixed,32u>,array<ap_ufixed<8,6,0,3,0>,32u>,relu_config7>|  return value|
|layer6_out_dout            |   in|  512|     ap_fifo|                                                              layer6_out|       pointer|
|layer6_out_empty_n         |   in|    1|     ap_fifo|                                                              layer6_out|       pointer|
|layer6_out_read            |  out|    1|     ap_fifo|                                                              layer6_out|       pointer|
|layer6_out_num_data_valid  |   in|    2|     ap_fifo|                                                              layer6_out|       pointer|
|layer6_out_fifo_cap        |   in|    2|     ap_fifo|                                                              layer6_out|       pointer|
|layer7_out_din             |  out|  256|     ap_fifo|                                                              layer7_out|       pointer|
|layer7_out_full_n          |   in|    1|     ap_fifo|                                                              layer7_out|       pointer|
|layer7_out_write           |  out|    1|     ap_fifo|                                                              layer7_out|       pointer|
|layer7_out_num_data_valid  |   in|    2|     ap_fifo|                                                              layer7_out|       pointer|
|layer7_out_fifo_cap        |   in|    2|     ap_fifo|                                                              layer7_out|       pointer|
+---------------------------+-----+-----+------------+------------------------------------------------------------------------+--------------+

============================================================
+ Verbose Summary: Synthesis Manager
============================================================
InlineROM: 1
ExposeGlobal: 0
============================================================
+ Verbose Summary: CDFG Model
============================================================
IsTopModel: 0
ResetActiveHigh: 1
IsCombinational: 2
IsDatapathOnly: 0
HasWiredReturn: 1
HasMFsm: 0
HasVarLatency: 1
IsPipeline: 0
IsRtlPipelined: 0
IsInstanceOverlapped: 0
IsDontTouch: 0
HasImplIP: 0
IsGatedGlobalClock: 0


============================================================
+ Verbose Summary: Schedule
============================================================
* Number of FSM states : 2
* Pipeline : 0
* Dataflow Pipeline: 0

* FSM state transitions: 
1 --> 2 
2 --> 

* FSM state operations: 

State 1 <SV = 0> <Delay = 3.08>
ST_1 : Operation 3 [1/1] ( I:1.83ns O:1.83ns )   --->   "%layer6_out_read = read i512 @_ssdm_op_Read.ap_fifo.volatile.i512P0A, i512 %layer6_out" [firmware/nnet_utils/nnet_activation_stream.h:44]   --->   Operation 3 'read' 'layer6_out_read' <Predicate = true> <Delay = 1.83> <CoreInst = "FIFO_SRL">   --->   Core 80 'FIFO_SRL' <Latency = 0> <II = 1> <Delay = 1.83> <Storage> <Opcode : 'read' 'write' 'nbread' 'nbwrite'> <Ports = 0> <Width = 512> <Depth = 1> <FIFO>
ST_1 : Operation 4 [1/1] (0.00ns)   --->   "%trunc_ln44 = trunc i512 %layer6_out_read" [firmware/nnet_utils/nnet_activation_stream.h:44]   --->   Operation 4 'trunc' 'trunc_ln44' <Predicate = true> <Delay = 0.00>
ST_1 : Operation 5 [1/1] (0.00ns)   --->   "%trunc_ln44_1 = partselect i16 @_ssdm_op_PartSelect.i16.i512.i32.i32, i512 %layer6_out_read, i32 16, i32 31" [firmware/nnet_utils/nnet_activation_stream.h:44]   --->   Operation 5 'partselect' 'trunc_ln44_1' <Predicate = true> <Delay = 0.00>
ST_1 : Operation 6 [1/1] (0.00ns)   --->   "%trunc_ln44_2 = partselect i16 @_ssdm_op_PartSelect.i16.i512.i32.i32, i512 %layer6_out_read, i32 32, i32 47" [firmware/nnet_utils/nnet_activation_stream.h:44]   --->   Operation 6 'partselect' 'trunc_ln44_2' <Predicate = true> <Delay = 0.00>
ST_1 : Operation 7 [1/1] (0.00ns)   --->   "%trunc_ln44_3 = partselect i16 @_ssdm_op_PartSelect.i16.i512.i32.i32, i512 %layer6_out_read, i32 48, i32 63" [firmware/nnet_utils/nnet_activation_stream.h:44]   --->   Operation 7 'partselect' 'trunc_ln44_3' <Predicate = true> <Delay = 0.00>
ST_1 : Operation 8 [1/1] (0.00ns)   --->   "%trunc_ln44_4 = partselect i16 @_ssdm_op_PartSelect.i16.i512.i32.i32, i512 %layer6_out_read, i32 64, i32 79" [firmware/nnet_utils/nnet_activation_stream.h:44]   --->   Operation 8 'partselect' 'trunc_ln44_4' <Predicate = true> <Delay = 0.00>
ST_1 : Operation 9 [1/1] (0.00ns)   --->   "%trunc_ln44_5 = partselect i16 @_ssdm_op_PartSelect.i16.i512.i32.i32, i512 %layer6_out_read, i32 80, i32 95" [firmware/nnet_utils/nnet_activation_stream.h:44]   --->   Operation 9 'partselect' 'trunc_ln44_5' <Predicate = true> <Delay = 0.00>
ST_1 : Operation 10 [1/1] (0.00ns)   --->   "%trunc_ln44_6 = partselect i16 @_ssdm_op_PartSelect.i16.i512.i32.i32, i512 %layer6_out_read, i32 96, i32 111" [firmware/nnet_utils/nnet_activation_stream.h:44]   --->   Operation 10 'partselect' 'trunc_ln44_6' <Predicate = true> <Delay = 0.00>
ST_1 : Operation 11 [1/1] (0.00ns)   --->   "%trunc_ln44_7 = partselect i16 @_ssdm_op_PartSelect.i16.i512.i32.i32, i512 %layer6_out_read, i32 112, i32 127" [firmware/nnet_utils/nnet_activation_stream.h:44]   --->   Operation 11 'partselect' 'trunc_ln44_7' <Predicate = true> <Delay = 0.00>
ST_1 : Operation 12 [1/1] (0.00ns)   --->   "%trunc_ln44_8 = partselect i16 @_ssdm_op_PartSelect.i16.i512.i32.i32, i512 %layer6_out_read, i32 128, i32 143" [firmware/nnet_utils/nnet_activation_stream.h:44]   --->   Operation 12 'partselect' 'trunc_ln44_8' <Predicate = true> <Delay = 0.00>
ST_1 : Operation 13 [1/1] (0.00ns)   --->   "%trunc_ln44_9 = partselect i16 @_ssdm_op_PartSelect.i16.i512.i32.i32, i512 %layer6_out_read, i32 144, i32 159" [firmware/nnet_utils/nnet_activation_stream.h:44]   --->   Operation 13 'partselect' 'trunc_ln44_9' <Predicate = true> <Delay = 0.00>
ST_1 : Operation 14 [1/1] (0.00ns)   --->   "%trunc_ln44_10 = partselect i16 @_ssdm_op_PartSelect.i16.i512.i32.i32, i512 %layer6_out_read, i32 160, i32 175" [firmware/nnet_utils/nnet_activation_stream.h:44]   --->   Operation 14 'partselect' 'trunc_ln44_10' <Predicate = true> <Delay = 0.00>
ST_1 : Operation 15 [1/1] (0.00ns)   --->   "%trunc_ln44_11 = partselect i16 @_ssdm_op_PartSelect.i16.i512.i32.i32, i512 %layer6_out_read, i32 176, i32 191" [firmware/nnet_utils/nnet_activation_stream.h:44]   --->   Operation 15 'partselect' 'trunc_ln44_11' <Predicate = true> <Delay = 0.00>
ST_1 : Operation 16 [1/1] (0.00ns)   --->   "%trunc_ln44_12 = partselect i16 @_ssdm_op_PartSelect.i16.i512.i32.i32, i512 %layer6_out_read, i32 192, i32 207" [firmware/nnet_utils/nnet_activation_stream.h:44]   --->   Operation 16 'partselect' 'trunc_ln44_12' <Predicate = true> <Delay = 0.00>
ST_1 : Operation 17 [1/1] (0.00ns)   --->   "%trunc_ln44_13 = partselect i16 @_ssdm_op_PartSelect.i16.i512.i32.i32, i512 %layer6_out_read, i32 208, i32 223" [firmware/nnet_utils/nnet_activation_stream.h:44]   --->   Operation 17 'partselect' 'trunc_ln44_13' <Predicate = true> <Delay = 0.00>
ST_1 : Operation 18 [1/1] (0.00ns)   --->   "%trunc_ln44_14 = partselect i16 @_ssdm_op_PartSelect.i16.i512.i32.i32, i512 %layer6_out_read, i32 224, i32 239" [firmware/nnet_utils/nnet_activation_stream.h:44]   --->   Operation 18 'partselect' 'trunc_ln44_14' <Predicate = true> <Delay = 0.00>
ST_1 : Operation 19 [1/1] (0.00ns)   --->   "%trunc_ln44_15 = partselect i16 @_ssdm_op_PartSelect.i16.i512.i32.i32, i512 %layer6_out_read, i32 240, i32 255" [firmware/nnet_utils/nnet_activation_stream.h:44]   --->   Operation 19 'partselect' 'trunc_ln44_15' <Predicate = true> <Delay = 0.00>
ST_1 : Operation 20 [1/1] (0.00ns)   --->   "%trunc_ln44_16 = partselect i16 @_ssdm_op_PartSelect.i16.i512.i32.i32, i512 %layer6_out_read, i32 256, i32 271" [firmware/nnet_utils/nnet_activation_stream.h:44]   --->   Operation 20 'partselect' 'trunc_ln44_16' <Predicate = true> <Delay = 0.00>
ST_1 : Operation 21 [1/1] (0.00ns)   --->   "%trunc_ln44_17 = partselect i16 @_ssdm_op_PartSelect.i16.i512.i32.i32, i512 %layer6_out_read, i32 272, i32 287" [firmware/nnet_utils/nnet_activation_stream.h:44]   --->   Operation 21 'partselect' 'trunc_ln44_17' <Predicate = true> <Delay = 0.00>
ST_1 : Operation 22 [1/1] (0.00ns)   --->   "%trunc_ln44_18 = partselect i16 @_ssdm_op_PartSelect.i16.i512.i32.i32, i512 %layer6_out_read, i32 288, i32 303" [firmware/nnet_utils/nnet_activation_stream.h:44]   --->   Operation 22 'partselect' 'trunc_ln44_18' <Predicate = true> <Delay = 0.00>
ST_1 : Operation 23 [1/1] (0.00ns)   --->   "%trunc_ln44_19 = partselect i16 @_ssdm_op_PartSelect.i16.i512.i32.i32, i512 %layer6_out_read, i32 304, i32 319" [firmware/nnet_utils/nnet_activation_stream.h:44]   --->   Operation 23 'partselect' 'trunc_ln44_19' <Predicate = true> <Delay = 0.00>
ST_1 : Operation 24 [1/1] (0.00ns)   --->   "%trunc_ln44_20 = partselect i16 @_ssdm_op_PartSelect.i16.i512.i32.i32, i512 %layer6_out_read, i32 320, i32 335" [firmware/nnet_utils/nnet_activation_stream.h:44]   --->   Operation 24 'partselect' 'trunc_ln44_20' <Predicate = true> <Delay = 0.00>
ST_1 : Operation 25 [1/1] (0.00ns)   --->   "%trunc_ln44_21 = partselect i16 @_ssdm_op_PartSelect.i16.i512.i32.i32, i512 %layer6_out_read, i32 336, i32 351" [firmware/nnet_utils/nnet_activation_stream.h:44]   --->   Operation 25 'partselect' 'trunc_ln44_21' <Predicate = true> <Delay = 0.00>
ST_1 : Operation 26 [1/1] (0.00ns)   --->   "%trunc_ln44_22 = partselect i16 @_ssdm_op_PartSelect.i16.i512.i32.i32, i512 %layer6_out_read, i32 352, i32 367" [firmware/nnet_utils/nnet_activation_stream.h:44]   --->   Operation 26 'partselect' 'trunc_ln44_22' <Predicate = true> <Delay = 0.00>
ST_1 : Operation 27 [1/1] (0.00ns)   --->   "%trunc_ln44_23 = partselect i16 @_ssdm_op_PartSelect.i16.i512.i32.i32, i512 %layer6_out_read, i32 368, i32 383" [firmware/nnet_utils/nnet_activation_stream.h:44]   --->   Operation 27 'partselect' 'trunc_ln44_23' <Predicate = true> <Delay = 0.00>
ST_1 : Operation 28 [1/1] (0.00ns)   --->   "%trunc_ln44_24 = partselect i16 @_ssdm_op_PartSelect.i16.i512.i32.i32, i512 %layer6_out_read, i32 384, i32 399" [firmware/nnet_utils/nnet_activation_stream.h:44]   --->   Operation 28 'partselect' 'trunc_ln44_24' <Predicate = true> <Delay = 0.00>
ST_1 : Operation 29 [1/1] (0.00ns)   --->   "%trunc_ln44_25 = partselect i16 @_ssdm_op_PartSelect.i16.i512.i32.i32, i512 %layer6_out_read, i32 400, i32 415" [firmware/nnet_utils/nnet_activation_stream.h:44]   --->   Operation 29 'partselect' 'trunc_ln44_25' <Predicate = true> <Delay = 0.00>
ST_1 : Operation 30 [1/1] (0.00ns)   --->   "%trunc_ln44_26 = partselect i16 @_ssdm_op_PartSelect.i16.i512.i32.i32, i512 %layer6_out_read, i32 416, i32 431" [firmware/nnet_utils/nnet_activation_stream.h:44]   --->   Operation 30 'partselect' 'trunc_ln44_26' <Predicate = true> <Delay = 0.00>
ST_1 : Operation 31 [1/1] (0.00ns)   --->   "%trunc_ln44_27 = partselect i16 @_ssdm_op_PartSelect.i16.i512.i32.i32, i512 %layer6_out_read, i32 432, i32 447" [firmware/nnet_utils/nnet_activation_stream.h:44]   --->   Operation 31 'partselect' 'trunc_ln44_27' <Predicate = true> <Delay = 0.00>
ST_1 : Operation 32 [1/1] (0.00ns)   --->   "%trunc_ln44_28 = partselect i16 @_ssdm_op_PartSelect.i16.i512.i32.i32, i512 %layer6_out_read, i32 448, i32 463" [firmware/nnet_utils/nnet_activation_stream.h:44]   --->   Operation 32 'partselect' 'trunc_ln44_28' <Predicate = true> <Delay = 0.00>
ST_1 : Operation 33 [1/1] (0.00ns)   --->   "%trunc_ln44_29 = partselect i16 @_ssdm_op_PartSelect.i16.i512.i32.i32, i512 %layer6_out_read, i32 464, i32 479" [firmware/nnet_utils/nnet_activation_stream.h:44]   --->   Operation 33 'partselect' 'trunc_ln44_29' <Predicate = true> <Delay = 0.00>
ST_1 : Operation 34 [1/1] (0.00ns)   --->   "%trunc_ln44_30 = partselect i16 @_ssdm_op_PartSelect.i16.i512.i32.i32, i512 %layer6_out_read, i32 480, i32 495" [firmware/nnet_utils/nnet_activation_stream.h:44]   --->   Operation 34 'partselect' 'trunc_ln44_30' <Predicate = true> <Delay = 0.00>
ST_1 : Operation 35 [1/1] (0.00ns)   --->   "%trunc_ln44_31 = partselect i16 @_ssdm_op_PartSelect.i16.i512.i32.i32, i512 %layer6_out_read, i32 496, i32 511" [firmware/nnet_utils/nnet_activation_stream.h:44]   --->   Operation 35 'partselect' 'trunc_ln44_31' <Predicate = true> <Delay = 0.00>
ST_1 : Operation 36 [1/1] (0.85ns)   --->   "%icmp_ln51 = icmp_sgt  i16 %trunc_ln44, i16 0" [firmware/nnet_utils/nnet_activation_stream.h:51]   --->   Operation 36 'icmp' 'icmp_ln51' <Predicate = true> <Delay = 0.85> <CoreInst = "Cmp">   --->   Core 9 'Cmp' <Latency = 0> <II = 1> <Delay = 0.85> <FuncUnit> <Opcode : 'seteq' 'setne' 'setle' 'setge' 'setlt' 'setgt'> <InPorts = 2> <OutPorts = 1>
ST_1 : Operation 37 [1/1] (0.00ns)   --->   "%trunc_ln3 = partselect i8 @_ssdm_op_PartSelect.i8.i512.i32.i32, i512 %layer6_out_read, i32 1, i32 8" [firmware/nnet_utils/nnet_activation_stream.h:52]   --->   Operation 37 'partselect' 'trunc_ln3' <Predicate = true> <Delay = 0.00>
ST_1 : Operation 38 [1/1] (0.00ns)   --->   "%trunc_ln52 = trunc i512 %layer6_out_read" [firmware/nnet_utils/nnet_activation_stream.h:52]   --->   Operation 38 'trunc' 'trunc_ln52' <Predicate = true> <Delay = 0.00>
ST_1 : Operation 39 [1/1] (0.00ns)   --->   "%zext_ln52 = zext i1 %trunc_ln52" [firmware/nnet_utils/nnet_activation_stream.h:52]   --->   Operation 39 'zext' 'zext_ln52' <Predicate = true> <Delay = 0.00>
ST_1 : Operation 40 [1/1] (0.76ns)   --->   "%add_ln52 = add i8 %trunc_ln3, i8 %zext_ln52" [firmware/nnet_utils/nnet_activation_stream.h:52]   --->   Operation 40 'add' 'add_ln52' <Predicate = true> <Delay = 0.76> <CoreInst = "Adder">   --->   Core 1 'Adder' <Latency = 0> <II = 1> <Delay = 0.76> <FuncUnit> <Opcode : 'add' 'sub'> <InPorts = 2> <OutPorts = 1>
ST_1 : Operation 41 [1/1] (0.39ns)   --->   "%out_data_0_0_0_0_0_load = select i1 %icmp_ln51, i8 %add_ln52, i8 0" [firmware/nnet_utils/nnet_activation_stream.h:51]   --->   Operation 41 'select' 'out_data_0_0_0_0_0_load' <Predicate = true> <Delay = 0.39> <CoreInst = "Sel">   --->   Core 73 'Sel' <Latency = 0> <II = 1> <Delay = 0.39> <FuncUnit> <Opcode : 'select'> <InPorts = 3> <OutPorts = 1>
ST_1 : Operation 42 [1/1] (0.85ns)   --->   "%icmp_ln51_1 = icmp_sgt  i16 %trunc_ln44_1, i16 0" [firmware/nnet_utils/nnet_activation_stream.h:51]   --->   Operation 42 'icmp' 'icmp_ln51_1' <Predicate = true> <Delay = 0.85> <CoreInst = "Cmp">   --->   Core 9 'Cmp' <Latency = 0> <II = 1> <Delay = 0.85> <FuncUnit> <Opcode : 'seteq' 'setne' 'setle' 'setge' 'setlt' 'setgt'> <InPorts = 2> <OutPorts = 1>
ST_1 : Operation 43 [1/1] (0.00ns)   --->   "%trunc_ln52_1 = partselect i8 @_ssdm_op_PartSelect.i8.i512.i32.i32, i512 %layer6_out_read, i32 17, i32 24" [firmware/nnet_utils/nnet_activation_stream.h:52]   --->   Operation 43 'partselect' 'trunc_ln52_1' <Predicate = true> <Delay = 0.00>
ST_1 : Operation 44 [1/1] (0.00ns)   --->   "%tmp = bitselect i1 @_ssdm_op_BitSelect.i1.i512.i32, i512 %layer6_out_read, i32 16" [firmware/nnet_utils/nnet_activation_stream.h:52]   --->   Operation 44 'bitselect' 'tmp' <Predicate = true> <Delay = 0.00>
ST_1 : Operation 45 [1/1] (0.00ns)   --->   "%zext_ln52_1 = zext i1 %tmp" [firmware/nnet_utils/nnet_activation_stream.h:52]   --->   Operation 45 'zext' 'zext_ln52_1' <Predicate = true> <Delay = 0.00>
ST_1 : Operation 46 [1/1] (0.76ns)   --->   "%add_ln52_1 = add i8 %trunc_ln52_1, i8 %zext_ln52_1" [firmware/nnet_utils/nnet_activation_stream.h:52]   --->   Operation 46 'add' 'add_ln52_1' <Predicate = true> <Delay = 0.76> <CoreInst = "Adder">   --->   Core 1 'Adder' <Latency = 0> <II = 1> <Delay = 0.76> <FuncUnit> <Opcode : 'add' 'sub'> <InPorts = 2> <OutPorts = 1>
ST_1 : Operation 47 [1/1] (0.39ns)   --->   "%out_data_0_1_0_0_0_load = select i1 %icmp_ln51_1, i8 %add_ln52_1, i8 0" [firmware/nnet_utils/nnet_activation_stream.h:51]   --->   Operation 47 'select' 'out_data_0_1_0_0_0_load' <Predicate = true> <Delay = 0.39> <CoreInst = "Sel">   --->   Core 73 'Sel' <Latency = 0> <II = 1> <Delay = 0.39> <FuncUnit> <Opcode : 'select'> <InPorts = 3> <OutPorts = 1>
ST_1 : Operation 48 [1/1] (0.85ns)   --->   "%icmp_ln51_2 = icmp_sgt  i16 %trunc_ln44_2, i16 0" [firmware/nnet_utils/nnet_activation_stream.h:51]   --->   Operation 48 'icmp' 'icmp_ln51_2' <Predicate = true> <Delay = 0.85> <CoreInst = "Cmp">   --->   Core 9 'Cmp' <Latency = 0> <II = 1> <Delay = 0.85> <FuncUnit> <Opcode : 'seteq' 'setne' 'setle' 'setge' 'setlt' 'setgt'> <InPorts = 2> <OutPorts = 1>
ST_1 : Operation 49 [1/1] (0.00ns)   --->   "%trunc_ln52_2 = partselect i8 @_ssdm_op_PartSelect.i8.i512.i32.i32, i512 %layer6_out_read, i32 33, i32 40" [firmware/nnet_utils/nnet_activation_stream.h:52]   --->   Operation 49 'partselect' 'trunc_ln52_2' <Predicate = true> <Delay = 0.00>
ST_1 : Operation 50 [1/1] (0.00ns)   --->   "%tmp_77 = bitselect i1 @_ssdm_op_BitSelect.i1.i512.i32, i512 %layer6_out_read, i32 32" [firmware/nnet_utils/nnet_activation_stream.h:52]   --->   Operation 50 'bitselect' 'tmp_77' <Predicate = true> <Delay = 0.00>
ST_1 : Operation 51 [1/1] (0.00ns)   --->   "%zext_ln52_2 = zext i1 %tmp_77" [firmware/nnet_utils/nnet_activation_stream.h:52]   --->   Operation 51 'zext' 'zext_ln52_2' <Predicate = true> <Delay = 0.00>
ST_1 : Operation 52 [1/1] (0.76ns)   --->   "%add_ln52_2 = add i8 %trunc_ln52_2, i8 %zext_ln52_2" [firmware/nnet_utils/nnet_activation_stream.h:52]   --->   Operation 52 'add' 'add_ln52_2' <Predicate = true> <Delay = 0.76> <CoreInst = "Adder">   --->   Core 1 'Adder' <Latency = 0> <II = 1> <Delay = 0.76> <FuncUnit> <Opcode : 'add' 'sub'> <InPorts = 2> <OutPorts = 1>
ST_1 : Operation 53 [1/1] (0.39ns)   --->   "%out_data_0_2_0_0_0_load = select i1 %icmp_ln51_2, i8 %add_ln52_2, i8 0" [firmware/nnet_utils/nnet_activation_stream.h:51]   --->   Operation 53 'select' 'out_data_0_2_0_0_0_load' <Predicate = true> <Delay = 0.39> <CoreInst = "Sel">   --->   Core 73 'Sel' <Latency = 0> <II = 1> <Delay = 0.39> <FuncUnit> <Opcode : 'select'> <InPorts = 3> <OutPorts = 1>
ST_1 : Operation 54 [1/1] (0.85ns)   --->   "%icmp_ln51_3 = icmp_sgt  i16 %trunc_ln44_3, i16 0" [firmware/nnet_utils/nnet_activation_stream.h:51]   --->   Operation 54 'icmp' 'icmp_ln51_3' <Predicate = true> <Delay = 0.85> <CoreInst = "Cmp">   --->   Core 9 'Cmp' <Latency = 0> <II = 1> <Delay = 0.85> <FuncUnit> <Opcode : 'seteq' 'setne' 'setle' 'setge' 'setlt' 'setgt'> <InPorts = 2> <OutPorts = 1>
ST_1 : Operation 55 [1/1] (0.00ns)   --->   "%trunc_ln52_3 = partselect i8 @_ssdm_op_PartSelect.i8.i512.i32.i32, i512 %layer6_out_read, i32 49, i32 56" [firmware/nnet_utils/nnet_activation_stream.h:52]   --->   Operation 55 'partselect' 'trunc_ln52_3' <Predicate = true> <Delay = 0.00>
ST_1 : Operation 56 [1/1] (0.00ns)   --->   "%tmp_78 = bitselect i1 @_ssdm_op_BitSelect.i1.i512.i32, i512 %layer6_out_read, i32 48" [firmware/nnet_utils/nnet_activation_stream.h:52]   --->   Operation 56 'bitselect' 'tmp_78' <Predicate = true> <Delay = 0.00>
ST_1 : Operation 57 [1/1] (0.00ns)   --->   "%zext_ln52_3 = zext i1 %tmp_78" [firmware/nnet_utils/nnet_activation_stream.h:52]   --->   Operation 57 'zext' 'zext_ln52_3' <Predicate = true> <Delay = 0.00>
ST_1 : Operation 58 [1/1] (0.76ns)   --->   "%add_ln52_3 = add i8 %trunc_ln52_3, i8 %zext_ln52_3" [firmware/nnet_utils/nnet_activation_stream.h:52]   --->   Operation 58 'add' 'add_ln52_3' <Predicate = true> <Delay = 0.76> <CoreInst = "Adder">   --->   Core 1 'Adder' <Latency = 0> <II = 1> <Delay = 0.76> <FuncUnit> <Opcode : 'add' 'sub'> <InPorts = 2> <OutPorts = 1>
ST_1 : Operation 59 [1/1] (0.39ns)   --->   "%out_data_0_3_0_0_0_load = select i1 %icmp_ln51_3, i8 %add_ln52_3, i8 0" [firmware/nnet_utils/nnet_activation_stream.h:51]   --->   Operation 59 'select' 'out_data_0_3_0_0_0_load' <Predicate = true> <Delay = 0.39> <CoreInst = "Sel">   --->   Core 73 'Sel' <Latency = 0> <II = 1> <Delay = 0.39> <FuncUnit> <Opcode : 'select'> <InPorts = 3> <OutPorts = 1>
ST_1 : Operation 60 [1/1] (0.85ns)   --->   "%icmp_ln51_4 = icmp_sgt  i16 %trunc_ln44_4, i16 0" [firmware/nnet_utils/nnet_activation_stream.h:51]   --->   Operation 60 'icmp' 'icmp_ln51_4' <Predicate = true> <Delay = 0.85> <CoreInst = "Cmp">   --->   Core 9 'Cmp' <Latency = 0> <II = 1> <Delay = 0.85> <FuncUnit> <Opcode : 'seteq' 'setne' 'setle' 'setge' 'setlt' 'setgt'> <InPorts = 2> <OutPorts = 1>
ST_1 : Operation 61 [1/1] (0.00ns)   --->   "%trunc_ln52_4 = partselect i8 @_ssdm_op_PartSelect.i8.i512.i32.i32, i512 %layer6_out_read, i32 65, i32 72" [firmware/nnet_utils/nnet_activation_stream.h:52]   --->   Operation 61 'partselect' 'trunc_ln52_4' <Predicate = true> <Delay = 0.00>
ST_1 : Operation 62 [1/1] (0.00ns)   --->   "%tmp_79 = bitselect i1 @_ssdm_op_BitSelect.i1.i512.i32, i512 %layer6_out_read, i32 64" [firmware/nnet_utils/nnet_activation_stream.h:52]   --->   Operation 62 'bitselect' 'tmp_79' <Predicate = true> <Delay = 0.00>
ST_1 : Operation 63 [1/1] (0.00ns)   --->   "%zext_ln52_4 = zext i1 %tmp_79" [firmware/nnet_utils/nnet_activation_stream.h:52]   --->   Operation 63 'zext' 'zext_ln52_4' <Predicate = true> <Delay = 0.00>
ST_1 : Operation 64 [1/1] (0.76ns)   --->   "%add_ln52_4 = add i8 %trunc_ln52_4, i8 %zext_ln52_4" [firmware/nnet_utils/nnet_activation_stream.h:52]   --->   Operation 64 'add' 'add_ln52_4' <Predicate = true> <Delay = 0.76> <CoreInst = "Adder">   --->   Core 1 'Adder' <Latency = 0> <II = 1> <Delay = 0.76> <FuncUnit> <Opcode : 'add' 'sub'> <InPorts = 2> <OutPorts = 1>
ST_1 : Operation 65 [1/1] (0.39ns)   --->   "%out_data_0_4_0_0_0_load = select i1 %icmp_ln51_4, i8 %add_ln52_4, i8 0" [firmware/nnet_utils/nnet_activation_stream.h:51]   --->   Operation 65 'select' 'out_data_0_4_0_0_0_load' <Predicate = true> <Delay = 0.39> <CoreInst = "Sel">   --->   Core 73 'Sel' <Latency = 0> <II = 1> <Delay = 0.39> <FuncUnit> <Opcode : 'select'> <InPorts = 3> <OutPorts = 1>
ST_1 : Operation 66 [1/1] (0.85ns)   --->   "%icmp_ln51_5 = icmp_sgt  i16 %trunc_ln44_5, i16 0" [firmware/nnet_utils/nnet_activation_stream.h:51]   --->   Operation 66 'icmp' 'icmp_ln51_5' <Predicate = true> <Delay = 0.85> <CoreInst = "Cmp">   --->   Core 9 'Cmp' <Latency = 0> <II = 1> <Delay = 0.85> <FuncUnit> <Opcode : 'seteq' 'setne' 'setle' 'setge' 'setlt' 'setgt'> <InPorts = 2> <OutPorts = 1>
ST_1 : Operation 67 [1/1] (0.00ns)   --->   "%trunc_ln52_5 = partselect i8 @_ssdm_op_PartSelect.i8.i512.i32.i32, i512 %layer6_out_read, i32 81, i32 88" [firmware/nnet_utils/nnet_activation_stream.h:52]   --->   Operation 67 'partselect' 'trunc_ln52_5' <Predicate = true> <Delay = 0.00>
ST_1 : Operation 68 [1/1] (0.00ns)   --->   "%tmp_80 = bitselect i1 @_ssdm_op_BitSelect.i1.i512.i32, i512 %layer6_out_read, i32 80" [firmware/nnet_utils/nnet_activation_stream.h:52]   --->   Operation 68 'bitselect' 'tmp_80' <Predicate = true> <Delay = 0.00>
ST_1 : Operation 69 [1/1] (0.00ns)   --->   "%zext_ln52_5 = zext i1 %tmp_80" [firmware/nnet_utils/nnet_activation_stream.h:52]   --->   Operation 69 'zext' 'zext_ln52_5' <Predicate = true> <Delay = 0.00>
ST_1 : Operation 70 [1/1] (0.76ns)   --->   "%add_ln52_5 = add i8 %trunc_ln52_5, i8 %zext_ln52_5" [firmware/nnet_utils/nnet_activation_stream.h:52]   --->   Operation 70 'add' 'add_ln52_5' <Predicate = true> <Delay = 0.76> <CoreInst = "Adder">   --->   Core 1 'Adder' <Latency = 0> <II = 1> <Delay = 0.76> <FuncUnit> <Opcode : 'add' 'sub'> <InPorts = 2> <OutPorts = 1>
ST_1 : Operation 71 [1/1] (0.39ns)   --->   "%out_data_0_5_0_0_0_load = select i1 %icmp_ln51_5, i8 %add_ln52_5, i8 0" [firmware/nnet_utils/nnet_activation_stream.h:51]   --->   Operation 71 'select' 'out_data_0_5_0_0_0_load' <Predicate = true> <Delay = 0.39> <CoreInst = "Sel">   --->   Core 73 'Sel' <Latency = 0> <II = 1> <Delay = 0.39> <FuncUnit> <Opcode : 'select'> <InPorts = 3> <OutPorts = 1>
ST_1 : Operation 72 [1/1] (0.85ns)   --->   "%icmp_ln51_6 = icmp_sgt  i16 %trunc_ln44_6, i16 0" [firmware/nnet_utils/nnet_activation_stream.h:51]   --->   Operation 72 'icmp' 'icmp_ln51_6' <Predicate = true> <Delay = 0.85> <CoreInst = "Cmp">   --->   Core 9 'Cmp' <Latency = 0> <II = 1> <Delay = 0.85> <FuncUnit> <Opcode : 'seteq' 'setne' 'setle' 'setge' 'setlt' 'setgt'> <InPorts = 2> <OutPorts = 1>
ST_1 : Operation 73 [1/1] (0.00ns)   --->   "%trunc_ln52_6 = partselect i8 @_ssdm_op_PartSelect.i8.i512.i32.i32, i512 %layer6_out_read, i32 97, i32 104" [firmware/nnet_utils/nnet_activation_stream.h:52]   --->   Operation 73 'partselect' 'trunc_ln52_6' <Predicate = true> <Delay = 0.00>
ST_1 : Operation 74 [1/1] (0.00ns)   --->   "%tmp_81 = bitselect i1 @_ssdm_op_BitSelect.i1.i512.i32, i512 %layer6_out_read, i32 96" [firmware/nnet_utils/nnet_activation_stream.h:52]   --->   Operation 74 'bitselect' 'tmp_81' <Predicate = true> <Delay = 0.00>
ST_1 : Operation 75 [1/1] (0.00ns)   --->   "%zext_ln52_6 = zext i1 %tmp_81" [firmware/nnet_utils/nnet_activation_stream.h:52]   --->   Operation 75 'zext' 'zext_ln52_6' <Predicate = true> <Delay = 0.00>
ST_1 : Operation 76 [1/1] (0.76ns)   --->   "%add_ln52_6 = add i8 %trunc_ln52_6, i8 %zext_ln52_6" [firmware/nnet_utils/nnet_activation_stream.h:52]   --->   Operation 76 'add' 'add_ln52_6' <Predicate = true> <Delay = 0.76> <CoreInst = "Adder">   --->   Core 1 'Adder' <Latency = 0> <II = 1> <Delay = 0.76> <FuncUnit> <Opcode : 'add' 'sub'> <InPorts = 2> <OutPorts = 1>
ST_1 : Operation 77 [1/1] (0.39ns)   --->   "%out_data_0_6_0_0_0_load = select i1 %icmp_ln51_6, i8 %add_ln52_6, i8 0" [firmware/nnet_utils/nnet_activation_stream.h:51]   --->   Operation 77 'select' 'out_data_0_6_0_0_0_load' <Predicate = true> <Delay = 0.39> <CoreInst = "Sel">   --->   Core 73 'Sel' <Latency = 0> <II = 1> <Delay = 0.39> <FuncUnit> <Opcode : 'select'> <InPorts = 3> <OutPorts = 1>
ST_1 : Operation 78 [1/1] (0.85ns)   --->   "%icmp_ln51_7 = icmp_sgt  i16 %trunc_ln44_7, i16 0" [firmware/nnet_utils/nnet_activation_stream.h:51]   --->   Operation 78 'icmp' 'icmp_ln51_7' <Predicate = true> <Delay = 0.85> <CoreInst = "Cmp">   --->   Core 9 'Cmp' <Latency = 0> <II = 1> <Delay = 0.85> <FuncUnit> <Opcode : 'seteq' 'setne' 'setle' 'setge' 'setlt' 'setgt'> <InPorts = 2> <OutPorts = 1>
ST_1 : Operation 79 [1/1] (0.00ns)   --->   "%trunc_ln52_7 = partselect i8 @_ssdm_op_PartSelect.i8.i512.i32.i32, i512 %layer6_out_read, i32 113, i32 120" [firmware/nnet_utils/nnet_activation_stream.h:52]   --->   Operation 79 'partselect' 'trunc_ln52_7' <Predicate = true> <Delay = 0.00>
ST_1 : Operation 80 [1/1] (0.00ns)   --->   "%tmp_82 = bitselect i1 @_ssdm_op_BitSelect.i1.i512.i32, i512 %layer6_out_read, i32 112" [firmware/nnet_utils/nnet_activation_stream.h:52]   --->   Operation 80 'bitselect' 'tmp_82' <Predicate = true> <Delay = 0.00>
ST_1 : Operation 81 [1/1] (0.00ns)   --->   "%zext_ln52_7 = zext i1 %tmp_82" [firmware/nnet_utils/nnet_activation_stream.h:52]   --->   Operation 81 'zext' 'zext_ln52_7' <Predicate = true> <Delay = 0.00>
ST_1 : Operation 82 [1/1] (0.76ns)   --->   "%add_ln52_7 = add i8 %trunc_ln52_7, i8 %zext_ln52_7" [firmware/nnet_utils/nnet_activation_stream.h:52]   --->   Operation 82 'add' 'add_ln52_7' <Predicate = true> <Delay = 0.76> <CoreInst = "Adder">   --->   Core 1 'Adder' <Latency = 0> <II = 1> <Delay = 0.76> <FuncUnit> <Opcode : 'add' 'sub'> <InPorts = 2> <OutPorts = 1>
ST_1 : Operation 83 [1/1] (0.39ns)   --->   "%out_data_0_7_0_0_0_load = select i1 %icmp_ln51_7, i8 %add_ln52_7, i8 0" [firmware/nnet_utils/nnet_activation_stream.h:51]   --->   Operation 83 'select' 'out_data_0_7_0_0_0_load' <Predicate = true> <Delay = 0.39> <CoreInst = "Sel">   --->   Core 73 'Sel' <Latency = 0> <II = 1> <Delay = 0.39> <FuncUnit> <Opcode : 'select'> <InPorts = 3> <OutPorts = 1>
ST_1 : Operation 84 [1/1] (0.85ns)   --->   "%icmp_ln51_8 = icmp_sgt  i16 %trunc_ln44_8, i16 0" [firmware/nnet_utils/nnet_activation_stream.h:51]   --->   Operation 84 'icmp' 'icmp_ln51_8' <Predicate = true> <Delay = 0.85> <CoreInst = "Cmp">   --->   Core 9 'Cmp' <Latency = 0> <II = 1> <Delay = 0.85> <FuncUnit> <Opcode : 'seteq' 'setne' 'setle' 'setge' 'setlt' 'setgt'> <InPorts = 2> <OutPorts = 1>
ST_1 : Operation 85 [1/1] (0.00ns)   --->   "%trunc_ln52_8 = partselect i8 @_ssdm_op_PartSelect.i8.i512.i32.i32, i512 %layer6_out_read, i32 129, i32 136" [firmware/nnet_utils/nnet_activation_stream.h:52]   --->   Operation 85 'partselect' 'trunc_ln52_8' <Predicate = true> <Delay = 0.00>
ST_1 : Operation 86 [1/1] (0.00ns)   --->   "%tmp_83 = bitselect i1 @_ssdm_op_BitSelect.i1.i512.i32, i512 %layer6_out_read, i32 128" [firmware/nnet_utils/nnet_activation_stream.h:52]   --->   Operation 86 'bitselect' 'tmp_83' <Predicate = true> <Delay = 0.00>
ST_1 : Operation 87 [1/1] (0.00ns)   --->   "%zext_ln52_8 = zext i1 %tmp_83" [firmware/nnet_utils/nnet_activation_stream.h:52]   --->   Operation 87 'zext' 'zext_ln52_8' <Predicate = true> <Delay = 0.00>
ST_1 : Operation 88 [1/1] (0.76ns)   --->   "%add_ln52_8 = add i8 %trunc_ln52_8, i8 %zext_ln52_8" [firmware/nnet_utils/nnet_activation_stream.h:52]   --->   Operation 88 'add' 'add_ln52_8' <Predicate = true> <Delay = 0.76> <CoreInst = "Adder">   --->   Core 1 'Adder' <Latency = 0> <II = 1> <Delay = 0.76> <FuncUnit> <Opcode : 'add' 'sub'> <InPorts = 2> <OutPorts = 1>
ST_1 : Operation 89 [1/1] (0.39ns)   --->   "%out_data_0_8_0_0_0_load = select i1 %icmp_ln51_8, i8 %add_ln52_8, i8 0" [firmware/nnet_utils/nnet_activation_stream.h:51]   --->   Operation 89 'select' 'out_data_0_8_0_0_0_load' <Predicate = true> <Delay = 0.39> <CoreInst = "Sel">   --->   Core 73 'Sel' <Latency = 0> <II = 1> <Delay = 0.39> <FuncUnit> <Opcode : 'select'> <InPorts = 3> <OutPorts = 1>
ST_1 : Operation 90 [1/1] (0.85ns)   --->   "%icmp_ln51_9 = icmp_sgt  i16 %trunc_ln44_9, i16 0" [firmware/nnet_utils/nnet_activation_stream.h:51]   --->   Operation 90 'icmp' 'icmp_ln51_9' <Predicate = true> <Delay = 0.85> <CoreInst = "Cmp">   --->   Core 9 'Cmp' <Latency = 0> <II = 1> <Delay = 0.85> <FuncUnit> <Opcode : 'seteq' 'setne' 'setle' 'setge' 'setlt' 'setgt'> <InPorts = 2> <OutPorts = 1>
ST_1 : Operation 91 [1/1] (0.00ns)   --->   "%trunc_ln52_9 = partselect i8 @_ssdm_op_PartSelect.i8.i512.i32.i32, i512 %layer6_out_read, i32 145, i32 152" [firmware/nnet_utils/nnet_activation_stream.h:52]   --->   Operation 91 'partselect' 'trunc_ln52_9' <Predicate = true> <Delay = 0.00>
ST_1 : Operation 92 [1/1] (0.00ns)   --->   "%tmp_84 = bitselect i1 @_ssdm_op_BitSelect.i1.i512.i32, i512 %layer6_out_read, i32 144" [firmware/nnet_utils/nnet_activation_stream.h:52]   --->   Operation 92 'bitselect' 'tmp_84' <Predicate = true> <Delay = 0.00>
ST_1 : Operation 93 [1/1] (0.00ns)   --->   "%zext_ln52_9 = zext i1 %tmp_84" [firmware/nnet_utils/nnet_activation_stream.h:52]   --->   Operation 93 'zext' 'zext_ln52_9' <Predicate = true> <Delay = 0.00>
ST_1 : Operation 94 [1/1] (0.76ns)   --->   "%add_ln52_9 = add i8 %trunc_ln52_9, i8 %zext_ln52_9" [firmware/nnet_utils/nnet_activation_stream.h:52]   --->   Operation 94 'add' 'add_ln52_9' <Predicate = true> <Delay = 0.76> <CoreInst = "Adder">   --->   Core 1 'Adder' <Latency = 0> <II = 1> <Delay = 0.76> <FuncUnit> <Opcode : 'add' 'sub'> <InPorts = 2> <OutPorts = 1>
ST_1 : Operation 95 [1/1] (0.39ns)   --->   "%out_data_0_9_0_0_0_load = select i1 %icmp_ln51_9, i8 %add_ln52_9, i8 0" [firmware/nnet_utils/nnet_activation_stream.h:51]   --->   Operation 95 'select' 'out_data_0_9_0_0_0_load' <Predicate = true> <Delay = 0.39> <CoreInst = "Sel">   --->   Core 73 'Sel' <Latency = 0> <II = 1> <Delay = 0.39> <FuncUnit> <Opcode : 'select'> <InPorts = 3> <OutPorts = 1>
ST_1 : Operation 96 [1/1] (0.85ns)   --->   "%icmp_ln51_10 = icmp_sgt  i16 %trunc_ln44_10, i16 0" [firmware/nnet_utils/nnet_activation_stream.h:51]   --->   Operation 96 'icmp' 'icmp_ln51_10' <Predicate = true> <Delay = 0.85> <CoreInst = "Cmp">   --->   Core 9 'Cmp' <Latency = 0> <II = 1> <Delay = 0.85> <FuncUnit> <Opcode : 'seteq' 'setne' 'setle' 'setge' 'setlt' 'setgt'> <InPorts = 2> <OutPorts = 1>
ST_1 : Operation 97 [1/1] (0.00ns)   --->   "%trunc_ln52_10 = partselect i8 @_ssdm_op_PartSelect.i8.i512.i32.i32, i512 %layer6_out_read, i32 161, i32 168" [firmware/nnet_utils/nnet_activation_stream.h:52]   --->   Operation 97 'partselect' 'trunc_ln52_10' <Predicate = true> <Delay = 0.00>
ST_1 : Operation 98 [1/1] (0.00ns)   --->   "%tmp_85 = bitselect i1 @_ssdm_op_BitSelect.i1.i512.i32, i512 %layer6_out_read, i32 160" [firmware/nnet_utils/nnet_activation_stream.h:52]   --->   Operation 98 'bitselect' 'tmp_85' <Predicate = true> <Delay = 0.00>
ST_1 : Operation 99 [1/1] (0.00ns)   --->   "%zext_ln52_10 = zext i1 %tmp_85" [firmware/nnet_utils/nnet_activation_stream.h:52]   --->   Operation 99 'zext' 'zext_ln52_10' <Predicate = true> <Delay = 0.00>
ST_1 : Operation 100 [1/1] (0.76ns)   --->   "%add_ln52_10 = add i8 %trunc_ln52_10, i8 %zext_ln52_10" [firmware/nnet_utils/nnet_activation_stream.h:52]   --->   Operation 100 'add' 'add_ln52_10' <Predicate = true> <Delay = 0.76> <CoreInst = "Adder">   --->   Core 1 'Adder' <Latency = 0> <II = 1> <Delay = 0.76> <FuncUnit> <Opcode : 'add' 'sub'> <InPorts = 2> <OutPorts = 1>
ST_1 : Operation 101 [1/1] (0.39ns)   --->   "%out_data_0_10_0_0_0_load = select i1 %icmp_ln51_10, i8 %add_ln52_10, i8 0" [firmware/nnet_utils/nnet_activation_stream.h:51]   --->   Operation 101 'select' 'out_data_0_10_0_0_0_load' <Predicate = true> <Delay = 0.39> <CoreInst = "Sel">   --->   Core 73 'Sel' <Latency = 0> <II = 1> <Delay = 0.39> <FuncUnit> <Opcode : 'select'> <InPorts = 3> <OutPorts = 1>
ST_1 : Operation 102 [1/1] (0.85ns)   --->   "%icmp_ln51_11 = icmp_sgt  i16 %trunc_ln44_11, i16 0" [firmware/nnet_utils/nnet_activation_stream.h:51]   --->   Operation 102 'icmp' 'icmp_ln51_11' <Predicate = true> <Delay = 0.85> <CoreInst = "Cmp">   --->   Core 9 'Cmp' <Latency = 0> <II = 1> <Delay = 0.85> <FuncUnit> <Opcode : 'seteq' 'setne' 'setle' 'setge' 'setlt' 'setgt'> <InPorts = 2> <OutPorts = 1>
ST_1 : Operation 103 [1/1] (0.00ns)   --->   "%trunc_ln52_11 = partselect i8 @_ssdm_op_PartSelect.i8.i512.i32.i32, i512 %layer6_out_read, i32 177, i32 184" [firmware/nnet_utils/nnet_activation_stream.h:52]   --->   Operation 103 'partselect' 'trunc_ln52_11' <Predicate = true> <Delay = 0.00>
ST_1 : Operation 104 [1/1] (0.00ns)   --->   "%tmp_86 = bitselect i1 @_ssdm_op_BitSelect.i1.i512.i32, i512 %layer6_out_read, i32 176" [firmware/nnet_utils/nnet_activation_stream.h:52]   --->   Operation 104 'bitselect' 'tmp_86' <Predicate = true> <Delay = 0.00>
ST_1 : Operation 105 [1/1] (0.00ns)   --->   "%zext_ln52_11 = zext i1 %tmp_86" [firmware/nnet_utils/nnet_activation_stream.h:52]   --->   Operation 105 'zext' 'zext_ln52_11' <Predicate = true> <Delay = 0.00>
ST_1 : Operation 106 [1/1] (0.76ns)   --->   "%add_ln52_11 = add i8 %trunc_ln52_11, i8 %zext_ln52_11" [firmware/nnet_utils/nnet_activation_stream.h:52]   --->   Operation 106 'add' 'add_ln52_11' <Predicate = true> <Delay = 0.76> <CoreInst = "Adder">   --->   Core 1 'Adder' <Latency = 0> <II = 1> <Delay = 0.76> <FuncUnit> <Opcode : 'add' 'sub'> <InPorts = 2> <OutPorts = 1>
ST_1 : Operation 107 [1/1] (0.39ns)   --->   "%out_data_0_11_0_0_0_load = select i1 %icmp_ln51_11, i8 %add_ln52_11, i8 0" [firmware/nnet_utils/nnet_activation_stream.h:51]   --->   Operation 107 'select' 'out_data_0_11_0_0_0_load' <Predicate = true> <Delay = 0.39> <CoreInst = "Sel">   --->   Core 73 'Sel' <Latency = 0> <II = 1> <Delay = 0.39> <FuncUnit> <Opcode : 'select'> <InPorts = 3> <OutPorts = 1>
ST_1 : Operation 108 [1/1] (0.85ns)   --->   "%icmp_ln51_12 = icmp_sgt  i16 %trunc_ln44_12, i16 0" [firmware/nnet_utils/nnet_activation_stream.h:51]   --->   Operation 108 'icmp' 'icmp_ln51_12' <Predicate = true> <Delay = 0.85> <CoreInst = "Cmp">   --->   Core 9 'Cmp' <Latency = 0> <II = 1> <Delay = 0.85> <FuncUnit> <Opcode : 'seteq' 'setne' 'setle' 'setge' 'setlt' 'setgt'> <InPorts = 2> <OutPorts = 1>
ST_1 : Operation 109 [1/1] (0.00ns)   --->   "%trunc_ln52_12 = partselect i8 @_ssdm_op_PartSelect.i8.i512.i32.i32, i512 %layer6_out_read, i32 193, i32 200" [firmware/nnet_utils/nnet_activation_stream.h:52]   --->   Operation 109 'partselect' 'trunc_ln52_12' <Predicate = true> <Delay = 0.00>
ST_1 : Operation 110 [1/1] (0.00ns)   --->   "%tmp_87 = bitselect i1 @_ssdm_op_BitSelect.i1.i512.i32, i512 %layer6_out_read, i32 192" [firmware/nnet_utils/nnet_activation_stream.h:52]   --->   Operation 110 'bitselect' 'tmp_87' <Predicate = true> <Delay = 0.00>
ST_1 : Operation 111 [1/1] (0.00ns)   --->   "%zext_ln52_12 = zext i1 %tmp_87" [firmware/nnet_utils/nnet_activation_stream.h:52]   --->   Operation 111 'zext' 'zext_ln52_12' <Predicate = true> <Delay = 0.00>
ST_1 : Operation 112 [1/1] (0.76ns)   --->   "%add_ln52_12 = add i8 %trunc_ln52_12, i8 %zext_ln52_12" [firmware/nnet_utils/nnet_activation_stream.h:52]   --->   Operation 112 'add' 'add_ln52_12' <Predicate = true> <Delay = 0.76> <CoreInst = "Adder">   --->   Core 1 'Adder' <Latency = 0> <II = 1> <Delay = 0.76> <FuncUnit> <Opcode : 'add' 'sub'> <InPorts = 2> <OutPorts = 1>
ST_1 : Operation 113 [1/1] (0.39ns)   --->   "%out_data_0_12_0_0_0_load = select i1 %icmp_ln51_12, i8 %add_ln52_12, i8 0" [firmware/nnet_utils/nnet_activation_stream.h:51]   --->   Operation 113 'select' 'out_data_0_12_0_0_0_load' <Predicate = true> <Delay = 0.39> <CoreInst = "Sel">   --->   Core 73 'Sel' <Latency = 0> <II = 1> <Delay = 0.39> <FuncUnit> <Opcode : 'select'> <InPorts = 3> <OutPorts = 1>
ST_1 : Operation 114 [1/1] (0.85ns)   --->   "%icmp_ln51_13 = icmp_sgt  i16 %trunc_ln44_13, i16 0" [firmware/nnet_utils/nnet_activation_stream.h:51]   --->   Operation 114 'icmp' 'icmp_ln51_13' <Predicate = true> <Delay = 0.85> <CoreInst = "Cmp">   --->   Core 9 'Cmp' <Latency = 0> <II = 1> <Delay = 0.85> <FuncUnit> <Opcode : 'seteq' 'setne' 'setle' 'setge' 'setlt' 'setgt'> <InPorts = 2> <OutPorts = 1>
ST_1 : Operation 115 [1/1] (0.00ns)   --->   "%trunc_ln52_13 = partselect i8 @_ssdm_op_PartSelect.i8.i512.i32.i32, i512 %layer6_out_read, i32 209, i32 216" [firmware/nnet_utils/nnet_activation_stream.h:52]   --->   Operation 115 'partselect' 'trunc_ln52_13' <Predicate = true> <Delay = 0.00>
ST_1 : Operation 116 [1/1] (0.00ns)   --->   "%tmp_88 = bitselect i1 @_ssdm_op_BitSelect.i1.i512.i32, i512 %layer6_out_read, i32 208" [firmware/nnet_utils/nnet_activation_stream.h:52]   --->   Operation 116 'bitselect' 'tmp_88' <Predicate = true> <Delay = 0.00>
ST_1 : Operation 117 [1/1] (0.00ns)   --->   "%zext_ln52_13 = zext i1 %tmp_88" [firmware/nnet_utils/nnet_activation_stream.h:52]   --->   Operation 117 'zext' 'zext_ln52_13' <Predicate = true> <Delay = 0.00>
ST_1 : Operation 118 [1/1] (0.76ns)   --->   "%add_ln52_13 = add i8 %trunc_ln52_13, i8 %zext_ln52_13" [firmware/nnet_utils/nnet_activation_stream.h:52]   --->   Operation 118 'add' 'add_ln52_13' <Predicate = true> <Delay = 0.76> <CoreInst = "Adder">   --->   Core 1 'Adder' <Latency = 0> <II = 1> <Delay = 0.76> <FuncUnit> <Opcode : 'add' 'sub'> <InPorts = 2> <OutPorts = 1>
ST_1 : Operation 119 [1/1] (0.39ns)   --->   "%out_data_0_13_0_0_0_load = select i1 %icmp_ln51_13, i8 %add_ln52_13, i8 0" [firmware/nnet_utils/nnet_activation_stream.h:51]   --->   Operation 119 'select' 'out_data_0_13_0_0_0_load' <Predicate = true> <Delay = 0.39> <CoreInst = "Sel">   --->   Core 73 'Sel' <Latency = 0> <II = 1> <Delay = 0.39> <FuncUnit> <Opcode : 'select'> <InPorts = 3> <OutPorts = 1>
ST_1 : Operation 120 [1/1] (0.85ns)   --->   "%icmp_ln51_14 = icmp_sgt  i16 %trunc_ln44_14, i16 0" [firmware/nnet_utils/nnet_activation_stream.h:51]   --->   Operation 120 'icmp' 'icmp_ln51_14' <Predicate = true> <Delay = 0.85> <CoreInst = "Cmp">   --->   Core 9 'Cmp' <Latency = 0> <II = 1> <Delay = 0.85> <FuncUnit> <Opcode : 'seteq' 'setne' 'setle' 'setge' 'setlt' 'setgt'> <InPorts = 2> <OutPorts = 1>
ST_1 : Operation 121 [1/1] (0.00ns)   --->   "%trunc_ln52_14 = partselect i8 @_ssdm_op_PartSelect.i8.i512.i32.i32, i512 %layer6_out_read, i32 225, i32 232" [firmware/nnet_utils/nnet_activation_stream.h:52]   --->   Operation 121 'partselect' 'trunc_ln52_14' <Predicate = true> <Delay = 0.00>
ST_1 : Operation 122 [1/1] (0.00ns)   --->   "%tmp_89 = bitselect i1 @_ssdm_op_BitSelect.i1.i512.i32, i512 %layer6_out_read, i32 224" [firmware/nnet_utils/nnet_activation_stream.h:52]   --->   Operation 122 'bitselect' 'tmp_89' <Predicate = true> <Delay = 0.00>
ST_1 : Operation 123 [1/1] (0.00ns)   --->   "%zext_ln52_14 = zext i1 %tmp_89" [firmware/nnet_utils/nnet_activation_stream.h:52]   --->   Operation 123 'zext' 'zext_ln52_14' <Predicate = true> <Delay = 0.00>
ST_1 : Operation 124 [1/1] (0.76ns)   --->   "%add_ln52_14 = add i8 %trunc_ln52_14, i8 %zext_ln52_14" [firmware/nnet_utils/nnet_activation_stream.h:52]   --->   Operation 124 'add' 'add_ln52_14' <Predicate = true> <Delay = 0.76> <CoreInst = "Adder">   --->   Core 1 'Adder' <Latency = 0> <II = 1> <Delay = 0.76> <FuncUnit> <Opcode : 'add' 'sub'> <InPorts = 2> <OutPorts = 1>
ST_1 : Operation 125 [1/1] (0.39ns)   --->   "%out_data_0_14_0_0_0_load = select i1 %icmp_ln51_14, i8 %add_ln52_14, i8 0" [firmware/nnet_utils/nnet_activation_stream.h:51]   --->   Operation 125 'select' 'out_data_0_14_0_0_0_load' <Predicate = true> <Delay = 0.39> <CoreInst = "Sel">   --->   Core 73 'Sel' <Latency = 0> <II = 1> <Delay = 0.39> <FuncUnit> <Opcode : 'select'> <InPorts = 3> <OutPorts = 1>
ST_1 : Operation 126 [1/1] (0.85ns)   --->   "%icmp_ln51_15 = icmp_sgt  i16 %trunc_ln44_15, i16 0" [firmware/nnet_utils/nnet_activation_stream.h:51]   --->   Operation 126 'icmp' 'icmp_ln51_15' <Predicate = true> <Delay = 0.85> <CoreInst = "Cmp">   --->   Core 9 'Cmp' <Latency = 0> <II = 1> <Delay = 0.85> <FuncUnit> <Opcode : 'seteq' 'setne' 'setle' 'setge' 'setlt' 'setgt'> <InPorts = 2> <OutPorts = 1>
ST_1 : Operation 127 [1/1] (0.00ns)   --->   "%trunc_ln52_15 = partselect i8 @_ssdm_op_PartSelect.i8.i512.i32.i32, i512 %layer6_out_read, i32 241, i32 248" [firmware/nnet_utils/nnet_activation_stream.h:52]   --->   Operation 127 'partselect' 'trunc_ln52_15' <Predicate = true> <Delay = 0.00>
ST_1 : Operation 128 [1/1] (0.00ns)   --->   "%tmp_90 = bitselect i1 @_ssdm_op_BitSelect.i1.i512.i32, i512 %layer6_out_read, i32 240" [firmware/nnet_utils/nnet_activation_stream.h:52]   --->   Operation 128 'bitselect' 'tmp_90' <Predicate = true> <Delay = 0.00>
ST_1 : Operation 129 [1/1] (0.00ns)   --->   "%zext_ln52_15 = zext i1 %tmp_90" [firmware/nnet_utils/nnet_activation_stream.h:52]   --->   Operation 129 'zext' 'zext_ln52_15' <Predicate = true> <Delay = 0.00>
ST_1 : Operation 130 [1/1] (0.76ns)   --->   "%add_ln52_15 = add i8 %trunc_ln52_15, i8 %zext_ln52_15" [firmware/nnet_utils/nnet_activation_stream.h:52]   --->   Operation 130 'add' 'add_ln52_15' <Predicate = true> <Delay = 0.76> <CoreInst = "Adder">   --->   Core 1 'Adder' <Latency = 0> <II = 1> <Delay = 0.76> <FuncUnit> <Opcode : 'add' 'sub'> <InPorts = 2> <OutPorts = 1>
ST_1 : Operation 131 [1/1] (0.39ns)   --->   "%out_data_0_15_0_0_0_load = select i1 %icmp_ln51_15, i8 %add_ln52_15, i8 0" [firmware/nnet_utils/nnet_activation_stream.h:51]   --->   Operation 131 'select' 'out_data_0_15_0_0_0_load' <Predicate = true> <Delay = 0.39> <CoreInst = "Sel">   --->   Core 73 'Sel' <Latency = 0> <II = 1> <Delay = 0.39> <FuncUnit> <Opcode : 'select'> <InPorts = 3> <OutPorts = 1>
ST_1 : Operation 132 [1/1] (0.85ns)   --->   "%icmp_ln51_16 = icmp_sgt  i16 %trunc_ln44_16, i16 0" [firmware/nnet_utils/nnet_activation_stream.h:51]   --->   Operation 132 'icmp' 'icmp_ln51_16' <Predicate = true> <Delay = 0.85> <CoreInst = "Cmp">   --->   Core 9 'Cmp' <Latency = 0> <II = 1> <Delay = 0.85> <FuncUnit> <Opcode : 'seteq' 'setne' 'setle' 'setge' 'setlt' 'setgt'> <InPorts = 2> <OutPorts = 1>
ST_1 : Operation 133 [1/1] (0.00ns)   --->   "%trunc_ln52_16 = partselect i8 @_ssdm_op_PartSelect.i8.i512.i32.i32, i512 %layer6_out_read, i32 257, i32 264" [firmware/nnet_utils/nnet_activation_stream.h:52]   --->   Operation 133 'partselect' 'trunc_ln52_16' <Predicate = true> <Delay = 0.00>
ST_1 : Operation 134 [1/1] (0.00ns)   --->   "%tmp_91 = bitselect i1 @_ssdm_op_BitSelect.i1.i512.i32, i512 %layer6_out_read, i32 256" [firmware/nnet_utils/nnet_activation_stream.h:52]   --->   Operation 134 'bitselect' 'tmp_91' <Predicate = true> <Delay = 0.00>
ST_1 : Operation 135 [1/1] (0.00ns)   --->   "%zext_ln52_16 = zext i1 %tmp_91" [firmware/nnet_utils/nnet_activation_stream.h:52]   --->   Operation 135 'zext' 'zext_ln52_16' <Predicate = true> <Delay = 0.00>
ST_1 : Operation 136 [1/1] (0.76ns)   --->   "%add_ln52_16 = add i8 %trunc_ln52_16, i8 %zext_ln52_16" [firmware/nnet_utils/nnet_activation_stream.h:52]   --->   Operation 136 'add' 'add_ln52_16' <Predicate = true> <Delay = 0.76> <CoreInst = "Adder">   --->   Core 1 'Adder' <Latency = 0> <II = 1> <Delay = 0.76> <FuncUnit> <Opcode : 'add' 'sub'> <InPorts = 2> <OutPorts = 1>
ST_1 : Operation 137 [1/1] (0.39ns)   --->   "%out_data_0_16_0_0_0_load = select i1 %icmp_ln51_16, i8 %add_ln52_16, i8 0" [firmware/nnet_utils/nnet_activation_stream.h:51]   --->   Operation 137 'select' 'out_data_0_16_0_0_0_load' <Predicate = true> <Delay = 0.39> <CoreInst = "Sel">   --->   Core 73 'Sel' <Latency = 0> <II = 1> <Delay = 0.39> <FuncUnit> <Opcode : 'select'> <InPorts = 3> <OutPorts = 1>
ST_1 : Operation 138 [1/1] (0.85ns)   --->   "%icmp_ln51_17 = icmp_sgt  i16 %trunc_ln44_17, i16 0" [firmware/nnet_utils/nnet_activation_stream.h:51]   --->   Operation 138 'icmp' 'icmp_ln51_17' <Predicate = true> <Delay = 0.85> <CoreInst = "Cmp">   --->   Core 9 'Cmp' <Latency = 0> <II = 1> <Delay = 0.85> <FuncUnit> <Opcode : 'seteq' 'setne' 'setle' 'setge' 'setlt' 'setgt'> <InPorts = 2> <OutPorts = 1>
ST_1 : Operation 139 [1/1] (0.00ns)   --->   "%trunc_ln52_17 = partselect i8 @_ssdm_op_PartSelect.i8.i512.i32.i32, i512 %layer6_out_read, i32 273, i32 280" [firmware/nnet_utils/nnet_activation_stream.h:52]   --->   Operation 139 'partselect' 'trunc_ln52_17' <Predicate = true> <Delay = 0.00>
ST_1 : Operation 140 [1/1] (0.00ns)   --->   "%tmp_92 = bitselect i1 @_ssdm_op_BitSelect.i1.i512.i32, i512 %layer6_out_read, i32 272" [firmware/nnet_utils/nnet_activation_stream.h:52]   --->   Operation 140 'bitselect' 'tmp_92' <Predicate = true> <Delay = 0.00>
ST_1 : Operation 141 [1/1] (0.00ns)   --->   "%zext_ln52_17 = zext i1 %tmp_92" [firmware/nnet_utils/nnet_activation_stream.h:52]   --->   Operation 141 'zext' 'zext_ln52_17' <Predicate = true> <Delay = 0.00>
ST_1 : Operation 142 [1/1] (0.76ns)   --->   "%add_ln52_17 = add i8 %trunc_ln52_17, i8 %zext_ln52_17" [firmware/nnet_utils/nnet_activation_stream.h:52]   --->   Operation 142 'add' 'add_ln52_17' <Predicate = true> <Delay = 0.76> <CoreInst = "Adder">   --->   Core 1 'Adder' <Latency = 0> <II = 1> <Delay = 0.76> <FuncUnit> <Opcode : 'add' 'sub'> <InPorts = 2> <OutPorts = 1>
ST_1 : Operation 143 [1/1] (0.39ns)   --->   "%out_data_0_17_0_0_0_load = select i1 %icmp_ln51_17, i8 %add_ln52_17, i8 0" [firmware/nnet_utils/nnet_activation_stream.h:51]   --->   Operation 143 'select' 'out_data_0_17_0_0_0_load' <Predicate = true> <Delay = 0.39> <CoreInst = "Sel">   --->   Core 73 'Sel' <Latency = 0> <II = 1> <Delay = 0.39> <FuncUnit> <Opcode : 'select'> <InPorts = 3> <OutPorts = 1>
ST_1 : Operation 144 [1/1] (0.85ns)   --->   "%icmp_ln51_18 = icmp_sgt  i16 %trunc_ln44_18, i16 0" [firmware/nnet_utils/nnet_activation_stream.h:51]   --->   Operation 144 'icmp' 'icmp_ln51_18' <Predicate = true> <Delay = 0.85> <CoreInst = "Cmp">   --->   Core 9 'Cmp' <Latency = 0> <II = 1> <Delay = 0.85> <FuncUnit> <Opcode : 'seteq' 'setne' 'setle' 'setge' 'setlt' 'setgt'> <InPorts = 2> <OutPorts = 1>
ST_1 : Operation 145 [1/1] (0.00ns)   --->   "%trunc_ln52_18 = partselect i8 @_ssdm_op_PartSelect.i8.i512.i32.i32, i512 %layer6_out_read, i32 289, i32 296" [firmware/nnet_utils/nnet_activation_stream.h:52]   --->   Operation 145 'partselect' 'trunc_ln52_18' <Predicate = true> <Delay = 0.00>
ST_1 : Operation 146 [1/1] (0.00ns)   --->   "%tmp_93 = bitselect i1 @_ssdm_op_BitSelect.i1.i512.i32, i512 %layer6_out_read, i32 288" [firmware/nnet_utils/nnet_activation_stream.h:52]   --->   Operation 146 'bitselect' 'tmp_93' <Predicate = true> <Delay = 0.00>
ST_1 : Operation 147 [1/1] (0.00ns)   --->   "%zext_ln52_18 = zext i1 %tmp_93" [firmware/nnet_utils/nnet_activation_stream.h:52]   --->   Operation 147 'zext' 'zext_ln52_18' <Predicate = true> <Delay = 0.00>
ST_1 : Operation 148 [1/1] (0.76ns)   --->   "%add_ln52_18 = add i8 %trunc_ln52_18, i8 %zext_ln52_18" [firmware/nnet_utils/nnet_activation_stream.h:52]   --->   Operation 148 'add' 'add_ln52_18' <Predicate = true> <Delay = 0.76> <CoreInst = "Adder">   --->   Core 1 'Adder' <Latency = 0> <II = 1> <Delay = 0.76> <FuncUnit> <Opcode : 'add' 'sub'> <InPorts = 2> <OutPorts = 1>
ST_1 : Operation 149 [1/1] (0.39ns)   --->   "%out_data_0_18_0_0_0_load = select i1 %icmp_ln51_18, i8 %add_ln52_18, i8 0" [firmware/nnet_utils/nnet_activation_stream.h:51]   --->   Operation 149 'select' 'out_data_0_18_0_0_0_load' <Predicate = true> <Delay = 0.39> <CoreInst = "Sel">   --->   Core 73 'Sel' <Latency = 0> <II = 1> <Delay = 0.39> <FuncUnit> <Opcode : 'select'> <InPorts = 3> <OutPorts = 1>
ST_1 : Operation 150 [1/1] (0.85ns)   --->   "%icmp_ln51_19 = icmp_sgt  i16 %trunc_ln44_19, i16 0" [firmware/nnet_utils/nnet_activation_stream.h:51]   --->   Operation 150 'icmp' 'icmp_ln51_19' <Predicate = true> <Delay = 0.85> <CoreInst = "Cmp">   --->   Core 9 'Cmp' <Latency = 0> <II = 1> <Delay = 0.85> <FuncUnit> <Opcode : 'seteq' 'setne' 'setle' 'setge' 'setlt' 'setgt'> <InPorts = 2> <OutPorts = 1>
ST_1 : Operation 151 [1/1] (0.00ns)   --->   "%trunc_ln52_19 = partselect i8 @_ssdm_op_PartSelect.i8.i512.i32.i32, i512 %layer6_out_read, i32 305, i32 312" [firmware/nnet_utils/nnet_activation_stream.h:52]   --->   Operation 151 'partselect' 'trunc_ln52_19' <Predicate = true> <Delay = 0.00>
ST_1 : Operation 152 [1/1] (0.00ns)   --->   "%tmp_94 = bitselect i1 @_ssdm_op_BitSelect.i1.i512.i32, i512 %layer6_out_read, i32 304" [firmware/nnet_utils/nnet_activation_stream.h:52]   --->   Operation 152 'bitselect' 'tmp_94' <Predicate = true> <Delay = 0.00>
ST_1 : Operation 153 [1/1] (0.00ns)   --->   "%zext_ln52_19 = zext i1 %tmp_94" [firmware/nnet_utils/nnet_activation_stream.h:52]   --->   Operation 153 'zext' 'zext_ln52_19' <Predicate = true> <Delay = 0.00>
ST_1 : Operation 154 [1/1] (0.76ns)   --->   "%add_ln52_19 = add i8 %trunc_ln52_19, i8 %zext_ln52_19" [firmware/nnet_utils/nnet_activation_stream.h:52]   --->   Operation 154 'add' 'add_ln52_19' <Predicate = true> <Delay = 0.76> <CoreInst = "Adder">   --->   Core 1 'Adder' <Latency = 0> <II = 1> <Delay = 0.76> <FuncUnit> <Opcode : 'add' 'sub'> <InPorts = 2> <OutPorts = 1>
ST_1 : Operation 155 [1/1] (0.39ns)   --->   "%out_data_0_19_0_0_0_load = select i1 %icmp_ln51_19, i8 %add_ln52_19, i8 0" [firmware/nnet_utils/nnet_activation_stream.h:51]   --->   Operation 155 'select' 'out_data_0_19_0_0_0_load' <Predicate = true> <Delay = 0.39> <CoreInst = "Sel">   --->   Core 73 'Sel' <Latency = 0> <II = 1> <Delay = 0.39> <FuncUnit> <Opcode : 'select'> <InPorts = 3> <OutPorts = 1>
ST_1 : Operation 156 [1/1] (0.85ns)   --->   "%icmp_ln51_20 = icmp_sgt  i16 %trunc_ln44_20, i16 0" [firmware/nnet_utils/nnet_activation_stream.h:51]   --->   Operation 156 'icmp' 'icmp_ln51_20' <Predicate = true> <Delay = 0.85> <CoreInst = "Cmp">   --->   Core 9 'Cmp' <Latency = 0> <II = 1> <Delay = 0.85> <FuncUnit> <Opcode : 'seteq' 'setne' 'setle' 'setge' 'setlt' 'setgt'> <InPorts = 2> <OutPorts = 1>
ST_1 : Operation 157 [1/1] (0.00ns)   --->   "%trunc_ln52_20 = partselect i8 @_ssdm_op_PartSelect.i8.i512.i32.i32, i512 %layer6_out_read, i32 321, i32 328" [firmware/nnet_utils/nnet_activation_stream.h:52]   --->   Operation 157 'partselect' 'trunc_ln52_20' <Predicate = true> <Delay = 0.00>
ST_1 : Operation 158 [1/1] (0.00ns)   --->   "%tmp_95 = bitselect i1 @_ssdm_op_BitSelect.i1.i512.i32, i512 %layer6_out_read, i32 320" [firmware/nnet_utils/nnet_activation_stream.h:52]   --->   Operation 158 'bitselect' 'tmp_95' <Predicate = true> <Delay = 0.00>
ST_1 : Operation 159 [1/1] (0.00ns)   --->   "%zext_ln52_20 = zext i1 %tmp_95" [firmware/nnet_utils/nnet_activation_stream.h:52]   --->   Operation 159 'zext' 'zext_ln52_20' <Predicate = true> <Delay = 0.00>
ST_1 : Operation 160 [1/1] (0.76ns)   --->   "%add_ln52_20 = add i8 %trunc_ln52_20, i8 %zext_ln52_20" [firmware/nnet_utils/nnet_activation_stream.h:52]   --->   Operation 160 'add' 'add_ln52_20' <Predicate = true> <Delay = 0.76> <CoreInst = "Adder">   --->   Core 1 'Adder' <Latency = 0> <II = 1> <Delay = 0.76> <FuncUnit> <Opcode : 'add' 'sub'> <InPorts = 2> <OutPorts = 1>
ST_1 : Operation 161 [1/1] (0.39ns)   --->   "%out_data_0_20_0_0_0_load = select i1 %icmp_ln51_20, i8 %add_ln52_20, i8 0" [firmware/nnet_utils/nnet_activation_stream.h:51]   --->   Operation 161 'select' 'out_data_0_20_0_0_0_load' <Predicate = true> <Delay = 0.39> <CoreInst = "Sel">   --->   Core 73 'Sel' <Latency = 0> <II = 1> <Delay = 0.39> <FuncUnit> <Opcode : 'select'> <InPorts = 3> <OutPorts = 1>
ST_1 : Operation 162 [1/1] (0.85ns)   --->   "%icmp_ln51_21 = icmp_sgt  i16 %trunc_ln44_21, i16 0" [firmware/nnet_utils/nnet_activation_stream.h:51]   --->   Operation 162 'icmp' 'icmp_ln51_21' <Predicate = true> <Delay = 0.85> <CoreInst = "Cmp">   --->   Core 9 'Cmp' <Latency = 0> <II = 1> <Delay = 0.85> <FuncUnit> <Opcode : 'seteq' 'setne' 'setle' 'setge' 'setlt' 'setgt'> <InPorts = 2> <OutPorts = 1>
ST_1 : Operation 163 [1/1] (0.00ns)   --->   "%trunc_ln52_21 = partselect i8 @_ssdm_op_PartSelect.i8.i512.i32.i32, i512 %layer6_out_read, i32 337, i32 344" [firmware/nnet_utils/nnet_activation_stream.h:52]   --->   Operation 163 'partselect' 'trunc_ln52_21' <Predicate = true> <Delay = 0.00>
ST_1 : Operation 164 [1/1] (0.00ns)   --->   "%tmp_96 = bitselect i1 @_ssdm_op_BitSelect.i1.i512.i32, i512 %layer6_out_read, i32 336" [firmware/nnet_utils/nnet_activation_stream.h:52]   --->   Operation 164 'bitselect' 'tmp_96' <Predicate = true> <Delay = 0.00>
ST_1 : Operation 165 [1/1] (0.00ns)   --->   "%zext_ln52_21 = zext i1 %tmp_96" [firmware/nnet_utils/nnet_activation_stream.h:52]   --->   Operation 165 'zext' 'zext_ln52_21' <Predicate = true> <Delay = 0.00>
ST_1 : Operation 166 [1/1] (0.76ns)   --->   "%add_ln52_21 = add i8 %trunc_ln52_21, i8 %zext_ln52_21" [firmware/nnet_utils/nnet_activation_stream.h:52]   --->   Operation 166 'add' 'add_ln52_21' <Predicate = true> <Delay = 0.76> <CoreInst = "Adder">   --->   Core 1 'Adder' <Latency = 0> <II = 1> <Delay = 0.76> <FuncUnit> <Opcode : 'add' 'sub'> <InPorts = 2> <OutPorts = 1>
ST_1 : Operation 167 [1/1] (0.39ns)   --->   "%out_data_0_21_0_0_0_load = select i1 %icmp_ln51_21, i8 %add_ln52_21, i8 0" [firmware/nnet_utils/nnet_activation_stream.h:51]   --->   Operation 167 'select' 'out_data_0_21_0_0_0_load' <Predicate = true> <Delay = 0.39> <CoreInst = "Sel">   --->   Core 73 'Sel' <Latency = 0> <II = 1> <Delay = 0.39> <FuncUnit> <Opcode : 'select'> <InPorts = 3> <OutPorts = 1>
ST_1 : Operation 168 [1/1] (0.85ns)   --->   "%icmp_ln51_22 = icmp_sgt  i16 %trunc_ln44_22, i16 0" [firmware/nnet_utils/nnet_activation_stream.h:51]   --->   Operation 168 'icmp' 'icmp_ln51_22' <Predicate = true> <Delay = 0.85> <CoreInst = "Cmp">   --->   Core 9 'Cmp' <Latency = 0> <II = 1> <Delay = 0.85> <FuncUnit> <Opcode : 'seteq' 'setne' 'setle' 'setge' 'setlt' 'setgt'> <InPorts = 2> <OutPorts = 1>
ST_1 : Operation 169 [1/1] (0.00ns)   --->   "%trunc_ln52_22 = partselect i8 @_ssdm_op_PartSelect.i8.i512.i32.i32, i512 %layer6_out_read, i32 353, i32 360" [firmware/nnet_utils/nnet_activation_stream.h:52]   --->   Operation 169 'partselect' 'trunc_ln52_22' <Predicate = true> <Delay = 0.00>
ST_1 : Operation 170 [1/1] (0.00ns)   --->   "%tmp_97 = bitselect i1 @_ssdm_op_BitSelect.i1.i512.i32, i512 %layer6_out_read, i32 352" [firmware/nnet_utils/nnet_activation_stream.h:52]   --->   Operation 170 'bitselect' 'tmp_97' <Predicate = true> <Delay = 0.00>
ST_1 : Operation 171 [1/1] (0.00ns)   --->   "%zext_ln52_22 = zext i1 %tmp_97" [firmware/nnet_utils/nnet_activation_stream.h:52]   --->   Operation 171 'zext' 'zext_ln52_22' <Predicate = true> <Delay = 0.00>
ST_1 : Operation 172 [1/1] (0.76ns)   --->   "%add_ln52_22 = add i8 %trunc_ln52_22, i8 %zext_ln52_22" [firmware/nnet_utils/nnet_activation_stream.h:52]   --->   Operation 172 'add' 'add_ln52_22' <Predicate = true> <Delay = 0.76> <CoreInst = "Adder">   --->   Core 1 'Adder' <Latency = 0> <II = 1> <Delay = 0.76> <FuncUnit> <Opcode : 'add' 'sub'> <InPorts = 2> <OutPorts = 1>
ST_1 : Operation 173 [1/1] (0.39ns)   --->   "%out_data_0_22_0_0_0_load = select i1 %icmp_ln51_22, i8 %add_ln52_22, i8 0" [firmware/nnet_utils/nnet_activation_stream.h:51]   --->   Operation 173 'select' 'out_data_0_22_0_0_0_load' <Predicate = true> <Delay = 0.39> <CoreInst = "Sel">   --->   Core 73 'Sel' <Latency = 0> <II = 1> <Delay = 0.39> <FuncUnit> <Opcode : 'select'> <InPorts = 3> <OutPorts = 1>
ST_1 : Operation 174 [1/1] (0.85ns)   --->   "%icmp_ln51_23 = icmp_sgt  i16 %trunc_ln44_23, i16 0" [firmware/nnet_utils/nnet_activation_stream.h:51]   --->   Operation 174 'icmp' 'icmp_ln51_23' <Predicate = true> <Delay = 0.85> <CoreInst = "Cmp">   --->   Core 9 'Cmp' <Latency = 0> <II = 1> <Delay = 0.85> <FuncUnit> <Opcode : 'seteq' 'setne' 'setle' 'setge' 'setlt' 'setgt'> <InPorts = 2> <OutPorts = 1>
ST_1 : Operation 175 [1/1] (0.00ns)   --->   "%trunc_ln52_23 = partselect i8 @_ssdm_op_PartSelect.i8.i512.i32.i32, i512 %layer6_out_read, i32 369, i32 376" [firmware/nnet_utils/nnet_activation_stream.h:52]   --->   Operation 175 'partselect' 'trunc_ln52_23' <Predicate = true> <Delay = 0.00>
ST_1 : Operation 176 [1/1] (0.00ns)   --->   "%tmp_98 = bitselect i1 @_ssdm_op_BitSelect.i1.i512.i32, i512 %layer6_out_read, i32 368" [firmware/nnet_utils/nnet_activation_stream.h:52]   --->   Operation 176 'bitselect' 'tmp_98' <Predicate = true> <Delay = 0.00>
ST_1 : Operation 177 [1/1] (0.00ns)   --->   "%zext_ln52_23 = zext i1 %tmp_98" [firmware/nnet_utils/nnet_activation_stream.h:52]   --->   Operation 177 'zext' 'zext_ln52_23' <Predicate = true> <Delay = 0.00>
ST_1 : Operation 178 [1/1] (0.76ns)   --->   "%add_ln52_23 = add i8 %trunc_ln52_23, i8 %zext_ln52_23" [firmware/nnet_utils/nnet_activation_stream.h:52]   --->   Operation 178 'add' 'add_ln52_23' <Predicate = true> <Delay = 0.76> <CoreInst = "Adder">   --->   Core 1 'Adder' <Latency = 0> <II = 1> <Delay = 0.76> <FuncUnit> <Opcode : 'add' 'sub'> <InPorts = 2> <OutPorts = 1>
ST_1 : Operation 179 [1/1] (0.39ns)   --->   "%out_data_0_23_0_0_0_load = select i1 %icmp_ln51_23, i8 %add_ln52_23, i8 0" [firmware/nnet_utils/nnet_activation_stream.h:51]   --->   Operation 179 'select' 'out_data_0_23_0_0_0_load' <Predicate = true> <Delay = 0.39> <CoreInst = "Sel">   --->   Core 73 'Sel' <Latency = 0> <II = 1> <Delay = 0.39> <FuncUnit> <Opcode : 'select'> <InPorts = 3> <OutPorts = 1>
ST_1 : Operation 180 [1/1] (0.85ns)   --->   "%icmp_ln51_24 = icmp_sgt  i16 %trunc_ln44_24, i16 0" [firmware/nnet_utils/nnet_activation_stream.h:51]   --->   Operation 180 'icmp' 'icmp_ln51_24' <Predicate = true> <Delay = 0.85> <CoreInst = "Cmp">   --->   Core 9 'Cmp' <Latency = 0> <II = 1> <Delay = 0.85> <FuncUnit> <Opcode : 'seteq' 'setne' 'setle' 'setge' 'setlt' 'setgt'> <InPorts = 2> <OutPorts = 1>
ST_1 : Operation 181 [1/1] (0.00ns)   --->   "%trunc_ln52_24 = partselect i8 @_ssdm_op_PartSelect.i8.i512.i32.i32, i512 %layer6_out_read, i32 385, i32 392" [firmware/nnet_utils/nnet_activation_stream.h:52]   --->   Operation 181 'partselect' 'trunc_ln52_24' <Predicate = true> <Delay = 0.00>
ST_1 : Operation 182 [1/1] (0.00ns)   --->   "%tmp_99 = bitselect i1 @_ssdm_op_BitSelect.i1.i512.i32, i512 %layer6_out_read, i32 384" [firmware/nnet_utils/nnet_activation_stream.h:52]   --->   Operation 182 'bitselect' 'tmp_99' <Predicate = true> <Delay = 0.00>
ST_1 : Operation 183 [1/1] (0.00ns)   --->   "%zext_ln52_24 = zext i1 %tmp_99" [firmware/nnet_utils/nnet_activation_stream.h:52]   --->   Operation 183 'zext' 'zext_ln52_24' <Predicate = true> <Delay = 0.00>
ST_1 : Operation 184 [1/1] (0.76ns)   --->   "%add_ln52_24 = add i8 %trunc_ln52_24, i8 %zext_ln52_24" [firmware/nnet_utils/nnet_activation_stream.h:52]   --->   Operation 184 'add' 'add_ln52_24' <Predicate = true> <Delay = 0.76> <CoreInst = "Adder">   --->   Core 1 'Adder' <Latency = 0> <II = 1> <Delay = 0.76> <FuncUnit> <Opcode : 'add' 'sub'> <InPorts = 2> <OutPorts = 1>
ST_1 : Operation 185 [1/1] (0.39ns)   --->   "%out_data_0_24_0_0_0_load = select i1 %icmp_ln51_24, i8 %add_ln52_24, i8 0" [firmware/nnet_utils/nnet_activation_stream.h:51]   --->   Operation 185 'select' 'out_data_0_24_0_0_0_load' <Predicate = true> <Delay = 0.39> <CoreInst = "Sel">   --->   Core 73 'Sel' <Latency = 0> <II = 1> <Delay = 0.39> <FuncUnit> <Opcode : 'select'> <InPorts = 3> <OutPorts = 1>
ST_1 : Operation 186 [1/1] (0.85ns)   --->   "%icmp_ln51_25 = icmp_sgt  i16 %trunc_ln44_25, i16 0" [firmware/nnet_utils/nnet_activation_stream.h:51]   --->   Operation 186 'icmp' 'icmp_ln51_25' <Predicate = true> <Delay = 0.85> <CoreInst = "Cmp">   --->   Core 9 'Cmp' <Latency = 0> <II = 1> <Delay = 0.85> <FuncUnit> <Opcode : 'seteq' 'setne' 'setle' 'setge' 'setlt' 'setgt'> <InPorts = 2> <OutPorts = 1>
ST_1 : Operation 187 [1/1] (0.00ns)   --->   "%trunc_ln52_25 = partselect i8 @_ssdm_op_PartSelect.i8.i512.i32.i32, i512 %layer6_out_read, i32 401, i32 408" [firmware/nnet_utils/nnet_activation_stream.h:52]   --->   Operation 187 'partselect' 'trunc_ln52_25' <Predicate = true> <Delay = 0.00>
ST_1 : Operation 188 [1/1] (0.00ns)   --->   "%tmp_100 = bitselect i1 @_ssdm_op_BitSelect.i1.i512.i32, i512 %layer6_out_read, i32 400" [firmware/nnet_utils/nnet_activation_stream.h:52]   --->   Operation 188 'bitselect' 'tmp_100' <Predicate = true> <Delay = 0.00>
ST_1 : Operation 189 [1/1] (0.00ns)   --->   "%zext_ln52_25 = zext i1 %tmp_100" [firmware/nnet_utils/nnet_activation_stream.h:52]   --->   Operation 189 'zext' 'zext_ln52_25' <Predicate = true> <Delay = 0.00>
ST_1 : Operation 190 [1/1] (0.76ns)   --->   "%add_ln52_25 = add i8 %trunc_ln52_25, i8 %zext_ln52_25" [firmware/nnet_utils/nnet_activation_stream.h:52]   --->   Operation 190 'add' 'add_ln52_25' <Predicate = true> <Delay = 0.76> <CoreInst = "Adder">   --->   Core 1 'Adder' <Latency = 0> <II = 1> <Delay = 0.76> <FuncUnit> <Opcode : 'add' 'sub'> <InPorts = 2> <OutPorts = 1>
ST_1 : Operation 191 [1/1] (0.39ns)   --->   "%out_data_0_25_0_0_0_load = select i1 %icmp_ln51_25, i8 %add_ln52_25, i8 0" [firmware/nnet_utils/nnet_activation_stream.h:51]   --->   Operation 191 'select' 'out_data_0_25_0_0_0_load' <Predicate = true> <Delay = 0.39> <CoreInst = "Sel">   --->   Core 73 'Sel' <Latency = 0> <II = 1> <Delay = 0.39> <FuncUnit> <Opcode : 'select'> <InPorts = 3> <OutPorts = 1>
ST_1 : Operation 192 [1/1] (0.85ns)   --->   "%icmp_ln51_26 = icmp_sgt  i16 %trunc_ln44_26, i16 0" [firmware/nnet_utils/nnet_activation_stream.h:51]   --->   Operation 192 'icmp' 'icmp_ln51_26' <Predicate = true> <Delay = 0.85> <CoreInst = "Cmp">   --->   Core 9 'Cmp' <Latency = 0> <II = 1> <Delay = 0.85> <FuncUnit> <Opcode : 'seteq' 'setne' 'setle' 'setge' 'setlt' 'setgt'> <InPorts = 2> <OutPorts = 1>
ST_1 : Operation 193 [1/1] (0.00ns)   --->   "%trunc_ln52_26 = partselect i8 @_ssdm_op_PartSelect.i8.i512.i32.i32, i512 %layer6_out_read, i32 417, i32 424" [firmware/nnet_utils/nnet_activation_stream.h:52]   --->   Operation 193 'partselect' 'trunc_ln52_26' <Predicate = true> <Delay = 0.00>
ST_1 : Operation 194 [1/1] (0.00ns)   --->   "%tmp_101 = bitselect i1 @_ssdm_op_BitSelect.i1.i512.i32, i512 %layer6_out_read, i32 416" [firmware/nnet_utils/nnet_activation_stream.h:52]   --->   Operation 194 'bitselect' 'tmp_101' <Predicate = true> <Delay = 0.00>
ST_1 : Operation 195 [1/1] (0.00ns)   --->   "%zext_ln52_26 = zext i1 %tmp_101" [firmware/nnet_utils/nnet_activation_stream.h:52]   --->   Operation 195 'zext' 'zext_ln52_26' <Predicate = true> <Delay = 0.00>
ST_1 : Operation 196 [1/1] (0.76ns)   --->   "%add_ln52_26 = add i8 %trunc_ln52_26, i8 %zext_ln52_26" [firmware/nnet_utils/nnet_activation_stream.h:52]   --->   Operation 196 'add' 'add_ln52_26' <Predicate = true> <Delay = 0.76> <CoreInst = "Adder">   --->   Core 1 'Adder' <Latency = 0> <II = 1> <Delay = 0.76> <FuncUnit> <Opcode : 'add' 'sub'> <InPorts = 2> <OutPorts = 1>
ST_1 : Operation 197 [1/1] (0.39ns)   --->   "%out_data_0_26_0_0_0_load = select i1 %icmp_ln51_26, i8 %add_ln52_26, i8 0" [firmware/nnet_utils/nnet_activation_stream.h:51]   --->   Operation 197 'select' 'out_data_0_26_0_0_0_load' <Predicate = true> <Delay = 0.39> <CoreInst = "Sel">   --->   Core 73 'Sel' <Latency = 0> <II = 1> <Delay = 0.39> <FuncUnit> <Opcode : 'select'> <InPorts = 3> <OutPorts = 1>
ST_1 : Operation 198 [1/1] (0.85ns)   --->   "%icmp_ln51_27 = icmp_sgt  i16 %trunc_ln44_27, i16 0" [firmware/nnet_utils/nnet_activation_stream.h:51]   --->   Operation 198 'icmp' 'icmp_ln51_27' <Predicate = true> <Delay = 0.85> <CoreInst = "Cmp">   --->   Core 9 'Cmp' <Latency = 0> <II = 1> <Delay = 0.85> <FuncUnit> <Opcode : 'seteq' 'setne' 'setle' 'setge' 'setlt' 'setgt'> <InPorts = 2> <OutPorts = 1>
ST_1 : Operation 199 [1/1] (0.00ns)   --->   "%trunc_ln52_27 = partselect i8 @_ssdm_op_PartSelect.i8.i512.i32.i32, i512 %layer6_out_read, i32 433, i32 440" [firmware/nnet_utils/nnet_activation_stream.h:52]   --->   Operation 199 'partselect' 'trunc_ln52_27' <Predicate = true> <Delay = 0.00>
ST_1 : Operation 200 [1/1] (0.00ns)   --->   "%tmp_102 = bitselect i1 @_ssdm_op_BitSelect.i1.i512.i32, i512 %layer6_out_read, i32 432" [firmware/nnet_utils/nnet_activation_stream.h:52]   --->   Operation 200 'bitselect' 'tmp_102' <Predicate = true> <Delay = 0.00>
ST_1 : Operation 201 [1/1] (0.00ns)   --->   "%zext_ln52_27 = zext i1 %tmp_102" [firmware/nnet_utils/nnet_activation_stream.h:52]   --->   Operation 201 'zext' 'zext_ln52_27' <Predicate = true> <Delay = 0.00>
ST_1 : Operation 202 [1/1] (0.76ns)   --->   "%add_ln52_27 = add i8 %trunc_ln52_27, i8 %zext_ln52_27" [firmware/nnet_utils/nnet_activation_stream.h:52]   --->   Operation 202 'add' 'add_ln52_27' <Predicate = true> <Delay = 0.76> <CoreInst = "Adder">   --->   Core 1 'Adder' <Latency = 0> <II = 1> <Delay = 0.76> <FuncUnit> <Opcode : 'add' 'sub'> <InPorts = 2> <OutPorts = 1>
ST_1 : Operation 203 [1/1] (0.39ns)   --->   "%out_data_0_27_0_0_0_load = select i1 %icmp_ln51_27, i8 %add_ln52_27, i8 0" [firmware/nnet_utils/nnet_activation_stream.h:51]   --->   Operation 203 'select' 'out_data_0_27_0_0_0_load' <Predicate = true> <Delay = 0.39> <CoreInst = "Sel">   --->   Core 73 'Sel' <Latency = 0> <II = 1> <Delay = 0.39> <FuncUnit> <Opcode : 'select'> <InPorts = 3> <OutPorts = 1>
ST_1 : Operation 204 [1/1] (0.85ns)   --->   "%icmp_ln51_28 = icmp_sgt  i16 %trunc_ln44_28, i16 0" [firmware/nnet_utils/nnet_activation_stream.h:51]   --->   Operation 204 'icmp' 'icmp_ln51_28' <Predicate = true> <Delay = 0.85> <CoreInst = "Cmp">   --->   Core 9 'Cmp' <Latency = 0> <II = 1> <Delay = 0.85> <FuncUnit> <Opcode : 'seteq' 'setne' 'setle' 'setge' 'setlt' 'setgt'> <InPorts = 2> <OutPorts = 1>
ST_1 : Operation 205 [1/1] (0.00ns)   --->   "%trunc_ln52_28 = partselect i8 @_ssdm_op_PartSelect.i8.i512.i32.i32, i512 %layer6_out_read, i32 449, i32 456" [firmware/nnet_utils/nnet_activation_stream.h:52]   --->   Operation 205 'partselect' 'trunc_ln52_28' <Predicate = true> <Delay = 0.00>
ST_1 : Operation 206 [1/1] (0.00ns)   --->   "%tmp_103 = bitselect i1 @_ssdm_op_BitSelect.i1.i512.i32, i512 %layer6_out_read, i32 448" [firmware/nnet_utils/nnet_activation_stream.h:52]   --->   Operation 206 'bitselect' 'tmp_103' <Predicate = true> <Delay = 0.00>
ST_1 : Operation 207 [1/1] (0.00ns)   --->   "%zext_ln52_28 = zext i1 %tmp_103" [firmware/nnet_utils/nnet_activation_stream.h:52]   --->   Operation 207 'zext' 'zext_ln52_28' <Predicate = true> <Delay = 0.00>
ST_1 : Operation 208 [1/1] (0.76ns)   --->   "%add_ln52_28 = add i8 %trunc_ln52_28, i8 %zext_ln52_28" [firmware/nnet_utils/nnet_activation_stream.h:52]   --->   Operation 208 'add' 'add_ln52_28' <Predicate = true> <Delay = 0.76> <CoreInst = "Adder">   --->   Core 1 'Adder' <Latency = 0> <II = 1> <Delay = 0.76> <FuncUnit> <Opcode : 'add' 'sub'> <InPorts = 2> <OutPorts = 1>
ST_1 : Operation 209 [1/1] (0.39ns)   --->   "%out_data_0_28_0_0_0_load = select i1 %icmp_ln51_28, i8 %add_ln52_28, i8 0" [firmware/nnet_utils/nnet_activation_stream.h:51]   --->   Operation 209 'select' 'out_data_0_28_0_0_0_load' <Predicate = true> <Delay = 0.39> <CoreInst = "Sel">   --->   Core 73 'Sel' <Latency = 0> <II = 1> <Delay = 0.39> <FuncUnit> <Opcode : 'select'> <InPorts = 3> <OutPorts = 1>
ST_1 : Operation 210 [1/1] (0.85ns)   --->   "%icmp_ln51_29 = icmp_sgt  i16 %trunc_ln44_29, i16 0" [firmware/nnet_utils/nnet_activation_stream.h:51]   --->   Operation 210 'icmp' 'icmp_ln51_29' <Predicate = true> <Delay = 0.85> <CoreInst = "Cmp">   --->   Core 9 'Cmp' <Latency = 0> <II = 1> <Delay = 0.85> <FuncUnit> <Opcode : 'seteq' 'setne' 'setle' 'setge' 'setlt' 'setgt'> <InPorts = 2> <OutPorts = 1>
ST_1 : Operation 211 [1/1] (0.00ns)   --->   "%trunc_ln52_29 = partselect i8 @_ssdm_op_PartSelect.i8.i512.i32.i32, i512 %layer6_out_read, i32 465, i32 472" [firmware/nnet_utils/nnet_activation_stream.h:52]   --->   Operation 211 'partselect' 'trunc_ln52_29' <Predicate = true> <Delay = 0.00>
ST_1 : Operation 212 [1/1] (0.00ns)   --->   "%tmp_104 = bitselect i1 @_ssdm_op_BitSelect.i1.i512.i32, i512 %layer6_out_read, i32 464" [firmware/nnet_utils/nnet_activation_stream.h:52]   --->   Operation 212 'bitselect' 'tmp_104' <Predicate = true> <Delay = 0.00>
ST_1 : Operation 213 [1/1] (0.00ns)   --->   "%zext_ln52_29 = zext i1 %tmp_104" [firmware/nnet_utils/nnet_activation_stream.h:52]   --->   Operation 213 'zext' 'zext_ln52_29' <Predicate = true> <Delay = 0.00>
ST_1 : Operation 214 [1/1] (0.76ns)   --->   "%add_ln52_29 = add i8 %trunc_ln52_29, i8 %zext_ln52_29" [firmware/nnet_utils/nnet_activation_stream.h:52]   --->   Operation 214 'add' 'add_ln52_29' <Predicate = true> <Delay = 0.76> <CoreInst = "Adder">   --->   Core 1 'Adder' <Latency = 0> <II = 1> <Delay = 0.76> <FuncUnit> <Opcode : 'add' 'sub'> <InPorts = 2> <OutPorts = 1>
ST_1 : Operation 215 [1/1] (0.39ns)   --->   "%out_data_0_29_0_0_0_load = select i1 %icmp_ln51_29, i8 %add_ln52_29, i8 0" [firmware/nnet_utils/nnet_activation_stream.h:51]   --->   Operation 215 'select' 'out_data_0_29_0_0_0_load' <Predicate = true> <Delay = 0.39> <CoreInst = "Sel">   --->   Core 73 'Sel' <Latency = 0> <II = 1> <Delay = 0.39> <FuncUnit> <Opcode : 'select'> <InPorts = 3> <OutPorts = 1>
ST_1 : Operation 216 [1/1] (0.85ns)   --->   "%icmp_ln51_30 = icmp_sgt  i16 %trunc_ln44_30, i16 0" [firmware/nnet_utils/nnet_activation_stream.h:51]   --->   Operation 216 'icmp' 'icmp_ln51_30' <Predicate = true> <Delay = 0.85> <CoreInst = "Cmp">   --->   Core 9 'Cmp' <Latency = 0> <II = 1> <Delay = 0.85> <FuncUnit> <Opcode : 'seteq' 'setne' 'setle' 'setge' 'setlt' 'setgt'> <InPorts = 2> <OutPorts = 1>
ST_1 : Operation 217 [1/1] (0.00ns)   --->   "%trunc_ln52_30 = partselect i8 @_ssdm_op_PartSelect.i8.i512.i32.i32, i512 %layer6_out_read, i32 481, i32 488" [firmware/nnet_utils/nnet_activation_stream.h:52]   --->   Operation 217 'partselect' 'trunc_ln52_30' <Predicate = true> <Delay = 0.00>
ST_1 : Operation 218 [1/1] (0.00ns)   --->   "%tmp_105 = bitselect i1 @_ssdm_op_BitSelect.i1.i512.i32, i512 %layer6_out_read, i32 480" [firmware/nnet_utils/nnet_activation_stream.h:52]   --->   Operation 218 'bitselect' 'tmp_105' <Predicate = true> <Delay = 0.00>
ST_1 : Operation 219 [1/1] (0.00ns)   --->   "%zext_ln52_30 = zext i1 %tmp_105" [firmware/nnet_utils/nnet_activation_stream.h:52]   --->   Operation 219 'zext' 'zext_ln52_30' <Predicate = true> <Delay = 0.00>
ST_1 : Operation 220 [1/1] (0.76ns)   --->   "%add_ln52_30 = add i8 %trunc_ln52_30, i8 %zext_ln52_30" [firmware/nnet_utils/nnet_activation_stream.h:52]   --->   Operation 220 'add' 'add_ln52_30' <Predicate = true> <Delay = 0.76> <CoreInst = "Adder">   --->   Core 1 'Adder' <Latency = 0> <II = 1> <Delay = 0.76> <FuncUnit> <Opcode : 'add' 'sub'> <InPorts = 2> <OutPorts = 1>
ST_1 : Operation 221 [1/1] (0.39ns)   --->   "%out_data_0_30_0_0_0_load = select i1 %icmp_ln51_30, i8 %add_ln52_30, i8 0" [firmware/nnet_utils/nnet_activation_stream.h:51]   --->   Operation 221 'select' 'out_data_0_30_0_0_0_load' <Predicate = true> <Delay = 0.39> <CoreInst = "Sel">   --->   Core 73 'Sel' <Latency = 0> <II = 1> <Delay = 0.39> <FuncUnit> <Opcode : 'select'> <InPorts = 3> <OutPorts = 1>
ST_1 : Operation 222 [1/1] (0.85ns)   --->   "%icmp_ln51_31 = icmp_sgt  i16 %trunc_ln44_31, i16 0" [firmware/nnet_utils/nnet_activation_stream.h:51]   --->   Operation 222 'icmp' 'icmp_ln51_31' <Predicate = true> <Delay = 0.85> <CoreInst = "Cmp">   --->   Core 9 'Cmp' <Latency = 0> <II = 1> <Delay = 0.85> <FuncUnit> <Opcode : 'seteq' 'setne' 'setle' 'setge' 'setlt' 'setgt'> <InPorts = 2> <OutPorts = 1>
ST_1 : Operation 223 [1/1] (0.00ns)   --->   "%trunc_ln52_31 = partselect i8 @_ssdm_op_PartSelect.i8.i512.i32.i32, i512 %layer6_out_read, i32 497, i32 504" [firmware/nnet_utils/nnet_activation_stream.h:52]   --->   Operation 223 'partselect' 'trunc_ln52_31' <Predicate = true> <Delay = 0.00>
ST_1 : Operation 224 [1/1] (0.00ns)   --->   "%tmp_106 = bitselect i1 @_ssdm_op_BitSelect.i1.i512.i32, i512 %layer6_out_read, i32 496" [firmware/nnet_utils/nnet_activation_stream.h:52]   --->   Operation 224 'bitselect' 'tmp_106' <Predicate = true> <Delay = 0.00>
ST_1 : Operation 225 [1/1] (0.00ns)   --->   "%zext_ln52_31 = zext i1 %tmp_106" [firmware/nnet_utils/nnet_activation_stream.h:52]   --->   Operation 225 'zext' 'zext_ln52_31' <Predicate = true> <Delay = 0.00>
ST_1 : Operation 226 [1/1] (0.76ns)   --->   "%add_ln52_31 = add i8 %trunc_ln52_31, i8 %zext_ln52_31" [firmware/nnet_utils/nnet_activation_stream.h:52]   --->   Operation 226 'add' 'add_ln52_31' <Predicate = true> <Delay = 0.76> <CoreInst = "Adder">   --->   Core 1 'Adder' <Latency = 0> <II = 1> <Delay = 0.76> <FuncUnit> <Opcode : 'add' 'sub'> <InPorts = 2> <OutPorts = 1>
ST_1 : Operation 227 [1/1] (0.39ns)   --->   "%storemerge210 = select i1 %icmp_ln51_31, i8 %add_ln52_31, i8 0" [firmware/nnet_utils/nnet_activation_stream.h:51]   --->   Operation 227 'select' 'storemerge210' <Predicate = true> <Delay = 0.39> <CoreInst = "Sel">   --->   Core 73 'Sel' <Latency = 0> <II = 1> <Delay = 0.39> <FuncUnit> <Opcode : 'select'> <InPorts = 3> <OutPorts = 1>

State 2 <SV = 1> <Delay = 1.83>
ST_2 : Operation 228 [1/1] (0.00ns)   --->   "%specinterface_ln0 = specinterface void @_ssdm_op_SpecInterface, i256 %layer7_out, void @empty_9, i32 0, i32 0, void @empty_14, i32 0, i32 0, void @empty_14, void @empty_14, void @empty_14, i32 0, i32 0, i32 0, i32 0, void @empty_14, void @empty_14, i32 4294967295, i32 0, i32 0, i32 0"   --->   Operation 228 'specinterface' 'specinterface_ln0' <Predicate = true> <Delay = 0.00>
ST_2 : Operation 229 [1/1] (0.00ns)   --->   "%specinterface_ln0 = specinterface void @_ssdm_op_SpecInterface, i512 %layer6_out, void @empty_9, i32 0, i32 0, void @empty_14, i32 0, i32 0, void @empty_14, void @empty_14, void @empty_14, i32 0, i32 0, i32 0, i32 0, void @empty_14, void @empty_14, i32 4294967295, i32 0, i32 0, i32 0"   --->   Operation 229 'specinterface' 'specinterface_ln0' <Predicate = true> <Delay = 0.00>
ST_2 : Operation 230 [1/1] (0.00ns)   --->   "%p_s = bitconcatenate i256 @_ssdm_op_BitConcatenate.i256.i8.i8.i8.i8.i8.i8.i8.i8.i8.i8.i8.i8.i8.i8.i8.i8.i8.i8.i8.i8.i8.i8.i8.i8.i8.i8.i8.i8.i8.i8.i8.i8, i8 %storemerge210, i8 %out_data_0_30_0_0_0_load, i8 %out_data_0_29_0_0_0_load, i8 %out_data_0_28_0_0_0_load, i8 %out_data_0_27_0_0_0_load, i8 %out_data_0_26_0_0_0_load, i8 %out_data_0_25_0_0_0_load, i8 %out_data_0_24_0_0_0_load, i8 %out_data_0_23_0_0_0_load, i8 %out_data_0_22_0_0_0_load, i8 %out_data_0_21_0_0_0_load, i8 %out_data_0_20_0_0_0_load, i8 %out_data_0_19_0_0_0_load, i8 %out_data_0_18_0_0_0_load, i8 %out_data_0_17_0_0_0_load, i8 %out_data_0_16_0_0_0_load, i8 %out_data_0_15_0_0_0_load, i8 %out_data_0_14_0_0_0_load, i8 %out_data_0_13_0_0_0_load, i8 %out_data_0_12_0_0_0_load, i8 %out_data_0_11_0_0_0_load, i8 %out_data_0_10_0_0_0_load, i8 %out_data_0_9_0_0_0_load, i8 %out_data_0_8_0_0_0_load, i8 %out_data_0_7_0_0_0_load, i8 %out_data_0_6_0_0_0_load, i8 %out_data_0_5_0_0_0_load, i8 %out_data_0_4_0_0_0_load, i8 %out_data_0_3_0_0_0_load, i8 %out_data_0_2_0_0_0_load, i8 %out_data_0_1_0_0_0_load, i8 %out_data_0_0_0_0_0_load" [firmware/nnet_utils/nnet_activation_stream.h:57]   --->   Operation 230 'bitconcatenate' 'p_s' <Predicate = true> <Delay = 0.00>
ST_2 : Operation 231 [1/1] ( I:1.83ns O:1.83ns )   --->   "%write_ln57 = write void @_ssdm_op_Write.ap_fifo.volatile.i256P0A, i256 %layer7_out, i256 %p_s" [firmware/nnet_utils/nnet_activation_stream.h:57]   --->   Operation 231 'write' 'write_ln57' <Predicate = true> <Delay = 1.83> <CoreInst = "FIFO_SRL">   --->   Core 80 'FIFO_SRL' <Latency = 0> <II = 1> <Delay = 1.83> <Storage> <Opcode : 'read' 'write' 'nbread' 'nbwrite'> <Ports = 0> <Width = 256> <Depth = 1> <FIFO>
ST_2 : Operation 232 [1/1] (0.00ns)   --->   "%ret_ln59 = ret" [firmware/nnet_utils/nnet_activation_stream.h:59]   --->   Operation 232 'ret' 'ret_ln59' <Predicate = true> <Delay = 0.00>


============================================================
+ Verbose Summary: Binding
============================================================
STG Binding: 
---------------- STG Properties BEGIN ----------------
- Is combinational: 0
- Is one-state seq: 0
- Is datapath-only: 0
- Is pipelined: 0
- Is top level: 0
Port [ Return ] is wired: 1; IO mode=ap_ctrl_hs:ce=0
Port [ layer6_out]:  wired=1; compound=1; hidden=0; nouse=0; global=0; static=0; extern=0; dir=0; type=3; pingpong=0; private_global=0; IO mode=ap_fifo:ce=0
Port [ layer7_out]:  wired=1; compound=1; hidden=0; nouse=0; global=0; static=0; extern=0; dir=1; type=3; pingpong=0; private_global=0; IO mode=ap_fifo:ce=0
---------------- STG Properties END ------------------

---------------- Datapath Model BEGIN ----------------

<LifeTime>
<method=bitvector/>
layer6_out_read          (read          ) [ 000]
trunc_ln44               (trunc         ) [ 000]
trunc_ln44_1             (partselect    ) [ 000]
trunc_ln44_2             (partselect    ) [ 000]
trunc_ln44_3             (partselect    ) [ 000]
trunc_ln44_4             (partselect    ) [ 000]
trunc_ln44_5             (partselect    ) [ 000]
trunc_ln44_6             (partselect    ) [ 000]
trunc_ln44_7             (partselect    ) [ 000]
trunc_ln44_8             (partselect    ) [ 000]
trunc_ln44_9             (partselect    ) [ 000]
trunc_ln44_10            (partselect    ) [ 000]
trunc_ln44_11            (partselect    ) [ 000]
trunc_ln44_12            (partselect    ) [ 000]
trunc_ln44_13            (partselect    ) [ 000]
trunc_ln44_14            (partselect    ) [ 000]
trunc_ln44_15            (partselect    ) [ 000]
trunc_ln44_16            (partselect    ) [ 000]
trunc_ln44_17            (partselect    ) [ 000]
trunc_ln44_18            (partselect    ) [ 000]
trunc_ln44_19            (partselect    ) [ 000]
trunc_ln44_20            (partselect    ) [ 000]
trunc_ln44_21            (partselect    ) [ 000]
trunc_ln44_22            (partselect    ) [ 000]
trunc_ln44_23            (partselect    ) [ 000]
trunc_ln44_24            (partselect    ) [ 000]
trunc_ln44_25            (partselect    ) [ 000]
trunc_ln44_26            (partselect    ) [ 000]
trunc_ln44_27            (partselect    ) [ 000]
trunc_ln44_28            (partselect    ) [ 000]
trunc_ln44_29            (partselect    ) [ 000]
trunc_ln44_30            (partselect    ) [ 000]
trunc_ln44_31            (partselect    ) [ 000]
icmp_ln51                (icmp          ) [ 000]
trunc_ln3                (partselect    ) [ 000]
trunc_ln52               (trunc         ) [ 000]
zext_ln52                (zext          ) [ 000]
add_ln52                 (add           ) [ 000]
out_data_0_0_0_0_0_load  (select        ) [ 001]
icmp_ln51_1              (icmp          ) [ 000]
trunc_ln52_1             (partselect    ) [ 000]
tmp                      (bitselect     ) [ 000]
zext_ln52_1              (zext          ) [ 000]
add_ln52_1               (add           ) [ 000]
out_data_0_1_0_0_0_load  (select        ) [ 001]
icmp_ln51_2              (icmp          ) [ 000]
trunc_ln52_2             (partselect    ) [ 000]
tmp_77                   (bitselect     ) [ 000]
zext_ln52_2              (zext          ) [ 000]
add_ln52_2               (add           ) [ 000]
out_data_0_2_0_0_0_load  (select        ) [ 001]
icmp_ln51_3              (icmp          ) [ 000]
trunc_ln52_3             (partselect    ) [ 000]
tmp_78                   (bitselect     ) [ 000]
zext_ln52_3              (zext          ) [ 000]
add_ln52_3               (add           ) [ 000]
out_data_0_3_0_0_0_load  (select        ) [ 001]
icmp_ln51_4              (icmp          ) [ 000]
trunc_ln52_4             (partselect    ) [ 000]
tmp_79                   (bitselect     ) [ 000]
zext_ln52_4              (zext          ) [ 000]
add_ln52_4               (add           ) [ 000]
out_data_0_4_0_0_0_load  (select        ) [ 001]
icmp_ln51_5              (icmp          ) [ 000]
trunc_ln52_5             (partselect    ) [ 000]
tmp_80                   (bitselect     ) [ 000]
zext_ln52_5              (zext          ) [ 000]
add_ln52_5               (add           ) [ 000]
out_data_0_5_0_0_0_load  (select        ) [ 001]
icmp_ln51_6              (icmp          ) [ 000]
trunc_ln52_6             (partselect    ) [ 000]
tmp_81                   (bitselect     ) [ 000]
zext_ln52_6              (zext          ) [ 000]
add_ln52_6               (add           ) [ 000]
out_data_0_6_0_0_0_load  (select        ) [ 001]
icmp_ln51_7              (icmp          ) [ 000]
trunc_ln52_7             (partselect    ) [ 000]
tmp_82                   (bitselect     ) [ 000]
zext_ln52_7              (zext          ) [ 000]
add_ln52_7               (add           ) [ 000]
out_data_0_7_0_0_0_load  (select        ) [ 001]
icmp_ln51_8              (icmp          ) [ 000]
trunc_ln52_8             (partselect    ) [ 000]
tmp_83                   (bitselect     ) [ 000]
zext_ln52_8              (zext          ) [ 000]
add_ln52_8               (add           ) [ 000]
out_data_0_8_0_0_0_load  (select        ) [ 001]
icmp_ln51_9              (icmp          ) [ 000]
trunc_ln52_9             (partselect    ) [ 000]
tmp_84                   (bitselect     ) [ 000]
zext_ln52_9              (zext          ) [ 000]
add_ln52_9               (add           ) [ 000]
out_data_0_9_0_0_0_load  (select        ) [ 001]
icmp_ln51_10             (icmp          ) [ 000]
trunc_ln52_10            (partselect    ) [ 000]
tmp_85                   (bitselect     ) [ 000]
zext_ln52_10             (zext          ) [ 000]
add_ln52_10              (add           ) [ 000]
out_data_0_10_0_0_0_load (select        ) [ 001]
icmp_ln51_11             (icmp          ) [ 000]
trunc_ln52_11            (partselect    ) [ 000]
tmp_86                   (bitselect     ) [ 000]
zext_ln52_11             (zext          ) [ 000]
add_ln52_11              (add           ) [ 000]
out_data_0_11_0_0_0_load (select        ) [ 001]
icmp_ln51_12             (icmp          ) [ 000]
trunc_ln52_12            (partselect    ) [ 000]
tmp_87                   (bitselect     ) [ 000]
zext_ln52_12             (zext          ) [ 000]
add_ln52_12              (add           ) [ 000]
out_data_0_12_0_0_0_load (select        ) [ 001]
icmp_ln51_13             (icmp          ) [ 000]
trunc_ln52_13            (partselect    ) [ 000]
tmp_88                   (bitselect     ) [ 000]
zext_ln52_13             (zext          ) [ 000]
add_ln52_13              (add           ) [ 000]
out_data_0_13_0_0_0_load (select        ) [ 001]
icmp_ln51_14             (icmp          ) [ 000]
trunc_ln52_14            (partselect    ) [ 000]
tmp_89                   (bitselect     ) [ 000]
zext_ln52_14             (zext          ) [ 000]
add_ln52_14              (add           ) [ 000]
out_data_0_14_0_0_0_load (select        ) [ 001]
icmp_ln51_15             (icmp          ) [ 000]
trunc_ln52_15            (partselect    ) [ 000]
tmp_90                   (bitselect     ) [ 000]
zext_ln52_15             (zext          ) [ 000]
add_ln52_15              (add           ) [ 000]
out_data_0_15_0_0_0_load (select        ) [ 001]
icmp_ln51_16             (icmp          ) [ 000]
trunc_ln52_16            (partselect    ) [ 000]
tmp_91                   (bitselect     ) [ 000]
zext_ln52_16             (zext          ) [ 000]
add_ln52_16              (add           ) [ 000]
out_data_0_16_0_0_0_load (select        ) [ 001]
icmp_ln51_17             (icmp          ) [ 000]
trunc_ln52_17            (partselect    ) [ 000]
tmp_92                   (bitselect     ) [ 000]
zext_ln52_17             (zext          ) [ 000]
add_ln52_17              (add           ) [ 000]
out_data_0_17_0_0_0_load (select        ) [ 001]
icmp_ln51_18             (icmp          ) [ 000]
trunc_ln52_18            (partselect    ) [ 000]
tmp_93                   (bitselect     ) [ 000]
zext_ln52_18             (zext          ) [ 000]
add_ln52_18              (add           ) [ 000]
out_data_0_18_0_0_0_load (select        ) [ 001]
icmp_ln51_19             (icmp          ) [ 000]
trunc_ln52_19            (partselect    ) [ 000]
tmp_94                   (bitselect     ) [ 000]
zext_ln52_19             (zext          ) [ 000]
add_ln52_19              (add           ) [ 000]
out_data_0_19_0_0_0_load (select        ) [ 001]
icmp_ln51_20             (icmp          ) [ 000]
trunc_ln52_20            (partselect    ) [ 000]
tmp_95                   (bitselect     ) [ 000]
zext_ln52_20             (zext          ) [ 000]
add_ln52_20              (add           ) [ 000]
out_data_0_20_0_0_0_load (select        ) [ 001]
icmp_ln51_21             (icmp          ) [ 000]
trunc_ln52_21            (partselect    ) [ 000]
tmp_96                   (bitselect     ) [ 000]
zext_ln52_21             (zext          ) [ 000]
add_ln52_21              (add           ) [ 000]
out_data_0_21_0_0_0_load (select        ) [ 001]
icmp_ln51_22             (icmp          ) [ 000]
trunc_ln52_22            (partselect    ) [ 000]
tmp_97                   (bitselect     ) [ 000]
zext_ln52_22             (zext          ) [ 000]
add_ln52_22              (add           ) [ 000]
out_data_0_22_0_0_0_load (select        ) [ 001]
icmp_ln51_23             (icmp          ) [ 000]
trunc_ln52_23            (partselect    ) [ 000]
tmp_98                   (bitselect     ) [ 000]
zext_ln52_23             (zext          ) [ 000]
add_ln52_23              (add           ) [ 000]
out_data_0_23_0_0_0_load (select        ) [ 001]
icmp_ln51_24             (icmp          ) [ 000]
trunc_ln52_24            (partselect    ) [ 000]
tmp_99                   (bitselect     ) [ 000]
zext_ln52_24             (zext          ) [ 000]
add_ln52_24              (add           ) [ 000]
out_data_0_24_0_0_0_load (select        ) [ 001]
icmp_ln51_25             (icmp          ) [ 000]
trunc_ln52_25            (partselect    ) [ 000]
tmp_100                  (bitselect     ) [ 000]
zext_ln52_25             (zext          ) [ 000]
add_ln52_25              (add           ) [ 000]
out_data_0_25_0_0_0_load (select        ) [ 001]
icmp_ln51_26             (icmp          ) [ 000]
trunc_ln52_26            (partselect    ) [ 000]
tmp_101                  (bitselect     ) [ 000]
zext_ln52_26             (zext          ) [ 000]
add_ln52_26              (add           ) [ 000]
out_data_0_26_0_0_0_load (select        ) [ 001]
icmp_ln51_27             (icmp          ) [ 000]
trunc_ln52_27            (partselect    ) [ 000]
tmp_102                  (bitselect     ) [ 000]
zext_ln52_27             (zext          ) [ 000]
add_ln52_27              (add           ) [ 000]
out_data_0_27_0_0_0_load (select        ) [ 001]
icmp_ln51_28             (icmp          ) [ 000]
trunc_ln52_28            (partselect    ) [ 000]
tmp_103                  (bitselect     ) [ 000]
zext_ln52_28             (zext          ) [ 000]
add_ln52_28              (add           ) [ 000]
out_data_0_28_0_0_0_load (select        ) [ 001]
icmp_ln51_29             (icmp          ) [ 000]
trunc_ln52_29            (partselect    ) [ 000]
tmp_104                  (bitselect     ) [ 000]
zext_ln52_29             (zext          ) [ 000]
add_ln52_29              (add           ) [ 000]
out_data_0_29_0_0_0_load (select        ) [ 001]
icmp_ln51_30             (icmp          ) [ 000]
trunc_ln52_30            (partselect    ) [ 000]
tmp_105                  (bitselect     ) [ 000]
zext_ln52_30             (zext          ) [ 000]
add_ln52_30              (add           ) [ 000]
out_data_0_30_0_0_0_load (select        ) [ 001]
icmp_ln51_31             (icmp          ) [ 000]
trunc_ln52_31            (partselect    ) [ 000]
tmp_106                  (bitselect     ) [ 000]
zext_ln52_31             (zext          ) [ 000]
add_ln52_31              (add           ) [ 000]
storemerge210            (select        ) [ 001]
specinterface_ln0        (specinterface ) [ 000]
specinterface_ln0        (specinterface ) [ 000]
p_s                      (bitconcatenate) [ 000]
write_ln57               (write         ) [ 000]
ret_ln59                 (ret           ) [ 000]
</LifeTime>

<model>

<comp_list>
<comp id="0" class="1000" name="layer6_out">
<pin_list>
<pin id="1" dir="1" index="0" bw="1" slack="0"/>
</pin_list>
<bind>
<StgValue><ssdm name="layer6_out"/></StgValue>
</bind>
</comp>

<comp id="2" class="1000" name="layer7_out">
<pin_list>
<pin id="3" dir="1" index="0" bw="1" slack="0"/>
</pin_list>
<bind>
<StgValue><ssdm name="layer7_out"/></StgValue>
</bind>
</comp>

<comp id="4" class="1001" name="const_4">
<pin_list>
<pin id="5" dir="1" index="0" bw="1" slack="0"/>
</pin_list>
<bind>
<StgValue><ssdm name="_ssdm_op_Read.ap_fifo.volatile.i512P0A"/></StgValue>
</bind>
</comp>

<comp id="6" class="1001" name="const_6">
<pin_list>
<pin id="7" dir="1" index="0" bw="1" slack="0"/>
</pin_list>
<bind>
<StgValue><ssdm name="_ssdm_op_PartSelect.i16.i512.i32.i32"/></StgValue>
</bind>
</comp>

<comp id="8" class="1001" name="const_8">
<pin_list>
<pin id="9" dir="1" index="0" bw="1" slack="0"/>
</pin_list>
<bind>
<StgValue><ssdm name=""/></StgValue>
</bind>
</comp>

<comp id="10" class="1001" name="const_10">
<pin_list>
<pin id="11" dir="1" index="0" bw="1" slack="0"/>
</pin_list>
<bind>
<StgValue><ssdm name=""/></StgValue>
</bind>
</comp>

<comp id="12" class="1001" name="const_12">
<pin_list>
<pin id="13" dir="1" index="0" bw="1" slack="0"/>
</pin_list>
<bind>
<StgValue><ssdm name=""/></StgValue>
</bind>
</comp>

<comp id="14" class="1001" name="const_14">
<pin_list>
<pin id="15" dir="1" index="0" bw="1" slack="0"/>
</pin_list>
<bind>
<StgValue><ssdm name=""/></StgValue>
</bind>
</comp>

<comp id="16" class="1001" name="const_16">
<pin_list>
<pin id="17" dir="1" index="0" bw="1" slack="0"/>
</pin_list>
<bind>
<StgValue><ssdm name=""/></StgValue>
</bind>
</comp>

<comp id="18" class="1001" name="const_18">
<pin_list>
<pin id="19" dir="1" index="0" bw="1" slack="0"/>
</pin_list>
<bind>
<StgValue><ssdm name=""/></StgValue>
</bind>
</comp>

<comp id="20" class="1001" name="const_20">
<pin_list>
<pin id="21" dir="1" index="0" bw="1" slack="0"/>
</pin_list>
<bind>
<StgValue><ssdm name=""/></StgValue>
</bind>
</comp>

<comp id="22" class="1001" name="const_22">
<pin_list>
<pin id="23" dir="1" index="0" bw="1" slack="0"/>
</pin_list>
<bind>
<StgValue><ssdm name=""/></StgValue>
</bind>
</comp>

<comp id="24" class="1001" name="const_24">
<pin_list>
<pin id="25" dir="1" index="0" bw="1" slack="0"/>
</pin_list>
<bind>
<StgValue><ssdm name=""/></StgValue>
</bind>
</comp>

<comp id="26" class="1001" name="const_26">
<pin_list>
<pin id="27" dir="1" index="0" bw="1" slack="0"/>
</pin_list>
<bind>
<StgValue><ssdm name=""/></StgValue>
</bind>
</comp>

<comp id="28" class="1001" name="const_28">
<pin_list>
<pin id="29" dir="1" index="0" bw="1" slack="0"/>
</pin_list>
<bind>
<StgValue><ssdm name=""/></StgValue>
</bind>
</comp>

<comp id="30" class="1001" name="const_30">
<pin_list>
<pin id="31" dir="1" index="0" bw="1" slack="0"/>
</pin_list>
<bind>
<StgValue><ssdm name=""/></StgValue>
</bind>
</comp>

<comp id="32" class="1001" name="const_32">
<pin_list>
<pin id="33" dir="1" index="0" bw="1" slack="0"/>
</pin_list>
<bind>
<StgValue><ssdm name=""/></StgValue>
</bind>
</comp>

<comp id="34" class="1001" name="const_34">
<pin_list>
<pin id="35" dir="1" index="0" bw="1" slack="0"/>
</pin_list>
<bind>
<StgValue><ssdm name=""/></StgValue>
</bind>
</comp>

<comp id="36" class="1001" name="const_36">
<pin_list>
<pin id="37" dir="1" index="0" bw="1" slack="0"/>
</pin_list>
<bind>
<StgValue><ssdm name=""/></StgValue>
</bind>
</comp>

<comp id="38" class="1001" name="const_38">
<pin_list>
<pin id="39" dir="1" index="0" bw="1" slack="0"/>
</pin_list>
<bind>
<StgValue><ssdm name=""/></StgValue>
</bind>
</comp>

<comp id="40" class="1001" name="const_40">
<pin_list>
<pin id="41" dir="1" index="0" bw="1" slack="0"/>
</pin_list>
<bind>
<StgValue><ssdm name=""/></StgValue>
</bind>
</comp>

<comp id="42" class="1001" name="const_42">
<pin_list>
<pin id="43" dir="1" index="0" bw="1" slack="0"/>
</pin_list>
<bind>
<StgValue><ssdm name=""/></StgValue>
</bind>
</comp>

<comp id="44" class="1001" name="const_44">
<pin_list>
<pin id="45" dir="1" index="0" bw="1" slack="0"/>
</pin_list>
<bind>
<StgValue><ssdm name=""/></StgValue>
</bind>
</comp>

<comp id="46" class="1001" name="const_46">
<pin_list>
<pin id="47" dir="1" index="0" bw="1" slack="0"/>
</pin_list>
<bind>
<StgValue><ssdm name=""/></StgValue>
</bind>
</comp>

<comp id="48" class="1001" name="const_48">
<pin_list>
<pin id="49" dir="1" index="0" bw="1" slack="0"/>
</pin_list>
<bind>
<StgValue><ssdm name=""/></StgValue>
</bind>
</comp>

<comp id="50" class="1001" name="const_50">
<pin_list>
<pin id="51" dir="1" index="0" bw="1" slack="0"/>
</pin_list>
<bind>
<StgValue><ssdm name=""/></StgValue>
</bind>
</comp>

<comp id="52" class="1001" name="const_52">
<pin_list>
<pin id="53" dir="1" index="0" bw="1" slack="0"/>
</pin_list>
<bind>
<StgValue><ssdm name=""/></StgValue>
</bind>
</comp>

<comp id="54" class="1001" name="const_54">
<pin_list>
<pin id="55" dir="1" index="0" bw="1" slack="0"/>
</pin_list>
<bind>
<StgValue><ssdm name=""/></StgValue>
</bind>
</comp>

<comp id="56" class="1001" name="const_56">
<pin_list>
<pin id="57" dir="1" index="0" bw="1" slack="0"/>
</pin_list>
<bind>
<StgValue><ssdm name=""/></StgValue>
</bind>
</comp>

<comp id="58" class="1001" name="const_58">
<pin_list>
<pin id="59" dir="1" index="0" bw="1" slack="0"/>
</pin_list>
<bind>
<StgValue><ssdm name=""/></StgValue>
</bind>
</comp>

<comp id="60" class="1001" name="const_60">
<pin_list>
<pin id="61" dir="1" index="0" bw="1" slack="0"/>
</pin_list>
<bind>
<StgValue><ssdm name=""/></StgValue>
</bind>
</comp>

<comp id="62" class="1001" name="const_62">
<pin_list>
<pin id="63" dir="1" index="0" bw="1" slack="0"/>
</pin_list>
<bind>
<StgValue><ssdm name=""/></StgValue>
</bind>
</comp>

<comp id="64" class="1001" name="const_64">
<pin_list>
<pin id="65" dir="1" index="0" bw="1" slack="0"/>
</pin_list>
<bind>
<StgValue><ssdm name=""/></StgValue>
</bind>
</comp>

<comp id="66" class="1001" name="const_66">
<pin_list>
<pin id="67" dir="1" index="0" bw="1" slack="0"/>
</pin_list>
<bind>
<StgValue><ssdm name=""/></StgValue>
</bind>
</comp>

<comp id="68" class="1001" name="const_68">
<pin_list>
<pin id="69" dir="1" index="0" bw="1" slack="0"/>
</pin_list>
<bind>
<StgValue><ssdm name=""/></StgValue>
</bind>
</comp>

<comp id="70" class="1001" name="const_70">
<pin_list>
<pin id="71" dir="1" index="0" bw="1" slack="0"/>
</pin_list>
<bind>
<StgValue><ssdm name=""/></StgValue>
</bind>
</comp>

<comp id="72" class="1001" name="const_72">
<pin_list>
<pin id="73" dir="1" index="0" bw="1" slack="0"/>
</pin_list>
<bind>
<StgValue><ssdm name=""/></StgValue>
</bind>
</comp>

<comp id="74" class="1001" name="const_74">
<pin_list>
<pin id="75" dir="1" index="0" bw="1" slack="0"/>
</pin_list>
<bind>
<StgValue><ssdm name=""/></StgValue>
</bind>
</comp>

<comp id="76" class="1001" name="const_76">
<pin_list>
<pin id="77" dir="1" index="0" bw="1" slack="0"/>
</pin_list>
<bind>
<StgValue><ssdm name=""/></StgValue>
</bind>
</comp>

<comp id="78" class="1001" name="const_78">
<pin_list>
<pin id="79" dir="1" index="0" bw="1" slack="0"/>
</pin_list>
<bind>
<StgValue><ssdm name=""/></StgValue>
</bind>
</comp>

<comp id="80" class="1001" name="const_80">
<pin_list>
<pin id="81" dir="1" index="0" bw="1" slack="0"/>
</pin_list>
<bind>
<StgValue><ssdm name=""/></StgValue>
</bind>
</comp>

<comp id="82" class="1001" name="const_82">
<pin_list>
<pin id="83" dir="1" index="0" bw="1" slack="0"/>
</pin_list>
<bind>
<StgValue><ssdm name=""/></StgValue>
</bind>
</comp>

<comp id="84" class="1001" name="const_84">
<pin_list>
<pin id="85" dir="1" index="0" bw="1" slack="0"/>
</pin_list>
<bind>
<StgValue><ssdm name=""/></StgValue>
</bind>
</comp>

<comp id="86" class="1001" name="const_86">
<pin_list>
<pin id="87" dir="1" index="0" bw="1" slack="0"/>
</pin_list>
<bind>
<StgValue><ssdm name=""/></StgValue>
</bind>
</comp>

<comp id="88" class="1001" name="const_88">
<pin_list>
<pin id="89" dir="1" index="0" bw="1" slack="0"/>
</pin_list>
<bind>
<StgValue><ssdm name=""/></StgValue>
</bind>
</comp>

<comp id="90" class="1001" name="const_90">
<pin_list>
<pin id="91" dir="1" index="0" bw="1" slack="0"/>
</pin_list>
<bind>
<StgValue><ssdm name=""/></StgValue>
</bind>
</comp>

<comp id="92" class="1001" name="const_92">
<pin_list>
<pin id="93" dir="1" index="0" bw="1" slack="0"/>
</pin_list>
<bind>
<StgValue><ssdm name=""/></StgValue>
</bind>
</comp>

<comp id="94" class="1001" name="const_94">
<pin_list>
<pin id="95" dir="1" index="0" bw="1" slack="0"/>
</pin_list>
<bind>
<StgValue><ssdm name=""/></StgValue>
</bind>
</comp>

<comp id="96" class="1001" name="const_96">
<pin_list>
<pin id="97" dir="1" index="0" bw="1" slack="0"/>
</pin_list>
<bind>
<StgValue><ssdm name=""/></StgValue>
</bind>
</comp>

<comp id="98" class="1001" name="const_98">
<pin_list>
<pin id="99" dir="1" index="0" bw="1" slack="0"/>
</pin_list>
<bind>
<StgValue><ssdm name=""/></StgValue>
</bind>
</comp>

<comp id="100" class="1001" name="const_100">
<pin_list>
<pin id="101" dir="1" index="0" bw="1" slack="0"/>
</pin_list>
<bind>
<StgValue><ssdm name=""/></StgValue>
</bind>
</comp>

<comp id="102" class="1001" name="const_102">
<pin_list>
<pin id="103" dir="1" index="0" bw="1" slack="0"/>
</pin_list>
<bind>
<StgValue><ssdm name=""/></StgValue>
</bind>
</comp>

<comp id="104" class="1001" name="const_104">
<pin_list>
<pin id="105" dir="1" index="0" bw="1" slack="0"/>
</pin_list>
<bind>
<StgValue><ssdm name=""/></StgValue>
</bind>
</comp>

<comp id="106" class="1001" name="const_106">
<pin_list>
<pin id="107" dir="1" index="0" bw="1" slack="0"/>
</pin_list>
<bind>
<StgValue><ssdm name=""/></StgValue>
</bind>
</comp>

<comp id="108" class="1001" name="const_108">
<pin_list>
<pin id="109" dir="1" index="0" bw="1" slack="0"/>
</pin_list>
<bind>
<StgValue><ssdm name=""/></StgValue>
</bind>
</comp>

<comp id="110" class="1001" name="const_110">
<pin_list>
<pin id="111" dir="1" index="0" bw="1" slack="0"/>
</pin_list>
<bind>
<StgValue><ssdm name=""/></StgValue>
</bind>
</comp>

<comp id="112" class="1001" name="const_112">
<pin_list>
<pin id="113" dir="1" index="0" bw="1" slack="0"/>
</pin_list>
<bind>
<StgValue><ssdm name=""/></StgValue>
</bind>
</comp>

<comp id="114" class="1001" name="const_114">
<pin_list>
<pin id="115" dir="1" index="0" bw="1" slack="0"/>
</pin_list>
<bind>
<StgValue><ssdm name=""/></StgValue>
</bind>
</comp>

<comp id="116" class="1001" name="const_116">
<pin_list>
<pin id="117" dir="1" index="0" bw="1" slack="0"/>
</pin_list>
<bind>
<StgValue><ssdm name=""/></StgValue>
</bind>
</comp>

<comp id="118" class="1001" name="const_118">
<pin_list>
<pin id="119" dir="1" index="0" bw="1" slack="0"/>
</pin_list>
<bind>
<StgValue><ssdm name=""/></StgValue>
</bind>
</comp>

<comp id="120" class="1001" name="const_120">
<pin_list>
<pin id="121" dir="1" index="0" bw="1" slack="0"/>
</pin_list>
<bind>
<StgValue><ssdm name=""/></StgValue>
</bind>
</comp>

<comp id="122" class="1001" name="const_122">
<pin_list>
<pin id="123" dir="1" index="0" bw="1" slack="0"/>
</pin_list>
<bind>
<StgValue><ssdm name=""/></StgValue>
</bind>
</comp>

<comp id="124" class="1001" name="const_124">
<pin_list>
<pin id="125" dir="1" index="0" bw="1" slack="0"/>
</pin_list>
<bind>
<StgValue><ssdm name=""/></StgValue>
</bind>
</comp>

<comp id="126" class="1001" name="const_126">
<pin_list>
<pin id="127" dir="1" index="0" bw="1" slack="0"/>
</pin_list>
<bind>
<StgValue><ssdm name=""/></StgValue>
</bind>
</comp>

<comp id="128" class="1001" name="const_128">
<pin_list>
<pin id="129" dir="1" index="0" bw="1" slack="0"/>
</pin_list>
<bind>
<StgValue><ssdm name=""/></StgValue>
</bind>
</comp>

<comp id="130" class="1001" name="const_130">
<pin_list>
<pin id="131" dir="1" index="0" bw="1" slack="0"/>
</pin_list>
<bind>
<StgValue><ssdm name=""/></StgValue>
</bind>
</comp>

<comp id="132" class="1001" name="const_132">
<pin_list>
<pin id="133" dir="1" index="0" bw="1" slack="0"/>
</pin_list>
<bind>
<StgValue><ssdm name=""/></StgValue>
</bind>
</comp>

<comp id="134" class="1001" name="const_134">
<pin_list>
<pin id="135" dir="1" index="0" bw="1" slack="0"/>
</pin_list>
<bind>
<StgValue><ssdm name="_ssdm_op_PartSelect.i8.i512.i32.i32"/></StgValue>
</bind>
</comp>

<comp id="136" class="1001" name="const_136">
<pin_list>
<pin id="137" dir="1" index="0" bw="1" slack="0"/>
</pin_list>
<bind>
<StgValue><ssdm name=""/></StgValue>
</bind>
</comp>

<comp id="138" class="1001" name="const_138">
<pin_list>
<pin id="139" dir="1" index="0" bw="1" slack="0"/>
</pin_list>
<bind>
<StgValue><ssdm name=""/></StgValue>
</bind>
</comp>

<comp id="140" class="1001" name="const_140">
<pin_list>
<pin id="141" dir="1" index="0" bw="1" slack="0"/>
</pin_list>
<bind>
<StgValue><ssdm name=""/></StgValue>
</bind>
</comp>

<comp id="142" class="1001" name="const_142">
<pin_list>
<pin id="143" dir="1" index="0" bw="1" slack="0"/>
</pin_list>
<bind>
<StgValue><ssdm name=""/></StgValue>
</bind>
</comp>

<comp id="144" class="1001" name="const_144">
<pin_list>
<pin id="145" dir="1" index="0" bw="1" slack="0"/>
</pin_list>
<bind>
<StgValue><ssdm name=""/></StgValue>
</bind>
</comp>

<comp id="146" class="1001" name="const_146">
<pin_list>
<pin id="147" dir="1" index="0" bw="1" slack="0"/>
</pin_list>
<bind>
<StgValue><ssdm name="_ssdm_op_BitSelect.i1.i512.i32"/></StgValue>
</bind>
</comp>

<comp id="148" class="1001" name="const_148">
<pin_list>
<pin id="149" dir="1" index="0" bw="1" slack="0"/>
</pin_list>
<bind>
<StgValue><ssdm name=""/></StgValue>
</bind>
</comp>

<comp id="150" class="1001" name="const_150">
<pin_list>
<pin id="151" dir="1" index="0" bw="1" slack="0"/>
</pin_list>
<bind>
<StgValue><ssdm name=""/></StgValue>
</bind>
</comp>

<comp id="152" class="1001" name="const_152">
<pin_list>
<pin id="153" dir="1" index="0" bw="1" slack="0"/>
</pin_list>
<bind>
<StgValue><ssdm name=""/></StgValue>
</bind>
</comp>

<comp id="154" class="1001" name="const_154">
<pin_list>
<pin id="155" dir="1" index="0" bw="1" slack="0"/>
</pin_list>
<bind>
<StgValue><ssdm name=""/></StgValue>
</bind>
</comp>

<comp id="156" class="1001" name="const_156">
<pin_list>
<pin id="157" dir="1" index="0" bw="1" slack="0"/>
</pin_list>
<bind>
<StgValue><ssdm name=""/></StgValue>
</bind>
</comp>

<comp id="158" class="1001" name="const_158">
<pin_list>
<pin id="159" dir="1" index="0" bw="1" slack="0"/>
</pin_list>
<bind>
<StgValue><ssdm name=""/></StgValue>
</bind>
</comp>

<comp id="160" class="1001" name="const_160">
<pin_list>
<pin id="161" dir="1" index="0" bw="1" slack="0"/>
</pin_list>
<bind>
<StgValue><ssdm name=""/></StgValue>
</bind>
</comp>

<comp id="162" class="1001" name="const_162">
<pin_list>
<pin id="163" dir="1" index="0" bw="1" slack="0"/>
</pin_list>
<bind>
<StgValue><ssdm name=""/></StgValue>
</bind>
</comp>

<comp id="164" class="1001" name="const_164">
<pin_list>
<pin id="165" dir="1" index="0" bw="1" slack="0"/>
</pin_list>
<bind>
<StgValue><ssdm name=""/></StgValue>
</bind>
</comp>

<comp id="166" class="1001" name="const_166">
<pin_list>
<pin id="167" dir="1" index="0" bw="1" slack="0"/>
</pin_list>
<bind>
<StgValue><ssdm name=""/></StgValue>
</bind>
</comp>

<comp id="168" class="1001" name="const_168">
<pin_list>
<pin id="169" dir="1" index="0" bw="1" slack="0"/>
</pin_list>
<bind>
<StgValue><ssdm name=""/></StgValue>
</bind>
</comp>

<comp id="170" class="1001" name="const_170">
<pin_list>
<pin id="171" dir="1" index="0" bw="1" slack="0"/>
</pin_list>
<bind>
<StgValue><ssdm name=""/></StgValue>
</bind>
</comp>

<comp id="172" class="1001" name="const_172">
<pin_list>
<pin id="173" dir="1" index="0" bw="1" slack="0"/>
</pin_list>
<bind>
<StgValue><ssdm name=""/></StgValue>
</bind>
</comp>

<comp id="174" class="1001" name="const_174">
<pin_list>
<pin id="175" dir="1" index="0" bw="1" slack="0"/>
</pin_list>
<bind>
<StgValue><ssdm name=""/></StgValue>
</bind>
</comp>

<comp id="176" class="1001" name="const_176">
<pin_list>
<pin id="177" dir="1" index="0" bw="1" slack="0"/>
</pin_list>
<bind>
<StgValue><ssdm name=""/></StgValue>
</bind>
</comp>

<comp id="178" class="1001" name="const_178">
<pin_list>
<pin id="179" dir="1" index="0" bw="1" slack="0"/>
</pin_list>
<bind>
<StgValue><ssdm name=""/></StgValue>
</bind>
</comp>

<comp id="180" class="1001" name="const_180">
<pin_list>
<pin id="181" dir="1" index="0" bw="1" slack="0"/>
</pin_list>
<bind>
<StgValue><ssdm name=""/></StgValue>
</bind>
</comp>

<comp id="182" class="1001" name="const_182">
<pin_list>
<pin id="183" dir="1" index="0" bw="1" slack="0"/>
</pin_list>
<bind>
<StgValue><ssdm name=""/></StgValue>
</bind>
</comp>

<comp id="184" class="1001" name="const_184">
<pin_list>
<pin id="185" dir="1" index="0" bw="1" slack="0"/>
</pin_list>
<bind>
<StgValue><ssdm name=""/></StgValue>
</bind>
</comp>

<comp id="186" class="1001" name="const_186">
<pin_list>
<pin id="187" dir="1" index="0" bw="1" slack="0"/>
</pin_list>
<bind>
<StgValue><ssdm name=""/></StgValue>
</bind>
</comp>

<comp id="188" class="1001" name="const_188">
<pin_list>
<pin id="189" dir="1" index="0" bw="1" slack="0"/>
</pin_list>
<bind>
<StgValue><ssdm name=""/></StgValue>
</bind>
</comp>

<comp id="190" class="1001" name="const_190">
<pin_list>
<pin id="191" dir="1" index="0" bw="1" slack="0"/>
</pin_list>
<bind>
<StgValue><ssdm name=""/></StgValue>
</bind>
</comp>

<comp id="192" class="1001" name="const_192">
<pin_list>
<pin id="193" dir="1" index="0" bw="1" slack="0"/>
</pin_list>
<bind>
<StgValue><ssdm name=""/></StgValue>
</bind>
</comp>

<comp id="194" class="1001" name="const_194">
<pin_list>
<pin id="195" dir="1" index="0" bw="1" slack="0"/>
</pin_list>
<bind>
<StgValue><ssdm name=""/></StgValue>
</bind>
</comp>

<comp id="196" class="1001" name="const_196">
<pin_list>
<pin id="197" dir="1" index="0" bw="1" slack="0"/>
</pin_list>
<bind>
<StgValue><ssdm name=""/></StgValue>
</bind>
</comp>

<comp id="198" class="1001" name="const_198">
<pin_list>
<pin id="199" dir="1" index="0" bw="1" slack="0"/>
</pin_list>
<bind>
<StgValue><ssdm name=""/></StgValue>
</bind>
</comp>

<comp id="200" class="1001" name="const_200">
<pin_list>
<pin id="201" dir="1" index="0" bw="1" slack="0"/>
</pin_list>
<bind>
<StgValue><ssdm name=""/></StgValue>
</bind>
</comp>

<comp id="202" class="1001" name="const_202">
<pin_list>
<pin id="203" dir="1" index="0" bw="1" slack="0"/>
</pin_list>
<bind>
<StgValue><ssdm name=""/></StgValue>
</bind>
</comp>

<comp id="204" class="1001" name="const_204">
<pin_list>
<pin id="205" dir="1" index="0" bw="1" slack="0"/>
</pin_list>
<bind>
<StgValue><ssdm name=""/></StgValue>
</bind>
</comp>

<comp id="206" class="1001" name="const_206">
<pin_list>
<pin id="207" dir="1" index="0" bw="1" slack="0"/>
</pin_list>
<bind>
<StgValue><ssdm name=""/></StgValue>
</bind>
</comp>

<comp id="208" class="1001" name="const_208">
<pin_list>
<pin id="209" dir="1" index="0" bw="1" slack="0"/>
</pin_list>
<bind>
<StgValue><ssdm name=""/></StgValue>
</bind>
</comp>

<comp id="210" class="1001" name="const_210">
<pin_list>
<pin id="211" dir="1" index="0" bw="1" slack="0"/>
</pin_list>
<bind>
<StgValue><ssdm name=""/></StgValue>
</bind>
</comp>

<comp id="212" class="1001" name="const_212">
<pin_list>
<pin id="213" dir="1" index="0" bw="1" slack="0"/>
</pin_list>
<bind>
<StgValue><ssdm name=""/></StgValue>
</bind>
</comp>

<comp id="214" class="1001" name="const_214">
<pin_list>
<pin id="215" dir="1" index="0" bw="1" slack="0"/>
</pin_list>
<bind>
<StgValue><ssdm name=""/></StgValue>
</bind>
</comp>

<comp id="216" class="1001" name="const_216">
<pin_list>
<pin id="217" dir="1" index="0" bw="1" slack="0"/>
</pin_list>
<bind>
<StgValue><ssdm name=""/></StgValue>
</bind>
</comp>

<comp id="218" class="1001" name="const_218">
<pin_list>
<pin id="219" dir="1" index="0" bw="1" slack="0"/>
</pin_list>
<bind>
<StgValue><ssdm name=""/></StgValue>
</bind>
</comp>

<comp id="220" class="1001" name="const_220">
<pin_list>
<pin id="221" dir="1" index="0" bw="1" slack="0"/>
</pin_list>
<bind>
<StgValue><ssdm name=""/></StgValue>
</bind>
</comp>

<comp id="222" class="1001" name="const_222">
<pin_list>
<pin id="223" dir="1" index="0" bw="1" slack="0"/>
</pin_list>
<bind>
<StgValue><ssdm name=""/></StgValue>
</bind>
</comp>

<comp id="224" class="1001" name="const_224">
<pin_list>
<pin id="225" dir="1" index="0" bw="1" slack="0"/>
</pin_list>
<bind>
<StgValue><ssdm name=""/></StgValue>
</bind>
</comp>

<comp id="226" class="1001" name="const_226">
<pin_list>
<pin id="227" dir="1" index="0" bw="1" slack="0"/>
</pin_list>
<bind>
<StgValue><ssdm name=""/></StgValue>
</bind>
</comp>

<comp id="228" class="1001" name="const_228">
<pin_list>
<pin id="229" dir="1" index="0" bw="1" slack="0"/>
</pin_list>
<bind>
<StgValue><ssdm name=""/></StgValue>
</bind>
</comp>

<comp id="230" class="1001" name="const_230">
<pin_list>
<pin id="231" dir="1" index="0" bw="1" slack="0"/>
</pin_list>
<bind>
<StgValue><ssdm name=""/></StgValue>
</bind>
</comp>

<comp id="232" class="1001" name="const_232">
<pin_list>
<pin id="233" dir="1" index="0" bw="1" slack="0"/>
</pin_list>
<bind>
<StgValue><ssdm name=""/></StgValue>
</bind>
</comp>

<comp id="234" class="1001" name="const_234">
<pin_list>
<pin id="235" dir="1" index="0" bw="1" slack="0"/>
</pin_list>
<bind>
<StgValue><ssdm name=""/></StgValue>
</bind>
</comp>

<comp id="236" class="1001" name="const_236">
<pin_list>
<pin id="237" dir="1" index="0" bw="1" slack="0"/>
</pin_list>
<bind>
<StgValue><ssdm name=""/></StgValue>
</bind>
</comp>

<comp id="238" class="1001" name="const_238">
<pin_list>
<pin id="239" dir="1" index="0" bw="1" slack="0"/>
</pin_list>
<bind>
<StgValue><ssdm name=""/></StgValue>
</bind>
</comp>

<comp id="240" class="1001" name="const_240">
<pin_list>
<pin id="241" dir="1" index="0" bw="1" slack="0"/>
</pin_list>
<bind>
<StgValue><ssdm name=""/></StgValue>
</bind>
</comp>

<comp id="242" class="1001" name="const_242">
<pin_list>
<pin id="243" dir="1" index="0" bw="1" slack="0"/>
</pin_list>
<bind>
<StgValue><ssdm name=""/></StgValue>
</bind>
</comp>

<comp id="244" class="1001" name="const_244">
<pin_list>
<pin id="245" dir="1" index="0" bw="1" slack="0"/>
</pin_list>
<bind>
<StgValue><ssdm name=""/></StgValue>
</bind>
</comp>

<comp id="246" class="1001" name="const_246">
<pin_list>
<pin id="247" dir="1" index="0" bw="1" slack="0"/>
</pin_list>
<bind>
<StgValue><ssdm name=""/></StgValue>
</bind>
</comp>

<comp id="248" class="1001" name="const_248">
<pin_list>
<pin id="249" dir="1" index="0" bw="1" slack="0"/>
</pin_list>
<bind>
<StgValue><ssdm name=""/></StgValue>
</bind>
</comp>

<comp id="250" class="1001" name="const_250">
<pin_list>
<pin id="251" dir="1" index="0" bw="1" slack="0"/>
</pin_list>
<bind>
<StgValue><ssdm name=""/></StgValue>
</bind>
</comp>

<comp id="252" class="1001" name="const_252">
<pin_list>
<pin id="253" dir="1" index="0" bw="1" slack="0"/>
</pin_list>
<bind>
<StgValue><ssdm name=""/></StgValue>
</bind>
</comp>

<comp id="254" class="1001" name="const_254">
<pin_list>
<pin id="255" dir="1" index="0" bw="1" slack="0"/>
</pin_list>
<bind>
<StgValue><ssdm name=""/></StgValue>
</bind>
</comp>

<comp id="256" class="1001" name="const_256">
<pin_list>
<pin id="257" dir="1" index="0" bw="1" slack="0"/>
</pin_list>
<bind>
<StgValue><ssdm name=""/></StgValue>
</bind>
</comp>

<comp id="258" class="1001" name="const_258">
<pin_list>
<pin id="259" dir="1" index="0" bw="1" slack="0"/>
</pin_list>
<bind>
<StgValue><ssdm name=""/></StgValue>
</bind>
</comp>

<comp id="260" class="1001" name="const_260">
<pin_list>
<pin id="261" dir="1" index="0" bw="1" slack="0"/>
</pin_list>
<bind>
<StgValue><ssdm name=""/></StgValue>
</bind>
</comp>

<comp id="262" class="1001" name="const_262">
<pin_list>
<pin id="263" dir="1" index="0" bw="1" slack="0"/>
</pin_list>
<bind>
<StgValue><ssdm name=""/></StgValue>
</bind>
</comp>

<comp id="264" class="1001" name="const_264">
<pin_list>
<pin id="265" dir="1" index="0" bw="1" slack="0"/>
</pin_list>
<bind>
<StgValue><ssdm name=""/></StgValue>
</bind>
</comp>

<comp id="266" class="1001" name="const_266">
<pin_list>
<pin id="267" dir="1" index="0" bw="1" slack="0"/>
</pin_list>
<bind>
<StgValue><ssdm name=""/></StgValue>
</bind>
</comp>

<comp id="268" class="1001" name="const_268">
<pin_list>
<pin id="269" dir="1" index="0" bw="1" slack="2147483647"/>
</pin_list>
<bind>
<StgValue><ssdm name="_ssdm_op_SpecInterface"/></StgValue>
</bind>
</comp>

<comp id="270" class="1001" name="const_270">
<pin_list>
<pin id="271" dir="1" index="0" bw="1" slack="2147483647"/>
</pin_list>
<bind>
<StgValue><ssdm name="empty_9"/></StgValue>
</bind>
</comp>

<comp id="272" class="1001" name="const_272">
<pin_list>
<pin id="273" dir="1" index="0" bw="1" slack="2147483647"/>
</pin_list>
<bind>
<StgValue><ssdm name=""/></StgValue>
</bind>
</comp>

<comp id="274" class="1001" name="const_274">
<pin_list>
<pin id="275" dir="1" index="0" bw="1" slack="2147483647"/>
</pin_list>
<bind>
<StgValue><ssdm name="empty_14"/></StgValue>
</bind>
</comp>

<comp id="276" class="1001" name="const_276">
<pin_list>
<pin id="277" dir="1" index="0" bw="1" slack="2147483647"/>
</pin_list>
<bind>
<StgValue><ssdm name=""/></StgValue>
</bind>
</comp>

<comp id="278" class="1001" name="const_278">
<pin_list>
<pin id="279" dir="1" index="0" bw="1" slack="0"/>
</pin_list>
<bind>
<StgValue><ssdm name="_ssdm_op_BitConcatenate.i256.i8.i8.i8.i8.i8.i8.i8.i8.i8.i8.i8.i8.i8.i8.i8.i8.i8.i8.i8.i8.i8.i8.i8.i8.i8.i8.i8.i8.i8.i8.i8.i8"/></StgValue>
</bind>
</comp>

<comp id="280" class="1001" name="const_280">
<pin_list>
<pin id="281" dir="1" index="0" bw="1" slack="0"/>
</pin_list>
<bind>
<StgValue><ssdm name="_ssdm_op_Write.ap_fifo.volatile.i256P0A"/></StgValue>
</bind>
</comp>

<comp id="282" class="1004" name="layer6_out_read_read_fu_282">
<pin_list>
<pin id="283" dir="0" index="0" bw="512" slack="0"/>
<pin id="284" dir="0" index="1" bw="512" slack="0"/>
<pin id="285" dir="1" index="2" bw="512" slack="0"/>
</pin_list>
<bind>
<opcode="read(1150) " fcode="read"/>
<opset="layer6_out_read/1 "/>
</bind>
</comp>

<comp id="288" class="1004" name="write_ln57_write_fu_288">
<pin_list>
<pin id="289" dir="0" index="0" bw="0" slack="0"/>
<pin id="290" dir="0" index="1" bw="256" slack="0"/>
<pin id="291" dir="0" index="2" bw="256" slack="0"/>
<pin id="292" dir="1" index="3" bw="0" slack="2147483647"/>
</pin_list>
<bind>
<opcode="write(1151) " fcode="write"/>
<opset="write_ln57/2 "/>
</bind>
</comp>

<comp id="295" class="1004" name="trunc_ln44_fu_295">
<pin_list>
<pin id="296" dir="0" index="0" bw="512" slack="0"/>
<pin id="297" dir="1" index="1" bw="16" slack="0"/>
</pin_list>
<bind>
<opcode="trunc(33) " fcode="trunc"/>
<opset="trunc_ln44/1 "/>
</bind>
</comp>

<comp id="299" class="1004" name="trunc_ln44_1_fu_299">
<pin_list>
<pin id="300" dir="0" index="0" bw="16" slack="0"/>
<pin id="301" dir="0" index="1" bw="512" slack="0"/>
<pin id="302" dir="0" index="2" bw="6" slack="0"/>
<pin id="303" dir="0" index="3" bw="6" slack="0"/>
<pin id="304" dir="1" index="4" bw="16" slack="0"/>
</pin_list>
<bind>
<opcode="partselect(1002) " fcode="partselect"/>
<opset="trunc_ln44_1/1 "/>
</bind>
</comp>

<comp id="309" class="1004" name="trunc_ln44_2_fu_309">
<pin_list>
<pin id="310" dir="0" index="0" bw="16" slack="0"/>
<pin id="311" dir="0" index="1" bw="512" slack="0"/>
<pin id="312" dir="0" index="2" bw="7" slack="0"/>
<pin id="313" dir="0" index="3" bw="7" slack="0"/>
<pin id="314" dir="1" index="4" bw="16" slack="0"/>
</pin_list>
<bind>
<opcode="partselect(1002) " fcode="partselect"/>
<opset="trunc_ln44_2/1 "/>
</bind>
</comp>

<comp id="319" class="1004" name="trunc_ln44_3_fu_319">
<pin_list>
<pin id="320" dir="0" index="0" bw="16" slack="0"/>
<pin id="321" dir="0" index="1" bw="512" slack="0"/>
<pin id="322" dir="0" index="2" bw="7" slack="0"/>
<pin id="323" dir="0" index="3" bw="7" slack="0"/>
<pin id="324" dir="1" index="4" bw="16" slack="0"/>
</pin_list>
<bind>
<opcode="partselect(1002) " fcode="partselect"/>
<opset="trunc_ln44_3/1 "/>
</bind>
</comp>

<comp id="329" class="1004" name="trunc_ln44_4_fu_329">
<pin_list>
<pin id="330" dir="0" index="0" bw="16" slack="0"/>
<pin id="331" dir="0" index="1" bw="512" slack="0"/>
<pin id="332" dir="0" index="2" bw="8" slack="0"/>
<pin id="333" dir="0" index="3" bw="8" slack="0"/>
<pin id="334" dir="1" index="4" bw="16" slack="0"/>
</pin_list>
<bind>
<opcode="partselect(1002) " fcode="partselect"/>
<opset="trunc_ln44_4/1 "/>
</bind>
</comp>

<comp id="339" class="1004" name="trunc_ln44_5_fu_339">
<pin_list>
<pin id="340" dir="0" index="0" bw="16" slack="0"/>
<pin id="341" dir="0" index="1" bw="512" slack="0"/>
<pin id="342" dir="0" index="2" bw="8" slack="0"/>
<pin id="343" dir="0" index="3" bw="8" slack="0"/>
<pin id="344" dir="1" index="4" bw="16" slack="0"/>
</pin_list>
<bind>
<opcode="partselect(1002) " fcode="partselect"/>
<opset="trunc_ln44_5/1 "/>
</bind>
</comp>

<comp id="349" class="1004" name="trunc_ln44_6_fu_349">
<pin_list>
<pin id="350" dir="0" index="0" bw="16" slack="0"/>
<pin id="351" dir="0" index="1" bw="512" slack="0"/>
<pin id="352" dir="0" index="2" bw="8" slack="0"/>
<pin id="353" dir="0" index="3" bw="8" slack="0"/>
<pin id="354" dir="1" index="4" bw="16" slack="0"/>
</pin_list>
<bind>
<opcode="partselect(1002) " fcode="partselect"/>
<opset="trunc_ln44_6/1 "/>
</bind>
</comp>

<comp id="359" class="1004" name="trunc_ln44_7_fu_359">
<pin_list>
<pin id="360" dir="0" index="0" bw="16" slack="0"/>
<pin id="361" dir="0" index="1" bw="512" slack="0"/>
<pin id="362" dir="0" index="2" bw="8" slack="0"/>
<pin id="363" dir="0" index="3" bw="8" slack="0"/>
<pin id="364" dir="1" index="4" bw="16" slack="0"/>
</pin_list>
<bind>
<opcode="partselect(1002) " fcode="partselect"/>
<opset="trunc_ln44_7/1 "/>
</bind>
</comp>

<comp id="369" class="1004" name="trunc_ln44_8_fu_369">
<pin_list>
<pin id="370" dir="0" index="0" bw="16" slack="0"/>
<pin id="371" dir="0" index="1" bw="512" slack="0"/>
<pin id="372" dir="0" index="2" bw="9" slack="0"/>
<pin id="373" dir="0" index="3" bw="9" slack="0"/>
<pin id="374" dir="1" index="4" bw="16" slack="0"/>
</pin_list>
<bind>
<opcode="partselect(1002) " fcode="partselect"/>
<opset="trunc_ln44_8/1 "/>
</bind>
</comp>

<comp id="379" class="1004" name="trunc_ln44_9_fu_379">
<pin_list>
<pin id="380" dir="0" index="0" bw="16" slack="0"/>
<pin id="381" dir="0" index="1" bw="512" slack="0"/>
<pin id="382" dir="0" index="2" bw="9" slack="0"/>
<pin id="383" dir="0" index="3" bw="9" slack="0"/>
<pin id="384" dir="1" index="4" bw="16" slack="0"/>
</pin_list>
<bind>
<opcode="partselect(1002) " fcode="partselect"/>
<opset="trunc_ln44_9/1 "/>
</bind>
</comp>

<comp id="389" class="1004" name="trunc_ln44_10_fu_389">
<pin_list>
<pin id="390" dir="0" index="0" bw="16" slack="0"/>
<pin id="391" dir="0" index="1" bw="512" slack="0"/>
<pin id="392" dir="0" index="2" bw="9" slack="0"/>
<pin id="393" dir="0" index="3" bw="9" slack="0"/>
<pin id="394" dir="1" index="4" bw="16" slack="0"/>
</pin_list>
<bind>
<opcode="partselect(1002) " fcode="partselect"/>
<opset="trunc_ln44_10/1 "/>
</bind>
</comp>

<comp id="399" class="1004" name="trunc_ln44_11_fu_399">
<pin_list>
<pin id="400" dir="0" index="0" bw="16" slack="0"/>
<pin id="401" dir="0" index="1" bw="512" slack="0"/>
<pin id="402" dir="0" index="2" bw="9" slack="0"/>
<pin id="403" dir="0" index="3" bw="9" slack="0"/>
<pin id="404" dir="1" index="4" bw="16" slack="0"/>
</pin_list>
<bind>
<opcode="partselect(1002) " fcode="partselect"/>
<opset="trunc_ln44_11/1 "/>
</bind>
</comp>

<comp id="409" class="1004" name="trunc_ln44_12_fu_409">
<pin_list>
<pin id="410" dir="0" index="0" bw="16" slack="0"/>
<pin id="411" dir="0" index="1" bw="512" slack="0"/>
<pin id="412" dir="0" index="2" bw="9" slack="0"/>
<pin id="413" dir="0" index="3" bw="9" slack="0"/>
<pin id="414" dir="1" index="4" bw="16" slack="0"/>
</pin_list>
<bind>
<opcode="partselect(1002) " fcode="partselect"/>
<opset="trunc_ln44_12/1 "/>
</bind>
</comp>

<comp id="419" class="1004" name="trunc_ln44_13_fu_419">
<pin_list>
<pin id="420" dir="0" index="0" bw="16" slack="0"/>
<pin id="421" dir="0" index="1" bw="512" slack="0"/>
<pin id="422" dir="0" index="2" bw="9" slack="0"/>
<pin id="423" dir="0" index="3" bw="9" slack="0"/>
<pin id="424" dir="1" index="4" bw="16" slack="0"/>
</pin_list>
<bind>
<opcode="partselect(1002) " fcode="partselect"/>
<opset="trunc_ln44_13/1 "/>
</bind>
</comp>

<comp id="429" class="1004" name="trunc_ln44_14_fu_429">
<pin_list>
<pin id="430" dir="0" index="0" bw="16" slack="0"/>
<pin id="431" dir="0" index="1" bw="512" slack="0"/>
<pin id="432" dir="0" index="2" bw="9" slack="0"/>
<pin id="433" dir="0" index="3" bw="9" slack="0"/>
<pin id="434" dir="1" index="4" bw="16" slack="0"/>
</pin_list>
<bind>
<opcode="partselect(1002) " fcode="partselect"/>
<opset="trunc_ln44_14/1 "/>
</bind>
</comp>

<comp id="439" class="1004" name="trunc_ln44_15_fu_439">
<pin_list>
<pin id="440" dir="0" index="0" bw="16" slack="0"/>
<pin id="441" dir="0" index="1" bw="512" slack="0"/>
<pin id="442" dir="0" index="2" bw="9" slack="0"/>
<pin id="443" dir="0" index="3" bw="9" slack="0"/>
<pin id="444" dir="1" index="4" bw="16" slack="0"/>
</pin_list>
<bind>
<opcode="partselect(1002) " fcode="partselect"/>
<opset="trunc_ln44_15/1 "/>
</bind>
</comp>

<comp id="449" class="1004" name="trunc_ln44_16_fu_449">
<pin_list>
<pin id="450" dir="0" index="0" bw="16" slack="0"/>
<pin id="451" dir="0" index="1" bw="512" slack="0"/>
<pin id="452" dir="0" index="2" bw="10" slack="0"/>
<pin id="453" dir="0" index="3" bw="10" slack="0"/>
<pin id="454" dir="1" index="4" bw="16" slack="0"/>
</pin_list>
<bind>
<opcode="partselect(1002) " fcode="partselect"/>
<opset="trunc_ln44_16/1 "/>
</bind>
</comp>

<comp id="459" class="1004" name="trunc_ln44_17_fu_459">
<pin_list>
<pin id="460" dir="0" index="0" bw="16" slack="0"/>
<pin id="461" dir="0" index="1" bw="512" slack="0"/>
<pin id="462" dir="0" index="2" bw="10" slack="0"/>
<pin id="463" dir="0" index="3" bw="10" slack="0"/>
<pin id="464" dir="1" index="4" bw="16" slack="0"/>
</pin_list>
<bind>
<opcode="partselect(1002) " fcode="partselect"/>
<opset="trunc_ln44_17/1 "/>
</bind>
</comp>

<comp id="469" class="1004" name="trunc_ln44_18_fu_469">
<pin_list>
<pin id="470" dir="0" index="0" bw="16" slack="0"/>
<pin id="471" dir="0" index="1" bw="512" slack="0"/>
<pin id="472" dir="0" index="2" bw="10" slack="0"/>
<pin id="473" dir="0" index="3" bw="10" slack="0"/>
<pin id="474" dir="1" index="4" bw="16" slack="0"/>
</pin_list>
<bind>
<opcode="partselect(1002) " fcode="partselect"/>
<opset="trunc_ln44_18/1 "/>
</bind>
</comp>

<comp id="479" class="1004" name="trunc_ln44_19_fu_479">
<pin_list>
<pin id="480" dir="0" index="0" bw="16" slack="0"/>
<pin id="481" dir="0" index="1" bw="512" slack="0"/>
<pin id="482" dir="0" index="2" bw="10" slack="0"/>
<pin id="483" dir="0" index="3" bw="10" slack="0"/>
<pin id="484" dir="1" index="4" bw="16" slack="0"/>
</pin_list>
<bind>
<opcode="partselect(1002) " fcode="partselect"/>
<opset="trunc_ln44_19/1 "/>
</bind>
</comp>

<comp id="489" class="1004" name="trunc_ln44_20_fu_489">
<pin_list>
<pin id="490" dir="0" index="0" bw="16" slack="0"/>
<pin id="491" dir="0" index="1" bw="512" slack="0"/>
<pin id="492" dir="0" index="2" bw="10" slack="0"/>
<pin id="493" dir="0" index="3" bw="10" slack="0"/>
<pin id="494" dir="1" index="4" bw="16" slack="0"/>
</pin_list>
<bind>
<opcode="partselect(1002) " fcode="partselect"/>
<opset="trunc_ln44_20/1 "/>
</bind>
</comp>

<comp id="499" class="1004" name="trunc_ln44_21_fu_499">
<pin_list>
<pin id="500" dir="0" index="0" bw="16" slack="0"/>
<pin id="501" dir="0" index="1" bw="512" slack="0"/>
<pin id="502" dir="0" index="2" bw="10" slack="0"/>
<pin id="503" dir="0" index="3" bw="10" slack="0"/>
<pin id="504" dir="1" index="4" bw="16" slack="0"/>
</pin_list>
<bind>
<opcode="partselect(1002) " fcode="partselect"/>
<opset="trunc_ln44_21/1 "/>
</bind>
</comp>

<comp id="509" class="1004" name="trunc_ln44_22_fu_509">
<pin_list>
<pin id="510" dir="0" index="0" bw="16" slack="0"/>
<pin id="511" dir="0" index="1" bw="512" slack="0"/>
<pin id="512" dir="0" index="2" bw="10" slack="0"/>
<pin id="513" dir="0" index="3" bw="10" slack="0"/>
<pin id="514" dir="1" index="4" bw="16" slack="0"/>
</pin_list>
<bind>
<opcode="partselect(1002) " fcode="partselect"/>
<opset="trunc_ln44_22/1 "/>
</bind>
</comp>

<comp id="519" class="1004" name="trunc_ln44_23_fu_519">
<pin_list>
<pin id="520" dir="0" index="0" bw="16" slack="0"/>
<pin id="521" dir="0" index="1" bw="512" slack="0"/>
<pin id="522" dir="0" index="2" bw="10" slack="0"/>
<pin id="523" dir="0" index="3" bw="10" slack="0"/>
<pin id="524" dir="1" index="4" bw="16" slack="0"/>
</pin_list>
<bind>
<opcode="partselect(1002) " fcode="partselect"/>
<opset="trunc_ln44_23/1 "/>
</bind>
</comp>

<comp id="529" class="1004" name="trunc_ln44_24_fu_529">
<pin_list>
<pin id="530" dir="0" index="0" bw="16" slack="0"/>
<pin id="531" dir="0" index="1" bw="512" slack="0"/>
<pin id="532" dir="0" index="2" bw="10" slack="0"/>
<pin id="533" dir="0" index="3" bw="10" slack="0"/>
<pin id="534" dir="1" index="4" bw="16" slack="0"/>
</pin_list>
<bind>
<opcode="partselect(1002) " fcode="partselect"/>
<opset="trunc_ln44_24/1 "/>
</bind>
</comp>

<comp id="539" class="1004" name="trunc_ln44_25_fu_539">
<pin_list>
<pin id="540" dir="0" index="0" bw="16" slack="0"/>
<pin id="541" dir="0" index="1" bw="512" slack="0"/>
<pin id="542" dir="0" index="2" bw="10" slack="0"/>
<pin id="543" dir="0" index="3" bw="10" slack="0"/>
<pin id="544" dir="1" index="4" bw="16" slack="0"/>
</pin_list>
<bind>
<opcode="partselect(1002) " fcode="partselect"/>
<opset="trunc_ln44_25/1 "/>
</bind>
</comp>

<comp id="549" class="1004" name="trunc_ln44_26_fu_549">
<pin_list>
<pin id="550" dir="0" index="0" bw="16" slack="0"/>
<pin id="551" dir="0" index="1" bw="512" slack="0"/>
<pin id="552" dir="0" index="2" bw="10" slack="0"/>
<pin id="553" dir="0" index="3" bw="10" slack="0"/>
<pin id="554" dir="1" index="4" bw="16" slack="0"/>
</pin_list>
<bind>
<opcode="partselect(1002) " fcode="partselect"/>
<opset="trunc_ln44_26/1 "/>
</bind>
</comp>

<comp id="559" class="1004" name="trunc_ln44_27_fu_559">
<pin_list>
<pin id="560" dir="0" index="0" bw="16" slack="0"/>
<pin id="561" dir="0" index="1" bw="512" slack="0"/>
<pin id="562" dir="0" index="2" bw="10" slack="0"/>
<pin id="563" dir="0" index="3" bw="10" slack="0"/>
<pin id="564" dir="1" index="4" bw="16" slack="0"/>
</pin_list>
<bind>
<opcode="partselect(1002) " fcode="partselect"/>
<opset="trunc_ln44_27/1 "/>
</bind>
</comp>

<comp id="569" class="1004" name="trunc_ln44_28_fu_569">
<pin_list>
<pin id="570" dir="0" index="0" bw="16" slack="0"/>
<pin id="571" dir="0" index="1" bw="512" slack="0"/>
<pin id="572" dir="0" index="2" bw="10" slack="0"/>
<pin id="573" dir="0" index="3" bw="10" slack="0"/>
<pin id="574" dir="1" index="4" bw="16" slack="0"/>
</pin_list>
<bind>
<opcode="partselect(1002) " fcode="partselect"/>
<opset="trunc_ln44_28/1 "/>
</bind>
</comp>

<comp id="579" class="1004" name="trunc_ln44_29_fu_579">
<pin_list>
<pin id="580" dir="0" index="0" bw="16" slack="0"/>
<pin id="581" dir="0" index="1" bw="512" slack="0"/>
<pin id="582" dir="0" index="2" bw="10" slack="0"/>
<pin id="583" dir="0" index="3" bw="10" slack="0"/>
<pin id="584" dir="1" index="4" bw="16" slack="0"/>
</pin_list>
<bind>
<opcode="partselect(1002) " fcode="partselect"/>
<opset="trunc_ln44_29/1 "/>
</bind>
</comp>

<comp id="589" class="1004" name="trunc_ln44_30_fu_589">
<pin_list>
<pin id="590" dir="0" index="0" bw="16" slack="0"/>
<pin id="591" dir="0" index="1" bw="512" slack="0"/>
<pin id="592" dir="0" index="2" bw="10" slack="0"/>
<pin id="593" dir="0" index="3" bw="10" slack="0"/>
<pin id="594" dir="1" index="4" bw="16" slack="0"/>
</pin_list>
<bind>
<opcode="partselect(1002) " fcode="partselect"/>
<opset="trunc_ln44_30/1 "/>
</bind>
</comp>

<comp id="599" class="1004" name="trunc_ln44_31_fu_599">
<pin_list>
<pin id="600" dir="0" index="0" bw="16" slack="0"/>
<pin id="601" dir="0" index="1" bw="512" slack="0"/>
<pin id="602" dir="0" index="2" bw="10" slack="0"/>
<pin id="603" dir="0" index="3" bw="10" slack="0"/>
<pin id="604" dir="1" index="4" bw="16" slack="0"/>
</pin_list>
<bind>
<opcode="partselect(1002) " fcode="partselect"/>
<opset="trunc_ln44_31/1 "/>
</bind>
</comp>

<comp id="609" class="1004" name="icmp_ln51_fu_609">
<pin_list>
<pin id="610" dir="0" index="0" bw="16" slack="0"/>
<pin id="611" dir="0" index="1" bw="16" slack="0"/>
<pin id="612" dir="1" index="2" bw="1" slack="0"/>
</pin_list>
<bind>
<opcode="icmp(45) " fcode="icmp"/>
<opset="icmp_ln51/1 "/>
</bind>
</comp>

<comp id="615" class="1004" name="trunc_ln3_fu_615">
<pin_list>
<pin id="616" dir="0" index="0" bw="8" slack="0"/>
<pin id="617" dir="0" index="1" bw="512" slack="0"/>
<pin id="618" dir="0" index="2" bw="1" slack="0"/>
<pin id="619" dir="0" index="3" bw="5" slack="0"/>
<pin id="620" dir="1" index="4" bw="8" slack="0"/>
</pin_list>
<bind>
<opcode="partselect(1002) " fcode="partselect"/>
<opset="trunc_ln3/1 "/>
</bind>
</comp>

<comp id="625" class="1004" name="trunc_ln52_fu_625">
<pin_list>
<pin id="626" dir="0" index="0" bw="512" slack="0"/>
<pin id="627" dir="1" index="1" bw="1" slack="0"/>
</pin_list>
<bind>
<opcode="trunc(33) " fcode="trunc"/>
<opset="trunc_ln52/1 "/>
</bind>
</comp>

<comp id="629" class="1004" name="zext_ln52_fu_629">
<pin_list>
<pin id="630" dir="0" index="0" bw="1" slack="0"/>
<pin id="631" dir="1" index="1" bw="8" slack="0"/>
</pin_list>
<bind>
<opcode="zext(34) " fcode="zext"/>
<opset="zext_ln52/1 "/>
</bind>
</comp>

<comp id="633" class="1004" name="add_ln52_fu_633">
<pin_list>
<pin id="634" dir="0" index="0" bw="8" slack="0"/>
<pin id="635" dir="0" index="1" bw="1" slack="0"/>
<pin id="636" dir="1" index="2" bw="8" slack="0"/>
</pin_list>
<bind>
<opcode="add(8) " fcode="add"/>
<opset="add_ln52/1 "/>
</bind>
</comp>

<comp id="639" class="1004" name="out_data_0_0_0_0_0_load_fu_639">
<pin_list>
<pin id="640" dir="0" index="0" bw="1" slack="0"/>
<pin id="641" dir="0" index="1" bw="8" slack="0"/>
<pin id="642" dir="0" index="2" bw="8" slack="0"/>
<pin id="643" dir="1" index="3" bw="8" slack="1"/>
</pin_list>
<bind>
<opcode="select(49) " fcode="select"/>
<opset="out_data_0_0_0_0_0_load/1 "/>
</bind>
</comp>

<comp id="647" class="1004" name="icmp_ln51_1_fu_647">
<pin_list>
<pin id="648" dir="0" index="0" bw="16" slack="0"/>
<pin id="649" dir="0" index="1" bw="16" slack="0"/>
<pin id="650" dir="1" index="2" bw="1" slack="0"/>
</pin_list>
<bind>
<opcode="icmp(45) " fcode="icmp"/>
<opset="icmp_ln51_1/1 "/>
</bind>
</comp>

<comp id="653" class="1004" name="trunc_ln52_1_fu_653">
<pin_list>
<pin id="654" dir="0" index="0" bw="8" slack="0"/>
<pin id="655" dir="0" index="1" bw="512" slack="0"/>
<pin id="656" dir="0" index="2" bw="6" slack="0"/>
<pin id="657" dir="0" index="3" bw="6" slack="0"/>
<pin id="658" dir="1" index="4" bw="8" slack="0"/>
</pin_list>
<bind>
<opcode="partselect(1002) " fcode="partselect"/>
<opset="trunc_ln52_1/1 "/>
</bind>
</comp>

<comp id="663" class="1004" name="tmp_fu_663">
<pin_list>
<pin id="664" dir="0" index="0" bw="1" slack="0"/>
<pin id="665" dir="0" index="1" bw="512" slack="0"/>
<pin id="666" dir="0" index="2" bw="6" slack="0"/>
<pin id="667" dir="1" index="3" bw="1" slack="0"/>
</pin_list>
<bind>
<opcode="bitselect(1000) " fcode="bitselect"/>
<opset="tmp/1 "/>
</bind>
</comp>

<comp id="671" class="1004" name="zext_ln52_1_fu_671">
<pin_list>
<pin id="672" dir="0" index="0" bw="1" slack="0"/>
<pin id="673" dir="1" index="1" bw="8" slack="0"/>
</pin_list>
<bind>
<opcode="zext(34) " fcode="zext"/>
<opset="zext_ln52_1/1 "/>
</bind>
</comp>

<comp id="675" class="1004" name="add_ln52_1_fu_675">
<pin_list>
<pin id="676" dir="0" index="0" bw="8" slack="0"/>
<pin id="677" dir="0" index="1" bw="1" slack="0"/>
<pin id="678" dir="1" index="2" bw="8" slack="0"/>
</pin_list>
<bind>
<opcode="add(8) " fcode="add"/>
<opset="add_ln52_1/1 "/>
</bind>
</comp>

<comp id="681" class="1004" name="out_data_0_1_0_0_0_load_fu_681">
<pin_list>
<pin id="682" dir="0" index="0" bw="1" slack="0"/>
<pin id="683" dir="0" index="1" bw="8" slack="0"/>
<pin id="684" dir="0" index="2" bw="8" slack="0"/>
<pin id="685" dir="1" index="3" bw="8" slack="1"/>
</pin_list>
<bind>
<opcode="select(49) " fcode="select"/>
<opset="out_data_0_1_0_0_0_load/1 "/>
</bind>
</comp>

<comp id="689" class="1004" name="icmp_ln51_2_fu_689">
<pin_list>
<pin id="690" dir="0" index="0" bw="16" slack="0"/>
<pin id="691" dir="0" index="1" bw="16" slack="0"/>
<pin id="692" dir="1" index="2" bw="1" slack="0"/>
</pin_list>
<bind>
<opcode="icmp(45) " fcode="icmp"/>
<opset="icmp_ln51_2/1 "/>
</bind>
</comp>

<comp id="695" class="1004" name="trunc_ln52_2_fu_695">
<pin_list>
<pin id="696" dir="0" index="0" bw="8" slack="0"/>
<pin id="697" dir="0" index="1" bw="512" slack="0"/>
<pin id="698" dir="0" index="2" bw="7" slack="0"/>
<pin id="699" dir="0" index="3" bw="7" slack="0"/>
<pin id="700" dir="1" index="4" bw="8" slack="0"/>
</pin_list>
<bind>
<opcode="partselect(1002) " fcode="partselect"/>
<opset="trunc_ln52_2/1 "/>
</bind>
</comp>

<comp id="705" class="1004" name="tmp_77_fu_705">
<pin_list>
<pin id="706" dir="0" index="0" bw="1" slack="0"/>
<pin id="707" dir="0" index="1" bw="512" slack="0"/>
<pin id="708" dir="0" index="2" bw="7" slack="0"/>
<pin id="709" dir="1" index="3" bw="1" slack="0"/>
</pin_list>
<bind>
<opcode="bitselect(1000) " fcode="bitselect"/>
<opset="tmp_77/1 "/>
</bind>
</comp>

<comp id="713" class="1004" name="zext_ln52_2_fu_713">
<pin_list>
<pin id="714" dir="0" index="0" bw="1" slack="0"/>
<pin id="715" dir="1" index="1" bw="8" slack="0"/>
</pin_list>
<bind>
<opcode="zext(34) " fcode="zext"/>
<opset="zext_ln52_2/1 "/>
</bind>
</comp>

<comp id="717" class="1004" name="add_ln52_2_fu_717">
<pin_list>
<pin id="718" dir="0" index="0" bw="8" slack="0"/>
<pin id="719" dir="0" index="1" bw="1" slack="0"/>
<pin id="720" dir="1" index="2" bw="8" slack="0"/>
</pin_list>
<bind>
<opcode="add(8) " fcode="add"/>
<opset="add_ln52_2/1 "/>
</bind>
</comp>

<comp id="723" class="1004" name="out_data_0_2_0_0_0_load_fu_723">
<pin_list>
<pin id="724" dir="0" index="0" bw="1" slack="0"/>
<pin id="725" dir="0" index="1" bw="8" slack="0"/>
<pin id="726" dir="0" index="2" bw="8" slack="0"/>
<pin id="727" dir="1" index="3" bw="8" slack="1"/>
</pin_list>
<bind>
<opcode="select(49) " fcode="select"/>
<opset="out_data_0_2_0_0_0_load/1 "/>
</bind>
</comp>

<comp id="731" class="1004" name="icmp_ln51_3_fu_731">
<pin_list>
<pin id="732" dir="0" index="0" bw="16" slack="0"/>
<pin id="733" dir="0" index="1" bw="16" slack="0"/>
<pin id="734" dir="1" index="2" bw="1" slack="0"/>
</pin_list>
<bind>
<opcode="icmp(45) " fcode="icmp"/>
<opset="icmp_ln51_3/1 "/>
</bind>
</comp>

<comp id="737" class="1004" name="trunc_ln52_3_fu_737">
<pin_list>
<pin id="738" dir="0" index="0" bw="8" slack="0"/>
<pin id="739" dir="0" index="1" bw="512" slack="0"/>
<pin id="740" dir="0" index="2" bw="7" slack="0"/>
<pin id="741" dir="0" index="3" bw="7" slack="0"/>
<pin id="742" dir="1" index="4" bw="8" slack="0"/>
</pin_list>
<bind>
<opcode="partselect(1002) " fcode="partselect"/>
<opset="trunc_ln52_3/1 "/>
</bind>
</comp>

<comp id="747" class="1004" name="tmp_78_fu_747">
<pin_list>
<pin id="748" dir="0" index="0" bw="1" slack="0"/>
<pin id="749" dir="0" index="1" bw="512" slack="0"/>
<pin id="750" dir="0" index="2" bw="7" slack="0"/>
<pin id="751" dir="1" index="3" bw="1" slack="0"/>
</pin_list>
<bind>
<opcode="bitselect(1000) " fcode="bitselect"/>
<opset="tmp_78/1 "/>
</bind>
</comp>

<comp id="755" class="1004" name="zext_ln52_3_fu_755">
<pin_list>
<pin id="756" dir="0" index="0" bw="1" slack="0"/>
<pin id="757" dir="1" index="1" bw="8" slack="0"/>
</pin_list>
<bind>
<opcode="zext(34) " fcode="zext"/>
<opset="zext_ln52_3/1 "/>
</bind>
</comp>

<comp id="759" class="1004" name="add_ln52_3_fu_759">
<pin_list>
<pin id="760" dir="0" index="0" bw="8" slack="0"/>
<pin id="761" dir="0" index="1" bw="1" slack="0"/>
<pin id="762" dir="1" index="2" bw="8" slack="0"/>
</pin_list>
<bind>
<opcode="add(8) " fcode="add"/>
<opset="add_ln52_3/1 "/>
</bind>
</comp>

<comp id="765" class="1004" name="out_data_0_3_0_0_0_load_fu_765">
<pin_list>
<pin id="766" dir="0" index="0" bw="1" slack="0"/>
<pin id="767" dir="0" index="1" bw="8" slack="0"/>
<pin id="768" dir="0" index="2" bw="8" slack="0"/>
<pin id="769" dir="1" index="3" bw="8" slack="1"/>
</pin_list>
<bind>
<opcode="select(49) " fcode="select"/>
<opset="out_data_0_3_0_0_0_load/1 "/>
</bind>
</comp>

<comp id="773" class="1004" name="icmp_ln51_4_fu_773">
<pin_list>
<pin id="774" dir="0" index="0" bw="16" slack="0"/>
<pin id="775" dir="0" index="1" bw="16" slack="0"/>
<pin id="776" dir="1" index="2" bw="1" slack="0"/>
</pin_list>
<bind>
<opcode="icmp(45) " fcode="icmp"/>
<opset="icmp_ln51_4/1 "/>
</bind>
</comp>

<comp id="779" class="1004" name="trunc_ln52_4_fu_779">
<pin_list>
<pin id="780" dir="0" index="0" bw="8" slack="0"/>
<pin id="781" dir="0" index="1" bw="512" slack="0"/>
<pin id="782" dir="0" index="2" bw="8" slack="0"/>
<pin id="783" dir="0" index="3" bw="8" slack="0"/>
<pin id="784" dir="1" index="4" bw="8" slack="0"/>
</pin_list>
<bind>
<opcode="partselect(1002) " fcode="partselect"/>
<opset="trunc_ln52_4/1 "/>
</bind>
</comp>

<comp id="789" class="1004" name="tmp_79_fu_789">
<pin_list>
<pin id="790" dir="0" index="0" bw="1" slack="0"/>
<pin id="791" dir="0" index="1" bw="512" slack="0"/>
<pin id="792" dir="0" index="2" bw="8" slack="0"/>
<pin id="793" dir="1" index="3" bw="1" slack="0"/>
</pin_list>
<bind>
<opcode="bitselect(1000) " fcode="bitselect"/>
<opset="tmp_79/1 "/>
</bind>
</comp>

<comp id="797" class="1004" name="zext_ln52_4_fu_797">
<pin_list>
<pin id="798" dir="0" index="0" bw="1" slack="0"/>
<pin id="799" dir="1" index="1" bw="8" slack="0"/>
</pin_list>
<bind>
<opcode="zext(34) " fcode="zext"/>
<opset="zext_ln52_4/1 "/>
</bind>
</comp>

<comp id="801" class="1004" name="add_ln52_4_fu_801">
<pin_list>
<pin id="802" dir="0" index="0" bw="8" slack="0"/>
<pin id="803" dir="0" index="1" bw="1" slack="0"/>
<pin id="804" dir="1" index="2" bw="8" slack="0"/>
</pin_list>
<bind>
<opcode="add(8) " fcode="add"/>
<opset="add_ln52_4/1 "/>
</bind>
</comp>

<comp id="807" class="1004" name="out_data_0_4_0_0_0_load_fu_807">
<pin_list>
<pin id="808" dir="0" index="0" bw="1" slack="0"/>
<pin id="809" dir="0" index="1" bw="8" slack="0"/>
<pin id="810" dir="0" index="2" bw="8" slack="0"/>
<pin id="811" dir="1" index="3" bw="8" slack="1"/>
</pin_list>
<bind>
<opcode="select(49) " fcode="select"/>
<opset="out_data_0_4_0_0_0_load/1 "/>
</bind>
</comp>

<comp id="815" class="1004" name="icmp_ln51_5_fu_815">
<pin_list>
<pin id="816" dir="0" index="0" bw="16" slack="0"/>
<pin id="817" dir="0" index="1" bw="16" slack="0"/>
<pin id="818" dir="1" index="2" bw="1" slack="0"/>
</pin_list>
<bind>
<opcode="icmp(45) " fcode="icmp"/>
<opset="icmp_ln51_5/1 "/>
</bind>
</comp>

<comp id="821" class="1004" name="trunc_ln52_5_fu_821">
<pin_list>
<pin id="822" dir="0" index="0" bw="8" slack="0"/>
<pin id="823" dir="0" index="1" bw="512" slack="0"/>
<pin id="824" dir="0" index="2" bw="8" slack="0"/>
<pin id="825" dir="0" index="3" bw="8" slack="0"/>
<pin id="826" dir="1" index="4" bw="8" slack="0"/>
</pin_list>
<bind>
<opcode="partselect(1002) " fcode="partselect"/>
<opset="trunc_ln52_5/1 "/>
</bind>
</comp>

<comp id="831" class="1004" name="tmp_80_fu_831">
<pin_list>
<pin id="832" dir="0" index="0" bw="1" slack="0"/>
<pin id="833" dir="0" index="1" bw="512" slack="0"/>
<pin id="834" dir="0" index="2" bw="8" slack="0"/>
<pin id="835" dir="1" index="3" bw="1" slack="0"/>
</pin_list>
<bind>
<opcode="bitselect(1000) " fcode="bitselect"/>
<opset="tmp_80/1 "/>
</bind>
</comp>

<comp id="839" class="1004" name="zext_ln52_5_fu_839">
<pin_list>
<pin id="840" dir="0" index="0" bw="1" slack="0"/>
<pin id="841" dir="1" index="1" bw="8" slack="0"/>
</pin_list>
<bind>
<opcode="zext(34) " fcode="zext"/>
<opset="zext_ln52_5/1 "/>
</bind>
</comp>

<comp id="843" class="1004" name="add_ln52_5_fu_843">
<pin_list>
<pin id="844" dir="0" index="0" bw="8" slack="0"/>
<pin id="845" dir="0" index="1" bw="1" slack="0"/>
<pin id="846" dir="1" index="2" bw="8" slack="0"/>
</pin_list>
<bind>
<opcode="add(8) " fcode="add"/>
<opset="add_ln52_5/1 "/>
</bind>
</comp>

<comp id="849" class="1004" name="out_data_0_5_0_0_0_load_fu_849">
<pin_list>
<pin id="850" dir="0" index="0" bw="1" slack="0"/>
<pin id="851" dir="0" index="1" bw="8" slack="0"/>
<pin id="852" dir="0" index="2" bw="8" slack="0"/>
<pin id="853" dir="1" index="3" bw="8" slack="1"/>
</pin_list>
<bind>
<opcode="select(49) " fcode="select"/>
<opset="out_data_0_5_0_0_0_load/1 "/>
</bind>
</comp>

<comp id="857" class="1004" name="icmp_ln51_6_fu_857">
<pin_list>
<pin id="858" dir="0" index="0" bw="16" slack="0"/>
<pin id="859" dir="0" index="1" bw="16" slack="0"/>
<pin id="860" dir="1" index="2" bw="1" slack="0"/>
</pin_list>
<bind>
<opcode="icmp(45) " fcode="icmp"/>
<opset="icmp_ln51_6/1 "/>
</bind>
</comp>

<comp id="863" class="1004" name="trunc_ln52_6_fu_863">
<pin_list>
<pin id="864" dir="0" index="0" bw="8" slack="0"/>
<pin id="865" dir="0" index="1" bw="512" slack="0"/>
<pin id="866" dir="0" index="2" bw="8" slack="0"/>
<pin id="867" dir="0" index="3" bw="8" slack="0"/>
<pin id="868" dir="1" index="4" bw="8" slack="0"/>
</pin_list>
<bind>
<opcode="partselect(1002) " fcode="partselect"/>
<opset="trunc_ln52_6/1 "/>
</bind>
</comp>

<comp id="873" class="1004" name="tmp_81_fu_873">
<pin_list>
<pin id="874" dir="0" index="0" bw="1" slack="0"/>
<pin id="875" dir="0" index="1" bw="512" slack="0"/>
<pin id="876" dir="0" index="2" bw="8" slack="0"/>
<pin id="877" dir="1" index="3" bw="1" slack="0"/>
</pin_list>
<bind>
<opcode="bitselect(1000) " fcode="bitselect"/>
<opset="tmp_81/1 "/>
</bind>
</comp>

<comp id="881" class="1004" name="zext_ln52_6_fu_881">
<pin_list>
<pin id="882" dir="0" index="0" bw="1" slack="0"/>
<pin id="883" dir="1" index="1" bw="8" slack="0"/>
</pin_list>
<bind>
<opcode="zext(34) " fcode="zext"/>
<opset="zext_ln52_6/1 "/>
</bind>
</comp>

<comp id="885" class="1004" name="add_ln52_6_fu_885">
<pin_list>
<pin id="886" dir="0" index="0" bw="8" slack="0"/>
<pin id="887" dir="0" index="1" bw="1" slack="0"/>
<pin id="888" dir="1" index="2" bw="8" slack="0"/>
</pin_list>
<bind>
<opcode="add(8) " fcode="add"/>
<opset="add_ln52_6/1 "/>
</bind>
</comp>

<comp id="891" class="1004" name="out_data_0_6_0_0_0_load_fu_891">
<pin_list>
<pin id="892" dir="0" index="0" bw="1" slack="0"/>
<pin id="893" dir="0" index="1" bw="8" slack="0"/>
<pin id="894" dir="0" index="2" bw="8" slack="0"/>
<pin id="895" dir="1" index="3" bw="8" slack="1"/>
</pin_list>
<bind>
<opcode="select(49) " fcode="select"/>
<opset="out_data_0_6_0_0_0_load/1 "/>
</bind>
</comp>

<comp id="899" class="1004" name="icmp_ln51_7_fu_899">
<pin_list>
<pin id="900" dir="0" index="0" bw="16" slack="0"/>
<pin id="901" dir="0" index="1" bw="16" slack="0"/>
<pin id="902" dir="1" index="2" bw="1" slack="0"/>
</pin_list>
<bind>
<opcode="icmp(45) " fcode="icmp"/>
<opset="icmp_ln51_7/1 "/>
</bind>
</comp>

<comp id="905" class="1004" name="trunc_ln52_7_fu_905">
<pin_list>
<pin id="906" dir="0" index="0" bw="8" slack="0"/>
<pin id="907" dir="0" index="1" bw="512" slack="0"/>
<pin id="908" dir="0" index="2" bw="8" slack="0"/>
<pin id="909" dir="0" index="3" bw="8" slack="0"/>
<pin id="910" dir="1" index="4" bw="8" slack="0"/>
</pin_list>
<bind>
<opcode="partselect(1002) " fcode="partselect"/>
<opset="trunc_ln52_7/1 "/>
</bind>
</comp>

<comp id="915" class="1004" name="tmp_82_fu_915">
<pin_list>
<pin id="916" dir="0" index="0" bw="1" slack="0"/>
<pin id="917" dir="0" index="1" bw="512" slack="0"/>
<pin id="918" dir="0" index="2" bw="8" slack="0"/>
<pin id="919" dir="1" index="3" bw="1" slack="0"/>
</pin_list>
<bind>
<opcode="bitselect(1000) " fcode="bitselect"/>
<opset="tmp_82/1 "/>
</bind>
</comp>

<comp id="923" class="1004" name="zext_ln52_7_fu_923">
<pin_list>
<pin id="924" dir="0" index="0" bw="1" slack="0"/>
<pin id="925" dir="1" index="1" bw="8" slack="0"/>
</pin_list>
<bind>
<opcode="zext(34) " fcode="zext"/>
<opset="zext_ln52_7/1 "/>
</bind>
</comp>

<comp id="927" class="1004" name="add_ln52_7_fu_927">
<pin_list>
<pin id="928" dir="0" index="0" bw="8" slack="0"/>
<pin id="929" dir="0" index="1" bw="1" slack="0"/>
<pin id="930" dir="1" index="2" bw="8" slack="0"/>
</pin_list>
<bind>
<opcode="add(8) " fcode="add"/>
<opset="add_ln52_7/1 "/>
</bind>
</comp>

<comp id="933" class="1004" name="out_data_0_7_0_0_0_load_fu_933">
<pin_list>
<pin id="934" dir="0" index="0" bw="1" slack="0"/>
<pin id="935" dir="0" index="1" bw="8" slack="0"/>
<pin id="936" dir="0" index="2" bw="8" slack="0"/>
<pin id="937" dir="1" index="3" bw="8" slack="1"/>
</pin_list>
<bind>
<opcode="select(49) " fcode="select"/>
<opset="out_data_0_7_0_0_0_load/1 "/>
</bind>
</comp>

<comp id="941" class="1004" name="icmp_ln51_8_fu_941">
<pin_list>
<pin id="942" dir="0" index="0" bw="16" slack="0"/>
<pin id="943" dir="0" index="1" bw="16" slack="0"/>
<pin id="944" dir="1" index="2" bw="1" slack="0"/>
</pin_list>
<bind>
<opcode="icmp(45) " fcode="icmp"/>
<opset="icmp_ln51_8/1 "/>
</bind>
</comp>

<comp id="947" class="1004" name="trunc_ln52_8_fu_947">
<pin_list>
<pin id="948" dir="0" index="0" bw="8" slack="0"/>
<pin id="949" dir="0" index="1" bw="512" slack="0"/>
<pin id="950" dir="0" index="2" bw="9" slack="0"/>
<pin id="951" dir="0" index="3" bw="9" slack="0"/>
<pin id="952" dir="1" index="4" bw="8" slack="0"/>
</pin_list>
<bind>
<opcode="partselect(1002) " fcode="partselect"/>
<opset="trunc_ln52_8/1 "/>
</bind>
</comp>

<comp id="957" class="1004" name="tmp_83_fu_957">
<pin_list>
<pin id="958" dir="0" index="0" bw="1" slack="0"/>
<pin id="959" dir="0" index="1" bw="512" slack="0"/>
<pin id="960" dir="0" index="2" bw="9" slack="0"/>
<pin id="961" dir="1" index="3" bw="1" slack="0"/>
</pin_list>
<bind>
<opcode="bitselect(1000) " fcode="bitselect"/>
<opset="tmp_83/1 "/>
</bind>
</comp>

<comp id="965" class="1004" name="zext_ln52_8_fu_965">
<pin_list>
<pin id="966" dir="0" index="0" bw="1" slack="0"/>
<pin id="967" dir="1" index="1" bw="8" slack="0"/>
</pin_list>
<bind>
<opcode="zext(34) " fcode="zext"/>
<opset="zext_ln52_8/1 "/>
</bind>
</comp>

<comp id="969" class="1004" name="add_ln52_8_fu_969">
<pin_list>
<pin id="970" dir="0" index="0" bw="8" slack="0"/>
<pin id="971" dir="0" index="1" bw="1" slack="0"/>
<pin id="972" dir="1" index="2" bw="8" slack="0"/>
</pin_list>
<bind>
<opcode="add(8) " fcode="add"/>
<opset="add_ln52_8/1 "/>
</bind>
</comp>

<comp id="975" class="1004" name="out_data_0_8_0_0_0_load_fu_975">
<pin_list>
<pin id="976" dir="0" index="0" bw="1" slack="0"/>
<pin id="977" dir="0" index="1" bw="8" slack="0"/>
<pin id="978" dir="0" index="2" bw="8" slack="0"/>
<pin id="979" dir="1" index="3" bw="8" slack="1"/>
</pin_list>
<bind>
<opcode="select(49) " fcode="select"/>
<opset="out_data_0_8_0_0_0_load/1 "/>
</bind>
</comp>

<comp id="983" class="1004" name="icmp_ln51_9_fu_983">
<pin_list>
<pin id="984" dir="0" index="0" bw="16" slack="0"/>
<pin id="985" dir="0" index="1" bw="16" slack="0"/>
<pin id="986" dir="1" index="2" bw="1" slack="0"/>
</pin_list>
<bind>
<opcode="icmp(45) " fcode="icmp"/>
<opset="icmp_ln51_9/1 "/>
</bind>
</comp>

<comp id="989" class="1004" name="trunc_ln52_9_fu_989">
<pin_list>
<pin id="990" dir="0" index="0" bw="8" slack="0"/>
<pin id="991" dir="0" index="1" bw="512" slack="0"/>
<pin id="992" dir="0" index="2" bw="9" slack="0"/>
<pin id="993" dir="0" index="3" bw="9" slack="0"/>
<pin id="994" dir="1" index="4" bw="8" slack="0"/>
</pin_list>
<bind>
<opcode="partselect(1002) " fcode="partselect"/>
<opset="trunc_ln52_9/1 "/>
</bind>
</comp>

<comp id="999" class="1004" name="tmp_84_fu_999">
<pin_list>
<pin id="1000" dir="0" index="0" bw="1" slack="0"/>
<pin id="1001" dir="0" index="1" bw="512" slack="0"/>
<pin id="1002" dir="0" index="2" bw="9" slack="0"/>
<pin id="1003" dir="1" index="3" bw="1" slack="0"/>
</pin_list>
<bind>
<opcode="bitselect(1000) " fcode="bitselect"/>
<opset="tmp_84/1 "/>
</bind>
</comp>

<comp id="1007" class="1004" name="zext_ln52_9_fu_1007">
<pin_list>
<pin id="1008" dir="0" index="0" bw="1" slack="0"/>
<pin id="1009" dir="1" index="1" bw="8" slack="0"/>
</pin_list>
<bind>
<opcode="zext(34) " fcode="zext"/>
<opset="zext_ln52_9/1 "/>
</bind>
</comp>

<comp id="1011" class="1004" name="add_ln52_9_fu_1011">
<pin_list>
<pin id="1012" dir="0" index="0" bw="8" slack="0"/>
<pin id="1013" dir="0" index="1" bw="1" slack="0"/>
<pin id="1014" dir="1" index="2" bw="8" slack="0"/>
</pin_list>
<bind>
<opcode="add(8) " fcode="add"/>
<opset="add_ln52_9/1 "/>
</bind>
</comp>

<comp id="1017" class="1004" name="out_data_0_9_0_0_0_load_fu_1017">
<pin_list>
<pin id="1018" dir="0" index="0" bw="1" slack="0"/>
<pin id="1019" dir="0" index="1" bw="8" slack="0"/>
<pin id="1020" dir="0" index="2" bw="8" slack="0"/>
<pin id="1021" dir="1" index="3" bw="8" slack="1"/>
</pin_list>
<bind>
<opcode="select(49) " fcode="select"/>
<opset="out_data_0_9_0_0_0_load/1 "/>
</bind>
</comp>

<comp id="1025" class="1004" name="icmp_ln51_10_fu_1025">
<pin_list>
<pin id="1026" dir="0" index="0" bw="16" slack="0"/>
<pin id="1027" dir="0" index="1" bw="16" slack="0"/>
<pin id="1028" dir="1" index="2" bw="1" slack="0"/>
</pin_list>
<bind>
<opcode="icmp(45) " fcode="icmp"/>
<opset="icmp_ln51_10/1 "/>
</bind>
</comp>

<comp id="1031" class="1004" name="trunc_ln52_10_fu_1031">
<pin_list>
<pin id="1032" dir="0" index="0" bw="8" slack="0"/>
<pin id="1033" dir="0" index="1" bw="512" slack="0"/>
<pin id="1034" dir="0" index="2" bw="9" slack="0"/>
<pin id="1035" dir="0" index="3" bw="9" slack="0"/>
<pin id="1036" dir="1" index="4" bw="8" slack="0"/>
</pin_list>
<bind>
<opcode="partselect(1002) " fcode="partselect"/>
<opset="trunc_ln52_10/1 "/>
</bind>
</comp>

<comp id="1041" class="1004" name="tmp_85_fu_1041">
<pin_list>
<pin id="1042" dir="0" index="0" bw="1" slack="0"/>
<pin id="1043" dir="0" index="1" bw="512" slack="0"/>
<pin id="1044" dir="0" index="2" bw="9" slack="0"/>
<pin id="1045" dir="1" index="3" bw="1" slack="0"/>
</pin_list>
<bind>
<opcode="bitselect(1000) " fcode="bitselect"/>
<opset="tmp_85/1 "/>
</bind>
</comp>

<comp id="1049" class="1004" name="zext_ln52_10_fu_1049">
<pin_list>
<pin id="1050" dir="0" index="0" bw="1" slack="0"/>
<pin id="1051" dir="1" index="1" bw="8" slack="0"/>
</pin_list>
<bind>
<opcode="zext(34) " fcode="zext"/>
<opset="zext_ln52_10/1 "/>
</bind>
</comp>

<comp id="1053" class="1004" name="add_ln52_10_fu_1053">
<pin_list>
<pin id="1054" dir="0" index="0" bw="8" slack="0"/>
<pin id="1055" dir="0" index="1" bw="1" slack="0"/>
<pin id="1056" dir="1" index="2" bw="8" slack="0"/>
</pin_list>
<bind>
<opcode="add(8) " fcode="add"/>
<opset="add_ln52_10/1 "/>
</bind>
</comp>

<comp id="1059" class="1004" name="out_data_0_10_0_0_0_load_fu_1059">
<pin_list>
<pin id="1060" dir="0" index="0" bw="1" slack="0"/>
<pin id="1061" dir="0" index="1" bw="8" slack="0"/>
<pin id="1062" dir="0" index="2" bw="8" slack="0"/>
<pin id="1063" dir="1" index="3" bw="8" slack="1"/>
</pin_list>
<bind>
<opcode="select(49) " fcode="select"/>
<opset="out_data_0_10_0_0_0_load/1 "/>
</bind>
</comp>

<comp id="1067" class="1004" name="icmp_ln51_11_fu_1067">
<pin_list>
<pin id="1068" dir="0" index="0" bw="16" slack="0"/>
<pin id="1069" dir="0" index="1" bw="16" slack="0"/>
<pin id="1070" dir="1" index="2" bw="1" slack="0"/>
</pin_list>
<bind>
<opcode="icmp(45) " fcode="icmp"/>
<opset="icmp_ln51_11/1 "/>
</bind>
</comp>

<comp id="1073" class="1004" name="trunc_ln52_11_fu_1073">
<pin_list>
<pin id="1074" dir="0" index="0" bw="8" slack="0"/>
<pin id="1075" dir="0" index="1" bw="512" slack="0"/>
<pin id="1076" dir="0" index="2" bw="9" slack="0"/>
<pin id="1077" dir="0" index="3" bw="9" slack="0"/>
<pin id="1078" dir="1" index="4" bw="8" slack="0"/>
</pin_list>
<bind>
<opcode="partselect(1002) " fcode="partselect"/>
<opset="trunc_ln52_11/1 "/>
</bind>
</comp>

<comp id="1083" class="1004" name="tmp_86_fu_1083">
<pin_list>
<pin id="1084" dir="0" index="0" bw="1" slack="0"/>
<pin id="1085" dir="0" index="1" bw="512" slack="0"/>
<pin id="1086" dir="0" index="2" bw="9" slack="0"/>
<pin id="1087" dir="1" index="3" bw="1" slack="0"/>
</pin_list>
<bind>
<opcode="bitselect(1000) " fcode="bitselect"/>
<opset="tmp_86/1 "/>
</bind>
</comp>

<comp id="1091" class="1004" name="zext_ln52_11_fu_1091">
<pin_list>
<pin id="1092" dir="0" index="0" bw="1" slack="0"/>
<pin id="1093" dir="1" index="1" bw="8" slack="0"/>
</pin_list>
<bind>
<opcode="zext(34) " fcode="zext"/>
<opset="zext_ln52_11/1 "/>
</bind>
</comp>

<comp id="1095" class="1004" name="add_ln52_11_fu_1095">
<pin_list>
<pin id="1096" dir="0" index="0" bw="8" slack="0"/>
<pin id="1097" dir="0" index="1" bw="1" slack="0"/>
<pin id="1098" dir="1" index="2" bw="8" slack="0"/>
</pin_list>
<bind>
<opcode="add(8) " fcode="add"/>
<opset="add_ln52_11/1 "/>
</bind>
</comp>

<comp id="1101" class="1004" name="out_data_0_11_0_0_0_load_fu_1101">
<pin_list>
<pin id="1102" dir="0" index="0" bw="1" slack="0"/>
<pin id="1103" dir="0" index="1" bw="8" slack="0"/>
<pin id="1104" dir="0" index="2" bw="8" slack="0"/>
<pin id="1105" dir="1" index="3" bw="8" slack="1"/>
</pin_list>
<bind>
<opcode="select(49) " fcode="select"/>
<opset="out_data_0_11_0_0_0_load/1 "/>
</bind>
</comp>

<comp id="1109" class="1004" name="icmp_ln51_12_fu_1109">
<pin_list>
<pin id="1110" dir="0" index="0" bw="16" slack="0"/>
<pin id="1111" dir="0" index="1" bw="16" slack="0"/>
<pin id="1112" dir="1" index="2" bw="1" slack="0"/>
</pin_list>
<bind>
<opcode="icmp(45) " fcode="icmp"/>
<opset="icmp_ln51_12/1 "/>
</bind>
</comp>

<comp id="1115" class="1004" name="trunc_ln52_12_fu_1115">
<pin_list>
<pin id="1116" dir="0" index="0" bw="8" slack="0"/>
<pin id="1117" dir="0" index="1" bw="512" slack="0"/>
<pin id="1118" dir="0" index="2" bw="9" slack="0"/>
<pin id="1119" dir="0" index="3" bw="9" slack="0"/>
<pin id="1120" dir="1" index="4" bw="8" slack="0"/>
</pin_list>
<bind>
<opcode="partselect(1002) " fcode="partselect"/>
<opset="trunc_ln52_12/1 "/>
</bind>
</comp>

<comp id="1125" class="1004" name="tmp_87_fu_1125">
<pin_list>
<pin id="1126" dir="0" index="0" bw="1" slack="0"/>
<pin id="1127" dir="0" index="1" bw="512" slack="0"/>
<pin id="1128" dir="0" index="2" bw="9" slack="0"/>
<pin id="1129" dir="1" index="3" bw="1" slack="0"/>
</pin_list>
<bind>
<opcode="bitselect(1000) " fcode="bitselect"/>
<opset="tmp_87/1 "/>
</bind>
</comp>

<comp id="1133" class="1004" name="zext_ln52_12_fu_1133">
<pin_list>
<pin id="1134" dir="0" index="0" bw="1" slack="0"/>
<pin id="1135" dir="1" index="1" bw="8" slack="0"/>
</pin_list>
<bind>
<opcode="zext(34) " fcode="zext"/>
<opset="zext_ln52_12/1 "/>
</bind>
</comp>

<comp id="1137" class="1004" name="add_ln52_12_fu_1137">
<pin_list>
<pin id="1138" dir="0" index="0" bw="8" slack="0"/>
<pin id="1139" dir="0" index="1" bw="1" slack="0"/>
<pin id="1140" dir="1" index="2" bw="8" slack="0"/>
</pin_list>
<bind>
<opcode="add(8) " fcode="add"/>
<opset="add_ln52_12/1 "/>
</bind>
</comp>

<comp id="1143" class="1004" name="out_data_0_12_0_0_0_load_fu_1143">
<pin_list>
<pin id="1144" dir="0" index="0" bw="1" slack="0"/>
<pin id="1145" dir="0" index="1" bw="8" slack="0"/>
<pin id="1146" dir="0" index="2" bw="8" slack="0"/>
<pin id="1147" dir="1" index="3" bw="8" slack="1"/>
</pin_list>
<bind>
<opcode="select(49) " fcode="select"/>
<opset="out_data_0_12_0_0_0_load/1 "/>
</bind>
</comp>

<comp id="1151" class="1004" name="icmp_ln51_13_fu_1151">
<pin_list>
<pin id="1152" dir="0" index="0" bw="16" slack="0"/>
<pin id="1153" dir="0" index="1" bw="16" slack="0"/>
<pin id="1154" dir="1" index="2" bw="1" slack="0"/>
</pin_list>
<bind>
<opcode="icmp(45) " fcode="icmp"/>
<opset="icmp_ln51_13/1 "/>
</bind>
</comp>

<comp id="1157" class="1004" name="trunc_ln52_13_fu_1157">
<pin_list>
<pin id="1158" dir="0" index="0" bw="8" slack="0"/>
<pin id="1159" dir="0" index="1" bw="512" slack="0"/>
<pin id="1160" dir="0" index="2" bw="9" slack="0"/>
<pin id="1161" dir="0" index="3" bw="9" slack="0"/>
<pin id="1162" dir="1" index="4" bw="8" slack="0"/>
</pin_list>
<bind>
<opcode="partselect(1002) " fcode="partselect"/>
<opset="trunc_ln52_13/1 "/>
</bind>
</comp>

<comp id="1167" class="1004" name="tmp_88_fu_1167">
<pin_list>
<pin id="1168" dir="0" index="0" bw="1" slack="0"/>
<pin id="1169" dir="0" index="1" bw="512" slack="0"/>
<pin id="1170" dir="0" index="2" bw="9" slack="0"/>
<pin id="1171" dir="1" index="3" bw="1" slack="0"/>
</pin_list>
<bind>
<opcode="bitselect(1000) " fcode="bitselect"/>
<opset="tmp_88/1 "/>
</bind>
</comp>

<comp id="1175" class="1004" name="zext_ln52_13_fu_1175">
<pin_list>
<pin id="1176" dir="0" index="0" bw="1" slack="0"/>
<pin id="1177" dir="1" index="1" bw="8" slack="0"/>
</pin_list>
<bind>
<opcode="zext(34) " fcode="zext"/>
<opset="zext_ln52_13/1 "/>
</bind>
</comp>

<comp id="1179" class="1004" name="add_ln52_13_fu_1179">
<pin_list>
<pin id="1180" dir="0" index="0" bw="8" slack="0"/>
<pin id="1181" dir="0" index="1" bw="1" slack="0"/>
<pin id="1182" dir="1" index="2" bw="8" slack="0"/>
</pin_list>
<bind>
<opcode="add(8) " fcode="add"/>
<opset="add_ln52_13/1 "/>
</bind>
</comp>

<comp id="1185" class="1004" name="out_data_0_13_0_0_0_load_fu_1185">
<pin_list>
<pin id="1186" dir="0" index="0" bw="1" slack="0"/>
<pin id="1187" dir="0" index="1" bw="8" slack="0"/>
<pin id="1188" dir="0" index="2" bw="8" slack="0"/>
<pin id="1189" dir="1" index="3" bw="8" slack="1"/>
</pin_list>
<bind>
<opcode="select(49) " fcode="select"/>
<opset="out_data_0_13_0_0_0_load/1 "/>
</bind>
</comp>

<comp id="1193" class="1004" name="icmp_ln51_14_fu_1193">
<pin_list>
<pin id="1194" dir="0" index="0" bw="16" slack="0"/>
<pin id="1195" dir="0" index="1" bw="16" slack="0"/>
<pin id="1196" dir="1" index="2" bw="1" slack="0"/>
</pin_list>
<bind>
<opcode="icmp(45) " fcode="icmp"/>
<opset="icmp_ln51_14/1 "/>
</bind>
</comp>

<comp id="1199" class="1004" name="trunc_ln52_14_fu_1199">
<pin_list>
<pin id="1200" dir="0" index="0" bw="8" slack="0"/>
<pin id="1201" dir="0" index="1" bw="512" slack="0"/>
<pin id="1202" dir="0" index="2" bw="9" slack="0"/>
<pin id="1203" dir="0" index="3" bw="9" slack="0"/>
<pin id="1204" dir="1" index="4" bw="8" slack="0"/>
</pin_list>
<bind>
<opcode="partselect(1002) " fcode="partselect"/>
<opset="trunc_ln52_14/1 "/>
</bind>
</comp>

<comp id="1209" class="1004" name="tmp_89_fu_1209">
<pin_list>
<pin id="1210" dir="0" index="0" bw="1" slack="0"/>
<pin id="1211" dir="0" index="1" bw="512" slack="0"/>
<pin id="1212" dir="0" index="2" bw="9" slack="0"/>
<pin id="1213" dir="1" index="3" bw="1" slack="0"/>
</pin_list>
<bind>
<opcode="bitselect(1000) " fcode="bitselect"/>
<opset="tmp_89/1 "/>
</bind>
</comp>

<comp id="1217" class="1004" name="zext_ln52_14_fu_1217">
<pin_list>
<pin id="1218" dir="0" index="0" bw="1" slack="0"/>
<pin id="1219" dir="1" index="1" bw="8" slack="0"/>
</pin_list>
<bind>
<opcode="zext(34) " fcode="zext"/>
<opset="zext_ln52_14/1 "/>
</bind>
</comp>

<comp id="1221" class="1004" name="add_ln52_14_fu_1221">
<pin_list>
<pin id="1222" dir="0" index="0" bw="8" slack="0"/>
<pin id="1223" dir="0" index="1" bw="1" slack="0"/>
<pin id="1224" dir="1" index="2" bw="8" slack="0"/>
</pin_list>
<bind>
<opcode="add(8) " fcode="add"/>
<opset="add_ln52_14/1 "/>
</bind>
</comp>

<comp id="1227" class="1004" name="out_data_0_14_0_0_0_load_fu_1227">
<pin_list>
<pin id="1228" dir="0" index="0" bw="1" slack="0"/>
<pin id="1229" dir="0" index="1" bw="8" slack="0"/>
<pin id="1230" dir="0" index="2" bw="8" slack="0"/>
<pin id="1231" dir="1" index="3" bw="8" slack="1"/>
</pin_list>
<bind>
<opcode="select(49) " fcode="select"/>
<opset="out_data_0_14_0_0_0_load/1 "/>
</bind>
</comp>

<comp id="1235" class="1004" name="icmp_ln51_15_fu_1235">
<pin_list>
<pin id="1236" dir="0" index="0" bw="16" slack="0"/>
<pin id="1237" dir="0" index="1" bw="16" slack="0"/>
<pin id="1238" dir="1" index="2" bw="1" slack="0"/>
</pin_list>
<bind>
<opcode="icmp(45) " fcode="icmp"/>
<opset="icmp_ln51_15/1 "/>
</bind>
</comp>

<comp id="1241" class="1004" name="trunc_ln52_15_fu_1241">
<pin_list>
<pin id="1242" dir="0" index="0" bw="8" slack="0"/>
<pin id="1243" dir="0" index="1" bw="512" slack="0"/>
<pin id="1244" dir="0" index="2" bw="9" slack="0"/>
<pin id="1245" dir="0" index="3" bw="9" slack="0"/>
<pin id="1246" dir="1" index="4" bw="8" slack="0"/>
</pin_list>
<bind>
<opcode="partselect(1002) " fcode="partselect"/>
<opset="trunc_ln52_15/1 "/>
</bind>
</comp>

<comp id="1251" class="1004" name="tmp_90_fu_1251">
<pin_list>
<pin id="1252" dir="0" index="0" bw="1" slack="0"/>
<pin id="1253" dir="0" index="1" bw="512" slack="0"/>
<pin id="1254" dir="0" index="2" bw="9" slack="0"/>
<pin id="1255" dir="1" index="3" bw="1" slack="0"/>
</pin_list>
<bind>
<opcode="bitselect(1000) " fcode="bitselect"/>
<opset="tmp_90/1 "/>
</bind>
</comp>

<comp id="1259" class="1004" name="zext_ln52_15_fu_1259">
<pin_list>
<pin id="1260" dir="0" index="0" bw="1" slack="0"/>
<pin id="1261" dir="1" index="1" bw="8" slack="0"/>
</pin_list>
<bind>
<opcode="zext(34) " fcode="zext"/>
<opset="zext_ln52_15/1 "/>
</bind>
</comp>

<comp id="1263" class="1004" name="add_ln52_15_fu_1263">
<pin_list>
<pin id="1264" dir="0" index="0" bw="8" slack="0"/>
<pin id="1265" dir="0" index="1" bw="1" slack="0"/>
<pin id="1266" dir="1" index="2" bw="8" slack="0"/>
</pin_list>
<bind>
<opcode="add(8) " fcode="add"/>
<opset="add_ln52_15/1 "/>
</bind>
</comp>

<comp id="1269" class="1004" name="out_data_0_15_0_0_0_load_fu_1269">
<pin_list>
<pin id="1270" dir="0" index="0" bw="1" slack="0"/>
<pin id="1271" dir="0" index="1" bw="8" slack="0"/>
<pin id="1272" dir="0" index="2" bw="8" slack="0"/>
<pin id="1273" dir="1" index="3" bw="8" slack="1"/>
</pin_list>
<bind>
<opcode="select(49) " fcode="select"/>
<opset="out_data_0_15_0_0_0_load/1 "/>
</bind>
</comp>

<comp id="1277" class="1004" name="icmp_ln51_16_fu_1277">
<pin_list>
<pin id="1278" dir="0" index="0" bw="16" slack="0"/>
<pin id="1279" dir="0" index="1" bw="16" slack="0"/>
<pin id="1280" dir="1" index="2" bw="1" slack="0"/>
</pin_list>
<bind>
<opcode="icmp(45) " fcode="icmp"/>
<opset="icmp_ln51_16/1 "/>
</bind>
</comp>

<comp id="1283" class="1004" name="trunc_ln52_16_fu_1283">
<pin_list>
<pin id="1284" dir="0" index="0" bw="8" slack="0"/>
<pin id="1285" dir="0" index="1" bw="512" slack="0"/>
<pin id="1286" dir="0" index="2" bw="10" slack="0"/>
<pin id="1287" dir="0" index="3" bw="10" slack="0"/>
<pin id="1288" dir="1" index="4" bw="8" slack="0"/>
</pin_list>
<bind>
<opcode="partselect(1002) " fcode="partselect"/>
<opset="trunc_ln52_16/1 "/>
</bind>
</comp>

<comp id="1293" class="1004" name="tmp_91_fu_1293">
<pin_list>
<pin id="1294" dir="0" index="0" bw="1" slack="0"/>
<pin id="1295" dir="0" index="1" bw="512" slack="0"/>
<pin id="1296" dir="0" index="2" bw="10" slack="0"/>
<pin id="1297" dir="1" index="3" bw="1" slack="0"/>
</pin_list>
<bind>
<opcode="bitselect(1000) " fcode="bitselect"/>
<opset="tmp_91/1 "/>
</bind>
</comp>

<comp id="1301" class="1004" name="zext_ln52_16_fu_1301">
<pin_list>
<pin id="1302" dir="0" index="0" bw="1" slack="0"/>
<pin id="1303" dir="1" index="1" bw="8" slack="0"/>
</pin_list>
<bind>
<opcode="zext(34) " fcode="zext"/>
<opset="zext_ln52_16/1 "/>
</bind>
</comp>

<comp id="1305" class="1004" name="add_ln52_16_fu_1305">
<pin_list>
<pin id="1306" dir="0" index="0" bw="8" slack="0"/>
<pin id="1307" dir="0" index="1" bw="1" slack="0"/>
<pin id="1308" dir="1" index="2" bw="8" slack="0"/>
</pin_list>
<bind>
<opcode="add(8) " fcode="add"/>
<opset="add_ln52_16/1 "/>
</bind>
</comp>

<comp id="1311" class="1004" name="out_data_0_16_0_0_0_load_fu_1311">
<pin_list>
<pin id="1312" dir="0" index="0" bw="1" slack="0"/>
<pin id="1313" dir="0" index="1" bw="8" slack="0"/>
<pin id="1314" dir="0" index="2" bw="8" slack="0"/>
<pin id="1315" dir="1" index="3" bw="8" slack="1"/>
</pin_list>
<bind>
<opcode="select(49) " fcode="select"/>
<opset="out_data_0_16_0_0_0_load/1 "/>
</bind>
</comp>

<comp id="1319" class="1004" name="icmp_ln51_17_fu_1319">
<pin_list>
<pin id="1320" dir="0" index="0" bw="16" slack="0"/>
<pin id="1321" dir="0" index="1" bw="16" slack="0"/>
<pin id="1322" dir="1" index="2" bw="1" slack="0"/>
</pin_list>
<bind>
<opcode="icmp(45) " fcode="icmp"/>
<opset="icmp_ln51_17/1 "/>
</bind>
</comp>

<comp id="1325" class="1004" name="trunc_ln52_17_fu_1325">
<pin_list>
<pin id="1326" dir="0" index="0" bw="8" slack="0"/>
<pin id="1327" dir="0" index="1" bw="512" slack="0"/>
<pin id="1328" dir="0" index="2" bw="10" slack="0"/>
<pin id="1329" dir="0" index="3" bw="10" slack="0"/>
<pin id="1330" dir="1" index="4" bw="8" slack="0"/>
</pin_list>
<bind>
<opcode="partselect(1002) " fcode="partselect"/>
<opset="trunc_ln52_17/1 "/>
</bind>
</comp>

<comp id="1335" class="1004" name="tmp_92_fu_1335">
<pin_list>
<pin id="1336" dir="0" index="0" bw="1" slack="0"/>
<pin id="1337" dir="0" index="1" bw="512" slack="0"/>
<pin id="1338" dir="0" index="2" bw="10" slack="0"/>
<pin id="1339" dir="1" index="3" bw="1" slack="0"/>
</pin_list>
<bind>
<opcode="bitselect(1000) " fcode="bitselect"/>
<opset="tmp_92/1 "/>
</bind>
</comp>

<comp id="1343" class="1004" name="zext_ln52_17_fu_1343">
<pin_list>
<pin id="1344" dir="0" index="0" bw="1" slack="0"/>
<pin id="1345" dir="1" index="1" bw="8" slack="0"/>
</pin_list>
<bind>
<opcode="zext(34) " fcode="zext"/>
<opset="zext_ln52_17/1 "/>
</bind>
</comp>

<comp id="1347" class="1004" name="add_ln52_17_fu_1347">
<pin_list>
<pin id="1348" dir="0" index="0" bw="8" slack="0"/>
<pin id="1349" dir="0" index="1" bw="1" slack="0"/>
<pin id="1350" dir="1" index="2" bw="8" slack="0"/>
</pin_list>
<bind>
<opcode="add(8) " fcode="add"/>
<opset="add_ln52_17/1 "/>
</bind>
</comp>

<comp id="1353" class="1004" name="out_data_0_17_0_0_0_load_fu_1353">
<pin_list>
<pin id="1354" dir="0" index="0" bw="1" slack="0"/>
<pin id="1355" dir="0" index="1" bw="8" slack="0"/>
<pin id="1356" dir="0" index="2" bw="8" slack="0"/>
<pin id="1357" dir="1" index="3" bw="8" slack="1"/>
</pin_list>
<bind>
<opcode="select(49) " fcode="select"/>
<opset="out_data_0_17_0_0_0_load/1 "/>
</bind>
</comp>

<comp id="1361" class="1004" name="icmp_ln51_18_fu_1361">
<pin_list>
<pin id="1362" dir="0" index="0" bw="16" slack="0"/>
<pin id="1363" dir="0" index="1" bw="16" slack="0"/>
<pin id="1364" dir="1" index="2" bw="1" slack="0"/>
</pin_list>
<bind>
<opcode="icmp(45) " fcode="icmp"/>
<opset="icmp_ln51_18/1 "/>
</bind>
</comp>

<comp id="1367" class="1004" name="trunc_ln52_18_fu_1367">
<pin_list>
<pin id="1368" dir="0" index="0" bw="8" slack="0"/>
<pin id="1369" dir="0" index="1" bw="512" slack="0"/>
<pin id="1370" dir="0" index="2" bw="10" slack="0"/>
<pin id="1371" dir="0" index="3" bw="10" slack="0"/>
<pin id="1372" dir="1" index="4" bw="8" slack="0"/>
</pin_list>
<bind>
<opcode="partselect(1002) " fcode="partselect"/>
<opset="trunc_ln52_18/1 "/>
</bind>
</comp>

<comp id="1377" class="1004" name="tmp_93_fu_1377">
<pin_list>
<pin id="1378" dir="0" index="0" bw="1" slack="0"/>
<pin id="1379" dir="0" index="1" bw="512" slack="0"/>
<pin id="1380" dir="0" index="2" bw="10" slack="0"/>
<pin id="1381" dir="1" index="3" bw="1" slack="0"/>
</pin_list>
<bind>
<opcode="bitselect(1000) " fcode="bitselect"/>
<opset="tmp_93/1 "/>
</bind>
</comp>

<comp id="1385" class="1004" name="zext_ln52_18_fu_1385">
<pin_list>
<pin id="1386" dir="0" index="0" bw="1" slack="0"/>
<pin id="1387" dir="1" index="1" bw="8" slack="0"/>
</pin_list>
<bind>
<opcode="zext(34) " fcode="zext"/>
<opset="zext_ln52_18/1 "/>
</bind>
</comp>

<comp id="1389" class="1004" name="add_ln52_18_fu_1389">
<pin_list>
<pin id="1390" dir="0" index="0" bw="8" slack="0"/>
<pin id="1391" dir="0" index="1" bw="1" slack="0"/>
<pin id="1392" dir="1" index="2" bw="8" slack="0"/>
</pin_list>
<bind>
<opcode="add(8) " fcode="add"/>
<opset="add_ln52_18/1 "/>
</bind>
</comp>

<comp id="1395" class="1004" name="out_data_0_18_0_0_0_load_fu_1395">
<pin_list>
<pin id="1396" dir="0" index="0" bw="1" slack="0"/>
<pin id="1397" dir="0" index="1" bw="8" slack="0"/>
<pin id="1398" dir="0" index="2" bw="8" slack="0"/>
<pin id="1399" dir="1" index="3" bw="8" slack="1"/>
</pin_list>
<bind>
<opcode="select(49) " fcode="select"/>
<opset="out_data_0_18_0_0_0_load/1 "/>
</bind>
</comp>

<comp id="1403" class="1004" name="icmp_ln51_19_fu_1403">
<pin_list>
<pin id="1404" dir="0" index="0" bw="16" slack="0"/>
<pin id="1405" dir="0" index="1" bw="16" slack="0"/>
<pin id="1406" dir="1" index="2" bw="1" slack="0"/>
</pin_list>
<bind>
<opcode="icmp(45) " fcode="icmp"/>
<opset="icmp_ln51_19/1 "/>
</bind>
</comp>

<comp id="1409" class="1004" name="trunc_ln52_19_fu_1409">
<pin_list>
<pin id="1410" dir="0" index="0" bw="8" slack="0"/>
<pin id="1411" dir="0" index="1" bw="512" slack="0"/>
<pin id="1412" dir="0" index="2" bw="10" slack="0"/>
<pin id="1413" dir="0" index="3" bw="10" slack="0"/>
<pin id="1414" dir="1" index="4" bw="8" slack="0"/>
</pin_list>
<bind>
<opcode="partselect(1002) " fcode="partselect"/>
<opset="trunc_ln52_19/1 "/>
</bind>
</comp>

<comp id="1419" class="1004" name="tmp_94_fu_1419">
<pin_list>
<pin id="1420" dir="0" index="0" bw="1" slack="0"/>
<pin id="1421" dir="0" index="1" bw="512" slack="0"/>
<pin id="1422" dir="0" index="2" bw="10" slack="0"/>
<pin id="1423" dir="1" index="3" bw="1" slack="0"/>
</pin_list>
<bind>
<opcode="bitselect(1000) " fcode="bitselect"/>
<opset="tmp_94/1 "/>
</bind>
</comp>

<comp id="1427" class="1004" name="zext_ln52_19_fu_1427">
<pin_list>
<pin id="1428" dir="0" index="0" bw="1" slack="0"/>
<pin id="1429" dir="1" index="1" bw="8" slack="0"/>
</pin_list>
<bind>
<opcode="zext(34) " fcode="zext"/>
<opset="zext_ln52_19/1 "/>
</bind>
</comp>

<comp id="1431" class="1004" name="add_ln52_19_fu_1431">
<pin_list>
<pin id="1432" dir="0" index="0" bw="8" slack="0"/>
<pin id="1433" dir="0" index="1" bw="1" slack="0"/>
<pin id="1434" dir="1" index="2" bw="8" slack="0"/>
</pin_list>
<bind>
<opcode="add(8) " fcode="add"/>
<opset="add_ln52_19/1 "/>
</bind>
</comp>

<comp id="1437" class="1004" name="out_data_0_19_0_0_0_load_fu_1437">
<pin_list>
<pin id="1438" dir="0" index="0" bw="1" slack="0"/>
<pin id="1439" dir="0" index="1" bw="8" slack="0"/>
<pin id="1440" dir="0" index="2" bw="8" slack="0"/>
<pin id="1441" dir="1" index="3" bw="8" slack="1"/>
</pin_list>
<bind>
<opcode="select(49) " fcode="select"/>
<opset="out_data_0_19_0_0_0_load/1 "/>
</bind>
</comp>

<comp id="1445" class="1004" name="icmp_ln51_20_fu_1445">
<pin_list>
<pin id="1446" dir="0" index="0" bw="16" slack="0"/>
<pin id="1447" dir="0" index="1" bw="16" slack="0"/>
<pin id="1448" dir="1" index="2" bw="1" slack="0"/>
</pin_list>
<bind>
<opcode="icmp(45) " fcode="icmp"/>
<opset="icmp_ln51_20/1 "/>
</bind>
</comp>

<comp id="1451" class="1004" name="trunc_ln52_20_fu_1451">
<pin_list>
<pin id="1452" dir="0" index="0" bw="8" slack="0"/>
<pin id="1453" dir="0" index="1" bw="512" slack="0"/>
<pin id="1454" dir="0" index="2" bw="10" slack="0"/>
<pin id="1455" dir="0" index="3" bw="10" slack="0"/>
<pin id="1456" dir="1" index="4" bw="8" slack="0"/>
</pin_list>
<bind>
<opcode="partselect(1002) " fcode="partselect"/>
<opset="trunc_ln52_20/1 "/>
</bind>
</comp>

<comp id="1461" class="1004" name="tmp_95_fu_1461">
<pin_list>
<pin id="1462" dir="0" index="0" bw="1" slack="0"/>
<pin id="1463" dir="0" index="1" bw="512" slack="0"/>
<pin id="1464" dir="0" index="2" bw="10" slack="0"/>
<pin id="1465" dir="1" index="3" bw="1" slack="0"/>
</pin_list>
<bind>
<opcode="bitselect(1000) " fcode="bitselect"/>
<opset="tmp_95/1 "/>
</bind>
</comp>

<comp id="1469" class="1004" name="zext_ln52_20_fu_1469">
<pin_list>
<pin id="1470" dir="0" index="0" bw="1" slack="0"/>
<pin id="1471" dir="1" index="1" bw="8" slack="0"/>
</pin_list>
<bind>
<opcode="zext(34) " fcode="zext"/>
<opset="zext_ln52_20/1 "/>
</bind>
</comp>

<comp id="1473" class="1004" name="add_ln52_20_fu_1473">
<pin_list>
<pin id="1474" dir="0" index="0" bw="8" slack="0"/>
<pin id="1475" dir="0" index="1" bw="1" slack="0"/>
<pin id="1476" dir="1" index="2" bw="8" slack="0"/>
</pin_list>
<bind>
<opcode="add(8) " fcode="add"/>
<opset="add_ln52_20/1 "/>
</bind>
</comp>

<comp id="1479" class="1004" name="out_data_0_20_0_0_0_load_fu_1479">
<pin_list>
<pin id="1480" dir="0" index="0" bw="1" slack="0"/>
<pin id="1481" dir="0" index="1" bw="8" slack="0"/>
<pin id="1482" dir="0" index="2" bw="8" slack="0"/>
<pin id="1483" dir="1" index="3" bw="8" slack="1"/>
</pin_list>
<bind>
<opcode="select(49) " fcode="select"/>
<opset="out_data_0_20_0_0_0_load/1 "/>
</bind>
</comp>

<comp id="1487" class="1004" name="icmp_ln51_21_fu_1487">
<pin_list>
<pin id="1488" dir="0" index="0" bw="16" slack="0"/>
<pin id="1489" dir="0" index="1" bw="16" slack="0"/>
<pin id="1490" dir="1" index="2" bw="1" slack="0"/>
</pin_list>
<bind>
<opcode="icmp(45) " fcode="icmp"/>
<opset="icmp_ln51_21/1 "/>
</bind>
</comp>

<comp id="1493" class="1004" name="trunc_ln52_21_fu_1493">
<pin_list>
<pin id="1494" dir="0" index="0" bw="8" slack="0"/>
<pin id="1495" dir="0" index="1" bw="512" slack="0"/>
<pin id="1496" dir="0" index="2" bw="10" slack="0"/>
<pin id="1497" dir="0" index="3" bw="10" slack="0"/>
<pin id="1498" dir="1" index="4" bw="8" slack="0"/>
</pin_list>
<bind>
<opcode="partselect(1002) " fcode="partselect"/>
<opset="trunc_ln52_21/1 "/>
</bind>
</comp>

<comp id="1503" class="1004" name="tmp_96_fu_1503">
<pin_list>
<pin id="1504" dir="0" index="0" bw="1" slack="0"/>
<pin id="1505" dir="0" index="1" bw="512" slack="0"/>
<pin id="1506" dir="0" index="2" bw="10" slack="0"/>
<pin id="1507" dir="1" index="3" bw="1" slack="0"/>
</pin_list>
<bind>
<opcode="bitselect(1000) " fcode="bitselect"/>
<opset="tmp_96/1 "/>
</bind>
</comp>

<comp id="1511" class="1004" name="zext_ln52_21_fu_1511">
<pin_list>
<pin id="1512" dir="0" index="0" bw="1" slack="0"/>
<pin id="1513" dir="1" index="1" bw="8" slack="0"/>
</pin_list>
<bind>
<opcode="zext(34) " fcode="zext"/>
<opset="zext_ln52_21/1 "/>
</bind>
</comp>

<comp id="1515" class="1004" name="add_ln52_21_fu_1515">
<pin_list>
<pin id="1516" dir="0" index="0" bw="8" slack="0"/>
<pin id="1517" dir="0" index="1" bw="1" slack="0"/>
<pin id="1518" dir="1" index="2" bw="8" slack="0"/>
</pin_list>
<bind>
<opcode="add(8) " fcode="add"/>
<opset="add_ln52_21/1 "/>
</bind>
</comp>

<comp id="1521" class="1004" name="out_data_0_21_0_0_0_load_fu_1521">
<pin_list>
<pin id="1522" dir="0" index="0" bw="1" slack="0"/>
<pin id="1523" dir="0" index="1" bw="8" slack="0"/>
<pin id="1524" dir="0" index="2" bw="8" slack="0"/>
<pin id="1525" dir="1" index="3" bw="8" slack="1"/>
</pin_list>
<bind>
<opcode="select(49) " fcode="select"/>
<opset="out_data_0_21_0_0_0_load/1 "/>
</bind>
</comp>

<comp id="1529" class="1004" name="icmp_ln51_22_fu_1529">
<pin_list>
<pin id="1530" dir="0" index="0" bw="16" slack="0"/>
<pin id="1531" dir="0" index="1" bw="16" slack="0"/>
<pin id="1532" dir="1" index="2" bw="1" slack="0"/>
</pin_list>
<bind>
<opcode="icmp(45) " fcode="icmp"/>
<opset="icmp_ln51_22/1 "/>
</bind>
</comp>

<comp id="1535" class="1004" name="trunc_ln52_22_fu_1535">
<pin_list>
<pin id="1536" dir="0" index="0" bw="8" slack="0"/>
<pin id="1537" dir="0" index="1" bw="512" slack="0"/>
<pin id="1538" dir="0" index="2" bw="10" slack="0"/>
<pin id="1539" dir="0" index="3" bw="10" slack="0"/>
<pin id="1540" dir="1" index="4" bw="8" slack="0"/>
</pin_list>
<bind>
<opcode="partselect(1002) " fcode="partselect"/>
<opset="trunc_ln52_22/1 "/>
</bind>
</comp>

<comp id="1545" class="1004" name="tmp_97_fu_1545">
<pin_list>
<pin id="1546" dir="0" index="0" bw="1" slack="0"/>
<pin id="1547" dir="0" index="1" bw="512" slack="0"/>
<pin id="1548" dir="0" index="2" bw="10" slack="0"/>
<pin id="1549" dir="1" index="3" bw="1" slack="0"/>
</pin_list>
<bind>
<opcode="bitselect(1000) " fcode="bitselect"/>
<opset="tmp_97/1 "/>
</bind>
</comp>

<comp id="1553" class="1004" name="zext_ln52_22_fu_1553">
<pin_list>
<pin id="1554" dir="0" index="0" bw="1" slack="0"/>
<pin id="1555" dir="1" index="1" bw="8" slack="0"/>
</pin_list>
<bind>
<opcode="zext(34) " fcode="zext"/>
<opset="zext_ln52_22/1 "/>
</bind>
</comp>

<comp id="1557" class="1004" name="add_ln52_22_fu_1557">
<pin_list>
<pin id="1558" dir="0" index="0" bw="8" slack="0"/>
<pin id="1559" dir="0" index="1" bw="1" slack="0"/>
<pin id="1560" dir="1" index="2" bw="8" slack="0"/>
</pin_list>
<bind>
<opcode="add(8) " fcode="add"/>
<opset="add_ln52_22/1 "/>
</bind>
</comp>

<comp id="1563" class="1004" name="out_data_0_22_0_0_0_load_fu_1563">
<pin_list>
<pin id="1564" dir="0" index="0" bw="1" slack="0"/>
<pin id="1565" dir="0" index="1" bw="8" slack="0"/>
<pin id="1566" dir="0" index="2" bw="8" slack="0"/>
<pin id="1567" dir="1" index="3" bw="8" slack="1"/>
</pin_list>
<bind>
<opcode="select(49) " fcode="select"/>
<opset="out_data_0_22_0_0_0_load/1 "/>
</bind>
</comp>

<comp id="1571" class="1004" name="icmp_ln51_23_fu_1571">
<pin_list>
<pin id="1572" dir="0" index="0" bw="16" slack="0"/>
<pin id="1573" dir="0" index="1" bw="16" slack="0"/>
<pin id="1574" dir="1" index="2" bw="1" slack="0"/>
</pin_list>
<bind>
<opcode="icmp(45) " fcode="icmp"/>
<opset="icmp_ln51_23/1 "/>
</bind>
</comp>

<comp id="1577" class="1004" name="trunc_ln52_23_fu_1577">
<pin_list>
<pin id="1578" dir="0" index="0" bw="8" slack="0"/>
<pin id="1579" dir="0" index="1" bw="512" slack="0"/>
<pin id="1580" dir="0" index="2" bw="10" slack="0"/>
<pin id="1581" dir="0" index="3" bw="10" slack="0"/>
<pin id="1582" dir="1" index="4" bw="8" slack="0"/>
</pin_list>
<bind>
<opcode="partselect(1002) " fcode="partselect"/>
<opset="trunc_ln52_23/1 "/>
</bind>
</comp>

<comp id="1587" class="1004" name="tmp_98_fu_1587">
<pin_list>
<pin id="1588" dir="0" index="0" bw="1" slack="0"/>
<pin id="1589" dir="0" index="1" bw="512" slack="0"/>
<pin id="1590" dir="0" index="2" bw="10" slack="0"/>
<pin id="1591" dir="1" index="3" bw="1" slack="0"/>
</pin_list>
<bind>
<opcode="bitselect(1000) " fcode="bitselect"/>
<opset="tmp_98/1 "/>
</bind>
</comp>

<comp id="1595" class="1004" name="zext_ln52_23_fu_1595">
<pin_list>
<pin id="1596" dir="0" index="0" bw="1" slack="0"/>
<pin id="1597" dir="1" index="1" bw="8" slack="0"/>
</pin_list>
<bind>
<opcode="zext(34) " fcode="zext"/>
<opset="zext_ln52_23/1 "/>
</bind>
</comp>

<comp id="1599" class="1004" name="add_ln52_23_fu_1599">
<pin_list>
<pin id="1600" dir="0" index="0" bw="8" slack="0"/>
<pin id="1601" dir="0" index="1" bw="1" slack="0"/>
<pin id="1602" dir="1" index="2" bw="8" slack="0"/>
</pin_list>
<bind>
<opcode="add(8) " fcode="add"/>
<opset="add_ln52_23/1 "/>
</bind>
</comp>

<comp id="1605" class="1004" name="out_data_0_23_0_0_0_load_fu_1605">
<pin_list>
<pin id="1606" dir="0" index="0" bw="1" slack="0"/>
<pin id="1607" dir="0" index="1" bw="8" slack="0"/>
<pin id="1608" dir="0" index="2" bw="8" slack="0"/>
<pin id="1609" dir="1" index="3" bw="8" slack="1"/>
</pin_list>
<bind>
<opcode="select(49) " fcode="select"/>
<opset="out_data_0_23_0_0_0_load/1 "/>
</bind>
</comp>

<comp id="1613" class="1004" name="icmp_ln51_24_fu_1613">
<pin_list>
<pin id="1614" dir="0" index="0" bw="16" slack="0"/>
<pin id="1615" dir="0" index="1" bw="16" slack="0"/>
<pin id="1616" dir="1" index="2" bw="1" slack="0"/>
</pin_list>
<bind>
<opcode="icmp(45) " fcode="icmp"/>
<opset="icmp_ln51_24/1 "/>
</bind>
</comp>

<comp id="1619" class="1004" name="trunc_ln52_24_fu_1619">
<pin_list>
<pin id="1620" dir="0" index="0" bw="8" slack="0"/>
<pin id="1621" dir="0" index="1" bw="512" slack="0"/>
<pin id="1622" dir="0" index="2" bw="10" slack="0"/>
<pin id="1623" dir="0" index="3" bw="10" slack="0"/>
<pin id="1624" dir="1" index="4" bw="8" slack="0"/>
</pin_list>
<bind>
<opcode="partselect(1002) " fcode="partselect"/>
<opset="trunc_ln52_24/1 "/>
</bind>
</comp>

<comp id="1629" class="1004" name="tmp_99_fu_1629">
<pin_list>
<pin id="1630" dir="0" index="0" bw="1" slack="0"/>
<pin id="1631" dir="0" index="1" bw="512" slack="0"/>
<pin id="1632" dir="0" index="2" bw="10" slack="0"/>
<pin id="1633" dir="1" index="3" bw="1" slack="0"/>
</pin_list>
<bind>
<opcode="bitselect(1000) " fcode="bitselect"/>
<opset="tmp_99/1 "/>
</bind>
</comp>

<comp id="1637" class="1004" name="zext_ln52_24_fu_1637">
<pin_list>
<pin id="1638" dir="0" index="0" bw="1" slack="0"/>
<pin id="1639" dir="1" index="1" bw="8" slack="0"/>
</pin_list>
<bind>
<opcode="zext(34) " fcode="zext"/>
<opset="zext_ln52_24/1 "/>
</bind>
</comp>

<comp id="1641" class="1004" name="add_ln52_24_fu_1641">
<pin_list>
<pin id="1642" dir="0" index="0" bw="8" slack="0"/>
<pin id="1643" dir="0" index="1" bw="1" slack="0"/>
<pin id="1644" dir="1" index="2" bw="8" slack="0"/>
</pin_list>
<bind>
<opcode="add(8) " fcode="add"/>
<opset="add_ln52_24/1 "/>
</bind>
</comp>

<comp id="1647" class="1004" name="out_data_0_24_0_0_0_load_fu_1647">
<pin_list>
<pin id="1648" dir="0" index="0" bw="1" slack="0"/>
<pin id="1649" dir="0" index="1" bw="8" slack="0"/>
<pin id="1650" dir="0" index="2" bw="8" slack="0"/>
<pin id="1651" dir="1" index="3" bw="8" slack="1"/>
</pin_list>
<bind>
<opcode="select(49) " fcode="select"/>
<opset="out_data_0_24_0_0_0_load/1 "/>
</bind>
</comp>

<comp id="1655" class="1004" name="icmp_ln51_25_fu_1655">
<pin_list>
<pin id="1656" dir="0" index="0" bw="16" slack="0"/>
<pin id="1657" dir="0" index="1" bw="16" slack="0"/>
<pin id="1658" dir="1" index="2" bw="1" slack="0"/>
</pin_list>
<bind>
<opcode="icmp(45) " fcode="icmp"/>
<opset="icmp_ln51_25/1 "/>
</bind>
</comp>

<comp id="1661" class="1004" name="trunc_ln52_25_fu_1661">
<pin_list>
<pin id="1662" dir="0" index="0" bw="8" slack="0"/>
<pin id="1663" dir="0" index="1" bw="512" slack="0"/>
<pin id="1664" dir="0" index="2" bw="10" slack="0"/>
<pin id="1665" dir="0" index="3" bw="10" slack="0"/>
<pin id="1666" dir="1" index="4" bw="8" slack="0"/>
</pin_list>
<bind>
<opcode="partselect(1002) " fcode="partselect"/>
<opset="trunc_ln52_25/1 "/>
</bind>
</comp>

<comp id="1671" class="1004" name="tmp_100_fu_1671">
<pin_list>
<pin id="1672" dir="0" index="0" bw="1" slack="0"/>
<pin id="1673" dir="0" index="1" bw="512" slack="0"/>
<pin id="1674" dir="0" index="2" bw="10" slack="0"/>
<pin id="1675" dir="1" index="3" bw="1" slack="0"/>
</pin_list>
<bind>
<opcode="bitselect(1000) " fcode="bitselect"/>
<opset="tmp_100/1 "/>
</bind>
</comp>

<comp id="1679" class="1004" name="zext_ln52_25_fu_1679">
<pin_list>
<pin id="1680" dir="0" index="0" bw="1" slack="0"/>
<pin id="1681" dir="1" index="1" bw="8" slack="0"/>
</pin_list>
<bind>
<opcode="zext(34) " fcode="zext"/>
<opset="zext_ln52_25/1 "/>
</bind>
</comp>

<comp id="1683" class="1004" name="add_ln52_25_fu_1683">
<pin_list>
<pin id="1684" dir="0" index="0" bw="8" slack="0"/>
<pin id="1685" dir="0" index="1" bw="1" slack="0"/>
<pin id="1686" dir="1" index="2" bw="8" slack="0"/>
</pin_list>
<bind>
<opcode="add(8) " fcode="add"/>
<opset="add_ln52_25/1 "/>
</bind>
</comp>

<comp id="1689" class="1004" name="out_data_0_25_0_0_0_load_fu_1689">
<pin_list>
<pin id="1690" dir="0" index="0" bw="1" slack="0"/>
<pin id="1691" dir="0" index="1" bw="8" slack="0"/>
<pin id="1692" dir="0" index="2" bw="8" slack="0"/>
<pin id="1693" dir="1" index="3" bw="8" slack="1"/>
</pin_list>
<bind>
<opcode="select(49) " fcode="select"/>
<opset="out_data_0_25_0_0_0_load/1 "/>
</bind>
</comp>

<comp id="1697" class="1004" name="icmp_ln51_26_fu_1697">
<pin_list>
<pin id="1698" dir="0" index="0" bw="16" slack="0"/>
<pin id="1699" dir="0" index="1" bw="16" slack="0"/>
<pin id="1700" dir="1" index="2" bw="1" slack="0"/>
</pin_list>
<bind>
<opcode="icmp(45) " fcode="icmp"/>
<opset="icmp_ln51_26/1 "/>
</bind>
</comp>

<comp id="1703" class="1004" name="trunc_ln52_26_fu_1703">
<pin_list>
<pin id="1704" dir="0" index="0" bw="8" slack="0"/>
<pin id="1705" dir="0" index="1" bw="512" slack="0"/>
<pin id="1706" dir="0" index="2" bw="10" slack="0"/>
<pin id="1707" dir="0" index="3" bw="10" slack="0"/>
<pin id="1708" dir="1" index="4" bw="8" slack="0"/>
</pin_list>
<bind>
<opcode="partselect(1002) " fcode="partselect"/>
<opset="trunc_ln52_26/1 "/>
</bind>
</comp>

<comp id="1713" class="1004" name="tmp_101_fu_1713">
<pin_list>
<pin id="1714" dir="0" index="0" bw="1" slack="0"/>
<pin id="1715" dir="0" index="1" bw="512" slack="0"/>
<pin id="1716" dir="0" index="2" bw="10" slack="0"/>
<pin id="1717" dir="1" index="3" bw="1" slack="0"/>
</pin_list>
<bind>
<opcode="bitselect(1000) " fcode="bitselect"/>
<opset="tmp_101/1 "/>
</bind>
</comp>

<comp id="1721" class="1004" name="zext_ln52_26_fu_1721">
<pin_list>
<pin id="1722" dir="0" index="0" bw="1" slack="0"/>
<pin id="1723" dir="1" index="1" bw="8" slack="0"/>
</pin_list>
<bind>
<opcode="zext(34) " fcode="zext"/>
<opset="zext_ln52_26/1 "/>
</bind>
</comp>

<comp id="1725" class="1004" name="add_ln52_26_fu_1725">
<pin_list>
<pin id="1726" dir="0" index="0" bw="8" slack="0"/>
<pin id="1727" dir="0" index="1" bw="1" slack="0"/>
<pin id="1728" dir="1" index="2" bw="8" slack="0"/>
</pin_list>
<bind>
<opcode="add(8) " fcode="add"/>
<opset="add_ln52_26/1 "/>
</bind>
</comp>

<comp id="1731" class="1004" name="out_data_0_26_0_0_0_load_fu_1731">
<pin_list>
<pin id="1732" dir="0" index="0" bw="1" slack="0"/>
<pin id="1733" dir="0" index="1" bw="8" slack="0"/>
<pin id="1734" dir="0" index="2" bw="8" slack="0"/>
<pin id="1735" dir="1" index="3" bw="8" slack="1"/>
</pin_list>
<bind>
<opcode="select(49) " fcode="select"/>
<opset="out_data_0_26_0_0_0_load/1 "/>
</bind>
</comp>

<comp id="1739" class="1004" name="icmp_ln51_27_fu_1739">
<pin_list>
<pin id="1740" dir="0" index="0" bw="16" slack="0"/>
<pin id="1741" dir="0" index="1" bw="16" slack="0"/>
<pin id="1742" dir="1" index="2" bw="1" slack="0"/>
</pin_list>
<bind>
<opcode="icmp(45) " fcode="icmp"/>
<opset="icmp_ln51_27/1 "/>
</bind>
</comp>

<comp id="1745" class="1004" name="trunc_ln52_27_fu_1745">
<pin_list>
<pin id="1746" dir="0" index="0" bw="8" slack="0"/>
<pin id="1747" dir="0" index="1" bw="512" slack="0"/>
<pin id="1748" dir="0" index="2" bw="10" slack="0"/>
<pin id="1749" dir="0" index="3" bw="10" slack="0"/>
<pin id="1750" dir="1" index="4" bw="8" slack="0"/>
</pin_list>
<bind>
<opcode="partselect(1002) " fcode="partselect"/>
<opset="trunc_ln52_27/1 "/>
</bind>
</comp>

<comp id="1755" class="1004" name="tmp_102_fu_1755">
<pin_list>
<pin id="1756" dir="0" index="0" bw="1" slack="0"/>
<pin id="1757" dir="0" index="1" bw="512" slack="0"/>
<pin id="1758" dir="0" index="2" bw="10" slack="0"/>
<pin id="1759" dir="1" index="3" bw="1" slack="0"/>
</pin_list>
<bind>
<opcode="bitselect(1000) " fcode="bitselect"/>
<opset="tmp_102/1 "/>
</bind>
</comp>

<comp id="1763" class="1004" name="zext_ln52_27_fu_1763">
<pin_list>
<pin id="1764" dir="0" index="0" bw="1" slack="0"/>
<pin id="1765" dir="1" index="1" bw="8" slack="0"/>
</pin_list>
<bind>
<opcode="zext(34) " fcode="zext"/>
<opset="zext_ln52_27/1 "/>
</bind>
</comp>

<comp id="1767" class="1004" name="add_ln52_27_fu_1767">
<pin_list>
<pin id="1768" dir="0" index="0" bw="8" slack="0"/>
<pin id="1769" dir="0" index="1" bw="1" slack="0"/>
<pin id="1770" dir="1" index="2" bw="8" slack="0"/>
</pin_list>
<bind>
<opcode="add(8) " fcode="add"/>
<opset="add_ln52_27/1 "/>
</bind>
</comp>

<comp id="1773" class="1004" name="out_data_0_27_0_0_0_load_fu_1773">
<pin_list>
<pin id="1774" dir="0" index="0" bw="1" slack="0"/>
<pin id="1775" dir="0" index="1" bw="8" slack="0"/>
<pin id="1776" dir="0" index="2" bw="8" slack="0"/>
<pin id="1777" dir="1" index="3" bw="8" slack="1"/>
</pin_list>
<bind>
<opcode="select(49) " fcode="select"/>
<opset="out_data_0_27_0_0_0_load/1 "/>
</bind>
</comp>

<comp id="1781" class="1004" name="icmp_ln51_28_fu_1781">
<pin_list>
<pin id="1782" dir="0" index="0" bw="16" slack="0"/>
<pin id="1783" dir="0" index="1" bw="16" slack="0"/>
<pin id="1784" dir="1" index="2" bw="1" slack="0"/>
</pin_list>
<bind>
<opcode="icmp(45) " fcode="icmp"/>
<opset="icmp_ln51_28/1 "/>
</bind>
</comp>

<comp id="1787" class="1004" name="trunc_ln52_28_fu_1787">
<pin_list>
<pin id="1788" dir="0" index="0" bw="8" slack="0"/>
<pin id="1789" dir="0" index="1" bw="512" slack="0"/>
<pin id="1790" dir="0" index="2" bw="10" slack="0"/>
<pin id="1791" dir="0" index="3" bw="10" slack="0"/>
<pin id="1792" dir="1" index="4" bw="8" slack="0"/>
</pin_list>
<bind>
<opcode="partselect(1002) " fcode="partselect"/>
<opset="trunc_ln52_28/1 "/>
</bind>
</comp>

<comp id="1797" class="1004" name="tmp_103_fu_1797">
<pin_list>
<pin id="1798" dir="0" index="0" bw="1" slack="0"/>
<pin id="1799" dir="0" index="1" bw="512" slack="0"/>
<pin id="1800" dir="0" index="2" bw="10" slack="0"/>
<pin id="1801" dir="1" index="3" bw="1" slack="0"/>
</pin_list>
<bind>
<opcode="bitselect(1000) " fcode="bitselect"/>
<opset="tmp_103/1 "/>
</bind>
</comp>

<comp id="1805" class="1004" name="zext_ln52_28_fu_1805">
<pin_list>
<pin id="1806" dir="0" index="0" bw="1" slack="0"/>
<pin id="1807" dir="1" index="1" bw="8" slack="0"/>
</pin_list>
<bind>
<opcode="zext(34) " fcode="zext"/>
<opset="zext_ln52_28/1 "/>
</bind>
</comp>

<comp id="1809" class="1004" name="add_ln52_28_fu_1809">
<pin_list>
<pin id="1810" dir="0" index="0" bw="8" slack="0"/>
<pin id="1811" dir="0" index="1" bw="1" slack="0"/>
<pin id="1812" dir="1" index="2" bw="8" slack="0"/>
</pin_list>
<bind>
<opcode="add(8) " fcode="add"/>
<opset="add_ln52_28/1 "/>
</bind>
</comp>

<comp id="1815" class="1004" name="out_data_0_28_0_0_0_load_fu_1815">
<pin_list>
<pin id="1816" dir="0" index="0" bw="1" slack="0"/>
<pin id="1817" dir="0" index="1" bw="8" slack="0"/>
<pin id="1818" dir="0" index="2" bw="8" slack="0"/>
<pin id="1819" dir="1" index="3" bw="8" slack="1"/>
</pin_list>
<bind>
<opcode="select(49) " fcode="select"/>
<opset="out_data_0_28_0_0_0_load/1 "/>
</bind>
</comp>

<comp id="1823" class="1004" name="icmp_ln51_29_fu_1823">
<pin_list>
<pin id="1824" dir="0" index="0" bw="16" slack="0"/>
<pin id="1825" dir="0" index="1" bw="16" slack="0"/>
<pin id="1826" dir="1" index="2" bw="1" slack="0"/>
</pin_list>
<bind>
<opcode="icmp(45) " fcode="icmp"/>
<opset="icmp_ln51_29/1 "/>
</bind>
</comp>

<comp id="1829" class="1004" name="trunc_ln52_29_fu_1829">
<pin_list>
<pin id="1830" dir="0" index="0" bw="8" slack="0"/>
<pin id="1831" dir="0" index="1" bw="512" slack="0"/>
<pin id="1832" dir="0" index="2" bw="10" slack="0"/>
<pin id="1833" dir="0" index="3" bw="10" slack="0"/>
<pin id="1834" dir="1" index="4" bw="8" slack="0"/>
</pin_list>
<bind>
<opcode="partselect(1002) " fcode="partselect"/>
<opset="trunc_ln52_29/1 "/>
</bind>
</comp>

<comp id="1839" class="1004" name="tmp_104_fu_1839">
<pin_list>
<pin id="1840" dir="0" index="0" bw="1" slack="0"/>
<pin id="1841" dir="0" index="1" bw="512" slack="0"/>
<pin id="1842" dir="0" index="2" bw="10" slack="0"/>
<pin id="1843" dir="1" index="3" bw="1" slack="0"/>
</pin_list>
<bind>
<opcode="bitselect(1000) " fcode="bitselect"/>
<opset="tmp_104/1 "/>
</bind>
</comp>

<comp id="1847" class="1004" name="zext_ln52_29_fu_1847">
<pin_list>
<pin id="1848" dir="0" index="0" bw="1" slack="0"/>
<pin id="1849" dir="1" index="1" bw="8" slack="0"/>
</pin_list>
<bind>
<opcode="zext(34) " fcode="zext"/>
<opset="zext_ln52_29/1 "/>
</bind>
</comp>

<comp id="1851" class="1004" name="add_ln52_29_fu_1851">
<pin_list>
<pin id="1852" dir="0" index="0" bw="8" slack="0"/>
<pin id="1853" dir="0" index="1" bw="1" slack="0"/>
<pin id="1854" dir="1" index="2" bw="8" slack="0"/>
</pin_list>
<bind>
<opcode="add(8) " fcode="add"/>
<opset="add_ln52_29/1 "/>
</bind>
</comp>

<comp id="1857" class="1004" name="out_data_0_29_0_0_0_load_fu_1857">
<pin_list>
<pin id="1858" dir="0" index="0" bw="1" slack="0"/>
<pin id="1859" dir="0" index="1" bw="8" slack="0"/>
<pin id="1860" dir="0" index="2" bw="8" slack="0"/>
<pin id="1861" dir="1" index="3" bw="8" slack="1"/>
</pin_list>
<bind>
<opcode="select(49) " fcode="select"/>
<opset="out_data_0_29_0_0_0_load/1 "/>
</bind>
</comp>

<comp id="1865" class="1004" name="icmp_ln51_30_fu_1865">
<pin_list>
<pin id="1866" dir="0" index="0" bw="16" slack="0"/>
<pin id="1867" dir="0" index="1" bw="16" slack="0"/>
<pin id="1868" dir="1" index="2" bw="1" slack="0"/>
</pin_list>
<bind>
<opcode="icmp(45) " fcode="icmp"/>
<opset="icmp_ln51_30/1 "/>
</bind>
</comp>

<comp id="1871" class="1004" name="trunc_ln52_30_fu_1871">
<pin_list>
<pin id="1872" dir="0" index="0" bw="8" slack="0"/>
<pin id="1873" dir="0" index="1" bw="512" slack="0"/>
<pin id="1874" dir="0" index="2" bw="10" slack="0"/>
<pin id="1875" dir="0" index="3" bw="10" slack="0"/>
<pin id="1876" dir="1" index="4" bw="8" slack="0"/>
</pin_list>
<bind>
<opcode="partselect(1002) " fcode="partselect"/>
<opset="trunc_ln52_30/1 "/>
</bind>
</comp>

<comp id="1881" class="1004" name="tmp_105_fu_1881">
<pin_list>
<pin id="1882" dir="0" index="0" bw="1" slack="0"/>
<pin id="1883" dir="0" index="1" bw="512" slack="0"/>
<pin id="1884" dir="0" index="2" bw="10" slack="0"/>
<pin id="1885" dir="1" index="3" bw="1" slack="0"/>
</pin_list>
<bind>
<opcode="bitselect(1000) " fcode="bitselect"/>
<opset="tmp_105/1 "/>
</bind>
</comp>

<comp id="1889" class="1004" name="zext_ln52_30_fu_1889">
<pin_list>
<pin id="1890" dir="0" index="0" bw="1" slack="0"/>
<pin id="1891" dir="1" index="1" bw="8" slack="0"/>
</pin_list>
<bind>
<opcode="zext(34) " fcode="zext"/>
<opset="zext_ln52_30/1 "/>
</bind>
</comp>

<comp id="1893" class="1004" name="add_ln52_30_fu_1893">
<pin_list>
<pin id="1894" dir="0" index="0" bw="8" slack="0"/>
<pin id="1895" dir="0" index="1" bw="1" slack="0"/>
<pin id="1896" dir="1" index="2" bw="8" slack="0"/>
</pin_list>
<bind>
<opcode="add(8) " fcode="add"/>
<opset="add_ln52_30/1 "/>
</bind>
</comp>

<comp id="1899" class="1004" name="out_data_0_30_0_0_0_load_fu_1899">
<pin_list>
<pin id="1900" dir="0" index="0" bw="1" slack="0"/>
<pin id="1901" dir="0" index="1" bw="8" slack="0"/>
<pin id="1902" dir="0" index="2" bw="8" slack="0"/>
<pin id="1903" dir="1" index="3" bw="8" slack="1"/>
</pin_list>
<bind>
<opcode="select(49) " fcode="select"/>
<opset="out_data_0_30_0_0_0_load/1 "/>
</bind>
</comp>

<comp id="1907" class="1004" name="icmp_ln51_31_fu_1907">
<pin_list>
<pin id="1908" dir="0" index="0" bw="16" slack="0"/>
<pin id="1909" dir="0" index="1" bw="16" slack="0"/>
<pin id="1910" dir="1" index="2" bw="1" slack="0"/>
</pin_list>
<bind>
<opcode="icmp(45) " fcode="icmp"/>
<opset="icmp_ln51_31/1 "/>
</bind>
</comp>

<comp id="1913" class="1004" name="trunc_ln52_31_fu_1913">
<pin_list>
<pin id="1914" dir="0" index="0" bw="8" slack="0"/>
<pin id="1915" dir="0" index="1" bw="512" slack="0"/>
<pin id="1916" dir="0" index="2" bw="10" slack="0"/>
<pin id="1917" dir="0" index="3" bw="10" slack="0"/>
<pin id="1918" dir="1" index="4" bw="8" slack="0"/>
</pin_list>
<bind>
<opcode="partselect(1002) " fcode="partselect"/>
<opset="trunc_ln52_31/1 "/>
</bind>
</comp>

<comp id="1923" class="1004" name="tmp_106_fu_1923">
<pin_list>
<pin id="1924" dir="0" index="0" bw="1" slack="0"/>
<pin id="1925" dir="0" index="1" bw="512" slack="0"/>
<pin id="1926" dir="0" index="2" bw="10" slack="0"/>
<pin id="1927" dir="1" index="3" bw="1" slack="0"/>
</pin_list>
<bind>
<opcode="bitselect(1000) " fcode="bitselect"/>
<opset="tmp_106/1 "/>
</bind>
</comp>

<comp id="1931" class="1004" name="zext_ln52_31_fu_1931">
<pin_list>
<pin id="1932" dir="0" index="0" bw="1" slack="0"/>
<pin id="1933" dir="1" index="1" bw="8" slack="0"/>
</pin_list>
<bind>
<opcode="zext(34) " fcode="zext"/>
<opset="zext_ln52_31/1 "/>
</bind>
</comp>

<comp id="1935" class="1004" name="add_ln52_31_fu_1935">
<pin_list>
<pin id="1936" dir="0" index="0" bw="8" slack="0"/>
<pin id="1937" dir="0" index="1" bw="1" slack="0"/>
<pin id="1938" dir="1" index="2" bw="8" slack="0"/>
</pin_list>
<bind>
<opcode="add(8) " fcode="add"/>
<opset="add_ln52_31/1 "/>
</bind>
</comp>

<comp id="1941" class="1004" name="storemerge210_fu_1941">
<pin_list>
<pin id="1942" dir="0" index="0" bw="1" slack="0"/>
<pin id="1943" dir="0" index="1" bw="8" slack="0"/>
<pin id="1944" dir="0" index="2" bw="8" slack="0"/>
<pin id="1945" dir="1" index="3" bw="8" slack="1"/>
</pin_list>
<bind>
<opcode="select(49) " fcode="select"/>
<opset="storemerge210/1 "/>
</bind>
</comp>

<comp id="1949" class="1004" name="p_s_fu_1949">
<pin_list>
<pin id="1950" dir="0" index="0" bw="256" slack="0"/>
<pin id="1951" dir="0" index="1" bw="8" slack="1"/>
<pin id="1952" dir="0" index="2" bw="8" slack="1"/>
<pin id="1953" dir="0" index="3" bw="8" slack="1"/>
<pin id="1954" dir="0" index="4" bw="8" slack="1"/>
<pin id="1955" dir="0" index="5" bw="8" slack="1"/>
<pin id="1956" dir="0" index="6" bw="8" slack="1"/>
<pin id="1957" dir="0" index="7" bw="8" slack="1"/>
<pin id="1958" dir="0" index="8" bw="8" slack="1"/>
<pin id="1959" dir="0" index="9" bw="8" slack="1"/>
<pin id="1960" dir="0" index="10" bw="8" slack="1"/>
<pin id="1961" dir="0" index="11" bw="8" slack="1"/>
<pin id="1962" dir="0" index="12" bw="8" slack="1"/>
<pin id="1963" dir="0" index="13" bw="8" slack="1"/>
<pin id="1964" dir="0" index="14" bw="8" slack="1"/>
<pin id="1965" dir="0" index="15" bw="8" slack="1"/>
<pin id="1966" dir="0" index="16" bw="8" slack="1"/>
<pin id="1967" dir="0" index="17" bw="8" slack="1"/>
<pin id="1968" dir="0" index="18" bw="8" slack="1"/>
<pin id="1969" dir="0" index="19" bw="8" slack="1"/>
<pin id="1970" dir="0" index="20" bw="8" slack="1"/>
<pin id="1971" dir="0" index="21" bw="8" slack="1"/>
<pin id="1972" dir="0" index="22" bw="8" slack="1"/>
<pin id="1973" dir="0" index="23" bw="8" slack="1"/>
<pin id="1974" dir="0" index="24" bw="8" slack="1"/>
<pin id="1975" dir="0" index="25" bw="8" slack="1"/>
<pin id="1976" dir="0" index="26" bw="8" slack="1"/>
<pin id="1977" dir="0" index="27" bw="8" slack="1"/>
<pin id="1978" dir="0" index="28" bw="8" slack="1"/>
<pin id="1979" dir="0" index="29" bw="8" slack="1"/>
<pin id="1980" dir="0" index="30" bw="8" slack="1"/>
<pin id="1981" dir="0" index="31" bw="8" slack="1"/>
<pin id="1982" dir="0" index="32" bw="8" slack="1"/>
<pin id="1983" dir="1" index="33" bw="256" slack="0"/>
</pin_list>
<bind>
<opcode="bitconcatenate(1004) " fcode="bitconcatenate"/>
<opset="p_s/2 "/>
</bind>
</comp>

<comp id="1986" class="1005" name="out_data_0_0_0_0_0_load_reg_1986">
<pin_list>
<pin id="1987" dir="0" index="0" bw="8" slack="1"/>
<pin id="1988" dir="1" index="1" bw="8" slack="1"/>
</pin_list>
<bind>
<opset="out_data_0_0_0_0_0_load "/>
</bind>
</comp>

<comp id="1991" class="1005" name="out_data_0_1_0_0_0_load_reg_1991">
<pin_list>
<pin id="1992" dir="0" index="0" bw="8" slack="1"/>
<pin id="1993" dir="1" index="1" bw="8" slack="1"/>
</pin_list>
<bind>
<opset="out_data_0_1_0_0_0_load "/>
</bind>
</comp>

<comp id="1996" class="1005" name="out_data_0_2_0_0_0_load_reg_1996">
<pin_list>
<pin id="1997" dir="0" index="0" bw="8" slack="1"/>
<pin id="1998" dir="1" index="1" bw="8" slack="1"/>
</pin_list>
<bind>
<opset="out_data_0_2_0_0_0_load "/>
</bind>
</comp>

<comp id="2001" class="1005" name="out_data_0_3_0_0_0_load_reg_2001">
<pin_list>
<pin id="2002" dir="0" index="0" bw="8" slack="1"/>
<pin id="2003" dir="1" index="1" bw="8" slack="1"/>
</pin_list>
<bind>
<opset="out_data_0_3_0_0_0_load "/>
</bind>
</comp>

<comp id="2006" class="1005" name="out_data_0_4_0_0_0_load_reg_2006">
<pin_list>
<pin id="2007" dir="0" index="0" bw="8" slack="1"/>
<pin id="2008" dir="1" index="1" bw="8" slack="1"/>
</pin_list>
<bind>
<opset="out_data_0_4_0_0_0_load "/>
</bind>
</comp>

<comp id="2011" class="1005" name="out_data_0_5_0_0_0_load_reg_2011">
<pin_list>
<pin id="2012" dir="0" index="0" bw="8" slack="1"/>
<pin id="2013" dir="1" index="1" bw="8" slack="1"/>
</pin_list>
<bind>
<opset="out_data_0_5_0_0_0_load "/>
</bind>
</comp>

<comp id="2016" class="1005" name="out_data_0_6_0_0_0_load_reg_2016">
<pin_list>
<pin id="2017" dir="0" index="0" bw="8" slack="1"/>
<pin id="2018" dir="1" index="1" bw="8" slack="1"/>
</pin_list>
<bind>
<opset="out_data_0_6_0_0_0_load "/>
</bind>
</comp>

<comp id="2021" class="1005" name="out_data_0_7_0_0_0_load_reg_2021">
<pin_list>
<pin id="2022" dir="0" index="0" bw="8" slack="1"/>
<pin id="2023" dir="1" index="1" bw="8" slack="1"/>
</pin_list>
<bind>
<opset="out_data_0_7_0_0_0_load "/>
</bind>
</comp>

<comp id="2026" class="1005" name="out_data_0_8_0_0_0_load_reg_2026">
<pin_list>
<pin id="2027" dir="0" index="0" bw="8" slack="1"/>
<pin id="2028" dir="1" index="1" bw="8" slack="1"/>
</pin_list>
<bind>
<opset="out_data_0_8_0_0_0_load "/>
</bind>
</comp>

<comp id="2031" class="1005" name="out_data_0_9_0_0_0_load_reg_2031">
<pin_list>
<pin id="2032" dir="0" index="0" bw="8" slack="1"/>
<pin id="2033" dir="1" index="1" bw="8" slack="1"/>
</pin_list>
<bind>
<opset="out_data_0_9_0_0_0_load "/>
</bind>
</comp>

<comp id="2036" class="1005" name="out_data_0_10_0_0_0_load_reg_2036">
<pin_list>
<pin id="2037" dir="0" index="0" bw="8" slack="1"/>
<pin id="2038" dir="1" index="1" bw="8" slack="1"/>
</pin_list>
<bind>
<opset="out_data_0_10_0_0_0_load "/>
</bind>
</comp>

<comp id="2041" class="1005" name="out_data_0_11_0_0_0_load_reg_2041">
<pin_list>
<pin id="2042" dir="0" index="0" bw="8" slack="1"/>
<pin id="2043" dir="1" index="1" bw="8" slack="1"/>
</pin_list>
<bind>
<opset="out_data_0_11_0_0_0_load "/>
</bind>
</comp>

<comp id="2046" class="1005" name="out_data_0_12_0_0_0_load_reg_2046">
<pin_list>
<pin id="2047" dir="0" index="0" bw="8" slack="1"/>
<pin id="2048" dir="1" index="1" bw="8" slack="1"/>
</pin_list>
<bind>
<opset="out_data_0_12_0_0_0_load "/>
</bind>
</comp>

<comp id="2051" class="1005" name="out_data_0_13_0_0_0_load_reg_2051">
<pin_list>
<pin id="2052" dir="0" index="0" bw="8" slack="1"/>
<pin id="2053" dir="1" index="1" bw="8" slack="1"/>
</pin_list>
<bind>
<opset="out_data_0_13_0_0_0_load "/>
</bind>
</comp>

<comp id="2056" class="1005" name="out_data_0_14_0_0_0_load_reg_2056">
<pin_list>
<pin id="2057" dir="0" index="0" bw="8" slack="1"/>
<pin id="2058" dir="1" index="1" bw="8" slack="1"/>
</pin_list>
<bind>
<opset="out_data_0_14_0_0_0_load "/>
</bind>
</comp>

<comp id="2061" class="1005" name="out_data_0_15_0_0_0_load_reg_2061">
<pin_list>
<pin id="2062" dir="0" index="0" bw="8" slack="1"/>
<pin id="2063" dir="1" index="1" bw="8" slack="1"/>
</pin_list>
<bind>
<opset="out_data_0_15_0_0_0_load "/>
</bind>
</comp>

<comp id="2066" class="1005" name="out_data_0_16_0_0_0_load_reg_2066">
<pin_list>
<pin id="2067" dir="0" index="0" bw="8" slack="1"/>
<pin id="2068" dir="1" index="1" bw="8" slack="1"/>
</pin_list>
<bind>
<opset="out_data_0_16_0_0_0_load "/>
</bind>
</comp>

<comp id="2071" class="1005" name="out_data_0_17_0_0_0_load_reg_2071">
<pin_list>
<pin id="2072" dir="0" index="0" bw="8" slack="1"/>
<pin id="2073" dir="1" index="1" bw="8" slack="1"/>
</pin_list>
<bind>
<opset="out_data_0_17_0_0_0_load "/>
</bind>
</comp>

<comp id="2076" class="1005" name="out_data_0_18_0_0_0_load_reg_2076">
<pin_list>
<pin id="2077" dir="0" index="0" bw="8" slack="1"/>
<pin id="2078" dir="1" index="1" bw="8" slack="1"/>
</pin_list>
<bind>
<opset="out_data_0_18_0_0_0_load "/>
</bind>
</comp>

<comp id="2081" class="1005" name="out_data_0_19_0_0_0_load_reg_2081">
<pin_list>
<pin id="2082" dir="0" index="0" bw="8" slack="1"/>
<pin id="2083" dir="1" index="1" bw="8" slack="1"/>
</pin_list>
<bind>
<opset="out_data_0_19_0_0_0_load "/>
</bind>
</comp>

<comp id="2086" class="1005" name="out_data_0_20_0_0_0_load_reg_2086">
<pin_list>
<pin id="2087" dir="0" index="0" bw="8" slack="1"/>
<pin id="2088" dir="1" index="1" bw="8" slack="1"/>
</pin_list>
<bind>
<opset="out_data_0_20_0_0_0_load "/>
</bind>
</comp>

<comp id="2091" class="1005" name="out_data_0_21_0_0_0_load_reg_2091">
<pin_list>
<pin id="2092" dir="0" index="0" bw="8" slack="1"/>
<pin id="2093" dir="1" index="1" bw="8" slack="1"/>
</pin_list>
<bind>
<opset="out_data_0_21_0_0_0_load "/>
</bind>
</comp>

<comp id="2096" class="1005" name="out_data_0_22_0_0_0_load_reg_2096">
<pin_list>
<pin id="2097" dir="0" index="0" bw="8" slack="1"/>
<pin id="2098" dir="1" index="1" bw="8" slack="1"/>
</pin_list>
<bind>
<opset="out_data_0_22_0_0_0_load "/>
</bind>
</comp>

<comp id="2101" class="1005" name="out_data_0_23_0_0_0_load_reg_2101">
<pin_list>
<pin id="2102" dir="0" index="0" bw="8" slack="1"/>
<pin id="2103" dir="1" index="1" bw="8" slack="1"/>
</pin_list>
<bind>
<opset="out_data_0_23_0_0_0_load "/>
</bind>
</comp>

<comp id="2106" class="1005" name="out_data_0_24_0_0_0_load_reg_2106">
<pin_list>
<pin id="2107" dir="0" index="0" bw="8" slack="1"/>
<pin id="2108" dir="1" index="1" bw="8" slack="1"/>
</pin_list>
<bind>
<opset="out_data_0_24_0_0_0_load "/>
</bind>
</comp>

<comp id="2111" class="1005" name="out_data_0_25_0_0_0_load_reg_2111">
<pin_list>
<pin id="2112" dir="0" index="0" bw="8" slack="1"/>
<pin id="2113" dir="1" index="1" bw="8" slack="1"/>
</pin_list>
<bind>
<opset="out_data_0_25_0_0_0_load "/>
</bind>
</comp>

<comp id="2116" class="1005" name="out_data_0_26_0_0_0_load_reg_2116">
<pin_list>
<pin id="2117" dir="0" index="0" bw="8" slack="1"/>
<pin id="2118" dir="1" index="1" bw="8" slack="1"/>
</pin_list>
<bind>
<opset="out_data_0_26_0_0_0_load "/>
</bind>
</comp>

<comp id="2121" class="1005" name="out_data_0_27_0_0_0_load_reg_2121">
<pin_list>
<pin id="2122" dir="0" index="0" bw="8" slack="1"/>
<pin id="2123" dir="1" index="1" bw="8" slack="1"/>
</pin_list>
<bind>
<opset="out_data_0_27_0_0_0_load "/>
</bind>
</comp>

<comp id="2126" class="1005" name="out_data_0_28_0_0_0_load_reg_2126">
<pin_list>
<pin id="2127" dir="0" index="0" bw="8" slack="1"/>
<pin id="2128" dir="1" index="1" bw="8" slack="1"/>
</pin_list>
<bind>
<opset="out_data_0_28_0_0_0_load "/>
</bind>
</comp>

<comp id="2131" class="1005" name="out_data_0_29_0_0_0_load_reg_2131">
<pin_list>
<pin id="2132" dir="0" index="0" bw="8" slack="1"/>
<pin id="2133" dir="1" index="1" bw="8" slack="1"/>
</pin_list>
<bind>
<opset="out_data_0_29_0_0_0_load "/>
</bind>
</comp>

<comp id="2136" class="1005" name="out_data_0_30_0_0_0_load_reg_2136">
<pin_list>
<pin id="2137" dir="0" index="0" bw="8" slack="1"/>
<pin id="2138" dir="1" index="1" bw="8" slack="1"/>
</pin_list>
<bind>
<opset="out_data_0_30_0_0_0_load "/>
</bind>
</comp>

<comp id="2141" class="1005" name="storemerge210_reg_2141">
<pin_list>
<pin id="2142" dir="0" index="0" bw="8" slack="1"/>
<pin id="2143" dir="1" index="1" bw="8" slack="1"/>
</pin_list>
<bind>
<opset="storemerge210 "/>
</bind>
</comp>

</comp_list>

<net_list>
<net id="286"><net_src comp="4" pin="0"/><net_sink comp="282" pin=0"/></net>

<net id="287"><net_src comp="0" pin="0"/><net_sink comp="282" pin=1"/></net>

<net id="293"><net_src comp="280" pin="0"/><net_sink comp="288" pin=0"/></net>

<net id="294"><net_src comp="2" pin="0"/><net_sink comp="288" pin=1"/></net>

<net id="298"><net_src comp="282" pin="2"/><net_sink comp="295" pin=0"/></net>

<net id="305"><net_src comp="6" pin="0"/><net_sink comp="299" pin=0"/></net>

<net id="306"><net_src comp="282" pin="2"/><net_sink comp="299" pin=1"/></net>

<net id="307"><net_src comp="8" pin="0"/><net_sink comp="299" pin=2"/></net>

<net id="308"><net_src comp="10" pin="0"/><net_sink comp="299" pin=3"/></net>

<net id="315"><net_src comp="6" pin="0"/><net_sink comp="309" pin=0"/></net>

<net id="316"><net_src comp="282" pin="2"/><net_sink comp="309" pin=1"/></net>

<net id="317"><net_src comp="12" pin="0"/><net_sink comp="309" pin=2"/></net>

<net id="318"><net_src comp="14" pin="0"/><net_sink comp="309" pin=3"/></net>

<net id="325"><net_src comp="6" pin="0"/><net_sink comp="319" pin=0"/></net>

<net id="326"><net_src comp="282" pin="2"/><net_sink comp="319" pin=1"/></net>

<net id="327"><net_src comp="16" pin="0"/><net_sink comp="319" pin=2"/></net>

<net id="328"><net_src comp="18" pin="0"/><net_sink comp="319" pin=3"/></net>

<net id="335"><net_src comp="6" pin="0"/><net_sink comp="329" pin=0"/></net>

<net id="336"><net_src comp="282" pin="2"/><net_sink comp="329" pin=1"/></net>

<net id="337"><net_src comp="20" pin="0"/><net_sink comp="329" pin=2"/></net>

<net id="338"><net_src comp="22" pin="0"/><net_sink comp="329" pin=3"/></net>

<net id="345"><net_src comp="6" pin="0"/><net_sink comp="339" pin=0"/></net>

<net id="346"><net_src comp="282" pin="2"/><net_sink comp="339" pin=1"/></net>

<net id="347"><net_src comp="24" pin="0"/><net_sink comp="339" pin=2"/></net>

<net id="348"><net_src comp="26" pin="0"/><net_sink comp="339" pin=3"/></net>

<net id="355"><net_src comp="6" pin="0"/><net_sink comp="349" pin=0"/></net>

<net id="356"><net_src comp="282" pin="2"/><net_sink comp="349" pin=1"/></net>

<net id="357"><net_src comp="28" pin="0"/><net_sink comp="349" pin=2"/></net>

<net id="358"><net_src comp="30" pin="0"/><net_sink comp="349" pin=3"/></net>

<net id="365"><net_src comp="6" pin="0"/><net_sink comp="359" pin=0"/></net>

<net id="366"><net_src comp="282" pin="2"/><net_sink comp="359" pin=1"/></net>

<net id="367"><net_src comp="32" pin="0"/><net_sink comp="359" pin=2"/></net>

<net id="368"><net_src comp="34" pin="0"/><net_sink comp="359" pin=3"/></net>

<net id="375"><net_src comp="6" pin="0"/><net_sink comp="369" pin=0"/></net>

<net id="376"><net_src comp="282" pin="2"/><net_sink comp="369" pin=1"/></net>

<net id="377"><net_src comp="36" pin="0"/><net_sink comp="369" pin=2"/></net>

<net id="378"><net_src comp="38" pin="0"/><net_sink comp="369" pin=3"/></net>

<net id="385"><net_src comp="6" pin="0"/><net_sink comp="379" pin=0"/></net>

<net id="386"><net_src comp="282" pin="2"/><net_sink comp="379" pin=1"/></net>

<net id="387"><net_src comp="40" pin="0"/><net_sink comp="379" pin=2"/></net>

<net id="388"><net_src comp="42" pin="0"/><net_sink comp="379" pin=3"/></net>

<net id="395"><net_src comp="6" pin="0"/><net_sink comp="389" pin=0"/></net>

<net id="396"><net_src comp="282" pin="2"/><net_sink comp="389" pin=1"/></net>

<net id="397"><net_src comp="44" pin="0"/><net_sink comp="389" pin=2"/></net>

<net id="398"><net_src comp="46" pin="0"/><net_sink comp="389" pin=3"/></net>

<net id="405"><net_src comp="6" pin="0"/><net_sink comp="399" pin=0"/></net>

<net id="406"><net_src comp="282" pin="2"/><net_sink comp="399" pin=1"/></net>

<net id="407"><net_src comp="48" pin="0"/><net_sink comp="399" pin=2"/></net>

<net id="408"><net_src comp="50" pin="0"/><net_sink comp="399" pin=3"/></net>

<net id="415"><net_src comp="6" pin="0"/><net_sink comp="409" pin=0"/></net>

<net id="416"><net_src comp="282" pin="2"/><net_sink comp="409" pin=1"/></net>

<net id="417"><net_src comp="52" pin="0"/><net_sink comp="409" pin=2"/></net>

<net id="418"><net_src comp="54" pin="0"/><net_sink comp="409" pin=3"/></net>

<net id="425"><net_src comp="6" pin="0"/><net_sink comp="419" pin=0"/></net>

<net id="426"><net_src comp="282" pin="2"/><net_sink comp="419" pin=1"/></net>

<net id="427"><net_src comp="56" pin="0"/><net_sink comp="419" pin=2"/></net>

<net id="428"><net_src comp="58" pin="0"/><net_sink comp="419" pin=3"/></net>

<net id="435"><net_src comp="6" pin="0"/><net_sink comp="429" pin=0"/></net>

<net id="436"><net_src comp="282" pin="2"/><net_sink comp="429" pin=1"/></net>

<net id="437"><net_src comp="60" pin="0"/><net_sink comp="429" pin=2"/></net>

<net id="438"><net_src comp="62" pin="0"/><net_sink comp="429" pin=3"/></net>

<net id="445"><net_src comp="6" pin="0"/><net_sink comp="439" pin=0"/></net>

<net id="446"><net_src comp="282" pin="2"/><net_sink comp="439" pin=1"/></net>

<net id="447"><net_src comp="64" pin="0"/><net_sink comp="439" pin=2"/></net>

<net id="448"><net_src comp="66" pin="0"/><net_sink comp="439" pin=3"/></net>

<net id="455"><net_src comp="6" pin="0"/><net_sink comp="449" pin=0"/></net>

<net id="456"><net_src comp="282" pin="2"/><net_sink comp="449" pin=1"/></net>

<net id="457"><net_src comp="68" pin="0"/><net_sink comp="449" pin=2"/></net>

<net id="458"><net_src comp="70" pin="0"/><net_sink comp="449" pin=3"/></net>

<net id="465"><net_src comp="6" pin="0"/><net_sink comp="459" pin=0"/></net>

<net id="466"><net_src comp="282" pin="2"/><net_sink comp="459" pin=1"/></net>

<net id="467"><net_src comp="72" pin="0"/><net_sink comp="459" pin=2"/></net>

<net id="468"><net_src comp="74" pin="0"/><net_sink comp="459" pin=3"/></net>

<net id="475"><net_src comp="6" pin="0"/><net_sink comp="469" pin=0"/></net>

<net id="476"><net_src comp="282" pin="2"/><net_sink comp="469" pin=1"/></net>

<net id="477"><net_src comp="76" pin="0"/><net_sink comp="469" pin=2"/></net>

<net id="478"><net_src comp="78" pin="0"/><net_sink comp="469" pin=3"/></net>

<net id="485"><net_src comp="6" pin="0"/><net_sink comp="479" pin=0"/></net>

<net id="486"><net_src comp="282" pin="2"/><net_sink comp="479" pin=1"/></net>

<net id="487"><net_src comp="80" pin="0"/><net_sink comp="479" pin=2"/></net>

<net id="488"><net_src comp="82" pin="0"/><net_sink comp="479" pin=3"/></net>

<net id="495"><net_src comp="6" pin="0"/><net_sink comp="489" pin=0"/></net>

<net id="496"><net_src comp="282" pin="2"/><net_sink comp="489" pin=1"/></net>

<net id="497"><net_src comp="84" pin="0"/><net_sink comp="489" pin=2"/></net>

<net id="498"><net_src comp="86" pin="0"/><net_sink comp="489" pin=3"/></net>

<net id="505"><net_src comp="6" pin="0"/><net_sink comp="499" pin=0"/></net>

<net id="506"><net_src comp="282" pin="2"/><net_sink comp="499" pin=1"/></net>

<net id="507"><net_src comp="88" pin="0"/><net_sink comp="499" pin=2"/></net>

<net id="508"><net_src comp="90" pin="0"/><net_sink comp="499" pin=3"/></net>

<net id="515"><net_src comp="6" pin="0"/><net_sink comp="509" pin=0"/></net>

<net id="516"><net_src comp="282" pin="2"/><net_sink comp="509" pin=1"/></net>

<net id="517"><net_src comp="92" pin="0"/><net_sink comp="509" pin=2"/></net>

<net id="518"><net_src comp="94" pin="0"/><net_sink comp="509" pin=3"/></net>

<net id="525"><net_src comp="6" pin="0"/><net_sink comp="519" pin=0"/></net>

<net id="526"><net_src comp="282" pin="2"/><net_sink comp="519" pin=1"/></net>

<net id="527"><net_src comp="96" pin="0"/><net_sink comp="519" pin=2"/></net>

<net id="528"><net_src comp="98" pin="0"/><net_sink comp="519" pin=3"/></net>

<net id="535"><net_src comp="6" pin="0"/><net_sink comp="529" pin=0"/></net>

<net id="536"><net_src comp="282" pin="2"/><net_sink comp="529" pin=1"/></net>

<net id="537"><net_src comp="100" pin="0"/><net_sink comp="529" pin=2"/></net>

<net id="538"><net_src comp="102" pin="0"/><net_sink comp="529" pin=3"/></net>

<net id="545"><net_src comp="6" pin="0"/><net_sink comp="539" pin=0"/></net>

<net id="546"><net_src comp="282" pin="2"/><net_sink comp="539" pin=1"/></net>

<net id="547"><net_src comp="104" pin="0"/><net_sink comp="539" pin=2"/></net>

<net id="548"><net_src comp="106" pin="0"/><net_sink comp="539" pin=3"/></net>

<net id="555"><net_src comp="6" pin="0"/><net_sink comp="549" pin=0"/></net>

<net id="556"><net_src comp="282" pin="2"/><net_sink comp="549" pin=1"/></net>

<net id="557"><net_src comp="108" pin="0"/><net_sink comp="549" pin=2"/></net>

<net id="558"><net_src comp="110" pin="0"/><net_sink comp="549" pin=3"/></net>

<net id="565"><net_src comp="6" pin="0"/><net_sink comp="559" pin=0"/></net>

<net id="566"><net_src comp="282" pin="2"/><net_sink comp="559" pin=1"/></net>

<net id="567"><net_src comp="112" pin="0"/><net_sink comp="559" pin=2"/></net>

<net id="568"><net_src comp="114" pin="0"/><net_sink comp="559" pin=3"/></net>

<net id="575"><net_src comp="6" pin="0"/><net_sink comp="569" pin=0"/></net>

<net id="576"><net_src comp="282" pin="2"/><net_sink comp="569" pin=1"/></net>

<net id="577"><net_src comp="116" pin="0"/><net_sink comp="569" pin=2"/></net>

<net id="578"><net_src comp="118" pin="0"/><net_sink comp="569" pin=3"/></net>

<net id="585"><net_src comp="6" pin="0"/><net_sink comp="579" pin=0"/></net>

<net id="586"><net_src comp="282" pin="2"/><net_sink comp="579" pin=1"/></net>

<net id="587"><net_src comp="120" pin="0"/><net_sink comp="579" pin=2"/></net>

<net id="588"><net_src comp="122" pin="0"/><net_sink comp="579" pin=3"/></net>

<net id="595"><net_src comp="6" pin="0"/><net_sink comp="589" pin=0"/></net>

<net id="596"><net_src comp="282" pin="2"/><net_sink comp="589" pin=1"/></net>

<net id="597"><net_src comp="124" pin="0"/><net_sink comp="589" pin=2"/></net>

<net id="598"><net_src comp="126" pin="0"/><net_sink comp="589" pin=3"/></net>

<net id="605"><net_src comp="6" pin="0"/><net_sink comp="599" pin=0"/></net>

<net id="606"><net_src comp="282" pin="2"/><net_sink comp="599" pin=1"/></net>

<net id="607"><net_src comp="128" pin="0"/><net_sink comp="599" pin=2"/></net>

<net id="608"><net_src comp="130" pin="0"/><net_sink comp="599" pin=3"/></net>

<net id="613"><net_src comp="295" pin="1"/><net_sink comp="609" pin=0"/></net>

<net id="614"><net_src comp="132" pin="0"/><net_sink comp="609" pin=1"/></net>

<net id="621"><net_src comp="134" pin="0"/><net_sink comp="615" pin=0"/></net>

<net id="622"><net_src comp="282" pin="2"/><net_sink comp="615" pin=1"/></net>

<net id="623"><net_src comp="136" pin="0"/><net_sink comp="615" pin=2"/></net>

<net id="624"><net_src comp="138" pin="0"/><net_sink comp="615" pin=3"/></net>

<net id="628"><net_src comp="282" pin="2"/><net_sink comp="625" pin=0"/></net>

<net id="632"><net_src comp="625" pin="1"/><net_sink comp="629" pin=0"/></net>

<net id="637"><net_src comp="615" pin="4"/><net_sink comp="633" pin=0"/></net>

<net id="638"><net_src comp="629" pin="1"/><net_sink comp="633" pin=1"/></net>

<net id="644"><net_src comp="609" pin="2"/><net_sink comp="639" pin=0"/></net>

<net id="645"><net_src comp="633" pin="2"/><net_sink comp="639" pin=1"/></net>

<net id="646"><net_src comp="140" pin="0"/><net_sink comp="639" pin=2"/></net>

<net id="651"><net_src comp="299" pin="4"/><net_sink comp="647" pin=0"/></net>

<net id="652"><net_src comp="132" pin="0"/><net_sink comp="647" pin=1"/></net>

<net id="659"><net_src comp="134" pin="0"/><net_sink comp="653" pin=0"/></net>

<net id="660"><net_src comp="282" pin="2"/><net_sink comp="653" pin=1"/></net>

<net id="661"><net_src comp="142" pin="0"/><net_sink comp="653" pin=2"/></net>

<net id="662"><net_src comp="144" pin="0"/><net_sink comp="653" pin=3"/></net>

<net id="668"><net_src comp="146" pin="0"/><net_sink comp="663" pin=0"/></net>

<net id="669"><net_src comp="282" pin="2"/><net_sink comp="663" pin=1"/></net>

<net id="670"><net_src comp="8" pin="0"/><net_sink comp="663" pin=2"/></net>

<net id="674"><net_src comp="663" pin="3"/><net_sink comp="671" pin=0"/></net>

<net id="679"><net_src comp="653" pin="4"/><net_sink comp="675" pin=0"/></net>

<net id="680"><net_src comp="671" pin="1"/><net_sink comp="675" pin=1"/></net>

<net id="686"><net_src comp="647" pin="2"/><net_sink comp="681" pin=0"/></net>

<net id="687"><net_src comp="675" pin="2"/><net_sink comp="681" pin=1"/></net>

<net id="688"><net_src comp="140" pin="0"/><net_sink comp="681" pin=2"/></net>

<net id="693"><net_src comp="309" pin="4"/><net_sink comp="689" pin=0"/></net>

<net id="694"><net_src comp="132" pin="0"/><net_sink comp="689" pin=1"/></net>

<net id="701"><net_src comp="134" pin="0"/><net_sink comp="695" pin=0"/></net>

<net id="702"><net_src comp="282" pin="2"/><net_sink comp="695" pin=1"/></net>

<net id="703"><net_src comp="148" pin="0"/><net_sink comp="695" pin=2"/></net>

<net id="704"><net_src comp="150" pin="0"/><net_sink comp="695" pin=3"/></net>

<net id="710"><net_src comp="146" pin="0"/><net_sink comp="705" pin=0"/></net>

<net id="711"><net_src comp="282" pin="2"/><net_sink comp="705" pin=1"/></net>

<net id="712"><net_src comp="12" pin="0"/><net_sink comp="705" pin=2"/></net>

<net id="716"><net_src comp="705" pin="3"/><net_sink comp="713" pin=0"/></net>

<net id="721"><net_src comp="695" pin="4"/><net_sink comp="717" pin=0"/></net>

<net id="722"><net_src comp="713" pin="1"/><net_sink comp="717" pin=1"/></net>

<net id="728"><net_src comp="689" pin="2"/><net_sink comp="723" pin=0"/></net>

<net id="729"><net_src comp="717" pin="2"/><net_sink comp="723" pin=1"/></net>

<net id="730"><net_src comp="140" pin="0"/><net_sink comp="723" pin=2"/></net>

<net id="735"><net_src comp="319" pin="4"/><net_sink comp="731" pin=0"/></net>

<net id="736"><net_src comp="132" pin="0"/><net_sink comp="731" pin=1"/></net>

<net id="743"><net_src comp="134" pin="0"/><net_sink comp="737" pin=0"/></net>

<net id="744"><net_src comp="282" pin="2"/><net_sink comp="737" pin=1"/></net>

<net id="745"><net_src comp="152" pin="0"/><net_sink comp="737" pin=2"/></net>

<net id="746"><net_src comp="154" pin="0"/><net_sink comp="737" pin=3"/></net>

<net id="752"><net_src comp="146" pin="0"/><net_sink comp="747" pin=0"/></net>

<net id="753"><net_src comp="282" pin="2"/><net_sink comp="747" pin=1"/></net>

<net id="754"><net_src comp="16" pin="0"/><net_sink comp="747" pin=2"/></net>

<net id="758"><net_src comp="747" pin="3"/><net_sink comp="755" pin=0"/></net>

<net id="763"><net_src comp="737" pin="4"/><net_sink comp="759" pin=0"/></net>

<net id="764"><net_src comp="755" pin="1"/><net_sink comp="759" pin=1"/></net>

<net id="770"><net_src comp="731" pin="2"/><net_sink comp="765" pin=0"/></net>

<net id="771"><net_src comp="759" pin="2"/><net_sink comp="765" pin=1"/></net>

<net id="772"><net_src comp="140" pin="0"/><net_sink comp="765" pin=2"/></net>

<net id="777"><net_src comp="329" pin="4"/><net_sink comp="773" pin=0"/></net>

<net id="778"><net_src comp="132" pin="0"/><net_sink comp="773" pin=1"/></net>

<net id="785"><net_src comp="134" pin="0"/><net_sink comp="779" pin=0"/></net>

<net id="786"><net_src comp="282" pin="2"/><net_sink comp="779" pin=1"/></net>

<net id="787"><net_src comp="156" pin="0"/><net_sink comp="779" pin=2"/></net>

<net id="788"><net_src comp="158" pin="0"/><net_sink comp="779" pin=3"/></net>

<net id="794"><net_src comp="146" pin="0"/><net_sink comp="789" pin=0"/></net>

<net id="795"><net_src comp="282" pin="2"/><net_sink comp="789" pin=1"/></net>

<net id="796"><net_src comp="20" pin="0"/><net_sink comp="789" pin=2"/></net>

<net id="800"><net_src comp="789" pin="3"/><net_sink comp="797" pin=0"/></net>

<net id="805"><net_src comp="779" pin="4"/><net_sink comp="801" pin=0"/></net>

<net id="806"><net_src comp="797" pin="1"/><net_sink comp="801" pin=1"/></net>

<net id="812"><net_src comp="773" pin="2"/><net_sink comp="807" pin=0"/></net>

<net id="813"><net_src comp="801" pin="2"/><net_sink comp="807" pin=1"/></net>

<net id="814"><net_src comp="140" pin="0"/><net_sink comp="807" pin=2"/></net>

<net id="819"><net_src comp="339" pin="4"/><net_sink comp="815" pin=0"/></net>

<net id="820"><net_src comp="132" pin="0"/><net_sink comp="815" pin=1"/></net>

<net id="827"><net_src comp="134" pin="0"/><net_sink comp="821" pin=0"/></net>

<net id="828"><net_src comp="282" pin="2"/><net_sink comp="821" pin=1"/></net>

<net id="829"><net_src comp="160" pin="0"/><net_sink comp="821" pin=2"/></net>

<net id="830"><net_src comp="162" pin="0"/><net_sink comp="821" pin=3"/></net>

<net id="836"><net_src comp="146" pin="0"/><net_sink comp="831" pin=0"/></net>

<net id="837"><net_src comp="282" pin="2"/><net_sink comp="831" pin=1"/></net>

<net id="838"><net_src comp="24" pin="0"/><net_sink comp="831" pin=2"/></net>

<net id="842"><net_src comp="831" pin="3"/><net_sink comp="839" pin=0"/></net>

<net id="847"><net_src comp="821" pin="4"/><net_sink comp="843" pin=0"/></net>

<net id="848"><net_src comp="839" pin="1"/><net_sink comp="843" pin=1"/></net>

<net id="854"><net_src comp="815" pin="2"/><net_sink comp="849" pin=0"/></net>

<net id="855"><net_src comp="843" pin="2"/><net_sink comp="849" pin=1"/></net>

<net id="856"><net_src comp="140" pin="0"/><net_sink comp="849" pin=2"/></net>

<net id="861"><net_src comp="349" pin="4"/><net_sink comp="857" pin=0"/></net>

<net id="862"><net_src comp="132" pin="0"/><net_sink comp="857" pin=1"/></net>

<net id="869"><net_src comp="134" pin="0"/><net_sink comp="863" pin=0"/></net>

<net id="870"><net_src comp="282" pin="2"/><net_sink comp="863" pin=1"/></net>

<net id="871"><net_src comp="164" pin="0"/><net_sink comp="863" pin=2"/></net>

<net id="872"><net_src comp="166" pin="0"/><net_sink comp="863" pin=3"/></net>

<net id="878"><net_src comp="146" pin="0"/><net_sink comp="873" pin=0"/></net>

<net id="879"><net_src comp="282" pin="2"/><net_sink comp="873" pin=1"/></net>

<net id="880"><net_src comp="28" pin="0"/><net_sink comp="873" pin=2"/></net>

<net id="884"><net_src comp="873" pin="3"/><net_sink comp="881" pin=0"/></net>

<net id="889"><net_src comp="863" pin="4"/><net_sink comp="885" pin=0"/></net>

<net id="890"><net_src comp="881" pin="1"/><net_sink comp="885" pin=1"/></net>

<net id="896"><net_src comp="857" pin="2"/><net_sink comp="891" pin=0"/></net>

<net id="897"><net_src comp="885" pin="2"/><net_sink comp="891" pin=1"/></net>

<net id="898"><net_src comp="140" pin="0"/><net_sink comp="891" pin=2"/></net>

<net id="903"><net_src comp="359" pin="4"/><net_sink comp="899" pin=0"/></net>

<net id="904"><net_src comp="132" pin="0"/><net_sink comp="899" pin=1"/></net>

<net id="911"><net_src comp="134" pin="0"/><net_sink comp="905" pin=0"/></net>

<net id="912"><net_src comp="282" pin="2"/><net_sink comp="905" pin=1"/></net>

<net id="913"><net_src comp="168" pin="0"/><net_sink comp="905" pin=2"/></net>

<net id="914"><net_src comp="170" pin="0"/><net_sink comp="905" pin=3"/></net>

<net id="920"><net_src comp="146" pin="0"/><net_sink comp="915" pin=0"/></net>

<net id="921"><net_src comp="282" pin="2"/><net_sink comp="915" pin=1"/></net>

<net id="922"><net_src comp="32" pin="0"/><net_sink comp="915" pin=2"/></net>

<net id="926"><net_src comp="915" pin="3"/><net_sink comp="923" pin=0"/></net>

<net id="931"><net_src comp="905" pin="4"/><net_sink comp="927" pin=0"/></net>

<net id="932"><net_src comp="923" pin="1"/><net_sink comp="927" pin=1"/></net>

<net id="938"><net_src comp="899" pin="2"/><net_sink comp="933" pin=0"/></net>

<net id="939"><net_src comp="927" pin="2"/><net_sink comp="933" pin=1"/></net>

<net id="940"><net_src comp="140" pin="0"/><net_sink comp="933" pin=2"/></net>

<net id="945"><net_src comp="369" pin="4"/><net_sink comp="941" pin=0"/></net>

<net id="946"><net_src comp="132" pin="0"/><net_sink comp="941" pin=1"/></net>

<net id="953"><net_src comp="134" pin="0"/><net_sink comp="947" pin=0"/></net>

<net id="954"><net_src comp="282" pin="2"/><net_sink comp="947" pin=1"/></net>

<net id="955"><net_src comp="172" pin="0"/><net_sink comp="947" pin=2"/></net>

<net id="956"><net_src comp="174" pin="0"/><net_sink comp="947" pin=3"/></net>

<net id="962"><net_src comp="146" pin="0"/><net_sink comp="957" pin=0"/></net>

<net id="963"><net_src comp="282" pin="2"/><net_sink comp="957" pin=1"/></net>

<net id="964"><net_src comp="36" pin="0"/><net_sink comp="957" pin=2"/></net>

<net id="968"><net_src comp="957" pin="3"/><net_sink comp="965" pin=0"/></net>

<net id="973"><net_src comp="947" pin="4"/><net_sink comp="969" pin=0"/></net>

<net id="974"><net_src comp="965" pin="1"/><net_sink comp="969" pin=1"/></net>

<net id="980"><net_src comp="941" pin="2"/><net_sink comp="975" pin=0"/></net>

<net id="981"><net_src comp="969" pin="2"/><net_sink comp="975" pin=1"/></net>

<net id="982"><net_src comp="140" pin="0"/><net_sink comp="975" pin=2"/></net>

<net id="987"><net_src comp="379" pin="4"/><net_sink comp="983" pin=0"/></net>

<net id="988"><net_src comp="132" pin="0"/><net_sink comp="983" pin=1"/></net>

<net id="995"><net_src comp="134" pin="0"/><net_sink comp="989" pin=0"/></net>

<net id="996"><net_src comp="282" pin="2"/><net_sink comp="989" pin=1"/></net>

<net id="997"><net_src comp="176" pin="0"/><net_sink comp="989" pin=2"/></net>

<net id="998"><net_src comp="178" pin="0"/><net_sink comp="989" pin=3"/></net>

<net id="1004"><net_src comp="146" pin="0"/><net_sink comp="999" pin=0"/></net>

<net id="1005"><net_src comp="282" pin="2"/><net_sink comp="999" pin=1"/></net>

<net id="1006"><net_src comp="40" pin="0"/><net_sink comp="999" pin=2"/></net>

<net id="1010"><net_src comp="999" pin="3"/><net_sink comp="1007" pin=0"/></net>

<net id="1015"><net_src comp="989" pin="4"/><net_sink comp="1011" pin=0"/></net>

<net id="1016"><net_src comp="1007" pin="1"/><net_sink comp="1011" pin=1"/></net>

<net id="1022"><net_src comp="983" pin="2"/><net_sink comp="1017" pin=0"/></net>

<net id="1023"><net_src comp="1011" pin="2"/><net_sink comp="1017" pin=1"/></net>

<net id="1024"><net_src comp="140" pin="0"/><net_sink comp="1017" pin=2"/></net>

<net id="1029"><net_src comp="389" pin="4"/><net_sink comp="1025" pin=0"/></net>

<net id="1030"><net_src comp="132" pin="0"/><net_sink comp="1025" pin=1"/></net>

<net id="1037"><net_src comp="134" pin="0"/><net_sink comp="1031" pin=0"/></net>

<net id="1038"><net_src comp="282" pin="2"/><net_sink comp="1031" pin=1"/></net>

<net id="1039"><net_src comp="180" pin="0"/><net_sink comp="1031" pin=2"/></net>

<net id="1040"><net_src comp="182" pin="0"/><net_sink comp="1031" pin=3"/></net>

<net id="1046"><net_src comp="146" pin="0"/><net_sink comp="1041" pin=0"/></net>

<net id="1047"><net_src comp="282" pin="2"/><net_sink comp="1041" pin=1"/></net>

<net id="1048"><net_src comp="44" pin="0"/><net_sink comp="1041" pin=2"/></net>

<net id="1052"><net_src comp="1041" pin="3"/><net_sink comp="1049" pin=0"/></net>

<net id="1057"><net_src comp="1031" pin="4"/><net_sink comp="1053" pin=0"/></net>

<net id="1058"><net_src comp="1049" pin="1"/><net_sink comp="1053" pin=1"/></net>

<net id="1064"><net_src comp="1025" pin="2"/><net_sink comp="1059" pin=0"/></net>

<net id="1065"><net_src comp="1053" pin="2"/><net_sink comp="1059" pin=1"/></net>

<net id="1066"><net_src comp="140" pin="0"/><net_sink comp="1059" pin=2"/></net>

<net id="1071"><net_src comp="399" pin="4"/><net_sink comp="1067" pin=0"/></net>

<net id="1072"><net_src comp="132" pin="0"/><net_sink comp="1067" pin=1"/></net>

<net id="1079"><net_src comp="134" pin="0"/><net_sink comp="1073" pin=0"/></net>

<net id="1080"><net_src comp="282" pin="2"/><net_sink comp="1073" pin=1"/></net>

<net id="1081"><net_src comp="184" pin="0"/><net_sink comp="1073" pin=2"/></net>

<net id="1082"><net_src comp="186" pin="0"/><net_sink comp="1073" pin=3"/></net>

<net id="1088"><net_src comp="146" pin="0"/><net_sink comp="1083" pin=0"/></net>

<net id="1089"><net_src comp="282" pin="2"/><net_sink comp="1083" pin=1"/></net>

<net id="1090"><net_src comp="48" pin="0"/><net_sink comp="1083" pin=2"/></net>

<net id="1094"><net_src comp="1083" pin="3"/><net_sink comp="1091" pin=0"/></net>

<net id="1099"><net_src comp="1073" pin="4"/><net_sink comp="1095" pin=0"/></net>

<net id="1100"><net_src comp="1091" pin="1"/><net_sink comp="1095" pin=1"/></net>

<net id="1106"><net_src comp="1067" pin="2"/><net_sink comp="1101" pin=0"/></net>

<net id="1107"><net_src comp="1095" pin="2"/><net_sink comp="1101" pin=1"/></net>

<net id="1108"><net_src comp="140" pin="0"/><net_sink comp="1101" pin=2"/></net>

<net id="1113"><net_src comp="409" pin="4"/><net_sink comp="1109" pin=0"/></net>

<net id="1114"><net_src comp="132" pin="0"/><net_sink comp="1109" pin=1"/></net>

<net id="1121"><net_src comp="134" pin="0"/><net_sink comp="1115" pin=0"/></net>

<net id="1122"><net_src comp="282" pin="2"/><net_sink comp="1115" pin=1"/></net>

<net id="1123"><net_src comp="188" pin="0"/><net_sink comp="1115" pin=2"/></net>

<net id="1124"><net_src comp="190" pin="0"/><net_sink comp="1115" pin=3"/></net>

<net id="1130"><net_src comp="146" pin="0"/><net_sink comp="1125" pin=0"/></net>

<net id="1131"><net_src comp="282" pin="2"/><net_sink comp="1125" pin=1"/></net>

<net id="1132"><net_src comp="52" pin="0"/><net_sink comp="1125" pin=2"/></net>

<net id="1136"><net_src comp="1125" pin="3"/><net_sink comp="1133" pin=0"/></net>

<net id="1141"><net_src comp="1115" pin="4"/><net_sink comp="1137" pin=0"/></net>

<net id="1142"><net_src comp="1133" pin="1"/><net_sink comp="1137" pin=1"/></net>

<net id="1148"><net_src comp="1109" pin="2"/><net_sink comp="1143" pin=0"/></net>

<net id="1149"><net_src comp="1137" pin="2"/><net_sink comp="1143" pin=1"/></net>

<net id="1150"><net_src comp="140" pin="0"/><net_sink comp="1143" pin=2"/></net>

<net id="1155"><net_src comp="419" pin="4"/><net_sink comp="1151" pin=0"/></net>

<net id="1156"><net_src comp="132" pin="0"/><net_sink comp="1151" pin=1"/></net>

<net id="1163"><net_src comp="134" pin="0"/><net_sink comp="1157" pin=0"/></net>

<net id="1164"><net_src comp="282" pin="2"/><net_sink comp="1157" pin=1"/></net>

<net id="1165"><net_src comp="192" pin="0"/><net_sink comp="1157" pin=2"/></net>

<net id="1166"><net_src comp="194" pin="0"/><net_sink comp="1157" pin=3"/></net>

<net id="1172"><net_src comp="146" pin="0"/><net_sink comp="1167" pin=0"/></net>

<net id="1173"><net_src comp="282" pin="2"/><net_sink comp="1167" pin=1"/></net>

<net id="1174"><net_src comp="56" pin="0"/><net_sink comp="1167" pin=2"/></net>

<net id="1178"><net_src comp="1167" pin="3"/><net_sink comp="1175" pin=0"/></net>

<net id="1183"><net_src comp="1157" pin="4"/><net_sink comp="1179" pin=0"/></net>

<net id="1184"><net_src comp="1175" pin="1"/><net_sink comp="1179" pin=1"/></net>

<net id="1190"><net_src comp="1151" pin="2"/><net_sink comp="1185" pin=0"/></net>

<net id="1191"><net_src comp="1179" pin="2"/><net_sink comp="1185" pin=1"/></net>

<net id="1192"><net_src comp="140" pin="0"/><net_sink comp="1185" pin=2"/></net>

<net id="1197"><net_src comp="429" pin="4"/><net_sink comp="1193" pin=0"/></net>

<net id="1198"><net_src comp="132" pin="0"/><net_sink comp="1193" pin=1"/></net>

<net id="1205"><net_src comp="134" pin="0"/><net_sink comp="1199" pin=0"/></net>

<net id="1206"><net_src comp="282" pin="2"/><net_sink comp="1199" pin=1"/></net>

<net id="1207"><net_src comp="196" pin="0"/><net_sink comp="1199" pin=2"/></net>

<net id="1208"><net_src comp="198" pin="0"/><net_sink comp="1199" pin=3"/></net>

<net id="1214"><net_src comp="146" pin="0"/><net_sink comp="1209" pin=0"/></net>

<net id="1215"><net_src comp="282" pin="2"/><net_sink comp="1209" pin=1"/></net>

<net id="1216"><net_src comp="60" pin="0"/><net_sink comp="1209" pin=2"/></net>

<net id="1220"><net_src comp="1209" pin="3"/><net_sink comp="1217" pin=0"/></net>

<net id="1225"><net_src comp="1199" pin="4"/><net_sink comp="1221" pin=0"/></net>

<net id="1226"><net_src comp="1217" pin="1"/><net_sink comp="1221" pin=1"/></net>

<net id="1232"><net_src comp="1193" pin="2"/><net_sink comp="1227" pin=0"/></net>

<net id="1233"><net_src comp="1221" pin="2"/><net_sink comp="1227" pin=1"/></net>

<net id="1234"><net_src comp="140" pin="0"/><net_sink comp="1227" pin=2"/></net>

<net id="1239"><net_src comp="439" pin="4"/><net_sink comp="1235" pin=0"/></net>

<net id="1240"><net_src comp="132" pin="0"/><net_sink comp="1235" pin=1"/></net>

<net id="1247"><net_src comp="134" pin="0"/><net_sink comp="1241" pin=0"/></net>

<net id="1248"><net_src comp="282" pin="2"/><net_sink comp="1241" pin=1"/></net>

<net id="1249"><net_src comp="200" pin="0"/><net_sink comp="1241" pin=2"/></net>

<net id="1250"><net_src comp="202" pin="0"/><net_sink comp="1241" pin=3"/></net>

<net id="1256"><net_src comp="146" pin="0"/><net_sink comp="1251" pin=0"/></net>

<net id="1257"><net_src comp="282" pin="2"/><net_sink comp="1251" pin=1"/></net>

<net id="1258"><net_src comp="64" pin="0"/><net_sink comp="1251" pin=2"/></net>

<net id="1262"><net_src comp="1251" pin="3"/><net_sink comp="1259" pin=0"/></net>

<net id="1267"><net_src comp="1241" pin="4"/><net_sink comp="1263" pin=0"/></net>

<net id="1268"><net_src comp="1259" pin="1"/><net_sink comp="1263" pin=1"/></net>

<net id="1274"><net_src comp="1235" pin="2"/><net_sink comp="1269" pin=0"/></net>

<net id="1275"><net_src comp="1263" pin="2"/><net_sink comp="1269" pin=1"/></net>

<net id="1276"><net_src comp="140" pin="0"/><net_sink comp="1269" pin=2"/></net>

<net id="1281"><net_src comp="449" pin="4"/><net_sink comp="1277" pin=0"/></net>

<net id="1282"><net_src comp="132" pin="0"/><net_sink comp="1277" pin=1"/></net>

<net id="1289"><net_src comp="134" pin="0"/><net_sink comp="1283" pin=0"/></net>

<net id="1290"><net_src comp="282" pin="2"/><net_sink comp="1283" pin=1"/></net>

<net id="1291"><net_src comp="204" pin="0"/><net_sink comp="1283" pin=2"/></net>

<net id="1292"><net_src comp="206" pin="0"/><net_sink comp="1283" pin=3"/></net>

<net id="1298"><net_src comp="146" pin="0"/><net_sink comp="1293" pin=0"/></net>

<net id="1299"><net_src comp="282" pin="2"/><net_sink comp="1293" pin=1"/></net>

<net id="1300"><net_src comp="68" pin="0"/><net_sink comp="1293" pin=2"/></net>

<net id="1304"><net_src comp="1293" pin="3"/><net_sink comp="1301" pin=0"/></net>

<net id="1309"><net_src comp="1283" pin="4"/><net_sink comp="1305" pin=0"/></net>

<net id="1310"><net_src comp="1301" pin="1"/><net_sink comp="1305" pin=1"/></net>

<net id="1316"><net_src comp="1277" pin="2"/><net_sink comp="1311" pin=0"/></net>

<net id="1317"><net_src comp="1305" pin="2"/><net_sink comp="1311" pin=1"/></net>

<net id="1318"><net_src comp="140" pin="0"/><net_sink comp="1311" pin=2"/></net>

<net id="1323"><net_src comp="459" pin="4"/><net_sink comp="1319" pin=0"/></net>

<net id="1324"><net_src comp="132" pin="0"/><net_sink comp="1319" pin=1"/></net>

<net id="1331"><net_src comp="134" pin="0"/><net_sink comp="1325" pin=0"/></net>

<net id="1332"><net_src comp="282" pin="2"/><net_sink comp="1325" pin=1"/></net>

<net id="1333"><net_src comp="208" pin="0"/><net_sink comp="1325" pin=2"/></net>

<net id="1334"><net_src comp="210" pin="0"/><net_sink comp="1325" pin=3"/></net>

<net id="1340"><net_src comp="146" pin="0"/><net_sink comp="1335" pin=0"/></net>

<net id="1341"><net_src comp="282" pin="2"/><net_sink comp="1335" pin=1"/></net>

<net id="1342"><net_src comp="72" pin="0"/><net_sink comp="1335" pin=2"/></net>

<net id="1346"><net_src comp="1335" pin="3"/><net_sink comp="1343" pin=0"/></net>

<net id="1351"><net_src comp="1325" pin="4"/><net_sink comp="1347" pin=0"/></net>

<net id="1352"><net_src comp="1343" pin="1"/><net_sink comp="1347" pin=1"/></net>

<net id="1358"><net_src comp="1319" pin="2"/><net_sink comp="1353" pin=0"/></net>

<net id="1359"><net_src comp="1347" pin="2"/><net_sink comp="1353" pin=1"/></net>

<net id="1360"><net_src comp="140" pin="0"/><net_sink comp="1353" pin=2"/></net>

<net id="1365"><net_src comp="469" pin="4"/><net_sink comp="1361" pin=0"/></net>

<net id="1366"><net_src comp="132" pin="0"/><net_sink comp="1361" pin=1"/></net>

<net id="1373"><net_src comp="134" pin="0"/><net_sink comp="1367" pin=0"/></net>

<net id="1374"><net_src comp="282" pin="2"/><net_sink comp="1367" pin=1"/></net>

<net id="1375"><net_src comp="212" pin="0"/><net_sink comp="1367" pin=2"/></net>

<net id="1376"><net_src comp="214" pin="0"/><net_sink comp="1367" pin=3"/></net>

<net id="1382"><net_src comp="146" pin="0"/><net_sink comp="1377" pin=0"/></net>

<net id="1383"><net_src comp="282" pin="2"/><net_sink comp="1377" pin=1"/></net>

<net id="1384"><net_src comp="76" pin="0"/><net_sink comp="1377" pin=2"/></net>

<net id="1388"><net_src comp="1377" pin="3"/><net_sink comp="1385" pin=0"/></net>

<net id="1393"><net_src comp="1367" pin="4"/><net_sink comp="1389" pin=0"/></net>

<net id="1394"><net_src comp="1385" pin="1"/><net_sink comp="1389" pin=1"/></net>

<net id="1400"><net_src comp="1361" pin="2"/><net_sink comp="1395" pin=0"/></net>

<net id="1401"><net_src comp="1389" pin="2"/><net_sink comp="1395" pin=1"/></net>

<net id="1402"><net_src comp="140" pin="0"/><net_sink comp="1395" pin=2"/></net>

<net id="1407"><net_src comp="479" pin="4"/><net_sink comp="1403" pin=0"/></net>

<net id="1408"><net_src comp="132" pin="0"/><net_sink comp="1403" pin=1"/></net>

<net id="1415"><net_src comp="134" pin="0"/><net_sink comp="1409" pin=0"/></net>

<net id="1416"><net_src comp="282" pin="2"/><net_sink comp="1409" pin=1"/></net>

<net id="1417"><net_src comp="216" pin="0"/><net_sink comp="1409" pin=2"/></net>

<net id="1418"><net_src comp="218" pin="0"/><net_sink comp="1409" pin=3"/></net>

<net id="1424"><net_src comp="146" pin="0"/><net_sink comp="1419" pin=0"/></net>

<net id="1425"><net_src comp="282" pin="2"/><net_sink comp="1419" pin=1"/></net>

<net id="1426"><net_src comp="80" pin="0"/><net_sink comp="1419" pin=2"/></net>

<net id="1430"><net_src comp="1419" pin="3"/><net_sink comp="1427" pin=0"/></net>

<net id="1435"><net_src comp="1409" pin="4"/><net_sink comp="1431" pin=0"/></net>

<net id="1436"><net_src comp="1427" pin="1"/><net_sink comp="1431" pin=1"/></net>

<net id="1442"><net_src comp="1403" pin="2"/><net_sink comp="1437" pin=0"/></net>

<net id="1443"><net_src comp="1431" pin="2"/><net_sink comp="1437" pin=1"/></net>

<net id="1444"><net_src comp="140" pin="0"/><net_sink comp="1437" pin=2"/></net>

<net id="1449"><net_src comp="489" pin="4"/><net_sink comp="1445" pin=0"/></net>

<net id="1450"><net_src comp="132" pin="0"/><net_sink comp="1445" pin=1"/></net>

<net id="1457"><net_src comp="134" pin="0"/><net_sink comp="1451" pin=0"/></net>

<net id="1458"><net_src comp="282" pin="2"/><net_sink comp="1451" pin=1"/></net>

<net id="1459"><net_src comp="220" pin="0"/><net_sink comp="1451" pin=2"/></net>

<net id="1460"><net_src comp="222" pin="0"/><net_sink comp="1451" pin=3"/></net>

<net id="1466"><net_src comp="146" pin="0"/><net_sink comp="1461" pin=0"/></net>

<net id="1467"><net_src comp="282" pin="2"/><net_sink comp="1461" pin=1"/></net>

<net id="1468"><net_src comp="84" pin="0"/><net_sink comp="1461" pin=2"/></net>

<net id="1472"><net_src comp="1461" pin="3"/><net_sink comp="1469" pin=0"/></net>

<net id="1477"><net_src comp="1451" pin="4"/><net_sink comp="1473" pin=0"/></net>

<net id="1478"><net_src comp="1469" pin="1"/><net_sink comp="1473" pin=1"/></net>

<net id="1484"><net_src comp="1445" pin="2"/><net_sink comp="1479" pin=0"/></net>

<net id="1485"><net_src comp="1473" pin="2"/><net_sink comp="1479" pin=1"/></net>

<net id="1486"><net_src comp="140" pin="0"/><net_sink comp="1479" pin=2"/></net>

<net id="1491"><net_src comp="499" pin="4"/><net_sink comp="1487" pin=0"/></net>

<net id="1492"><net_src comp="132" pin="0"/><net_sink comp="1487" pin=1"/></net>

<net id="1499"><net_src comp="134" pin="0"/><net_sink comp="1493" pin=0"/></net>

<net id="1500"><net_src comp="282" pin="2"/><net_sink comp="1493" pin=1"/></net>

<net id="1501"><net_src comp="224" pin="0"/><net_sink comp="1493" pin=2"/></net>

<net id="1502"><net_src comp="226" pin="0"/><net_sink comp="1493" pin=3"/></net>

<net id="1508"><net_src comp="146" pin="0"/><net_sink comp="1503" pin=0"/></net>

<net id="1509"><net_src comp="282" pin="2"/><net_sink comp="1503" pin=1"/></net>

<net id="1510"><net_src comp="88" pin="0"/><net_sink comp="1503" pin=2"/></net>

<net id="1514"><net_src comp="1503" pin="3"/><net_sink comp="1511" pin=0"/></net>

<net id="1519"><net_src comp="1493" pin="4"/><net_sink comp="1515" pin=0"/></net>

<net id="1520"><net_src comp="1511" pin="1"/><net_sink comp="1515" pin=1"/></net>

<net id="1526"><net_src comp="1487" pin="2"/><net_sink comp="1521" pin=0"/></net>

<net id="1527"><net_src comp="1515" pin="2"/><net_sink comp="1521" pin=1"/></net>

<net id="1528"><net_src comp="140" pin="0"/><net_sink comp="1521" pin=2"/></net>

<net id="1533"><net_src comp="509" pin="4"/><net_sink comp="1529" pin=0"/></net>

<net id="1534"><net_src comp="132" pin="0"/><net_sink comp="1529" pin=1"/></net>

<net id="1541"><net_src comp="134" pin="0"/><net_sink comp="1535" pin=0"/></net>

<net id="1542"><net_src comp="282" pin="2"/><net_sink comp="1535" pin=1"/></net>

<net id="1543"><net_src comp="228" pin="0"/><net_sink comp="1535" pin=2"/></net>

<net id="1544"><net_src comp="230" pin="0"/><net_sink comp="1535" pin=3"/></net>

<net id="1550"><net_src comp="146" pin="0"/><net_sink comp="1545" pin=0"/></net>

<net id="1551"><net_src comp="282" pin="2"/><net_sink comp="1545" pin=1"/></net>

<net id="1552"><net_src comp="92" pin="0"/><net_sink comp="1545" pin=2"/></net>

<net id="1556"><net_src comp="1545" pin="3"/><net_sink comp="1553" pin=0"/></net>

<net id="1561"><net_src comp="1535" pin="4"/><net_sink comp="1557" pin=0"/></net>

<net id="1562"><net_src comp="1553" pin="1"/><net_sink comp="1557" pin=1"/></net>

<net id="1568"><net_src comp="1529" pin="2"/><net_sink comp="1563" pin=0"/></net>

<net id="1569"><net_src comp="1557" pin="2"/><net_sink comp="1563" pin=1"/></net>

<net id="1570"><net_src comp="140" pin="0"/><net_sink comp="1563" pin=2"/></net>

<net id="1575"><net_src comp="519" pin="4"/><net_sink comp="1571" pin=0"/></net>

<net id="1576"><net_src comp="132" pin="0"/><net_sink comp="1571" pin=1"/></net>

<net id="1583"><net_src comp="134" pin="0"/><net_sink comp="1577" pin=0"/></net>

<net id="1584"><net_src comp="282" pin="2"/><net_sink comp="1577" pin=1"/></net>

<net id="1585"><net_src comp="232" pin="0"/><net_sink comp="1577" pin=2"/></net>

<net id="1586"><net_src comp="234" pin="0"/><net_sink comp="1577" pin=3"/></net>

<net id="1592"><net_src comp="146" pin="0"/><net_sink comp="1587" pin=0"/></net>

<net id="1593"><net_src comp="282" pin="2"/><net_sink comp="1587" pin=1"/></net>

<net id="1594"><net_src comp="96" pin="0"/><net_sink comp="1587" pin=2"/></net>

<net id="1598"><net_src comp="1587" pin="3"/><net_sink comp="1595" pin=0"/></net>

<net id="1603"><net_src comp="1577" pin="4"/><net_sink comp="1599" pin=0"/></net>

<net id="1604"><net_src comp="1595" pin="1"/><net_sink comp="1599" pin=1"/></net>

<net id="1610"><net_src comp="1571" pin="2"/><net_sink comp="1605" pin=0"/></net>

<net id="1611"><net_src comp="1599" pin="2"/><net_sink comp="1605" pin=1"/></net>

<net id="1612"><net_src comp="140" pin="0"/><net_sink comp="1605" pin=2"/></net>

<net id="1617"><net_src comp="529" pin="4"/><net_sink comp="1613" pin=0"/></net>

<net id="1618"><net_src comp="132" pin="0"/><net_sink comp="1613" pin=1"/></net>

<net id="1625"><net_src comp="134" pin="0"/><net_sink comp="1619" pin=0"/></net>

<net id="1626"><net_src comp="282" pin="2"/><net_sink comp="1619" pin=1"/></net>

<net id="1627"><net_src comp="236" pin="0"/><net_sink comp="1619" pin=2"/></net>

<net id="1628"><net_src comp="238" pin="0"/><net_sink comp="1619" pin=3"/></net>

<net id="1634"><net_src comp="146" pin="0"/><net_sink comp="1629" pin=0"/></net>

<net id="1635"><net_src comp="282" pin="2"/><net_sink comp="1629" pin=1"/></net>

<net id="1636"><net_src comp="100" pin="0"/><net_sink comp="1629" pin=2"/></net>

<net id="1640"><net_src comp="1629" pin="3"/><net_sink comp="1637" pin=0"/></net>

<net id="1645"><net_src comp="1619" pin="4"/><net_sink comp="1641" pin=0"/></net>

<net id="1646"><net_src comp="1637" pin="1"/><net_sink comp="1641" pin=1"/></net>

<net id="1652"><net_src comp="1613" pin="2"/><net_sink comp="1647" pin=0"/></net>

<net id="1653"><net_src comp="1641" pin="2"/><net_sink comp="1647" pin=1"/></net>

<net id="1654"><net_src comp="140" pin="0"/><net_sink comp="1647" pin=2"/></net>

<net id="1659"><net_src comp="539" pin="4"/><net_sink comp="1655" pin=0"/></net>

<net id="1660"><net_src comp="132" pin="0"/><net_sink comp="1655" pin=1"/></net>

<net id="1667"><net_src comp="134" pin="0"/><net_sink comp="1661" pin=0"/></net>

<net id="1668"><net_src comp="282" pin="2"/><net_sink comp="1661" pin=1"/></net>

<net id="1669"><net_src comp="240" pin="0"/><net_sink comp="1661" pin=2"/></net>

<net id="1670"><net_src comp="242" pin="0"/><net_sink comp="1661" pin=3"/></net>

<net id="1676"><net_src comp="146" pin="0"/><net_sink comp="1671" pin=0"/></net>

<net id="1677"><net_src comp="282" pin="2"/><net_sink comp="1671" pin=1"/></net>

<net id="1678"><net_src comp="104" pin="0"/><net_sink comp="1671" pin=2"/></net>

<net id="1682"><net_src comp="1671" pin="3"/><net_sink comp="1679" pin=0"/></net>

<net id="1687"><net_src comp="1661" pin="4"/><net_sink comp="1683" pin=0"/></net>

<net id="1688"><net_src comp="1679" pin="1"/><net_sink comp="1683" pin=1"/></net>

<net id="1694"><net_src comp="1655" pin="2"/><net_sink comp="1689" pin=0"/></net>

<net id="1695"><net_src comp="1683" pin="2"/><net_sink comp="1689" pin=1"/></net>

<net id="1696"><net_src comp="140" pin="0"/><net_sink comp="1689" pin=2"/></net>

<net id="1701"><net_src comp="549" pin="4"/><net_sink comp="1697" pin=0"/></net>

<net id="1702"><net_src comp="132" pin="0"/><net_sink comp="1697" pin=1"/></net>

<net id="1709"><net_src comp="134" pin="0"/><net_sink comp="1703" pin=0"/></net>

<net id="1710"><net_src comp="282" pin="2"/><net_sink comp="1703" pin=1"/></net>

<net id="1711"><net_src comp="244" pin="0"/><net_sink comp="1703" pin=2"/></net>

<net id="1712"><net_src comp="246" pin="0"/><net_sink comp="1703" pin=3"/></net>

<net id="1718"><net_src comp="146" pin="0"/><net_sink comp="1713" pin=0"/></net>

<net id="1719"><net_src comp="282" pin="2"/><net_sink comp="1713" pin=1"/></net>

<net id="1720"><net_src comp="108" pin="0"/><net_sink comp="1713" pin=2"/></net>

<net id="1724"><net_src comp="1713" pin="3"/><net_sink comp="1721" pin=0"/></net>

<net id="1729"><net_src comp="1703" pin="4"/><net_sink comp="1725" pin=0"/></net>

<net id="1730"><net_src comp="1721" pin="1"/><net_sink comp="1725" pin=1"/></net>

<net id="1736"><net_src comp="1697" pin="2"/><net_sink comp="1731" pin=0"/></net>

<net id="1737"><net_src comp="1725" pin="2"/><net_sink comp="1731" pin=1"/></net>

<net id="1738"><net_src comp="140" pin="0"/><net_sink comp="1731" pin=2"/></net>

<net id="1743"><net_src comp="559" pin="4"/><net_sink comp="1739" pin=0"/></net>

<net id="1744"><net_src comp="132" pin="0"/><net_sink comp="1739" pin=1"/></net>

<net id="1751"><net_src comp="134" pin="0"/><net_sink comp="1745" pin=0"/></net>

<net id="1752"><net_src comp="282" pin="2"/><net_sink comp="1745" pin=1"/></net>

<net id="1753"><net_src comp="248" pin="0"/><net_sink comp="1745" pin=2"/></net>

<net id="1754"><net_src comp="250" pin="0"/><net_sink comp="1745" pin=3"/></net>

<net id="1760"><net_src comp="146" pin="0"/><net_sink comp="1755" pin=0"/></net>

<net id="1761"><net_src comp="282" pin="2"/><net_sink comp="1755" pin=1"/></net>

<net id="1762"><net_src comp="112" pin="0"/><net_sink comp="1755" pin=2"/></net>

<net id="1766"><net_src comp="1755" pin="3"/><net_sink comp="1763" pin=0"/></net>

<net id="1771"><net_src comp="1745" pin="4"/><net_sink comp="1767" pin=0"/></net>

<net id="1772"><net_src comp="1763" pin="1"/><net_sink comp="1767" pin=1"/></net>

<net id="1778"><net_src comp="1739" pin="2"/><net_sink comp="1773" pin=0"/></net>

<net id="1779"><net_src comp="1767" pin="2"/><net_sink comp="1773" pin=1"/></net>

<net id="1780"><net_src comp="140" pin="0"/><net_sink comp="1773" pin=2"/></net>

<net id="1785"><net_src comp="569" pin="4"/><net_sink comp="1781" pin=0"/></net>

<net id="1786"><net_src comp="132" pin="0"/><net_sink comp="1781" pin=1"/></net>

<net id="1793"><net_src comp="134" pin="0"/><net_sink comp="1787" pin=0"/></net>

<net id="1794"><net_src comp="282" pin="2"/><net_sink comp="1787" pin=1"/></net>

<net id="1795"><net_src comp="252" pin="0"/><net_sink comp="1787" pin=2"/></net>

<net id="1796"><net_src comp="254" pin="0"/><net_sink comp="1787" pin=3"/></net>

<net id="1802"><net_src comp="146" pin="0"/><net_sink comp="1797" pin=0"/></net>

<net id="1803"><net_src comp="282" pin="2"/><net_sink comp="1797" pin=1"/></net>

<net id="1804"><net_src comp="116" pin="0"/><net_sink comp="1797" pin=2"/></net>

<net id="1808"><net_src comp="1797" pin="3"/><net_sink comp="1805" pin=0"/></net>

<net id="1813"><net_src comp="1787" pin="4"/><net_sink comp="1809" pin=0"/></net>

<net id="1814"><net_src comp="1805" pin="1"/><net_sink comp="1809" pin=1"/></net>

<net id="1820"><net_src comp="1781" pin="2"/><net_sink comp="1815" pin=0"/></net>

<net id="1821"><net_src comp="1809" pin="2"/><net_sink comp="1815" pin=1"/></net>

<net id="1822"><net_src comp="140" pin="0"/><net_sink comp="1815" pin=2"/></net>

<net id="1827"><net_src comp="579" pin="4"/><net_sink comp="1823" pin=0"/></net>

<net id="1828"><net_src comp="132" pin="0"/><net_sink comp="1823" pin=1"/></net>

<net id="1835"><net_src comp="134" pin="0"/><net_sink comp="1829" pin=0"/></net>

<net id="1836"><net_src comp="282" pin="2"/><net_sink comp="1829" pin=1"/></net>

<net id="1837"><net_src comp="256" pin="0"/><net_sink comp="1829" pin=2"/></net>

<net id="1838"><net_src comp="258" pin="0"/><net_sink comp="1829" pin=3"/></net>

<net id="1844"><net_src comp="146" pin="0"/><net_sink comp="1839" pin=0"/></net>

<net id="1845"><net_src comp="282" pin="2"/><net_sink comp="1839" pin=1"/></net>

<net id="1846"><net_src comp="120" pin="0"/><net_sink comp="1839" pin=2"/></net>

<net id="1850"><net_src comp="1839" pin="3"/><net_sink comp="1847" pin=0"/></net>

<net id="1855"><net_src comp="1829" pin="4"/><net_sink comp="1851" pin=0"/></net>

<net id="1856"><net_src comp="1847" pin="1"/><net_sink comp="1851" pin=1"/></net>

<net id="1862"><net_src comp="1823" pin="2"/><net_sink comp="1857" pin=0"/></net>

<net id="1863"><net_src comp="1851" pin="2"/><net_sink comp="1857" pin=1"/></net>

<net id="1864"><net_src comp="140" pin="0"/><net_sink comp="1857" pin=2"/></net>

<net id="1869"><net_src comp="589" pin="4"/><net_sink comp="1865" pin=0"/></net>

<net id="1870"><net_src comp="132" pin="0"/><net_sink comp="1865" pin=1"/></net>

<net id="1877"><net_src comp="134" pin="0"/><net_sink comp="1871" pin=0"/></net>

<net id="1878"><net_src comp="282" pin="2"/><net_sink comp="1871" pin=1"/></net>

<net id="1879"><net_src comp="260" pin="0"/><net_sink comp="1871" pin=2"/></net>

<net id="1880"><net_src comp="262" pin="0"/><net_sink comp="1871" pin=3"/></net>

<net id="1886"><net_src comp="146" pin="0"/><net_sink comp="1881" pin=0"/></net>

<net id="1887"><net_src comp="282" pin="2"/><net_sink comp="1881" pin=1"/></net>

<net id="1888"><net_src comp="124" pin="0"/><net_sink comp="1881" pin=2"/></net>

<net id="1892"><net_src comp="1881" pin="3"/><net_sink comp="1889" pin=0"/></net>

<net id="1897"><net_src comp="1871" pin="4"/><net_sink comp="1893" pin=0"/></net>

<net id="1898"><net_src comp="1889" pin="1"/><net_sink comp="1893" pin=1"/></net>

<net id="1904"><net_src comp="1865" pin="2"/><net_sink comp="1899" pin=0"/></net>

<net id="1905"><net_src comp="1893" pin="2"/><net_sink comp="1899" pin=1"/></net>

<net id="1906"><net_src comp="140" pin="0"/><net_sink comp="1899" pin=2"/></net>

<net id="1911"><net_src comp="599" pin="4"/><net_sink comp="1907" pin=0"/></net>

<net id="1912"><net_src comp="132" pin="0"/><net_sink comp="1907" pin=1"/></net>

<net id="1919"><net_src comp="134" pin="0"/><net_sink comp="1913" pin=0"/></net>

<net id="1920"><net_src comp="282" pin="2"/><net_sink comp="1913" pin=1"/></net>

<net id="1921"><net_src comp="264" pin="0"/><net_sink comp="1913" pin=2"/></net>

<net id="1922"><net_src comp="266" pin="0"/><net_sink comp="1913" pin=3"/></net>

<net id="1928"><net_src comp="146" pin="0"/><net_sink comp="1923" pin=0"/></net>

<net id="1929"><net_src comp="282" pin="2"/><net_sink comp="1923" pin=1"/></net>

<net id="1930"><net_src comp="128" pin="0"/><net_sink comp="1923" pin=2"/></net>

<net id="1934"><net_src comp="1923" pin="3"/><net_sink comp="1931" pin=0"/></net>

<net id="1939"><net_src comp="1913" pin="4"/><net_sink comp="1935" pin=0"/></net>

<net id="1940"><net_src comp="1931" pin="1"/><net_sink comp="1935" pin=1"/></net>

<net id="1946"><net_src comp="1907" pin="2"/><net_sink comp="1941" pin=0"/></net>

<net id="1947"><net_src comp="1935" pin="2"/><net_sink comp="1941" pin=1"/></net>

<net id="1948"><net_src comp="140" pin="0"/><net_sink comp="1941" pin=2"/></net>

<net id="1984"><net_src comp="278" pin="0"/><net_sink comp="1949" pin=0"/></net>

<net id="1985"><net_src comp="1949" pin="33"/><net_sink comp="288" pin=2"/></net>

<net id="1989"><net_src comp="639" pin="3"/><net_sink comp="1986" pin=0"/></net>

<net id="1990"><net_src comp="1986" pin="1"/><net_sink comp="1949" pin=32"/></net>

<net id="1994"><net_src comp="681" pin="3"/><net_sink comp="1991" pin=0"/></net>

<net id="1995"><net_src comp="1991" pin="1"/><net_sink comp="1949" pin=31"/></net>

<net id="1999"><net_src comp="723" pin="3"/><net_sink comp="1996" pin=0"/></net>

<net id="2000"><net_src comp="1996" pin="1"/><net_sink comp="1949" pin=30"/></net>

<net id="2004"><net_src comp="765" pin="3"/><net_sink comp="2001" pin=0"/></net>

<net id="2005"><net_src comp="2001" pin="1"/><net_sink comp="1949" pin=29"/></net>

<net id="2009"><net_src comp="807" pin="3"/><net_sink comp="2006" pin=0"/></net>

<net id="2010"><net_src comp="2006" pin="1"/><net_sink comp="1949" pin=28"/></net>

<net id="2014"><net_src comp="849" pin="3"/><net_sink comp="2011" pin=0"/></net>

<net id="2015"><net_src comp="2011" pin="1"/><net_sink comp="1949" pin=27"/></net>

<net id="2019"><net_src comp="891" pin="3"/><net_sink comp="2016" pin=0"/></net>

<net id="2020"><net_src comp="2016" pin="1"/><net_sink comp="1949" pin=26"/></net>

<net id="2024"><net_src comp="933" pin="3"/><net_sink comp="2021" pin=0"/></net>

<net id="2025"><net_src comp="2021" pin="1"/><net_sink comp="1949" pin=25"/></net>

<net id="2029"><net_src comp="975" pin="3"/><net_sink comp="2026" pin=0"/></net>

<net id="2030"><net_src comp="2026" pin="1"/><net_sink comp="1949" pin=24"/></net>

<net id="2034"><net_src comp="1017" pin="3"/><net_sink comp="2031" pin=0"/></net>

<net id="2035"><net_src comp="2031" pin="1"/><net_sink comp="1949" pin=23"/></net>

<net id="2039"><net_src comp="1059" pin="3"/><net_sink comp="2036" pin=0"/></net>

<net id="2040"><net_src comp="2036" pin="1"/><net_sink comp="1949" pin=22"/></net>

<net id="2044"><net_src comp="1101" pin="3"/><net_sink comp="2041" pin=0"/></net>

<net id="2045"><net_src comp="2041" pin="1"/><net_sink comp="1949" pin=21"/></net>

<net id="2049"><net_src comp="1143" pin="3"/><net_sink comp="2046" pin=0"/></net>

<net id="2050"><net_src comp="2046" pin="1"/><net_sink comp="1949" pin=20"/></net>

<net id="2054"><net_src comp="1185" pin="3"/><net_sink comp="2051" pin=0"/></net>

<net id="2055"><net_src comp="2051" pin="1"/><net_sink comp="1949" pin=19"/></net>

<net id="2059"><net_src comp="1227" pin="3"/><net_sink comp="2056" pin=0"/></net>

<net id="2060"><net_src comp="2056" pin="1"/><net_sink comp="1949" pin=18"/></net>

<net id="2064"><net_src comp="1269" pin="3"/><net_sink comp="2061" pin=0"/></net>

<net id="2065"><net_src comp="2061" pin="1"/><net_sink comp="1949" pin=17"/></net>

<net id="2069"><net_src comp="1311" pin="3"/><net_sink comp="2066" pin=0"/></net>

<net id="2070"><net_src comp="2066" pin="1"/><net_sink comp="1949" pin=16"/></net>

<net id="2074"><net_src comp="1353" pin="3"/><net_sink comp="2071" pin=0"/></net>

<net id="2075"><net_src comp="2071" pin="1"/><net_sink comp="1949" pin=15"/></net>

<net id="2079"><net_src comp="1395" pin="3"/><net_sink comp="2076" pin=0"/></net>

<net id="2080"><net_src comp="2076" pin="1"/><net_sink comp="1949" pin=14"/></net>

<net id="2084"><net_src comp="1437" pin="3"/><net_sink comp="2081" pin=0"/></net>

<net id="2085"><net_src comp="2081" pin="1"/><net_sink comp="1949" pin=13"/></net>

<net id="2089"><net_src comp="1479" pin="3"/><net_sink comp="2086" pin=0"/></net>

<net id="2090"><net_src comp="2086" pin="1"/><net_sink comp="1949" pin=12"/></net>

<net id="2094"><net_src comp="1521" pin="3"/><net_sink comp="2091" pin=0"/></net>

<net id="2095"><net_src comp="2091" pin="1"/><net_sink comp="1949" pin=11"/></net>

<net id="2099"><net_src comp="1563" pin="3"/><net_sink comp="2096" pin=0"/></net>

<net id="2100"><net_src comp="2096" pin="1"/><net_sink comp="1949" pin=10"/></net>

<net id="2104"><net_src comp="1605" pin="3"/><net_sink comp="2101" pin=0"/></net>

<net id="2105"><net_src comp="2101" pin="1"/><net_sink comp="1949" pin=9"/></net>

<net id="2109"><net_src comp="1647" pin="3"/><net_sink comp="2106" pin=0"/></net>

<net id="2110"><net_src comp="2106" pin="1"/><net_sink comp="1949" pin=8"/></net>

<net id="2114"><net_src comp="1689" pin="3"/><net_sink comp="2111" pin=0"/></net>

<net id="2115"><net_src comp="2111" pin="1"/><net_sink comp="1949" pin=7"/></net>

<net id="2119"><net_src comp="1731" pin="3"/><net_sink comp="2116" pin=0"/></net>

<net id="2120"><net_src comp="2116" pin="1"/><net_sink comp="1949" pin=6"/></net>

<net id="2124"><net_src comp="1773" pin="3"/><net_sink comp="2121" pin=0"/></net>

<net id="2125"><net_src comp="2121" pin="1"/><net_sink comp="1949" pin=5"/></net>

<net id="2129"><net_src comp="1815" pin="3"/><net_sink comp="2126" pin=0"/></net>

<net id="2130"><net_src comp="2126" pin="1"/><net_sink comp="1949" pin=4"/></net>

<net id="2134"><net_src comp="1857" pin="3"/><net_sink comp="2131" pin=0"/></net>

<net id="2135"><net_src comp="2131" pin="1"/><net_sink comp="1949" pin=3"/></net>

<net id="2139"><net_src comp="1899" pin="3"/><net_sink comp="2136" pin=0"/></net>

<net id="2140"><net_src comp="2136" pin="1"/><net_sink comp="1949" pin=2"/></net>

<net id="2144"><net_src comp="1941" pin="3"/><net_sink comp="2141" pin=0"/></net>

<net id="2145"><net_src comp="2141" pin="1"/><net_sink comp="1949" pin=1"/></net>

</net_list>

</model> 
---------------- Datapath Model END ------------------

* FSMD analyzer results:
  - Output states:
	Port: layer7_out | {2 }
 - Input state : 
	Port: relu<array<ap_fixed,32u>,array<ap_ufixed<8,6,0,3,0>,32u>,relu_config7> : layer6_out | {1 }
  - Chain level:
	State 1
		icmp_ln51 : 1
		zext_ln52 : 1
		add_ln52 : 2
		out_data_0_0_0_0_0_load : 3
		icmp_ln51_1 : 1
		zext_ln52_1 : 1
		add_ln52_1 : 2
		out_data_0_1_0_0_0_load : 3
		icmp_ln51_2 : 1
		zext_ln52_2 : 1
		add_ln52_2 : 2
		out_data_0_2_0_0_0_load : 3
		icmp_ln51_3 : 1
		zext_ln52_3 : 1
		add_ln52_3 : 2
		out_data_0_3_0_0_0_load : 3
		icmp_ln51_4 : 1
		zext_ln52_4 : 1
		add_ln52_4 : 2
		out_data_0_4_0_0_0_load : 3
		icmp_ln51_5 : 1
		zext_ln52_5 : 1
		add_ln52_5 : 2
		out_data_0_5_0_0_0_load : 3
		icmp_ln51_6 : 1
		zext_ln52_6 : 1
		add_ln52_6 : 2
		out_data_0_6_0_0_0_load : 3
		icmp_ln51_7 : 1
		zext_ln52_7 : 1
		add_ln52_7 : 2
		out_data_0_7_0_0_0_load : 3
		icmp_ln51_8 : 1
		zext_ln52_8 : 1
		add_ln52_8 : 2
		out_data_0_8_0_0_0_load : 3
		icmp_ln51_9 : 1
		zext_ln52_9 : 1
		add_ln52_9 : 2
		out_data_0_9_0_0_0_load : 3
		icmp_ln51_10 : 1
		zext_ln52_10 : 1
		add_ln52_10 : 2
		out_data_0_10_0_0_0_load : 3
		icmp_ln51_11 : 1
		zext_ln52_11 : 1
		add_ln52_11 : 2
		out_data_0_11_0_0_0_load : 3
		icmp_ln51_12 : 1
		zext_ln52_12 : 1
		add_ln52_12 : 2
		out_data_0_12_0_0_0_load : 3
		icmp_ln51_13 : 1
		zext_ln52_13 : 1
		add_ln52_13 : 2
		out_data_0_13_0_0_0_load : 3
		icmp_ln51_14 : 1
		zext_ln52_14 : 1
		add_ln52_14 : 2
		out_data_0_14_0_0_0_load : 3
		icmp_ln51_15 : 1
		zext_ln52_15 : 1
		add_ln52_15 : 2
		out_data_0_15_0_0_0_load : 3
		icmp_ln51_16 : 1
		zext_ln52_16 : 1
		add_ln52_16 : 2
		out_data_0_16_0_0_0_load : 3
		icmp_ln51_17 : 1
		zext_ln52_17 : 1
		add_ln52_17 : 2
		out_data_0_17_0_0_0_load : 3
		icmp_ln51_18 : 1
		zext_ln52_18 : 1
		add_ln52_18 : 2
		out_data_0_18_0_0_0_load : 3
		icmp_ln51_19 : 1
		zext_ln52_19 : 1
		add_ln52_19 : 2
		out_data_0_19_0_0_0_load : 3
		icmp_ln51_20 : 1
		zext_ln52_20 : 1
		add_ln52_20 : 2
		out_data_0_20_0_0_0_load : 3
		icmp_ln51_21 : 1
		zext_ln52_21 : 1
		add_ln52_21 : 2
		out_data_0_21_0_0_0_load : 3
		icmp_ln51_22 : 1
		zext_ln52_22 : 1
		add_ln52_22 : 2
		out_data_0_22_0_0_0_load : 3
		icmp_ln51_23 : 1
		zext_ln52_23 : 1
		add_ln52_23 : 2
		out_data_0_23_0_0_0_load : 3
		icmp_ln51_24 : 1
		zext_ln52_24 : 1
		add_ln52_24 : 2
		out_data_0_24_0_0_0_load : 3
		icmp_ln51_25 : 1
		zext_ln52_25 : 1
		add_ln52_25 : 2
		out_data_0_25_0_0_0_load : 3
		icmp_ln51_26 : 1
		zext_ln52_26 : 1
		add_ln52_26 : 2
		out_data_0_26_0_0_0_load : 3
		icmp_ln51_27 : 1
		zext_ln52_27 : 1
		add_ln52_27 : 2
		out_data_0_27_0_0_0_load : 3
		icmp_ln51_28 : 1
		zext_ln52_28 : 1
		add_ln52_28 : 2
		out_data_0_28_0_0_0_load : 3
		icmp_ln51_29 : 1
		zext_ln52_29 : 1
		add_ln52_29 : 2
		out_data_0_29_0_0_0_load : 3
		icmp_ln51_30 : 1
		zext_ln52_30 : 1
		add_ln52_30 : 2
		out_data_0_30_0_0_0_load : 3
		icmp_ln51_31 : 1
		zext_ln52_31 : 1
		add_ln52_31 : 2
		storemerge210 : 3
	State 2
		write_ln57 : 1


============================================================
+ Verbose Summary: Datapath Resource usage 
============================================================

* Functional unit list:
|----------|----------------------------------|---------|---------|
| Operation|          Functional Unit         |    FF   |   LUT   |
|----------|----------------------------------|---------|---------|
|          |         icmp_ln51_fu_609         |    0    |    23   |
|          |        icmp_ln51_1_fu_647        |    0    |    23   |
|          |        icmp_ln51_2_fu_689        |    0    |    23   |
|          |        icmp_ln51_3_fu_731        |    0    |    23   |
|          |        icmp_ln51_4_fu_773        |    0    |    23   |
|          |        icmp_ln51_5_fu_815        |    0    |    23   |
|          |        icmp_ln51_6_fu_857        |    0    |    23   |
|          |        icmp_ln51_7_fu_899        |    0    |    23   |
|          |        icmp_ln51_8_fu_941        |    0    |    23   |
|          |        icmp_ln51_9_fu_983        |    0    |    23   |
|          |       icmp_ln51_10_fu_1025       |    0    |    23   |
|          |       icmp_ln51_11_fu_1067       |    0    |    23   |
|          |       icmp_ln51_12_fu_1109       |    0    |    23   |
|          |       icmp_ln51_13_fu_1151       |    0    |    23   |
|          |       icmp_ln51_14_fu_1193       |    0    |    23   |
|   icmp   |       icmp_ln51_15_fu_1235       |    0    |    23   |
|          |       icmp_ln51_16_fu_1277       |    0    |    23   |
|          |       icmp_ln51_17_fu_1319       |    0    |    23   |
|          |       icmp_ln51_18_fu_1361       |    0    |    23   |
|          |       icmp_ln51_19_fu_1403       |    0    |    23   |
|          |       icmp_ln51_20_fu_1445       |    0    |    23   |
|          |       icmp_ln51_21_fu_1487       |    0    |    23   |
|          |       icmp_ln51_22_fu_1529       |    0    |    23   |
|          |       icmp_ln51_23_fu_1571       |    0    |    23   |
|          |       icmp_ln51_24_fu_1613       |    0    |    23   |
|          |       icmp_ln51_25_fu_1655       |    0    |    23   |
|          |       icmp_ln51_26_fu_1697       |    0    |    23   |
|          |       icmp_ln51_27_fu_1739       |    0    |    23   |
|          |       icmp_ln51_28_fu_1781       |    0    |    23   |
|          |       icmp_ln51_29_fu_1823       |    0    |    23   |
|          |       icmp_ln51_30_fu_1865       |    0    |    23   |
|          |       icmp_ln51_31_fu_1907       |    0    |    23   |
|----------|----------------------------------|---------|---------|
|          |          add_ln52_fu_633         |    0    |    15   |
|          |         add_ln52_1_fu_675        |    0    |    15   |
|          |         add_ln52_2_fu_717        |    0    |    15   |
|          |         add_ln52_3_fu_759        |    0    |    15   |
|          |         add_ln52_4_fu_801        |    0    |    15   |
|          |         add_ln52_5_fu_843        |    0    |    15   |
|          |         add_ln52_6_fu_885        |    0    |    15   |
|          |         add_ln52_7_fu_927        |    0    |    15   |
|          |         add_ln52_8_fu_969        |    0    |    15   |
|          |        add_ln52_9_fu_1011        |    0    |    15   |
|          |        add_ln52_10_fu_1053       |    0    |    15   |
|          |        add_ln52_11_fu_1095       |    0    |    15   |
|          |        add_ln52_12_fu_1137       |    0    |    15   |
|          |        add_ln52_13_fu_1179       |    0    |    15   |
|          |        add_ln52_14_fu_1221       |    0    |    15   |
|    add   |        add_ln52_15_fu_1263       |    0    |    15   |
|          |        add_ln52_16_fu_1305       |    0    |    15   |
|          |        add_ln52_17_fu_1347       |    0    |    15   |
|          |        add_ln52_18_fu_1389       |    0    |    15   |
|          |        add_ln52_19_fu_1431       |    0    |    15   |
|          |        add_ln52_20_fu_1473       |    0    |    15   |
|          |        add_ln52_21_fu_1515       |    0    |    15   |
|          |        add_ln52_22_fu_1557       |    0    |    15   |
|          |        add_ln52_23_fu_1599       |    0    |    15   |
|          |        add_ln52_24_fu_1641       |    0    |    15   |
|          |        add_ln52_25_fu_1683       |    0    |    15   |
|          |        add_ln52_26_fu_1725       |    0    |    15   |
|          |        add_ln52_27_fu_1767       |    0    |    15   |
|          |        add_ln52_28_fu_1809       |    0    |    15   |
|          |        add_ln52_29_fu_1851       |    0    |    15   |
|          |        add_ln52_30_fu_1893       |    0    |    15   |
|          |        add_ln52_31_fu_1935       |    0    |    15   |
|----------|----------------------------------|---------|---------|
|          |  out_data_0_0_0_0_0_load_fu_639  |    0    |    8    |
|          |  out_data_0_1_0_0_0_load_fu_681  |    0    |    8    |
|          |  out_data_0_2_0_0_0_load_fu_723  |    0    |    8    |
|          |  out_data_0_3_0_0_0_load_fu_765  |    0    |    8    |
|          |  out_data_0_4_0_0_0_load_fu_807  |    0    |    8    |
|          |  out_data_0_5_0_0_0_load_fu_849  |    0    |    8    |
|          |  out_data_0_6_0_0_0_load_fu_891  |    0    |    8    |
|          |  out_data_0_7_0_0_0_load_fu_933  |    0    |    8    |
|          |  out_data_0_8_0_0_0_load_fu_975  |    0    |    8    |
|          |  out_data_0_9_0_0_0_load_fu_1017 |    0    |    8    |
|          | out_data_0_10_0_0_0_load_fu_1059 |    0    |    8    |
|          | out_data_0_11_0_0_0_load_fu_1101 |    0    |    8    |
|          | out_data_0_12_0_0_0_load_fu_1143 |    0    |    8    |
|          | out_data_0_13_0_0_0_load_fu_1185 |    0    |    8    |
|          | out_data_0_14_0_0_0_load_fu_1227 |    0    |    8    |
|  select  | out_data_0_15_0_0_0_load_fu_1269 |    0    |    8    |
|          | out_data_0_16_0_0_0_load_fu_1311 |    0    |    8    |
|          | out_data_0_17_0_0_0_load_fu_1353 |    0    |    8    |
|          | out_data_0_18_0_0_0_load_fu_1395 |    0    |    8    |
|          | out_data_0_19_0_0_0_load_fu_1437 |    0    |    8    |
|          | out_data_0_20_0_0_0_load_fu_1479 |    0    |    8    |
|          | out_data_0_21_0_0_0_load_fu_1521 |    0    |    8    |
|          | out_data_0_22_0_0_0_load_fu_1563 |    0    |    8    |
|          | out_data_0_23_0_0_0_load_fu_1605 |    0    |    8    |
|          | out_data_0_24_0_0_0_load_fu_1647 |    0    |    8    |
|          | out_data_0_25_0_0_0_load_fu_1689 |    0    |    8    |
|          | out_data_0_26_0_0_0_load_fu_1731 |    0    |    8    |
|          | out_data_0_27_0_0_0_load_fu_1773 |    0    |    8    |
|          | out_data_0_28_0_0_0_load_fu_1815 |    0    |    8    |
|          | out_data_0_29_0_0_0_load_fu_1857 |    0    |    8    |
|          | out_data_0_30_0_0_0_load_fu_1899 |    0    |    8    |
|          |       storemerge210_fu_1941      |    0    |    8    |
|----------|----------------------------------|---------|---------|
|   read   |    layer6_out_read_read_fu_282   |    0    |    0    |
|----------|----------------------------------|---------|---------|
|   write  |      write_ln57_write_fu_288     |    0    |    0    |
|----------|----------------------------------|---------|---------|
|   trunc  |         trunc_ln44_fu_295        |    0    |    0    |
|          |         trunc_ln52_fu_625        |    0    |    0    |
|----------|----------------------------------|---------|---------|
|          |        trunc_ln44_1_fu_299       |    0    |    0    |
|          |        trunc_ln44_2_fu_309       |    0    |    0    |
|          |        trunc_ln44_3_fu_319       |    0    |    0    |
|          |        trunc_ln44_4_fu_329       |    0    |    0    |
|          |        trunc_ln44_5_fu_339       |    0    |    0    |
|          |        trunc_ln44_6_fu_349       |    0    |    0    |
|          |        trunc_ln44_7_fu_359       |    0    |    0    |
|          |        trunc_ln44_8_fu_369       |    0    |    0    |
|          |        trunc_ln44_9_fu_379       |    0    |    0    |
|          |       trunc_ln44_10_fu_389       |    0    |    0    |
|          |       trunc_ln44_11_fu_399       |    0    |    0    |
|          |       trunc_ln44_12_fu_409       |    0    |    0    |
|          |       trunc_ln44_13_fu_419       |    0    |    0    |
|          |       trunc_ln44_14_fu_429       |    0    |    0    |
|          |       trunc_ln44_15_fu_439       |    0    |    0    |
|          |       trunc_ln44_16_fu_449       |    0    |    0    |
|          |       trunc_ln44_17_fu_459       |    0    |    0    |
|          |       trunc_ln44_18_fu_469       |    0    |    0    |
|          |       trunc_ln44_19_fu_479       |    0    |    0    |
|          |       trunc_ln44_20_fu_489       |    0    |    0    |
|          |       trunc_ln44_21_fu_499       |    0    |    0    |
|          |       trunc_ln44_22_fu_509       |    0    |    0    |
|          |       trunc_ln44_23_fu_519       |    0    |    0    |
|          |       trunc_ln44_24_fu_529       |    0    |    0    |
|          |       trunc_ln44_25_fu_539       |    0    |    0    |
|          |       trunc_ln44_26_fu_549       |    0    |    0    |
|          |       trunc_ln44_27_fu_559       |    0    |    0    |
|          |       trunc_ln44_28_fu_569       |    0    |    0    |
|          |       trunc_ln44_29_fu_579       |    0    |    0    |
|          |       trunc_ln44_30_fu_589       |    0    |    0    |
|          |       trunc_ln44_31_fu_599       |    0    |    0    |
|partselect|         trunc_ln3_fu_615         |    0    |    0    |
|          |        trunc_ln52_1_fu_653       |    0    |    0    |
|          |        trunc_ln52_2_fu_695       |    0    |    0    |
|          |        trunc_ln52_3_fu_737       |    0    |    0    |
|          |        trunc_ln52_4_fu_779       |    0    |    0    |
|          |        trunc_ln52_5_fu_821       |    0    |    0    |
|          |        trunc_ln52_6_fu_863       |    0    |    0    |
|          |        trunc_ln52_7_fu_905       |    0    |    0    |
|          |        trunc_ln52_8_fu_947       |    0    |    0    |
|          |        trunc_ln52_9_fu_989       |    0    |    0    |
|          |       trunc_ln52_10_fu_1031      |    0    |    0    |
|          |       trunc_ln52_11_fu_1073      |    0    |    0    |
|          |       trunc_ln52_12_fu_1115      |    0    |    0    |
|          |       trunc_ln52_13_fu_1157      |    0    |    0    |
|          |       trunc_ln52_14_fu_1199      |    0    |    0    |
|          |       trunc_ln52_15_fu_1241      |    0    |    0    |
|          |       trunc_ln52_16_fu_1283      |    0    |    0    |
|          |       trunc_ln52_17_fu_1325      |    0    |    0    |
|          |       trunc_ln52_18_fu_1367      |    0    |    0    |
|          |       trunc_ln52_19_fu_1409      |    0    |    0    |
|          |       trunc_ln52_20_fu_1451      |    0    |    0    |
|          |       trunc_ln52_21_fu_1493      |    0    |    0    |
|          |       trunc_ln52_22_fu_1535      |    0    |    0    |
|          |       trunc_ln52_23_fu_1577      |    0    |    0    |
|          |       trunc_ln52_24_fu_1619      |    0    |    0    |
|          |       trunc_ln52_25_fu_1661      |    0    |    0    |
|          |       trunc_ln52_26_fu_1703      |    0    |    0    |
|          |       trunc_ln52_27_fu_1745      |    0    |    0    |
|          |       trunc_ln52_28_fu_1787      |    0    |    0    |
|          |       trunc_ln52_29_fu_1829      |    0    |    0    |
|          |       trunc_ln52_30_fu_1871      |    0    |    0    |
|          |       trunc_ln52_31_fu_1913      |    0    |    0    |
|----------|----------------------------------|---------|---------|
|          |         zext_ln52_fu_629         |    0    |    0    |
|          |        zext_ln52_1_fu_671        |    0    |    0    |
|          |        zext_ln52_2_fu_713        |    0    |    0    |
|          |        zext_ln52_3_fu_755        |    0    |    0    |
|          |        zext_ln52_4_fu_797        |    0    |    0    |
|          |        zext_ln52_5_fu_839        |    0    |    0    |
|          |        zext_ln52_6_fu_881        |    0    |    0    |
|          |        zext_ln52_7_fu_923        |    0    |    0    |
|          |        zext_ln52_8_fu_965        |    0    |    0    |
|          |        zext_ln52_9_fu_1007       |    0    |    0    |
|          |       zext_ln52_10_fu_1049       |    0    |    0    |
|          |       zext_ln52_11_fu_1091       |    0    |    0    |
|          |       zext_ln52_12_fu_1133       |    0    |    0    |
|          |       zext_ln52_13_fu_1175       |    0    |    0    |
|          |       zext_ln52_14_fu_1217       |    0    |    0    |
|   zext   |       zext_ln52_15_fu_1259       |    0    |    0    |
|          |       zext_ln52_16_fu_1301       |    0    |    0    |
|          |       zext_ln52_17_fu_1343       |    0    |    0    |
|          |       zext_ln52_18_fu_1385       |    0    |    0    |
|          |       zext_ln52_19_fu_1427       |    0    |    0    |
|          |       zext_ln52_20_fu_1469       |    0    |    0    |
|          |       zext_ln52_21_fu_1511       |    0    |    0    |
|          |       zext_ln52_22_fu_1553       |    0    |    0    |
|          |       zext_ln52_23_fu_1595       |    0    |    0    |
|          |       zext_ln52_24_fu_1637       |    0    |    0    |
|          |       zext_ln52_25_fu_1679       |    0    |    0    |
|          |       zext_ln52_26_fu_1721       |    0    |    0    |
|          |       zext_ln52_27_fu_1763       |    0    |    0    |
|          |       zext_ln52_28_fu_1805       |    0    |    0    |
|          |       zext_ln52_29_fu_1847       |    0    |    0    |
|          |       zext_ln52_30_fu_1889       |    0    |    0    |
|          |       zext_ln52_31_fu_1931       |    0    |    0    |
|----------|----------------------------------|---------|---------|
|          |            tmp_fu_663            |    0    |    0    |
|          |           tmp_77_fu_705          |    0    |    0    |
|          |           tmp_78_fu_747          |    0    |    0    |
|          |           tmp_79_fu_789          |    0    |    0    |
|          |           tmp_80_fu_831          |    0    |    0    |
|          |           tmp_81_fu_873          |    0    |    0    |
|          |           tmp_82_fu_915          |    0    |    0    |
|          |           tmp_83_fu_957          |    0    |    0    |
|          |           tmp_84_fu_999          |    0    |    0    |
|          |          tmp_85_fu_1041          |    0    |    0    |
|          |          tmp_86_fu_1083          |    0    |    0    |
|          |          tmp_87_fu_1125          |    0    |    0    |
|          |          tmp_88_fu_1167          |    0    |    0    |
|          |          tmp_89_fu_1209          |    0    |    0    |
|          |          tmp_90_fu_1251          |    0    |    0    |
| bitselect|          tmp_91_fu_1293          |    0    |    0    |
|          |          tmp_92_fu_1335          |    0    |    0    |
|          |          tmp_93_fu_1377          |    0    |    0    |
|          |          tmp_94_fu_1419          |    0    |    0    |
|          |          tmp_95_fu_1461          |    0    |    0    |
|          |          tmp_96_fu_1503          |    0    |    0    |
|          |          tmp_97_fu_1545          |    0    |    0    |
|          |          tmp_98_fu_1587          |    0    |    0    |
|          |          tmp_99_fu_1629          |    0    |    0    |
|          |          tmp_100_fu_1671         |    0    |    0    |
|          |          tmp_101_fu_1713         |    0    |    0    |
|          |          tmp_102_fu_1755         |    0    |    0    |
|          |          tmp_103_fu_1797         |    0    |    0    |
|          |          tmp_104_fu_1839         |    0    |    0    |
|          |          tmp_105_fu_1881         |    0    |    0    |
|          |          tmp_106_fu_1923         |    0    |    0    |
|----------|----------------------------------|---------|---------|
|bitconcatenate|            p_s_fu_1949           |    0    |    0    |
|----------|----------------------------------|---------|---------|
|   Total  |                                  |    0    |   1472  |
|----------|----------------------------------|---------|---------|

Memories:
N/A

* Register list:
+---------------------------------+--------+
|                                 |   FF   |
+---------------------------------+--------+
| out_data_0_0_0_0_0_load_reg_1986|    8   |
|out_data_0_10_0_0_0_load_reg_2036|    8   |
|out_data_0_11_0_0_0_load_reg_2041|    8   |
|out_data_0_12_0_0_0_load_reg_2046|    8   |
|out_data_0_13_0_0_0_load_reg_2051|    8   |
|out_data_0_14_0_0_0_load_reg_2056|    8   |
|out_data_0_15_0_0_0_load_reg_2061|    8   |
|out_data_0_16_0_0_0_load_reg_2066|    8   |
|out_data_0_17_0_0_0_load_reg_2071|    8   |
|out_data_0_18_0_0_0_load_reg_2076|    8   |
|out_data_0_19_0_0_0_load_reg_2081|    8   |
| out_data_0_1_0_0_0_load_reg_1991|    8   |
|out_data_0_20_0_0_0_load_reg_2086|    8   |
|out_data_0_21_0_0_0_load_reg_2091|    8   |
|out_data_0_22_0_0_0_load_reg_2096|    8   |
|out_data_0_23_0_0_0_load_reg_2101|    8   |
|out_data_0_24_0_0_0_load_reg_2106|    8   |
|out_data_0_25_0_0_0_load_reg_2111|    8   |
|out_data_0_26_0_0_0_load_reg_2116|    8   |
|out_data_0_27_0_0_0_load_reg_2121|    8   |
|out_data_0_28_0_0_0_load_reg_2126|    8   |
|out_data_0_29_0_0_0_load_reg_2131|    8   |
| out_data_0_2_0_0_0_load_reg_1996|    8   |
|out_data_0_30_0_0_0_load_reg_2136|    8   |
| out_data_0_3_0_0_0_load_reg_2001|    8   |
| out_data_0_4_0_0_0_load_reg_2006|    8   |
| out_data_0_5_0_0_0_load_reg_2011|    8   |
| out_data_0_6_0_0_0_load_reg_2016|    8   |
| out_data_0_7_0_0_0_load_reg_2021|    8   |
| out_data_0_8_0_0_0_load_reg_2026|    8   |
| out_data_0_9_0_0_0_load_reg_2031|    8   |
|      storemerge210_reg_2141     |    8   |
+---------------------------------+--------+
|              Total              |   256  |
+---------------------------------+--------+

* Multiplexer (MUX) list: 
|--------|------|------|------|--------|
|  Comp  |  Pin | Size |  BW  | S x BW |
|--------|------|------|------|--------|
|  Total |      |      |      |    0   |
|--------|------|------|------|--------|



* Summary:
+-----------+--------+--------+
|           |   FF   |   LUT  |
+-----------+--------+--------+
|  Function |    0   |  1472  |
|   Memory  |    -   |    -   |
|Multiplexer|    -   |    -   |
|  Register |   256  |    -   |
+-----------+--------+--------+
|   Total   |   256  |  1472  |
+-----------+--------+--------+
