

================================================================
== Vitis HLS Report for 'store_result_float_array_ap_fixed_5u_Pipeline_VITIS_LOOP_29_1'
================================================================
* Date:           Thu May  7 10:16:25 2026

* Version:        2025.2 (Build 6295257 on Nov 14 2025)
* Project:        vitis_unified_project
* Solution:       hls (Vivado IP Flow Target)
* Product family: zynquplus
* Target device:  xck26-sfvc784-2LV-c


================================================================
== Performance Estimates
================================================================
+ Timing: 
    * Summary: 
    +--------+---------+----------+------------+
    |  Clock |  Target | Estimated| Uncertainty|
    +--------+---------+----------+------------+
    |ap_clk  |  5.00 ns|  4.375 ns|     0.62 ns|
    +--------+---------+----------+------------+

+ Latency: 
    * Summary: 
    +---------+---------+----------+----------+-----+-----+-------------------+
    |  Latency (cycles) |  Latency (absolute) |  Interval |      Pipeline     |
    |   min   |   max   |    min   |    max   | min | max |        Type       |
    +---------+---------+----------+----------+-----+-----+-------------------+
    |        ?|        ?|         ?|         ?|    0|    0|  loop pipeline stp|
    +---------+---------+----------+----------+-----+-----+-------------------+

    + Detail: 
        * Instance: 
        N/A

        * Loop: 
        +-------------------+---------+---------+----------+-----------+-----------+------+----------+
        |                   |  Latency (cycles) | Iteration|  Initiation Interval  | Trip |          |
        |     Loop Name     |   min   |   max   |  Latency |  achieved |   target  | Count| Pipelined|
        +-------------------+---------+---------+----------+-----------+-----------+------+----------+
        |- VITIS_LOOP_29_1  |        ?|        ?|         8|          5|          1|     ?|       yes|
        +-------------------+---------+---------+----------+-----------+-----------+------+----------+

============================================================
+ Verbose Summary: Synthesis Manager
============================================================
InlineROM: 1
ExposeGlobal: 0
============================================================
+ Verbose Summary: CDFG Model
============================================================
IsTopModel: 0
ResetActiveHigh: 1
IsCombinational: 0
IsDatapathOnly: 0
HasWiredReturn: 1
HasMFsm: 2
HasVarLatency: 1
IsPipeline: 0
IsRtlPipelined: 0
IsInstanceOverlapped: 0
IsDontTouch: 0
HasImplIP: 0
IsGatedGlobalClock: 0

+ Individual pipeline summary: 
  * Pipeline-0: initiation interval (II) = 5, depth = 8


============================================================
+ Verbose Summary: Schedule
============================================================
* Number of FSM states : 8
* Pipeline : 1
  Pipeline-0 : II = 5, D = 8, States = { 1 2 3 4 5 6 7 8 }
* Dataflow Pipeline: 0

* FSM state transitions: 
1 --> 2 
2 --> 3 
3 --> 4 
4 --> 5 
5 --> 6 
6 --> 7 
7 --> 8 
8 --> 

* FSM state operations: 

State 1 <SV = 0> <Delay = 1.87>
ST_1 : Operation 11 [1/1] (0.00ns)   --->   "%q = alloca i32 1"   --->   Operation 11 'alloca' 'q' <Predicate = true> <Delay = 0.00>
ST_1 : Operation 12 [1/1] (0.00ns)   --->   "%sext_ln29_read = read i62 @_ssdm_op_Read.ap_auto.i62, i62 %sext_ln29"   --->   Operation 12 'read' 'sext_ln29_read' <Predicate = true> <Delay = 0.00>
ST_1 : Operation 13 [1/1] (0.00ns)   --->   "%batch_size_1_read = read i32 @_ssdm_op_Read.ap_auto.i32, i32 %batch_size_1"   --->   Operation 13 'read' 'batch_size_1_read' <Predicate = true> <Delay = 0.00>
ST_1 : Operation 14 [1/1] (0.00ns)   --->   "%sext_ln29_cast = sext i62 %sext_ln29_read"   --->   Operation 14 'sext' 'sext_ln29_cast' <Predicate = true> <Delay = 0.00>
ST_1 : Operation 15 [1/1] (0.00ns)   --->   "%specinterface_ln0 = specinterface void @_ssdm_op_SpecInterface, i32 %gmem_out0, void @empty_15, i32 0, i32 0, void @empty_14, i32 0, i32 5, void @empty_11, void @empty_12, void @empty_14, i32 16, i32 16, i32 16, i32 16, void @empty_14, void @empty_14, i32 4294967295, i32 0, i32 0, i32 4"   --->   Operation 15 'specinterface' 'specinterface_ln0' <Predicate = true> <Delay = 0.00>
ST_1 : Operation 16 [1/1] (0.00ns)   --->   "%specinterface_ln0 = specinterface void @_ssdm_op_SpecInterface, i160 %stream_out0_layer12_out, void @empty_9, i32 0, i32 0, void @empty_14, i32 0, i32 0, void @empty_14, void @empty_14, void @empty_14, i32 0, i32 0, i32 0, i32 0, void @empty_14, void @empty_14, i32 4294967295, i32 0, i32 0, i32 0"   --->   Operation 16 'specinterface' 'specinterface_ln0' <Predicate = true> <Delay = 0.00>
ST_1 : Operation 17 [1/1] (0.42ns)   --->   "%store_ln0 = store i31 0, i31 %q"   --->   Operation 17 'store' 'store_ln0' <Predicate = true> <Delay = 0.42>
ST_1 : Operation 18 [1/1] (0.00ns)   --->   "%br_ln29 = br void %VITIS_LOOP_30_2.i" [firmware/myproject_axi_master.cpp:29]   --->   Operation 18 'br' 'br_ln29' <Predicate = true> <Delay = 0.00>
ST_1 : Operation 19 [1/1] (0.00ns)   --->   "%q_load = load i31 %q" [firmware/myproject_axi_master.cpp:29]   --->   Operation 19 'load' 'q_load' <Predicate = true> <Delay = 0.00>
ST_1 : Operation 20 [1/1] (0.00ns)   --->   "%zext_ln29 = zext i31 %q_load" [firmware/myproject_axi_master.cpp:29]   --->   Operation 20 'zext' 'zext_ln29' <Predicate = true> <Delay = 0.00>
ST_1 : Operation 21 [1/1] (1.01ns)   --->   "%icmp_ln29 = icmp_slt  i32 %zext_ln29, i32 %batch_size_1_read" [firmware/myproject_axi_master.cpp:29]   --->   Operation 21 'icmp' 'icmp_ln29' <Predicate = true> <Delay = 1.01> <CoreInst = "Cmp">   --->   Core 9 'Cmp' <Latency = 0> <II = 1> <Delay = 1.01> <FuncUnit> <Opcode : 'seteq' 'setne' 'setle' 'setge' 'setlt' 'setgt'> <InPorts = 2> <OutPorts = 1>
ST_1 : Operation 22 [1/1] (0.00ns)   --->   "%br_ln29 = br i1 %icmp_ln29, void %store_result<float, array<ap_fixed<17, 8, 5, 3, 0>, 5u> >.exit.exitStub, void %VITIS_LOOP_30_2.split.i_ifconv" [firmware/myproject_axi_master.cpp:29]   --->   Operation 22 'br' 'br_ln29' <Predicate = true> <Delay = 0.00>
ST_1 : Operation 23 [1/1] (0.00ns)   --->   "%gmem_out0_addr = getelementptr i32 %gmem_out0, i64 %sext_ln29_cast" [firmware/myproject_axi_master.cpp:29]   --->   Operation 23 'getelementptr' 'gmem_out0_addr' <Predicate = (icmp_ln29)> <Delay = 0.00>
ST_1 : Operation 24 [1/1] (1.00ns)   --->   "%add_ln29 = add i31 %q_load, i31 1" [firmware/myproject_axi_master.cpp:29]   --->   Operation 24 'add' 'add_ln29' <Predicate = (icmp_ln29)> <Delay = 1.00> <CoreInst = "Adder">   --->   Core 1 'Adder' <Latency = 0> <II = 1> <Delay = 1.00> <FuncUnit> <Opcode : 'add' 'sub'> <InPorts = 2> <OutPorts = 1>
ST_1 : Operation 25 [1/1] (0.42ns)   --->   "%store_ln29 = store i31 %add_ln29, i31 %q" [firmware/myproject_axi_master.cpp:29]   --->   Operation 25 'store' 'store_ln29' <Predicate = (icmp_ln29)> <Delay = 0.42>

State 2 <SV = 1> <Delay = 2.86>
ST_2 : Operation 26 [1/1] ( I:1.64ns O:1.64ns )   --->   "%stream_out0_layer12_out_read = read i160 @_ssdm_op_Read.ap_fifo.volatile.i160P0A, i160 %stream_out0_layer12_out" [firmware/myproject_axi_master.cpp:31]   --->   Operation 26 'read' 'stream_out0_layer12_out_read' <Predicate = (icmp_ln29)> <Delay = 1.64> <CoreInst = "FIFO">   --->   Core 77 'FIFO' <Latency = 0> <II = 1> <Delay = 1.64> <Storage> <Opcode : 'read' 'write' 'nbread' 'nbwrite'> <Ports = 0> <Width = 160> <Depth = 128> <FIFO>
ST_2 : Operation 27 [1/1] (0.00ns)   --->   "%tmp = trunc i160 %stream_out0_layer12_out_read" [firmware/myproject_axi_master.cpp:31]   --->   Operation 27 'trunc' 'tmp' <Predicate = (icmp_ln29)> <Delay = 0.00>
ST_2 : Operation 28 [1/1] (0.00ns)   --->   "%tmp_1 = partselect i17 @_ssdm_op_PartSelect.i17.i160.i160, i160 %stream_out0_layer12_out_read, i160 32" [firmware/myproject_axi_master.cpp:31]   --->   Operation 28 'partselect' 'tmp_1' <Predicate = (icmp_ln29)> <Delay = 0.00>
ST_2 : Operation 29 [1/1] (0.00ns)   --->   "%tmp_2 = partselect i17 @_ssdm_op_PartSelect.i17.i160.i160, i160 %stream_out0_layer12_out_read, i160 64" [firmware/myproject_axi_master.cpp:31]   --->   Operation 29 'partselect' 'tmp_2' <Predicate = (icmp_ln29)> <Delay = 0.00>
ST_2 : Operation 30 [1/1] (0.00ns)   --->   "%tmp_3 = partselect i17 @_ssdm_op_PartSelect.i17.i160.i160, i160 %stream_out0_layer12_out_read, i160 96" [firmware/myproject_axi_master.cpp:31]   --->   Operation 30 'partselect' 'tmp_3' <Predicate = (icmp_ln29)> <Delay = 0.00>
ST_2 : Operation 31 [1/1] (0.00ns)   --->   "%tmp_4 = partselect i17 @_ssdm_op_PartSelect.i17.i160.i160, i160 %stream_out0_layer12_out_read, i160 128" [firmware/myproject_axi_master.cpp:31]   --->   Operation 31 'partselect' 'tmp_4' <Predicate = (icmp_ln29)> <Delay = 0.00>
ST_2 : Operation 32 [1/1] (0.86ns)   --->   "%icmp_ln33 = icmp_eq  i17 %tmp, i17 0" [firmware/myproject_axi_master.cpp:33]   --->   Operation 32 'icmp' 'icmp_ln33' <Predicate = (icmp_ln29)> <Delay = 0.86> <CoreInst = "Cmp">   --->   Core 9 'Cmp' <Latency = 0> <II = 1> <Delay = 0.86> <FuncUnit> <Opcode : 'seteq' 'setne' 'setle' 'setge' 'setlt' 'setgt'> <InPorts = 2> <OutPorts = 1>
ST_2 : Operation 33 [1/1] (0.00ns)   --->   "%tmp_5 = bitselect i1 @_ssdm_op_BitSelect.i1.i160.i32, i160 %stream_out0_layer12_out_read, i32 16" [firmware/myproject_axi_master.cpp:33]   --->   Operation 33 'bitselect' 'tmp_5' <Predicate = (icmp_ln29)> <Delay = 0.00>
ST_2 : Operation 34 [1/1] (0.86ns)   --->   "%sub_ln33 = sub i17 0, i17 %tmp" [firmware/myproject_axi_master.cpp:33]   --->   Operation 34 'sub' 'sub_ln33' <Predicate = (icmp_ln29)> <Delay = 0.86> <CoreInst = "Adder">   --->   Core 1 'Adder' <Latency = 0> <II = 1> <Delay = 0.86> <FuncUnit> <Opcode : 'add' 'sub'> <InPorts = 2> <OutPorts = 1>
ST_2 : Operation 35 [1/1] (0.35ns)   --->   "%select_ln33 = select i1 %tmp_5, i17 %sub_ln33, i17 %tmp" [firmware/myproject_axi_master.cpp:33]   --->   Operation 35 'select' 'select_ln33' <Predicate = (icmp_ln29)> <Delay = 0.35> <CoreInst = "Sel">   --->   Core 73 'Sel' <Latency = 0> <II = 1> <Delay = 0.35> <FuncUnit> <Opcode : 'select'> <InPorts = 3> <OutPorts = 1>
ST_2 : Operation 36 [1/1] (0.00ns)   --->   "%tmp_7 = bitselect i1 @_ssdm_op_BitSelect.i1.i160.i160, i160 %stream_out0_layer12_out_read, i160 48" [firmware/myproject_axi_master.cpp:33]   --->   Operation 36 'bitselect' 'tmp_7' <Predicate = (icmp_ln29)> <Delay = 0.00>
ST_2 : Operation 37 [1/1] (0.00ns)   --->   "%tmp_9 = bitselect i1 @_ssdm_op_BitSelect.i1.i160.i160, i160 %stream_out0_layer12_out_read, i160 80" [firmware/myproject_axi_master.cpp:33]   --->   Operation 37 'bitselect' 'tmp_9' <Predicate = (icmp_ln29)> <Delay = 0.00>
ST_2 : Operation 38 [1/1] (0.00ns)   --->   "%tmp_11 = bitselect i1 @_ssdm_op_BitSelect.i1.i160.i160, i160 %stream_out0_layer12_out_read, i160 112" [firmware/myproject_axi_master.cpp:33]   --->   Operation 38 'bitselect' 'tmp_11' <Predicate = (icmp_ln29)> <Delay = 0.00>
ST_2 : Operation 39 [1/1] (0.00ns)   --->   "%tmp_13 = bitselect i1 @_ssdm_op_BitSelect.i1.i160.i160, i160 %stream_out0_layer12_out_read, i160 144" [firmware/myproject_axi_master.cpp:33]   --->   Operation 39 'bitselect' 'tmp_13' <Predicate = (icmp_ln29)> <Delay = 0.00>

State 3 <SV = 2> <Delay = 3.69>
ST_3 : Operation 40 [1/1] (0.46ns)   --->   "%tmp_6_i = ctlz i17 @llvm.ctlz.i17, i17 %select_ln33, i1 0" [firmware/myproject_axi_master.cpp:33]   --->   Operation 40 'ctlz' 'tmp_6_i' <Predicate = (icmp_ln29 & !icmp_ln33)> <Delay = 0.46> <CoreInst = "ctlz">   --->   Core 145 'ctlz' <Latency = 0> <II = 1> <Delay = 0.46> <FuncUnit> <Opcode : 'ctlz'> <InPorts = 1> <OutPorts = 1>
ST_3 : Operation 41 [1/1] (0.00ns)   --->   "%trunc_ln33 = trunc i17 %tmp_6_i" [firmware/myproject_axi_master.cpp:33]   --->   Operation 41 'trunc' 'trunc_ln33' <Predicate = (icmp_ln29 & !icmp_ln33)> <Delay = 0.00>
ST_3 : Operation 42 [1/1] (0.00ns)   --->   "%zext_ln33 = zext i17 %select_ln33" [firmware/myproject_axi_master.cpp:33]   --->   Operation 42 'zext' 'zext_ln33' <Predicate = (icmp_ln29 & !icmp_ln33)> <Delay = 0.00>
ST_3 : Operation 43 [1/1] (0.78ns)   --->   "%add_ln33 = add i5 %trunc_ln33, i5 8" [firmware/myproject_axi_master.cpp:33]   --->   Operation 43 'add' 'add_ln33' <Predicate = (icmp_ln29 & !icmp_ln33)> <Delay = 0.78> <CoreInst = "Adder">   --->   Core 1 'Adder' <Latency = 0> <II = 1> <Delay = 0.78> <FuncUnit> <Opcode : 'add' 'sub'> <InPorts = 2> <OutPorts = 1>
ST_3 : Operation 44 [1/1] (0.00ns)   --->   "%zext_ln33_1 = zext i5 %add_ln33" [firmware/myproject_axi_master.cpp:33]   --->   Operation 44 'zext' 'zext_ln33_1' <Predicate = (icmp_ln29 & !icmp_ln33)> <Delay = 0.00>
ST_3 : Operation 45 [1/1] (1.23ns)   --->   "%shl_ln33 = shl i41 %zext_ln33, i41 %zext_ln33_1" [firmware/myproject_axi_master.cpp:33]   --->   Operation 45 'shl' 'shl_ln33' <Predicate = (icmp_ln29 & !icmp_ln33)> <Delay = 1.23> <CoreInst = "Shifter">   --->   Core 75 'Shifter' <Latency = 0> <II = 1> <Delay = 1.23> <FuncUnit> <Opcode : 'shl' 'lshr' 'ashr'> <InPorts = 2> <OutPorts = 1>
ST_3 : Operation 46 [1/1] (0.00ns)   --->   "%lshr_ln = partselect i40 @_ssdm_op_PartSelect.i40.i41.i32.i32, i41 %shl_ln33, i32 1, i32 40" [firmware/myproject_axi_master.cpp:33]   --->   Operation 46 'partselect' 'lshr_ln' <Predicate = (icmp_ln29 & !icmp_ln33)> <Delay = 0.00>
ST_3 : Operation 47 [1/1] (0.00ns)   --->   "%zext_ln33_2 = zext i40 %lshr_ln" [firmware/myproject_axi_master.cpp:33]   --->   Operation 47 'zext' 'zext_ln33_2' <Predicate = (icmp_ln29 & !icmp_ln33)> <Delay = 0.00>
ST_3 : Operation 48 [1/1] (0.00ns) (grouped into LUT with out node add_ln33_1)   --->   "%tmp_6 = bitselect i1 @_ssdm_op_BitSelect.i1.i41.i32, i41 %shl_ln33, i32 25" [firmware/myproject_axi_master.cpp:33]   --->   Operation 48 'bitselect' 'tmp_6' <Predicate = (icmp_ln29 & !icmp_ln33)> <Delay = 0.00>
ST_3 : Operation 49 [1/1] (0.00ns) (grouped into LUT with out node add_ln33_1)   --->   "%select_ln33_1 = select i1 %tmp_6, i8 127, i8 126" [firmware/myproject_axi_master.cpp:33]   --->   Operation 49 'select' 'select_ln33_1' <Predicate = (icmp_ln29 & !icmp_ln33)> <Delay = 0.00> <CoreInst = "Sel">   --->   Core 73 'Sel' <Latency = 0> <II = 1> <Delay = 0.39> <FuncUnit> <Opcode : 'select'> <InPorts = 3> <OutPorts = 1>
ST_3 : Operation 50 [1/1] (0.78ns)   --->   "%sub_ln33_1 = sub i5 8, i5 %trunc_ln33" [firmware/myproject_axi_master.cpp:33]   --->   Operation 50 'sub' 'sub_ln33_1' <Predicate = (icmp_ln29 & !icmp_ln33)> <Delay = 0.78> <CoreInst = "Adder">   --->   Core 1 'Adder' <Latency = 0> <II = 1> <Delay = 0.78> <FuncUnit> <Opcode : 'add' 'sub'> <InPorts = 2> <OutPorts = 1>
ST_3 : Operation 51 [1/1] (0.00ns) (grouped into LUT with out node add_ln33_1)   --->   "%sext_ln33 = sext i5 %sub_ln33_1" [firmware/myproject_axi_master.cpp:33]   --->   Operation 51 'sext' 'sext_ln33' <Predicate = (icmp_ln29 & !icmp_ln33)> <Delay = 0.00>
ST_3 : Operation 52 [1/1] (0.76ns) (out node of the LUT)   --->   "%add_ln33_1 = add i8 %select_ln33_1, i8 %sext_ln33" [firmware/myproject_axi_master.cpp:33]   --->   Operation 52 'add' 'add_ln33_1' <Predicate = (icmp_ln29 & !icmp_ln33)> <Delay = 0.76> <CoreInst = "Adder">   --->   Core 1 'Adder' <Latency = 0> <II = 1> <Delay = 0.76> <FuncUnit> <Opcode : 'add' 'sub'> <InPorts = 2> <OutPorts = 1>
ST_3 : Operation 53 [1/1] (0.00ns)   --->   "%tmp_7_i = bitconcatenate i9 @_ssdm_op_BitConcatenate.i9.i1.i8, i1 %tmp_5, i8 %add_ln33_1" [firmware/myproject_axi_master.cpp:33]   --->   Operation 53 'bitconcatenate' 'tmp_7_i' <Predicate = (icmp_ln29 & !icmp_ln33)> <Delay = 0.00>
ST_3 : Operation 54 [1/1] (0.00ns)   --->   "%pi_assign = partset i64 @_ssdm_op_PartSet.i64.i64.i9.i32.i32, i64 %zext_ln33_2, i9 %tmp_7_i, i32 23, i32 31" [firmware/myproject_axi_master.cpp:33]   --->   Operation 54 'partset' 'pi_assign' <Predicate = (icmp_ln29 & !icmp_ln33)> <Delay = 0.00>
ST_3 : Operation 55 [1/1] (0.00ns)   --->   "%LD = trunc i64 %pi_assign" [firmware/myproject_axi_master.cpp:33]   --->   Operation 55 'trunc' 'LD' <Predicate = (icmp_ln29 & !icmp_ln33)> <Delay = 0.00>
ST_3 : Operation 56 [1/1] (0.44ns)   --->   "%empty = select i1 %icmp_ln33, i32 0, i32 %LD" [firmware/myproject_axi_master.cpp:33]   --->   Operation 56 'select' 'empty' <Predicate = (icmp_ln29)> <Delay = 0.44> <CoreInst = "Sel">   --->   Core 73 'Sel' <Latency = 0> <II = 1> <Delay = 0.44> <FuncUnit> <Opcode : 'select'> <InPorts = 3> <OutPorts = 1>
ST_3 : Operation 57 [1/1] (0.86ns)   --->   "%icmp_ln33_1 = icmp_eq  i17 %tmp_1, i17 0" [firmware/myproject_axi_master.cpp:33]   --->   Operation 57 'icmp' 'icmp_ln33_1' <Predicate = (icmp_ln29)> <Delay = 0.86> <CoreInst = "Cmp">   --->   Core 9 'Cmp' <Latency = 0> <II = 1> <Delay = 0.86> <FuncUnit> <Opcode : 'seteq' 'setne' 'setle' 'setge' 'setlt' 'setgt'> <InPorts = 2> <OutPorts = 1>
ST_3 : Operation 58 [1/1] (0.86ns)   --->   "%sub_ln33_2 = sub i17 0, i17 %tmp_1" [firmware/myproject_axi_master.cpp:33]   --->   Operation 58 'sub' 'sub_ln33_2' <Predicate = (icmp_ln29 & tmp_7)> <Delay = 0.86> <CoreInst = "Adder">   --->   Core 1 'Adder' <Latency = 0> <II = 1> <Delay = 0.86> <FuncUnit> <Opcode : 'add' 'sub'> <InPorts = 2> <OutPorts = 1>
ST_3 : Operation 59 [1/1] (0.35ns)   --->   "%select_ln33_2 = select i1 %tmp_7, i17 %sub_ln33_2, i17 %tmp_1" [firmware/myproject_axi_master.cpp:33]   --->   Operation 59 'select' 'select_ln33_2' <Predicate = (icmp_ln29)> <Delay = 0.35> <CoreInst = "Sel">   --->   Core 73 'Sel' <Latency = 0> <II = 1> <Delay = 0.35> <FuncUnit> <Opcode : 'select'> <InPorts = 3> <OutPorts = 1>
ST_3 : Operation 145 [1/1] (0.42ns)   --->   "%ret_ln0 = ret"   --->   Operation 145 'ret' 'ret_ln0' <Predicate = (!icmp_ln29)> <Delay = 0.42>

State 4 <SV = 3> <Delay = 4.37>
ST_4 : Operation 60 [1/1] ( I:4.37ns O:4.37ns )   --->   "%write_ln33 = write void @_ssdm_op_Write.m_axi.p1i32.i32, i32 %gmem_out0_addr, i32 %empty, i4 15" [firmware/myproject_axi_master.cpp:33]   --->   Operation 60 'write' 'write_ln33' <Predicate = (icmp_ln29)> <Delay = 4.37> <CoreInst = "m_axi">   --->   Core 119 'm_axi' <Latency = 5> <II = 1> <Delay = 1.00> <Adapter> <Opcode : 'readrequnaligned' 'writerequnaligned' 'read' 'write' 'readreq' 'writereq' 'writeresp'>
ST_4 : Operation 61 [1/1] (0.46ns)   --->   "%tmp_8_i = ctlz i17 @llvm.ctlz.i17, i17 %select_ln33_2, i1 0" [firmware/myproject_axi_master.cpp:33]   --->   Operation 61 'ctlz' 'tmp_8_i' <Predicate = (icmp_ln29 & !icmp_ln33_1)> <Delay = 0.46> <CoreInst = "ctlz">   --->   Core 145 'ctlz' <Latency = 0> <II = 1> <Delay = 0.46> <FuncUnit> <Opcode : 'ctlz'> <InPorts = 1> <OutPorts = 1>
ST_4 : Operation 62 [1/1] (0.00ns)   --->   "%trunc_ln33_1 = trunc i17 %tmp_8_i" [firmware/myproject_axi_master.cpp:33]   --->   Operation 62 'trunc' 'trunc_ln33_1' <Predicate = (icmp_ln29 & !icmp_ln33_1)> <Delay = 0.00>
ST_4 : Operation 63 [1/1] (0.00ns)   --->   "%zext_ln33_3 = zext i17 %select_ln33_2" [firmware/myproject_axi_master.cpp:33]   --->   Operation 63 'zext' 'zext_ln33_3' <Predicate = (icmp_ln29 & !icmp_ln33_1)> <Delay = 0.00>
ST_4 : Operation 64 [1/1] (0.78ns)   --->   "%add_ln33_2 = add i5 %trunc_ln33_1, i5 8" [firmware/myproject_axi_master.cpp:33]   --->   Operation 64 'add' 'add_ln33_2' <Predicate = (icmp_ln29 & !icmp_ln33_1)> <Delay = 0.78> <CoreInst = "Adder">   --->   Core 1 'Adder' <Latency = 0> <II = 1> <Delay = 0.78> <FuncUnit> <Opcode : 'add' 'sub'> <InPorts = 2> <OutPorts = 1>
ST_4 : Operation 65 [1/1] (0.00ns)   --->   "%zext_ln33_4 = zext i5 %add_ln33_2" [firmware/myproject_axi_master.cpp:33]   --->   Operation 65 'zext' 'zext_ln33_4' <Predicate = (icmp_ln29 & !icmp_ln33_1)> <Delay = 0.00>
ST_4 : Operation 66 [1/1] (1.23ns)   --->   "%shl_ln33_1 = shl i41 %zext_ln33_3, i41 %zext_ln33_4" [firmware/myproject_axi_master.cpp:33]   --->   Operation 66 'shl' 'shl_ln33_1' <Predicate = (icmp_ln29 & !icmp_ln33_1)> <Delay = 1.23> <CoreInst = "Shifter">   --->   Core 75 'Shifter' <Latency = 0> <II = 1> <Delay = 1.23> <FuncUnit> <Opcode : 'shl' 'lshr' 'ashr'> <InPorts = 2> <OutPorts = 1>
ST_4 : Operation 67 [1/1] (0.00ns)   --->   "%lshr_ln33_1 = partselect i40 @_ssdm_op_PartSelect.i40.i41.i32.i32, i41 %shl_ln33_1, i32 1, i32 40" [firmware/myproject_axi_master.cpp:33]   --->   Operation 67 'partselect' 'lshr_ln33_1' <Predicate = (icmp_ln29 & !icmp_ln33_1)> <Delay = 0.00>
ST_4 : Operation 68 [1/1] (0.00ns)   --->   "%zext_ln33_5 = zext i40 %lshr_ln33_1" [firmware/myproject_axi_master.cpp:33]   --->   Operation 68 'zext' 'zext_ln33_5' <Predicate = (icmp_ln29 & !icmp_ln33_1)> <Delay = 0.00>
ST_4 : Operation 69 [1/1] (0.00ns) (grouped into LUT with out node add_ln33_3)   --->   "%tmp_8 = bitselect i1 @_ssdm_op_BitSelect.i1.i41.i32, i41 %shl_ln33_1, i32 25" [firmware/myproject_axi_master.cpp:33]   --->   Operation 69 'bitselect' 'tmp_8' <Predicate = (icmp_ln29 & !icmp_ln33_1)> <Delay = 0.00>
ST_4 : Operation 70 [1/1] (0.00ns) (grouped into LUT with out node add_ln33_3)   --->   "%select_ln33_3 = select i1 %tmp_8, i8 127, i8 126" [firmware/myproject_axi_master.cpp:33]   --->   Operation 70 'select' 'select_ln33_3' <Predicate = (icmp_ln29 & !icmp_ln33_1)> <Delay = 0.00> <CoreInst = "Sel">   --->   Core 73 'Sel' <Latency = 0> <II = 1> <Delay = 0.39> <FuncUnit> <Opcode : 'select'> <InPorts = 3> <OutPorts = 1>
ST_4 : Operation 71 [1/1] (0.78ns)   --->   "%sub_ln33_3 = sub i5 8, i5 %trunc_ln33_1" [firmware/myproject_axi_master.cpp:33]   --->   Operation 71 'sub' 'sub_ln33_3' <Predicate = (icmp_ln29 & !icmp_ln33_1)> <Delay = 0.78> <CoreInst = "Adder">   --->   Core 1 'Adder' <Latency = 0> <II = 1> <Delay = 0.78> <FuncUnit> <Opcode : 'add' 'sub'> <InPorts = 2> <OutPorts = 1>
ST_4 : Operation 72 [1/1] (0.00ns) (grouped into LUT with out node add_ln33_3)   --->   "%sext_ln33_1 = sext i5 %sub_ln33_3" [firmware/myproject_axi_master.cpp:33]   --->   Operation 72 'sext' 'sext_ln33_1' <Predicate = (icmp_ln29 & !icmp_ln33_1)> <Delay = 0.00>
ST_4 : Operation 73 [1/1] (0.76ns) (out node of the LUT)   --->   "%add_ln33_3 = add i8 %select_ln33_3, i8 %sext_ln33_1" [firmware/myproject_axi_master.cpp:33]   --->   Operation 73 'add' 'add_ln33_3' <Predicate = (icmp_ln29 & !icmp_ln33_1)> <Delay = 0.76> <CoreInst = "Adder">   --->   Core 1 'Adder' <Latency = 0> <II = 1> <Delay = 0.76> <FuncUnit> <Opcode : 'add' 'sub'> <InPorts = 2> <OutPorts = 1>
ST_4 : Operation 74 [1/1] (0.00ns)   --->   "%tmp_11_i = bitconcatenate i9 @_ssdm_op_BitConcatenate.i9.i1.i8, i1 %tmp_7, i8 %add_ln33_3" [firmware/myproject_axi_master.cpp:33]   --->   Operation 74 'bitconcatenate' 'tmp_11_i' <Predicate = (icmp_ln29 & !icmp_ln33_1)> <Delay = 0.00>
ST_4 : Operation 75 [1/1] (0.00ns)   --->   "%pi_assign_1 = partset i64 @_ssdm_op_PartSet.i64.i64.i9.i32.i32, i64 %zext_ln33_5, i9 %tmp_11_i, i32 23, i32 31" [firmware/myproject_axi_master.cpp:33]   --->   Operation 75 'partset' 'pi_assign_1' <Predicate = (icmp_ln29 & !icmp_ln33_1)> <Delay = 0.00>
ST_4 : Operation 76 [1/1] (0.00ns)   --->   "%LD_1 = trunc i64 %pi_assign_1" [firmware/myproject_axi_master.cpp:33]   --->   Operation 76 'trunc' 'LD_1' <Predicate = (icmp_ln29 & !icmp_ln33_1)> <Delay = 0.00>
ST_4 : Operation 77 [1/1] (0.44ns)   --->   "%empty_62 = select i1 %icmp_ln33_1, i32 0, i32 %LD_1" [firmware/myproject_axi_master.cpp:33]   --->   Operation 77 'select' 'empty_62' <Predicate = (icmp_ln29)> <Delay = 0.44> <CoreInst = "Sel">   --->   Core 73 'Sel' <Latency = 0> <II = 1> <Delay = 0.44> <FuncUnit> <Opcode : 'select'> <InPorts = 3> <OutPorts = 1>
ST_4 : Operation 78 [1/1] (0.86ns)   --->   "%icmp_ln33_2 = icmp_eq  i17 %tmp_2, i17 0" [firmware/myproject_axi_master.cpp:33]   --->   Operation 78 'icmp' 'icmp_ln33_2' <Predicate = (icmp_ln29)> <Delay = 0.86> <CoreInst = "Cmp">   --->   Core 9 'Cmp' <Latency = 0> <II = 1> <Delay = 0.86> <FuncUnit> <Opcode : 'seteq' 'setne' 'setle' 'setge' 'setlt' 'setgt'> <InPorts = 2> <OutPorts = 1>
ST_4 : Operation 79 [1/1] (0.86ns)   --->   "%sub_ln33_4 = sub i17 0, i17 %tmp_2" [firmware/myproject_axi_master.cpp:33]   --->   Operation 79 'sub' 'sub_ln33_4' <Predicate = (icmp_ln29 & tmp_9)> <Delay = 0.86> <CoreInst = "Adder">   --->   Core 1 'Adder' <Latency = 0> <II = 1> <Delay = 0.86> <FuncUnit> <Opcode : 'add' 'sub'> <InPorts = 2> <OutPorts = 1>
ST_4 : Operation 80 [1/1] (0.35ns)   --->   "%select_ln33_4 = select i1 %tmp_9, i17 %sub_ln33_4, i17 %tmp_2" [firmware/myproject_axi_master.cpp:33]   --->   Operation 80 'select' 'select_ln33_4' <Predicate = (icmp_ln29)> <Delay = 0.35> <CoreInst = "Sel">   --->   Core 73 'Sel' <Latency = 0> <II = 1> <Delay = 0.35> <FuncUnit> <Opcode : 'select'> <InPorts = 3> <OutPorts = 1>

State 5 <SV = 4> <Delay = 4.37>
ST_5 : Operation 81 [1/1] ( I:4.37ns O:4.37ns )   --->   "%write_ln33 = write void @_ssdm_op_Write.m_axi.p1i32.i32, i32 %gmem_out0_addr, i32 %empty_62, i4 15" [firmware/myproject_axi_master.cpp:33]   --->   Operation 81 'write' 'write_ln33' <Predicate = (icmp_ln29)> <Delay = 4.37> <CoreInst = "m_axi">   --->   Core 119 'm_axi' <Latency = 5> <II = 1> <Delay = 1.00> <Adapter> <Opcode : 'readrequnaligned' 'writerequnaligned' 'read' 'write' 'readreq' 'writereq' 'writeresp'>
ST_5 : Operation 82 [1/1] (0.46ns)   --->   "%tmp_13_i = ctlz i17 @llvm.ctlz.i17, i17 %select_ln33_4, i1 0" [firmware/myproject_axi_master.cpp:33]   --->   Operation 82 'ctlz' 'tmp_13_i' <Predicate = (icmp_ln29 & !icmp_ln33_2)> <Delay = 0.46> <CoreInst = "ctlz">   --->   Core 145 'ctlz' <Latency = 0> <II = 1> <Delay = 0.46> <FuncUnit> <Opcode : 'ctlz'> <InPorts = 1> <OutPorts = 1>
ST_5 : Operation 83 [1/1] (0.00ns)   --->   "%trunc_ln33_2 = trunc i17 %tmp_13_i" [firmware/myproject_axi_master.cpp:33]   --->   Operation 83 'trunc' 'trunc_ln33_2' <Predicate = (icmp_ln29 & !icmp_ln33_2)> <Delay = 0.00>
ST_5 : Operation 84 [1/1] (0.00ns)   --->   "%zext_ln33_6 = zext i17 %select_ln33_4" [firmware/myproject_axi_master.cpp:33]   --->   Operation 84 'zext' 'zext_ln33_6' <Predicate = (icmp_ln29 & !icmp_ln33_2)> <Delay = 0.00>
ST_5 : Operation 85 [1/1] (0.78ns)   --->   "%add_ln33_4 = add i5 %trunc_ln33_2, i5 8" [firmware/myproject_axi_master.cpp:33]   --->   Operation 85 'add' 'add_ln33_4' <Predicate = (icmp_ln29 & !icmp_ln33_2)> <Delay = 0.78> <CoreInst = "Adder">   --->   Core 1 'Adder' <Latency = 0> <II = 1> <Delay = 0.78> <FuncUnit> <Opcode : 'add' 'sub'> <InPorts = 2> <OutPorts = 1>
ST_5 : Operation 86 [1/1] (0.00ns)   --->   "%zext_ln33_7 = zext i5 %add_ln33_4" [firmware/myproject_axi_master.cpp:33]   --->   Operation 86 'zext' 'zext_ln33_7' <Predicate = (icmp_ln29 & !icmp_ln33_2)> <Delay = 0.00>
ST_5 : Operation 87 [1/1] (1.23ns)   --->   "%shl_ln33_2 = shl i41 %zext_ln33_6, i41 %zext_ln33_7" [firmware/myproject_axi_master.cpp:33]   --->   Operation 87 'shl' 'shl_ln33_2' <Predicate = (icmp_ln29 & !icmp_ln33_2)> <Delay = 1.23> <CoreInst = "Shifter">   --->   Core 75 'Shifter' <Latency = 0> <II = 1> <Delay = 1.23> <FuncUnit> <Opcode : 'shl' 'lshr' 'ashr'> <InPorts = 2> <OutPorts = 1>
ST_5 : Operation 88 [1/1] (0.00ns)   --->   "%lshr_ln33_2 = partselect i40 @_ssdm_op_PartSelect.i40.i41.i32.i32, i41 %shl_ln33_2, i32 1, i32 40" [firmware/myproject_axi_master.cpp:33]   --->   Operation 88 'partselect' 'lshr_ln33_2' <Predicate = (icmp_ln29 & !icmp_ln33_2)> <Delay = 0.00>
ST_5 : Operation 89 [1/1] (0.00ns)   --->   "%zext_ln33_8 = zext i40 %lshr_ln33_2" [firmware/myproject_axi_master.cpp:33]   --->   Operation 89 'zext' 'zext_ln33_8' <Predicate = (icmp_ln29 & !icmp_ln33_2)> <Delay = 0.00>
ST_5 : Operation 90 [1/1] (0.00ns) (grouped into LUT with out node add_ln33_5)   --->   "%tmp_10 = bitselect i1 @_ssdm_op_BitSelect.i1.i41.i32, i41 %shl_ln33_2, i32 25" [firmware/myproject_axi_master.cpp:33]   --->   Operation 90 'bitselect' 'tmp_10' <Predicate = (icmp_ln29 & !icmp_ln33_2)> <Delay = 0.00>
ST_5 : Operation 91 [1/1] (0.00ns) (grouped into LUT with out node add_ln33_5)   --->   "%select_ln33_5 = select i1 %tmp_10, i8 127, i8 126" [firmware/myproject_axi_master.cpp:33]   --->   Operation 91 'select' 'select_ln33_5' <Predicate = (icmp_ln29 & !icmp_ln33_2)> <Delay = 0.00> <CoreInst = "Sel">   --->   Core 73 'Sel' <Latency = 0> <II = 1> <Delay = 0.39> <FuncUnit> <Opcode : 'select'> <InPorts = 3> <OutPorts = 1>
ST_5 : Operation 92 [1/1] (0.78ns)   --->   "%sub_ln33_5 = sub i5 8, i5 %trunc_ln33_2" [firmware/myproject_axi_master.cpp:33]   --->   Operation 92 'sub' 'sub_ln33_5' <Predicate = (icmp_ln29 & !icmp_ln33_2)> <Delay = 0.78> <CoreInst = "Adder">   --->   Core 1 'Adder' <Latency = 0> <II = 1> <Delay = 0.78> <FuncUnit> <Opcode : 'add' 'sub'> <InPorts = 2> <OutPorts = 1>
ST_5 : Operation 93 [1/1] (0.00ns) (grouped into LUT with out node add_ln33_5)   --->   "%sext_ln33_2 = sext i5 %sub_ln33_5" [firmware/myproject_axi_master.cpp:33]   --->   Operation 93 'sext' 'sext_ln33_2' <Predicate = (icmp_ln29 & !icmp_ln33_2)> <Delay = 0.00>
ST_5 : Operation 94 [1/1] (0.76ns) (out node of the LUT)   --->   "%add_ln33_5 = add i8 %select_ln33_5, i8 %sext_ln33_2" [firmware/myproject_axi_master.cpp:33]   --->   Operation 94 'add' 'add_ln33_5' <Predicate = (icmp_ln29 & !icmp_ln33_2)> <Delay = 0.76> <CoreInst = "Adder">   --->   Core 1 'Adder' <Latency = 0> <II = 1> <Delay = 0.76> <FuncUnit> <Opcode : 'add' 'sub'> <InPorts = 2> <OutPorts = 1>
ST_5 : Operation 95 [1/1] (0.00ns)   --->   "%tmp_15_i = bitconcatenate i9 @_ssdm_op_BitConcatenate.i9.i1.i8, i1 %tmp_9, i8 %add_ln33_5" [firmware/myproject_axi_master.cpp:33]   --->   Operation 95 'bitconcatenate' 'tmp_15_i' <Predicate = (icmp_ln29 & !icmp_ln33_2)> <Delay = 0.00>
ST_5 : Operation 96 [1/1] (0.00ns)   --->   "%pi_assign_2 = partset i64 @_ssdm_op_PartSet.i64.i64.i9.i32.i32, i64 %zext_ln33_8, i9 %tmp_15_i, i32 23, i32 31" [firmware/myproject_axi_master.cpp:33]   --->   Operation 96 'partset' 'pi_assign_2' <Predicate = (icmp_ln29 & !icmp_ln33_2)> <Delay = 0.00>
ST_5 : Operation 97 [1/1] (0.00ns)   --->   "%LD_2 = trunc i64 %pi_assign_2" [firmware/myproject_axi_master.cpp:33]   --->   Operation 97 'trunc' 'LD_2' <Predicate = (icmp_ln29 & !icmp_ln33_2)> <Delay = 0.00>
ST_5 : Operation 98 [1/1] (0.44ns)   --->   "%empty_63 = select i1 %icmp_ln33_2, i32 0, i32 %LD_2" [firmware/myproject_axi_master.cpp:33]   --->   Operation 98 'select' 'empty_63' <Predicate = (icmp_ln29)> <Delay = 0.44> <CoreInst = "Sel">   --->   Core 73 'Sel' <Latency = 0> <II = 1> <Delay = 0.44> <FuncUnit> <Opcode : 'select'> <InPorts = 3> <OutPorts = 1>
ST_5 : Operation 99 [1/1] (0.86ns)   --->   "%icmp_ln33_3 = icmp_eq  i17 %tmp_3, i17 0" [firmware/myproject_axi_master.cpp:33]   --->   Operation 99 'icmp' 'icmp_ln33_3' <Predicate = (icmp_ln29)> <Delay = 0.86> <CoreInst = "Cmp">   --->   Core 9 'Cmp' <Latency = 0> <II = 1> <Delay = 0.86> <FuncUnit> <Opcode : 'seteq' 'setne' 'setle' 'setge' 'setlt' 'setgt'> <InPorts = 2> <OutPorts = 1>
ST_5 : Operation 100 [1/1] (0.86ns)   --->   "%sub_ln33_6 = sub i17 0, i17 %tmp_3" [firmware/myproject_axi_master.cpp:33]   --->   Operation 100 'sub' 'sub_ln33_6' <Predicate = (icmp_ln29 & tmp_11)> <Delay = 0.86> <CoreInst = "Adder">   --->   Core 1 'Adder' <Latency = 0> <II = 1> <Delay = 0.86> <FuncUnit> <Opcode : 'add' 'sub'> <InPorts = 2> <OutPorts = 1>
ST_5 : Operation 101 [1/1] (0.35ns)   --->   "%select_ln33_6 = select i1 %tmp_11, i17 %sub_ln33_6, i17 %tmp_3" [firmware/myproject_axi_master.cpp:33]   --->   Operation 101 'select' 'select_ln33_6' <Predicate = (icmp_ln29)> <Delay = 0.35> <CoreInst = "Sel">   --->   Core 73 'Sel' <Latency = 0> <II = 1> <Delay = 0.35> <FuncUnit> <Opcode : 'select'> <InPorts = 3> <OutPorts = 1>

State 6 <SV = 5> <Delay = 4.37>
ST_6 : Operation 102 [1/1] ( I:4.37ns O:4.37ns )   --->   "%write_ln33 = write void @_ssdm_op_Write.m_axi.p1i32.i32, i32 %gmem_out0_addr, i32 %empty_63, i4 15" [firmware/myproject_axi_master.cpp:33]   --->   Operation 102 'write' 'write_ln33' <Predicate = true> <Delay = 4.37> <CoreInst = "m_axi">   --->   Core 119 'm_axi' <Latency = 5> <II = 1> <Delay = 1.00> <Adapter> <Opcode : 'readrequnaligned' 'writerequnaligned' 'read' 'write' 'readreq' 'writereq' 'writeresp'>
ST_6 : Operation 103 [1/1] (0.46ns)   --->   "%tmp_17_i = ctlz i17 @llvm.ctlz.i17, i17 %select_ln33_6, i1 0" [firmware/myproject_axi_master.cpp:33]   --->   Operation 103 'ctlz' 'tmp_17_i' <Predicate = (!icmp_ln33_3)> <Delay = 0.46> <CoreInst = "ctlz">   --->   Core 145 'ctlz' <Latency = 0> <II = 1> <Delay = 0.46> <FuncUnit> <Opcode : 'ctlz'> <InPorts = 1> <OutPorts = 1>
ST_6 : Operation 104 [1/1] (0.00ns)   --->   "%trunc_ln33_3 = trunc i17 %tmp_17_i" [firmware/myproject_axi_master.cpp:33]   --->   Operation 104 'trunc' 'trunc_ln33_3' <Predicate = (!icmp_ln33_3)> <Delay = 0.00>
ST_6 : Operation 105 [1/1] (0.00ns)   --->   "%zext_ln33_9 = zext i17 %select_ln33_6" [firmware/myproject_axi_master.cpp:33]   --->   Operation 105 'zext' 'zext_ln33_9' <Predicate = (!icmp_ln33_3)> <Delay = 0.00>
ST_6 : Operation 106 [1/1] (0.78ns)   --->   "%add_ln33_6 = add i5 %trunc_ln33_3, i5 8" [firmware/myproject_axi_master.cpp:33]   --->   Operation 106 'add' 'add_ln33_6' <Predicate = (!icmp_ln33_3)> <Delay = 0.78> <CoreInst = "Adder">   --->   Core 1 'Adder' <Latency = 0> <II = 1> <Delay = 0.78> <FuncUnit> <Opcode : 'add' 'sub'> <InPorts = 2> <OutPorts = 1>
ST_6 : Operation 107 [1/1] (0.00ns)   --->   "%zext_ln33_10 = zext i5 %add_ln33_6" [firmware/myproject_axi_master.cpp:33]   --->   Operation 107 'zext' 'zext_ln33_10' <Predicate = (!icmp_ln33_3)> <Delay = 0.00>
ST_6 : Operation 108 [1/1] (1.23ns)   --->   "%shl_ln33_3 = shl i41 %zext_ln33_9, i41 %zext_ln33_10" [firmware/myproject_axi_master.cpp:33]   --->   Operation 108 'shl' 'shl_ln33_3' <Predicate = (!icmp_ln33_3)> <Delay = 1.23> <CoreInst = "Shifter">   --->   Core 75 'Shifter' <Latency = 0> <II = 1> <Delay = 1.23> <FuncUnit> <Opcode : 'shl' 'lshr' 'ashr'> <InPorts = 2> <OutPorts = 1>
ST_6 : Operation 109 [1/1] (0.00ns)   --->   "%lshr_ln33_3 = partselect i40 @_ssdm_op_PartSelect.i40.i41.i32.i32, i41 %shl_ln33_3, i32 1, i32 40" [firmware/myproject_axi_master.cpp:33]   --->   Operation 109 'partselect' 'lshr_ln33_3' <Predicate = (!icmp_ln33_3)> <Delay = 0.00>
ST_6 : Operation 110 [1/1] (0.00ns)   --->   "%zext_ln33_11 = zext i40 %lshr_ln33_3" [firmware/myproject_axi_master.cpp:33]   --->   Operation 110 'zext' 'zext_ln33_11' <Predicate = (!icmp_ln33_3)> <Delay = 0.00>
ST_6 : Operation 111 [1/1] (0.00ns) (grouped into LUT with out node add_ln33_7)   --->   "%tmp_12 = bitselect i1 @_ssdm_op_BitSelect.i1.i41.i32, i41 %shl_ln33_3, i32 25" [firmware/myproject_axi_master.cpp:33]   --->   Operation 111 'bitselect' 'tmp_12' <Predicate = (!icmp_ln33_3)> <Delay = 0.00>
ST_6 : Operation 112 [1/1] (0.00ns) (grouped into LUT with out node add_ln33_7)   --->   "%select_ln33_7 = select i1 %tmp_12, i8 127, i8 126" [firmware/myproject_axi_master.cpp:33]   --->   Operation 112 'select' 'select_ln33_7' <Predicate = (!icmp_ln33_3)> <Delay = 0.00> <CoreInst = "Sel">   --->   Core 73 'Sel' <Latency = 0> <II = 1> <Delay = 0.39> <FuncUnit> <Opcode : 'select'> <InPorts = 3> <OutPorts = 1>
ST_6 : Operation 113 [1/1] (0.78ns)   --->   "%sub_ln33_7 = sub i5 8, i5 %trunc_ln33_3" [firmware/myproject_axi_master.cpp:33]   --->   Operation 113 'sub' 'sub_ln33_7' <Predicate = (!icmp_ln33_3)> <Delay = 0.78> <CoreInst = "Adder">   --->   Core 1 'Adder' <Latency = 0> <II = 1> <Delay = 0.78> <FuncUnit> <Opcode : 'add' 'sub'> <InPorts = 2> <OutPorts = 1>
ST_6 : Operation 114 [1/1] (0.00ns) (grouped into LUT with out node add_ln33_7)   --->   "%sext_ln33_3 = sext i5 %sub_ln33_7" [firmware/myproject_axi_master.cpp:33]   --->   Operation 114 'sext' 'sext_ln33_3' <Predicate = (!icmp_ln33_3)> <Delay = 0.00>
ST_6 : Operation 115 [1/1] (0.76ns) (out node of the LUT)   --->   "%add_ln33_7 = add i8 %select_ln33_7, i8 %sext_ln33_3" [firmware/myproject_axi_master.cpp:33]   --->   Operation 115 'add' 'add_ln33_7' <Predicate = (!icmp_ln33_3)> <Delay = 0.76> <CoreInst = "Adder">   --->   Core 1 'Adder' <Latency = 0> <II = 1> <Delay = 0.76> <FuncUnit> <Opcode : 'add' 'sub'> <InPorts = 2> <OutPorts = 1>
ST_6 : Operation 116 [1/1] (0.00ns)   --->   "%tmp_19_i = bitconcatenate i9 @_ssdm_op_BitConcatenate.i9.i1.i8, i1 %tmp_11, i8 %add_ln33_7" [firmware/myproject_axi_master.cpp:33]   --->   Operation 116 'bitconcatenate' 'tmp_19_i' <Predicate = (!icmp_ln33_3)> <Delay = 0.00>
ST_6 : Operation 117 [1/1] (0.00ns)   --->   "%pi_assign_3 = partset i64 @_ssdm_op_PartSet.i64.i64.i9.i32.i32, i64 %zext_ln33_11, i9 %tmp_19_i, i32 23, i32 31" [firmware/myproject_axi_master.cpp:33]   --->   Operation 117 'partset' 'pi_assign_3' <Predicate = (!icmp_ln33_3)> <Delay = 0.00>
ST_6 : Operation 118 [1/1] (0.00ns)   --->   "%LD_3 = trunc i64 %pi_assign_3" [firmware/myproject_axi_master.cpp:33]   --->   Operation 118 'trunc' 'LD_3' <Predicate = (!icmp_ln33_3)> <Delay = 0.00>
ST_6 : Operation 119 [1/1] (0.44ns)   --->   "%empty_64 = select i1 %icmp_ln33_3, i32 0, i32 %LD_3" [firmware/myproject_axi_master.cpp:33]   --->   Operation 119 'select' 'empty_64' <Predicate = true> <Delay = 0.44> <CoreInst = "Sel">   --->   Core 73 'Sel' <Latency = 0> <II = 1> <Delay = 0.44> <FuncUnit> <Opcode : 'select'> <InPorts = 3> <OutPorts = 1>
ST_6 : Operation 120 [1/1] (0.86ns)   --->   "%icmp_ln33_4 = icmp_eq  i17 %tmp_4, i17 0" [firmware/myproject_axi_master.cpp:33]   --->   Operation 120 'icmp' 'icmp_ln33_4' <Predicate = true> <Delay = 0.86> <CoreInst = "Cmp">   --->   Core 9 'Cmp' <Latency = 0> <II = 1> <Delay = 0.86> <FuncUnit> <Opcode : 'seteq' 'setne' 'setle' 'setge' 'setlt' 'setgt'> <InPorts = 2> <OutPorts = 1>
ST_6 : Operation 121 [1/1] (0.86ns)   --->   "%sub_ln33_8 = sub i17 0, i17 %tmp_4" [firmware/myproject_axi_master.cpp:33]   --->   Operation 121 'sub' 'sub_ln33_8' <Predicate = (tmp_13)> <Delay = 0.86> <CoreInst = "Adder">   --->   Core 1 'Adder' <Latency = 0> <II = 1> <Delay = 0.86> <FuncUnit> <Opcode : 'add' 'sub'> <InPorts = 2> <OutPorts = 1>
ST_6 : Operation 122 [1/1] (0.35ns)   --->   "%select_ln33_8 = select i1 %tmp_13, i17 %sub_ln33_8, i17 %tmp_4" [firmware/myproject_axi_master.cpp:33]   --->   Operation 122 'select' 'select_ln33_8' <Predicate = true> <Delay = 0.35> <CoreInst = "Sel">   --->   Core 73 'Sel' <Latency = 0> <II = 1> <Delay = 0.35> <FuncUnit> <Opcode : 'select'> <InPorts = 3> <OutPorts = 1>

State 7 <SV = 6> <Delay = 4.37>
ST_7 : Operation 123 [1/1] ( I:4.37ns O:4.37ns )   --->   "%write_ln33 = write void @_ssdm_op_Write.m_axi.p1i32.i32, i32 %gmem_out0_addr, i32 %empty_64, i4 15" [firmware/myproject_axi_master.cpp:33]   --->   Operation 123 'write' 'write_ln33' <Predicate = true> <Delay = 4.37> <CoreInst = "m_axi">   --->   Core 119 'm_axi' <Latency = 5> <II = 1> <Delay = 1.00> <Adapter> <Opcode : 'readrequnaligned' 'writerequnaligned' 'read' 'write' 'readreq' 'writereq' 'writeresp'>
ST_7 : Operation 124 [1/1] (0.46ns)   --->   "%tmp_21_i = ctlz i17 @llvm.ctlz.i17, i17 %select_ln33_8, i1 0" [firmware/myproject_axi_master.cpp:33]   --->   Operation 124 'ctlz' 'tmp_21_i' <Predicate = (!icmp_ln33_4)> <Delay = 0.46> <CoreInst = "ctlz">   --->   Core 145 'ctlz' <Latency = 0> <II = 1> <Delay = 0.46> <FuncUnit> <Opcode : 'ctlz'> <InPorts = 1> <OutPorts = 1>
ST_7 : Operation 125 [1/1] (0.00ns)   --->   "%trunc_ln33_4 = trunc i17 %tmp_21_i" [firmware/myproject_axi_master.cpp:33]   --->   Operation 125 'trunc' 'trunc_ln33_4' <Predicate = (!icmp_ln33_4)> <Delay = 0.00>
ST_7 : Operation 126 [1/1] (0.00ns)   --->   "%zext_ln33_12 = zext i17 %select_ln33_8" [firmware/myproject_axi_master.cpp:33]   --->   Operation 126 'zext' 'zext_ln33_12' <Predicate = (!icmp_ln33_4)> <Delay = 0.00>
ST_7 : Operation 127 [1/1] (0.78ns)   --->   "%add_ln33_8 = add i5 %trunc_ln33_4, i5 8" [firmware/myproject_axi_master.cpp:33]   --->   Operation 127 'add' 'add_ln33_8' <Predicate = (!icmp_ln33_4)> <Delay = 0.78> <CoreInst = "Adder">   --->   Core 1 'Adder' <Latency = 0> <II = 1> <Delay = 0.78> <FuncUnit> <Opcode : 'add' 'sub'> <InPorts = 2> <OutPorts = 1>
ST_7 : Operation 128 [1/1] (0.00ns)   --->   "%zext_ln33_13 = zext i5 %add_ln33_8" [firmware/myproject_axi_master.cpp:33]   --->   Operation 128 'zext' 'zext_ln33_13' <Predicate = (!icmp_ln33_4)> <Delay = 0.00>
ST_7 : Operation 129 [1/1] (1.23ns)   --->   "%shl_ln33_4 = shl i41 %zext_ln33_12, i41 %zext_ln33_13" [firmware/myproject_axi_master.cpp:33]   --->   Operation 129 'shl' 'shl_ln33_4' <Predicate = (!icmp_ln33_4)> <Delay = 1.23> <CoreInst = "Shifter">   --->   Core 75 'Shifter' <Latency = 0> <II = 1> <Delay = 1.23> <FuncUnit> <Opcode : 'shl' 'lshr' 'ashr'> <InPorts = 2> <OutPorts = 1>
ST_7 : Operation 130 [1/1] (0.00ns)   --->   "%lshr_ln33_4 = partselect i40 @_ssdm_op_PartSelect.i40.i41.i32.i32, i41 %shl_ln33_4, i32 1, i32 40" [firmware/myproject_axi_master.cpp:33]   --->   Operation 130 'partselect' 'lshr_ln33_4' <Predicate = (!icmp_ln33_4)> <Delay = 0.00>
ST_7 : Operation 131 [1/1] (0.00ns)   --->   "%zext_ln33_14 = zext i40 %lshr_ln33_4" [firmware/myproject_axi_master.cpp:33]   --->   Operation 131 'zext' 'zext_ln33_14' <Predicate = (!icmp_ln33_4)> <Delay = 0.00>
ST_7 : Operation 132 [1/1] (0.00ns) (grouped into LUT with out node add_ln33_9)   --->   "%tmp_14 = bitselect i1 @_ssdm_op_BitSelect.i1.i41.i32, i41 %shl_ln33_4, i32 25" [firmware/myproject_axi_master.cpp:33]   --->   Operation 132 'bitselect' 'tmp_14' <Predicate = (!icmp_ln33_4)> <Delay = 0.00>
ST_7 : Operation 133 [1/1] (0.00ns) (grouped into LUT with out node add_ln33_9)   --->   "%select_ln33_9 = select i1 %tmp_14, i8 127, i8 126" [firmware/myproject_axi_master.cpp:33]   --->   Operation 133 'select' 'select_ln33_9' <Predicate = (!icmp_ln33_4)> <Delay = 0.00> <CoreInst = "Sel">   --->   Core 73 'Sel' <Latency = 0> <II = 1> <Delay = 0.39> <FuncUnit> <Opcode : 'select'> <InPorts = 3> <OutPorts = 1>
ST_7 : Operation 134 [1/1] (0.78ns)   --->   "%sub_ln33_9 = sub i5 8, i5 %trunc_ln33_4" [firmware/myproject_axi_master.cpp:33]   --->   Operation 134 'sub' 'sub_ln33_9' <Predicate = (!icmp_ln33_4)> <Delay = 0.78> <CoreInst = "Adder">   --->   Core 1 'Adder' <Latency = 0> <II = 1> <Delay = 0.78> <FuncUnit> <Opcode : 'add' 'sub'> <InPorts = 2> <OutPorts = 1>
ST_7 : Operation 135 [1/1] (0.00ns) (grouped into LUT with out node add_ln33_9)   --->   "%sext_ln33_4 = sext i5 %sub_ln33_9" [firmware/myproject_axi_master.cpp:33]   --->   Operation 135 'sext' 'sext_ln33_4' <Predicate = (!icmp_ln33_4)> <Delay = 0.00>
ST_7 : Operation 136 [1/1] (0.76ns) (out node of the LUT)   --->   "%add_ln33_9 = add i8 %select_ln33_9, i8 %sext_ln33_4" [firmware/myproject_axi_master.cpp:33]   --->   Operation 136 'add' 'add_ln33_9' <Predicate = (!icmp_ln33_4)> <Delay = 0.76> <CoreInst = "Adder">   --->   Core 1 'Adder' <Latency = 0> <II = 1> <Delay = 0.76> <FuncUnit> <Opcode : 'add' 'sub'> <InPorts = 2> <OutPorts = 1>
ST_7 : Operation 137 [1/1] (0.00ns)   --->   "%tmp_23_i = bitconcatenate i9 @_ssdm_op_BitConcatenate.i9.i1.i8, i1 %tmp_13, i8 %add_ln33_9" [firmware/myproject_axi_master.cpp:33]   --->   Operation 137 'bitconcatenate' 'tmp_23_i' <Predicate = (!icmp_ln33_4)> <Delay = 0.00>
ST_7 : Operation 138 [1/1] (0.00ns)   --->   "%pi_assign_4 = partset i64 @_ssdm_op_PartSet.i64.i64.i9.i32.i32, i64 %zext_ln33_14, i9 %tmp_23_i, i32 23, i32 31" [firmware/myproject_axi_master.cpp:33]   --->   Operation 138 'partset' 'pi_assign_4' <Predicate = (!icmp_ln33_4)> <Delay = 0.00>
ST_7 : Operation 139 [1/1] (0.00ns)   --->   "%LD_4 = trunc i64 %pi_assign_4" [firmware/myproject_axi_master.cpp:33]   --->   Operation 139 'trunc' 'LD_4' <Predicate = (!icmp_ln33_4)> <Delay = 0.00>
ST_7 : Operation 140 [1/1] (0.44ns)   --->   "%empty_65 = select i1 %icmp_ln33_4, i32 0, i32 %LD_4" [firmware/myproject_axi_master.cpp:33]   --->   Operation 140 'select' 'empty_65' <Predicate = true> <Delay = 0.44> <CoreInst = "Sel">   --->   Core 73 'Sel' <Latency = 0> <II = 1> <Delay = 0.44> <FuncUnit> <Opcode : 'select'> <InPorts = 3> <OutPorts = 1>

State 8 <SV = 7> <Delay = 4.37>
ST_8 : Operation 141 [1/1] (0.00ns)   --->   "%specpipeline_ln28 = specpipeline void @_ssdm_op_SpecPipeline, i32 4294967295, i32 0, i32 0, i32 0, i32 4294967295, void @empty_14" [firmware/myproject_axi_master.cpp:28]   --->   Operation 141 'specpipeline' 'specpipeline_ln28' <Predicate = true> <Delay = 0.00>
ST_8 : Operation 142 [1/1] (0.00ns)   --->   "%specloopname_ln29 = specloopname void @_ssdm_op_SpecLoopName, void @empty_5" [firmware/myproject_axi_master.cpp:29]   --->   Operation 142 'specloopname' 'specloopname_ln29' <Predicate = true> <Delay = 0.00>
ST_8 : Operation 143 [1/1] ( I:4.37ns O:4.37ns )   --->   "%write_ln33 = write void @_ssdm_op_Write.m_axi.p1i32.i32, i32 %gmem_out0_addr, i32 %empty_65, i4 15" [firmware/myproject_axi_master.cpp:33]   --->   Operation 143 'write' 'write_ln33' <Predicate = true> <Delay = 4.37> <CoreInst = "m_axi">   --->   Core 119 'm_axi' <Latency = 5> <II = 1> <Delay = 1.00> <Adapter> <Opcode : 'readrequnaligned' 'writerequnaligned' 'read' 'write' 'readreq' 'writereq' 'writeresp'>
ST_8 : Operation 144 [1/1] (0.00ns)   --->   "%br_ln29 = br void %VITIS_LOOP_30_2.i" [firmware/myproject_axi_master.cpp:29]   --->   Operation 144 'br' 'br_ln29' <Predicate = true> <Delay = 0.00>


============================================================
+ Verbose Summary: Binding
============================================================
STG Binding: 
---------------- STG Properties BEGIN ----------------
- Is combinational: 0
- Is one-state seq: 0
- Is datapath-only: 0
- Is pipelined: 0
- Is top level: 0
Port [ Return ] is wired: 1; IO mode=ap_ctrl_hs:ce=0
Port [ batch_size_1]:  wired=1; compound=0; hidden=0; nouse=0; global=0; static=0; extern=0; dir=0; type=0; pingpong=0; private_global=0; IO mode=ap_none:ce=0
Port [ gmem_out0]:  wired=1; compound=1; hidden=0; nouse=0; global=0; static=0; extern=0; dir=1; type=4; pingpong=0; private_global=0; IO mode=m_axi:ce=0
Port [ sext_ln29]:  wired=1; compound=0; hidden=0; nouse=0; global=0; static=0; extern=0; dir=0; type=0; pingpong=0; private_global=0; IO mode=ap_none:ce=0
Port [ stream_out0_layer12_out]:  wired=1; compound=1; hidden=0; nouse=0; global=1; static=1; extern=0; dir=0; type=3; pingpong=0; private_global=0; IO mode=ap_fifo:ce=0
---------------- STG Properties END ------------------

---------------- Datapath Model BEGIN ----------------

<LifeTime>
<method=bitvector/>
q                            (alloca        ) [ 010000000]
sext_ln29_read               (read          ) [ 000000000]
batch_size_1_read            (read          ) [ 000000000]
sext_ln29_cast               (sext          ) [ 000000000]
specinterface_ln0            (specinterface ) [ 000000000]
specinterface_ln0            (specinterface ) [ 000000000]
store_ln0                    (store         ) [ 000000000]
br_ln29                      (br            ) [ 000000000]
q_load                       (load          ) [ 000000000]
zext_ln29                    (zext          ) [ 000000000]
icmp_ln29                    (icmp          ) [ 011111000]
br_ln29                      (br            ) [ 000000000]
gmem_out0_addr               (getelementptr ) [ 011111111]
add_ln29                     (add           ) [ 000000000]
store_ln29                   (store         ) [ 000000000]
stream_out0_layer12_out_read (read          ) [ 000000000]
tmp                          (trunc         ) [ 000000000]
tmp_1                        (partselect    ) [ 000100000]
tmp_2                        (partselect    ) [ 000110000]
tmp_3                        (partselect    ) [ 000111000]
tmp_4                        (partselect    ) [ 010111100]
icmp_ln33                    (icmp          ) [ 000100000]
tmp_5                        (bitselect     ) [ 000100000]
sub_ln33                     (sub           ) [ 000000000]
select_ln33                  (select        ) [ 000100000]
tmp_7                        (bitselect     ) [ 000110000]
tmp_9                        (bitselect     ) [ 000111000]
tmp_11                       (bitselect     ) [ 010111100]
tmp_13                       (bitselect     ) [ 011111110]
tmp_6_i                      (ctlz          ) [ 000000000]
trunc_ln33                   (trunc         ) [ 000000000]
zext_ln33                    (zext          ) [ 000000000]
add_ln33                     (add           ) [ 000000000]
zext_ln33_1                  (zext          ) [ 000000000]
shl_ln33                     (shl           ) [ 000000000]
lshr_ln                      (partselect    ) [ 000000000]
zext_ln33_2                  (zext          ) [ 000000000]
tmp_6                        (bitselect     ) [ 000000000]
select_ln33_1                (select        ) [ 000000000]
sub_ln33_1                   (sub           ) [ 000000000]
sext_ln33                    (sext          ) [ 000000000]
add_ln33_1                   (add           ) [ 000000000]
tmp_7_i                      (bitconcatenate) [ 000000000]
pi_assign                    (partset       ) [ 000000000]
LD                           (trunc         ) [ 000000000]
empty                        (select        ) [ 000010000]
icmp_ln33_1                  (icmp          ) [ 000010000]
sub_ln33_2                   (sub           ) [ 000000000]
select_ln33_2                (select        ) [ 000010000]
write_ln33                   (write         ) [ 000000000]
tmp_8_i                      (ctlz          ) [ 000000000]
trunc_ln33_1                 (trunc         ) [ 000000000]
zext_ln33_3                  (zext          ) [ 000000000]
add_ln33_2                   (add           ) [ 000000000]
zext_ln33_4                  (zext          ) [ 000000000]
shl_ln33_1                   (shl           ) [ 000000000]
lshr_ln33_1                  (partselect    ) [ 000000000]
zext_ln33_5                  (zext          ) [ 000000000]
tmp_8                        (bitselect     ) [ 000000000]
select_ln33_3                (select        ) [ 000000000]
sub_ln33_3                   (sub           ) [ 000000000]
sext_ln33_1                  (sext          ) [ 000000000]
add_ln33_3                   (add           ) [ 000000000]
tmp_11_i                     (bitconcatenate) [ 000000000]
pi_assign_1                  (partset       ) [ 000000000]
LD_1                         (trunc         ) [ 000000000]
empty_62                     (select        ) [ 000001000]
icmp_ln33_2                  (icmp          ) [ 000001000]
sub_ln33_4                   (sub           ) [ 000000000]
select_ln33_4                (select        ) [ 000001000]
write_ln33                   (write         ) [ 000000000]
tmp_13_i                     (ctlz          ) [ 000000000]
trunc_ln33_2                 (trunc         ) [ 000000000]
zext_ln33_6                  (zext          ) [ 000000000]
add_ln33_4                   (add           ) [ 000000000]
zext_ln33_7                  (zext          ) [ 000000000]
shl_ln33_2                   (shl           ) [ 000000000]
lshr_ln33_2                  (partselect    ) [ 000000000]
zext_ln33_8                  (zext          ) [ 000000000]
tmp_10                       (bitselect     ) [ 000000000]
select_ln33_5                (select        ) [ 000000000]
sub_ln33_5                   (sub           ) [ 000000000]
sext_ln33_2                  (sext          ) [ 000000000]
add_ln33_5                   (add           ) [ 000000000]
tmp_15_i                     (bitconcatenate) [ 000000000]
pi_assign_2                  (partset       ) [ 000000000]
LD_2                         (trunc         ) [ 000000000]
empty_63                     (select        ) [ 010000100]
icmp_ln33_3                  (icmp          ) [ 010000100]
sub_ln33_6                   (sub           ) [ 000000000]
select_ln33_6                (select        ) [ 010000100]
write_ln33                   (write         ) [ 000000000]
tmp_17_i                     (ctlz          ) [ 000000000]
trunc_ln33_3                 (trunc         ) [ 000000000]
zext_ln33_9                  (zext          ) [ 000000000]
add_ln33_6                   (add           ) [ 000000000]
zext_ln33_10                 (zext          ) [ 000000000]
shl_ln33_3                   (shl           ) [ 000000000]
lshr_ln33_3                  (partselect    ) [ 000000000]
zext_ln33_11                 (zext          ) [ 000000000]
tmp_12                       (bitselect     ) [ 000000000]
select_ln33_7                (select        ) [ 000000000]
sub_ln33_7                   (sub           ) [ 000000000]
sext_ln33_3                  (sext          ) [ 000000000]
add_ln33_7                   (add           ) [ 000000000]
tmp_19_i                     (bitconcatenate) [ 000000000]
pi_assign_3                  (partset       ) [ 000000000]
LD_3                         (trunc         ) [ 000000000]
empty_64                     (select        ) [ 001000010]
icmp_ln33_4                  (icmp          ) [ 001000010]
sub_ln33_8                   (sub           ) [ 000000000]
select_ln33_8                (select        ) [ 001000010]
write_ln33                   (write         ) [ 000000000]
tmp_21_i                     (ctlz          ) [ 000000000]
trunc_ln33_4                 (trunc         ) [ 000000000]
zext_ln33_12                 (zext          ) [ 000000000]
add_ln33_8                   (add           ) [ 000000000]
zext_ln33_13                 (zext          ) [ 000000000]
shl_ln33_4                   (shl           ) [ 000000000]
lshr_ln33_4                  (partselect    ) [ 000000000]
zext_ln33_14                 (zext          ) [ 000000000]
tmp_14                       (bitselect     ) [ 000000000]
select_ln33_9                (select        ) [ 000000000]
sub_ln33_9                   (sub           ) [ 000000000]
sext_ln33_4                  (sext          ) [ 000000000]
add_ln33_9                   (add           ) [ 000000000]
tmp_23_i                     (bitconcatenate) [ 000000000]
pi_assign_4                  (partset       ) [ 000000000]
LD_4                         (trunc         ) [ 000000000]
empty_65                     (select        ) [ 000100001]
specpipeline_ln28            (specpipeline  ) [ 000000000]
specloopname_ln29            (specloopname  ) [ 000000000]
write_ln33                   (write         ) [ 000000000]
br_ln29                      (br            ) [ 000000000]
ret_ln0                      (ret           ) [ 000000000]
</LifeTime>

<model>

<comp_list>
<comp id="0" class="1000" name="batch_size_1">
<pin_list>
<pin id="1" dir="1" index="0" bw="1" slack="0"/>
</pin_list>
<bind>
<StgValue><ssdm name="batch_size_1"/></StgValue>
</bind>
</comp>

<comp id="2" class="1000" name="gmem_out0">
<pin_list>
<pin id="3" dir="1" index="0" bw="1" slack="0"/>
</pin_list>
<bind>
<StgValue><ssdm name="gmem_out0"/><MemPortTyVec>1 </MemPortTyVec>
</StgValue>
</bind>
</comp>

<comp id="4" class="1000" name="sext_ln29">
<pin_list>
<pin id="5" dir="1" index="0" bw="1" slack="0"/>
</pin_list>
<bind>
<StgValue><ssdm name="sext_ln29"/></StgValue>
</bind>
</comp>

<comp id="6" class="1000" name="stream_out0_layer12_out">
<pin_list>
<pin id="7" dir="1" index="0" bw="1" slack="0"/>
</pin_list>
<bind>
<StgValue><ssdm name="stream_out0_layer12_out"/></StgValue>
</bind>
</comp>

<comp id="8" class="1001" name="const_8">
<pin_list>
<pin id="9" dir="1" index="0" bw="1" slack="0"/>
</pin_list>
<bind>
<StgValue><ssdm name=""/></StgValue>
</bind>
</comp>

<comp id="10" class="1001" name="const_10">
<pin_list>
<pin id="11" dir="1" index="0" bw="1" slack="0"/>
</pin_list>
<bind>
<StgValue><ssdm name="_ssdm_op_Read.ap_auto.i62"/></StgValue>
</bind>
</comp>

<comp id="12" class="1001" name="const_12">
<pin_list>
<pin id="13" dir="1" index="0" bw="1" slack="0"/>
</pin_list>
<bind>
<StgValue><ssdm name="_ssdm_op_Read.ap_auto.i32"/></StgValue>
</bind>
</comp>

<comp id="14" class="1001" name="const_14">
<pin_list>
<pin id="15" dir="1" index="0" bw="1" slack="2147483647"/>
</pin_list>
<bind>
<StgValue><ssdm name="_ssdm_op_SpecInterface"/></StgValue>
</bind>
</comp>

<comp id="16" class="1001" name="const_16">
<pin_list>
<pin id="17" dir="1" index="0" bw="1" slack="2147483647"/>
</pin_list>
<bind>
<StgValue><ssdm name="empty_15"/></StgValue>
</bind>
</comp>

<comp id="18" class="1001" name="const_18">
<pin_list>
<pin id="19" dir="1" index="0" bw="1" slack="0"/>
</pin_list>
<bind>
<StgValue><ssdm name=""/></StgValue>
</bind>
</comp>

<comp id="20" class="1001" name="const_20">
<pin_list>
<pin id="21" dir="1" index="0" bw="1" slack="2147483647"/>
</pin_list>
<bind>
<StgValue><ssdm name="empty_14"/></StgValue>
</bind>
</comp>

<comp id="22" class="1001" name="const_22">
<pin_list>
<pin id="23" dir="1" index="0" bw="1" slack="2147483647"/>
</pin_list>
<bind>
<StgValue><ssdm name=""/></StgValue>
</bind>
</comp>

<comp id="24" class="1001" name="const_24">
<pin_list>
<pin id="25" dir="1" index="0" bw="1" slack="2147483647"/>
</pin_list>
<bind>
<StgValue><ssdm name="empty_11"/></StgValue>
</bind>
</comp>

<comp id="26" class="1001" name="const_26">
<pin_list>
<pin id="27" dir="1" index="0" bw="1" slack="2147483647"/>
</pin_list>
<bind>
<StgValue><ssdm name="empty_12"/></StgValue>
</bind>
</comp>

<comp id="28" class="1001" name="const_28">
<pin_list>
<pin id="29" dir="1" index="0" bw="1" slack="0"/>
</pin_list>
<bind>
<StgValue><ssdm name=""/></StgValue>
</bind>
</comp>

<comp id="30" class="1001" name="const_30">
<pin_list>
<pin id="31" dir="1" index="0" bw="1" slack="2147483647"/>
</pin_list>
<bind>
<StgValue><ssdm name=""/></StgValue>
</bind>
</comp>

<comp id="32" class="1001" name="const_32">
<pin_list>
<pin id="33" dir="1" index="0" bw="1" slack="2147483647"/>
</pin_list>
<bind>
<StgValue><ssdm name=""/></StgValue>
</bind>
</comp>

<comp id="34" class="1001" name="const_34">
<pin_list>
<pin id="35" dir="1" index="0" bw="1" slack="2147483647"/>
</pin_list>
<bind>
<StgValue><ssdm name="empty_9"/></StgValue>
</bind>
</comp>

<comp id="36" class="1001" name="const_36">
<pin_list>
<pin id="37" dir="1" index="0" bw="1" slack="0"/>
</pin_list>
<bind>
<StgValue><ssdm name=""/></StgValue>
</bind>
</comp>

<comp id="38" class="1001" name="const_38">
<pin_list>
<pin id="39" dir="1" index="0" bw="1" slack="0"/>
</pin_list>
<bind>
<StgValue><ssdm name=""/></StgValue>
</bind>
</comp>

<comp id="40" class="1001" name="const_40">
<pin_list>
<pin id="41" dir="1" index="0" bw="1" slack="0"/>
</pin_list>
<bind>
<StgValue><ssdm name="_ssdm_op_Read.ap_fifo.volatile.i160P0A"/></StgValue>
</bind>
</comp>

<comp id="42" class="1001" name="const_42">
<pin_list>
<pin id="43" dir="1" index="0" bw="1" slack="0"/>
</pin_list>
<bind>
<StgValue><ssdm name="_ssdm_op_PartSelect.i17.i160.i160"/></StgValue>
</bind>
</comp>

<comp id="44" class="1001" name="const_44">
<pin_list>
<pin id="45" dir="1" index="0" bw="1" slack="0"/>
</pin_list>
<bind>
<StgValue><ssdm name=""/></StgValue>
</bind>
</comp>

<comp id="46" class="1001" name="const_46">
<pin_list>
<pin id="47" dir="1" index="0" bw="1" slack="0"/>
</pin_list>
<bind>
<StgValue><ssdm name=""/></StgValue>
</bind>
</comp>

<comp id="48" class="1001" name="const_48">
<pin_list>
<pin id="49" dir="1" index="0" bw="1" slack="0"/>
</pin_list>
<bind>
<StgValue><ssdm name=""/></StgValue>
</bind>
</comp>

<comp id="50" class="1001" name="const_50">
<pin_list>
<pin id="51" dir="1" index="0" bw="1" slack="0"/>
</pin_list>
<bind>
<StgValue><ssdm name=""/></StgValue>
</bind>
</comp>

<comp id="52" class="1001" name="const_52">
<pin_list>
<pin id="53" dir="1" index="0" bw="1" slack="0"/>
</pin_list>
<bind>
<StgValue><ssdm name=""/></StgValue>
</bind>
</comp>

<comp id="54" class="1001" name="const_54">
<pin_list>
<pin id="55" dir="1" index="0" bw="1" slack="0"/>
</pin_list>
<bind>
<StgValue><ssdm name="_ssdm_op_BitSelect.i1.i160.i32"/></StgValue>
</bind>
</comp>

<comp id="56" class="1001" name="const_56">
<pin_list>
<pin id="57" dir="1" index="0" bw="1" slack="0"/>
</pin_list>
<bind>
<StgValue><ssdm name="_ssdm_op_BitSelect.i1.i160.i160"/></StgValue>
</bind>
</comp>

<comp id="58" class="1001" name="const_58">
<pin_list>
<pin id="59" dir="1" index="0" bw="1" slack="0"/>
</pin_list>
<bind>
<StgValue><ssdm name=""/></StgValue>
</bind>
</comp>

<comp id="60" class="1001" name="const_60">
<pin_list>
<pin id="61" dir="1" index="0" bw="1" slack="0"/>
</pin_list>
<bind>
<StgValue><ssdm name=""/></StgValue>
</bind>
</comp>

<comp id="62" class="1001" name="const_62">
<pin_list>
<pin id="63" dir="1" index="0" bw="1" slack="0"/>
</pin_list>
<bind>
<StgValue><ssdm name=""/></StgValue>
</bind>
</comp>

<comp id="64" class="1001" name="const_64">
<pin_list>
<pin id="65" dir="1" index="0" bw="1" slack="0"/>
</pin_list>
<bind>
<StgValue><ssdm name=""/></StgValue>
</bind>
</comp>

<comp id="66" class="1001" name="const_66">
<pin_list>
<pin id="67" dir="1" index="0" bw="1" slack="0"/>
</pin_list>
<bind>
<StgValue><ssdm name="llvm.ctlz.i17"/></StgValue>
</bind>
</comp>

<comp id="68" class="1001" name="const_68">
<pin_list>
<pin id="69" dir="1" index="0" bw="1" slack="0"/>
</pin_list>
<bind>
<StgValue><ssdm name=""/></StgValue>
</bind>
</comp>

<comp id="70" class="1001" name="const_70">
<pin_list>
<pin id="71" dir="1" index="0" bw="1" slack="0"/>
</pin_list>
<bind>
<StgValue><ssdm name=""/></StgValue>
</bind>
</comp>

<comp id="72" class="1001" name="const_72">
<pin_list>
<pin id="73" dir="1" index="0" bw="1" slack="0"/>
</pin_list>
<bind>
<StgValue><ssdm name="_ssdm_op_PartSelect.i40.i41.i32.i32"/></StgValue>
</bind>
</comp>

<comp id="74" class="1001" name="const_74">
<pin_list>
<pin id="75" dir="1" index="0" bw="1" slack="0"/>
</pin_list>
<bind>
<StgValue><ssdm name=""/></StgValue>
</bind>
</comp>

<comp id="76" class="1001" name="const_76">
<pin_list>
<pin id="77" dir="1" index="0" bw="1" slack="0"/>
</pin_list>
<bind>
<StgValue><ssdm name="_ssdm_op_BitSelect.i1.i41.i32"/></StgValue>
</bind>
</comp>

<comp id="78" class="1001" name="const_78">
<pin_list>
<pin id="79" dir="1" index="0" bw="1" slack="0"/>
</pin_list>
<bind>
<StgValue><ssdm name=""/></StgValue>
</bind>
</comp>

<comp id="80" class="1001" name="const_80">
<pin_list>
<pin id="81" dir="1" index="0" bw="1" slack="0"/>
</pin_list>
<bind>
<StgValue><ssdm name=""/></StgValue>
</bind>
</comp>

<comp id="82" class="1001" name="const_82">
<pin_list>
<pin id="83" dir="1" index="0" bw="1" slack="0"/>
</pin_list>
<bind>
<StgValue><ssdm name=""/></StgValue>
</bind>
</comp>

<comp id="84" class="1001" name="const_84">
<pin_list>
<pin id="85" dir="1" index="0" bw="1" slack="0"/>
</pin_list>
<bind>
<StgValue><ssdm name="_ssdm_op_BitConcatenate.i9.i1.i8"/></StgValue>
</bind>
</comp>

<comp id="86" class="1001" name="const_86">
<pin_list>
<pin id="87" dir="1" index="0" bw="1" slack="0"/>
</pin_list>
<bind>
<StgValue><ssdm name="_ssdm_op_PartSet.i64.i64.i9.i32.i32"/></StgValue>
</bind>
</comp>

<comp id="88" class="1001" name="const_88">
<pin_list>
<pin id="89" dir="1" index="0" bw="1" slack="0"/>
</pin_list>
<bind>
<StgValue><ssdm name=""/></StgValue>
</bind>
</comp>

<comp id="90" class="1001" name="const_90">
<pin_list>
<pin id="91" dir="1" index="0" bw="1" slack="0"/>
</pin_list>
<bind>
<StgValue><ssdm name=""/></StgValue>
</bind>
</comp>

<comp id="92" class="1001" name="const_92">
<pin_list>
<pin id="93" dir="1" index="0" bw="1" slack="0"/>
</pin_list>
<bind>
<StgValue><ssdm name="_ssdm_op_Write.m_axi.p1i32.i32"/></StgValue>
</bind>
</comp>

<comp id="94" class="1001" name="const_94">
<pin_list>
<pin id="95" dir="1" index="0" bw="1" slack="0"/>
</pin_list>
<bind>
<StgValue><ssdm name=""/></StgValue>
</bind>
</comp>

<comp id="96" class="1001" name="const_96">
<pin_list>
<pin id="97" dir="1" index="0" bw="1" slack="2147483647"/>
</pin_list>
<bind>
<StgValue><ssdm name="_ssdm_op_SpecPipeline"/></StgValue>
</bind>
</comp>

<comp id="98" class="1001" name="const_98">
<pin_list>
<pin id="99" dir="1" index="0" bw="1" slack="2147483647"/>
</pin_list>
<bind>
<StgValue><ssdm name="_ssdm_op_SpecLoopName"/></StgValue>
</bind>
</comp>

<comp id="100" class="1001" name="const_100">
<pin_list>
<pin id="101" dir="1" index="0" bw="1" slack="2147483647"/>
</pin_list>
<bind>
<StgValue><ssdm name="empty_5"/></StgValue>
</bind>
</comp>

<comp id="102" class="1004" name="q_fu_102">
<pin_list>
<pin id="103" dir="0" index="0" bw="1" slack="0"/>
<pin id="104" dir="1" index="1" bw="31" slack="0"/>
</pin_list>
<bind>
<opcode="alloca(26) " fcode="alloca"/>
<opset="q/1 "/>
</bind>
</comp>

<comp id="106" class="1004" name="sext_ln29_read_read_fu_106">
<pin_list>
<pin id="107" dir="0" index="0" bw="62" slack="0"/>
<pin id="108" dir="0" index="1" bw="62" slack="0"/>
<pin id="109" dir="1" index="2" bw="62" slack="0"/>
</pin_list>
<bind>
<opcode="read(1150) " fcode="read"/>
<opset="sext_ln29_read/1 "/>
</bind>
</comp>

<comp id="112" class="1004" name="batch_size_1_read_read_fu_112">
<pin_list>
<pin id="113" dir="0" index="0" bw="32" slack="0"/>
<pin id="114" dir="0" index="1" bw="32" slack="0"/>
<pin id="115" dir="1" index="2" bw="32" slack="0"/>
</pin_list>
<bind>
<opcode="read(1150) " fcode="read"/>
<opset="batch_size_1_read/1 "/>
</bind>
</comp>

<comp id="118" class="1004" name="stream_out0_layer12_out_read_read_fu_118">
<pin_list>
<pin id="119" dir="0" index="0" bw="160" slack="0"/>
<pin id="120" dir="0" index="1" bw="160" slack="0"/>
<pin id="121" dir="1" index="2" bw="160" slack="0"/>
</pin_list>
<bind>
<opcode="read(1150) " fcode="read"/>
<opset="stream_out0_layer12_out_read/2 "/>
</bind>
</comp>

<comp id="124" class="1004" name="grp_write_fu_124">
<pin_list>
<pin id="125" dir="0" index="0" bw="0" slack="0"/>
<pin id="126" dir="0" index="1" bw="32" slack="3"/>
<pin id="127" dir="0" index="2" bw="32" slack="1"/>
<pin id="128" dir="0" index="3" bw="1" slack="0"/>
<pin id="129" dir="1" index="4" bw="0" slack="2147483647"/>
</pin_list>
<bind>
<opcode="write(1151) " fcode="write"/>
<opset="write_ln33/4 write_ln33/5 write_ln33/6 write_ln33/7 write_ln33/8 "/>
</bind>
</comp>

<comp id="132" class="1004" name="sext_ln29_cast_fu_132">
<pin_list>
<pin id="133" dir="0" index="0" bw="62" slack="0"/>
<pin id="134" dir="1" index="1" bw="64" slack="0"/>
</pin_list>
<bind>
<opcode="sext(35) " fcode="sext"/>
<opset="sext_ln29_cast/1 "/>
</bind>
</comp>

<comp id="136" class="1004" name="store_ln0_store_fu_136">
<pin_list>
<pin id="137" dir="0" index="0" bw="1" slack="0"/>
<pin id="138" dir="0" index="1" bw="31" slack="0"/>
<pin id="139" dir="1" index="2" bw="0" slack="2147483647"/>
</pin_list>
<bind>
<opcode="store(28) " fcode="store"/>
<opset="store_ln0/1 "/>
</bind>
</comp>

<comp id="141" class="1004" name="q_load_load_fu_141">
<pin_list>
<pin id="142" dir="0" index="0" bw="31" slack="0"/>
<pin id="143" dir="1" index="1" bw="31" slack="0"/>
</pin_list>
<bind>
<opcode="load(27) " fcode="load"/>
<opset="q_load/1 "/>
</bind>
</comp>

<comp id="144" class="1004" name="zext_ln29_fu_144">
<pin_list>
<pin id="145" dir="0" index="0" bw="31" slack="0"/>
<pin id="146" dir="1" index="1" bw="32" slack="0"/>
</pin_list>
<bind>
<opcode="zext(34) " fcode="zext"/>
<opset="zext_ln29/1 "/>
</bind>
</comp>

<comp id="148" class="1004" name="icmp_ln29_fu_148">
<pin_list>
<pin id="149" dir="0" index="0" bw="31" slack="0"/>
<pin id="150" dir="0" index="1" bw="32" slack="0"/>
<pin id="151" dir="1" index="2" bw="1" slack="1"/>
</pin_list>
<bind>
<opcode="icmp(45) " fcode="icmp"/>
<opset="icmp_ln29/1 "/>
</bind>
</comp>

<comp id="154" class="1004" name="gmem_out0_addr_fu_154">
<pin_list>
<pin id="155" dir="0" index="0" bw="32" slack="0"/>
<pin id="156" dir="0" index="1" bw="62" slack="0"/>
<pin id="157" dir="1" index="2" bw="32" slack="3"/>
</pin_list>
<bind>
<opcode="getelementptr(29) " fcode="getelementptr"/>
<opset="gmem_out0_addr/1 "/>
</bind>
</comp>

<comp id="160" class="1004" name="add_ln29_fu_160">
<pin_list>
<pin id="161" dir="0" index="0" bw="31" slack="0"/>
<pin id="162" dir="0" index="1" bw="1" slack="0"/>
<pin id="163" dir="1" index="2" bw="31" slack="0"/>
</pin_list>
<bind>
<opcode="add(8) " fcode="add"/>
<opset="add_ln29/1 "/>
</bind>
</comp>

<comp id="166" class="1004" name="store_ln29_store_fu_166">
<pin_list>
<pin id="167" dir="0" index="0" bw="31" slack="0"/>
<pin id="168" dir="0" index="1" bw="31" slack="0"/>
<pin id="169" dir="1" index="2" bw="0" slack="2147483647"/>
</pin_list>
<bind>
<opcode="store(28) " fcode="store"/>
<opset="store_ln29/1 "/>
</bind>
</comp>

<comp id="171" class="1004" name="tmp_fu_171">
<pin_list>
<pin id="172" dir="0" index="0" bw="160" slack="0"/>
<pin id="173" dir="1" index="1" bw="17" slack="0"/>
</pin_list>
<bind>
<opcode="trunc(33) " fcode="trunc"/>
<opset="tmp/2 "/>
</bind>
</comp>

<comp id="175" class="1004" name="tmp_1_fu_175">
<pin_list>
<pin id="176" dir="0" index="0" bw="17" slack="0"/>
<pin id="177" dir="0" index="1" bw="160" slack="0"/>
<pin id="178" dir="0" index="2" bw="7" slack="0"/>
<pin id="179" dir="1" index="3" bw="17" slack="1"/>
</pin_list>
<bind>
<opcode="partselect(1002) " fcode="partselect"/>
<opset="tmp_1/2 "/>
</bind>
</comp>

<comp id="183" class="1004" name="tmp_2_fu_183">
<pin_list>
<pin id="184" dir="0" index="0" bw="17" slack="0"/>
<pin id="185" dir="0" index="1" bw="160" slack="0"/>
<pin id="186" dir="0" index="2" bw="8" slack="0"/>
<pin id="187" dir="1" index="3" bw="17" slack="2"/>
</pin_list>
<bind>
<opcode="partselect(1002) " fcode="partselect"/>
<opset="tmp_2/2 "/>
</bind>
</comp>

<comp id="191" class="1004" name="tmp_3_fu_191">
<pin_list>
<pin id="192" dir="0" index="0" bw="17" slack="0"/>
<pin id="193" dir="0" index="1" bw="160" slack="0"/>
<pin id="194" dir="0" index="2" bw="8" slack="0"/>
<pin id="195" dir="1" index="3" bw="17" slack="3"/>
</pin_list>
<bind>
<opcode="partselect(1002) " fcode="partselect"/>
<opset="tmp_3/2 "/>
</bind>
</comp>

<comp id="199" class="1004" name="tmp_4_fu_199">
<pin_list>
<pin id="200" dir="0" index="0" bw="17" slack="0"/>
<pin id="201" dir="0" index="1" bw="160" slack="0"/>
<pin id="202" dir="0" index="2" bw="9" slack="0"/>
<pin id="203" dir="1" index="3" bw="17" slack="4"/>
</pin_list>
<bind>
<opcode="partselect(1002) " fcode="partselect"/>
<opset="tmp_4/2 "/>
</bind>
</comp>

<comp id="207" class="1004" name="icmp_ln33_fu_207">
<pin_list>
<pin id="208" dir="0" index="0" bw="17" slack="0"/>
<pin id="209" dir="0" index="1" bw="1" slack="0"/>
<pin id="210" dir="1" index="2" bw="1" slack="1"/>
</pin_list>
<bind>
<opcode="icmp(45) " fcode="icmp"/>
<opset="icmp_ln33/2 "/>
</bind>
</comp>

<comp id="213" class="1004" name="tmp_5_fu_213">
<pin_list>
<pin id="214" dir="0" index="0" bw="1" slack="0"/>
<pin id="215" dir="0" index="1" bw="160" slack="0"/>
<pin id="216" dir="0" index="2" bw="6" slack="0"/>
<pin id="217" dir="1" index="3" bw="1" slack="0"/>
</pin_list>
<bind>
<opcode="bitselect(1000) " fcode="bitselect"/>
<opset="tmp_5/2 "/>
</bind>
</comp>

<comp id="221" class="1004" name="sub_ln33_fu_221">
<pin_list>
<pin id="222" dir="0" index="0" bw="1" slack="0"/>
<pin id="223" dir="0" index="1" bw="17" slack="0"/>
<pin id="224" dir="1" index="2" bw="17" slack="0"/>
</pin_list>
<bind>
<opcode="sub(10) " fcode="sub"/>
<opset="sub_ln33/2 "/>
</bind>
</comp>

<comp id="227" class="1004" name="select_ln33_fu_227">
<pin_list>
<pin id="228" dir="0" index="0" bw="1" slack="0"/>
<pin id="229" dir="0" index="1" bw="17" slack="0"/>
<pin id="230" dir="0" index="2" bw="17" slack="0"/>
<pin id="231" dir="1" index="3" bw="17" slack="1"/>
</pin_list>
<bind>
<opcode="select(49) " fcode="select"/>
<opset="select_ln33/2 "/>
</bind>
</comp>

<comp id="235" class="1004" name="tmp_7_fu_235">
<pin_list>
<pin id="236" dir="0" index="0" bw="1" slack="0"/>
<pin id="237" dir="0" index="1" bw="160" slack="0"/>
<pin id="238" dir="0" index="2" bw="7" slack="0"/>
<pin id="239" dir="1" index="3" bw="1" slack="1"/>
</pin_list>
<bind>
<opcode="bitselect(1000) " fcode="bitselect"/>
<opset="tmp_7/2 "/>
</bind>
</comp>

<comp id="243" class="1004" name="tmp_9_fu_243">
<pin_list>
<pin id="244" dir="0" index="0" bw="1" slack="0"/>
<pin id="245" dir="0" index="1" bw="160" slack="0"/>
<pin id="246" dir="0" index="2" bw="8" slack="0"/>
<pin id="247" dir="1" index="3" bw="1" slack="2"/>
</pin_list>
<bind>
<opcode="bitselect(1000) " fcode="bitselect"/>
<opset="tmp_9/2 "/>
</bind>
</comp>

<comp id="251" class="1004" name="tmp_11_fu_251">
<pin_list>
<pin id="252" dir="0" index="0" bw="1" slack="0"/>
<pin id="253" dir="0" index="1" bw="160" slack="0"/>
<pin id="254" dir="0" index="2" bw="8" slack="0"/>
<pin id="255" dir="1" index="3" bw="1" slack="3"/>
</pin_list>
<bind>
<opcode="bitselect(1000) " fcode="bitselect"/>
<opset="tmp_11/2 "/>
</bind>
</comp>

<comp id="259" class="1004" name="tmp_13_fu_259">
<pin_list>
<pin id="260" dir="0" index="0" bw="1" slack="0"/>
<pin id="261" dir="0" index="1" bw="160" slack="0"/>
<pin id="262" dir="0" index="2" bw="9" slack="0"/>
<pin id="263" dir="1" index="3" bw="1" slack="4"/>
</pin_list>
<bind>
<opcode="bitselect(1000) " fcode="bitselect"/>
<opset="tmp_13/2 "/>
</bind>
</comp>

<comp id="267" class="1004" name="tmp_6_i_fu_267">
<pin_list>
<pin id="268" dir="0" index="0" bw="17" slack="0"/>
<pin id="269" dir="0" index="1" bw="17" slack="1"/>
<pin id="270" dir="0" index="2" bw="1" slack="0"/>
<pin id="271" dir="1" index="3" bw="17" slack="0"/>
</pin_list>
<bind>
<opcode="ctlz(523) " fcode="ctlz"/>
<opset="tmp_6_i/3 "/>
</bind>
</comp>

<comp id="274" class="1004" name="trunc_ln33_fu_274">
<pin_list>
<pin id="275" dir="0" index="0" bw="17" slack="0"/>
<pin id="276" dir="1" index="1" bw="5" slack="0"/>
</pin_list>
<bind>
<opcode="trunc(33) " fcode="trunc"/>
<opset="trunc_ln33/3 "/>
</bind>
</comp>

<comp id="278" class="1004" name="zext_ln33_fu_278">
<pin_list>
<pin id="279" dir="0" index="0" bw="17" slack="1"/>
<pin id="280" dir="1" index="1" bw="41" slack="0"/>
</pin_list>
<bind>
<opcode="zext(34) " fcode="zext"/>
<opset="zext_ln33/3 "/>
</bind>
</comp>

<comp id="281" class="1004" name="add_ln33_fu_281">
<pin_list>
<pin id="282" dir="0" index="0" bw="5" slack="0"/>
<pin id="283" dir="0" index="1" bw="5" slack="0"/>
<pin id="284" dir="1" index="2" bw="5" slack="0"/>
</pin_list>
<bind>
<opcode="add(8) " fcode="add"/>
<opset="add_ln33/3 "/>
</bind>
</comp>

<comp id="287" class="1004" name="zext_ln33_1_fu_287">
<pin_list>
<pin id="288" dir="0" index="0" bw="5" slack="0"/>
<pin id="289" dir="1" index="1" bw="41" slack="0"/>
</pin_list>
<bind>
<opcode="zext(34) " fcode="zext"/>
<opset="zext_ln33_1/3 "/>
</bind>
</comp>

<comp id="291" class="1004" name="shl_ln33_fu_291">
<pin_list>
<pin id="292" dir="0" index="0" bw="17" slack="0"/>
<pin id="293" dir="0" index="1" bw="5" slack="0"/>
<pin id="294" dir="1" index="2" bw="41" slack="0"/>
</pin_list>
<bind>
<opcode="shl(20) " fcode="shl"/>
<opset="shl_ln33/3 "/>
</bind>
</comp>

<comp id="297" class="1004" name="lshr_ln_fu_297">
<pin_list>
<pin id="298" dir="0" index="0" bw="40" slack="0"/>
<pin id="299" dir="0" index="1" bw="41" slack="0"/>
<pin id="300" dir="0" index="2" bw="1" slack="0"/>
<pin id="301" dir="0" index="3" bw="7" slack="0"/>
<pin id="302" dir="1" index="4" bw="40" slack="0"/>
</pin_list>
<bind>
<opcode="partselect(1002) " fcode="partselect"/>
<opset="lshr_ln/3 "/>
</bind>
</comp>

<comp id="307" class="1004" name="zext_ln33_2_fu_307">
<pin_list>
<pin id="308" dir="0" index="0" bw="40" slack="0"/>
<pin id="309" dir="1" index="1" bw="64" slack="0"/>
</pin_list>
<bind>
<opcode="zext(34) " fcode="zext"/>
<opset="zext_ln33_2/3 "/>
</bind>
</comp>

<comp id="311" class="1004" name="tmp_6_fu_311">
<pin_list>
<pin id="312" dir="0" index="0" bw="1" slack="0"/>
<pin id="313" dir="0" index="1" bw="41" slack="0"/>
<pin id="314" dir="0" index="2" bw="6" slack="0"/>
<pin id="315" dir="1" index="3" bw="1" slack="0"/>
</pin_list>
<bind>
<opcode="bitselect(1000) " fcode="bitselect"/>
<opset="tmp_6/3 "/>
</bind>
</comp>

<comp id="319" class="1004" name="select_ln33_1_fu_319">
<pin_list>
<pin id="320" dir="0" index="0" bw="1" slack="0"/>
<pin id="321" dir="0" index="1" bw="8" slack="0"/>
<pin id="322" dir="0" index="2" bw="8" slack="0"/>
<pin id="323" dir="1" index="3" bw="8" slack="0"/>
</pin_list>
<bind>
<opcode="select(49) " fcode="select"/>
<opset="select_ln33_1/3 "/>
</bind>
</comp>

<comp id="327" class="1004" name="sub_ln33_1_fu_327">
<pin_list>
<pin id="328" dir="0" index="0" bw="5" slack="0"/>
<pin id="329" dir="0" index="1" bw="5" slack="0"/>
<pin id="330" dir="1" index="2" bw="5" slack="0"/>
</pin_list>
<bind>
<opcode="sub(10) " fcode="sub"/>
<opset="sub_ln33_1/3 "/>
</bind>
</comp>

<comp id="333" class="1004" name="sext_ln33_fu_333">
<pin_list>
<pin id="334" dir="0" index="0" bw="5" slack="0"/>
<pin id="335" dir="1" index="1" bw="8" slack="0"/>
</pin_list>
<bind>
<opcode="sext(35) " fcode="sext"/>
<opset="sext_ln33/3 "/>
</bind>
</comp>

<comp id="337" class="1004" name="add_ln33_1_fu_337">
<pin_list>
<pin id="338" dir="0" index="0" bw="8" slack="0"/>
<pin id="339" dir="0" index="1" bw="5" slack="0"/>
<pin id="340" dir="1" index="2" bw="8" slack="0"/>
</pin_list>
<bind>
<opcode="add(8) " fcode="add"/>
<opset="add_ln33_1/3 "/>
</bind>
</comp>

<comp id="343" class="1004" name="tmp_7_i_fu_343">
<pin_list>
<pin id="344" dir="0" index="0" bw="9" slack="0"/>
<pin id="345" dir="0" index="1" bw="1" slack="1"/>
<pin id="346" dir="0" index="2" bw="8" slack="0"/>
<pin id="347" dir="1" index="3" bw="9" slack="0"/>
</pin_list>
<bind>
<opcode="bitconcatenate(1004) " fcode="bitconcatenate"/>
<opset="tmp_7_i/3 "/>
</bind>
</comp>

<comp id="350" class="1004" name="pi_assign_fu_350">
<pin_list>
<pin id="351" dir="0" index="0" bw="64" slack="0"/>
<pin id="352" dir="0" index="1" bw="40" slack="0"/>
<pin id="353" dir="0" index="2" bw="9" slack="0"/>
<pin id="354" dir="0" index="3" bw="6" slack="0"/>
<pin id="355" dir="0" index="4" bw="6" slack="0"/>
<pin id="356" dir="1" index="5" bw="64" slack="0"/>
</pin_list>
<bind>
<opcode="partset(1003) " fcode="partset"/>
<opset="pi_assign/3 "/>
</bind>
</comp>

<comp id="362" class="1004" name="LD_fu_362">
<pin_list>
<pin id="363" dir="0" index="0" bw="64" slack="0"/>
<pin id="364" dir="1" index="1" bw="32" slack="0"/>
</pin_list>
<bind>
<opcode="trunc(33) " fcode="trunc"/>
<opset="LD/3 "/>
</bind>
</comp>

<comp id="366" class="1004" name="empty_fu_366">
<pin_list>
<pin id="367" dir="0" index="0" bw="1" slack="1"/>
<pin id="368" dir="0" index="1" bw="1" slack="0"/>
<pin id="369" dir="0" index="2" bw="32" slack="0"/>
<pin id="370" dir="1" index="3" bw="32" slack="1"/>
</pin_list>
<bind>
<opcode="select(49) " fcode="select"/>
<opset="empty/3 "/>
</bind>
</comp>

<comp id="373" class="1004" name="icmp_ln33_1_fu_373">
<pin_list>
<pin id="374" dir="0" index="0" bw="17" slack="1"/>
<pin id="375" dir="0" index="1" bw="1" slack="0"/>
<pin id="376" dir="1" index="2" bw="1" slack="1"/>
</pin_list>
<bind>
<opcode="icmp(45) " fcode="icmp"/>
<opset="icmp_ln33_1/3 "/>
</bind>
</comp>

<comp id="378" class="1004" name="sub_ln33_2_fu_378">
<pin_list>
<pin id="379" dir="0" index="0" bw="1" slack="0"/>
<pin id="380" dir="0" index="1" bw="17" slack="1"/>
<pin id="381" dir="1" index="2" bw="17" slack="0"/>
</pin_list>
<bind>
<opcode="sub(10) " fcode="sub"/>
<opset="sub_ln33_2/3 "/>
</bind>
</comp>

<comp id="383" class="1004" name="select_ln33_2_fu_383">
<pin_list>
<pin id="384" dir="0" index="0" bw="1" slack="1"/>
<pin id="385" dir="0" index="1" bw="17" slack="0"/>
<pin id="386" dir="0" index="2" bw="17" slack="1"/>
<pin id="387" dir="1" index="3" bw="17" slack="1"/>
</pin_list>
<bind>
<opcode="select(49) " fcode="select"/>
<opset="select_ln33_2/3 "/>
</bind>
</comp>

<comp id="389" class="1004" name="tmp_8_i_fu_389">
<pin_list>
<pin id="390" dir="0" index="0" bw="17" slack="0"/>
<pin id="391" dir="0" index="1" bw="17" slack="1"/>
<pin id="392" dir="0" index="2" bw="1" slack="0"/>
<pin id="393" dir="1" index="3" bw="17" slack="0"/>
</pin_list>
<bind>
<opcode="ctlz(523) " fcode="ctlz"/>
<opset="tmp_8_i/4 "/>
</bind>
</comp>

<comp id="396" class="1004" name="trunc_ln33_1_fu_396">
<pin_list>
<pin id="397" dir="0" index="0" bw="17" slack="0"/>
<pin id="398" dir="1" index="1" bw="5" slack="0"/>
</pin_list>
<bind>
<opcode="trunc(33) " fcode="trunc"/>
<opset="trunc_ln33_1/4 "/>
</bind>
</comp>

<comp id="400" class="1004" name="zext_ln33_3_fu_400">
<pin_list>
<pin id="401" dir="0" index="0" bw="17" slack="1"/>
<pin id="402" dir="1" index="1" bw="41" slack="0"/>
</pin_list>
<bind>
<opcode="zext(34) " fcode="zext"/>
<opset="zext_ln33_3/4 "/>
</bind>
</comp>

<comp id="403" class="1004" name="add_ln33_2_fu_403">
<pin_list>
<pin id="404" dir="0" index="0" bw="5" slack="0"/>
<pin id="405" dir="0" index="1" bw="5" slack="0"/>
<pin id="406" dir="1" index="2" bw="5" slack="0"/>
</pin_list>
<bind>
<opcode="add(8) " fcode="add"/>
<opset="add_ln33_2/4 "/>
</bind>
</comp>

<comp id="409" class="1004" name="zext_ln33_4_fu_409">
<pin_list>
<pin id="410" dir="0" index="0" bw="5" slack="0"/>
<pin id="411" dir="1" index="1" bw="41" slack="0"/>
</pin_list>
<bind>
<opcode="zext(34) " fcode="zext"/>
<opset="zext_ln33_4/4 "/>
</bind>
</comp>

<comp id="413" class="1004" name="shl_ln33_1_fu_413">
<pin_list>
<pin id="414" dir="0" index="0" bw="17" slack="0"/>
<pin id="415" dir="0" index="1" bw="5" slack="0"/>
<pin id="416" dir="1" index="2" bw="41" slack="0"/>
</pin_list>
<bind>
<opcode="shl(20) " fcode="shl"/>
<opset="shl_ln33_1/4 "/>
</bind>
</comp>

<comp id="419" class="1004" name="lshr_ln33_1_fu_419">
<pin_list>
<pin id="420" dir="0" index="0" bw="40" slack="0"/>
<pin id="421" dir="0" index="1" bw="41" slack="0"/>
<pin id="422" dir="0" index="2" bw="1" slack="0"/>
<pin id="423" dir="0" index="3" bw="7" slack="0"/>
<pin id="424" dir="1" index="4" bw="40" slack="0"/>
</pin_list>
<bind>
<opcode="partselect(1002) " fcode="partselect"/>
<opset="lshr_ln33_1/4 "/>
</bind>
</comp>

<comp id="429" class="1004" name="zext_ln33_5_fu_429">
<pin_list>
<pin id="430" dir="0" index="0" bw="40" slack="0"/>
<pin id="431" dir="1" index="1" bw="64" slack="0"/>
</pin_list>
<bind>
<opcode="zext(34) " fcode="zext"/>
<opset="zext_ln33_5/4 "/>
</bind>
</comp>

<comp id="433" class="1004" name="tmp_8_fu_433">
<pin_list>
<pin id="434" dir="0" index="0" bw="1" slack="0"/>
<pin id="435" dir="0" index="1" bw="41" slack="0"/>
<pin id="436" dir="0" index="2" bw="6" slack="0"/>
<pin id="437" dir="1" index="3" bw="1" slack="0"/>
</pin_list>
<bind>
<opcode="bitselect(1000) " fcode="bitselect"/>
<opset="tmp_8/4 "/>
</bind>
</comp>

<comp id="441" class="1004" name="select_ln33_3_fu_441">
<pin_list>
<pin id="442" dir="0" index="0" bw="1" slack="0"/>
<pin id="443" dir="0" index="1" bw="8" slack="0"/>
<pin id="444" dir="0" index="2" bw="8" slack="0"/>
<pin id="445" dir="1" index="3" bw="8" slack="0"/>
</pin_list>
<bind>
<opcode="select(49) " fcode="select"/>
<opset="select_ln33_3/4 "/>
</bind>
</comp>

<comp id="449" class="1004" name="sub_ln33_3_fu_449">
<pin_list>
<pin id="450" dir="0" index="0" bw="5" slack="0"/>
<pin id="451" dir="0" index="1" bw="5" slack="0"/>
<pin id="452" dir="1" index="2" bw="5" slack="0"/>
</pin_list>
<bind>
<opcode="sub(10) " fcode="sub"/>
<opset="sub_ln33_3/4 "/>
</bind>
</comp>

<comp id="455" class="1004" name="sext_ln33_1_fu_455">
<pin_list>
<pin id="456" dir="0" index="0" bw="5" slack="0"/>
<pin id="457" dir="1" index="1" bw="8" slack="0"/>
</pin_list>
<bind>
<opcode="sext(35) " fcode="sext"/>
<opset="sext_ln33_1/4 "/>
</bind>
</comp>

<comp id="459" class="1004" name="add_ln33_3_fu_459">
<pin_list>
<pin id="460" dir="0" index="0" bw="8" slack="0"/>
<pin id="461" dir="0" index="1" bw="5" slack="0"/>
<pin id="462" dir="1" index="2" bw="8" slack="0"/>
</pin_list>
<bind>
<opcode="add(8) " fcode="add"/>
<opset="add_ln33_3/4 "/>
</bind>
</comp>

<comp id="465" class="1004" name="tmp_11_i_fu_465">
<pin_list>
<pin id="466" dir="0" index="0" bw="9" slack="0"/>
<pin id="467" dir="0" index="1" bw="1" slack="2"/>
<pin id="468" dir="0" index="2" bw="8" slack="0"/>
<pin id="469" dir="1" index="3" bw="9" slack="0"/>
</pin_list>
<bind>
<opcode="bitconcatenate(1004) " fcode="bitconcatenate"/>
<opset="tmp_11_i/4 "/>
</bind>
</comp>

<comp id="472" class="1004" name="pi_assign_1_fu_472">
<pin_list>
<pin id="473" dir="0" index="0" bw="64" slack="0"/>
<pin id="474" dir="0" index="1" bw="40" slack="0"/>
<pin id="475" dir="0" index="2" bw="9" slack="0"/>
<pin id="476" dir="0" index="3" bw="6" slack="0"/>
<pin id="477" dir="0" index="4" bw="6" slack="0"/>
<pin id="478" dir="1" index="5" bw="64" slack="0"/>
</pin_list>
<bind>
<opcode="partset(1003) " fcode="partset"/>
<opset="pi_assign_1/4 "/>
</bind>
</comp>

<comp id="484" class="1004" name="LD_1_fu_484">
<pin_list>
<pin id="485" dir="0" index="0" bw="64" slack="0"/>
<pin id="486" dir="1" index="1" bw="32" slack="0"/>
</pin_list>
<bind>
<opcode="trunc(33) " fcode="trunc"/>
<opset="LD_1/4 "/>
</bind>
</comp>

<comp id="488" class="1004" name="empty_62_fu_488">
<pin_list>
<pin id="489" dir="0" index="0" bw="1" slack="1"/>
<pin id="490" dir="0" index="1" bw="1" slack="0"/>
<pin id="491" dir="0" index="2" bw="32" slack="0"/>
<pin id="492" dir="1" index="3" bw="32" slack="1"/>
</pin_list>
<bind>
<opcode="select(49) " fcode="select"/>
<opset="empty_62/4 "/>
</bind>
</comp>

<comp id="495" class="1004" name="icmp_ln33_2_fu_495">
<pin_list>
<pin id="496" dir="0" index="0" bw="17" slack="2"/>
<pin id="497" dir="0" index="1" bw="1" slack="0"/>
<pin id="498" dir="1" index="2" bw="1" slack="1"/>
</pin_list>
<bind>
<opcode="icmp(45) " fcode="icmp"/>
<opset="icmp_ln33_2/4 "/>
</bind>
</comp>

<comp id="500" class="1004" name="sub_ln33_4_fu_500">
<pin_list>
<pin id="501" dir="0" index="0" bw="1" slack="0"/>
<pin id="502" dir="0" index="1" bw="17" slack="2"/>
<pin id="503" dir="1" index="2" bw="17" slack="0"/>
</pin_list>
<bind>
<opcode="sub(10) " fcode="sub"/>
<opset="sub_ln33_4/4 "/>
</bind>
</comp>

<comp id="505" class="1004" name="select_ln33_4_fu_505">
<pin_list>
<pin id="506" dir="0" index="0" bw="1" slack="2"/>
<pin id="507" dir="0" index="1" bw="17" slack="0"/>
<pin id="508" dir="0" index="2" bw="17" slack="2"/>
<pin id="509" dir="1" index="3" bw="17" slack="1"/>
</pin_list>
<bind>
<opcode="select(49) " fcode="select"/>
<opset="select_ln33_4/4 "/>
</bind>
</comp>

<comp id="511" class="1004" name="tmp_13_i_fu_511">
<pin_list>
<pin id="512" dir="0" index="0" bw="17" slack="0"/>
<pin id="513" dir="0" index="1" bw="17" slack="1"/>
<pin id="514" dir="0" index="2" bw="1" slack="0"/>
<pin id="515" dir="1" index="3" bw="17" slack="0"/>
</pin_list>
<bind>
<opcode="ctlz(523) " fcode="ctlz"/>
<opset="tmp_13_i/5 "/>
</bind>
</comp>

<comp id="518" class="1004" name="trunc_ln33_2_fu_518">
<pin_list>
<pin id="519" dir="0" index="0" bw="17" slack="0"/>
<pin id="520" dir="1" index="1" bw="5" slack="0"/>
</pin_list>
<bind>
<opcode="trunc(33) " fcode="trunc"/>
<opset="trunc_ln33_2/5 "/>
</bind>
</comp>

<comp id="522" class="1004" name="zext_ln33_6_fu_522">
<pin_list>
<pin id="523" dir="0" index="0" bw="17" slack="1"/>
<pin id="524" dir="1" index="1" bw="41" slack="0"/>
</pin_list>
<bind>
<opcode="zext(34) " fcode="zext"/>
<opset="zext_ln33_6/5 "/>
</bind>
</comp>

<comp id="525" class="1004" name="add_ln33_4_fu_525">
<pin_list>
<pin id="526" dir="0" index="0" bw="5" slack="0"/>
<pin id="527" dir="0" index="1" bw="5" slack="0"/>
<pin id="528" dir="1" index="2" bw="5" slack="0"/>
</pin_list>
<bind>
<opcode="add(8) " fcode="add"/>
<opset="add_ln33_4/5 "/>
</bind>
</comp>

<comp id="531" class="1004" name="zext_ln33_7_fu_531">
<pin_list>
<pin id="532" dir="0" index="0" bw="5" slack="0"/>
<pin id="533" dir="1" index="1" bw="41" slack="0"/>
</pin_list>
<bind>
<opcode="zext(34) " fcode="zext"/>
<opset="zext_ln33_7/5 "/>
</bind>
</comp>

<comp id="535" class="1004" name="shl_ln33_2_fu_535">
<pin_list>
<pin id="536" dir="0" index="0" bw="17" slack="0"/>
<pin id="537" dir="0" index="1" bw="5" slack="0"/>
<pin id="538" dir="1" index="2" bw="41" slack="0"/>
</pin_list>
<bind>
<opcode="shl(20) " fcode="shl"/>
<opset="shl_ln33_2/5 "/>
</bind>
</comp>

<comp id="541" class="1004" name="lshr_ln33_2_fu_541">
<pin_list>
<pin id="542" dir="0" index="0" bw="40" slack="0"/>
<pin id="543" dir="0" index="1" bw="41" slack="0"/>
<pin id="544" dir="0" index="2" bw="1" slack="0"/>
<pin id="545" dir="0" index="3" bw="7" slack="0"/>
<pin id="546" dir="1" index="4" bw="40" slack="0"/>
</pin_list>
<bind>
<opcode="partselect(1002) " fcode="partselect"/>
<opset="lshr_ln33_2/5 "/>
</bind>
</comp>

<comp id="551" class="1004" name="zext_ln33_8_fu_551">
<pin_list>
<pin id="552" dir="0" index="0" bw="40" slack="0"/>
<pin id="553" dir="1" index="1" bw="64" slack="0"/>
</pin_list>
<bind>
<opcode="zext(34) " fcode="zext"/>
<opset="zext_ln33_8/5 "/>
</bind>
</comp>

<comp id="555" class="1004" name="tmp_10_fu_555">
<pin_list>
<pin id="556" dir="0" index="0" bw="1" slack="0"/>
<pin id="557" dir="0" index="1" bw="41" slack="0"/>
<pin id="558" dir="0" index="2" bw="6" slack="0"/>
<pin id="559" dir="1" index="3" bw="1" slack="0"/>
</pin_list>
<bind>
<opcode="bitselect(1000) " fcode="bitselect"/>
<opset="tmp_10/5 "/>
</bind>
</comp>

<comp id="563" class="1004" name="select_ln33_5_fu_563">
<pin_list>
<pin id="564" dir="0" index="0" bw="1" slack="0"/>
<pin id="565" dir="0" index="1" bw="8" slack="0"/>
<pin id="566" dir="0" index="2" bw="8" slack="0"/>
<pin id="567" dir="1" index="3" bw="8" slack="0"/>
</pin_list>
<bind>
<opcode="select(49) " fcode="select"/>
<opset="select_ln33_5/5 "/>
</bind>
</comp>

<comp id="571" class="1004" name="sub_ln33_5_fu_571">
<pin_list>
<pin id="572" dir="0" index="0" bw="5" slack="0"/>
<pin id="573" dir="0" index="1" bw="5" slack="0"/>
<pin id="574" dir="1" index="2" bw="5" slack="0"/>
</pin_list>
<bind>
<opcode="sub(10) " fcode="sub"/>
<opset="sub_ln33_5/5 "/>
</bind>
</comp>

<comp id="577" class="1004" name="sext_ln33_2_fu_577">
<pin_list>
<pin id="578" dir="0" index="0" bw="5" slack="0"/>
<pin id="579" dir="1" index="1" bw="8" slack="0"/>
</pin_list>
<bind>
<opcode="sext(35) " fcode="sext"/>
<opset="sext_ln33_2/5 "/>
</bind>
</comp>

<comp id="581" class="1004" name="add_ln33_5_fu_581">
<pin_list>
<pin id="582" dir="0" index="0" bw="8" slack="0"/>
<pin id="583" dir="0" index="1" bw="5" slack="0"/>
<pin id="584" dir="1" index="2" bw="8" slack="0"/>
</pin_list>
<bind>
<opcode="add(8) " fcode="add"/>
<opset="add_ln33_5/5 "/>
</bind>
</comp>

<comp id="587" class="1004" name="tmp_15_i_fu_587">
<pin_list>
<pin id="588" dir="0" index="0" bw="9" slack="0"/>
<pin id="589" dir="0" index="1" bw="1" slack="3"/>
<pin id="590" dir="0" index="2" bw="8" slack="0"/>
<pin id="591" dir="1" index="3" bw="9" slack="0"/>
</pin_list>
<bind>
<opcode="bitconcatenate(1004) " fcode="bitconcatenate"/>
<opset="tmp_15_i/5 "/>
</bind>
</comp>

<comp id="594" class="1004" name="pi_assign_2_fu_594">
<pin_list>
<pin id="595" dir="0" index="0" bw="64" slack="0"/>
<pin id="596" dir="0" index="1" bw="40" slack="0"/>
<pin id="597" dir="0" index="2" bw="9" slack="0"/>
<pin id="598" dir="0" index="3" bw="6" slack="0"/>
<pin id="599" dir="0" index="4" bw="6" slack="0"/>
<pin id="600" dir="1" index="5" bw="64" slack="0"/>
</pin_list>
<bind>
<opcode="partset(1003) " fcode="partset"/>
<opset="pi_assign_2/5 "/>
</bind>
</comp>

<comp id="606" class="1004" name="LD_2_fu_606">
<pin_list>
<pin id="607" dir="0" index="0" bw="64" slack="0"/>
<pin id="608" dir="1" index="1" bw="32" slack="0"/>
</pin_list>
<bind>
<opcode="trunc(33) " fcode="trunc"/>
<opset="LD_2/5 "/>
</bind>
</comp>

<comp id="610" class="1004" name="empty_63_fu_610">
<pin_list>
<pin id="611" dir="0" index="0" bw="1" slack="1"/>
<pin id="612" dir="0" index="1" bw="1" slack="0"/>
<pin id="613" dir="0" index="2" bw="32" slack="0"/>
<pin id="614" dir="1" index="3" bw="32" slack="1"/>
</pin_list>
<bind>
<opcode="select(49) " fcode="select"/>
<opset="empty_63/5 "/>
</bind>
</comp>

<comp id="617" class="1004" name="icmp_ln33_3_fu_617">
<pin_list>
<pin id="618" dir="0" index="0" bw="17" slack="3"/>
<pin id="619" dir="0" index="1" bw="1" slack="0"/>
<pin id="620" dir="1" index="2" bw="1" slack="1"/>
</pin_list>
<bind>
<opcode="icmp(45) " fcode="icmp"/>
<opset="icmp_ln33_3/5 "/>
</bind>
</comp>

<comp id="622" class="1004" name="sub_ln33_6_fu_622">
<pin_list>
<pin id="623" dir="0" index="0" bw="1" slack="0"/>
<pin id="624" dir="0" index="1" bw="17" slack="3"/>
<pin id="625" dir="1" index="2" bw="17" slack="0"/>
</pin_list>
<bind>
<opcode="sub(10) " fcode="sub"/>
<opset="sub_ln33_6/5 "/>
</bind>
</comp>

<comp id="627" class="1004" name="select_ln33_6_fu_627">
<pin_list>
<pin id="628" dir="0" index="0" bw="1" slack="3"/>
<pin id="629" dir="0" index="1" bw="17" slack="0"/>
<pin id="630" dir="0" index="2" bw="17" slack="3"/>
<pin id="631" dir="1" index="3" bw="17" slack="1"/>
</pin_list>
<bind>
<opcode="select(49) " fcode="select"/>
<opset="select_ln33_6/5 "/>
</bind>
</comp>

<comp id="633" class="1004" name="tmp_17_i_fu_633">
<pin_list>
<pin id="634" dir="0" index="0" bw="17" slack="0"/>
<pin id="635" dir="0" index="1" bw="17" slack="1"/>
<pin id="636" dir="0" index="2" bw="1" slack="0"/>
<pin id="637" dir="1" index="3" bw="17" slack="0"/>
</pin_list>
<bind>
<opcode="ctlz(523) " fcode="ctlz"/>
<opset="tmp_17_i/6 "/>
</bind>
</comp>

<comp id="640" class="1004" name="trunc_ln33_3_fu_640">
<pin_list>
<pin id="641" dir="0" index="0" bw="17" slack="0"/>
<pin id="642" dir="1" index="1" bw="5" slack="0"/>
</pin_list>
<bind>
<opcode="trunc(33) " fcode="trunc"/>
<opset="trunc_ln33_3/6 "/>
</bind>
</comp>

<comp id="644" class="1004" name="zext_ln33_9_fu_644">
<pin_list>
<pin id="645" dir="0" index="0" bw="17" slack="1"/>
<pin id="646" dir="1" index="1" bw="41" slack="0"/>
</pin_list>
<bind>
<opcode="zext(34) " fcode="zext"/>
<opset="zext_ln33_9/6 "/>
</bind>
</comp>

<comp id="647" class="1004" name="add_ln33_6_fu_647">
<pin_list>
<pin id="648" dir="0" index="0" bw="5" slack="0"/>
<pin id="649" dir="0" index="1" bw="5" slack="0"/>
<pin id="650" dir="1" index="2" bw="5" slack="0"/>
</pin_list>
<bind>
<opcode="add(8) " fcode="add"/>
<opset="add_ln33_6/6 "/>
</bind>
</comp>

<comp id="653" class="1004" name="zext_ln33_10_fu_653">
<pin_list>
<pin id="654" dir="0" index="0" bw="5" slack="0"/>
<pin id="655" dir="1" index="1" bw="41" slack="0"/>
</pin_list>
<bind>
<opcode="zext(34) " fcode="zext"/>
<opset="zext_ln33_10/6 "/>
</bind>
</comp>

<comp id="657" class="1004" name="shl_ln33_3_fu_657">
<pin_list>
<pin id="658" dir="0" index="0" bw="17" slack="0"/>
<pin id="659" dir="0" index="1" bw="5" slack="0"/>
<pin id="660" dir="1" index="2" bw="41" slack="0"/>
</pin_list>
<bind>
<opcode="shl(20) " fcode="shl"/>
<opset="shl_ln33_3/6 "/>
</bind>
</comp>

<comp id="663" class="1004" name="lshr_ln33_3_fu_663">
<pin_list>
<pin id="664" dir="0" index="0" bw="40" slack="0"/>
<pin id="665" dir="0" index="1" bw="41" slack="0"/>
<pin id="666" dir="0" index="2" bw="1" slack="0"/>
<pin id="667" dir="0" index="3" bw="7" slack="0"/>
<pin id="668" dir="1" index="4" bw="40" slack="0"/>
</pin_list>
<bind>
<opcode="partselect(1002) " fcode="partselect"/>
<opset="lshr_ln33_3/6 "/>
</bind>
</comp>

<comp id="673" class="1004" name="zext_ln33_11_fu_673">
<pin_list>
<pin id="674" dir="0" index="0" bw="40" slack="0"/>
<pin id="675" dir="1" index="1" bw="64" slack="0"/>
</pin_list>
<bind>
<opcode="zext(34) " fcode="zext"/>
<opset="zext_ln33_11/6 "/>
</bind>
</comp>

<comp id="677" class="1004" name="tmp_12_fu_677">
<pin_list>
<pin id="678" dir="0" index="0" bw="1" slack="0"/>
<pin id="679" dir="0" index="1" bw="41" slack="0"/>
<pin id="680" dir="0" index="2" bw="6" slack="0"/>
<pin id="681" dir="1" index="3" bw="1" slack="0"/>
</pin_list>
<bind>
<opcode="bitselect(1000) " fcode="bitselect"/>
<opset="tmp_12/6 "/>
</bind>
</comp>

<comp id="685" class="1004" name="select_ln33_7_fu_685">
<pin_list>
<pin id="686" dir="0" index="0" bw="1" slack="0"/>
<pin id="687" dir="0" index="1" bw="8" slack="0"/>
<pin id="688" dir="0" index="2" bw="8" slack="0"/>
<pin id="689" dir="1" index="3" bw="8" slack="0"/>
</pin_list>
<bind>
<opcode="select(49) " fcode="select"/>
<opset="select_ln33_7/6 "/>
</bind>
</comp>

<comp id="693" class="1004" name="sub_ln33_7_fu_693">
<pin_list>
<pin id="694" dir="0" index="0" bw="5" slack="0"/>
<pin id="695" dir="0" index="1" bw="5" slack="0"/>
<pin id="696" dir="1" index="2" bw="5" slack="0"/>
</pin_list>
<bind>
<opcode="sub(10) " fcode="sub"/>
<opset="sub_ln33_7/6 "/>
</bind>
</comp>

<comp id="699" class="1004" name="sext_ln33_3_fu_699">
<pin_list>
<pin id="700" dir="0" index="0" bw="5" slack="0"/>
<pin id="701" dir="1" index="1" bw="8" slack="0"/>
</pin_list>
<bind>
<opcode="sext(35) " fcode="sext"/>
<opset="sext_ln33_3/6 "/>
</bind>
</comp>

<comp id="703" class="1004" name="add_ln33_7_fu_703">
<pin_list>
<pin id="704" dir="0" index="0" bw="8" slack="0"/>
<pin id="705" dir="0" index="1" bw="5" slack="0"/>
<pin id="706" dir="1" index="2" bw="8" slack="0"/>
</pin_list>
<bind>
<opcode="add(8) " fcode="add"/>
<opset="add_ln33_7/6 "/>
</bind>
</comp>

<comp id="709" class="1004" name="tmp_19_i_fu_709">
<pin_list>
<pin id="710" dir="0" index="0" bw="9" slack="0"/>
<pin id="711" dir="0" index="1" bw="1" slack="4"/>
<pin id="712" dir="0" index="2" bw="8" slack="0"/>
<pin id="713" dir="1" index="3" bw="9" slack="0"/>
</pin_list>
<bind>
<opcode="bitconcatenate(1004) " fcode="bitconcatenate"/>
<opset="tmp_19_i/6 "/>
</bind>
</comp>

<comp id="716" class="1004" name="pi_assign_3_fu_716">
<pin_list>
<pin id="717" dir="0" index="0" bw="64" slack="0"/>
<pin id="718" dir="0" index="1" bw="40" slack="0"/>
<pin id="719" dir="0" index="2" bw="9" slack="0"/>
<pin id="720" dir="0" index="3" bw="6" slack="0"/>
<pin id="721" dir="0" index="4" bw="6" slack="0"/>
<pin id="722" dir="1" index="5" bw="64" slack="0"/>
</pin_list>
<bind>
<opcode="partset(1003) " fcode="partset"/>
<opset="pi_assign_3/6 "/>
</bind>
</comp>

<comp id="728" class="1004" name="LD_3_fu_728">
<pin_list>
<pin id="729" dir="0" index="0" bw="64" slack="0"/>
<pin id="730" dir="1" index="1" bw="32" slack="0"/>
</pin_list>
<bind>
<opcode="trunc(33) " fcode="trunc"/>
<opset="LD_3/6 "/>
</bind>
</comp>

<comp id="732" class="1004" name="empty_64_fu_732">
<pin_list>
<pin id="733" dir="0" index="0" bw="1" slack="1"/>
<pin id="734" dir="0" index="1" bw="1" slack="0"/>
<pin id="735" dir="0" index="2" bw="32" slack="0"/>
<pin id="736" dir="1" index="3" bw="32" slack="1"/>
</pin_list>
<bind>
<opcode="select(49) " fcode="select"/>
<opset="empty_64/6 "/>
</bind>
</comp>

<comp id="739" class="1004" name="icmp_ln33_4_fu_739">
<pin_list>
<pin id="740" dir="0" index="0" bw="17" slack="4"/>
<pin id="741" dir="0" index="1" bw="1" slack="0"/>
<pin id="742" dir="1" index="2" bw="1" slack="1"/>
</pin_list>
<bind>
<opcode="icmp(45) " fcode="icmp"/>
<opset="icmp_ln33_4/6 "/>
</bind>
</comp>

<comp id="744" class="1004" name="sub_ln33_8_fu_744">
<pin_list>
<pin id="745" dir="0" index="0" bw="1" slack="0"/>
<pin id="746" dir="0" index="1" bw="17" slack="4"/>
<pin id="747" dir="1" index="2" bw="17" slack="0"/>
</pin_list>
<bind>
<opcode="sub(10) " fcode="sub"/>
<opset="sub_ln33_8/6 "/>
</bind>
</comp>

<comp id="749" class="1004" name="select_ln33_8_fu_749">
<pin_list>
<pin id="750" dir="0" index="0" bw="1" slack="4"/>
<pin id="751" dir="0" index="1" bw="17" slack="0"/>
<pin id="752" dir="0" index="2" bw="17" slack="4"/>
<pin id="753" dir="1" index="3" bw="17" slack="1"/>
</pin_list>
<bind>
<opcode="select(49) " fcode="select"/>
<opset="select_ln33_8/6 "/>
</bind>
</comp>

<comp id="755" class="1004" name="tmp_21_i_fu_755">
<pin_list>
<pin id="756" dir="0" index="0" bw="17" slack="0"/>
<pin id="757" dir="0" index="1" bw="17" slack="1"/>
<pin id="758" dir="0" index="2" bw="1" slack="0"/>
<pin id="759" dir="1" index="3" bw="17" slack="0"/>
</pin_list>
<bind>
<opcode="ctlz(523) " fcode="ctlz"/>
<opset="tmp_21_i/7 "/>
</bind>
</comp>

<comp id="762" class="1004" name="trunc_ln33_4_fu_762">
<pin_list>
<pin id="763" dir="0" index="0" bw="17" slack="0"/>
<pin id="764" dir="1" index="1" bw="5" slack="0"/>
</pin_list>
<bind>
<opcode="trunc(33) " fcode="trunc"/>
<opset="trunc_ln33_4/7 "/>
</bind>
</comp>

<comp id="766" class="1004" name="zext_ln33_12_fu_766">
<pin_list>
<pin id="767" dir="0" index="0" bw="17" slack="1"/>
<pin id="768" dir="1" index="1" bw="41" slack="0"/>
</pin_list>
<bind>
<opcode="zext(34) " fcode="zext"/>
<opset="zext_ln33_12/7 "/>
</bind>
</comp>

<comp id="769" class="1004" name="add_ln33_8_fu_769">
<pin_list>
<pin id="770" dir="0" index="0" bw="5" slack="0"/>
<pin id="771" dir="0" index="1" bw="5" slack="0"/>
<pin id="772" dir="1" index="2" bw="5" slack="0"/>
</pin_list>
<bind>
<opcode="add(8) " fcode="add"/>
<opset="add_ln33_8/7 "/>
</bind>
</comp>

<comp id="775" class="1004" name="zext_ln33_13_fu_775">
<pin_list>
<pin id="776" dir="0" index="0" bw="5" slack="0"/>
<pin id="777" dir="1" index="1" bw="41" slack="0"/>
</pin_list>
<bind>
<opcode="zext(34) " fcode="zext"/>
<opset="zext_ln33_13/7 "/>
</bind>
</comp>

<comp id="779" class="1004" name="shl_ln33_4_fu_779">
<pin_list>
<pin id="780" dir="0" index="0" bw="17" slack="0"/>
<pin id="781" dir="0" index="1" bw="5" slack="0"/>
<pin id="782" dir="1" index="2" bw="41" slack="0"/>
</pin_list>
<bind>
<opcode="shl(20) " fcode="shl"/>
<opset="shl_ln33_4/7 "/>
</bind>
</comp>

<comp id="785" class="1004" name="lshr_ln33_4_fu_785">
<pin_list>
<pin id="786" dir="0" index="0" bw="40" slack="0"/>
<pin id="787" dir="0" index="1" bw="41" slack="0"/>
<pin id="788" dir="0" index="2" bw="1" slack="0"/>
<pin id="789" dir="0" index="3" bw="7" slack="0"/>
<pin id="790" dir="1" index="4" bw="40" slack="0"/>
</pin_list>
<bind>
<opcode="partselect(1002) " fcode="partselect"/>
<opset="lshr_ln33_4/7 "/>
</bind>
</comp>

<comp id="795" class="1004" name="zext_ln33_14_fu_795">
<pin_list>
<pin id="796" dir="0" index="0" bw="40" slack="0"/>
<pin id="797" dir="1" index="1" bw="64" slack="0"/>
</pin_list>
<bind>
<opcode="zext(34) " fcode="zext"/>
<opset="zext_ln33_14/7 "/>
</bind>
</comp>

<comp id="799" class="1004" name="tmp_14_fu_799">
<pin_list>
<pin id="800" dir="0" index="0" bw="1" slack="0"/>
<pin id="801" dir="0" index="1" bw="41" slack="0"/>
<pin id="802" dir="0" index="2" bw="6" slack="0"/>
<pin id="803" dir="1" index="3" bw="1" slack="0"/>
</pin_list>
<bind>
<opcode="bitselect(1000) " fcode="bitselect"/>
<opset="tmp_14/7 "/>
</bind>
</comp>

<comp id="807" class="1004" name="select_ln33_9_fu_807">
<pin_list>
<pin id="808" dir="0" index="0" bw="1" slack="0"/>
<pin id="809" dir="0" index="1" bw="8" slack="0"/>
<pin id="810" dir="0" index="2" bw="8" slack="0"/>
<pin id="811" dir="1" index="3" bw="8" slack="0"/>
</pin_list>
<bind>
<opcode="select(49) " fcode="select"/>
<opset="select_ln33_9/7 "/>
</bind>
</comp>

<comp id="815" class="1004" name="sub_ln33_9_fu_815">
<pin_list>
<pin id="816" dir="0" index="0" bw="5" slack="0"/>
<pin id="817" dir="0" index="1" bw="5" slack="0"/>
<pin id="818" dir="1" index="2" bw="5" slack="0"/>
</pin_list>
<bind>
<opcode="sub(10) " fcode="sub"/>
<opset="sub_ln33_9/7 "/>
</bind>
</comp>

<comp id="821" class="1004" name="sext_ln33_4_fu_821">
<pin_list>
<pin id="822" dir="0" index="0" bw="5" slack="0"/>
<pin id="823" dir="1" index="1" bw="8" slack="0"/>
</pin_list>
<bind>
<opcode="sext(35) " fcode="sext"/>
<opset="sext_ln33_4/7 "/>
</bind>
</comp>

<comp id="825" class="1004" name="add_ln33_9_fu_825">
<pin_list>
<pin id="826" dir="0" index="0" bw="8" slack="0"/>
<pin id="827" dir="0" index="1" bw="5" slack="0"/>
<pin id="828" dir="1" index="2" bw="8" slack="0"/>
</pin_list>
<bind>
<opcode="add(8) " fcode="add"/>
<opset="add_ln33_9/7 "/>
</bind>
</comp>

<comp id="831" class="1004" name="tmp_23_i_fu_831">
<pin_list>
<pin id="832" dir="0" index="0" bw="9" slack="0"/>
<pin id="833" dir="0" index="1" bw="1" slack="5"/>
<pin id="834" dir="0" index="2" bw="8" slack="0"/>
<pin id="835" dir="1" index="3" bw="9" slack="0"/>
</pin_list>
<bind>
<opcode="bitconcatenate(1004) " fcode="bitconcatenate"/>
<opset="tmp_23_i/7 "/>
</bind>
</comp>

<comp id="838" class="1004" name="pi_assign_4_fu_838">
<pin_list>
<pin id="839" dir="0" index="0" bw="64" slack="0"/>
<pin id="840" dir="0" index="1" bw="40" slack="0"/>
<pin id="841" dir="0" index="2" bw="9" slack="0"/>
<pin id="842" dir="0" index="3" bw="6" slack="0"/>
<pin id="843" dir="0" index="4" bw="6" slack="0"/>
<pin id="844" dir="1" index="5" bw="64" slack="0"/>
</pin_list>
<bind>
<opcode="partset(1003) " fcode="partset"/>
<opset="pi_assign_4/7 "/>
</bind>
</comp>

<comp id="850" class="1004" name="LD_4_fu_850">
<pin_list>
<pin id="851" dir="0" index="0" bw="64" slack="0"/>
<pin id="852" dir="1" index="1" bw="32" slack="0"/>
</pin_list>
<bind>
<opcode="trunc(33) " fcode="trunc"/>
<opset="LD_4/7 "/>
</bind>
</comp>

<comp id="854" class="1004" name="empty_65_fu_854">
<pin_list>
<pin id="855" dir="0" index="0" bw="1" slack="1"/>
<pin id="856" dir="0" index="1" bw="1" slack="0"/>
<pin id="857" dir="0" index="2" bw="32" slack="0"/>
<pin id="858" dir="1" index="3" bw="32" slack="1"/>
</pin_list>
<bind>
<opcode="select(49) " fcode="select"/>
<opset="empty_65/7 "/>
</bind>
</comp>

<comp id="861" class="1005" name="q_reg_861">
<pin_list>
<pin id="862" dir="0" index="0" bw="31" slack="0"/>
<pin id="863" dir="1" index="1" bw="31" slack="0"/>
</pin_list>
<bind>
<opset="q "/>
</bind>
</comp>

<comp id="868" class="1005" name="icmp_ln29_reg_868">
<pin_list>
<pin id="869" dir="0" index="0" bw="1" slack="1"/>
<pin id="870" dir="1" index="1" bw="1" slack="2147483647"/>
</pin_list>
<bind>
<opset="icmp_ln29 "/>
</bind>
</comp>

<comp id="872" class="1005" name="gmem_out0_addr_reg_872">
<pin_list>
<pin id="873" dir="0" index="0" bw="32" slack="3"/>
<pin id="874" dir="1" index="1" bw="32" slack="3"/>
</pin_list>
<bind>
<opset="gmem_out0_addr "/>
</bind>
</comp>

<comp id="877" class="1005" name="tmp_1_reg_877">
<pin_list>
<pin id="878" dir="0" index="0" bw="17" slack="1"/>
<pin id="879" dir="1" index="1" bw="17" slack="1"/>
</pin_list>
<bind>
<opset="tmp_1 "/>
</bind>
</comp>

<comp id="884" class="1005" name="tmp_2_reg_884">
<pin_list>
<pin id="885" dir="0" index="0" bw="17" slack="2"/>
<pin id="886" dir="1" index="1" bw="17" slack="2"/>
</pin_list>
<bind>
<opset="tmp_2 "/>
</bind>
</comp>

<comp id="891" class="1005" name="tmp_3_reg_891">
<pin_list>
<pin id="892" dir="0" index="0" bw="17" slack="3"/>
<pin id="893" dir="1" index="1" bw="17" slack="3"/>
</pin_list>
<bind>
<opset="tmp_3 "/>
</bind>
</comp>

<comp id="898" class="1005" name="tmp_4_reg_898">
<pin_list>
<pin id="899" dir="0" index="0" bw="17" slack="4"/>
<pin id="900" dir="1" index="1" bw="17" slack="4"/>
</pin_list>
<bind>
<opset="tmp_4 "/>
</bind>
</comp>

<comp id="905" class="1005" name="icmp_ln33_reg_905">
<pin_list>
<pin id="906" dir="0" index="0" bw="1" slack="1"/>
<pin id="907" dir="1" index="1" bw="1" slack="1"/>
</pin_list>
<bind>
<opset="icmp_ln33 "/>
</bind>
</comp>

<comp id="910" class="1005" name="tmp_5_reg_910">
<pin_list>
<pin id="911" dir="0" index="0" bw="1" slack="1"/>
<pin id="912" dir="1" index="1" bw="1" slack="1"/>
</pin_list>
<bind>
<opset="tmp_5 "/>
</bind>
</comp>

<comp id="915" class="1005" name="select_ln33_reg_915">
<pin_list>
<pin id="916" dir="0" index="0" bw="17" slack="1"/>
<pin id="917" dir="1" index="1" bw="17" slack="1"/>
</pin_list>
<bind>
<opset="select_ln33 "/>
</bind>
</comp>

<comp id="921" class="1005" name="tmp_7_reg_921">
<pin_list>
<pin id="922" dir="0" index="0" bw="1" slack="1"/>
<pin id="923" dir="1" index="1" bw="1" slack="1"/>
</pin_list>
<bind>
<opset="tmp_7 "/>
</bind>
</comp>

<comp id="927" class="1005" name="tmp_9_reg_927">
<pin_list>
<pin id="928" dir="0" index="0" bw="1" slack="2"/>
<pin id="929" dir="1" index="1" bw="1" slack="2"/>
</pin_list>
<bind>
<opset="tmp_9 "/>
</bind>
</comp>

<comp id="933" class="1005" name="tmp_11_reg_933">
<pin_list>
<pin id="934" dir="0" index="0" bw="1" slack="3"/>
<pin id="935" dir="1" index="1" bw="1" slack="3"/>
</pin_list>
<bind>
<opset="tmp_11 "/>
</bind>
</comp>

<comp id="939" class="1005" name="tmp_13_reg_939">
<pin_list>
<pin id="940" dir="0" index="0" bw="1" slack="4"/>
<pin id="941" dir="1" index="1" bw="1" slack="4"/>
</pin_list>
<bind>
<opset="tmp_13 "/>
</bind>
</comp>

<comp id="945" class="1005" name="empty_reg_945">
<pin_list>
<pin id="946" dir="0" index="0" bw="32" slack="1"/>
<pin id="947" dir="1" index="1" bw="32" slack="1"/>
</pin_list>
<bind>
<opset="empty "/>
</bind>
</comp>

<comp id="950" class="1005" name="icmp_ln33_1_reg_950">
<pin_list>
<pin id="951" dir="0" index="0" bw="1" slack="1"/>
<pin id="952" dir="1" index="1" bw="1" slack="1"/>
</pin_list>
<bind>
<opset="icmp_ln33_1 "/>
</bind>
</comp>

<comp id="955" class="1005" name="select_ln33_2_reg_955">
<pin_list>
<pin id="956" dir="0" index="0" bw="17" slack="1"/>
<pin id="957" dir="1" index="1" bw="17" slack="1"/>
</pin_list>
<bind>
<opset="select_ln33_2 "/>
</bind>
</comp>

<comp id="961" class="1005" name="empty_62_reg_961">
<pin_list>
<pin id="962" dir="0" index="0" bw="32" slack="1"/>
<pin id="963" dir="1" index="1" bw="32" slack="1"/>
</pin_list>
<bind>
<opset="empty_62 "/>
</bind>
</comp>

<comp id="966" class="1005" name="icmp_ln33_2_reg_966">
<pin_list>
<pin id="967" dir="0" index="0" bw="1" slack="1"/>
<pin id="968" dir="1" index="1" bw="1" slack="1"/>
</pin_list>
<bind>
<opset="icmp_ln33_2 "/>
</bind>
</comp>

<comp id="971" class="1005" name="select_ln33_4_reg_971">
<pin_list>
<pin id="972" dir="0" index="0" bw="17" slack="1"/>
<pin id="973" dir="1" index="1" bw="17" slack="1"/>
</pin_list>
<bind>
<opset="select_ln33_4 "/>
</bind>
</comp>

<comp id="977" class="1005" name="empty_63_reg_977">
<pin_list>
<pin id="978" dir="0" index="0" bw="32" slack="1"/>
<pin id="979" dir="1" index="1" bw="32" slack="1"/>
</pin_list>
<bind>
<opset="empty_63 "/>
</bind>
</comp>

<comp id="982" class="1005" name="icmp_ln33_3_reg_982">
<pin_list>
<pin id="983" dir="0" index="0" bw="1" slack="1"/>
<pin id="984" dir="1" index="1" bw="1" slack="1"/>
</pin_list>
<bind>
<opset="icmp_ln33_3 "/>
</bind>
</comp>

<comp id="987" class="1005" name="select_ln33_6_reg_987">
<pin_list>
<pin id="988" dir="0" index="0" bw="17" slack="1"/>
<pin id="989" dir="1" index="1" bw="17" slack="1"/>
</pin_list>
<bind>
<opset="select_ln33_6 "/>
</bind>
</comp>

<comp id="993" class="1005" name="empty_64_reg_993">
<pin_list>
<pin id="994" dir="0" index="0" bw="32" slack="1"/>
<pin id="995" dir="1" index="1" bw="32" slack="1"/>
</pin_list>
<bind>
<opset="empty_64 "/>
</bind>
</comp>

<comp id="998" class="1005" name="icmp_ln33_4_reg_998">
<pin_list>
<pin id="999" dir="0" index="0" bw="1" slack="1"/>
<pin id="1000" dir="1" index="1" bw="1" slack="1"/>
</pin_list>
<bind>
<opset="icmp_ln33_4 "/>
</bind>
</comp>

<comp id="1003" class="1005" name="select_ln33_8_reg_1003">
<pin_list>
<pin id="1004" dir="0" index="0" bw="17" slack="1"/>
<pin id="1005" dir="1" index="1" bw="17" slack="1"/>
</pin_list>
<bind>
<opset="select_ln33_8 "/>
</bind>
</comp>

<comp id="1009" class="1005" name="empty_65_reg_1009">
<pin_list>
<pin id="1010" dir="0" index="0" bw="32" slack="1"/>
<pin id="1011" dir="1" index="1" bw="32" slack="1"/>
</pin_list>
<bind>
<opset="empty_65 "/>
</bind>
</comp>

</comp_list>

<net_list>
<net id="105"><net_src comp="8" pin="0"/><net_sink comp="102" pin=0"/></net>

<net id="110"><net_src comp="10" pin="0"/><net_sink comp="106" pin=0"/></net>

<net id="111"><net_src comp="4" pin="0"/><net_sink comp="106" pin=1"/></net>

<net id="116"><net_src comp="12" pin="0"/><net_sink comp="112" pin=0"/></net>

<net id="117"><net_src comp="0" pin="0"/><net_sink comp="112" pin=1"/></net>

<net id="122"><net_src comp="40" pin="0"/><net_sink comp="118" pin=0"/></net>

<net id="123"><net_src comp="6" pin="0"/><net_sink comp="118" pin=1"/></net>

<net id="130"><net_src comp="92" pin="0"/><net_sink comp="124" pin=0"/></net>

<net id="131"><net_src comp="94" pin="0"/><net_sink comp="124" pin=3"/></net>

<net id="135"><net_src comp="106" pin="2"/><net_sink comp="132" pin=0"/></net>

<net id="140"><net_src comp="36" pin="0"/><net_sink comp="136" pin=0"/></net>

<net id="147"><net_src comp="141" pin="1"/><net_sink comp="144" pin=0"/></net>

<net id="152"><net_src comp="144" pin="1"/><net_sink comp="148" pin=0"/></net>

<net id="153"><net_src comp="112" pin="2"/><net_sink comp="148" pin=1"/></net>

<net id="158"><net_src comp="2" pin="0"/><net_sink comp="154" pin=0"/></net>

<net id="159"><net_src comp="132" pin="1"/><net_sink comp="154" pin=1"/></net>

<net id="164"><net_src comp="141" pin="1"/><net_sink comp="160" pin=0"/></net>

<net id="165"><net_src comp="38" pin="0"/><net_sink comp="160" pin=1"/></net>

<net id="170"><net_src comp="160" pin="2"/><net_sink comp="166" pin=0"/></net>

<net id="174"><net_src comp="118" pin="2"/><net_sink comp="171" pin=0"/></net>

<net id="180"><net_src comp="42" pin="0"/><net_sink comp="175" pin=0"/></net>

<net id="181"><net_src comp="118" pin="2"/><net_sink comp="175" pin=1"/></net>

<net id="182"><net_src comp="44" pin="0"/><net_sink comp="175" pin=2"/></net>

<net id="188"><net_src comp="42" pin="0"/><net_sink comp="183" pin=0"/></net>

<net id="189"><net_src comp="118" pin="2"/><net_sink comp="183" pin=1"/></net>

<net id="190"><net_src comp="46" pin="0"/><net_sink comp="183" pin=2"/></net>

<net id="196"><net_src comp="42" pin="0"/><net_sink comp="191" pin=0"/></net>

<net id="197"><net_src comp="118" pin="2"/><net_sink comp="191" pin=1"/></net>

<net id="198"><net_src comp="48" pin="0"/><net_sink comp="191" pin=2"/></net>

<net id="204"><net_src comp="42" pin="0"/><net_sink comp="199" pin=0"/></net>

<net id="205"><net_src comp="118" pin="2"/><net_sink comp="199" pin=1"/></net>

<net id="206"><net_src comp="50" pin="0"/><net_sink comp="199" pin=2"/></net>

<net id="211"><net_src comp="171" pin="1"/><net_sink comp="207" pin=0"/></net>

<net id="212"><net_src comp="52" pin="0"/><net_sink comp="207" pin=1"/></net>

<net id="218"><net_src comp="54" pin="0"/><net_sink comp="213" pin=0"/></net>

<net id="219"><net_src comp="118" pin="2"/><net_sink comp="213" pin=1"/></net>

<net id="220"><net_src comp="28" pin="0"/><net_sink comp="213" pin=2"/></net>

<net id="225"><net_src comp="52" pin="0"/><net_sink comp="221" pin=0"/></net>

<net id="226"><net_src comp="171" pin="1"/><net_sink comp="221" pin=1"/></net>

<net id="232"><net_src comp="213" pin="3"/><net_sink comp="227" pin=0"/></net>

<net id="233"><net_src comp="221" pin="2"/><net_sink comp="227" pin=1"/></net>

<net id="234"><net_src comp="171" pin="1"/><net_sink comp="227" pin=2"/></net>

<net id="240"><net_src comp="56" pin="0"/><net_sink comp="235" pin=0"/></net>

<net id="241"><net_src comp="118" pin="2"/><net_sink comp="235" pin=1"/></net>

<net id="242"><net_src comp="58" pin="0"/><net_sink comp="235" pin=2"/></net>

<net id="248"><net_src comp="56" pin="0"/><net_sink comp="243" pin=0"/></net>

<net id="249"><net_src comp="118" pin="2"/><net_sink comp="243" pin=1"/></net>

<net id="250"><net_src comp="60" pin="0"/><net_sink comp="243" pin=2"/></net>

<net id="256"><net_src comp="56" pin="0"/><net_sink comp="251" pin=0"/></net>

<net id="257"><net_src comp="118" pin="2"/><net_sink comp="251" pin=1"/></net>

<net id="258"><net_src comp="62" pin="0"/><net_sink comp="251" pin=2"/></net>

<net id="264"><net_src comp="56" pin="0"/><net_sink comp="259" pin=0"/></net>

<net id="265"><net_src comp="118" pin="2"/><net_sink comp="259" pin=1"/></net>

<net id="266"><net_src comp="64" pin="0"/><net_sink comp="259" pin=2"/></net>

<net id="272"><net_src comp="66" pin="0"/><net_sink comp="267" pin=0"/></net>

<net id="273"><net_src comp="68" pin="0"/><net_sink comp="267" pin=2"/></net>

<net id="277"><net_src comp="267" pin="3"/><net_sink comp="274" pin=0"/></net>

<net id="285"><net_src comp="274" pin="1"/><net_sink comp="281" pin=0"/></net>

<net id="286"><net_src comp="70" pin="0"/><net_sink comp="281" pin=1"/></net>

<net id="290"><net_src comp="281" pin="2"/><net_sink comp="287" pin=0"/></net>

<net id="295"><net_src comp="278" pin="1"/><net_sink comp="291" pin=0"/></net>

<net id="296"><net_src comp="287" pin="1"/><net_sink comp="291" pin=1"/></net>

<net id="303"><net_src comp="72" pin="0"/><net_sink comp="297" pin=0"/></net>

<net id="304"><net_src comp="291" pin="2"/><net_sink comp="297" pin=1"/></net>

<net id="305"><net_src comp="8" pin="0"/><net_sink comp="297" pin=2"/></net>

<net id="306"><net_src comp="74" pin="0"/><net_sink comp="297" pin=3"/></net>

<net id="310"><net_src comp="297" pin="4"/><net_sink comp="307" pin=0"/></net>

<net id="316"><net_src comp="76" pin="0"/><net_sink comp="311" pin=0"/></net>

<net id="317"><net_src comp="291" pin="2"/><net_sink comp="311" pin=1"/></net>

<net id="318"><net_src comp="78" pin="0"/><net_sink comp="311" pin=2"/></net>

<net id="324"><net_src comp="311" pin="3"/><net_sink comp="319" pin=0"/></net>

<net id="325"><net_src comp="80" pin="0"/><net_sink comp="319" pin=1"/></net>

<net id="326"><net_src comp="82" pin="0"/><net_sink comp="319" pin=2"/></net>

<net id="331"><net_src comp="70" pin="0"/><net_sink comp="327" pin=0"/></net>

<net id="332"><net_src comp="274" pin="1"/><net_sink comp="327" pin=1"/></net>

<net id="336"><net_src comp="327" pin="2"/><net_sink comp="333" pin=0"/></net>

<net id="341"><net_src comp="319" pin="3"/><net_sink comp="337" pin=0"/></net>

<net id="342"><net_src comp="333" pin="1"/><net_sink comp="337" pin=1"/></net>

<net id="348"><net_src comp="84" pin="0"/><net_sink comp="343" pin=0"/></net>

<net id="349"><net_src comp="337" pin="2"/><net_sink comp="343" pin=2"/></net>

<net id="357"><net_src comp="86" pin="0"/><net_sink comp="350" pin=0"/></net>

<net id="358"><net_src comp="307" pin="1"/><net_sink comp="350" pin=1"/></net>

<net id="359"><net_src comp="343" pin="3"/><net_sink comp="350" pin=2"/></net>

<net id="360"><net_src comp="88" pin="0"/><net_sink comp="350" pin=3"/></net>

<net id="361"><net_src comp="90" pin="0"/><net_sink comp="350" pin=4"/></net>

<net id="365"><net_src comp="350" pin="5"/><net_sink comp="362" pin=0"/></net>

<net id="371"><net_src comp="18" pin="0"/><net_sink comp="366" pin=1"/></net>

<net id="372"><net_src comp="362" pin="1"/><net_sink comp="366" pin=2"/></net>

<net id="377"><net_src comp="52" pin="0"/><net_sink comp="373" pin=1"/></net>

<net id="382"><net_src comp="52" pin="0"/><net_sink comp="378" pin=0"/></net>

<net id="388"><net_src comp="378" pin="2"/><net_sink comp="383" pin=1"/></net>

<net id="394"><net_src comp="66" pin="0"/><net_sink comp="389" pin=0"/></net>

<net id="395"><net_src comp="68" pin="0"/><net_sink comp="389" pin=2"/></net>

<net id="399"><net_src comp="389" pin="3"/><net_sink comp="396" pin=0"/></net>

<net id="407"><net_src comp="396" pin="1"/><net_sink comp="403" pin=0"/></net>

<net id="408"><net_src comp="70" pin="0"/><net_sink comp="403" pin=1"/></net>

<net id="412"><net_src comp="403" pin="2"/><net_sink comp="409" pin=0"/></net>

<net id="417"><net_src comp="400" pin="1"/><net_sink comp="413" pin=0"/></net>

<net id="418"><net_src comp="409" pin="1"/><net_sink comp="413" pin=1"/></net>

<net id="425"><net_src comp="72" pin="0"/><net_sink comp="419" pin=0"/></net>

<net id="426"><net_src comp="413" pin="2"/><net_sink comp="419" pin=1"/></net>

<net id="427"><net_src comp="8" pin="0"/><net_sink comp="419" pin=2"/></net>

<net id="428"><net_src comp="74" pin="0"/><net_sink comp="419" pin=3"/></net>

<net id="432"><net_src comp="419" pin="4"/><net_sink comp="429" pin=0"/></net>

<net id="438"><net_src comp="76" pin="0"/><net_sink comp="433" pin=0"/></net>

<net id="439"><net_src comp="413" pin="2"/><net_sink comp="433" pin=1"/></net>

<net id="440"><net_src comp="78" pin="0"/><net_sink comp="433" pin=2"/></net>

<net id="446"><net_src comp="433" pin="3"/><net_sink comp="441" pin=0"/></net>

<net id="447"><net_src comp="80" pin="0"/><net_sink comp="441" pin=1"/></net>

<net id="448"><net_src comp="82" pin="0"/><net_sink comp="441" pin=2"/></net>

<net id="453"><net_src comp="70" pin="0"/><net_sink comp="449" pin=0"/></net>

<net id="454"><net_src comp="396" pin="1"/><net_sink comp="449" pin=1"/></net>

<net id="458"><net_src comp="449" pin="2"/><net_sink comp="455" pin=0"/></net>

<net id="463"><net_src comp="441" pin="3"/><net_sink comp="459" pin=0"/></net>

<net id="464"><net_src comp="455" pin="1"/><net_sink comp="459" pin=1"/></net>

<net id="470"><net_src comp="84" pin="0"/><net_sink comp="465" pin=0"/></net>

<net id="471"><net_src comp="459" pin="2"/><net_sink comp="465" pin=2"/></net>

<net id="479"><net_src comp="86" pin="0"/><net_sink comp="472" pin=0"/></net>

<net id="480"><net_src comp="429" pin="1"/><net_sink comp="472" pin=1"/></net>

<net id="481"><net_src comp="465" pin="3"/><net_sink comp="472" pin=2"/></net>

<net id="482"><net_src comp="88" pin="0"/><net_sink comp="472" pin=3"/></net>

<net id="483"><net_src comp="90" pin="0"/><net_sink comp="472" pin=4"/></net>

<net id="487"><net_src comp="472" pin="5"/><net_sink comp="484" pin=0"/></net>

<net id="493"><net_src comp="18" pin="0"/><net_sink comp="488" pin=1"/></net>

<net id="494"><net_src comp="484" pin="1"/><net_sink comp="488" pin=2"/></net>

<net id="499"><net_src comp="52" pin="0"/><net_sink comp="495" pin=1"/></net>

<net id="504"><net_src comp="52" pin="0"/><net_sink comp="500" pin=0"/></net>

<net id="510"><net_src comp="500" pin="2"/><net_sink comp="505" pin=1"/></net>

<net id="516"><net_src comp="66" pin="0"/><net_sink comp="511" pin=0"/></net>

<net id="517"><net_src comp="68" pin="0"/><net_sink comp="511" pin=2"/></net>

<net id="521"><net_src comp="511" pin="3"/><net_sink comp="518" pin=0"/></net>

<net id="529"><net_src comp="518" pin="1"/><net_sink comp="525" pin=0"/></net>

<net id="530"><net_src comp="70" pin="0"/><net_sink comp="525" pin=1"/></net>

<net id="534"><net_src comp="525" pin="2"/><net_sink comp="531" pin=0"/></net>

<net id="539"><net_src comp="522" pin="1"/><net_sink comp="535" pin=0"/></net>

<net id="540"><net_src comp="531" pin="1"/><net_sink comp="535" pin=1"/></net>

<net id="547"><net_src comp="72" pin="0"/><net_sink comp="541" pin=0"/></net>

<net id="548"><net_src comp="535" pin="2"/><net_sink comp="541" pin=1"/></net>

<net id="549"><net_src comp="8" pin="0"/><net_sink comp="541" pin=2"/></net>

<net id="550"><net_src comp="74" pin="0"/><net_sink comp="541" pin=3"/></net>

<net id="554"><net_src comp="541" pin="4"/><net_sink comp="551" pin=0"/></net>

<net id="560"><net_src comp="76" pin="0"/><net_sink comp="555" pin=0"/></net>

<net id="561"><net_src comp="535" pin="2"/><net_sink comp="555" pin=1"/></net>

<net id="562"><net_src comp="78" pin="0"/><net_sink comp="555" pin=2"/></net>

<net id="568"><net_src comp="555" pin="3"/><net_sink comp="563" pin=0"/></net>

<net id="569"><net_src comp="80" pin="0"/><net_sink comp="563" pin=1"/></net>

<net id="570"><net_src comp="82" pin="0"/><net_sink comp="563" pin=2"/></net>

<net id="575"><net_src comp="70" pin="0"/><net_sink comp="571" pin=0"/></net>

<net id="576"><net_src comp="518" pin="1"/><net_sink comp="571" pin=1"/></net>

<net id="580"><net_src comp="571" pin="2"/><net_sink comp="577" pin=0"/></net>

<net id="585"><net_src comp="563" pin="3"/><net_sink comp="581" pin=0"/></net>

<net id="586"><net_src comp="577" pin="1"/><net_sink comp="581" pin=1"/></net>

<net id="592"><net_src comp="84" pin="0"/><net_sink comp="587" pin=0"/></net>

<net id="593"><net_src comp="581" pin="2"/><net_sink comp="587" pin=2"/></net>

<net id="601"><net_src comp="86" pin="0"/><net_sink comp="594" pin=0"/></net>

<net id="602"><net_src comp="551" pin="1"/><net_sink comp="594" pin=1"/></net>

<net id="603"><net_src comp="587" pin="3"/><net_sink comp="594" pin=2"/></net>

<net id="604"><net_src comp="88" pin="0"/><net_sink comp="594" pin=3"/></net>

<net id="605"><net_src comp="90" pin="0"/><net_sink comp="594" pin=4"/></net>

<net id="609"><net_src comp="594" pin="5"/><net_sink comp="606" pin=0"/></net>

<net id="615"><net_src comp="18" pin="0"/><net_sink comp="610" pin=1"/></net>

<net id="616"><net_src comp="606" pin="1"/><net_sink comp="610" pin=2"/></net>

<net id="621"><net_src comp="52" pin="0"/><net_sink comp="617" pin=1"/></net>

<net id="626"><net_src comp="52" pin="0"/><net_sink comp="622" pin=0"/></net>

<net id="632"><net_src comp="622" pin="2"/><net_sink comp="627" pin=1"/></net>

<net id="638"><net_src comp="66" pin="0"/><net_sink comp="633" pin=0"/></net>

<net id="639"><net_src comp="68" pin="0"/><net_sink comp="633" pin=2"/></net>

<net id="643"><net_src comp="633" pin="3"/><net_sink comp="640" pin=0"/></net>

<net id="651"><net_src comp="640" pin="1"/><net_sink comp="647" pin=0"/></net>

<net id="652"><net_src comp="70" pin="0"/><net_sink comp="647" pin=1"/></net>

<net id="656"><net_src comp="647" pin="2"/><net_sink comp="653" pin=0"/></net>

<net id="661"><net_src comp="644" pin="1"/><net_sink comp="657" pin=0"/></net>

<net id="662"><net_src comp="653" pin="1"/><net_sink comp="657" pin=1"/></net>

<net id="669"><net_src comp="72" pin="0"/><net_sink comp="663" pin=0"/></net>

<net id="670"><net_src comp="657" pin="2"/><net_sink comp="663" pin=1"/></net>

<net id="671"><net_src comp="8" pin="0"/><net_sink comp="663" pin=2"/></net>

<net id="672"><net_src comp="74" pin="0"/><net_sink comp="663" pin=3"/></net>

<net id="676"><net_src comp="663" pin="4"/><net_sink comp="673" pin=0"/></net>

<net id="682"><net_src comp="76" pin="0"/><net_sink comp="677" pin=0"/></net>

<net id="683"><net_src comp="657" pin="2"/><net_sink comp="677" pin=1"/></net>

<net id="684"><net_src comp="78" pin="0"/><net_sink comp="677" pin=2"/></net>

<net id="690"><net_src comp="677" pin="3"/><net_sink comp="685" pin=0"/></net>

<net id="691"><net_src comp="80" pin="0"/><net_sink comp="685" pin=1"/></net>

<net id="692"><net_src comp="82" pin="0"/><net_sink comp="685" pin=2"/></net>

<net id="697"><net_src comp="70" pin="0"/><net_sink comp="693" pin=0"/></net>

<net id="698"><net_src comp="640" pin="1"/><net_sink comp="693" pin=1"/></net>

<net id="702"><net_src comp="693" pin="2"/><net_sink comp="699" pin=0"/></net>

<net id="707"><net_src comp="685" pin="3"/><net_sink comp="703" pin=0"/></net>

<net id="708"><net_src comp="699" pin="1"/><net_sink comp="703" pin=1"/></net>

<net id="714"><net_src comp="84" pin="0"/><net_sink comp="709" pin=0"/></net>

<net id="715"><net_src comp="703" pin="2"/><net_sink comp="709" pin=2"/></net>

<net id="723"><net_src comp="86" pin="0"/><net_sink comp="716" pin=0"/></net>

<net id="724"><net_src comp="673" pin="1"/><net_sink comp="716" pin=1"/></net>

<net id="725"><net_src comp="709" pin="3"/><net_sink comp="716" pin=2"/></net>

<net id="726"><net_src comp="88" pin="0"/><net_sink comp="716" pin=3"/></net>

<net id="727"><net_src comp="90" pin="0"/><net_sink comp="716" pin=4"/></net>

<net id="731"><net_src comp="716" pin="5"/><net_sink comp="728" pin=0"/></net>

<net id="737"><net_src comp="18" pin="0"/><net_sink comp="732" pin=1"/></net>

<net id="738"><net_src comp="728" pin="1"/><net_sink comp="732" pin=2"/></net>

<net id="743"><net_src comp="52" pin="0"/><net_sink comp="739" pin=1"/></net>

<net id="748"><net_src comp="52" pin="0"/><net_sink comp="744" pin=0"/></net>

<net id="754"><net_src comp="744" pin="2"/><net_sink comp="749" pin=1"/></net>

<net id="760"><net_src comp="66" pin="0"/><net_sink comp="755" pin=0"/></net>

<net id="761"><net_src comp="68" pin="0"/><net_sink comp="755" pin=2"/></net>

<net id="765"><net_src comp="755" pin="3"/><net_sink comp="762" pin=0"/></net>

<net id="773"><net_src comp="762" pin="1"/><net_sink comp="769" pin=0"/></net>

<net id="774"><net_src comp="70" pin="0"/><net_sink comp="769" pin=1"/></net>

<net id="778"><net_src comp="769" pin="2"/><net_sink comp="775" pin=0"/></net>

<net id="783"><net_src comp="766" pin="1"/><net_sink comp="779" pin=0"/></net>

<net id="784"><net_src comp="775" pin="1"/><net_sink comp="779" pin=1"/></net>

<net id="791"><net_src comp="72" pin="0"/><net_sink comp="785" pin=0"/></net>

<net id="792"><net_src comp="779" pin="2"/><net_sink comp="785" pin=1"/></net>

<net id="793"><net_src comp="8" pin="0"/><net_sink comp="785" pin=2"/></net>

<net id="794"><net_src comp="74" pin="0"/><net_sink comp="785" pin=3"/></net>

<net id="798"><net_src comp="785" pin="4"/><net_sink comp="795" pin=0"/></net>

<net id="804"><net_src comp="76" pin="0"/><net_sink comp="799" pin=0"/></net>

<net id="805"><net_src comp="779" pin="2"/><net_sink comp="799" pin=1"/></net>

<net id="806"><net_src comp="78" pin="0"/><net_sink comp="799" pin=2"/></net>

<net id="812"><net_src comp="799" pin="3"/><net_sink comp="807" pin=0"/></net>

<net id="813"><net_src comp="80" pin="0"/><net_sink comp="807" pin=1"/></net>

<net id="814"><net_src comp="82" pin="0"/><net_sink comp="807" pin=2"/></net>

<net id="819"><net_src comp="70" pin="0"/><net_sink comp="815" pin=0"/></net>

<net id="820"><net_src comp="762" pin="1"/><net_sink comp="815" pin=1"/></net>

<net id="824"><net_src comp="815" pin="2"/><net_sink comp="821" pin=0"/></net>

<net id="829"><net_src comp="807" pin="3"/><net_sink comp="825" pin=0"/></net>

<net id="830"><net_src comp="821" pin="1"/><net_sink comp="825" pin=1"/></net>

<net id="836"><net_src comp="84" pin="0"/><net_sink comp="831" pin=0"/></net>

<net id="837"><net_src comp="825" pin="2"/><net_sink comp="831" pin=2"/></net>

<net id="845"><net_src comp="86" pin="0"/><net_sink comp="838" pin=0"/></net>

<net id="846"><net_src comp="795" pin="1"/><net_sink comp="838" pin=1"/></net>

<net id="847"><net_src comp="831" pin="3"/><net_sink comp="838" pin=2"/></net>

<net id="848"><net_src comp="88" pin="0"/><net_sink comp="838" pin=3"/></net>

<net id="849"><net_src comp="90" pin="0"/><net_sink comp="838" pin=4"/></net>

<net id="853"><net_src comp="838" pin="5"/><net_sink comp="850" pin=0"/></net>

<net id="859"><net_src comp="18" pin="0"/><net_sink comp="854" pin=1"/></net>

<net id="860"><net_src comp="850" pin="1"/><net_sink comp="854" pin=2"/></net>

<net id="864"><net_src comp="102" pin="1"/><net_sink comp="861" pin=0"/></net>

<net id="865"><net_src comp="861" pin="1"/><net_sink comp="136" pin=1"/></net>

<net id="866"><net_src comp="861" pin="1"/><net_sink comp="141" pin=0"/></net>

<net id="867"><net_src comp="861" pin="1"/><net_sink comp="166" pin=1"/></net>

<net id="871"><net_src comp="148" pin="2"/><net_sink comp="868" pin=0"/></net>

<net id="875"><net_src comp="154" pin="2"/><net_sink comp="872" pin=0"/></net>

<net id="876"><net_src comp="872" pin="1"/><net_sink comp="124" pin=1"/></net>

<net id="880"><net_src comp="175" pin="3"/><net_sink comp="877" pin=0"/></net>

<net id="881"><net_src comp="877" pin="1"/><net_sink comp="373" pin=0"/></net>

<net id="882"><net_src comp="877" pin="1"/><net_sink comp="378" pin=1"/></net>

<net id="883"><net_src comp="877" pin="1"/><net_sink comp="383" pin=2"/></net>

<net id="887"><net_src comp="183" pin="3"/><net_sink comp="884" pin=0"/></net>

<net id="888"><net_src comp="884" pin="1"/><net_sink comp="495" pin=0"/></net>

<net id="889"><net_src comp="884" pin="1"/><net_sink comp="500" pin=1"/></net>

<net id="890"><net_src comp="884" pin="1"/><net_sink comp="505" pin=2"/></net>

<net id="894"><net_src comp="191" pin="3"/><net_sink comp="891" pin=0"/></net>

<net id="895"><net_src comp="891" pin="1"/><net_sink comp="617" pin=0"/></net>

<net id="896"><net_src comp="891" pin="1"/><net_sink comp="622" pin=1"/></net>

<net id="897"><net_src comp="891" pin="1"/><net_sink comp="627" pin=2"/></net>

<net id="901"><net_src comp="199" pin="3"/><net_sink comp="898" pin=0"/></net>

<net id="902"><net_src comp="898" pin="1"/><net_sink comp="739" pin=0"/></net>

<net id="903"><net_src comp="898" pin="1"/><net_sink comp="744" pin=1"/></net>

<net id="904"><net_src comp="898" pin="1"/><net_sink comp="749" pin=2"/></net>

<net id="908"><net_src comp="207" pin="2"/><net_sink comp="905" pin=0"/></net>

<net id="909"><net_src comp="905" pin="1"/><net_sink comp="366" pin=0"/></net>

<net id="913"><net_src comp="213" pin="3"/><net_sink comp="910" pin=0"/></net>

<net id="914"><net_src comp="910" pin="1"/><net_sink comp="343" pin=1"/></net>

<net id="918"><net_src comp="227" pin="3"/><net_sink comp="915" pin=0"/></net>

<net id="919"><net_src comp="915" pin="1"/><net_sink comp="267" pin=1"/></net>

<net id="920"><net_src comp="915" pin="1"/><net_sink comp="278" pin=0"/></net>

<net id="924"><net_src comp="235" pin="3"/><net_sink comp="921" pin=0"/></net>

<net id="925"><net_src comp="921" pin="1"/><net_sink comp="383" pin=0"/></net>

<net id="926"><net_src comp="921" pin="1"/><net_sink comp="465" pin=1"/></net>

<net id="930"><net_src comp="243" pin="3"/><net_sink comp="927" pin=0"/></net>

<net id="931"><net_src comp="927" pin="1"/><net_sink comp="505" pin=0"/></net>

<net id="932"><net_src comp="927" pin="1"/><net_sink comp="587" pin=1"/></net>

<net id="936"><net_src comp="251" pin="3"/><net_sink comp="933" pin=0"/></net>

<net id="937"><net_src comp="933" pin="1"/><net_sink comp="627" pin=0"/></net>

<net id="938"><net_src comp="933" pin="1"/><net_sink comp="709" pin=1"/></net>

<net id="942"><net_src comp="259" pin="3"/><net_sink comp="939" pin=0"/></net>

<net id="943"><net_src comp="939" pin="1"/><net_sink comp="749" pin=0"/></net>

<net id="944"><net_src comp="939" pin="1"/><net_sink comp="831" pin=1"/></net>

<net id="948"><net_src comp="366" pin="3"/><net_sink comp="945" pin=0"/></net>

<net id="949"><net_src comp="945" pin="1"/><net_sink comp="124" pin=2"/></net>

<net id="953"><net_src comp="373" pin="2"/><net_sink comp="950" pin=0"/></net>

<net id="954"><net_src comp="950" pin="1"/><net_sink comp="488" pin=0"/></net>

<net id="958"><net_src comp="383" pin="3"/><net_sink comp="955" pin=0"/></net>

<net id="959"><net_src comp="955" pin="1"/><net_sink comp="389" pin=1"/></net>

<net id="960"><net_src comp="955" pin="1"/><net_sink comp="400" pin=0"/></net>

<net id="964"><net_src comp="488" pin="3"/><net_sink comp="961" pin=0"/></net>

<net id="965"><net_src comp="961" pin="1"/><net_sink comp="124" pin=2"/></net>

<net id="969"><net_src comp="495" pin="2"/><net_sink comp="966" pin=0"/></net>

<net id="970"><net_src comp="966" pin="1"/><net_sink comp="610" pin=0"/></net>

<net id="974"><net_src comp="505" pin="3"/><net_sink comp="971" pin=0"/></net>

<net id="975"><net_src comp="971" pin="1"/><net_sink comp="511" pin=1"/></net>

<net id="976"><net_src comp="971" pin="1"/><net_sink comp="522" pin=0"/></net>

<net id="980"><net_src comp="610" pin="3"/><net_sink comp="977" pin=0"/></net>

<net id="981"><net_src comp="977" pin="1"/><net_sink comp="124" pin=2"/></net>

<net id="985"><net_src comp="617" pin="2"/><net_sink comp="982" pin=0"/></net>

<net id="986"><net_src comp="982" pin="1"/><net_sink comp="732" pin=0"/></net>

<net id="990"><net_src comp="627" pin="3"/><net_sink comp="987" pin=0"/></net>

<net id="991"><net_src comp="987" pin="1"/><net_sink comp="633" pin=1"/></net>

<net id="992"><net_src comp="987" pin="1"/><net_sink comp="644" pin=0"/></net>

<net id="996"><net_src comp="732" pin="3"/><net_sink comp="993" pin=0"/></net>

<net id="997"><net_src comp="993" pin="1"/><net_sink comp="124" pin=2"/></net>

<net id="1001"><net_src comp="739" pin="2"/><net_sink comp="998" pin=0"/></net>

<net id="1002"><net_src comp="998" pin="1"/><net_sink comp="854" pin=0"/></net>

<net id="1006"><net_src comp="749" pin="3"/><net_sink comp="1003" pin=0"/></net>

<net id="1007"><net_src comp="1003" pin="1"/><net_sink comp="755" pin=1"/></net>

<net id="1008"><net_src comp="1003" pin="1"/><net_sink comp="766" pin=0"/></net>

<net id="1012"><net_src comp="854" pin="3"/><net_sink comp="1009" pin=0"/></net>

<net id="1013"><net_src comp="1009" pin="1"/><net_sink comp="124" pin=2"/></net>

</net_list>

</model> 
---------------- Datapath Model END ------------------

* FSMD analyzer results:
  - Output states:
	Port: gmem_out0 | {4 5 6 7 8 }
 - Input state : 
	Port: store_result<float,array<ap_fixed,5u>>_Pipeline_VITIS_LOOP_29_1 : batch_size_1 | {1 }
	Port: store_result<float,array<ap_fixed,5u>>_Pipeline_VITIS_LOOP_29_1 : sext_ln29 | {1 }
	Port: store_result<float,array<ap_fixed,5u>>_Pipeline_VITIS_LOOP_29_1 : stream_out0_layer12_out | {2 }
  - Chain level:
	State 1
		store_ln0 : 1
		q_load : 1
		zext_ln29 : 2
		icmp_ln29 : 3
		br_ln29 : 4
		gmem_out0_addr : 1
		add_ln29 : 2
		store_ln29 : 3
	State 2
		icmp_ln33 : 1
		sub_ln33 : 1
		select_ln33 : 2
	State 3
		trunc_ln33 : 1
		add_ln33 : 2
		zext_ln33_1 : 3
		shl_ln33 : 4
		lshr_ln : 5
		zext_ln33_2 : 6
		tmp_6 : 5
		select_ln33_1 : 6
		sub_ln33_1 : 2
		sext_ln33 : 3
		add_ln33_1 : 7
		tmp_7_i : 8
		pi_assign : 9
		LD : 10
		empty : 11
		select_ln33_2 : 1
	State 4
		trunc_ln33_1 : 1
		add_ln33_2 : 2
		zext_ln33_4 : 3
		shl_ln33_1 : 4
		lshr_ln33_1 : 5
		zext_ln33_5 : 6
		tmp_8 : 5
		select_ln33_3 : 6
		sub_ln33_3 : 2
		sext_ln33_1 : 3
		add_ln33_3 : 7
		tmp_11_i : 8
		pi_assign_1 : 9
		LD_1 : 10
		empty_62 : 11
		select_ln33_4 : 1
	State 5
		trunc_ln33_2 : 1
		add_ln33_4 : 2
		zext_ln33_7 : 3
		shl_ln33_2 : 4
		lshr_ln33_2 : 5
		zext_ln33_8 : 6
		tmp_10 : 5
		select_ln33_5 : 6
		sub_ln33_5 : 2
		sext_ln33_2 : 3
		add_ln33_5 : 7
		tmp_15_i : 8
		pi_assign_2 : 9
		LD_2 : 10
		empty_63 : 11
		select_ln33_6 : 1
	State 6
		trunc_ln33_3 : 1
		add_ln33_6 : 2
		zext_ln33_10 : 3
		shl_ln33_3 : 4
		lshr_ln33_3 : 5
		zext_ln33_11 : 6
		tmp_12 : 5
		select_ln33_7 : 6
		sub_ln33_7 : 2
		sext_ln33_3 : 3
		add_ln33_7 : 7
		tmp_19_i : 8
		pi_assign_3 : 9
		LD_3 : 10
		empty_64 : 11
		select_ln33_8 : 1
	State 7
		trunc_ln33_4 : 1
		add_ln33_8 : 2
		zext_ln33_13 : 3
		shl_ln33_4 : 4
		lshr_ln33_4 : 5
		zext_ln33_14 : 6
		tmp_14 : 5
		select_ln33_9 : 6
		sub_ln33_9 : 2
		sext_ln33_4 : 3
		add_ln33_9 : 7
		tmp_23_i : 8
		pi_assign_4 : 9
		LD_4 : 10
		empty_65 : 11
	State 8


============================================================
+ Verbose Summary: Datapath Resource usage 
============================================================

* Functional unit list:
|----------|------------------------------------------|---------|---------|
| Operation|              Functional Unit             |    FF   |   LUT   |
|----------|------------------------------------------|---------|---------|
|          |            select_ln33_fu_227            |    0    |    16   |
|          |           select_ln33_1_fu_319           |    0    |    8    |
|          |               empty_fu_366               |    0    |    32   |
|          |           select_ln33_2_fu_383           |    0    |    16   |
|          |           select_ln33_3_fu_441           |    0    |    8    |
|          |              empty_62_fu_488             |    0    |    32   |
|          |           select_ln33_4_fu_505           |    0    |    16   |
|  select  |           select_ln33_5_fu_563           |    0    |    8    |
|          |              empty_63_fu_610             |    0    |    32   |
|          |           select_ln33_6_fu_627           |    0    |    16   |
|          |           select_ln33_7_fu_685           |    0    |    8    |
|          |              empty_64_fu_732             |    0    |    32   |
|          |           select_ln33_8_fu_749           |    0    |    16   |
|          |           select_ln33_9_fu_807           |    0    |    8    |
|          |              empty_65_fu_854             |    0    |    32   |
|----------|------------------------------------------|---------|---------|
|          |              shl_ln33_fu_291             |    0    |    49   |
|          |             shl_ln33_1_fu_413            |    0    |    49   |
|    shl   |             shl_ln33_2_fu_535            |    0    |    49   |
|          |             shl_ln33_3_fu_657            |    0    |    49   |
|          |             shl_ln33_4_fu_779            |    0    |    49   |
|----------|------------------------------------------|---------|---------|
|          |              sub_ln33_fu_221             |    0    |    24   |
|          |             sub_ln33_1_fu_327            |    0    |    12   |
|          |             sub_ln33_2_fu_378            |    0    |    24   |
|          |             sub_ln33_3_fu_449            |    0    |    12   |
|    sub   |             sub_ln33_4_fu_500            |    0    |    24   |
|          |             sub_ln33_5_fu_571            |    0    |    12   |
|          |             sub_ln33_6_fu_622            |    0    |    24   |
|          |             sub_ln33_7_fu_693            |    0    |    12   |
|          |             sub_ln33_8_fu_744            |    0    |    24   |
|          |             sub_ln33_9_fu_815            |    0    |    12   |
|----------|------------------------------------------|---------|---------|
|          |              add_ln29_fu_160             |    0    |    38   |
|          |              add_ln33_fu_281             |    0    |    12   |
|          |             add_ln33_1_fu_337            |    0    |    15   |
|          |             add_ln33_2_fu_403            |    0    |    12   |
|          |             add_ln33_3_fu_459            |    0    |    15   |
|    add   |             add_ln33_4_fu_525            |    0    |    12   |
|          |             add_ln33_5_fu_581            |    0    |    15   |
|          |             add_ln33_6_fu_647            |    0    |    12   |
|          |             add_ln33_7_fu_703            |    0    |    15   |
|          |             add_ln33_8_fu_769            |    0    |    12   |
|          |             add_ln33_9_fu_825            |    0    |    15   |
|----------|------------------------------------------|---------|---------|
|          |             icmp_ln29_fu_148             |    0    |    39   |
|          |             icmp_ln33_fu_207             |    0    |    24   |
|   icmp   |            icmp_ln33_1_fu_373            |    0    |    24   |
|          |            icmp_ln33_2_fu_495            |    0    |    24   |
|          |            icmp_ln33_3_fu_617            |    0    |    24   |
|          |            icmp_ln33_4_fu_739            |    0    |    24   |
|----------|------------------------------------------|---------|---------|
|          |              tmp_6_i_fu_267              |    0    |    21   |
|          |              tmp_8_i_fu_389              |    0    |    21   |
|   ctlz   |              tmp_13_i_fu_511             |    0    |    21   |
|          |              tmp_17_i_fu_633             |    0    |    21   |
|          |              tmp_21_i_fu_755             |    0    |    21   |
|----------|------------------------------------------|---------|---------|
|          |        sext_ln29_read_read_fu_106        |    0    |    0    |
|   read   |       batch_size_1_read_read_fu_112      |    0    |    0    |
|          | stream_out0_layer12_out_read_read_fu_118 |    0    |    0    |
|----------|------------------------------------------|---------|---------|
|   write  |             grp_write_fu_124             |    0    |    0    |
|----------|------------------------------------------|---------|---------|
|          |           sext_ln29_cast_fu_132          |    0    |    0    |
|          |             sext_ln33_fu_333             |    0    |    0    |
|   sext   |            sext_ln33_1_fu_455            |    0    |    0    |
|          |            sext_ln33_2_fu_577            |    0    |    0    |
|          |            sext_ln33_3_fu_699            |    0    |    0    |
|          |            sext_ln33_4_fu_821            |    0    |    0    |
|----------|------------------------------------------|---------|---------|
|          |             zext_ln29_fu_144             |    0    |    0    |
|          |             zext_ln33_fu_278             |    0    |    0    |
|          |            zext_ln33_1_fu_287            |    0    |    0    |
|          |            zext_ln33_2_fu_307            |    0    |    0    |
|          |            zext_ln33_3_fu_400            |    0    |    0    |
|          |            zext_ln33_4_fu_409            |    0    |    0    |
|          |            zext_ln33_5_fu_429            |    0    |    0    |
|   zext   |            zext_ln33_6_fu_522            |    0    |    0    |
|          |            zext_ln33_7_fu_531            |    0    |    0    |
|          |            zext_ln33_8_fu_551            |    0    |    0    |
|          |            zext_ln33_9_fu_644            |    0    |    0    |
|          |            zext_ln33_10_fu_653           |    0    |    0    |
|          |            zext_ln33_11_fu_673           |    0    |    0    |
|          |            zext_ln33_12_fu_766           |    0    |    0    |
|          |            zext_ln33_13_fu_775           |    0    |    0    |
|          |            zext_ln33_14_fu_795           |    0    |    0    |
|----------|------------------------------------------|---------|---------|
|          |                tmp_fu_171                |    0    |    0    |
|          |             trunc_ln33_fu_274            |    0    |    0    |
|          |                 LD_fu_362                |    0    |    0    |
|          |            trunc_ln33_1_fu_396           |    0    |    0    |
|          |                LD_1_fu_484               |    0    |    0    |
|   trunc  |            trunc_ln33_2_fu_518           |    0    |    0    |
|          |                LD_2_fu_606               |    0    |    0    |
|          |            trunc_ln33_3_fu_640           |    0    |    0    |
|          |                LD_3_fu_728               |    0    |    0    |
|          |            trunc_ln33_4_fu_762           |    0    |    0    |
|          |                LD_4_fu_850               |    0    |    0    |
|----------|------------------------------------------|---------|---------|
|          |               tmp_1_fu_175               |    0    |    0    |
|          |               tmp_2_fu_183               |    0    |    0    |
|          |               tmp_3_fu_191               |    0    |    0    |
|          |               tmp_4_fu_199               |    0    |    0    |
|partselect|              lshr_ln_fu_297              |    0    |    0    |
|          |            lshr_ln33_1_fu_419            |    0    |    0    |
|          |            lshr_ln33_2_fu_541            |    0    |    0    |
|          |            lshr_ln33_3_fu_663            |    0    |    0    |
|          |            lshr_ln33_4_fu_785            |    0    |    0    |
|----------|------------------------------------------|---------|---------|
|          |               tmp_5_fu_213               |    0    |    0    |
|          |               tmp_7_fu_235               |    0    |    0    |
|          |               tmp_9_fu_243               |    0    |    0    |
|          |               tmp_11_fu_251              |    0    |    0    |
| bitselect|               tmp_13_fu_259              |    0    |    0    |
|          |               tmp_6_fu_311               |    0    |    0    |
|          |               tmp_8_fu_433               |    0    |    0    |
|          |               tmp_10_fu_555              |    0    |    0    |
|          |               tmp_12_fu_677              |    0    |    0    |
|          |               tmp_14_fu_799              |    0    |    0    |
|----------|------------------------------------------|---------|---------|
|          |              tmp_7_i_fu_343              |    0    |    0    |
|          |              tmp_11_i_fu_465             |    0    |    0    |
|bitconcatenate|              tmp_15_i_fu_587             |    0    |    0    |
|          |              tmp_19_i_fu_709             |    0    |    0    |
|          |              tmp_23_i_fu_831             |    0    |    0    |
|----------|------------------------------------------|---------|---------|
|          |             pi_assign_fu_350             |    0    |    0    |
|          |            pi_assign_1_fu_472            |    0    |    0    |
|  partset |            pi_assign_2_fu_594            |    0    |    0    |
|          |            pi_assign_3_fu_716            |    0    |    0    |
|          |            pi_assign_4_fu_838            |    0    |    0    |
|----------|------------------------------------------|---------|---------|
|   Total  |                                          |    0    |   1142  |
|----------|------------------------------------------|---------|---------|

Memories:
N/A

* Register list:
+----------------------+--------+
|                      |   FF   |
+----------------------+--------+
|   empty_62_reg_961   |   32   |
|   empty_63_reg_977   |   32   |
|   empty_64_reg_993   |   32   |
|   empty_65_reg_1009  |   32   |
|     empty_reg_945    |   32   |
|gmem_out0_addr_reg_872|   32   |
|   icmp_ln29_reg_868  |    1   |
|  icmp_ln33_1_reg_950 |    1   |
|  icmp_ln33_2_reg_966 |    1   |
|  icmp_ln33_3_reg_982 |    1   |
|  icmp_ln33_4_reg_998 |    1   |
|   icmp_ln33_reg_905  |    1   |
|       q_reg_861      |   31   |
| select_ln33_2_reg_955|   17   |
| select_ln33_4_reg_971|   17   |
| select_ln33_6_reg_987|   17   |
|select_ln33_8_reg_1003|   17   |
|  select_ln33_reg_915 |   17   |
|    tmp_11_reg_933    |    1   |
|    tmp_13_reg_939    |    1   |
|     tmp_1_reg_877    |   17   |
|     tmp_2_reg_884    |   17   |
|     tmp_3_reg_891    |   17   |
|     tmp_4_reg_898    |   17   |
|     tmp_5_reg_910    |    1   |
|     tmp_7_reg_921    |    1   |
|     tmp_9_reg_927    |    1   |
+----------------------+--------+
|         Total        |   387  |
+----------------------+--------+

* Multiplexer (MUX) list: 
|------------------|------|------|------|--------||---------||---------||---------|
|       Comp       |  Pin | Size |  BW  | S x BW ||  Delay  ||    FF   ||   LUT   |
|------------------|------|------|------|--------||---------||---------||---------|
| grp_write_fu_124 |  p2  |   5  |  32  |   160  ||    0    ||    26   |
|------------------|------|------|------|--------||---------||---------||---------|
|       Total      |      |      |      |   160  ||  0.574  ||    0    ||    26   |
|------------------|------|------|------|--------||---------||---------||---------|



* Summary:
+-----------+--------+--------+--------+
|           |  Delay |   FF   |   LUT  |
+-----------+--------+--------+--------+
|  Function |    -   |    0   |  1142  |
|   Memory  |    -   |    -   |    -   |
|Multiplexer|    0   |    0   |   26   |
|  Register |    -   |   387  |    -   |
+-----------+--------+--------+--------+
|   Total   |    0   |   387  |  1168  |
+-----------+--------+--------+--------+
