

================================================================
== Vitis HLS Report for 'dense_array_array_ap_fixed_15_11_5_3_0_10u_config13_Pipeline_DataPrepare'
================================================================
* Date:           Mon May  4 22:35:27 2026

* Version:        2025.2 (Build 6295257 on Nov 14 2025)
* Project:        vitis_unified_project
* Solution:       hls (Vivado IP Flow Target)
* Product family: zynquplus
* Target device:  xck26-sfvc784-2LV-c


================================================================
== Performance Estimates
================================================================
+ Timing: 
    * Summary: 
    +--------+---------+----------+------------+
    |  Clock |  Target | Estimated| Uncertainty|
    +--------+---------+----------+------------+
    |ap_clk  |  5.00 ns|  1.815 ns|     0.62 ns|
    +--------+---------+----------+------------+

+ Latency: 
    * Summary: 
    +---------+---------+----------+----------+-----+-----+-------------------+
    |  Latency (cycles) |  Latency (absolute) |  Interval |      Pipeline     |
    |   min   |   max   |    min   |    max   | min | max |        Type       |
    +---------+---------+----------+----------+-----+-----+-------------------+
    |       27|       27|  0.135 us|  0.135 us|    0|    0|  loop pipeline stp|
    +---------+---------+----------+----------+-----+-----+-------------------+

    + Detail: 
        * Instance: 
        N/A

        * Loop: 
        +---------------+---------+---------+----------+-----------+-----------+------+----------+
        |               |  Latency (cycles) | Iteration|  Initiation Interval  | Trip |          |
        |   Loop Name   |   min   |   max   |  Latency |  achieved |   target  | Count| Pipelined|
        +---------------+---------+---------+----------+-----------+-----------+------+----------+
        |- DataPrepare  |       25|       25|         2|          1|          1|    25|       yes|
        +---------------+---------+---------+----------+-----------+-----------+------+----------+

============================================================
+ Verbose Summary: Synthesis Manager
============================================================
InlineROM: 1
ExposeGlobal: 0
============================================================
+ Verbose Summary: CDFG Model
============================================================
IsTopModel: 0
ResetActiveHigh: 1
IsCombinational: 0
IsDatapathOnly: 0
HasWiredReturn: 1
HasMFsm: 2
HasVarLatency: 1
IsPipeline: 0
IsRtlPipelined: 0
IsInstanceOverlapped: 0
IsDontTouch: 0
HasImplIP: 0
IsGatedGlobalClock: 0

+ Individual pipeline summary: 
  * Pipeline-0: initiation interval (II) = 1, depth = 2


============================================================
+ Verbose Summary: Schedule
============================================================
* Number of FSM states : 2
* Pipeline : 1
  Pipeline-0 : II = 1, D = 2, States = { 1 2 }
* Dataflow Pipeline: 0

* FSM state transitions: 
1 --> 2 
2 --> 

* FSM state operations: 

State 1 <SV = 0> <Delay = 1.64>
ST_1 : Operation 5 [1/1] (0.00ns)   --->   "%i_in = alloca i32 1" [firmware/nnet_utils/nnet_dense_stream.h:33->firmware/nnet_utils/nnet_dense_stream.h:93]   --->   Operation 5 'alloca' 'i_in' <Predicate = true> <Delay = 0.00>
ST_1 : Operation 6 [1/1] (0.00ns)   --->   "%p_0_0_0_0_01_i = alloca i32 1"   --->   Operation 6 'alloca' 'p_0_0_0_0_01_i' <Predicate = true> <Delay = 0.00>
ST_1 : Operation 7 [1/1] (0.00ns)   --->   "%p_0_1_0_0_03_i = alloca i32 1"   --->   Operation 7 'alloca' 'p_0_1_0_0_03_i' <Predicate = true> <Delay = 0.00>
ST_1 : Operation 8 [1/1] (0.00ns)   --->   "%p_0_2_0_0_05_i = alloca i32 1"   --->   Operation 8 'alloca' 'p_0_2_0_0_05_i' <Predicate = true> <Delay = 0.00>
ST_1 : Operation 9 [1/1] (0.00ns)   --->   "%p_0_3_0_0_07_i = alloca i32 1"   --->   Operation 9 'alloca' 'p_0_3_0_0_07_i' <Predicate = true> <Delay = 0.00>
ST_1 : Operation 10 [1/1] (0.00ns)   --->   "%p_0_4_0_0_09_i = alloca i32 1"   --->   Operation 10 'alloca' 'p_0_4_0_0_09_i' <Predicate = true> <Delay = 0.00>
ST_1 : Operation 11 [1/1] (0.00ns)   --->   "%p_0_5_0_0_011_i = alloca i32 1"   --->   Operation 11 'alloca' 'p_0_5_0_0_011_i' <Predicate = true> <Delay = 0.00>
ST_1 : Operation 12 [1/1] (0.00ns)   --->   "%p_0_6_0_0_013_i = alloca i32 1"   --->   Operation 12 'alloca' 'p_0_6_0_0_013_i' <Predicate = true> <Delay = 0.00>
ST_1 : Operation 13 [1/1] (0.00ns)   --->   "%p_0_7_0_0_015_i = alloca i32 1"   --->   Operation 13 'alloca' 'p_0_7_0_0_015_i' <Predicate = true> <Delay = 0.00>
ST_1 : Operation 14 [1/1] (0.00ns)   --->   "%p_0_8_0_0_017_i = alloca i32 1"   --->   Operation 14 'alloca' 'p_0_8_0_0_017_i' <Predicate = true> <Delay = 0.00>
ST_1 : Operation 15 [1/1] (0.00ns)   --->   "%p_0_9_0_0_019_i = alloca i32 1"   --->   Operation 15 'alloca' 'p_0_9_0_0_019_i' <Predicate = true> <Delay = 0.00>
ST_1 : Operation 16 [1/1] (0.00ns)   --->   "%p_0_10_0_0_021_i = alloca i32 1"   --->   Operation 16 'alloca' 'p_0_10_0_0_021_i' <Predicate = true> <Delay = 0.00>
ST_1 : Operation 17 [1/1] (0.00ns)   --->   "%p_0_11_0_0_023_i = alloca i32 1"   --->   Operation 17 'alloca' 'p_0_11_0_0_023_i' <Predicate = true> <Delay = 0.00>
ST_1 : Operation 18 [1/1] (0.00ns)   --->   "%p_0_12_0_0_025_i = alloca i32 1"   --->   Operation 18 'alloca' 'p_0_12_0_0_025_i' <Predicate = true> <Delay = 0.00>
ST_1 : Operation 19 [1/1] (0.00ns)   --->   "%p_0_13_0_0_027_i = alloca i32 1"   --->   Operation 19 'alloca' 'p_0_13_0_0_027_i' <Predicate = true> <Delay = 0.00>
ST_1 : Operation 20 [1/1] (0.00ns)   --->   "%p_0_15_0_0_029_i = alloca i32 1"   --->   Operation 20 'alloca' 'p_0_15_0_0_029_i' <Predicate = true> <Delay = 0.00>
ST_1 : Operation 21 [1/1] (0.00ns)   --->   "%p_0_0_0_0_031_i = alloca i32 1"   --->   Operation 21 'alloca' 'p_0_0_0_0_031_i' <Predicate = true> <Delay = 0.00>
ST_1 : Operation 22 [1/1] (0.00ns)   --->   "%p_0_1_0_0_033_i = alloca i32 1"   --->   Operation 22 'alloca' 'p_0_1_0_0_033_i' <Predicate = true> <Delay = 0.00>
ST_1 : Operation 23 [1/1] (0.00ns)   --->   "%p_0_2_0_0_035_i = alloca i32 1"   --->   Operation 23 'alloca' 'p_0_2_0_0_035_i' <Predicate = true> <Delay = 0.00>
ST_1 : Operation 24 [1/1] (0.00ns)   --->   "%p_0_3_0_0_037_i = alloca i32 1"   --->   Operation 24 'alloca' 'p_0_3_0_0_037_i' <Predicate = true> <Delay = 0.00>
ST_1 : Operation 25 [1/1] (0.00ns)   --->   "%p_0_4_0_0_039_i = alloca i32 1"   --->   Operation 25 'alloca' 'p_0_4_0_0_039_i' <Predicate = true> <Delay = 0.00>
ST_1 : Operation 26 [1/1] (0.00ns)   --->   "%p_0_5_0_0_041_i = alloca i32 1"   --->   Operation 26 'alloca' 'p_0_5_0_0_041_i' <Predicate = true> <Delay = 0.00>
ST_1 : Operation 27 [1/1] (0.00ns)   --->   "%p_0_6_0_0_043_i = alloca i32 1"   --->   Operation 27 'alloca' 'p_0_6_0_0_043_i' <Predicate = true> <Delay = 0.00>
ST_1 : Operation 28 [1/1] (0.00ns)   --->   "%p_0_7_0_0_045_i = alloca i32 1"   --->   Operation 28 'alloca' 'p_0_7_0_0_045_i' <Predicate = true> <Delay = 0.00>
ST_1 : Operation 29 [1/1] (0.00ns)   --->   "%p_0_8_0_0_047_i = alloca i32 1"   --->   Operation 29 'alloca' 'p_0_8_0_0_047_i' <Predicate = true> <Delay = 0.00>
ST_1 : Operation 30 [1/1] (0.00ns)   --->   "%p_0_9_0_0_049_i = alloca i32 1"   --->   Operation 30 'alloca' 'p_0_9_0_0_049_i' <Predicate = true> <Delay = 0.00>
ST_1 : Operation 31 [1/1] (0.00ns)   --->   "%p_0_10_0_0_051_i = alloca i32 1"   --->   Operation 31 'alloca' 'p_0_10_0_0_051_i' <Predicate = true> <Delay = 0.00>
ST_1 : Operation 32 [1/1] (0.00ns)   --->   "%p_0_11_0_0_053_i = alloca i32 1"   --->   Operation 32 'alloca' 'p_0_11_0_0_053_i' <Predicate = true> <Delay = 0.00>
ST_1 : Operation 33 [1/1] (0.00ns)   --->   "%p_0_12_0_0_055_i = alloca i32 1"   --->   Operation 33 'alloca' 'p_0_12_0_0_055_i' <Predicate = true> <Delay = 0.00>
ST_1 : Operation 34 [1/1] (0.00ns)   --->   "%p_0_13_0_0_057_i = alloca i32 1"   --->   Operation 34 'alloca' 'p_0_13_0_0_057_i' <Predicate = true> <Delay = 0.00>
ST_1 : Operation 35 [1/1] (0.00ns)   --->   "%p_0_15_0_0_059_i = alloca i32 1"   --->   Operation 35 'alloca' 'p_0_15_0_0_059_i' <Predicate = true> <Delay = 0.00>
ST_1 : Operation 36 [1/1] (0.00ns)   --->   "%p_0_0_0_0_061_i = alloca i32 1"   --->   Operation 36 'alloca' 'p_0_0_0_0_061_i' <Predicate = true> <Delay = 0.00>
ST_1 : Operation 37 [1/1] (0.00ns)   --->   "%p_0_1_0_0_063_i = alloca i32 1"   --->   Operation 37 'alloca' 'p_0_1_0_0_063_i' <Predicate = true> <Delay = 0.00>
ST_1 : Operation 38 [1/1] (0.00ns)   --->   "%p_0_2_0_0_065_i = alloca i32 1"   --->   Operation 38 'alloca' 'p_0_2_0_0_065_i' <Predicate = true> <Delay = 0.00>
ST_1 : Operation 39 [1/1] (0.00ns)   --->   "%p_0_3_0_0_067_i = alloca i32 1"   --->   Operation 39 'alloca' 'p_0_3_0_0_067_i' <Predicate = true> <Delay = 0.00>
ST_1 : Operation 40 [1/1] (0.00ns)   --->   "%p_0_4_0_0_069_i = alloca i32 1"   --->   Operation 40 'alloca' 'p_0_4_0_0_069_i' <Predicate = true> <Delay = 0.00>
ST_1 : Operation 41 [1/1] (0.00ns)   --->   "%p_0_5_0_0_071_i = alloca i32 1"   --->   Operation 41 'alloca' 'p_0_5_0_0_071_i' <Predicate = true> <Delay = 0.00>
ST_1 : Operation 42 [1/1] (0.00ns)   --->   "%p_0_6_0_0_073_i = alloca i32 1"   --->   Operation 42 'alloca' 'p_0_6_0_0_073_i' <Predicate = true> <Delay = 0.00>
ST_1 : Operation 43 [1/1] (0.00ns)   --->   "%p_0_7_0_0_075_i = alloca i32 1"   --->   Operation 43 'alloca' 'p_0_7_0_0_075_i' <Predicate = true> <Delay = 0.00>
ST_1 : Operation 44 [1/1] (0.00ns)   --->   "%p_0_8_0_0_077_i = alloca i32 1"   --->   Operation 44 'alloca' 'p_0_8_0_0_077_i' <Predicate = true> <Delay = 0.00>
ST_1 : Operation 45 [1/1] (0.00ns)   --->   "%p_0_9_0_0_079_i = alloca i32 1"   --->   Operation 45 'alloca' 'p_0_9_0_0_079_i' <Predicate = true> <Delay = 0.00>
ST_1 : Operation 46 [1/1] (0.00ns)   --->   "%p_0_10_0_0_081_i = alloca i32 1"   --->   Operation 46 'alloca' 'p_0_10_0_0_081_i' <Predicate = true> <Delay = 0.00>
ST_1 : Operation 47 [1/1] (0.00ns)   --->   "%p_0_11_0_0_083_i = alloca i32 1"   --->   Operation 47 'alloca' 'p_0_11_0_0_083_i' <Predicate = true> <Delay = 0.00>
ST_1 : Operation 48 [1/1] (0.00ns)   --->   "%p_0_12_0_0_085_i = alloca i32 1"   --->   Operation 48 'alloca' 'p_0_12_0_0_085_i' <Predicate = true> <Delay = 0.00>
ST_1 : Operation 49 [1/1] (0.00ns)   --->   "%p_0_13_0_0_087_i = alloca i32 1"   --->   Operation 49 'alloca' 'p_0_13_0_0_087_i' <Predicate = true> <Delay = 0.00>
ST_1 : Operation 50 [1/1] (0.00ns)   --->   "%p_0_15_0_0_089_i = alloca i32 1"   --->   Operation 50 'alloca' 'p_0_15_0_0_089_i' <Predicate = true> <Delay = 0.00>
ST_1 : Operation 51 [1/1] (0.00ns)   --->   "%p_0_0_0_0_091_i = alloca i32 1"   --->   Operation 51 'alloca' 'p_0_0_0_0_091_i' <Predicate = true> <Delay = 0.00>
ST_1 : Operation 52 [1/1] (0.00ns)   --->   "%p_0_1_0_0_093_i = alloca i32 1"   --->   Operation 52 'alloca' 'p_0_1_0_0_093_i' <Predicate = true> <Delay = 0.00>
ST_1 : Operation 53 [1/1] (0.00ns)   --->   "%p_0_2_0_0_095_i = alloca i32 1"   --->   Operation 53 'alloca' 'p_0_2_0_0_095_i' <Predicate = true> <Delay = 0.00>
ST_1 : Operation 54 [1/1] (0.00ns)   --->   "%p_0_3_0_0_097_i = alloca i32 1"   --->   Operation 54 'alloca' 'p_0_3_0_0_097_i' <Predicate = true> <Delay = 0.00>
ST_1 : Operation 55 [1/1] (0.00ns)   --->   "%p_0_4_0_0_099_i = alloca i32 1"   --->   Operation 55 'alloca' 'p_0_4_0_0_099_i' <Predicate = true> <Delay = 0.00>
ST_1 : Operation 56 [1/1] (0.00ns)   --->   "%p_0_5_0_0_0101_i = alloca i32 1"   --->   Operation 56 'alloca' 'p_0_5_0_0_0101_i' <Predicate = true> <Delay = 0.00>
ST_1 : Operation 57 [1/1] (0.00ns)   --->   "%p_0_6_0_0_0103_i = alloca i32 1"   --->   Operation 57 'alloca' 'p_0_6_0_0_0103_i' <Predicate = true> <Delay = 0.00>
ST_1 : Operation 58 [1/1] (0.00ns)   --->   "%p_0_7_0_0_0105_i = alloca i32 1"   --->   Operation 58 'alloca' 'p_0_7_0_0_0105_i' <Predicate = true> <Delay = 0.00>
ST_1 : Operation 59 [1/1] (0.00ns)   --->   "%p_0_8_0_0_0107_i = alloca i32 1"   --->   Operation 59 'alloca' 'p_0_8_0_0_0107_i' <Predicate = true> <Delay = 0.00>
ST_1 : Operation 60 [1/1] (0.00ns)   --->   "%p_0_9_0_0_0109_i = alloca i32 1"   --->   Operation 60 'alloca' 'p_0_9_0_0_0109_i' <Predicate = true> <Delay = 0.00>
ST_1 : Operation 61 [1/1] (0.00ns)   --->   "%p_0_10_0_0_0111_i = alloca i32 1"   --->   Operation 61 'alloca' 'p_0_10_0_0_0111_i' <Predicate = true> <Delay = 0.00>
ST_1 : Operation 62 [1/1] (0.00ns)   --->   "%p_0_11_0_0_0113_i = alloca i32 1"   --->   Operation 62 'alloca' 'p_0_11_0_0_0113_i' <Predicate = true> <Delay = 0.00>
ST_1 : Operation 63 [1/1] (0.00ns)   --->   "%p_0_12_0_0_0115_i = alloca i32 1"   --->   Operation 63 'alloca' 'p_0_12_0_0_0115_i' <Predicate = true> <Delay = 0.00>
ST_1 : Operation 64 [1/1] (0.00ns)   --->   "%p_0_13_0_0_0117_i = alloca i32 1"   --->   Operation 64 'alloca' 'p_0_13_0_0_0117_i' <Predicate = true> <Delay = 0.00>
ST_1 : Operation 65 [1/1] (0.00ns)   --->   "%p_0_15_0_0_0119_i = alloca i32 1"   --->   Operation 65 'alloca' 'p_0_15_0_0_0119_i' <Predicate = true> <Delay = 0.00>
ST_1 : Operation 66 [1/1] (0.00ns)   --->   "%p_0_0_0_0_0121_i = alloca i32 1"   --->   Operation 66 'alloca' 'p_0_0_0_0_0121_i' <Predicate = true> <Delay = 0.00>
ST_1 : Operation 67 [1/1] (0.00ns)   --->   "%p_0_1_0_0_0123_i = alloca i32 1"   --->   Operation 67 'alloca' 'p_0_1_0_0_0123_i' <Predicate = true> <Delay = 0.00>
ST_1 : Operation 68 [1/1] (0.00ns)   --->   "%p_0_2_0_0_0125_i = alloca i32 1"   --->   Operation 68 'alloca' 'p_0_2_0_0_0125_i' <Predicate = true> <Delay = 0.00>
ST_1 : Operation 69 [1/1] (0.00ns)   --->   "%p_0_3_0_0_0127_i = alloca i32 1"   --->   Operation 69 'alloca' 'p_0_3_0_0_0127_i' <Predicate = true> <Delay = 0.00>
ST_1 : Operation 70 [1/1] (0.00ns)   --->   "%p_0_4_0_0_0129_i = alloca i32 1"   --->   Operation 70 'alloca' 'p_0_4_0_0_0129_i' <Predicate = true> <Delay = 0.00>
ST_1 : Operation 71 [1/1] (0.00ns)   --->   "%p_0_5_0_0_0131_i = alloca i32 1"   --->   Operation 71 'alloca' 'p_0_5_0_0_0131_i' <Predicate = true> <Delay = 0.00>
ST_1 : Operation 72 [1/1] (0.00ns)   --->   "%p_0_6_0_0_0133_i = alloca i32 1"   --->   Operation 72 'alloca' 'p_0_6_0_0_0133_i' <Predicate = true> <Delay = 0.00>
ST_1 : Operation 73 [1/1] (0.00ns)   --->   "%p_0_7_0_0_0135_i = alloca i32 1"   --->   Operation 73 'alloca' 'p_0_7_0_0_0135_i' <Predicate = true> <Delay = 0.00>
ST_1 : Operation 74 [1/1] (0.00ns)   --->   "%p_0_8_0_0_0137_i = alloca i32 1"   --->   Operation 74 'alloca' 'p_0_8_0_0_0137_i' <Predicate = true> <Delay = 0.00>
ST_1 : Operation 75 [1/1] (0.00ns)   --->   "%p_0_9_0_0_0139_i = alloca i32 1"   --->   Operation 75 'alloca' 'p_0_9_0_0_0139_i' <Predicate = true> <Delay = 0.00>
ST_1 : Operation 76 [1/1] (0.00ns)   --->   "%p_0_10_0_0_0141_i = alloca i32 1"   --->   Operation 76 'alloca' 'p_0_10_0_0_0141_i' <Predicate = true> <Delay = 0.00>
ST_1 : Operation 77 [1/1] (0.00ns)   --->   "%p_0_11_0_0_0143_i = alloca i32 1"   --->   Operation 77 'alloca' 'p_0_11_0_0_0143_i' <Predicate = true> <Delay = 0.00>
ST_1 : Operation 78 [1/1] (0.00ns)   --->   "%p_0_12_0_0_0145_i = alloca i32 1"   --->   Operation 78 'alloca' 'p_0_12_0_0_0145_i' <Predicate = true> <Delay = 0.00>
ST_1 : Operation 79 [1/1] (0.00ns)   --->   "%p_0_13_0_0_0147_i = alloca i32 1"   --->   Operation 79 'alloca' 'p_0_13_0_0_0147_i' <Predicate = true> <Delay = 0.00>
ST_1 : Operation 80 [1/1] (0.00ns)   --->   "%p_0_15_0_0_0149_i = alloca i32 1"   --->   Operation 80 'alloca' 'p_0_15_0_0_0149_i' <Predicate = true> <Delay = 0.00>
ST_1 : Operation 81 [1/1] (0.00ns)   --->   "%p_0_0_0_0_0151_i = alloca i32 1"   --->   Operation 81 'alloca' 'p_0_0_0_0_0151_i' <Predicate = true> <Delay = 0.00>
ST_1 : Operation 82 [1/1] (0.00ns)   --->   "%p_0_1_0_0_0153_i = alloca i32 1"   --->   Operation 82 'alloca' 'p_0_1_0_0_0153_i' <Predicate = true> <Delay = 0.00>
ST_1 : Operation 83 [1/1] (0.00ns)   --->   "%p_0_2_0_0_0155_i = alloca i32 1"   --->   Operation 83 'alloca' 'p_0_2_0_0_0155_i' <Predicate = true> <Delay = 0.00>
ST_1 : Operation 84 [1/1] (0.00ns)   --->   "%p_0_3_0_0_0157_i = alloca i32 1"   --->   Operation 84 'alloca' 'p_0_3_0_0_0157_i' <Predicate = true> <Delay = 0.00>
ST_1 : Operation 85 [1/1] (0.00ns)   --->   "%p_0_4_0_0_0159_i = alloca i32 1"   --->   Operation 85 'alloca' 'p_0_4_0_0_0159_i' <Predicate = true> <Delay = 0.00>
ST_1 : Operation 86 [1/1] (0.00ns)   --->   "%p_0_5_0_0_0161_i = alloca i32 1"   --->   Operation 86 'alloca' 'p_0_5_0_0_0161_i' <Predicate = true> <Delay = 0.00>
ST_1 : Operation 87 [1/1] (0.00ns)   --->   "%p_0_6_0_0_0163_i = alloca i32 1"   --->   Operation 87 'alloca' 'p_0_6_0_0_0163_i' <Predicate = true> <Delay = 0.00>
ST_1 : Operation 88 [1/1] (0.00ns)   --->   "%p_0_7_0_0_0165_i = alloca i32 1"   --->   Operation 88 'alloca' 'p_0_7_0_0_0165_i' <Predicate = true> <Delay = 0.00>
ST_1 : Operation 89 [1/1] (0.00ns)   --->   "%p_0_8_0_0_0167_i = alloca i32 1"   --->   Operation 89 'alloca' 'p_0_8_0_0_0167_i' <Predicate = true> <Delay = 0.00>
ST_1 : Operation 90 [1/1] (0.00ns)   --->   "%p_0_9_0_0_0169_i = alloca i32 1"   --->   Operation 90 'alloca' 'p_0_9_0_0_0169_i' <Predicate = true> <Delay = 0.00>
ST_1 : Operation 91 [1/1] (0.00ns)   --->   "%p_0_10_0_0_0171_i = alloca i32 1"   --->   Operation 91 'alloca' 'p_0_10_0_0_0171_i' <Predicate = true> <Delay = 0.00>
ST_1 : Operation 92 [1/1] (0.00ns)   --->   "%p_0_11_0_0_0173_i = alloca i32 1"   --->   Operation 92 'alloca' 'p_0_11_0_0_0173_i' <Predicate = true> <Delay = 0.00>
ST_1 : Operation 93 [1/1] (0.00ns)   --->   "%p_0_12_0_0_0175_i = alloca i32 1"   --->   Operation 93 'alloca' 'p_0_12_0_0_0175_i' <Predicate = true> <Delay = 0.00>
ST_1 : Operation 94 [1/1] (0.00ns)   --->   "%p_0_13_0_0_0177_i = alloca i32 1"   --->   Operation 94 'alloca' 'p_0_13_0_0_0177_i' <Predicate = true> <Delay = 0.00>
ST_1 : Operation 95 [1/1] (0.00ns)   --->   "%p_0_15_0_0_0179_i = alloca i32 1"   --->   Operation 95 'alloca' 'p_0_15_0_0_0179_i' <Predicate = true> <Delay = 0.00>
ST_1 : Operation 96 [1/1] (0.00ns)   --->   "%p_0_0_0_0_0181_i = alloca i32 1"   --->   Operation 96 'alloca' 'p_0_0_0_0_0181_i' <Predicate = true> <Delay = 0.00>
ST_1 : Operation 97 [1/1] (0.00ns)   --->   "%p_0_1_0_0_0183_i = alloca i32 1"   --->   Operation 97 'alloca' 'p_0_1_0_0_0183_i' <Predicate = true> <Delay = 0.00>
ST_1 : Operation 98 [1/1] (0.00ns)   --->   "%p_0_2_0_0_0185_i = alloca i32 1"   --->   Operation 98 'alloca' 'p_0_2_0_0_0185_i' <Predicate = true> <Delay = 0.00>
ST_1 : Operation 99 [1/1] (0.00ns)   --->   "%p_0_3_0_0_0187_i = alloca i32 1"   --->   Operation 99 'alloca' 'p_0_3_0_0_0187_i' <Predicate = true> <Delay = 0.00>
ST_1 : Operation 100 [1/1] (0.00ns)   --->   "%p_0_4_0_0_0189_i = alloca i32 1"   --->   Operation 100 'alloca' 'p_0_4_0_0_0189_i' <Predicate = true> <Delay = 0.00>
ST_1 : Operation 101 [1/1] (0.00ns)   --->   "%p_0_5_0_0_0191_i = alloca i32 1"   --->   Operation 101 'alloca' 'p_0_5_0_0_0191_i' <Predicate = true> <Delay = 0.00>
ST_1 : Operation 102 [1/1] (0.00ns)   --->   "%p_0_6_0_0_0193_i = alloca i32 1"   --->   Operation 102 'alloca' 'p_0_6_0_0_0193_i' <Predicate = true> <Delay = 0.00>
ST_1 : Operation 103 [1/1] (0.00ns)   --->   "%p_0_7_0_0_0195_i = alloca i32 1"   --->   Operation 103 'alloca' 'p_0_7_0_0_0195_i' <Predicate = true> <Delay = 0.00>
ST_1 : Operation 104 [1/1] (0.00ns)   --->   "%p_0_8_0_0_0197_i = alloca i32 1"   --->   Operation 104 'alloca' 'p_0_8_0_0_0197_i' <Predicate = true> <Delay = 0.00>
ST_1 : Operation 105 [1/1] (0.00ns)   --->   "%p_0_9_0_0_0199_i = alloca i32 1"   --->   Operation 105 'alloca' 'p_0_9_0_0_0199_i' <Predicate = true> <Delay = 0.00>
ST_1 : Operation 106 [1/1] (0.00ns)   --->   "%p_0_10_0_0_0201_i = alloca i32 1"   --->   Operation 106 'alloca' 'p_0_10_0_0_0201_i' <Predicate = true> <Delay = 0.00>
ST_1 : Operation 107 [1/1] (0.00ns)   --->   "%p_0_11_0_0_0203_i = alloca i32 1"   --->   Operation 107 'alloca' 'p_0_11_0_0_0203_i' <Predicate = true> <Delay = 0.00>
ST_1 : Operation 108 [1/1] (0.00ns)   --->   "%p_0_12_0_0_0205_i = alloca i32 1"   --->   Operation 108 'alloca' 'p_0_12_0_0_0205_i' <Predicate = true> <Delay = 0.00>
ST_1 : Operation 109 [1/1] (0.00ns)   --->   "%p_0_13_0_0_0207_i = alloca i32 1"   --->   Operation 109 'alloca' 'p_0_13_0_0_0207_i' <Predicate = true> <Delay = 0.00>
ST_1 : Operation 110 [1/1] (0.00ns)   --->   "%p_0_15_0_0_0209_i = alloca i32 1"   --->   Operation 110 'alloca' 'p_0_15_0_0_0209_i' <Predicate = true> <Delay = 0.00>
ST_1 : Operation 111 [1/1] (0.00ns)   --->   "%p_0_0_0_0_0211_i = alloca i32 1"   --->   Operation 111 'alloca' 'p_0_0_0_0_0211_i' <Predicate = true> <Delay = 0.00>
ST_1 : Operation 112 [1/1] (0.00ns)   --->   "%p_0_1_0_0_0213_i = alloca i32 1"   --->   Operation 112 'alloca' 'p_0_1_0_0_0213_i' <Predicate = true> <Delay = 0.00>
ST_1 : Operation 113 [1/1] (0.00ns)   --->   "%p_0_2_0_0_0215_i = alloca i32 1"   --->   Operation 113 'alloca' 'p_0_2_0_0_0215_i' <Predicate = true> <Delay = 0.00>
ST_1 : Operation 114 [1/1] (0.00ns)   --->   "%p_0_3_0_0_0217_i = alloca i32 1"   --->   Operation 114 'alloca' 'p_0_3_0_0_0217_i' <Predicate = true> <Delay = 0.00>
ST_1 : Operation 115 [1/1] (0.00ns)   --->   "%p_0_4_0_0_0219_i = alloca i32 1"   --->   Operation 115 'alloca' 'p_0_4_0_0_0219_i' <Predicate = true> <Delay = 0.00>
ST_1 : Operation 116 [1/1] (0.00ns)   --->   "%p_0_5_0_0_0221_i = alloca i32 1"   --->   Operation 116 'alloca' 'p_0_5_0_0_0221_i' <Predicate = true> <Delay = 0.00>
ST_1 : Operation 117 [1/1] (0.00ns)   --->   "%p_0_6_0_0_0223_i = alloca i32 1"   --->   Operation 117 'alloca' 'p_0_6_0_0_0223_i' <Predicate = true> <Delay = 0.00>
ST_1 : Operation 118 [1/1] (0.00ns)   --->   "%p_0_7_0_0_0225_i = alloca i32 1"   --->   Operation 118 'alloca' 'p_0_7_0_0_0225_i' <Predicate = true> <Delay = 0.00>
ST_1 : Operation 119 [1/1] (0.00ns)   --->   "%p_0_8_0_0_0227_i = alloca i32 1"   --->   Operation 119 'alloca' 'p_0_8_0_0_0227_i' <Predicate = true> <Delay = 0.00>
ST_1 : Operation 120 [1/1] (0.00ns)   --->   "%p_0_9_0_0_0229_i = alloca i32 1"   --->   Operation 120 'alloca' 'p_0_9_0_0_0229_i' <Predicate = true> <Delay = 0.00>
ST_1 : Operation 121 [1/1] (0.00ns)   --->   "%p_0_10_0_0_0231_i = alloca i32 1"   --->   Operation 121 'alloca' 'p_0_10_0_0_0231_i' <Predicate = true> <Delay = 0.00>
ST_1 : Operation 122 [1/1] (0.00ns)   --->   "%p_0_11_0_0_0233_i = alloca i32 1"   --->   Operation 122 'alloca' 'p_0_11_0_0_0233_i' <Predicate = true> <Delay = 0.00>
ST_1 : Operation 123 [1/1] (0.00ns)   --->   "%p_0_12_0_0_0235_i = alloca i32 1"   --->   Operation 123 'alloca' 'p_0_12_0_0_0235_i' <Predicate = true> <Delay = 0.00>
ST_1 : Operation 124 [1/1] (0.00ns)   --->   "%p_0_13_0_0_0237_i = alloca i32 1"   --->   Operation 124 'alloca' 'p_0_13_0_0_0237_i' <Predicate = true> <Delay = 0.00>
ST_1 : Operation 125 [1/1] (0.00ns)   --->   "%p_0_15_0_0_0239_i = alloca i32 1"   --->   Operation 125 'alloca' 'p_0_15_0_0_0239_i' <Predicate = true> <Delay = 0.00>
ST_1 : Operation 126 [1/1] (0.00ns)   --->   "%p_0_0_0_0_0241_i = alloca i32 1"   --->   Operation 126 'alloca' 'p_0_0_0_0_0241_i' <Predicate = true> <Delay = 0.00>
ST_1 : Operation 127 [1/1] (0.00ns)   --->   "%p_0_1_0_0_0243_i = alloca i32 1"   --->   Operation 127 'alloca' 'p_0_1_0_0_0243_i' <Predicate = true> <Delay = 0.00>
ST_1 : Operation 128 [1/1] (0.00ns)   --->   "%p_0_2_0_0_0245_i = alloca i32 1"   --->   Operation 128 'alloca' 'p_0_2_0_0_0245_i' <Predicate = true> <Delay = 0.00>
ST_1 : Operation 129 [1/1] (0.00ns)   --->   "%p_0_3_0_0_0247_i = alloca i32 1"   --->   Operation 129 'alloca' 'p_0_3_0_0_0247_i' <Predicate = true> <Delay = 0.00>
ST_1 : Operation 130 [1/1] (0.00ns)   --->   "%p_0_4_0_0_0249_i = alloca i32 1"   --->   Operation 130 'alloca' 'p_0_4_0_0_0249_i' <Predicate = true> <Delay = 0.00>
ST_1 : Operation 131 [1/1] (0.00ns)   --->   "%p_0_5_0_0_0251_i = alloca i32 1"   --->   Operation 131 'alloca' 'p_0_5_0_0_0251_i' <Predicate = true> <Delay = 0.00>
ST_1 : Operation 132 [1/1] (0.00ns)   --->   "%p_0_6_0_0_0253_i = alloca i32 1"   --->   Operation 132 'alloca' 'p_0_6_0_0_0253_i' <Predicate = true> <Delay = 0.00>
ST_1 : Operation 133 [1/1] (0.00ns)   --->   "%p_0_7_0_0_0255_i = alloca i32 1"   --->   Operation 133 'alloca' 'p_0_7_0_0_0255_i' <Predicate = true> <Delay = 0.00>
ST_1 : Operation 134 [1/1] (0.00ns)   --->   "%p_0_8_0_0_0257_i = alloca i32 1"   --->   Operation 134 'alloca' 'p_0_8_0_0_0257_i' <Predicate = true> <Delay = 0.00>
ST_1 : Operation 135 [1/1] (0.00ns)   --->   "%p_0_9_0_0_0259_i = alloca i32 1"   --->   Operation 135 'alloca' 'p_0_9_0_0_0259_i' <Predicate = true> <Delay = 0.00>
ST_1 : Operation 136 [1/1] (0.00ns)   --->   "%p_0_10_0_0_0261_i = alloca i32 1"   --->   Operation 136 'alloca' 'p_0_10_0_0_0261_i' <Predicate = true> <Delay = 0.00>
ST_1 : Operation 137 [1/1] (0.00ns)   --->   "%p_0_11_0_0_0263_i = alloca i32 1"   --->   Operation 137 'alloca' 'p_0_11_0_0_0263_i' <Predicate = true> <Delay = 0.00>
ST_1 : Operation 138 [1/1] (0.00ns)   --->   "%p_0_12_0_0_0265_i = alloca i32 1"   --->   Operation 138 'alloca' 'p_0_12_0_0_0265_i' <Predicate = true> <Delay = 0.00>
ST_1 : Operation 139 [1/1] (0.00ns)   --->   "%p_0_13_0_0_0267_i = alloca i32 1"   --->   Operation 139 'alloca' 'p_0_13_0_0_0267_i' <Predicate = true> <Delay = 0.00>
ST_1 : Operation 140 [1/1] (0.00ns)   --->   "%p_0_15_0_0_0269_i = alloca i32 1"   --->   Operation 140 'alloca' 'p_0_15_0_0_0269_i' <Predicate = true> <Delay = 0.00>
ST_1 : Operation 141 [1/1] (0.00ns)   --->   "%p_0_0_0_0_0271_i = alloca i32 1"   --->   Operation 141 'alloca' 'p_0_0_0_0_0271_i' <Predicate = true> <Delay = 0.00>
ST_1 : Operation 142 [1/1] (0.00ns)   --->   "%p_0_1_0_0_0273_i = alloca i32 1"   --->   Operation 142 'alloca' 'p_0_1_0_0_0273_i' <Predicate = true> <Delay = 0.00>
ST_1 : Operation 143 [1/1] (0.00ns)   --->   "%p_0_2_0_0_0275_i = alloca i32 1"   --->   Operation 143 'alloca' 'p_0_2_0_0_0275_i' <Predicate = true> <Delay = 0.00>
ST_1 : Operation 144 [1/1] (0.00ns)   --->   "%p_0_3_0_0_0277_i = alloca i32 1"   --->   Operation 144 'alloca' 'p_0_3_0_0_0277_i' <Predicate = true> <Delay = 0.00>
ST_1 : Operation 145 [1/1] (0.00ns)   --->   "%p_0_4_0_0_0279_i = alloca i32 1"   --->   Operation 145 'alloca' 'p_0_4_0_0_0279_i' <Predicate = true> <Delay = 0.00>
ST_1 : Operation 146 [1/1] (0.00ns)   --->   "%p_0_5_0_0_0281_i = alloca i32 1"   --->   Operation 146 'alloca' 'p_0_5_0_0_0281_i' <Predicate = true> <Delay = 0.00>
ST_1 : Operation 147 [1/1] (0.00ns)   --->   "%p_0_6_0_0_0283_i = alloca i32 1"   --->   Operation 147 'alloca' 'p_0_6_0_0_0283_i' <Predicate = true> <Delay = 0.00>
ST_1 : Operation 148 [1/1] (0.00ns)   --->   "%p_0_7_0_0_0285_i = alloca i32 1"   --->   Operation 148 'alloca' 'p_0_7_0_0_0285_i' <Predicate = true> <Delay = 0.00>
ST_1 : Operation 149 [1/1] (0.00ns)   --->   "%p_0_8_0_0_0287_i = alloca i32 1"   --->   Operation 149 'alloca' 'p_0_8_0_0_0287_i' <Predicate = true> <Delay = 0.00>
ST_1 : Operation 150 [1/1] (0.00ns)   --->   "%p_0_9_0_0_0289_i = alloca i32 1"   --->   Operation 150 'alloca' 'p_0_9_0_0_0289_i' <Predicate = true> <Delay = 0.00>
ST_1 : Operation 151 [1/1] (0.00ns)   --->   "%p_0_10_0_0_0291_i = alloca i32 1"   --->   Operation 151 'alloca' 'p_0_10_0_0_0291_i' <Predicate = true> <Delay = 0.00>
ST_1 : Operation 152 [1/1] (0.00ns)   --->   "%p_0_11_0_0_0293_i = alloca i32 1"   --->   Operation 152 'alloca' 'p_0_11_0_0_0293_i' <Predicate = true> <Delay = 0.00>
ST_1 : Operation 153 [1/1] (0.00ns)   --->   "%p_0_12_0_0_0295_i = alloca i32 1"   --->   Operation 153 'alloca' 'p_0_12_0_0_0295_i' <Predicate = true> <Delay = 0.00>
ST_1 : Operation 154 [1/1] (0.00ns)   --->   "%p_0_13_0_0_0297_i = alloca i32 1"   --->   Operation 154 'alloca' 'p_0_13_0_0_0297_i' <Predicate = true> <Delay = 0.00>
ST_1 : Operation 155 [1/1] (0.00ns)   --->   "%p_0_15_0_0_0299_i = alloca i32 1"   --->   Operation 155 'alloca' 'p_0_15_0_0_0299_i' <Predicate = true> <Delay = 0.00>
ST_1 : Operation 156 [1/1] (0.00ns)   --->   "%p_0_0_0_0_0301_i = alloca i32 1"   --->   Operation 156 'alloca' 'p_0_0_0_0_0301_i' <Predicate = true> <Delay = 0.00>
ST_1 : Operation 157 [1/1] (0.00ns)   --->   "%p_0_1_0_0_0303_i = alloca i32 1"   --->   Operation 157 'alloca' 'p_0_1_0_0_0303_i' <Predicate = true> <Delay = 0.00>
ST_1 : Operation 158 [1/1] (0.00ns)   --->   "%p_0_2_0_0_0305_i = alloca i32 1"   --->   Operation 158 'alloca' 'p_0_2_0_0_0305_i' <Predicate = true> <Delay = 0.00>
ST_1 : Operation 159 [1/1] (0.00ns)   --->   "%p_0_3_0_0_0307_i = alloca i32 1"   --->   Operation 159 'alloca' 'p_0_3_0_0_0307_i' <Predicate = true> <Delay = 0.00>
ST_1 : Operation 160 [1/1] (0.00ns)   --->   "%p_0_4_0_0_0309_i = alloca i32 1"   --->   Operation 160 'alloca' 'p_0_4_0_0_0309_i' <Predicate = true> <Delay = 0.00>
ST_1 : Operation 161 [1/1] (0.00ns)   --->   "%p_0_5_0_0_0311_i = alloca i32 1"   --->   Operation 161 'alloca' 'p_0_5_0_0_0311_i' <Predicate = true> <Delay = 0.00>
ST_1 : Operation 162 [1/1] (0.00ns)   --->   "%p_0_6_0_0_0313_i = alloca i32 1"   --->   Operation 162 'alloca' 'p_0_6_0_0_0313_i' <Predicate = true> <Delay = 0.00>
ST_1 : Operation 163 [1/1] (0.00ns)   --->   "%p_0_7_0_0_0315_i = alloca i32 1"   --->   Operation 163 'alloca' 'p_0_7_0_0_0315_i' <Predicate = true> <Delay = 0.00>
ST_1 : Operation 164 [1/1] (0.00ns)   --->   "%p_0_8_0_0_0317_i = alloca i32 1"   --->   Operation 164 'alloca' 'p_0_8_0_0_0317_i' <Predicate = true> <Delay = 0.00>
ST_1 : Operation 165 [1/1] (0.00ns)   --->   "%p_0_9_0_0_0319_i = alloca i32 1"   --->   Operation 165 'alloca' 'p_0_9_0_0_0319_i' <Predicate = true> <Delay = 0.00>
ST_1 : Operation 166 [1/1] (0.00ns)   --->   "%p_0_10_0_0_0321_i = alloca i32 1"   --->   Operation 166 'alloca' 'p_0_10_0_0_0321_i' <Predicate = true> <Delay = 0.00>
ST_1 : Operation 167 [1/1] (0.00ns)   --->   "%p_0_11_0_0_0323_i = alloca i32 1"   --->   Operation 167 'alloca' 'p_0_11_0_0_0323_i' <Predicate = true> <Delay = 0.00>
ST_1 : Operation 168 [1/1] (0.00ns)   --->   "%p_0_12_0_0_0325_i = alloca i32 1"   --->   Operation 168 'alloca' 'p_0_12_0_0_0325_i' <Predicate = true> <Delay = 0.00>
ST_1 : Operation 169 [1/1] (0.00ns)   --->   "%p_0_13_0_0_0327_i = alloca i32 1"   --->   Operation 169 'alloca' 'p_0_13_0_0_0327_i' <Predicate = true> <Delay = 0.00>
ST_1 : Operation 170 [1/1] (0.00ns)   --->   "%p_0_15_0_0_0329_i = alloca i32 1"   --->   Operation 170 'alloca' 'p_0_15_0_0_0329_i' <Predicate = true> <Delay = 0.00>
ST_1 : Operation 171 [1/1] (0.00ns)   --->   "%p_0_0_0_0_0331_i = alloca i32 1"   --->   Operation 171 'alloca' 'p_0_0_0_0_0331_i' <Predicate = true> <Delay = 0.00>
ST_1 : Operation 172 [1/1] (0.00ns)   --->   "%p_0_1_0_0_0333_i = alloca i32 1"   --->   Operation 172 'alloca' 'p_0_1_0_0_0333_i' <Predicate = true> <Delay = 0.00>
ST_1 : Operation 173 [1/1] (0.00ns)   --->   "%p_0_2_0_0_0335_i = alloca i32 1"   --->   Operation 173 'alloca' 'p_0_2_0_0_0335_i' <Predicate = true> <Delay = 0.00>
ST_1 : Operation 174 [1/1] (0.00ns)   --->   "%p_0_3_0_0_0337_i = alloca i32 1"   --->   Operation 174 'alloca' 'p_0_3_0_0_0337_i' <Predicate = true> <Delay = 0.00>
ST_1 : Operation 175 [1/1] (0.00ns)   --->   "%p_0_4_0_0_0339_i = alloca i32 1"   --->   Operation 175 'alloca' 'p_0_4_0_0_0339_i' <Predicate = true> <Delay = 0.00>
ST_1 : Operation 176 [1/1] (0.00ns)   --->   "%p_0_5_0_0_0341_i = alloca i32 1"   --->   Operation 176 'alloca' 'p_0_5_0_0_0341_i' <Predicate = true> <Delay = 0.00>
ST_1 : Operation 177 [1/1] (0.00ns)   --->   "%p_0_6_0_0_0343_i = alloca i32 1"   --->   Operation 177 'alloca' 'p_0_6_0_0_0343_i' <Predicate = true> <Delay = 0.00>
ST_1 : Operation 178 [1/1] (0.00ns)   --->   "%p_0_7_0_0_0345_i = alloca i32 1"   --->   Operation 178 'alloca' 'p_0_7_0_0_0345_i' <Predicate = true> <Delay = 0.00>
ST_1 : Operation 179 [1/1] (0.00ns)   --->   "%p_0_8_0_0_0347_i = alloca i32 1"   --->   Operation 179 'alloca' 'p_0_8_0_0_0347_i' <Predicate = true> <Delay = 0.00>
ST_1 : Operation 180 [1/1] (0.00ns)   --->   "%p_0_9_0_0_0349_i = alloca i32 1"   --->   Operation 180 'alloca' 'p_0_9_0_0_0349_i' <Predicate = true> <Delay = 0.00>
ST_1 : Operation 181 [1/1] (0.00ns)   --->   "%p_0_10_0_0_0351_i = alloca i32 1"   --->   Operation 181 'alloca' 'p_0_10_0_0_0351_i' <Predicate = true> <Delay = 0.00>
ST_1 : Operation 182 [1/1] (0.00ns)   --->   "%p_0_11_0_0_0353_i = alloca i32 1"   --->   Operation 182 'alloca' 'p_0_11_0_0_0353_i' <Predicate = true> <Delay = 0.00>
ST_1 : Operation 183 [1/1] (0.00ns)   --->   "%p_0_12_0_0_0355_i = alloca i32 1"   --->   Operation 183 'alloca' 'p_0_12_0_0_0355_i' <Predicate = true> <Delay = 0.00>
ST_1 : Operation 184 [1/1] (0.00ns)   --->   "%p_0_13_0_0_0357_i = alloca i32 1"   --->   Operation 184 'alloca' 'p_0_13_0_0_0357_i' <Predicate = true> <Delay = 0.00>
ST_1 : Operation 185 [1/1] (0.00ns)   --->   "%p_0_15_0_0_0359_i = alloca i32 1"   --->   Operation 185 'alloca' 'p_0_15_0_0_0359_i' <Predicate = true> <Delay = 0.00>
ST_1 : Operation 186 [1/1] (0.00ns)   --->   "%p_0_0_0_0_0361_i = alloca i32 1"   --->   Operation 186 'alloca' 'p_0_0_0_0_0361_i' <Predicate = true> <Delay = 0.00>
ST_1 : Operation 187 [1/1] (0.00ns)   --->   "%p_0_1_0_0_0363_i = alloca i32 1"   --->   Operation 187 'alloca' 'p_0_1_0_0_0363_i' <Predicate = true> <Delay = 0.00>
ST_1 : Operation 188 [1/1] (0.00ns)   --->   "%p_0_2_0_0_0365_i = alloca i32 1"   --->   Operation 188 'alloca' 'p_0_2_0_0_0365_i' <Predicate = true> <Delay = 0.00>
ST_1 : Operation 189 [1/1] (0.00ns)   --->   "%p_0_3_0_0_0367_i = alloca i32 1"   --->   Operation 189 'alloca' 'p_0_3_0_0_0367_i' <Predicate = true> <Delay = 0.00>
ST_1 : Operation 190 [1/1] (0.00ns)   --->   "%p_0_4_0_0_0369_i = alloca i32 1"   --->   Operation 190 'alloca' 'p_0_4_0_0_0369_i' <Predicate = true> <Delay = 0.00>
ST_1 : Operation 191 [1/1] (0.00ns)   --->   "%p_0_5_0_0_0371_i = alloca i32 1"   --->   Operation 191 'alloca' 'p_0_5_0_0_0371_i' <Predicate = true> <Delay = 0.00>
ST_1 : Operation 192 [1/1] (0.00ns)   --->   "%p_0_6_0_0_0373_i = alloca i32 1"   --->   Operation 192 'alloca' 'p_0_6_0_0_0373_i' <Predicate = true> <Delay = 0.00>
ST_1 : Operation 193 [1/1] (0.00ns)   --->   "%p_0_7_0_0_0375_i = alloca i32 1"   --->   Operation 193 'alloca' 'p_0_7_0_0_0375_i' <Predicate = true> <Delay = 0.00>
ST_1 : Operation 194 [1/1] (0.00ns)   --->   "%p_0_8_0_0_0377_i = alloca i32 1"   --->   Operation 194 'alloca' 'p_0_8_0_0_0377_i' <Predicate = true> <Delay = 0.00>
ST_1 : Operation 195 [1/1] (0.00ns)   --->   "%p_0_9_0_0_0379_i = alloca i32 1"   --->   Operation 195 'alloca' 'p_0_9_0_0_0379_i' <Predicate = true> <Delay = 0.00>
ST_1 : Operation 196 [1/1] (0.00ns)   --->   "%p_0_10_0_0_0381_i = alloca i32 1"   --->   Operation 196 'alloca' 'p_0_10_0_0_0381_i' <Predicate = true> <Delay = 0.00>
ST_1 : Operation 197 [1/1] (0.00ns)   --->   "%p_0_11_0_0_0383_i = alloca i32 1"   --->   Operation 197 'alloca' 'p_0_11_0_0_0383_i' <Predicate = true> <Delay = 0.00>
ST_1 : Operation 198 [1/1] (0.00ns)   --->   "%p_0_12_0_0_0385_i = alloca i32 1"   --->   Operation 198 'alloca' 'p_0_12_0_0_0385_i' <Predicate = true> <Delay = 0.00>
ST_1 : Operation 199 [1/1] (0.00ns)   --->   "%p_0_13_0_0_0387_i = alloca i32 1"   --->   Operation 199 'alloca' 'p_0_13_0_0_0387_i' <Predicate = true> <Delay = 0.00>
ST_1 : Operation 200 [1/1] (0.00ns)   --->   "%p_0_15_0_0_0389_i = alloca i32 1"   --->   Operation 200 'alloca' 'p_0_15_0_0_0389_i' <Predicate = true> <Delay = 0.00>
ST_1 : Operation 201 [1/1] (0.00ns)   --->   "%p_0_0_0_0_0391_i = alloca i32 1"   --->   Operation 201 'alloca' 'p_0_0_0_0_0391_i' <Predicate = true> <Delay = 0.00>
ST_1 : Operation 202 [1/1] (0.00ns)   --->   "%p_0_1_0_0_0393_i = alloca i32 1"   --->   Operation 202 'alloca' 'p_0_1_0_0_0393_i' <Predicate = true> <Delay = 0.00>
ST_1 : Operation 203 [1/1] (0.00ns)   --->   "%p_0_2_0_0_0395_i = alloca i32 1"   --->   Operation 203 'alloca' 'p_0_2_0_0_0395_i' <Predicate = true> <Delay = 0.00>
ST_1 : Operation 204 [1/1] (0.00ns)   --->   "%p_0_3_0_0_0397_i = alloca i32 1"   --->   Operation 204 'alloca' 'p_0_3_0_0_0397_i' <Predicate = true> <Delay = 0.00>
ST_1 : Operation 205 [1/1] (0.00ns)   --->   "%p_0_4_0_0_0399_i = alloca i32 1"   --->   Operation 205 'alloca' 'p_0_4_0_0_0399_i' <Predicate = true> <Delay = 0.00>
ST_1 : Operation 206 [1/1] (0.00ns)   --->   "%p_0_5_0_0_0401_i = alloca i32 1"   --->   Operation 206 'alloca' 'p_0_5_0_0_0401_i' <Predicate = true> <Delay = 0.00>
ST_1 : Operation 207 [1/1] (0.00ns)   --->   "%p_0_6_0_0_0403_i = alloca i32 1"   --->   Operation 207 'alloca' 'p_0_6_0_0_0403_i' <Predicate = true> <Delay = 0.00>
ST_1 : Operation 208 [1/1] (0.00ns)   --->   "%p_0_7_0_0_0405_i = alloca i32 1"   --->   Operation 208 'alloca' 'p_0_7_0_0_0405_i' <Predicate = true> <Delay = 0.00>
ST_1 : Operation 209 [1/1] (0.00ns)   --->   "%p_0_8_0_0_0407_i = alloca i32 1"   --->   Operation 209 'alloca' 'p_0_8_0_0_0407_i' <Predicate = true> <Delay = 0.00>
ST_1 : Operation 210 [1/1] (0.00ns)   --->   "%p_0_9_0_0_0409_i = alloca i32 1"   --->   Operation 210 'alloca' 'p_0_9_0_0_0409_i' <Predicate = true> <Delay = 0.00>
ST_1 : Operation 211 [1/1] (0.00ns)   --->   "%p_0_10_0_0_0411_i = alloca i32 1"   --->   Operation 211 'alloca' 'p_0_10_0_0_0411_i' <Predicate = true> <Delay = 0.00>
ST_1 : Operation 212 [1/1] (0.00ns)   --->   "%p_0_11_0_0_0413_i = alloca i32 1"   --->   Operation 212 'alloca' 'p_0_11_0_0_0413_i' <Predicate = true> <Delay = 0.00>
ST_1 : Operation 213 [1/1] (0.00ns)   --->   "%p_0_12_0_0_0415_i = alloca i32 1"   --->   Operation 213 'alloca' 'p_0_12_0_0_0415_i' <Predicate = true> <Delay = 0.00>
ST_1 : Operation 214 [1/1] (0.00ns)   --->   "%p_0_13_0_0_0417_i = alloca i32 1"   --->   Operation 214 'alloca' 'p_0_13_0_0_0417_i' <Predicate = true> <Delay = 0.00>
ST_1 : Operation 215 [1/1] (0.00ns)   --->   "%p_0_15_0_0_0419_i = alloca i32 1"   --->   Operation 215 'alloca' 'p_0_15_0_0_0419_i' <Predicate = true> <Delay = 0.00>
ST_1 : Operation 216 [1/1] (0.00ns)   --->   "%p_0_0_0_0_0421_i = alloca i32 1"   --->   Operation 216 'alloca' 'p_0_0_0_0_0421_i' <Predicate = true> <Delay = 0.00>
ST_1 : Operation 217 [1/1] (0.00ns)   --->   "%p_0_1_0_0_0423_i = alloca i32 1"   --->   Operation 217 'alloca' 'p_0_1_0_0_0423_i' <Predicate = true> <Delay = 0.00>
ST_1 : Operation 218 [1/1] (0.00ns)   --->   "%p_0_2_0_0_0425_i = alloca i32 1"   --->   Operation 218 'alloca' 'p_0_2_0_0_0425_i' <Predicate = true> <Delay = 0.00>
ST_1 : Operation 219 [1/1] (0.00ns)   --->   "%p_0_3_0_0_0427_i = alloca i32 1"   --->   Operation 219 'alloca' 'p_0_3_0_0_0427_i' <Predicate = true> <Delay = 0.00>
ST_1 : Operation 220 [1/1] (0.00ns)   --->   "%p_0_4_0_0_0429_i = alloca i32 1"   --->   Operation 220 'alloca' 'p_0_4_0_0_0429_i' <Predicate = true> <Delay = 0.00>
ST_1 : Operation 221 [1/1] (0.00ns)   --->   "%p_0_5_0_0_0431_i = alloca i32 1"   --->   Operation 221 'alloca' 'p_0_5_0_0_0431_i' <Predicate = true> <Delay = 0.00>
ST_1 : Operation 222 [1/1] (0.00ns)   --->   "%p_0_6_0_0_0433_i = alloca i32 1"   --->   Operation 222 'alloca' 'p_0_6_0_0_0433_i' <Predicate = true> <Delay = 0.00>
ST_1 : Operation 223 [1/1] (0.00ns)   --->   "%p_0_7_0_0_0435_i = alloca i32 1"   --->   Operation 223 'alloca' 'p_0_7_0_0_0435_i' <Predicate = true> <Delay = 0.00>
ST_1 : Operation 224 [1/1] (0.00ns)   --->   "%p_0_8_0_0_0437_i = alloca i32 1"   --->   Operation 224 'alloca' 'p_0_8_0_0_0437_i' <Predicate = true> <Delay = 0.00>
ST_1 : Operation 225 [1/1] (0.00ns)   --->   "%p_0_9_0_0_0439_i = alloca i32 1"   --->   Operation 225 'alloca' 'p_0_9_0_0_0439_i' <Predicate = true> <Delay = 0.00>
ST_1 : Operation 226 [1/1] (0.00ns)   --->   "%p_0_10_0_0_0441_i = alloca i32 1"   --->   Operation 226 'alloca' 'p_0_10_0_0_0441_i' <Predicate = true> <Delay = 0.00>
ST_1 : Operation 227 [1/1] (0.00ns)   --->   "%p_0_11_0_0_0443_i = alloca i32 1"   --->   Operation 227 'alloca' 'p_0_11_0_0_0443_i' <Predicate = true> <Delay = 0.00>
ST_1 : Operation 228 [1/1] (0.00ns)   --->   "%p_0_12_0_0_0445_i = alloca i32 1"   --->   Operation 228 'alloca' 'p_0_12_0_0_0445_i' <Predicate = true> <Delay = 0.00>
ST_1 : Operation 229 [1/1] (0.00ns)   --->   "%p_0_13_0_0_0447_i = alloca i32 1"   --->   Operation 229 'alloca' 'p_0_13_0_0_0447_i' <Predicate = true> <Delay = 0.00>
ST_1 : Operation 230 [1/1] (0.00ns)   --->   "%p_0_15_0_0_0449_i = alloca i32 1"   --->   Operation 230 'alloca' 'p_0_15_0_0_0449_i' <Predicate = true> <Delay = 0.00>
ST_1 : Operation 231 [1/1] (0.00ns)   --->   "%p_0_0_0_0_0451_i = alloca i32 1"   --->   Operation 231 'alloca' 'p_0_0_0_0_0451_i' <Predicate = true> <Delay = 0.00>
ST_1 : Operation 232 [1/1] (0.00ns)   --->   "%p_0_1_0_0_0453_i = alloca i32 1"   --->   Operation 232 'alloca' 'p_0_1_0_0_0453_i' <Predicate = true> <Delay = 0.00>
ST_1 : Operation 233 [1/1] (0.00ns)   --->   "%p_0_2_0_0_0455_i = alloca i32 1"   --->   Operation 233 'alloca' 'p_0_2_0_0_0455_i' <Predicate = true> <Delay = 0.00>
ST_1 : Operation 234 [1/1] (0.00ns)   --->   "%p_0_3_0_0_0457_i = alloca i32 1"   --->   Operation 234 'alloca' 'p_0_3_0_0_0457_i' <Predicate = true> <Delay = 0.00>
ST_1 : Operation 235 [1/1] (0.00ns)   --->   "%p_0_4_0_0_0459_i = alloca i32 1"   --->   Operation 235 'alloca' 'p_0_4_0_0_0459_i' <Predicate = true> <Delay = 0.00>
ST_1 : Operation 236 [1/1] (0.00ns)   --->   "%p_0_5_0_0_0461_i = alloca i32 1"   --->   Operation 236 'alloca' 'p_0_5_0_0_0461_i' <Predicate = true> <Delay = 0.00>
ST_1 : Operation 237 [1/1] (0.00ns)   --->   "%p_0_6_0_0_0463_i = alloca i32 1"   --->   Operation 237 'alloca' 'p_0_6_0_0_0463_i' <Predicate = true> <Delay = 0.00>
ST_1 : Operation 238 [1/1] (0.00ns)   --->   "%p_0_7_0_0_0465_i = alloca i32 1"   --->   Operation 238 'alloca' 'p_0_7_0_0_0465_i' <Predicate = true> <Delay = 0.00>
ST_1 : Operation 239 [1/1] (0.00ns)   --->   "%p_0_8_0_0_0467_i = alloca i32 1"   --->   Operation 239 'alloca' 'p_0_8_0_0_0467_i' <Predicate = true> <Delay = 0.00>
ST_1 : Operation 240 [1/1] (0.00ns)   --->   "%p_0_9_0_0_0469_i = alloca i32 1"   --->   Operation 240 'alloca' 'p_0_9_0_0_0469_i' <Predicate = true> <Delay = 0.00>
ST_1 : Operation 241 [1/1] (0.00ns)   --->   "%p_0_10_0_0_0471_i = alloca i32 1"   --->   Operation 241 'alloca' 'p_0_10_0_0_0471_i' <Predicate = true> <Delay = 0.00>
ST_1 : Operation 242 [1/1] (0.00ns)   --->   "%p_0_11_0_0_0473_i = alloca i32 1"   --->   Operation 242 'alloca' 'p_0_11_0_0_0473_i' <Predicate = true> <Delay = 0.00>
ST_1 : Operation 243 [1/1] (0.00ns)   --->   "%p_0_12_0_0_0475_i = alloca i32 1"   --->   Operation 243 'alloca' 'p_0_12_0_0_0475_i' <Predicate = true> <Delay = 0.00>
ST_1 : Operation 244 [1/1] (0.00ns)   --->   "%p_0_13_0_0_0477_i = alloca i32 1"   --->   Operation 244 'alloca' 'p_0_13_0_0_0477_i' <Predicate = true> <Delay = 0.00>
ST_1 : Operation 245 [1/1] (0.00ns)   --->   "%p_0_15_0_0_0479_i = alloca i32 1"   --->   Operation 245 'alloca' 'p_0_15_0_0_0479_i' <Predicate = true> <Delay = 0.00>
ST_1 : Operation 246 [1/1] (0.00ns)   --->   "%p_0_0_0_0_0481_i = alloca i32 1"   --->   Operation 246 'alloca' 'p_0_0_0_0_0481_i' <Predicate = true> <Delay = 0.00>
ST_1 : Operation 247 [1/1] (0.00ns)   --->   "%p_0_1_0_0_0483_i = alloca i32 1"   --->   Operation 247 'alloca' 'p_0_1_0_0_0483_i' <Predicate = true> <Delay = 0.00>
ST_1 : Operation 248 [1/1] (0.00ns)   --->   "%p_0_2_0_0_0485_i = alloca i32 1"   --->   Operation 248 'alloca' 'p_0_2_0_0_0485_i' <Predicate = true> <Delay = 0.00>
ST_1 : Operation 249 [1/1] (0.00ns)   --->   "%p_0_3_0_0_0487_i = alloca i32 1"   --->   Operation 249 'alloca' 'p_0_3_0_0_0487_i' <Predicate = true> <Delay = 0.00>
ST_1 : Operation 250 [1/1] (0.00ns)   --->   "%p_0_4_0_0_0489_i = alloca i32 1"   --->   Operation 250 'alloca' 'p_0_4_0_0_0489_i' <Predicate = true> <Delay = 0.00>
ST_1 : Operation 251 [1/1] (0.00ns)   --->   "%p_0_5_0_0_0491_i = alloca i32 1"   --->   Operation 251 'alloca' 'p_0_5_0_0_0491_i' <Predicate = true> <Delay = 0.00>
ST_1 : Operation 252 [1/1] (0.00ns)   --->   "%p_0_6_0_0_0493_i = alloca i32 1"   --->   Operation 252 'alloca' 'p_0_6_0_0_0493_i' <Predicate = true> <Delay = 0.00>
ST_1 : Operation 253 [1/1] (0.00ns)   --->   "%p_0_7_0_0_0495_i = alloca i32 1"   --->   Operation 253 'alloca' 'p_0_7_0_0_0495_i' <Predicate = true> <Delay = 0.00>
ST_1 : Operation 254 [1/1] (0.00ns)   --->   "%p_0_8_0_0_0497_i = alloca i32 1"   --->   Operation 254 'alloca' 'p_0_8_0_0_0497_i' <Predicate = true> <Delay = 0.00>
ST_1 : Operation 255 [1/1] (0.00ns)   --->   "%p_0_9_0_0_0499_i = alloca i32 1"   --->   Operation 255 'alloca' 'p_0_9_0_0_0499_i' <Predicate = true> <Delay = 0.00>
ST_1 : Operation 256 [1/1] (0.00ns)   --->   "%p_0_10_0_0_0501_i = alloca i32 1"   --->   Operation 256 'alloca' 'p_0_10_0_0_0501_i' <Predicate = true> <Delay = 0.00>
ST_1 : Operation 257 [1/1] (0.00ns)   --->   "%p_0_11_0_0_0503_i = alloca i32 1"   --->   Operation 257 'alloca' 'p_0_11_0_0_0503_i' <Predicate = true> <Delay = 0.00>
ST_1 : Operation 258 [1/1] (0.00ns)   --->   "%p_0_12_0_0_0505_i = alloca i32 1"   --->   Operation 258 'alloca' 'p_0_12_0_0_0505_i' <Predicate = true> <Delay = 0.00>
ST_1 : Operation 259 [1/1] (0.00ns)   --->   "%p_0_13_0_0_0507_i = alloca i32 1"   --->   Operation 259 'alloca' 'p_0_13_0_0_0507_i' <Predicate = true> <Delay = 0.00>
ST_1 : Operation 260 [1/1] (0.00ns)   --->   "%p_0_15_0_0_0509_i = alloca i32 1"   --->   Operation 260 'alloca' 'p_0_15_0_0_0509_i' <Predicate = true> <Delay = 0.00>
ST_1 : Operation 261 [1/1] (0.00ns)   --->   "%p_0_0_0_0_0511_i = alloca i32 1"   --->   Operation 261 'alloca' 'p_0_0_0_0_0511_i' <Predicate = true> <Delay = 0.00>
ST_1 : Operation 262 [1/1] (0.00ns)   --->   "%p_0_1_0_0_0513_i = alloca i32 1"   --->   Operation 262 'alloca' 'p_0_1_0_0_0513_i' <Predicate = true> <Delay = 0.00>
ST_1 : Operation 263 [1/1] (0.00ns)   --->   "%p_0_2_0_0_0515_i = alloca i32 1"   --->   Operation 263 'alloca' 'p_0_2_0_0_0515_i' <Predicate = true> <Delay = 0.00>
ST_1 : Operation 264 [1/1] (0.00ns)   --->   "%p_0_3_0_0_0517_i = alloca i32 1"   --->   Operation 264 'alloca' 'p_0_3_0_0_0517_i' <Predicate = true> <Delay = 0.00>
ST_1 : Operation 265 [1/1] (0.00ns)   --->   "%p_0_4_0_0_0519_i = alloca i32 1"   --->   Operation 265 'alloca' 'p_0_4_0_0_0519_i' <Predicate = true> <Delay = 0.00>
ST_1 : Operation 266 [1/1] (0.00ns)   --->   "%p_0_5_0_0_0521_i = alloca i32 1"   --->   Operation 266 'alloca' 'p_0_5_0_0_0521_i' <Predicate = true> <Delay = 0.00>
ST_1 : Operation 267 [1/1] (0.00ns)   --->   "%p_0_6_0_0_0523_i = alloca i32 1"   --->   Operation 267 'alloca' 'p_0_6_0_0_0523_i' <Predicate = true> <Delay = 0.00>
ST_1 : Operation 268 [1/1] (0.00ns)   --->   "%p_0_7_0_0_0525_i = alloca i32 1"   --->   Operation 268 'alloca' 'p_0_7_0_0_0525_i' <Predicate = true> <Delay = 0.00>
ST_1 : Operation 269 [1/1] (0.00ns)   --->   "%p_0_8_0_0_0527_i = alloca i32 1"   --->   Operation 269 'alloca' 'p_0_8_0_0_0527_i' <Predicate = true> <Delay = 0.00>
ST_1 : Operation 270 [1/1] (0.00ns)   --->   "%p_0_9_0_0_0529_i = alloca i32 1"   --->   Operation 270 'alloca' 'p_0_9_0_0_0529_i' <Predicate = true> <Delay = 0.00>
ST_1 : Operation 271 [1/1] (0.00ns)   --->   "%p_0_10_0_0_0531_i = alloca i32 1"   --->   Operation 271 'alloca' 'p_0_10_0_0_0531_i' <Predicate = true> <Delay = 0.00>
ST_1 : Operation 272 [1/1] (0.00ns)   --->   "%p_0_11_0_0_0533_i = alloca i32 1"   --->   Operation 272 'alloca' 'p_0_11_0_0_0533_i' <Predicate = true> <Delay = 0.00>
ST_1 : Operation 273 [1/1] (0.00ns)   --->   "%p_0_12_0_0_0535_i = alloca i32 1"   --->   Operation 273 'alloca' 'p_0_12_0_0_0535_i' <Predicate = true> <Delay = 0.00>
ST_1 : Operation 274 [1/1] (0.00ns)   --->   "%p_0_13_0_0_0537_i = alloca i32 1"   --->   Operation 274 'alloca' 'p_0_13_0_0_0537_i' <Predicate = true> <Delay = 0.00>
ST_1 : Operation 275 [1/1] (0.00ns)   --->   "%p_0_15_0_0_0539_i = alloca i32 1"   --->   Operation 275 'alloca' 'p_0_15_0_0_0539_i' <Predicate = true> <Delay = 0.00>
ST_1 : Operation 276 [1/1] (0.00ns)   --->   "%p_0_0_0_0_0541_i = alloca i32 1"   --->   Operation 276 'alloca' 'p_0_0_0_0_0541_i' <Predicate = true> <Delay = 0.00>
ST_1 : Operation 277 [1/1] (0.00ns)   --->   "%p_0_1_0_0_0543_i = alloca i32 1"   --->   Operation 277 'alloca' 'p_0_1_0_0_0543_i' <Predicate = true> <Delay = 0.00>
ST_1 : Operation 278 [1/1] (0.00ns)   --->   "%p_0_2_0_0_0545_i = alloca i32 1"   --->   Operation 278 'alloca' 'p_0_2_0_0_0545_i' <Predicate = true> <Delay = 0.00>
ST_1 : Operation 279 [1/1] (0.00ns)   --->   "%p_0_3_0_0_0547_i = alloca i32 1"   --->   Operation 279 'alloca' 'p_0_3_0_0_0547_i' <Predicate = true> <Delay = 0.00>
ST_1 : Operation 280 [1/1] (0.00ns)   --->   "%p_0_4_0_0_0549_i = alloca i32 1"   --->   Operation 280 'alloca' 'p_0_4_0_0_0549_i' <Predicate = true> <Delay = 0.00>
ST_1 : Operation 281 [1/1] (0.00ns)   --->   "%p_0_5_0_0_0551_i = alloca i32 1"   --->   Operation 281 'alloca' 'p_0_5_0_0_0551_i' <Predicate = true> <Delay = 0.00>
ST_1 : Operation 282 [1/1] (0.00ns)   --->   "%p_0_6_0_0_0553_i = alloca i32 1"   --->   Operation 282 'alloca' 'p_0_6_0_0_0553_i' <Predicate = true> <Delay = 0.00>
ST_1 : Operation 283 [1/1] (0.00ns)   --->   "%p_0_7_0_0_0555_i = alloca i32 1"   --->   Operation 283 'alloca' 'p_0_7_0_0_0555_i' <Predicate = true> <Delay = 0.00>
ST_1 : Operation 284 [1/1] (0.00ns)   --->   "%p_0_8_0_0_0557_i = alloca i32 1"   --->   Operation 284 'alloca' 'p_0_8_0_0_0557_i' <Predicate = true> <Delay = 0.00>
ST_1 : Operation 285 [1/1] (0.00ns)   --->   "%p_0_9_0_0_0559_i = alloca i32 1"   --->   Operation 285 'alloca' 'p_0_9_0_0_0559_i' <Predicate = true> <Delay = 0.00>
ST_1 : Operation 286 [1/1] (0.00ns)   --->   "%p_0_10_0_0_0561_i = alloca i32 1"   --->   Operation 286 'alloca' 'p_0_10_0_0_0561_i' <Predicate = true> <Delay = 0.00>
ST_1 : Operation 287 [1/1] (0.00ns)   --->   "%p_0_11_0_0_0563_i = alloca i32 1"   --->   Operation 287 'alloca' 'p_0_11_0_0_0563_i' <Predicate = true> <Delay = 0.00>
ST_1 : Operation 288 [1/1] (0.00ns)   --->   "%p_0_12_0_0_0565_i = alloca i32 1"   --->   Operation 288 'alloca' 'p_0_12_0_0_0565_i' <Predicate = true> <Delay = 0.00>
ST_1 : Operation 289 [1/1] (0.00ns)   --->   "%p_0_13_0_0_0567_i = alloca i32 1"   --->   Operation 289 'alloca' 'p_0_13_0_0_0567_i' <Predicate = true> <Delay = 0.00>
ST_1 : Operation 290 [1/1] (0.00ns)   --->   "%p_0_15_0_0_0569_i = alloca i32 1"   --->   Operation 290 'alloca' 'p_0_15_0_0_0569_i' <Predicate = true> <Delay = 0.00>
ST_1 : Operation 291 [1/1] (0.00ns)   --->   "%p_0_0_0_0_0571_i = alloca i32 1"   --->   Operation 291 'alloca' 'p_0_0_0_0_0571_i' <Predicate = true> <Delay = 0.00>
ST_1 : Operation 292 [1/1] (0.00ns)   --->   "%p_0_1_0_0_0573_i = alloca i32 1"   --->   Operation 292 'alloca' 'p_0_1_0_0_0573_i' <Predicate = true> <Delay = 0.00>
ST_1 : Operation 293 [1/1] (0.00ns)   --->   "%p_0_2_0_0_0575_i = alloca i32 1"   --->   Operation 293 'alloca' 'p_0_2_0_0_0575_i' <Predicate = true> <Delay = 0.00>
ST_1 : Operation 294 [1/1] (0.00ns)   --->   "%p_0_3_0_0_0577_i = alloca i32 1"   --->   Operation 294 'alloca' 'p_0_3_0_0_0577_i' <Predicate = true> <Delay = 0.00>
ST_1 : Operation 295 [1/1] (0.00ns)   --->   "%p_0_4_0_0_0579_i = alloca i32 1"   --->   Operation 295 'alloca' 'p_0_4_0_0_0579_i' <Predicate = true> <Delay = 0.00>
ST_1 : Operation 296 [1/1] (0.00ns)   --->   "%p_0_5_0_0_0581_i = alloca i32 1"   --->   Operation 296 'alloca' 'p_0_5_0_0_0581_i' <Predicate = true> <Delay = 0.00>
ST_1 : Operation 297 [1/1] (0.00ns)   --->   "%p_0_6_0_0_0583_i = alloca i32 1"   --->   Operation 297 'alloca' 'p_0_6_0_0_0583_i' <Predicate = true> <Delay = 0.00>
ST_1 : Operation 298 [1/1] (0.00ns)   --->   "%p_0_7_0_0_0585_i = alloca i32 1"   --->   Operation 298 'alloca' 'p_0_7_0_0_0585_i' <Predicate = true> <Delay = 0.00>
ST_1 : Operation 299 [1/1] (0.00ns)   --->   "%p_0_8_0_0_0587_i = alloca i32 1"   --->   Operation 299 'alloca' 'p_0_8_0_0_0587_i' <Predicate = true> <Delay = 0.00>
ST_1 : Operation 300 [1/1] (0.00ns)   --->   "%p_0_9_0_0_0589_i = alloca i32 1"   --->   Operation 300 'alloca' 'p_0_9_0_0_0589_i' <Predicate = true> <Delay = 0.00>
ST_1 : Operation 301 [1/1] (0.00ns)   --->   "%p_0_10_0_0_0591_i = alloca i32 1"   --->   Operation 301 'alloca' 'p_0_10_0_0_0591_i' <Predicate = true> <Delay = 0.00>
ST_1 : Operation 302 [1/1] (0.00ns)   --->   "%p_0_11_0_0_0593_i = alloca i32 1"   --->   Operation 302 'alloca' 'p_0_11_0_0_0593_i' <Predicate = true> <Delay = 0.00>
ST_1 : Operation 303 [1/1] (0.00ns)   --->   "%p_0_12_0_0_0595_i = alloca i32 1"   --->   Operation 303 'alloca' 'p_0_12_0_0_0595_i' <Predicate = true> <Delay = 0.00>
ST_1 : Operation 304 [1/1] (0.00ns)   --->   "%p_0_13_0_0_0597_i = alloca i32 1"   --->   Operation 304 'alloca' 'p_0_13_0_0_0597_i' <Predicate = true> <Delay = 0.00>
ST_1 : Operation 305 [1/1] (0.00ns)   --->   "%p_0_15_0_0_0599_i = alloca i32 1"   --->   Operation 305 'alloca' 'p_0_15_0_0_0599_i' <Predicate = true> <Delay = 0.00>
ST_1 : Operation 306 [1/1] (0.00ns)   --->   "%p_0_0_0_0_0601_i = alloca i32 1"   --->   Operation 306 'alloca' 'p_0_0_0_0_0601_i' <Predicate = true> <Delay = 0.00>
ST_1 : Operation 307 [1/1] (0.00ns)   --->   "%p_0_1_0_0_0603_i = alloca i32 1"   --->   Operation 307 'alloca' 'p_0_1_0_0_0603_i' <Predicate = true> <Delay = 0.00>
ST_1 : Operation 308 [1/1] (0.00ns)   --->   "%p_0_2_0_0_0605_i = alloca i32 1"   --->   Operation 308 'alloca' 'p_0_2_0_0_0605_i' <Predicate = true> <Delay = 0.00>
ST_1 : Operation 309 [1/1] (0.00ns)   --->   "%p_0_3_0_0_0607_i = alloca i32 1"   --->   Operation 309 'alloca' 'p_0_3_0_0_0607_i' <Predicate = true> <Delay = 0.00>
ST_1 : Operation 310 [1/1] (0.00ns)   --->   "%p_0_4_0_0_0609_i = alloca i32 1"   --->   Operation 310 'alloca' 'p_0_4_0_0_0609_i' <Predicate = true> <Delay = 0.00>
ST_1 : Operation 311 [1/1] (0.00ns)   --->   "%p_0_5_0_0_0611_i = alloca i32 1"   --->   Operation 311 'alloca' 'p_0_5_0_0_0611_i' <Predicate = true> <Delay = 0.00>
ST_1 : Operation 312 [1/1] (0.00ns)   --->   "%p_0_6_0_0_0613_i = alloca i32 1"   --->   Operation 312 'alloca' 'p_0_6_0_0_0613_i' <Predicate = true> <Delay = 0.00>
ST_1 : Operation 313 [1/1] (0.00ns)   --->   "%p_0_7_0_0_0615_i = alloca i32 1"   --->   Operation 313 'alloca' 'p_0_7_0_0_0615_i' <Predicate = true> <Delay = 0.00>
ST_1 : Operation 314 [1/1] (0.00ns)   --->   "%p_0_8_0_0_0617_i = alloca i32 1"   --->   Operation 314 'alloca' 'p_0_8_0_0_0617_i' <Predicate = true> <Delay = 0.00>
ST_1 : Operation 315 [1/1] (0.00ns)   --->   "%p_0_9_0_0_0619_i = alloca i32 1"   --->   Operation 315 'alloca' 'p_0_9_0_0_0619_i' <Predicate = true> <Delay = 0.00>
ST_1 : Operation 316 [1/1] (0.00ns)   --->   "%p_0_10_0_0_0621_i = alloca i32 1"   --->   Operation 316 'alloca' 'p_0_10_0_0_0621_i' <Predicate = true> <Delay = 0.00>
ST_1 : Operation 317 [1/1] (0.00ns)   --->   "%p_0_11_0_0_0623_i = alloca i32 1"   --->   Operation 317 'alloca' 'p_0_11_0_0_0623_i' <Predicate = true> <Delay = 0.00>
ST_1 : Operation 318 [1/1] (0.00ns)   --->   "%p_0_12_0_0_0625_i = alloca i32 1"   --->   Operation 318 'alloca' 'p_0_12_0_0_0625_i' <Predicate = true> <Delay = 0.00>
ST_1 : Operation 319 [1/1] (0.00ns)   --->   "%p_0_13_0_0_0627_i = alloca i32 1"   --->   Operation 319 'alloca' 'p_0_13_0_0_0627_i' <Predicate = true> <Delay = 0.00>
ST_1 : Operation 320 [1/1] (0.00ns)   --->   "%p_0_15_0_0_0629_i = alloca i32 1"   --->   Operation 320 'alloca' 'p_0_15_0_0_0629_i' <Predicate = true> <Delay = 0.00>
ST_1 : Operation 321 [1/1] (0.00ns)   --->   "%p_0_0_0_0_0631_i = alloca i32 1"   --->   Operation 321 'alloca' 'p_0_0_0_0_0631_i' <Predicate = true> <Delay = 0.00>
ST_1 : Operation 322 [1/1] (0.00ns)   --->   "%p_0_1_0_0_0633_i = alloca i32 1"   --->   Operation 322 'alloca' 'p_0_1_0_0_0633_i' <Predicate = true> <Delay = 0.00>
ST_1 : Operation 323 [1/1] (0.00ns)   --->   "%p_0_2_0_0_0635_i = alloca i32 1"   --->   Operation 323 'alloca' 'p_0_2_0_0_0635_i' <Predicate = true> <Delay = 0.00>
ST_1 : Operation 324 [1/1] (0.00ns)   --->   "%p_0_3_0_0_0637_i = alloca i32 1"   --->   Operation 324 'alloca' 'p_0_3_0_0_0637_i' <Predicate = true> <Delay = 0.00>
ST_1 : Operation 325 [1/1] (0.00ns)   --->   "%p_0_4_0_0_0639_i = alloca i32 1"   --->   Operation 325 'alloca' 'p_0_4_0_0_0639_i' <Predicate = true> <Delay = 0.00>
ST_1 : Operation 326 [1/1] (0.00ns)   --->   "%p_0_5_0_0_0641_i = alloca i32 1"   --->   Operation 326 'alloca' 'p_0_5_0_0_0641_i' <Predicate = true> <Delay = 0.00>
ST_1 : Operation 327 [1/1] (0.00ns)   --->   "%p_0_6_0_0_0643_i = alloca i32 1"   --->   Operation 327 'alloca' 'p_0_6_0_0_0643_i' <Predicate = true> <Delay = 0.00>
ST_1 : Operation 328 [1/1] (0.00ns)   --->   "%p_0_7_0_0_0645_i = alloca i32 1"   --->   Operation 328 'alloca' 'p_0_7_0_0_0645_i' <Predicate = true> <Delay = 0.00>
ST_1 : Operation 329 [1/1] (0.00ns)   --->   "%p_0_8_0_0_0647_i = alloca i32 1"   --->   Operation 329 'alloca' 'p_0_8_0_0_0647_i' <Predicate = true> <Delay = 0.00>
ST_1 : Operation 330 [1/1] (0.00ns)   --->   "%p_0_9_0_0_0649_i = alloca i32 1"   --->   Operation 330 'alloca' 'p_0_9_0_0_0649_i' <Predicate = true> <Delay = 0.00>
ST_1 : Operation 331 [1/1] (0.00ns)   --->   "%p_0_10_0_0_0651_i = alloca i32 1"   --->   Operation 331 'alloca' 'p_0_10_0_0_0651_i' <Predicate = true> <Delay = 0.00>
ST_1 : Operation 332 [1/1] (0.00ns)   --->   "%p_0_11_0_0_0653_i = alloca i32 1"   --->   Operation 332 'alloca' 'p_0_11_0_0_0653_i' <Predicate = true> <Delay = 0.00>
ST_1 : Operation 333 [1/1] (0.00ns)   --->   "%p_0_12_0_0_0655_i = alloca i32 1"   --->   Operation 333 'alloca' 'p_0_12_0_0_0655_i' <Predicate = true> <Delay = 0.00>
ST_1 : Operation 334 [1/1] (0.00ns)   --->   "%p_0_13_0_0_0657_i = alloca i32 1"   --->   Operation 334 'alloca' 'p_0_13_0_0_0657_i' <Predicate = true> <Delay = 0.00>
ST_1 : Operation 335 [1/1] (0.00ns)   --->   "%p_0_15_0_0_0659_i = alloca i32 1"   --->   Operation 335 'alloca' 'p_0_15_0_0_0659_i' <Predicate = true> <Delay = 0.00>
ST_1 : Operation 336 [1/1] (0.00ns)   --->   "%p_0_0_0_0_0661_i = alloca i32 1"   --->   Operation 336 'alloca' 'p_0_0_0_0_0661_i' <Predicate = true> <Delay = 0.00>
ST_1 : Operation 337 [1/1] (0.00ns)   --->   "%p_0_1_0_0_0663_i = alloca i32 1"   --->   Operation 337 'alloca' 'p_0_1_0_0_0663_i' <Predicate = true> <Delay = 0.00>
ST_1 : Operation 338 [1/1] (0.00ns)   --->   "%p_0_2_0_0_0665_i = alloca i32 1"   --->   Operation 338 'alloca' 'p_0_2_0_0_0665_i' <Predicate = true> <Delay = 0.00>
ST_1 : Operation 339 [1/1] (0.00ns)   --->   "%p_0_3_0_0_0667_i = alloca i32 1"   --->   Operation 339 'alloca' 'p_0_3_0_0_0667_i' <Predicate = true> <Delay = 0.00>
ST_1 : Operation 340 [1/1] (0.00ns)   --->   "%p_0_4_0_0_0669_i = alloca i32 1"   --->   Operation 340 'alloca' 'p_0_4_0_0_0669_i' <Predicate = true> <Delay = 0.00>
ST_1 : Operation 341 [1/1] (0.00ns)   --->   "%p_0_5_0_0_0671_i = alloca i32 1"   --->   Operation 341 'alloca' 'p_0_5_0_0_0671_i' <Predicate = true> <Delay = 0.00>
ST_1 : Operation 342 [1/1] (0.00ns)   --->   "%p_0_6_0_0_0673_i = alloca i32 1"   --->   Operation 342 'alloca' 'p_0_6_0_0_0673_i' <Predicate = true> <Delay = 0.00>
ST_1 : Operation 343 [1/1] (0.00ns)   --->   "%p_0_7_0_0_0675_i = alloca i32 1"   --->   Operation 343 'alloca' 'p_0_7_0_0_0675_i' <Predicate = true> <Delay = 0.00>
ST_1 : Operation 344 [1/1] (0.00ns)   --->   "%p_0_8_0_0_0677_i = alloca i32 1"   --->   Operation 344 'alloca' 'p_0_8_0_0_0677_i' <Predicate = true> <Delay = 0.00>
ST_1 : Operation 345 [1/1] (0.00ns)   --->   "%p_0_9_0_0_0679_i = alloca i32 1"   --->   Operation 345 'alloca' 'p_0_9_0_0_0679_i' <Predicate = true> <Delay = 0.00>
ST_1 : Operation 346 [1/1] (0.00ns)   --->   "%p_0_10_0_0_0681_i = alloca i32 1"   --->   Operation 346 'alloca' 'p_0_10_0_0_0681_i' <Predicate = true> <Delay = 0.00>
ST_1 : Operation 347 [1/1] (0.00ns)   --->   "%p_0_11_0_0_0683_i = alloca i32 1"   --->   Operation 347 'alloca' 'p_0_11_0_0_0683_i' <Predicate = true> <Delay = 0.00>
ST_1 : Operation 348 [1/1] (0.00ns)   --->   "%p_0_12_0_0_0685_i = alloca i32 1"   --->   Operation 348 'alloca' 'p_0_12_0_0_0685_i' <Predicate = true> <Delay = 0.00>
ST_1 : Operation 349 [1/1] (0.00ns)   --->   "%p_0_13_0_0_0687_i = alloca i32 1"   --->   Operation 349 'alloca' 'p_0_13_0_0_0687_i' <Predicate = true> <Delay = 0.00>
ST_1 : Operation 350 [1/1] (0.00ns)   --->   "%p_0_15_0_0_0689_i = alloca i32 1"   --->   Operation 350 'alloca' 'p_0_15_0_0_0689_i' <Predicate = true> <Delay = 0.00>
ST_1 : Operation 351 [1/1] (0.00ns)   --->   "%p_0_0_0_0_0691_i = alloca i32 1"   --->   Operation 351 'alloca' 'p_0_0_0_0_0691_i' <Predicate = true> <Delay = 0.00>
ST_1 : Operation 352 [1/1] (0.00ns)   --->   "%p_0_1_0_0_0693_i = alloca i32 1"   --->   Operation 352 'alloca' 'p_0_1_0_0_0693_i' <Predicate = true> <Delay = 0.00>
ST_1 : Operation 353 [1/1] (0.00ns)   --->   "%p_0_2_0_0_0695_i = alloca i32 1"   --->   Operation 353 'alloca' 'p_0_2_0_0_0695_i' <Predicate = true> <Delay = 0.00>
ST_1 : Operation 354 [1/1] (0.00ns)   --->   "%p_0_3_0_0_0697_i = alloca i32 1"   --->   Operation 354 'alloca' 'p_0_3_0_0_0697_i' <Predicate = true> <Delay = 0.00>
ST_1 : Operation 355 [1/1] (0.00ns)   --->   "%p_0_4_0_0_0699_i = alloca i32 1"   --->   Operation 355 'alloca' 'p_0_4_0_0_0699_i' <Predicate = true> <Delay = 0.00>
ST_1 : Operation 356 [1/1] (0.00ns)   --->   "%p_0_5_0_0_0701_i = alloca i32 1"   --->   Operation 356 'alloca' 'p_0_5_0_0_0701_i' <Predicate = true> <Delay = 0.00>
ST_1 : Operation 357 [1/1] (0.00ns)   --->   "%p_0_6_0_0_0703_i = alloca i32 1"   --->   Operation 357 'alloca' 'p_0_6_0_0_0703_i' <Predicate = true> <Delay = 0.00>
ST_1 : Operation 358 [1/1] (0.00ns)   --->   "%p_0_7_0_0_0705_i = alloca i32 1"   --->   Operation 358 'alloca' 'p_0_7_0_0_0705_i' <Predicate = true> <Delay = 0.00>
ST_1 : Operation 359 [1/1] (0.00ns)   --->   "%p_0_8_0_0_0707_i = alloca i32 1"   --->   Operation 359 'alloca' 'p_0_8_0_0_0707_i' <Predicate = true> <Delay = 0.00>
ST_1 : Operation 360 [1/1] (0.00ns)   --->   "%p_0_9_0_0_0709_i = alloca i32 1"   --->   Operation 360 'alloca' 'p_0_9_0_0_0709_i' <Predicate = true> <Delay = 0.00>
ST_1 : Operation 361 [1/1] (0.00ns)   --->   "%p_0_10_0_0_0711_i = alloca i32 1"   --->   Operation 361 'alloca' 'p_0_10_0_0_0711_i' <Predicate = true> <Delay = 0.00>
ST_1 : Operation 362 [1/1] (0.00ns)   --->   "%p_0_12_0_0_0713_i = alloca i32 1"   --->   Operation 362 'alloca' 'p_0_12_0_0_0713_i' <Predicate = true> <Delay = 0.00>
ST_1 : Operation 363 [1/1] (0.00ns)   --->   "%p_0_13_0_0_0715_i = alloca i32 1"   --->   Operation 363 'alloca' 'p_0_13_0_0_0715_i' <Predicate = true> <Delay = 0.00>
ST_1 : Operation 364 [1/1] (0.00ns)   --->   "%p_0_15_0_0_0717_i = alloca i32 1"   --->   Operation 364 'alloca' 'p_0_15_0_0_0717_i' <Predicate = true> <Delay = 0.00>
ST_1 : Operation 365 [1/1] (0.00ns)   --->   "%p_0_0_0_0_0719_i = alloca i32 1"   --->   Operation 365 'alloca' 'p_0_0_0_0_0719_i' <Predicate = true> <Delay = 0.00>
ST_1 : Operation 366 [1/1] (0.00ns)   --->   "%p_0_1_0_0_0721_i = alloca i32 1"   --->   Operation 366 'alloca' 'p_0_1_0_0_0721_i' <Predicate = true> <Delay = 0.00>
ST_1 : Operation 367 [1/1] (0.00ns)   --->   "%p_0_2_0_0_0723_i = alloca i32 1"   --->   Operation 367 'alloca' 'p_0_2_0_0_0723_i' <Predicate = true> <Delay = 0.00>
ST_1 : Operation 368 [1/1] (0.00ns)   --->   "%p_0_3_0_0_0725_i = alloca i32 1"   --->   Operation 368 'alloca' 'p_0_3_0_0_0725_i' <Predicate = true> <Delay = 0.00>
ST_1 : Operation 369 [1/1] (0.00ns)   --->   "%p_0_4_0_0_0727_i = alloca i32 1"   --->   Operation 369 'alloca' 'p_0_4_0_0_0727_i' <Predicate = true> <Delay = 0.00>
ST_1 : Operation 370 [1/1] (0.00ns)   --->   "%p_0_5_0_0_0729_i = alloca i32 1"   --->   Operation 370 'alloca' 'p_0_5_0_0_0729_i' <Predicate = true> <Delay = 0.00>
ST_1 : Operation 371 [1/1] (0.00ns)   --->   "%p_0_6_0_0_0731_i = alloca i32 1"   --->   Operation 371 'alloca' 'p_0_6_0_0_0731_i' <Predicate = true> <Delay = 0.00>
ST_1 : Operation 372 [1/1] (0.00ns)   --->   "%p_0_7_0_0_0733_i = alloca i32 1"   --->   Operation 372 'alloca' 'p_0_7_0_0_0733_i' <Predicate = true> <Delay = 0.00>
ST_1 : Operation 373 [1/1] (0.00ns)   --->   "%p_0_8_0_0_0735_i = alloca i32 1"   --->   Operation 373 'alloca' 'p_0_8_0_0_0735_i' <Predicate = true> <Delay = 0.00>
ST_1 : Operation 374 [1/1] (0.00ns)   --->   "%p_0_9_0_0_0737_i = alloca i32 1"   --->   Operation 374 'alloca' 'p_0_9_0_0_0737_i' <Predicate = true> <Delay = 0.00>
ST_1 : Operation 375 [1/1] (0.00ns)   --->   "%p_0_10_0_0_0739_i = alloca i32 1"   --->   Operation 375 'alloca' 'p_0_10_0_0_0739_i' <Predicate = true> <Delay = 0.00>
ST_1 : Operation 376 [1/1] (0.00ns)   --->   "%p_0_11_0_0_0741_i = alloca i32 1"   --->   Operation 376 'alloca' 'p_0_11_0_0_0741_i' <Predicate = true> <Delay = 0.00>
ST_1 : Operation 377 [1/1] (0.00ns)   --->   "%p_0_12_0_0_0743_i = alloca i32 1"   --->   Operation 377 'alloca' 'p_0_12_0_0_0743_i' <Predicate = true> <Delay = 0.00>
ST_1 : Operation 378 [1/1] (0.00ns)   --->   "%p_0_13_0_0_0745_i = alloca i32 1"   --->   Operation 378 'alloca' 'p_0_13_0_0_0745_i' <Predicate = true> <Delay = 0.00>
ST_1 : Operation 379 [1/1] (0.00ns)   --->   "%p_0_15_0_0_0747_i = alloca i32 1"   --->   Operation 379 'alloca' 'p_0_15_0_0_0747_i' <Predicate = true> <Delay = 0.00>
ST_1 : Operation 380 [1/1] (0.00ns)   --->   "%specinterface_ln0 = specinterface void @_ssdm_op_SpecInterface, i32 %layer9_out, void @empty_15, i32 0, i32 0, void @empty_13, i32 0, i32 0, void @empty_13, void @empty_13, void @empty_13, i32 0, i32 0, i32 0, i32 0, void @empty_13, void @empty_13, i32 4294967295, i32 0, i32 0, i32 0"   --->   Operation 380 'specinterface' 'specinterface_ln0' <Predicate = true> <Delay = 0.00>
ST_1 : Operation 381 [1/1] (0.42ns)   --->   "%store_ln33 = store i5 0, i5 %i_in" [firmware/nnet_utils/nnet_dense_stream.h:33->firmware/nnet_utils/nnet_dense_stream.h:93]   --->   Operation 381 'store' 'store_ln33' <Predicate = true> <Delay = 0.42>
ST_1 : Operation 382 [1/1] (0.00ns)   --->   "%br_ln33 = br void %for.body.i.i" [firmware/nnet_utils/nnet_dense_stream.h:33->firmware/nnet_utils/nnet_dense_stream.h:93]   --->   Operation 382 'br' 'br_ln33' <Predicate = true> <Delay = 0.00>
ST_1 : Operation 383 [1/1] (0.00ns)   --->   "%i_in_1 = load i5 %i_in" [firmware/nnet_utils/nnet_dense_stream.h:33->firmware/nnet_utils/nnet_dense_stream.h:93]   --->   Operation 383 'load' 'i_in_1' <Predicate = true> <Delay = 0.00>
ST_1 : Operation 384 [1/1] (0.78ns)   --->   "%icmp_ln33 = icmp_eq  i5 %i_in_1, i5 25" [firmware/nnet_utils/nnet_dense_stream.h:33->firmware/nnet_utils/nnet_dense_stream.h:93]   --->   Operation 384 'icmp' 'icmp_ln33' <Predicate = true> <Delay = 0.78> <CoreInst = "Cmp">   --->   Core 9 'Cmp' <Latency = 0> <II = 1> <Delay = 0.78> <FuncUnit> <Opcode : 'seteq' 'setne' 'setle' 'setge' 'setlt' 'setgt'> <InPorts = 2> <OutPorts = 1>
ST_1 : Operation 385 [1/1] (0.78ns)   --->   "%add_ln33 = add i5 %i_in_1, i5 1" [firmware/nnet_utils/nnet_dense_stream.h:33->firmware/nnet_utils/nnet_dense_stream.h:93]   --->   Operation 385 'add' 'add_ln33' <Predicate = true> <Delay = 0.78> <CoreInst = "Adder">   --->   Core 1 'Adder' <Latency = 0> <II = 1> <Delay = 0.78> <FuncUnit> <Opcode : 'add' 'sub'> <InPorts = 2> <OutPorts = 1>
ST_1 : Operation 386 [1/1] (0.00ns)   --->   "%br_ln33 = br i1 %icmp_ln33, void %for.body.i.split.i, void %dense<array<ap_ufixed<2, 6, 0, 3, 0>, 16u>, array<ap_fixed<15, 11, 5, 3, 0>, 10u>, config13>.exit.exitStub" [firmware/nnet_utils/nnet_dense_stream.h:33->firmware/nnet_utils/nnet_dense_stream.h:93]   --->   Operation 386 'br' 'br_ln33' <Predicate = true> <Delay = 0.00>
ST_1 : Operation 387 [1/1] (0.78ns)   --->   "%switch_ln39 = switch i5 %i_in_1, void %arrayidx.i3.15.case.399.i, i5 0, void %arrayidx.i3.15.case.15.i, i5 1, void %arrayidx.i3.15.case.31.i, i5 2, void %arrayidx.i3.15.case.47.i, i5 3, void %arrayidx.i3.15.case.63.i, i5 4, void %arrayidx.i3.15.case.79.i, i5 5, void %arrayidx.i3.15.case.95.i, i5 6, void %arrayidx.i3.15.case.111.i, i5 7, void %arrayidx.i3.15.case.127.i, i5 8, void %arrayidx.i3.15.case.143.i, i5 9, void %arrayidx.i3.15.case.159.i, i5 10, void %arrayidx.i3.15.case.175.i, i5 11, void %arrayidx.i3.15.case.191.i, i5 12, void %arrayidx.i3.15.case.207.i, i5 13, void %arrayidx.i3.15.case.223.i, i5 14, void %arrayidx.i3.15.case.239.i, i5 15, void %arrayidx.i3.15.case.255.i, i5 16, void %arrayidx.i3.15.case.271.i, i5 17, void %arrayidx.i3.15.case.287.i, i5 18, void %arrayidx.i3.15.case.303.i, i5 19, void %arrayidx.i3.15.case.319.i, i5 20, void %arrayidx.i3.15.case.335.i, i5 21, void %arrayidx.i3.15.case.351.i, i5 22, void %arrayidx.i3.15.case.367.i, i5 23, void %for.body.i.split.i.arrayidx.i3.15.exit.i_crit_edge" [firmware/nnet_utils/nnet_dense_stream.h:39->firmware/nnet_utils/nnet_dense_stream.h:93]   --->   Operation 387 'switch' 'switch_ln39' <Predicate = (!icmp_ln33)> <Delay = 0.78>
ST_1 : Operation 388 [1/1] (0.42ns)   --->   "%store_ln33 = store i5 %add_ln33, i5 %i_in" [firmware/nnet_utils/nnet_dense_stream.h:33->firmware/nnet_utils/nnet_dense_stream.h:93]   --->   Operation 388 'store' 'store_ln33' <Predicate = (!icmp_ln33)> <Delay = 0.42>
ST_1 : Operation 389 [1/1] (0.00ns)   --->   "%br_ln33 = br void %for.body.i.i" [firmware/nnet_utils/nnet_dense_stream.h:33->firmware/nnet_utils/nnet_dense_stream.h:93]   --->   Operation 389 'br' 'br_ln33' <Predicate = (!icmp_ln33)> <Delay = 0.00>
ST_1 : Operation 808 [1/1] (0.00ns)   --->   "%p_0_0_0_0_01_i_load = load i2 %p_0_0_0_0_01_i"   --->   Operation 808 'load' 'p_0_0_0_0_01_i_load' <Predicate = (icmp_ln33)> <Delay = 0.00>
ST_1 : Operation 809 [1/1] (0.00ns)   --->   "%p_0_1_0_0_03_i_load = load i2 %p_0_1_0_0_03_i"   --->   Operation 809 'load' 'p_0_1_0_0_03_i_load' <Predicate = (icmp_ln33)> <Delay = 0.00>
ST_1 : Operation 810 [1/1] (0.00ns)   --->   "%p_0_2_0_0_05_i_load = load i2 %p_0_2_0_0_05_i"   --->   Operation 810 'load' 'p_0_2_0_0_05_i_load' <Predicate = (icmp_ln33)> <Delay = 0.00>
ST_1 : Operation 811 [1/1] (0.00ns)   --->   "%p_0_3_0_0_07_i_load = load i2 %p_0_3_0_0_07_i"   --->   Operation 811 'load' 'p_0_3_0_0_07_i_load' <Predicate = (icmp_ln33)> <Delay = 0.00>
ST_1 : Operation 812 [1/1] (0.00ns)   --->   "%p_0_4_0_0_09_i_load = load i2 %p_0_4_0_0_09_i"   --->   Operation 812 'load' 'p_0_4_0_0_09_i_load' <Predicate = (icmp_ln33)> <Delay = 0.00>
ST_1 : Operation 813 [1/1] (0.00ns)   --->   "%p_0_5_0_0_011_i_load = load i2 %p_0_5_0_0_011_i"   --->   Operation 813 'load' 'p_0_5_0_0_011_i_load' <Predicate = (icmp_ln33)> <Delay = 0.00>
ST_1 : Operation 814 [1/1] (0.00ns)   --->   "%p_0_6_0_0_013_i_load = load i2 %p_0_6_0_0_013_i"   --->   Operation 814 'load' 'p_0_6_0_0_013_i_load' <Predicate = (icmp_ln33)> <Delay = 0.00>
ST_1 : Operation 815 [1/1] (0.00ns)   --->   "%p_0_7_0_0_015_i_load = load i2 %p_0_7_0_0_015_i"   --->   Operation 815 'load' 'p_0_7_0_0_015_i_load' <Predicate = (icmp_ln33)> <Delay = 0.00>
ST_1 : Operation 816 [1/1] (0.00ns)   --->   "%p_0_8_0_0_017_i_load = load i2 %p_0_8_0_0_017_i"   --->   Operation 816 'load' 'p_0_8_0_0_017_i_load' <Predicate = (icmp_ln33)> <Delay = 0.00>
ST_1 : Operation 817 [1/1] (0.00ns)   --->   "%p_0_9_0_0_019_i_load = load i2 %p_0_9_0_0_019_i"   --->   Operation 817 'load' 'p_0_9_0_0_019_i_load' <Predicate = (icmp_ln33)> <Delay = 0.00>
ST_1 : Operation 818 [1/1] (0.00ns)   --->   "%p_0_10_0_0_021_i_load = load i2 %p_0_10_0_0_021_i"   --->   Operation 818 'load' 'p_0_10_0_0_021_i_load' <Predicate = (icmp_ln33)> <Delay = 0.00>
ST_1 : Operation 819 [1/1] (0.00ns)   --->   "%p_0_11_0_0_023_i_load = load i2 %p_0_11_0_0_023_i"   --->   Operation 819 'load' 'p_0_11_0_0_023_i_load' <Predicate = (icmp_ln33)> <Delay = 0.00>
ST_1 : Operation 820 [1/1] (0.00ns)   --->   "%p_0_12_0_0_025_i_load = load i2 %p_0_12_0_0_025_i"   --->   Operation 820 'load' 'p_0_12_0_0_025_i_load' <Predicate = (icmp_ln33)> <Delay = 0.00>
ST_1 : Operation 821 [1/1] (0.00ns)   --->   "%p_0_13_0_0_027_i_load = load i2 %p_0_13_0_0_027_i"   --->   Operation 821 'load' 'p_0_13_0_0_027_i_load' <Predicate = (icmp_ln33)> <Delay = 0.00>
ST_1 : Operation 822 [1/1] (0.00ns)   --->   "%p_0_15_0_0_029_i_load = load i2 %p_0_15_0_0_029_i"   --->   Operation 822 'load' 'p_0_15_0_0_029_i_load' <Predicate = (icmp_ln33)> <Delay = 0.00>
ST_1 : Operation 823 [1/1] (0.00ns)   --->   "%p_0_0_0_0_031_i_load = load i2 %p_0_0_0_0_031_i"   --->   Operation 823 'load' 'p_0_0_0_0_031_i_load' <Predicate = (icmp_ln33)> <Delay = 0.00>
ST_1 : Operation 824 [1/1] (0.00ns)   --->   "%p_0_1_0_0_033_i_load = load i2 %p_0_1_0_0_033_i"   --->   Operation 824 'load' 'p_0_1_0_0_033_i_load' <Predicate = (icmp_ln33)> <Delay = 0.00>
ST_1 : Operation 825 [1/1] (0.00ns)   --->   "%p_0_2_0_0_035_i_load = load i2 %p_0_2_0_0_035_i"   --->   Operation 825 'load' 'p_0_2_0_0_035_i_load' <Predicate = (icmp_ln33)> <Delay = 0.00>
ST_1 : Operation 826 [1/1] (0.00ns)   --->   "%p_0_3_0_0_037_i_load = load i2 %p_0_3_0_0_037_i"   --->   Operation 826 'load' 'p_0_3_0_0_037_i_load' <Predicate = (icmp_ln33)> <Delay = 0.00>
ST_1 : Operation 827 [1/1] (0.00ns)   --->   "%p_0_4_0_0_039_i_load = load i2 %p_0_4_0_0_039_i"   --->   Operation 827 'load' 'p_0_4_0_0_039_i_load' <Predicate = (icmp_ln33)> <Delay = 0.00>
ST_1 : Operation 828 [1/1] (0.00ns)   --->   "%p_0_5_0_0_041_i_load = load i2 %p_0_5_0_0_041_i"   --->   Operation 828 'load' 'p_0_5_0_0_041_i_load' <Predicate = (icmp_ln33)> <Delay = 0.00>
ST_1 : Operation 829 [1/1] (0.00ns)   --->   "%p_0_6_0_0_043_i_load = load i2 %p_0_6_0_0_043_i"   --->   Operation 829 'load' 'p_0_6_0_0_043_i_load' <Predicate = (icmp_ln33)> <Delay = 0.00>
ST_1 : Operation 830 [1/1] (0.00ns)   --->   "%p_0_7_0_0_045_i_load = load i2 %p_0_7_0_0_045_i"   --->   Operation 830 'load' 'p_0_7_0_0_045_i_load' <Predicate = (icmp_ln33)> <Delay = 0.00>
ST_1 : Operation 831 [1/1] (0.00ns)   --->   "%p_0_8_0_0_047_i_load = load i2 %p_0_8_0_0_047_i"   --->   Operation 831 'load' 'p_0_8_0_0_047_i_load' <Predicate = (icmp_ln33)> <Delay = 0.00>
ST_1 : Operation 832 [1/1] (0.00ns)   --->   "%p_0_9_0_0_049_i_load = load i2 %p_0_9_0_0_049_i"   --->   Operation 832 'load' 'p_0_9_0_0_049_i_load' <Predicate = (icmp_ln33)> <Delay = 0.00>
ST_1 : Operation 833 [1/1] (0.00ns)   --->   "%p_0_10_0_0_051_i_load = load i2 %p_0_10_0_0_051_i"   --->   Operation 833 'load' 'p_0_10_0_0_051_i_load' <Predicate = (icmp_ln33)> <Delay = 0.00>
ST_1 : Operation 834 [1/1] (0.00ns)   --->   "%p_0_11_0_0_053_i_load = load i2 %p_0_11_0_0_053_i"   --->   Operation 834 'load' 'p_0_11_0_0_053_i_load' <Predicate = (icmp_ln33)> <Delay = 0.00>
ST_1 : Operation 835 [1/1] (0.00ns)   --->   "%p_0_12_0_0_055_i_load = load i2 %p_0_12_0_0_055_i"   --->   Operation 835 'load' 'p_0_12_0_0_055_i_load' <Predicate = (icmp_ln33)> <Delay = 0.00>
ST_1 : Operation 836 [1/1] (0.00ns)   --->   "%p_0_13_0_0_057_i_load = load i2 %p_0_13_0_0_057_i"   --->   Operation 836 'load' 'p_0_13_0_0_057_i_load' <Predicate = (icmp_ln33)> <Delay = 0.00>
ST_1 : Operation 837 [1/1] (0.00ns)   --->   "%p_0_15_0_0_059_i_load = load i2 %p_0_15_0_0_059_i"   --->   Operation 837 'load' 'p_0_15_0_0_059_i_load' <Predicate = (icmp_ln33)> <Delay = 0.00>
ST_1 : Operation 838 [1/1] (0.00ns)   --->   "%p_0_0_0_0_061_i_load = load i2 %p_0_0_0_0_061_i"   --->   Operation 838 'load' 'p_0_0_0_0_061_i_load' <Predicate = (icmp_ln33)> <Delay = 0.00>
ST_1 : Operation 839 [1/1] (0.00ns)   --->   "%p_0_1_0_0_063_i_load = load i2 %p_0_1_0_0_063_i"   --->   Operation 839 'load' 'p_0_1_0_0_063_i_load' <Predicate = (icmp_ln33)> <Delay = 0.00>
ST_1 : Operation 840 [1/1] (0.00ns)   --->   "%p_0_2_0_0_065_i_load = load i2 %p_0_2_0_0_065_i"   --->   Operation 840 'load' 'p_0_2_0_0_065_i_load' <Predicate = (icmp_ln33)> <Delay = 0.00>
ST_1 : Operation 841 [1/1] (0.00ns)   --->   "%p_0_3_0_0_067_i_load = load i2 %p_0_3_0_0_067_i"   --->   Operation 841 'load' 'p_0_3_0_0_067_i_load' <Predicate = (icmp_ln33)> <Delay = 0.00>
ST_1 : Operation 842 [1/1] (0.00ns)   --->   "%p_0_4_0_0_069_i_load = load i2 %p_0_4_0_0_069_i"   --->   Operation 842 'load' 'p_0_4_0_0_069_i_load' <Predicate = (icmp_ln33)> <Delay = 0.00>
ST_1 : Operation 843 [1/1] (0.00ns)   --->   "%p_0_5_0_0_071_i_load = load i2 %p_0_5_0_0_071_i"   --->   Operation 843 'load' 'p_0_5_0_0_071_i_load' <Predicate = (icmp_ln33)> <Delay = 0.00>
ST_1 : Operation 844 [1/1] (0.00ns)   --->   "%p_0_6_0_0_073_i_load = load i2 %p_0_6_0_0_073_i"   --->   Operation 844 'load' 'p_0_6_0_0_073_i_load' <Predicate = (icmp_ln33)> <Delay = 0.00>
ST_1 : Operation 845 [1/1] (0.00ns)   --->   "%p_0_7_0_0_075_i_load = load i2 %p_0_7_0_0_075_i"   --->   Operation 845 'load' 'p_0_7_0_0_075_i_load' <Predicate = (icmp_ln33)> <Delay = 0.00>
ST_1 : Operation 846 [1/1] (0.00ns)   --->   "%p_0_8_0_0_077_i_load = load i2 %p_0_8_0_0_077_i"   --->   Operation 846 'load' 'p_0_8_0_0_077_i_load' <Predicate = (icmp_ln33)> <Delay = 0.00>
ST_1 : Operation 847 [1/1] (0.00ns)   --->   "%p_0_9_0_0_079_i_load = load i2 %p_0_9_0_0_079_i"   --->   Operation 847 'load' 'p_0_9_0_0_079_i_load' <Predicate = (icmp_ln33)> <Delay = 0.00>
ST_1 : Operation 848 [1/1] (0.00ns)   --->   "%p_0_10_0_0_081_i_load = load i2 %p_0_10_0_0_081_i"   --->   Operation 848 'load' 'p_0_10_0_0_081_i_load' <Predicate = (icmp_ln33)> <Delay = 0.00>
ST_1 : Operation 849 [1/1] (0.00ns)   --->   "%p_0_11_0_0_083_i_load = load i2 %p_0_11_0_0_083_i"   --->   Operation 849 'load' 'p_0_11_0_0_083_i_load' <Predicate = (icmp_ln33)> <Delay = 0.00>
ST_1 : Operation 850 [1/1] (0.00ns)   --->   "%p_0_12_0_0_085_i_load = load i2 %p_0_12_0_0_085_i"   --->   Operation 850 'load' 'p_0_12_0_0_085_i_load' <Predicate = (icmp_ln33)> <Delay = 0.00>
ST_1 : Operation 851 [1/1] (0.00ns)   --->   "%p_0_13_0_0_087_i_load = load i2 %p_0_13_0_0_087_i"   --->   Operation 851 'load' 'p_0_13_0_0_087_i_load' <Predicate = (icmp_ln33)> <Delay = 0.00>
ST_1 : Operation 852 [1/1] (0.00ns)   --->   "%p_0_15_0_0_089_i_load = load i2 %p_0_15_0_0_089_i"   --->   Operation 852 'load' 'p_0_15_0_0_089_i_load' <Predicate = (icmp_ln33)> <Delay = 0.00>
ST_1 : Operation 853 [1/1] (0.00ns)   --->   "%p_0_0_0_0_091_i_load = load i2 %p_0_0_0_0_091_i"   --->   Operation 853 'load' 'p_0_0_0_0_091_i_load' <Predicate = (icmp_ln33)> <Delay = 0.00>
ST_1 : Operation 854 [1/1] (0.00ns)   --->   "%p_0_1_0_0_093_i_load = load i2 %p_0_1_0_0_093_i"   --->   Operation 854 'load' 'p_0_1_0_0_093_i_load' <Predicate = (icmp_ln33)> <Delay = 0.00>
ST_1 : Operation 855 [1/1] (0.00ns)   --->   "%p_0_2_0_0_095_i_load = load i2 %p_0_2_0_0_095_i"   --->   Operation 855 'load' 'p_0_2_0_0_095_i_load' <Predicate = (icmp_ln33)> <Delay = 0.00>
ST_1 : Operation 856 [1/1] (0.00ns)   --->   "%p_0_3_0_0_097_i_load = load i2 %p_0_3_0_0_097_i"   --->   Operation 856 'load' 'p_0_3_0_0_097_i_load' <Predicate = (icmp_ln33)> <Delay = 0.00>
ST_1 : Operation 857 [1/1] (0.00ns)   --->   "%p_0_4_0_0_099_i_load = load i2 %p_0_4_0_0_099_i"   --->   Operation 857 'load' 'p_0_4_0_0_099_i_load' <Predicate = (icmp_ln33)> <Delay = 0.00>
ST_1 : Operation 858 [1/1] (0.00ns)   --->   "%p_0_5_0_0_0101_i_load = load i2 %p_0_5_0_0_0101_i"   --->   Operation 858 'load' 'p_0_5_0_0_0101_i_load' <Predicate = (icmp_ln33)> <Delay = 0.00>
ST_1 : Operation 859 [1/1] (0.00ns)   --->   "%p_0_6_0_0_0103_i_load = load i2 %p_0_6_0_0_0103_i"   --->   Operation 859 'load' 'p_0_6_0_0_0103_i_load' <Predicate = (icmp_ln33)> <Delay = 0.00>
ST_1 : Operation 860 [1/1] (0.00ns)   --->   "%p_0_7_0_0_0105_i_load = load i2 %p_0_7_0_0_0105_i"   --->   Operation 860 'load' 'p_0_7_0_0_0105_i_load' <Predicate = (icmp_ln33)> <Delay = 0.00>
ST_1 : Operation 861 [1/1] (0.00ns)   --->   "%p_0_8_0_0_0107_i_load = load i2 %p_0_8_0_0_0107_i"   --->   Operation 861 'load' 'p_0_8_0_0_0107_i_load' <Predicate = (icmp_ln33)> <Delay = 0.00>
ST_1 : Operation 862 [1/1] (0.00ns)   --->   "%p_0_9_0_0_0109_i_load = load i2 %p_0_9_0_0_0109_i"   --->   Operation 862 'load' 'p_0_9_0_0_0109_i_load' <Predicate = (icmp_ln33)> <Delay = 0.00>
ST_1 : Operation 863 [1/1] (0.00ns)   --->   "%p_0_10_0_0_0111_i_load = load i2 %p_0_10_0_0_0111_i"   --->   Operation 863 'load' 'p_0_10_0_0_0111_i_load' <Predicate = (icmp_ln33)> <Delay = 0.00>
ST_1 : Operation 864 [1/1] (0.00ns)   --->   "%p_0_11_0_0_0113_i_load = load i2 %p_0_11_0_0_0113_i"   --->   Operation 864 'load' 'p_0_11_0_0_0113_i_load' <Predicate = (icmp_ln33)> <Delay = 0.00>
ST_1 : Operation 865 [1/1] (0.00ns)   --->   "%p_0_12_0_0_0115_i_load = load i2 %p_0_12_0_0_0115_i"   --->   Operation 865 'load' 'p_0_12_0_0_0115_i_load' <Predicate = (icmp_ln33)> <Delay = 0.00>
ST_1 : Operation 866 [1/1] (0.00ns)   --->   "%p_0_13_0_0_0117_i_load = load i2 %p_0_13_0_0_0117_i"   --->   Operation 866 'load' 'p_0_13_0_0_0117_i_load' <Predicate = (icmp_ln33)> <Delay = 0.00>
ST_1 : Operation 867 [1/1] (0.00ns)   --->   "%p_0_15_0_0_0119_i_load = load i2 %p_0_15_0_0_0119_i"   --->   Operation 867 'load' 'p_0_15_0_0_0119_i_load' <Predicate = (icmp_ln33)> <Delay = 0.00>
ST_1 : Operation 868 [1/1] (0.00ns)   --->   "%p_0_0_0_0_0121_i_load = load i2 %p_0_0_0_0_0121_i"   --->   Operation 868 'load' 'p_0_0_0_0_0121_i_load' <Predicate = (icmp_ln33)> <Delay = 0.00>
ST_1 : Operation 869 [1/1] (0.00ns)   --->   "%p_0_1_0_0_0123_i_load = load i2 %p_0_1_0_0_0123_i"   --->   Operation 869 'load' 'p_0_1_0_0_0123_i_load' <Predicate = (icmp_ln33)> <Delay = 0.00>
ST_1 : Operation 870 [1/1] (0.00ns)   --->   "%p_0_2_0_0_0125_i_load = load i2 %p_0_2_0_0_0125_i"   --->   Operation 870 'load' 'p_0_2_0_0_0125_i_load' <Predicate = (icmp_ln33)> <Delay = 0.00>
ST_1 : Operation 871 [1/1] (0.00ns)   --->   "%p_0_3_0_0_0127_i_load = load i2 %p_0_3_0_0_0127_i"   --->   Operation 871 'load' 'p_0_3_0_0_0127_i_load' <Predicate = (icmp_ln33)> <Delay = 0.00>
ST_1 : Operation 872 [1/1] (0.00ns)   --->   "%p_0_4_0_0_0129_i_load = load i2 %p_0_4_0_0_0129_i"   --->   Operation 872 'load' 'p_0_4_0_0_0129_i_load' <Predicate = (icmp_ln33)> <Delay = 0.00>
ST_1 : Operation 873 [1/1] (0.00ns)   --->   "%p_0_5_0_0_0131_i_load = load i2 %p_0_5_0_0_0131_i"   --->   Operation 873 'load' 'p_0_5_0_0_0131_i_load' <Predicate = (icmp_ln33)> <Delay = 0.00>
ST_1 : Operation 874 [1/1] (0.00ns)   --->   "%p_0_6_0_0_0133_i_load = load i2 %p_0_6_0_0_0133_i"   --->   Operation 874 'load' 'p_0_6_0_0_0133_i_load' <Predicate = (icmp_ln33)> <Delay = 0.00>
ST_1 : Operation 875 [1/1] (0.00ns)   --->   "%p_0_7_0_0_0135_i_load = load i2 %p_0_7_0_0_0135_i"   --->   Operation 875 'load' 'p_0_7_0_0_0135_i_load' <Predicate = (icmp_ln33)> <Delay = 0.00>
ST_1 : Operation 876 [1/1] (0.00ns)   --->   "%p_0_8_0_0_0137_i_load = load i2 %p_0_8_0_0_0137_i"   --->   Operation 876 'load' 'p_0_8_0_0_0137_i_load' <Predicate = (icmp_ln33)> <Delay = 0.00>
ST_1 : Operation 877 [1/1] (0.00ns)   --->   "%p_0_9_0_0_0139_i_load = load i2 %p_0_9_0_0_0139_i"   --->   Operation 877 'load' 'p_0_9_0_0_0139_i_load' <Predicate = (icmp_ln33)> <Delay = 0.00>
ST_1 : Operation 878 [1/1] (0.00ns)   --->   "%p_0_10_0_0_0141_i_load = load i2 %p_0_10_0_0_0141_i"   --->   Operation 878 'load' 'p_0_10_0_0_0141_i_load' <Predicate = (icmp_ln33)> <Delay = 0.00>
ST_1 : Operation 879 [1/1] (0.00ns)   --->   "%p_0_11_0_0_0143_i_load = load i2 %p_0_11_0_0_0143_i"   --->   Operation 879 'load' 'p_0_11_0_0_0143_i_load' <Predicate = (icmp_ln33)> <Delay = 0.00>
ST_1 : Operation 880 [1/1] (0.00ns)   --->   "%p_0_12_0_0_0145_i_load = load i2 %p_0_12_0_0_0145_i"   --->   Operation 880 'load' 'p_0_12_0_0_0145_i_load' <Predicate = (icmp_ln33)> <Delay = 0.00>
ST_1 : Operation 881 [1/1] (0.00ns)   --->   "%p_0_13_0_0_0147_i_load = load i2 %p_0_13_0_0_0147_i"   --->   Operation 881 'load' 'p_0_13_0_0_0147_i_load' <Predicate = (icmp_ln33)> <Delay = 0.00>
ST_1 : Operation 882 [1/1] (0.00ns)   --->   "%p_0_15_0_0_0149_i_load = load i2 %p_0_15_0_0_0149_i"   --->   Operation 882 'load' 'p_0_15_0_0_0149_i_load' <Predicate = (icmp_ln33)> <Delay = 0.00>
ST_1 : Operation 883 [1/1] (0.00ns)   --->   "%p_0_0_0_0_0151_i_load = load i2 %p_0_0_0_0_0151_i"   --->   Operation 883 'load' 'p_0_0_0_0_0151_i_load' <Predicate = (icmp_ln33)> <Delay = 0.00>
ST_1 : Operation 884 [1/1] (0.00ns)   --->   "%p_0_1_0_0_0153_i_load = load i2 %p_0_1_0_0_0153_i"   --->   Operation 884 'load' 'p_0_1_0_0_0153_i_load' <Predicate = (icmp_ln33)> <Delay = 0.00>
ST_1 : Operation 885 [1/1] (0.00ns)   --->   "%p_0_2_0_0_0155_i_load = load i2 %p_0_2_0_0_0155_i"   --->   Operation 885 'load' 'p_0_2_0_0_0155_i_load' <Predicate = (icmp_ln33)> <Delay = 0.00>
ST_1 : Operation 886 [1/1] (0.00ns)   --->   "%p_0_3_0_0_0157_i_load = load i2 %p_0_3_0_0_0157_i"   --->   Operation 886 'load' 'p_0_3_0_0_0157_i_load' <Predicate = (icmp_ln33)> <Delay = 0.00>
ST_1 : Operation 887 [1/1] (0.00ns)   --->   "%p_0_4_0_0_0159_i_load = load i2 %p_0_4_0_0_0159_i"   --->   Operation 887 'load' 'p_0_4_0_0_0159_i_load' <Predicate = (icmp_ln33)> <Delay = 0.00>
ST_1 : Operation 888 [1/1] (0.00ns)   --->   "%p_0_5_0_0_0161_i_load = load i2 %p_0_5_0_0_0161_i"   --->   Operation 888 'load' 'p_0_5_0_0_0161_i_load' <Predicate = (icmp_ln33)> <Delay = 0.00>
ST_1 : Operation 889 [1/1] (0.00ns)   --->   "%p_0_6_0_0_0163_i_load = load i2 %p_0_6_0_0_0163_i"   --->   Operation 889 'load' 'p_0_6_0_0_0163_i_load' <Predicate = (icmp_ln33)> <Delay = 0.00>
ST_1 : Operation 890 [1/1] (0.00ns)   --->   "%p_0_7_0_0_0165_i_load = load i2 %p_0_7_0_0_0165_i"   --->   Operation 890 'load' 'p_0_7_0_0_0165_i_load' <Predicate = (icmp_ln33)> <Delay = 0.00>
ST_1 : Operation 891 [1/1] (0.00ns)   --->   "%p_0_8_0_0_0167_i_load = load i2 %p_0_8_0_0_0167_i"   --->   Operation 891 'load' 'p_0_8_0_0_0167_i_load' <Predicate = (icmp_ln33)> <Delay = 0.00>
ST_1 : Operation 892 [1/1] (0.00ns)   --->   "%p_0_9_0_0_0169_i_load = load i2 %p_0_9_0_0_0169_i"   --->   Operation 892 'load' 'p_0_9_0_0_0169_i_load' <Predicate = (icmp_ln33)> <Delay = 0.00>
ST_1 : Operation 893 [1/1] (0.00ns)   --->   "%p_0_10_0_0_0171_i_load = load i2 %p_0_10_0_0_0171_i"   --->   Operation 893 'load' 'p_0_10_0_0_0171_i_load' <Predicate = (icmp_ln33)> <Delay = 0.00>
ST_1 : Operation 894 [1/1] (0.00ns)   --->   "%p_0_11_0_0_0173_i_load = load i2 %p_0_11_0_0_0173_i"   --->   Operation 894 'load' 'p_0_11_0_0_0173_i_load' <Predicate = (icmp_ln33)> <Delay = 0.00>
ST_1 : Operation 895 [1/1] (0.00ns)   --->   "%p_0_12_0_0_0175_i_load = load i2 %p_0_12_0_0_0175_i"   --->   Operation 895 'load' 'p_0_12_0_0_0175_i_load' <Predicate = (icmp_ln33)> <Delay = 0.00>
ST_1 : Operation 896 [1/1] (0.00ns)   --->   "%p_0_13_0_0_0177_i_load = load i2 %p_0_13_0_0_0177_i"   --->   Operation 896 'load' 'p_0_13_0_0_0177_i_load' <Predicate = (icmp_ln33)> <Delay = 0.00>
ST_1 : Operation 897 [1/1] (0.00ns)   --->   "%p_0_15_0_0_0179_i_load = load i2 %p_0_15_0_0_0179_i"   --->   Operation 897 'load' 'p_0_15_0_0_0179_i_load' <Predicate = (icmp_ln33)> <Delay = 0.00>
ST_1 : Operation 898 [1/1] (0.00ns)   --->   "%p_0_0_0_0_0181_i_load = load i2 %p_0_0_0_0_0181_i"   --->   Operation 898 'load' 'p_0_0_0_0_0181_i_load' <Predicate = (icmp_ln33)> <Delay = 0.00>
ST_1 : Operation 899 [1/1] (0.00ns)   --->   "%p_0_1_0_0_0183_i_load = load i2 %p_0_1_0_0_0183_i"   --->   Operation 899 'load' 'p_0_1_0_0_0183_i_load' <Predicate = (icmp_ln33)> <Delay = 0.00>
ST_1 : Operation 900 [1/1] (0.00ns)   --->   "%p_0_2_0_0_0185_i_load = load i2 %p_0_2_0_0_0185_i"   --->   Operation 900 'load' 'p_0_2_0_0_0185_i_load' <Predicate = (icmp_ln33)> <Delay = 0.00>
ST_1 : Operation 901 [1/1] (0.00ns)   --->   "%p_0_3_0_0_0187_i_load = load i2 %p_0_3_0_0_0187_i"   --->   Operation 901 'load' 'p_0_3_0_0_0187_i_load' <Predicate = (icmp_ln33)> <Delay = 0.00>
ST_1 : Operation 902 [1/1] (0.00ns)   --->   "%p_0_4_0_0_0189_i_load = load i2 %p_0_4_0_0_0189_i"   --->   Operation 902 'load' 'p_0_4_0_0_0189_i_load' <Predicate = (icmp_ln33)> <Delay = 0.00>
ST_1 : Operation 903 [1/1] (0.00ns)   --->   "%p_0_5_0_0_0191_i_load = load i2 %p_0_5_0_0_0191_i"   --->   Operation 903 'load' 'p_0_5_0_0_0191_i_load' <Predicate = (icmp_ln33)> <Delay = 0.00>
ST_1 : Operation 904 [1/1] (0.00ns)   --->   "%p_0_6_0_0_0193_i_load = load i2 %p_0_6_0_0_0193_i"   --->   Operation 904 'load' 'p_0_6_0_0_0193_i_load' <Predicate = (icmp_ln33)> <Delay = 0.00>
ST_1 : Operation 905 [1/1] (0.00ns)   --->   "%p_0_7_0_0_0195_i_load = load i2 %p_0_7_0_0_0195_i"   --->   Operation 905 'load' 'p_0_7_0_0_0195_i_load' <Predicate = (icmp_ln33)> <Delay = 0.00>
ST_1 : Operation 906 [1/1] (0.00ns)   --->   "%p_0_8_0_0_0197_i_load = load i2 %p_0_8_0_0_0197_i"   --->   Operation 906 'load' 'p_0_8_0_0_0197_i_load' <Predicate = (icmp_ln33)> <Delay = 0.00>
ST_1 : Operation 907 [1/1] (0.00ns)   --->   "%p_0_9_0_0_0199_i_load = load i2 %p_0_9_0_0_0199_i"   --->   Operation 907 'load' 'p_0_9_0_0_0199_i_load' <Predicate = (icmp_ln33)> <Delay = 0.00>
ST_1 : Operation 908 [1/1] (0.00ns)   --->   "%p_0_10_0_0_0201_i_load = load i2 %p_0_10_0_0_0201_i"   --->   Operation 908 'load' 'p_0_10_0_0_0201_i_load' <Predicate = (icmp_ln33)> <Delay = 0.00>
ST_1 : Operation 909 [1/1] (0.00ns)   --->   "%p_0_11_0_0_0203_i_load = load i2 %p_0_11_0_0_0203_i"   --->   Operation 909 'load' 'p_0_11_0_0_0203_i_load' <Predicate = (icmp_ln33)> <Delay = 0.00>
ST_1 : Operation 910 [1/1] (0.00ns)   --->   "%p_0_12_0_0_0205_i_load = load i2 %p_0_12_0_0_0205_i"   --->   Operation 910 'load' 'p_0_12_0_0_0205_i_load' <Predicate = (icmp_ln33)> <Delay = 0.00>
ST_1 : Operation 911 [1/1] (0.00ns)   --->   "%p_0_13_0_0_0207_i_load = load i2 %p_0_13_0_0_0207_i"   --->   Operation 911 'load' 'p_0_13_0_0_0207_i_load' <Predicate = (icmp_ln33)> <Delay = 0.00>
ST_1 : Operation 912 [1/1] (0.00ns)   --->   "%p_0_15_0_0_0209_i_load = load i2 %p_0_15_0_0_0209_i"   --->   Operation 912 'load' 'p_0_15_0_0_0209_i_load' <Predicate = (icmp_ln33)> <Delay = 0.00>
ST_1 : Operation 913 [1/1] (0.00ns)   --->   "%p_0_0_0_0_0211_i_load = load i2 %p_0_0_0_0_0211_i"   --->   Operation 913 'load' 'p_0_0_0_0_0211_i_load' <Predicate = (icmp_ln33)> <Delay = 0.00>
ST_1 : Operation 914 [1/1] (0.00ns)   --->   "%p_0_1_0_0_0213_i_load = load i2 %p_0_1_0_0_0213_i"   --->   Operation 914 'load' 'p_0_1_0_0_0213_i_load' <Predicate = (icmp_ln33)> <Delay = 0.00>
ST_1 : Operation 915 [1/1] (0.00ns)   --->   "%p_0_2_0_0_0215_i_load = load i2 %p_0_2_0_0_0215_i"   --->   Operation 915 'load' 'p_0_2_0_0_0215_i_load' <Predicate = (icmp_ln33)> <Delay = 0.00>
ST_1 : Operation 916 [1/1] (0.00ns)   --->   "%p_0_3_0_0_0217_i_load = load i2 %p_0_3_0_0_0217_i"   --->   Operation 916 'load' 'p_0_3_0_0_0217_i_load' <Predicate = (icmp_ln33)> <Delay = 0.00>
ST_1 : Operation 917 [1/1] (0.00ns)   --->   "%p_0_4_0_0_0219_i_load = load i2 %p_0_4_0_0_0219_i"   --->   Operation 917 'load' 'p_0_4_0_0_0219_i_load' <Predicate = (icmp_ln33)> <Delay = 0.00>
ST_1 : Operation 918 [1/1] (0.00ns)   --->   "%p_0_5_0_0_0221_i_load = load i2 %p_0_5_0_0_0221_i"   --->   Operation 918 'load' 'p_0_5_0_0_0221_i_load' <Predicate = (icmp_ln33)> <Delay = 0.00>
ST_1 : Operation 919 [1/1] (0.00ns)   --->   "%p_0_6_0_0_0223_i_load = load i2 %p_0_6_0_0_0223_i"   --->   Operation 919 'load' 'p_0_6_0_0_0223_i_load' <Predicate = (icmp_ln33)> <Delay = 0.00>
ST_1 : Operation 920 [1/1] (0.00ns)   --->   "%p_0_7_0_0_0225_i_load = load i2 %p_0_7_0_0_0225_i"   --->   Operation 920 'load' 'p_0_7_0_0_0225_i_load' <Predicate = (icmp_ln33)> <Delay = 0.00>
ST_1 : Operation 921 [1/1] (0.00ns)   --->   "%p_0_8_0_0_0227_i_load = load i2 %p_0_8_0_0_0227_i"   --->   Operation 921 'load' 'p_0_8_0_0_0227_i_load' <Predicate = (icmp_ln33)> <Delay = 0.00>
ST_1 : Operation 922 [1/1] (0.00ns)   --->   "%p_0_9_0_0_0229_i_load = load i2 %p_0_9_0_0_0229_i"   --->   Operation 922 'load' 'p_0_9_0_0_0229_i_load' <Predicate = (icmp_ln33)> <Delay = 0.00>
ST_1 : Operation 923 [1/1] (0.00ns)   --->   "%p_0_10_0_0_0231_i_load = load i2 %p_0_10_0_0_0231_i"   --->   Operation 923 'load' 'p_0_10_0_0_0231_i_load' <Predicate = (icmp_ln33)> <Delay = 0.00>
ST_1 : Operation 924 [1/1] (0.00ns)   --->   "%p_0_11_0_0_0233_i_load = load i2 %p_0_11_0_0_0233_i"   --->   Operation 924 'load' 'p_0_11_0_0_0233_i_load' <Predicate = (icmp_ln33)> <Delay = 0.00>
ST_1 : Operation 925 [1/1] (0.00ns)   --->   "%p_0_12_0_0_0235_i_load = load i2 %p_0_12_0_0_0235_i"   --->   Operation 925 'load' 'p_0_12_0_0_0235_i_load' <Predicate = (icmp_ln33)> <Delay = 0.00>
ST_1 : Operation 926 [1/1] (0.00ns)   --->   "%p_0_13_0_0_0237_i_load = load i2 %p_0_13_0_0_0237_i"   --->   Operation 926 'load' 'p_0_13_0_0_0237_i_load' <Predicate = (icmp_ln33)> <Delay = 0.00>
ST_1 : Operation 927 [1/1] (0.00ns)   --->   "%p_0_15_0_0_0239_i_load = load i2 %p_0_15_0_0_0239_i"   --->   Operation 927 'load' 'p_0_15_0_0_0239_i_load' <Predicate = (icmp_ln33)> <Delay = 0.00>
ST_1 : Operation 928 [1/1] (0.00ns)   --->   "%p_0_0_0_0_0241_i_load = load i2 %p_0_0_0_0_0241_i"   --->   Operation 928 'load' 'p_0_0_0_0_0241_i_load' <Predicate = (icmp_ln33)> <Delay = 0.00>
ST_1 : Operation 929 [1/1] (0.00ns)   --->   "%p_0_1_0_0_0243_i_load = load i2 %p_0_1_0_0_0243_i"   --->   Operation 929 'load' 'p_0_1_0_0_0243_i_load' <Predicate = (icmp_ln33)> <Delay = 0.00>
ST_1 : Operation 930 [1/1] (0.00ns)   --->   "%p_0_2_0_0_0245_i_load = load i2 %p_0_2_0_0_0245_i"   --->   Operation 930 'load' 'p_0_2_0_0_0245_i_load' <Predicate = (icmp_ln33)> <Delay = 0.00>
ST_1 : Operation 931 [1/1] (0.00ns)   --->   "%p_0_3_0_0_0247_i_load = load i2 %p_0_3_0_0_0247_i"   --->   Operation 931 'load' 'p_0_3_0_0_0247_i_load' <Predicate = (icmp_ln33)> <Delay = 0.00>
ST_1 : Operation 932 [1/1] (0.00ns)   --->   "%p_0_4_0_0_0249_i_load = load i2 %p_0_4_0_0_0249_i"   --->   Operation 932 'load' 'p_0_4_0_0_0249_i_load' <Predicate = (icmp_ln33)> <Delay = 0.00>
ST_1 : Operation 933 [1/1] (0.00ns)   --->   "%p_0_5_0_0_0251_i_load = load i2 %p_0_5_0_0_0251_i"   --->   Operation 933 'load' 'p_0_5_0_0_0251_i_load' <Predicate = (icmp_ln33)> <Delay = 0.00>
ST_1 : Operation 934 [1/1] (0.00ns)   --->   "%p_0_6_0_0_0253_i_load = load i2 %p_0_6_0_0_0253_i"   --->   Operation 934 'load' 'p_0_6_0_0_0253_i_load' <Predicate = (icmp_ln33)> <Delay = 0.00>
ST_1 : Operation 935 [1/1] (0.00ns)   --->   "%p_0_7_0_0_0255_i_load = load i2 %p_0_7_0_0_0255_i"   --->   Operation 935 'load' 'p_0_7_0_0_0255_i_load' <Predicate = (icmp_ln33)> <Delay = 0.00>
ST_1 : Operation 936 [1/1] (0.00ns)   --->   "%p_0_8_0_0_0257_i_load = load i2 %p_0_8_0_0_0257_i"   --->   Operation 936 'load' 'p_0_8_0_0_0257_i_load' <Predicate = (icmp_ln33)> <Delay = 0.00>
ST_1 : Operation 937 [1/1] (0.00ns)   --->   "%p_0_9_0_0_0259_i_load = load i2 %p_0_9_0_0_0259_i"   --->   Operation 937 'load' 'p_0_9_0_0_0259_i_load' <Predicate = (icmp_ln33)> <Delay = 0.00>
ST_1 : Operation 938 [1/1] (0.00ns)   --->   "%p_0_10_0_0_0261_i_load = load i2 %p_0_10_0_0_0261_i"   --->   Operation 938 'load' 'p_0_10_0_0_0261_i_load' <Predicate = (icmp_ln33)> <Delay = 0.00>
ST_1 : Operation 939 [1/1] (0.00ns)   --->   "%p_0_11_0_0_0263_i_load = load i2 %p_0_11_0_0_0263_i"   --->   Operation 939 'load' 'p_0_11_0_0_0263_i_load' <Predicate = (icmp_ln33)> <Delay = 0.00>
ST_1 : Operation 940 [1/1] (0.00ns)   --->   "%p_0_12_0_0_0265_i_load = load i2 %p_0_12_0_0_0265_i"   --->   Operation 940 'load' 'p_0_12_0_0_0265_i_load' <Predicate = (icmp_ln33)> <Delay = 0.00>
ST_1 : Operation 941 [1/1] (0.00ns)   --->   "%p_0_13_0_0_0267_i_load = load i2 %p_0_13_0_0_0267_i"   --->   Operation 941 'load' 'p_0_13_0_0_0267_i_load' <Predicate = (icmp_ln33)> <Delay = 0.00>
ST_1 : Operation 942 [1/1] (0.00ns)   --->   "%p_0_15_0_0_0269_i_load = load i2 %p_0_15_0_0_0269_i"   --->   Operation 942 'load' 'p_0_15_0_0_0269_i_load' <Predicate = (icmp_ln33)> <Delay = 0.00>
ST_1 : Operation 943 [1/1] (0.00ns)   --->   "%p_0_0_0_0_0271_i_load = load i2 %p_0_0_0_0_0271_i"   --->   Operation 943 'load' 'p_0_0_0_0_0271_i_load' <Predicate = (icmp_ln33)> <Delay = 0.00>
ST_1 : Operation 944 [1/1] (0.00ns)   --->   "%p_0_1_0_0_0273_i_load = load i2 %p_0_1_0_0_0273_i"   --->   Operation 944 'load' 'p_0_1_0_0_0273_i_load' <Predicate = (icmp_ln33)> <Delay = 0.00>
ST_1 : Operation 945 [1/1] (0.00ns)   --->   "%p_0_2_0_0_0275_i_load = load i2 %p_0_2_0_0_0275_i"   --->   Operation 945 'load' 'p_0_2_0_0_0275_i_load' <Predicate = (icmp_ln33)> <Delay = 0.00>
ST_1 : Operation 946 [1/1] (0.00ns)   --->   "%p_0_3_0_0_0277_i_load = load i2 %p_0_3_0_0_0277_i"   --->   Operation 946 'load' 'p_0_3_0_0_0277_i_load' <Predicate = (icmp_ln33)> <Delay = 0.00>
ST_1 : Operation 947 [1/1] (0.00ns)   --->   "%p_0_4_0_0_0279_i_load = load i2 %p_0_4_0_0_0279_i"   --->   Operation 947 'load' 'p_0_4_0_0_0279_i_load' <Predicate = (icmp_ln33)> <Delay = 0.00>
ST_1 : Operation 948 [1/1] (0.00ns)   --->   "%p_0_5_0_0_0281_i_load = load i2 %p_0_5_0_0_0281_i"   --->   Operation 948 'load' 'p_0_5_0_0_0281_i_load' <Predicate = (icmp_ln33)> <Delay = 0.00>
ST_1 : Operation 949 [1/1] (0.00ns)   --->   "%p_0_6_0_0_0283_i_load = load i2 %p_0_6_0_0_0283_i"   --->   Operation 949 'load' 'p_0_6_0_0_0283_i_load' <Predicate = (icmp_ln33)> <Delay = 0.00>
ST_1 : Operation 950 [1/1] (0.00ns)   --->   "%p_0_7_0_0_0285_i_load = load i2 %p_0_7_0_0_0285_i"   --->   Operation 950 'load' 'p_0_7_0_0_0285_i_load' <Predicate = (icmp_ln33)> <Delay = 0.00>
ST_1 : Operation 951 [1/1] (0.00ns)   --->   "%p_0_8_0_0_0287_i_load = load i2 %p_0_8_0_0_0287_i"   --->   Operation 951 'load' 'p_0_8_0_0_0287_i_load' <Predicate = (icmp_ln33)> <Delay = 0.00>
ST_1 : Operation 952 [1/1] (0.00ns)   --->   "%p_0_9_0_0_0289_i_load = load i2 %p_0_9_0_0_0289_i"   --->   Operation 952 'load' 'p_0_9_0_0_0289_i_load' <Predicate = (icmp_ln33)> <Delay = 0.00>
ST_1 : Operation 953 [1/1] (0.00ns)   --->   "%p_0_10_0_0_0291_i_load = load i2 %p_0_10_0_0_0291_i"   --->   Operation 953 'load' 'p_0_10_0_0_0291_i_load' <Predicate = (icmp_ln33)> <Delay = 0.00>
ST_1 : Operation 954 [1/1] (0.00ns)   --->   "%p_0_11_0_0_0293_i_load = load i2 %p_0_11_0_0_0293_i"   --->   Operation 954 'load' 'p_0_11_0_0_0293_i_load' <Predicate = (icmp_ln33)> <Delay = 0.00>
ST_1 : Operation 955 [1/1] (0.00ns)   --->   "%p_0_12_0_0_0295_i_load = load i2 %p_0_12_0_0_0295_i"   --->   Operation 955 'load' 'p_0_12_0_0_0295_i_load' <Predicate = (icmp_ln33)> <Delay = 0.00>
ST_1 : Operation 956 [1/1] (0.00ns)   --->   "%p_0_13_0_0_0297_i_load = load i2 %p_0_13_0_0_0297_i"   --->   Operation 956 'load' 'p_0_13_0_0_0297_i_load' <Predicate = (icmp_ln33)> <Delay = 0.00>
ST_1 : Operation 957 [1/1] (0.00ns)   --->   "%p_0_15_0_0_0299_i_load = load i2 %p_0_15_0_0_0299_i"   --->   Operation 957 'load' 'p_0_15_0_0_0299_i_load' <Predicate = (icmp_ln33)> <Delay = 0.00>
ST_1 : Operation 958 [1/1] (0.00ns)   --->   "%p_0_0_0_0_0301_i_load = load i2 %p_0_0_0_0_0301_i"   --->   Operation 958 'load' 'p_0_0_0_0_0301_i_load' <Predicate = (icmp_ln33)> <Delay = 0.00>
ST_1 : Operation 959 [1/1] (0.00ns)   --->   "%p_0_1_0_0_0303_i_load = load i2 %p_0_1_0_0_0303_i"   --->   Operation 959 'load' 'p_0_1_0_0_0303_i_load' <Predicate = (icmp_ln33)> <Delay = 0.00>
ST_1 : Operation 960 [1/1] (0.00ns)   --->   "%p_0_2_0_0_0305_i_load = load i2 %p_0_2_0_0_0305_i"   --->   Operation 960 'load' 'p_0_2_0_0_0305_i_load' <Predicate = (icmp_ln33)> <Delay = 0.00>
ST_1 : Operation 961 [1/1] (0.00ns)   --->   "%p_0_3_0_0_0307_i_load = load i2 %p_0_3_0_0_0307_i"   --->   Operation 961 'load' 'p_0_3_0_0_0307_i_load' <Predicate = (icmp_ln33)> <Delay = 0.00>
ST_1 : Operation 962 [1/1] (0.00ns)   --->   "%p_0_4_0_0_0309_i_load = load i2 %p_0_4_0_0_0309_i"   --->   Operation 962 'load' 'p_0_4_0_0_0309_i_load' <Predicate = (icmp_ln33)> <Delay = 0.00>
ST_1 : Operation 963 [1/1] (0.00ns)   --->   "%p_0_5_0_0_0311_i_load = load i2 %p_0_5_0_0_0311_i"   --->   Operation 963 'load' 'p_0_5_0_0_0311_i_load' <Predicate = (icmp_ln33)> <Delay = 0.00>
ST_1 : Operation 964 [1/1] (0.00ns)   --->   "%p_0_6_0_0_0313_i_load = load i2 %p_0_6_0_0_0313_i"   --->   Operation 964 'load' 'p_0_6_0_0_0313_i_load' <Predicate = (icmp_ln33)> <Delay = 0.00>
ST_1 : Operation 965 [1/1] (0.00ns)   --->   "%p_0_7_0_0_0315_i_load = load i2 %p_0_7_0_0_0315_i"   --->   Operation 965 'load' 'p_0_7_0_0_0315_i_load' <Predicate = (icmp_ln33)> <Delay = 0.00>
ST_1 : Operation 966 [1/1] (0.00ns)   --->   "%p_0_8_0_0_0317_i_load = load i2 %p_0_8_0_0_0317_i"   --->   Operation 966 'load' 'p_0_8_0_0_0317_i_load' <Predicate = (icmp_ln33)> <Delay = 0.00>
ST_1 : Operation 967 [1/1] (0.00ns)   --->   "%p_0_9_0_0_0319_i_load = load i2 %p_0_9_0_0_0319_i"   --->   Operation 967 'load' 'p_0_9_0_0_0319_i_load' <Predicate = (icmp_ln33)> <Delay = 0.00>
ST_1 : Operation 968 [1/1] (0.00ns)   --->   "%p_0_10_0_0_0321_i_load = load i2 %p_0_10_0_0_0321_i"   --->   Operation 968 'load' 'p_0_10_0_0_0321_i_load' <Predicate = (icmp_ln33)> <Delay = 0.00>
ST_1 : Operation 969 [1/1] (0.00ns)   --->   "%p_0_11_0_0_0323_i_load = load i2 %p_0_11_0_0_0323_i"   --->   Operation 969 'load' 'p_0_11_0_0_0323_i_load' <Predicate = (icmp_ln33)> <Delay = 0.00>
ST_1 : Operation 970 [1/1] (0.00ns)   --->   "%p_0_12_0_0_0325_i_load = load i2 %p_0_12_0_0_0325_i"   --->   Operation 970 'load' 'p_0_12_0_0_0325_i_load' <Predicate = (icmp_ln33)> <Delay = 0.00>
ST_1 : Operation 971 [1/1] (0.00ns)   --->   "%p_0_13_0_0_0327_i_load = load i2 %p_0_13_0_0_0327_i"   --->   Operation 971 'load' 'p_0_13_0_0_0327_i_load' <Predicate = (icmp_ln33)> <Delay = 0.00>
ST_1 : Operation 972 [1/1] (0.00ns)   --->   "%p_0_15_0_0_0329_i_load = load i2 %p_0_15_0_0_0329_i"   --->   Operation 972 'load' 'p_0_15_0_0_0329_i_load' <Predicate = (icmp_ln33)> <Delay = 0.00>
ST_1 : Operation 973 [1/1] (0.00ns)   --->   "%p_0_0_0_0_0331_i_load = load i2 %p_0_0_0_0_0331_i"   --->   Operation 973 'load' 'p_0_0_0_0_0331_i_load' <Predicate = (icmp_ln33)> <Delay = 0.00>
ST_1 : Operation 974 [1/1] (0.00ns)   --->   "%p_0_1_0_0_0333_i_load = load i2 %p_0_1_0_0_0333_i"   --->   Operation 974 'load' 'p_0_1_0_0_0333_i_load' <Predicate = (icmp_ln33)> <Delay = 0.00>
ST_1 : Operation 975 [1/1] (0.00ns)   --->   "%p_0_2_0_0_0335_i_load = load i2 %p_0_2_0_0_0335_i"   --->   Operation 975 'load' 'p_0_2_0_0_0335_i_load' <Predicate = (icmp_ln33)> <Delay = 0.00>
ST_1 : Operation 976 [1/1] (0.00ns)   --->   "%p_0_3_0_0_0337_i_load = load i2 %p_0_3_0_0_0337_i"   --->   Operation 976 'load' 'p_0_3_0_0_0337_i_load' <Predicate = (icmp_ln33)> <Delay = 0.00>
ST_1 : Operation 977 [1/1] (0.00ns)   --->   "%p_0_4_0_0_0339_i_load = load i2 %p_0_4_0_0_0339_i"   --->   Operation 977 'load' 'p_0_4_0_0_0339_i_load' <Predicate = (icmp_ln33)> <Delay = 0.00>
ST_1 : Operation 978 [1/1] (0.00ns)   --->   "%p_0_5_0_0_0341_i_load = load i2 %p_0_5_0_0_0341_i"   --->   Operation 978 'load' 'p_0_5_0_0_0341_i_load' <Predicate = (icmp_ln33)> <Delay = 0.00>
ST_1 : Operation 979 [1/1] (0.00ns)   --->   "%p_0_6_0_0_0343_i_load = load i2 %p_0_6_0_0_0343_i"   --->   Operation 979 'load' 'p_0_6_0_0_0343_i_load' <Predicate = (icmp_ln33)> <Delay = 0.00>
ST_1 : Operation 980 [1/1] (0.00ns)   --->   "%p_0_7_0_0_0345_i_load = load i2 %p_0_7_0_0_0345_i"   --->   Operation 980 'load' 'p_0_7_0_0_0345_i_load' <Predicate = (icmp_ln33)> <Delay = 0.00>
ST_1 : Operation 981 [1/1] (0.00ns)   --->   "%p_0_8_0_0_0347_i_load = load i2 %p_0_8_0_0_0347_i"   --->   Operation 981 'load' 'p_0_8_0_0_0347_i_load' <Predicate = (icmp_ln33)> <Delay = 0.00>
ST_1 : Operation 982 [1/1] (0.00ns)   --->   "%p_0_9_0_0_0349_i_load = load i2 %p_0_9_0_0_0349_i"   --->   Operation 982 'load' 'p_0_9_0_0_0349_i_load' <Predicate = (icmp_ln33)> <Delay = 0.00>
ST_1 : Operation 983 [1/1] (0.00ns)   --->   "%p_0_10_0_0_0351_i_load = load i2 %p_0_10_0_0_0351_i"   --->   Operation 983 'load' 'p_0_10_0_0_0351_i_load' <Predicate = (icmp_ln33)> <Delay = 0.00>
ST_1 : Operation 984 [1/1] (0.00ns)   --->   "%p_0_11_0_0_0353_i_load = load i2 %p_0_11_0_0_0353_i"   --->   Operation 984 'load' 'p_0_11_0_0_0353_i_load' <Predicate = (icmp_ln33)> <Delay = 0.00>
ST_1 : Operation 985 [1/1] (0.00ns)   --->   "%p_0_12_0_0_0355_i_load = load i2 %p_0_12_0_0_0355_i"   --->   Operation 985 'load' 'p_0_12_0_0_0355_i_load' <Predicate = (icmp_ln33)> <Delay = 0.00>
ST_1 : Operation 986 [1/1] (0.00ns)   --->   "%p_0_13_0_0_0357_i_load = load i2 %p_0_13_0_0_0357_i"   --->   Operation 986 'load' 'p_0_13_0_0_0357_i_load' <Predicate = (icmp_ln33)> <Delay = 0.00>
ST_1 : Operation 987 [1/1] (0.00ns)   --->   "%p_0_15_0_0_0359_i_load = load i2 %p_0_15_0_0_0359_i"   --->   Operation 987 'load' 'p_0_15_0_0_0359_i_load' <Predicate = (icmp_ln33)> <Delay = 0.00>
ST_1 : Operation 988 [1/1] (0.00ns)   --->   "%p_0_0_0_0_0361_i_load = load i2 %p_0_0_0_0_0361_i"   --->   Operation 988 'load' 'p_0_0_0_0_0361_i_load' <Predicate = (icmp_ln33)> <Delay = 0.00>
ST_1 : Operation 989 [1/1] (0.00ns)   --->   "%p_0_1_0_0_0363_i_load = load i2 %p_0_1_0_0_0363_i"   --->   Operation 989 'load' 'p_0_1_0_0_0363_i_load' <Predicate = (icmp_ln33)> <Delay = 0.00>
ST_1 : Operation 990 [1/1] (0.00ns)   --->   "%p_0_2_0_0_0365_i_load = load i2 %p_0_2_0_0_0365_i"   --->   Operation 990 'load' 'p_0_2_0_0_0365_i_load' <Predicate = (icmp_ln33)> <Delay = 0.00>
ST_1 : Operation 991 [1/1] (0.00ns)   --->   "%p_0_3_0_0_0367_i_load = load i2 %p_0_3_0_0_0367_i"   --->   Operation 991 'load' 'p_0_3_0_0_0367_i_load' <Predicate = (icmp_ln33)> <Delay = 0.00>
ST_1 : Operation 992 [1/1] (0.00ns)   --->   "%p_0_4_0_0_0369_i_load = load i2 %p_0_4_0_0_0369_i"   --->   Operation 992 'load' 'p_0_4_0_0_0369_i_load' <Predicate = (icmp_ln33)> <Delay = 0.00>
ST_1 : Operation 993 [1/1] (0.00ns)   --->   "%p_0_5_0_0_0371_i_load = load i2 %p_0_5_0_0_0371_i"   --->   Operation 993 'load' 'p_0_5_0_0_0371_i_load' <Predicate = (icmp_ln33)> <Delay = 0.00>
ST_1 : Operation 994 [1/1] (0.00ns)   --->   "%p_0_6_0_0_0373_i_load = load i2 %p_0_6_0_0_0373_i"   --->   Operation 994 'load' 'p_0_6_0_0_0373_i_load' <Predicate = (icmp_ln33)> <Delay = 0.00>
ST_1 : Operation 995 [1/1] (0.00ns)   --->   "%p_0_7_0_0_0375_i_load = load i2 %p_0_7_0_0_0375_i"   --->   Operation 995 'load' 'p_0_7_0_0_0375_i_load' <Predicate = (icmp_ln33)> <Delay = 0.00>
ST_1 : Operation 996 [1/1] (0.00ns)   --->   "%p_0_8_0_0_0377_i_load = load i2 %p_0_8_0_0_0377_i"   --->   Operation 996 'load' 'p_0_8_0_0_0377_i_load' <Predicate = (icmp_ln33)> <Delay = 0.00>
ST_1 : Operation 997 [1/1] (0.00ns)   --->   "%p_0_9_0_0_0379_i_load = load i2 %p_0_9_0_0_0379_i"   --->   Operation 997 'load' 'p_0_9_0_0_0379_i_load' <Predicate = (icmp_ln33)> <Delay = 0.00>
ST_1 : Operation 998 [1/1] (0.00ns)   --->   "%p_0_10_0_0_0381_i_load = load i2 %p_0_10_0_0_0381_i"   --->   Operation 998 'load' 'p_0_10_0_0_0381_i_load' <Predicate = (icmp_ln33)> <Delay = 0.00>
ST_1 : Operation 999 [1/1] (0.00ns)   --->   "%p_0_11_0_0_0383_i_load = load i2 %p_0_11_0_0_0383_i"   --->   Operation 999 'load' 'p_0_11_0_0_0383_i_load' <Predicate = (icmp_ln33)> <Delay = 0.00>
ST_1 : Operation 1000 [1/1] (0.00ns)   --->   "%p_0_12_0_0_0385_i_load = load i2 %p_0_12_0_0_0385_i"   --->   Operation 1000 'load' 'p_0_12_0_0_0385_i_load' <Predicate = (icmp_ln33)> <Delay = 0.00>
ST_1 : Operation 1001 [1/1] (0.00ns)   --->   "%p_0_13_0_0_0387_i_load = load i2 %p_0_13_0_0_0387_i"   --->   Operation 1001 'load' 'p_0_13_0_0_0387_i_load' <Predicate = (icmp_ln33)> <Delay = 0.00>
ST_1 : Operation 1002 [1/1] (0.00ns)   --->   "%p_0_15_0_0_0389_i_load = load i2 %p_0_15_0_0_0389_i"   --->   Operation 1002 'load' 'p_0_15_0_0_0389_i_load' <Predicate = (icmp_ln33)> <Delay = 0.00>
ST_1 : Operation 1003 [1/1] (0.00ns)   --->   "%p_0_0_0_0_0391_i_load = load i2 %p_0_0_0_0_0391_i"   --->   Operation 1003 'load' 'p_0_0_0_0_0391_i_load' <Predicate = (icmp_ln33)> <Delay = 0.00>
ST_1 : Operation 1004 [1/1] (0.00ns)   --->   "%p_0_1_0_0_0393_i_load = load i2 %p_0_1_0_0_0393_i"   --->   Operation 1004 'load' 'p_0_1_0_0_0393_i_load' <Predicate = (icmp_ln33)> <Delay = 0.00>
ST_1 : Operation 1005 [1/1] (0.00ns)   --->   "%p_0_2_0_0_0395_i_load = load i2 %p_0_2_0_0_0395_i"   --->   Operation 1005 'load' 'p_0_2_0_0_0395_i_load' <Predicate = (icmp_ln33)> <Delay = 0.00>
ST_1 : Operation 1006 [1/1] (0.00ns)   --->   "%p_0_3_0_0_0397_i_load = load i2 %p_0_3_0_0_0397_i"   --->   Operation 1006 'load' 'p_0_3_0_0_0397_i_load' <Predicate = (icmp_ln33)> <Delay = 0.00>
ST_1 : Operation 1007 [1/1] (0.00ns)   --->   "%p_0_4_0_0_0399_i_load = load i2 %p_0_4_0_0_0399_i"   --->   Operation 1007 'load' 'p_0_4_0_0_0399_i_load' <Predicate = (icmp_ln33)> <Delay = 0.00>
ST_1 : Operation 1008 [1/1] (0.00ns)   --->   "%p_0_5_0_0_0401_i_load = load i2 %p_0_5_0_0_0401_i"   --->   Operation 1008 'load' 'p_0_5_0_0_0401_i_load' <Predicate = (icmp_ln33)> <Delay = 0.00>
ST_1 : Operation 1009 [1/1] (0.00ns)   --->   "%p_0_6_0_0_0403_i_load = load i2 %p_0_6_0_0_0403_i"   --->   Operation 1009 'load' 'p_0_6_0_0_0403_i_load' <Predicate = (icmp_ln33)> <Delay = 0.00>
ST_1 : Operation 1010 [1/1] (0.00ns)   --->   "%p_0_7_0_0_0405_i_load = load i2 %p_0_7_0_0_0405_i"   --->   Operation 1010 'load' 'p_0_7_0_0_0405_i_load' <Predicate = (icmp_ln33)> <Delay = 0.00>
ST_1 : Operation 1011 [1/1] (0.00ns)   --->   "%p_0_8_0_0_0407_i_load = load i2 %p_0_8_0_0_0407_i"   --->   Operation 1011 'load' 'p_0_8_0_0_0407_i_load' <Predicate = (icmp_ln33)> <Delay = 0.00>
ST_1 : Operation 1012 [1/1] (0.00ns)   --->   "%p_0_9_0_0_0409_i_load = load i2 %p_0_9_0_0_0409_i"   --->   Operation 1012 'load' 'p_0_9_0_0_0409_i_load' <Predicate = (icmp_ln33)> <Delay = 0.00>
ST_1 : Operation 1013 [1/1] (0.00ns)   --->   "%p_0_10_0_0_0411_i_load = load i2 %p_0_10_0_0_0411_i"   --->   Operation 1013 'load' 'p_0_10_0_0_0411_i_load' <Predicate = (icmp_ln33)> <Delay = 0.00>
ST_1 : Operation 1014 [1/1] (0.00ns)   --->   "%p_0_11_0_0_0413_i_load = load i2 %p_0_11_0_0_0413_i"   --->   Operation 1014 'load' 'p_0_11_0_0_0413_i_load' <Predicate = (icmp_ln33)> <Delay = 0.00>
ST_1 : Operation 1015 [1/1] (0.00ns)   --->   "%p_0_12_0_0_0415_i_load = load i2 %p_0_12_0_0_0415_i"   --->   Operation 1015 'load' 'p_0_12_0_0_0415_i_load' <Predicate = (icmp_ln33)> <Delay = 0.00>
ST_1 : Operation 1016 [1/1] (0.00ns)   --->   "%p_0_13_0_0_0417_i_load = load i2 %p_0_13_0_0_0417_i"   --->   Operation 1016 'load' 'p_0_13_0_0_0417_i_load' <Predicate = (icmp_ln33)> <Delay = 0.00>
ST_1 : Operation 1017 [1/1] (0.00ns)   --->   "%p_0_15_0_0_0419_i_load = load i2 %p_0_15_0_0_0419_i"   --->   Operation 1017 'load' 'p_0_15_0_0_0419_i_load' <Predicate = (icmp_ln33)> <Delay = 0.00>
ST_1 : Operation 1018 [1/1] (0.00ns)   --->   "%p_0_0_0_0_0421_i_load = load i2 %p_0_0_0_0_0421_i"   --->   Operation 1018 'load' 'p_0_0_0_0_0421_i_load' <Predicate = (icmp_ln33)> <Delay = 0.00>
ST_1 : Operation 1019 [1/1] (0.00ns)   --->   "%p_0_1_0_0_0423_i_load = load i2 %p_0_1_0_0_0423_i"   --->   Operation 1019 'load' 'p_0_1_0_0_0423_i_load' <Predicate = (icmp_ln33)> <Delay = 0.00>
ST_1 : Operation 1020 [1/1] (0.00ns)   --->   "%p_0_2_0_0_0425_i_load = load i2 %p_0_2_0_0_0425_i"   --->   Operation 1020 'load' 'p_0_2_0_0_0425_i_load' <Predicate = (icmp_ln33)> <Delay = 0.00>
ST_1 : Operation 1021 [1/1] (0.00ns)   --->   "%p_0_3_0_0_0427_i_load = load i2 %p_0_3_0_0_0427_i"   --->   Operation 1021 'load' 'p_0_3_0_0_0427_i_load' <Predicate = (icmp_ln33)> <Delay = 0.00>
ST_1 : Operation 1022 [1/1] (0.00ns)   --->   "%p_0_4_0_0_0429_i_load = load i2 %p_0_4_0_0_0429_i"   --->   Operation 1022 'load' 'p_0_4_0_0_0429_i_load' <Predicate = (icmp_ln33)> <Delay = 0.00>
ST_1 : Operation 1023 [1/1] (0.00ns)   --->   "%p_0_5_0_0_0431_i_load = load i2 %p_0_5_0_0_0431_i"   --->   Operation 1023 'load' 'p_0_5_0_0_0431_i_load' <Predicate = (icmp_ln33)> <Delay = 0.00>
ST_1 : Operation 1024 [1/1] (0.00ns)   --->   "%p_0_6_0_0_0433_i_load = load i2 %p_0_6_0_0_0433_i"   --->   Operation 1024 'load' 'p_0_6_0_0_0433_i_load' <Predicate = (icmp_ln33)> <Delay = 0.00>
ST_1 : Operation 1025 [1/1] (0.00ns)   --->   "%p_0_7_0_0_0435_i_load = load i2 %p_0_7_0_0_0435_i"   --->   Operation 1025 'load' 'p_0_7_0_0_0435_i_load' <Predicate = (icmp_ln33)> <Delay = 0.00>
ST_1 : Operation 1026 [1/1] (0.00ns)   --->   "%p_0_8_0_0_0437_i_load = load i2 %p_0_8_0_0_0437_i"   --->   Operation 1026 'load' 'p_0_8_0_0_0437_i_load' <Predicate = (icmp_ln33)> <Delay = 0.00>
ST_1 : Operation 1027 [1/1] (0.00ns)   --->   "%p_0_9_0_0_0439_i_load = load i2 %p_0_9_0_0_0439_i"   --->   Operation 1027 'load' 'p_0_9_0_0_0439_i_load' <Predicate = (icmp_ln33)> <Delay = 0.00>
ST_1 : Operation 1028 [1/1] (0.00ns)   --->   "%p_0_10_0_0_0441_i_load = load i2 %p_0_10_0_0_0441_i"   --->   Operation 1028 'load' 'p_0_10_0_0_0441_i_load' <Predicate = (icmp_ln33)> <Delay = 0.00>
ST_1 : Operation 1029 [1/1] (0.00ns)   --->   "%p_0_11_0_0_0443_i_load = load i2 %p_0_11_0_0_0443_i"   --->   Operation 1029 'load' 'p_0_11_0_0_0443_i_load' <Predicate = (icmp_ln33)> <Delay = 0.00>
ST_1 : Operation 1030 [1/1] (0.00ns)   --->   "%p_0_12_0_0_0445_i_load = load i2 %p_0_12_0_0_0445_i"   --->   Operation 1030 'load' 'p_0_12_0_0_0445_i_load' <Predicate = (icmp_ln33)> <Delay = 0.00>
ST_1 : Operation 1031 [1/1] (0.00ns)   --->   "%p_0_13_0_0_0447_i_load = load i2 %p_0_13_0_0_0447_i"   --->   Operation 1031 'load' 'p_0_13_0_0_0447_i_load' <Predicate = (icmp_ln33)> <Delay = 0.00>
ST_1 : Operation 1032 [1/1] (0.00ns)   --->   "%p_0_15_0_0_0449_i_load = load i2 %p_0_15_0_0_0449_i"   --->   Operation 1032 'load' 'p_0_15_0_0_0449_i_load' <Predicate = (icmp_ln33)> <Delay = 0.00>
ST_1 : Operation 1033 [1/1] (0.00ns)   --->   "%p_0_0_0_0_0451_i_load = load i2 %p_0_0_0_0_0451_i"   --->   Operation 1033 'load' 'p_0_0_0_0_0451_i_load' <Predicate = (icmp_ln33)> <Delay = 0.00>
ST_1 : Operation 1034 [1/1] (0.00ns)   --->   "%p_0_1_0_0_0453_i_load = load i2 %p_0_1_0_0_0453_i"   --->   Operation 1034 'load' 'p_0_1_0_0_0453_i_load' <Predicate = (icmp_ln33)> <Delay = 0.00>
ST_1 : Operation 1035 [1/1] (0.00ns)   --->   "%p_0_2_0_0_0455_i_load = load i2 %p_0_2_0_0_0455_i"   --->   Operation 1035 'load' 'p_0_2_0_0_0455_i_load' <Predicate = (icmp_ln33)> <Delay = 0.00>
ST_1 : Operation 1036 [1/1] (0.00ns)   --->   "%p_0_3_0_0_0457_i_load = load i2 %p_0_3_0_0_0457_i"   --->   Operation 1036 'load' 'p_0_3_0_0_0457_i_load' <Predicate = (icmp_ln33)> <Delay = 0.00>
ST_1 : Operation 1037 [1/1] (0.00ns)   --->   "%p_0_4_0_0_0459_i_load = load i2 %p_0_4_0_0_0459_i"   --->   Operation 1037 'load' 'p_0_4_0_0_0459_i_load' <Predicate = (icmp_ln33)> <Delay = 0.00>
ST_1 : Operation 1038 [1/1] (0.00ns)   --->   "%p_0_5_0_0_0461_i_load = load i2 %p_0_5_0_0_0461_i"   --->   Operation 1038 'load' 'p_0_5_0_0_0461_i_load' <Predicate = (icmp_ln33)> <Delay = 0.00>
ST_1 : Operation 1039 [1/1] (0.00ns)   --->   "%p_0_6_0_0_0463_i_load = load i2 %p_0_6_0_0_0463_i"   --->   Operation 1039 'load' 'p_0_6_0_0_0463_i_load' <Predicate = (icmp_ln33)> <Delay = 0.00>
ST_1 : Operation 1040 [1/1] (0.00ns)   --->   "%p_0_7_0_0_0465_i_load = load i2 %p_0_7_0_0_0465_i"   --->   Operation 1040 'load' 'p_0_7_0_0_0465_i_load' <Predicate = (icmp_ln33)> <Delay = 0.00>
ST_1 : Operation 1041 [1/1] (0.00ns)   --->   "%p_0_8_0_0_0467_i_load = load i2 %p_0_8_0_0_0467_i"   --->   Operation 1041 'load' 'p_0_8_0_0_0467_i_load' <Predicate = (icmp_ln33)> <Delay = 0.00>
ST_1 : Operation 1042 [1/1] (0.00ns)   --->   "%p_0_9_0_0_0469_i_load = load i2 %p_0_9_0_0_0469_i"   --->   Operation 1042 'load' 'p_0_9_0_0_0469_i_load' <Predicate = (icmp_ln33)> <Delay = 0.00>
ST_1 : Operation 1043 [1/1] (0.00ns)   --->   "%p_0_10_0_0_0471_i_load = load i2 %p_0_10_0_0_0471_i"   --->   Operation 1043 'load' 'p_0_10_0_0_0471_i_load' <Predicate = (icmp_ln33)> <Delay = 0.00>
ST_1 : Operation 1044 [1/1] (0.00ns)   --->   "%p_0_11_0_0_0473_i_load = load i2 %p_0_11_0_0_0473_i"   --->   Operation 1044 'load' 'p_0_11_0_0_0473_i_load' <Predicate = (icmp_ln33)> <Delay = 0.00>
ST_1 : Operation 1045 [1/1] (0.00ns)   --->   "%p_0_12_0_0_0475_i_load = load i2 %p_0_12_0_0_0475_i"   --->   Operation 1045 'load' 'p_0_12_0_0_0475_i_load' <Predicate = (icmp_ln33)> <Delay = 0.00>
ST_1 : Operation 1046 [1/1] (0.00ns)   --->   "%p_0_13_0_0_0477_i_load = load i2 %p_0_13_0_0_0477_i"   --->   Operation 1046 'load' 'p_0_13_0_0_0477_i_load' <Predicate = (icmp_ln33)> <Delay = 0.00>
ST_1 : Operation 1047 [1/1] (0.00ns)   --->   "%p_0_15_0_0_0479_i_load = load i2 %p_0_15_0_0_0479_i"   --->   Operation 1047 'load' 'p_0_15_0_0_0479_i_load' <Predicate = (icmp_ln33)> <Delay = 0.00>
ST_1 : Operation 1048 [1/1] (0.00ns)   --->   "%p_0_0_0_0_0481_i_load = load i2 %p_0_0_0_0_0481_i"   --->   Operation 1048 'load' 'p_0_0_0_0_0481_i_load' <Predicate = (icmp_ln33)> <Delay = 0.00>
ST_1 : Operation 1049 [1/1] (0.00ns)   --->   "%p_0_1_0_0_0483_i_load = load i2 %p_0_1_0_0_0483_i"   --->   Operation 1049 'load' 'p_0_1_0_0_0483_i_load' <Predicate = (icmp_ln33)> <Delay = 0.00>
ST_1 : Operation 1050 [1/1] (0.00ns)   --->   "%p_0_2_0_0_0485_i_load = load i2 %p_0_2_0_0_0485_i"   --->   Operation 1050 'load' 'p_0_2_0_0_0485_i_load' <Predicate = (icmp_ln33)> <Delay = 0.00>
ST_1 : Operation 1051 [1/1] (0.00ns)   --->   "%p_0_3_0_0_0487_i_load = load i2 %p_0_3_0_0_0487_i"   --->   Operation 1051 'load' 'p_0_3_0_0_0487_i_load' <Predicate = (icmp_ln33)> <Delay = 0.00>
ST_1 : Operation 1052 [1/1] (0.00ns)   --->   "%p_0_4_0_0_0489_i_load = load i2 %p_0_4_0_0_0489_i"   --->   Operation 1052 'load' 'p_0_4_0_0_0489_i_load' <Predicate = (icmp_ln33)> <Delay = 0.00>
ST_1 : Operation 1053 [1/1] (0.00ns)   --->   "%p_0_5_0_0_0491_i_load = load i2 %p_0_5_0_0_0491_i"   --->   Operation 1053 'load' 'p_0_5_0_0_0491_i_load' <Predicate = (icmp_ln33)> <Delay = 0.00>
ST_1 : Operation 1054 [1/1] (0.00ns)   --->   "%p_0_6_0_0_0493_i_load = load i2 %p_0_6_0_0_0493_i"   --->   Operation 1054 'load' 'p_0_6_0_0_0493_i_load' <Predicate = (icmp_ln33)> <Delay = 0.00>
ST_1 : Operation 1055 [1/1] (0.00ns)   --->   "%p_0_7_0_0_0495_i_load = load i2 %p_0_7_0_0_0495_i"   --->   Operation 1055 'load' 'p_0_7_0_0_0495_i_load' <Predicate = (icmp_ln33)> <Delay = 0.00>
ST_1 : Operation 1056 [1/1] (0.00ns)   --->   "%p_0_8_0_0_0497_i_load = load i2 %p_0_8_0_0_0497_i"   --->   Operation 1056 'load' 'p_0_8_0_0_0497_i_load' <Predicate = (icmp_ln33)> <Delay = 0.00>
ST_1 : Operation 1057 [1/1] (0.00ns)   --->   "%p_0_9_0_0_0499_i_load = load i2 %p_0_9_0_0_0499_i"   --->   Operation 1057 'load' 'p_0_9_0_0_0499_i_load' <Predicate = (icmp_ln33)> <Delay = 0.00>
ST_1 : Operation 1058 [1/1] (0.00ns)   --->   "%p_0_10_0_0_0501_i_load = load i2 %p_0_10_0_0_0501_i"   --->   Operation 1058 'load' 'p_0_10_0_0_0501_i_load' <Predicate = (icmp_ln33)> <Delay = 0.00>
ST_1 : Operation 1059 [1/1] (0.00ns)   --->   "%p_0_11_0_0_0503_i_load = load i2 %p_0_11_0_0_0503_i"   --->   Operation 1059 'load' 'p_0_11_0_0_0503_i_load' <Predicate = (icmp_ln33)> <Delay = 0.00>
ST_1 : Operation 1060 [1/1] (0.00ns)   --->   "%p_0_12_0_0_0505_i_load = load i2 %p_0_12_0_0_0505_i"   --->   Operation 1060 'load' 'p_0_12_0_0_0505_i_load' <Predicate = (icmp_ln33)> <Delay = 0.00>
ST_1 : Operation 1061 [1/1] (0.00ns)   --->   "%p_0_13_0_0_0507_i_load = load i2 %p_0_13_0_0_0507_i"   --->   Operation 1061 'load' 'p_0_13_0_0_0507_i_load' <Predicate = (icmp_ln33)> <Delay = 0.00>
ST_1 : Operation 1062 [1/1] (0.00ns)   --->   "%p_0_15_0_0_0509_i_load = load i2 %p_0_15_0_0_0509_i"   --->   Operation 1062 'load' 'p_0_15_0_0_0509_i_load' <Predicate = (icmp_ln33)> <Delay = 0.00>
ST_1 : Operation 1063 [1/1] (0.00ns)   --->   "%p_0_0_0_0_0511_i_load = load i2 %p_0_0_0_0_0511_i"   --->   Operation 1063 'load' 'p_0_0_0_0_0511_i_load' <Predicate = (icmp_ln33)> <Delay = 0.00>
ST_1 : Operation 1064 [1/1] (0.00ns)   --->   "%p_0_1_0_0_0513_i_load = load i2 %p_0_1_0_0_0513_i"   --->   Operation 1064 'load' 'p_0_1_0_0_0513_i_load' <Predicate = (icmp_ln33)> <Delay = 0.00>
ST_1 : Operation 1065 [1/1] (0.00ns)   --->   "%p_0_2_0_0_0515_i_load = load i2 %p_0_2_0_0_0515_i"   --->   Operation 1065 'load' 'p_0_2_0_0_0515_i_load' <Predicate = (icmp_ln33)> <Delay = 0.00>
ST_1 : Operation 1066 [1/1] (0.00ns)   --->   "%p_0_3_0_0_0517_i_load = load i2 %p_0_3_0_0_0517_i"   --->   Operation 1066 'load' 'p_0_3_0_0_0517_i_load' <Predicate = (icmp_ln33)> <Delay = 0.00>
ST_1 : Operation 1067 [1/1] (0.00ns)   --->   "%p_0_4_0_0_0519_i_load = load i2 %p_0_4_0_0_0519_i"   --->   Operation 1067 'load' 'p_0_4_0_0_0519_i_load' <Predicate = (icmp_ln33)> <Delay = 0.00>
ST_1 : Operation 1068 [1/1] (0.00ns)   --->   "%p_0_5_0_0_0521_i_load = load i2 %p_0_5_0_0_0521_i"   --->   Operation 1068 'load' 'p_0_5_0_0_0521_i_load' <Predicate = (icmp_ln33)> <Delay = 0.00>
ST_1 : Operation 1069 [1/1] (0.00ns)   --->   "%p_0_6_0_0_0523_i_load = load i2 %p_0_6_0_0_0523_i"   --->   Operation 1069 'load' 'p_0_6_0_0_0523_i_load' <Predicate = (icmp_ln33)> <Delay = 0.00>
ST_1 : Operation 1070 [1/1] (0.00ns)   --->   "%p_0_7_0_0_0525_i_load = load i2 %p_0_7_0_0_0525_i"   --->   Operation 1070 'load' 'p_0_7_0_0_0525_i_load' <Predicate = (icmp_ln33)> <Delay = 0.00>
ST_1 : Operation 1071 [1/1] (0.00ns)   --->   "%p_0_8_0_0_0527_i_load = load i2 %p_0_8_0_0_0527_i"   --->   Operation 1071 'load' 'p_0_8_0_0_0527_i_load' <Predicate = (icmp_ln33)> <Delay = 0.00>
ST_1 : Operation 1072 [1/1] (0.00ns)   --->   "%p_0_9_0_0_0529_i_load = load i2 %p_0_9_0_0_0529_i"   --->   Operation 1072 'load' 'p_0_9_0_0_0529_i_load' <Predicate = (icmp_ln33)> <Delay = 0.00>
ST_1 : Operation 1073 [1/1] (0.00ns)   --->   "%p_0_10_0_0_0531_i_load = load i2 %p_0_10_0_0_0531_i"   --->   Operation 1073 'load' 'p_0_10_0_0_0531_i_load' <Predicate = (icmp_ln33)> <Delay = 0.00>
ST_1 : Operation 1074 [1/1] (0.00ns)   --->   "%p_0_11_0_0_0533_i_load = load i2 %p_0_11_0_0_0533_i"   --->   Operation 1074 'load' 'p_0_11_0_0_0533_i_load' <Predicate = (icmp_ln33)> <Delay = 0.00>
ST_1 : Operation 1075 [1/1] (0.00ns)   --->   "%p_0_12_0_0_0535_i_load = load i2 %p_0_12_0_0_0535_i"   --->   Operation 1075 'load' 'p_0_12_0_0_0535_i_load' <Predicate = (icmp_ln33)> <Delay = 0.00>
ST_1 : Operation 1076 [1/1] (0.00ns)   --->   "%p_0_13_0_0_0537_i_load = load i2 %p_0_13_0_0_0537_i"   --->   Operation 1076 'load' 'p_0_13_0_0_0537_i_load' <Predicate = (icmp_ln33)> <Delay = 0.00>
ST_1 : Operation 1077 [1/1] (0.00ns)   --->   "%p_0_15_0_0_0539_i_load = load i2 %p_0_15_0_0_0539_i"   --->   Operation 1077 'load' 'p_0_15_0_0_0539_i_load' <Predicate = (icmp_ln33)> <Delay = 0.00>
ST_1 : Operation 1078 [1/1] (0.00ns)   --->   "%p_0_0_0_0_0541_i_load = load i2 %p_0_0_0_0_0541_i"   --->   Operation 1078 'load' 'p_0_0_0_0_0541_i_load' <Predicate = (icmp_ln33)> <Delay = 0.00>
ST_1 : Operation 1079 [1/1] (0.00ns)   --->   "%p_0_1_0_0_0543_i_load = load i2 %p_0_1_0_0_0543_i"   --->   Operation 1079 'load' 'p_0_1_0_0_0543_i_load' <Predicate = (icmp_ln33)> <Delay = 0.00>
ST_1 : Operation 1080 [1/1] (0.00ns)   --->   "%p_0_2_0_0_0545_i_load = load i2 %p_0_2_0_0_0545_i"   --->   Operation 1080 'load' 'p_0_2_0_0_0545_i_load' <Predicate = (icmp_ln33)> <Delay = 0.00>
ST_1 : Operation 1081 [1/1] (0.00ns)   --->   "%p_0_3_0_0_0547_i_load = load i2 %p_0_3_0_0_0547_i"   --->   Operation 1081 'load' 'p_0_3_0_0_0547_i_load' <Predicate = (icmp_ln33)> <Delay = 0.00>
ST_1 : Operation 1082 [1/1] (0.00ns)   --->   "%p_0_4_0_0_0549_i_load = load i2 %p_0_4_0_0_0549_i"   --->   Operation 1082 'load' 'p_0_4_0_0_0549_i_load' <Predicate = (icmp_ln33)> <Delay = 0.00>
ST_1 : Operation 1083 [1/1] (0.00ns)   --->   "%p_0_5_0_0_0551_i_load = load i2 %p_0_5_0_0_0551_i"   --->   Operation 1083 'load' 'p_0_5_0_0_0551_i_load' <Predicate = (icmp_ln33)> <Delay = 0.00>
ST_1 : Operation 1084 [1/1] (0.00ns)   --->   "%p_0_6_0_0_0553_i_load = load i2 %p_0_6_0_0_0553_i"   --->   Operation 1084 'load' 'p_0_6_0_0_0553_i_load' <Predicate = (icmp_ln33)> <Delay = 0.00>
ST_1 : Operation 1085 [1/1] (0.00ns)   --->   "%p_0_7_0_0_0555_i_load = load i2 %p_0_7_0_0_0555_i"   --->   Operation 1085 'load' 'p_0_7_0_0_0555_i_load' <Predicate = (icmp_ln33)> <Delay = 0.00>
ST_1 : Operation 1086 [1/1] (0.00ns)   --->   "%p_0_8_0_0_0557_i_load = load i2 %p_0_8_0_0_0557_i"   --->   Operation 1086 'load' 'p_0_8_0_0_0557_i_load' <Predicate = (icmp_ln33)> <Delay = 0.00>
ST_1 : Operation 1087 [1/1] (0.00ns)   --->   "%p_0_9_0_0_0559_i_load = load i2 %p_0_9_0_0_0559_i"   --->   Operation 1087 'load' 'p_0_9_0_0_0559_i_load' <Predicate = (icmp_ln33)> <Delay = 0.00>
ST_1 : Operation 1088 [1/1] (0.00ns)   --->   "%p_0_10_0_0_0561_i_load = load i2 %p_0_10_0_0_0561_i"   --->   Operation 1088 'load' 'p_0_10_0_0_0561_i_load' <Predicate = (icmp_ln33)> <Delay = 0.00>
ST_1 : Operation 1089 [1/1] (0.00ns)   --->   "%p_0_11_0_0_0563_i_load = load i2 %p_0_11_0_0_0563_i"   --->   Operation 1089 'load' 'p_0_11_0_0_0563_i_load' <Predicate = (icmp_ln33)> <Delay = 0.00>
ST_1 : Operation 1090 [1/1] (0.00ns)   --->   "%p_0_12_0_0_0565_i_load = load i2 %p_0_12_0_0_0565_i"   --->   Operation 1090 'load' 'p_0_12_0_0_0565_i_load' <Predicate = (icmp_ln33)> <Delay = 0.00>
ST_1 : Operation 1091 [1/1] (0.00ns)   --->   "%p_0_13_0_0_0567_i_load = load i2 %p_0_13_0_0_0567_i"   --->   Operation 1091 'load' 'p_0_13_0_0_0567_i_load' <Predicate = (icmp_ln33)> <Delay = 0.00>
ST_1 : Operation 1092 [1/1] (0.00ns)   --->   "%p_0_15_0_0_0569_i_load = load i2 %p_0_15_0_0_0569_i"   --->   Operation 1092 'load' 'p_0_15_0_0_0569_i_load' <Predicate = (icmp_ln33)> <Delay = 0.00>
ST_1 : Operation 1093 [1/1] (0.00ns)   --->   "%p_0_0_0_0_0571_i_load = load i2 %p_0_0_0_0_0571_i"   --->   Operation 1093 'load' 'p_0_0_0_0_0571_i_load' <Predicate = (icmp_ln33)> <Delay = 0.00>
ST_1 : Operation 1094 [1/1] (0.00ns)   --->   "%p_0_1_0_0_0573_i_load = load i2 %p_0_1_0_0_0573_i"   --->   Operation 1094 'load' 'p_0_1_0_0_0573_i_load' <Predicate = (icmp_ln33)> <Delay = 0.00>
ST_1 : Operation 1095 [1/1] (0.00ns)   --->   "%p_0_2_0_0_0575_i_load = load i2 %p_0_2_0_0_0575_i"   --->   Operation 1095 'load' 'p_0_2_0_0_0575_i_load' <Predicate = (icmp_ln33)> <Delay = 0.00>
ST_1 : Operation 1096 [1/1] (0.00ns)   --->   "%p_0_3_0_0_0577_i_load = load i2 %p_0_3_0_0_0577_i"   --->   Operation 1096 'load' 'p_0_3_0_0_0577_i_load' <Predicate = (icmp_ln33)> <Delay = 0.00>
ST_1 : Operation 1097 [1/1] (0.00ns)   --->   "%p_0_4_0_0_0579_i_load = load i2 %p_0_4_0_0_0579_i"   --->   Operation 1097 'load' 'p_0_4_0_0_0579_i_load' <Predicate = (icmp_ln33)> <Delay = 0.00>
ST_1 : Operation 1098 [1/1] (0.00ns)   --->   "%p_0_5_0_0_0581_i_load = load i2 %p_0_5_0_0_0581_i"   --->   Operation 1098 'load' 'p_0_5_0_0_0581_i_load' <Predicate = (icmp_ln33)> <Delay = 0.00>
ST_1 : Operation 1099 [1/1] (0.00ns)   --->   "%p_0_6_0_0_0583_i_load = load i2 %p_0_6_0_0_0583_i"   --->   Operation 1099 'load' 'p_0_6_0_0_0583_i_load' <Predicate = (icmp_ln33)> <Delay = 0.00>
ST_1 : Operation 1100 [1/1] (0.00ns)   --->   "%p_0_7_0_0_0585_i_load = load i2 %p_0_7_0_0_0585_i"   --->   Operation 1100 'load' 'p_0_7_0_0_0585_i_load' <Predicate = (icmp_ln33)> <Delay = 0.00>
ST_1 : Operation 1101 [1/1] (0.00ns)   --->   "%p_0_8_0_0_0587_i_load = load i2 %p_0_8_0_0_0587_i"   --->   Operation 1101 'load' 'p_0_8_0_0_0587_i_load' <Predicate = (icmp_ln33)> <Delay = 0.00>
ST_1 : Operation 1102 [1/1] (0.00ns)   --->   "%p_0_9_0_0_0589_i_load = load i2 %p_0_9_0_0_0589_i"   --->   Operation 1102 'load' 'p_0_9_0_0_0589_i_load' <Predicate = (icmp_ln33)> <Delay = 0.00>
ST_1 : Operation 1103 [1/1] (0.00ns)   --->   "%p_0_10_0_0_0591_i_load = load i2 %p_0_10_0_0_0591_i"   --->   Operation 1103 'load' 'p_0_10_0_0_0591_i_load' <Predicate = (icmp_ln33)> <Delay = 0.00>
ST_1 : Operation 1104 [1/1] (0.00ns)   --->   "%p_0_11_0_0_0593_i_load = load i2 %p_0_11_0_0_0593_i"   --->   Operation 1104 'load' 'p_0_11_0_0_0593_i_load' <Predicate = (icmp_ln33)> <Delay = 0.00>
ST_1 : Operation 1105 [1/1] (0.00ns)   --->   "%p_0_12_0_0_0595_i_load = load i2 %p_0_12_0_0_0595_i"   --->   Operation 1105 'load' 'p_0_12_0_0_0595_i_load' <Predicate = (icmp_ln33)> <Delay = 0.00>
ST_1 : Operation 1106 [1/1] (0.00ns)   --->   "%p_0_13_0_0_0597_i_load = load i2 %p_0_13_0_0_0597_i"   --->   Operation 1106 'load' 'p_0_13_0_0_0597_i_load' <Predicate = (icmp_ln33)> <Delay = 0.00>
ST_1 : Operation 1107 [1/1] (0.00ns)   --->   "%p_0_15_0_0_0599_i_load = load i2 %p_0_15_0_0_0599_i"   --->   Operation 1107 'load' 'p_0_15_0_0_0599_i_load' <Predicate = (icmp_ln33)> <Delay = 0.00>
ST_1 : Operation 1108 [1/1] (0.00ns)   --->   "%p_0_0_0_0_0601_i_load = load i2 %p_0_0_0_0_0601_i"   --->   Operation 1108 'load' 'p_0_0_0_0_0601_i_load' <Predicate = (icmp_ln33)> <Delay = 0.00>
ST_1 : Operation 1109 [1/1] (0.00ns)   --->   "%p_0_1_0_0_0603_i_load = load i2 %p_0_1_0_0_0603_i"   --->   Operation 1109 'load' 'p_0_1_0_0_0603_i_load' <Predicate = (icmp_ln33)> <Delay = 0.00>
ST_1 : Operation 1110 [1/1] (0.00ns)   --->   "%p_0_2_0_0_0605_i_load = load i2 %p_0_2_0_0_0605_i"   --->   Operation 1110 'load' 'p_0_2_0_0_0605_i_load' <Predicate = (icmp_ln33)> <Delay = 0.00>
ST_1 : Operation 1111 [1/1] (0.00ns)   --->   "%p_0_3_0_0_0607_i_load = load i2 %p_0_3_0_0_0607_i"   --->   Operation 1111 'load' 'p_0_3_0_0_0607_i_load' <Predicate = (icmp_ln33)> <Delay = 0.00>
ST_1 : Operation 1112 [1/1] (0.00ns)   --->   "%p_0_4_0_0_0609_i_load = load i2 %p_0_4_0_0_0609_i"   --->   Operation 1112 'load' 'p_0_4_0_0_0609_i_load' <Predicate = (icmp_ln33)> <Delay = 0.00>
ST_1 : Operation 1113 [1/1] (0.00ns)   --->   "%p_0_5_0_0_0611_i_load = load i2 %p_0_5_0_0_0611_i"   --->   Operation 1113 'load' 'p_0_5_0_0_0611_i_load' <Predicate = (icmp_ln33)> <Delay = 0.00>
ST_1 : Operation 1114 [1/1] (0.00ns)   --->   "%p_0_6_0_0_0613_i_load = load i2 %p_0_6_0_0_0613_i"   --->   Operation 1114 'load' 'p_0_6_0_0_0613_i_load' <Predicate = (icmp_ln33)> <Delay = 0.00>
ST_1 : Operation 1115 [1/1] (0.00ns)   --->   "%p_0_7_0_0_0615_i_load = load i2 %p_0_7_0_0_0615_i"   --->   Operation 1115 'load' 'p_0_7_0_0_0615_i_load' <Predicate = (icmp_ln33)> <Delay = 0.00>
ST_1 : Operation 1116 [1/1] (0.00ns)   --->   "%p_0_8_0_0_0617_i_load = load i2 %p_0_8_0_0_0617_i"   --->   Operation 1116 'load' 'p_0_8_0_0_0617_i_load' <Predicate = (icmp_ln33)> <Delay = 0.00>
ST_1 : Operation 1117 [1/1] (0.00ns)   --->   "%p_0_9_0_0_0619_i_load = load i2 %p_0_9_0_0_0619_i"   --->   Operation 1117 'load' 'p_0_9_0_0_0619_i_load' <Predicate = (icmp_ln33)> <Delay = 0.00>
ST_1 : Operation 1118 [1/1] (0.00ns)   --->   "%p_0_10_0_0_0621_i_load = load i2 %p_0_10_0_0_0621_i"   --->   Operation 1118 'load' 'p_0_10_0_0_0621_i_load' <Predicate = (icmp_ln33)> <Delay = 0.00>
ST_1 : Operation 1119 [1/1] (0.00ns)   --->   "%p_0_11_0_0_0623_i_load = load i2 %p_0_11_0_0_0623_i"   --->   Operation 1119 'load' 'p_0_11_0_0_0623_i_load' <Predicate = (icmp_ln33)> <Delay = 0.00>
ST_1 : Operation 1120 [1/1] (0.00ns)   --->   "%p_0_12_0_0_0625_i_load = load i2 %p_0_12_0_0_0625_i"   --->   Operation 1120 'load' 'p_0_12_0_0_0625_i_load' <Predicate = (icmp_ln33)> <Delay = 0.00>
ST_1 : Operation 1121 [1/1] (0.00ns)   --->   "%p_0_13_0_0_0627_i_load = load i2 %p_0_13_0_0_0627_i"   --->   Operation 1121 'load' 'p_0_13_0_0_0627_i_load' <Predicate = (icmp_ln33)> <Delay = 0.00>
ST_1 : Operation 1122 [1/1] (0.00ns)   --->   "%p_0_15_0_0_0629_i_load = load i2 %p_0_15_0_0_0629_i"   --->   Operation 1122 'load' 'p_0_15_0_0_0629_i_load' <Predicate = (icmp_ln33)> <Delay = 0.00>
ST_1 : Operation 1123 [1/1] (0.00ns)   --->   "%p_0_0_0_0_0631_i_load = load i2 %p_0_0_0_0_0631_i"   --->   Operation 1123 'load' 'p_0_0_0_0_0631_i_load' <Predicate = (icmp_ln33)> <Delay = 0.00>
ST_1 : Operation 1124 [1/1] (0.00ns)   --->   "%p_0_1_0_0_0633_i_load = load i2 %p_0_1_0_0_0633_i"   --->   Operation 1124 'load' 'p_0_1_0_0_0633_i_load' <Predicate = (icmp_ln33)> <Delay = 0.00>
ST_1 : Operation 1125 [1/1] (0.00ns)   --->   "%p_0_2_0_0_0635_i_load = load i2 %p_0_2_0_0_0635_i"   --->   Operation 1125 'load' 'p_0_2_0_0_0635_i_load' <Predicate = (icmp_ln33)> <Delay = 0.00>
ST_1 : Operation 1126 [1/1] (0.00ns)   --->   "%p_0_3_0_0_0637_i_load = load i2 %p_0_3_0_0_0637_i"   --->   Operation 1126 'load' 'p_0_3_0_0_0637_i_load' <Predicate = (icmp_ln33)> <Delay = 0.00>
ST_1 : Operation 1127 [1/1] (0.00ns)   --->   "%p_0_4_0_0_0639_i_load = load i2 %p_0_4_0_0_0639_i"   --->   Operation 1127 'load' 'p_0_4_0_0_0639_i_load' <Predicate = (icmp_ln33)> <Delay = 0.00>
ST_1 : Operation 1128 [1/1] (0.00ns)   --->   "%p_0_5_0_0_0641_i_load = load i2 %p_0_5_0_0_0641_i"   --->   Operation 1128 'load' 'p_0_5_0_0_0641_i_load' <Predicate = (icmp_ln33)> <Delay = 0.00>
ST_1 : Operation 1129 [1/1] (0.00ns)   --->   "%p_0_6_0_0_0643_i_load = load i2 %p_0_6_0_0_0643_i"   --->   Operation 1129 'load' 'p_0_6_0_0_0643_i_load' <Predicate = (icmp_ln33)> <Delay = 0.00>
ST_1 : Operation 1130 [1/1] (0.00ns)   --->   "%p_0_7_0_0_0645_i_load = load i2 %p_0_7_0_0_0645_i"   --->   Operation 1130 'load' 'p_0_7_0_0_0645_i_load' <Predicate = (icmp_ln33)> <Delay = 0.00>
ST_1 : Operation 1131 [1/1] (0.00ns)   --->   "%p_0_8_0_0_0647_i_load = load i2 %p_0_8_0_0_0647_i"   --->   Operation 1131 'load' 'p_0_8_0_0_0647_i_load' <Predicate = (icmp_ln33)> <Delay = 0.00>
ST_1 : Operation 1132 [1/1] (0.00ns)   --->   "%p_0_9_0_0_0649_i_load = load i2 %p_0_9_0_0_0649_i"   --->   Operation 1132 'load' 'p_0_9_0_0_0649_i_load' <Predicate = (icmp_ln33)> <Delay = 0.00>
ST_1 : Operation 1133 [1/1] (0.00ns)   --->   "%p_0_10_0_0_0651_i_load = load i2 %p_0_10_0_0_0651_i"   --->   Operation 1133 'load' 'p_0_10_0_0_0651_i_load' <Predicate = (icmp_ln33)> <Delay = 0.00>
ST_1 : Operation 1134 [1/1] (0.00ns)   --->   "%p_0_11_0_0_0653_i_load = load i2 %p_0_11_0_0_0653_i"   --->   Operation 1134 'load' 'p_0_11_0_0_0653_i_load' <Predicate = (icmp_ln33)> <Delay = 0.00>
ST_1 : Operation 1135 [1/1] (0.00ns)   --->   "%p_0_12_0_0_0655_i_load = load i2 %p_0_12_0_0_0655_i"   --->   Operation 1135 'load' 'p_0_12_0_0_0655_i_load' <Predicate = (icmp_ln33)> <Delay = 0.00>
ST_1 : Operation 1136 [1/1] (0.00ns)   --->   "%p_0_13_0_0_0657_i_load = load i2 %p_0_13_0_0_0657_i"   --->   Operation 1136 'load' 'p_0_13_0_0_0657_i_load' <Predicate = (icmp_ln33)> <Delay = 0.00>
ST_1 : Operation 1137 [1/1] (0.00ns)   --->   "%p_0_15_0_0_0659_i_load = load i2 %p_0_15_0_0_0659_i"   --->   Operation 1137 'load' 'p_0_15_0_0_0659_i_load' <Predicate = (icmp_ln33)> <Delay = 0.00>
ST_1 : Operation 1138 [1/1] (0.00ns)   --->   "%p_0_0_0_0_0661_i_load = load i2 %p_0_0_0_0_0661_i"   --->   Operation 1138 'load' 'p_0_0_0_0_0661_i_load' <Predicate = (icmp_ln33)> <Delay = 0.00>
ST_1 : Operation 1139 [1/1] (0.00ns)   --->   "%p_0_1_0_0_0663_i_load = load i2 %p_0_1_0_0_0663_i"   --->   Operation 1139 'load' 'p_0_1_0_0_0663_i_load' <Predicate = (icmp_ln33)> <Delay = 0.00>
ST_1 : Operation 1140 [1/1] (0.00ns)   --->   "%p_0_2_0_0_0665_i_load = load i2 %p_0_2_0_0_0665_i"   --->   Operation 1140 'load' 'p_0_2_0_0_0665_i_load' <Predicate = (icmp_ln33)> <Delay = 0.00>
ST_1 : Operation 1141 [1/1] (0.00ns)   --->   "%p_0_3_0_0_0667_i_load = load i2 %p_0_3_0_0_0667_i"   --->   Operation 1141 'load' 'p_0_3_0_0_0667_i_load' <Predicate = (icmp_ln33)> <Delay = 0.00>
ST_1 : Operation 1142 [1/1] (0.00ns)   --->   "%p_0_4_0_0_0669_i_load = load i2 %p_0_4_0_0_0669_i"   --->   Operation 1142 'load' 'p_0_4_0_0_0669_i_load' <Predicate = (icmp_ln33)> <Delay = 0.00>
ST_1 : Operation 1143 [1/1] (0.00ns)   --->   "%p_0_5_0_0_0671_i_load = load i2 %p_0_5_0_0_0671_i"   --->   Operation 1143 'load' 'p_0_5_0_0_0671_i_load' <Predicate = (icmp_ln33)> <Delay = 0.00>
ST_1 : Operation 1144 [1/1] (0.00ns)   --->   "%p_0_6_0_0_0673_i_load = load i2 %p_0_6_0_0_0673_i"   --->   Operation 1144 'load' 'p_0_6_0_0_0673_i_load' <Predicate = (icmp_ln33)> <Delay = 0.00>
ST_1 : Operation 1145 [1/1] (0.00ns)   --->   "%p_0_7_0_0_0675_i_load = load i2 %p_0_7_0_0_0675_i"   --->   Operation 1145 'load' 'p_0_7_0_0_0675_i_load' <Predicate = (icmp_ln33)> <Delay = 0.00>
ST_1 : Operation 1146 [1/1] (0.00ns)   --->   "%p_0_8_0_0_0677_i_load = load i2 %p_0_8_0_0_0677_i"   --->   Operation 1146 'load' 'p_0_8_0_0_0677_i_load' <Predicate = (icmp_ln33)> <Delay = 0.00>
ST_1 : Operation 1147 [1/1] (0.00ns)   --->   "%p_0_9_0_0_0679_i_load = load i2 %p_0_9_0_0_0679_i"   --->   Operation 1147 'load' 'p_0_9_0_0_0679_i_load' <Predicate = (icmp_ln33)> <Delay = 0.00>
ST_1 : Operation 1148 [1/1] (0.00ns)   --->   "%p_0_10_0_0_0681_i_load = load i2 %p_0_10_0_0_0681_i"   --->   Operation 1148 'load' 'p_0_10_0_0_0681_i_load' <Predicate = (icmp_ln33)> <Delay = 0.00>
ST_1 : Operation 1149 [1/1] (0.00ns)   --->   "%p_0_11_0_0_0683_i_load = load i2 %p_0_11_0_0_0683_i"   --->   Operation 1149 'load' 'p_0_11_0_0_0683_i_load' <Predicate = (icmp_ln33)> <Delay = 0.00>
ST_1 : Operation 1150 [1/1] (0.00ns)   --->   "%p_0_12_0_0_0685_i_load = load i2 %p_0_12_0_0_0685_i"   --->   Operation 1150 'load' 'p_0_12_0_0_0685_i_load' <Predicate = (icmp_ln33)> <Delay = 0.00>
ST_1 : Operation 1151 [1/1] (0.00ns)   --->   "%p_0_13_0_0_0687_i_load = load i2 %p_0_13_0_0_0687_i"   --->   Operation 1151 'load' 'p_0_13_0_0_0687_i_load' <Predicate = (icmp_ln33)> <Delay = 0.00>
ST_1 : Operation 1152 [1/1] (0.00ns)   --->   "%p_0_15_0_0_0689_i_load = load i2 %p_0_15_0_0_0689_i"   --->   Operation 1152 'load' 'p_0_15_0_0_0689_i_load' <Predicate = (icmp_ln33)> <Delay = 0.00>
ST_1 : Operation 1153 [1/1] (0.00ns)   --->   "%p_0_0_0_0_0691_i_load = load i2 %p_0_0_0_0_0691_i"   --->   Operation 1153 'load' 'p_0_0_0_0_0691_i_load' <Predicate = (icmp_ln33)> <Delay = 0.00>
ST_1 : Operation 1154 [1/1] (0.00ns)   --->   "%p_0_1_0_0_0693_i_load = load i2 %p_0_1_0_0_0693_i"   --->   Operation 1154 'load' 'p_0_1_0_0_0693_i_load' <Predicate = (icmp_ln33)> <Delay = 0.00>
ST_1 : Operation 1155 [1/1] (0.00ns)   --->   "%p_0_2_0_0_0695_i_load = load i2 %p_0_2_0_0_0695_i"   --->   Operation 1155 'load' 'p_0_2_0_0_0695_i_load' <Predicate = (icmp_ln33)> <Delay = 0.00>
ST_1 : Operation 1156 [1/1] (0.00ns)   --->   "%p_0_3_0_0_0697_i_load = load i2 %p_0_3_0_0_0697_i"   --->   Operation 1156 'load' 'p_0_3_0_0_0697_i_load' <Predicate = (icmp_ln33)> <Delay = 0.00>
ST_1 : Operation 1157 [1/1] (0.00ns)   --->   "%p_0_4_0_0_0699_i_load = load i2 %p_0_4_0_0_0699_i"   --->   Operation 1157 'load' 'p_0_4_0_0_0699_i_load' <Predicate = (icmp_ln33)> <Delay = 0.00>
ST_1 : Operation 1158 [1/1] (0.00ns)   --->   "%p_0_5_0_0_0701_i_load = load i2 %p_0_5_0_0_0701_i"   --->   Operation 1158 'load' 'p_0_5_0_0_0701_i_load' <Predicate = (icmp_ln33)> <Delay = 0.00>
ST_1 : Operation 1159 [1/1] (0.00ns)   --->   "%p_0_6_0_0_0703_i_load = load i2 %p_0_6_0_0_0703_i"   --->   Operation 1159 'load' 'p_0_6_0_0_0703_i_load' <Predicate = (icmp_ln33)> <Delay = 0.00>
ST_1 : Operation 1160 [1/1] (0.00ns)   --->   "%p_0_7_0_0_0705_i_load = load i2 %p_0_7_0_0_0705_i"   --->   Operation 1160 'load' 'p_0_7_0_0_0705_i_load' <Predicate = (icmp_ln33)> <Delay = 0.00>
ST_1 : Operation 1161 [1/1] (0.00ns)   --->   "%p_0_8_0_0_0707_i_load = load i2 %p_0_8_0_0_0707_i"   --->   Operation 1161 'load' 'p_0_8_0_0_0707_i_load' <Predicate = (icmp_ln33)> <Delay = 0.00>
ST_1 : Operation 1162 [1/1] (0.00ns)   --->   "%p_0_9_0_0_0709_i_load = load i2 %p_0_9_0_0_0709_i"   --->   Operation 1162 'load' 'p_0_9_0_0_0709_i_load' <Predicate = (icmp_ln33)> <Delay = 0.00>
ST_1 : Operation 1163 [1/1] (0.00ns)   --->   "%p_0_10_0_0_0711_i_load = load i2 %p_0_10_0_0_0711_i"   --->   Operation 1163 'load' 'p_0_10_0_0_0711_i_load' <Predicate = (icmp_ln33)> <Delay = 0.00>
ST_1 : Operation 1164 [1/1] (0.00ns)   --->   "%p_0_12_0_0_0713_i_load = load i2 %p_0_12_0_0_0713_i"   --->   Operation 1164 'load' 'p_0_12_0_0_0713_i_load' <Predicate = (icmp_ln33)> <Delay = 0.00>
ST_1 : Operation 1165 [1/1] (0.00ns)   --->   "%p_0_13_0_0_0715_i_load = load i2 %p_0_13_0_0_0715_i"   --->   Operation 1165 'load' 'p_0_13_0_0_0715_i_load' <Predicate = (icmp_ln33)> <Delay = 0.00>
ST_1 : Operation 1166 [1/1] (0.00ns)   --->   "%p_0_15_0_0_0717_i_load = load i2 %p_0_15_0_0_0717_i"   --->   Operation 1166 'load' 'p_0_15_0_0_0717_i_load' <Predicate = (icmp_ln33)> <Delay = 0.00>
ST_1 : Operation 1167 [1/1] (0.00ns)   --->   "%p_0_0_0_0_0719_i_load = load i2 %p_0_0_0_0_0719_i"   --->   Operation 1167 'load' 'p_0_0_0_0_0719_i_load' <Predicate = (icmp_ln33)> <Delay = 0.00>
ST_1 : Operation 1168 [1/1] (0.00ns)   --->   "%p_0_1_0_0_0721_i_load = load i2 %p_0_1_0_0_0721_i"   --->   Operation 1168 'load' 'p_0_1_0_0_0721_i_load' <Predicate = (icmp_ln33)> <Delay = 0.00>
ST_1 : Operation 1169 [1/1] (0.00ns)   --->   "%p_0_2_0_0_0723_i_load = load i2 %p_0_2_0_0_0723_i"   --->   Operation 1169 'load' 'p_0_2_0_0_0723_i_load' <Predicate = (icmp_ln33)> <Delay = 0.00>
ST_1 : Operation 1170 [1/1] (0.00ns)   --->   "%p_0_3_0_0_0725_i_load = load i2 %p_0_3_0_0_0725_i"   --->   Operation 1170 'load' 'p_0_3_0_0_0725_i_load' <Predicate = (icmp_ln33)> <Delay = 0.00>
ST_1 : Operation 1171 [1/1] (0.00ns)   --->   "%p_0_4_0_0_0727_i_load = load i2 %p_0_4_0_0_0727_i"   --->   Operation 1171 'load' 'p_0_4_0_0_0727_i_load' <Predicate = (icmp_ln33)> <Delay = 0.00>
ST_1 : Operation 1172 [1/1] (0.00ns)   --->   "%p_0_5_0_0_0729_i_load = load i2 %p_0_5_0_0_0729_i"   --->   Operation 1172 'load' 'p_0_5_0_0_0729_i_load' <Predicate = (icmp_ln33)> <Delay = 0.00>
ST_1 : Operation 1173 [1/1] (0.00ns)   --->   "%p_0_6_0_0_0731_i_load = load i2 %p_0_6_0_0_0731_i"   --->   Operation 1173 'load' 'p_0_6_0_0_0731_i_load' <Predicate = (icmp_ln33)> <Delay = 0.00>
ST_1 : Operation 1174 [1/1] (0.00ns)   --->   "%p_0_7_0_0_0733_i_load = load i2 %p_0_7_0_0_0733_i"   --->   Operation 1174 'load' 'p_0_7_0_0_0733_i_load' <Predicate = (icmp_ln33)> <Delay = 0.00>
ST_1 : Operation 1175 [1/1] (0.00ns)   --->   "%p_0_8_0_0_0735_i_load = load i2 %p_0_8_0_0_0735_i"   --->   Operation 1175 'load' 'p_0_8_0_0_0735_i_load' <Predicate = (icmp_ln33)> <Delay = 0.00>
ST_1 : Operation 1176 [1/1] (0.00ns)   --->   "%p_0_9_0_0_0737_i_load = load i2 %p_0_9_0_0_0737_i"   --->   Operation 1176 'load' 'p_0_9_0_0_0737_i_load' <Predicate = (icmp_ln33)> <Delay = 0.00>
ST_1 : Operation 1177 [1/1] (0.00ns)   --->   "%p_0_10_0_0_0739_i_load = load i2 %p_0_10_0_0_0739_i"   --->   Operation 1177 'load' 'p_0_10_0_0_0739_i_load' <Predicate = (icmp_ln33)> <Delay = 0.00>
ST_1 : Operation 1178 [1/1] (0.00ns)   --->   "%p_0_11_0_0_0741_i_load = load i2 %p_0_11_0_0_0741_i"   --->   Operation 1178 'load' 'p_0_11_0_0_0741_i_load' <Predicate = (icmp_ln33)> <Delay = 0.00>
ST_1 : Operation 1179 [1/1] (0.00ns)   --->   "%p_0_12_0_0_0743_i_load = load i2 %p_0_12_0_0_0743_i"   --->   Operation 1179 'load' 'p_0_12_0_0_0743_i_load' <Predicate = (icmp_ln33)> <Delay = 0.00>
ST_1 : Operation 1180 [1/1] (0.00ns)   --->   "%p_0_13_0_0_0745_i_load = load i2 %p_0_13_0_0_0745_i"   --->   Operation 1180 'load' 'p_0_13_0_0_0745_i_load' <Predicate = (icmp_ln33)> <Delay = 0.00>
ST_1 : Operation 1181 [1/1] (0.00ns)   --->   "%p_0_15_0_0_0747_i_load = load i2 %p_0_15_0_0_0747_i"   --->   Operation 1181 'load' 'p_0_15_0_0_0747_i_load' <Predicate = (icmp_ln33)> <Delay = 0.00>
ST_1 : Operation 1182 [1/1] (0.00ns)   --->   "%write_ln0 = write void @_ssdm_op_Write.ap_auto.i2P0A, i2 %p_0_15_0_0_0747_i_out, i2 %p_0_15_0_0_0747_i_load"   --->   Operation 1182 'write' 'write_ln0' <Predicate = (icmp_ln33)> <Delay = 0.00>
ST_1 : Operation 1183 [1/1] (0.00ns)   --->   "%write_ln0 = write void @_ssdm_op_Write.ap_auto.i2P0A, i2 %p_0_13_0_0_0745_i_out, i2 %p_0_13_0_0_0745_i_load"   --->   Operation 1183 'write' 'write_ln0' <Predicate = (icmp_ln33)> <Delay = 0.00>
ST_1 : Operation 1184 [1/1] (0.00ns)   --->   "%write_ln0 = write void @_ssdm_op_Write.ap_auto.i2P0A, i2 %p_0_12_0_0_0743_i_out, i2 %p_0_12_0_0_0743_i_load"   --->   Operation 1184 'write' 'write_ln0' <Predicate = (icmp_ln33)> <Delay = 0.00>
ST_1 : Operation 1185 [1/1] (0.00ns)   --->   "%write_ln0 = write void @_ssdm_op_Write.ap_auto.i2P0A, i2 %p_0_11_0_0_0741_i_out, i2 %p_0_11_0_0_0741_i_load"   --->   Operation 1185 'write' 'write_ln0' <Predicate = (icmp_ln33)> <Delay = 0.00>
ST_1 : Operation 1186 [1/1] (0.00ns)   --->   "%write_ln0 = write void @_ssdm_op_Write.ap_auto.i2P0A, i2 %p_0_10_0_0_0739_i_out, i2 %p_0_10_0_0_0739_i_load"   --->   Operation 1186 'write' 'write_ln0' <Predicate = (icmp_ln33)> <Delay = 0.00>
ST_1 : Operation 1187 [1/1] (0.00ns)   --->   "%write_ln0 = write void @_ssdm_op_Write.ap_auto.i2P0A, i2 %p_0_9_0_0_0737_i_out, i2 %p_0_9_0_0_0737_i_load"   --->   Operation 1187 'write' 'write_ln0' <Predicate = (icmp_ln33)> <Delay = 0.00>
ST_1 : Operation 1188 [1/1] (0.00ns)   --->   "%write_ln0 = write void @_ssdm_op_Write.ap_auto.i2P0A, i2 %p_0_8_0_0_0735_i_out, i2 %p_0_8_0_0_0735_i_load"   --->   Operation 1188 'write' 'write_ln0' <Predicate = (icmp_ln33)> <Delay = 0.00>
ST_1 : Operation 1189 [1/1] (0.00ns)   --->   "%write_ln0 = write void @_ssdm_op_Write.ap_auto.i2P0A, i2 %p_0_7_0_0_0733_i_out, i2 %p_0_7_0_0_0733_i_load"   --->   Operation 1189 'write' 'write_ln0' <Predicate = (icmp_ln33)> <Delay = 0.00>
ST_1 : Operation 1190 [1/1] (0.00ns)   --->   "%write_ln0 = write void @_ssdm_op_Write.ap_auto.i2P0A, i2 %p_0_6_0_0_0731_i_out, i2 %p_0_6_0_0_0731_i_load"   --->   Operation 1190 'write' 'write_ln0' <Predicate = (icmp_ln33)> <Delay = 0.00>
ST_1 : Operation 1191 [1/1] (0.00ns)   --->   "%write_ln0 = write void @_ssdm_op_Write.ap_auto.i2P0A, i2 %p_0_5_0_0_0729_i_out, i2 %p_0_5_0_0_0729_i_load"   --->   Operation 1191 'write' 'write_ln0' <Predicate = (icmp_ln33)> <Delay = 0.00>
ST_1 : Operation 1192 [1/1] (0.00ns)   --->   "%write_ln0 = write void @_ssdm_op_Write.ap_auto.i2P0A, i2 %p_0_4_0_0_0727_i_out, i2 %p_0_4_0_0_0727_i_load"   --->   Operation 1192 'write' 'write_ln0' <Predicate = (icmp_ln33)> <Delay = 0.00>
ST_1 : Operation 1193 [1/1] (0.00ns)   --->   "%write_ln0 = write void @_ssdm_op_Write.ap_auto.i2P0A, i2 %p_0_3_0_0_0725_i_out, i2 %p_0_3_0_0_0725_i_load"   --->   Operation 1193 'write' 'write_ln0' <Predicate = (icmp_ln33)> <Delay = 0.00>
ST_1 : Operation 1194 [1/1] (0.00ns)   --->   "%write_ln0 = write void @_ssdm_op_Write.ap_auto.i2P0A, i2 %p_0_2_0_0_0723_i_out, i2 %p_0_2_0_0_0723_i_load"   --->   Operation 1194 'write' 'write_ln0' <Predicate = (icmp_ln33)> <Delay = 0.00>
ST_1 : Operation 1195 [1/1] (0.00ns)   --->   "%write_ln0 = write void @_ssdm_op_Write.ap_auto.i2P0A, i2 %p_0_1_0_0_0721_i_out, i2 %p_0_1_0_0_0721_i_load"   --->   Operation 1195 'write' 'write_ln0' <Predicate = (icmp_ln33)> <Delay = 0.00>
ST_1 : Operation 1196 [1/1] (0.00ns)   --->   "%write_ln0 = write void @_ssdm_op_Write.ap_auto.i2P0A, i2 %p_0_0_0_0_0719_i_out, i2 %p_0_0_0_0_0719_i_load"   --->   Operation 1196 'write' 'write_ln0' <Predicate = (icmp_ln33)> <Delay = 0.00>
ST_1 : Operation 1197 [1/1] (0.00ns)   --->   "%write_ln0 = write void @_ssdm_op_Write.ap_auto.i2P0A, i2 %p_0_15_0_0_0717_i_out, i2 %p_0_15_0_0_0717_i_load"   --->   Operation 1197 'write' 'write_ln0' <Predicate = (icmp_ln33)> <Delay = 0.00>
ST_1 : Operation 1198 [1/1] (0.00ns)   --->   "%write_ln0 = write void @_ssdm_op_Write.ap_auto.i2P0A, i2 %p_0_13_0_0_0715_i_out, i2 %p_0_13_0_0_0715_i_load"   --->   Operation 1198 'write' 'write_ln0' <Predicate = (icmp_ln33)> <Delay = 0.00>
ST_1 : Operation 1199 [1/1] (0.00ns)   --->   "%write_ln0 = write void @_ssdm_op_Write.ap_auto.i2P0A, i2 %p_0_12_0_0_0713_i_out, i2 %p_0_12_0_0_0713_i_load"   --->   Operation 1199 'write' 'write_ln0' <Predicate = (icmp_ln33)> <Delay = 0.00>
ST_1 : Operation 1200 [1/1] (0.00ns)   --->   "%write_ln0 = write void @_ssdm_op_Write.ap_auto.i2P0A, i2 %p_0_10_0_0_0711_i_out, i2 %p_0_10_0_0_0711_i_load"   --->   Operation 1200 'write' 'write_ln0' <Predicate = (icmp_ln33)> <Delay = 0.00>
ST_1 : Operation 1201 [1/1] (0.00ns)   --->   "%write_ln0 = write void @_ssdm_op_Write.ap_auto.i2P0A, i2 %p_0_9_0_0_0709_i_out, i2 %p_0_9_0_0_0709_i_load"   --->   Operation 1201 'write' 'write_ln0' <Predicate = (icmp_ln33)> <Delay = 0.00>
ST_1 : Operation 1202 [1/1] (0.00ns)   --->   "%write_ln0 = write void @_ssdm_op_Write.ap_auto.i2P0A, i2 %p_0_8_0_0_0707_i_out, i2 %p_0_8_0_0_0707_i_load"   --->   Operation 1202 'write' 'write_ln0' <Predicate = (icmp_ln33)> <Delay = 0.00>
ST_1 : Operation 1203 [1/1] (0.00ns)   --->   "%write_ln0 = write void @_ssdm_op_Write.ap_auto.i2P0A, i2 %p_0_7_0_0_0705_i_out, i2 %p_0_7_0_0_0705_i_load"   --->   Operation 1203 'write' 'write_ln0' <Predicate = (icmp_ln33)> <Delay = 0.00>
ST_1 : Operation 1204 [1/1] (0.00ns)   --->   "%write_ln0 = write void @_ssdm_op_Write.ap_auto.i2P0A, i2 %p_0_6_0_0_0703_i_out, i2 %p_0_6_0_0_0703_i_load"   --->   Operation 1204 'write' 'write_ln0' <Predicate = (icmp_ln33)> <Delay = 0.00>
ST_1 : Operation 1205 [1/1] (0.00ns)   --->   "%write_ln0 = write void @_ssdm_op_Write.ap_auto.i2P0A, i2 %p_0_5_0_0_0701_i_out, i2 %p_0_5_0_0_0701_i_load"   --->   Operation 1205 'write' 'write_ln0' <Predicate = (icmp_ln33)> <Delay = 0.00>
ST_1 : Operation 1206 [1/1] (0.00ns)   --->   "%write_ln0 = write void @_ssdm_op_Write.ap_auto.i2P0A, i2 %p_0_4_0_0_0699_i_out, i2 %p_0_4_0_0_0699_i_load"   --->   Operation 1206 'write' 'write_ln0' <Predicate = (icmp_ln33)> <Delay = 0.00>
ST_1 : Operation 1207 [1/1] (0.00ns)   --->   "%write_ln0 = write void @_ssdm_op_Write.ap_auto.i2P0A, i2 %p_0_3_0_0_0697_i_out, i2 %p_0_3_0_0_0697_i_load"   --->   Operation 1207 'write' 'write_ln0' <Predicate = (icmp_ln33)> <Delay = 0.00>
ST_1 : Operation 1208 [1/1] (0.00ns)   --->   "%write_ln0 = write void @_ssdm_op_Write.ap_auto.i2P0A, i2 %p_0_2_0_0_0695_i_out, i2 %p_0_2_0_0_0695_i_load"   --->   Operation 1208 'write' 'write_ln0' <Predicate = (icmp_ln33)> <Delay = 0.00>
ST_1 : Operation 1209 [1/1] (0.00ns)   --->   "%write_ln0 = write void @_ssdm_op_Write.ap_auto.i2P0A, i2 %p_0_1_0_0_0693_i_out, i2 %p_0_1_0_0_0693_i_load"   --->   Operation 1209 'write' 'write_ln0' <Predicate = (icmp_ln33)> <Delay = 0.00>
ST_1 : Operation 1210 [1/1] (0.00ns)   --->   "%write_ln0 = write void @_ssdm_op_Write.ap_auto.i2P0A, i2 %p_0_0_0_0_0691_i_out, i2 %p_0_0_0_0_0691_i_load"   --->   Operation 1210 'write' 'write_ln0' <Predicate = (icmp_ln33)> <Delay = 0.00>
ST_1 : Operation 1211 [1/1] (0.00ns)   --->   "%write_ln0 = write void @_ssdm_op_Write.ap_auto.i2P0A, i2 %p_0_15_0_0_0689_i_out, i2 %p_0_15_0_0_0689_i_load"   --->   Operation 1211 'write' 'write_ln0' <Predicate = (icmp_ln33)> <Delay = 0.00>
ST_1 : Operation 1212 [1/1] (0.00ns)   --->   "%write_ln0 = write void @_ssdm_op_Write.ap_auto.i2P0A, i2 %p_0_13_0_0_0687_i_out, i2 %p_0_13_0_0_0687_i_load"   --->   Operation 1212 'write' 'write_ln0' <Predicate = (icmp_ln33)> <Delay = 0.00>
ST_1 : Operation 1213 [1/1] (0.00ns)   --->   "%write_ln0 = write void @_ssdm_op_Write.ap_auto.i2P0A, i2 %p_0_12_0_0_0685_i_out, i2 %p_0_12_0_0_0685_i_load"   --->   Operation 1213 'write' 'write_ln0' <Predicate = (icmp_ln33)> <Delay = 0.00>
ST_1 : Operation 1214 [1/1] (0.00ns)   --->   "%write_ln0 = write void @_ssdm_op_Write.ap_auto.i2P0A, i2 %p_0_11_0_0_0683_i_out, i2 %p_0_11_0_0_0683_i_load"   --->   Operation 1214 'write' 'write_ln0' <Predicate = (icmp_ln33)> <Delay = 0.00>
ST_1 : Operation 1215 [1/1] (0.00ns)   --->   "%write_ln0 = write void @_ssdm_op_Write.ap_auto.i2P0A, i2 %p_0_10_0_0_0681_i_out, i2 %p_0_10_0_0_0681_i_load"   --->   Operation 1215 'write' 'write_ln0' <Predicate = (icmp_ln33)> <Delay = 0.00>
ST_1 : Operation 1216 [1/1] (0.00ns)   --->   "%write_ln0 = write void @_ssdm_op_Write.ap_auto.i2P0A, i2 %p_0_9_0_0_0679_i_out, i2 %p_0_9_0_0_0679_i_load"   --->   Operation 1216 'write' 'write_ln0' <Predicate = (icmp_ln33)> <Delay = 0.00>
ST_1 : Operation 1217 [1/1] (0.00ns)   --->   "%write_ln0 = write void @_ssdm_op_Write.ap_auto.i2P0A, i2 %p_0_8_0_0_0677_i_out, i2 %p_0_8_0_0_0677_i_load"   --->   Operation 1217 'write' 'write_ln0' <Predicate = (icmp_ln33)> <Delay = 0.00>
ST_1 : Operation 1218 [1/1] (0.00ns)   --->   "%write_ln0 = write void @_ssdm_op_Write.ap_auto.i2P0A, i2 %p_0_7_0_0_0675_i_out, i2 %p_0_7_0_0_0675_i_load"   --->   Operation 1218 'write' 'write_ln0' <Predicate = (icmp_ln33)> <Delay = 0.00>
ST_1 : Operation 1219 [1/1] (0.00ns)   --->   "%write_ln0 = write void @_ssdm_op_Write.ap_auto.i2P0A, i2 %p_0_6_0_0_0673_i_out, i2 %p_0_6_0_0_0673_i_load"   --->   Operation 1219 'write' 'write_ln0' <Predicate = (icmp_ln33)> <Delay = 0.00>
ST_1 : Operation 1220 [1/1] (0.00ns)   --->   "%write_ln0 = write void @_ssdm_op_Write.ap_auto.i2P0A, i2 %p_0_5_0_0_0671_i_out, i2 %p_0_5_0_0_0671_i_load"   --->   Operation 1220 'write' 'write_ln0' <Predicate = (icmp_ln33)> <Delay = 0.00>
ST_1 : Operation 1221 [1/1] (0.00ns)   --->   "%write_ln0 = write void @_ssdm_op_Write.ap_auto.i2P0A, i2 %p_0_4_0_0_0669_i_out, i2 %p_0_4_0_0_0669_i_load"   --->   Operation 1221 'write' 'write_ln0' <Predicate = (icmp_ln33)> <Delay = 0.00>
ST_1 : Operation 1222 [1/1] (0.00ns)   --->   "%write_ln0 = write void @_ssdm_op_Write.ap_auto.i2P0A, i2 %p_0_3_0_0_0667_i_out, i2 %p_0_3_0_0_0667_i_load"   --->   Operation 1222 'write' 'write_ln0' <Predicate = (icmp_ln33)> <Delay = 0.00>
ST_1 : Operation 1223 [1/1] (0.00ns)   --->   "%write_ln0 = write void @_ssdm_op_Write.ap_auto.i2P0A, i2 %p_0_2_0_0_0665_i_out, i2 %p_0_2_0_0_0665_i_load"   --->   Operation 1223 'write' 'write_ln0' <Predicate = (icmp_ln33)> <Delay = 0.00>
ST_1 : Operation 1224 [1/1] (0.00ns)   --->   "%write_ln0 = write void @_ssdm_op_Write.ap_auto.i2P0A, i2 %p_0_1_0_0_0663_i_out, i2 %p_0_1_0_0_0663_i_load"   --->   Operation 1224 'write' 'write_ln0' <Predicate = (icmp_ln33)> <Delay = 0.00>
ST_1 : Operation 1225 [1/1] (0.00ns)   --->   "%write_ln0 = write void @_ssdm_op_Write.ap_auto.i2P0A, i2 %p_0_0_0_0_0661_i_out, i2 %p_0_0_0_0_0661_i_load"   --->   Operation 1225 'write' 'write_ln0' <Predicate = (icmp_ln33)> <Delay = 0.00>
ST_1 : Operation 1226 [1/1] (0.00ns)   --->   "%write_ln0 = write void @_ssdm_op_Write.ap_auto.i2P0A, i2 %p_0_15_0_0_0659_i_out, i2 %p_0_15_0_0_0659_i_load"   --->   Operation 1226 'write' 'write_ln0' <Predicate = (icmp_ln33)> <Delay = 0.00>
ST_1 : Operation 1227 [1/1] (0.00ns)   --->   "%write_ln0 = write void @_ssdm_op_Write.ap_auto.i2P0A, i2 %p_0_13_0_0_0657_i_out, i2 %p_0_13_0_0_0657_i_load"   --->   Operation 1227 'write' 'write_ln0' <Predicate = (icmp_ln33)> <Delay = 0.00>
ST_1 : Operation 1228 [1/1] (0.00ns)   --->   "%write_ln0 = write void @_ssdm_op_Write.ap_auto.i2P0A, i2 %p_0_12_0_0_0655_i_out, i2 %p_0_12_0_0_0655_i_load"   --->   Operation 1228 'write' 'write_ln0' <Predicate = (icmp_ln33)> <Delay = 0.00>
ST_1 : Operation 1229 [1/1] (0.00ns)   --->   "%write_ln0 = write void @_ssdm_op_Write.ap_auto.i2P0A, i2 %p_0_11_0_0_0653_i_out, i2 %p_0_11_0_0_0653_i_load"   --->   Operation 1229 'write' 'write_ln0' <Predicate = (icmp_ln33)> <Delay = 0.00>
ST_1 : Operation 1230 [1/1] (0.00ns)   --->   "%write_ln0 = write void @_ssdm_op_Write.ap_auto.i2P0A, i2 %p_0_10_0_0_0651_i_out, i2 %p_0_10_0_0_0651_i_load"   --->   Operation 1230 'write' 'write_ln0' <Predicate = (icmp_ln33)> <Delay = 0.00>
ST_1 : Operation 1231 [1/1] (0.00ns)   --->   "%write_ln0 = write void @_ssdm_op_Write.ap_auto.i2P0A, i2 %p_0_9_0_0_0649_i_out, i2 %p_0_9_0_0_0649_i_load"   --->   Operation 1231 'write' 'write_ln0' <Predicate = (icmp_ln33)> <Delay = 0.00>
ST_1 : Operation 1232 [1/1] (0.00ns)   --->   "%write_ln0 = write void @_ssdm_op_Write.ap_auto.i2P0A, i2 %p_0_8_0_0_0647_i_out, i2 %p_0_8_0_0_0647_i_load"   --->   Operation 1232 'write' 'write_ln0' <Predicate = (icmp_ln33)> <Delay = 0.00>
ST_1 : Operation 1233 [1/1] (0.00ns)   --->   "%write_ln0 = write void @_ssdm_op_Write.ap_auto.i2P0A, i2 %p_0_7_0_0_0645_i_out, i2 %p_0_7_0_0_0645_i_load"   --->   Operation 1233 'write' 'write_ln0' <Predicate = (icmp_ln33)> <Delay = 0.00>
ST_1 : Operation 1234 [1/1] (0.00ns)   --->   "%write_ln0 = write void @_ssdm_op_Write.ap_auto.i2P0A, i2 %p_0_6_0_0_0643_i_out, i2 %p_0_6_0_0_0643_i_load"   --->   Operation 1234 'write' 'write_ln0' <Predicate = (icmp_ln33)> <Delay = 0.00>
ST_1 : Operation 1235 [1/1] (0.00ns)   --->   "%write_ln0 = write void @_ssdm_op_Write.ap_auto.i2P0A, i2 %p_0_5_0_0_0641_i_out, i2 %p_0_5_0_0_0641_i_load"   --->   Operation 1235 'write' 'write_ln0' <Predicate = (icmp_ln33)> <Delay = 0.00>
ST_1 : Operation 1236 [1/1] (0.00ns)   --->   "%write_ln0 = write void @_ssdm_op_Write.ap_auto.i2P0A, i2 %p_0_4_0_0_0639_i_out, i2 %p_0_4_0_0_0639_i_load"   --->   Operation 1236 'write' 'write_ln0' <Predicate = (icmp_ln33)> <Delay = 0.00>
ST_1 : Operation 1237 [1/1] (0.00ns)   --->   "%write_ln0 = write void @_ssdm_op_Write.ap_auto.i2P0A, i2 %p_0_3_0_0_0637_i_out, i2 %p_0_3_0_0_0637_i_load"   --->   Operation 1237 'write' 'write_ln0' <Predicate = (icmp_ln33)> <Delay = 0.00>
ST_1 : Operation 1238 [1/1] (0.00ns)   --->   "%write_ln0 = write void @_ssdm_op_Write.ap_auto.i2P0A, i2 %p_0_2_0_0_0635_i_out, i2 %p_0_2_0_0_0635_i_load"   --->   Operation 1238 'write' 'write_ln0' <Predicate = (icmp_ln33)> <Delay = 0.00>
ST_1 : Operation 1239 [1/1] (0.00ns)   --->   "%write_ln0 = write void @_ssdm_op_Write.ap_auto.i2P0A, i2 %p_0_1_0_0_0633_i_out, i2 %p_0_1_0_0_0633_i_load"   --->   Operation 1239 'write' 'write_ln0' <Predicate = (icmp_ln33)> <Delay = 0.00>
ST_1 : Operation 1240 [1/1] (0.00ns)   --->   "%write_ln0 = write void @_ssdm_op_Write.ap_auto.i2P0A, i2 %p_0_0_0_0_0631_i_out, i2 %p_0_0_0_0_0631_i_load"   --->   Operation 1240 'write' 'write_ln0' <Predicate = (icmp_ln33)> <Delay = 0.00>
ST_1 : Operation 1241 [1/1] (0.00ns)   --->   "%write_ln0 = write void @_ssdm_op_Write.ap_auto.i2P0A, i2 %p_0_15_0_0_0629_i_out, i2 %p_0_15_0_0_0629_i_load"   --->   Operation 1241 'write' 'write_ln0' <Predicate = (icmp_ln33)> <Delay = 0.00>
ST_1 : Operation 1242 [1/1] (0.00ns)   --->   "%write_ln0 = write void @_ssdm_op_Write.ap_auto.i2P0A, i2 %p_0_13_0_0_0627_i_out, i2 %p_0_13_0_0_0627_i_load"   --->   Operation 1242 'write' 'write_ln0' <Predicate = (icmp_ln33)> <Delay = 0.00>
ST_1 : Operation 1243 [1/1] (0.00ns)   --->   "%write_ln0 = write void @_ssdm_op_Write.ap_auto.i2P0A, i2 %p_0_12_0_0_0625_i_out, i2 %p_0_12_0_0_0625_i_load"   --->   Operation 1243 'write' 'write_ln0' <Predicate = (icmp_ln33)> <Delay = 0.00>
ST_1 : Operation 1244 [1/1] (0.00ns)   --->   "%write_ln0 = write void @_ssdm_op_Write.ap_auto.i2P0A, i2 %p_0_11_0_0_0623_i_out, i2 %p_0_11_0_0_0623_i_load"   --->   Operation 1244 'write' 'write_ln0' <Predicate = (icmp_ln33)> <Delay = 0.00>
ST_1 : Operation 1245 [1/1] (0.00ns)   --->   "%write_ln0 = write void @_ssdm_op_Write.ap_auto.i2P0A, i2 %p_0_10_0_0_0621_i_out, i2 %p_0_10_0_0_0621_i_load"   --->   Operation 1245 'write' 'write_ln0' <Predicate = (icmp_ln33)> <Delay = 0.00>
ST_1 : Operation 1246 [1/1] (0.00ns)   --->   "%write_ln0 = write void @_ssdm_op_Write.ap_auto.i2P0A, i2 %p_0_9_0_0_0619_i_out, i2 %p_0_9_0_0_0619_i_load"   --->   Operation 1246 'write' 'write_ln0' <Predicate = (icmp_ln33)> <Delay = 0.00>
ST_1 : Operation 1247 [1/1] (0.00ns)   --->   "%write_ln0 = write void @_ssdm_op_Write.ap_auto.i2P0A, i2 %p_0_8_0_0_0617_i_out, i2 %p_0_8_0_0_0617_i_load"   --->   Operation 1247 'write' 'write_ln0' <Predicate = (icmp_ln33)> <Delay = 0.00>
ST_1 : Operation 1248 [1/1] (0.00ns)   --->   "%write_ln0 = write void @_ssdm_op_Write.ap_auto.i2P0A, i2 %p_0_7_0_0_0615_i_out, i2 %p_0_7_0_0_0615_i_load"   --->   Operation 1248 'write' 'write_ln0' <Predicate = (icmp_ln33)> <Delay = 0.00>
ST_1 : Operation 1249 [1/1] (0.00ns)   --->   "%write_ln0 = write void @_ssdm_op_Write.ap_auto.i2P0A, i2 %p_0_6_0_0_0613_i_out, i2 %p_0_6_0_0_0613_i_load"   --->   Operation 1249 'write' 'write_ln0' <Predicate = (icmp_ln33)> <Delay = 0.00>
ST_1 : Operation 1250 [1/1] (0.00ns)   --->   "%write_ln0 = write void @_ssdm_op_Write.ap_auto.i2P0A, i2 %p_0_5_0_0_0611_i_out, i2 %p_0_5_0_0_0611_i_load"   --->   Operation 1250 'write' 'write_ln0' <Predicate = (icmp_ln33)> <Delay = 0.00>
ST_1 : Operation 1251 [1/1] (0.00ns)   --->   "%write_ln0 = write void @_ssdm_op_Write.ap_auto.i2P0A, i2 %p_0_4_0_0_0609_i_out, i2 %p_0_4_0_0_0609_i_load"   --->   Operation 1251 'write' 'write_ln0' <Predicate = (icmp_ln33)> <Delay = 0.00>
ST_1 : Operation 1252 [1/1] (0.00ns)   --->   "%write_ln0 = write void @_ssdm_op_Write.ap_auto.i2P0A, i2 %p_0_3_0_0_0607_i_out, i2 %p_0_3_0_0_0607_i_load"   --->   Operation 1252 'write' 'write_ln0' <Predicate = (icmp_ln33)> <Delay = 0.00>
ST_1 : Operation 1253 [1/1] (0.00ns)   --->   "%write_ln0 = write void @_ssdm_op_Write.ap_auto.i2P0A, i2 %p_0_2_0_0_0605_i_out, i2 %p_0_2_0_0_0605_i_load"   --->   Operation 1253 'write' 'write_ln0' <Predicate = (icmp_ln33)> <Delay = 0.00>
ST_1 : Operation 1254 [1/1] (0.00ns)   --->   "%write_ln0 = write void @_ssdm_op_Write.ap_auto.i2P0A, i2 %p_0_1_0_0_0603_i_out, i2 %p_0_1_0_0_0603_i_load"   --->   Operation 1254 'write' 'write_ln0' <Predicate = (icmp_ln33)> <Delay = 0.00>
ST_1 : Operation 1255 [1/1] (0.00ns)   --->   "%write_ln0 = write void @_ssdm_op_Write.ap_auto.i2P0A, i2 %p_0_0_0_0_0601_i_out, i2 %p_0_0_0_0_0601_i_load"   --->   Operation 1255 'write' 'write_ln0' <Predicate = (icmp_ln33)> <Delay = 0.00>
ST_1 : Operation 1256 [1/1] (0.00ns)   --->   "%write_ln0 = write void @_ssdm_op_Write.ap_auto.i2P0A, i2 %p_0_15_0_0_0599_i_out, i2 %p_0_15_0_0_0599_i_load"   --->   Operation 1256 'write' 'write_ln0' <Predicate = (icmp_ln33)> <Delay = 0.00>
ST_1 : Operation 1257 [1/1] (0.00ns)   --->   "%write_ln0 = write void @_ssdm_op_Write.ap_auto.i2P0A, i2 %p_0_13_0_0_0597_i_out, i2 %p_0_13_0_0_0597_i_load"   --->   Operation 1257 'write' 'write_ln0' <Predicate = (icmp_ln33)> <Delay = 0.00>
ST_1 : Operation 1258 [1/1] (0.00ns)   --->   "%write_ln0 = write void @_ssdm_op_Write.ap_auto.i2P0A, i2 %p_0_12_0_0_0595_i_out, i2 %p_0_12_0_0_0595_i_load"   --->   Operation 1258 'write' 'write_ln0' <Predicate = (icmp_ln33)> <Delay = 0.00>
ST_1 : Operation 1259 [1/1] (0.00ns)   --->   "%write_ln0 = write void @_ssdm_op_Write.ap_auto.i2P0A, i2 %p_0_11_0_0_0593_i_out, i2 %p_0_11_0_0_0593_i_load"   --->   Operation 1259 'write' 'write_ln0' <Predicate = (icmp_ln33)> <Delay = 0.00>
ST_1 : Operation 1260 [1/1] (0.00ns)   --->   "%write_ln0 = write void @_ssdm_op_Write.ap_auto.i2P0A, i2 %p_0_10_0_0_0591_i_out, i2 %p_0_10_0_0_0591_i_load"   --->   Operation 1260 'write' 'write_ln0' <Predicate = (icmp_ln33)> <Delay = 0.00>
ST_1 : Operation 1261 [1/1] (0.00ns)   --->   "%write_ln0 = write void @_ssdm_op_Write.ap_auto.i2P0A, i2 %p_0_9_0_0_0589_i_out, i2 %p_0_9_0_0_0589_i_load"   --->   Operation 1261 'write' 'write_ln0' <Predicate = (icmp_ln33)> <Delay = 0.00>
ST_1 : Operation 1262 [1/1] (0.00ns)   --->   "%write_ln0 = write void @_ssdm_op_Write.ap_auto.i2P0A, i2 %p_0_8_0_0_0587_i_out, i2 %p_0_8_0_0_0587_i_load"   --->   Operation 1262 'write' 'write_ln0' <Predicate = (icmp_ln33)> <Delay = 0.00>
ST_1 : Operation 1263 [1/1] (0.00ns)   --->   "%write_ln0 = write void @_ssdm_op_Write.ap_auto.i2P0A, i2 %p_0_7_0_0_0585_i_out, i2 %p_0_7_0_0_0585_i_load"   --->   Operation 1263 'write' 'write_ln0' <Predicate = (icmp_ln33)> <Delay = 0.00>
ST_1 : Operation 1264 [1/1] (0.00ns)   --->   "%write_ln0 = write void @_ssdm_op_Write.ap_auto.i2P0A, i2 %p_0_6_0_0_0583_i_out, i2 %p_0_6_0_0_0583_i_load"   --->   Operation 1264 'write' 'write_ln0' <Predicate = (icmp_ln33)> <Delay = 0.00>
ST_1 : Operation 1265 [1/1] (0.00ns)   --->   "%write_ln0 = write void @_ssdm_op_Write.ap_auto.i2P0A, i2 %p_0_5_0_0_0581_i_out, i2 %p_0_5_0_0_0581_i_load"   --->   Operation 1265 'write' 'write_ln0' <Predicate = (icmp_ln33)> <Delay = 0.00>
ST_1 : Operation 1266 [1/1] (0.00ns)   --->   "%write_ln0 = write void @_ssdm_op_Write.ap_auto.i2P0A, i2 %p_0_4_0_0_0579_i_out, i2 %p_0_4_0_0_0579_i_load"   --->   Operation 1266 'write' 'write_ln0' <Predicate = (icmp_ln33)> <Delay = 0.00>
ST_1 : Operation 1267 [1/1] (0.00ns)   --->   "%write_ln0 = write void @_ssdm_op_Write.ap_auto.i2P0A, i2 %p_0_3_0_0_0577_i_out, i2 %p_0_3_0_0_0577_i_load"   --->   Operation 1267 'write' 'write_ln0' <Predicate = (icmp_ln33)> <Delay = 0.00>
ST_1 : Operation 1268 [1/1] (0.00ns)   --->   "%write_ln0 = write void @_ssdm_op_Write.ap_auto.i2P0A, i2 %p_0_2_0_0_0575_i_out, i2 %p_0_2_0_0_0575_i_load"   --->   Operation 1268 'write' 'write_ln0' <Predicate = (icmp_ln33)> <Delay = 0.00>
ST_1 : Operation 1269 [1/1] (0.00ns)   --->   "%write_ln0 = write void @_ssdm_op_Write.ap_auto.i2P0A, i2 %p_0_1_0_0_0573_i_out, i2 %p_0_1_0_0_0573_i_load"   --->   Operation 1269 'write' 'write_ln0' <Predicate = (icmp_ln33)> <Delay = 0.00>
ST_1 : Operation 1270 [1/1] (0.00ns)   --->   "%write_ln0 = write void @_ssdm_op_Write.ap_auto.i2P0A, i2 %p_0_0_0_0_0571_i_out, i2 %p_0_0_0_0_0571_i_load"   --->   Operation 1270 'write' 'write_ln0' <Predicate = (icmp_ln33)> <Delay = 0.00>
ST_1 : Operation 1271 [1/1] (0.00ns)   --->   "%write_ln0 = write void @_ssdm_op_Write.ap_auto.i2P0A, i2 %p_0_15_0_0_0569_i_out, i2 %p_0_15_0_0_0569_i_load"   --->   Operation 1271 'write' 'write_ln0' <Predicate = (icmp_ln33)> <Delay = 0.00>
ST_1 : Operation 1272 [1/1] (0.00ns)   --->   "%write_ln0 = write void @_ssdm_op_Write.ap_auto.i2P0A, i2 %p_0_13_0_0_0567_i_out, i2 %p_0_13_0_0_0567_i_load"   --->   Operation 1272 'write' 'write_ln0' <Predicate = (icmp_ln33)> <Delay = 0.00>
ST_1 : Operation 1273 [1/1] (0.00ns)   --->   "%write_ln0 = write void @_ssdm_op_Write.ap_auto.i2P0A, i2 %p_0_12_0_0_0565_i_out, i2 %p_0_12_0_0_0565_i_load"   --->   Operation 1273 'write' 'write_ln0' <Predicate = (icmp_ln33)> <Delay = 0.00>
ST_1 : Operation 1274 [1/1] (0.00ns)   --->   "%write_ln0 = write void @_ssdm_op_Write.ap_auto.i2P0A, i2 %p_0_11_0_0_0563_i_out, i2 %p_0_11_0_0_0563_i_load"   --->   Operation 1274 'write' 'write_ln0' <Predicate = (icmp_ln33)> <Delay = 0.00>
ST_1 : Operation 1275 [1/1] (0.00ns)   --->   "%write_ln0 = write void @_ssdm_op_Write.ap_auto.i2P0A, i2 %p_0_10_0_0_0561_i_out, i2 %p_0_10_0_0_0561_i_load"   --->   Operation 1275 'write' 'write_ln0' <Predicate = (icmp_ln33)> <Delay = 0.00>
ST_1 : Operation 1276 [1/1] (0.00ns)   --->   "%write_ln0 = write void @_ssdm_op_Write.ap_auto.i2P0A, i2 %p_0_9_0_0_0559_i_out, i2 %p_0_9_0_0_0559_i_load"   --->   Operation 1276 'write' 'write_ln0' <Predicate = (icmp_ln33)> <Delay = 0.00>
ST_1 : Operation 1277 [1/1] (0.00ns)   --->   "%write_ln0 = write void @_ssdm_op_Write.ap_auto.i2P0A, i2 %p_0_8_0_0_0557_i_out, i2 %p_0_8_0_0_0557_i_load"   --->   Operation 1277 'write' 'write_ln0' <Predicate = (icmp_ln33)> <Delay = 0.00>
ST_1 : Operation 1278 [1/1] (0.00ns)   --->   "%write_ln0 = write void @_ssdm_op_Write.ap_auto.i2P0A, i2 %p_0_7_0_0_0555_i_out, i2 %p_0_7_0_0_0555_i_load"   --->   Operation 1278 'write' 'write_ln0' <Predicate = (icmp_ln33)> <Delay = 0.00>
ST_1 : Operation 1279 [1/1] (0.00ns)   --->   "%write_ln0 = write void @_ssdm_op_Write.ap_auto.i2P0A, i2 %p_0_6_0_0_0553_i_out, i2 %p_0_6_0_0_0553_i_load"   --->   Operation 1279 'write' 'write_ln0' <Predicate = (icmp_ln33)> <Delay = 0.00>
ST_1 : Operation 1280 [1/1] (0.00ns)   --->   "%write_ln0 = write void @_ssdm_op_Write.ap_auto.i2P0A, i2 %p_0_5_0_0_0551_i_out, i2 %p_0_5_0_0_0551_i_load"   --->   Operation 1280 'write' 'write_ln0' <Predicate = (icmp_ln33)> <Delay = 0.00>
ST_1 : Operation 1281 [1/1] (0.00ns)   --->   "%write_ln0 = write void @_ssdm_op_Write.ap_auto.i2P0A, i2 %p_0_4_0_0_0549_i_out, i2 %p_0_4_0_0_0549_i_load"   --->   Operation 1281 'write' 'write_ln0' <Predicate = (icmp_ln33)> <Delay = 0.00>
ST_1 : Operation 1282 [1/1] (0.00ns)   --->   "%write_ln0 = write void @_ssdm_op_Write.ap_auto.i2P0A, i2 %p_0_3_0_0_0547_i_out, i2 %p_0_3_0_0_0547_i_load"   --->   Operation 1282 'write' 'write_ln0' <Predicate = (icmp_ln33)> <Delay = 0.00>
ST_1 : Operation 1283 [1/1] (0.00ns)   --->   "%write_ln0 = write void @_ssdm_op_Write.ap_auto.i2P0A, i2 %p_0_2_0_0_0545_i_out, i2 %p_0_2_0_0_0545_i_load"   --->   Operation 1283 'write' 'write_ln0' <Predicate = (icmp_ln33)> <Delay = 0.00>
ST_1 : Operation 1284 [1/1] (0.00ns)   --->   "%write_ln0 = write void @_ssdm_op_Write.ap_auto.i2P0A, i2 %p_0_1_0_0_0543_i_out, i2 %p_0_1_0_0_0543_i_load"   --->   Operation 1284 'write' 'write_ln0' <Predicate = (icmp_ln33)> <Delay = 0.00>
ST_1 : Operation 1285 [1/1] (0.00ns)   --->   "%write_ln0 = write void @_ssdm_op_Write.ap_auto.i2P0A, i2 %p_0_0_0_0_0541_i_out, i2 %p_0_0_0_0_0541_i_load"   --->   Operation 1285 'write' 'write_ln0' <Predicate = (icmp_ln33)> <Delay = 0.00>
ST_1 : Operation 1286 [1/1] (0.00ns)   --->   "%write_ln0 = write void @_ssdm_op_Write.ap_auto.i2P0A, i2 %p_0_15_0_0_0539_i_out, i2 %p_0_15_0_0_0539_i_load"   --->   Operation 1286 'write' 'write_ln0' <Predicate = (icmp_ln33)> <Delay = 0.00>
ST_1 : Operation 1287 [1/1] (0.00ns)   --->   "%write_ln0 = write void @_ssdm_op_Write.ap_auto.i2P0A, i2 %p_0_13_0_0_0537_i_out, i2 %p_0_13_0_0_0537_i_load"   --->   Operation 1287 'write' 'write_ln0' <Predicate = (icmp_ln33)> <Delay = 0.00>
ST_1 : Operation 1288 [1/1] (0.00ns)   --->   "%write_ln0 = write void @_ssdm_op_Write.ap_auto.i2P0A, i2 %p_0_12_0_0_0535_i_out, i2 %p_0_12_0_0_0535_i_load"   --->   Operation 1288 'write' 'write_ln0' <Predicate = (icmp_ln33)> <Delay = 0.00>
ST_1 : Operation 1289 [1/1] (0.00ns)   --->   "%write_ln0 = write void @_ssdm_op_Write.ap_auto.i2P0A, i2 %p_0_11_0_0_0533_i_out, i2 %p_0_11_0_0_0533_i_load"   --->   Operation 1289 'write' 'write_ln0' <Predicate = (icmp_ln33)> <Delay = 0.00>
ST_1 : Operation 1290 [1/1] (0.00ns)   --->   "%write_ln0 = write void @_ssdm_op_Write.ap_auto.i2P0A, i2 %p_0_10_0_0_0531_i_out, i2 %p_0_10_0_0_0531_i_load"   --->   Operation 1290 'write' 'write_ln0' <Predicate = (icmp_ln33)> <Delay = 0.00>
ST_1 : Operation 1291 [1/1] (0.00ns)   --->   "%write_ln0 = write void @_ssdm_op_Write.ap_auto.i2P0A, i2 %p_0_9_0_0_0529_i_out, i2 %p_0_9_0_0_0529_i_load"   --->   Operation 1291 'write' 'write_ln0' <Predicate = (icmp_ln33)> <Delay = 0.00>
ST_1 : Operation 1292 [1/1] (0.00ns)   --->   "%write_ln0 = write void @_ssdm_op_Write.ap_auto.i2P0A, i2 %p_0_8_0_0_0527_i_out, i2 %p_0_8_0_0_0527_i_load"   --->   Operation 1292 'write' 'write_ln0' <Predicate = (icmp_ln33)> <Delay = 0.00>
ST_1 : Operation 1293 [1/1] (0.00ns)   --->   "%write_ln0 = write void @_ssdm_op_Write.ap_auto.i2P0A, i2 %p_0_7_0_0_0525_i_out, i2 %p_0_7_0_0_0525_i_load"   --->   Operation 1293 'write' 'write_ln0' <Predicate = (icmp_ln33)> <Delay = 0.00>
ST_1 : Operation 1294 [1/1] (0.00ns)   --->   "%write_ln0 = write void @_ssdm_op_Write.ap_auto.i2P0A, i2 %p_0_6_0_0_0523_i_out, i2 %p_0_6_0_0_0523_i_load"   --->   Operation 1294 'write' 'write_ln0' <Predicate = (icmp_ln33)> <Delay = 0.00>
ST_1 : Operation 1295 [1/1] (0.00ns)   --->   "%write_ln0 = write void @_ssdm_op_Write.ap_auto.i2P0A, i2 %p_0_5_0_0_0521_i_out, i2 %p_0_5_0_0_0521_i_load"   --->   Operation 1295 'write' 'write_ln0' <Predicate = (icmp_ln33)> <Delay = 0.00>
ST_1 : Operation 1296 [1/1] (0.00ns)   --->   "%write_ln0 = write void @_ssdm_op_Write.ap_auto.i2P0A, i2 %p_0_4_0_0_0519_i_out, i2 %p_0_4_0_0_0519_i_load"   --->   Operation 1296 'write' 'write_ln0' <Predicate = (icmp_ln33)> <Delay = 0.00>
ST_1 : Operation 1297 [1/1] (0.00ns)   --->   "%write_ln0 = write void @_ssdm_op_Write.ap_auto.i2P0A, i2 %p_0_3_0_0_0517_i_out, i2 %p_0_3_0_0_0517_i_load"   --->   Operation 1297 'write' 'write_ln0' <Predicate = (icmp_ln33)> <Delay = 0.00>
ST_1 : Operation 1298 [1/1] (0.00ns)   --->   "%write_ln0 = write void @_ssdm_op_Write.ap_auto.i2P0A, i2 %p_0_2_0_0_0515_i_out, i2 %p_0_2_0_0_0515_i_load"   --->   Operation 1298 'write' 'write_ln0' <Predicate = (icmp_ln33)> <Delay = 0.00>
ST_1 : Operation 1299 [1/1] (0.00ns)   --->   "%write_ln0 = write void @_ssdm_op_Write.ap_auto.i2P0A, i2 %p_0_1_0_0_0513_i_out, i2 %p_0_1_0_0_0513_i_load"   --->   Operation 1299 'write' 'write_ln0' <Predicate = (icmp_ln33)> <Delay = 0.00>
ST_1 : Operation 1300 [1/1] (0.00ns)   --->   "%write_ln0 = write void @_ssdm_op_Write.ap_auto.i2P0A, i2 %p_0_0_0_0_0511_i_out, i2 %p_0_0_0_0_0511_i_load"   --->   Operation 1300 'write' 'write_ln0' <Predicate = (icmp_ln33)> <Delay = 0.00>
ST_1 : Operation 1301 [1/1] (0.00ns)   --->   "%write_ln0 = write void @_ssdm_op_Write.ap_auto.i2P0A, i2 %p_0_15_0_0_0509_i_out, i2 %p_0_15_0_0_0509_i_load"   --->   Operation 1301 'write' 'write_ln0' <Predicate = (icmp_ln33)> <Delay = 0.00>
ST_1 : Operation 1302 [1/1] (0.00ns)   --->   "%write_ln0 = write void @_ssdm_op_Write.ap_auto.i2P0A, i2 %p_0_13_0_0_0507_i_out, i2 %p_0_13_0_0_0507_i_load"   --->   Operation 1302 'write' 'write_ln0' <Predicate = (icmp_ln33)> <Delay = 0.00>
ST_1 : Operation 1303 [1/1] (0.00ns)   --->   "%write_ln0 = write void @_ssdm_op_Write.ap_auto.i2P0A, i2 %p_0_12_0_0_0505_i_out, i2 %p_0_12_0_0_0505_i_load"   --->   Operation 1303 'write' 'write_ln0' <Predicate = (icmp_ln33)> <Delay = 0.00>
ST_1 : Operation 1304 [1/1] (0.00ns)   --->   "%write_ln0 = write void @_ssdm_op_Write.ap_auto.i2P0A, i2 %p_0_11_0_0_0503_i_out, i2 %p_0_11_0_0_0503_i_load"   --->   Operation 1304 'write' 'write_ln0' <Predicate = (icmp_ln33)> <Delay = 0.00>
ST_1 : Operation 1305 [1/1] (0.00ns)   --->   "%write_ln0 = write void @_ssdm_op_Write.ap_auto.i2P0A, i2 %p_0_10_0_0_0501_i_out, i2 %p_0_10_0_0_0501_i_load"   --->   Operation 1305 'write' 'write_ln0' <Predicate = (icmp_ln33)> <Delay = 0.00>
ST_1 : Operation 1306 [1/1] (0.00ns)   --->   "%write_ln0 = write void @_ssdm_op_Write.ap_auto.i2P0A, i2 %p_0_9_0_0_0499_i_out, i2 %p_0_9_0_0_0499_i_load"   --->   Operation 1306 'write' 'write_ln0' <Predicate = (icmp_ln33)> <Delay = 0.00>
ST_1 : Operation 1307 [1/1] (0.00ns)   --->   "%write_ln0 = write void @_ssdm_op_Write.ap_auto.i2P0A, i2 %p_0_8_0_0_0497_i_out, i2 %p_0_8_0_0_0497_i_load"   --->   Operation 1307 'write' 'write_ln0' <Predicate = (icmp_ln33)> <Delay = 0.00>
ST_1 : Operation 1308 [1/1] (0.00ns)   --->   "%write_ln0 = write void @_ssdm_op_Write.ap_auto.i2P0A, i2 %p_0_7_0_0_0495_i_out, i2 %p_0_7_0_0_0495_i_load"   --->   Operation 1308 'write' 'write_ln0' <Predicate = (icmp_ln33)> <Delay = 0.00>
ST_1 : Operation 1309 [1/1] (0.00ns)   --->   "%write_ln0 = write void @_ssdm_op_Write.ap_auto.i2P0A, i2 %p_0_6_0_0_0493_i_out, i2 %p_0_6_0_0_0493_i_load"   --->   Operation 1309 'write' 'write_ln0' <Predicate = (icmp_ln33)> <Delay = 0.00>
ST_1 : Operation 1310 [1/1] (0.00ns)   --->   "%write_ln0 = write void @_ssdm_op_Write.ap_auto.i2P0A, i2 %p_0_5_0_0_0491_i_out, i2 %p_0_5_0_0_0491_i_load"   --->   Operation 1310 'write' 'write_ln0' <Predicate = (icmp_ln33)> <Delay = 0.00>
ST_1 : Operation 1311 [1/1] (0.00ns)   --->   "%write_ln0 = write void @_ssdm_op_Write.ap_auto.i2P0A, i2 %p_0_4_0_0_0489_i_out, i2 %p_0_4_0_0_0489_i_load"   --->   Operation 1311 'write' 'write_ln0' <Predicate = (icmp_ln33)> <Delay = 0.00>
ST_1 : Operation 1312 [1/1] (0.00ns)   --->   "%write_ln0 = write void @_ssdm_op_Write.ap_auto.i2P0A, i2 %p_0_3_0_0_0487_i_out, i2 %p_0_3_0_0_0487_i_load"   --->   Operation 1312 'write' 'write_ln0' <Predicate = (icmp_ln33)> <Delay = 0.00>
ST_1 : Operation 1313 [1/1] (0.00ns)   --->   "%write_ln0 = write void @_ssdm_op_Write.ap_auto.i2P0A, i2 %p_0_2_0_0_0485_i_out, i2 %p_0_2_0_0_0485_i_load"   --->   Operation 1313 'write' 'write_ln0' <Predicate = (icmp_ln33)> <Delay = 0.00>
ST_1 : Operation 1314 [1/1] (0.00ns)   --->   "%write_ln0 = write void @_ssdm_op_Write.ap_auto.i2P0A, i2 %p_0_1_0_0_0483_i_out, i2 %p_0_1_0_0_0483_i_load"   --->   Operation 1314 'write' 'write_ln0' <Predicate = (icmp_ln33)> <Delay = 0.00>
ST_1 : Operation 1315 [1/1] (0.00ns)   --->   "%write_ln0 = write void @_ssdm_op_Write.ap_auto.i2P0A, i2 %p_0_0_0_0_0481_i_out, i2 %p_0_0_0_0_0481_i_load"   --->   Operation 1315 'write' 'write_ln0' <Predicate = (icmp_ln33)> <Delay = 0.00>
ST_1 : Operation 1316 [1/1] (0.00ns)   --->   "%write_ln0 = write void @_ssdm_op_Write.ap_auto.i2P0A, i2 %p_0_15_0_0_0479_i_out, i2 %p_0_15_0_0_0479_i_load"   --->   Operation 1316 'write' 'write_ln0' <Predicate = (icmp_ln33)> <Delay = 0.00>
ST_1 : Operation 1317 [1/1] (0.00ns)   --->   "%write_ln0 = write void @_ssdm_op_Write.ap_auto.i2P0A, i2 %p_0_13_0_0_0477_i_out, i2 %p_0_13_0_0_0477_i_load"   --->   Operation 1317 'write' 'write_ln0' <Predicate = (icmp_ln33)> <Delay = 0.00>
ST_1 : Operation 1318 [1/1] (0.00ns)   --->   "%write_ln0 = write void @_ssdm_op_Write.ap_auto.i2P0A, i2 %p_0_12_0_0_0475_i_out, i2 %p_0_12_0_0_0475_i_load"   --->   Operation 1318 'write' 'write_ln0' <Predicate = (icmp_ln33)> <Delay = 0.00>
ST_1 : Operation 1319 [1/1] (0.00ns)   --->   "%write_ln0 = write void @_ssdm_op_Write.ap_auto.i2P0A, i2 %p_0_11_0_0_0473_i_out, i2 %p_0_11_0_0_0473_i_load"   --->   Operation 1319 'write' 'write_ln0' <Predicate = (icmp_ln33)> <Delay = 0.00>
ST_1 : Operation 1320 [1/1] (0.00ns)   --->   "%write_ln0 = write void @_ssdm_op_Write.ap_auto.i2P0A, i2 %p_0_10_0_0_0471_i_out, i2 %p_0_10_0_0_0471_i_load"   --->   Operation 1320 'write' 'write_ln0' <Predicate = (icmp_ln33)> <Delay = 0.00>
ST_1 : Operation 1321 [1/1] (0.00ns)   --->   "%write_ln0 = write void @_ssdm_op_Write.ap_auto.i2P0A, i2 %p_0_9_0_0_0469_i_out, i2 %p_0_9_0_0_0469_i_load"   --->   Operation 1321 'write' 'write_ln0' <Predicate = (icmp_ln33)> <Delay = 0.00>
ST_1 : Operation 1322 [1/1] (0.00ns)   --->   "%write_ln0 = write void @_ssdm_op_Write.ap_auto.i2P0A, i2 %p_0_8_0_0_0467_i_out, i2 %p_0_8_0_0_0467_i_load"   --->   Operation 1322 'write' 'write_ln0' <Predicate = (icmp_ln33)> <Delay = 0.00>
ST_1 : Operation 1323 [1/1] (0.00ns)   --->   "%write_ln0 = write void @_ssdm_op_Write.ap_auto.i2P0A, i2 %p_0_7_0_0_0465_i_out, i2 %p_0_7_0_0_0465_i_load"   --->   Operation 1323 'write' 'write_ln0' <Predicate = (icmp_ln33)> <Delay = 0.00>
ST_1 : Operation 1324 [1/1] (0.00ns)   --->   "%write_ln0 = write void @_ssdm_op_Write.ap_auto.i2P0A, i2 %p_0_6_0_0_0463_i_out, i2 %p_0_6_0_0_0463_i_load"   --->   Operation 1324 'write' 'write_ln0' <Predicate = (icmp_ln33)> <Delay = 0.00>
ST_1 : Operation 1325 [1/1] (0.00ns)   --->   "%write_ln0 = write void @_ssdm_op_Write.ap_auto.i2P0A, i2 %p_0_5_0_0_0461_i_out, i2 %p_0_5_0_0_0461_i_load"   --->   Operation 1325 'write' 'write_ln0' <Predicate = (icmp_ln33)> <Delay = 0.00>
ST_1 : Operation 1326 [1/1] (0.00ns)   --->   "%write_ln0 = write void @_ssdm_op_Write.ap_auto.i2P0A, i2 %p_0_4_0_0_0459_i_out, i2 %p_0_4_0_0_0459_i_load"   --->   Operation 1326 'write' 'write_ln0' <Predicate = (icmp_ln33)> <Delay = 0.00>
ST_1 : Operation 1327 [1/1] (0.00ns)   --->   "%write_ln0 = write void @_ssdm_op_Write.ap_auto.i2P0A, i2 %p_0_3_0_0_0457_i_out, i2 %p_0_3_0_0_0457_i_load"   --->   Operation 1327 'write' 'write_ln0' <Predicate = (icmp_ln33)> <Delay = 0.00>
ST_1 : Operation 1328 [1/1] (0.00ns)   --->   "%write_ln0 = write void @_ssdm_op_Write.ap_auto.i2P0A, i2 %p_0_2_0_0_0455_i_out, i2 %p_0_2_0_0_0455_i_load"   --->   Operation 1328 'write' 'write_ln0' <Predicate = (icmp_ln33)> <Delay = 0.00>
ST_1 : Operation 1329 [1/1] (0.00ns)   --->   "%write_ln0 = write void @_ssdm_op_Write.ap_auto.i2P0A, i2 %p_0_1_0_0_0453_i_out, i2 %p_0_1_0_0_0453_i_load"   --->   Operation 1329 'write' 'write_ln0' <Predicate = (icmp_ln33)> <Delay = 0.00>
ST_1 : Operation 1330 [1/1] (0.00ns)   --->   "%write_ln0 = write void @_ssdm_op_Write.ap_auto.i2P0A, i2 %p_0_0_0_0_0451_i_out, i2 %p_0_0_0_0_0451_i_load"   --->   Operation 1330 'write' 'write_ln0' <Predicate = (icmp_ln33)> <Delay = 0.00>
ST_1 : Operation 1331 [1/1] (0.00ns)   --->   "%write_ln0 = write void @_ssdm_op_Write.ap_auto.i2P0A, i2 %p_0_15_0_0_0449_i_out, i2 %p_0_15_0_0_0449_i_load"   --->   Operation 1331 'write' 'write_ln0' <Predicate = (icmp_ln33)> <Delay = 0.00>
ST_1 : Operation 1332 [1/1] (0.00ns)   --->   "%write_ln0 = write void @_ssdm_op_Write.ap_auto.i2P0A, i2 %p_0_13_0_0_0447_i_out, i2 %p_0_13_0_0_0447_i_load"   --->   Operation 1332 'write' 'write_ln0' <Predicate = (icmp_ln33)> <Delay = 0.00>
ST_1 : Operation 1333 [1/1] (0.00ns)   --->   "%write_ln0 = write void @_ssdm_op_Write.ap_auto.i2P0A, i2 %p_0_12_0_0_0445_i_out, i2 %p_0_12_0_0_0445_i_load"   --->   Operation 1333 'write' 'write_ln0' <Predicate = (icmp_ln33)> <Delay = 0.00>
ST_1 : Operation 1334 [1/1] (0.00ns)   --->   "%write_ln0 = write void @_ssdm_op_Write.ap_auto.i2P0A, i2 %p_0_11_0_0_0443_i_out, i2 %p_0_11_0_0_0443_i_load"   --->   Operation 1334 'write' 'write_ln0' <Predicate = (icmp_ln33)> <Delay = 0.00>
ST_1 : Operation 1335 [1/1] (0.00ns)   --->   "%write_ln0 = write void @_ssdm_op_Write.ap_auto.i2P0A, i2 %p_0_10_0_0_0441_i_out, i2 %p_0_10_0_0_0441_i_load"   --->   Operation 1335 'write' 'write_ln0' <Predicate = (icmp_ln33)> <Delay = 0.00>
ST_1 : Operation 1336 [1/1] (0.00ns)   --->   "%write_ln0 = write void @_ssdm_op_Write.ap_auto.i2P0A, i2 %p_0_9_0_0_0439_i_out, i2 %p_0_9_0_0_0439_i_load"   --->   Operation 1336 'write' 'write_ln0' <Predicate = (icmp_ln33)> <Delay = 0.00>
ST_1 : Operation 1337 [1/1] (0.00ns)   --->   "%write_ln0 = write void @_ssdm_op_Write.ap_auto.i2P0A, i2 %p_0_8_0_0_0437_i_out, i2 %p_0_8_0_0_0437_i_load"   --->   Operation 1337 'write' 'write_ln0' <Predicate = (icmp_ln33)> <Delay = 0.00>
ST_1 : Operation 1338 [1/1] (0.00ns)   --->   "%write_ln0 = write void @_ssdm_op_Write.ap_auto.i2P0A, i2 %p_0_7_0_0_0435_i_out, i2 %p_0_7_0_0_0435_i_load"   --->   Operation 1338 'write' 'write_ln0' <Predicate = (icmp_ln33)> <Delay = 0.00>
ST_1 : Operation 1339 [1/1] (0.00ns)   --->   "%write_ln0 = write void @_ssdm_op_Write.ap_auto.i2P0A, i2 %p_0_6_0_0_0433_i_out, i2 %p_0_6_0_0_0433_i_load"   --->   Operation 1339 'write' 'write_ln0' <Predicate = (icmp_ln33)> <Delay = 0.00>
ST_1 : Operation 1340 [1/1] (0.00ns)   --->   "%write_ln0 = write void @_ssdm_op_Write.ap_auto.i2P0A, i2 %p_0_5_0_0_0431_i_out, i2 %p_0_5_0_0_0431_i_load"   --->   Operation 1340 'write' 'write_ln0' <Predicate = (icmp_ln33)> <Delay = 0.00>
ST_1 : Operation 1341 [1/1] (0.00ns)   --->   "%write_ln0 = write void @_ssdm_op_Write.ap_auto.i2P0A, i2 %p_0_4_0_0_0429_i_out, i2 %p_0_4_0_0_0429_i_load"   --->   Operation 1341 'write' 'write_ln0' <Predicate = (icmp_ln33)> <Delay = 0.00>
ST_1 : Operation 1342 [1/1] (0.00ns)   --->   "%write_ln0 = write void @_ssdm_op_Write.ap_auto.i2P0A, i2 %p_0_3_0_0_0427_i_out, i2 %p_0_3_0_0_0427_i_load"   --->   Operation 1342 'write' 'write_ln0' <Predicate = (icmp_ln33)> <Delay = 0.00>
ST_1 : Operation 1343 [1/1] (0.00ns)   --->   "%write_ln0 = write void @_ssdm_op_Write.ap_auto.i2P0A, i2 %p_0_2_0_0_0425_i_out, i2 %p_0_2_0_0_0425_i_load"   --->   Operation 1343 'write' 'write_ln0' <Predicate = (icmp_ln33)> <Delay = 0.00>
ST_1 : Operation 1344 [1/1] (0.00ns)   --->   "%write_ln0 = write void @_ssdm_op_Write.ap_auto.i2P0A, i2 %p_0_1_0_0_0423_i_out, i2 %p_0_1_0_0_0423_i_load"   --->   Operation 1344 'write' 'write_ln0' <Predicate = (icmp_ln33)> <Delay = 0.00>
ST_1 : Operation 1345 [1/1] (0.00ns)   --->   "%write_ln0 = write void @_ssdm_op_Write.ap_auto.i2P0A, i2 %p_0_0_0_0_0421_i_out, i2 %p_0_0_0_0_0421_i_load"   --->   Operation 1345 'write' 'write_ln0' <Predicate = (icmp_ln33)> <Delay = 0.00>
ST_1 : Operation 1346 [1/1] (0.00ns)   --->   "%write_ln0 = write void @_ssdm_op_Write.ap_auto.i2P0A, i2 %p_0_15_0_0_0419_i_out, i2 %p_0_15_0_0_0419_i_load"   --->   Operation 1346 'write' 'write_ln0' <Predicate = (icmp_ln33)> <Delay = 0.00>
ST_1 : Operation 1347 [1/1] (0.00ns)   --->   "%write_ln0 = write void @_ssdm_op_Write.ap_auto.i2P0A, i2 %p_0_13_0_0_0417_i_out, i2 %p_0_13_0_0_0417_i_load"   --->   Operation 1347 'write' 'write_ln0' <Predicate = (icmp_ln33)> <Delay = 0.00>
ST_1 : Operation 1348 [1/1] (0.00ns)   --->   "%write_ln0 = write void @_ssdm_op_Write.ap_auto.i2P0A, i2 %p_0_12_0_0_0415_i_out, i2 %p_0_12_0_0_0415_i_load"   --->   Operation 1348 'write' 'write_ln0' <Predicate = (icmp_ln33)> <Delay = 0.00>
ST_1 : Operation 1349 [1/1] (0.00ns)   --->   "%write_ln0 = write void @_ssdm_op_Write.ap_auto.i2P0A, i2 %p_0_11_0_0_0413_i_out, i2 %p_0_11_0_0_0413_i_load"   --->   Operation 1349 'write' 'write_ln0' <Predicate = (icmp_ln33)> <Delay = 0.00>
ST_1 : Operation 1350 [1/1] (0.00ns)   --->   "%write_ln0 = write void @_ssdm_op_Write.ap_auto.i2P0A, i2 %p_0_10_0_0_0411_i_out, i2 %p_0_10_0_0_0411_i_load"   --->   Operation 1350 'write' 'write_ln0' <Predicate = (icmp_ln33)> <Delay = 0.00>
ST_1 : Operation 1351 [1/1] (0.00ns)   --->   "%write_ln0 = write void @_ssdm_op_Write.ap_auto.i2P0A, i2 %p_0_9_0_0_0409_i_out, i2 %p_0_9_0_0_0409_i_load"   --->   Operation 1351 'write' 'write_ln0' <Predicate = (icmp_ln33)> <Delay = 0.00>
ST_1 : Operation 1352 [1/1] (0.00ns)   --->   "%write_ln0 = write void @_ssdm_op_Write.ap_auto.i2P0A, i2 %p_0_8_0_0_0407_i_out, i2 %p_0_8_0_0_0407_i_load"   --->   Operation 1352 'write' 'write_ln0' <Predicate = (icmp_ln33)> <Delay = 0.00>
ST_1 : Operation 1353 [1/1] (0.00ns)   --->   "%write_ln0 = write void @_ssdm_op_Write.ap_auto.i2P0A, i2 %p_0_7_0_0_0405_i_out, i2 %p_0_7_0_0_0405_i_load"   --->   Operation 1353 'write' 'write_ln0' <Predicate = (icmp_ln33)> <Delay = 0.00>
ST_1 : Operation 1354 [1/1] (0.00ns)   --->   "%write_ln0 = write void @_ssdm_op_Write.ap_auto.i2P0A, i2 %p_0_6_0_0_0403_i_out, i2 %p_0_6_0_0_0403_i_load"   --->   Operation 1354 'write' 'write_ln0' <Predicate = (icmp_ln33)> <Delay = 0.00>
ST_1 : Operation 1355 [1/1] (0.00ns)   --->   "%write_ln0 = write void @_ssdm_op_Write.ap_auto.i2P0A, i2 %p_0_5_0_0_0401_i_out, i2 %p_0_5_0_0_0401_i_load"   --->   Operation 1355 'write' 'write_ln0' <Predicate = (icmp_ln33)> <Delay = 0.00>
ST_1 : Operation 1356 [1/1] (0.00ns)   --->   "%write_ln0 = write void @_ssdm_op_Write.ap_auto.i2P0A, i2 %p_0_4_0_0_0399_i_out, i2 %p_0_4_0_0_0399_i_load"   --->   Operation 1356 'write' 'write_ln0' <Predicate = (icmp_ln33)> <Delay = 0.00>
ST_1 : Operation 1357 [1/1] (0.00ns)   --->   "%write_ln0 = write void @_ssdm_op_Write.ap_auto.i2P0A, i2 %p_0_3_0_0_0397_i_out, i2 %p_0_3_0_0_0397_i_load"   --->   Operation 1357 'write' 'write_ln0' <Predicate = (icmp_ln33)> <Delay = 0.00>
ST_1 : Operation 1358 [1/1] (0.00ns)   --->   "%write_ln0 = write void @_ssdm_op_Write.ap_auto.i2P0A, i2 %p_0_2_0_0_0395_i_out, i2 %p_0_2_0_0_0395_i_load"   --->   Operation 1358 'write' 'write_ln0' <Predicate = (icmp_ln33)> <Delay = 0.00>
ST_1 : Operation 1359 [1/1] (0.00ns)   --->   "%write_ln0 = write void @_ssdm_op_Write.ap_auto.i2P0A, i2 %p_0_1_0_0_0393_i_out, i2 %p_0_1_0_0_0393_i_load"   --->   Operation 1359 'write' 'write_ln0' <Predicate = (icmp_ln33)> <Delay = 0.00>
ST_1 : Operation 1360 [1/1] (0.00ns)   --->   "%write_ln0 = write void @_ssdm_op_Write.ap_auto.i2P0A, i2 %p_0_0_0_0_0391_i_out, i2 %p_0_0_0_0_0391_i_load"   --->   Operation 1360 'write' 'write_ln0' <Predicate = (icmp_ln33)> <Delay = 0.00>
ST_1 : Operation 1361 [1/1] (0.00ns)   --->   "%write_ln0 = write void @_ssdm_op_Write.ap_auto.i2P0A, i2 %p_0_15_0_0_0389_i_out, i2 %p_0_15_0_0_0389_i_load"   --->   Operation 1361 'write' 'write_ln0' <Predicate = (icmp_ln33)> <Delay = 0.00>
ST_1 : Operation 1362 [1/1] (0.00ns)   --->   "%write_ln0 = write void @_ssdm_op_Write.ap_auto.i2P0A, i2 %p_0_13_0_0_0387_i_out, i2 %p_0_13_0_0_0387_i_load"   --->   Operation 1362 'write' 'write_ln0' <Predicate = (icmp_ln33)> <Delay = 0.00>
ST_1 : Operation 1363 [1/1] (0.00ns)   --->   "%write_ln0 = write void @_ssdm_op_Write.ap_auto.i2P0A, i2 %p_0_12_0_0_0385_i_out, i2 %p_0_12_0_0_0385_i_load"   --->   Operation 1363 'write' 'write_ln0' <Predicate = (icmp_ln33)> <Delay = 0.00>
ST_1 : Operation 1364 [1/1] (0.00ns)   --->   "%write_ln0 = write void @_ssdm_op_Write.ap_auto.i2P0A, i2 %p_0_11_0_0_0383_i_out, i2 %p_0_11_0_0_0383_i_load"   --->   Operation 1364 'write' 'write_ln0' <Predicate = (icmp_ln33)> <Delay = 0.00>
ST_1 : Operation 1365 [1/1] (0.00ns)   --->   "%write_ln0 = write void @_ssdm_op_Write.ap_auto.i2P0A, i2 %p_0_10_0_0_0381_i_out, i2 %p_0_10_0_0_0381_i_load"   --->   Operation 1365 'write' 'write_ln0' <Predicate = (icmp_ln33)> <Delay = 0.00>
ST_1 : Operation 1366 [1/1] (0.00ns)   --->   "%write_ln0 = write void @_ssdm_op_Write.ap_auto.i2P0A, i2 %p_0_9_0_0_0379_i_out, i2 %p_0_9_0_0_0379_i_load"   --->   Operation 1366 'write' 'write_ln0' <Predicate = (icmp_ln33)> <Delay = 0.00>
ST_1 : Operation 1367 [1/1] (0.00ns)   --->   "%write_ln0 = write void @_ssdm_op_Write.ap_auto.i2P0A, i2 %p_0_8_0_0_0377_i_out, i2 %p_0_8_0_0_0377_i_load"   --->   Operation 1367 'write' 'write_ln0' <Predicate = (icmp_ln33)> <Delay = 0.00>
ST_1 : Operation 1368 [1/1] (0.00ns)   --->   "%write_ln0 = write void @_ssdm_op_Write.ap_auto.i2P0A, i2 %p_0_7_0_0_0375_i_out, i2 %p_0_7_0_0_0375_i_load"   --->   Operation 1368 'write' 'write_ln0' <Predicate = (icmp_ln33)> <Delay = 0.00>
ST_1 : Operation 1369 [1/1] (0.00ns)   --->   "%write_ln0 = write void @_ssdm_op_Write.ap_auto.i2P0A, i2 %p_0_6_0_0_0373_i_out, i2 %p_0_6_0_0_0373_i_load"   --->   Operation 1369 'write' 'write_ln0' <Predicate = (icmp_ln33)> <Delay = 0.00>
ST_1 : Operation 1370 [1/1] (0.00ns)   --->   "%write_ln0 = write void @_ssdm_op_Write.ap_auto.i2P0A, i2 %p_0_5_0_0_0371_i_out, i2 %p_0_5_0_0_0371_i_load"   --->   Operation 1370 'write' 'write_ln0' <Predicate = (icmp_ln33)> <Delay = 0.00>
ST_1 : Operation 1371 [1/1] (0.00ns)   --->   "%write_ln0 = write void @_ssdm_op_Write.ap_auto.i2P0A, i2 %p_0_4_0_0_0369_i_out, i2 %p_0_4_0_0_0369_i_load"   --->   Operation 1371 'write' 'write_ln0' <Predicate = (icmp_ln33)> <Delay = 0.00>
ST_1 : Operation 1372 [1/1] (0.00ns)   --->   "%write_ln0 = write void @_ssdm_op_Write.ap_auto.i2P0A, i2 %p_0_3_0_0_0367_i_out, i2 %p_0_3_0_0_0367_i_load"   --->   Operation 1372 'write' 'write_ln0' <Predicate = (icmp_ln33)> <Delay = 0.00>
ST_1 : Operation 1373 [1/1] (0.00ns)   --->   "%write_ln0 = write void @_ssdm_op_Write.ap_auto.i2P0A, i2 %p_0_2_0_0_0365_i_out, i2 %p_0_2_0_0_0365_i_load"   --->   Operation 1373 'write' 'write_ln0' <Predicate = (icmp_ln33)> <Delay = 0.00>
ST_1 : Operation 1374 [1/1] (0.00ns)   --->   "%write_ln0 = write void @_ssdm_op_Write.ap_auto.i2P0A, i2 %p_0_1_0_0_0363_i_out, i2 %p_0_1_0_0_0363_i_load"   --->   Operation 1374 'write' 'write_ln0' <Predicate = (icmp_ln33)> <Delay = 0.00>
ST_1 : Operation 1375 [1/1] (0.00ns)   --->   "%write_ln0 = write void @_ssdm_op_Write.ap_auto.i2P0A, i2 %p_0_0_0_0_0361_i_out, i2 %p_0_0_0_0_0361_i_load"   --->   Operation 1375 'write' 'write_ln0' <Predicate = (icmp_ln33)> <Delay = 0.00>
ST_1 : Operation 1376 [1/1] (0.00ns)   --->   "%write_ln0 = write void @_ssdm_op_Write.ap_auto.i2P0A, i2 %p_0_15_0_0_0359_i_out, i2 %p_0_15_0_0_0359_i_load"   --->   Operation 1376 'write' 'write_ln0' <Predicate = (icmp_ln33)> <Delay = 0.00>
ST_1 : Operation 1377 [1/1] (0.00ns)   --->   "%write_ln0 = write void @_ssdm_op_Write.ap_auto.i2P0A, i2 %p_0_13_0_0_0357_i_out, i2 %p_0_13_0_0_0357_i_load"   --->   Operation 1377 'write' 'write_ln0' <Predicate = (icmp_ln33)> <Delay = 0.00>
ST_1 : Operation 1378 [1/1] (0.00ns)   --->   "%write_ln0 = write void @_ssdm_op_Write.ap_auto.i2P0A, i2 %p_0_12_0_0_0355_i_out, i2 %p_0_12_0_0_0355_i_load"   --->   Operation 1378 'write' 'write_ln0' <Predicate = (icmp_ln33)> <Delay = 0.00>
ST_1 : Operation 1379 [1/1] (0.00ns)   --->   "%write_ln0 = write void @_ssdm_op_Write.ap_auto.i2P0A, i2 %p_0_11_0_0_0353_i_out, i2 %p_0_11_0_0_0353_i_load"   --->   Operation 1379 'write' 'write_ln0' <Predicate = (icmp_ln33)> <Delay = 0.00>
ST_1 : Operation 1380 [1/1] (0.00ns)   --->   "%write_ln0 = write void @_ssdm_op_Write.ap_auto.i2P0A, i2 %p_0_10_0_0_0351_i_out, i2 %p_0_10_0_0_0351_i_load"   --->   Operation 1380 'write' 'write_ln0' <Predicate = (icmp_ln33)> <Delay = 0.00>
ST_1 : Operation 1381 [1/1] (0.00ns)   --->   "%write_ln0 = write void @_ssdm_op_Write.ap_auto.i2P0A, i2 %p_0_9_0_0_0349_i_out, i2 %p_0_9_0_0_0349_i_load"   --->   Operation 1381 'write' 'write_ln0' <Predicate = (icmp_ln33)> <Delay = 0.00>
ST_1 : Operation 1382 [1/1] (0.00ns)   --->   "%write_ln0 = write void @_ssdm_op_Write.ap_auto.i2P0A, i2 %p_0_8_0_0_0347_i_out, i2 %p_0_8_0_0_0347_i_load"   --->   Operation 1382 'write' 'write_ln0' <Predicate = (icmp_ln33)> <Delay = 0.00>
ST_1 : Operation 1383 [1/1] (0.00ns)   --->   "%write_ln0 = write void @_ssdm_op_Write.ap_auto.i2P0A, i2 %p_0_7_0_0_0345_i_out, i2 %p_0_7_0_0_0345_i_load"   --->   Operation 1383 'write' 'write_ln0' <Predicate = (icmp_ln33)> <Delay = 0.00>
ST_1 : Operation 1384 [1/1] (0.00ns)   --->   "%write_ln0 = write void @_ssdm_op_Write.ap_auto.i2P0A, i2 %p_0_6_0_0_0343_i_out, i2 %p_0_6_0_0_0343_i_load"   --->   Operation 1384 'write' 'write_ln0' <Predicate = (icmp_ln33)> <Delay = 0.00>
ST_1 : Operation 1385 [1/1] (0.00ns)   --->   "%write_ln0 = write void @_ssdm_op_Write.ap_auto.i2P0A, i2 %p_0_5_0_0_0341_i_out, i2 %p_0_5_0_0_0341_i_load"   --->   Operation 1385 'write' 'write_ln0' <Predicate = (icmp_ln33)> <Delay = 0.00>
ST_1 : Operation 1386 [1/1] (0.00ns)   --->   "%write_ln0 = write void @_ssdm_op_Write.ap_auto.i2P0A, i2 %p_0_4_0_0_0339_i_out, i2 %p_0_4_0_0_0339_i_load"   --->   Operation 1386 'write' 'write_ln0' <Predicate = (icmp_ln33)> <Delay = 0.00>
ST_1 : Operation 1387 [1/1] (0.00ns)   --->   "%write_ln0 = write void @_ssdm_op_Write.ap_auto.i2P0A, i2 %p_0_3_0_0_0337_i_out, i2 %p_0_3_0_0_0337_i_load"   --->   Operation 1387 'write' 'write_ln0' <Predicate = (icmp_ln33)> <Delay = 0.00>
ST_1 : Operation 1388 [1/1] (0.00ns)   --->   "%write_ln0 = write void @_ssdm_op_Write.ap_auto.i2P0A, i2 %p_0_2_0_0_0335_i_out, i2 %p_0_2_0_0_0335_i_load"   --->   Operation 1388 'write' 'write_ln0' <Predicate = (icmp_ln33)> <Delay = 0.00>
ST_1 : Operation 1389 [1/1] (0.00ns)   --->   "%write_ln0 = write void @_ssdm_op_Write.ap_auto.i2P0A, i2 %p_0_1_0_0_0333_i_out, i2 %p_0_1_0_0_0333_i_load"   --->   Operation 1389 'write' 'write_ln0' <Predicate = (icmp_ln33)> <Delay = 0.00>
ST_1 : Operation 1390 [1/1] (0.00ns)   --->   "%write_ln0 = write void @_ssdm_op_Write.ap_auto.i2P0A, i2 %p_0_0_0_0_0331_i_out, i2 %p_0_0_0_0_0331_i_load"   --->   Operation 1390 'write' 'write_ln0' <Predicate = (icmp_ln33)> <Delay = 0.00>
ST_1 : Operation 1391 [1/1] (0.00ns)   --->   "%write_ln0 = write void @_ssdm_op_Write.ap_auto.i2P0A, i2 %p_0_15_0_0_0329_i_out, i2 %p_0_15_0_0_0329_i_load"   --->   Operation 1391 'write' 'write_ln0' <Predicate = (icmp_ln33)> <Delay = 0.00>
ST_1 : Operation 1392 [1/1] (0.00ns)   --->   "%write_ln0 = write void @_ssdm_op_Write.ap_auto.i2P0A, i2 %p_0_13_0_0_0327_i_out, i2 %p_0_13_0_0_0327_i_load"   --->   Operation 1392 'write' 'write_ln0' <Predicate = (icmp_ln33)> <Delay = 0.00>
ST_1 : Operation 1393 [1/1] (0.00ns)   --->   "%write_ln0 = write void @_ssdm_op_Write.ap_auto.i2P0A, i2 %p_0_12_0_0_0325_i_out, i2 %p_0_12_0_0_0325_i_load"   --->   Operation 1393 'write' 'write_ln0' <Predicate = (icmp_ln33)> <Delay = 0.00>
ST_1 : Operation 1394 [1/1] (0.00ns)   --->   "%write_ln0 = write void @_ssdm_op_Write.ap_auto.i2P0A, i2 %p_0_11_0_0_0323_i_out, i2 %p_0_11_0_0_0323_i_load"   --->   Operation 1394 'write' 'write_ln0' <Predicate = (icmp_ln33)> <Delay = 0.00>
ST_1 : Operation 1395 [1/1] (0.00ns)   --->   "%write_ln0 = write void @_ssdm_op_Write.ap_auto.i2P0A, i2 %p_0_10_0_0_0321_i_out, i2 %p_0_10_0_0_0321_i_load"   --->   Operation 1395 'write' 'write_ln0' <Predicate = (icmp_ln33)> <Delay = 0.00>
ST_1 : Operation 1396 [1/1] (0.00ns)   --->   "%write_ln0 = write void @_ssdm_op_Write.ap_auto.i2P0A, i2 %p_0_9_0_0_0319_i_out, i2 %p_0_9_0_0_0319_i_load"   --->   Operation 1396 'write' 'write_ln0' <Predicate = (icmp_ln33)> <Delay = 0.00>
ST_1 : Operation 1397 [1/1] (0.00ns)   --->   "%write_ln0 = write void @_ssdm_op_Write.ap_auto.i2P0A, i2 %p_0_8_0_0_0317_i_out, i2 %p_0_8_0_0_0317_i_load"   --->   Operation 1397 'write' 'write_ln0' <Predicate = (icmp_ln33)> <Delay = 0.00>
ST_1 : Operation 1398 [1/1] (0.00ns)   --->   "%write_ln0 = write void @_ssdm_op_Write.ap_auto.i2P0A, i2 %p_0_7_0_0_0315_i_out, i2 %p_0_7_0_0_0315_i_load"   --->   Operation 1398 'write' 'write_ln0' <Predicate = (icmp_ln33)> <Delay = 0.00>
ST_1 : Operation 1399 [1/1] (0.00ns)   --->   "%write_ln0 = write void @_ssdm_op_Write.ap_auto.i2P0A, i2 %p_0_6_0_0_0313_i_out, i2 %p_0_6_0_0_0313_i_load"   --->   Operation 1399 'write' 'write_ln0' <Predicate = (icmp_ln33)> <Delay = 0.00>
ST_1 : Operation 1400 [1/1] (0.00ns)   --->   "%write_ln0 = write void @_ssdm_op_Write.ap_auto.i2P0A, i2 %p_0_5_0_0_0311_i_out, i2 %p_0_5_0_0_0311_i_load"   --->   Operation 1400 'write' 'write_ln0' <Predicate = (icmp_ln33)> <Delay = 0.00>
ST_1 : Operation 1401 [1/1] (0.00ns)   --->   "%write_ln0 = write void @_ssdm_op_Write.ap_auto.i2P0A, i2 %p_0_4_0_0_0309_i_out, i2 %p_0_4_0_0_0309_i_load"   --->   Operation 1401 'write' 'write_ln0' <Predicate = (icmp_ln33)> <Delay = 0.00>
ST_1 : Operation 1402 [1/1] (0.00ns)   --->   "%write_ln0 = write void @_ssdm_op_Write.ap_auto.i2P0A, i2 %p_0_3_0_0_0307_i_out, i2 %p_0_3_0_0_0307_i_load"   --->   Operation 1402 'write' 'write_ln0' <Predicate = (icmp_ln33)> <Delay = 0.00>
ST_1 : Operation 1403 [1/1] (0.00ns)   --->   "%write_ln0 = write void @_ssdm_op_Write.ap_auto.i2P0A, i2 %p_0_2_0_0_0305_i_out, i2 %p_0_2_0_0_0305_i_load"   --->   Operation 1403 'write' 'write_ln0' <Predicate = (icmp_ln33)> <Delay = 0.00>
ST_1 : Operation 1404 [1/1] (0.00ns)   --->   "%write_ln0 = write void @_ssdm_op_Write.ap_auto.i2P0A, i2 %p_0_1_0_0_0303_i_out, i2 %p_0_1_0_0_0303_i_load"   --->   Operation 1404 'write' 'write_ln0' <Predicate = (icmp_ln33)> <Delay = 0.00>
ST_1 : Operation 1405 [1/1] (0.00ns)   --->   "%write_ln0 = write void @_ssdm_op_Write.ap_auto.i2P0A, i2 %p_0_0_0_0_0301_i_out, i2 %p_0_0_0_0_0301_i_load"   --->   Operation 1405 'write' 'write_ln0' <Predicate = (icmp_ln33)> <Delay = 0.00>
ST_1 : Operation 1406 [1/1] (0.00ns)   --->   "%write_ln0 = write void @_ssdm_op_Write.ap_auto.i2P0A, i2 %p_0_15_0_0_0299_i_out, i2 %p_0_15_0_0_0299_i_load"   --->   Operation 1406 'write' 'write_ln0' <Predicate = (icmp_ln33)> <Delay = 0.00>
ST_1 : Operation 1407 [1/1] (0.00ns)   --->   "%write_ln0 = write void @_ssdm_op_Write.ap_auto.i2P0A, i2 %p_0_13_0_0_0297_i_out, i2 %p_0_13_0_0_0297_i_load"   --->   Operation 1407 'write' 'write_ln0' <Predicate = (icmp_ln33)> <Delay = 0.00>
ST_1 : Operation 1408 [1/1] (0.00ns)   --->   "%write_ln0 = write void @_ssdm_op_Write.ap_auto.i2P0A, i2 %p_0_12_0_0_0295_i_out, i2 %p_0_12_0_0_0295_i_load"   --->   Operation 1408 'write' 'write_ln0' <Predicate = (icmp_ln33)> <Delay = 0.00>
ST_1 : Operation 1409 [1/1] (0.00ns)   --->   "%write_ln0 = write void @_ssdm_op_Write.ap_auto.i2P0A, i2 %p_0_11_0_0_0293_i_out, i2 %p_0_11_0_0_0293_i_load"   --->   Operation 1409 'write' 'write_ln0' <Predicate = (icmp_ln33)> <Delay = 0.00>
ST_1 : Operation 1410 [1/1] (0.00ns)   --->   "%write_ln0 = write void @_ssdm_op_Write.ap_auto.i2P0A, i2 %p_0_10_0_0_0291_i_out, i2 %p_0_10_0_0_0291_i_load"   --->   Operation 1410 'write' 'write_ln0' <Predicate = (icmp_ln33)> <Delay = 0.00>
ST_1 : Operation 1411 [1/1] (0.00ns)   --->   "%write_ln0 = write void @_ssdm_op_Write.ap_auto.i2P0A, i2 %p_0_9_0_0_0289_i_out, i2 %p_0_9_0_0_0289_i_load"   --->   Operation 1411 'write' 'write_ln0' <Predicate = (icmp_ln33)> <Delay = 0.00>
ST_1 : Operation 1412 [1/1] (0.00ns)   --->   "%write_ln0 = write void @_ssdm_op_Write.ap_auto.i2P0A, i2 %p_0_8_0_0_0287_i_out, i2 %p_0_8_0_0_0287_i_load"   --->   Operation 1412 'write' 'write_ln0' <Predicate = (icmp_ln33)> <Delay = 0.00>
ST_1 : Operation 1413 [1/1] (0.00ns)   --->   "%write_ln0 = write void @_ssdm_op_Write.ap_auto.i2P0A, i2 %p_0_7_0_0_0285_i_out, i2 %p_0_7_0_0_0285_i_load"   --->   Operation 1413 'write' 'write_ln0' <Predicate = (icmp_ln33)> <Delay = 0.00>
ST_1 : Operation 1414 [1/1] (0.00ns)   --->   "%write_ln0 = write void @_ssdm_op_Write.ap_auto.i2P0A, i2 %p_0_6_0_0_0283_i_out, i2 %p_0_6_0_0_0283_i_load"   --->   Operation 1414 'write' 'write_ln0' <Predicate = (icmp_ln33)> <Delay = 0.00>
ST_1 : Operation 1415 [1/1] (0.00ns)   --->   "%write_ln0 = write void @_ssdm_op_Write.ap_auto.i2P0A, i2 %p_0_5_0_0_0281_i_out, i2 %p_0_5_0_0_0281_i_load"   --->   Operation 1415 'write' 'write_ln0' <Predicate = (icmp_ln33)> <Delay = 0.00>
ST_1 : Operation 1416 [1/1] (0.00ns)   --->   "%write_ln0 = write void @_ssdm_op_Write.ap_auto.i2P0A, i2 %p_0_4_0_0_0279_i_out, i2 %p_0_4_0_0_0279_i_load"   --->   Operation 1416 'write' 'write_ln0' <Predicate = (icmp_ln33)> <Delay = 0.00>
ST_1 : Operation 1417 [1/1] (0.00ns)   --->   "%write_ln0 = write void @_ssdm_op_Write.ap_auto.i2P0A, i2 %p_0_3_0_0_0277_i_out, i2 %p_0_3_0_0_0277_i_load"   --->   Operation 1417 'write' 'write_ln0' <Predicate = (icmp_ln33)> <Delay = 0.00>
ST_1 : Operation 1418 [1/1] (0.00ns)   --->   "%write_ln0 = write void @_ssdm_op_Write.ap_auto.i2P0A, i2 %p_0_2_0_0_0275_i_out, i2 %p_0_2_0_0_0275_i_load"   --->   Operation 1418 'write' 'write_ln0' <Predicate = (icmp_ln33)> <Delay = 0.00>
ST_1 : Operation 1419 [1/1] (0.00ns)   --->   "%write_ln0 = write void @_ssdm_op_Write.ap_auto.i2P0A, i2 %p_0_1_0_0_0273_i_out, i2 %p_0_1_0_0_0273_i_load"   --->   Operation 1419 'write' 'write_ln0' <Predicate = (icmp_ln33)> <Delay = 0.00>
ST_1 : Operation 1420 [1/1] (0.00ns)   --->   "%write_ln0 = write void @_ssdm_op_Write.ap_auto.i2P0A, i2 %p_0_0_0_0_0271_i_out, i2 %p_0_0_0_0_0271_i_load"   --->   Operation 1420 'write' 'write_ln0' <Predicate = (icmp_ln33)> <Delay = 0.00>
ST_1 : Operation 1421 [1/1] (0.00ns)   --->   "%write_ln0 = write void @_ssdm_op_Write.ap_auto.i2P0A, i2 %p_0_15_0_0_0269_i_out, i2 %p_0_15_0_0_0269_i_load"   --->   Operation 1421 'write' 'write_ln0' <Predicate = (icmp_ln33)> <Delay = 0.00>
ST_1 : Operation 1422 [1/1] (0.00ns)   --->   "%write_ln0 = write void @_ssdm_op_Write.ap_auto.i2P0A, i2 %p_0_13_0_0_0267_i_out, i2 %p_0_13_0_0_0267_i_load"   --->   Operation 1422 'write' 'write_ln0' <Predicate = (icmp_ln33)> <Delay = 0.00>
ST_1 : Operation 1423 [1/1] (0.00ns)   --->   "%write_ln0 = write void @_ssdm_op_Write.ap_auto.i2P0A, i2 %p_0_12_0_0_0265_i_out, i2 %p_0_12_0_0_0265_i_load"   --->   Operation 1423 'write' 'write_ln0' <Predicate = (icmp_ln33)> <Delay = 0.00>
ST_1 : Operation 1424 [1/1] (0.00ns)   --->   "%write_ln0 = write void @_ssdm_op_Write.ap_auto.i2P0A, i2 %p_0_11_0_0_0263_i_out, i2 %p_0_11_0_0_0263_i_load"   --->   Operation 1424 'write' 'write_ln0' <Predicate = (icmp_ln33)> <Delay = 0.00>
ST_1 : Operation 1425 [1/1] (0.00ns)   --->   "%write_ln0 = write void @_ssdm_op_Write.ap_auto.i2P0A, i2 %p_0_10_0_0_0261_i_out, i2 %p_0_10_0_0_0261_i_load"   --->   Operation 1425 'write' 'write_ln0' <Predicate = (icmp_ln33)> <Delay = 0.00>
ST_1 : Operation 1426 [1/1] (0.00ns)   --->   "%write_ln0 = write void @_ssdm_op_Write.ap_auto.i2P0A, i2 %p_0_9_0_0_0259_i_out, i2 %p_0_9_0_0_0259_i_load"   --->   Operation 1426 'write' 'write_ln0' <Predicate = (icmp_ln33)> <Delay = 0.00>
ST_1 : Operation 1427 [1/1] (0.00ns)   --->   "%write_ln0 = write void @_ssdm_op_Write.ap_auto.i2P0A, i2 %p_0_8_0_0_0257_i_out, i2 %p_0_8_0_0_0257_i_load"   --->   Operation 1427 'write' 'write_ln0' <Predicate = (icmp_ln33)> <Delay = 0.00>
ST_1 : Operation 1428 [1/1] (0.00ns)   --->   "%write_ln0 = write void @_ssdm_op_Write.ap_auto.i2P0A, i2 %p_0_7_0_0_0255_i_out, i2 %p_0_7_0_0_0255_i_load"   --->   Operation 1428 'write' 'write_ln0' <Predicate = (icmp_ln33)> <Delay = 0.00>
ST_1 : Operation 1429 [1/1] (0.00ns)   --->   "%write_ln0 = write void @_ssdm_op_Write.ap_auto.i2P0A, i2 %p_0_6_0_0_0253_i_out, i2 %p_0_6_0_0_0253_i_load"   --->   Operation 1429 'write' 'write_ln0' <Predicate = (icmp_ln33)> <Delay = 0.00>
ST_1 : Operation 1430 [1/1] (0.00ns)   --->   "%write_ln0 = write void @_ssdm_op_Write.ap_auto.i2P0A, i2 %p_0_5_0_0_0251_i_out, i2 %p_0_5_0_0_0251_i_load"   --->   Operation 1430 'write' 'write_ln0' <Predicate = (icmp_ln33)> <Delay = 0.00>
ST_1 : Operation 1431 [1/1] (0.00ns)   --->   "%write_ln0 = write void @_ssdm_op_Write.ap_auto.i2P0A, i2 %p_0_4_0_0_0249_i_out, i2 %p_0_4_0_0_0249_i_load"   --->   Operation 1431 'write' 'write_ln0' <Predicate = (icmp_ln33)> <Delay = 0.00>
ST_1 : Operation 1432 [1/1] (0.00ns)   --->   "%write_ln0 = write void @_ssdm_op_Write.ap_auto.i2P0A, i2 %p_0_3_0_0_0247_i_out, i2 %p_0_3_0_0_0247_i_load"   --->   Operation 1432 'write' 'write_ln0' <Predicate = (icmp_ln33)> <Delay = 0.00>
ST_1 : Operation 1433 [1/1] (0.00ns)   --->   "%write_ln0 = write void @_ssdm_op_Write.ap_auto.i2P0A, i2 %p_0_2_0_0_0245_i_out, i2 %p_0_2_0_0_0245_i_load"   --->   Operation 1433 'write' 'write_ln0' <Predicate = (icmp_ln33)> <Delay = 0.00>
ST_1 : Operation 1434 [1/1] (0.00ns)   --->   "%write_ln0 = write void @_ssdm_op_Write.ap_auto.i2P0A, i2 %p_0_1_0_0_0243_i_out, i2 %p_0_1_0_0_0243_i_load"   --->   Operation 1434 'write' 'write_ln0' <Predicate = (icmp_ln33)> <Delay = 0.00>
ST_1 : Operation 1435 [1/1] (0.00ns)   --->   "%write_ln0 = write void @_ssdm_op_Write.ap_auto.i2P0A, i2 %p_0_0_0_0_0241_i_out, i2 %p_0_0_0_0_0241_i_load"   --->   Operation 1435 'write' 'write_ln0' <Predicate = (icmp_ln33)> <Delay = 0.00>
ST_1 : Operation 1436 [1/1] (0.00ns)   --->   "%write_ln0 = write void @_ssdm_op_Write.ap_auto.i2P0A, i2 %p_0_15_0_0_0239_i_out, i2 %p_0_15_0_0_0239_i_load"   --->   Operation 1436 'write' 'write_ln0' <Predicate = (icmp_ln33)> <Delay = 0.00>
ST_1 : Operation 1437 [1/1] (0.00ns)   --->   "%write_ln0 = write void @_ssdm_op_Write.ap_auto.i2P0A, i2 %p_0_13_0_0_0237_i_out, i2 %p_0_13_0_0_0237_i_load"   --->   Operation 1437 'write' 'write_ln0' <Predicate = (icmp_ln33)> <Delay = 0.00>
ST_1 : Operation 1438 [1/1] (0.00ns)   --->   "%write_ln0 = write void @_ssdm_op_Write.ap_auto.i2P0A, i2 %p_0_12_0_0_0235_i_out, i2 %p_0_12_0_0_0235_i_load"   --->   Operation 1438 'write' 'write_ln0' <Predicate = (icmp_ln33)> <Delay = 0.00>
ST_1 : Operation 1439 [1/1] (0.00ns)   --->   "%write_ln0 = write void @_ssdm_op_Write.ap_auto.i2P0A, i2 %p_0_11_0_0_0233_i_out, i2 %p_0_11_0_0_0233_i_load"   --->   Operation 1439 'write' 'write_ln0' <Predicate = (icmp_ln33)> <Delay = 0.00>
ST_1 : Operation 1440 [1/1] (0.00ns)   --->   "%write_ln0 = write void @_ssdm_op_Write.ap_auto.i2P0A, i2 %p_0_10_0_0_0231_i_out, i2 %p_0_10_0_0_0231_i_load"   --->   Operation 1440 'write' 'write_ln0' <Predicate = (icmp_ln33)> <Delay = 0.00>
ST_1 : Operation 1441 [1/1] (0.00ns)   --->   "%write_ln0 = write void @_ssdm_op_Write.ap_auto.i2P0A, i2 %p_0_9_0_0_0229_i_out, i2 %p_0_9_0_0_0229_i_load"   --->   Operation 1441 'write' 'write_ln0' <Predicate = (icmp_ln33)> <Delay = 0.00>
ST_1 : Operation 1442 [1/1] (0.00ns)   --->   "%write_ln0 = write void @_ssdm_op_Write.ap_auto.i2P0A, i2 %p_0_8_0_0_0227_i_out, i2 %p_0_8_0_0_0227_i_load"   --->   Operation 1442 'write' 'write_ln0' <Predicate = (icmp_ln33)> <Delay = 0.00>
ST_1 : Operation 1443 [1/1] (0.00ns)   --->   "%write_ln0 = write void @_ssdm_op_Write.ap_auto.i2P0A, i2 %p_0_7_0_0_0225_i_out, i2 %p_0_7_0_0_0225_i_load"   --->   Operation 1443 'write' 'write_ln0' <Predicate = (icmp_ln33)> <Delay = 0.00>
ST_1 : Operation 1444 [1/1] (0.00ns)   --->   "%write_ln0 = write void @_ssdm_op_Write.ap_auto.i2P0A, i2 %p_0_6_0_0_0223_i_out, i2 %p_0_6_0_0_0223_i_load"   --->   Operation 1444 'write' 'write_ln0' <Predicate = (icmp_ln33)> <Delay = 0.00>
ST_1 : Operation 1445 [1/1] (0.00ns)   --->   "%write_ln0 = write void @_ssdm_op_Write.ap_auto.i2P0A, i2 %p_0_5_0_0_0221_i_out, i2 %p_0_5_0_0_0221_i_load"   --->   Operation 1445 'write' 'write_ln0' <Predicate = (icmp_ln33)> <Delay = 0.00>
ST_1 : Operation 1446 [1/1] (0.00ns)   --->   "%write_ln0 = write void @_ssdm_op_Write.ap_auto.i2P0A, i2 %p_0_4_0_0_0219_i_out, i2 %p_0_4_0_0_0219_i_load"   --->   Operation 1446 'write' 'write_ln0' <Predicate = (icmp_ln33)> <Delay = 0.00>
ST_1 : Operation 1447 [1/1] (0.00ns)   --->   "%write_ln0 = write void @_ssdm_op_Write.ap_auto.i2P0A, i2 %p_0_3_0_0_0217_i_out, i2 %p_0_3_0_0_0217_i_load"   --->   Operation 1447 'write' 'write_ln0' <Predicate = (icmp_ln33)> <Delay = 0.00>
ST_1 : Operation 1448 [1/1] (0.00ns)   --->   "%write_ln0 = write void @_ssdm_op_Write.ap_auto.i2P0A, i2 %p_0_2_0_0_0215_i_out, i2 %p_0_2_0_0_0215_i_load"   --->   Operation 1448 'write' 'write_ln0' <Predicate = (icmp_ln33)> <Delay = 0.00>
ST_1 : Operation 1449 [1/1] (0.00ns)   --->   "%write_ln0 = write void @_ssdm_op_Write.ap_auto.i2P0A, i2 %p_0_1_0_0_0213_i_out, i2 %p_0_1_0_0_0213_i_load"   --->   Operation 1449 'write' 'write_ln0' <Predicate = (icmp_ln33)> <Delay = 0.00>
ST_1 : Operation 1450 [1/1] (0.00ns)   --->   "%write_ln0 = write void @_ssdm_op_Write.ap_auto.i2P0A, i2 %p_0_0_0_0_0211_i_out, i2 %p_0_0_0_0_0211_i_load"   --->   Operation 1450 'write' 'write_ln0' <Predicate = (icmp_ln33)> <Delay = 0.00>
ST_1 : Operation 1451 [1/1] (0.00ns)   --->   "%write_ln0 = write void @_ssdm_op_Write.ap_auto.i2P0A, i2 %p_0_15_0_0_0209_i_out, i2 %p_0_15_0_0_0209_i_load"   --->   Operation 1451 'write' 'write_ln0' <Predicate = (icmp_ln33)> <Delay = 0.00>
ST_1 : Operation 1452 [1/1] (0.00ns)   --->   "%write_ln0 = write void @_ssdm_op_Write.ap_auto.i2P0A, i2 %p_0_13_0_0_0207_i_out, i2 %p_0_13_0_0_0207_i_load"   --->   Operation 1452 'write' 'write_ln0' <Predicate = (icmp_ln33)> <Delay = 0.00>
ST_1 : Operation 1453 [1/1] (0.00ns)   --->   "%write_ln0 = write void @_ssdm_op_Write.ap_auto.i2P0A, i2 %p_0_12_0_0_0205_i_out, i2 %p_0_12_0_0_0205_i_load"   --->   Operation 1453 'write' 'write_ln0' <Predicate = (icmp_ln33)> <Delay = 0.00>
ST_1 : Operation 1454 [1/1] (0.00ns)   --->   "%write_ln0 = write void @_ssdm_op_Write.ap_auto.i2P0A, i2 %p_0_11_0_0_0203_i_out, i2 %p_0_11_0_0_0203_i_load"   --->   Operation 1454 'write' 'write_ln0' <Predicate = (icmp_ln33)> <Delay = 0.00>
ST_1 : Operation 1455 [1/1] (0.00ns)   --->   "%write_ln0 = write void @_ssdm_op_Write.ap_auto.i2P0A, i2 %p_0_10_0_0_0201_i_out, i2 %p_0_10_0_0_0201_i_load"   --->   Operation 1455 'write' 'write_ln0' <Predicate = (icmp_ln33)> <Delay = 0.00>
ST_1 : Operation 1456 [1/1] (0.00ns)   --->   "%write_ln0 = write void @_ssdm_op_Write.ap_auto.i2P0A, i2 %p_0_9_0_0_0199_i_out, i2 %p_0_9_0_0_0199_i_load"   --->   Operation 1456 'write' 'write_ln0' <Predicate = (icmp_ln33)> <Delay = 0.00>
ST_1 : Operation 1457 [1/1] (0.00ns)   --->   "%write_ln0 = write void @_ssdm_op_Write.ap_auto.i2P0A, i2 %p_0_8_0_0_0197_i_out, i2 %p_0_8_0_0_0197_i_load"   --->   Operation 1457 'write' 'write_ln0' <Predicate = (icmp_ln33)> <Delay = 0.00>
ST_1 : Operation 1458 [1/1] (0.00ns)   --->   "%write_ln0 = write void @_ssdm_op_Write.ap_auto.i2P0A, i2 %p_0_7_0_0_0195_i_out, i2 %p_0_7_0_0_0195_i_load"   --->   Operation 1458 'write' 'write_ln0' <Predicate = (icmp_ln33)> <Delay = 0.00>
ST_1 : Operation 1459 [1/1] (0.00ns)   --->   "%write_ln0 = write void @_ssdm_op_Write.ap_auto.i2P0A, i2 %p_0_6_0_0_0193_i_out, i2 %p_0_6_0_0_0193_i_load"   --->   Operation 1459 'write' 'write_ln0' <Predicate = (icmp_ln33)> <Delay = 0.00>
ST_1 : Operation 1460 [1/1] (0.00ns)   --->   "%write_ln0 = write void @_ssdm_op_Write.ap_auto.i2P0A, i2 %p_0_5_0_0_0191_i_out, i2 %p_0_5_0_0_0191_i_load"   --->   Operation 1460 'write' 'write_ln0' <Predicate = (icmp_ln33)> <Delay = 0.00>
ST_1 : Operation 1461 [1/1] (0.00ns)   --->   "%write_ln0 = write void @_ssdm_op_Write.ap_auto.i2P0A, i2 %p_0_4_0_0_0189_i_out, i2 %p_0_4_0_0_0189_i_load"   --->   Operation 1461 'write' 'write_ln0' <Predicate = (icmp_ln33)> <Delay = 0.00>
ST_1 : Operation 1462 [1/1] (0.00ns)   --->   "%write_ln0 = write void @_ssdm_op_Write.ap_auto.i2P0A, i2 %p_0_3_0_0_0187_i_out, i2 %p_0_3_0_0_0187_i_load"   --->   Operation 1462 'write' 'write_ln0' <Predicate = (icmp_ln33)> <Delay = 0.00>
ST_1 : Operation 1463 [1/1] (0.00ns)   --->   "%write_ln0 = write void @_ssdm_op_Write.ap_auto.i2P0A, i2 %p_0_2_0_0_0185_i_out, i2 %p_0_2_0_0_0185_i_load"   --->   Operation 1463 'write' 'write_ln0' <Predicate = (icmp_ln33)> <Delay = 0.00>
ST_1 : Operation 1464 [1/1] (0.00ns)   --->   "%write_ln0 = write void @_ssdm_op_Write.ap_auto.i2P0A, i2 %p_0_1_0_0_0183_i_out, i2 %p_0_1_0_0_0183_i_load"   --->   Operation 1464 'write' 'write_ln0' <Predicate = (icmp_ln33)> <Delay = 0.00>
ST_1 : Operation 1465 [1/1] (0.00ns)   --->   "%write_ln0 = write void @_ssdm_op_Write.ap_auto.i2P0A, i2 %p_0_0_0_0_0181_i_out, i2 %p_0_0_0_0_0181_i_load"   --->   Operation 1465 'write' 'write_ln0' <Predicate = (icmp_ln33)> <Delay = 0.00>
ST_1 : Operation 1466 [1/1] (0.00ns)   --->   "%write_ln0 = write void @_ssdm_op_Write.ap_auto.i2P0A, i2 %p_0_15_0_0_0179_i_out, i2 %p_0_15_0_0_0179_i_load"   --->   Operation 1466 'write' 'write_ln0' <Predicate = (icmp_ln33)> <Delay = 0.00>
ST_1 : Operation 1467 [1/1] (0.00ns)   --->   "%write_ln0 = write void @_ssdm_op_Write.ap_auto.i2P0A, i2 %p_0_13_0_0_0177_i_out, i2 %p_0_13_0_0_0177_i_load"   --->   Operation 1467 'write' 'write_ln0' <Predicate = (icmp_ln33)> <Delay = 0.00>
ST_1 : Operation 1468 [1/1] (0.00ns)   --->   "%write_ln0 = write void @_ssdm_op_Write.ap_auto.i2P0A, i2 %p_0_12_0_0_0175_i_out, i2 %p_0_12_0_0_0175_i_load"   --->   Operation 1468 'write' 'write_ln0' <Predicate = (icmp_ln33)> <Delay = 0.00>
ST_1 : Operation 1469 [1/1] (0.00ns)   --->   "%write_ln0 = write void @_ssdm_op_Write.ap_auto.i2P0A, i2 %p_0_11_0_0_0173_i_out, i2 %p_0_11_0_0_0173_i_load"   --->   Operation 1469 'write' 'write_ln0' <Predicate = (icmp_ln33)> <Delay = 0.00>
ST_1 : Operation 1470 [1/1] (0.00ns)   --->   "%write_ln0 = write void @_ssdm_op_Write.ap_auto.i2P0A, i2 %p_0_10_0_0_0171_i_out, i2 %p_0_10_0_0_0171_i_load"   --->   Operation 1470 'write' 'write_ln0' <Predicate = (icmp_ln33)> <Delay = 0.00>
ST_1 : Operation 1471 [1/1] (0.00ns)   --->   "%write_ln0 = write void @_ssdm_op_Write.ap_auto.i2P0A, i2 %p_0_9_0_0_0169_i_out, i2 %p_0_9_0_0_0169_i_load"   --->   Operation 1471 'write' 'write_ln0' <Predicate = (icmp_ln33)> <Delay = 0.00>
ST_1 : Operation 1472 [1/1] (0.00ns)   --->   "%write_ln0 = write void @_ssdm_op_Write.ap_auto.i2P0A, i2 %p_0_8_0_0_0167_i_out, i2 %p_0_8_0_0_0167_i_load"   --->   Operation 1472 'write' 'write_ln0' <Predicate = (icmp_ln33)> <Delay = 0.00>
ST_1 : Operation 1473 [1/1] (0.00ns)   --->   "%write_ln0 = write void @_ssdm_op_Write.ap_auto.i2P0A, i2 %p_0_7_0_0_0165_i_out, i2 %p_0_7_0_0_0165_i_load"   --->   Operation 1473 'write' 'write_ln0' <Predicate = (icmp_ln33)> <Delay = 0.00>
ST_1 : Operation 1474 [1/1] (0.00ns)   --->   "%write_ln0 = write void @_ssdm_op_Write.ap_auto.i2P0A, i2 %p_0_6_0_0_0163_i_out, i2 %p_0_6_0_0_0163_i_load"   --->   Operation 1474 'write' 'write_ln0' <Predicate = (icmp_ln33)> <Delay = 0.00>
ST_1 : Operation 1475 [1/1] (0.00ns)   --->   "%write_ln0 = write void @_ssdm_op_Write.ap_auto.i2P0A, i2 %p_0_5_0_0_0161_i_out, i2 %p_0_5_0_0_0161_i_load"   --->   Operation 1475 'write' 'write_ln0' <Predicate = (icmp_ln33)> <Delay = 0.00>
ST_1 : Operation 1476 [1/1] (0.00ns)   --->   "%write_ln0 = write void @_ssdm_op_Write.ap_auto.i2P0A, i2 %p_0_4_0_0_0159_i_out, i2 %p_0_4_0_0_0159_i_load"   --->   Operation 1476 'write' 'write_ln0' <Predicate = (icmp_ln33)> <Delay = 0.00>
ST_1 : Operation 1477 [1/1] (0.00ns)   --->   "%write_ln0 = write void @_ssdm_op_Write.ap_auto.i2P0A, i2 %p_0_3_0_0_0157_i_out, i2 %p_0_3_0_0_0157_i_load"   --->   Operation 1477 'write' 'write_ln0' <Predicate = (icmp_ln33)> <Delay = 0.00>
ST_1 : Operation 1478 [1/1] (0.00ns)   --->   "%write_ln0 = write void @_ssdm_op_Write.ap_auto.i2P0A, i2 %p_0_2_0_0_0155_i_out, i2 %p_0_2_0_0_0155_i_load"   --->   Operation 1478 'write' 'write_ln0' <Predicate = (icmp_ln33)> <Delay = 0.00>
ST_1 : Operation 1479 [1/1] (0.00ns)   --->   "%write_ln0 = write void @_ssdm_op_Write.ap_auto.i2P0A, i2 %p_0_1_0_0_0153_i_out, i2 %p_0_1_0_0_0153_i_load"   --->   Operation 1479 'write' 'write_ln0' <Predicate = (icmp_ln33)> <Delay = 0.00>
ST_1 : Operation 1480 [1/1] (0.00ns)   --->   "%write_ln0 = write void @_ssdm_op_Write.ap_auto.i2P0A, i2 %p_0_0_0_0_0151_i_out, i2 %p_0_0_0_0_0151_i_load"   --->   Operation 1480 'write' 'write_ln0' <Predicate = (icmp_ln33)> <Delay = 0.00>
ST_1 : Operation 1481 [1/1] (0.00ns)   --->   "%write_ln0 = write void @_ssdm_op_Write.ap_auto.i2P0A, i2 %p_0_15_0_0_0149_i_out, i2 %p_0_15_0_0_0149_i_load"   --->   Operation 1481 'write' 'write_ln0' <Predicate = (icmp_ln33)> <Delay = 0.00>
ST_1 : Operation 1482 [1/1] (0.00ns)   --->   "%write_ln0 = write void @_ssdm_op_Write.ap_auto.i2P0A, i2 %p_0_13_0_0_0147_i_out, i2 %p_0_13_0_0_0147_i_load"   --->   Operation 1482 'write' 'write_ln0' <Predicate = (icmp_ln33)> <Delay = 0.00>
ST_1 : Operation 1483 [1/1] (0.00ns)   --->   "%write_ln0 = write void @_ssdm_op_Write.ap_auto.i2P0A, i2 %p_0_12_0_0_0145_i_out, i2 %p_0_12_0_0_0145_i_load"   --->   Operation 1483 'write' 'write_ln0' <Predicate = (icmp_ln33)> <Delay = 0.00>
ST_1 : Operation 1484 [1/1] (0.00ns)   --->   "%write_ln0 = write void @_ssdm_op_Write.ap_auto.i2P0A, i2 %p_0_11_0_0_0143_i_out, i2 %p_0_11_0_0_0143_i_load"   --->   Operation 1484 'write' 'write_ln0' <Predicate = (icmp_ln33)> <Delay = 0.00>
ST_1 : Operation 1485 [1/1] (0.00ns)   --->   "%write_ln0 = write void @_ssdm_op_Write.ap_auto.i2P0A, i2 %p_0_10_0_0_0141_i_out, i2 %p_0_10_0_0_0141_i_load"   --->   Operation 1485 'write' 'write_ln0' <Predicate = (icmp_ln33)> <Delay = 0.00>
ST_1 : Operation 1486 [1/1] (0.00ns)   --->   "%write_ln0 = write void @_ssdm_op_Write.ap_auto.i2P0A, i2 %p_0_9_0_0_0139_i_out, i2 %p_0_9_0_0_0139_i_load"   --->   Operation 1486 'write' 'write_ln0' <Predicate = (icmp_ln33)> <Delay = 0.00>
ST_1 : Operation 1487 [1/1] (0.00ns)   --->   "%write_ln0 = write void @_ssdm_op_Write.ap_auto.i2P0A, i2 %p_0_8_0_0_0137_i_out, i2 %p_0_8_0_0_0137_i_load"   --->   Operation 1487 'write' 'write_ln0' <Predicate = (icmp_ln33)> <Delay = 0.00>
ST_1 : Operation 1488 [1/1] (0.00ns)   --->   "%write_ln0 = write void @_ssdm_op_Write.ap_auto.i2P0A, i2 %p_0_7_0_0_0135_i_out, i2 %p_0_7_0_0_0135_i_load"   --->   Operation 1488 'write' 'write_ln0' <Predicate = (icmp_ln33)> <Delay = 0.00>
ST_1 : Operation 1489 [1/1] (0.00ns)   --->   "%write_ln0 = write void @_ssdm_op_Write.ap_auto.i2P0A, i2 %p_0_6_0_0_0133_i_out, i2 %p_0_6_0_0_0133_i_load"   --->   Operation 1489 'write' 'write_ln0' <Predicate = (icmp_ln33)> <Delay = 0.00>
ST_1 : Operation 1490 [1/1] (0.00ns)   --->   "%write_ln0 = write void @_ssdm_op_Write.ap_auto.i2P0A, i2 %p_0_5_0_0_0131_i_out, i2 %p_0_5_0_0_0131_i_load"   --->   Operation 1490 'write' 'write_ln0' <Predicate = (icmp_ln33)> <Delay = 0.00>
ST_1 : Operation 1491 [1/1] (0.00ns)   --->   "%write_ln0 = write void @_ssdm_op_Write.ap_auto.i2P0A, i2 %p_0_4_0_0_0129_i_out, i2 %p_0_4_0_0_0129_i_load"   --->   Operation 1491 'write' 'write_ln0' <Predicate = (icmp_ln33)> <Delay = 0.00>
ST_1 : Operation 1492 [1/1] (0.00ns)   --->   "%write_ln0 = write void @_ssdm_op_Write.ap_auto.i2P0A, i2 %p_0_3_0_0_0127_i_out, i2 %p_0_3_0_0_0127_i_load"   --->   Operation 1492 'write' 'write_ln0' <Predicate = (icmp_ln33)> <Delay = 0.00>
ST_1 : Operation 1493 [1/1] (0.00ns)   --->   "%write_ln0 = write void @_ssdm_op_Write.ap_auto.i2P0A, i2 %p_0_2_0_0_0125_i_out, i2 %p_0_2_0_0_0125_i_load"   --->   Operation 1493 'write' 'write_ln0' <Predicate = (icmp_ln33)> <Delay = 0.00>
ST_1 : Operation 1494 [1/1] (0.00ns)   --->   "%write_ln0 = write void @_ssdm_op_Write.ap_auto.i2P0A, i2 %p_0_1_0_0_0123_i_out, i2 %p_0_1_0_0_0123_i_load"   --->   Operation 1494 'write' 'write_ln0' <Predicate = (icmp_ln33)> <Delay = 0.00>
ST_1 : Operation 1495 [1/1] (0.00ns)   --->   "%write_ln0 = write void @_ssdm_op_Write.ap_auto.i2P0A, i2 %p_0_0_0_0_0121_i_out, i2 %p_0_0_0_0_0121_i_load"   --->   Operation 1495 'write' 'write_ln0' <Predicate = (icmp_ln33)> <Delay = 0.00>
ST_1 : Operation 1496 [1/1] (0.00ns)   --->   "%write_ln0 = write void @_ssdm_op_Write.ap_auto.i2P0A, i2 %p_0_15_0_0_0119_i_out, i2 %p_0_15_0_0_0119_i_load"   --->   Operation 1496 'write' 'write_ln0' <Predicate = (icmp_ln33)> <Delay = 0.00>
ST_1 : Operation 1497 [1/1] (0.00ns)   --->   "%write_ln0 = write void @_ssdm_op_Write.ap_auto.i2P0A, i2 %p_0_13_0_0_0117_i_out, i2 %p_0_13_0_0_0117_i_load"   --->   Operation 1497 'write' 'write_ln0' <Predicate = (icmp_ln33)> <Delay = 0.00>
ST_1 : Operation 1498 [1/1] (0.00ns)   --->   "%write_ln0 = write void @_ssdm_op_Write.ap_auto.i2P0A, i2 %p_0_12_0_0_0115_i_out, i2 %p_0_12_0_0_0115_i_load"   --->   Operation 1498 'write' 'write_ln0' <Predicate = (icmp_ln33)> <Delay = 0.00>
ST_1 : Operation 1499 [1/1] (0.00ns)   --->   "%write_ln0 = write void @_ssdm_op_Write.ap_auto.i2P0A, i2 %p_0_11_0_0_0113_i_out, i2 %p_0_11_0_0_0113_i_load"   --->   Operation 1499 'write' 'write_ln0' <Predicate = (icmp_ln33)> <Delay = 0.00>
ST_1 : Operation 1500 [1/1] (0.00ns)   --->   "%write_ln0 = write void @_ssdm_op_Write.ap_auto.i2P0A, i2 %p_0_10_0_0_0111_i_out, i2 %p_0_10_0_0_0111_i_load"   --->   Operation 1500 'write' 'write_ln0' <Predicate = (icmp_ln33)> <Delay = 0.00>
ST_1 : Operation 1501 [1/1] (0.00ns)   --->   "%write_ln0 = write void @_ssdm_op_Write.ap_auto.i2P0A, i2 %p_0_9_0_0_0109_i_out, i2 %p_0_9_0_0_0109_i_load"   --->   Operation 1501 'write' 'write_ln0' <Predicate = (icmp_ln33)> <Delay = 0.00>
ST_1 : Operation 1502 [1/1] (0.00ns)   --->   "%write_ln0 = write void @_ssdm_op_Write.ap_auto.i2P0A, i2 %p_0_8_0_0_0107_i_out, i2 %p_0_8_0_0_0107_i_load"   --->   Operation 1502 'write' 'write_ln0' <Predicate = (icmp_ln33)> <Delay = 0.00>
ST_1 : Operation 1503 [1/1] (0.00ns)   --->   "%write_ln0 = write void @_ssdm_op_Write.ap_auto.i2P0A, i2 %p_0_7_0_0_0105_i_out, i2 %p_0_7_0_0_0105_i_load"   --->   Operation 1503 'write' 'write_ln0' <Predicate = (icmp_ln33)> <Delay = 0.00>
ST_1 : Operation 1504 [1/1] (0.00ns)   --->   "%write_ln0 = write void @_ssdm_op_Write.ap_auto.i2P0A, i2 %p_0_6_0_0_0103_i_out, i2 %p_0_6_0_0_0103_i_load"   --->   Operation 1504 'write' 'write_ln0' <Predicate = (icmp_ln33)> <Delay = 0.00>
ST_1 : Operation 1505 [1/1] (0.00ns)   --->   "%write_ln0 = write void @_ssdm_op_Write.ap_auto.i2P0A, i2 %p_0_5_0_0_0101_i_out, i2 %p_0_5_0_0_0101_i_load"   --->   Operation 1505 'write' 'write_ln0' <Predicate = (icmp_ln33)> <Delay = 0.00>
ST_1 : Operation 1506 [1/1] (0.00ns)   --->   "%write_ln0 = write void @_ssdm_op_Write.ap_auto.i2P0A, i2 %p_0_4_0_0_099_i_out, i2 %p_0_4_0_0_099_i_load"   --->   Operation 1506 'write' 'write_ln0' <Predicate = (icmp_ln33)> <Delay = 0.00>
ST_1 : Operation 1507 [1/1] (0.00ns)   --->   "%write_ln0 = write void @_ssdm_op_Write.ap_auto.i2P0A, i2 %p_0_3_0_0_097_i_out, i2 %p_0_3_0_0_097_i_load"   --->   Operation 1507 'write' 'write_ln0' <Predicate = (icmp_ln33)> <Delay = 0.00>
ST_1 : Operation 1508 [1/1] (0.00ns)   --->   "%write_ln0 = write void @_ssdm_op_Write.ap_auto.i2P0A, i2 %p_0_2_0_0_095_i_out, i2 %p_0_2_0_0_095_i_load"   --->   Operation 1508 'write' 'write_ln0' <Predicate = (icmp_ln33)> <Delay = 0.00>
ST_1 : Operation 1509 [1/1] (0.00ns)   --->   "%write_ln0 = write void @_ssdm_op_Write.ap_auto.i2P0A, i2 %p_0_1_0_0_093_i_out, i2 %p_0_1_0_0_093_i_load"   --->   Operation 1509 'write' 'write_ln0' <Predicate = (icmp_ln33)> <Delay = 0.00>
ST_1 : Operation 1510 [1/1] (0.00ns)   --->   "%write_ln0 = write void @_ssdm_op_Write.ap_auto.i2P0A, i2 %p_0_0_0_0_091_i_out, i2 %p_0_0_0_0_091_i_load"   --->   Operation 1510 'write' 'write_ln0' <Predicate = (icmp_ln33)> <Delay = 0.00>
ST_1 : Operation 1511 [1/1] (0.00ns)   --->   "%write_ln0 = write void @_ssdm_op_Write.ap_auto.i2P0A, i2 %p_0_15_0_0_089_i_out, i2 %p_0_15_0_0_089_i_load"   --->   Operation 1511 'write' 'write_ln0' <Predicate = (icmp_ln33)> <Delay = 0.00>
ST_1 : Operation 1512 [1/1] (0.00ns)   --->   "%write_ln0 = write void @_ssdm_op_Write.ap_auto.i2P0A, i2 %p_0_13_0_0_087_i_out, i2 %p_0_13_0_0_087_i_load"   --->   Operation 1512 'write' 'write_ln0' <Predicate = (icmp_ln33)> <Delay = 0.00>
ST_1 : Operation 1513 [1/1] (0.00ns)   --->   "%write_ln0 = write void @_ssdm_op_Write.ap_auto.i2P0A, i2 %p_0_12_0_0_085_i_out, i2 %p_0_12_0_0_085_i_load"   --->   Operation 1513 'write' 'write_ln0' <Predicate = (icmp_ln33)> <Delay = 0.00>
ST_1 : Operation 1514 [1/1] (0.00ns)   --->   "%write_ln0 = write void @_ssdm_op_Write.ap_auto.i2P0A, i2 %p_0_11_0_0_083_i_out, i2 %p_0_11_0_0_083_i_load"   --->   Operation 1514 'write' 'write_ln0' <Predicate = (icmp_ln33)> <Delay = 0.00>
ST_1 : Operation 1515 [1/1] (0.00ns)   --->   "%write_ln0 = write void @_ssdm_op_Write.ap_auto.i2P0A, i2 %p_0_10_0_0_081_i_out, i2 %p_0_10_0_0_081_i_load"   --->   Operation 1515 'write' 'write_ln0' <Predicate = (icmp_ln33)> <Delay = 0.00>
ST_1 : Operation 1516 [1/1] (0.00ns)   --->   "%write_ln0 = write void @_ssdm_op_Write.ap_auto.i2P0A, i2 %p_0_9_0_0_079_i_out, i2 %p_0_9_0_0_079_i_load"   --->   Operation 1516 'write' 'write_ln0' <Predicate = (icmp_ln33)> <Delay = 0.00>
ST_1 : Operation 1517 [1/1] (0.00ns)   --->   "%write_ln0 = write void @_ssdm_op_Write.ap_auto.i2P0A, i2 %p_0_8_0_0_077_i_out, i2 %p_0_8_0_0_077_i_load"   --->   Operation 1517 'write' 'write_ln0' <Predicate = (icmp_ln33)> <Delay = 0.00>
ST_1 : Operation 1518 [1/1] (0.00ns)   --->   "%write_ln0 = write void @_ssdm_op_Write.ap_auto.i2P0A, i2 %p_0_7_0_0_075_i_out, i2 %p_0_7_0_0_075_i_load"   --->   Operation 1518 'write' 'write_ln0' <Predicate = (icmp_ln33)> <Delay = 0.00>
ST_1 : Operation 1519 [1/1] (0.00ns)   --->   "%write_ln0 = write void @_ssdm_op_Write.ap_auto.i2P0A, i2 %p_0_6_0_0_073_i_out, i2 %p_0_6_0_0_073_i_load"   --->   Operation 1519 'write' 'write_ln0' <Predicate = (icmp_ln33)> <Delay = 0.00>
ST_1 : Operation 1520 [1/1] (0.00ns)   --->   "%write_ln0 = write void @_ssdm_op_Write.ap_auto.i2P0A, i2 %p_0_5_0_0_071_i_out, i2 %p_0_5_0_0_071_i_load"   --->   Operation 1520 'write' 'write_ln0' <Predicate = (icmp_ln33)> <Delay = 0.00>
ST_1 : Operation 1521 [1/1] (0.00ns)   --->   "%write_ln0 = write void @_ssdm_op_Write.ap_auto.i2P0A, i2 %p_0_4_0_0_069_i_out, i2 %p_0_4_0_0_069_i_load"   --->   Operation 1521 'write' 'write_ln0' <Predicate = (icmp_ln33)> <Delay = 0.00>
ST_1 : Operation 1522 [1/1] (0.00ns)   --->   "%write_ln0 = write void @_ssdm_op_Write.ap_auto.i2P0A, i2 %p_0_3_0_0_067_i_out, i2 %p_0_3_0_0_067_i_load"   --->   Operation 1522 'write' 'write_ln0' <Predicate = (icmp_ln33)> <Delay = 0.00>
ST_1 : Operation 1523 [1/1] (0.00ns)   --->   "%write_ln0 = write void @_ssdm_op_Write.ap_auto.i2P0A, i2 %p_0_2_0_0_065_i_out, i2 %p_0_2_0_0_065_i_load"   --->   Operation 1523 'write' 'write_ln0' <Predicate = (icmp_ln33)> <Delay = 0.00>
ST_1 : Operation 1524 [1/1] (0.00ns)   --->   "%write_ln0 = write void @_ssdm_op_Write.ap_auto.i2P0A, i2 %p_0_1_0_0_063_i_out, i2 %p_0_1_0_0_063_i_load"   --->   Operation 1524 'write' 'write_ln0' <Predicate = (icmp_ln33)> <Delay = 0.00>
ST_1 : Operation 1525 [1/1] (0.00ns)   --->   "%write_ln0 = write void @_ssdm_op_Write.ap_auto.i2P0A, i2 %p_0_0_0_0_061_i_out, i2 %p_0_0_0_0_061_i_load"   --->   Operation 1525 'write' 'write_ln0' <Predicate = (icmp_ln33)> <Delay = 0.00>
ST_1 : Operation 1526 [1/1] (0.00ns)   --->   "%write_ln0 = write void @_ssdm_op_Write.ap_auto.i2P0A, i2 %p_0_15_0_0_059_i_out, i2 %p_0_15_0_0_059_i_load"   --->   Operation 1526 'write' 'write_ln0' <Predicate = (icmp_ln33)> <Delay = 0.00>
ST_1 : Operation 1527 [1/1] (0.00ns)   --->   "%write_ln0 = write void @_ssdm_op_Write.ap_auto.i2P0A, i2 %p_0_13_0_0_057_i_out, i2 %p_0_13_0_0_057_i_load"   --->   Operation 1527 'write' 'write_ln0' <Predicate = (icmp_ln33)> <Delay = 0.00>
ST_1 : Operation 1528 [1/1] (0.00ns)   --->   "%write_ln0 = write void @_ssdm_op_Write.ap_auto.i2P0A, i2 %p_0_12_0_0_055_i_out, i2 %p_0_12_0_0_055_i_load"   --->   Operation 1528 'write' 'write_ln0' <Predicate = (icmp_ln33)> <Delay = 0.00>
ST_1 : Operation 1529 [1/1] (0.00ns)   --->   "%write_ln0 = write void @_ssdm_op_Write.ap_auto.i2P0A, i2 %p_0_11_0_0_053_i_out, i2 %p_0_11_0_0_053_i_load"   --->   Operation 1529 'write' 'write_ln0' <Predicate = (icmp_ln33)> <Delay = 0.00>
ST_1 : Operation 1530 [1/1] (0.00ns)   --->   "%write_ln0 = write void @_ssdm_op_Write.ap_auto.i2P0A, i2 %p_0_10_0_0_051_i_out, i2 %p_0_10_0_0_051_i_load"   --->   Operation 1530 'write' 'write_ln0' <Predicate = (icmp_ln33)> <Delay = 0.00>
ST_1 : Operation 1531 [1/1] (0.00ns)   --->   "%write_ln0 = write void @_ssdm_op_Write.ap_auto.i2P0A, i2 %p_0_9_0_0_049_i_out, i2 %p_0_9_0_0_049_i_load"   --->   Operation 1531 'write' 'write_ln0' <Predicate = (icmp_ln33)> <Delay = 0.00>
ST_1 : Operation 1532 [1/1] (0.00ns)   --->   "%write_ln0 = write void @_ssdm_op_Write.ap_auto.i2P0A, i2 %p_0_8_0_0_047_i_out, i2 %p_0_8_0_0_047_i_load"   --->   Operation 1532 'write' 'write_ln0' <Predicate = (icmp_ln33)> <Delay = 0.00>
ST_1 : Operation 1533 [1/1] (0.00ns)   --->   "%write_ln0 = write void @_ssdm_op_Write.ap_auto.i2P0A, i2 %p_0_7_0_0_045_i_out, i2 %p_0_7_0_0_045_i_load"   --->   Operation 1533 'write' 'write_ln0' <Predicate = (icmp_ln33)> <Delay = 0.00>
ST_1 : Operation 1534 [1/1] (0.00ns)   --->   "%write_ln0 = write void @_ssdm_op_Write.ap_auto.i2P0A, i2 %p_0_6_0_0_043_i_out, i2 %p_0_6_0_0_043_i_load"   --->   Operation 1534 'write' 'write_ln0' <Predicate = (icmp_ln33)> <Delay = 0.00>
ST_1 : Operation 1535 [1/1] (0.00ns)   --->   "%write_ln0 = write void @_ssdm_op_Write.ap_auto.i2P0A, i2 %p_0_5_0_0_041_i_out, i2 %p_0_5_0_0_041_i_load"   --->   Operation 1535 'write' 'write_ln0' <Predicate = (icmp_ln33)> <Delay = 0.00>
ST_1 : Operation 1536 [1/1] (0.00ns)   --->   "%write_ln0 = write void @_ssdm_op_Write.ap_auto.i2P0A, i2 %p_0_4_0_0_039_i_out, i2 %p_0_4_0_0_039_i_load"   --->   Operation 1536 'write' 'write_ln0' <Predicate = (icmp_ln33)> <Delay = 0.00>
ST_1 : Operation 1537 [1/1] (0.00ns)   --->   "%write_ln0 = write void @_ssdm_op_Write.ap_auto.i2P0A, i2 %p_0_3_0_0_037_i_out, i2 %p_0_3_0_0_037_i_load"   --->   Operation 1537 'write' 'write_ln0' <Predicate = (icmp_ln33)> <Delay = 0.00>
ST_1 : Operation 1538 [1/1] (0.00ns)   --->   "%write_ln0 = write void @_ssdm_op_Write.ap_auto.i2P0A, i2 %p_0_2_0_0_035_i_out, i2 %p_0_2_0_0_035_i_load"   --->   Operation 1538 'write' 'write_ln0' <Predicate = (icmp_ln33)> <Delay = 0.00>
ST_1 : Operation 1539 [1/1] (0.00ns)   --->   "%write_ln0 = write void @_ssdm_op_Write.ap_auto.i2P0A, i2 %p_0_1_0_0_033_i_out, i2 %p_0_1_0_0_033_i_load"   --->   Operation 1539 'write' 'write_ln0' <Predicate = (icmp_ln33)> <Delay = 0.00>
ST_1 : Operation 1540 [1/1] (0.00ns)   --->   "%write_ln0 = write void @_ssdm_op_Write.ap_auto.i2P0A, i2 %p_0_0_0_0_031_i_out, i2 %p_0_0_0_0_031_i_load"   --->   Operation 1540 'write' 'write_ln0' <Predicate = (icmp_ln33)> <Delay = 0.00>
ST_1 : Operation 1541 [1/1] (0.00ns)   --->   "%write_ln0 = write void @_ssdm_op_Write.ap_auto.i2P0A, i2 %p_0_15_0_0_029_i_out, i2 %p_0_15_0_0_029_i_load"   --->   Operation 1541 'write' 'write_ln0' <Predicate = (icmp_ln33)> <Delay = 0.00>
ST_1 : Operation 1542 [1/1] (0.00ns)   --->   "%write_ln0 = write void @_ssdm_op_Write.ap_auto.i2P0A, i2 %p_0_13_0_0_027_i_out, i2 %p_0_13_0_0_027_i_load"   --->   Operation 1542 'write' 'write_ln0' <Predicate = (icmp_ln33)> <Delay = 0.00>
ST_1 : Operation 1543 [1/1] (0.00ns)   --->   "%write_ln0 = write void @_ssdm_op_Write.ap_auto.i2P0A, i2 %p_0_12_0_0_025_i_out, i2 %p_0_12_0_0_025_i_load"   --->   Operation 1543 'write' 'write_ln0' <Predicate = (icmp_ln33)> <Delay = 0.00>
ST_1 : Operation 1544 [1/1] (0.00ns)   --->   "%write_ln0 = write void @_ssdm_op_Write.ap_auto.i2P0A, i2 %p_0_11_0_0_023_i_out, i2 %p_0_11_0_0_023_i_load"   --->   Operation 1544 'write' 'write_ln0' <Predicate = (icmp_ln33)> <Delay = 0.00>
ST_1 : Operation 1545 [1/1] (0.00ns)   --->   "%write_ln0 = write void @_ssdm_op_Write.ap_auto.i2P0A, i2 %p_0_10_0_0_021_i_out, i2 %p_0_10_0_0_021_i_load"   --->   Operation 1545 'write' 'write_ln0' <Predicate = (icmp_ln33)> <Delay = 0.00>
ST_1 : Operation 1546 [1/1] (0.00ns)   --->   "%write_ln0 = write void @_ssdm_op_Write.ap_auto.i2P0A, i2 %p_0_9_0_0_019_i_out, i2 %p_0_9_0_0_019_i_load"   --->   Operation 1546 'write' 'write_ln0' <Predicate = (icmp_ln33)> <Delay = 0.00>
ST_1 : Operation 1547 [1/1] (0.00ns)   --->   "%write_ln0 = write void @_ssdm_op_Write.ap_auto.i2P0A, i2 %p_0_8_0_0_017_i_out, i2 %p_0_8_0_0_017_i_load"   --->   Operation 1547 'write' 'write_ln0' <Predicate = (icmp_ln33)> <Delay = 0.00>
ST_1 : Operation 1548 [1/1] (0.00ns)   --->   "%write_ln0 = write void @_ssdm_op_Write.ap_auto.i2P0A, i2 %p_0_7_0_0_015_i_out, i2 %p_0_7_0_0_015_i_load"   --->   Operation 1548 'write' 'write_ln0' <Predicate = (icmp_ln33)> <Delay = 0.00>
ST_1 : Operation 1549 [1/1] (0.00ns)   --->   "%write_ln0 = write void @_ssdm_op_Write.ap_auto.i2P0A, i2 %p_0_6_0_0_013_i_out, i2 %p_0_6_0_0_013_i_load"   --->   Operation 1549 'write' 'write_ln0' <Predicate = (icmp_ln33)> <Delay = 0.00>
ST_1 : Operation 1550 [1/1] (0.00ns)   --->   "%write_ln0 = write void @_ssdm_op_Write.ap_auto.i2P0A, i2 %p_0_5_0_0_011_i_out, i2 %p_0_5_0_0_011_i_load"   --->   Operation 1550 'write' 'write_ln0' <Predicate = (icmp_ln33)> <Delay = 0.00>
ST_1 : Operation 1551 [1/1] (0.00ns)   --->   "%write_ln0 = write void @_ssdm_op_Write.ap_auto.i2P0A, i2 %p_0_4_0_0_09_i_out, i2 %p_0_4_0_0_09_i_load"   --->   Operation 1551 'write' 'write_ln0' <Predicate = (icmp_ln33)> <Delay = 0.00>
ST_1 : Operation 1552 [1/1] (0.00ns)   --->   "%write_ln0 = write void @_ssdm_op_Write.ap_auto.i2P0A, i2 %p_0_3_0_0_07_i_out, i2 %p_0_3_0_0_07_i_load"   --->   Operation 1552 'write' 'write_ln0' <Predicate = (icmp_ln33)> <Delay = 0.00>
ST_1 : Operation 1553 [1/1] (0.00ns)   --->   "%write_ln0 = write void @_ssdm_op_Write.ap_auto.i2P0A, i2 %p_0_2_0_0_05_i_out, i2 %p_0_2_0_0_05_i_load"   --->   Operation 1553 'write' 'write_ln0' <Predicate = (icmp_ln33)> <Delay = 0.00>
ST_1 : Operation 1554 [1/1] (0.00ns)   --->   "%write_ln0 = write void @_ssdm_op_Write.ap_auto.i2P0A, i2 %p_0_1_0_0_03_i_out, i2 %p_0_1_0_0_03_i_load"   --->   Operation 1554 'write' 'write_ln0' <Predicate = (icmp_ln33)> <Delay = 0.00>
ST_1 : Operation 1555 [1/1] (0.00ns)   --->   "%write_ln0 = write void @_ssdm_op_Write.ap_auto.i2P0A, i2 %p_0_0_0_0_01_i_out, i2 %p_0_0_0_0_01_i_load"   --->   Operation 1555 'write' 'write_ln0' <Predicate = (icmp_ln33)> <Delay = 0.00>
ST_1 : Operation 1556 [1/1] (0.42ns)   --->   "%ret_ln0 = ret"   --->   Operation 1556 'ret' 'ret_ln0' <Predicate = (icmp_ln33)> <Delay = 0.42>

State 2 <SV = 1> <Delay = 1.81>
ST_2 : Operation 390 [1/1] (0.00ns)   --->   "%specpipeline_ln34 = specpipeline void @_ssdm_op_SpecPipeline, i32 4294967295, i32 0, i32 0, i32 0, i32 4294967295, void @empty_13" [firmware/nnet_utils/nnet_dense_stream.h:34->firmware/nnet_utils/nnet_dense_stream.h:93]   --->   Operation 390 'specpipeline' 'specpipeline_ln34' <Predicate = true> <Delay = 0.00>
ST_2 : Operation 391 [1/1] (0.00ns)   --->   "%speclooptripcount_ln33 = speclooptripcount void @_ssdm_op_SpecLoopTripCount, i64 25, i64 25, i64 25" [firmware/nnet_utils/nnet_dense_stream.h:33->firmware/nnet_utils/nnet_dense_stream.h:93]   --->   Operation 391 'speclooptripcount' 'speclooptripcount_ln33' <Predicate = true> <Delay = 0.00>
ST_2 : Operation 392 [1/1] (0.00ns)   --->   "%specloopname_ln33 = specloopname void @_ssdm_op_SpecLoopName, void @empty_7" [firmware/nnet_utils/nnet_dense_stream.h:33->firmware/nnet_utils/nnet_dense_stream.h:93]   --->   Operation 392 'specloopname' 'specloopname_ln33' <Predicate = true> <Delay = 0.00>
ST_2 : Operation 393 [1/1] ( I:1.81ns O:1.81ns )   --->   "%layer9_out_read = read i32 @_ssdm_op_Read.ap_fifo.volatile.i32P0A, i32 %layer9_out" [firmware/nnet_utils/nnet_dense_stream.h:35->firmware/nnet_utils/nnet_dense_stream.h:93]   --->   Operation 393 'read' 'layer9_out_read' <Predicate = true> <Delay = 1.81> <CoreInst = "FIFO_SRL">   --->   Core 80 'FIFO_SRL' <Latency = 0> <II = 1> <Delay = 1.81> <Storage> <Opcode : 'read' 'write' 'nbread' 'nbwrite'> <Ports = 0> <Width = 32> <Depth = 25> <FIFO>
ST_2 : Operation 394 [1/1] (0.00ns)   --->   "%trunc_ln35 = trunc i32 %layer9_out_read" [firmware/nnet_utils/nnet_dense_stream.h:35->firmware/nnet_utils/nnet_dense_stream.h:93]   --->   Operation 394 'trunc' 'trunc_ln35' <Predicate = true> <Delay = 0.00>
ST_2 : Operation 395 [1/1] (0.00ns)   --->   "%trunc_ln35_1 = partselect i2 @_ssdm_op_PartSelect.i2.i32.i32.i32, i32 %layer9_out_read, i32 2, i32 3" [firmware/nnet_utils/nnet_dense_stream.h:35->firmware/nnet_utils/nnet_dense_stream.h:93]   --->   Operation 395 'partselect' 'trunc_ln35_1' <Predicate = true> <Delay = 0.00>
ST_2 : Operation 396 [1/1] (0.00ns)   --->   "%trunc_ln35_2 = partselect i2 @_ssdm_op_PartSelect.i2.i32.i32.i32, i32 %layer9_out_read, i32 4, i32 5" [firmware/nnet_utils/nnet_dense_stream.h:35->firmware/nnet_utils/nnet_dense_stream.h:93]   --->   Operation 396 'partselect' 'trunc_ln35_2' <Predicate = true> <Delay = 0.00>
ST_2 : Operation 397 [1/1] (0.00ns)   --->   "%trunc_ln35_3 = partselect i2 @_ssdm_op_PartSelect.i2.i32.i32.i32, i32 %layer9_out_read, i32 6, i32 7" [firmware/nnet_utils/nnet_dense_stream.h:35->firmware/nnet_utils/nnet_dense_stream.h:93]   --->   Operation 397 'partselect' 'trunc_ln35_3' <Predicate = true> <Delay = 0.00>
ST_2 : Operation 398 [1/1] (0.00ns)   --->   "%trunc_ln35_4 = partselect i2 @_ssdm_op_PartSelect.i2.i32.i32.i32, i32 %layer9_out_read, i32 8, i32 9" [firmware/nnet_utils/nnet_dense_stream.h:35->firmware/nnet_utils/nnet_dense_stream.h:93]   --->   Operation 398 'partselect' 'trunc_ln35_4' <Predicate = true> <Delay = 0.00>
ST_2 : Operation 399 [1/1] (0.00ns)   --->   "%trunc_ln35_5 = partselect i2 @_ssdm_op_PartSelect.i2.i32.i32.i32, i32 %layer9_out_read, i32 10, i32 11" [firmware/nnet_utils/nnet_dense_stream.h:35->firmware/nnet_utils/nnet_dense_stream.h:93]   --->   Operation 399 'partselect' 'trunc_ln35_5' <Predicate = true> <Delay = 0.00>
ST_2 : Operation 400 [1/1] (0.00ns)   --->   "%trunc_ln35_6 = partselect i2 @_ssdm_op_PartSelect.i2.i32.i32.i32, i32 %layer9_out_read, i32 12, i32 13" [firmware/nnet_utils/nnet_dense_stream.h:35->firmware/nnet_utils/nnet_dense_stream.h:93]   --->   Operation 400 'partselect' 'trunc_ln35_6' <Predicate = true> <Delay = 0.00>
ST_2 : Operation 401 [1/1] (0.00ns)   --->   "%trunc_ln35_7 = partselect i2 @_ssdm_op_PartSelect.i2.i32.i32.i32, i32 %layer9_out_read, i32 14, i32 15" [firmware/nnet_utils/nnet_dense_stream.h:35->firmware/nnet_utils/nnet_dense_stream.h:93]   --->   Operation 401 'partselect' 'trunc_ln35_7' <Predicate = true> <Delay = 0.00>
ST_2 : Operation 402 [1/1] (0.00ns)   --->   "%trunc_ln35_8 = partselect i2 @_ssdm_op_PartSelect.i2.i32.i32.i32, i32 %layer9_out_read, i32 16, i32 17" [firmware/nnet_utils/nnet_dense_stream.h:35->firmware/nnet_utils/nnet_dense_stream.h:93]   --->   Operation 402 'partselect' 'trunc_ln35_8' <Predicate = true> <Delay = 0.00>
ST_2 : Operation 403 [1/1] (0.00ns)   --->   "%trunc_ln35_9 = partselect i2 @_ssdm_op_PartSelect.i2.i32.i32.i32, i32 %layer9_out_read, i32 18, i32 19" [firmware/nnet_utils/nnet_dense_stream.h:35->firmware/nnet_utils/nnet_dense_stream.h:93]   --->   Operation 403 'partselect' 'trunc_ln35_9' <Predicate = true> <Delay = 0.00>
ST_2 : Operation 404 [1/1] (0.00ns)   --->   "%trunc_ln35_s = partselect i2 @_ssdm_op_PartSelect.i2.i32.i32.i32, i32 %layer9_out_read, i32 20, i32 21" [firmware/nnet_utils/nnet_dense_stream.h:35->firmware/nnet_utils/nnet_dense_stream.h:93]   --->   Operation 404 'partselect' 'trunc_ln35_s' <Predicate = true> <Delay = 0.00>
ST_2 : Operation 405 [1/1] (0.00ns)   --->   "%data = partselect i2 @_ssdm_op_PartSelect.i2.i32.i32.i32, i32 %layer9_out_read, i32 22, i32 23" [firmware/nnet_utils/nnet_dense_stream.h:35->firmware/nnet_utils/nnet_dense_stream.h:93]   --->   Operation 405 'partselect' 'data' <Predicate = true> <Delay = 0.00>
ST_2 : Operation 406 [1/1] (0.00ns)   --->   "%trunc_ln35_10 = partselect i2 @_ssdm_op_PartSelect.i2.i32.i32.i32, i32 %layer9_out_read, i32 24, i32 25" [firmware/nnet_utils/nnet_dense_stream.h:35->firmware/nnet_utils/nnet_dense_stream.h:93]   --->   Operation 406 'partselect' 'trunc_ln35_10' <Predicate = true> <Delay = 0.00>
ST_2 : Operation 407 [1/1] (0.00ns)   --->   "%trunc_ln35_11 = partselect i2 @_ssdm_op_PartSelect.i2.i32.i32.i32, i32 %layer9_out_read, i32 26, i32 27" [firmware/nnet_utils/nnet_dense_stream.h:35->firmware/nnet_utils/nnet_dense_stream.h:93]   --->   Operation 407 'partselect' 'trunc_ln35_11' <Predicate = true> <Delay = 0.00>
ST_2 : Operation 408 [1/1] (0.00ns)   --->   "%trunc_ln35_12 = partselect i2 @_ssdm_op_PartSelect.i2.i32.i32.i32, i32 %layer9_out_read, i32 30, i32 31" [firmware/nnet_utils/nnet_dense_stream.h:35->firmware/nnet_utils/nnet_dense_stream.h:93]   --->   Operation 408 'partselect' 'trunc_ln35_12' <Predicate = true> <Delay = 0.00>
ST_2 : Operation 409 [1/1] (0.00ns)   --->   "%store_ln35 = store i2 %trunc_ln35_12, i2 %p_0_15_0_0_029_i" [firmware/nnet_utils/nnet_dense_stream.h:35->firmware/nnet_utils/nnet_dense_stream.h:93]   --->   Operation 409 'store' 'store_ln35' <Predicate = (i_in_1 == 23)> <Delay = 0.00>
ST_2 : Operation 410 [1/1] (0.00ns)   --->   "%store_ln35 = store i2 %trunc_ln35_11, i2 %p_0_13_0_0_027_i" [firmware/nnet_utils/nnet_dense_stream.h:35->firmware/nnet_utils/nnet_dense_stream.h:93]   --->   Operation 410 'store' 'store_ln35' <Predicate = (i_in_1 == 23)> <Delay = 0.00>
ST_2 : Operation 411 [1/1] (0.00ns)   --->   "%store_ln35 = store i2 %trunc_ln35_10, i2 %p_0_12_0_0_025_i" [firmware/nnet_utils/nnet_dense_stream.h:35->firmware/nnet_utils/nnet_dense_stream.h:93]   --->   Operation 411 'store' 'store_ln35' <Predicate = (i_in_1 == 23)> <Delay = 0.00>
ST_2 : Operation 412 [1/1] (0.00ns)   --->   "%store_ln35 = store i2 %data, i2 %p_0_11_0_0_023_i" [firmware/nnet_utils/nnet_dense_stream.h:35->firmware/nnet_utils/nnet_dense_stream.h:93]   --->   Operation 412 'store' 'store_ln35' <Predicate = (i_in_1 == 23)> <Delay = 0.00>
ST_2 : Operation 413 [1/1] (0.00ns)   --->   "%store_ln35 = store i2 %trunc_ln35_s, i2 %p_0_10_0_0_021_i" [firmware/nnet_utils/nnet_dense_stream.h:35->firmware/nnet_utils/nnet_dense_stream.h:93]   --->   Operation 413 'store' 'store_ln35' <Predicate = (i_in_1 == 23)> <Delay = 0.00>
ST_2 : Operation 414 [1/1] (0.00ns)   --->   "%store_ln35 = store i2 %trunc_ln35_9, i2 %p_0_9_0_0_019_i" [firmware/nnet_utils/nnet_dense_stream.h:35->firmware/nnet_utils/nnet_dense_stream.h:93]   --->   Operation 414 'store' 'store_ln35' <Predicate = (i_in_1 == 23)> <Delay = 0.00>
ST_2 : Operation 415 [1/1] (0.00ns)   --->   "%store_ln35 = store i2 %trunc_ln35_8, i2 %p_0_8_0_0_017_i" [firmware/nnet_utils/nnet_dense_stream.h:35->firmware/nnet_utils/nnet_dense_stream.h:93]   --->   Operation 415 'store' 'store_ln35' <Predicate = (i_in_1 == 23)> <Delay = 0.00>
ST_2 : Operation 416 [1/1] (0.00ns)   --->   "%store_ln35 = store i2 %trunc_ln35_7, i2 %p_0_7_0_0_015_i" [firmware/nnet_utils/nnet_dense_stream.h:35->firmware/nnet_utils/nnet_dense_stream.h:93]   --->   Operation 416 'store' 'store_ln35' <Predicate = (i_in_1 == 23)> <Delay = 0.00>
ST_2 : Operation 417 [1/1] (0.00ns)   --->   "%store_ln35 = store i2 %trunc_ln35_6, i2 %p_0_6_0_0_013_i" [firmware/nnet_utils/nnet_dense_stream.h:35->firmware/nnet_utils/nnet_dense_stream.h:93]   --->   Operation 417 'store' 'store_ln35' <Predicate = (i_in_1 == 23)> <Delay = 0.00>
ST_2 : Operation 418 [1/1] (0.00ns)   --->   "%store_ln35 = store i2 %trunc_ln35_5, i2 %p_0_5_0_0_011_i" [firmware/nnet_utils/nnet_dense_stream.h:35->firmware/nnet_utils/nnet_dense_stream.h:93]   --->   Operation 418 'store' 'store_ln35' <Predicate = (i_in_1 == 23)> <Delay = 0.00>
ST_2 : Operation 419 [1/1] (0.00ns)   --->   "%store_ln35 = store i2 %trunc_ln35_4, i2 %p_0_4_0_0_09_i" [firmware/nnet_utils/nnet_dense_stream.h:35->firmware/nnet_utils/nnet_dense_stream.h:93]   --->   Operation 419 'store' 'store_ln35' <Predicate = (i_in_1 == 23)> <Delay = 0.00>
ST_2 : Operation 420 [1/1] (0.00ns)   --->   "%store_ln35 = store i2 %trunc_ln35_3, i2 %p_0_3_0_0_07_i" [firmware/nnet_utils/nnet_dense_stream.h:35->firmware/nnet_utils/nnet_dense_stream.h:93]   --->   Operation 420 'store' 'store_ln35' <Predicate = (i_in_1 == 23)> <Delay = 0.00>
ST_2 : Operation 421 [1/1] (0.00ns)   --->   "%store_ln35 = store i2 %trunc_ln35_2, i2 %p_0_2_0_0_05_i" [firmware/nnet_utils/nnet_dense_stream.h:35->firmware/nnet_utils/nnet_dense_stream.h:93]   --->   Operation 421 'store' 'store_ln35' <Predicate = (i_in_1 == 23)> <Delay = 0.00>
ST_2 : Operation 422 [1/1] (0.00ns)   --->   "%store_ln35 = store i2 %trunc_ln35_1, i2 %p_0_1_0_0_03_i" [firmware/nnet_utils/nnet_dense_stream.h:35->firmware/nnet_utils/nnet_dense_stream.h:93]   --->   Operation 422 'store' 'store_ln35' <Predicate = (i_in_1 == 23)> <Delay = 0.00>
ST_2 : Operation 423 [1/1] (0.00ns)   --->   "%store_ln35 = store i2 %trunc_ln35, i2 %p_0_0_0_0_01_i" [firmware/nnet_utils/nnet_dense_stream.h:35->firmware/nnet_utils/nnet_dense_stream.h:93]   --->   Operation 423 'store' 'store_ln35' <Predicate = (i_in_1 == 23)> <Delay = 0.00>
ST_2 : Operation 424 [1/1] (0.00ns)   --->   "%br_ln39 = br void %arrayidx.i3.15.exit.i" [firmware/nnet_utils/nnet_dense_stream.h:39->firmware/nnet_utils/nnet_dense_stream.h:93]   --->   Operation 424 'br' 'br_ln39' <Predicate = (i_in_1 == 23)> <Delay = 0.00>
ST_2 : Operation 425 [1/1] (0.00ns)   --->   "%store_ln35 = store i2 %trunc_ln35_12, i2 %p_0_15_0_0_059_i" [firmware/nnet_utils/nnet_dense_stream.h:35->firmware/nnet_utils/nnet_dense_stream.h:93]   --->   Operation 425 'store' 'store_ln35' <Predicate = (i_in_1 == 22)> <Delay = 0.00>
ST_2 : Operation 426 [1/1] (0.00ns)   --->   "%store_ln35 = store i2 %trunc_ln35_11, i2 %p_0_13_0_0_057_i" [firmware/nnet_utils/nnet_dense_stream.h:35->firmware/nnet_utils/nnet_dense_stream.h:93]   --->   Operation 426 'store' 'store_ln35' <Predicate = (i_in_1 == 22)> <Delay = 0.00>
ST_2 : Operation 427 [1/1] (0.00ns)   --->   "%store_ln35 = store i2 %trunc_ln35_10, i2 %p_0_12_0_0_055_i" [firmware/nnet_utils/nnet_dense_stream.h:35->firmware/nnet_utils/nnet_dense_stream.h:93]   --->   Operation 427 'store' 'store_ln35' <Predicate = (i_in_1 == 22)> <Delay = 0.00>
ST_2 : Operation 428 [1/1] (0.00ns)   --->   "%store_ln35 = store i2 %data, i2 %p_0_11_0_0_053_i" [firmware/nnet_utils/nnet_dense_stream.h:35->firmware/nnet_utils/nnet_dense_stream.h:93]   --->   Operation 428 'store' 'store_ln35' <Predicate = (i_in_1 == 22)> <Delay = 0.00>
ST_2 : Operation 429 [1/1] (0.00ns)   --->   "%store_ln35 = store i2 %trunc_ln35_s, i2 %p_0_10_0_0_051_i" [firmware/nnet_utils/nnet_dense_stream.h:35->firmware/nnet_utils/nnet_dense_stream.h:93]   --->   Operation 429 'store' 'store_ln35' <Predicate = (i_in_1 == 22)> <Delay = 0.00>
ST_2 : Operation 430 [1/1] (0.00ns)   --->   "%store_ln35 = store i2 %trunc_ln35_9, i2 %p_0_9_0_0_049_i" [firmware/nnet_utils/nnet_dense_stream.h:35->firmware/nnet_utils/nnet_dense_stream.h:93]   --->   Operation 430 'store' 'store_ln35' <Predicate = (i_in_1 == 22)> <Delay = 0.00>
ST_2 : Operation 431 [1/1] (0.00ns)   --->   "%store_ln35 = store i2 %trunc_ln35_8, i2 %p_0_8_0_0_047_i" [firmware/nnet_utils/nnet_dense_stream.h:35->firmware/nnet_utils/nnet_dense_stream.h:93]   --->   Operation 431 'store' 'store_ln35' <Predicate = (i_in_1 == 22)> <Delay = 0.00>
ST_2 : Operation 432 [1/1] (0.00ns)   --->   "%store_ln35 = store i2 %trunc_ln35_7, i2 %p_0_7_0_0_045_i" [firmware/nnet_utils/nnet_dense_stream.h:35->firmware/nnet_utils/nnet_dense_stream.h:93]   --->   Operation 432 'store' 'store_ln35' <Predicate = (i_in_1 == 22)> <Delay = 0.00>
ST_2 : Operation 433 [1/1] (0.00ns)   --->   "%store_ln35 = store i2 %trunc_ln35_6, i2 %p_0_6_0_0_043_i" [firmware/nnet_utils/nnet_dense_stream.h:35->firmware/nnet_utils/nnet_dense_stream.h:93]   --->   Operation 433 'store' 'store_ln35' <Predicate = (i_in_1 == 22)> <Delay = 0.00>
ST_2 : Operation 434 [1/1] (0.00ns)   --->   "%store_ln35 = store i2 %trunc_ln35_5, i2 %p_0_5_0_0_041_i" [firmware/nnet_utils/nnet_dense_stream.h:35->firmware/nnet_utils/nnet_dense_stream.h:93]   --->   Operation 434 'store' 'store_ln35' <Predicate = (i_in_1 == 22)> <Delay = 0.00>
ST_2 : Operation 435 [1/1] (0.00ns)   --->   "%store_ln35 = store i2 %trunc_ln35_4, i2 %p_0_4_0_0_039_i" [firmware/nnet_utils/nnet_dense_stream.h:35->firmware/nnet_utils/nnet_dense_stream.h:93]   --->   Operation 435 'store' 'store_ln35' <Predicate = (i_in_1 == 22)> <Delay = 0.00>
ST_2 : Operation 436 [1/1] (0.00ns)   --->   "%store_ln35 = store i2 %trunc_ln35_3, i2 %p_0_3_0_0_037_i" [firmware/nnet_utils/nnet_dense_stream.h:35->firmware/nnet_utils/nnet_dense_stream.h:93]   --->   Operation 436 'store' 'store_ln35' <Predicate = (i_in_1 == 22)> <Delay = 0.00>
ST_2 : Operation 437 [1/1] (0.00ns)   --->   "%store_ln35 = store i2 %trunc_ln35_2, i2 %p_0_2_0_0_035_i" [firmware/nnet_utils/nnet_dense_stream.h:35->firmware/nnet_utils/nnet_dense_stream.h:93]   --->   Operation 437 'store' 'store_ln35' <Predicate = (i_in_1 == 22)> <Delay = 0.00>
ST_2 : Operation 438 [1/1] (0.00ns)   --->   "%store_ln35 = store i2 %trunc_ln35_1, i2 %p_0_1_0_0_033_i" [firmware/nnet_utils/nnet_dense_stream.h:35->firmware/nnet_utils/nnet_dense_stream.h:93]   --->   Operation 438 'store' 'store_ln35' <Predicate = (i_in_1 == 22)> <Delay = 0.00>
ST_2 : Operation 439 [1/1] (0.00ns)   --->   "%store_ln35 = store i2 %trunc_ln35, i2 %p_0_0_0_0_031_i" [firmware/nnet_utils/nnet_dense_stream.h:35->firmware/nnet_utils/nnet_dense_stream.h:93]   --->   Operation 439 'store' 'store_ln35' <Predicate = (i_in_1 == 22)> <Delay = 0.00>
ST_2 : Operation 440 [1/1] (0.00ns)   --->   "%br_ln39 = br void %arrayidx.i3.15.exit.i" [firmware/nnet_utils/nnet_dense_stream.h:39->firmware/nnet_utils/nnet_dense_stream.h:93]   --->   Operation 440 'br' 'br_ln39' <Predicate = (i_in_1 == 22)> <Delay = 0.00>
ST_2 : Operation 441 [1/1] (0.00ns)   --->   "%store_ln35 = store i2 %trunc_ln35_12, i2 %p_0_15_0_0_089_i" [firmware/nnet_utils/nnet_dense_stream.h:35->firmware/nnet_utils/nnet_dense_stream.h:93]   --->   Operation 441 'store' 'store_ln35' <Predicate = (i_in_1 == 21)> <Delay = 0.00>
ST_2 : Operation 442 [1/1] (0.00ns)   --->   "%store_ln35 = store i2 %trunc_ln35_11, i2 %p_0_13_0_0_087_i" [firmware/nnet_utils/nnet_dense_stream.h:35->firmware/nnet_utils/nnet_dense_stream.h:93]   --->   Operation 442 'store' 'store_ln35' <Predicate = (i_in_1 == 21)> <Delay = 0.00>
ST_2 : Operation 443 [1/1] (0.00ns)   --->   "%store_ln35 = store i2 %trunc_ln35_10, i2 %p_0_12_0_0_085_i" [firmware/nnet_utils/nnet_dense_stream.h:35->firmware/nnet_utils/nnet_dense_stream.h:93]   --->   Operation 443 'store' 'store_ln35' <Predicate = (i_in_1 == 21)> <Delay = 0.00>
ST_2 : Operation 444 [1/1] (0.00ns)   --->   "%store_ln35 = store i2 %data, i2 %p_0_11_0_0_083_i" [firmware/nnet_utils/nnet_dense_stream.h:35->firmware/nnet_utils/nnet_dense_stream.h:93]   --->   Operation 444 'store' 'store_ln35' <Predicate = (i_in_1 == 21)> <Delay = 0.00>
ST_2 : Operation 445 [1/1] (0.00ns)   --->   "%store_ln35 = store i2 %trunc_ln35_s, i2 %p_0_10_0_0_081_i" [firmware/nnet_utils/nnet_dense_stream.h:35->firmware/nnet_utils/nnet_dense_stream.h:93]   --->   Operation 445 'store' 'store_ln35' <Predicate = (i_in_1 == 21)> <Delay = 0.00>
ST_2 : Operation 446 [1/1] (0.00ns)   --->   "%store_ln35 = store i2 %trunc_ln35_9, i2 %p_0_9_0_0_079_i" [firmware/nnet_utils/nnet_dense_stream.h:35->firmware/nnet_utils/nnet_dense_stream.h:93]   --->   Operation 446 'store' 'store_ln35' <Predicate = (i_in_1 == 21)> <Delay = 0.00>
ST_2 : Operation 447 [1/1] (0.00ns)   --->   "%store_ln35 = store i2 %trunc_ln35_8, i2 %p_0_8_0_0_077_i" [firmware/nnet_utils/nnet_dense_stream.h:35->firmware/nnet_utils/nnet_dense_stream.h:93]   --->   Operation 447 'store' 'store_ln35' <Predicate = (i_in_1 == 21)> <Delay = 0.00>
ST_2 : Operation 448 [1/1] (0.00ns)   --->   "%store_ln35 = store i2 %trunc_ln35_7, i2 %p_0_7_0_0_075_i" [firmware/nnet_utils/nnet_dense_stream.h:35->firmware/nnet_utils/nnet_dense_stream.h:93]   --->   Operation 448 'store' 'store_ln35' <Predicate = (i_in_1 == 21)> <Delay = 0.00>
ST_2 : Operation 449 [1/1] (0.00ns)   --->   "%store_ln35 = store i2 %trunc_ln35_6, i2 %p_0_6_0_0_073_i" [firmware/nnet_utils/nnet_dense_stream.h:35->firmware/nnet_utils/nnet_dense_stream.h:93]   --->   Operation 449 'store' 'store_ln35' <Predicate = (i_in_1 == 21)> <Delay = 0.00>
ST_2 : Operation 450 [1/1] (0.00ns)   --->   "%store_ln35 = store i2 %trunc_ln35_5, i2 %p_0_5_0_0_071_i" [firmware/nnet_utils/nnet_dense_stream.h:35->firmware/nnet_utils/nnet_dense_stream.h:93]   --->   Operation 450 'store' 'store_ln35' <Predicate = (i_in_1 == 21)> <Delay = 0.00>
ST_2 : Operation 451 [1/1] (0.00ns)   --->   "%store_ln35 = store i2 %trunc_ln35_4, i2 %p_0_4_0_0_069_i" [firmware/nnet_utils/nnet_dense_stream.h:35->firmware/nnet_utils/nnet_dense_stream.h:93]   --->   Operation 451 'store' 'store_ln35' <Predicate = (i_in_1 == 21)> <Delay = 0.00>
ST_2 : Operation 452 [1/1] (0.00ns)   --->   "%store_ln35 = store i2 %trunc_ln35_3, i2 %p_0_3_0_0_067_i" [firmware/nnet_utils/nnet_dense_stream.h:35->firmware/nnet_utils/nnet_dense_stream.h:93]   --->   Operation 452 'store' 'store_ln35' <Predicate = (i_in_1 == 21)> <Delay = 0.00>
ST_2 : Operation 453 [1/1] (0.00ns)   --->   "%store_ln35 = store i2 %trunc_ln35_2, i2 %p_0_2_0_0_065_i" [firmware/nnet_utils/nnet_dense_stream.h:35->firmware/nnet_utils/nnet_dense_stream.h:93]   --->   Operation 453 'store' 'store_ln35' <Predicate = (i_in_1 == 21)> <Delay = 0.00>
ST_2 : Operation 454 [1/1] (0.00ns)   --->   "%store_ln35 = store i2 %trunc_ln35_1, i2 %p_0_1_0_0_063_i" [firmware/nnet_utils/nnet_dense_stream.h:35->firmware/nnet_utils/nnet_dense_stream.h:93]   --->   Operation 454 'store' 'store_ln35' <Predicate = (i_in_1 == 21)> <Delay = 0.00>
ST_2 : Operation 455 [1/1] (0.00ns)   --->   "%store_ln35 = store i2 %trunc_ln35, i2 %p_0_0_0_0_061_i" [firmware/nnet_utils/nnet_dense_stream.h:35->firmware/nnet_utils/nnet_dense_stream.h:93]   --->   Operation 455 'store' 'store_ln35' <Predicate = (i_in_1 == 21)> <Delay = 0.00>
ST_2 : Operation 456 [1/1] (0.00ns)   --->   "%br_ln39 = br void %arrayidx.i3.15.exit.i" [firmware/nnet_utils/nnet_dense_stream.h:39->firmware/nnet_utils/nnet_dense_stream.h:93]   --->   Operation 456 'br' 'br_ln39' <Predicate = (i_in_1 == 21)> <Delay = 0.00>
ST_2 : Operation 457 [1/1] (0.00ns)   --->   "%store_ln35 = store i2 %trunc_ln35_12, i2 %p_0_15_0_0_0119_i" [firmware/nnet_utils/nnet_dense_stream.h:35->firmware/nnet_utils/nnet_dense_stream.h:93]   --->   Operation 457 'store' 'store_ln35' <Predicate = (i_in_1 == 20)> <Delay = 0.00>
ST_2 : Operation 458 [1/1] (0.00ns)   --->   "%store_ln35 = store i2 %trunc_ln35_11, i2 %p_0_13_0_0_0117_i" [firmware/nnet_utils/nnet_dense_stream.h:35->firmware/nnet_utils/nnet_dense_stream.h:93]   --->   Operation 458 'store' 'store_ln35' <Predicate = (i_in_1 == 20)> <Delay = 0.00>
ST_2 : Operation 459 [1/1] (0.00ns)   --->   "%store_ln35 = store i2 %trunc_ln35_10, i2 %p_0_12_0_0_0115_i" [firmware/nnet_utils/nnet_dense_stream.h:35->firmware/nnet_utils/nnet_dense_stream.h:93]   --->   Operation 459 'store' 'store_ln35' <Predicate = (i_in_1 == 20)> <Delay = 0.00>
ST_2 : Operation 460 [1/1] (0.00ns)   --->   "%store_ln35 = store i2 %data, i2 %p_0_11_0_0_0113_i" [firmware/nnet_utils/nnet_dense_stream.h:35->firmware/nnet_utils/nnet_dense_stream.h:93]   --->   Operation 460 'store' 'store_ln35' <Predicate = (i_in_1 == 20)> <Delay = 0.00>
ST_2 : Operation 461 [1/1] (0.00ns)   --->   "%store_ln35 = store i2 %trunc_ln35_s, i2 %p_0_10_0_0_0111_i" [firmware/nnet_utils/nnet_dense_stream.h:35->firmware/nnet_utils/nnet_dense_stream.h:93]   --->   Operation 461 'store' 'store_ln35' <Predicate = (i_in_1 == 20)> <Delay = 0.00>
ST_2 : Operation 462 [1/1] (0.00ns)   --->   "%store_ln35 = store i2 %trunc_ln35_9, i2 %p_0_9_0_0_0109_i" [firmware/nnet_utils/nnet_dense_stream.h:35->firmware/nnet_utils/nnet_dense_stream.h:93]   --->   Operation 462 'store' 'store_ln35' <Predicate = (i_in_1 == 20)> <Delay = 0.00>
ST_2 : Operation 463 [1/1] (0.00ns)   --->   "%store_ln35 = store i2 %trunc_ln35_8, i2 %p_0_8_0_0_0107_i" [firmware/nnet_utils/nnet_dense_stream.h:35->firmware/nnet_utils/nnet_dense_stream.h:93]   --->   Operation 463 'store' 'store_ln35' <Predicate = (i_in_1 == 20)> <Delay = 0.00>
ST_2 : Operation 464 [1/1] (0.00ns)   --->   "%store_ln35 = store i2 %trunc_ln35_7, i2 %p_0_7_0_0_0105_i" [firmware/nnet_utils/nnet_dense_stream.h:35->firmware/nnet_utils/nnet_dense_stream.h:93]   --->   Operation 464 'store' 'store_ln35' <Predicate = (i_in_1 == 20)> <Delay = 0.00>
ST_2 : Operation 465 [1/1] (0.00ns)   --->   "%store_ln35 = store i2 %trunc_ln35_6, i2 %p_0_6_0_0_0103_i" [firmware/nnet_utils/nnet_dense_stream.h:35->firmware/nnet_utils/nnet_dense_stream.h:93]   --->   Operation 465 'store' 'store_ln35' <Predicate = (i_in_1 == 20)> <Delay = 0.00>
ST_2 : Operation 466 [1/1] (0.00ns)   --->   "%store_ln35 = store i2 %trunc_ln35_5, i2 %p_0_5_0_0_0101_i" [firmware/nnet_utils/nnet_dense_stream.h:35->firmware/nnet_utils/nnet_dense_stream.h:93]   --->   Operation 466 'store' 'store_ln35' <Predicate = (i_in_1 == 20)> <Delay = 0.00>
ST_2 : Operation 467 [1/1] (0.00ns)   --->   "%store_ln35 = store i2 %trunc_ln35_4, i2 %p_0_4_0_0_099_i" [firmware/nnet_utils/nnet_dense_stream.h:35->firmware/nnet_utils/nnet_dense_stream.h:93]   --->   Operation 467 'store' 'store_ln35' <Predicate = (i_in_1 == 20)> <Delay = 0.00>
ST_2 : Operation 468 [1/1] (0.00ns)   --->   "%store_ln35 = store i2 %trunc_ln35_3, i2 %p_0_3_0_0_097_i" [firmware/nnet_utils/nnet_dense_stream.h:35->firmware/nnet_utils/nnet_dense_stream.h:93]   --->   Operation 468 'store' 'store_ln35' <Predicate = (i_in_1 == 20)> <Delay = 0.00>
ST_2 : Operation 469 [1/1] (0.00ns)   --->   "%store_ln35 = store i2 %trunc_ln35_2, i2 %p_0_2_0_0_095_i" [firmware/nnet_utils/nnet_dense_stream.h:35->firmware/nnet_utils/nnet_dense_stream.h:93]   --->   Operation 469 'store' 'store_ln35' <Predicate = (i_in_1 == 20)> <Delay = 0.00>
ST_2 : Operation 470 [1/1] (0.00ns)   --->   "%store_ln35 = store i2 %trunc_ln35_1, i2 %p_0_1_0_0_093_i" [firmware/nnet_utils/nnet_dense_stream.h:35->firmware/nnet_utils/nnet_dense_stream.h:93]   --->   Operation 470 'store' 'store_ln35' <Predicate = (i_in_1 == 20)> <Delay = 0.00>
ST_2 : Operation 471 [1/1] (0.00ns)   --->   "%store_ln35 = store i2 %trunc_ln35, i2 %p_0_0_0_0_091_i" [firmware/nnet_utils/nnet_dense_stream.h:35->firmware/nnet_utils/nnet_dense_stream.h:93]   --->   Operation 471 'store' 'store_ln35' <Predicate = (i_in_1 == 20)> <Delay = 0.00>
ST_2 : Operation 472 [1/1] (0.00ns)   --->   "%br_ln39 = br void %arrayidx.i3.15.exit.i" [firmware/nnet_utils/nnet_dense_stream.h:39->firmware/nnet_utils/nnet_dense_stream.h:93]   --->   Operation 472 'br' 'br_ln39' <Predicate = (i_in_1 == 20)> <Delay = 0.00>
ST_2 : Operation 473 [1/1] (0.00ns)   --->   "%store_ln35 = store i2 %trunc_ln35_12, i2 %p_0_15_0_0_0149_i" [firmware/nnet_utils/nnet_dense_stream.h:35->firmware/nnet_utils/nnet_dense_stream.h:93]   --->   Operation 473 'store' 'store_ln35' <Predicate = (i_in_1 == 19)> <Delay = 0.00>
ST_2 : Operation 474 [1/1] (0.00ns)   --->   "%store_ln35 = store i2 %trunc_ln35_11, i2 %p_0_13_0_0_0147_i" [firmware/nnet_utils/nnet_dense_stream.h:35->firmware/nnet_utils/nnet_dense_stream.h:93]   --->   Operation 474 'store' 'store_ln35' <Predicate = (i_in_1 == 19)> <Delay = 0.00>
ST_2 : Operation 475 [1/1] (0.00ns)   --->   "%store_ln35 = store i2 %trunc_ln35_10, i2 %p_0_12_0_0_0145_i" [firmware/nnet_utils/nnet_dense_stream.h:35->firmware/nnet_utils/nnet_dense_stream.h:93]   --->   Operation 475 'store' 'store_ln35' <Predicate = (i_in_1 == 19)> <Delay = 0.00>
ST_2 : Operation 476 [1/1] (0.00ns)   --->   "%store_ln35 = store i2 %data, i2 %p_0_11_0_0_0143_i" [firmware/nnet_utils/nnet_dense_stream.h:35->firmware/nnet_utils/nnet_dense_stream.h:93]   --->   Operation 476 'store' 'store_ln35' <Predicate = (i_in_1 == 19)> <Delay = 0.00>
ST_2 : Operation 477 [1/1] (0.00ns)   --->   "%store_ln35 = store i2 %trunc_ln35_s, i2 %p_0_10_0_0_0141_i" [firmware/nnet_utils/nnet_dense_stream.h:35->firmware/nnet_utils/nnet_dense_stream.h:93]   --->   Operation 477 'store' 'store_ln35' <Predicate = (i_in_1 == 19)> <Delay = 0.00>
ST_2 : Operation 478 [1/1] (0.00ns)   --->   "%store_ln35 = store i2 %trunc_ln35_9, i2 %p_0_9_0_0_0139_i" [firmware/nnet_utils/nnet_dense_stream.h:35->firmware/nnet_utils/nnet_dense_stream.h:93]   --->   Operation 478 'store' 'store_ln35' <Predicate = (i_in_1 == 19)> <Delay = 0.00>
ST_2 : Operation 479 [1/1] (0.00ns)   --->   "%store_ln35 = store i2 %trunc_ln35_8, i2 %p_0_8_0_0_0137_i" [firmware/nnet_utils/nnet_dense_stream.h:35->firmware/nnet_utils/nnet_dense_stream.h:93]   --->   Operation 479 'store' 'store_ln35' <Predicate = (i_in_1 == 19)> <Delay = 0.00>
ST_2 : Operation 480 [1/1] (0.00ns)   --->   "%store_ln35 = store i2 %trunc_ln35_7, i2 %p_0_7_0_0_0135_i" [firmware/nnet_utils/nnet_dense_stream.h:35->firmware/nnet_utils/nnet_dense_stream.h:93]   --->   Operation 480 'store' 'store_ln35' <Predicate = (i_in_1 == 19)> <Delay = 0.00>
ST_2 : Operation 481 [1/1] (0.00ns)   --->   "%store_ln35 = store i2 %trunc_ln35_6, i2 %p_0_6_0_0_0133_i" [firmware/nnet_utils/nnet_dense_stream.h:35->firmware/nnet_utils/nnet_dense_stream.h:93]   --->   Operation 481 'store' 'store_ln35' <Predicate = (i_in_1 == 19)> <Delay = 0.00>
ST_2 : Operation 482 [1/1] (0.00ns)   --->   "%store_ln35 = store i2 %trunc_ln35_5, i2 %p_0_5_0_0_0131_i" [firmware/nnet_utils/nnet_dense_stream.h:35->firmware/nnet_utils/nnet_dense_stream.h:93]   --->   Operation 482 'store' 'store_ln35' <Predicate = (i_in_1 == 19)> <Delay = 0.00>
ST_2 : Operation 483 [1/1] (0.00ns)   --->   "%store_ln35 = store i2 %trunc_ln35_4, i2 %p_0_4_0_0_0129_i" [firmware/nnet_utils/nnet_dense_stream.h:35->firmware/nnet_utils/nnet_dense_stream.h:93]   --->   Operation 483 'store' 'store_ln35' <Predicate = (i_in_1 == 19)> <Delay = 0.00>
ST_2 : Operation 484 [1/1] (0.00ns)   --->   "%store_ln35 = store i2 %trunc_ln35_3, i2 %p_0_3_0_0_0127_i" [firmware/nnet_utils/nnet_dense_stream.h:35->firmware/nnet_utils/nnet_dense_stream.h:93]   --->   Operation 484 'store' 'store_ln35' <Predicate = (i_in_1 == 19)> <Delay = 0.00>
ST_2 : Operation 485 [1/1] (0.00ns)   --->   "%store_ln35 = store i2 %trunc_ln35_2, i2 %p_0_2_0_0_0125_i" [firmware/nnet_utils/nnet_dense_stream.h:35->firmware/nnet_utils/nnet_dense_stream.h:93]   --->   Operation 485 'store' 'store_ln35' <Predicate = (i_in_1 == 19)> <Delay = 0.00>
ST_2 : Operation 486 [1/1] (0.00ns)   --->   "%store_ln35 = store i2 %trunc_ln35_1, i2 %p_0_1_0_0_0123_i" [firmware/nnet_utils/nnet_dense_stream.h:35->firmware/nnet_utils/nnet_dense_stream.h:93]   --->   Operation 486 'store' 'store_ln35' <Predicate = (i_in_1 == 19)> <Delay = 0.00>
ST_2 : Operation 487 [1/1] (0.00ns)   --->   "%store_ln35 = store i2 %trunc_ln35, i2 %p_0_0_0_0_0121_i" [firmware/nnet_utils/nnet_dense_stream.h:35->firmware/nnet_utils/nnet_dense_stream.h:93]   --->   Operation 487 'store' 'store_ln35' <Predicate = (i_in_1 == 19)> <Delay = 0.00>
ST_2 : Operation 488 [1/1] (0.00ns)   --->   "%br_ln39 = br void %arrayidx.i3.15.exit.i" [firmware/nnet_utils/nnet_dense_stream.h:39->firmware/nnet_utils/nnet_dense_stream.h:93]   --->   Operation 488 'br' 'br_ln39' <Predicate = (i_in_1 == 19)> <Delay = 0.00>
ST_2 : Operation 489 [1/1] (0.00ns)   --->   "%store_ln35 = store i2 %trunc_ln35_12, i2 %p_0_15_0_0_0179_i" [firmware/nnet_utils/nnet_dense_stream.h:35->firmware/nnet_utils/nnet_dense_stream.h:93]   --->   Operation 489 'store' 'store_ln35' <Predicate = (i_in_1 == 18)> <Delay = 0.00>
ST_2 : Operation 490 [1/1] (0.00ns)   --->   "%store_ln35 = store i2 %trunc_ln35_11, i2 %p_0_13_0_0_0177_i" [firmware/nnet_utils/nnet_dense_stream.h:35->firmware/nnet_utils/nnet_dense_stream.h:93]   --->   Operation 490 'store' 'store_ln35' <Predicate = (i_in_1 == 18)> <Delay = 0.00>
ST_2 : Operation 491 [1/1] (0.00ns)   --->   "%store_ln35 = store i2 %trunc_ln35_10, i2 %p_0_12_0_0_0175_i" [firmware/nnet_utils/nnet_dense_stream.h:35->firmware/nnet_utils/nnet_dense_stream.h:93]   --->   Operation 491 'store' 'store_ln35' <Predicate = (i_in_1 == 18)> <Delay = 0.00>
ST_2 : Operation 492 [1/1] (0.00ns)   --->   "%store_ln35 = store i2 %data, i2 %p_0_11_0_0_0173_i" [firmware/nnet_utils/nnet_dense_stream.h:35->firmware/nnet_utils/nnet_dense_stream.h:93]   --->   Operation 492 'store' 'store_ln35' <Predicate = (i_in_1 == 18)> <Delay = 0.00>
ST_2 : Operation 493 [1/1] (0.00ns)   --->   "%store_ln35 = store i2 %trunc_ln35_s, i2 %p_0_10_0_0_0171_i" [firmware/nnet_utils/nnet_dense_stream.h:35->firmware/nnet_utils/nnet_dense_stream.h:93]   --->   Operation 493 'store' 'store_ln35' <Predicate = (i_in_1 == 18)> <Delay = 0.00>
ST_2 : Operation 494 [1/1] (0.00ns)   --->   "%store_ln35 = store i2 %trunc_ln35_9, i2 %p_0_9_0_0_0169_i" [firmware/nnet_utils/nnet_dense_stream.h:35->firmware/nnet_utils/nnet_dense_stream.h:93]   --->   Operation 494 'store' 'store_ln35' <Predicate = (i_in_1 == 18)> <Delay = 0.00>
ST_2 : Operation 495 [1/1] (0.00ns)   --->   "%store_ln35 = store i2 %trunc_ln35_8, i2 %p_0_8_0_0_0167_i" [firmware/nnet_utils/nnet_dense_stream.h:35->firmware/nnet_utils/nnet_dense_stream.h:93]   --->   Operation 495 'store' 'store_ln35' <Predicate = (i_in_1 == 18)> <Delay = 0.00>
ST_2 : Operation 496 [1/1] (0.00ns)   --->   "%store_ln35 = store i2 %trunc_ln35_7, i2 %p_0_7_0_0_0165_i" [firmware/nnet_utils/nnet_dense_stream.h:35->firmware/nnet_utils/nnet_dense_stream.h:93]   --->   Operation 496 'store' 'store_ln35' <Predicate = (i_in_1 == 18)> <Delay = 0.00>
ST_2 : Operation 497 [1/1] (0.00ns)   --->   "%store_ln35 = store i2 %trunc_ln35_6, i2 %p_0_6_0_0_0163_i" [firmware/nnet_utils/nnet_dense_stream.h:35->firmware/nnet_utils/nnet_dense_stream.h:93]   --->   Operation 497 'store' 'store_ln35' <Predicate = (i_in_1 == 18)> <Delay = 0.00>
ST_2 : Operation 498 [1/1] (0.00ns)   --->   "%store_ln35 = store i2 %trunc_ln35_5, i2 %p_0_5_0_0_0161_i" [firmware/nnet_utils/nnet_dense_stream.h:35->firmware/nnet_utils/nnet_dense_stream.h:93]   --->   Operation 498 'store' 'store_ln35' <Predicate = (i_in_1 == 18)> <Delay = 0.00>
ST_2 : Operation 499 [1/1] (0.00ns)   --->   "%store_ln35 = store i2 %trunc_ln35_4, i2 %p_0_4_0_0_0159_i" [firmware/nnet_utils/nnet_dense_stream.h:35->firmware/nnet_utils/nnet_dense_stream.h:93]   --->   Operation 499 'store' 'store_ln35' <Predicate = (i_in_1 == 18)> <Delay = 0.00>
ST_2 : Operation 500 [1/1] (0.00ns)   --->   "%store_ln35 = store i2 %trunc_ln35_3, i2 %p_0_3_0_0_0157_i" [firmware/nnet_utils/nnet_dense_stream.h:35->firmware/nnet_utils/nnet_dense_stream.h:93]   --->   Operation 500 'store' 'store_ln35' <Predicate = (i_in_1 == 18)> <Delay = 0.00>
ST_2 : Operation 501 [1/1] (0.00ns)   --->   "%store_ln35 = store i2 %trunc_ln35_2, i2 %p_0_2_0_0_0155_i" [firmware/nnet_utils/nnet_dense_stream.h:35->firmware/nnet_utils/nnet_dense_stream.h:93]   --->   Operation 501 'store' 'store_ln35' <Predicate = (i_in_1 == 18)> <Delay = 0.00>
ST_2 : Operation 502 [1/1] (0.00ns)   --->   "%store_ln35 = store i2 %trunc_ln35_1, i2 %p_0_1_0_0_0153_i" [firmware/nnet_utils/nnet_dense_stream.h:35->firmware/nnet_utils/nnet_dense_stream.h:93]   --->   Operation 502 'store' 'store_ln35' <Predicate = (i_in_1 == 18)> <Delay = 0.00>
ST_2 : Operation 503 [1/1] (0.00ns)   --->   "%store_ln35 = store i2 %trunc_ln35, i2 %p_0_0_0_0_0151_i" [firmware/nnet_utils/nnet_dense_stream.h:35->firmware/nnet_utils/nnet_dense_stream.h:93]   --->   Operation 503 'store' 'store_ln35' <Predicate = (i_in_1 == 18)> <Delay = 0.00>
ST_2 : Operation 504 [1/1] (0.00ns)   --->   "%br_ln39 = br void %arrayidx.i3.15.exit.i" [firmware/nnet_utils/nnet_dense_stream.h:39->firmware/nnet_utils/nnet_dense_stream.h:93]   --->   Operation 504 'br' 'br_ln39' <Predicate = (i_in_1 == 18)> <Delay = 0.00>
ST_2 : Operation 505 [1/1] (0.00ns)   --->   "%store_ln35 = store i2 %trunc_ln35_12, i2 %p_0_15_0_0_0209_i" [firmware/nnet_utils/nnet_dense_stream.h:35->firmware/nnet_utils/nnet_dense_stream.h:93]   --->   Operation 505 'store' 'store_ln35' <Predicate = (i_in_1 == 17)> <Delay = 0.00>
ST_2 : Operation 506 [1/1] (0.00ns)   --->   "%store_ln35 = store i2 %trunc_ln35_11, i2 %p_0_13_0_0_0207_i" [firmware/nnet_utils/nnet_dense_stream.h:35->firmware/nnet_utils/nnet_dense_stream.h:93]   --->   Operation 506 'store' 'store_ln35' <Predicate = (i_in_1 == 17)> <Delay = 0.00>
ST_2 : Operation 507 [1/1] (0.00ns)   --->   "%store_ln35 = store i2 %trunc_ln35_10, i2 %p_0_12_0_0_0205_i" [firmware/nnet_utils/nnet_dense_stream.h:35->firmware/nnet_utils/nnet_dense_stream.h:93]   --->   Operation 507 'store' 'store_ln35' <Predicate = (i_in_1 == 17)> <Delay = 0.00>
ST_2 : Operation 508 [1/1] (0.00ns)   --->   "%store_ln35 = store i2 %data, i2 %p_0_11_0_0_0203_i" [firmware/nnet_utils/nnet_dense_stream.h:35->firmware/nnet_utils/nnet_dense_stream.h:93]   --->   Operation 508 'store' 'store_ln35' <Predicate = (i_in_1 == 17)> <Delay = 0.00>
ST_2 : Operation 509 [1/1] (0.00ns)   --->   "%store_ln35 = store i2 %trunc_ln35_s, i2 %p_0_10_0_0_0201_i" [firmware/nnet_utils/nnet_dense_stream.h:35->firmware/nnet_utils/nnet_dense_stream.h:93]   --->   Operation 509 'store' 'store_ln35' <Predicate = (i_in_1 == 17)> <Delay = 0.00>
ST_2 : Operation 510 [1/1] (0.00ns)   --->   "%store_ln35 = store i2 %trunc_ln35_9, i2 %p_0_9_0_0_0199_i" [firmware/nnet_utils/nnet_dense_stream.h:35->firmware/nnet_utils/nnet_dense_stream.h:93]   --->   Operation 510 'store' 'store_ln35' <Predicate = (i_in_1 == 17)> <Delay = 0.00>
ST_2 : Operation 511 [1/1] (0.00ns)   --->   "%store_ln35 = store i2 %trunc_ln35_8, i2 %p_0_8_0_0_0197_i" [firmware/nnet_utils/nnet_dense_stream.h:35->firmware/nnet_utils/nnet_dense_stream.h:93]   --->   Operation 511 'store' 'store_ln35' <Predicate = (i_in_1 == 17)> <Delay = 0.00>
ST_2 : Operation 512 [1/1] (0.00ns)   --->   "%store_ln35 = store i2 %trunc_ln35_7, i2 %p_0_7_0_0_0195_i" [firmware/nnet_utils/nnet_dense_stream.h:35->firmware/nnet_utils/nnet_dense_stream.h:93]   --->   Operation 512 'store' 'store_ln35' <Predicate = (i_in_1 == 17)> <Delay = 0.00>
ST_2 : Operation 513 [1/1] (0.00ns)   --->   "%store_ln35 = store i2 %trunc_ln35_6, i2 %p_0_6_0_0_0193_i" [firmware/nnet_utils/nnet_dense_stream.h:35->firmware/nnet_utils/nnet_dense_stream.h:93]   --->   Operation 513 'store' 'store_ln35' <Predicate = (i_in_1 == 17)> <Delay = 0.00>
ST_2 : Operation 514 [1/1] (0.00ns)   --->   "%store_ln35 = store i2 %trunc_ln35_5, i2 %p_0_5_0_0_0191_i" [firmware/nnet_utils/nnet_dense_stream.h:35->firmware/nnet_utils/nnet_dense_stream.h:93]   --->   Operation 514 'store' 'store_ln35' <Predicate = (i_in_1 == 17)> <Delay = 0.00>
ST_2 : Operation 515 [1/1] (0.00ns)   --->   "%store_ln35 = store i2 %trunc_ln35_4, i2 %p_0_4_0_0_0189_i" [firmware/nnet_utils/nnet_dense_stream.h:35->firmware/nnet_utils/nnet_dense_stream.h:93]   --->   Operation 515 'store' 'store_ln35' <Predicate = (i_in_1 == 17)> <Delay = 0.00>
ST_2 : Operation 516 [1/1] (0.00ns)   --->   "%store_ln35 = store i2 %trunc_ln35_3, i2 %p_0_3_0_0_0187_i" [firmware/nnet_utils/nnet_dense_stream.h:35->firmware/nnet_utils/nnet_dense_stream.h:93]   --->   Operation 516 'store' 'store_ln35' <Predicate = (i_in_1 == 17)> <Delay = 0.00>
ST_2 : Operation 517 [1/1] (0.00ns)   --->   "%store_ln35 = store i2 %trunc_ln35_2, i2 %p_0_2_0_0_0185_i" [firmware/nnet_utils/nnet_dense_stream.h:35->firmware/nnet_utils/nnet_dense_stream.h:93]   --->   Operation 517 'store' 'store_ln35' <Predicate = (i_in_1 == 17)> <Delay = 0.00>
ST_2 : Operation 518 [1/1] (0.00ns)   --->   "%store_ln35 = store i2 %trunc_ln35_1, i2 %p_0_1_0_0_0183_i" [firmware/nnet_utils/nnet_dense_stream.h:35->firmware/nnet_utils/nnet_dense_stream.h:93]   --->   Operation 518 'store' 'store_ln35' <Predicate = (i_in_1 == 17)> <Delay = 0.00>
ST_2 : Operation 519 [1/1] (0.00ns)   --->   "%store_ln35 = store i2 %trunc_ln35, i2 %p_0_0_0_0_0181_i" [firmware/nnet_utils/nnet_dense_stream.h:35->firmware/nnet_utils/nnet_dense_stream.h:93]   --->   Operation 519 'store' 'store_ln35' <Predicate = (i_in_1 == 17)> <Delay = 0.00>
ST_2 : Operation 520 [1/1] (0.00ns)   --->   "%br_ln39 = br void %arrayidx.i3.15.exit.i" [firmware/nnet_utils/nnet_dense_stream.h:39->firmware/nnet_utils/nnet_dense_stream.h:93]   --->   Operation 520 'br' 'br_ln39' <Predicate = (i_in_1 == 17)> <Delay = 0.00>
ST_2 : Operation 521 [1/1] (0.00ns)   --->   "%store_ln35 = store i2 %trunc_ln35_12, i2 %p_0_15_0_0_0239_i" [firmware/nnet_utils/nnet_dense_stream.h:35->firmware/nnet_utils/nnet_dense_stream.h:93]   --->   Operation 521 'store' 'store_ln35' <Predicate = (i_in_1 == 16)> <Delay = 0.00>
ST_2 : Operation 522 [1/1] (0.00ns)   --->   "%store_ln35 = store i2 %trunc_ln35_11, i2 %p_0_13_0_0_0237_i" [firmware/nnet_utils/nnet_dense_stream.h:35->firmware/nnet_utils/nnet_dense_stream.h:93]   --->   Operation 522 'store' 'store_ln35' <Predicate = (i_in_1 == 16)> <Delay = 0.00>
ST_2 : Operation 523 [1/1] (0.00ns)   --->   "%store_ln35 = store i2 %trunc_ln35_10, i2 %p_0_12_0_0_0235_i" [firmware/nnet_utils/nnet_dense_stream.h:35->firmware/nnet_utils/nnet_dense_stream.h:93]   --->   Operation 523 'store' 'store_ln35' <Predicate = (i_in_1 == 16)> <Delay = 0.00>
ST_2 : Operation 524 [1/1] (0.00ns)   --->   "%store_ln35 = store i2 %data, i2 %p_0_11_0_0_0233_i" [firmware/nnet_utils/nnet_dense_stream.h:35->firmware/nnet_utils/nnet_dense_stream.h:93]   --->   Operation 524 'store' 'store_ln35' <Predicate = (i_in_1 == 16)> <Delay = 0.00>
ST_2 : Operation 525 [1/1] (0.00ns)   --->   "%store_ln35 = store i2 %trunc_ln35_s, i2 %p_0_10_0_0_0231_i" [firmware/nnet_utils/nnet_dense_stream.h:35->firmware/nnet_utils/nnet_dense_stream.h:93]   --->   Operation 525 'store' 'store_ln35' <Predicate = (i_in_1 == 16)> <Delay = 0.00>
ST_2 : Operation 526 [1/1] (0.00ns)   --->   "%store_ln35 = store i2 %trunc_ln35_9, i2 %p_0_9_0_0_0229_i" [firmware/nnet_utils/nnet_dense_stream.h:35->firmware/nnet_utils/nnet_dense_stream.h:93]   --->   Operation 526 'store' 'store_ln35' <Predicate = (i_in_1 == 16)> <Delay = 0.00>
ST_2 : Operation 527 [1/1] (0.00ns)   --->   "%store_ln35 = store i2 %trunc_ln35_8, i2 %p_0_8_0_0_0227_i" [firmware/nnet_utils/nnet_dense_stream.h:35->firmware/nnet_utils/nnet_dense_stream.h:93]   --->   Operation 527 'store' 'store_ln35' <Predicate = (i_in_1 == 16)> <Delay = 0.00>
ST_2 : Operation 528 [1/1] (0.00ns)   --->   "%store_ln35 = store i2 %trunc_ln35_7, i2 %p_0_7_0_0_0225_i" [firmware/nnet_utils/nnet_dense_stream.h:35->firmware/nnet_utils/nnet_dense_stream.h:93]   --->   Operation 528 'store' 'store_ln35' <Predicate = (i_in_1 == 16)> <Delay = 0.00>
ST_2 : Operation 529 [1/1] (0.00ns)   --->   "%store_ln35 = store i2 %trunc_ln35_6, i2 %p_0_6_0_0_0223_i" [firmware/nnet_utils/nnet_dense_stream.h:35->firmware/nnet_utils/nnet_dense_stream.h:93]   --->   Operation 529 'store' 'store_ln35' <Predicate = (i_in_1 == 16)> <Delay = 0.00>
ST_2 : Operation 530 [1/1] (0.00ns)   --->   "%store_ln35 = store i2 %trunc_ln35_5, i2 %p_0_5_0_0_0221_i" [firmware/nnet_utils/nnet_dense_stream.h:35->firmware/nnet_utils/nnet_dense_stream.h:93]   --->   Operation 530 'store' 'store_ln35' <Predicate = (i_in_1 == 16)> <Delay = 0.00>
ST_2 : Operation 531 [1/1] (0.00ns)   --->   "%store_ln35 = store i2 %trunc_ln35_4, i2 %p_0_4_0_0_0219_i" [firmware/nnet_utils/nnet_dense_stream.h:35->firmware/nnet_utils/nnet_dense_stream.h:93]   --->   Operation 531 'store' 'store_ln35' <Predicate = (i_in_1 == 16)> <Delay = 0.00>
ST_2 : Operation 532 [1/1] (0.00ns)   --->   "%store_ln35 = store i2 %trunc_ln35_3, i2 %p_0_3_0_0_0217_i" [firmware/nnet_utils/nnet_dense_stream.h:35->firmware/nnet_utils/nnet_dense_stream.h:93]   --->   Operation 532 'store' 'store_ln35' <Predicate = (i_in_1 == 16)> <Delay = 0.00>
ST_2 : Operation 533 [1/1] (0.00ns)   --->   "%store_ln35 = store i2 %trunc_ln35_2, i2 %p_0_2_0_0_0215_i" [firmware/nnet_utils/nnet_dense_stream.h:35->firmware/nnet_utils/nnet_dense_stream.h:93]   --->   Operation 533 'store' 'store_ln35' <Predicate = (i_in_1 == 16)> <Delay = 0.00>
ST_2 : Operation 534 [1/1] (0.00ns)   --->   "%store_ln35 = store i2 %trunc_ln35_1, i2 %p_0_1_0_0_0213_i" [firmware/nnet_utils/nnet_dense_stream.h:35->firmware/nnet_utils/nnet_dense_stream.h:93]   --->   Operation 534 'store' 'store_ln35' <Predicate = (i_in_1 == 16)> <Delay = 0.00>
ST_2 : Operation 535 [1/1] (0.00ns)   --->   "%store_ln35 = store i2 %trunc_ln35, i2 %p_0_0_0_0_0211_i" [firmware/nnet_utils/nnet_dense_stream.h:35->firmware/nnet_utils/nnet_dense_stream.h:93]   --->   Operation 535 'store' 'store_ln35' <Predicate = (i_in_1 == 16)> <Delay = 0.00>
ST_2 : Operation 536 [1/1] (0.00ns)   --->   "%br_ln39 = br void %arrayidx.i3.15.exit.i" [firmware/nnet_utils/nnet_dense_stream.h:39->firmware/nnet_utils/nnet_dense_stream.h:93]   --->   Operation 536 'br' 'br_ln39' <Predicate = (i_in_1 == 16)> <Delay = 0.00>
ST_2 : Operation 537 [1/1] (0.00ns)   --->   "%store_ln35 = store i2 %trunc_ln35_12, i2 %p_0_15_0_0_0269_i" [firmware/nnet_utils/nnet_dense_stream.h:35->firmware/nnet_utils/nnet_dense_stream.h:93]   --->   Operation 537 'store' 'store_ln35' <Predicate = (i_in_1 == 15)> <Delay = 0.00>
ST_2 : Operation 538 [1/1] (0.00ns)   --->   "%store_ln35 = store i2 %trunc_ln35_11, i2 %p_0_13_0_0_0267_i" [firmware/nnet_utils/nnet_dense_stream.h:35->firmware/nnet_utils/nnet_dense_stream.h:93]   --->   Operation 538 'store' 'store_ln35' <Predicate = (i_in_1 == 15)> <Delay = 0.00>
ST_2 : Operation 539 [1/1] (0.00ns)   --->   "%store_ln35 = store i2 %trunc_ln35_10, i2 %p_0_12_0_0_0265_i" [firmware/nnet_utils/nnet_dense_stream.h:35->firmware/nnet_utils/nnet_dense_stream.h:93]   --->   Operation 539 'store' 'store_ln35' <Predicate = (i_in_1 == 15)> <Delay = 0.00>
ST_2 : Operation 540 [1/1] (0.00ns)   --->   "%store_ln35 = store i2 %data, i2 %p_0_11_0_0_0263_i" [firmware/nnet_utils/nnet_dense_stream.h:35->firmware/nnet_utils/nnet_dense_stream.h:93]   --->   Operation 540 'store' 'store_ln35' <Predicate = (i_in_1 == 15)> <Delay = 0.00>
ST_2 : Operation 541 [1/1] (0.00ns)   --->   "%store_ln35 = store i2 %trunc_ln35_s, i2 %p_0_10_0_0_0261_i" [firmware/nnet_utils/nnet_dense_stream.h:35->firmware/nnet_utils/nnet_dense_stream.h:93]   --->   Operation 541 'store' 'store_ln35' <Predicate = (i_in_1 == 15)> <Delay = 0.00>
ST_2 : Operation 542 [1/1] (0.00ns)   --->   "%store_ln35 = store i2 %trunc_ln35_9, i2 %p_0_9_0_0_0259_i" [firmware/nnet_utils/nnet_dense_stream.h:35->firmware/nnet_utils/nnet_dense_stream.h:93]   --->   Operation 542 'store' 'store_ln35' <Predicate = (i_in_1 == 15)> <Delay = 0.00>
ST_2 : Operation 543 [1/1] (0.00ns)   --->   "%store_ln35 = store i2 %trunc_ln35_8, i2 %p_0_8_0_0_0257_i" [firmware/nnet_utils/nnet_dense_stream.h:35->firmware/nnet_utils/nnet_dense_stream.h:93]   --->   Operation 543 'store' 'store_ln35' <Predicate = (i_in_1 == 15)> <Delay = 0.00>
ST_2 : Operation 544 [1/1] (0.00ns)   --->   "%store_ln35 = store i2 %trunc_ln35_7, i2 %p_0_7_0_0_0255_i" [firmware/nnet_utils/nnet_dense_stream.h:35->firmware/nnet_utils/nnet_dense_stream.h:93]   --->   Operation 544 'store' 'store_ln35' <Predicate = (i_in_1 == 15)> <Delay = 0.00>
ST_2 : Operation 545 [1/1] (0.00ns)   --->   "%store_ln35 = store i2 %trunc_ln35_6, i2 %p_0_6_0_0_0253_i" [firmware/nnet_utils/nnet_dense_stream.h:35->firmware/nnet_utils/nnet_dense_stream.h:93]   --->   Operation 545 'store' 'store_ln35' <Predicate = (i_in_1 == 15)> <Delay = 0.00>
ST_2 : Operation 546 [1/1] (0.00ns)   --->   "%store_ln35 = store i2 %trunc_ln35_5, i2 %p_0_5_0_0_0251_i" [firmware/nnet_utils/nnet_dense_stream.h:35->firmware/nnet_utils/nnet_dense_stream.h:93]   --->   Operation 546 'store' 'store_ln35' <Predicate = (i_in_1 == 15)> <Delay = 0.00>
ST_2 : Operation 547 [1/1] (0.00ns)   --->   "%store_ln35 = store i2 %trunc_ln35_4, i2 %p_0_4_0_0_0249_i" [firmware/nnet_utils/nnet_dense_stream.h:35->firmware/nnet_utils/nnet_dense_stream.h:93]   --->   Operation 547 'store' 'store_ln35' <Predicate = (i_in_1 == 15)> <Delay = 0.00>
ST_2 : Operation 548 [1/1] (0.00ns)   --->   "%store_ln35 = store i2 %trunc_ln35_3, i2 %p_0_3_0_0_0247_i" [firmware/nnet_utils/nnet_dense_stream.h:35->firmware/nnet_utils/nnet_dense_stream.h:93]   --->   Operation 548 'store' 'store_ln35' <Predicate = (i_in_1 == 15)> <Delay = 0.00>
ST_2 : Operation 549 [1/1] (0.00ns)   --->   "%store_ln35 = store i2 %trunc_ln35_2, i2 %p_0_2_0_0_0245_i" [firmware/nnet_utils/nnet_dense_stream.h:35->firmware/nnet_utils/nnet_dense_stream.h:93]   --->   Operation 549 'store' 'store_ln35' <Predicate = (i_in_1 == 15)> <Delay = 0.00>
ST_2 : Operation 550 [1/1] (0.00ns)   --->   "%store_ln35 = store i2 %trunc_ln35_1, i2 %p_0_1_0_0_0243_i" [firmware/nnet_utils/nnet_dense_stream.h:35->firmware/nnet_utils/nnet_dense_stream.h:93]   --->   Operation 550 'store' 'store_ln35' <Predicate = (i_in_1 == 15)> <Delay = 0.00>
ST_2 : Operation 551 [1/1] (0.00ns)   --->   "%store_ln35 = store i2 %trunc_ln35, i2 %p_0_0_0_0_0241_i" [firmware/nnet_utils/nnet_dense_stream.h:35->firmware/nnet_utils/nnet_dense_stream.h:93]   --->   Operation 551 'store' 'store_ln35' <Predicate = (i_in_1 == 15)> <Delay = 0.00>
ST_2 : Operation 552 [1/1] (0.00ns)   --->   "%br_ln39 = br void %arrayidx.i3.15.exit.i" [firmware/nnet_utils/nnet_dense_stream.h:39->firmware/nnet_utils/nnet_dense_stream.h:93]   --->   Operation 552 'br' 'br_ln39' <Predicate = (i_in_1 == 15)> <Delay = 0.00>
ST_2 : Operation 553 [1/1] (0.00ns)   --->   "%store_ln35 = store i2 %trunc_ln35_12, i2 %p_0_15_0_0_0299_i" [firmware/nnet_utils/nnet_dense_stream.h:35->firmware/nnet_utils/nnet_dense_stream.h:93]   --->   Operation 553 'store' 'store_ln35' <Predicate = (i_in_1 == 14)> <Delay = 0.00>
ST_2 : Operation 554 [1/1] (0.00ns)   --->   "%store_ln35 = store i2 %trunc_ln35_11, i2 %p_0_13_0_0_0297_i" [firmware/nnet_utils/nnet_dense_stream.h:35->firmware/nnet_utils/nnet_dense_stream.h:93]   --->   Operation 554 'store' 'store_ln35' <Predicate = (i_in_1 == 14)> <Delay = 0.00>
ST_2 : Operation 555 [1/1] (0.00ns)   --->   "%store_ln35 = store i2 %trunc_ln35_10, i2 %p_0_12_0_0_0295_i" [firmware/nnet_utils/nnet_dense_stream.h:35->firmware/nnet_utils/nnet_dense_stream.h:93]   --->   Operation 555 'store' 'store_ln35' <Predicate = (i_in_1 == 14)> <Delay = 0.00>
ST_2 : Operation 556 [1/1] (0.00ns)   --->   "%store_ln35 = store i2 %data, i2 %p_0_11_0_0_0293_i" [firmware/nnet_utils/nnet_dense_stream.h:35->firmware/nnet_utils/nnet_dense_stream.h:93]   --->   Operation 556 'store' 'store_ln35' <Predicate = (i_in_1 == 14)> <Delay = 0.00>
ST_2 : Operation 557 [1/1] (0.00ns)   --->   "%store_ln35 = store i2 %trunc_ln35_s, i2 %p_0_10_0_0_0291_i" [firmware/nnet_utils/nnet_dense_stream.h:35->firmware/nnet_utils/nnet_dense_stream.h:93]   --->   Operation 557 'store' 'store_ln35' <Predicate = (i_in_1 == 14)> <Delay = 0.00>
ST_2 : Operation 558 [1/1] (0.00ns)   --->   "%store_ln35 = store i2 %trunc_ln35_9, i2 %p_0_9_0_0_0289_i" [firmware/nnet_utils/nnet_dense_stream.h:35->firmware/nnet_utils/nnet_dense_stream.h:93]   --->   Operation 558 'store' 'store_ln35' <Predicate = (i_in_1 == 14)> <Delay = 0.00>
ST_2 : Operation 559 [1/1] (0.00ns)   --->   "%store_ln35 = store i2 %trunc_ln35_8, i2 %p_0_8_0_0_0287_i" [firmware/nnet_utils/nnet_dense_stream.h:35->firmware/nnet_utils/nnet_dense_stream.h:93]   --->   Operation 559 'store' 'store_ln35' <Predicate = (i_in_1 == 14)> <Delay = 0.00>
ST_2 : Operation 560 [1/1] (0.00ns)   --->   "%store_ln35 = store i2 %trunc_ln35_7, i2 %p_0_7_0_0_0285_i" [firmware/nnet_utils/nnet_dense_stream.h:35->firmware/nnet_utils/nnet_dense_stream.h:93]   --->   Operation 560 'store' 'store_ln35' <Predicate = (i_in_1 == 14)> <Delay = 0.00>
ST_2 : Operation 561 [1/1] (0.00ns)   --->   "%store_ln35 = store i2 %trunc_ln35_6, i2 %p_0_6_0_0_0283_i" [firmware/nnet_utils/nnet_dense_stream.h:35->firmware/nnet_utils/nnet_dense_stream.h:93]   --->   Operation 561 'store' 'store_ln35' <Predicate = (i_in_1 == 14)> <Delay = 0.00>
ST_2 : Operation 562 [1/1] (0.00ns)   --->   "%store_ln35 = store i2 %trunc_ln35_5, i2 %p_0_5_0_0_0281_i" [firmware/nnet_utils/nnet_dense_stream.h:35->firmware/nnet_utils/nnet_dense_stream.h:93]   --->   Operation 562 'store' 'store_ln35' <Predicate = (i_in_1 == 14)> <Delay = 0.00>
ST_2 : Operation 563 [1/1] (0.00ns)   --->   "%store_ln35 = store i2 %trunc_ln35_4, i2 %p_0_4_0_0_0279_i" [firmware/nnet_utils/nnet_dense_stream.h:35->firmware/nnet_utils/nnet_dense_stream.h:93]   --->   Operation 563 'store' 'store_ln35' <Predicate = (i_in_1 == 14)> <Delay = 0.00>
ST_2 : Operation 564 [1/1] (0.00ns)   --->   "%store_ln35 = store i2 %trunc_ln35_3, i2 %p_0_3_0_0_0277_i" [firmware/nnet_utils/nnet_dense_stream.h:35->firmware/nnet_utils/nnet_dense_stream.h:93]   --->   Operation 564 'store' 'store_ln35' <Predicate = (i_in_1 == 14)> <Delay = 0.00>
ST_2 : Operation 565 [1/1] (0.00ns)   --->   "%store_ln35 = store i2 %trunc_ln35_2, i2 %p_0_2_0_0_0275_i" [firmware/nnet_utils/nnet_dense_stream.h:35->firmware/nnet_utils/nnet_dense_stream.h:93]   --->   Operation 565 'store' 'store_ln35' <Predicate = (i_in_1 == 14)> <Delay = 0.00>
ST_2 : Operation 566 [1/1] (0.00ns)   --->   "%store_ln35 = store i2 %trunc_ln35_1, i2 %p_0_1_0_0_0273_i" [firmware/nnet_utils/nnet_dense_stream.h:35->firmware/nnet_utils/nnet_dense_stream.h:93]   --->   Operation 566 'store' 'store_ln35' <Predicate = (i_in_1 == 14)> <Delay = 0.00>
ST_2 : Operation 567 [1/1] (0.00ns)   --->   "%store_ln35 = store i2 %trunc_ln35, i2 %p_0_0_0_0_0271_i" [firmware/nnet_utils/nnet_dense_stream.h:35->firmware/nnet_utils/nnet_dense_stream.h:93]   --->   Operation 567 'store' 'store_ln35' <Predicate = (i_in_1 == 14)> <Delay = 0.00>
ST_2 : Operation 568 [1/1] (0.00ns)   --->   "%br_ln39 = br void %arrayidx.i3.15.exit.i" [firmware/nnet_utils/nnet_dense_stream.h:39->firmware/nnet_utils/nnet_dense_stream.h:93]   --->   Operation 568 'br' 'br_ln39' <Predicate = (i_in_1 == 14)> <Delay = 0.00>
ST_2 : Operation 569 [1/1] (0.00ns)   --->   "%store_ln35 = store i2 %trunc_ln35_12, i2 %p_0_15_0_0_0329_i" [firmware/nnet_utils/nnet_dense_stream.h:35->firmware/nnet_utils/nnet_dense_stream.h:93]   --->   Operation 569 'store' 'store_ln35' <Predicate = (i_in_1 == 13)> <Delay = 0.00>
ST_2 : Operation 570 [1/1] (0.00ns)   --->   "%store_ln35 = store i2 %trunc_ln35_11, i2 %p_0_13_0_0_0327_i" [firmware/nnet_utils/nnet_dense_stream.h:35->firmware/nnet_utils/nnet_dense_stream.h:93]   --->   Operation 570 'store' 'store_ln35' <Predicate = (i_in_1 == 13)> <Delay = 0.00>
ST_2 : Operation 571 [1/1] (0.00ns)   --->   "%store_ln35 = store i2 %trunc_ln35_10, i2 %p_0_12_0_0_0325_i" [firmware/nnet_utils/nnet_dense_stream.h:35->firmware/nnet_utils/nnet_dense_stream.h:93]   --->   Operation 571 'store' 'store_ln35' <Predicate = (i_in_1 == 13)> <Delay = 0.00>
ST_2 : Operation 572 [1/1] (0.00ns)   --->   "%store_ln35 = store i2 %data, i2 %p_0_11_0_0_0323_i" [firmware/nnet_utils/nnet_dense_stream.h:35->firmware/nnet_utils/nnet_dense_stream.h:93]   --->   Operation 572 'store' 'store_ln35' <Predicate = (i_in_1 == 13)> <Delay = 0.00>
ST_2 : Operation 573 [1/1] (0.00ns)   --->   "%store_ln35 = store i2 %trunc_ln35_s, i2 %p_0_10_0_0_0321_i" [firmware/nnet_utils/nnet_dense_stream.h:35->firmware/nnet_utils/nnet_dense_stream.h:93]   --->   Operation 573 'store' 'store_ln35' <Predicate = (i_in_1 == 13)> <Delay = 0.00>
ST_2 : Operation 574 [1/1] (0.00ns)   --->   "%store_ln35 = store i2 %trunc_ln35_9, i2 %p_0_9_0_0_0319_i" [firmware/nnet_utils/nnet_dense_stream.h:35->firmware/nnet_utils/nnet_dense_stream.h:93]   --->   Operation 574 'store' 'store_ln35' <Predicate = (i_in_1 == 13)> <Delay = 0.00>
ST_2 : Operation 575 [1/1] (0.00ns)   --->   "%store_ln35 = store i2 %trunc_ln35_8, i2 %p_0_8_0_0_0317_i" [firmware/nnet_utils/nnet_dense_stream.h:35->firmware/nnet_utils/nnet_dense_stream.h:93]   --->   Operation 575 'store' 'store_ln35' <Predicate = (i_in_1 == 13)> <Delay = 0.00>
ST_2 : Operation 576 [1/1] (0.00ns)   --->   "%store_ln35 = store i2 %trunc_ln35_7, i2 %p_0_7_0_0_0315_i" [firmware/nnet_utils/nnet_dense_stream.h:35->firmware/nnet_utils/nnet_dense_stream.h:93]   --->   Operation 576 'store' 'store_ln35' <Predicate = (i_in_1 == 13)> <Delay = 0.00>
ST_2 : Operation 577 [1/1] (0.00ns)   --->   "%store_ln35 = store i2 %trunc_ln35_6, i2 %p_0_6_0_0_0313_i" [firmware/nnet_utils/nnet_dense_stream.h:35->firmware/nnet_utils/nnet_dense_stream.h:93]   --->   Operation 577 'store' 'store_ln35' <Predicate = (i_in_1 == 13)> <Delay = 0.00>
ST_2 : Operation 578 [1/1] (0.00ns)   --->   "%store_ln35 = store i2 %trunc_ln35_5, i2 %p_0_5_0_0_0311_i" [firmware/nnet_utils/nnet_dense_stream.h:35->firmware/nnet_utils/nnet_dense_stream.h:93]   --->   Operation 578 'store' 'store_ln35' <Predicate = (i_in_1 == 13)> <Delay = 0.00>
ST_2 : Operation 579 [1/1] (0.00ns)   --->   "%store_ln35 = store i2 %trunc_ln35_4, i2 %p_0_4_0_0_0309_i" [firmware/nnet_utils/nnet_dense_stream.h:35->firmware/nnet_utils/nnet_dense_stream.h:93]   --->   Operation 579 'store' 'store_ln35' <Predicate = (i_in_1 == 13)> <Delay = 0.00>
ST_2 : Operation 580 [1/1] (0.00ns)   --->   "%store_ln35 = store i2 %trunc_ln35_3, i2 %p_0_3_0_0_0307_i" [firmware/nnet_utils/nnet_dense_stream.h:35->firmware/nnet_utils/nnet_dense_stream.h:93]   --->   Operation 580 'store' 'store_ln35' <Predicate = (i_in_1 == 13)> <Delay = 0.00>
ST_2 : Operation 581 [1/1] (0.00ns)   --->   "%store_ln35 = store i2 %trunc_ln35_2, i2 %p_0_2_0_0_0305_i" [firmware/nnet_utils/nnet_dense_stream.h:35->firmware/nnet_utils/nnet_dense_stream.h:93]   --->   Operation 581 'store' 'store_ln35' <Predicate = (i_in_1 == 13)> <Delay = 0.00>
ST_2 : Operation 582 [1/1] (0.00ns)   --->   "%store_ln35 = store i2 %trunc_ln35_1, i2 %p_0_1_0_0_0303_i" [firmware/nnet_utils/nnet_dense_stream.h:35->firmware/nnet_utils/nnet_dense_stream.h:93]   --->   Operation 582 'store' 'store_ln35' <Predicate = (i_in_1 == 13)> <Delay = 0.00>
ST_2 : Operation 583 [1/1] (0.00ns)   --->   "%store_ln35 = store i2 %trunc_ln35, i2 %p_0_0_0_0_0301_i" [firmware/nnet_utils/nnet_dense_stream.h:35->firmware/nnet_utils/nnet_dense_stream.h:93]   --->   Operation 583 'store' 'store_ln35' <Predicate = (i_in_1 == 13)> <Delay = 0.00>
ST_2 : Operation 584 [1/1] (0.00ns)   --->   "%br_ln39 = br void %arrayidx.i3.15.exit.i" [firmware/nnet_utils/nnet_dense_stream.h:39->firmware/nnet_utils/nnet_dense_stream.h:93]   --->   Operation 584 'br' 'br_ln39' <Predicate = (i_in_1 == 13)> <Delay = 0.00>
ST_2 : Operation 585 [1/1] (0.00ns)   --->   "%store_ln35 = store i2 %trunc_ln35_12, i2 %p_0_15_0_0_0359_i" [firmware/nnet_utils/nnet_dense_stream.h:35->firmware/nnet_utils/nnet_dense_stream.h:93]   --->   Operation 585 'store' 'store_ln35' <Predicate = (i_in_1 == 12)> <Delay = 0.00>
ST_2 : Operation 586 [1/1] (0.00ns)   --->   "%store_ln35 = store i2 %trunc_ln35_11, i2 %p_0_13_0_0_0357_i" [firmware/nnet_utils/nnet_dense_stream.h:35->firmware/nnet_utils/nnet_dense_stream.h:93]   --->   Operation 586 'store' 'store_ln35' <Predicate = (i_in_1 == 12)> <Delay = 0.00>
ST_2 : Operation 587 [1/1] (0.00ns)   --->   "%store_ln35 = store i2 %trunc_ln35_10, i2 %p_0_12_0_0_0355_i" [firmware/nnet_utils/nnet_dense_stream.h:35->firmware/nnet_utils/nnet_dense_stream.h:93]   --->   Operation 587 'store' 'store_ln35' <Predicate = (i_in_1 == 12)> <Delay = 0.00>
ST_2 : Operation 588 [1/1] (0.00ns)   --->   "%store_ln35 = store i2 %data, i2 %p_0_11_0_0_0353_i" [firmware/nnet_utils/nnet_dense_stream.h:35->firmware/nnet_utils/nnet_dense_stream.h:93]   --->   Operation 588 'store' 'store_ln35' <Predicate = (i_in_1 == 12)> <Delay = 0.00>
ST_2 : Operation 589 [1/1] (0.00ns)   --->   "%store_ln35 = store i2 %trunc_ln35_s, i2 %p_0_10_0_0_0351_i" [firmware/nnet_utils/nnet_dense_stream.h:35->firmware/nnet_utils/nnet_dense_stream.h:93]   --->   Operation 589 'store' 'store_ln35' <Predicate = (i_in_1 == 12)> <Delay = 0.00>
ST_2 : Operation 590 [1/1] (0.00ns)   --->   "%store_ln35 = store i2 %trunc_ln35_9, i2 %p_0_9_0_0_0349_i" [firmware/nnet_utils/nnet_dense_stream.h:35->firmware/nnet_utils/nnet_dense_stream.h:93]   --->   Operation 590 'store' 'store_ln35' <Predicate = (i_in_1 == 12)> <Delay = 0.00>
ST_2 : Operation 591 [1/1] (0.00ns)   --->   "%store_ln35 = store i2 %trunc_ln35_8, i2 %p_0_8_0_0_0347_i" [firmware/nnet_utils/nnet_dense_stream.h:35->firmware/nnet_utils/nnet_dense_stream.h:93]   --->   Operation 591 'store' 'store_ln35' <Predicate = (i_in_1 == 12)> <Delay = 0.00>
ST_2 : Operation 592 [1/1] (0.00ns)   --->   "%store_ln35 = store i2 %trunc_ln35_7, i2 %p_0_7_0_0_0345_i" [firmware/nnet_utils/nnet_dense_stream.h:35->firmware/nnet_utils/nnet_dense_stream.h:93]   --->   Operation 592 'store' 'store_ln35' <Predicate = (i_in_1 == 12)> <Delay = 0.00>
ST_2 : Operation 593 [1/1] (0.00ns)   --->   "%store_ln35 = store i2 %trunc_ln35_6, i2 %p_0_6_0_0_0343_i" [firmware/nnet_utils/nnet_dense_stream.h:35->firmware/nnet_utils/nnet_dense_stream.h:93]   --->   Operation 593 'store' 'store_ln35' <Predicate = (i_in_1 == 12)> <Delay = 0.00>
ST_2 : Operation 594 [1/1] (0.00ns)   --->   "%store_ln35 = store i2 %trunc_ln35_5, i2 %p_0_5_0_0_0341_i" [firmware/nnet_utils/nnet_dense_stream.h:35->firmware/nnet_utils/nnet_dense_stream.h:93]   --->   Operation 594 'store' 'store_ln35' <Predicate = (i_in_1 == 12)> <Delay = 0.00>
ST_2 : Operation 595 [1/1] (0.00ns)   --->   "%store_ln35 = store i2 %trunc_ln35_4, i2 %p_0_4_0_0_0339_i" [firmware/nnet_utils/nnet_dense_stream.h:35->firmware/nnet_utils/nnet_dense_stream.h:93]   --->   Operation 595 'store' 'store_ln35' <Predicate = (i_in_1 == 12)> <Delay = 0.00>
ST_2 : Operation 596 [1/1] (0.00ns)   --->   "%store_ln35 = store i2 %trunc_ln35_3, i2 %p_0_3_0_0_0337_i" [firmware/nnet_utils/nnet_dense_stream.h:35->firmware/nnet_utils/nnet_dense_stream.h:93]   --->   Operation 596 'store' 'store_ln35' <Predicate = (i_in_1 == 12)> <Delay = 0.00>
ST_2 : Operation 597 [1/1] (0.00ns)   --->   "%store_ln35 = store i2 %trunc_ln35_2, i2 %p_0_2_0_0_0335_i" [firmware/nnet_utils/nnet_dense_stream.h:35->firmware/nnet_utils/nnet_dense_stream.h:93]   --->   Operation 597 'store' 'store_ln35' <Predicate = (i_in_1 == 12)> <Delay = 0.00>
ST_2 : Operation 598 [1/1] (0.00ns)   --->   "%store_ln35 = store i2 %trunc_ln35_1, i2 %p_0_1_0_0_0333_i" [firmware/nnet_utils/nnet_dense_stream.h:35->firmware/nnet_utils/nnet_dense_stream.h:93]   --->   Operation 598 'store' 'store_ln35' <Predicate = (i_in_1 == 12)> <Delay = 0.00>
ST_2 : Operation 599 [1/1] (0.00ns)   --->   "%store_ln35 = store i2 %trunc_ln35, i2 %p_0_0_0_0_0331_i" [firmware/nnet_utils/nnet_dense_stream.h:35->firmware/nnet_utils/nnet_dense_stream.h:93]   --->   Operation 599 'store' 'store_ln35' <Predicate = (i_in_1 == 12)> <Delay = 0.00>
ST_2 : Operation 600 [1/1] (0.00ns)   --->   "%br_ln39 = br void %arrayidx.i3.15.exit.i" [firmware/nnet_utils/nnet_dense_stream.h:39->firmware/nnet_utils/nnet_dense_stream.h:93]   --->   Operation 600 'br' 'br_ln39' <Predicate = (i_in_1 == 12)> <Delay = 0.00>
ST_2 : Operation 601 [1/1] (0.00ns)   --->   "%store_ln35 = store i2 %trunc_ln35_12, i2 %p_0_15_0_0_0389_i" [firmware/nnet_utils/nnet_dense_stream.h:35->firmware/nnet_utils/nnet_dense_stream.h:93]   --->   Operation 601 'store' 'store_ln35' <Predicate = (i_in_1 == 11)> <Delay = 0.00>
ST_2 : Operation 602 [1/1] (0.00ns)   --->   "%store_ln35 = store i2 %trunc_ln35_11, i2 %p_0_13_0_0_0387_i" [firmware/nnet_utils/nnet_dense_stream.h:35->firmware/nnet_utils/nnet_dense_stream.h:93]   --->   Operation 602 'store' 'store_ln35' <Predicate = (i_in_1 == 11)> <Delay = 0.00>
ST_2 : Operation 603 [1/1] (0.00ns)   --->   "%store_ln35 = store i2 %trunc_ln35_10, i2 %p_0_12_0_0_0385_i" [firmware/nnet_utils/nnet_dense_stream.h:35->firmware/nnet_utils/nnet_dense_stream.h:93]   --->   Operation 603 'store' 'store_ln35' <Predicate = (i_in_1 == 11)> <Delay = 0.00>
ST_2 : Operation 604 [1/1] (0.00ns)   --->   "%store_ln35 = store i2 %data, i2 %p_0_11_0_0_0383_i" [firmware/nnet_utils/nnet_dense_stream.h:35->firmware/nnet_utils/nnet_dense_stream.h:93]   --->   Operation 604 'store' 'store_ln35' <Predicate = (i_in_1 == 11)> <Delay = 0.00>
ST_2 : Operation 605 [1/1] (0.00ns)   --->   "%store_ln35 = store i2 %trunc_ln35_s, i2 %p_0_10_0_0_0381_i" [firmware/nnet_utils/nnet_dense_stream.h:35->firmware/nnet_utils/nnet_dense_stream.h:93]   --->   Operation 605 'store' 'store_ln35' <Predicate = (i_in_1 == 11)> <Delay = 0.00>
ST_2 : Operation 606 [1/1] (0.00ns)   --->   "%store_ln35 = store i2 %trunc_ln35_9, i2 %p_0_9_0_0_0379_i" [firmware/nnet_utils/nnet_dense_stream.h:35->firmware/nnet_utils/nnet_dense_stream.h:93]   --->   Operation 606 'store' 'store_ln35' <Predicate = (i_in_1 == 11)> <Delay = 0.00>
ST_2 : Operation 607 [1/1] (0.00ns)   --->   "%store_ln35 = store i2 %trunc_ln35_8, i2 %p_0_8_0_0_0377_i" [firmware/nnet_utils/nnet_dense_stream.h:35->firmware/nnet_utils/nnet_dense_stream.h:93]   --->   Operation 607 'store' 'store_ln35' <Predicate = (i_in_1 == 11)> <Delay = 0.00>
ST_2 : Operation 608 [1/1] (0.00ns)   --->   "%store_ln35 = store i2 %trunc_ln35_7, i2 %p_0_7_0_0_0375_i" [firmware/nnet_utils/nnet_dense_stream.h:35->firmware/nnet_utils/nnet_dense_stream.h:93]   --->   Operation 608 'store' 'store_ln35' <Predicate = (i_in_1 == 11)> <Delay = 0.00>
ST_2 : Operation 609 [1/1] (0.00ns)   --->   "%store_ln35 = store i2 %trunc_ln35_6, i2 %p_0_6_0_0_0373_i" [firmware/nnet_utils/nnet_dense_stream.h:35->firmware/nnet_utils/nnet_dense_stream.h:93]   --->   Operation 609 'store' 'store_ln35' <Predicate = (i_in_1 == 11)> <Delay = 0.00>
ST_2 : Operation 610 [1/1] (0.00ns)   --->   "%store_ln35 = store i2 %trunc_ln35_5, i2 %p_0_5_0_0_0371_i" [firmware/nnet_utils/nnet_dense_stream.h:35->firmware/nnet_utils/nnet_dense_stream.h:93]   --->   Operation 610 'store' 'store_ln35' <Predicate = (i_in_1 == 11)> <Delay = 0.00>
ST_2 : Operation 611 [1/1] (0.00ns)   --->   "%store_ln35 = store i2 %trunc_ln35_4, i2 %p_0_4_0_0_0369_i" [firmware/nnet_utils/nnet_dense_stream.h:35->firmware/nnet_utils/nnet_dense_stream.h:93]   --->   Operation 611 'store' 'store_ln35' <Predicate = (i_in_1 == 11)> <Delay = 0.00>
ST_2 : Operation 612 [1/1] (0.00ns)   --->   "%store_ln35 = store i2 %trunc_ln35_3, i2 %p_0_3_0_0_0367_i" [firmware/nnet_utils/nnet_dense_stream.h:35->firmware/nnet_utils/nnet_dense_stream.h:93]   --->   Operation 612 'store' 'store_ln35' <Predicate = (i_in_1 == 11)> <Delay = 0.00>
ST_2 : Operation 613 [1/1] (0.00ns)   --->   "%store_ln35 = store i2 %trunc_ln35_2, i2 %p_0_2_0_0_0365_i" [firmware/nnet_utils/nnet_dense_stream.h:35->firmware/nnet_utils/nnet_dense_stream.h:93]   --->   Operation 613 'store' 'store_ln35' <Predicate = (i_in_1 == 11)> <Delay = 0.00>
ST_2 : Operation 614 [1/1] (0.00ns)   --->   "%store_ln35 = store i2 %trunc_ln35_1, i2 %p_0_1_0_0_0363_i" [firmware/nnet_utils/nnet_dense_stream.h:35->firmware/nnet_utils/nnet_dense_stream.h:93]   --->   Operation 614 'store' 'store_ln35' <Predicate = (i_in_1 == 11)> <Delay = 0.00>
ST_2 : Operation 615 [1/1] (0.00ns)   --->   "%store_ln35 = store i2 %trunc_ln35, i2 %p_0_0_0_0_0361_i" [firmware/nnet_utils/nnet_dense_stream.h:35->firmware/nnet_utils/nnet_dense_stream.h:93]   --->   Operation 615 'store' 'store_ln35' <Predicate = (i_in_1 == 11)> <Delay = 0.00>
ST_2 : Operation 616 [1/1] (0.00ns)   --->   "%br_ln39 = br void %arrayidx.i3.15.exit.i" [firmware/nnet_utils/nnet_dense_stream.h:39->firmware/nnet_utils/nnet_dense_stream.h:93]   --->   Operation 616 'br' 'br_ln39' <Predicate = (i_in_1 == 11)> <Delay = 0.00>
ST_2 : Operation 617 [1/1] (0.00ns)   --->   "%store_ln35 = store i2 %trunc_ln35_12, i2 %p_0_15_0_0_0419_i" [firmware/nnet_utils/nnet_dense_stream.h:35->firmware/nnet_utils/nnet_dense_stream.h:93]   --->   Operation 617 'store' 'store_ln35' <Predicate = (i_in_1 == 10)> <Delay = 0.00>
ST_2 : Operation 618 [1/1] (0.00ns)   --->   "%store_ln35 = store i2 %trunc_ln35_11, i2 %p_0_13_0_0_0417_i" [firmware/nnet_utils/nnet_dense_stream.h:35->firmware/nnet_utils/nnet_dense_stream.h:93]   --->   Operation 618 'store' 'store_ln35' <Predicate = (i_in_1 == 10)> <Delay = 0.00>
ST_2 : Operation 619 [1/1] (0.00ns)   --->   "%store_ln35 = store i2 %trunc_ln35_10, i2 %p_0_12_0_0_0415_i" [firmware/nnet_utils/nnet_dense_stream.h:35->firmware/nnet_utils/nnet_dense_stream.h:93]   --->   Operation 619 'store' 'store_ln35' <Predicate = (i_in_1 == 10)> <Delay = 0.00>
ST_2 : Operation 620 [1/1] (0.00ns)   --->   "%store_ln35 = store i2 %data, i2 %p_0_11_0_0_0413_i" [firmware/nnet_utils/nnet_dense_stream.h:35->firmware/nnet_utils/nnet_dense_stream.h:93]   --->   Operation 620 'store' 'store_ln35' <Predicate = (i_in_1 == 10)> <Delay = 0.00>
ST_2 : Operation 621 [1/1] (0.00ns)   --->   "%store_ln35 = store i2 %trunc_ln35_s, i2 %p_0_10_0_0_0411_i" [firmware/nnet_utils/nnet_dense_stream.h:35->firmware/nnet_utils/nnet_dense_stream.h:93]   --->   Operation 621 'store' 'store_ln35' <Predicate = (i_in_1 == 10)> <Delay = 0.00>
ST_2 : Operation 622 [1/1] (0.00ns)   --->   "%store_ln35 = store i2 %trunc_ln35_9, i2 %p_0_9_0_0_0409_i" [firmware/nnet_utils/nnet_dense_stream.h:35->firmware/nnet_utils/nnet_dense_stream.h:93]   --->   Operation 622 'store' 'store_ln35' <Predicate = (i_in_1 == 10)> <Delay = 0.00>
ST_2 : Operation 623 [1/1] (0.00ns)   --->   "%store_ln35 = store i2 %trunc_ln35_8, i2 %p_0_8_0_0_0407_i" [firmware/nnet_utils/nnet_dense_stream.h:35->firmware/nnet_utils/nnet_dense_stream.h:93]   --->   Operation 623 'store' 'store_ln35' <Predicate = (i_in_1 == 10)> <Delay = 0.00>
ST_2 : Operation 624 [1/1] (0.00ns)   --->   "%store_ln35 = store i2 %trunc_ln35_7, i2 %p_0_7_0_0_0405_i" [firmware/nnet_utils/nnet_dense_stream.h:35->firmware/nnet_utils/nnet_dense_stream.h:93]   --->   Operation 624 'store' 'store_ln35' <Predicate = (i_in_1 == 10)> <Delay = 0.00>
ST_2 : Operation 625 [1/1] (0.00ns)   --->   "%store_ln35 = store i2 %trunc_ln35_6, i2 %p_0_6_0_0_0403_i" [firmware/nnet_utils/nnet_dense_stream.h:35->firmware/nnet_utils/nnet_dense_stream.h:93]   --->   Operation 625 'store' 'store_ln35' <Predicate = (i_in_1 == 10)> <Delay = 0.00>
ST_2 : Operation 626 [1/1] (0.00ns)   --->   "%store_ln35 = store i2 %trunc_ln35_5, i2 %p_0_5_0_0_0401_i" [firmware/nnet_utils/nnet_dense_stream.h:35->firmware/nnet_utils/nnet_dense_stream.h:93]   --->   Operation 626 'store' 'store_ln35' <Predicate = (i_in_1 == 10)> <Delay = 0.00>
ST_2 : Operation 627 [1/1] (0.00ns)   --->   "%store_ln35 = store i2 %trunc_ln35_4, i2 %p_0_4_0_0_0399_i" [firmware/nnet_utils/nnet_dense_stream.h:35->firmware/nnet_utils/nnet_dense_stream.h:93]   --->   Operation 627 'store' 'store_ln35' <Predicate = (i_in_1 == 10)> <Delay = 0.00>
ST_2 : Operation 628 [1/1] (0.00ns)   --->   "%store_ln35 = store i2 %trunc_ln35_3, i2 %p_0_3_0_0_0397_i" [firmware/nnet_utils/nnet_dense_stream.h:35->firmware/nnet_utils/nnet_dense_stream.h:93]   --->   Operation 628 'store' 'store_ln35' <Predicate = (i_in_1 == 10)> <Delay = 0.00>
ST_2 : Operation 629 [1/1] (0.00ns)   --->   "%store_ln35 = store i2 %trunc_ln35_2, i2 %p_0_2_0_0_0395_i" [firmware/nnet_utils/nnet_dense_stream.h:35->firmware/nnet_utils/nnet_dense_stream.h:93]   --->   Operation 629 'store' 'store_ln35' <Predicate = (i_in_1 == 10)> <Delay = 0.00>
ST_2 : Operation 630 [1/1] (0.00ns)   --->   "%store_ln35 = store i2 %trunc_ln35_1, i2 %p_0_1_0_0_0393_i" [firmware/nnet_utils/nnet_dense_stream.h:35->firmware/nnet_utils/nnet_dense_stream.h:93]   --->   Operation 630 'store' 'store_ln35' <Predicate = (i_in_1 == 10)> <Delay = 0.00>
ST_2 : Operation 631 [1/1] (0.00ns)   --->   "%store_ln35 = store i2 %trunc_ln35, i2 %p_0_0_0_0_0391_i" [firmware/nnet_utils/nnet_dense_stream.h:35->firmware/nnet_utils/nnet_dense_stream.h:93]   --->   Operation 631 'store' 'store_ln35' <Predicate = (i_in_1 == 10)> <Delay = 0.00>
ST_2 : Operation 632 [1/1] (0.00ns)   --->   "%br_ln39 = br void %arrayidx.i3.15.exit.i" [firmware/nnet_utils/nnet_dense_stream.h:39->firmware/nnet_utils/nnet_dense_stream.h:93]   --->   Operation 632 'br' 'br_ln39' <Predicate = (i_in_1 == 10)> <Delay = 0.00>
ST_2 : Operation 633 [1/1] (0.00ns)   --->   "%store_ln35 = store i2 %trunc_ln35_12, i2 %p_0_15_0_0_0449_i" [firmware/nnet_utils/nnet_dense_stream.h:35->firmware/nnet_utils/nnet_dense_stream.h:93]   --->   Operation 633 'store' 'store_ln35' <Predicate = (i_in_1 == 9)> <Delay = 0.00>
ST_2 : Operation 634 [1/1] (0.00ns)   --->   "%store_ln35 = store i2 %trunc_ln35_11, i2 %p_0_13_0_0_0447_i" [firmware/nnet_utils/nnet_dense_stream.h:35->firmware/nnet_utils/nnet_dense_stream.h:93]   --->   Operation 634 'store' 'store_ln35' <Predicate = (i_in_1 == 9)> <Delay = 0.00>
ST_2 : Operation 635 [1/1] (0.00ns)   --->   "%store_ln35 = store i2 %trunc_ln35_10, i2 %p_0_12_0_0_0445_i" [firmware/nnet_utils/nnet_dense_stream.h:35->firmware/nnet_utils/nnet_dense_stream.h:93]   --->   Operation 635 'store' 'store_ln35' <Predicate = (i_in_1 == 9)> <Delay = 0.00>
ST_2 : Operation 636 [1/1] (0.00ns)   --->   "%store_ln35 = store i2 %data, i2 %p_0_11_0_0_0443_i" [firmware/nnet_utils/nnet_dense_stream.h:35->firmware/nnet_utils/nnet_dense_stream.h:93]   --->   Operation 636 'store' 'store_ln35' <Predicate = (i_in_1 == 9)> <Delay = 0.00>
ST_2 : Operation 637 [1/1] (0.00ns)   --->   "%store_ln35 = store i2 %trunc_ln35_s, i2 %p_0_10_0_0_0441_i" [firmware/nnet_utils/nnet_dense_stream.h:35->firmware/nnet_utils/nnet_dense_stream.h:93]   --->   Operation 637 'store' 'store_ln35' <Predicate = (i_in_1 == 9)> <Delay = 0.00>
ST_2 : Operation 638 [1/1] (0.00ns)   --->   "%store_ln35 = store i2 %trunc_ln35_9, i2 %p_0_9_0_0_0439_i" [firmware/nnet_utils/nnet_dense_stream.h:35->firmware/nnet_utils/nnet_dense_stream.h:93]   --->   Operation 638 'store' 'store_ln35' <Predicate = (i_in_1 == 9)> <Delay = 0.00>
ST_2 : Operation 639 [1/1] (0.00ns)   --->   "%store_ln35 = store i2 %trunc_ln35_8, i2 %p_0_8_0_0_0437_i" [firmware/nnet_utils/nnet_dense_stream.h:35->firmware/nnet_utils/nnet_dense_stream.h:93]   --->   Operation 639 'store' 'store_ln35' <Predicate = (i_in_1 == 9)> <Delay = 0.00>
ST_2 : Operation 640 [1/1] (0.00ns)   --->   "%store_ln35 = store i2 %trunc_ln35_7, i2 %p_0_7_0_0_0435_i" [firmware/nnet_utils/nnet_dense_stream.h:35->firmware/nnet_utils/nnet_dense_stream.h:93]   --->   Operation 640 'store' 'store_ln35' <Predicate = (i_in_1 == 9)> <Delay = 0.00>
ST_2 : Operation 641 [1/1] (0.00ns)   --->   "%store_ln35 = store i2 %trunc_ln35_6, i2 %p_0_6_0_0_0433_i" [firmware/nnet_utils/nnet_dense_stream.h:35->firmware/nnet_utils/nnet_dense_stream.h:93]   --->   Operation 641 'store' 'store_ln35' <Predicate = (i_in_1 == 9)> <Delay = 0.00>
ST_2 : Operation 642 [1/1] (0.00ns)   --->   "%store_ln35 = store i2 %trunc_ln35_5, i2 %p_0_5_0_0_0431_i" [firmware/nnet_utils/nnet_dense_stream.h:35->firmware/nnet_utils/nnet_dense_stream.h:93]   --->   Operation 642 'store' 'store_ln35' <Predicate = (i_in_1 == 9)> <Delay = 0.00>
ST_2 : Operation 643 [1/1] (0.00ns)   --->   "%store_ln35 = store i2 %trunc_ln35_4, i2 %p_0_4_0_0_0429_i" [firmware/nnet_utils/nnet_dense_stream.h:35->firmware/nnet_utils/nnet_dense_stream.h:93]   --->   Operation 643 'store' 'store_ln35' <Predicate = (i_in_1 == 9)> <Delay = 0.00>
ST_2 : Operation 644 [1/1] (0.00ns)   --->   "%store_ln35 = store i2 %trunc_ln35_3, i2 %p_0_3_0_0_0427_i" [firmware/nnet_utils/nnet_dense_stream.h:35->firmware/nnet_utils/nnet_dense_stream.h:93]   --->   Operation 644 'store' 'store_ln35' <Predicate = (i_in_1 == 9)> <Delay = 0.00>
ST_2 : Operation 645 [1/1] (0.00ns)   --->   "%store_ln35 = store i2 %trunc_ln35_2, i2 %p_0_2_0_0_0425_i" [firmware/nnet_utils/nnet_dense_stream.h:35->firmware/nnet_utils/nnet_dense_stream.h:93]   --->   Operation 645 'store' 'store_ln35' <Predicate = (i_in_1 == 9)> <Delay = 0.00>
ST_2 : Operation 646 [1/1] (0.00ns)   --->   "%store_ln35 = store i2 %trunc_ln35_1, i2 %p_0_1_0_0_0423_i" [firmware/nnet_utils/nnet_dense_stream.h:35->firmware/nnet_utils/nnet_dense_stream.h:93]   --->   Operation 646 'store' 'store_ln35' <Predicate = (i_in_1 == 9)> <Delay = 0.00>
ST_2 : Operation 647 [1/1] (0.00ns)   --->   "%store_ln35 = store i2 %trunc_ln35, i2 %p_0_0_0_0_0421_i" [firmware/nnet_utils/nnet_dense_stream.h:35->firmware/nnet_utils/nnet_dense_stream.h:93]   --->   Operation 647 'store' 'store_ln35' <Predicate = (i_in_1 == 9)> <Delay = 0.00>
ST_2 : Operation 648 [1/1] (0.00ns)   --->   "%br_ln39 = br void %arrayidx.i3.15.exit.i" [firmware/nnet_utils/nnet_dense_stream.h:39->firmware/nnet_utils/nnet_dense_stream.h:93]   --->   Operation 648 'br' 'br_ln39' <Predicate = (i_in_1 == 9)> <Delay = 0.00>
ST_2 : Operation 649 [1/1] (0.00ns)   --->   "%store_ln35 = store i2 %trunc_ln35_12, i2 %p_0_15_0_0_0479_i" [firmware/nnet_utils/nnet_dense_stream.h:35->firmware/nnet_utils/nnet_dense_stream.h:93]   --->   Operation 649 'store' 'store_ln35' <Predicate = (i_in_1 == 8)> <Delay = 0.00>
ST_2 : Operation 650 [1/1] (0.00ns)   --->   "%store_ln35 = store i2 %trunc_ln35_11, i2 %p_0_13_0_0_0477_i" [firmware/nnet_utils/nnet_dense_stream.h:35->firmware/nnet_utils/nnet_dense_stream.h:93]   --->   Operation 650 'store' 'store_ln35' <Predicate = (i_in_1 == 8)> <Delay = 0.00>
ST_2 : Operation 651 [1/1] (0.00ns)   --->   "%store_ln35 = store i2 %trunc_ln35_10, i2 %p_0_12_0_0_0475_i" [firmware/nnet_utils/nnet_dense_stream.h:35->firmware/nnet_utils/nnet_dense_stream.h:93]   --->   Operation 651 'store' 'store_ln35' <Predicate = (i_in_1 == 8)> <Delay = 0.00>
ST_2 : Operation 652 [1/1] (0.00ns)   --->   "%store_ln35 = store i2 %data, i2 %p_0_11_0_0_0473_i" [firmware/nnet_utils/nnet_dense_stream.h:35->firmware/nnet_utils/nnet_dense_stream.h:93]   --->   Operation 652 'store' 'store_ln35' <Predicate = (i_in_1 == 8)> <Delay = 0.00>
ST_2 : Operation 653 [1/1] (0.00ns)   --->   "%store_ln35 = store i2 %trunc_ln35_s, i2 %p_0_10_0_0_0471_i" [firmware/nnet_utils/nnet_dense_stream.h:35->firmware/nnet_utils/nnet_dense_stream.h:93]   --->   Operation 653 'store' 'store_ln35' <Predicate = (i_in_1 == 8)> <Delay = 0.00>
ST_2 : Operation 654 [1/1] (0.00ns)   --->   "%store_ln35 = store i2 %trunc_ln35_9, i2 %p_0_9_0_0_0469_i" [firmware/nnet_utils/nnet_dense_stream.h:35->firmware/nnet_utils/nnet_dense_stream.h:93]   --->   Operation 654 'store' 'store_ln35' <Predicate = (i_in_1 == 8)> <Delay = 0.00>
ST_2 : Operation 655 [1/1] (0.00ns)   --->   "%store_ln35 = store i2 %trunc_ln35_8, i2 %p_0_8_0_0_0467_i" [firmware/nnet_utils/nnet_dense_stream.h:35->firmware/nnet_utils/nnet_dense_stream.h:93]   --->   Operation 655 'store' 'store_ln35' <Predicate = (i_in_1 == 8)> <Delay = 0.00>
ST_2 : Operation 656 [1/1] (0.00ns)   --->   "%store_ln35 = store i2 %trunc_ln35_7, i2 %p_0_7_0_0_0465_i" [firmware/nnet_utils/nnet_dense_stream.h:35->firmware/nnet_utils/nnet_dense_stream.h:93]   --->   Operation 656 'store' 'store_ln35' <Predicate = (i_in_1 == 8)> <Delay = 0.00>
ST_2 : Operation 657 [1/1] (0.00ns)   --->   "%store_ln35 = store i2 %trunc_ln35_6, i2 %p_0_6_0_0_0463_i" [firmware/nnet_utils/nnet_dense_stream.h:35->firmware/nnet_utils/nnet_dense_stream.h:93]   --->   Operation 657 'store' 'store_ln35' <Predicate = (i_in_1 == 8)> <Delay = 0.00>
ST_2 : Operation 658 [1/1] (0.00ns)   --->   "%store_ln35 = store i2 %trunc_ln35_5, i2 %p_0_5_0_0_0461_i" [firmware/nnet_utils/nnet_dense_stream.h:35->firmware/nnet_utils/nnet_dense_stream.h:93]   --->   Operation 658 'store' 'store_ln35' <Predicate = (i_in_1 == 8)> <Delay = 0.00>
ST_2 : Operation 659 [1/1] (0.00ns)   --->   "%store_ln35 = store i2 %trunc_ln35_4, i2 %p_0_4_0_0_0459_i" [firmware/nnet_utils/nnet_dense_stream.h:35->firmware/nnet_utils/nnet_dense_stream.h:93]   --->   Operation 659 'store' 'store_ln35' <Predicate = (i_in_1 == 8)> <Delay = 0.00>
ST_2 : Operation 660 [1/1] (0.00ns)   --->   "%store_ln35 = store i2 %trunc_ln35_3, i2 %p_0_3_0_0_0457_i" [firmware/nnet_utils/nnet_dense_stream.h:35->firmware/nnet_utils/nnet_dense_stream.h:93]   --->   Operation 660 'store' 'store_ln35' <Predicate = (i_in_1 == 8)> <Delay = 0.00>
ST_2 : Operation 661 [1/1] (0.00ns)   --->   "%store_ln35 = store i2 %trunc_ln35_2, i2 %p_0_2_0_0_0455_i" [firmware/nnet_utils/nnet_dense_stream.h:35->firmware/nnet_utils/nnet_dense_stream.h:93]   --->   Operation 661 'store' 'store_ln35' <Predicate = (i_in_1 == 8)> <Delay = 0.00>
ST_2 : Operation 662 [1/1] (0.00ns)   --->   "%store_ln35 = store i2 %trunc_ln35_1, i2 %p_0_1_0_0_0453_i" [firmware/nnet_utils/nnet_dense_stream.h:35->firmware/nnet_utils/nnet_dense_stream.h:93]   --->   Operation 662 'store' 'store_ln35' <Predicate = (i_in_1 == 8)> <Delay = 0.00>
ST_2 : Operation 663 [1/1] (0.00ns)   --->   "%store_ln35 = store i2 %trunc_ln35, i2 %p_0_0_0_0_0451_i" [firmware/nnet_utils/nnet_dense_stream.h:35->firmware/nnet_utils/nnet_dense_stream.h:93]   --->   Operation 663 'store' 'store_ln35' <Predicate = (i_in_1 == 8)> <Delay = 0.00>
ST_2 : Operation 664 [1/1] (0.00ns)   --->   "%br_ln39 = br void %arrayidx.i3.15.exit.i" [firmware/nnet_utils/nnet_dense_stream.h:39->firmware/nnet_utils/nnet_dense_stream.h:93]   --->   Operation 664 'br' 'br_ln39' <Predicate = (i_in_1 == 8)> <Delay = 0.00>
ST_2 : Operation 665 [1/1] (0.00ns)   --->   "%store_ln35 = store i2 %trunc_ln35_12, i2 %p_0_15_0_0_0509_i" [firmware/nnet_utils/nnet_dense_stream.h:35->firmware/nnet_utils/nnet_dense_stream.h:93]   --->   Operation 665 'store' 'store_ln35' <Predicate = (i_in_1 == 7)> <Delay = 0.00>
ST_2 : Operation 666 [1/1] (0.00ns)   --->   "%store_ln35 = store i2 %trunc_ln35_11, i2 %p_0_13_0_0_0507_i" [firmware/nnet_utils/nnet_dense_stream.h:35->firmware/nnet_utils/nnet_dense_stream.h:93]   --->   Operation 666 'store' 'store_ln35' <Predicate = (i_in_1 == 7)> <Delay = 0.00>
ST_2 : Operation 667 [1/1] (0.00ns)   --->   "%store_ln35 = store i2 %trunc_ln35_10, i2 %p_0_12_0_0_0505_i" [firmware/nnet_utils/nnet_dense_stream.h:35->firmware/nnet_utils/nnet_dense_stream.h:93]   --->   Operation 667 'store' 'store_ln35' <Predicate = (i_in_1 == 7)> <Delay = 0.00>
ST_2 : Operation 668 [1/1] (0.00ns)   --->   "%store_ln35 = store i2 %data, i2 %p_0_11_0_0_0503_i" [firmware/nnet_utils/nnet_dense_stream.h:35->firmware/nnet_utils/nnet_dense_stream.h:93]   --->   Operation 668 'store' 'store_ln35' <Predicate = (i_in_1 == 7)> <Delay = 0.00>
ST_2 : Operation 669 [1/1] (0.00ns)   --->   "%store_ln35 = store i2 %trunc_ln35_s, i2 %p_0_10_0_0_0501_i" [firmware/nnet_utils/nnet_dense_stream.h:35->firmware/nnet_utils/nnet_dense_stream.h:93]   --->   Operation 669 'store' 'store_ln35' <Predicate = (i_in_1 == 7)> <Delay = 0.00>
ST_2 : Operation 670 [1/1] (0.00ns)   --->   "%store_ln35 = store i2 %trunc_ln35_9, i2 %p_0_9_0_0_0499_i" [firmware/nnet_utils/nnet_dense_stream.h:35->firmware/nnet_utils/nnet_dense_stream.h:93]   --->   Operation 670 'store' 'store_ln35' <Predicate = (i_in_1 == 7)> <Delay = 0.00>
ST_2 : Operation 671 [1/1] (0.00ns)   --->   "%store_ln35 = store i2 %trunc_ln35_8, i2 %p_0_8_0_0_0497_i" [firmware/nnet_utils/nnet_dense_stream.h:35->firmware/nnet_utils/nnet_dense_stream.h:93]   --->   Operation 671 'store' 'store_ln35' <Predicate = (i_in_1 == 7)> <Delay = 0.00>
ST_2 : Operation 672 [1/1] (0.00ns)   --->   "%store_ln35 = store i2 %trunc_ln35_7, i2 %p_0_7_0_0_0495_i" [firmware/nnet_utils/nnet_dense_stream.h:35->firmware/nnet_utils/nnet_dense_stream.h:93]   --->   Operation 672 'store' 'store_ln35' <Predicate = (i_in_1 == 7)> <Delay = 0.00>
ST_2 : Operation 673 [1/1] (0.00ns)   --->   "%store_ln35 = store i2 %trunc_ln35_6, i2 %p_0_6_0_0_0493_i" [firmware/nnet_utils/nnet_dense_stream.h:35->firmware/nnet_utils/nnet_dense_stream.h:93]   --->   Operation 673 'store' 'store_ln35' <Predicate = (i_in_1 == 7)> <Delay = 0.00>
ST_2 : Operation 674 [1/1] (0.00ns)   --->   "%store_ln35 = store i2 %trunc_ln35_5, i2 %p_0_5_0_0_0491_i" [firmware/nnet_utils/nnet_dense_stream.h:35->firmware/nnet_utils/nnet_dense_stream.h:93]   --->   Operation 674 'store' 'store_ln35' <Predicate = (i_in_1 == 7)> <Delay = 0.00>
ST_2 : Operation 675 [1/1] (0.00ns)   --->   "%store_ln35 = store i2 %trunc_ln35_4, i2 %p_0_4_0_0_0489_i" [firmware/nnet_utils/nnet_dense_stream.h:35->firmware/nnet_utils/nnet_dense_stream.h:93]   --->   Operation 675 'store' 'store_ln35' <Predicate = (i_in_1 == 7)> <Delay = 0.00>
ST_2 : Operation 676 [1/1] (0.00ns)   --->   "%store_ln35 = store i2 %trunc_ln35_3, i2 %p_0_3_0_0_0487_i" [firmware/nnet_utils/nnet_dense_stream.h:35->firmware/nnet_utils/nnet_dense_stream.h:93]   --->   Operation 676 'store' 'store_ln35' <Predicate = (i_in_1 == 7)> <Delay = 0.00>
ST_2 : Operation 677 [1/1] (0.00ns)   --->   "%store_ln35 = store i2 %trunc_ln35_2, i2 %p_0_2_0_0_0485_i" [firmware/nnet_utils/nnet_dense_stream.h:35->firmware/nnet_utils/nnet_dense_stream.h:93]   --->   Operation 677 'store' 'store_ln35' <Predicate = (i_in_1 == 7)> <Delay = 0.00>
ST_2 : Operation 678 [1/1] (0.00ns)   --->   "%store_ln35 = store i2 %trunc_ln35_1, i2 %p_0_1_0_0_0483_i" [firmware/nnet_utils/nnet_dense_stream.h:35->firmware/nnet_utils/nnet_dense_stream.h:93]   --->   Operation 678 'store' 'store_ln35' <Predicate = (i_in_1 == 7)> <Delay = 0.00>
ST_2 : Operation 679 [1/1] (0.00ns)   --->   "%store_ln35 = store i2 %trunc_ln35, i2 %p_0_0_0_0_0481_i" [firmware/nnet_utils/nnet_dense_stream.h:35->firmware/nnet_utils/nnet_dense_stream.h:93]   --->   Operation 679 'store' 'store_ln35' <Predicate = (i_in_1 == 7)> <Delay = 0.00>
ST_2 : Operation 680 [1/1] (0.00ns)   --->   "%br_ln39 = br void %arrayidx.i3.15.exit.i" [firmware/nnet_utils/nnet_dense_stream.h:39->firmware/nnet_utils/nnet_dense_stream.h:93]   --->   Operation 680 'br' 'br_ln39' <Predicate = (i_in_1 == 7)> <Delay = 0.00>
ST_2 : Operation 681 [1/1] (0.00ns)   --->   "%store_ln35 = store i2 %trunc_ln35_12, i2 %p_0_15_0_0_0539_i" [firmware/nnet_utils/nnet_dense_stream.h:35->firmware/nnet_utils/nnet_dense_stream.h:93]   --->   Operation 681 'store' 'store_ln35' <Predicate = (i_in_1 == 6)> <Delay = 0.00>
ST_2 : Operation 682 [1/1] (0.00ns)   --->   "%store_ln35 = store i2 %trunc_ln35_11, i2 %p_0_13_0_0_0537_i" [firmware/nnet_utils/nnet_dense_stream.h:35->firmware/nnet_utils/nnet_dense_stream.h:93]   --->   Operation 682 'store' 'store_ln35' <Predicate = (i_in_1 == 6)> <Delay = 0.00>
ST_2 : Operation 683 [1/1] (0.00ns)   --->   "%store_ln35 = store i2 %trunc_ln35_10, i2 %p_0_12_0_0_0535_i" [firmware/nnet_utils/nnet_dense_stream.h:35->firmware/nnet_utils/nnet_dense_stream.h:93]   --->   Operation 683 'store' 'store_ln35' <Predicate = (i_in_1 == 6)> <Delay = 0.00>
ST_2 : Operation 684 [1/1] (0.00ns)   --->   "%store_ln35 = store i2 %data, i2 %p_0_11_0_0_0533_i" [firmware/nnet_utils/nnet_dense_stream.h:35->firmware/nnet_utils/nnet_dense_stream.h:93]   --->   Operation 684 'store' 'store_ln35' <Predicate = (i_in_1 == 6)> <Delay = 0.00>
ST_2 : Operation 685 [1/1] (0.00ns)   --->   "%store_ln35 = store i2 %trunc_ln35_s, i2 %p_0_10_0_0_0531_i" [firmware/nnet_utils/nnet_dense_stream.h:35->firmware/nnet_utils/nnet_dense_stream.h:93]   --->   Operation 685 'store' 'store_ln35' <Predicate = (i_in_1 == 6)> <Delay = 0.00>
ST_2 : Operation 686 [1/1] (0.00ns)   --->   "%store_ln35 = store i2 %trunc_ln35_9, i2 %p_0_9_0_0_0529_i" [firmware/nnet_utils/nnet_dense_stream.h:35->firmware/nnet_utils/nnet_dense_stream.h:93]   --->   Operation 686 'store' 'store_ln35' <Predicate = (i_in_1 == 6)> <Delay = 0.00>
ST_2 : Operation 687 [1/1] (0.00ns)   --->   "%store_ln35 = store i2 %trunc_ln35_8, i2 %p_0_8_0_0_0527_i" [firmware/nnet_utils/nnet_dense_stream.h:35->firmware/nnet_utils/nnet_dense_stream.h:93]   --->   Operation 687 'store' 'store_ln35' <Predicate = (i_in_1 == 6)> <Delay = 0.00>
ST_2 : Operation 688 [1/1] (0.00ns)   --->   "%store_ln35 = store i2 %trunc_ln35_7, i2 %p_0_7_0_0_0525_i" [firmware/nnet_utils/nnet_dense_stream.h:35->firmware/nnet_utils/nnet_dense_stream.h:93]   --->   Operation 688 'store' 'store_ln35' <Predicate = (i_in_1 == 6)> <Delay = 0.00>
ST_2 : Operation 689 [1/1] (0.00ns)   --->   "%store_ln35 = store i2 %trunc_ln35_6, i2 %p_0_6_0_0_0523_i" [firmware/nnet_utils/nnet_dense_stream.h:35->firmware/nnet_utils/nnet_dense_stream.h:93]   --->   Operation 689 'store' 'store_ln35' <Predicate = (i_in_1 == 6)> <Delay = 0.00>
ST_2 : Operation 690 [1/1] (0.00ns)   --->   "%store_ln35 = store i2 %trunc_ln35_5, i2 %p_0_5_0_0_0521_i" [firmware/nnet_utils/nnet_dense_stream.h:35->firmware/nnet_utils/nnet_dense_stream.h:93]   --->   Operation 690 'store' 'store_ln35' <Predicate = (i_in_1 == 6)> <Delay = 0.00>
ST_2 : Operation 691 [1/1] (0.00ns)   --->   "%store_ln35 = store i2 %trunc_ln35_4, i2 %p_0_4_0_0_0519_i" [firmware/nnet_utils/nnet_dense_stream.h:35->firmware/nnet_utils/nnet_dense_stream.h:93]   --->   Operation 691 'store' 'store_ln35' <Predicate = (i_in_1 == 6)> <Delay = 0.00>
ST_2 : Operation 692 [1/1] (0.00ns)   --->   "%store_ln35 = store i2 %trunc_ln35_3, i2 %p_0_3_0_0_0517_i" [firmware/nnet_utils/nnet_dense_stream.h:35->firmware/nnet_utils/nnet_dense_stream.h:93]   --->   Operation 692 'store' 'store_ln35' <Predicate = (i_in_1 == 6)> <Delay = 0.00>
ST_2 : Operation 693 [1/1] (0.00ns)   --->   "%store_ln35 = store i2 %trunc_ln35_2, i2 %p_0_2_0_0_0515_i" [firmware/nnet_utils/nnet_dense_stream.h:35->firmware/nnet_utils/nnet_dense_stream.h:93]   --->   Operation 693 'store' 'store_ln35' <Predicate = (i_in_1 == 6)> <Delay = 0.00>
ST_2 : Operation 694 [1/1] (0.00ns)   --->   "%store_ln35 = store i2 %trunc_ln35_1, i2 %p_0_1_0_0_0513_i" [firmware/nnet_utils/nnet_dense_stream.h:35->firmware/nnet_utils/nnet_dense_stream.h:93]   --->   Operation 694 'store' 'store_ln35' <Predicate = (i_in_1 == 6)> <Delay = 0.00>
ST_2 : Operation 695 [1/1] (0.00ns)   --->   "%store_ln35 = store i2 %trunc_ln35, i2 %p_0_0_0_0_0511_i" [firmware/nnet_utils/nnet_dense_stream.h:35->firmware/nnet_utils/nnet_dense_stream.h:93]   --->   Operation 695 'store' 'store_ln35' <Predicate = (i_in_1 == 6)> <Delay = 0.00>
ST_2 : Operation 696 [1/1] (0.00ns)   --->   "%br_ln39 = br void %arrayidx.i3.15.exit.i" [firmware/nnet_utils/nnet_dense_stream.h:39->firmware/nnet_utils/nnet_dense_stream.h:93]   --->   Operation 696 'br' 'br_ln39' <Predicate = (i_in_1 == 6)> <Delay = 0.00>
ST_2 : Operation 697 [1/1] (0.00ns)   --->   "%store_ln35 = store i2 %trunc_ln35_12, i2 %p_0_15_0_0_0569_i" [firmware/nnet_utils/nnet_dense_stream.h:35->firmware/nnet_utils/nnet_dense_stream.h:93]   --->   Operation 697 'store' 'store_ln35' <Predicate = (i_in_1 == 5)> <Delay = 0.00>
ST_2 : Operation 698 [1/1] (0.00ns)   --->   "%store_ln35 = store i2 %trunc_ln35_11, i2 %p_0_13_0_0_0567_i" [firmware/nnet_utils/nnet_dense_stream.h:35->firmware/nnet_utils/nnet_dense_stream.h:93]   --->   Operation 698 'store' 'store_ln35' <Predicate = (i_in_1 == 5)> <Delay = 0.00>
ST_2 : Operation 699 [1/1] (0.00ns)   --->   "%store_ln35 = store i2 %trunc_ln35_10, i2 %p_0_12_0_0_0565_i" [firmware/nnet_utils/nnet_dense_stream.h:35->firmware/nnet_utils/nnet_dense_stream.h:93]   --->   Operation 699 'store' 'store_ln35' <Predicate = (i_in_1 == 5)> <Delay = 0.00>
ST_2 : Operation 700 [1/1] (0.00ns)   --->   "%store_ln35 = store i2 %data, i2 %p_0_11_0_0_0563_i" [firmware/nnet_utils/nnet_dense_stream.h:35->firmware/nnet_utils/nnet_dense_stream.h:93]   --->   Operation 700 'store' 'store_ln35' <Predicate = (i_in_1 == 5)> <Delay = 0.00>
ST_2 : Operation 701 [1/1] (0.00ns)   --->   "%store_ln35 = store i2 %trunc_ln35_s, i2 %p_0_10_0_0_0561_i" [firmware/nnet_utils/nnet_dense_stream.h:35->firmware/nnet_utils/nnet_dense_stream.h:93]   --->   Operation 701 'store' 'store_ln35' <Predicate = (i_in_1 == 5)> <Delay = 0.00>
ST_2 : Operation 702 [1/1] (0.00ns)   --->   "%store_ln35 = store i2 %trunc_ln35_9, i2 %p_0_9_0_0_0559_i" [firmware/nnet_utils/nnet_dense_stream.h:35->firmware/nnet_utils/nnet_dense_stream.h:93]   --->   Operation 702 'store' 'store_ln35' <Predicate = (i_in_1 == 5)> <Delay = 0.00>
ST_2 : Operation 703 [1/1] (0.00ns)   --->   "%store_ln35 = store i2 %trunc_ln35_8, i2 %p_0_8_0_0_0557_i" [firmware/nnet_utils/nnet_dense_stream.h:35->firmware/nnet_utils/nnet_dense_stream.h:93]   --->   Operation 703 'store' 'store_ln35' <Predicate = (i_in_1 == 5)> <Delay = 0.00>
ST_2 : Operation 704 [1/1] (0.00ns)   --->   "%store_ln35 = store i2 %trunc_ln35_7, i2 %p_0_7_0_0_0555_i" [firmware/nnet_utils/nnet_dense_stream.h:35->firmware/nnet_utils/nnet_dense_stream.h:93]   --->   Operation 704 'store' 'store_ln35' <Predicate = (i_in_1 == 5)> <Delay = 0.00>
ST_2 : Operation 705 [1/1] (0.00ns)   --->   "%store_ln35 = store i2 %trunc_ln35_6, i2 %p_0_6_0_0_0553_i" [firmware/nnet_utils/nnet_dense_stream.h:35->firmware/nnet_utils/nnet_dense_stream.h:93]   --->   Operation 705 'store' 'store_ln35' <Predicate = (i_in_1 == 5)> <Delay = 0.00>
ST_2 : Operation 706 [1/1] (0.00ns)   --->   "%store_ln35 = store i2 %trunc_ln35_5, i2 %p_0_5_0_0_0551_i" [firmware/nnet_utils/nnet_dense_stream.h:35->firmware/nnet_utils/nnet_dense_stream.h:93]   --->   Operation 706 'store' 'store_ln35' <Predicate = (i_in_1 == 5)> <Delay = 0.00>
ST_2 : Operation 707 [1/1] (0.00ns)   --->   "%store_ln35 = store i2 %trunc_ln35_4, i2 %p_0_4_0_0_0549_i" [firmware/nnet_utils/nnet_dense_stream.h:35->firmware/nnet_utils/nnet_dense_stream.h:93]   --->   Operation 707 'store' 'store_ln35' <Predicate = (i_in_1 == 5)> <Delay = 0.00>
ST_2 : Operation 708 [1/1] (0.00ns)   --->   "%store_ln35 = store i2 %trunc_ln35_3, i2 %p_0_3_0_0_0547_i" [firmware/nnet_utils/nnet_dense_stream.h:35->firmware/nnet_utils/nnet_dense_stream.h:93]   --->   Operation 708 'store' 'store_ln35' <Predicate = (i_in_1 == 5)> <Delay = 0.00>
ST_2 : Operation 709 [1/1] (0.00ns)   --->   "%store_ln35 = store i2 %trunc_ln35_2, i2 %p_0_2_0_0_0545_i" [firmware/nnet_utils/nnet_dense_stream.h:35->firmware/nnet_utils/nnet_dense_stream.h:93]   --->   Operation 709 'store' 'store_ln35' <Predicate = (i_in_1 == 5)> <Delay = 0.00>
ST_2 : Operation 710 [1/1] (0.00ns)   --->   "%store_ln35 = store i2 %trunc_ln35_1, i2 %p_0_1_0_0_0543_i" [firmware/nnet_utils/nnet_dense_stream.h:35->firmware/nnet_utils/nnet_dense_stream.h:93]   --->   Operation 710 'store' 'store_ln35' <Predicate = (i_in_1 == 5)> <Delay = 0.00>
ST_2 : Operation 711 [1/1] (0.00ns)   --->   "%store_ln35 = store i2 %trunc_ln35, i2 %p_0_0_0_0_0541_i" [firmware/nnet_utils/nnet_dense_stream.h:35->firmware/nnet_utils/nnet_dense_stream.h:93]   --->   Operation 711 'store' 'store_ln35' <Predicate = (i_in_1 == 5)> <Delay = 0.00>
ST_2 : Operation 712 [1/1] (0.00ns)   --->   "%br_ln39 = br void %arrayidx.i3.15.exit.i" [firmware/nnet_utils/nnet_dense_stream.h:39->firmware/nnet_utils/nnet_dense_stream.h:93]   --->   Operation 712 'br' 'br_ln39' <Predicate = (i_in_1 == 5)> <Delay = 0.00>
ST_2 : Operation 713 [1/1] (0.00ns)   --->   "%store_ln35 = store i2 %trunc_ln35_12, i2 %p_0_15_0_0_0599_i" [firmware/nnet_utils/nnet_dense_stream.h:35->firmware/nnet_utils/nnet_dense_stream.h:93]   --->   Operation 713 'store' 'store_ln35' <Predicate = (i_in_1 == 4)> <Delay = 0.00>
ST_2 : Operation 714 [1/1] (0.00ns)   --->   "%store_ln35 = store i2 %trunc_ln35_11, i2 %p_0_13_0_0_0597_i" [firmware/nnet_utils/nnet_dense_stream.h:35->firmware/nnet_utils/nnet_dense_stream.h:93]   --->   Operation 714 'store' 'store_ln35' <Predicate = (i_in_1 == 4)> <Delay = 0.00>
ST_2 : Operation 715 [1/1] (0.00ns)   --->   "%store_ln35 = store i2 %trunc_ln35_10, i2 %p_0_12_0_0_0595_i" [firmware/nnet_utils/nnet_dense_stream.h:35->firmware/nnet_utils/nnet_dense_stream.h:93]   --->   Operation 715 'store' 'store_ln35' <Predicate = (i_in_1 == 4)> <Delay = 0.00>
ST_2 : Operation 716 [1/1] (0.00ns)   --->   "%store_ln35 = store i2 %data, i2 %p_0_11_0_0_0593_i" [firmware/nnet_utils/nnet_dense_stream.h:35->firmware/nnet_utils/nnet_dense_stream.h:93]   --->   Operation 716 'store' 'store_ln35' <Predicate = (i_in_1 == 4)> <Delay = 0.00>
ST_2 : Operation 717 [1/1] (0.00ns)   --->   "%store_ln35 = store i2 %trunc_ln35_s, i2 %p_0_10_0_0_0591_i" [firmware/nnet_utils/nnet_dense_stream.h:35->firmware/nnet_utils/nnet_dense_stream.h:93]   --->   Operation 717 'store' 'store_ln35' <Predicate = (i_in_1 == 4)> <Delay = 0.00>
ST_2 : Operation 718 [1/1] (0.00ns)   --->   "%store_ln35 = store i2 %trunc_ln35_9, i2 %p_0_9_0_0_0589_i" [firmware/nnet_utils/nnet_dense_stream.h:35->firmware/nnet_utils/nnet_dense_stream.h:93]   --->   Operation 718 'store' 'store_ln35' <Predicate = (i_in_1 == 4)> <Delay = 0.00>
ST_2 : Operation 719 [1/1] (0.00ns)   --->   "%store_ln35 = store i2 %trunc_ln35_8, i2 %p_0_8_0_0_0587_i" [firmware/nnet_utils/nnet_dense_stream.h:35->firmware/nnet_utils/nnet_dense_stream.h:93]   --->   Operation 719 'store' 'store_ln35' <Predicate = (i_in_1 == 4)> <Delay = 0.00>
ST_2 : Operation 720 [1/1] (0.00ns)   --->   "%store_ln35 = store i2 %trunc_ln35_7, i2 %p_0_7_0_0_0585_i" [firmware/nnet_utils/nnet_dense_stream.h:35->firmware/nnet_utils/nnet_dense_stream.h:93]   --->   Operation 720 'store' 'store_ln35' <Predicate = (i_in_1 == 4)> <Delay = 0.00>
ST_2 : Operation 721 [1/1] (0.00ns)   --->   "%store_ln35 = store i2 %trunc_ln35_6, i2 %p_0_6_0_0_0583_i" [firmware/nnet_utils/nnet_dense_stream.h:35->firmware/nnet_utils/nnet_dense_stream.h:93]   --->   Operation 721 'store' 'store_ln35' <Predicate = (i_in_1 == 4)> <Delay = 0.00>
ST_2 : Operation 722 [1/1] (0.00ns)   --->   "%store_ln35 = store i2 %trunc_ln35_5, i2 %p_0_5_0_0_0581_i" [firmware/nnet_utils/nnet_dense_stream.h:35->firmware/nnet_utils/nnet_dense_stream.h:93]   --->   Operation 722 'store' 'store_ln35' <Predicate = (i_in_1 == 4)> <Delay = 0.00>
ST_2 : Operation 723 [1/1] (0.00ns)   --->   "%store_ln35 = store i2 %trunc_ln35_4, i2 %p_0_4_0_0_0579_i" [firmware/nnet_utils/nnet_dense_stream.h:35->firmware/nnet_utils/nnet_dense_stream.h:93]   --->   Operation 723 'store' 'store_ln35' <Predicate = (i_in_1 == 4)> <Delay = 0.00>
ST_2 : Operation 724 [1/1] (0.00ns)   --->   "%store_ln35 = store i2 %trunc_ln35_3, i2 %p_0_3_0_0_0577_i" [firmware/nnet_utils/nnet_dense_stream.h:35->firmware/nnet_utils/nnet_dense_stream.h:93]   --->   Operation 724 'store' 'store_ln35' <Predicate = (i_in_1 == 4)> <Delay = 0.00>
ST_2 : Operation 725 [1/1] (0.00ns)   --->   "%store_ln35 = store i2 %trunc_ln35_2, i2 %p_0_2_0_0_0575_i" [firmware/nnet_utils/nnet_dense_stream.h:35->firmware/nnet_utils/nnet_dense_stream.h:93]   --->   Operation 725 'store' 'store_ln35' <Predicate = (i_in_1 == 4)> <Delay = 0.00>
ST_2 : Operation 726 [1/1] (0.00ns)   --->   "%store_ln35 = store i2 %trunc_ln35_1, i2 %p_0_1_0_0_0573_i" [firmware/nnet_utils/nnet_dense_stream.h:35->firmware/nnet_utils/nnet_dense_stream.h:93]   --->   Operation 726 'store' 'store_ln35' <Predicate = (i_in_1 == 4)> <Delay = 0.00>
ST_2 : Operation 727 [1/1] (0.00ns)   --->   "%store_ln35 = store i2 %trunc_ln35, i2 %p_0_0_0_0_0571_i" [firmware/nnet_utils/nnet_dense_stream.h:35->firmware/nnet_utils/nnet_dense_stream.h:93]   --->   Operation 727 'store' 'store_ln35' <Predicate = (i_in_1 == 4)> <Delay = 0.00>
ST_2 : Operation 728 [1/1] (0.00ns)   --->   "%br_ln39 = br void %arrayidx.i3.15.exit.i" [firmware/nnet_utils/nnet_dense_stream.h:39->firmware/nnet_utils/nnet_dense_stream.h:93]   --->   Operation 728 'br' 'br_ln39' <Predicate = (i_in_1 == 4)> <Delay = 0.00>
ST_2 : Operation 729 [1/1] (0.00ns)   --->   "%store_ln35 = store i2 %trunc_ln35_12, i2 %p_0_15_0_0_0629_i" [firmware/nnet_utils/nnet_dense_stream.h:35->firmware/nnet_utils/nnet_dense_stream.h:93]   --->   Operation 729 'store' 'store_ln35' <Predicate = (i_in_1 == 3)> <Delay = 0.00>
ST_2 : Operation 730 [1/1] (0.00ns)   --->   "%store_ln35 = store i2 %trunc_ln35_11, i2 %p_0_13_0_0_0627_i" [firmware/nnet_utils/nnet_dense_stream.h:35->firmware/nnet_utils/nnet_dense_stream.h:93]   --->   Operation 730 'store' 'store_ln35' <Predicate = (i_in_1 == 3)> <Delay = 0.00>
ST_2 : Operation 731 [1/1] (0.00ns)   --->   "%store_ln35 = store i2 %trunc_ln35_10, i2 %p_0_12_0_0_0625_i" [firmware/nnet_utils/nnet_dense_stream.h:35->firmware/nnet_utils/nnet_dense_stream.h:93]   --->   Operation 731 'store' 'store_ln35' <Predicate = (i_in_1 == 3)> <Delay = 0.00>
ST_2 : Operation 732 [1/1] (0.00ns)   --->   "%store_ln35 = store i2 %data, i2 %p_0_11_0_0_0623_i" [firmware/nnet_utils/nnet_dense_stream.h:35->firmware/nnet_utils/nnet_dense_stream.h:93]   --->   Operation 732 'store' 'store_ln35' <Predicate = (i_in_1 == 3)> <Delay = 0.00>
ST_2 : Operation 733 [1/1] (0.00ns)   --->   "%store_ln35 = store i2 %trunc_ln35_s, i2 %p_0_10_0_0_0621_i" [firmware/nnet_utils/nnet_dense_stream.h:35->firmware/nnet_utils/nnet_dense_stream.h:93]   --->   Operation 733 'store' 'store_ln35' <Predicate = (i_in_1 == 3)> <Delay = 0.00>
ST_2 : Operation 734 [1/1] (0.00ns)   --->   "%store_ln35 = store i2 %trunc_ln35_9, i2 %p_0_9_0_0_0619_i" [firmware/nnet_utils/nnet_dense_stream.h:35->firmware/nnet_utils/nnet_dense_stream.h:93]   --->   Operation 734 'store' 'store_ln35' <Predicate = (i_in_1 == 3)> <Delay = 0.00>
ST_2 : Operation 735 [1/1] (0.00ns)   --->   "%store_ln35 = store i2 %trunc_ln35_8, i2 %p_0_8_0_0_0617_i" [firmware/nnet_utils/nnet_dense_stream.h:35->firmware/nnet_utils/nnet_dense_stream.h:93]   --->   Operation 735 'store' 'store_ln35' <Predicate = (i_in_1 == 3)> <Delay = 0.00>
ST_2 : Operation 736 [1/1] (0.00ns)   --->   "%store_ln35 = store i2 %trunc_ln35_7, i2 %p_0_7_0_0_0615_i" [firmware/nnet_utils/nnet_dense_stream.h:35->firmware/nnet_utils/nnet_dense_stream.h:93]   --->   Operation 736 'store' 'store_ln35' <Predicate = (i_in_1 == 3)> <Delay = 0.00>
ST_2 : Operation 737 [1/1] (0.00ns)   --->   "%store_ln35 = store i2 %trunc_ln35_6, i2 %p_0_6_0_0_0613_i" [firmware/nnet_utils/nnet_dense_stream.h:35->firmware/nnet_utils/nnet_dense_stream.h:93]   --->   Operation 737 'store' 'store_ln35' <Predicate = (i_in_1 == 3)> <Delay = 0.00>
ST_2 : Operation 738 [1/1] (0.00ns)   --->   "%store_ln35 = store i2 %trunc_ln35_5, i2 %p_0_5_0_0_0611_i" [firmware/nnet_utils/nnet_dense_stream.h:35->firmware/nnet_utils/nnet_dense_stream.h:93]   --->   Operation 738 'store' 'store_ln35' <Predicate = (i_in_1 == 3)> <Delay = 0.00>
ST_2 : Operation 739 [1/1] (0.00ns)   --->   "%store_ln35 = store i2 %trunc_ln35_4, i2 %p_0_4_0_0_0609_i" [firmware/nnet_utils/nnet_dense_stream.h:35->firmware/nnet_utils/nnet_dense_stream.h:93]   --->   Operation 739 'store' 'store_ln35' <Predicate = (i_in_1 == 3)> <Delay = 0.00>
ST_2 : Operation 740 [1/1] (0.00ns)   --->   "%store_ln35 = store i2 %trunc_ln35_3, i2 %p_0_3_0_0_0607_i" [firmware/nnet_utils/nnet_dense_stream.h:35->firmware/nnet_utils/nnet_dense_stream.h:93]   --->   Operation 740 'store' 'store_ln35' <Predicate = (i_in_1 == 3)> <Delay = 0.00>
ST_2 : Operation 741 [1/1] (0.00ns)   --->   "%store_ln35 = store i2 %trunc_ln35_2, i2 %p_0_2_0_0_0605_i" [firmware/nnet_utils/nnet_dense_stream.h:35->firmware/nnet_utils/nnet_dense_stream.h:93]   --->   Operation 741 'store' 'store_ln35' <Predicate = (i_in_1 == 3)> <Delay = 0.00>
ST_2 : Operation 742 [1/1] (0.00ns)   --->   "%store_ln35 = store i2 %trunc_ln35_1, i2 %p_0_1_0_0_0603_i" [firmware/nnet_utils/nnet_dense_stream.h:35->firmware/nnet_utils/nnet_dense_stream.h:93]   --->   Operation 742 'store' 'store_ln35' <Predicate = (i_in_1 == 3)> <Delay = 0.00>
ST_2 : Operation 743 [1/1] (0.00ns)   --->   "%store_ln35 = store i2 %trunc_ln35, i2 %p_0_0_0_0_0601_i" [firmware/nnet_utils/nnet_dense_stream.h:35->firmware/nnet_utils/nnet_dense_stream.h:93]   --->   Operation 743 'store' 'store_ln35' <Predicate = (i_in_1 == 3)> <Delay = 0.00>
ST_2 : Operation 744 [1/1] (0.00ns)   --->   "%br_ln39 = br void %arrayidx.i3.15.exit.i" [firmware/nnet_utils/nnet_dense_stream.h:39->firmware/nnet_utils/nnet_dense_stream.h:93]   --->   Operation 744 'br' 'br_ln39' <Predicate = (i_in_1 == 3)> <Delay = 0.00>
ST_2 : Operation 745 [1/1] (0.00ns)   --->   "%store_ln35 = store i2 %trunc_ln35_12, i2 %p_0_15_0_0_0659_i" [firmware/nnet_utils/nnet_dense_stream.h:35->firmware/nnet_utils/nnet_dense_stream.h:93]   --->   Operation 745 'store' 'store_ln35' <Predicate = (i_in_1 == 2)> <Delay = 0.00>
ST_2 : Operation 746 [1/1] (0.00ns)   --->   "%store_ln35 = store i2 %trunc_ln35_11, i2 %p_0_13_0_0_0657_i" [firmware/nnet_utils/nnet_dense_stream.h:35->firmware/nnet_utils/nnet_dense_stream.h:93]   --->   Operation 746 'store' 'store_ln35' <Predicate = (i_in_1 == 2)> <Delay = 0.00>
ST_2 : Operation 747 [1/1] (0.00ns)   --->   "%store_ln35 = store i2 %trunc_ln35_10, i2 %p_0_12_0_0_0655_i" [firmware/nnet_utils/nnet_dense_stream.h:35->firmware/nnet_utils/nnet_dense_stream.h:93]   --->   Operation 747 'store' 'store_ln35' <Predicate = (i_in_1 == 2)> <Delay = 0.00>
ST_2 : Operation 748 [1/1] (0.00ns)   --->   "%store_ln35 = store i2 %data, i2 %p_0_11_0_0_0653_i" [firmware/nnet_utils/nnet_dense_stream.h:35->firmware/nnet_utils/nnet_dense_stream.h:93]   --->   Operation 748 'store' 'store_ln35' <Predicate = (i_in_1 == 2)> <Delay = 0.00>
ST_2 : Operation 749 [1/1] (0.00ns)   --->   "%store_ln35 = store i2 %trunc_ln35_s, i2 %p_0_10_0_0_0651_i" [firmware/nnet_utils/nnet_dense_stream.h:35->firmware/nnet_utils/nnet_dense_stream.h:93]   --->   Operation 749 'store' 'store_ln35' <Predicate = (i_in_1 == 2)> <Delay = 0.00>
ST_2 : Operation 750 [1/1] (0.00ns)   --->   "%store_ln35 = store i2 %trunc_ln35_9, i2 %p_0_9_0_0_0649_i" [firmware/nnet_utils/nnet_dense_stream.h:35->firmware/nnet_utils/nnet_dense_stream.h:93]   --->   Operation 750 'store' 'store_ln35' <Predicate = (i_in_1 == 2)> <Delay = 0.00>
ST_2 : Operation 751 [1/1] (0.00ns)   --->   "%store_ln35 = store i2 %trunc_ln35_8, i2 %p_0_8_0_0_0647_i" [firmware/nnet_utils/nnet_dense_stream.h:35->firmware/nnet_utils/nnet_dense_stream.h:93]   --->   Operation 751 'store' 'store_ln35' <Predicate = (i_in_1 == 2)> <Delay = 0.00>
ST_2 : Operation 752 [1/1] (0.00ns)   --->   "%store_ln35 = store i2 %trunc_ln35_7, i2 %p_0_7_0_0_0645_i" [firmware/nnet_utils/nnet_dense_stream.h:35->firmware/nnet_utils/nnet_dense_stream.h:93]   --->   Operation 752 'store' 'store_ln35' <Predicate = (i_in_1 == 2)> <Delay = 0.00>
ST_2 : Operation 753 [1/1] (0.00ns)   --->   "%store_ln35 = store i2 %trunc_ln35_6, i2 %p_0_6_0_0_0643_i" [firmware/nnet_utils/nnet_dense_stream.h:35->firmware/nnet_utils/nnet_dense_stream.h:93]   --->   Operation 753 'store' 'store_ln35' <Predicate = (i_in_1 == 2)> <Delay = 0.00>
ST_2 : Operation 754 [1/1] (0.00ns)   --->   "%store_ln35 = store i2 %trunc_ln35_5, i2 %p_0_5_0_0_0641_i" [firmware/nnet_utils/nnet_dense_stream.h:35->firmware/nnet_utils/nnet_dense_stream.h:93]   --->   Operation 754 'store' 'store_ln35' <Predicate = (i_in_1 == 2)> <Delay = 0.00>
ST_2 : Operation 755 [1/1] (0.00ns)   --->   "%store_ln35 = store i2 %trunc_ln35_4, i2 %p_0_4_0_0_0639_i" [firmware/nnet_utils/nnet_dense_stream.h:35->firmware/nnet_utils/nnet_dense_stream.h:93]   --->   Operation 755 'store' 'store_ln35' <Predicate = (i_in_1 == 2)> <Delay = 0.00>
ST_2 : Operation 756 [1/1] (0.00ns)   --->   "%store_ln35 = store i2 %trunc_ln35_3, i2 %p_0_3_0_0_0637_i" [firmware/nnet_utils/nnet_dense_stream.h:35->firmware/nnet_utils/nnet_dense_stream.h:93]   --->   Operation 756 'store' 'store_ln35' <Predicate = (i_in_1 == 2)> <Delay = 0.00>
ST_2 : Operation 757 [1/1] (0.00ns)   --->   "%store_ln35 = store i2 %trunc_ln35_2, i2 %p_0_2_0_0_0635_i" [firmware/nnet_utils/nnet_dense_stream.h:35->firmware/nnet_utils/nnet_dense_stream.h:93]   --->   Operation 757 'store' 'store_ln35' <Predicate = (i_in_1 == 2)> <Delay = 0.00>
ST_2 : Operation 758 [1/1] (0.00ns)   --->   "%store_ln35 = store i2 %trunc_ln35_1, i2 %p_0_1_0_0_0633_i" [firmware/nnet_utils/nnet_dense_stream.h:35->firmware/nnet_utils/nnet_dense_stream.h:93]   --->   Operation 758 'store' 'store_ln35' <Predicate = (i_in_1 == 2)> <Delay = 0.00>
ST_2 : Operation 759 [1/1] (0.00ns)   --->   "%store_ln35 = store i2 %trunc_ln35, i2 %p_0_0_0_0_0631_i" [firmware/nnet_utils/nnet_dense_stream.h:35->firmware/nnet_utils/nnet_dense_stream.h:93]   --->   Operation 759 'store' 'store_ln35' <Predicate = (i_in_1 == 2)> <Delay = 0.00>
ST_2 : Operation 760 [1/1] (0.00ns)   --->   "%br_ln39 = br void %arrayidx.i3.15.exit.i" [firmware/nnet_utils/nnet_dense_stream.h:39->firmware/nnet_utils/nnet_dense_stream.h:93]   --->   Operation 760 'br' 'br_ln39' <Predicate = (i_in_1 == 2)> <Delay = 0.00>
ST_2 : Operation 761 [1/1] (0.00ns)   --->   "%store_ln35 = store i2 %trunc_ln35_12, i2 %p_0_15_0_0_0689_i" [firmware/nnet_utils/nnet_dense_stream.h:35->firmware/nnet_utils/nnet_dense_stream.h:93]   --->   Operation 761 'store' 'store_ln35' <Predicate = (i_in_1 == 1)> <Delay = 0.00>
ST_2 : Operation 762 [1/1] (0.00ns)   --->   "%store_ln35 = store i2 %trunc_ln35_11, i2 %p_0_13_0_0_0687_i" [firmware/nnet_utils/nnet_dense_stream.h:35->firmware/nnet_utils/nnet_dense_stream.h:93]   --->   Operation 762 'store' 'store_ln35' <Predicate = (i_in_1 == 1)> <Delay = 0.00>
ST_2 : Operation 763 [1/1] (0.00ns)   --->   "%store_ln35 = store i2 %trunc_ln35_10, i2 %p_0_12_0_0_0685_i" [firmware/nnet_utils/nnet_dense_stream.h:35->firmware/nnet_utils/nnet_dense_stream.h:93]   --->   Operation 763 'store' 'store_ln35' <Predicate = (i_in_1 == 1)> <Delay = 0.00>
ST_2 : Operation 764 [1/1] (0.00ns)   --->   "%store_ln35 = store i2 %data, i2 %p_0_11_0_0_0683_i" [firmware/nnet_utils/nnet_dense_stream.h:35->firmware/nnet_utils/nnet_dense_stream.h:93]   --->   Operation 764 'store' 'store_ln35' <Predicate = (i_in_1 == 1)> <Delay = 0.00>
ST_2 : Operation 765 [1/1] (0.00ns)   --->   "%store_ln35 = store i2 %trunc_ln35_s, i2 %p_0_10_0_0_0681_i" [firmware/nnet_utils/nnet_dense_stream.h:35->firmware/nnet_utils/nnet_dense_stream.h:93]   --->   Operation 765 'store' 'store_ln35' <Predicate = (i_in_1 == 1)> <Delay = 0.00>
ST_2 : Operation 766 [1/1] (0.00ns)   --->   "%store_ln35 = store i2 %trunc_ln35_9, i2 %p_0_9_0_0_0679_i" [firmware/nnet_utils/nnet_dense_stream.h:35->firmware/nnet_utils/nnet_dense_stream.h:93]   --->   Operation 766 'store' 'store_ln35' <Predicate = (i_in_1 == 1)> <Delay = 0.00>
ST_2 : Operation 767 [1/1] (0.00ns)   --->   "%store_ln35 = store i2 %trunc_ln35_8, i2 %p_0_8_0_0_0677_i" [firmware/nnet_utils/nnet_dense_stream.h:35->firmware/nnet_utils/nnet_dense_stream.h:93]   --->   Operation 767 'store' 'store_ln35' <Predicate = (i_in_1 == 1)> <Delay = 0.00>
ST_2 : Operation 768 [1/1] (0.00ns)   --->   "%store_ln35 = store i2 %trunc_ln35_7, i2 %p_0_7_0_0_0675_i" [firmware/nnet_utils/nnet_dense_stream.h:35->firmware/nnet_utils/nnet_dense_stream.h:93]   --->   Operation 768 'store' 'store_ln35' <Predicate = (i_in_1 == 1)> <Delay = 0.00>
ST_2 : Operation 769 [1/1] (0.00ns)   --->   "%store_ln35 = store i2 %trunc_ln35_6, i2 %p_0_6_0_0_0673_i" [firmware/nnet_utils/nnet_dense_stream.h:35->firmware/nnet_utils/nnet_dense_stream.h:93]   --->   Operation 769 'store' 'store_ln35' <Predicate = (i_in_1 == 1)> <Delay = 0.00>
ST_2 : Operation 770 [1/1] (0.00ns)   --->   "%store_ln35 = store i2 %trunc_ln35_5, i2 %p_0_5_0_0_0671_i" [firmware/nnet_utils/nnet_dense_stream.h:35->firmware/nnet_utils/nnet_dense_stream.h:93]   --->   Operation 770 'store' 'store_ln35' <Predicate = (i_in_1 == 1)> <Delay = 0.00>
ST_2 : Operation 771 [1/1] (0.00ns)   --->   "%store_ln35 = store i2 %trunc_ln35_4, i2 %p_0_4_0_0_0669_i" [firmware/nnet_utils/nnet_dense_stream.h:35->firmware/nnet_utils/nnet_dense_stream.h:93]   --->   Operation 771 'store' 'store_ln35' <Predicate = (i_in_1 == 1)> <Delay = 0.00>
ST_2 : Operation 772 [1/1] (0.00ns)   --->   "%store_ln35 = store i2 %trunc_ln35_3, i2 %p_0_3_0_0_0667_i" [firmware/nnet_utils/nnet_dense_stream.h:35->firmware/nnet_utils/nnet_dense_stream.h:93]   --->   Operation 772 'store' 'store_ln35' <Predicate = (i_in_1 == 1)> <Delay = 0.00>
ST_2 : Operation 773 [1/1] (0.00ns)   --->   "%store_ln35 = store i2 %trunc_ln35_2, i2 %p_0_2_0_0_0665_i" [firmware/nnet_utils/nnet_dense_stream.h:35->firmware/nnet_utils/nnet_dense_stream.h:93]   --->   Operation 773 'store' 'store_ln35' <Predicate = (i_in_1 == 1)> <Delay = 0.00>
ST_2 : Operation 774 [1/1] (0.00ns)   --->   "%store_ln35 = store i2 %trunc_ln35_1, i2 %p_0_1_0_0_0663_i" [firmware/nnet_utils/nnet_dense_stream.h:35->firmware/nnet_utils/nnet_dense_stream.h:93]   --->   Operation 774 'store' 'store_ln35' <Predicate = (i_in_1 == 1)> <Delay = 0.00>
ST_2 : Operation 775 [1/1] (0.00ns)   --->   "%store_ln35 = store i2 %trunc_ln35, i2 %p_0_0_0_0_0661_i" [firmware/nnet_utils/nnet_dense_stream.h:35->firmware/nnet_utils/nnet_dense_stream.h:93]   --->   Operation 775 'store' 'store_ln35' <Predicate = (i_in_1 == 1)> <Delay = 0.00>
ST_2 : Operation 776 [1/1] (0.00ns)   --->   "%br_ln39 = br void %arrayidx.i3.15.exit.i" [firmware/nnet_utils/nnet_dense_stream.h:39->firmware/nnet_utils/nnet_dense_stream.h:93]   --->   Operation 776 'br' 'br_ln39' <Predicate = (i_in_1 == 1)> <Delay = 0.00>
ST_2 : Operation 777 [1/1] (0.00ns)   --->   "%store_ln35 = store i2 %trunc_ln35_12, i2 %p_0_15_0_0_0717_i" [firmware/nnet_utils/nnet_dense_stream.h:35->firmware/nnet_utils/nnet_dense_stream.h:93]   --->   Operation 777 'store' 'store_ln35' <Predicate = (i_in_1 == 0)> <Delay = 0.00>
ST_2 : Operation 778 [1/1] (0.00ns)   --->   "%store_ln35 = store i2 %trunc_ln35_11, i2 %p_0_13_0_0_0715_i" [firmware/nnet_utils/nnet_dense_stream.h:35->firmware/nnet_utils/nnet_dense_stream.h:93]   --->   Operation 778 'store' 'store_ln35' <Predicate = (i_in_1 == 0)> <Delay = 0.00>
ST_2 : Operation 779 [1/1] (0.00ns)   --->   "%store_ln35 = store i2 %trunc_ln35_10, i2 %p_0_12_0_0_0713_i" [firmware/nnet_utils/nnet_dense_stream.h:35->firmware/nnet_utils/nnet_dense_stream.h:93]   --->   Operation 779 'store' 'store_ln35' <Predicate = (i_in_1 == 0)> <Delay = 0.00>
ST_2 : Operation 780 [1/1] (0.00ns)   --->   "%store_ln35 = store i2 %trunc_ln35_s, i2 %p_0_10_0_0_0711_i" [firmware/nnet_utils/nnet_dense_stream.h:35->firmware/nnet_utils/nnet_dense_stream.h:93]   --->   Operation 780 'store' 'store_ln35' <Predicate = (i_in_1 == 0)> <Delay = 0.00>
ST_2 : Operation 781 [1/1] (0.00ns)   --->   "%store_ln35 = store i2 %trunc_ln35_9, i2 %p_0_9_0_0_0709_i" [firmware/nnet_utils/nnet_dense_stream.h:35->firmware/nnet_utils/nnet_dense_stream.h:93]   --->   Operation 781 'store' 'store_ln35' <Predicate = (i_in_1 == 0)> <Delay = 0.00>
ST_2 : Operation 782 [1/1] (0.00ns)   --->   "%store_ln35 = store i2 %trunc_ln35_8, i2 %p_0_8_0_0_0707_i" [firmware/nnet_utils/nnet_dense_stream.h:35->firmware/nnet_utils/nnet_dense_stream.h:93]   --->   Operation 782 'store' 'store_ln35' <Predicate = (i_in_1 == 0)> <Delay = 0.00>
ST_2 : Operation 783 [1/1] (0.00ns)   --->   "%store_ln35 = store i2 %trunc_ln35_7, i2 %p_0_7_0_0_0705_i" [firmware/nnet_utils/nnet_dense_stream.h:35->firmware/nnet_utils/nnet_dense_stream.h:93]   --->   Operation 783 'store' 'store_ln35' <Predicate = (i_in_1 == 0)> <Delay = 0.00>
ST_2 : Operation 784 [1/1] (0.00ns)   --->   "%store_ln35 = store i2 %trunc_ln35_6, i2 %p_0_6_0_0_0703_i" [firmware/nnet_utils/nnet_dense_stream.h:35->firmware/nnet_utils/nnet_dense_stream.h:93]   --->   Operation 784 'store' 'store_ln35' <Predicate = (i_in_1 == 0)> <Delay = 0.00>
ST_2 : Operation 785 [1/1] (0.00ns)   --->   "%store_ln35 = store i2 %trunc_ln35_5, i2 %p_0_5_0_0_0701_i" [firmware/nnet_utils/nnet_dense_stream.h:35->firmware/nnet_utils/nnet_dense_stream.h:93]   --->   Operation 785 'store' 'store_ln35' <Predicate = (i_in_1 == 0)> <Delay = 0.00>
ST_2 : Operation 786 [1/1] (0.00ns)   --->   "%store_ln35 = store i2 %trunc_ln35_4, i2 %p_0_4_0_0_0699_i" [firmware/nnet_utils/nnet_dense_stream.h:35->firmware/nnet_utils/nnet_dense_stream.h:93]   --->   Operation 786 'store' 'store_ln35' <Predicate = (i_in_1 == 0)> <Delay = 0.00>
ST_2 : Operation 787 [1/1] (0.00ns)   --->   "%store_ln35 = store i2 %trunc_ln35_3, i2 %p_0_3_0_0_0697_i" [firmware/nnet_utils/nnet_dense_stream.h:35->firmware/nnet_utils/nnet_dense_stream.h:93]   --->   Operation 787 'store' 'store_ln35' <Predicate = (i_in_1 == 0)> <Delay = 0.00>
ST_2 : Operation 788 [1/1] (0.00ns)   --->   "%store_ln35 = store i2 %trunc_ln35_2, i2 %p_0_2_0_0_0695_i" [firmware/nnet_utils/nnet_dense_stream.h:35->firmware/nnet_utils/nnet_dense_stream.h:93]   --->   Operation 788 'store' 'store_ln35' <Predicate = (i_in_1 == 0)> <Delay = 0.00>
ST_2 : Operation 789 [1/1] (0.00ns)   --->   "%store_ln35 = store i2 %trunc_ln35_1, i2 %p_0_1_0_0_0693_i" [firmware/nnet_utils/nnet_dense_stream.h:35->firmware/nnet_utils/nnet_dense_stream.h:93]   --->   Operation 789 'store' 'store_ln35' <Predicate = (i_in_1 == 0)> <Delay = 0.00>
ST_2 : Operation 790 [1/1] (0.00ns)   --->   "%store_ln35 = store i2 %trunc_ln35, i2 %p_0_0_0_0_0691_i" [firmware/nnet_utils/nnet_dense_stream.h:35->firmware/nnet_utils/nnet_dense_stream.h:93]   --->   Operation 790 'store' 'store_ln35' <Predicate = (i_in_1 == 0)> <Delay = 0.00>
ST_2 : Operation 791 [1/1] (0.00ns)   --->   "%br_ln39 = br void %arrayidx.i3.15.exit.i" [firmware/nnet_utils/nnet_dense_stream.h:39->firmware/nnet_utils/nnet_dense_stream.h:93]   --->   Operation 791 'br' 'br_ln39' <Predicate = (i_in_1 == 0)> <Delay = 0.00>
ST_2 : Operation 792 [1/1] (0.00ns)   --->   "%store_ln35 = store i2 %trunc_ln35_12, i2 %p_0_15_0_0_0747_i" [firmware/nnet_utils/nnet_dense_stream.h:35->firmware/nnet_utils/nnet_dense_stream.h:93]   --->   Operation 792 'store' 'store_ln35' <Predicate = (i_in_1 == 31) | (i_in_1 == 30) | (i_in_1 == 29) | (i_in_1 == 28) | (i_in_1 == 27) | (i_in_1 == 26) | (i_in_1 == 25) | (i_in_1 == 24)> <Delay = 0.00>
ST_2 : Operation 793 [1/1] (0.00ns)   --->   "%store_ln35 = store i2 %trunc_ln35_11, i2 %p_0_13_0_0_0745_i" [firmware/nnet_utils/nnet_dense_stream.h:35->firmware/nnet_utils/nnet_dense_stream.h:93]   --->   Operation 793 'store' 'store_ln35' <Predicate = (i_in_1 == 31) | (i_in_1 == 30) | (i_in_1 == 29) | (i_in_1 == 28) | (i_in_1 == 27) | (i_in_1 == 26) | (i_in_1 == 25) | (i_in_1 == 24)> <Delay = 0.00>
ST_2 : Operation 794 [1/1] (0.00ns)   --->   "%store_ln35 = store i2 %trunc_ln35_10, i2 %p_0_12_0_0_0743_i" [firmware/nnet_utils/nnet_dense_stream.h:35->firmware/nnet_utils/nnet_dense_stream.h:93]   --->   Operation 794 'store' 'store_ln35' <Predicate = (i_in_1 == 31) | (i_in_1 == 30) | (i_in_1 == 29) | (i_in_1 == 28) | (i_in_1 == 27) | (i_in_1 == 26) | (i_in_1 == 25) | (i_in_1 == 24)> <Delay = 0.00>
ST_2 : Operation 795 [1/1] (0.00ns)   --->   "%store_ln35 = store i2 %data, i2 %p_0_11_0_0_0741_i" [firmware/nnet_utils/nnet_dense_stream.h:35->firmware/nnet_utils/nnet_dense_stream.h:93]   --->   Operation 795 'store' 'store_ln35' <Predicate = (i_in_1 == 31) | (i_in_1 == 30) | (i_in_1 == 29) | (i_in_1 == 28) | (i_in_1 == 27) | (i_in_1 == 26) | (i_in_1 == 25) | (i_in_1 == 24)> <Delay = 0.00>
ST_2 : Operation 796 [1/1] (0.00ns)   --->   "%store_ln35 = store i2 %trunc_ln35_s, i2 %p_0_10_0_0_0739_i" [firmware/nnet_utils/nnet_dense_stream.h:35->firmware/nnet_utils/nnet_dense_stream.h:93]   --->   Operation 796 'store' 'store_ln35' <Predicate = (i_in_1 == 31) | (i_in_1 == 30) | (i_in_1 == 29) | (i_in_1 == 28) | (i_in_1 == 27) | (i_in_1 == 26) | (i_in_1 == 25) | (i_in_1 == 24)> <Delay = 0.00>
ST_2 : Operation 797 [1/1] (0.00ns)   --->   "%store_ln35 = store i2 %trunc_ln35_9, i2 %p_0_9_0_0_0737_i" [firmware/nnet_utils/nnet_dense_stream.h:35->firmware/nnet_utils/nnet_dense_stream.h:93]   --->   Operation 797 'store' 'store_ln35' <Predicate = (i_in_1 == 31) | (i_in_1 == 30) | (i_in_1 == 29) | (i_in_1 == 28) | (i_in_1 == 27) | (i_in_1 == 26) | (i_in_1 == 25) | (i_in_1 == 24)> <Delay = 0.00>
ST_2 : Operation 798 [1/1] (0.00ns)   --->   "%store_ln35 = store i2 %trunc_ln35_8, i2 %p_0_8_0_0_0735_i" [firmware/nnet_utils/nnet_dense_stream.h:35->firmware/nnet_utils/nnet_dense_stream.h:93]   --->   Operation 798 'store' 'store_ln35' <Predicate = (i_in_1 == 31) | (i_in_1 == 30) | (i_in_1 == 29) | (i_in_1 == 28) | (i_in_1 == 27) | (i_in_1 == 26) | (i_in_1 == 25) | (i_in_1 == 24)> <Delay = 0.00>
ST_2 : Operation 799 [1/1] (0.00ns)   --->   "%store_ln35 = store i2 %trunc_ln35_7, i2 %p_0_7_0_0_0733_i" [firmware/nnet_utils/nnet_dense_stream.h:35->firmware/nnet_utils/nnet_dense_stream.h:93]   --->   Operation 799 'store' 'store_ln35' <Predicate = (i_in_1 == 31) | (i_in_1 == 30) | (i_in_1 == 29) | (i_in_1 == 28) | (i_in_1 == 27) | (i_in_1 == 26) | (i_in_1 == 25) | (i_in_1 == 24)> <Delay = 0.00>
ST_2 : Operation 800 [1/1] (0.00ns)   --->   "%store_ln35 = store i2 %trunc_ln35_6, i2 %p_0_6_0_0_0731_i" [firmware/nnet_utils/nnet_dense_stream.h:35->firmware/nnet_utils/nnet_dense_stream.h:93]   --->   Operation 800 'store' 'store_ln35' <Predicate = (i_in_1 == 31) | (i_in_1 == 30) | (i_in_1 == 29) | (i_in_1 == 28) | (i_in_1 == 27) | (i_in_1 == 26) | (i_in_1 == 25) | (i_in_1 == 24)> <Delay = 0.00>
ST_2 : Operation 801 [1/1] (0.00ns)   --->   "%store_ln35 = store i2 %trunc_ln35_5, i2 %p_0_5_0_0_0729_i" [firmware/nnet_utils/nnet_dense_stream.h:35->firmware/nnet_utils/nnet_dense_stream.h:93]   --->   Operation 801 'store' 'store_ln35' <Predicate = (i_in_1 == 31) | (i_in_1 == 30) | (i_in_1 == 29) | (i_in_1 == 28) | (i_in_1 == 27) | (i_in_1 == 26) | (i_in_1 == 25) | (i_in_1 == 24)> <Delay = 0.00>
ST_2 : Operation 802 [1/1] (0.00ns)   --->   "%store_ln35 = store i2 %trunc_ln35_4, i2 %p_0_4_0_0_0727_i" [firmware/nnet_utils/nnet_dense_stream.h:35->firmware/nnet_utils/nnet_dense_stream.h:93]   --->   Operation 802 'store' 'store_ln35' <Predicate = (i_in_1 == 31) | (i_in_1 == 30) | (i_in_1 == 29) | (i_in_1 == 28) | (i_in_1 == 27) | (i_in_1 == 26) | (i_in_1 == 25) | (i_in_1 == 24)> <Delay = 0.00>
ST_2 : Operation 803 [1/1] (0.00ns)   --->   "%store_ln35 = store i2 %trunc_ln35_3, i2 %p_0_3_0_0_0725_i" [firmware/nnet_utils/nnet_dense_stream.h:35->firmware/nnet_utils/nnet_dense_stream.h:93]   --->   Operation 803 'store' 'store_ln35' <Predicate = (i_in_1 == 31) | (i_in_1 == 30) | (i_in_1 == 29) | (i_in_1 == 28) | (i_in_1 == 27) | (i_in_1 == 26) | (i_in_1 == 25) | (i_in_1 == 24)> <Delay = 0.00>
ST_2 : Operation 804 [1/1] (0.00ns)   --->   "%store_ln35 = store i2 %trunc_ln35_2, i2 %p_0_2_0_0_0723_i" [firmware/nnet_utils/nnet_dense_stream.h:35->firmware/nnet_utils/nnet_dense_stream.h:93]   --->   Operation 804 'store' 'store_ln35' <Predicate = (i_in_1 == 31) | (i_in_1 == 30) | (i_in_1 == 29) | (i_in_1 == 28) | (i_in_1 == 27) | (i_in_1 == 26) | (i_in_1 == 25) | (i_in_1 == 24)> <Delay = 0.00>
ST_2 : Operation 805 [1/1] (0.00ns)   --->   "%store_ln35 = store i2 %trunc_ln35_1, i2 %p_0_1_0_0_0721_i" [firmware/nnet_utils/nnet_dense_stream.h:35->firmware/nnet_utils/nnet_dense_stream.h:93]   --->   Operation 805 'store' 'store_ln35' <Predicate = (i_in_1 == 31) | (i_in_1 == 30) | (i_in_1 == 29) | (i_in_1 == 28) | (i_in_1 == 27) | (i_in_1 == 26) | (i_in_1 == 25) | (i_in_1 == 24)> <Delay = 0.00>
ST_2 : Operation 806 [1/1] (0.00ns)   --->   "%store_ln35 = store i2 %trunc_ln35, i2 %p_0_0_0_0_0719_i" [firmware/nnet_utils/nnet_dense_stream.h:35->firmware/nnet_utils/nnet_dense_stream.h:93]   --->   Operation 806 'store' 'store_ln35' <Predicate = (i_in_1 == 31) | (i_in_1 == 30) | (i_in_1 == 29) | (i_in_1 == 28) | (i_in_1 == 27) | (i_in_1 == 26) | (i_in_1 == 25) | (i_in_1 == 24)> <Delay = 0.00>
ST_2 : Operation 807 [1/1] (0.00ns)   --->   "%br_ln39 = br void %arrayidx.i3.15.exit.i" [firmware/nnet_utils/nnet_dense_stream.h:39->firmware/nnet_utils/nnet_dense_stream.h:93]   --->   Operation 807 'br' 'br_ln39' <Predicate = (i_in_1 == 31) | (i_in_1 == 30) | (i_in_1 == 29) | (i_in_1 == 28) | (i_in_1 == 27) | (i_in_1 == 26) | (i_in_1 == 25) | (i_in_1 == 24)> <Delay = 0.00>


============================================================
+ Verbose Summary: Timing violations
============================================================
Target clock period: 5.000ns, clock uncertainty: 0.625ns.

 <State 1>: 1.643ns
The critical path consists of the following:
	'store' operation ('store_ln33', firmware/nnet_utils/nnet_dense_stream.h:33->firmware/nnet_utils/nnet_dense_stream.h:93) of constant 0 5 bit on local variable 'i_in', firmware/nnet_utils/nnet_dense_stream.h:33->firmware/nnet_utils/nnet_dense_stream.h:93 [752]  (0.427 ns)
	'load' operation 5 bit ('i_in', firmware/nnet_utils/nnet_dense_stream.h:33->firmware/nnet_utils/nnet_dense_stream.h:93) on local variable 'i_in', firmware/nnet_utils/nnet_dense_stream.h:33->firmware/nnet_utils/nnet_dense_stream.h:93 [755]  (0.000 ns)
	'icmp' operation 1 bit ('icmp_ln33', firmware/nnet_utils/nnet_dense_stream.h:33->firmware/nnet_utils/nnet_dense_stream.h:93) [756]  (0.789 ns)
	'store' operation ('store_ln33', firmware/nnet_utils/nnet_dense_stream.h:33->firmware/nnet_utils/nnet_dense_stream.h:93) of variable 'add_ln33', firmware/nnet_utils/nnet_dense_stream.h:33->firmware/nnet_utils/nnet_dense_stream.h:93 5 bit on local variable 'i_in', firmware/nnet_utils/nnet_dense_stream.h:33->firmware/nnet_utils/nnet_dense_stream.h:93 [1205]  (0.427 ns)

 <State 2>: 1.815ns
The critical path consists of the following:
	fifo read operation ('layer9_out_read', firmware/nnet_utils/nnet_dense_stream.h:35->firmware/nnet_utils/nnet_dense_stream.h:93) on port 'layer9_out' (firmware/nnet_utils/nnet_dense_stream.h:35->firmware/nnet_utils/nnet_dense_stream.h:93) [763]  (1.815 ns)
	'store' operation ('store_ln35', firmware/nnet_utils/nnet_dense_stream.h:35->firmware/nnet_utils/nnet_dense_stream.h:93) of variable 'trunc_ln35_12', firmware/nnet_utils/nnet_dense_stream.h:35->firmware/nnet_utils/nnet_dense_stream.h:93 2 bit on local variable 'p_0_15_0_0_059_i' [798]  (0.000 ns)


============================================================
+ Verbose Summary: Binding
============================================================
N/A
* FSMD analyzer results:
  - Output states:
 - Input state : 
  - Chain level:
	State 1
	State 2


============================================================
+ Verbose Summary: Datapath Resource usage 
============================================================
N/A
